x,reference_density,fno_operator_density,hllc_piecewise_constant_density,hllc_fixed_mc_subcell_density,physics_gated_dkan_fv_sod_neighbourhood_density,sensor_gated_dkan_fv_engineering_tv_trust_0.02_density,hllc_muscl_fine_density,reference_velocity,fno_operator_velocity,hllc_piecewise_constant_velocity,hllc_fixed_mc_subcell_velocity,physics_gated_dkan_fv_sod_neighbourhood_velocity,sensor_gated_dkan_fv_engineering_tv_trust_0.02_velocity,hllc_muscl_fine_velocity,reference_pressure,fno_operator_pressure,hllc_piecewise_constant_pressure,hllc_fixed_mc_subcell_pressure,physics_gated_dkan_fv_sod_neighbourhood_pressure,sensor_gated_dkan_fv_engineering_tv_trust_0.02_pressure,hllc_muscl_fine_pressure
0.0009765625,1.4,0.6607964038848877,1.4,1.4,1.4,1.4,1.4,0.35,0.5857646465301514,0.3499999999999999,0.3499999999999999,0.3499999999999999,0.3499999999999999,0.3499999999999999,1.0,1.44354248046875,1.0,1.0,1.0,1.0,1.0
0.0029296875,1.4,0.6578543186187744,1.4,1.4,1.4,1.4,1.4,0.35,0.5932176113128662,0.3499999999999999,0.3499999999999999,0.3499999999999999,0.3499999999999999,0.3499999999999999,1.0,1.4355032444000244,1.0,1.0,1.0,1.0,1.0
0.0048828125,1.4,0.6537018418312073,1.4,1.4,1.4,1.4,1.4,0.35,0.6013749837875366,0.3499999999999999,0.3499999999999999,0.3499999999999999,0.3499999999999999,0.3499999999999999,1.0,1.4264519214630127,1.0,1.0,1.0,1.0,1.0
0.0068359375,1.4,0.6487331390380859,1.4,1.4,1.4,1.4,1.4,0.35,0.6097805500030518,0.3499999999999999,0.3499999999999999,0.3499999999999999,0.3499999999999999,0.3499999999999999,1.0,1.416611671447754,1.0,1.0,1.0,1.0,1.0
0.0087890625,1.4,0.6433938145637512,1.4,1.4,1.4,1.4,1.4,0.35,0.6180031299591064,0.3499999999999999,0.3499999999999999,0.3499999999999999,0.3499999999999999,0.3499999999999999,1.0,1.4062355756759644,1.0,1.0,1.0,1.0,1.0
0.0107421875,1.4,0.6424869894981384,1.4,1.4,1.4,1.4,1.4,0.35,0.6256571412086487,0.3499999999999999,0.3499999999999999,0.3499999999999999,0.3499999999999999,0.3499999999999999,1.0,1.395603895187378,1.0,1.0,1.0,1.0,1.0
0.0126953125,1.4,0.6458667516708374,1.4,1.4,1.4,1.4,1.4,0.35,0.6324211359024048,0.3499999999999999,0.3499999999999999,0.3499999999999999,0.3499999999999999,0.3499999999999999,1.0,1.3850109577178955,1.0,1.0,1.0,1.0,1.0
0.0146484375,1.4,0.6489903926849365,1.4,1.4,1.4,1.4,1.4,0.35,0.6380513906478882,0.3499999999999999,0.3499999999999999,0.3499999999999999,0.3499999999999999,0.3499999999999999,1.0,1.3747515678405762,1.0,1.0,1.0,1.0,1.0
0.0166015625,1.4,0.6518134474754333,1.4,1.4,1.4,1.4,1.4,0.35,0.6423912048339844,0.3499999999999999,0.3499999999999999,0.3499999999999999,0.3499999999999999,0.3499999999999999,1.0,1.365103006362915,1.0,1.0,1.0,1.0,1.0
0.0185546875,1.4,0.6542654633522034,1.4,1.4,1.4,1.4,1.4,0.35,0.6453753709793091,0.3499999999999999,0.3499999999999999,0.3499999999999999,0.3499999999999999,0.3499999999999999,1.0,1.3563077449798584,1.0,1.0,1.0,1.0,1.0
0.0205078125,1.4,0.6562485694885254,1.4,1.4,1.4,1.4,1.4,0.35,0.6470293998718262,0.3499999999999999,0.3499999999999999,0.3499999999999999,0.3499999999999999,0.3499999999999999,1.0,1.3485575914382935,1.0,1.0,1.0,1.0,1.0
0.0224609375,1.4,0.65764319896698,1.4,1.4,1.4,1.4,1.4,0.35,0.6474632024765015,0.3499999999999999,0.3499999999999999,0.3499999999999999,0.3499999999999999,0.3499999999999999,1.0,1.3419840335845947,1.0,1.0,1.0,1.0,1.0
0.0244140625,1.4,0.6583203077316284,1.4,1.4,1.4,1.4,1.4,0.35,0.646859884262085,0.3499999999999999,0.3499999999999999,0.3499999999999999,0.3499999999999999,0.3499999999999999,1.0,1.3366526365280151,1.0,1.0,1.0,1.0,1.0
0.0263671875,1.4,0.6581599712371826,1.4,1.4,1.4,1.4,1.4,0.35,0.6454606056213379,0.3499999999999999,0.3499999999999999,0.3499999999999999,0.3499999999999999,0.3499999999999999,1.0,1.3325679302215576,1.0,1.0,1.0,1.0,1.0
0.0283203125,1.4,0.6570737957954407,1.4,1.4,1.4,1.4,1.4,0.35,0.6435458660125732,0.3499999999999999,0.3499999999999999,0.3499999999999999,0.3499999999999999,0.3499999999999999,1.0,1.3296822309494019,1.0,1.0,1.0,1.0,1.0
0.0302734375,1.4,0.6550266146659851,1.4,1.4,1.4,1.4,1.4,0.35,0.6414139270782471,0.3499999999999999,0.3499999999999999,0.3499999999999999,0.3499999999999999,0.3499999999999999,1.0,1.3279069662094116,1.0,1.0,1.0,1.0,1.0
0.0322265625,1.4,0.6592573523521423,1.4,1.4,1.4,1.4,1.4,0.35,0.6393592357635498,0.3499999999999999,0.3499999999999999,0.3499999999999999,0.3499999999999999,0.3499999999999999,1.0,1.327129602432251,1.0,1.0,1.0,1.0,1.0
0.0341796875,1.4,0.6688828468322754,1.4,1.4,1.4,1.4,1.4,0.35,0.6376527547836304,0.3499999999999999,0.3499999999999999,0.3499999999999999,0.3499999999999999,0.3499999999999999,1.0,1.327222466468811,1.0,1.0,1.0,1.0,1.0
0.0361328125,1.4,0.6790729761123657,1.4,1.4,1.4,1.4,1.4,0.35,0.6365224123001099,0.3499999999999999,0.3499999999999999,0.3499999999999999,0.3499999999999999,0.3499999999999999,1.0,1.3280532360076904,1.0,1.0,1.0,1.0,1.0
0.0380859375,1.4,0.6895332336425781,1.4,1.4,1.4,1.4,1.4,0.35,0.636137843132019,0.3499999999999999,0.3499999999999999,0.3499999999999999,0.3499999999999999,0.3499999999999999,1.0,1.3294856548309326,1.0,1.0,1.0,1.0,1.0
0.0400390625,1.4,0.6999492645263672,1.4,1.4,1.4,1.4,1.4,0.35,0.6346221566200256,0.3499999999999999,0.3499999999999999,0.3499999999999999,0.3499999999999999,0.3499999999999999,1.0,1.3313771486282349,1.0,1.0,1.0,1.0,1.0
0.0419921875,1.4,0.7100001573562622,1.4,1.4,1.4,1.4,1.4,0.35,0.6315871477127075,0.3499999999999999,0.3499999999999999,0.3499999999999999,0.3499999999999999,0.3499999999999999,1.0,1.3335758447647095,1.0,1.0,1.0,1.0,1.0
0.0439453125,1.4,0.7193694114685059,1.4,1.4,1.4,1.4,1.4,0.35,0.6294703483581543,0.3499999999999999,0.3499999999999999,0.3499999999999999,0.3499999999999999,0.3499999999999999,1.0,1.335914134979248,1.0,1.0,1.0,1.0,1.0
0.0458984375,1.4,0.7277612090110779,1.4,1.4,1.4,1.4,1.4,0.35,0.6282827258110046,0.3499999999999999,0.3499999999999999,0.3499999999999999,0.3499999999999999,0.3499999999999999,1.0,1.3382086753845215,1.0,1.0,1.0,1.0,1.0
0.0478515625,1.4,0.7349148392677307,1.4,1.4,1.4,1.4,1.4,0.35,0.6331550478935242,0.3499999999999999,0.3499999999999999,0.3499999999999999,0.3499999999999999,0.3499999999999999,1.0,1.3402628898620605,1.0,1.0,1.0,1.0,1.0
0.0498046875,1.4,0.7406172752380371,1.4,1.4,1.4,1.4,1.4,0.35,0.6394647359848022,0.3499999999999999,0.3499999999999999,0.3499999999999999,0.3499999999999999,0.3499999999999999,1.0,1.341876745223999,1.0,1.0,1.0,1.0,1.0
0.0517578125,1.4,0.7447144985198975,1.4,1.4,1.4,1.4,1.4,0.35,0.6455890536308289,0.3499999999999999,0.3499999999999999,0.3499999999999999,0.3499999999999999,0.3499999999999999,1.0,1.3428614139556885,1.0,1.0,1.0,1.0,1.0
0.0537109375,1.4,0.7471181154251099,1.4,1.4,1.4,1.4,1.4,0.35,0.6513589024543762,0.3499999999999999,0.3499999999999999,0.3499999999999999,0.3499999999999999,0.3499999999999999,1.0,1.3430538177490234,1.0,1.0,1.0,1.0,1.0
0.0556640625,1.4,0.7478076219558716,1.4,1.4,1.4,1.4,1.4,0.35,0.6566439867019653,0.3499999999999999,0.3499999999999999,0.3499999999999999,0.3499999999999999,0.3499999999999999,1.0,1.3423364162445068,1.0,1.0,1.0,1.0,1.0
0.0576171875,1.4,0.7468316555023193,1.4,1.4,1.4,1.4,1.4,0.35,0.6613548994064331,0.3499999999999999,0.3499999999999999,0.3499999999999999,0.3499999999999999,0.3499999999999999,1.0,1.340646743774414,1.0,1.0,1.0,1.0,1.0
0.0595703125,1.4,0.7443035244941711,1.4,1.4,1.4,1.4,1.4,0.35,0.66309654712677,0.3499999999999999,0.3499999999999999,0.3499999999999999,0.3499999999999999,0.3499999999999999,1.0,1.3379873037338257,1.0,1.0,1.0,1.0,1.0
0.0615234375,1.4,0.7403969168663025,1.4,1.4,1.4,1.4,1.4,0.35,0.6634770631790161,0.3499999999999999,0.3499999999999999,0.3499999999999999,0.3499999999999999,0.3499999999999999,1.0,1.334428310394287,1.0,1.0,1.0,1.0,1.0
0.0634765625,1.4,0.7353363633155823,1.4,1.4,1.4,1.4,1.4,0.35,0.662962794303894,0.3499999999999999,0.3499999999999999,0.3499999999999999,0.3499999999999999,0.3499999999999999,1.0,1.330100417137146,1.0,1.0,1.0,1.0,1.0
0.0654296875,1.4,0.7293886542320251,1.4,1.4,1.4,1.4,1.4,0.35,0.6616439819335938,0.3499999999999999,0.3499999999999999,0.3499999999999999,0.3499999999999999,0.3499999999999999,1.0,1.325186014175415,1.0,1.0,1.0,1.0,1.0
0.0673828125,1.4,0.7228503823280334,1.4,1.4,1.4,1.4,1.4,0.35,0.6596763134002686,0.3499999999999999,0.3499999999999999,0.3499999999999999,0.3499999999999999,0.3499999999999999,1.0,1.3199036121368408,1.0,1.0,1.0,1.0,1.0
0.0693359375,1.4,0.7160352468490601,1.4,1.4,1.4,1.4,1.4,0.35,0.6572674512863159,0.3499999999999999,0.3499999999999999,0.3499999999999999,0.3499999999999999,0.3499999999999999,1.0,1.3144906759262085,1.0,1.0,1.0,1.0,1.0
0.0712890625,1.4,0.7092613577842712,1.4,1.4,1.4,1.4,1.4,0.35,0.6546568870544434,0.3499999999999999,0.3499999999999999,0.3499999999999999,0.3499999999999999,0.3499999999999999,1.0,1.3091871738433838,1.0,1.0,1.0,1.0,1.0
0.0732421875,1.4,0.7028364539146423,1.4,1.4,1.4,1.4,1.4,0.35,0.6520974636077881,0.3499999999999999,0.3499999999999999,0.3499999999999999,0.3499999999999999,0.3499999999999999,1.0,1.304220199584961,1.0,1.0,1.0,1.0,1.0
0.0751953125,1.4,0.6970476508140564,1.4,1.4,1.4,1.4,1.4,0.35,0.6498377323150635,0.3499999999999999,0.3499999999999999,0.3499999999999999,0.3499999999999999,0.3499999999999999,1.0,1.2997907400131226,1.0,1.0,1.0,1.0,1.0
0.0771484375,1.4,0.6921464800834656,1.4,1.4,1.4,1.4,1.4,0.35,0.6481059789657593,0.3499999999999999,0.3499999999999999,0.3499999999999999,0.3499999999999999,0.3499999999999999,1.0,1.296065092086792,1.0,1.0,1.0,1.0,1.0
0.0791015625,1.4,0.6883410811424255,1.4,1.4,1.4,1.4,1.4,0.35,0.6470984220504761,0.3499999999999999,0.3499999999999999,0.3499999999999999,0.3499999999999999,0.3499999999999999,1.0,1.293169379234314,1.0,1.0,1.0,1.0,1.0
0.0810546875,1.4,0.6857853531837463,1.4,1.4,1.4,1.4,1.4,0.35,0.6469703912734985,0.3499999999999999,0.3499999999999999,0.3499999999999999,0.3499999999999999,0.3499999999999999,1.0,1.291185975074768,1.0,1.0,1.0,1.0,1.0
0.0830078125,1.4,0.684573769569397,1.4,1.4,1.4,1.4,1.4,0.35,0.6478303670883179,0.3499999999999999,0.3499999999999999,0.3499999999999999,0.3499999999999999,0.3499999999999999,1.0,1.2923369407653809,1.0,1.0,1.0,1.0,1.0
0.0849609375,1.4,0.6847386360168457,1.4,1.4,1.4,1.4,1.4,0.35,0.6497354507446289,0.3499999999999999,0.3499999999999999,0.3499999999999999,0.3499999999999999,0.3499999999999999,1.0,1.2953890562057495,1.0,1.0,1.0,1.0,1.0
0.0869140625,1.4,0.6862494945526123,1.4,1.4,1.4,1.4,1.4,0.35,0.6526899933815002,0.3499999999999999,0.3499999999999999,0.3499999999999999,0.3499999999999999,0.3499999999999999,1.0,1.2994194030761719,1.0,1.0,1.0,1.0,1.0
0.0888671875,1.4,0.6890185475349426,1.4,1.4,1.4,1.4,1.4,0.35,0.6566431522369385,0.3499999999999999,0.3499999999999999,0.3499999999999999,0.3499999999999999,0.3499999999999999,1.0,1.3041236400604248,1.0,1.0,1.0,1.0,1.0
0.0908203125,1.4,0.6929053664207458,1.4,1.4,1.4,1.4,1.4,0.35,0.6614922285079956,0.3499999999999999,0.3499999999999999,0.3499999999999999,0.3499999999999999,0.3499999999999999,1.0,1.3091461658477783,1.0,1.0,1.0,1.0,1.0
0.0927734375,1.4,0.6977245807647705,1.4,1.4,1.4,1.4,1.4,0.35,0.6670835614204407,0.3499999999999999,0.3499999999999999,0.3499999999999999,0.3499999999999999,0.3499999999999999,1.0,1.3141103982925415,1.0,1.0,1.0,1.0,1.0
0.0947265625,1.4,0.7032530307769775,1.4,1.4,1.4,1.4,1.4,0.35,0.673220157623291,0.3499999999999999,0.3499999999999999,0.3499999999999999,0.3499999999999999,0.3499999999999999,1.0,1.3186492919921875,1.0,1.0,1.0,1.0,1.0
0.0966796875,1.4,0.709233820438385,1.4,1.4,1.4,1.4,1.4,0.35,0.6796694993972778,0.3499999999999999,0.3499999999999999,0.3499999999999999,0.3499999999999999,0.3499999999999999,1.0,1.3224353790283203,1.0,1.0,1.0,1.0,1.0
0.0986328125,1.4,0.7153826355934143,1.4,1.4,1.4,1.4,1.4,0.35,0.6861733198165894,0.3499999999999999,0.3499999999999999,0.3499999999999999,0.3499999999999999,0.3499999999999999,1.0,1.3252086639404297,1.0,1.0,1.0,1.0,1.0
0.1005859375,1.4,0.7213889360427856,1.4,1.4,1.4,1.4,1.4,0.35,0.6924616098403931,0.3499999999999999,0.3499999999999999,0.3499999999999999,0.3499999999999999,0.3499999999999999,1.0,1.3267905712127686,1.0,1.0,1.0,1.0,1.0
0.1025390625,1.4,0.7269226908683777,1.4,1.4,1.4,1.4,1.4,0.35,0.6982674598693848,0.3499999999999999,0.3499999999999999,0.3499999999999999,0.3499999999999999,0.3499999999999999,1.0,1.327094316482544,1.0,1.0,1.0,1.0,1.0
0.1044921875,1.4,0.7316428422927856,1.4,1.4,1.4,1.4,1.4,0.35,0.7033430337905884,0.3499999999999999,0.3499999999999999,0.3499999999999999,0.3499999999999999,0.3499999999999999,1.0,1.3261210918426514,1.0,1.0,1.0,1.0,1.0
0.1064453125,1.4,0.7352137565612793,1.4,1.4,1.4,1.4,1.4,0.35,0.7074757814407349,0.3499999999999999,0.3499999999999999,0.3499999999999999,0.3499999999999999,0.3499999999999999,1.0,1.32395601272583,1.0,1.0,1.0,1.0,1.0
0.1083984375,1.4,0.737326979637146,1.4,1.4,1.4,1.4,1.4,0.35,0.7105035781860352,0.3499999999999999,0.3499999999999999,0.3499999999999999,0.3499999999999999,0.3499999999999999,1.0,1.3207553625106812,1.0,1.0,1.0,1.0,1.0
0.1103515625,1.4,0.7377283573150635,1.4,1.4,1.4,1.4,1.4,0.35,0.7123266458511353,0.3499999999999999,0.3499999999999999,0.3499999999999999,0.3499999999999999,0.3499999999999999,1.0,1.3167319297790527,1.0,1.0,1.0,1.0,1.0
0.1123046875,1.4,0.7362487316131592,1.4,1.4,1.4,1.4,1.4,0.35,0.7129161357879639,0.3499999999999999,0.3499999999999999,0.3499999999999999,0.3499999999999999,0.3499999999999999,1.0,1.312145709991455,1.0,1.0,1.0,1.0,1.0
0.1142578125,1.4,0.732828676700592,1.4,1.4,1.4,1.4,1.4,0.35,0.7123150825500488,0.3499999999999999,0.3499999999999999,0.3499999999999999,0.3499999999999999,0.3499999999999999,1.0,1.3072868585586548,1.0,1.0,1.0,1.0,1.0
0.1162109375,1.4,0.7275362014770508,1.4,1.4,1.4,1.4,1.4,0.35,0.7106356620788574,0.3499999999999999,0.3499999999999999,0.3499999999999999,0.3499999999999999,0.3499999999999999,1.0,1.3024646043777466,1.0,1.0,1.0,1.0,1.0
0.1181640625,1.4,0.7205702066421509,1.4,1.4,1.4,1.4,1.4,0.35,0.7080492973327637,0.3499999999999999,0.3499999999999999,0.3499999999999999,0.3499999999999999,0.3499999999999999,1.0,1.2979919910430908,1.0,1.0,1.0,1.0,1.0
0.1201171875,1.4,0.7122499942779541,1.4,1.4,1.4,1.4,1.4,0.35,0.7047710418701172,0.3499999999999999,0.3499999999999999,0.3499999999999999,0.3499999999999999,0.3499999999999999,1.0,1.2941690683364868,1.0,1.0,1.0,1.0,1.0
0.1220703125,1.4,0.7029902338981628,1.4,1.4,1.4,1.4,1.4,0.35,0.7010424137115479,0.3499999999999999,0.3499999999999999,0.3499999999999999,0.3499999999999999,0.3499999999999999,1.0,1.2912687063217163,1.0,1.0,1.0,1.0,1.0
0.1240234375,1.4,0.6932665109634399,1.4,1.4,1.4,1.4,1.4,0.35,0.6971111297607422,0.3499999999999999,0.3499999999999999,0.3499999999999999,0.3499999999999999,0.3499999999999999,1.0,1.2895159721374512,1.0,1.0,1.0,1.0,1.0
0.1259765625,1.4,0.6835777759552002,1.4,1.4,1.4,1.4,1.4,0.35,0.6932128071784973,0.3499999999999999,0.3499999999999999,0.3499999999999999,0.3499999999999999,0.3499999999999999,1.0,1.289074182510376,1.0,1.0,1.0,1.0,1.0
0.1279296875,1.4,0.6744095683097839,1.4,1.4,1.4,1.4,1.4,0.35,0.6895555257797241,0.3499999999999999,0.3499999999999999,0.3499999999999999,0.3499999999999999,0.3499999999999999,1.0,1.2900317907333374,1.0,1.0,1.0,1.0,1.0
0.1298828125,1.4,0.6662055253982544,1.4,1.4,1.4,1.4,1.4,0.35,0.6863081455230713,0.3499999999999999,0.3499999999999999,0.3499999999999999,0.3499999999999999,0.3499999999999999,1.0,1.2923932075500488,1.0,1.0,1.0,1.0,1.0
0.1318359375,1.4,0.6593480110168457,1.4,1.4,1.4,1.4,1.4,0.35,0.6835924386978149,0.3499999999999999,0.3499999999999999,0.3499999999999999,0.3499999999999999,0.3499999999999999,1.0,1.2960765361785889,1.0,1.0,1.0,1.0,1.0
0.1337890625,1.4,0.6541499495506287,1.4,1.4,1.4,1.4,1.4,0.35,0.6814805269241333,0.3499999999999999,0.3499999999999999,0.3499999999999999,0.3499999999999999,0.3499999999999999,1.0,1.3009159564971924,1.0,1.0,1.0,1.0,1.0
0.1357421875,1.4,0.6508546471595764,1.4,1.4,1.4,1.4,1.4,0.35,0.6799973249435425,0.3499999999999999,0.3499999999999999,0.3499999999999999,0.3499999999999999,0.3499999999999999,1.0,1.306672215461731,1.0,1.0,1.0,1.0,1.0
0.1376953125,1.4,0.6496431231498718,1.4,1.4,1.4,1.4,1.4,0.35,0.6791228652000427,0.3499999999999999,0.3499999999999999,0.3499999999999999,0.3499999999999999,0.3499999999999999,1.0,1.313045859336853,1.0,1.0,1.0,1.0,1.0
0.1396484375,1.4,0.6506442427635193,1.4,1.4,1.4,1.4,1.4,0.35,0.6788020133972168,0.3499999999999999,0.3499999999999999,0.3499999999999999,0.3499999999999999,0.3499999999999999,1.0,1.3196974992752075,1.0,1.0,1.0,1.0,1.0
0.1416015625,1.4,0.6539450287818909,1.4,1.4,1.4,1.4,1.4,0.35,0.678951621055603,0.3499999999999999,0.3499999999999999,0.3499999999999999,0.3499999999999999,0.3499999999999999,1.0,1.3262733221054077,1.0,1.0,1.0,1.0,1.0
0.1435546875,1.4,0.6595982313156128,1.4,1.4,1.4,1.4,1.4,0.35,0.6794705390930176,0.3499999999999999,0.3499999999999999,0.3499999999999999,0.3499999999999999,0.3499999999999999,1.0,1.3324283361434937,1.0,1.0,1.0,1.0,1.0
0.1455078125,1.4,0.6676225066184998,1.4,1.4,1.4,1.4,1.4,0.35,0.6802507638931274,0.3499999999999999,0.3499999999999999,0.3499999999999999,0.3499999999999999,0.3499999999999999,1.0,1.3378535509109497,1.0,1.0,1.0,1.0,1.0
0.1474609375,1.4,0.6779987812042236,1.4,1.4,1.4,1.4,1.4,0.35,0.6811871528625488,0.3499999999999999,0.3499999999999999,0.3499999999999999,0.3499999999999999,0.3499999999999999,1.0,1.3422988653182983,1.0,1.0,1.0,1.0,1.0
0.1494140625,1.4,0.6906561851501465,1.4,1.4,1.4,1.4,1.4,0.35,0.6821858286857605,0.3499999999999999,0.3499999999999999,0.3499999999999999,0.3499999999999999,0.3499999999999999,1.0,1.345586895942688,1.0,1.0,1.0,1.0,1.0
0.1513671875,1.4,0.7054558992385864,1.4,1.4,1.4,1.4,1.4,0.35,0.6831725835800171,0.3499999999999999,0.3499999999999999,0.3499999999999999,0.3499999999999999,0.3499999999999999,1.0,1.3476225137710571,1.0,1.0,1.0,1.0,1.0
0.1533203125,1.4,0.722169041633606,1.4,1.4,1.4,1.4,1.4,0.35,0.6840972900390625,0.3499999999999999,0.3499999999999999,0.3499999999999999,0.3499999999999999,0.3499999999999999,1.0,1.3483933210372925,1.0,1.0,1.0,1.0,1.0
0.1552734375,1.4,0.7404609322547913,1.4,1.4,1.4,1.4,1.4,0.35,0.6849367618560791,0.3499999999999999,0.3499999999999999,0.3499999999999999,0.3499999999999999,0.3499999999999999,1.0,1.347961664199829,1.0,1.0,1.0,1.0,1.0
0.1572265625,1.4,0.7598823308944702,1.4,1.4,1.4,1.4,1.4,0.35,0.6856927871704102,0.3499999999999999,0.3499999999999999,0.3499999999999999,0.3499999999999999,0.3499999999999999,1.0,1.3464540243148804,1.0,1.0,1.0,1.0,1.0
0.1591796875,1.4,0.7798731923103333,1.4,1.4,1.4,1.4,1.4,0.35,0.6863892078399658,0.3499999999999999,0.3499999999999999,0.3499999999999999,0.3499999999999999,0.3499999999999999,1.0,1.3440425395965576,1.0,1.0,1.0,1.0,1.0
0.1611328125,1.4,0.7997865080833435,1.4,1.4,1.4,1.4,1.4,0.35,0.6870654225349426,0.3499999999999999,0.3499999999999999,0.3499999999999999,0.3499999999999999,0.3499999999999999,1.0,1.3409303426742554,1.0,1.0,1.0,1.0,1.0
0.1630859375,1.4,0.8189263939857483,1.4,1.4,1.4,1.4,1.4,0.35,0.6877695322036743,0.3499999999999999,0.3499999999999999,0.3499999999999999,0.3499999999999999,0.3499999999999999,1.0,1.3373316526412964,1.0,1.0,1.0,1.0,1.0
0.1650390625,1.4,0.825520932674408,1.4,1.4,1.4,1.4,1.4,0.35,0.6885509490966797,0.3499999999999999,0.3499999999999999,0.3499999999999999,0.3499999999999999,0.3499999999999999,1.0,1.333455204963684,1.0,1.0,1.0,1.0,1.0
0.1669921875,1.4,0.8317281007766724,1.4,1.4,1.4,1.4,1.4,0.35,0.6894546747207642,0.3499999999999999,0.3499999999999999,0.3499999999999999,0.3499999999999999,0.3499999999999999,1.0,1.3294920921325684,1.0,1.0,1.0,1.0,1.0
0.1689453125,1.4,0.8378958106040955,1.4,1.4,1.4,1.4,1.4,0.35,0.690515398979187,0.3499999999999999,0.3499999999999999,0.3499999999999999,0.3499999999999999,0.3499999999999999,1.0,1.3256044387817383,1.0,1.0,1.0,1.0,1.0
0.1708984375,1.4,0.8439032435417175,1.4,1.4,1.4,1.4,1.4,0.35,0.6917538642883301,0.3499999999999999,0.3499999999999999,0.3499999999999999,0.3499999999999999,0.3499999999999999,1.0,1.3219197988510132,1.0,1.0,1.0,1.0,1.0
0.1728515625,1.4,0.8496444225311279,1.4,1.4,1.4,1.4,1.4,0.35,0.693173885345459,0.3499999999999999,0.3499999999999999,0.3499999999999999,0.3499999999999999,0.3499999999999999,1.0,1.3185298442840576,1.0,1.0,1.0,1.0,1.0
0.1748046875,1.4,0.8550319075584412,1.4,1.4,1.4,1.4,1.4,0.35,0.6947606801986694,0.3499999999999999,0.3499999999999999,0.3499999999999999,0.3499999999999999,0.3499999999999999,1.0,1.3154895305633545,1.0,1.0,1.0,1.0,1.0
0.1767578125,1.4,0.8599972128868103,1.4,1.4,1.4,1.4,1.4,0.35,0.6964799165725708,0.3499999999999999,0.3499999999999999,0.3499999999999999,0.3499999999999999,0.3499999999999999,1.0,1.3128225803375244,1.0,1.0,1.0,1.0,1.0
0.1787109375,1.4,0.8644924163818359,1.4,1.4,1.4,1.4,1.4,0.35,0.6982786059379578,0.3499999999999999,0.3499999999999999,0.3499999999999999,0.3499999999999999,0.3499999999999999,1.0,1.3105227947235107,1.0,1.0,1.0,1.0,1.0
0.1806640625,1.4,0.8684880137443542,1.4,1.4,1.4,1.4,1.4,0.35,0.7000879049301147,0.3499999999999999,0.3499999999999999,0.3499999999999999,0.3499999999999999,0.3499999999999999,1.0,1.3085596561431885,1.0,1.0,1.0,1.0,1.0
0.1826171875,1.4,0.8719730377197266,1.4,1.4,1.4,1.4,1.4,0.35,0.701827883720398,0.3499999999999999,0.3499999999999999,0.3499999999999999,0.3499999999999999,0.3499999999999999,1.0,1.3068829774856567,1.0,1.0,1.0,1.0,1.0
0.1845703125,1.4,0.8691436648368835,1.4,1.4,1.4,1.4,1.4,0.35,0.703413188457489,0.3499999999999999,0.3499999999999999,0.3499999999999999,0.3499999999999999,0.3499999999999999,1.0,1.3054271936416626,1.0,1.0,1.0,1.0,1.0
0.1865234375,1.4,0.8625971078872681,1.4,1.4,1.4,1.4,1.4,0.35,0.7047608494758606,0.3499999999999999,0.3499999999999999,0.3499999999999999,0.3499999999999999,0.3499999999999999,1.0,1.3041177988052368,1.0,1.0,1.0,1.0,1.0
0.1884765625,1.4,0.85633385181427,1.4,1.4,1.4,1.4,1.4,0.35,0.7057973146438599,0.3499999999999999,0.3499999999999999,0.3499999999999999,0.3499999999999999,0.3499999999999999,1.0,1.3028805255889893,1.0,1.0,1.0,1.0,1.0
0.1904296875,1.4,0.850868821144104,1.4,1.4,1.4,1.4,1.4,0.35,0.7064659595489502,0.3499999999999999,0.3499999999999999,0.3499999999999999,0.3499999999999999,0.3499999999999999,1.0,1.3016496896743774,1.0,1.0,1.0,1.0,1.0
0.1923828125,1.4,0.8466396927833557,1.4,1.4,1.4,1.4,1.4,0.35,0.7067331075668335,0.3499999999999999,0.3499999999999999,0.3499999999999999,0.3499999999999999,0.3499999999999999,1.0,1.3003778457641602,1.0,1.0,1.0,1.0,1.0
0.1943359375,1.4,0.8439962863922119,1.4,1.4,1.4,1.4,1.4,0.35,0.7065931558609009,0.3499999999999999,0.3499999999999999,0.3499999999999999,0.3499999999999999,0.3499999999999999,1.0,1.29904305934906,1.0,1.0,1.0,1.0,1.0
0.1962890625,1.4,0.8431955575942993,1.4,1.4,1.4,1.4,1.4,0.35,0.7060719728469849,0.3499999999999999,0.3499999999999999,0.3499999999999999,0.3499999999999999,0.3499999999999999,1.0,1.2976564168930054,1.0,1.0,1.0,1.0,1.0
0.1982421875,1.4,0.8443946242332458,1.4,1.4,1.4,1.4,1.4,0.35,0.7052278518676758,0.3499999999999999,0.3499999999999999,0.3499999999999999,0.3499999999999999,0.3499999999999999,1.0,1.2962610721588135,1.0,1.0,1.0,1.0,1.0
0.2001953125,1.4,0.8476516604423523,1.4,1.4,1.4,1.4,1.4,0.35,0.704151451587677,0.3499999999999999,0.3499999999999999,0.3499999999999999,0.3499999999999999,0.3499999999999999,1.0,1.2949289083480835,1.0,1.0,1.0,1.0,1.0
0.2021484375,1.4,0.8529216647148132,1.4,1.4,1.4,1.4,1.4,0.35,0.7059725522994995,0.3499999999999999,0.3499999999999999,0.3499999999999999,0.3499999999999999,0.3499999999999999,1.0,1.293753981590271,1.0,1.0,1.0,1.0,1.0
0.2041015625,1.4,0.8600583076477051,1.4,1.4,1.4,1.4,1.4,0.35,0.7074456214904785,0.3499999999999999,0.3499999999999999,0.3499999999999999,0.3499999999999999,0.3499999999999999,1.0,1.2928404808044434,1.0,1.0,1.0,1.0,1.0
0.2060546875,1.4,0.8688164949417114,1.4,1.4,1.4,1.4,1.4,0.35,0.707999587059021,0.3499999999999999,0.3499999999999999,0.3499999999999999,0.3499999999999999,0.3499999999999999,1.0,1.2922875881195068,1.0,1.0,1.0,1.0,1.0
0.2080078125,1.4,0.8788595795631409,1.4,1.4,1.4,1.4,1.4,0.35,0.7078019380569458,0.3499999999999999,0.3499999999999999,0.3499999999999999,0.3499999999999999,0.3499999999999999,1.0,1.2921769618988037,1.0,1.0,1.0,1.0,1.0
0.2099609375,1.4,0.8886956572532654,1.4,1.4,1.4,1.4,1.4,0.35,0.707062840461731,0.3499999999999999,0.3499999999999999,0.3499999999999999,0.3499999999999999,0.3499999999999999,1.0,1.292557716369629,1.0,1.0,1.0,1.0,1.0
0.2119140625,1.4,0.8892900943756104,1.4,1.4,1.4,1.4,1.4,0.35,0.7060196399688721,0.3499999999999999,0.3499999999999999,0.3499999999999999,0.3499999999999999,0.3499999999999999,1.0,1.2934337854385376,1.0,1.0,1.0,1.0,1.0
0.2138671875,1.4,0.889833390712738,1.4,1.4,1.4,1.4,1.4,0.35,0.704922080039978,0.3499999999999999,0.3499999999999999,0.3499999999999999,0.3499999999999999,0.3499999999999999,1.0,1.2947614192962646,1.0,1.0,1.0,1.0,1.0
0.2158203125,1.4,0.8902900218963623,1.4,1.4,1.4,1.4,1.4,0.35,0.7041233777999878,0.3499999999999999,0.3499999999999999,0.3499999999999999,0.3499999999999999,0.3499999999999999,1.0,1.2964431047439575,1.0,1.0,1.0,1.0,1.0
0.2177734375,1.4,0.8906254172325134,1.4,1.4,1.4,1.4,1.4,0.35,0.7071234583854675,0.3499999999999999,0.3499999999999999,0.3499999999999999,0.3499999999999999,0.3499999999999999,1.0,1.2983366250991821,1.0,1.0,1.0,1.0,1.0
0.2197265625,1.4,0.890808641910553,1.4,1.4,1.4,1.4,1.4,0.35,0.7109560370445251,0.3499999999999999,0.3499999999999999,0.3499999999999999,0.3499999999999999,0.3499999999999999,1.0,1.300262212753296,1.0,1.0,1.0,1.0,1.0
0.2216796875,1.4,0.8908175826072693,1.4,1.4,1.4,1.4,1.4,0.35,0.7155495882034302,0.3499999999999999,0.3499999999999999,0.3499999999999999,0.3499999999999999,0.3499999999999999,1.0,1.302018642425537,1.0,1.0,1.0,1.0,1.0
0.2236328125,1.4,0.890640377998352,1.4,1.4,1.4,1.4,1.4,0.35,0.7207892537117004,0.3499999999999999,0.3499999999999999,0.3499999999999999,0.3499999999999999,0.3499999999999999,1.0,1.3034002780914307,1.0,1.0,1.0,1.0,1.0
0.2255859375,1.4,0.8902768492698669,1.4,1.4,1.4,1.4,1.4,0.35,0.7265260219573975,0.3499999999999999,0.3499999999999999,0.3499999999999999,0.3499999999999999,0.3499999999999999,1.0,1.304214596748352,1.0,1.0,1.0,1.0,1.0
0.2275390625,1.4,0.8897392749786377,1.4,1.4,1.4,1.4,1.4,0.35,0.7325875163078308,0.3499999999999999,0.3499999999999999,0.3499999999999999,0.3499999999999999,0.3499999999999999,1.0,1.3042972087860107,1.0,1.0,1.0,1.0,1.0
0.2294921875,1.4,0.8890513181686401,1.4,1.4,1.4,1.4,1.4,0.35,0.7387895584106445,0.3499999999999999,0.3499999999999999,0.3499999999999999,0.3499999999999999,0.3499999999999999,1.0,1.3035236597061157,1.0,1.0,1.0,1.0,1.0
0.2314453125,1.4,0.8882471323013306,1.4,1.4,1.4,1.4,1.4,0.35,0.7449492812156677,0.3499999999999999,0.3499999999999999,0.3499999999999999,0.3499999999999999,0.3499999999999999,1.0,1.3018183708190918,1.0,1.0,1.0,1.0,1.0
0.2333984375,1.4,0.8873709440231323,1.4,1.4,1.4,1.4,1.4,0.35,0.7508957386016846,0.3499999999999999,0.3499999999999999,0.3499999999999999,0.3499999999999999,0.3499999999999999,1.0,1.2991575002670288,1.0,1.0,1.0,1.0,1.0
0.2353515625,1.4,0.886474609375,1.4,1.4,1.4,1.4,1.4,0.35,0.7564809322357178,0.3499999999999999,0.3499999999999999,0.3499999999999999,0.3499999999999999,0.3499999999999999,1.0,1.2955706119537354,1.0,1.0,1.0,1.0,1.0
0.2373046875,1.4,0.8856161832809448,1.4,1.4,1.4,1.4,1.4,0.35,0.7615873217582703,0.3499999999999999,0.3499999999999999,0.3499999999999999,0.3499999999999999,0.3499999999999999,1.0,1.2911384105682373,1.0,1.0,1.0,1.0,1.0
0.2392578125,1.4,0.8866286873817444,1.4,1.4,1.4,1.4,1.4,0.35,0.7661333084106445,0.3499999999999999,0.3499999999999999,0.3499999999999999,0.3499999999999999,0.3499999999999999,1.0,1.2859890460968018,1.0,1.0,1.0,1.0,1.0
0.2412109375,1.4,0.9010270237922668,1.4,1.4,1.4,1.4,1.4,0.35,0.7700773477554321,0.3499999999999999,0.3499999999999999,0.3499999999999999,0.3499999999999999,0.3499999999999999,1.0,1.2802925109863281,1.0,1.0,1.0,1.0,1.0
0.2431640625,1.4,0.9151567220687866,1.4,1.4,1.4,1.4,1.4,0.35,0.7734185457229614,0.3499999999999999,0.3499999999999999,0.3499999999999999,0.3499999999999999,0.3499999999999999,1.0,1.2742551565170288,1.0,1.0,1.0,1.0,1.0
0.2451171875,1.4,0.9289107322692871,1.4,1.4,1.4,1.4,1.4,0.35,0.7747114300727844,0.3499999999999999,0.3499999999999999,0.3499999999999999,0.3499999999999999,0.3499999999999999,1.0,1.268110990524292,1.0,1.0,1.0,1.0,1.0
0.2470703125,1.4,0.9421967267990112,1.4,1.4,1.4,1.4,1.4,0.35,0.7758330702781677,0.3499999999999999,0.3499999999999999,0.3499999999999999,0.3499999999999999,0.3499999999999999,1.0,1.2621126174926758,1.0,1.0,1.0,1.0,1.0
0.2490234375,1.4,0.9549382328987122,1.4,1.4,1.4,1.4,1.4,0.35,0.7771056890487671,0.3499999999999999,0.3499999999999999,0.3499999999999999,0.3499999999999999,0.3499999999999999,1.0,1.2565182447433472,1.0,1.0,1.0,1.0,1.0
0.2509765625,1.4,0.9670692086219788,1.4,1.4,1.4,1.4,1.4,0.35,0.7787095308303833,0.3499999999999999,0.3499999999999999,0.3499999999999999,0.3499999999999999,0.3499999999999999,1.0,1.251581072807312,1.0,1.0,1.0,1.0,1.0
0.2529296875,1.4,0.9785343408584595,1.4,1.4,1.4,1.4,1.4,0.35,0.7808101177215576,0.3499999999999999,0.3499999999999999,0.3499999999999999,0.3499999999999999,0.3499999999999999,1.0,1.2475333213806152,1.0,1.0,1.0,1.0,1.0
0.2548828125,1.4,0.9892813563346863,1.4,1.4,1.4,1.4,1.4,0.35,0.783548891544342,0.3499999999999999,0.3499999999999999,0.3499999999999999,0.3499999999999999,0.3499999999999999,1.0,1.244568943977356,1.0,1.0,1.0,1.0,1.0
0.2568359375,1.4,0.9992599487304688,1.4,1.4,1.4,1.4,1.4,0.35,0.7868266105651855,0.3499999999999999,0.3499999999999999,0.3499999999999999,0.3499999999999999,0.3499999999999999,1.0,1.2428330183029175,1.0,1.0,1.0,1.0,1.0
0.2587890625,1.4,1.0084179639816284,1.4,1.4,1.4,1.4,1.4,0.35,0.7888617515563965,0.3499999999999999,0.3499999999999999,0.3499999999999999,0.3499999999999999,0.3499999999999999,1.0,1.2424012422561646,1.0,1.0,1.0,1.0,1.0
0.2607421875,1.4,1.016701340675354,1.4,1.4,1.4,1.4,1.4,0.35,0.7913072109222412,0.3499999999999999,0.3499999999999999,0.3499999999999999,0.3499999999999999,0.3499999999999999,1.0,1.243270993232727,1.0,1.0,1.0,1.0,1.0
0.2626953125,1.4,1.0240558385849,1.4,1.4,1.4,1.4,1.4,0.35,0.7942376136779785,0.3499999999999999,0.3499999999999999,0.3499999999999999,0.3499999999999999,0.3499999999999999,1.0,1.2453559637069702,1.0,1.0,1.0,1.0,1.0
0.2646484375,1.4,1.030433177947998,1.4,1.4,1.4,1.4,1.4,0.35,0.7976877689361572,0.3499999999999999,0.3499999999999999,0.3499999999999999,0.3499999999999999,0.3499999999999999,1.0,1.2484811544418335,1.0,1.0,1.0,1.0,1.0
0.2666015625,1.4,1.0357959270477295,1.4,1.4,1.4,1.4,1.4,0.35,0.8016517162322998,0.3499999999999999,0.3499999999999999,0.3499999999999999,0.3499999999999999,0.3499999999999999,1.0,1.2523902654647827,1.0,1.0,1.0,1.0,1.0
0.2685546875,1.4,1.0401259660720825,1.4,1.4,1.4,1.4,1.4,0.35,0.8060791492462158,0.3499999999999999,0.3499999999999999,0.3499999999999999,0.3499999999999999,0.3499999999999999,1.0,1.2567592859268188,1.0,1.0,1.0,1.0,1.0
0.2705078125,1.4,1.0434273481369019,1.4,1.4,1.4,1.4,1.4,0.35,0.8108788728713989,0.3499999999999999,0.3499999999999999,0.3499999999999999,0.3499999999999999,0.3499999999999999,1.0,1.2612130641937256,1.0,1.0,1.0,1.0,1.0
0.2724609375,1.4,1.04573392868042,1.4,1.4,1.4,1.4,1.4,0.35,0.8159228563308716,0.3499999999999999,0.3499999999999999,0.3499999999999999,0.3499999999999999,0.3499999999999999,1.0,1.2653510570526123,1.0,1.0,1.0,1.0,1.0
0.2744140625,1.4,1.0471049547195435,1.4,1.4,1.4,1.4,1.4,0.35,0.8210552930831909,0.3499999999999999,0.3499999999999999,0.3499999999999999,0.3499999999999999,0.3499999999999999,1.0,1.2687727212905884,1.0,1.0,1.0,1.0,1.0
0.2763671875,1.4,1.0476278066635132,1.4,1.4,1.4,1.4,1.4,0.35,0.8261035680770874,0.3499999999999999,0.3499999999999999,0.3499999999999999,0.3499999999999999,0.3499999999999999,1.0,1.2711007595062256,1.0,1.0,1.0,1.0,1.0
0.2783203125,1.4,1.0474129915237427,1.4,1.4,1.4,1.4,1.4,0.35,0.8308894634246826,0.3499999999999999,0.3499999999999999,0.3499999999999999,0.3499999999999999,0.3499999999999999,1.0,1.2720061540603638,1.0,1.0,1.0,1.0,1.0
0.2802734375,1.4,1.0465879440307617,1.4,1.4,1.4,1.4,1.4,0.35,0.8352437019348145,0.3499999999999999,0.3499999999999999,0.3499999999999999,0.3499999999999999,0.3499999999999999,1.0,1.2712243795394897,1.0,1.0,1.0,1.0,1.0
0.2822265625,1.4,1.0452911853790283,1.4,1.4,1.4,1.4,1.4,0.35,0.8390176296234131,0.3499999999999999,0.3499999999999999,0.3499999999999999,0.3499999999999999,0.3499999999999999,1.0,1.2685691118240356,1.0,1.0,1.0,1.0,1.0
0.2841796875,1.4,1.0436644554138184,1.4,1.4,1.4,1.4,1.4,0.35,0.8420952558517456,0.3499999999999999,0.3499999999999999,0.3499999999999999,0.3499999999999999,0.3499999999999999,1.0,1.2639411687850952,1.0,1.0,1.0,1.0,1.0
0.2861328125,1.4,1.041843056678772,1.4,1.4,1.4,1.4,1.4,0.35,0.8450912237167358,0.3499999999999999,0.3499999999999999,0.3499999999999999,0.3499999999999999,0.3499999999999999,1.0,1.2573316097259521,1.0,1.0,1.0,1.0,1.0
0.2880859375,1.4,1.0399470329284668,1.4,1.4,1.4,1.4,1.4,0.35,0.8485926389694214,0.3499999999999999,0.3499999999999999,0.3499999999999999,0.3499999999999999,0.3499999999999999,1.0,1.248820185661316,1.0,1.0,1.0,1.0,1.0
0.2900390625,1.4,1.0380715131759644,1.4,1.4,1.4,1.4,1.4,0.35,0.8514244556427002,0.3499999999999999,0.3499999999999999,0.3499999999999999,0.3499999999999999,0.3499999999999999,1.0,1.238571286201477,1.0,1.0,1.0,1.0,1.0
0.2919921875,1.4,1.0290921926498413,1.4,1.4,1.4,1.4,1.4,0.35,0.8536636829376221,0.3499999999999999,0.3499999999999999,0.3499999999999999,0.3499999999999999,0.3499999999999999,1.0,1.226823329925537,1.0,1.0,1.0,1.0,1.0
0.2939453125,1.4,1.0140434503555298,1.4,1.4,1.4,1.4,1.4,0.35,0.8554414510726929,0.3499999999999999,0.3499999999999999,0.3499999999999999,0.3499999999999999,0.3499999999999999,1.0,1.2138750553131104,1.0,1.0,1.0,1.0,1.0
0.2958984375,1.4,0.9997074007987976,1.4,1.4,1.4,1.4,1.4,0.35,0.8569351434707642,0.3499999999999999,0.3499999999999999,0.3499999999999999,0.3499999999999999,0.3499999999999999,1.0,1.2000666856765747,1.0,1.0,1.0,1.0,1.0
0.2978515625,1.4,0.986258864402771,1.4,1.4,1.4,1.4,1.4,0.35,0.8583552837371826,0.3499999999999999,0.3499999999999999,0.3499999999999999,0.3499999999999999,0.3499999999999999,1.0,1.185759425163269,1.0,1.0,1.0,1.0,1.0
0.2998046875,1.4,0.973814845085144,1.4,1.4,1.4,1.4,1.4,0.35,0.8599317073822021,0.3499999999999999,0.3499999999999999,0.3499999999999999,0.3499999999999999,0.3499999999999999,1.0,1.17131507396698,1.0,1.0,1.0,1.0,1.0
0.3017578125,1.4,0.9624477624893188,1.4,1.4,1.4,1.4,1.4,0.35,0.8618992567062378,0.3499999999999999,0.3499999999999999,0.3499999999999999,0.3499999999999999,0.3499999999999999,1.0,1.1570727825164795,1.0,1.0,1.0,1.0,1.0
0.3037109375,1.4,0.9521939754486084,1.4,1.4,1.4,1.4,1.4,0.35,0.8644814491271973,0.3499999999999999,0.3499999999999999,0.3499999999999999,0.3499999999999999,0.3499999999999999,1.0,1.1433336734771729,1.0,1.0,1.0,1.0,1.0
0.3056640625,1.4,0.9430655837059021,1.4,1.4,1.4,1.4,1.4,0.35,0.8678772449493408,0.3499999999999999,0.3499999999999999,0.3499999999999999,0.3499999999999999,0.3499999999999999,1.0,1.1303447484970093,1.0,1.0,1.0,1.0,1.0
0.3076171875,1.4,0.9350520372390747,1.4,1.4,1.4,1.4,1.4,0.35,0.8722463846206665,0.3499999999999999,0.3499999999999999,0.3499999999999999,0.3499999999999999,0.3499999999999999,1.0,1.1182903051376343,1.0,1.0,1.0,1.0,1.0
0.3095703125,1.4,0.9281264543533325,1.4,1.4,1.4,1.4,1.4,0.35,0.8776977062225342,0.3499999999999999,0.3499999999999999,0.3499999999999999,0.3499999999999999,0.3499999999999999,1.0,1.1072850227355957,1.0,1.0,1.0,1.0,1.0
0.3115234375,1.4,0.9222466945648193,1.4,1.4,1.4,1.4,1.4,0.35,0.8842799663543701,0.3499999999999999,0.3499999999999999,0.3499999999999999,0.3499999999999999,0.3499999999999999,1.0,1.097375750541687,1.0,1.0,1.0,1.0,1.0
0.3134765625,1.4,0.9173551201820374,1.4,1.4,1.4,1.4,1.4,0.35,0.8919732570648193,0.3499999999999999,0.3499999999999999,0.3499999999999999,0.3499999999999999,0.3499999999999999,1.0,1.0885400772094727,1.0,1.0,1.0,1.0,1.0
0.3154296875,1.4,0.9133800268173218,1.4,1.4,1.4,1.4,1.4,0.35,0.9006868600845337,0.3499999999999999,0.3499999999999999,0.3499999999999999,0.3499999999999999,0.3499999999999999,1.0,1.0806961059570312,1.0,1.0,1.0,1.0,1.0
0.3173828125,1.4,0.9102349281311035,1.4,1.4,1.4,1.4,1.4,0.35,0.9102588891983032,0.3499999999999999,0.3499999999999999,0.3499999999999999,0.3499999999999999,0.3499999999999999,1.0,1.0737099647521973,1.0,1.0,1.0,1.0,1.0
0.3193359375,1.4,0.9078199863433838,1.4,1.4,1.4,1.4,1.4,0.35,0.9204626083374023,0.3499999999999999,0.3499999999999999,0.3499999999999999,0.3499999999999999,0.3499999999999999,1.0,1.0674066543579102,1.0,1.0,1.0,1.0,1.0
0.3212890625,1.4,0.9060240387916565,1.4,1.4,1.4,1.4,1.4,0.35,0.9310181140899658,0.3499999999999999,0.3499999999999999,0.3499999999999999,0.3499999999999999,0.3499999999999999,1.0,1.0615859031677246,1.0,1.0,1.0,1.0,1.0
0.3232421875,1.4,0.9047284722328186,1.4,1.4,1.4,1.4,1.4,0.35,0.9416072368621826,0.3499999999999999,0.3499999999999999,0.3499999999999999,0.3499999999999999,0.3499999999999999,1.0,1.0560349225997925,1.0,1.0,1.0,1.0,1.0
0.3251953125,1.4,0.9038141369819641,1.4,1.4,1.4,1.4,1.4,0.35,0.9518946409225464,0.3499999999999999,0.3499999999999999,0.3499999999999999,0.3499999999999999,0.3499999999999999,1.0,1.0505422353744507,1.0,1.0,1.0,1.0,1.0
0.3271484375,1.4,0.9031694531440735,1.4,1.4,1.4,1.4,1.4,0.35,0.9615501165390015,0.3499999999999999,0.3499999999999999,0.3499999999999999,0.3499999999999999,0.3499999999999999,1.0,1.0449111461639404,1.0,1.0,1.0,1.0,1.0
0.3291015625,1.4,0.9026995301246643,1.4,1.4,1.4,1.4,1.4,0.35,0.9702705144882202,0.3499999999999999,0.3499999999999999,0.3499999999999999,0.3499999999999999,0.3499999999999999,1.0,1.0389701128005981,1.0,1.0,1.0,1.0,1.0
0.3310546875,1.4,0.9023342728614807,1.4,1.4,1.4,1.4,1.4,0.35,0.9778009653091431,0.3499999999999999,0.3499999999999999,0.3499999999999999,0.3499999999999999,0.3499999999999999,1.0,1.0325812101364136,1.0,1.0,1.0,1.0,1.0
0.3330078125,1.4,0.9020366072654724,1.4,1.4,1.4,1.4,1.4,0.35,0.9839515686035156,0.3499999999999999,0.3499999999999999,0.3499999999999999,0.3499999999999999,0.3499999999999999,1.0,1.0256478786468506,1.0,1.0,1.0,1.0,1.0
0.3349609375,1.4,0.9018047451972961,1.4,1.4,1.4,1.4,1.4,0.35,0.9879841804504395,0.3499999999999999,0.3499999999999999,0.3499999999999999,0.3499999999999999,0.3499999999999999,1.0,1.0181175470352173,1.0,1.0,1.0,1.0,1.0
0.3369140625,1.4,0.899794340133667,1.4,1.4,1.4,1.4,1.4,0.35,0.9898841381072998,0.3499999999999999,0.3499999999999999,0.3499999999999999,0.3499999999999999,0.3499999999999999,1.0,1.0099844932556152,1.0,1.0,1.0,1.0,1.0
0.3388671875,1.4,0.8989014029502869,1.4,1.4,1.4,1.4,1.4,0.35,0.990969181060791,0.3499999999999999,0.3499999999999999,0.3499999999999999,0.3499999999999999,0.3499999999999999,1.0,1.0012880563735962,1.0,1.0,1.0,1.0,1.0
0.3408203125,1.4,0.8999560475349426,1.4,1.4,1.4,1.4,1.4,0.35,0.9913468360900879,0.3499999999999999,0.3499999999999999,0.3499999999999999,0.3499999999999999,0.3499999999999999,1.0,0.9921102523803711,1.0,1.0,1.0,1.0,1.0
0.3427734375,1.4,0.9027005434036255,1.4,1.4,1.4,1.4,1.4,0.35,0.9911518096923828,0.3499999999999999,0.3499999999999999,0.3499999999999999,0.3499999999999999,0.3499999999999999,1.0,0.9825668334960938,1.0,1.0,1.0,1.0,1.0
0.3447265625,1.4,0.9038792252540588,1.3999999999999995,1.3999999999999995,1.3999999999999995,1.3999999999999995,1.4,0.35,0.9905383586883545,0.3500000000000002,0.3500000000000002,0.3500000000000002,0.3500000000000002,0.35000000000000003,1.0,0.9727991223335266,0.9999999999999994,0.9999999999999994,0.9999999999999994,0.9999999999999994,1.0
0.3466796875,1.4,0.9056586623191833,1.3999999999999995,1.3999999999999995,1.3999999999999995,1.3999999999999995,1.3999999999999968,0.35,0.9883002042770386,0.3500000000000002,0.3500000000000002,0.3500000000000002,0.3500000000000002,0.3500000000000018,1.0,0.9629619717597961,0.9999999999999994,0.9999999999999994,0.9999999999999994,0.9999999999999994,0.9999999999999969
0.3486328125,1.4,0.908118724822998,1.3999999999999995,1.3999999999999995,1.3999999999999995,1.3999999999999995,1.3999999999999968,0.35,0.9853471517562866,0.3500000000000002,0.3500000000000002,0.3500000000000002,0.3500000000000002,0.3500000000000034,1.0,0.9532096982002258,0.9999999999999994,0.9999999999999994,0.9999999999999994,0.9999999999999994,0.9999999999999957
0.3505859375,1.4,0.6314364671707153,1.3999999999999995,1.3999999999999995,1.3999999999999995,1.3999999999999995,1.3999999999999946,0.35,1.0447566509246826,0.3500000000000002,0.3500000000000002,0.3500000000000002,0.3500000000000002,0.3500000000000033,1.0,0.8284103274345398,0.9999999999999994,0.9999999999999994,0.9999999999999994,0.9999999999999994,0.9999999999999936
0.3525390625,1.4,0.6360471844673157,1.3999999999955035,1.3999999999964543,1.3999999999957717,1.3999999999957717,1.3999999999999906,0.35,1.0417784452438354,0.35000000000000175,0.3500000000000015,0.35000000000000164,0.35000000000000164,0.35000000000000314,1.0,0.8339075446128845,0.9999999999999969,0.9999999999999974,0.9999999999999971,0.9999999999999971,0.9999999999999933
0.3544921875,1.4,0.640357255935669,1.3999999999955035,1.3999999999958204,1.3999999999955928,1.3999999999955928,1.3999999999999861,0.35,1.0398072004318237,0.35000000000000175,0.3500000000000017,0.35000000000000175,0.35000000000000175,0.3500000000000031,1.0,0.8395647406578064,0.9999999999999969,0.9999999999999973,0.9999999999999971,0.9999999999999971,0.999999999999992
0.3564453125,1.4,0.644333004951477,1.3999999999955035,1.3999999999951867,1.3999999999954142,1.3999999999954142,1.3999999999999833,0.35,1.0389344692230225,0.35000000000000175,0.3500000000000018,0.35000000000000175,0.35000000000000175,0.35000000000000236,1.0,0.8451443910598755,0.9999999999999969,0.9999999999999968,0.9999999999999969,0.9999999999999969,0.9999999999999923
0.3583984375,1.4,0.6479305028915405,1.3999999999955035,1.3999999999945527,1.3999999999952353,1.3999999999952353,1.399999999999979,0.35,1.0391730070114136,0.35000000000000175,0.3500000000000021,0.35000000000000187,0.35000000000000187,0.35000000000000153,1.0,0.8503960967063904,0.9999999999999969,0.9999999999999964,0.9999999999999968,0.9999999999999968,0.9999999999999921
0.3603515625,1.4,0.6510957479476929,1.3999999998063446,1.3999999999482138,1.3999999999482138,1.3999999999482138,1.3999999999999728,0.35,1.040457010269165,0.35000000000000137,0.35000000000000164,0.35000000000000164,0.35000000000000164,0.35000000000000203,1.0,0.855073869228363,0.9999999999999968,0.9999999999999969,0.9999999999999969,0.9999999999999969,0.9999999999999909
0.3623046875,1.4,0.6537668108940125,1.3999999998063446,1.3999999998536343,1.3999999998536343,1.3999999998536343,1.399999999999968,0.35,1.0426522493362427,0.35000000000000137,0.3500000000000015,0.3500000000000015,0.3500000000000015,0.3500000000000014,1.0,0.8589539527893066,0.9999999999999968,0.9999999999999969,0.9999999999999969,0.9999999999999969,0.9999999999999907
0.3642578125,1.4,0.6558773517608643,1.3999999998063446,1.3999999997590549,1.3999999997590549,1.3999999997590549,1.399999999999964,0.35,1.0455718040466309,0.35000000000000137,0.3500000000000013,0.3500000000000013,0.3500000000000013,0.35000000000000053,1.0,0.8618457317352295,0.9999999999999968,0.9999999999999966,0.9999999999999966,0.9999999999999966,0.9999999999999912
0.3662109375,1.4,0.6573633551597595,1.3999999998063446,1.3999999996644754,1.3999999996644754,1.3999999996644754,1.3999999999999586,0.35,1.0489946603775024,0.35000000000000137,0.3500000000000011,0.3500000000000011,0.3500000000000011,0.3500000000000005,1.0,0.8636035919189453,0.9999999999999968,0.9999999999999966,0.9999999999999966,0.9999999999999966,0.9999999999999902
0.3681640625,1.4,0.6581721901893616,1.3999999958620508,1.3999999988202712,1.3999999988202725,1.3999999988202712,1.3999999999999537,0.35,1.0526847839355469,0.35000000000000064,0.3500000000000012,0.3500000000000012,0.3500000000000012,0.3499999999999998,1.0,0.8641289472579956,0.9999999999999966,0.9999999999999966,0.9999999999999966,0.9999999999999966,0.9999999999999915
0.3701171875,1.4,0.6582712531089783,1.3999999958620508,1.3999999968481243,1.399999996848125,1.3999999968481243,1.3999999999999497,0.35,1.056408166885376,0.35000000000000064,0.3500000000000008,0.3500000000000008,0.3500000000000008,0.3499999999999993,1.0,0.863370954990387,0.9999999999999966,0.9999999999999966,0.9999999999999966,0.9999999999999966,0.9999999999999902
0.3720703125,1.4,0.6576573848724365,1.3999999958620508,1.3999999948759774,1.3999999948759763,1.3999999948759774,1.3999999999999453,0.35,1.0599466562271118,0.35000000000000064,0.35000000000000053,0.35000000000000053,0.35000000000000053,0.3499999999999982,1.0,0.8613256812095642,0.9999999999999966,0.9999999999999964,0.9999999999999964,0.9999999999999964,0.9999999999999909
0.3740234375,1.4,0.6563630104064941,1.3999999958620508,1.3999999929038305,1.3999999929038294,1.3999999929038305,1.399999999999939,0.35,1.0631084442138672,0.35000000000000064,0.3500000000000001,0.3500000000000001,0.3500000000000001,0.3499999999999972,1.0,0.8580366373062134,0.9999999999999966,0.9999999999999964,0.9999999999999964,0.9999999999999964,0.9999999999999911
0.3759765625,1.4,0.654458224773407,1.3999999414793436,1.399999982266374,1.3999999822663745,1.399999982266374,1.3999999999999337,0.35,1.0657340288162231,0.3499999999999998,0.3500000000000005,0.3500000000000005,0.3500000000000005,0.34999999999999737,1.0,0.8535934686660767,0.9999999999999971,0.9999999999999968,0.9999999999999968,0.9999999999999968,0.9999999999999902
0.3779296875,1.4,0.6520487666130066,1.3999999414793436,1.3999999550750204,1.3999999550750215,1.3999999550750204,1.3999999999999284,0.35,1.0677001476287842,0.3499999999999998,0.35,0.35,0.35,0.34999999999999704,1.0,0.8481351733207703,0.9999999999999971,0.9999999999999969,0.9999999999999969,0.9999999999999969,0.9999999999999897
0.3798828125,1.4,0.6492682695388794,1.3999999414793436,1.3999999278836668,1.3999999278836686,1.3999999278836668,1.399999999999923,0.35,1.0689235925674438,0.3499999999999998,0.3499999999999996,0.3499999999999996,0.3499999999999996,0.34999999999999637,1.0,0.8418487310409546,0.9999999999999971,0.9999999999999974,0.9999999999999973,0.9999999999999974,0.99999999999999
0.3818359375,1.4,0.6462688446044922,1.3999999414793436,1.3999999006923132,1.3999999006923098,1.3999999006923132,1.3999999999999178,0.35,1.0693588256835938,0.3499999999999998,0.34999999999999915,0.34999999999999915,0.34999999999999915,0.34999999999999587,1.0,0.8349688053131104,0.9999999999999971,0.9999999999999977,0.9999999999999977,0.9999999999999977,0.99999999999999
0.3837890625,1.4,0.6432086825370789,1.3999993828639639,1.3999998018254987,1.3999998018255038,1.3999998018254987,1.3999999999999129,0.35,1.0689998865127563,0.3499999999999996,0.34999999999999976,0.34999999999999976,0.34999999999999976,0.349999999999995,1.0,0.8277716040611267,0.9999999999999973,0.9999999999999971,0.9999999999999971,0.9999999999999971,0.9999999999999906
0.3857421875,1.4,0.6402401328086853,1.3999993828639639,1.3999995225178088,1.3999995225178214,1.3999995225178088,1.3999999999999053,0.35,1.0702697038650513,0.3499999999999996,0.34999999999999964,0.34999999999999964,0.34999999999999964,0.3499999999999952,1.0,0.8205656409263611,0.9999999999999973,0.9999999999999973,0.9999999999999973,0.9999999999999973,0.9999999999999898
0.3876953125,1.4,0.6374986171722412,1.3999993828639639,1.399999243210119,1.399999243210139,1.399999243210119,1.3999999999999,0.35,1.0782252550125122,0.3499999999999996,0.34999999999999953,0.34999999999999953,0.34999999999999953,0.34999999999999465,1.0,0.8136778473854065,0.9999999999999973,0.9999999999999971,0.9999999999999971,0.9999999999999971,0.9999999999999895
0.3896484375,1.4,0.6350952386856079,1.3999993828639639,1.399998963902429,1.3999989639023913,1.399998963902429,1.3999999999998933,0.35,1.0850930213928223,0.3499999999999996,0.3499999999999995,0.3499999999999995,0.3499999999999995,0.34999999999999437,1.0,0.8074355721473694,0.9999999999999973,0.9999999999999973,0.9999999999999973,0.9999999999999973,0.9999999999999897
0.3916015625,1.4,0.633110523223877,1.399994812953719,1.3999982403864026,1.3999982403864524,1.3999982403864026,1.3999999999998873,0.35,1.090929388999939,0.3499999999999991,0.3499999999999995,0.3499999999999995,0.3499999999999995,0.3499999999999945,1.0,0.8021470308303833,0.9999999999999971,0.9999999999999973,0.9999999999999973,0.9999999999999973,0.9999999999999888
0.3935546875,1.4,0.6297023296356201,1.399994812953719,1.3999959554312802,1.3999959554313968,1.3999959554312802,1.3999999999998827,0.35,1.0958333015441895,0.3499999999999991,0.3499999999999992,0.3499999999999992,0.3499999999999992,0.3499999999999941,1.0,0.7980809211730957,0.9999999999999971,0.9999999999999971,0.9999999999999971,0.9999999999999971,0.9999999999999886
0.3955078125,1.4,0.6231445670127869,1.399994812953719,1.3999936704761577,1.3999936704763412,1.3999936704761577,1.3999999999998793,0.35,1.0999391078948975,0.3499999999999991,0.3499999999999989,0.349999999999999,0.3499999999999989,0.34999999999999315,1.0,0.7954472899436951,0.9999999999999971,0.9999999999999971,0.9999999999999971,0.9999999999999971,0.9999999999999891
0.3974609375,1.4,0.6177824139595032,1.399994812953719,1.3999913855210353,1.3999913855206854,1.3999913855210353,1.3999999999998742,0.35,1.1034059524536133,0.3499999999999991,0.34999999999999865,0.34999999999999865,0.34999999999999865,0.3499999999999925,1.0,0.7943840622901917,0.9999999999999971,0.9999999999999971,0.9999999999999971,0.9999999999999971,0.9999999999999891
0.3994140625,1.4,0.6135571002960205,1.3999637014753668,1.399987035084131,1.3999870350845385,1.399987035084131,1.3999999999998698,0.35,1.1064072847366333,0.34999999999999853,0.3499999999999989,0.3499999999999989,0.3499999999999989,0.3499999999999917,1.0,0.79494708776474,0.9999999999999966,0.9999999999999969,0.9999999999999969,0.9999999999999969,0.9999999999999897
0.4013671875,1.4,0.6103821992874146,1.3999637014753668,1.3999714793449547,1.3999714793458753,1.3999714793449547,1.3999999999998645,0.35,1.1091207265853882,0.34999999999999853,0.3499999999999987,0.3499999999999987,0.3499999999999987,0.34999999999999176,1.0,0.7971093058586121,0.9999999999999966,0.9999999999999968,0.9999999999999968,0.9999999999999968,0.9999999999999888
0.4033203125,1.4,0.608149528503418,1.3999637014753668,1.3999559236057788,1.3999559236072128,1.3999559236057788,1.3999999999998607,0.35,1.1117161512374878,0.34999999999999853,0.34999999999999837,0.34999999999999837,0.34999999999999837,0.34999999999999115,1.0,0.8007656335830688,0.9999999999999966,0.9999999999999964,0.9999999999999964,0.9999999999999964,0.9999999999999889
0.4052734375,1.4,0.6067343354225159,1.3999637014753668,1.3999403678666025,1.3999403678638405,1.3999403678666025,1.3999999999998554,0.35,1.114345669746399,0.34999999999999853,0.34999999999999815,0.34999999999999815,0.34999999999999815,0.34999999999999054,1.0,0.8046785593032837,0.9999999999999966,0.999999999999996,0.999999999999996,0.999999999999996,0.9999999999999891
0.4072265625,1.4,0.6059967875480652,1.399781630115968,1.399918183635517,1.3999181836384142,1.399918183635517,1.399999999999848,0.35,1.1171337366104126,0.349999999999998,0.3499999999999984,0.3499999999999984,0.3499999999999984,0.34999999999998993,1.0,0.7975963950157166,0.9999999999999969,0.9999999999999968,0.9999999999999968,0.9999999999999968,0.999999999999988
0.4091796875,1.4,0.605783224105835,1.399781630115968,1.3998271479558178,1.3998271479621571,1.3998271479558178,1.399999999999784,0.35,1.1201703548431396,0.349999999999998,0.34999999999999815,0.34999999999999815,0.34999999999999815,0.3499999999999881,1.0,0.790806770324707,0.9999999999999969,0.9999999999999968,0.9999999999999968,0.9999999999999968,0.9999999999999885
0.4111328125,1.4,0.6059297323226929,1.399781630115968,1.3997361122761183,1.3997361122858996,1.3997361122761183,1.3999999999994122,0.35,1.123506784439087,0.349999999999998,0.34999999999999787,0.3499999999999978,0.34999999999999787,0.34999999999998627,1.0,0.7843838930130005,0.9999999999999969,0.9999999999999971,0.9999999999999971,0.9999999999999971,0.9999999999999898
0.4130859375,1.4,0.6062691807746887,1.399781630115968,1.399645076596419,1.3996450765774011,1.399645076596419,1.3999999999976085,0.35,1.1271557807922363,0.349999999999998,0.3499999999999976,0.3499999999999976,0.3499999999999976,0.3499999999999853,1.0,0.7783908843994141,0.9999999999999969,0.9999999999999973,0.9999999999999973,0.9999999999999973,0.9999999999999902
0.4150390625,1.4,0.6066417098045349,1.3988412490349549,1.3995465348457148,1.399546534863834,1.3995465348457148,1.399999999989386,0.35,1.131091594696045,0.3499999999999972,0.34999999999999776,0.3499999999999978,0.34999999999999776,0.34999999999998416,1.0,0.7728761434555054,0.9999999999999973,0.9999999999999971,0.9999999999999971,0.9999999999999971,0.99999999999999
0.4169921875,1.4,0.6069079041481018,1.3988412490349549,1.399076344305208,1.3990763443437497,1.399076344305208,1.3999999999531403,0.35,1.1352585554122925,0.3499999999999972,0.3499999999999974,0.34999999999999737,0.3499999999999974,0.34999999999998344,1.0,0.7678726315498352,0.9999999999999973,0.9999999999999971,0.9999999999999971,0.9999999999999971,0.9999999999999911
0.4189453125,1.4,0.6069625616073608,1.3988412490349549,1.3986061537647017,1.3986061538236656,1.3986061537647017,1.3999999997976675,0.35,1.1395765542984009,0.3499999999999972,0.349999999999997,0.349999999999997,0.349999999999997,0.3499999999999832,1.0,0.763394832611084,0.9999999999999973,0.9999999999999974,0.9999999999999973,0.9999999999999974,0.9999999999999907
0.4208984375,1.4,0.6067461371421814,1.3988412490349549,1.398135963224195,1.3981359631085704,1.398135963224195,1.3999999991467218,0.35,1.1439498662948608,0.3499999999999972,0.3499999999999966,0.3499999999999966,0.3499999999999966,0.349999999999983,1.0,0.7594384551048279,0.9999999999999973,0.9999999999999974,0.9999999999999974,0.9999999999999974,0.9999999999999903
0.4228515625,1.4,0.606252133846283,1.3944547475433686,1.3977446236620583,1.397744623765992,1.3977446236620583,1.3999999964809478,0.35,1.1482770442962646,0.34999999999999676,0.34999999999999704,0.34999999999999704,0.34999999999999704,0.34999999999998255,1.0,0.7559799551963806,0.9999999999999973,0.9999999999999973,0.9999999999999973,0.9999999999999973,0.9999999999999906
0.4248046875,1.4,0.6055273413658142,1.3944547475433686,1.3955513729162652,1.3955513731321045,1.3955513729162652,1.3999999857819994,0.35,1.1524580717086792,0.34999999999999676,0.34999999999999687,0.3499999999999969,0.34999999999999687,0.34999999999998166,1.0,0.7529773116111755,0.9999999999999973,0.9999999999999973,0.9999999999999973,0.9999999999999973,0.9999999999999906
0.4267578125,1.4,0.6059163808822632,1.3944547475433686,1.393358122170472,1.393358122498217,1.393358122170472,1.3999999436181856,0.35,1.1564030647277832,0.34999999999999676,0.34999999999999665,0.34999999999999665,0.34999999999999665,0.349999999999981,1.0,0.7503696084022522,0.9999999999999973,0.9999999999999974,0.9999999999999973,0.9999999999999974,0.9999999999999902
0.4287109375,1.4,0.6088927984237671,1.3944547475433686,1.391164871424679,1.3911648707771611,1.391164871424679,1.3999997801421238,0.35,1.1600381135940552,0.34999999999999676,0.3499999999999964,0.3499999999999964,0.3499999999999964,0.3499999999999808,1.0,0.7480804920196533,0.9999999999999973,0.9999999999999973,0.9999999999999973,0.9999999999999973,0.9999999999999906
0.4306640625,1.4,0.6078642010688782,1.3755791265609265,1.3897358422977582,1.389735843350049,1.3897358422977582,1.3999991553971414,0.35,1.1633102893829346,0.3499999999999962,0.3499999999999966,0.3499999999999966,0.3499999999999966,0.3499999999999806,1.0,0.7460187673568726,0.9999999999999974,0.9999999999999973,0.9999999999999973,0.9999999999999973,0.9999999999999912
0.4326171875,1.4,0.6046925783157349,1.3755791265609265,1.380298031806537,1.3802980339495339,1.380298031806537,1.3999967977687393,0.35,1.1661887168884277,0.3499999999999962,0.34999999999999637,0.3499999999999963,0.34999999999999637,0.3499999999999804,1.0,0.7440831661224365,0.9999999999999974,0.9999999999999974,0.9999999999999974,0.9999999999999974,0.9999999999999907
0.4345703125,1.4,0.6027596592903137,1.3755791265609265,1.370860221315316,1.3708602245490187,1.370860221315316,1.3999879970566973,0.35,1.1686667203903198,0.3499999999999962,0.34999999999999604,0.34999999999999604,0.34999999999999604,0.3499999999999796,1.0,0.7421643137931824,0.9999999999999974,0.9999999999999977,0.9999999999999974,0.9999999999999977,0.9999999999999909
0.4365234375,1.4,0.6034470796585083,1.3755791265609265,1.3614224108240949,1.3614224043951044,1.3614224108240949,1.3999554494795377,0.35,1.170758605003357,0.3499999999999962,0.34999999999999576,0.3499999999999958,0.34999999999999576,0.3499999999999788,1.0,0.7401520013809204,0.9999999999999974,0.9999999999999978,0.9999999999999978,0.9999999999999978,0.9999999999999915
0.4384765625,1.4,0.6048803925514221,1.3007478047671999,1.3501816081826437,1.3501816210820037,1.3501816081826437,1.3998360237738419,0.35,1.1724967956542969,0.3499999999999956,0.3499999999999958,0.34999999999999587,0.3499999999999958,0.3499999999999781,1.0,0.737941324710846,0.9999999999999978,0.9999999999999978,0.9999999999999978,0.9999999999999978,0.9999999999999912
0.4404296875,1.4,0.6071732044219971,1.3007478047671999,1.3172257392390145,1.3172257617403507,1.3172257392390145,1.3994007133517572,0.35,1.1739262342453003,0.3499999999999956,0.34999999999999565,0.3499999999999957,0.34999999999999565,0.34999999999997716,1.0,0.7354393601417542,0.9999999999999978,0.9999999999999978,0.9999999999999978,0.9999999999999978,0.9999999999999915
0.4423828125,1.4,0.6104271411895752,1.3007478047671999,1.2842698702953852,1.2842699023986974,1.2842698702953852,1.397822784390379,0.35,1.1750984191894531,0.3499999999999956,0.34999999999999554,0.34999999999999554,0.34999999999999554,0.3499999999999764,1.0,0.7325732111930847,0.9999999999999978,0.9999999999999978,0.9999999999999978,0.9999999999999978,0.9999999999999916
0.4443359375,1.4,0.6147342920303345,1.3007478047671999,1.251314001351756,1.2513139338477477,1.251314001351756,1.3921296426153495,0.35,1.176064372062683,0.3499999999999956,0.34999999999999537,0.34999999999999537,0.34999999999999537,0.349999999999976,1.0,0.7292953729629517,0.9999999999999978,0.9999999999999978,0.9999999999999978,0.9999999999999978,0.9999999999999918
0.4462890625,1.4,0.620177149772644,1.111932175011893,1.2027207618669755,1.2027209199022921,1.2028466668707483,1.3726029519700234,0.35,1.176870346069336,0.349999999999995,0.3499999999999952,0.3499999999999952,0.3499999999999952,0.349999999999976,1.0,0.7255899310112,0.9999999999999978,0.9999999999999977,0.9999999999999977,0.9999999999999977,0.9999999999999918
0.4482421875,1.4,0.6268244981765747,1.111932175011893,1.1421950372969205,1.1421952506677258,1.1423650274775596,1.3247829583495156,0.35,1.1775513887405396,0.349999999999995,0.34999999999999504,0.34999999999999504,0.34999999999999504,0.3499999999999752,1.0,0.7214730381965637,0.9999999999999978,0.9999999999999977,0.9999999999999978,0.9999999999999977,0.9999999999999915
0.4501953125,1.4,0.6347211599349976,1.111932175011893,1.0816693127268653,1.0816694303814227,1.081763046822477,1.2355220526663286,0.35,1.1781275272369385,0.349999999999995,0.3499999999999949,0.3499999999999949,0.349999999999995,0.34999999999997505,1.0,0.7169932126998901,0.9999999999999978,0.9999999999999978,0.9999999999999978,0.9999999999999978,0.9999999999999912
0.4521484375,1.4,0.6438726186752319,1.111932175011893,1.0211435881568103,1.021143099096131,1.0207539588767867,1.0956131041453625,0.35,1.1786024570465088,0.349999999999995,0.34999999999999476,0.34999999999999476,0.3499999999999947,0.34999999999997455,1.0,0.7122292518615723,0.9999999999999978,0.9999999999999978,0.9999999999999978,0.9999999999999978,0.9999999999999912
0.4541015625,1.4,0.6469312310218811,0.8165420082067587,0.9338647145998428,0.9338661982291264,0.9451649609417876,0.9054774004112083,0.35,1.1789608001708984,0.3499999999999944,0.3499999999999946,0.3499999999999946,0.3499999999999946,0.3499999999999741,1.0,0.7072845101356506,0.9999999999999978,0.999999999999998,0.999999999999998,0.999999999999998,0.9999999999999915
0.4560546875,0.2,0.6482462286949158,0.8165420082067587,0.8556495770044534,0.8556513769259612,0.8693589022769476,0.6794265574891659,0.35,1.1791667938232422,0.3499999999999944,0.3499999999999944,0.3499999999999944,0.3499999999999945,0.34999999999997355,1.0,0.7022824883460999,0.9999999999999978,0.9999999999999978,0.9999999999999978,0.9999999999999978,0.9999999999999921
0.4580078125,0.2,0.654026210308075,0.8165420082067587,0.777434439409064,0.777432996900827,0.7664473966161702,0.44794674312280325,0.35,1.179164171218872,0.3499999999999944,0.3499999999999944,0.34999999999999437,0.34999999999999437,0.34999999999997256,1.0,0.697360634803772,0.9999999999999978,0.999999999999998,0.999999999999998,0.9999999999999978,0.9999999999999918
0.4599609375,0.2,0.6641571521759033,0.8165420082067587,0.6992193018136746,0.6992174607711202,0.6851967729921296,0.2614999631035422,0.35,1.1788759231567383,0.3499999999999944,0.3499999999999942,0.3499999999999942,0.34999999999999415,0.3499999999999719,1.0,0.6926655769348145,0.9999999999999978,0.9999999999999978,0.9999999999999978,0.9999999999999978,0.999999999999992
0.4619140625,0.2,0.6741665005683899,0.48621107424877774,0.5935716351487479,0.5935724676043004,0.5944390094400712,0.19999999999999804,0.35,1.1782041788101196,0.349999999999994,0.34999999999999415,0.34999999999999415,0.34999999999999415,0.34999999999997183,1.0,0.6883482933044434,0.9999999999999978,0.9999999999999978,0.9999999999999978,0.9999999999999977,0.9999999999999923
0.4638671875,0.2,0.6836858987808228,0.48621107424877774,0.5219979278821011,0.521997784815706,0.5218488603281185,0.19999999999999796,0.35,1.1770317554473877,0.349999999999994,0.3499999999999941,0.3499999999999941,0.3499999999999941,0.34999999999997217,1.0,0.6845599412918091,0.9999999999999978,0.9999999999999978,0.9999999999999978,0.9999999999999978,0.9999999999999923
0.4658203125,0.2,0.6923387050628662,0.48621107424877774,0.45042422061545434,0.45042381844936163,0.4500051849941397,0.19999999999999787,0.35,1.1752268075942993,0.349999999999994,0.3499999999999939,0.349999999999994,0.3499999999999939,0.3499999999999721,1.0,0.6814479827880859,0.9999999999999978,0.9999999999999977,0.9999999999999977,0.9999999999999977,0.9999999999999925
0.4677734375,0.2,0.6997606754302979,0.48621107424877774,0.3788505133488076,0.3788502261257429,0.37855124223278147,0.19999999999999796,0.35,1.1726466417312622,0.349999999999994,0.3499999999999937,0.3499999999999937,0.3499999999999937,0.3499999999999722,1.0,0.6791505217552185,0.9999999999999978,0.9999999999999978,0.9999999999999977,0.9999999999999978,0.9999999999999923
0.4697265625,0.2,0.7056229710578918,0.24395235007358437,0.2769166126287732,0.27691777758272645,0.2770579555474793,0.19999999999999804,0.35,1.1691497564315796,0.3499999999999934,0.3499999999999938,0.3499999999999938,0.34999999999999376,0.34999999999997194,1.0,0.6777926683425903,0.999999999999998,0.9999999999999978,0.999999999999998,0.9999999999999978,0.9999999999999925
0.4716796875,0.2,0.709657609462738,0.24395235007358437,0.25494043759198065,0.2549397903953399,0.25486191374825506,0.19999999999999818,0.35,1.164608120918274,0.3499999999999934,0.34999999999999354,0.34999999999999354,0.34999999999999354,0.34999999999997194,1.0,0.6774789094924927,0.999999999999998,0.999999999999998,0.999999999999998,0.999999999999998,0.9999999999999925
0.4736328125,0.2,0.7116774916648865,0.24395235007358437,0.2329642625551881,0.2329638742372037,0.23291714824895274,0.1999999999999982,0.35,1.1589220762252808,0.3499999999999934,0.34999999999999326,0.34999999999999326,0.3499999999999933,0.34999999999997194,1.0,0.6782875061035156,0.999999999999998,0.999999999999998,0.999999999999998,0.999999999999998,0.9999999999999925
0.4755859375,0.2,0.7115949392318726,0.24395235007358437,0.21098808751839557,0.21098795807906742,0.21097238274965044,0.19999999999999818,0.35,1.1520390510559082,0.3499999999999934,0.3499999999999929,0.3499999999999929,0.34999999999999293,0.349999999999972,1.0,0.6802632212638855,0.999999999999998,0.9999999999999982,0.999999999999998,0.9999999999999982,0.9999999999999925
0.4775390625,0.2,0.7094320058822632,0.1999999999999993,0.1999999999999993,0.1999999999999993,0.1999999999999993,0.19999999999999818,0.35,1.1439683437347412,0.34999999999999265,0.34999999999999265,0.34999999999999265,0.34999999999999265,0.34999999999997233,1.0,0.6834117770195007,0.9999999999999982,0.9999999999999982,0.9999999999999982,0.9999999999999982,0.9999999999999923
0.4794921875,0.2,0.7053210735321045,0.1999999999999993,0.1999999999999993,0.1999999999999993,0.1999999999999993,0.19999999999999812,0.35,1.1347936391830444,0.34999999999999265,0.34999999999999265,0.34999999999999265,0.34999999999999265,0.349999999999972,1.0,0.6876941323280334,0.9999999999999982,0.9999999999999982,0.9999999999999982,0.9999999999999982,0.9999999999999925
0.4814453125,0.2,0.6994961500167847,0.1999999999999993,0.1999999999999993,0.1999999999999993,0.1999999999999993,0.19999999999999804,0.35,1.1246793270111084,0.34999999999999265,0.34999999999999265,0.34999999999999265,0.34999999999999265,0.34999999999997167,1.0,0.6930220723152161,0.9999999999999982,0.9999999999999982,0.9999999999999982,0.9999999999999982,0.9999999999999925
0.4833984375,0.2,0.6922767162322998,0.1999999999999993,0.1999999999999993,0.1999999999999993,0.1999999999999993,0.199999999999998,0.35,1.1138678789138794,0.34999999999999265,0.34999999999999265,0.34999999999999265,0.34999999999999265,0.34999999999997167,1.0,0.6992565989494324,0.9999999999999982,0.9999999999999982,0.9999999999999982,0.9999999999999982,0.9999999999999927
0.4853515625,0.2,0.6840428113937378,0.1999999999999993,0.1999999999999993,0.1999999999999993,0.1999999999999993,0.199999999999998,0.35,1.1026685237884521,0.34999999999999254,0.34999999999999254,0.34999999999999254,0.34999999999999254,0.3499999999999723,1.0,0.7062100172042847,0.9999999999999983,0.9999999999999983,0.9999999999999983,0.9999999999999983,0.9999999999999925
0.4873046875,0.2,0.6752068996429443,0.1999999999999993,0.1999999999999993,0.1999999999999993,0.1999999999999993,0.19999999999999796,0.35,1.0914348363876343,0.34999999999999254,0.34999999999999254,0.34999999999999254,0.34999999999999254,0.34999999999997267,1.0,0.7136502265930176,0.9999999999999983,0.9999999999999983,0.9999999999999983,0.9999999999999983,0.9999999999999923
0.4892578125,0.2,0.6661846041679382,0.1999999999999993,0.1999999999999993,0.1999999999999993,0.1999999999999993,0.19999999999999796,0.35,1.08053719997406,0.34999999999999254,0.34999999999999254,0.34999999999999254,0.34999999999999254,0.3499999999999726,1.0,0.7213137149810791,0.9999999999999983,0.9999999999999983,0.9999999999999983,0.9999999999999983,0.9999999999999923
0.4912109375,0.2,0.6573660373687744,0.1999999999999993,0.1999999999999993,0.1999999999999993,0.1999999999999993,0.19999999999999796,0.35,1.070326805114746,0.34999999999999254,0.34999999999999254,0.34999999999999254,0.34999999999999254,0.34999999999997183,1.0,0.7289214134216309,0.9999999999999983,0.9999999999999983,0.9999999999999983,0.9999999999999983,0.9999999999999925
0.4931640625,0.2,0.6490910649299622,0.1999999999999993,0.1999999999999993,0.1999999999999993,0.1999999999999993,0.19999999999999796,0.35,1.0611035823822021,0.3499999999999931,0.3499999999999931,0.3499999999999931,0.3499999999999931,0.34999999999997133,1.0,0.736199140548706,0.9999999999999978,0.9999999999999978,0.9999999999999978,0.9999999999999978,0.9999999999999929
0.4951171875,0.2,0.6402445435523987,0.1999999999999993,0.1999999999999993,0.1999999999999993,0.1999999999999993,0.19999999999999796,0.35,1.0530868768692017,0.3499999999999931,0.3499999999999931,0.3499999999999931,0.3499999999999931,0.34999999999997194,1.0,0.7428978085517883,0.9999999999999978,0.9999999999999978,0.9999999999999978,0.9999999999999978,0.9999999999999927
0.4970703125,0.2,0.6339447498321533,0.1999999999999993,0.1999999999999993,0.1999999999999993,0.1999999999999993,0.19999999999999787,0.35,1.0464000701904297,0.3499999999999931,0.3499999999999931,0.3499999999999931,0.3499999999999931,0.34999999999997206,1.0,0.7488123178482056,0.9999999999999978,0.9999999999999978,0.9999999999999978,0.9999999999999978,0.9999999999999927
0.4990234375,0.2,0.6298389434814453,0.1999999999999993,0.1999999999999993,0.1999999999999993,0.1999999999999993,0.19999999999999807,0.35,1.0410683155059814,0.3499999999999931,0.3499999999999931,0.3499999999999931,0.3499999999999931,0.34999999999997217,1.0,0.7537939548492432,0.9999999999999978,0.9999999999999978,0.9999999999999978,0.9999999999999978,0.9999999999999929
0.5009765625,0.2,0.6256456971168518,0.1999999999999992,0.1999999999999992,0.1999999999999992,0.1999999999999992,0.19999999999999835,0.35,1.0370292663574219,0.3499999999999933,0.3499999999999933,0.3499999999999933,0.3499999999999933,0.34999999999997256,1.0,0.7577567100524902,0.9999999999999978,0.9999999999999978,0.9999999999999978,0.9999999999999978,0.999999999999993
0.5029296875,0.2,0.6214985847473145,0.1999999999999992,0.1999999999999992,0.1999999999999992,0.1999999999999992,0.1999999999999983,0.35,1.034153699874878,0.3499999999999933,0.3499999999999933,0.3499999999999933,0.3499999999999933,0.3499999999999715,1.0,0.7606790065765381,0.9999999999999978,0.9999999999999978,0.9999999999999978,0.9999999999999978,0.999999999999993
0.5048828125,0.2,0.6170010566711426,0.1999999999999992,0.1999999999999992,0.1999999999999992,0.1999999999999992,0.1999999999999983,0.35,1.032270908355713,0.3499999999999933,0.3499999999999933,0.3499999999999933,0.3499999999999933,0.34999999999997083,1.0,0.7625999450683594,0.9999999999999978,0.9999999999999978,0.9999999999999978,0.9999999999999978,0.9999999999999932
0.5068359375,0.2,0.612507700920105,0.1999999999999992,0.1999999999999992,0.1999999999999992,0.1999999999999992,0.19999999999999804,0.35,1.0311940908432007,0.3499999999999933,0.3499999999999933,0.3499999999999933,0.3499999999999933,0.3499999999999712,1.0,0.7669234275817871,0.9999999999999978,0.9999999999999978,0.9999999999999978,0.9999999999999978,0.9999999999999929
0.5087890625,0.2,0.6081287860870361,0.1999999999999992,0.1999999999999992,0.1999999999999992,0.1999999999999992,0.19999999999999804,0.35,1.0307399034500122,0.3499999999999927,0.3499999999999927,0.3499999999999927,0.3499999999999927,0.34999999999997156,1.0,0.777883768081665,0.9999999999999978,0.9999999999999978,0.9999999999999978,0.9999999999999978,0.9999999999999927
0.5107421875,0.2,0.6039677858352661,0.1999999999999992,0.1999999999999992,0.1999999999999992,0.1999999999999992,0.19999999999999804,0.35,1.030746340751648,0.3499999999999927,0.3499999999999927,0.3499999999999927,0.3499999999999927,0.34999999999997133,1.0,0.7874372005462646,0.9999999999999978,0.9999999999999978,0.9999999999999978,0.9999999999999978,0.999999999999993
0.5126953125,0.2,0.6002248525619507,0.1999999999999992,0.1999999999999992,0.1999999999999992,0.1999999999999992,0.19999999999999804,0.35,1.0310808420181274,0.3499999999999927,0.3499999999999927,0.3499999999999927,0.3499999999999927,0.34999999999997167,1.0,0.7955335378646851,0.9999999999999978,0.9999999999999978,0.9999999999999978,0.9999999999999978,0.9999999999999929
0.5146484375,0.2,0.6039672493934631,0.1999999999999992,0.1999999999999992,0.1999999999999992,0.1999999999999992,0.19999999999999796,0.35,1.031646728515625,0.3499999999999927,0.3499999999999927,0.3499999999999927,0.3499999999999927,0.34999999999997194,1.0,0.8022124767303467,0.9999999999999978,0.9999999999999978,0.9999999999999978,0.9999999999999978,0.9999999999999929
0.5166015625,0.2,0.6079052686691284,0.1999999999999992,0.1999999999999992,0.1999999999999992,0.1999999999999992,0.19999999999999787,0.35,1.0323817729949951,0.349999999999993,0.349999999999993,0.349999999999993,0.349999999999993,0.3499999999999723,1.0,0.8075937032699585,0.9999999999999978,0.9999999999999978,0.9999999999999978,0.9999999999999978,0.9999999999999927
0.5185546875,0.2,0.6115274429321289,0.1999999999999992,0.1999999999999992,0.1999999999999992,0.1999999999999992,0.19999999999999818,0.35,1.0316766500473022,0.349999999999993,0.349999999999993,0.349999999999993,0.349999999999993,0.3499999999999724,1.0,0.8118642568588257,0.9999999999999978,0.9999999999999978,0.9999999999999978,0.9999999999999978,0.9999999999999927
0.5205078125,0.2,0.6143664121627808,0.1999999999999992,0.1999999999999992,0.1999999999999992,0.1999999999999992,0.19999999999999796,0.35,1.0253576040267944,0.349999999999993,0.349999999999993,0.349999999999993,0.349999999999993,0.349999999999973,1.0,0.8152636289596558,0.9999999999999978,0.9999999999999978,0.9999999999999978,0.9999999999999978,0.9999999999999927
0.5224609375,0.2,0.6160277724266052,0.1999999999999992,0.1999999999999992,0.1999999999999992,0.1999999999999992,0.19999999999999804,0.35,1.0187714099884033,0.349999999999993,0.349999999999993,0.349999999999993,0.349999999999993,0.3499999999999735,1.0,0.8180680274963379,0.9999999999999978,0.9999999999999978,0.9999999999999978,0.9999999999999978,0.9999999999999925
0.5244140625,0.2,0.6162145733833313,0.1999999999999992,0.1999999999999992,0.1999999999999992,0.1999999999999992,0.1999999999999983,0.35,1.0118540525436401,0.3499999999999937,0.3499999999999937,0.3499999999999937,0.3499999999999937,0.3499999999999736,1.0,0.8205743432044983,0.9999999999999977,0.9999999999999977,0.9999999999999977,0.9999999999999977,0.9999999999999925
0.5263671875,0.2,0.6147459745407104,0.1999999999999992,0.1999999999999992,0.1999999999999992,0.1999999999999992,0.1999999999999982,0.35,1.0045868158340454,0.3499999999999937,0.3499999999999937,0.3499999999999937,0.3499999999999937,0.3499999999999742,1.0,0.8230838775634766,0.9999999999999977,0.9999999999999977,0.9999999999999977,0.9999999999999977,0.999999999999992
0.5283203125,0.2,0.6115689873695374,0.1999999999999992,0.1999999999999992,0.1999999999999992,0.1999999999999992,0.1999999999999982,0.35,0.9969902038574219,0.3499999999999937,0.3499999999999937,0.3499999999999937,0.3499999999999937,0.3499999999999735,1.0,0.8258844614028931,0.9999999999999977,0.9999999999999977,0.9999999999999977,0.9999999999999977,0.9999999999999925
0.5302734375,0.2,0.6067621111869812,0.1999999999999992,0.1999999999999992,0.1999999999999992,0.1999999999999992,0.199999999999998,0.35,0.9891173839569092,0.3499999999999937,0.3499999999999937,0.3499999999999937,0.3499999999999937,0.3499999999999725,1.0,0.8292330503463745,0.9999999999999977,0.9999999999999977,0.9999999999999977,0.9999999999999977,0.999999999999992
0.5322265625,0.2,0.6005314588546753,0.1999999999999992,0.1999999999999992,0.1999999999999992,0.1999999999999992,0.19999999999999796,0.35,0.9810444116592407,0.3499999999999947,0.3499999999999947,0.3499999999999947,0.3499999999999947,0.3499999999999707,1.0,0.8333401083946228,0.9999999999999978,0.9999999999999978,0.9999999999999978,0.9999999999999978,0.9999999999999929
0.5341796875,0.2,0.5931951403617859,0.1999999999999992,0.1999999999999992,0.1999999999999992,0.1999999999999992,0.19999999999999796,0.35,0.9728637933731079,0.3499999999999947,0.3499999999999947,0.3499999999999947,0.3499999999999947,0.34999999999997133,1.0,0.8383542895317078,0.9999999999999978,0.9999999999999978,0.9999999999999978,0.9999999999999978,0.9999999999999929
0.5361328125,0.2,0.5851588249206543,0.1999999999999992,0.1999999999999992,0.1999999999999992,0.1999999999999992,0.19999999999999787,0.35,0.9646748304367065,0.3499999999999947,0.3499999999999947,0.3499999999999947,0.3499999999999947,0.3499999999999713,1.0,0.8443517684936523,0.9999999999999978,0.9999999999999978,0.9999999999999978,0.9999999999999978,0.999999999999993
0.5380859375,0.2,0.5768823027610779,0.1999999999999992,0.1999999999999992,0.1999999999999992,0.1999999999999992,0.19999999999999787,0.35,0.9565786123275757,0.3499999999999947,0.3499999999999947,0.3499999999999947,0.3499999999999947,0.34999999999997156,1.0,0.8513289093971252,0.9999999999999978,0.9999999999999978,0.9999999999999978,0.9999999999999978,0.999999999999993
0.5400390625,0.2,0.5688393712043762,0.1999999999999993,0.1999999999999993,0.1999999999999993,0.1999999999999993,0.19999999999999796,0.35,0.9486720561981201,0.3499999999999945,0.3499999999999945,0.3499999999999945,0.3499999999999945,0.34999999999997233,1.0,0.8592016696929932,0.9999999999999978,0.9999999999999978,0.9999999999999978,0.9999999999999978,0.999999999999993
0.5419921875,0.2,0.5642162561416626,0.1999999999999993,0.1999999999999993,0.1999999999999993,0.1999999999999993,0.19999999999999812,0.35,0.9410427808761597,0.3499999999999945,0.3499999999999945,0.3499999999999945,0.3499999999999945,0.34999999999997194,1.0,0.8678106665611267,0.9999999999999978,0.9999999999999978,0.9999999999999978,0.9999999999999978,0.999999999999993
0.5439453125,0.2,0.5606826543807983,0.1999999999999993,0.1999999999999993,0.1999999999999993,0.1999999999999993,0.19999999999999796,0.35,0.9337658882141113,0.3499999999999945,0.3499999999999945,0.3499999999999945,0.3499999999999945,0.34999999999997194,1.0,0.8769344091415405,0.9999999999999978,0.9999999999999978,0.9999999999999978,0.9999999999999978,0.999999999999993
0.5458984375,0.2,0.5570929646492004,0.1999999999999993,0.1999999999999993,0.1999999999999993,0.1999999999999993,0.19999999999999812,0.35,0.9268993139266968,0.3499999999999945,0.3499999999999945,0.3499999999999945,0.3499999999999945,0.3499999999999722,1.0,0.8863059282302856,0.9999999999999978,0.9999999999999978,0.9999999999999978,0.9999999999999978,0.999999999999993
0.5478515625,0.2,0.5535823106765747,0.1999999999999993,0.1999999999999993,0.1999999999999993,0.1999999999999993,0.19999999999999818,0.35,0.9204827547073364,0.3499999999999943,0.3499999999999943,0.3499999999999943,0.3499999999999943,0.3499999999999724,1.0,0.895635187625885,0.9999999999999982,0.9999999999999982,0.9999999999999982,0.9999999999999982,0.9999999999999929
0.5498046875,0.2,0.5503019094467163,0.1999999999999993,0.1999999999999993,0.1999999999999993,0.1999999999999993,0.1999999999999982,0.35,0.9145349264144897,0.3499999999999943,0.3499999999999943,0.3499999999999943,0.3499999999999943,0.34999999999997294,1.0,0.9046317338943481,0.9999999999999982,0.9999999999999982,0.9999999999999982,0.9999999999999982,0.9999999999999927
0.5517578125,0.2,0.5474127531051636,0.1999999999999993,0.1999999999999993,0.1999999999999993,0.1999999999999993,0.1999999999999982,0.35,0.9090554714202881,0.3499999999999943,0.3499999999999943,0.3499999999999943,0.3499999999999943,0.34999999999997305,1.0,0.9130250215530396,0.9999999999999982,0.9999999999999982,0.9999999999999982,0.9999999999999982,0.9999999999999929
0.5537109375,0.2,0.5458646416664124,0.1999999999999993,0.1999999999999993,0.1999999999999993,0.1999999999999993,0.19999999999999837,0.35,0.9040274620056152,0.3499999999999943,0.3499999999999943,0.3499999999999943,0.3499999999999943,0.3499999999999737,1.0,0.9205823540687561,0.9999999999999982,0.9999999999999982,0.9999999999999982,0.9999999999999982,0.9999999999999927
0.5556640625,0.2,0.5480650067329407,0.19999999999999937,0.19999999999999937,0.19999999999999937,0.19999999999999937,0.19999999999999854,0.35,0.8994218111038208,0.3499999999999947,0.3499999999999947,0.3499999999999947,0.3499999999999947,0.34999999999997405,1.0,0.927121639251709,0.9999999999999978,0.9999999999999978,0.9999999999999978,0.9999999999999978,0.999999999999993
0.5576171875,0.2,0.5510199666023254,0.19999999999999937,0.19999999999999937,0.19999999999999937,0.19999999999999937,0.19999999999999854,0.35,0.8952044248580933,0.3499999999999947,0.3499999999999947,0.3499999999999947,0.3499999999999947,0.34999999999997405,1.0,0.932519257068634,0.9999999999999978,0.9999999999999978,0.9999999999999978,0.9999999999999978,0.999999999999993
0.5595703125,0.2,0.5543302297592163,0.19999999999999937,0.19999999999999937,0.19999999999999937,0.19999999999999937,0.19999999999999835,0.35,0.8913432359695435,0.3499999999999947,0.3499999999999947,0.3499999999999947,0.3499999999999947,0.3499999999999741,1.0,0.9367126822471619,0.9999999999999978,0.9999999999999978,0.9999999999999978,0.9999999999999978,0.999999999999993
0.5615234375,0.2,0.5575730204582214,0.19999999999999937,0.19999999999999937,0.19999999999999937,0.19999999999999937,0.19999999999999818,0.35,0.8878133296966553,0.3499999999999947,0.3499999999999947,0.3499999999999947,0.3499999999999947,0.34999999999997405,1.0,0.9397009015083313,0.9999999999999978,0.9999999999999978,0.9999999999999978,0.9999999999999978,0.999999999999993
0.5634765625,0.2,0.5603342056274414,0.19999999999999962,0.19999999999999962,0.19999999999999962,0.19999999999999962,0.19999999999999818,0.35,0.8846032619476318,0.34999999999999404,0.34999999999999404,0.34999999999999404,0.34999999999999404,0.3499999999999732,1.0,0.941541850566864,0.9999999999999982,0.9999999999999982,0.9999999999999982,0.9999999999999982,0.999999999999993
0.5654296875,0.2,0.5622422695159912,0.19999999999999962,0.19999999999999962,0.19999999999999962,0.19999999999999962,0.19999999999999804,0.35,0.8817178010940552,0.34999999999999404,0.34999999999999404,0.34999999999999404,0.34999999999999404,0.34999999999997294,1.0,0.9423478245735168,0.9999999999999982,0.9999999999999982,0.9999999999999982,0.9999999999999982,0.9999999999999936
0.5673828125,0.2,0.5630000829696655,0.19999999999999962,0.19999999999999962,0.19999999999999962,0.19999999999999962,0.19999999999999804,0.35,0.8791790008544922,0.34999999999999404,0.34999999999999404,0.34999999999999404,0.34999999999999404,0.3499999999999737,1.0,0.9422812461853027,0.9999999999999982,0.9999999999999982,0.9999999999999982,0.9999999999999982,0.9999999999999933
0.5693359375,0.2,0.5624119639396667,0.19999999999999962,0.19999999999999962,0.19999999999999962,0.19999999999999962,0.199999999999998,0.35,0.8770248889923096,0.34999999999999404,0.34999999999999404,0.34999999999999404,0.34999999999999404,0.3499999999999743,1.0,0.9415477514266968,0.9999999999999982,0.9999999999999982,0.9999999999999982,0.9999999999999982,0.9999999999999933
0.5712890625,0.2,0.5688363909721375,0.19999999999999962,0.19999999999999962,0.19999999999999962,0.19999999999999962,0.19999999999999796,0.35,0.8753064870834351,0.3499999999999944,0.3499999999999944,0.3499999999999944,0.3499999999999944,0.34999999999997417,1.0,0.9403875470161438,0.9999999999999978,0.9999999999999978,0.9999999999999978,0.9999999999999978,0.9999999999999936
0.5732421875,0.2,0.576842725276947,0.19999999999999962,0.19999999999999962,0.19999999999999962,0.19999999999999962,0.19999999999999796,0.35,0.8740829229354858,0.3499999999999944,0.3499999999999944,0.3499999999999944,0.3499999999999944,0.34999999999997444,1.0,0.9390649199485779,0.9999999999999978,0.9999999999999978,0.9999999999999978,0.9999999999999978,0.9999999999999933
0.5751953125,0.2,0.5840662121772766,0.19999999999999962,0.19999999999999962,0.19999999999999962,0.19999999999999962,0.19999999999999796,0.35,0.8734143972396851,0.3499999999999944,0.3499999999999944,0.3499999999999944,0.3499999999999944,0.34999999999997433,1.0,0.9378553032875061,0.9999999999999978,0.9999999999999978,0.9999999999999978,0.9999999999999978,0.9999999999999936
0.5771484375,0.2,0.5849124193191528,0.19999999999999962,0.19999999999999962,0.19999999999999962,0.19999999999999962,0.19999999999999812,0.35,0.8733558654785156,0.3499999999999944,0.3499999999999944,0.3499999999999944,0.3499999999999944,0.34999999999997494,1.0,0.9370296001434326,0.9999999999999978,0.9999999999999978,0.9999999999999978,0.9999999999999978,0.9999999999999933
0.5791015625,0.2,0.5866363644599915,0.19999999999999962,0.19999999999999962,0.19999999999999962,0.19999999999999962,0.19999999999999804,0.35,0.8739463090896606,0.34999999999999437,0.34999999999999437,0.34999999999999437,0.34999999999999437,0.3499999999999753,1.0,0.9368405938148499,0.9999999999999978,0.9999999999999978,0.9999999999999978,0.9999999999999978,0.9999999999999933
0.5810546875,0.2,0.5893248319625854,0.19999999999999962,0.19999999999999962,0.19999999999999962,0.19999999999999962,0.19999999999999812,0.35,0.8752032518386841,0.34999999999999437,0.34999999999999437,0.34999999999999437,0.34999999999999437,0.3499999999999757,1.0,0.9375048875808716,0.9999999999999978,0.9999999999999978,0.9999999999999978,0.9999999999999978,0.999999999999993
0.5830078125,0.2,0.5930294990539551,0.19999999999999962,0.19999999999999962,0.19999999999999962,0.19999999999999962,0.19999999999999804,0.35,0.877112627029419,0.34999999999999437,0.34999999999999437,0.34999999999999437,0.34999999999999437,0.34999999999997555,1.0,0.9391910433769226,0.9999999999999978,0.9999999999999978,0.9999999999999978,0.9999999999999978,0.999999999999993
0.5849609375,0.2,0.5977588295936584,0.19999999999999962,0.19999999999999962,0.19999999999999962,0.19999999999999962,0.19999999999999804,0.35,0.8796237707138062,0.34999999999999437,0.34999999999999437,0.34999999999999437,0.34999999999999437,0.34999999999997583,1.0,0.942008376121521,0.9999999999999978,0.9999999999999978,0.9999999999999978,0.9999999999999978,0.999999999999993
0.5869140625,0.2,0.6034717559814453,0.1999999999999997,0.1999999999999997,0.1999999999999997,0.1999999999999997,0.19999999999999812,0.35,0.8826466798782349,0.3499999999999934,0.3499999999999934,0.3499999999999934,0.3499999999999934,0.34999999999997583,1.0,0.9460000395774841,0.9999999999999978,0.9999999999999978,0.9999999999999978,0.9999999999999978,0.999999999999993
0.5888671875,0.2,0.6100738048553467,0.1999999999999997,0.1999999999999997,0.1999999999999997,0.1999999999999997,0.19999999999999835,0.35,0.8860518932342529,0.3499999999999934,0.3499999999999934,0.3499999999999934,0.3499999999999934,0.3499999999999758,1.0,0.9511416554450989,0.9999999999999978,0.9999999999999978,0.9999999999999978,0.9999999999999978,0.999999999999993
0.5908203125,0.2,0.6174157857894897,0.1999999999999997,0.1999999999999997,0.1999999999999997,0.1999999999999997,0.1999999999999985,0.35,0.8896752595901489,0.3499999999999934,0.3499999999999934,0.3499999999999934,0.3499999999999934,0.3499999999999757,1.0,0.9573413133621216,0.9999999999999978,0.9999999999999978,0.9999999999999978,0.9999999999999978,0.999999999999993
0.5927734375,0.2,0.6252970695495605,0.1999999999999997,0.1999999999999997,0.1999999999999997,0.1999999999999997,0.1999999999999983,0.35,0.8933247327804565,0.3499999999999934,0.3499999999999934,0.3499999999999934,0.3499999999999934,0.3499999999999765,1.0,0.9644480347633362,0.9999999999999978,0.9999999999999978,0.9999999999999978,0.9999999999999978,0.9999999999999927
0.5947265625,0.2,0.6334706544876099,0.19999999999999968,0.19999999999999968,0.19999999999999968,0.19999999999999968,0.19999999999999818,0.35,0.8967922925949097,0.3499999999999929,0.3499999999999929,0.3499999999999929,0.3499999999999929,0.34999999999997683,1.0,0.972260594367981,0.9999999999999982,0.9999999999999982,0.9999999999999982,0.9999999999999982,0.9999999999999927
0.5966796875,0.2,0.6416537165641785,0.19999999999999968,0.19999999999999968,0.19999999999999968,0.19999999999999968,0.19999999999999812,0.35,0.8998668193817139,0.3499999999999929,0.3499999999999929,0.3499999999999929,0.3499999999999929,0.3499999999999764,1.0,0.9805403351783752,0.9999999999999982,0.9999999999999982,0.9999999999999982,0.9999999999999982,0.9999999999999929
0.5986328125,0.2,0.6495404243469238,0.19999999999999968,0.19999999999999968,0.19999999999999968,0.19999999999999968,0.19999999999999818,0.35,0.9023488759994507,0.3499999999999929,0.3499999999999929,0.3499999999999929,0.3499999999999929,0.34999999999997616,1.0,0.9890254139900208,0.9999999999999982,0.9999999999999982,0.9999999999999982,0.9999999999999982,0.9999999999999929
0.6005859375,0.2,0.6568197011947632,0.19999999999999968,0.19999999999999968,0.19999999999999968,0.19999999999999968,0.1999999999999985,0.35,0.9040654897689819,0.3499999999999929,0.3499999999999929,0.3499999999999929,0.3499999999999929,0.3499999999999753,1.0,0.997447669506073,0.9999999999999982,0.9999999999999982,0.9999999999999982,0.9999999999999982,0.999999999999993
0.6025390625,0.2,0.6631936430931091,0.19999999999999954,0.19999999999999954,0.19999999999999954,0.19999999999999954,0.1999999999999983,0.35,0.9048845767974854,0.34999999999999337,0.34999999999999337,0.34999999999999337,0.34999999999999337,0.3499999999999743,1.0,1.005545735359192,0.9999999999999978,0.9999999999999978,0.9999999999999978,0.9999999999999978,0.999999999999993
0.6044921875,0.2,0.6683979034423828,0.19999999999999954,0.19999999999999954,0.19999999999999954,0.19999999999999954,0.1999999999999983,0.35,0.9047272205352783,0.34999999999999337,0.34999999999999337,0.34999999999999337,0.34999999999999337,0.3499999999999739,1.0,1.0130817890167236,0.9999999999999978,0.9999999999999978,0.9999999999999978,0.9999999999999978,0.999999999999993
0.6064453125,0.2,0.6722205281257629,0.19999999999999954,0.19999999999999954,0.19999999999999954,0.19999999999999954,0.1999999999999983,0.35,0.9035767316818237,0.34999999999999337,0.34999999999999337,0.34999999999999337,0.34999999999999337,0.349999999999974,1.0,1.0198535919189453,0.9999999999999978,0.9999999999999978,0.9999999999999978,0.9999999999999978,0.999999999999993
0.6083984375,0.2,0.6745202541351318,0.19999999999999954,0.19999999999999954,0.19999999999999954,0.19999999999999954,0.1999999999999983,0.35,0.9014829397201538,0.34999999999999337,0.34999999999999337,0.34999999999999337,0.34999999999999337,0.34999999999997417,1.0,1.0257055759429932,0.9999999999999978,0.9999999999999978,0.9999999999999978,0.9999999999999978,0.999999999999993
0.6103515625,0.2,0.6752369999885559,0.19999999999999954,0.19999999999999954,0.19999999999999954,0.19999999999999954,0.1999999999999982,0.35,0.8985646963119507,0.34999999999999337,0.34999999999999337,0.34999999999999337,0.34999999999999337,0.3499999999999746,1.0,1.030535101890564,0.9999999999999978,0.9999999999999978,0.9999999999999978,0.9999999999999978,0.9999999999999929
0.6123046875,0.2,0.6743986010551453,0.19999999999999954,0.19999999999999954,0.19999999999999954,0.19999999999999954,0.1999999999999982,0.35,0.8950039148330688,0.34999999999999337,0.34999999999999337,0.34999999999999337,0.34999999999999337,0.34999999999997433,1.0,1.0342955589294434,0.9999999999999978,0.9999999999999978,0.9999999999999978,0.9999999999999978,0.999999999999993
0.6142578125,0.2,0.6721217632293701,0.19999999999999954,0.19999999999999954,0.19999999999999954,0.19999999999999954,0.1999999999999982,0.35,0.8910369873046875,0.34999999999999337,0.34999999999999337,0.34999999999999337,0.34999999999999337,0.3499999999999748,1.0,1.036995530128479,0.9999999999999978,0.9999999999999978,0.9999999999999978,0.9999999999999978,0.9999999999999929
0.6162109375,0.2,0.6686019897460938,0.19999999999999954,0.19999999999999954,0.19999999999999954,0.19999999999999954,0.19999999999999818,0.35,0.8869420289993286,0.34999999999999337,0.34999999999999337,0.34999999999999337,0.34999999999999337,0.34999999999997505,1.0,1.0386931896209717,0.9999999999999978,0.9999999999999978,0.9999999999999978,0.9999999999999978,0.9999999999999929
0.6181640625,0.2,0.6641000509262085,0.19999999999999954,0.19999999999999954,0.19999999999999954,0.19999999999999954,0.19999999999999796,0.35,0.8830218315124512,0.3499999999999939,0.3499999999999939,0.3499999999999939,0.3499999999999939,0.3499999999999757,1.0,1.0394850969314575,0.9999999999999978,0.9999999999999978,0.9999999999999978,0.9999999999999978,0.9999999999999927
0.6201171875,0.2,0.6589214205741882,0.19999999999999954,0.19999999999999954,0.19999999999999954,0.19999999999999954,0.19999999999999796,0.35,0.8795838356018066,0.3499999999999939,0.3499999999999939,0.3499999999999939,0.3499999999999939,0.34999999999997655,1.0,1.0394964218139648,0.9999999999999978,0.9999999999999978,0.9999999999999978,0.9999999999999978,0.9999999999999927
0.6220703125,0.2,0.6533937454223633,0.19999999999999954,0.19999999999999954,0.19999999999999954,0.19999999999999954,0.19999999999999796,0.35,0.8769207000732422,0.3499999999999939,0.3499999999999939,0.3499999999999939,0.3499999999999939,0.34999999999997694,1.0,1.0388667583465576,0.9999999999999978,0.9999999999999978,0.9999999999999978,0.9999999999999978,0.9999999999999927
0.6240234375,0.2,0.6478418707847595,0.19999999999999954,0.19999999999999954,0.19999999999999954,0.19999999999999954,0.19999999999999796,0.35,0.8752896785736084,0.3499999999999939,0.3499999999999939,0.3499999999999939,0.3499999999999939,0.34999999999997666,1.0,1.0377370119094849,0.9999999999999978,0.9999999999999978,0.9999999999999978,0.9999999999999978,0.9999999999999927
0.6259765625,0.2,0.6425676941871643,0.19999999999999954,0.19999999999999954,0.19999999999999954,0.19999999999999954,0.19999999999999804,0.35,0.8748953342437744,0.3499999999999945,0.3499999999999945,0.3499999999999945,0.3499999999999945,0.3499999999999764,1.0,1.0362396240234375,0.9999999999999978,0.9999999999999978,0.9999999999999978,0.9999999999999978,0.999999999999993
0.6279296875,0.2,0.6365684866905212,0.19999999999999954,0.19999999999999954,0.19999999999999954,0.19999999999999954,0.1999999999999983,0.35,0.8758739233016968,0.3499999999999945,0.3499999999999945,0.3499999999999945,0.3499999999999945,0.3499999999999761,1.0,1.0344905853271484,0.9999999999999978,0.9999999999999978,0.9999999999999978,0.9999999999999978,0.999999999999993
0.6298828125,0.2,0.6269155740737915,0.19999999999999954,0.19999999999999954,0.19999999999999954,0.19999999999999954,0.1999999999999983,0.35,0.8782832622528076,0.3499999999999945,0.3499999999999945,0.3499999999999945,0.3499999999999945,0.3499999999999751,1.0,1.0325826406478882,0.9999999999999978,0.9999999999999978,0.9999999999999978,0.9999999999999978,0.9999999999999933
0.6318359375,0.2,0.617129385471344,0.19999999999999954,0.19999999999999954,0.19999999999999954,0.19999999999999954,0.1999999999999983,0.35,0.8820972442626953,0.3499999999999945,0.3499999999999945,0.3499999999999945,0.3499999999999945,0.34999999999997455,1.0,1.0305887460708618,0.9999999999999978,0.9999999999999978,0.9999999999999978,0.9999999999999978,0.9999999999999936
0.6337890625,0.2,0.6074867248535156,0.19999999999999954,0.19999999999999954,0.19999999999999954,0.19999999999999954,0.1999999999999983,0.35,0.8872048854827881,0.34999999999999487,0.34999999999999487,0.34999999999999487,0.34999999999999487,0.349999999999975,1.0,1.0285592079162598,0.9999999999999978,0.9999999999999978,0.9999999999999978,0.9999999999999978,0.9999999999999936
0.6357421875,0.2,0.5982725024223328,0.19999999999999954,0.19999999999999954,0.19999999999999954,0.19999999999999954,0.1999999999999983,0.35,0.8934156894683838,0.34999999999999487,0.34999999999999487,0.34999999999999487,0.34999999999999487,0.3499999999999751,1.0,1.026525855064392,0.9999999999999978,0.9999999999999978,0.9999999999999978,0.9999999999999978,0.9999999999999938
0.6376953125,0.2,0.5897716879844666,0.19999999999999954,0.19999999999999954,0.19999999999999954,0.19999999999999954,0.19999999999999846,0.35,0.9004693031311035,0.34999999999999487,0.34999999999999487,0.34999999999999487,0.34999999999999487,0.34999999999997566,1.0,1.0245064496994019,0.9999999999999978,0.9999999999999978,0.9999999999999978,0.9999999999999978,0.9999999999999938
0.6396484375,0.2,0.5822561979293823,0.19999999999999954,0.19999999999999954,0.19999999999999954,0.19999999999999954,0.19999999999999846,0.35,0.9080512523651123,0.34999999999999487,0.34999999999999487,0.34999999999999487,0.34999999999999487,0.34999999999997583,1.0,1.022506594657898,0.9999999999999978,0.9999999999999978,0.9999999999999978,0.9999999999999978,0.9999999999999938
0.6416015625,0.2,0.5759705901145935,0.19999999999999954,0.19999999999999954,0.19999999999999954,0.19999999999999954,0.19999999999999837,0.35,0.9158117771148682,0.3499999999999951,0.3499999999999951,0.3499999999999951,0.3499999999999951,0.3499999999999762,1.0,1.0205211639404297,0.9999999999999983,0.9999999999999983,0.9999999999999983,0.9999999999999983,0.9999999999999936
0.6435546875,0.2,0.571115255355835,0.19999999999999954,0.19999999999999954,0.19999999999999954,0.19999999999999954,0.19999999999999846,0.35,0.9233869314193726,0.3499999999999951,0.3499999999999951,0.3499999999999951,0.3499999999999951,0.34999999999997694,1.0,1.018536925315857,0.9999999999999983,0.9999999999999983,0.9999999999999983,0.9999999999999983,0.9999999999999936
0.6455078125,0.2,0.5678282976150513,0.19999999999999954,0.19999999999999954,0.19999999999999954,0.19999999999999954,0.19999999999999837,0.35,0.9304229021072388,0.3499999999999951,0.3499999999999951,0.3499999999999951,0.3499999999999951,0.3499999999999777,1.0,1.016530156135559,0.9999999999999983,0.9999999999999983,0.9999999999999983,0.9999999999999983,0.9999999999999938
0.6474609375,0.2,0.566169798374176,0.19999999999999954,0.19999999999999954,0.19999999999999954,0.19999999999999954,0.19999999999999846,0.35,0.9365979433059692,0.3499999999999951,0.3499999999999951,0.3499999999999951,0.3499999999999951,0.34999999999997794,1.0,1.0144679546356201,0.9999999999999983,0.9999999999999983,0.9999999999999983,0.9999999999999983,0.9999999999999936
0.6494140625,0.2,0.5661073923110962,0.1999999999999998,0.1999999999999998,0.1999999999999998,0.1999999999999998,0.19999999999999837,0.35,0.9416439533233643,0.3499999999999958,0.3499999999999958,0.3499999999999958,0.3499999999999958,0.3499999999999779,1.0,1.0123063325881958,0.9999999999999987,0.9999999999999987,0.9999999999999987,0.9999999999999987,0.9999999999999939
0.6513671875,0.2,0.5675091743469238,0.1999999999999998,0.1999999999999998,0.1999999999999998,0.1999999999999998,0.19999999999999837,0.35,0.9453641176223755,0.3499999999999958,0.3499999999999958,0.3499999999999958,0.3499999999999958,0.34999999999997866,1.0,1.0099929571151733,0.9999999999999987,0.9999999999999987,0.9999999999999987,0.9999999999999987,0.9999999999999939
0.6533203125,0.2,0.5701403021812439,0.1999999999999998,0.1999999999999998,0.1999999999999998,0.1999999999999998,0.19999999999999837,0.35,0.9476443529129028,0.3499999999999958,0.3499999999999958,0.3499999999999958,0.3499999999999958,0.34999999999997844,1.0,1.007468819618225,0.9999999999999987,0.9999999999999987,0.9999999999999987,0.9999999999999987,0.9999999999999936
0.6552734375,0.2,0.5736690163612366,0.1999999999999998,0.1999999999999998,0.1999999999999998,0.1999999999999998,0.19999999999999846,0.35,0.9484604597091675,0.3499999999999958,0.3499999999999958,0.3499999999999958,0.3499999999999958,0.3499999999999785,1.0,1.0046757459640503,0.9999999999999987,0.9999999999999987,0.9999999999999987,0.9999999999999987,0.9999999999999939
0.6572265625,0.2,0.5776800513267517,0.1999999999999998,0.1999999999999998,0.1999999999999998,0.1999999999999998,0.1999999999999985,0.35,0.9478766918182373,0.349999999999996,0.349999999999996,0.349999999999996,0.349999999999996,0.3499999999999786,1.0,1.0015641450881958,0.9999999999999987,0.9999999999999987,0.9999999999999987,0.9999999999999987,0.9999999999999939
0.6591796875,0.2,0.5816973447799683,0.1999999999999998,0.1999999999999998,0.1999999999999998,0.1999999999999998,0.19999999999999846,0.35,0.9460399150848389,0.349999999999996,0.349999999999996,0.349999999999996,0.349999999999996,0.3499999999999789,1.0,1.0072507858276367,0.9999999999999987,0.9999999999999987,0.9999999999999987,0.9999999999999987,0.9999999999999936
0.6611328125,0.2,0.5852146148681641,0.1999999999999998,0.1999999999999998,0.1999999999999998,0.1999999999999998,0.19999999999999835,0.35,0.9431664943695068,0.349999999999996,0.349999999999996,0.349999999999996,0.349999999999996,0.3499999999999792,1.0,1.0125517845153809,0.9999999999999987,0.9999999999999987,0.9999999999999987,0.9999999999999987,0.9999999999999936
0.6630859375,0.2,0.5877323150634766,0.1999999999999998,0.1999999999999998,0.1999999999999998,0.1999999999999998,0.19999999999999835,0.35,0.9395269155502319,0.349999999999996,0.349999999999996,0.349999999999996,0.349999999999996,0.3499999999999795,1.0,1.0173659324645996,0.9999999999999987,0.9999999999999987,0.9999999999999987,0.9999999999999987,0.9999999999999936
0.6650390625,0.2,0.5887940526008606,0.19999999999999962,0.19999999999999962,0.19999999999999962,0.19999999999999962,0.19999999999999835,0.35,0.935427188873291,0.3499999999999957,0.3499999999999957,0.3499999999999957,0.3499999999999957,0.34999999999998005,1.0,1.0216686725616455,0.9999999999999987,0.9999999999999987,0.9999999999999987,0.9999999999999987,0.9999999999999933
0.6669921875,0.2,0.5880224108695984,0.19999999999999962,0.19999999999999962,0.19999999999999962,0.19999999999999962,0.19999999999999837,0.35,0.9311885833740234,0.3499999999999957,0.3499999999999957,0.3499999999999957,0.3499999999999957,0.34999999999998027,1.0,1.025449514389038,0.9999999999999987,0.9999999999999987,0.9999999999999987,0.9999999999999987,0.9999999999999933
0.6689453125,0.2,0.5851454734802246,0.19999999999999962,0.19999999999999962,0.19999999999999962,0.19999999999999962,0.1999999999999985,0.35,0.9271296262741089,0.3499999999999957,0.3499999999999957,0.3499999999999957,0.3499999999999957,0.3499999999999801,1.0,1.0287160873413086,0.9999999999999987,0.9999999999999987,0.9999999999999987,0.9999999999999987,0.9999999999999936
0.6708984375,0.2,0.5800139307975769,0.19999999999999962,0.19999999999999962,0.19999999999999962,0.19999999999999962,0.19999999999999837,0.35,0.9235464334487915,0.3499999999999957,0.3499999999999957,0.3499999999999957,0.3499999999999957,0.3499999999999803,1.0,1.031496286392212,0.9999999999999987,0.9999999999999987,0.9999999999999987,0.9999999999999987,0.9999999999999936
0.6728515625,0.2,0.5726074576377869,0.19999999999999954,0.19999999999999954,0.19999999999999954,0.19999999999999954,0.19999999999999837,0.35,0.9206980466842651,0.34999999999999587,0.34999999999999587,0.34999999999999587,0.34999999999999587,0.34999999999998027,1.0,1.0338413715362549,0.9999999999999987,0.9999999999999987,0.9999999999999987,0.9999999999999987,0.9999999999999938
0.6748046875,0.2,0.5630291700363159,0.19999999999999954,0.19999999999999954,0.19999999999999954,0.19999999999999954,0.19999999999999835,0.35,0.9187918901443481,0.34999999999999587,0.34999999999999587,0.34999999999999587,0.34999999999999587,0.34999999999998077,1.0,1.03581964969635,0.9999999999999987,0.9999999999999987,0.9999999999999987,0.9999999999999987,0.9999999999999938
0.6767578125,0.2,0.5514927506446838,0.19999999999999954,0.19999999999999954,0.19999999999999954,0.19999999999999954,0.19999999999999835,0.35,0.9179733991622925,0.34999999999999587,0.34999999999999587,0.34999999999999587,0.34999999999999587,0.3499999999999809,1.0,1.0375080108642578,0.9999999999999987,0.9999999999999987,0.9999999999999987,0.9999999999999987,0.9999999999999938
0.6787109375,0.2,0.5383029580116272,0.19999999999999954,0.19999999999999954,0.19999999999999954,0.19999999999999954,0.19999999999999846,0.35,0.9183200597763062,0.34999999999999587,0.34999999999999587,0.34999999999999587,0.34999999999999587,0.34999999999998144,1.0,1.0389820337295532,0.9999999999999987,0.9999999999999987,0.9999999999999987,0.9999999999999987,0.9999999999999933
0.6806640625,0.2,0.5238316655158997,0.1999999999999997,0.1999999999999997,0.1999999999999997,0.1999999999999997,0.19999999999999846,0.35,0.9198383092880249,0.34999999999999576,0.34999999999999576,0.34999999999999576,0.34999999999999576,0.34999999999998127,1.0,1.0403035879135132,0.9999999999999987,0.9999999999999987,0.9999999999999987,0.9999999999999987,0.9999999999999936
0.6826171875,0.2,0.5084924697875977,0.1999999999999997,0.1999999999999997,0.1999999999999997,0.1999999999999997,0.19999999999999837,0.35,0.922465443611145,0.34999999999999576,0.34999999999999576,0.34999999999999576,0.34999999999999576,0.34999999999998177,1.0,1.0415048599243164,0.9999999999999987,0.9999999999999987,0.9999999999999987,0.9999999999999987,0.9999999999999936
0.6845703125,0.2,0.49271470308303833,0.1999999999999997,0.1999999999999997,0.1999999999999997,0.1999999999999997,0.19999999999999846,0.35,0.9260753393173218,0.34999999999999576,0.34999999999999576,0.34999999999999576,0.34999999999999576,0.3499999999999812,1.0,1.0425833463668823,0.9999999999999987,0.9999999999999987,0.9999999999999987,0.9999999999999987,0.9999999999999936
0.6865234375,0.2,0.4769180119037628,0.1999999999999997,0.1999999999999997,0.1999999999999997,0.1999999999999997,0.1999999999999985,0.35,0.930489182472229,0.34999999999999576,0.34999999999999576,0.34999999999999576,0.34999999999999576,0.34999999999998055,1.0,1.0434967279434204,0.9999999999999987,0.9999999999999987,0.9999999999999987,0.9999999999999987,0.9999999999999939
0.6884765625,0.2,0.4614903926849365,0.1999999999999998,0.1999999999999998,0.1999999999999998,0.1999999999999998,0.19999999999999854,0.35,0.9354878664016724,0.3499999999999958,0.3499999999999958,0.3499999999999958,0.3499999999999958,0.34999999999997927,1.0,1.0441652536392212,0.9999999999999987,0.9999999999999987,0.9999999999999987,0.9999999999999987,0.9999999999999939
0.6904296875,0.2,0.44676876068115234,0.1999999999999998,0.1999999999999998,0.1999999999999998,0.1999999999999998,0.19999999999999854,0.35,0.9408291578292847,0.3499999999999958,0.3499999999999958,0.3499999999999958,0.3499999999999958,0.34999999999997805,1.0,1.0444833040237427,0.9999999999999987,0.9999999999999987,0.9999999999999987,0.9999999999999987,0.9999999999999942
0.6923828125,0.2,0.4330262839794159,0.1999999999999998,0.1999999999999998,0.1999999999999998,0.1999999999999998,0.1999999999999985,0.35,0.9462639093399048,0.3499999999999958,0.3499999999999958,0.3499999999999958,0.3499999999999958,0.34999999999997805,1.0,1.0443329811096191,0.9999999999999987,0.9999999999999987,0.9999999999999987,0.9999999999999987,0.9999999999999942
0.6943359375,0.2,0.4204648435115814,0.1999999999999998,0.1999999999999998,0.1999999999999998,0.1999999999999998,0.19999999999999846,0.35,0.951554536819458,0.3499999999999958,0.3499999999999958,0.3499999999999958,0.3499999999999958,0.34999999999997805,1.0,1.0436007976531982,0.9999999999999987,0.9999999999999987,0.9999999999999987,0.9999999999999987,0.9999999999999942
0.6962890625,0.2,0.40921279788017273,0.1999999999999998,0.1999999999999998,0.1999999999999998,0.1999999999999998,0.19999999999999846,0.35,0.9564909934997559,0.3499999999999958,0.3499999999999958,0.3499999999999958,0.3499999999999958,0.34999999999997816,1.0,1.0421932935714722,0.9999999999999987,0.9999999999999987,0.9999999999999987,0.9999999999999987,0.9999999999999942
0.6982421875,0.2,0.39932772517204285,0.1999999999999998,0.1999999999999998,0.1999999999999998,0.1999999999999998,0.19999999999999837,0.35,0.960904598236084,0.3499999999999958,0.3499999999999958,0.3499999999999958,0.3499999999999958,0.34999999999997916,1.0,1.0400500297546387,0.9999999999999987,0.9999999999999987,0.9999999999999987,0.9999999999999987,0.9999999999999939
0.7001953125,0.2,0.39080318808555603,0.1999999999999998,0.1999999999999998,0.1999999999999998,0.1999999999999998,0.19999999999999854,0.35,0.9646787643432617,0.3499999999999958,0.3499999999999958,0.3499999999999958,0.3499999999999958,0.34999999999997927,1.0,1.0371484756469727,0.9999999999999987,0.9999999999999987,0.9999999999999987,0.9999999999999987,0.9999999999999939
0.7021484375,0.2,0.38357681035995483,0.1999999999999998,0.1999999999999998,0.1999999999999998,0.1999999999999998,0.19999999999999862,0.35,0.9677557945251465,0.3499999999999958,0.3499999999999958,0.3499999999999958,0.3499999999999958,0.34999999999997883,1.0,1.0335092544555664,0.9999999999999987,0.9999999999999987,0.9999999999999987,0.9999999999999987,0.9999999999999939
0.7041015625,0.2,0.377540647983551,0.1999999999999997,0.1999999999999997,0.1999999999999997,0.1999999999999997,0.1999999999999985,0.35,0.970138430595398,0.3499999999999959,0.3499999999999959,0.3499999999999959,0.3499999999999959,0.3499999999999793,1.0,1.0291918516159058,0.9999999999999987,0.9999999999999987,0.9999999999999987,0.9999999999999987,0.9999999999999939
0.7060546875,0.2,0.3725520074367523,0.1999999999999997,0.1999999999999997,0.1999999999999997,0.1999999999999997,0.19999999999999835,0.35,0.9718868732452393,0.3499999999999959,0.3499999999999959,0.3499999999999959,0.3499999999999959,0.3499999999999806,1.0,1.024290680885315,0.9999999999999987,0.9999999999999987,0.9999999999999987,0.9999999999999987,0.9999999999999936
0.7080078125,0.2,0.3684440553188324,0.1999999999999997,0.1999999999999997,0.1999999999999997,0.1999999999999997,0.19999999999999837,0.35,0.9731112718582153,0.3499999999999959,0.3499999999999959,0.3499999999999959,0.3499999999999959,0.3499999999999804,1.0,1.0189294815063477,0.9999999999999987,0.9999999999999987,0.9999999999999987,0.9999999999999987,0.9999999999999933
0.7099609375,0.2,0.36503756046295166,0.1999999999999997,0.1999999999999997,0.1999999999999997,0.1999999999999997,0.1999999999999983,0.35,0.9739586114883423,0.3499999999999959,0.3499999999999959,0.3499999999999959,0.3499999999999959,0.34999999999998077,1.0,1.01325523853302,0.9999999999999987,0.9999999999999987,0.9999999999999987,0.9999999999999987,0.9999999999999933
0.7119140625,0.2,0.36215105652809143,0.1999999999999997,0.1999999999999997,0.1999999999999997,0.1999999999999997,0.1999999999999983,0.35,0.9745986461639404,0.349999999999996,0.349999999999996,0.349999999999996,0.349999999999996,0.3499999999999801,1.0,1.0074328184127808,0.9999999999999987,0.9999999999999987,0.9999999999999987,0.9999999999999987,0.9999999999999933
0.7138671875,0.2,0.35961130261421204,0.1999999999999997,0.1999999999999997,0.1999999999999997,0.1999999999999997,0.19999999999999846,0.35,0.9752055406570435,0.349999999999996,0.349999999999996,0.349999999999996,0.349999999999996,0.3499999999999792,1.0,1.0016422271728516,0.9999999999999987,0.9999999999999987,0.9999999999999987,0.9999999999999987,0.9999999999999936
0.7158203125,0.2,0.3572618067264557,0.1999999999999997,0.1999999999999997,0.1999999999999997,0.1999999999999997,0.19999999999999837,0.35,0.9759421348571777,0.349999999999996,0.349999999999996,0.349999999999996,0.349999999999996,0.3499999999999787,1.0,0.9960741400718689,0.9999999999999987,0.9999999999999987,0.9999999999999987,0.9999999999999987,0.9999999999999936
0.7177734375,0.2,0.3549700081348419,0.1999999999999997,0.1999999999999997,0.1999999999999997,0.1999999999999997,0.19999999999999837,0.35,0.9769446849822998,0.349999999999996,0.349999999999996,0.349999999999996,0.349999999999996,0.3499999999999786,1.0,0.9909265041351318,0.9999999999999987,0.9999999999999987,0.9999999999999987,0.9999999999999987,0.9999999999999938
0.7197265625,0.2,0.35263264179229736,0.1999999999999998,0.1999999999999998,0.1999999999999998,0.1999999999999998,0.19999999999999837,0.35,0.97831130027771,0.349999999999996,0.349999999999996,0.349999999999996,0.349999999999996,0.3499999999999789,1.0,0.9864010810852051,0.9999999999999987,0.9999999999999987,0.9999999999999987,0.9999999999999987,0.9999999999999936
0.7216796875,0.2,0.3501778841018677,0.1999999999999998,0.1999999999999998,0.1999999999999998,0.1999999999999998,0.1999999999999985,0.35,0.980095624923706,0.349999999999996,0.349999999999996,0.349999999999996,0.349999999999996,0.34999999999997883,1.0,0.9826969504356384,0.9999999999999987,0.9999999999999987,0.9999999999999987,0.9999999999999987,0.9999999999999936
0.7236328125,0.2,0.3475668728351593,0.1999999999999998,0.1999999999999998,0.1999999999999998,0.1999999999999998,0.19999999999999854,0.35,0.9823040962219238,0.349999999999996,0.349999999999996,0.349999999999996,0.349999999999996,0.34999999999997916,1.0,0.9800027012825012,0.9999999999999987,0.9999999999999987,0.9999999999999987,0.9999999999999987,0.9999999999999936
0.7255859375,0.2,0.3447907865047455,0.1999999999999998,0.1999999999999998,0.1999999999999998,0.1999999999999998,0.19999999999999868,0.35,0.9848976135253906,0.349999999999996,0.349999999999996,0.349999999999996,0.349999999999996,0.34999999999997916,1.0,0.9784882068634033,0.9999999999999987,0.9999999999999987,0.9999999999999987,0.9999999999999987,0.9999999999999936
0.7275390625,0.2,0.341868132352829,0.1999999999999997,0.1999999999999997,0.1999999999999997,0.1999999999999997,0.19999999999999862,0.35,0.9877967834472656,0.349999999999996,0.349999999999996,0.349999999999996,0.349999999999996,0.3499999999999794,1.0,0.9782953858375549,0.9999999999999987,0.9999999999999987,0.9999999999999987,0.9999999999999987,0.9999999999999936
0.7294921875,0.2,0.33883899450302124,0.1999999999999997,0.1999999999999997,0.1999999999999997,0.1999999999999997,0.19999999999999854,0.35,0.9908899068832397,0.349999999999996,0.349999999999996,0.349999999999996,0.349999999999996,0.34999999999998044,1.0,0.9795262813568115,0.9999999999999987,0.9999999999999987,0.9999999999999987,0.9999999999999987,0.9999999999999939
0.7314453125,0.2,0.3357582092285156,0.1999999999999997,0.1999999999999997,0.1999999999999997,0.1999999999999997,0.1999999999999985,0.35,0.9940429925918579,0.349999999999996,0.349999999999996,0.349999999999996,0.349999999999996,0.34999999999998044,1.0,0.9822354912757874,0.9999999999999987,0.9999999999999987,0.9999999999999987,0.9999999999999987,0.9999999999999936
0.7333984375,0.2,0.3339642584323883,0.1999999999999997,0.1999999999999997,0.1999999999999997,0.1999999999999997,0.19999999999999837,0.35,0.9971122741699219,0.349999999999996,0.349999999999996,0.349999999999996,0.349999999999996,0.3499999999999804,1.0,0.9864212870597839,0.9999999999999987,0.9999999999999987,0.9999999999999987,0.9999999999999987,0.9999999999999936
0.7353515625,0.2,0.334369421005249,0.19999999999999968,0.19999999999999968,0.19999999999999968,0.19999999999999968,0.19999999999999835,0.35,0.9999566078186035,0.3499999999999959,0.3499999999999959,0.3499999999999959,0.3499999999999959,0.34999999999998044,1.0,0.9920220375061035,0.9999999999999987,0.9999999999999987,0.9999999999999987,0.9999999999999987,0.9999999999999936
0.7373046875,0.2,0.33459562063217163,0.19999999999999968,0.19999999999999968,0.19999999999999968,0.19999999999999968,0.19999999999999837,0.35,1.0024508237838745,0.3499999999999959,0.3499999999999959,0.3499999999999959,0.3499999999999959,0.3499999999999804,1.0,0.9989139437675476,0.9999999999999987,0.9999999999999987,0.9999999999999987,0.9999999999999987,0.9999999999999938
0.7392578125,0.2,0.3345351219177246,0.19999999999999968,0.19999999999999968,0.19999999999999968,0.19999999999999968,0.1999999999999983,0.35,1.0044984817504883,0.3499999999999959,0.3499999999999959,0.3499999999999959,0.3499999999999959,0.3499999999999812,1.0,1.006914496421814,0.9999999999999987,0.9999999999999987,0.9999999999999987,0.9999999999999987,0.9999999999999933
0.7412109375,0.2,0.33407989144325256,0.19999999999999968,0.19999999999999968,0.19999999999999968,0.19999999999999968,0.1999999999999982,0.35,1.0060428380966187,0.3499999999999959,0.3499999999999959,0.3499999999999959,0.3499999999999959,0.34999999999998105,1.0,1.0157887935638428,0.9999999999999987,0.9999999999999987,0.9999999999999987,0.9999999999999987,0.9999999999999933
0.7431640625,0.2,0.3331301510334015,0.19999999999999968,0.19999999999999968,0.19999999999999968,0.19999999999999968,0.1999999999999982,0.35,1.0070749521255493,0.34999999999999604,0.34999999999999604,0.34999999999999604,0.34999999999999604,0.34999999999998044,1.0,1.0252608060836792,0.9999999999999987,0.9999999999999987,0.9999999999999987,0.9999999999999987,0.9999999999999936
0.7451171875,0.2,0.331602543592453,0.19999999999999968,0.19999999999999968,0.19999999999999968,0.19999999999999968,0.1999999999999983,0.35,1.0076379776000977,0.34999999999999604,0.34999999999999604,0.34999999999999604,0.34999999999999604,0.34999999999998094,1.0,1.0350240468978882,0.9999999999999987,0.9999999999999987,0.9999999999999987,0.9999999999999987,0.9999999999999938
0.7470703125,0.2,0.3294382393360138,0.19999999999999968,0.19999999999999968,0.19999999999999968,0.19999999999999968,0.19999999999999835,0.35,1.007826328277588,0.34999999999999604,0.34999999999999604,0.34999999999999604,0.34999999999999604,0.34999999999998127,1.0,1.0447579622268677,0.9999999999999987,0.9999999999999987,0.9999999999999987,0.9999999999999987,0.9999999999999936
0.7490234375,0.2,0.3266087770462036,0.19999999999999968,0.19999999999999968,0.19999999999999968,0.19999999999999968,0.19999999999999835,0.35,1.0077794790267944,0.34999999999999604,0.34999999999999604,0.34999999999999604,0.34999999999999604,0.34999999999998144,1.0,1.0541400909423828,0.9999999999999987,0.9999999999999987,0.9999999999999987,0.9999999999999987,0.9999999999999939
0.7509765625,0.2,0.3231189548969269,0.1999999999999997,0.1999999999999997,0.1999999999999997,0.1999999999999997,0.1999999999999983,0.35,1.0076707601547241,0.3499999999999963,0.3499999999999963,0.3499999999999963,0.3499999999999963,0.34999999999998094,1.0,1.0628613233566284,0.9999999999999986,0.9999999999999986,0.9999999999999986,0.9999999999999986,0.9999999999999939
0.7529296875,0.2,0.3190082609653473,0.1999999999999997,0.1999999999999997,0.1999999999999997,0.1999999999999997,0.19999999999999812,0.35,1.0076934099197388,0.3499999999999963,0.3499999999999963,0.3499999999999963,0.3499999999999963,0.3499999999999811,1.0,1.0706406831741333,0.9999999999999986,0.9999999999999986,0.9999999999999986,0.9999999999999986,0.9999999999999939
0.7548828125,0.2,0.3143487274646759,0.1999999999999997,0.1999999999999997,0.1999999999999997,0.1999999999999997,0.19999999999999818,0.35,1.008040428161621,0.3499999999999963,0.3499999999999963,0.3499999999999963,0.3499999999999963,0.349999999999981,1.0,1.0772361755371094,0.9999999999999986,0.9999999999999986,0.9999999999999986,0.9999999999999986,0.9999999999999939
0.7568359375,0.2,0.3092408776283264,0.1999999999999997,0.1999999999999997,0.1999999999999997,0.1999999999999997,0.1999999999999983,0.35,1.0088876485824585,0.3499999999999963,0.3499999999999963,0.3499999999999963,0.3499999999999963,0.34999999999998055,1.0,1.082459568977356,0.9999999999999986,0.9999999999999986,0.9999999999999986,0.9999999999999986,0.9999999999999939
0.7587890625,0.2,0.3038075864315033,0.1999999999999997,0.1999999999999997,0.1999999999999997,0.1999999999999997,0.1999999999999982,0.35,1.0103741884231567,0.3499999999999961,0.3499999999999961,0.3499999999999961,0.3499999999999961,0.34999999999998005,1.0,1.0861856937408447,0.9999999999999987,0.9999999999999987,0.9999999999999987,0.9999999999999987,0.9999999999999942
0.7607421875,0.2,0.2981874942779541,0.1999999999999997,0.1999999999999997,0.1999999999999997,0.1999999999999997,0.19999999999999846,0.35,1.0125905275344849,0.3499999999999961,0.3499999999999961,0.3499999999999961,0.3499999999999961,0.3499999999999806,1.0,1.0883610248565674,0.9999999999999987,0.9999999999999987,0.9999999999999987,0.9999999999999987,0.9999999999999942
0.7626953125,0.2,0.2925267517566681,0.1999999999999997,0.1999999999999997,0.1999999999999997,0.1999999999999997,0.19999999999999862,0.35,1.0155669450759888,0.3499999999999961,0.3499999999999961,0.3499999999999961,0.3499999999999961,0.3499999999999804,1.0,1.089010238647461,0.9999999999999987,0.9999999999999987,0.9999999999999987,0.9999999999999987,0.9999999999999944
0.7646484375,0.2,0.2869718372821808,0.1999999999999997,0.1999999999999997,0.1999999999999997,0.1999999999999997,0.19999999999999854,0.35,1.0192720890045166,0.3499999999999961,0.3499999999999961,0.3499999999999961,0.3499999999999961,0.3499999999999809,1.0,1.0882341861724854,0.9999999999999987,0.9999999999999987,0.9999999999999987,0.9999999999999987,0.9999999999999939
0.7666015625,0.2,0.2816614806652069,0.1999999999999998,0.1999999999999998,0.1999999999999998,0.1999999999999998,0.19999999999999862,0.35,1.0236152410507202,0.349999999999996,0.349999999999996,0.349999999999996,0.349999999999996,0.34999999999998077,1.0,1.0862056016921997,0.9999999999999987,0.9999999999999987,0.9999999999999987,0.9999999999999987,0.9999999999999942
0.7685546875,0.2,0.2767203450202942,0.1999999999999998,0.1999999999999998,0.1999999999999998,0.1999999999999998,0.19999999999999862,0.35,1.0284535884857178,0.349999999999996,0.349999999999996,0.349999999999996,0.349999999999996,0.3499999999999813,1.0,1.083160638809204,0.9999999999999987,0.9999999999999987,0.9999999999999987,0.9999999999999987,0.9999999999999942
0.7705078125,0.2,0.2722519040107727,0.1999999999999998,0.1999999999999998,0.1999999999999998,0.1999999999999998,0.1999999999999988,0.35,1.0336050987243652,0.349999999999996,0.349999999999996,0.349999999999996,0.349999999999996,0.34999999999998216,1.0,1.0793801546096802,0.9999999999999987,0.9999999999999987,0.9999999999999987,0.9999999999999987,0.9999999999999947
0.7724609375,0.2,0.26833435893058777,0.1999999999999998,0.1999999999999998,0.1999999999999998,0.1999999999999998,0.19999999999999896,0.35,1.0388637781143188,0.349999999999996,0.349999999999996,0.349999999999996,0.349999999999996,0.34999999999998327,1.0,1.075172781944275,0.9999999999999987,0.9999999999999987,0.9999999999999987,0.9999999999999987,0.9999999999999951
0.7744140625,0.2,0.2650166451931,0.1999999999999998,0.1999999999999998,0.1999999999999998,0.1999999999999998,0.19999999999999885,0.35,1.0440154075622559,0.3499999999999961,0.3499999999999961,0.3499999999999961,0.3499999999999961,0.34999999999998366,1.0,1.0708544254302979,0.9999999999999987,0.9999999999999987,0.9999999999999987,0.9999999999999987,0.9999999999999953
0.7763671875,0.2,0.26231709122657776,0.1999999999999998,0.1999999999999998,0.1999999999999998,0.1999999999999998,0.19999999999999887,0.35,1.0488536357879639,0.3499999999999961,0.3499999999999961,0.3499999999999961,0.3499999999999961,0.349999999999984,1.0,1.066727876663208,0.9999999999999987,0.9999999999999987,0.9999999999999987,0.9999999999999987,0.9999999999999953
0.7783203125,0.2,0.26022428274154663,0.1999999999999998,0.1999999999999998,0.1999999999999998,0.1999999999999998,0.1999999999999988,0.35,1.0531971454620361,0.3499999999999961,0.3499999999999961,0.3499999999999961,0.3499999999999961,0.349999999999984,1.0,1.063065528869629,0.9999999999999987,0.9999999999999987,0.9999999999999987,0.9999999999999987,0.9999999999999953
0.7802734375,0.2,0.25870004296302795,0.1999999999999998,0.1999999999999998,0.1999999999999998,0.1999999999999998,0.19999999999999896,0.35,1.0568997859954834,0.3499999999999961,0.3499999999999961,0.3499999999999961,0.3499999999999961,0.3499999999999839,1.0,1.0600965023040771,0.9999999999999987,0.9999999999999987,0.9999999999999987,0.9999999999999987,0.9999999999999956
0.7822265625,0.2,0.25768378376960754,0.1999999999999998,0.1999999999999998,0.1999999999999998,0.1999999999999998,0.19999999999999896,0.35,1.0598649978637695,0.34999999999999615,0.34999999999999615,0.34999999999999615,0.34999999999999615,0.3499999999999846,1.0,1.0579975843429565,0.9999999999999987,0.9999999999999987,0.9999999999999987,0.9999999999999987,0.9999999999999957
0.7841796875,0.2,0.25709789991378784,0.1999999999999998,0.1999999999999998,0.1999999999999998,0.1999999999999998,0.19999999999999912,0.35,1.0620529651641846,0.34999999999999615,0.34999999999999615,0.34999999999999615,0.34999999999999615,0.34999999999998466,1.0,1.0568881034851074,0.9999999999999987,0.9999999999999987,0.9999999999999987,0.9999999999999987,0.9999999999999957
0.7861328125,0.2,0.25685417652130127,0.1999999999999998,0.1999999999999998,0.1999999999999998,0.1999999999999998,0.1999999999999992,0.35,1.0634844303131104,0.34999999999999615,0.34999999999999615,0.34999999999999615,0.34999999999999615,0.34999999999998477,1.0,1.0568292140960693,0.9999999999999987,0.9999999999999987,0.9999999999999987,0.9999999999999987,0.9999999999999959
0.7880859375,0.2,0.2568584382534027,0.1999999999999998,0.1999999999999998,0.1999999999999998,0.1999999999999998,0.19999999999999912,0.35,1.0642447471618652,0.34999999999999615,0.34999999999999615,0.34999999999999615,0.34999999999999615,0.3499999999999853,1.0,1.057824730873108,0.9999999999999987,0.9999999999999987,0.9999999999999987,0.9999999999999987,0.9999999999999957
0.7900390625,0.2,0.2570165991783142,0.1999999999999998,0.1999999999999998,0.1999999999999998,0.1999999999999998,0.1999999999999992,0.35,1.064478874206543,0.34999999999999615,0.34999999999999615,0.34999999999999615,0.34999999999999615,0.3499999999999859,1.0,1.0598258972167969,0.9999999999999991,0.9999999999999991,0.9999999999999991,0.9999999999999991,0.9999999999999957
0.7919921875,0.2,0.25633344054222107,0.1999999999999998,0.1999999999999998,0.1999999999999998,0.1999999999999998,0.1999999999999992,0.35,1.0643857717514038,0.34999999999999615,0.34999999999999615,0.34999999999999615,0.34999999999999615,0.34999999999998604,1.0,1.0627342462539673,0.9999999999999991,0.9999999999999991,0.9999999999999991,0.9999999999999991,0.9999999999999957
0.7939453125,0.2,0.2537868916988373,0.1999999999999998,0.1999999999999998,0.1999999999999998,0.1999999999999998,0.1999999999999992,0.35,1.0642058849334717,0.34999999999999615,0.34999999999999615,0.34999999999999615,0.34999999999999615,0.34999999999998604,1.0,1.0664058923721313,0.9999999999999991,0.9999999999999991,0.9999999999999991,0.9999999999999991,0.9999999999999956
0.7958984375,0.2,0.25137192010879517,0.1999999999999998,0.1999999999999998,0.1999999999999998,0.1999999999999998,0.1999999999999992,0.35,1.0642083883285522,0.34999999999999615,0.34999999999999615,0.34999999999999615,0.34999999999999615,0.3499999999999859,1.0,1.0706603527069092,0.9999999999999991,0.9999999999999991,0.9999999999999991,0.9999999999999991,0.9999999999999959
0.7978515625,0.2,0.24903585016727448,0.19999999999999987,0.19999999999999987,0.19999999999999987,0.19999999999999987,0.19999999999999912,0.35,1.0646719932556152,0.3499999999999968,0.3499999999999968,0.3499999999999968,0.3499999999999968,0.34999999999998493,1.0,1.0752863883972168,0.9999999999999987,0.9999999999999987,0.9999999999999987,0.9999999999999987,0.9999999999999957
0.7998046875,0.2,0.2467329055070877,0.19999999999999987,0.19999999999999987,0.19999999999999987,0.19999999999999987,0.19999999999999904,0.35,1.0658677816390991,0.3499999999999968,0.3499999999999968,0.3499999999999968,0.3499999999999968,0.34999999999998466,1.0,1.080049753189087,0.9999999999999987,0.9999999999999987,0.9999999999999987,0.9999999999999987,0.9999999999999959
0.8017578125,0.2,0.24442754685878754,0.19999999999999987,0.19999999999999987,0.19999999999999987,0.19999999999999987,0.19999999999999904,0.35,1.0680392980575562,0.3499999999999968,0.3499999999999968,0.3499999999999968,0.3499999999999968,0.3499999999999855,1.0,1.0847034454345703,0.9999999999999987,0.9999999999999987,0.9999999999999987,0.9999999999999987,0.9999999999999959
0.8037109375,0.2,0.24209575355052948,0.19999999999999987,0.19999999999999987,0.19999999999999987,0.19999999999999987,0.19999999999999904,0.35,1.0713844299316406,0.3499999999999968,0.3499999999999968,0.3499999999999968,0.3499999999999968,0.3499999999999857,1.0,1.0890029668807983,0.9999999999999987,0.9999999999999987,0.9999999999999987,0.9999999999999987,0.9999999999999959
0.8056640625,0.2,0.23972606658935547,0.19999999999999984,0.19999999999999984,0.19999999999999984,0.19999999999999984,0.1999999999999992,0.35,1.076039433479309,0.34999999999999737,0.34999999999999737,0.34999999999999737,0.34999999999999737,0.349999999999985,1.0,1.0927166938781738,0.9999999999999992,0.9999999999999992,0.9999999999999992,0.9999999999999992,0.9999999999999959
0.8076171875,0.2,0.2373187094926834,0.19999999999999984,0.19999999999999984,0.19999999999999984,0.19999999999999984,0.19999999999999912,0.35,1.0820645093917847,0.34999999999999737,0.34999999999999737,0.34999999999999737,0.34999999999999737,0.3499999999999853,1.0,1.0956413745880127,0.9999999999999992,0.9999999999999992,0.9999999999999992,0.9999999999999992,0.9999999999999957
0.8095703125,0.2,0.23488423228263855,0.19999999999999984,0.19999999999999984,0.19999999999999984,0.19999999999999984,0.1999999999999992,0.35,1.0894348621368408,0.34999999999999737,0.34999999999999737,0.34999999999999737,0.34999999999999737,0.3499999999999856,1.0,1.0976154804229736,0.9999999999999992,0.9999999999999992,0.9999999999999992,0.9999999999999992,0.9999999999999959
0.8115234375,0.2,0.2324419468641281,0.19999999999999984,0.19999999999999984,0.19999999999999984,0.19999999999999984,0.19999999999999912,0.35,1.098036766052246,0.34999999999999737,0.34999999999999737,0.34999999999999737,0.34999999999999737,0.34999999999998604,1.0,1.0985311269760132,0.9999999999999992,0.9999999999999992,0.9999999999999992,0.9999999999999992,0.9999999999999959
0.8134765625,0.2,0.2300180345773697,0.19999999999999987,0.19999999999999987,0.19999999999999987,0.19999999999999987,0.19999999999999912,0.35,1.1076700687408447,0.3499999999999981,0.3499999999999981,0.3499999999999981,0.3499999999999981,0.34999999999998643,1.0,1.0983408689498901,0.9999999999999992,0.9999999999999992,0.9999999999999992,0.9999999999999992,0.9999999999999959
0.8154296875,0.2,0.22764375805854797,0.19999999999999987,0.19999999999999987,0.19999999999999987,0.19999999999999987,0.19999999999999896,0.35,1.118058443069458,0.3499999999999981,0.3499999999999981,0.3499999999999981,0.3499999999999981,0.3499999999999869,1.0,1.0970641374588013,0.9999999999999992,0.9999999999999992,0.9999999999999992,0.9999999999999992,0.9999999999999959
0.8173828125,0.2,0.2253543883562088,0.19999999999999987,0.19999999999999987,0.19999999999999987,0.19999999999999987,0.19999999999999887,0.35,1.128864049911499,0.3499999999999981,0.3499999999999981,0.3499999999999981,0.3499999999999981,0.34999999999998743,1.0,1.0947808027267456,0.9999999999999992,0.9999999999999992,0.9999999999999992,0.9999999999999992,0.9999999999999957
0.8193359375,0.2,0.22318756580352783,0.19999999999999987,0.19999999999999987,0.19999999999999987,0.19999999999999987,0.19999999999999885,0.35,1.1397085189819336,0.3499999999999981,0.3499999999999981,0.3499999999999981,0.3499999999999981,0.3499999999999877,1.0,1.091629981994629,0.9999999999999992,0.9999999999999992,0.9999999999999992,0.9999999999999992,0.9999999999999957
0.8212890625,0.2,0.22118280827999115,0.19999999999999987,0.19999999999999987,0.19999999999999987,0.19999999999999987,0.1999999999999988,0.35,1.150195837020874,0.34999999999999776,0.34999999999999776,0.34999999999999776,0.34999999999999776,0.3499999999999879,1.0,1.0877959728240967,0.9999999999999992,0.9999999999999992,0.9999999999999992,0.9999999999999992,0.9999999999999957
0.8232421875,0.2,0.21938015520572662,0.19999999999999987,0.19999999999999987,0.19999999999999987,0.19999999999999987,0.19999999999999885,0.35,1.1599369049072266,0.34999999999999776,0.34999999999999776,0.34999999999999776,0.34999999999999776,0.3499999999999879,1.0,1.08349609375,0.9999999999999992,0.9999999999999992,0.9999999999999992,0.9999999999999992,0.9999999999999957
0.8251953125,0.2,0.21781916916370392,0.19999999999999987,0.19999999999999987,0.19999999999999987,0.19999999999999987,0.19999999999999896,0.35,1.1685736179351807,0.34999999999999776,0.34999999999999776,0.34999999999999776,0.34999999999999776,0.3499999999999878,1.0,1.0789647102355957,0.9999999999999992,0.9999999999999992,0.9999999999999992,0.9999999999999992,0.9999999999999957
0.8271484375,0.2,0.216538667678833,0.19999999999999987,0.19999999999999987,0.19999999999999987,0.19999999999999987,0.19999999999999885,0.35,1.1758002042770386,0.34999999999999776,0.34999999999999776,0.34999999999999776,0.34999999999999776,0.34999999999998743,1.0,1.0744380950927734,0.9999999999999992,0.9999999999999992,0.9999999999999992,0.9999999999999992,0.9999999999999957
0.8291015625,0.2,0.21557550132274628,0.19999999999999984,0.19999999999999984,0.19999999999999984,0.19999999999999984,0.19999999999999887,0.35,1.1813812255859375,0.34999999999999776,0.34999999999999776,0.34999999999999776,0.34999999999999776,0.34999999999998715,1.0,1.0701414346694946,0.9999999999999992,0.9999999999999992,0.9999999999999992,0.9999999999999992,0.9999999999999959
0.8310546875,0.2,0.2149638682603836,0.19999999999999984,0.19999999999999984,0.19999999999999984,0.19999999999999984,0.19999999999999887,0.35,1.185166358947754,0.34999999999999776,0.34999999999999776,0.34999999999999776,0.34999999999999776,0.34999999999998777,1.0,1.0662763118743896,0.9999999999999992,0.9999999999999992,0.9999999999999992,0.9999999999999992,0.9999999999999957
0.8330078125,0.2,0.21473519504070282,0.19999999999999984,0.19999999999999984,0.19999999999999984,0.19999999999999984,0.19999999999999896,0.35,1.187098741531372,0.34999999999999776,0.34999999999999776,0.34999999999999776,0.34999999999999776,0.3499999999999885,1.0,1.063011884689331,0.9999999999999992,0.9999999999999992,0.9999999999999992,0.9999999999999992,0.9999999999999957
0.8349609375,0.2,0.21491703391075134,0.19999999999999984,0.19999999999999984,0.19999999999999984,0.19999999999999984,0.19999999999999904,0.35,1.1872200965881348,0.34999999999999776,0.34999999999999776,0.34999999999999776,0.34999999999999776,0.3499999999999886,1.0,1.0604794025421143,0.9999999999999992,0.9999999999999992,0.9999999999999992,0.9999999999999992,0.9999999999999956
0.8369140625,0.2,0.21553300321102142,0.19999999999999987,0.19999999999999987,0.19999999999999987,0.19999999999999987,0.19999999999999904,0.35,1.1856658458709717,0.3499999999999981,0.3499999999999981,0.3499999999999981,0.3499999999999981,0.349999999999988,1.0,1.058768630027771,0.9999999999999992,0.9999999999999992,0.9999999999999992,0.9999999999999992,0.9999999999999959
0.8388671875,0.2,0.2166016697883606,0.19999999999999987,0.19999999999999987,0.19999999999999987,0.19999999999999987,0.19999999999999912,0.35,1.182657241821289,0.3499999999999981,0.3499999999999981,0.3499999999999981,0.3499999999999981,0.3499999999999881,1.0,1.0579265356063843,0.9999999999999992,0.9999999999999992,0.9999999999999992,0.9999999999999992,0.9999999999999962
0.8408203125,0.2,0.21813592314720154,0.19999999999999987,0.19999999999999987,0.19999999999999987,0.19999999999999987,0.19999999999999904,0.35,1.1784864664077759,0.3499999999999981,0.3499999999999981,0.3499999999999981,0.3499999999999981,0.3499999999999888,1.0,1.057959794998169,0.9999999999999992,0.9999999999999992,0.9999999999999992,0.9999999999999992,0.9999999999999959
0.8427734375,0.2,0.22014251351356506,0.19999999999999987,0.19999999999999987,0.19999999999999987,0.19999999999999987,0.19999999999999904,0.35,1.1734970808029175,0.3499999999999981,0.3499999999999981,0.3499999999999981,0.3499999999999981,0.34999999999998965,1.0,1.0588371753692627,0.9999999999999992,0.9999999999999992,0.9999999999999992,0.9999999999999992,0.9999999999999962
0.8447265625,0.2,0.22262072563171387,0.19999999999999987,0.19999999999999987,0.19999999999999987,0.19999999999999987,0.19999999999999904,0.35,1.1680606603622437,0.34999999999999754,0.34999999999999754,0.34999999999999754,0.34999999999999754,0.34999999999999,1.0,1.0604939460754395,0.9999999999999992,0.9999999999999992,0.9999999999999992,0.9999999999999992,0.9999999999999964
0.8466796875,0.2,0.2255626767873764,0.19999999999999987,0.19999999999999987,0.19999999999999987,0.19999999999999987,0.19999999999999918,0.35,1.1625537872314453,0.34999999999999754,0.34999999999999754,0.34999999999999754,0.34999999999999754,0.3499999999999906,1.0,1.0628379583358765,0.9999999999999992,0.9999999999999992,0.9999999999999992,0.9999999999999992,0.9999999999999968
0.8486328125,0.2,0.22895342111587524,0.19999999999999987,0.19999999999999987,0.19999999999999987,0.19999999999999987,0.19999999999999918,0.35,1.1573340892791748,0.34999999999999754,0.34999999999999754,0.34999999999999754,0.34999999999999754,0.34999999999999093,1.0,1.0657521486282349,0.9999999999999992,0.9999999999999992,0.9999999999999992,0.9999999999999992,0.9999999999999968
0.8505859375,0.2,0.23277147114276886,0.19999999999999987,0.19999999999999987,0.19999999999999987,0.19999999999999987,0.1999999999999992,0.35,1.15272057056427,0.34999999999999754,0.34999999999999754,0.34999999999999754,0.34999999999999754,0.3499999999999902,1.0,1.0691039562225342,0.9999999999999992,0.9999999999999992,0.9999999999999992,0.9999999999999992,0.9999999999999968
0.8525390625,0.2,0.23698966205120087,0.19999999999999984,0.19999999999999984,0.19999999999999984,0.19999999999999984,0.19999999999999937,0.35,1.1489763259887695,0.349999999999997,0.349999999999997,0.349999999999997,0.349999999999997,0.3499999999999893,1.0,1.0727488994598389,0.9999999999999994,0.9999999999999994,0.9999999999999994,0.9999999999999994,0.9999999999999968
0.8544921875,0.2,0.24157601594924927,0.19999999999999984,0.19999999999999984,0.19999999999999984,0.19999999999999984,0.19999999999999946,0.35,1.1462962627410889,0.349999999999997,0.349999999999997,0.349999999999997,0.349999999999997,0.3499999999999895,1.0,1.0765389204025269,0.9999999999999994,0.9999999999999994,0.9999999999999994,0.9999999999999994,0.9999999999999971
0.8564453125,0.2,0.24649442732334137,0.19999999999999984,0.19999999999999984,0.19999999999999984,0.19999999999999984,0.19999999999999937,0.35,1.1448019742965698,0.349999999999997,0.349999999999997,0.349999999999997,0.349999999999997,0.3499999999999899,1.0,1.0803254842758179,0.9999999999999994,0.9999999999999994,0.9999999999999994,0.9999999999999994,0.9999999999999968
0.8583984375,0.2,0.2517048716545105,0.19999999999999984,0.19999999999999984,0.19999999999999984,0.19999999999999984,0.19999999999999937,0.35,1.1445376873016357,0.349999999999997,0.349999999999997,0.349999999999997,0.349999999999997,0.3499999999999903,1.0,1.083971381187439,0.9999999999999994,0.9999999999999994,0.9999999999999994,0.9999999999999994,0.9999999999999968
0.8603515625,0.2,0.257163405418396,0.19999999999999984,0.19999999999999984,0.19999999999999984,0.19999999999999984,0.19999999999999937,0.35,1.1454757452011108,0.34999999999999737,0.34999999999999737,0.34999999999999737,0.34999999999999737,0.34999999999999043,1.0,1.0873538255691528,0.9999999999999994,0.9999999999999994,0.9999999999999994,0.9999999999999994,0.9999999999999968
0.8623046875,0.2,0.2628210783004761,0.19999999999999984,0.19999999999999984,0.19999999999999984,0.19999999999999984,0.1999999999999993,0.35,1.147521734237671,0.34999999999999737,0.34999999999999737,0.34999999999999737,0.34999999999999737,0.3499999999999907,1.0,1.090374231338501,0.9999999999999994,0.9999999999999994,0.9999999999999994,0.9999999999999994,0.9999999999999968
0.8642578125,0.2,0.26862362027168274,0.19999999999999984,0.19999999999999984,0.19999999999999984,0.19999999999999984,0.1999999999999992,0.35,1.1505266427993774,0.34999999999999737,0.34999999999999737,0.34999999999999737,0.34999999999999737,0.3499999999999908,1.0,1.0929609537124634,0.9999999999999994,0.9999999999999994,0.9999999999999994,0.9999999999999994,0.9999999999999968
0.8662109375,0.2,0.2745102047920227,0.19999999999999984,0.19999999999999984,0.19999999999999984,0.19999999999999984,0.19999999999999912,0.35,1.1542974710464478,0.34999999999999737,0.34999999999999737,0.34999999999999737,0.34999999999999737,0.3499999999999909,1.0,1.0950732231140137,0.9999999999999994,0.9999999999999994,0.9999999999999994,0.9999999999999994,0.9999999999999968
0.8681640625,0.2,0.28041279315948486,0.19999999999999996,0.19999999999999996,0.19999999999999996,0.19999999999999996,0.19999999999999918,0.35,1.1586121320724487,0.34999999999999787,0.34999999999999787,0.34999999999999787,0.34999999999999787,0.3499999999999909,1.0,1.0967044830322266,0.9999999999999998,0.9999999999999998,0.9999999999999998,0.9999999999999998,0.9999999999999968
0.8701171875,0.2,0.2862560451030731,0.19999999999999996,0.19999999999999996,0.19999999999999996,0.19999999999999996,0.1999999999999993,0.35,1.1632317304611206,0.34999999999999787,0.34999999999999787,0.34999999999999787,0.34999999999999787,0.3499999999999907,1.0,1.097879409790039,0.9999999999999998,0.9999999999999998,0.9999999999999998,0.9999999999999998,0.9999999999999968
0.8720703125,0.2,0.29195767641067505,0.19999999999999996,0.19999999999999996,0.19999999999999996,0.19999999999999996,0.1999999999999995,0.35,1.1679129600524902,0.34999999999999787,0.34999999999999787,0.34999999999999787,0.34999999999999787,0.3499999999999905,1.0,1.0986547470092773,0.9999999999999998,0.9999999999999998,0.9999999999999998,0.9999999999999998,0.9999999999999968
0.8740234375,0.2,0.2974303364753723,0.19999999999999996,0.19999999999999996,0.19999999999999996,0.19999999999999996,0.19999999999999946,0.35,1.1724203824996948,0.34999999999999787,0.34999999999999787,0.34999999999999787,0.34999999999999787,0.34999999999998976,1.0,1.0991153717041016,0.9999999999999998,0.9999999999999998,0.9999999999999998,0.9999999999999998,0.9999999999999968
0.8759765625,0.2,0.30258476734161377,0.2,0.2,0.2,0.2,0.1999999999999995,0.35,1.1765353679656982,0.34999999999999815,0.34999999999999815,0.34999999999999815,0.34999999999999815,0.34999999999998976,1.0,1.0993701219558716,0.9999999999999994,0.9999999999999994,0.9999999999999994,0.9999999999999994,0.9999999999999968
0.8779296875,0.2,0.30733388662338257,0.2,0.2,0.2,0.2,0.19999999999999946,0.35,1.1800647974014282,0.34999999999999815,0.34999999999999815,0.34999999999999815,0.34999999999999815,0.34999999999998976,1.0,1.0995519161224365,0.9999999999999994,0.9999999999999994,0.9999999999999994,0.9999999999999994,0.9999999999999966
0.8798828125,0.2,0.3115987479686737,0.2,0.2,0.2,0.2,0.19999999999999937,0.35,1.1828480958938599,0.34999999999999815,0.34999999999999815,0.34999999999999815,0.34999999999999815,0.3499999999999895,1.0,1.0998082160949707,0.9999999999999994,0.9999999999999994,0.9999999999999994,0.9999999999999994,0.9999999999999968
0.8818359375,0.2,0.3153141736984253,0.2,0.2,0.2,0.2,0.19999999999999934,0.35,1.1847624778747559,0.34999999999999815,0.34999999999999815,0.34999999999999815,0.34999999999999815,0.34999999999998943,1.0,1.1002966165542603,0.9999999999999994,0.9999999999999994,0.9999999999999994,0.9999999999999994,0.9999999999999966
0.8837890625,0.2,0.3184351325035095,0.19999999999999996,0.19999999999999996,0.19999999999999996,0.19999999999999996,0.19999999999999937,0.35,1.1794569492340088,0.34999999999999815,0.34999999999999815,0.34999999999999815,0.34999999999999815,0.3499999999999893,1.0,1.1011775732040405,0.9999999999999998,0.9999999999999998,0.9999999999999998,0.9999999999999998,0.9999999999999968
0.8857421875,0.2,0.320940762758255,0.19999999999999996,0.19999999999999996,0.19999999999999996,0.19999999999999996,0.19999999999999937,0.35,1.1723146438598633,0.34999999999999815,0.34999999999999815,0.34999999999999815,0.34999999999999815,0.3499999999999895,1.0,1.1026023626327515,0.9999999999999998,0.9999999999999998,0.9999999999999998,0.9999999999999998,0.9999999999999966
0.8876953125,0.2,0.32283732295036316,0.19999999999999996,0.19999999999999996,0.19999999999999996,0.19999999999999996,0.19999999999999937,0.35,1.1654607057571411,0.34999999999999815,0.34999999999999815,0.34999999999999815,0.34999999999999815,0.3499999999999893,1.0,1.1047056913375854,0.9999999999999998,0.9999999999999998,0.9999999999999998,0.9999999999999998,0.9999999999999968
0.8896484375,0.2,0.32415738701820374,0.19999999999999996,0.19999999999999996,0.19999999999999996,0.19999999999999996,0.19999999999999934,0.35,1.1588935852050781,0.34999999999999815,0.34999999999999815,0.34999999999999815,0.34999999999999815,0.3499999999999899,1.0,1.1075940132141113,0.9999999999999998,0.9999999999999998,0.9999999999999998,0.9999999999999998,0.9999999999999966
0.8916015625,0.2,0.3249582052230835,0.19999999999999996,0.19999999999999996,0.19999999999999996,0.19999999999999996,0.19999999999999937,0.35,1.1525914669036865,0.3499999999999983,0.3499999999999983,0.3499999999999983,0.3499999999999983,0.34999999999998976,1.0,1.1113383769989014,0.9999999999999996,0.9999999999999996,0.9999999999999996,0.9999999999999996,0.9999999999999968
0.8935546875,0.2,0.3253161311149597,0.19999999999999996,0.19999999999999996,0.19999999999999996,0.19999999999999996,0.19999999999999918,0.35,1.1465107202529907,0.3499999999999983,0.3499999999999983,0.3499999999999983,0.3499999999999983,0.3499999999999898,1.0,1.1159669160842896,0.9999999999999996,0.9999999999999996,0.9999999999999996,0.9999999999999996,0.9999999999999966
0.8955078125,0.2,0.325321227312088,0.19999999999999996,0.19999999999999996,0.19999999999999996,0.19999999999999996,0.1999999999999993,0.35,1.1405863761901855,0.3499999999999983,0.3499999999999983,0.3499999999999983,0.3499999999999983,0.3499999999999896,1.0,1.1214642524719238,0.9999999999999996,0.9999999999999996,0.9999999999999996,0.9999999999999996,0.9999999999999968
0.8974609375,0.2,0.32507070899009705,0.19999999999999996,0.19999999999999996,0.19999999999999996,0.19999999999999996,0.19999999999999934,0.35,1.1347349882125854,0.3499999999999983,0.3499999999999983,0.3499999999999983,0.3499999999999983,0.34999999999998926,1.0,1.127771258354187,0.9999999999999996,0.9999999999999996,0.9999999999999996,0.9999999999999996,0.9999999999999968
0.8994140625,0.2,0.3246622681617737,0.19999999999999984,0.19999999999999984,0.19999999999999984,0.19999999999999984,0.1999999999999993,0.35,1.1288551092147827,0.34999999999999815,0.34999999999999815,0.34999999999999815,0.34999999999999815,0.3499999999999884,1.0,1.1347901821136475,0.9999999999999998,0.9999999999999998,0.9999999999999998,0.9999999999999998,0.9999999999999969
0.9013671875,0.2,0.3241887390613556,0.19999999999999984,0.19999999999999984,0.19999999999999984,0.19999999999999984,0.1999999999999992,0.35,1.1228317022323608,0.34999999999999815,0.34999999999999815,0.34999999999999815,0.34999999999999815,0.34999999999998843,1.0,1.142392635345459,0.9999999999999998,0.9999999999999998,0.9999999999999998,0.9999999999999998,0.9999999999999969
0.9033203125,0.2,0.32373353838920593,0.19999999999999984,0.19999999999999984,0.19999999999999984,0.19999999999999984,0.19999999999999946,0.35,1.1165403127670288,0.34999999999999815,0.34999999999999815,0.34999999999999815,0.34999999999999815,0.34999999999998843,1.0,1.1504294872283936,0.9999999999999998,0.9999999999999998,0.9999999999999998,0.9999999999999998,0.9999999999999969
0.9052734375,0.2,0.323367178440094,0.19999999999999984,0.19999999999999984,0.19999999999999984,0.19999999999999984,0.19999999999999937,0.35,1.1098543405532837,0.34999999999999815,0.34999999999999815,0.34999999999999815,0.34999999999999815,0.3499999999999892,1.0,1.1587400436401367,0.9999999999999998,0.9999999999999998,0.9999999999999998,0.9999999999999998,0.9999999999999969
0.9072265625,0.2,0.3231465220451355,0.19999999999999984,0.19999999999999984,0.19999999999999984,0.19999999999999984,0.1999999999999993,0.35,1.102651834487915,0.3499999999999985,0.3499999999999985,0.3499999999999985,0.3499999999999985,0.3499999999999893,1.0,1.1671621799468994,0.9999999999999996,0.9999999999999996,0.9999999999999996,0.9999999999999996,0.9999999999999968
0.9091796875,0.2,0.3231129050254822,0.19999999999999984,0.19999999999999984,0.19999999999999984,0.19999999999999984,0.1999999999999993,0.35,1.0948272943496704,0.3499999999999985,0.3499999999999985,0.3499999999999985,0.3499999999999985,0.3499999999999898,1.0,1.1755398511886597,0.9999999999999996,0.9999999999999996,0.9999999999999996,0.9999999999999996,0.9999999999999968
0.9111328125,0.2,0.32329341769218445,0.19999999999999984,0.19999999999999984,0.19999999999999984,0.19999999999999984,0.1999999999999993,0.35,1.0863004922866821,0.3499999999999985,0.3499999999999985,0.3499999999999985,0.3499999999999985,0.34999999999999,1.0,1.1837259531021118,0.9999999999999996,0.9999999999999996,0.9999999999999996,0.9999999999999996,0.9999999999999968
0.9130859375,0.2,0.323701411485672,0.19999999999999984,0.19999999999999984,0.19999999999999984,0.19999999999999984,0.1999999999999992,0.35,1.0770282745361328,0.3499999999999985,0.3499999999999985,0.3499999999999985,0.3499999999999985,0.3499999999999905,1.0,1.1915836334228516,0.9999999999999996,0.9999999999999996,0.9999999999999996,0.9999999999999996,0.9999999999999968
0.9150390625,0.2,0.32433733344078064,0.1999999999999997,0.1999999999999997,0.1999999999999997,0.1999999999999997,0.1999999999999993,0.35,1.067015290260315,0.34999999999999887,0.34999999999999887,0.34999999999999887,0.34999999999999887,0.34999999999999065,1.0,1.1989890336990356,0.9999999999999996,0.9999999999999996,0.9999999999999996,0.9999999999999996,0.9999999999999968
0.9169921875,0.2,0.32518985867500305,0.1999999999999997,0.1999999999999997,0.1999999999999997,0.1999999999999997,0.1999999999999993,0.35,1.0563212633132935,0.34999999999999887,0.34999999999999887,0.34999999999999887,0.34999999999999887,0.3499999999999907,1.0,1.2058241367340088,0.9999999999999996,0.9999999999999996,0.9999999999999996,0.9999999999999996,0.9999999999999964
0.9189453125,0.2,0.32623714208602905,0.1999999999999997,0.1999999999999997,0.1999999999999997,0.1999999999999997,0.19999999999999946,0.35,1.0450671911239624,0.34999999999999887,0.34999999999999887,0.34999999999999887,0.34999999999999887,0.3499999999999907,1.0,1.2119807004928589,0.9999999999999996,0.9999999999999996,0.9999999999999996,0.9999999999999996,0.9999999999999968
0.9208984375,0.2,0.32744792103767395,0.1999999999999997,0.1999999999999997,0.1999999999999997,0.1999999999999997,0.19999999999999934,0.35,1.0334337949752808,0.34999999999999887,0.34999999999999887,0.34999999999999887,0.34999999999999887,0.34999999999999076,1.0,1.2173576354980469,0.9999999999999996,0.9999999999999996,0.9999999999999996,0.9999999999999996,0.9999999999999968
0.9228515625,0.2,0.3291070759296417,0.19999999999999984,0.19999999999999984,0.19999999999999984,0.19999999999999984,0.1999999999999993,0.35,1.0216563940048218,0.34999999999999865,0.34999999999999865,0.34999999999999865,0.34999999999999865,0.3499999999999912,1.0,1.2218602895736694,0.9999999999999996,0.9999999999999996,0.9999999999999996,0.9999999999999996,0.9999999999999966
0.9248046875,0.2,0.33594825863838196,0.19999999999999984,0.19999999999999984,0.19999999999999984,0.19999999999999984,0.1999999999999993,0.35,1.0100129842758179,0.34999999999999865,0.34999999999999865,0.34999999999999865,0.34999999999999865,0.349999999999992,1.0,1.2254091501235962,0.9999999999999996,0.9999999999999996,0.9999999999999996,0.9999999999999996,0.9999999999999966
0.9267578125,0.2,0.3426065742969513,0.19999999999999984,0.19999999999999984,0.19999999999999984,0.19999999999999984,0.19999999999999934,0.35,0.9988061189651489,0.34999999999999865,0.34999999999999865,0.34999999999999865,0.34999999999999865,0.34999999999999176,1.0,1.2279419898986816,0.9999999999999996,0.9999999999999996,0.9999999999999996,0.9999999999999996,0.9999999999999968
0.9287109375,0.2,0.34893518686294556,0.19999999999999984,0.19999999999999984,0.19999999999999984,0.19999999999999984,0.19999999999999937,0.35,0.9883432388305664,0.34999999999999865,0.34999999999999865,0.34999999999999865,0.34999999999999865,0.3499999999999922,1.0,1.229426383972168,0.9999999999999996,0.9999999999999996,0.9999999999999996,0.9999999999999996,0.9999999999999968
0.9306640625,0.2,0.3547956943511963,0.19999999999999987,0.19999999999999987,0.19999999999999987,0.19999999999999987,0.19999999999999934,0.35,0.9789143800735474,0.3499999999999986,0.3499999999999986,0.3499999999999986,0.3499999999999986,0.3499999999999919,1.0,1.2298613786697388,0.9999999999999998,0.9999999999999998,0.9999999999999998,0.9999999999999998,0.9999999999999971
0.9326171875,0.2,0.36006858944892883,0.19999999999999987,0.19999999999999987,0.19999999999999987,0.19999999999999987,0.1999999999999995,0.35,0.9707703590393066,0.3499999999999986,0.3499999999999986,0.3499999999999986,0.3499999999999986,0.34999999999999215,1.0,1.2292886972427368,0.9999999999999998,0.9999999999999998,0.9999999999999998,0.9999999999999998,0.9999999999999974
0.9345703125,0.2,0.3646601736545563,0.19999999999999987,0.19999999999999987,0.19999999999999987,0.19999999999999987,0.19999999999999934,0.35,0.9641046524047852,0.3499999999999986,0.3499999999999986,0.3499999999999986,0.3499999999999986,0.34999999999999265,1.0,1.2277909517288208,0.9999999999999998,0.9999999999999998,0.9999999999999998,0.9999999999999998,0.9999999999999973
0.9365234375,0.2,0.3685104250907898,0.19999999999999987,0.19999999999999987,0.19999999999999987,0.19999999999999987,0.1999999999999992,0.35,0.9590399265289307,0.3499999999999986,0.3499999999999986,0.3499999999999986,0.3499999999999986,0.34999999999999254,1.0,1.2254949808120728,0.9999999999999998,0.9999999999999998,0.9999999999999998,0.9999999999999998,0.9999999999999974
0.9384765625,0.2,0.37159618735313416,0.2,0.2,0.2,0.2,0.1999999999999992,0.35,0.95561683177948,0.3499999999999992,0.3499999999999992,0.3499999999999992,0.3499999999999992,0.3499999999999931,1.0,1.222562551498413,0.9999999999999998,0.9999999999999998,0.9999999999999998,0.9999999999999998,0.9999999999999971
0.9404296875,0.2,0.373933345079422,0.2,0.2,0.2,0.2,0.19999999999999937,0.35,0.9537914991378784,0.3499999999999992,0.3499999999999992,0.3499999999999992,0.3499999999999992,0.3499999999999928,1.0,1.219186544418335,0.9999999999999998,0.9999999999999998,0.9999999999999998,0.9999999999999998,0.9999999999999974
0.9423828125,0.2,0.3755739629268646,0.2,0.2,0.2,0.2,0.1999999999999995,0.35,0.9534366130828857,0.3499999999999992,0.3499999999999992,0.3499999999999992,0.3499999999999992,0.34999999999999326,1.0,1.2155803442001343,0.9999999999999998,0.9999999999999998,0.9999999999999998,0.9999999999999998,0.9999999999999974
0.9443359375,0.2,0.3766028583049774,0.2,0.2,0.2,0.2,0.19999999999999954,0.35,0.9543473720550537,0.3499999999999992,0.3499999999999992,0.3499999999999992,0.3499999999999992,0.34999999999999326,1.0,1.211970329284668,0.9999999999999998,0.9999999999999998,0.9999999999999998,0.9999999999999998,0.9999999999999977
0.9462890625,0.2,0.3771304488182068,0.2,0.2,0.2,0.2,0.19999999999999954,0.35,0.956251859664917,0.34999999999999987,0.34999999999999987,0.34999999999999987,0.34999999999999987,0.3499999999999935,1.0,1.208582878112793,0.9999999999999998,0.9999999999999998,0.9999999999999998,0.9999999999999998,0.9999999999999974
0.9482421875,0.2,0.3772844970226288,0.2,0.2,0.2,0.2,0.19999999999999954,0.35,0.9588254690170288,0.34999999999999987,0.34999999999999987,0.34999999999999987,0.34999999999999987,0.34999999999999326,1.0,1.2056385278701782,0.9999999999999998,0.9999999999999998,0.9999999999999998,0.9999999999999998,0.9999999999999977
0.9501953125,0.2,0.3772016167640686,0.2,0.2,0.2,0.2,0.19999999999999954,0.35,0.9617069959640503,0.34999999999999987,0.34999999999999987,0.34999999999999987,0.34999999999999987,0.34999999999999354,1.0,1.2033380270004272,0.9999999999999998,0.9999999999999998,0.9999999999999998,0.9999999999999998,0.9999999999999974
0.9521484375,0.2,0.37701860070228577,0.2,0.2,0.2,0.2,0.19999999999999954,0.35,0.9645158052444458,0.34999999999999987,0.34999999999999987,0.34999999999999987,0.34999999999999987,0.34999999999999315,1.0,1.201853632926941,0.9999999999999998,0.9999999999999998,0.9999999999999998,0.9999999999999998,0.9999999999999974
0.9541015625,0.2,0.3768652081489563,0.2,0.2,0.2,0.2,0.19999999999999954,0.35,0.9668686389923096,0.3499999999999999,0.3499999999999999,0.3499999999999999,0.3499999999999999,0.34999999999999293,1.0,1.2013227939605713,0.9999999999999998,0.9999999999999998,0.9999999999999998,0.9999999999999998,0.9999999999999977
0.9560546875,0.2,0.37685850262641907,0.2,0.2,0.2,0.2,0.1999999999999995,0.35,0.9683947563171387,0.3499999999999999,0.3499999999999999,0.3499999999999999,0.3499999999999999,0.3499999999999931,1.0,1.2018375396728516,0.9999999999999998,0.9999999999999998,0.9999999999999998,0.9999999999999998,0.9999999999999974
0.9580078125,0.2,0.3770989775657654,0.2,0.2,0.2,0.2,0.19999999999999946,0.35,0.9687541723251343,0.3499999999999999,0.3499999999999999,0.3499999999999999,0.3499999999999999,0.34999999999999265,1.0,1.2034461498260498,0.9999999999999998,0.9999999999999998,0.9999999999999998,0.9999999999999998,0.9999999999999977
0.9599609375,0.2,0.3776688575744629,0.2,0.2,0.2,0.2,0.1999999999999995,0.35,0.9676471948623657,0.3499999999999999,0.3499999999999999,0.3499999999999999,0.3499999999999999,0.349999999999993,1.0,1.206146001815796,0.9999999999999998,0.9999999999999998,0.9999999999999998,0.9999999999999998,0.9999999999999978
0.9619140625,0.2,0.3786327540874481,0.2,0.2,0.2,0.2,0.19999999999999954,0.35,0.9648327827453613,0.3499999999999999,0.3499999999999999,0.3499999999999999,0.3499999999999999,0.34999999999999315,1.0,1.2098946571350098,0.9999999999999998,0.9999999999999998,0.9999999999999998,0.9999999999999998,0.9999999999999978
0.9638671875,0.2,0.3800378441810608,0.2,0.2,0.2,0.2,0.1999999999999995,0.35,0.9601366519927979,0.3499999999999999,0.3499999999999999,0.3499999999999999,0.3499999999999999,0.3499999999999933,1.0,1.2146073579788208,0.9999999999999998,0.9999999999999998,0.9999999999999998,0.9999999999999998,0.9999999999999982
0.9658203125,0.2,0.38191649317741394,0.2,0.2,0.2,0.2,0.1999999999999995,0.35,0.9534670114517212,0.3499999999999999,0.3499999999999999,0.3499999999999999,0.3499999999999999,0.3499999999999942,1.0,1.220170259475708,0.9999999999999998,0.9999999999999998,0.9999999999999998,0.9999999999999998,0.9999999999999978
0.9677734375,0.2,0.384285569190979,0.2,0.2,0.2,0.2,0.19999999999999962,0.35,0.9448244571685791,0.3499999999999999,0.3499999999999999,0.3499999999999999,0.3499999999999999,0.34999999999999515,1.0,1.2264426946640015,0.9999999999999998,0.9999999999999998,0.9999999999999998,0.9999999999999998,0.9999999999999978
0.9697265625,0.2,0.3871474266052246,0.2,0.2,0.2,0.2,0.19999999999999962,0.35,0.934312105178833,0.3499999999999999,0.3499999999999999,0.3499999999999999,0.3499999999999999,0.3499999999999954,1.0,1.2332587242126465,0.9999999999999998,0.9999999999999998,0.9999999999999998,0.9999999999999998,0.9999999999999982
0.9716796875,0.2,0.39048683643341064,0.2,0.2,0.2,0.2,0.19999999999999954,0.35,0.9221421480178833,0.3499999999999999,0.3499999999999999,0.3499999999999999,0.3499999999999999,0.34999999999999587,1.0,1.2404268980026245,0.9999999999999998,0.9999999999999998,0.9999999999999998,0.9999999999999998,0.9999999999999982
0.9736328125,0.2,0.3942683935165405,0.2,0.2,0.2,0.2,0.19999999999999962,0.35,0.908637523651123,0.3499999999999999,0.3499999999999999,0.3499999999999999,0.3499999999999999,0.3499999999999955,1.0,1.2477233409881592,0.9999999999999998,0.9999999999999998,0.9999999999999998,0.9999999999999998,0.9999999999999983
0.9755859375,0.2,0.39843136072158813,0.2,0.2,0.2,0.2,0.19999999999999954,0.35,0.894227147102356,0.3499999999999999,0.3499999999999999,0.3499999999999999,0.3499999999999999,0.349999999999996,1.0,1.2548861503601074,0.9999999999999998,0.9999999999999998,0.9999999999999998,0.9999999999999998,0.9999999999999982
0.9775390625,0.2,0.40288591384887695,0.2,0.2,0.2,0.2,0.1999999999999998,0.35,0.8794306516647339,0.3499999999999999,0.3499999999999999,0.3499999999999999,0.3499999999999999,0.349999999999996,1.0,1.2616113424301147,0.9999999999999998,0.9999999999999998,0.9999999999999998,0.9999999999999998,0.9999999999999983
0.9794921875,0.2,0.4075108766555786,0.2,0.2,0.2,0.2,0.1999999999999997,0.35,0.8648344278335571,0.3499999999999999,0.3499999999999999,0.3499999999999999,0.3499999999999999,0.34999999999999637,1.0,1.2675552368164062,0.9999999999999998,0.9999999999999998,0.9999999999999998,0.9999999999999998,0.9999999999999983
0.9814453125,0.2,0.412156343460083,0.2,0.2,0.2,0.2,0.19999999999999973,0.35,0.8510545492172241,0.3499999999999999,0.3499999999999999,0.3499999999999999,0.3499999999999999,0.3499999999999973,1.0,1.2723549604415894,0.9999999999999998,0.9999999999999998,0.9999999999999998,0.9999999999999998,0.9999999999999986
0.9833984375,0.2,0.41665011644363403,0.2,0.2,0.2,0.2,0.1999999999999998,0.35,0.8386937379837036,0.3499999999999999,0.3499999999999999,0.3499999999999999,0.3499999999999999,0.3499999999999975,1.0,1.2756507396697998,0.9999999999999998,0.9999999999999998,0.9999999999999998,0.9999999999999998,0.9999999999999987
0.9853515625,0.2,0.4208110272884369,0.2,0.2,0.2,0.2,0.1999999999999998,0.35,0.8282917737960815,0.3499999999999999,0.3499999999999999,0.3499999999999999,0.3499999999999999,0.3499999999999975,1.0,1.2771296501159668,0.9999999999999998,0.9999999999999998,0.9999999999999998,0.9999999999999998,0.9999999999999987
0.9873046875,0.2,0.4244689345359802,0.2,0.2,0.2,0.2,0.19999999999999984,0.35,0.8202794790267944,0.3499999999999999,0.3499999999999999,0.3499999999999999,0.3499999999999999,0.34999999999999737,1.0,1.2765740156173706,0.9999999999999998,0.9999999999999998,0.9999999999999998,0.9999999999999998,0.9999999999999987
0.9892578125,0.2,0.42748501896858215,0.2,0.2,0.2,0.2,0.1999999999999998,0.35,0.8149409294128418,0.3499999999999999,0.3499999999999999,0.3499999999999999,0.3499999999999999,0.3499999999999975,1.0,1.2738981246948242,0.9999999999999998,0.9999999999999998,0.9999999999999998,0.9999999999999998,0.9999999999999987
0.9912109375,0.2,0.4297722578048706,0.2,0.2,0.2,0.2,0.1999999999999998,0.35,0.8123890161514282,0.3499999999999999,0.3499999999999999,0.3499999999999999,0.3499999999999999,0.34999999999999737,1.0,1.2691857814788818,0.9999999999999998,0.9999999999999998,0.9999999999999998,0.9999999999999998,0.9999999999999987
0.9931640625,0.2,0.43130943179130554,0.2,0.2,0.2,0.2,0.1999999999999998,0.35,0.812211275100708,0.3499999999999999,0.3499999999999999,0.3499999999999999,0.3499999999999999,0.34999999999999637,1.0,1.2626962661743164,0.9999999999999998,0.9999999999999998,0.9999999999999998,0.9999999999999998,0.9999999999999987
0.9951171875,0.2,0.43214473128318787,0.2,0.2,0.2,0.2,0.19999999999999984,0.35,0.8057674169540405,0.3499999999999999,0.3499999999999999,0.3499999999999999,0.3499999999999999,0.34999999999999487,1.0,1.2548483610153198,0.9999999999999998,0.9999999999999998,0.9999999999999998,0.9999999999999998,0.9999999999999992
0.9970703125,0.2,0.4323886036872864,0.2,0.2,0.2,0.2,0.19999999999999987,0.35,0.8014827966690063,0.3499999999999999,0.3499999999999999,0.3499999999999999,0.3499999999999999,0.34999999999999337,1.0,1.2461813688278198,0.9999999999999998,0.9999999999999998,0.9999999999999998,0.9999999999999998,0.9999999999999989
0.9990234375,0.2,0.43219631910324097,0.2,0.2,0.2,0.2,0.19999999999999987,0.35,0.7991888523101807,0.3499999999999999,0.3499999999999999,0.3499999999999999,0.3499999999999999,0.3499999999999921,1.0,1.2372936010360718,0.9999999999999998,0.9999999999999998,0.9999999999999998,0.9999999999999998,0.9999999999999994
