x,exact_density,piecewise_density,fixed_mc_density,fine_hllc_density,dkan_fv_density,dkan_fv_min_density,dkan_fv_max_density,legacy_dkan_fv_density,legacy_dkan_fv_min_density,legacy_dkan_fv_max_density,dkan_tv2_density,dkan_tv2_min_density,dkan_tv2_max_density,fno_density,fno_min_density,fno_max_density,exact_velocity,piecewise_velocity,fixed_mc_velocity,fine_hllc_velocity,dkan_fv_velocity,dkan_fv_min_velocity,dkan_fv_max_velocity,legacy_dkan_fv_velocity,legacy_dkan_fv_min_velocity,legacy_dkan_fv_max_velocity,dkan_tv2_velocity,dkan_tv2_min_velocity,dkan_tv2_max_velocity,fno_velocity,fno_min_velocity,fno_max_velocity,exact_pressure,piecewise_pressure,fixed_mc_pressure,fine_hllc_pressure,dkan_fv_pressure,dkan_fv_min_pressure,dkan_fv_max_pressure,legacy_dkan_fv_pressure,legacy_dkan_fv_min_pressure,legacy_dkan_fv_max_pressure,dkan_tv2_pressure,dkan_tv2_min_pressure,dkan_tv2_max_pressure,fno_pressure,fno_min_pressure,fno_max_pressure
0.0009765625,0.886704,0.8867039999999998,0.8867039999999998,0.8867039999999998,0.8867039999999998,0.8867039999999998,0.8867039999999998,0.8867039999999998,0.8867039999999998,0.8867039999999998,0.8867039999999998,0.8867039999999998,0.8867039999999998,0.89188474,0.88777983,0.9404251,-0.181424,-0.18142400000000006,-0.18142400000000006,-0.18142400000000006,-0.18142400000000006,-0.18142400000000006,-0.18142400000000006,-0.18142400000000006,-0.18142400000000006,-0.18142400000000006,-0.18142400000000006,-0.18142400000000006,-0.18142400000000006,-0.13082927,-0.21387145,-0.12385473,1.73023,1.73023,1.73023,1.73023,1.73023,1.73023,1.73023,1.73023,1.73023,1.73023,1.73023,1.73023,1.73023,1.5408332,1.3790004,1.5543516
0.0029296875,0.886704,0.8867039999999998,0.8867039999999998,0.8867039999999998,0.8867039999999998,0.8867039999999998,0.8867039999999998,0.8867039999999998,0.8867039999999998,0.8867039999999998,0.8867039999999998,0.8867039999999998,0.8867039999999998,0.8938139,0.8905156,0.9487786,-0.181424,-0.18142400000000006,-0.18142400000000006,-0.18142400000000006,-0.18142400000000006,-0.18142400000000006,-0.18142400000000006,-0.18142400000000006,-0.18142400000000006,-0.18142400000000006,-0.18142400000000006,-0.18142400000000006,-0.18142400000000006,-0.13116679,-0.20107535,-0.11854297,1.73023,1.73023,1.73023,1.73023,1.73023,1.73023,1.73023,1.73023,1.73023,1.73023,1.73023,1.73023,1.73023,1.5826446,1.4382125,1.5869199
0.0048828125,0.886704,0.8867039999999998,0.8867039999999998,0.8867039999999998,0.8867039999999998,0.8867039999999998,0.8867039999999998,0.8867039999999998,0.8867039999999998,0.8867039999999998,0.8867039999999998,0.8867039999999998,0.8867039999999998,0.8970363,0.8873353,0.9536321,-0.181424,-0.18142400000000006,-0.18142400000000006,-0.18142400000000006,-0.18142400000000006,-0.18142400000000006,-0.18142400000000006,-0.18142400000000006,-0.18142400000000006,-0.18142400000000006,-0.18142400000000006,-0.18142400000000006,-0.18142400000000006,-0.1316491,-0.18963733,-0.11467251,1.73023,1.73023,1.73023,1.73023,1.73023,1.73023,1.73023,1.73023,1.73023,1.73023,1.73023,1.73023,1.73023,1.6117275,1.4892912,1.6162484
0.0068359375,0.886704,0.8867039999999998,0.8867039999999998,0.8867039999999998,0.8867039999999998,0.8867039999999998,0.8867039999999998,0.8867039999999998,0.8867039999999998,0.8867039999999998,0.8867039999999998,0.8867039999999998,0.8867039999999998,0.8976032,0.8828015,0.955438,-0.181424,-0.18142400000000006,-0.18142400000000006,-0.18142400000000006,-0.18142400000000006,-0.18142400000000006,-0.18142400000000006,-0.18142400000000006,-0.18142400000000006,-0.18142400000000006,-0.18142400000000006,-0.18142400000000006,-0.18142400000000006,-0.13203767,-0.17970377,-0.11207321,1.73023,1.73023,1.73023,1.73023,1.73023,1.73023,1.73023,1.73023,1.73023,1.73023,1.73023,1.73023,1.73023,1.6288912,1.5314022,1.6422945
0.0087890625,0.886704,0.8867039999999998,0.8867039999999998,0.8867039999999998,0.8867039999999998,0.8867039999999998,0.8867039999999998,0.8867039999999998,0.8867039999999998,0.8867039999999998,0.8867039999999998,0.8867039999999998,0.8867039999999998,0.8958133,0.8774019,0.9547089,-0.181424,-0.18142400000000006,-0.18142400000000006,-0.18142400000000006,-0.18142400000000006,-0.18142400000000006,-0.18142400000000006,-0.18142400000000006,-0.18142400000000006,-0.18142400000000006,-0.18142400000000006,-0.18142400000000006,-0.18142400000000006,-0.13209882,-0.17132917,-0.11061132,1.73023,1.73023,1.73023,1.73023,1.73023,1.73023,1.73023,1.73023,1.73023,1.73023,1.73023,1.73023,1.73023,1.6389416,1.5643512,1.6616362
0.0107421875,0.886704,0.8867039999999998,0.8867039999999998,0.8867039999999998,0.8867039999999998,0.8867039999999998,0.8867039999999998,0.8867039999999998,0.8867039999999998,0.8867039999999998,0.8867039999999998,0.8867039999999998,0.8867039999999998,0.89207286,0.8716111,0.9519728,-0.181424,-0.18142400000000006,-0.18142400000000006,-0.18142400000000006,-0.18142400000000006,-0.18142400000000006,-0.18142400000000006,-0.18142400000000006,-0.18142400000000006,-0.18142400000000006,-0.18142400000000006,-0.18142400000000006,-0.18142400000000006,-0.1316351,-0.1644826,-0.11018497,1.73023,1.73023,1.73023,1.73023,1.73023,1.73023,1.73023,1.73023,1.73023,1.73023,1.73023,1.73023,1.73023,1.642734,1.5885034,1.6752172
0.0126953125,0.886704,0.8867039999999998,0.8867039999999998,0.8867039999999998,0.8867039999999998,0.8867039999999998,0.8867039999999998,0.8867039999999998,0.8867039999999998,0.8867039999999998,0.8867039999999998,0.8867039999999998,0.8867039999999998,0.8868559,0.8658574,0.9477397,-0.181424,-0.18142400000000006,-0.18142400000000006,-0.18142400000000006,-0.18142400000000006,-0.18142400000000006,-0.18142400000000006,-0.18142400000000006,-0.18142400000000006,-0.18142400000000006,-0.18142400000000006,-0.18142400000000006,-0.18142400000000006,-0.13051113,-0.1590611,-0.11071253,1.73023,1.73023,1.73023,1.73023,1.73023,1.73023,1.73023,1.73023,1.73023,1.73023,1.73023,1.73023,1.73023,1.641337,1.6046662,1.683975
0.0146484375,0.886704,0.8867039999999998,0.8867039999999998,0.8867039999999998,0.8867039999999998,0.8867039999999998,0.8867039999999998,0.8867039999999998,0.8867039999999998,0.8867039999999998,0.8867039999999998,0.8867039999999998,0.8867039999999998,0.8806604,0.8605028,0.94247633,-0.181424,-0.18142400000000006,-0.18142400000000006,-0.18142400000000006,-0.18142400000000006,-0.18142400000000006,-0.18142400000000006,-0.18142400000000006,-0.18142400000000006,-0.18142400000000006,-0.18142400000000006,-0.18142400000000006,-0.18142400000000006,-0.12867159,-0.15490511,-0.11212045,1.73023,1.73023,1.73023,1.73023,1.73023,1.73023,1.73023,1.73023,1.73023,1.73023,1.73023,1.73023,1.73023,1.6359184,1.6139615,1.6887666
0.0166015625,0.886704,0.8867039999999998,0.8867039999999998,0.8867039999999998,0.8867039999999998,0.8867039999999998,0.8867039999999998,0.8867039999999998,0.8867039999999998,0.8867039999999998,0.8867039999999998,0.8867039999999998,0.8867039999999998,0.87396896,0.8558329,0.9365906,-0.181424,-0.18142400000000006,-0.18142400000000006,-0.18142400000000006,-0.18142400000000006,-0.18142400000000006,-0.18142400000000006,-0.18142400000000006,-0.18142400000000006,-0.18142400000000006,-0.18142400000000006,-0.18142400000000006,-0.18142400000000006,-0.12614876,-0.15181744,-0.11433318,1.73023,1.73023,1.73023,1.73023,1.73023,1.73023,1.73023,1.73023,1.73023,1.73023,1.73023,1.73023,1.73023,1.6276487,1.6176997,1.6903256
0.0185546875,0.886704,0.8867039999999998,0.8867039999999998,0.8867039999999998,0.8867039999999998,0.8867039999999998,0.8867039999999998,0.8867039999999998,0.8867039999999998,0.8867039999999998,0.8867039999999998,0.8867039999999998,0.8867039999999998,0.8672156,0.8520594,0.9304299,-0.181424,-0.18142400000000006,-0.18142400000000006,-0.18142400000000006,-0.18142400000000006,-0.18142400000000006,-0.18142400000000006,-0.18142400000000006,-0.18142400000000006,-0.18142400000000006,-0.18142400000000006,-0.18142400000000006,-0.18142400000000006,-0.123059034,-0.14958519,-0.11726847,1.73023,1.73023,1.73023,1.73023,1.73023,1.73023,1.73023,1.73023,1.73023,1.73023,1.73023,1.73023,1.73023,1.6176248,1.6172706,1.68926
0.0205078125,0.886704,0.8867039999999998,0.8867039999999998,0.8867039999999998,0.8867039999999998,0.8867039999999998,0.8867039999999998,0.8867039999999998,0.8867039999999998,0.8867039999999998,0.8867039999999998,0.8867039999999998,0.8867039999999998,0.86076224,0.8493238,0.9242889,-0.181424,-0.18142400000000006,-0.18142400000000006,-0.18142400000000006,-0.18142400000000006,-0.18142400000000006,-0.18142400000000006,-0.18142400000000006,-0.18142400000000006,-0.18142400000000006,-0.18142400000000006,-0.18142400000000006,-0.18142400000000006,-0.12083405,-0.14800096,-0.119588494,1.73023,1.73023,1.73023,1.73023,1.73023,1.73023,1.73023,1.73023,1.73023,1.73023,1.73023,1.73023,1.73023,1.6140417,1.6068147,1.6860805
0.0224609375,0.886704,0.8867039999999998,0.8867039999999998,0.8867039999999998,0.8867039999999998,0.8867039999999998,0.8867039999999998,0.8867039999999998,0.8867039999999998,0.8867039999999998,0.8867039999999998,0.8867039999999998,0.8867039999999998,0.8548796,0.8477018,0.9184295,-0.181424,-0.18142400000000006,-0.18142400000000006,-0.18142400000000006,-0.18142400000000006,-0.18142400000000006,-0.18142400000000006,-0.18142400000000006,-0.18142400000000006,-0.18142400000000006,-0.18142400000000006,-0.18142400000000006,-0.18142400000000006,-0.12492603,-0.14688349,-0.115971,1.73023,1.73023,1.73023,1.73023,1.73023,1.73023,1.73023,1.73023,1.73023,1.73023,1.73023,1.73023,1.73023,1.6092764,1.5960145,1.6812601
0.0244140625,0.886704,0.8867039999999998,0.8867039999999998,0.8867039999999998,0.8867039999999998,0.8867039999999998,0.8867039999999998,0.8867039999999998,0.8867039999999998,0.8867039999999998,0.8867039999999998,0.8867039999999998,0.8867039999999998,0.8497419,0.8472058,0.9130978,-0.181424,-0.18142400000000006,-0.18142400000000006,-0.18142400000000006,-0.18142400000000006,-0.18142400000000006,-0.18142400000000006,-0.18142400000000006,-0.18142400000000006,-0.18142400000000006,-0.18142400000000006,-0.18142400000000006,-0.18142400000000006,-0.1294271,-0.14608794,-0.11246267,1.73023,1.73023,1.73023,1.73023,1.73023,1.73023,1.73023,1.73023,1.73023,1.73023,1.73023,1.73023,1.73023,1.6040651,1.5858256,1.6752932
0.0263671875,0.886704,0.8867039999999998,0.8867039999999998,0.8867039999999998,0.8867039999999998,0.8867039999999998,0.8867039999999998,0.8867039999999998,0.8867039999999998,0.8867039999999998,0.8867039999999998,0.8867039999999998,0.8867039999999998,0.84778786,0.8454271,0.90853745,-0.181424,-0.18142400000000006,-0.18142400000000006,-0.18142400000000006,-0.18142400000000006,-0.18142400000000006,-0.18142400000000006,-0.18142400000000006,-0.18142400000000006,-0.18142400000000006,-0.18142400000000006,-0.18142400000000006,-0.18142400000000006,-0.13420466,-0.14550984,-0.10931444,1.73023,1.73023,1.73023,1.73023,1.73023,1.73023,1.73023,1.73023,1.73023,1.73023,1.73023,1.73023,1.73023,1.5992855,1.5766468,1.6687304
0.0283203125,0.886704,0.8867039999999998,0.8867039999999998,0.8867039999999998,0.8867039999999998,0.8867039999999998,0.8867039999999998,0.8867039999999998,0.8867039999999998,0.8867039999999998,0.8867039999999998,0.8867039999999998,0.8867039999999998,0.84934294,0.8419315,0.9049855,-0.181424,-0.18142400000000006,-0.18142400000000006,-0.18142400000000006,-0.18142400000000006,-0.18142400000000006,-0.18142400000000006,-0.18142400000000006,-0.18142400000000006,-0.18142400000000006,-0.18142400000000006,-0.18142400000000006,-0.18142400000000006,-0.13911119,-0.14507702,-0.1067484,1.73023,1.73023,1.73023,1.73023,1.73023,1.73023,1.73023,1.73023,1.73023,1.73023,1.73023,1.73023,1.73023,1.5955827,1.5686879,1.6621813
0.0302734375,0.886704,0.8867039999999998,0.8867039999999998,0.8867039999999998,0.8867039999999998,0.8867039999999998,0.8867039999999998,0.8867039999999998,0.8867039999999998,0.8867039999999998,0.8867039999999998,0.8867039999999998,0.8867039999999998,0.85171735,0.83918935,0.90264964,-0.181424,-0.18142400000000006,-0.18142400000000006,-0.18142400000000006,-0.18142400000000006,-0.18142400000000006,-0.18142400000000006,-0.18142400000000006,-0.18142400000000006,-0.18142400000000006,-0.18142400000000006,-0.18142400000000006,-0.18142400000000006,-0.14399025,-0.14473638,-0.10493672,1.73023,1.73023,1.73023,1.73023,1.73023,1.73023,1.73023,1.73023,1.73023,1.73023,1.73023,1.73023,1.73023,1.5933754,1.5620056,1.6562701
0.0322265625,0.886704,0.8867039999999998,0.8867039999999998,0.8867039999999998,0.8867039999999998,0.8867039999999998,0.8867039999999998,0.8867039999999998,0.8867039999999998,0.8867039999999998,0.8867039999999998,0.8867039999999998,0.8867039999999998,0.85472023,0.8370996,0.9016766,-0.181424,-0.18142400000000006,-0.18142400000000006,-0.18142400000000006,-0.18142400000000006,-0.18142400000000006,-0.18142400000000006,-0.18142400000000006,-0.18142400000000006,-0.18142400000000006,-0.18142400000000006,-0.18142400000000006,-0.18142400000000006,-0.14443842,-0.14868984,-0.103986174,1.73023,1.73023,1.73023,1.73023,1.73023,1.73023,1.73023,1.73023,1.73023,1.73023,1.73023,1.73023,1.73023,1.5928814,1.5565422,1.6515607
0.0341796875,0.886704,0.8867039999999998,0.8867039999999998,0.8867039999999998,0.8867039999999998,0.8867039999999998,0.8867039999999998,0.8867039999999998,0.8867039999999998,0.8867039999999998,0.8867039999999998,0.8867039999999998,0.8867039999999998,0.85813856,0.83555305,0.90211487,-0.181424,-0.18142400000000006,-0.18142400000000006,-0.18142400000000006,-0.18142400000000006,-0.18142400000000006,-0.18142400000000006,-0.18142400000000006,-0.18142400000000006,-0.18142400000000006,-0.18142400000000006,-0.18142400000000006,-0.18142400000000006,-0.14412677,-0.1530802,-0.103928626,1.73023,1.73023,1.73023,1.73023,1.73023,1.73023,1.73023,1.73023,1.73023,1.73023,1.73023,1.73023,1.73023,1.5941478,1.5521711,1.6484684
0.0361328125,0.886704,0.8867039999999998,0.8867039999999998,0.8867039999999998,0.8867039999999998,0.8867039999999998,0.8867039999999998,0.8867039999999998,0.8867039999999998,0.8867039999999998,0.8867039999999998,0.8867039999999998,0.8867039999999998,0.8617528,0.8344551,0.90389407,-0.181424,-0.18142400000000006,-0.18142400000000006,-0.18142400000000006,-0.18142400000000006,-0.18142400000000006,-0.18142400000000006,-0.18142400000000006,-0.18142400000000006,-0.18142400000000006,-0.18142400000000006,-0.18142400000000006,-0.18142400000000006,-0.14373523,-0.15707102,-0.104718685,1.73023,1.73023,1.73023,1.73023,1.73023,1.73023,1.73023,1.73023,1.73023,1.73023,1.73023,1.73023,1.73023,1.5970881,1.5487356,1.6471939
0.0380859375,0.886704,0.8867039999999998,0.8867039999999998,0.8867039999999998,0.8867039999999998,0.8867039999999998,0.8867039999999998,0.8867039999999998,0.8867039999999998,0.8867039999999998,0.8867039999999998,0.8867039999999998,0.8867039999999998,0.86535466,0.8337419,0.90682185,-0.181424,-0.18142400000000006,-0.18142400000000006,-0.18142400000000006,-0.18142400000000006,-0.18142400000000006,-0.18142400000000006,-0.18142400000000006,-0.18142400000000006,-0.18142400000000006,-0.18142400000000006,-0.18142400000000006,-0.18142400000000006,-0.14319399,-0.16062096,-0.106239885,1.73023,1.73023,1.73023,1.73023,1.73023,1.73023,1.73023,1.73023,1.73023,1.73023,1.73023,1.73023,1.73023,1.6015192,1.5460743,1.6476915
0.0400390625,0.886704,0.8867039999999998,0.8867039999999998,0.8867039999999998,0.8867039999999998,0.8867039999999998,0.8867039999999998,0.8867039999999998,0.8867039999999998,0.8867039999999998,0.8867039999999998,0.8867039999999998,0.8867039999999998,0.8687595,0.8333855,0.9106046,-0.181424,-0.18142400000000006,-0.18142400000000006,-0.18142400000000006,-0.18142400000000006,-0.18142400000000006,-0.18142400000000006,-0.18142400000000006,-0.18142400000000006,-0.18142400000000006,-0.18142400000000006,-0.18142400000000006,-0.18142400000000006,-0.1424411,-0.16373599,-0.108320445,1.73023,1.73023,1.73023,1.73023,1.73023,1.73023,1.73023,1.73023,1.73023,1.73023,1.73023,1.73023,1.73023,1.6071893,1.5440375,1.6496915
0.0419921875,0.886704,0.8867039999999998,0.8867039999999998,0.8867039999999998,0.8867039999999998,0.8867039999999998,0.8867039999999998,0.8867039999999998,0.8867039999999998,0.8867039999999998,0.8867039999999998,0.8867039999999998,0.8867039999999998,0.871824,0.8333896,0.9148886,-0.181424,-0.18142400000000006,-0.18142400000000006,-0.18142400000000006,-0.18142400000000006,-0.18142400000000006,-0.18142400000000006,-0.18142400000000006,-0.18142400000000006,-0.18142400000000006,-0.18142400000000006,-0.18142400000000006,-0.18142400000000006,-0.141438,-0.1664575,-0.11075449,1.73023,1.73023,1.73023,1.73023,1.73023,1.73023,1.73023,1.73023,1.73023,1.73023,1.73023,1.73023,1.73023,1.6138023,1.5425049,1.6527585
0.0439453125,0.886704,0.8867039999999998,0.8867039999999998,0.8867039999999998,0.8867039999999998,0.8867039999999998,0.8867039999999998,0.8867039999999998,0.8867039999999998,0.8867039999999998,0.8867039999999998,0.8867039999999998,0.8867039999999998,0.8744544,0.8337751,0.91930634,-0.181424,-0.18142400000000006,-0.18142400000000006,-0.18142400000000006,-0.18142400000000006,-0.18142400000000006,-0.18142400000000006,-0.18142400000000006,-0.18142400000000006,-0.18142400000000006,-0.18142400000000006,-0.18142400000000006,-0.18142400000000006,-0.14018068,-0.16884243,-0.11332679,1.73023,1.73023,1.73023,1.73023,1.73023,1.73023,1.73023,1.73023,1.73023,1.73023,1.73023,1.73023,1.73023,1.6210341,1.5413884,1.6563804
0.0458984375,0.886704,0.8867039999999998,0.8867039999999998,0.8867039999999998,0.8867039999999998,0.8867039999999998,0.8867039999999998,0.8867039999999998,0.8867039999999998,0.8867039999999998,0.8867039999999998,0.8867039999999998,0.8867039999999998,0.8766144,0.8345633,0.9235245,-0.181424,-0.18142400000000006,-0.18142400000000006,-0.18142400000000006,-0.18142400000000006,-0.18142400000000006,-0.18142400000000006,-0.18142400000000006,-0.18142400000000006,-0.18142400000000006,-0.18142400000000006,-0.18142400000000006,-0.18142400000000006,-0.13870665,-0.17094404,-0.11583632,1.73023,1.73023,1.73023,1.73023,1.73023,1.73023,1.73023,1.73023,1.73023,1.73023,1.73023,1.73023,1.73023,1.6285474,1.5406426,1.6600559
0.0478515625,0.886704,0.8867039999999998,0.8867039999999998,0.8867039999999998,0.8867039999999998,0.8867039999999998,0.8867039999999998,0.8867039999999998,0.8867039999999998,0.8867039999999998,0.8867039999999998,0.8867039999999998,0.8867039999999998,0.8783271,0.8357549,0.92727727,-0.181424,-0.18142400000000006,-0.18142400000000006,-0.18142400000000006,-0.18142400000000006,-0.18142400000000006,-0.18142400000000006,-0.18142400000000006,-0.18142400000000006,-0.18142400000000006,-0.18142400000000006,-0.18142400000000006,-0.18142400000000006,-0.1370936,-0.17279747,-0.118113816,1.73023,1.73023,1.73023,1.73023,1.73023,1.73023,1.73023,1.73023,1.73023,1.73023,1.73023,1.73023,1.73023,1.6359979,1.5402644,1.6633704
0.0498046875,0.886704,0.8867039999999998,0.8867039999999998,0.8867039999999998,0.8867039999999998,0.8867039999999998,0.8867039999999998,0.8867039999999998,0.8867039999999998,0.8867039999999998,0.8867039999999998,0.8867039999999998,0.8867039999999998,0.87966996,0.83731633,0.9303883,-0.181424,-0.18142400000000006,-0.18142400000000006,-0.18142400000000006,-0.18142400000000006,-0.18142400000000006,-0.18142400000000006,-0.18142400000000006,-0.18142400000000006,-0.18142400000000006,-0.18142400000000006,-0.18142400000000006,-0.18142400000000006,-0.13545105,-0.17441371,-0.12003231,1.73023,1.73023,1.73023,1.73023,1.73023,1.73023,1.73023,1.73023,1.73023,1.73023,1.73023,1.73023,1.73023,1.6430471,1.5402938,1.6660454
0.0517578125,0.886704,0.8867039999999998,0.8867039999999998,0.8867039999999998,0.8867039999999998,0.8867039999999998,0.8867039999999998,0.8867039999999998,0.8867039999999998,0.8867039999999998,0.8867039999999998,0.8867039999999998,0.8867039999999998,0.8807647,0.8391741,0.9327749,-0.181424,-0.18142400000000006,-0.18142400000000006,-0.18142400000000006,-0.18142400000000006,-0.18142400000000006,-0.18142400000000006,-0.18142400000000006,-0.18142400000000006,-0.18142400000000006,-0.18142400000000006,-0.18142400000000006,-0.18142400000000006,-0.13390714,-0.17577949,-0.12150833,1.73023,1.73023,1.73023,1.73023,1.73023,1.73023,1.73023,1.73023,1.73023,1.73023,1.73023,1.73023,1.73023,1.6493719,1.5408033,1.6679538
0.0537109375,0.886704,0.8867039999999998,0.8867039999999998,0.8867039999999998,0.8867039999999998,0.8867039999999998,0.8867039999999998,0.8867039999999998,0.8867039999999998,0.8867039999999998,0.8867039999999998,0.8867039999999998,0.8867039999999998,0.8817629,0.8412165,0.93443877,-0.181424,-0.18142400000000006,-0.18142400000000006,-0.18142400000000006,-0.18142400000000006,-0.18142400000000006,-0.18142400000000006,-0.18142400000000006,-0.18142400000000006,-0.18142400000000006,-0.18142400000000006,-0.18142400000000006,-0.18142400000000006,-0.13259438,-0.1768657,-0.12249845,1.73023,1.73023,1.73023,1.73023,1.73023,1.73023,1.73023,1.73023,1.73023,1.73023,1.73023,1.73023,1.73023,1.6546861,1.5418892,1.6691083
0.0556640625,0.886704,0.8867039999999998,0.8867039999999998,0.8867039999999998,0.8867039999999998,0.8867039999999998,0.8867039999999998,0.8867039999999998,0.8867039999999998,0.8867039999999998,0.8867039999999998,0.8867039999999998,0.8867039999999998,0.8828267,0.84330595,0.9354489,-0.181424,-0.18142400000000006,-0.18142400000000006,-0.18142400000000006,-0.18142400000000006,-0.18142400000000006,-0.18142400000000006,-0.18142400000000006,-0.18142400000000006,-0.18142400000000006,-0.18142400000000006,-0.18142400000000006,-0.18142400000000006,-0.13163361,-0.17763743,-0.122990966,1.73023,1.73023,1.73023,1.73023,1.73023,1.73023,1.73023,1.73023,1.73023,1.73023,1.73023,1.73023,1.73023,1.6587611,1.5436497,1.6696227
0.0576171875,0.886704,0.8867039999999998,0.8867039999999998,0.8867039999999998,0.8867039999999998,0.8867039999999998,0.8867039999999998,0.8867039999999998,0.8867039999999998,0.8867039999999998,0.8867039999999998,0.8867039999999998,0.8867039999999998,0.8841134,0.84529346,0.9359178,-0.181424,-0.18142400000000006,-0.18142400000000006,-0.18142400000000006,-0.18142400000000006,-0.18142400000000006,-0.18142400000000006,-0.18142400000000006,-0.18142400000000006,-0.18142400000000006,-0.18142400000000006,-0.18142400000000006,-0.18142400000000006,-0.13112268,-0.17806393,-0.12299985,1.73023,1.73023,1.73023,1.73023,1.73023,1.73023,1.73023,1.73023,1.73023,1.73023,1.73023,1.73023,1.73023,1.6614484,1.5461766,1.6696659
0.0595703125,0.886704,0.8867039999999998,0.8867039999999998,0.8867039999999998,0.8867039999999998,0.8867039999999998,0.8867039999999998,0.8867039999999998,0.8867039999999998,0.8867039999999998,0.8867039999999998,0.8867039999999998,0.8867039999999998,0.88575786,0.8470368,0.9359831,-0.181424,-0.18142400000000006,-0.18142400000000006,-0.18142400000000006,-0.18142400000000006,-0.18142400000000006,-0.18142400000000006,-0.18142400000000006,-0.18142400000000006,-0.18142400000000006,-0.18142400000000006,-0.18142400000000006,-0.18142400000000006,-0.1311278,-0.17812783,-0.12255886,1.73023,1.73023,1.73023,1.73023,1.73023,1.73023,1.73023,1.73023,1.73023,1.73023,1.73023,1.73023,1.73023,1.6626925,1.5495405,1.6694231
0.0615234375,0.886704,0.8867039999999998,0.8867039999999998,0.8867039999999998,0.8867039999999998,0.8867039999999998,0.8867039999999998,0.8867039999999998,0.8867039999999998,0.8867039999999998,0.8867039999999998,0.8867039999999998,0.8867039999999998,0.88786006,0.84841335,0.93579066,-0.181424,-0.18142400000000006,-0.18142400000000006,-0.18142400000000006,-0.18142400000000006,-0.18142400000000006,-0.18142400000000006,-0.18142400000000006,-0.18142400000000006,-0.18142400000000006,-0.18142400000000006,-0.18142400000000006,-0.18142400000000006,-0.13167793,-0.1778301,-0.12172091,1.73023,1.73023,1.73023,1.73023,1.73023,1.73023,1.73023,1.73023,1.73023,1.73023,1.73023,1.73023,1.73023,1.6625457,1.5537846,1.6690652
0.0634765625,0.886704,0.8867039999999998,0.8867039999999998,0.8867039999999998,0.8867039999999998,0.8867039999999998,0.8867039999999998,0.8867039999999998,0.8867039999999998,0.8867039999999998,0.8867039999999998,0.8867039999999998,0.8867039999999998,0.8904753,0.849331,0.9354867,-0.181424,-0.18142400000000006,-0.18142400000000006,-0.18142400000000006,-0.18142400000000006,-0.18142400000000006,-0.18142400000000006,-0.18142400000000006,-0.18142400000000006,-0.18142400000000006,-0.18142400000000006,-0.18142400000000006,-0.18142400000000006,-0.13276422,-0.17719036,-0.12055907,1.73023,1.73023,1.73023,1.73023,1.73023,1.73023,1.73023,1.73023,1.73023,1.73023,1.73023,1.73023,1.73023,1.6611598,1.5589163,1.6687367
0.0654296875,0.886704,0.8867039999999998,0.8867039999999998,0.8867039999999998,0.8867039999999998,0.8867039999999998,0.8867039999999998,0.8867039999999998,0.8867039999999998,0.8867039999999998,0.8867039999999998,0.8867039999999998,0.8867039999999998,0.89361036,0.84973216,0.9352139,-0.181424,-0.18142400000000006,-0.18142400000000006,-0.18142400000000006,-0.18142400000000006,-0.18142400000000006,-0.18142400000000006,-0.18142400000000006,-0.18142400000000006,-0.18142400000000006,-0.18142400000000006,-0.18142400000000006,-0.18142400000000006,-0.1343418,-0.17624405,-0.119166225,1.73023,1.73023,1.73023,1.73023,1.73023,1.73023,1.73023,1.73023,1.73023,1.73023,1.73023,1.73023,1.73023,1.6587725,1.5649177,1.668557
0.0673828125,0.886704,0.8867039999999998,0.8867039999999998,0.8867039999999998,0.8867039999999998,0.8867039999999998,0.8867039999999998,0.8867039999999998,0.8867039999999998,0.8867039999999998,0.8867039999999998,0.8867039999999998,0.8867039999999998,0.89722455,0.84959304,0.935113,-0.181424,-0.18142400000000006,-0.18142400000000006,-0.18142400000000006,-0.18142400000000006,-0.18142400000000006,-0.18142400000000006,-0.18142400000000006,-0.18142400000000006,-0.18142400000000006,-0.18142400000000006,-0.18142400000000006,-0.18142400000000006,-0.13633549,-0.17503509,-0.11765432,1.73023,1.73023,1.73023,1.73023,1.73023,1.73023,1.73023,1.73023,1.73023,1.73023,1.73023,1.73023,1.73023,1.6556858,1.571741,1.6686301
0.0693359375,0.886704,0.8867039999999998,0.8867039999999998,0.8867039999999998,0.8867039999999998,0.8867039999999998,0.8867039999999998,0.8867039999999998,0.8867039999999998,0.8867039999999998,0.8867039999999998,0.8867039999999998,0.8867039999999998,0.9012349,0.8489215,0.93531936,-0.181424,-0.18142400000000006,-0.18142400000000006,-0.18142400000000006,-0.18142400000000006,-0.18142400000000006,-0.18142400000000006,-0.18142400000000006,-0.18142400000000006,-0.18142400000000006,-0.18142400000000006,-0.18142400000000006,-0.18142400000000006,-0.13864788,-0.17360803,-0.11614668,1.73023,1.73023,1.73023,1.73023,1.73023,1.73023,1.73023,1.73023,1.73023,1.73023,1.73023,1.73023,1.73023,1.6522359,1.5793173,1.669049
0.0712890625,0.886704,0.8867039999999998,0.8867039999999998,0.8867039999999998,0.8867039999999998,0.8867039999999998,0.8867039999999998,0.8867039999999998,0.8867039999999998,0.8867039999999998,0.8867039999999998,0.8867039999999998,0.8867039999999998,0.90552706,0.8477558,0.9359537,-0.181424,-0.18142400000000006,-0.18142400000000006,-0.18142400000000006,-0.18142400000000006,-0.18142400000000006,-0.18142400000000006,-0.18142400000000006,-0.18142400000000006,-0.18142400000000006,-0.18142400000000006,-0.18142400000000006,-0.18142400000000006,-0.14116949,-0.17200133,-0.11476979,1.73023,1.73023,1.73023,1.73023,1.73023,1.73023,1.73023,1.73023,1.73023,1.73023,1.73023,1.73023,1.73023,1.6487694,1.5875614,1.6698947
0.0732421875,0.886704,0.8867039999999998,0.8867039999999998,0.8867039999999998,0.8867039999999998,0.8867039999999998,0.8867039999999998,0.8867039999999998,0.8867039999999998,0.8867039999999998,0.8867039999999998,0.8867039999999998,0.8867039999999998,0.90996546,0.84616524,0.937111,-0.181424,-0.18142400000000006,-0.18142400000000006,-0.18142400000000006,-0.18142400000000006,-0.18142400000000006,-0.18142400000000006,-0.18142400000000006,-0.18142400000000006,-0.18142400000000006,-0.18142400000000006,-0.18142400000000006,-0.18142400000000006,-0.14378878,-0.17024219,-0.113640994,1.73023,1.73023,1.73023,1.73023,1.73023,1.73023,1.73023,1.73023,1.73023,1.73023,1.73023,1.73023,1.73023,1.6456176,1.5963695,1.6712174
0.0751953125,0.886704,0.8867039999999998,0.8867039999999998,0.8867039999999998,0.8867039999999998,0.8867039999999998,0.8867039999999998,0.8867039999999998,0.8867039999999998,0.8867039999999998,0.8867039999999998,0.8867039999999998,0.8867039999999998,0.9144079,0.844249,0.9388439,-0.181424,-0.18142400000000006,-0.18142400000000006,-0.18142400000000006,-0.18142400000000006,-0.18142400000000006,-0.18142400000000006,-0.18142400000000006,-0.18142400000000006,-0.18142400000000006,-0.18142400000000006,-0.18142400000000006,-0.18142400000000006,-0.14640158,-0.16834778,-0.112856925,1.73023,1.73023,1.73023,1.73023,1.73023,1.73023,1.73023,1.73023,1.73023,1.73023,1.73023,1.73023,1.73023,1.643078,1.6056182,1.6730214
0.0771484375,0.886704,0.8867039999999998,0.8867039999999998,0.8867039999999998,0.8867039999999998,0.8867039999999998,0.8867039999999998,0.8867039999999998,0.8867039999999998,0.8867039999999998,0.8867039999999998,0.8867039999999998,0.8867039999999998,0.9187148,0.84213454,0.94114965,-0.181424,-0.18142400000000006,-0.18142400000000006,-0.18142400000000006,-0.18142400000000006,-0.18142400000000006,-0.18142400000000006,-0.18142400000000006,-0.18142400000000006,-0.18142400000000006,-0.18142400000000006,-0.18142400000000006,-0.18142400000000006,-0.14891788,-0.16632769,-0.11248273,1.73023,1.73023,1.73023,1.73023,1.73023,1.73023,1.73023,1.73023,1.73023,1.73023,1.73023,1.73023,1.73023,1.6413969,1.6151587,1.6752455
0.0791015625,0.886704,0.8867039999999998,0.8867039999999998,0.8867039999999998,0.8867039999999998,0.8867039999999998,0.8867039999999998,0.8867039999999998,0.8867039999999998,0.8867039999999998,0.8867039999999998,0.8867039999999998,0.8867039999999998,0.92275786,0.8399681,0.94396377,-0.181424,-0.18142400000000006,-0.18142400000000006,-0.18142400000000006,-0.18142400000000006,-0.18142400000000006,-0.18142400000000006,-0.18142400000000006,-0.18142400000000006,-0.18142400000000006,-0.18142400000000006,-0.18142400000000006,-0.18142400000000006,-0.15126726,-0.16419,-0.112544924,1.73023,1.73023,1.73023,1.73023,1.73023,1.73023,1.73023,1.73023,1.73023,1.73023,1.73023,1.73023,1.73023,1.6407505,1.6248116,1.677751
0.0810546875,0.886704,0.8867039999999998,0.8867039999999998,0.8867039999999998,0.8867039999999998,0.8867039999999998,0.8867039999999998,0.8867039999999998,0.8867039999999998,0.8867039999999998,0.8867039999999998,0.8867039999999998,0.8867039999999998,0.9264272,0.8379062,0.94716597,-0.181424,-0.18142400000000006,-0.18142400000000006,-0.18142400000000006,-0.18142400000000006,-0.18142400000000006,-0.18142400000000006,-0.18142400000000006,-0.18142400000000006,-0.18142400000000006,-0.18142400000000006,-0.18142400000000006,-0.18142400000000006,-0.15339929,-0.16194731,-0.11302957,1.73023,1.73023,1.73023,1.73023,1.73023,1.73023,1.73023,1.73023,1.73023,1.73023,1.73023,1.73023,1.73023,1.6412349,1.6343606,1.6803299
0.0830078125,0.886704,0.8867039999999998,0.8867039999999998,0.8867039999999998,0.8867039999999998,0.8867039999999998,0.8867039999999998,0.8867039999999998,0.8867039999999998,0.8867039999999998,0.8867039999999998,0.8867039999999998,0.8867039999999998,0.9296334,0.8361029,0.9505926,-0.181424,-0.18142400000000006,-0.18142400000000006,-0.18142400000000006,-0.18142400000000006,-0.18142400000000006,-0.18142400000000006,-0.18142400000000006,-0.18142400000000006,-0.18142400000000006,-0.18142400000000006,-0.18142400000000006,-0.18142400000000006,-0.15528446,-0.15961868,-0.11388576,1.73023,1.73023,1.73023,1.73023,1.73023,1.73023,1.73023,1.73023,1.73023,1.73023,1.73023,1.73023,1.73023,1.643556,1.6428604,1.6827192
0.0849609375,0.886704,0.8867039999999998,0.8867039999999998,0.8867039999999998,0.8867039999999998,0.8867039999999998,0.8867039999999998,0.8867039999999998,0.8867039999999998,0.8867039999999998,0.8867039999999998,0.8867039999999998,0.8867039999999998,0.9323114,0.83469886,0.9540589,-0.181424,-0.18142400000000006,-0.18142400000000006,-0.18142400000000006,-0.18142400000000006,-0.18142400000000006,-0.18142400000000006,-0.18142400000000006,-0.18142400000000006,-0.18142400000000006,-0.18142400000000006,-0.18142400000000006,-0.18142400000000006,-0.15691155,-0.15723038,-0.11503494,1.73023,1.73023,1.73023,1.73023,1.73023,1.73023,1.73023,1.73023,1.73023,1.73023,1.73023,1.73023,1.73023,1.6521224,1.6455559,1.6846356
0.0869140625,0.886704,0.8867039999999998,0.8867039999999998,0.8867039999999998,0.8867039999999998,0.8867039999999998,0.8867039999999998,0.8867039999999998,0.8867039999999998,0.8867039999999998,0.8867039999999998,0.8867039999999998,0.8867039999999998,0.93442386,0.8338113,0.9573816,-0.181424,-0.18142400000000006,-0.18142400000000006,-0.18142400000000006,-0.18142400000000006,-0.18142400000000006,-0.18142400000000006,-0.18142400000000006,-0.18142400000000006,-0.18142400000000006,-0.18142400000000006,-0.18142400000000006,-0.18142400000000006,-0.15481201,-0.15828598,-0.11638245,1.73023,1.73023,1.73023,1.73023,1.73023,1.73023,1.73023,1.73023,1.73023,1.73023,1.73023,1.73023,1.73023,1.6597769,1.6491812,1.6858088
0.0888671875,0.886704,0.8867039999999998,0.8867039999999998,0.8867039999999998,0.8867039999999998,0.8867039999999998,0.8867039999999998,0.8867039999999998,0.8867039999999998,0.8867039999999998,0.8867039999999998,0.8867039999999998,0.8867039999999998,0.9359618,0.8335242,0.9603998,-0.181424,-0.18142400000000006,-0.18142400000000006,-0.18142400000000006,-0.18142400000000006,-0.18142400000000006,-0.18142400000000006,-0.18142400000000006,-0.18142400000000006,-0.18142400000000006,-0.18142400000000006,-0.18142400000000006,-0.18142400000000006,-0.15239257,-0.15942556,-0.11782825,1.73023,1.73023,1.73023,1.73023,1.73023,1.73023,1.73023,1.73023,1.73023,1.73023,1.73023,1.73023,1.73023,1.66625,1.6535429,1.6860193
0.0908203125,0.886704,0.8867039999999998,0.8867039999999998,0.8867039999999998,0.8867039999999998,0.8867039999999998,0.8867039999999998,0.8867039999999998,0.8867039999999998,0.8867039999999998,0.8867039999999998,0.8867039999999998,0.8867039999999998,0.9369476,0.8338826,0.9629863,-0.181424,-0.18142400000000006,-0.18142400000000006,-0.18142400000000006,-0.18142400000000006,-0.18142400000000006,-0.18142400000000006,-0.18142400000000006,-0.18142400000000006,-0.18142400000000006,-0.18142400000000006,-0.18142400000000006,-0.18142400000000006,-0.14999601,-0.16035905,-0.11927751,1.73023,1.73023,1.73023,1.73023,1.73023,1.73023,1.73023,1.73023,1.73023,1.73023,1.73023,1.73023,1.73023,1.6713188,1.6584152,1.685126
0.0927734375,0.886704,0.8867039999999998,0.8867039999999998,0.8867039999999998,0.8867039999999998,0.8867039999999998,0.8867039999999998,0.8867039999999998,0.8867039999999998,0.8867039999999998,0.8867039999999998,0.8867039999999998,0.8867039999999998,0.93743473,0.83488834,0.965054,-0.181424,-0.18142400000000006,-0.18142400000000006,-0.18142400000000006,-0.18142400000000006,-0.18142400000000006,-0.18142400000000006,-0.18142400000000006,-0.18142400000000006,-0.18142400000000006,-0.18142400000000006,-0.18142400000000006,-0.18142400000000006,-0.14763913,-0.16112313,-0.1206463,1.73023,1.73023,1.73023,1.73023,1.73023,1.73023,1.73023,1.73023,1.73023,1.73023,1.73023,1.73023,1.73023,1.6748271,1.6635566,1.6830832
0.0947265625,0.886704,0.8867039999999998,0.8867039999999998,0.8867039999999998,0.8867039999999998,0.8867039999999998,0.8867039999999998,0.8867039999999998,0.8867039999999998,0.8867039999999998,0.8867039999999998,0.8867039999999998,0.8867039999999998,0.9375053,0.8365014,0.96655196,-0.181424,-0.18142400000000006,-0.18142400000000006,-0.18142400000000006,-0.18142400000000006,-0.18142400000000006,-0.18142400000000006,-0.18142400000000006,-0.18142400000000006,-0.18142400000000006,-0.18142400000000006,-0.18142400000000006,-0.18142400000000006,-0.14533108,-0.16175956,-0.12186438,1.73023,1.73023,1.73023,1.73023,1.73023,1.73023,1.73023,1.73023,1.73023,1.73023,1.73023,1.73023,1.73023,1.676708,1.6687303,1.6799464
0.0966796875,0.886704,0.8867039999999998,0.8867039999999998,0.8867039999999998,0.8867039999999998,0.8867039999999998,0.8867039999999998,0.8867039999999998,0.8867039999999998,0.8867039999999998,0.8867039999999998,0.8867039999999998,0.8867039999999998,0.93726367,0.838645,0.9674569,-0.181424,-0.18142400000000006,-0.18142400000000006,-0.18142400000000006,-0.18142400000000006,-0.18142400000000006,-0.18142400000000006,-0.18142400000000006,-0.18142400000000006,-0.18142400000000006,-0.18142400000000006,-0.18142400000000006,-0.18142400000000006,-0.14307573,-0.16231325,-0.122876406,1.73023,1.73023,1.73023,1.73023,1.73023,1.73023,1.73023,1.73023,1.73023,1.73023,1.73023,1.73023,1.73023,1.6758635,1.6737167,1.6769959
0.0986328125,0.886704,0.8867039999999998,0.8867039999999998,0.8867039999999998,0.8867039999999998,0.8867039999999998,0.8867039999999998,0.8867039999999998,0.8867039999999998,0.8867039999999998,0.8867039999999998,0.8867039999999998,0.8867039999999998,0.93682784,0.8412144,0.967765,-0.181424,-0.18142400000000006,-0.18142400000000006,-0.18142400000000006,-0.18142400000000006,-0.18142400000000006,-0.18142400000000006,-0.18142400000000006,-0.18142400000000006,-0.18142400000000006,-0.18142400000000006,-0.18142400000000006,-0.18142400000000006,-0.14087519,-0.16282877,-0.123639405,1.73023,1.73023,1.73023,1.73023,1.73023,1.73023,1.73023,1.73023,1.73023,1.73023,1.73023,1.73023,1.73023,1.6758223,1.671058,1.6783265
0.1005859375,0.886704,0.8867039999999998,0.8867039999999998,0.8867039999999998,0.8867039999999998,0.8867039999999998,0.8867039999999998,0.8867039999999998,0.8867039999999998,0.8867039999999998,0.8867039999999998,0.8867039999999998,0.8867039999999998,0.9363185,0.8440885,0.96748286,-0.181424,-0.18142400000000006,-0.18142400000000006,-0.18142400000000006,-0.18142400000000006,-0.18142400000000006,-0.18142400000000006,-0.18142400000000006,-0.18142400000000006,-0.18142400000000006,-0.18142400000000006,-0.18142400000000006,-0.18142400000000006,-0.13873434,-0.16334718,-0.12412432,1.73023,1.73023,1.73023,1.73023,1.73023,1.73023,1.73023,1.73023,1.73023,1.73023,1.73023,1.73023,1.73023,1.6734077,1.6658052,1.6824102
0.1025390625,0.886704,0.8867039999999998,0.8867039999999998,0.8867039999999998,0.8867039999999998,0.8867039999999998,0.8867039999999998,0.8867039999999998,0.8867039999999998,0.8867039999999998,0.8867039999999998,0.8867039999999998,0.8867039999999998,0.93584824,0.84713906,0.966623,-0.181424,-0.18142400000000006,-0.18142400000000006,-0.18142400000000006,-0.18142400000000006,-0.18142400000000006,-0.18142400000000006,-0.18142400000000006,-0.18142400000000006,-0.18142400000000006,-0.18142400000000006,-0.18142400000000006,-0.18142400000000006,-0.13666499,-0.16390345,-0.12431407,1.73023,1.73023,1.73023,1.73023,1.73023,1.73023,1.73023,1.73023,1.73023,1.73023,1.73023,1.73023,1.73023,1.6700373,1.6604025,1.6858616
0.1044921875,0.886704,0.8867039999999998,0.8867039999999998,0.8867039999999998,0.8867039999999998,0.8867039999999998,0.8867039999999998,0.8867039999999998,0.8867039999999998,0.8867039999999998,0.8867039999999998,0.8867039999999998,0.8867039999999998,0.9355126,0.85023874,0.965205,-0.181424,-0.18142400000000006,-0.18142400000000006,-0.18142400000000006,-0.18142400000000006,-0.18142400000000006,-0.18142400000000006,-0.18142400000000006,-0.18142400000000006,-0.18142400000000006,-0.18142400000000006,-0.18142400000000006,-0.18142400000000006,-0.1346884,-0.16452217,-0.12420645,1.73023,1.73023,1.73023,1.73023,1.73023,1.73023,1.73023,1.73023,1.73023,1.73023,1.73023,1.73023,1.73023,1.6660395,1.655148,1.6886207
0.1064453125,0.886704,0.8867039999999998,0.8867039999999998,0.8867039999999998,0.8867039999999998,0.8867039999999998,0.8867039999999998,0.8867039999999998,0.8867039999999998,0.8867039999999998,0.8867039999999998,0.8867039999999998,0.8867039999999998,0.9353841,0.85326564,0.9632589,-0.181424,-0.18142400000000006,-0.18142400000000006,-0.18142400000000006,-0.18142400000000006,-0.18142400000000006,-0.18142400000000006,-0.18142400000000006,-0.18142400000000006,-0.18142400000000006,-0.18142400000000006,-0.18142400000000006,-0.18142400000000006,-0.13283682,-0.16521448,-0.12381554,1.73023,1.73023,1.73023,1.73023,1.73023,1.73023,1.73023,1.73023,1.73023,1.73023,1.73023,1.73023,1.73023,1.6617578,1.6503123,1.6906729
0.1083984375,0.886704,0.8867039999999998,0.8867039999999998,0.8867039999999998,0.8867039999999998,0.8867039999999998,0.8867039999999998,0.8867039999999998,0.8867039999999998,0.8867039999999998,0.8867039999999998,0.8867039999999998,0.8867039999999998,0.9355082,0.85610306,0.9608304,-0.181424,-0.18142400000000006,-0.18142400000000006,-0.18142400000000006,-0.18142400000000006,-0.18142400000000006,-0.18142400000000006,-0.18142400000000006,-0.18142400000000006,-0.18142400000000006,-0.18142400000000006,-0.18142400000000006,-0.18142400000000006,-0.13115102,-0.16597617,-0.123171955,1.73023,1.73023,1.73023,1.73023,1.73023,1.73023,1.73023,1.73023,1.73023,1.73023,1.73023,1.73023,1.73023,1.6575271,1.6461245,1.6920438
0.1103515625,0.886704,0.8867039999999998,0.8867039999999998,0.8867039999999998,0.8867039999999998,0.8867039999999998,0.8867039999999998,0.8867039999999998,0.8867039999999998,0.8867039999999998,0.8867039999999998,0.8867039999999998,0.8867039999999998,0.93590426,0.8586383,0.9579875,-0.181424,-0.18142400000000006,-0.18142400000000006,-0.18142400000000006,-0.18142400000000006,-0.18142400000000006,-0.18142400000000006,-0.18142400000000006,-0.18142400000000006,-0.18142400000000006,-0.18142400000000006,-0.18142400000000006,-0.18142400000000006,-0.12967718,-0.16678593,-0.12232363,1.73023,1.73023,1.73023,1.73023,1.73023,1.73023,1.73023,1.73023,1.73023,1.73023,1.73023,1.73023,1.73023,1.6536536,1.6427586,1.6927924
0.1123046875,0.886704,0.8867039999999998,0.8867039999999998,0.8867039999999998,0.8867039999999998,0.8867039999999998,0.8867039999999998,0.8867039999999998,0.8867039999999998,0.8867039999999998,0.8867039999999998,0.8867039999999998,0.8867039999999998,0.9365671,0.86076313,0.9548222,-0.181424,-0.18142400000000006,-0.18142400000000006,-0.18142400000000006,-0.18142400000000006,-0.18142400000000006,-0.18142400000000006,-0.18142400000000006,-0.18142400000000006,-0.18142400000000006,-0.18142400000000006,-0.18142400000000006,-0.18142400000000006,-0.12845966,-0.167606,-0.12133196,1.73023,1.73023,1.73023,1.73023,1.73023,1.73023,1.73023,1.73023,1.73023,1.73023,1.73023,1.73023,1.73023,1.6503962,1.6403286,1.6930047
0.1142578125,0.886704,0.8867039999999998,0.8867039999999998,0.8867039999999998,0.8867039999999998,0.8867039999999998,0.8867039999999998,0.8867039999999998,0.8867039999999998,0.8867039999999998,0.8867039999999998,0.8867039999999998,0.8867039999999998,0.9374688,0.86237615,0.951448,-0.181424,-0.18142400000000006,-0.18142400000000006,-0.18142400000000006,-0.18142400000000006,-0.18142400000000006,-0.18142400000000006,-0.18142400000000006,-0.18142400000000006,-0.18142400000000006,-0.18142400000000006,-0.18142400000000006,-0.18142400000000006,-0.1275348,-0.16838494,-0.12026888,1.73023,1.73023,1.73023,1.73023,1.73023,1.73023,1.73023,1.73023,1.73023,1.73023,1.73023,1.73023,1.73023,1.6479584,1.6388788,1.6927816
0.1162109375,0.886704,0.8867039999999998,0.8867039999999998,0.8867039999999998,0.8867039999999998,0.8867039999999998,0.8867039999999998,0.8867039999999998,0.8867039999999998,0.8867039999999998,0.8867039999999998,0.8867039999999998,0.8867039999999998,0.9385631,0.8633923,0.94799304,-0.181424,-0.18142400000000006,-0.18142400000000006,-0.18142400000000006,-0.18142400000000006,-0.18142400000000006,-0.18142400000000006,-0.18142400000000006,-0.18142400000000006,-0.18142400000000006,-0.18142400000000006,-0.18142400000000006,-0.18142400000000006,-0.12692311,-0.16906187,-0.119211346,1.73023,1.73023,1.73023,1.73023,1.73023,1.73023,1.73023,1.73023,1.73023,1.73023,1.73023,1.73023,1.73023,1.6464767,1.6383889,1.6922394
0.1181640625,0.886704,0.8867039999999998,0.8867039999999998,0.8867039999999998,0.8867039999999998,0.8867039999999998,0.8867039999999998,0.8867039999999998,0.8867039999999998,0.8867039999999998,0.8867039999999998,0.8867039999999998,0.8867039999999998,0.9397872,0.8637529,0.9445883,-0.181424,-0.18142400000000006,-0.18142400000000006,-0.18142400000000006,-0.18142400000000006,-0.18142400000000006,-0.18142400000000006,-0.18142400000000006,-0.18142400000000006,-0.18142400000000006,-0.18142400000000006,-0.18142400000000006,-0.18142400000000006,-0.12662429,-0.16957402,-0.11823571,1.73023,1.73023,1.73023,1.73023,1.73023,1.73023,1.73023,1.73023,1.73023,1.73023,1.73023,1.73023,1.73023,1.6460218,1.6387687,1.6914986
0.1201171875,0.886704,0.8867039999999998,0.8867039999999998,0.8867039999999998,0.8867039999999998,0.8867039999999998,0.8867039999999998,0.8867039999999998,0.8867039999999998,0.8867039999999998,0.8867039999999998,0.8867039999999998,0.8867039999999998,0.9410655,0.8634392,0.94135344,-0.181424,-0.18142400000000006,-0.18142400000000006,-0.18142400000000006,-0.18142400000000006,-0.18142400000000006,-0.18142400000000006,-0.18142400000000006,-0.18142400000000006,-0.18142400000000006,-0.18142400000000006,-0.18142400000000006,-0.18142400000000006,-0.12661612,-0.16986263,-0.11741188,1.73023,1.73023,1.73023,1.73023,1.73023,1.73023,1.73023,1.73023,1.73023,1.73023,1.73023,1.73023,1.73023,1.646594,1.6398674,1.6906844
0.1220703125,0.886704,0.8867039999999998,0.8867039999999998,0.8867039999999998,0.8867039999999998,0.8867039999999998,0.8867039999999998,0.8867039999999998,0.8867039999999998,0.8867039999999998,0.8867039999999998,0.8867039999999998,0.8867039999999998,0.9383846,0.8624831,0.94231325,-0.181424,-0.18142400000000006,-0.18142400000000006,-0.18142400000000006,-0.18142400000000006,-0.18142400000000006,-0.18142400000000006,-0.18142400000000006,-0.18142400000000006,-0.18142400000000006,-0.18142400000000006,-0.18142400000000006,-0.18142400000000006,-0.1268555,-0.16988117,-0.11679664,1.73023,1.73023,1.73023,1.73023,1.73023,1.73023,1.73023,1.73023,1.73023,1.73023,1.73023,1.73023,1.73023,1.6481274,1.641479,1.6899219
0.1240234375,0.886704,0.8867039999999998,0.8867039999999998,0.8867039999999998,0.8867039999999998,0.8867039999999998,0.8867039999999998,0.8867039999999998,0.8867039999999998,0.8867039999999998,0.8867039999999998,0.8867039999999998,0.8867039999999998,0.93574506,0.86097217,0.9434407,-0.181424,-0.18142400000000006,-0.18142400000000006,-0.18142400000000006,-0.18142400000000006,-0.18142400000000006,-0.18142400000000006,-0.18142400000000006,-0.18142400000000006,-0.18142400000000006,-0.18142400000000006,-0.18142400000000006,-0.18142400000000006,-0.12728447,-0.16960189,-0.11642778,1.73023,1.73023,1.73023,1.73023,1.73023,1.73023,1.73023,1.73023,1.73023,1.73023,1.73023,1.73023,1.73023,1.6504967,1.6433563,1.6893274
0.1259765625,0.886704,0.8867039999999998,0.8867039999999998,0.8867039999999998,0.8867039999999998,0.8867039999999998,0.8867039999999998,0.8867039999999998,0.8867039999999998,0.8867039999999998,0.8867039999999998,0.8867039999999998,0.8867039999999998,0.9334619,0.8590501,0.9443586,-0.181424,-0.18142400000000006,-0.18142400000000006,-0.18142400000000006,-0.18142400000000006,-0.18142400000000006,-0.18142400000000006,-0.18142400000000006,-0.18142400000000006,-0.18142400000000006,-0.18142400000000006,-0.18142400000000006,-0.18142400000000006,-0.12783614,-0.16901907,-0.11631855,1.73023,1.73023,1.73023,1.73023,1.73023,1.73023,1.73023,1.73023,1.73023,1.73023,1.73023,1.73023,1.73023,1.6535212,1.6452268,1.6890099
0.1279296875,0.886704,0.8867039999999998,0.8867039999999998,0.8867039999999998,0.8867039999999998,0.8867039999999998,0.8867039999999998,0.8867039999999998,0.8867039999999998,0.8867039999999998,0.8867039999999998,0.8867039999999998,0.8867039999999998,0.93153036,0.85690635,0.94498307,-0.181424,-0.18142400000000006,-0.18142400000000006,-0.18142400000000006,-0.18142400000000006,-0.18142400000000006,-0.18142400000000006,-0.18142400000000006,-0.18142400000000006,-0.18142400000000006,-0.18142400000000006,-0.18142400000000006,-0.18142400000000006,-0.12844121,-0.16815165,-0.11645451,1.73023,1.73023,1.73023,1.73023,1.73023,1.73023,1.73023,1.73023,1.73023,1.73023,1.73023,1.73023,1.73023,1.6569793,1.6468182,1.68906
0.1298828125,0.886704,0.8867039999999998,0.8867039999999998,0.8867039999999998,0.8867039999999998,0.8867039999999998,0.8867039999999998,0.8867039999999998,0.8867039999999998,0.8867039999999998,0.8867039999999998,0.8867039999999998,0.8867039999999998,0.92992187,0.8547609,0.945244,-0.181424,-0.18142400000000006,-0.18142400000000006,-0.18142400000000006,-0.18142400000000006,-0.18142400000000006,-0.18142400000000006,-0.18142400000000006,-0.18142400000000006,-0.18142400000000006,-0.18142400000000006,-0.18142400000000006,-0.18142400000000006,-0.1290336,-0.16704199,-0.116793364,1.73023,1.73023,1.73023,1.73023,1.73023,1.73023,1.73023,1.73023,1.73023,1.73023,1.73023,1.73023,1.73023,1.6606185,1.6478809,1.6895475
0.1318359375,0.886704,0.8867039999999998,0.8867039999999998,0.8867039999999998,0.8867039999999998,0.8867039999999998,0.8867039999999998,0.8867039999999998,0.8867039999999998,0.8867039999999998,0.8867039999999998,0.8867039999999998,0.8867039999999998,0.9285972,0.85284275,0.94508934,-0.181424,-0.18142400000000006,-0.18142400000000006,-0.18142400000000006,-0.18142400000000006,-0.18142400000000006,-0.18142400000000006,-0.18142400000000006,-0.18142400000000006,-0.18142400000000006,-0.18142400000000006,-0.18142400000000006,-0.18142400000000006,-0.12955278,-0.16575205,-0.11727089,1.73023,1.73023,1.73023,1.73023,1.73023,1.73023,1.73023,1.73023,1.73023,1.73023,1.73023,1.73023,1.73023,1.6641737,1.6482102,1.6905216
0.1337890625,0.886704,0.8867039999999998,0.8867039999999998,0.8867039999999998,0.8867039999999998,0.8867039999999998,0.8867039999999998,0.8867039999999998,0.8867039999999998,0.8867039999999998,0.8867039999999998,0.8867039999999998,0.8867039999999998,0.92751694,0.8513668,0.9444914,-0.181424,-0.18142400000000006,-0.18142400000000006,-0.18142400000000006,-0.18142400000000006,-0.18142400000000006,-0.18142400000000006,-0.18142400000000006,-0.18142400000000006,-0.18142400000000006,-0.18142400000000006,-0.18142400000000006,-0.18142400000000006,-0.12994549,-0.16435987,-0.117807895,1.73023,1.73023,1.73023,1.73023,1.73023,1.73023,1.73023,1.73023,1.73023,1.73023,1.73023,1.73023,1.73023,1.6673832,1.6476637,1.692003
0.1357421875,0.886704,0.8867039999999998,0.8867039999999998,0.8867039999999998,0.8867039999999998,0.8867039999999998,0.8867039999999998,0.8867039999999998,0.8867039999999998,0.8867039999999998,0.8867039999999998,0.8867039999999998,0.8867039999999998,0.9266486,0.8505119,0.9434491,-0.181424,-0.18142400000000006,-0.18142400000000006,-0.18142400000000006,-0.18142400000000006,-0.18142400000000006,-0.18142400000000006,-0.18142400000000006,-0.18142400000000006,-0.18142400000000006,-0.18142400000000006,-0.18142400000000006,-0.18142400000000006,-0.1301677,-0.1629509,-0.118321806,1.73023,1.73023,1.73023,1.73023,1.73023,1.73023,1.73023,1.73023,1.73023,1.73023,1.73023,1.73023,1.73023,1.6700101,1.6461725,1.6939939
0.1376953125,0.886704,0.8867039999999998,0.8867039999999998,0.8867039999999998,0.8867039999999998,0.8867039999999998,0.8867039999999998,0.8867039999999998,0.8867039999999998,0.8867039999999998,0.8867039999999998,0.8867039999999998,0.8867039999999998,0.9259698,0.85040194,0.94198895,-0.181424,-0.18142400000000006,-0.18142400000000006,-0.18142400000000006,-0.18142400000000006,-0.18142400000000006,-0.18142400000000006,-0.18142400000000006,-0.18142400000000006,-0.18142400000000006,-0.18142400000000006,-0.18142400000000006,-0.18142400000000006,-0.13018373,-0.16161346,-0.11873537,1.73023,1.73023,1.73023,1.73023,1.73023,1.73023,1.73023,1.73023,1.73023,1.73023,1.73023,1.73023,1.73023,1.6718581,1.643741,1.6964674
0.1396484375,0.886704,0.8867039999999998,0.8867039999999998,0.8867039999999998,0.8867039999999998,0.8867039999999998,0.8867039999999998,0.8867039999999998,0.8867039999999998,0.8867039999999998,0.8867039999999998,0.8867039999999998,0.8867039999999998,0.92546207,0.85109425,0.9401592,-0.181424,-0.18142400000000006,-0.18142400000000006,-0.18142400000000006,-0.18142400000000006,-0.18142400000000006,-0.18142400000000006,-0.18142400000000006,-0.18142400000000006,-0.18142400000000006,-0.18142400000000006,-0.18142400000000006,-0.18142400000000006,-0.12996683,-0.16043153,-0.118986964,1.73023,1.73023,1.73023,1.73023,1.73023,1.73023,1.73023,1.73023,1.73023,1.73023,1.73023,1.73023,1.73023,1.6727885,1.6404406,1.6993814
0.1416015625,0.886704,0.8867039999999998,0.8867039999999998,0.8867039999999998,0.8867039999999998,0.8867039999999998,0.8867039999999998,0.8867039999999998,0.8867039999999998,0.8867039999999998,0.8867039999999998,0.8867039999999998,0.8867039999999998,0.9251045,0.8525733,0.93802524,-0.181424,-0.18142400000000006,-0.18142400000000006,-0.18142400000000006,-0.18142400000000006,-0.18142400000000006,-0.18142400000000006,-0.18142400000000006,-0.18142400000000006,-0.18142400000000006,-0.18142400000000006,-0.18142400000000006,-0.18142400000000006,-0.12949783,-0.15947795,-0.119033605,1.73023,1.73023,1.73023,1.73023,1.73023,1.73023,1.73023,1.73023,1.73023,1.73023,1.73023,1.73023,1.73023,1.6727258,1.6363934,1.7026677
0.1435546875,0.886704,0.8867039999999998,0.8867039999999998,0.8867039999999998,0.8867039999999998,0.8867039999999998,0.8867039999999998,0.8867039999999998,0.8867039999999998,0.8867039999999998,0.8867039999999998,0.8867039999999998,0.8867039999999998,0.9248648,0.8547519,0.9356597,-0.181424,-0.18142400000000006,-0.18142400000000006,-0.18142400000000006,-0.18142400000000006,-0.18142400000000006,-0.18142400000000006,-0.18142400000000006,-0.18142400000000006,-0.18142400000000006,-0.18142400000000006,-0.18142400000000006,-0.18142400000000006,-0.12876257,-0.15880877,-0.118854344,1.73023,1.73023,1.73023,1.73023,1.73023,1.73023,1.73023,1.73023,1.73023,1.73023,1.73023,1.73023,1.73023,1.6716664,1.6317581,1.7062403
0.1455078125,0.886704,0.8867039999999998,0.8867039999999998,0.8867039999999998,0.8867039999999998,0.8867039999999998,0.8867039999999998,0.8867039999999998,0.8867039999999998,0.8867039999999998,0.8867039999999998,0.8867039999999998,0.8867039999999998,0.92469376,0.85747856,0.93313295,-0.181424,-0.18142400000000006,-0.18142400000000006,-0.18142400000000006,-0.18142400000000006,-0.18142400000000006,-0.18142400000000006,-0.18142400000000006,-0.18142400000000006,-0.18142400000000006,-0.18142400000000006,-0.18142400000000006,-0.18142400000000006,-0.12775087,-0.15845838,-0.11844751,1.73023,1.73023,1.73023,1.73023,1.73023,1.73023,1.73023,1.73023,1.73023,1.73023,1.73023,1.73023,1.73023,1.6696693,1.6267066,1.7099947
0.1474609375,0.886704,0.8867039999999998,0.8867039999999998,0.8867039999999998,0.8867039999999998,0.8867039999999998,0.8867039999999998,0.8867039999999998,0.8867039999999998,0.8867039999999998,0.8867039999999998,0.8867039999999998,0.8867039999999998,0.9245238,0.86055076,0.93050647,-0.181424,-0.18142400000000006,-0.18142400000000006,-0.18142400000000006,-0.18142400000000006,-0.18142400000000006,-0.18142400000000006,-0.18142400000000006,-0.18142400000000006,-0.18142400000000006,-0.18142400000000006,-0.18142400000000006,-0.18142400000000006,-0.12645435,-0.15843466,-0.11782625,1.73023,1.73023,1.73023,1.73023,1.73023,1.73023,1.73023,1.73023,1.73023,1.73023,1.73023,1.73023,1.73023,1.6668506,1.6214126,1.713809
0.1494140625,0.886704,0.8867039999999998,0.8867039999999998,0.8867039999999998,0.8867039999999998,0.8867039999999998,0.8867039999999998,0.8867039999999998,0.8867039999999998,0.8867039999999998,0.8867039999999998,0.8867039999999998,0.8867039999999998,0.9242717,0.86373085,0.9278278,-0.181424,-0.18142400000000006,-0.18142400000000006,-0.18142400000000006,-0.18142400000000006,-0.18142400000000006,-0.18142400000000006,-0.18142400000000006,-0.18142400000000006,-0.18142400000000006,-0.18142400000000006,-0.18142400000000006,-0.18142400000000006,-0.12486848,-0.1587156,-0.11701235,1.73023,1.73023,1.73023,1.73023,1.73023,1.73023,1.73023,1.73023,1.73023,1.73023,1.73023,1.73023,1.73023,1.6633704,1.6160357,1.7175441
0.1513671875,0.886704,0.8867039999999998,0.8867039999999998,0.8867039999999998,0.8867039999999998,0.8867039999999998,0.8867039999999998,0.8867039999999998,0.8867039999999998,0.8867039999999998,0.8867039999999998,0.8867039999999998,0.8867039999999998,0.9238471,0.8667636,0.92512774,-0.181424,-0.18142400000000006,-0.18142400000000006,-0.18142400000000006,-0.18142400000000006,-0.18142400000000006,-0.18142400000000006,-0.18142400000000006,-0.18142400000000006,-0.18142400000000006,-0.18142400000000006,-0.18142400000000006,-0.18142400000000006,-0.12299305,-0.15924764,-0.11603063,1.73023,1.73023,1.73023,1.73023,1.73023,1.73023,1.73023,1.73023,1.73023,1.73023,1.73023,1.73023,1.73023,1.6594185,1.610715,1.7210481
0.1533203125,0.886704,0.8867039999999998,0.8867039999999998,0.8867039999999998,0.8867039999999998,0.8867039999999998,0.8867039999999998,0.8867039999999998,0.8867039999999998,0.8867039999999998,0.8867039999999998,0.8867039999999998,0.8867039999999998,0.9224249,0.86939585,0.92316085,-0.181424,-0.18142400000000006,-0.18142400000000006,-0.18142400000000006,-0.18142400000000006,-0.18142400000000006,-0.18142400000000006,-0.18142400000000006,-0.18142400000000006,-0.18142400000000006,-0.18142400000000006,-0.18142400000000006,-0.18142400000000006,-0.12083578,-0.15994668,-0.114901364,1.73023,1.73023,1.73023,1.73023,1.73023,1.73023,1.73023,1.73023,1.73023,1.73023,1.73023,1.73023,1.73023,1.6552007,1.6055633,1.7241609
0.1552734375,0.886704,0.8867039999999998,0.8867039999999998,0.8867039999999998,0.8867039999999998,0.8867039999999998,0.8867039999999998,0.8867039999999998,0.8867039999999998,0.8867039999999998,0.8867039999999998,0.8867039999999998,0.8867039999999998,0.9197277,0.87139225,0.9221362,-0.181424,-0.18142400000000006,-0.18142400000000006,-0.18142400000000006,-0.18142400000000006,-0.18142400000000006,-0.18142400000000006,-0.18142400000000006,-0.18142400000000006,-0.18142400000000006,-0.18142400000000006,-0.18142400000000006,-0.18142400000000006,-0.11841494,-0.16070083,-0.11363748,1.73023,1.73023,1.73023,1.73023,1.73023,1.73023,1.73023,1.73023,1.73023,1.73023,1.73023,1.73023,1.73023,1.6509224,1.6006685,1.7267171
0.1572265625,0.886704,0.8867039999999998,0.8867039999999998,0.8867039999999998,0.8867039999999998,0.8867039999999998,0.8867039999999998,0.8867039999999998,0.8867039999999998,0.8867039999999998,0.8867039999999998,0.8867039999999998,0.8867039999999998,0.91703916,0.87255156,0.9207134,-0.181424,-0.18142400000000006,-0.18142400000000006,-0.18142400000000006,-0.18142400000000006,-0.18142400000000006,-0.18142400000000006,-0.18142400000000006,-0.18142400000000006,-0.18142400000000006,-0.18142400000000006,-0.18142400000000006,-0.18142400000000006,-0.115760535,-0.16137639,-0.11224234,1.73023,1.73023,1.73023,1.73023,1.73023,1.73023,1.73023,1.73023,1.73023,1.73023,1.73023,1.73023,1.73023,1.6467751,1.5960902,1.7285566
0.1591796875,0.886704,0.8867039999999998,0.8867039999999998,0.8867039999999998,0.8867039999999998,0.8867039999999998,0.8867039999999998,0.8867039999999998,0.8867039999999998,0.8867039999999998,0.8867039999999998,0.8867039999999998,0.8867039999999998,0.9143621,0.8727204,0.918856,-0.181424,-0.18142400000000006,-0.18142400000000006,-0.18142400000000006,-0.18142400000000006,-0.18142400000000006,-0.18142400000000006,-0.18142400000000006,-0.18142400000000006,-0.18142400000000006,-0.18142400000000006,-0.18142400000000006,-0.18142400000000006,-0.11291498,-0.16182804,-0.11071077,1.73023,1.73023,1.73023,1.73023,1.73023,1.73023,1.73023,1.73023,1.73023,1.73023,1.73023,1.73023,1.73023,1.6429261,1.5918609,1.7295367
0.1611328125,0.886704,0.8867039999999998,0.8867039999999998,0.8867039999999998,0.8867039999999998,0.8867039999999998,0.8867039999999998,0.8867039999999998,0.8867039999999998,0.8867039999999998,0.8867039999999998,0.8867039999999998,0.8867039999999998,0.911699,0.8718039,0.9165487,-0.181424,-0.18142400000000006,-0.18142400000000006,-0.18142400000000006,-0.18142400000000006,-0.18142400000000006,-0.18142400000000006,-0.18142400000000006,-0.18142400000000006,-0.18142400000000006,-0.18142400000000006,-0.18142400000000006,-0.18142400000000006,-0.10993186,-0.16190827,-0.10902968,1.73023,1.73023,1.73023,1.73023,1.73023,1.73023,1.73023,1.73023,1.73023,1.73023,1.73023,1.73023,1.73023,1.6395059,1.5879842,1.7295362
0.1630859375,0.886704,0.8867039999999998,0.8867039999999998,0.8867039999999998,0.8867039999999998,0.8867039999999998,0.8867039999999998,0.8867039999999998,0.8867039999999998,0.8867039999999998,0.8867039999999998,0.8867039999999998,0.8867039999999998,0.90905374,0.8697728,0.9137943,-0.181424,-0.18142400000000006,-0.18142400000000006,-0.18142400000000006,-0.18142400000000006,-0.18142400000000006,-0.18142400000000006,-0.18142400000000006,-0.18142400000000006,-0.18142400000000006,-0.18142400000000006,-0.18142400000000006,-0.18142400000000006,-0.107182115,-0.16148075,-0.10687274,1.73023,1.73023,1.73023,1.73023,1.73023,1.73023,1.73023,1.73023,1.73023,1.73023,1.73023,1.73023,1.73023,1.6365981,1.5844331,1.7284733
0.1650390625,0.886704,0.8867039999999998,0.8867039999999998,0.8867039999999998,0.8867039999999998,0.8867039999999998,0.8867039999999998,0.8867039999999998,0.8867039999999998,0.8867039999999998,0.8867039999999998,0.8867039999999998,0.8867039999999998,0.9064279,0.8666666,0.9106091,-0.181424,-0.18142400000000006,-0.18142400000000006,-0.18142400000000006,-0.18142400000000006,-0.18142400000000006,-0.18142400000000006,-0.18142400000000006,-0.18142400000000006,-0.18142400000000006,-0.18142400000000006,-0.18142400000000006,-0.18142400000000006,-0.10514942,-0.1604302,-0.10380435,1.73023,1.73023,1.73023,1.73023,1.73023,1.73023,1.73023,1.73023,1.73023,1.73023,1.73023,1.73023,1.73023,1.6342351,1.5811518,1.7263114
0.1669921875,0.886704,0.8867039999999998,0.8867039999999998,0.8867039999999998,0.8867039999999998,0.8867039999999998,0.8867039999999998,0.8867039999999998,0.8867039999999998,0.8867039999999998,0.8867039999999998,0.8867039999999998,0.8867039999999998,0.90382063,0.8625886,0.9070168,-0.181424,-0.18142400000000006,-0.18142400000000006,-0.18142400000000006,-0.18142400000000006,-0.18142400000000006,-0.18142400000000006,-0.18142400000000006,-0.18142400000000006,-0.18142400000000006,-0.18142400000000006,-0.18142400000000006,-0.18142400000000006,-0.10291359,-0.15867162,-0.10079157,1.73023,1.73023,1.73023,1.73023,1.73023,1.73023,1.73023,1.73023,1.73023,1.73023,1.73023,1.73023,1.73023,1.6323956,1.5780561,1.7230623
0.1689453125,0.886704,0.8867039999999998,0.8867039999999998,0.8867039999999998,0.8867039999999998,0.8867039999999998,0.8867039999999998,0.8867039999999998,0.8867039999999998,0.8867039999999998,0.8867039999999998,0.8867039999999998,0.8867039999999998,0.9012259,0.8576965,0.903046,-0.181424,-0.18142400000000006,-0.18142400000000006,-0.18142400000000006,-0.18142400000000006,-0.18142400000000006,-0.18142400000000006,-0.18142400000000006,-0.18142400000000006,-0.18142400000000006,-0.18142400000000006,-0.18142400000000006,-0.18142400000000006,-0.10045853,-0.15615681,-0.09789148,1.73023,1.73023,1.73023,1.73023,1.73023,1.73023,1.73023,1.73023,1.73023,1.73023,1.73023,1.73023,1.73023,1.631008,1.5750383,1.7187898
0.1708984375,0.886704,0.8867039999999998,0.8867039999999998,0.8867039999999998,0.8867039999999998,0.8867039999999998,0.8867039999999998,0.8867039999999998,0.8867039999999998,0.8867039999999998,0.8867039999999998,0.8867039999999998,0.8867039999999998,0.89863324,0.85218596,0.89872646,-0.181424,-0.18142400000000006,-0.18142400000000006,-0.18142400000000006,-0.18142400000000006,-0.18142400000000006,-0.18142400000000006,-0.18142400000000006,-0.18142400000000006,-0.18142400000000006,-0.18142400000000006,-0.18142400000000006,-0.18142400000000006,-0.09777057,-0.15287563,-0.09514576,1.73023,1.73023,1.73023,1.73023,1.73023,1.73023,1.73023,1.73023,1.73023,1.73023,1.73023,1.73023,1.73023,1.6299527,1.5719756,1.7136021
0.1728515625,0.886704,0.8867039999999998,0.8867039999999998,0.8867039999999998,0.8867039999999998,0.8867039999999998,0.8867039999999998,0.8867039999999998,0.8867039999999998,0.8867039999999998,0.8867039999999998,0.8867039999999998,0.8867039999999998,0.89409065,0.8462734,0.89602953,-0.181424,-0.18142400000000006,-0.18142400000000006,-0.18142400000000006,-0.18142400000000006,-0.18142400000000006,-0.18142400000000006,-0.18142400000000006,-0.18142400000000006,-0.18142400000000006,-0.18142400000000006,-0.18142400000000006,-0.18142400000000006,-0.09483802,-0.14885536,-0.09257388,1.73023,1.73023,1.73023,1.73023,1.73023,1.73023,1.73023,1.73023,1.73023,1.73023,1.73023,1.73023,1.73023,1.629079,1.5687395,1.7076442
0.1748046875,0.886704,0.8867039999999998,0.8867039999999998,0.8867039999999998,0.8867039999999998,0.8867039999999998,0.8867039999999998,0.8867039999999998,0.8867039999999998,0.8867039999999998,0.8867039999999998,0.8867039999999998,0.8867039999999998,0.8891738,0.8401767,0.8934032,-0.181424,-0.18142400000000006,-0.18142400000000006,-0.18142400000000006,-0.18142400000000006,-0.18142400000000006,-0.18142400000000006,-0.18142400000000006,-0.18142400000000006,-0.18142400000000006,-0.18142400000000006,-0.18142400000000006,-0.18142400000000006,-0.09165099,-0.14415666,-0.0901683,1.73023,1.73023,1.73023,1.73023,1.73023,1.73023,1.73023,1.73023,1.73023,1.73023,1.73023,1.73023,1.73023,1.628216,1.5652066,1.7010889
0.1767578125,0.886704,0.8867039999999998,0.8867039999999998,0.8867039999999998,0.8867039999999998,0.8867039999999998,0.8867039999999998,0.8867039999999998,0.8867039999999998,0.8867039999999998,0.8867039999999998,0.8867039999999998,0.8867039999999998,0.8840161,0.8341014,0.8907473,-0.181424,-0.18142400000000006,-0.18142400000000006,-0.18142400000000006,-0.18142400000000006,-0.18142400000000006,-0.18142400000000006,-0.18142400000000006,-0.18142400000000006,-0.18142400000000006,-0.18142400000000006,-0.18142400000000006,-0.18142400000000006,-0.08820051,-0.13886803,-0.08789384,1.73023,1.73023,1.73023,1.73023,1.73023,1.73023,1.73023,1.73023,1.73023,1.73023,1.73023,1.73023,1.73023,1.6271926,1.5612674,1.6941249
0.1787109375,0.886704,0.8867039999999998,0.8867039999999998,0.8867039999999998,0.8867039999999998,0.8867039999999998,0.8867039999999998,0.8867039999999998,0.8867039999999998,0.8867039999999998,0.8867039999999998,0.8867039999999998,0.8867039999999998,0.8786635,0.8282274,0.88806385,-0.181424,-0.18142400000000006,-0.18142400000000006,-0.18142400000000006,-0.18142400000000006,-0.18142400000000006,-0.18142400000000006,-0.18142400000000006,-0.18142400000000006,-0.18142400000000006,-0.18142400000000006,-0.18142400000000006,-0.18142400000000006,-0.08569035,-0.1330995,-0.08447841,1.73023,1.73023,1.73023,1.73023,1.73023,1.73023,1.73023,1.73023,1.73023,1.73023,1.73023,1.73023,1.73023,1.6258521,1.5568342,1.6869389
0.1806640625,0.886704,0.8867039999999998,0.8867039999999998,0.8867039999999998,0.8867039999999998,0.8867039999999998,0.8867039999999998,0.8867039999999998,0.8867039999999998,0.8867039999999998,0.8867039999999998,0.8867039999999998,0.8867039999999998,0.87316734,0.82270336,0.8853641,-0.181424,-0.18142400000000006,-0.18142400000000006,-0.18142400000000006,-0.18142400000000006,-0.18142400000000006,-0.18142400000000006,-0.18142400000000006,-0.18142400000000006,-0.18142400000000006,-0.18142400000000006,-0.18142400000000006,-0.18142400000000006,-0.083479434,-0.12697601,-0.08047846,1.73023,1.73023,1.73023,1.73023,1.73023,1.73023,1.73023,1.73023,1.73023,1.73023,1.73023,1.73023,1.73023,1.6240683,1.551847,1.679712
0.1826171875,0.886704,0.8867039999999998,0.8867039999999998,0.8867039999999998,0.8867039999999998,0.8867039999999998,0.8867039999999998,0.8867039999999998,0.8867039999999998,0.8867039999999998,0.8867039999999998,0.8867039999999998,0.8867039999999998,0.8675832,0.81764156,0.8826681,-0.181424,-0.18142400000000006,-0.18142400000000006,-0.18142400000000006,-0.18142400000000006,-0.18142400000000006,-0.18142400000000006,-0.18142400000000006,-0.18142400000000006,-0.18142400000000006,-0.18142400000000006,-0.18142400000000006,-0.18142400000000006,-0.08117458,-0.12063229,-0.07619724,1.73023,1.73023,1.73023,1.73023,1.73023,1.73023,1.73023,1.73023,1.73023,1.73023,1.73023,1.73023,1.73023,1.6217529,1.5462793,1.6726032
0.1845703125,0.886704,0.8867039999999998,0.8867039999999998,0.8867039999999998,0.8867039999999998,0.8867039999999998,0.8867039999999998,0.8867039999999998,0.8867039999999998,0.8867039999999998,0.8867039999999998,0.8867039999999998,0.8867039999999998,0.8619691,0.8131185,0.88000065,-0.181424,-0.18142400000000006,-0.18142400000000006,-0.18142400000000006,-0.18142400000000006,-0.18142400000000006,-0.18142400000000006,-0.18142400000000006,-0.18142400000000006,-0.18142400000000006,-0.18142400000000006,-0.18142400000000006,-0.18142400000000006,-0.07869041,-0.11420575,-0.07163611,1.73023,1.73023,1.73023,1.73023,1.73023,1.73023,1.73023,1.73023,1.73023,1.73023,1.73023,1.73023,1.73023,1.6188626,1.5401378,1.6657416
0.1865234375,0.886704,0.8867039999999998,0.8867039999999998,0.8867039999999998,0.8867039999999998,0.8867039999999998,0.8867039999999998,0.8867039999999998,0.8867039999999998,0.8867039999999998,0.8867039999999998,0.8867039999999998,0.8867039999999998,0.856382,0.8091744,0.87738556,-0.181424,-0.18142400000000006,-0.18142400000000006,-0.18142400000000006,-0.18142400000000006,-0.18142400000000006,-0.18142400000000006,-0.18142400000000006,-0.18142400000000006,-0.18142400000000006,-0.18142400000000006,-0.18142400000000006,-0.18142400000000006,-0.07595214,-0.1078316,-0.06680274,1.73023,1.73023,1.73023,1.73023,1.73023,1.73023,1.73023,1.73023,1.73023,1.73023,1.73023,1.73023,1.73023,1.6153936,1.5334681,1.659218
0.1884765625,0.886704,0.882736568715706,0.8857121421789264,0.8867039999999998,0.8857127339869275,0.8857122295383734,0.8857148356005168,0.8857121423721341,0.8857121421968467,0.8857121634227034,0.8857123416302511,0.8857121704639381,0.8857130404175152,0.85087615,0.8058162,0.87484086,-0.181424,-0.1740154572593848,-0.1795780866138671,-0.18142400000000006,-0.17957910504959812,-0.17958272168178105,-0.17957823694984215,-0.17957808694635644,-0.1795781231720675,-0.1795780866447059,-0.17957842984755995,-0.17957963238201397,-0.17957813528925667,-0.0729031,-0.10163662,-0.061713517,1.73023,1.7194076113494745,1.7275262217592042,1.73023,1.7275277554063972,1.7275264481478032,1.727533201652507,1.7275262222598946,1.727526221805644,1.7275262768116246,1.7275267386295206,1.7275262950587098,1.7275285495090862,1.6113786,1.5263505,1.6530807
0.1904296875,0.886704,0.882736568715706,0.8837284265367795,0.8867039999999998,0.8837301419090546,0.8837286797506141,0.8837362334956447,0.8837284270967978,0.883728426588722,0.8837284881124697,0.8837290046521008,0.8837285085216884,0.8837310301068032,0.8455021,0.8030201,0.8723747,-0.181424,-0.1740154572593848,-0.1758738292108276,-0.18142400000000006,-0.17587695518595223,-0.1758880559715992,-0.17587429065087137,-0.17587383023136793,-0.17587394142229254,-0.17587382930548406,-0.17587488272933507,-0.17587857377098373,-0.17587397861469944,-0.06950903,-0.09573275,-0.05639562,1.73023,1.7194076113494745,1.722115031516897,1.73023,1.722119632742136,1.7221157107247147,1.7221359724687864,1.7221150330190618,1.7221150316562248,1.7221151966843806,1.7221165822237074,1.722115251429025,1.7221220151961538,1.606874,1.5188962,1.6473366
0.1923828125,0.886704,0.882736568715706,0.8817447108946326,0.8867039999999998,0.8817475498311816,0.8817451299628548,0.8817576313907726,0.8817447118214613,0.8817447109805971,0.8817448128022359,0.8817456676739504,0.8817448465794386,0.8817490197960912,0.8403042,0.80073535,0.8699838,-0.181424,-0.1740154572593848,-0.17215290441355902,-0.18142400000000006,-0.17215815689954145,-0.1721768091214517,-0.1721536797588214,-0.17215290612834577,-0.17215309295948464,-0.17215290457260782,-0.1721546746118693,-0.17216087655608114,-0.1721531554528881,-0.065760255,-0.09021032,-0.05088845,1.73023,1.7194076113494745,1.71669896900998,1.73023,1.7167066433588138,1.7167001018558203,1.7167338962334462,1.7166989715154293,1.716698969242364,1.7166992444916478,1.7167015554226037,1.716699335799848,1.716710617034322,1.6019586,1.511244,1.6419563
0.1943359375,0.886704,0.882736568715706,0.8797609952524857,0.8867039999999998,0.8797558491356604,0.8797375743758902,0.879760235610982,0.8797609935724309,0.8797608105254152,0.8797609950966584,0.8797592609065219,0.8797531845424146,0.879760749297759,0.83532137,0.79888827,0.8676548,-0.181424,-0.1740154572593848,-0.16841519947540348,-0.18142400000000006,-0.16840573555616992,-0.1684138024705867,-0.16837212663108286,-0.16841519638573202,-0.1684151991888323,-0.16841485975668438,-0.16841200995463898,-0.16841474715712482,-0.1684008352167466,-0.061670065,-0.08513284,-0.045244396,1.73023,1.7194076113494745,1.7112780012799997,1.73023,1.7112641728005638,1.711215065199821,1.7112759599977931,1.7112779967654155,1.7112775048879094,1.7112780008612662,1.7112733408048904,1.7112570125790045,1.7112773403590946,1.5967208,1.5035474,1.6368785
0.1962890625,0.886704,0.870017184925792,0.8754594802049747,0.8864009085384871,0.8757375090596785,0.875713397531927,0.8759130348897516,0.8754594814939504,0.8754594803891136,0.875459513104076,0.8755522010203823,0.8755416928888,0.8756123373521418,0.8305863,0.79738754,0.8653681,-0.181424,-0.150104958463278,-0.16031534872221315,-0.18085895144066572,-0.16082631145761447,-0.16114872661716537,-0.16078201202719186,-0.16031535109185113,-0.16031540920353538,-0.1603153490607321,-0.1604857875376266,-0.1605963104641041,-0.1604664733704858,-0.05727166,-0.08053151,-0.039528638,1.73023,1.6848382574021172,1.6995460700926457,1.7294021128863797,1.7002896147186113,1.7002251358347897,1.7007589839891597,1.6995460735400219,1.6995460705851269,1.6995461580815499,1.699794047554312,1.6997659445615345,1.6999548739083479,1.5912598,1.4959658,1.632024
0.1982421875,0.886704,0.870017184925792,0.8718312833521863,0.883862477466092,0.8721969770127459,0.8721652629201402,0.8724278475941126,0.8718312850475868,0.8718312835943858,0.8718313266246474,0.8719532398103842,0.871939418377684,0.87203233762675,0.82612544,0.79612947,0.86310244,-0.181424,-0.150104958463278,-0.15352258567298602,-0.1761214107145543,-0.15420252914665947,-0.15463149912925714,-0.15414358491228905,-0.15352258882660927,-0.15352266616431173,-0.15352258612350264,-0.15374940578606422,-0.1538964815496352,-0.15372370325103965,-0.052612305,-0.07640332,-0.03381592,1.73023,1.6848382574021172,1.6897449095679282,1.722473471384521,1.6907266493548683,1.690641516209506,1.691346360623647,1.689744914119768,1.6897449102181894,1.6897450257465514,1.6900723313274135,1.6900352252328095,1.6902846790532322,1.5856818,1.488653,1.6273001
0.2001953125,0.8854238150620832,0.870017184925792,0.8682030864993978,0.8798465484963072,0.8682400955202149,0.8682368859827249,0.8682634601422288,0.8682030866709761,0.868203086523909,0.8682030908786682,0.8682154287672219,0.8682140300071512,0.8682234336441126,0.82195747,0.7950049,0.86083806,-0.17903634486054404,-0.150104958463278,-0.1466730490833277,-0.16860220760769537,-0.14674332776762203,-0.1467876931866745,-0.14673723321861376,-0.14667304940916215,-0.14667305739974543,-0.1466730491298754,-0.1466964872334943,-0.14671168825751732,-0.14669383100079714,-0.047748357,-0.072711945,-0.028187096,1.7267337662436486,1.6848382574021172,1.679927523468248,1.7115274550929764,1.680027862033013,1.6800191604282602,1.6800912071283332,1.679927523933434,1.6799275235347033,1.6799275353413925,1.6799609859178695,1.6799571935986006,1.6799826886984845,1.580097,1.481746,1.6226125
0.2021484375,0.8801089246825918,0.870017184925792,0.8645748896466094,0.87526543991793,0.8638941581105289,0.8634643970770753,0.8639531932683762,0.8645748864906548,0.8645748090957768,0.8645748891957598,0.8643478701051798,0.8642006310801638,0.864373598429533,0.8180934,0.7939074,0.85855985,-0.16909398446210128,-0.150104958463278,-0.13976602420111017,-0.1599910879111092,-0.13847821336082303,-0.13858997669219927,-0.13766414397266577,-0.13976601823536267,-0.13976602334886246,-0.13976587193466808,-0.13933677309880896,-0.13938543183264804,-0.13905825132730987,-0.042739213,-0.06939125,-0.022723615,1.712240235204505,1.6848382574021172,1.6700937075212612,1.6990648057076463,1.6682605231278018,1.6671028973568245,1.6684195252963196,1.6700936990237227,1.6700934906348048,1.6700937063073298,1.669482416153656,1.669085914251617,1.6695516975436289,1.5746194,1.4753567,1.617868
0.2041015625,0.8748195877459669,0.8537109938933989,0.8600631451024462,0.8704661318572282,0.8603178497203975,0.8602409018103088,0.8605119291173989,0.8600631478379375,0.8600631451967284,0.8600633398066998,0.86014898573551,0.860122425808813,0.8602084512096347,0.8145349,0.7927402,0.8562564,-0.15915162406365851,-0.11898571836139099,-0.13109631226534935,-0.15093126102337834,-0.13157555491984593,-0.13194053698387273,-0.13143080253597192,-0.1310963174138713,-0.13109667872197892,-0.13109631244279993,-0.13125785848885677,-0.13136974955626332,-0.1312078779611733,-0.03764361,-0.06635234,-0.017501175,1.6978511034986623,1.6408041768912942,1.6578584991415704,1.6860362779213798,1.6585391361251727,1.6583335196268176,1.6590577137214138,1.6578585064519387,1.6578584993935315,1.6578590194721614,1.6580878964678654,1.6580169196633765,1.6582468045333028,1.5693579,1.4695652,1.6129788
0.2060546875,0.8695557119975234,0.8537109938933989,0.855828377629748,0.8655785244751041,0.8561296506452163,0.8560386341214764,0.8563592141515446,0.8558283808653772,0.8558283777412682,0.8558286079323553,0.8559299127592673,0.855898496802733,0.8560002504816451,0.8112735,0.79142624,0.853918,-0.14920926366521575,-0.11898571836139099,-0.12304255800913444,-0.14166385591924516,-0.1236155126717413,-0.12405182107839499,-0.12344246188217496,-0.12304256416475187,-0.12304299614783636,-0.12304255822129587,-0.12323570043637673,-0.12336947158310789,-0.1231759451868454,-0.03251621,-0.06349236,-0.0125825405,1.6835657437006983,1.6408041768912942,1.646494543434819,1.672797493756357,1.6473015837766432,1.6470577835253262,1.6479164556013053,1.6464945521029208,1.6464945437335767,1.6464951604048785,1.646766544990765,1.646682386428457,1.646954964603173,1.5644109,1.4644095,1.6078668
0.2080078125,0.8643172054048838,0.8537109938933989,0.8515936101570498,0.8606545129616192,0.8513528039041786,0.8511693147600581,0.8514255530284143,0.851593607570825,0.8515934260771454,0.8515936100679122,0.8515124535554991,0.8514562329101322,0.8515375641972923,0.8082913,0.7899137,0.85153246,-0.13926690326677316,-0.11898571836139099,-0.11490870503881331,-0.13228505745413138,-0.11444591283903746,-0.11458575294817146,-0.11409309943125386,-0.1149087000698966,-0.11490870486755309,-0.11490835136580102,-0.11475276390415048,-0.11480101678346008,-0.1146447193879665,-0.027406305,-0.06070453,-0.008013159,1.6693835314054069,1.6408041768912942,1.635108162267787,1.659490217456484,1.6344617693229118,1.6339691829264986,1.634657056496635,1.635108155326011,1.6351076681724628,1.6351081620285295,1.6348903228566667,1.6347394113321603,1.6349577253739878,1.5598583,1.45989,1.6024615
0.2099609375,0.8591039761577148,0.8537109938933989,0.8473588426843516,0.8557159113805404,0.8470436713038031,0.8468035175445938,0.8471388866133961,0.847358839299456,0.8473586017573951,0.8473588425676867,0.8472526235233191,0.8471790409721836,0.8472854887647572,0.8055626,0.788182,0.84908205,-0.1293245428683304,-0.11898571836139099,-0.1066935524484226,-0.12283543210089437,-0.10608202813687002,-0.10626682154929226,-0.10561575429177535,-0.10669354588318158,-0.10669355222214295,-0.1066930851536666,-0.10648750715443601,-0.10655126509162964,-0.10634474048209386,-0.02235645,-0.0578869,-0.003816247,1.655303845216896,1.6408041768912942,1.6236990194194831,1.6461741223131416,1.6228515586651653,1.6222057268308618,1.6231075953929324,1.6236990103185562,1.6236983716421112,1.623699019105808,1.6234134220779186,1.6232155681593827,1.6235017902102284,1.5557508,1.455962,1.596704
0.2119140625,0.8539159326674585,0.8361390451442066,0.8427955316059125,0.850773721813566,0.8429753652502948,0.8429091249089627,0.84312160542627,0.8427955347689956,0.8427955327366109,0.8427962881167226,0.8428561391991478,0.84283341423394,0.8429011069292609,0.8030575,0.78624225,0.8465412,-0.11938218246988763,-0.08492791135019931,-0.09782906174059522,-0.11333518770033638,-0.09817421361725974,-0.0984547815295005,-0.09804709670814409,-0.09782906781274622,-0.09783051400837058,-0.09782906391118983,-0.097945401392641,-0.09803170864449018,-0.09790178151643382,-0.0174011,-0.05495009,9.268522e-06,1.6413260667376939,1.5937218530399424,1.611452311036159,1.6328790511023166,1.611930070155785,1.6117540959268688,1.6123185528244393,1.6114523194397887,1.6114523140401804,1.6114543209218521,1.6116133300571753,1.6115529561164148,1.611732794975597,1.5521086,1.4525425,1.5905485
0.2138671875,0.8487529835670585,0.8361390451442066,0.8383578739647752,0.8458343065843249,0.8385664027410202,0.8384895927683176,0.8387359777114808,0.8383578776325754,0.8383578752758933,0.8383587511881335,0.8384281524006705,0.8384018013293719,0.838480295400737,0.80074686,0.784136,0.8438774,-0.10943982207144487,-0.08492791135019931,-0.0892510579201244,-0.10379602931190784,-0.08965561160398762,-0.08998444513111563,-0.08950662077126113,-0.08925106503756473,-0.0892527601880229,-0.08925106046437564,-0.08938742321592848,-0.08948858450924936,-0.08933629539393168,-0.012566268,-0.051822573,0.0034885705,1.6274495805578717,1.5937218530399424,1.5996382236326272,1.6196222780906229,1.6001934497432067,1.5999889428562661,1.6006449174835833,1.5996382333989485,1.5996382271237666,1.5996405594315484,1.5998253522492687,1.5997551886478711,1.599964188069387,1.5489142,1.4495205,1.583964
0.2158203125,0.8436150377107005,0.8361390451442066,0.8339202163236379,0.8409018332384208,0.8337170278690303,0.8335517956319816,0.8337918707752849,0.8339202127497684,0.8339193615655478,0.8339202150460969,0.8338517376846754,0.8338009300417548,0.8338774139177153,0.7986064,0.7819278,0.8410534,-0.0994974616730023,-0.08492791135019931,-0.08058175940873596,-0.0942257019002853,-0.08018316140622521,-0.08033000451828687,-0.07985887944982084,-0.08058175239952783,-0.0805817569031742,-0.08058008302312221,-0.08044744548256745,-0.08049780940246172,-0.08034777717151409,-0.007866949,-0.04845205,0.0066690147,1.6136737742442258,1.5937218530399424,1.5877991983433053,1.6064150010923757,1.5872569895316457,1.5868160278853691,1.5874567141466909,1.5877991888068932,1.58779691753055,1.5877991949343513,1.587616468873356,1.587480889076343,1.5876849844398373,1.5461158,1.4467654,1.5769405
0.2177734375,0.8385020041735358,0.8361390451442066,0.8294825586825006,0.8359793058062515,0.8292973847164808,0.8291468018070939,0.8293655921242609,0.8294825554254869,0.8294817797064223,0.8294825575182252,0.8294201512923326,0.8293738482050736,0.829443551095799,0.7966196,0.7796967,0.8380328,-0.08955510127455954,-0.08492791135019931,-0.07181970095109025,-0.08462982494745631,-0.0714526267640833,-0.07158785478951442,-0.07115400226803661,-0.07181969449608572,-0.07181969864363807,-0.07181815711395442,-0.07169600780051318,-0.07174238903076932,-0.0716042217885231,-0.003306508,-0.044806153,0.009616405,1.5999980383294465,1.5937218530399424,1.5759348349218048,1.593265187955466,1.5754397005437486,1.5750370257984323,1.5756220846884945,1.575934826213309,1.5759327521209194,1.5759348318088036,1.5757679695667715,1.575644160738816,1.5758305367343053,1.5436269,1.4441397,1.5694884
0.2197265625,0.8334137922514183,0.8182097327643009,0.8249377378937741,0.8310689341988261,0.8250717056343977,0.825044252114453,0.8252329608940402,0.8249377416877803,0.8249377409111831,0.8249388151912911,0.8249828877452285,0.8249732596938563,0.8250333244197908,0.79477847,0.7775251,0.83478564,-0.07961274087611678,-0.04958980909594099,-0.06285561081758964,-0.07501256506758171,-0.06311744425116285,-0.06343249706462216,-0.06306379460875229,-0.06285561823399449,-0.06285771668237441,-0.06285561671592653,-0.06294386350669615,-0.06304243872485157,-0.06292504473297837,0.0011237562,-0.04086995,0.012410998,1.5864217663013458,1.5460858046718937,1.5638544348959467,1.5801787148573456,1.5642076002440628,1.5641352292017279,1.5646326708692053,1.5638544448980147,1.5638544428506858,1.5638572749546065,1.5639734613238456,1.5639480795608585,1.5641064221157575,1.5413374,1.4415108,1.5616423
0.2216796875,0.8283503114606365,0.8182097327643009,0.820452401140792,0.826172481683025,0.8205980283882531,0.8205681855281434,0.8207733180474733,0.820452405264999,0.8204524044208128,0.8204535721978791,0.8205014804830276,0.8204910144811883,0.820556306772203,0.7930811,0.77548826,0.83129346,-0.06967038047767402,-0.04958980909594099,-0.0540359173033917,-0.06537714597568905,-0.05432367215645131,-0.0546699035735133,-0.054264711925682566,-0.054035925454141126,-0.05403823168272014,-0.054035923785759755,-0.0541329079489126,-0.05424124199686872,-0.05411222599890905,0.005444497,-0.036643744,0.015142858,1.5729443545920967,1.5460858046718937,1.5520151159443965,1.5671600669661703,1.5523998556863918,1.552321014589679,1.5528629259707127,1.5520151268407252,1.5520151246103495,1.5520182099257467,1.552144784093438,1.5521171330632106,1.5522896320875523,1.5391151,1.4387603,1.553456
0.2236328125,0.8233114715376407,0.8182097327643009,0.8159670643878097,0.8212912785244916,0.8158170480211977,0.8156364752352713,0.8158477903274696,0.8159670601393016,0.8159658580357544,0.8159670610089311,0.8159165058232124,0.8158600271020918,0.8159272872641601,0.79152703,0.7736441,0.8275519,-0.059728020079231434,-0.04958980909594099,-0.04511926081802545,-0.05572611847924232,-0.04481945617119208,-0.04488090302482416,-0.044458438877817814,-0.04511925232902966,-0.04511925406664688,-0.04511685038774162,-0.045018232875088264,-0.0450397777886003,-0.04490536025591783,0.009687901,-0.032140076,0.017907232,1.5595652025674893,1.5460858046718937,1.5401499881275433,1.5542126540229622,1.5397527538137386,1.5392745690228866,1.539834159981126,1.540149976878165,1.5401467938968596,1.5401499791808064,1.54001611536714,1.5398665628325996,1.5400446635547866,1.5368166,1.4357849,1.5449983
0.2255859375,0.8182971824387799,0.8182097327643009,0.8114817276348276,0.8164263844752365,0.811352149013355,0.8111961768804188,0.8113787030871376,0.8114817239651225,0.8114806856322789,0.8114817247162764,0.8114380570057349,0.8113892727631178,0.8114473696179988,0.7901124,0.7720272,0.8235706,-0.04978565968078867,-0.04958980909594099,-0.03610403351908314,-0.04606155205269212,-0.03584222430515743,-0.03589588272384804,-0.03552697696387687,-0.03610402610575229,-0.036104027623191065,-0.03610192852172115,-0.036015807834332454,-0.03603462245640803,-0.03591724013042623,0.013896227,-0.027380705,0.020800918,1.5462837125162372,1.5460858046718937,1.5282586234821398,1.5413390854452507,1.5279147525302395,1.5275008099402068,1.5279852225613397,1.5282586137439274,1.5282558583430486,1.5282586157372475,1.528142734467607,1.528013272437878,1.5281674476154594,1.5342892,1.4324982,1.5363458
0.2275390625,0.8133073543400308,0.8002563511203491,0.806967637274501,0.8115786423608959,0.8070843597592233,0.8070769999794988,0.8072512709924414,0.8069676434392388,0.8069676406552502,0.8069689951461831,0.8070069751242108,0.8070041090255838,0.8070594714531887,0.78882486,0.77064383,0.81936985,-0.03984329928234591,-0.013579403984969388,-0.027048253000020384,-0.03638513079654882,-0.02728050782022685,-0.027612511699803655,-0.027265865288442024,-0.027048265268411864,-0.027050955284245014,-0.027048259728020177,-0.027126535100779458,-0.027230990614436783,-0.02712083183831739,0.018122107,-0.022394389,0.023918986,1.533099289639288,1.4988022577704034,1.516371082945873,1.5285413775906511,1.5166761720044097,1.516656935537346,1.5171124140943373,1.516371099059715,1.516371091782722,1.5163746322489895,1.5164739061048873,1.5164664146255893,1.5166111204473385,1.5275704,1.4288294,1.5313777
0.2294921875,0.8083418976367305,0.8002563511203491,0.8024934465050664,0.8067487160669209,0.8026146816962209,0.8026070373738446,0.8027880460254085,0.8024934529081442,0.8024934500165215,0.8024948568745709,0.8025343052285635,0.80253132832128,0.8025888311623943,0.7876407,0.7694711,0.8149758,-0.029900938883903144,-0.013579403984969388,-0.018094051555745148,-0.02669822614489742,-0.0183379834412168,-0.01868667401894954,-0.0183226048201467,-0.018094064441036832,-0.01809688972062732,-0.018094058622053714,-0.018176269792614018,-0.018285976924133966,-0.018170279773983413,0.022428453,-0.01721409,0.027352035,1.5200113420391723,1.4988022577704034,1.5046650209986479,1.5158211126152008,1.504982598147824,1.5049625743108268,1.5054366950694855,1.5046650377720971,1.5046650301972266,1.5046687155896055,1.5047720530866735,1.504764254957396,1.5049148839427515,1.5187315,1.4247192,1.5279238
0.2314453125,0.8034007229433082,0.8002563511203491,0.7980192557356318,0.8019371887607769,0.7978915182997578,0.7977088558675747,0.7978995726124538,0.7980192489891357,0.798017769723341,0.7980192520358457,0.7979762056235075,0.7979187552833062,0.7979793421921854,0.78652465,0.76845926,0.81041473,-0.01995857848546038,-0.013579403984969388,-0.009039444500548392,-0.017001965977259673,-0.008779458697348811,-0.008795854212394701,-0.008407538612098298,-0.009039430771507626,-0.00903943697152693,-0.009036420477288446,-0.008951833299672947,-0.008958216843870163,-0.00883490149608568,0.026887596,-0.01187399,0.03118214,1.5070192807093723,1.4988022577704034,1.4929329336189991,1.5031795276151736,1.4925975538352645,1.492117928765824,1.4926187013950407,1.4929329159063713,1.4929290321578872,1.492932923905374,1.49281990622556,1.4926690674425505,1.4928281413201292,1.5098674,1.4201202,1.5237713
0.2333984375,0.7984837410930177,0.8002563511203491,0.7935450649661971,0.7971444994253225,0.7934348447261944,0.7932772315959719,0.793441794515599,0.7935450591448777,0.7935437827373014,0.7935450617737789,0.7935079185051145,0.7934583465825071,0.7935106249423473,0.7854326,0.7675347,0.8057097,-0.010016218087017803,-0.013579403984969388,0.00011726649579994339,-0.007297297066229104,0.0003441296140529697,0.0003298232025937562,0.0006686496719384619,0.00011727847598851741,0.00011727306574889212,0.00011990530798208505,0.0001937169366589621,0.00018814662676080185,0.00029575113911448406,0.031578243,-0.00640592,0.03548044,1.494122519523721,1.4988022577704034,1.4811743805946889,1.4906175698764024,1.4808843305693182,1.4804695354149922,1.4809026197672086,1.4811743652760296,1.4811710064396932,1.4811743721939186,1.4810766296658648,1.480946178239505,1.4810837517193034,1.5009903,1.4149988,1.5187697
0.2353515625,0.7935908631376666,0.782416206608824,0.7890733796947115,0.792371020767948,0.7891862899280844,0.7891794024126668,0.7893368608927201,0.789073389505815,0.7890733832909398,0.7890750728011792,0.7891110345234427,0.7891091115055504,0.7891586889435358,0.78431565,0.7666068,0.80087847,-7.385768857504083e-05,0.022850743087520064,0.009248617192993165,0.0024149763408762887,0.009019857867827935,0.008714898665915075,0.00903381029409934,0.00924859731257598,0.009245186427934794,0.009248609905890477,0.009172320169806422,0.009075772197818638,0.009176216453549463,0.036579907,-0.0008366108,0.040302604,1.4813204752258216,1.452233777325066,1.469504652453161,1.4781359512247543,1.469797169261798,1.4697793262323626,1.470187228121118,1.4695046778715277,1.4695046617701812,1.4695090389100895,1.4696022067428645,1.469597224726627,1.469725664851217,1.4920841,1.409336,1.512778
0.2373046875,0.788722000347352,0.782416206608824,0.7846352643041199,0.7876170564375587,0.7847501022761517,0.7847430971688265,0.7849032439685307,0.7846352742827303,0.7846352679617473,0.7846369863173278,0.7846735620211605,0.7846716061712048,0.7847220300545563,0.78312725,0.7655753,0.7959347,0.009868502709867721,0.022850743087520064,0.018291055319664306,0.012134174896812792,0.018055756492837766,0.017742081867096644,0.018070107730598958,0.018291034870862435,0.01828752646859109,0.018291047824222046,0.018212577036394874,0.018113269093803577,0.018216584707080687,0.041964933,0.004816264,0.045684353,1.4686125674185007,1.452233777325066,1.4579972059124757,1.4657352044120522,1.4582953713615023,1.4582771837900619,1.4586929616042985,1.457997231821707,1.4579972154094205,1.4580016770779929,1.4580966440825662,1.4580915658595857,1.4582224862162578,1.4831103,1.4031328,1.5056762
0.2392578125,0.7838770642101897,0.782416206608824,0.7801971489135282,0.7828828393923466,0.7800748618022025,0.7799117863415929,0.7800823213064428,0.78019713828764,0.7801953151993208,0.7801971450186432,0.7801563669569646,0.7801047549710444,0.780158449676095,0.7818292,0.7643361,0.79089165,0.019810863108310484,0.022850743087520064,0.027436368428317474,0.021859727320689495,0.02768986547016762,0.02767439989422499,0.028028039068590235,0.027436390451971618,0.02743637650101661,0.027440169068923662,0.02752089921154071,0.027516582042203967,0.027627890603865154,0.047788963,0.01054582,0.05163899,1.4559982185532812,1.452233777325066,1.4464638049152818,1.4534157232526674,1.4461455582532639,1.445721130551712,1.4461649718491345,1.4464637772627609,1.4464590329052904,1.4464637947793395,1.446357673951187,1.4462233557215451,1.4463630940735022,1.4740103,1.3964145,1.497376
0.2412109375,0.7790559664320469,0.782416206608824,0.7757590335229366,0.7781686011924227,0.7756535724288577,0.7755129352324525,0.77566000554736,0.7757590243591108,0.7757574521174685,0.7757590301639659,0.7757238629337285,0.7756793524661597,0.775725659082446,0.7803969,0.76279134,0.78576654,0.029753223506753062,0.022850743087520064,0.03668632216145675,0.031591145311233935,0.036907448138861786,0.036893957749420954,0.03720242332830477,0.03668634137313386,0.036686329203434814,0.03668963753578328,0.036760059555089174,0.036756293652209664,0.03685338818823125,0.054083735,0.016358763,0.058153883,1.4434768539198837,1.452233777325066,1.434904004005447,1.441177778813248,1.434628902776195,1.4342620190819497,1.4346456843642321,1.4349039801017482,1.4348998789318708,1.4349039952436236,1.4348122612202143,1.4346961528628528,1.4348169465305138,1.4647166,1.3892257,1.4878279
0.2431640625,0.7742586189362723,0.7647514279956161,0.77133634278635,0.7734744927749942,0.7714542028040782,0.7714325507897146,0.7715795175807146,0.7713363587762978,0.7713363465866411,0.7713384320035928,0.771375648335982,0.77136876683889,0.7714150772812478,0.7788221,0.7608542,0.78058404,0.03969558390519583,0.05958112563368403,0.04588002777566092,0.04132800091539362,0.045636854948408426,0.0453783826941943,0.04568152255504114,0.04587999477961235,0.04587571658408191,0.04588001993357204,0.045798922960169776,0.045717571828604316,0.045813121949798793,0.060852796,0.022274196,0.065190926,1.431047901635748,1.4065412627670004,1.4234692179168524,1.429021528711704,1.4237718020586996,1.423716215821086,1.4240935049282724,1.4234692589693705,1.4234692276737024,1.4234745817606915,1.4235701297887422,1.4235524625891007,1.4236713564238257,1.455158,1.3816286,1.4770347
0.2451171875,0.7694849338634323,0.7647514279956161,0.7669463995925274,0.768800648876405,0.7670649185705414,0.7670431454988604,0.7671909339873324,0.7669464156718757,0.7669464034140661,0.7669485004906711,0.7669859249011305,0.7669790049293005,0.7670255742952774,0.7753797,0.75845736,0.77711135,0.04963794430363859,0.05958112563368403,0.054987951664994594,0.05106991562208534,0.05474062191004851,0.054477732131607746,0.05478605302459213,0.05498791810483557,0.054983566768110774,0.05498794368883499,0.054905460304659794,0.0548227185131268,0.05491990202928638,0.068072274,0.02832225,0.07268891,1.418710792635596,1.4065412627670004,1.412190331413537,1.4169470350606452,1.412495281329999,1.412439260516042,1.4128194990396075,1.4121903727870524,1.4121903412466772,1.412195737198253,1.412292032313866,1.412274226977696,1.4123940503961545,1.4452689,1.3736919,1.4650533
0.2470703125,0.7647348235710377,0.7647514279956161,0.7625564563987048,0.7641471751694285,0.7624295164167952,0.7622945473595537,0.7624528365075656,0.7625564391768876,0.762554206227662,0.7625564523056384,0.7625141227400527,0.7624716561793375,0.7625215343893398,0.7701987,0.7555588,0.77528,0.05958030470208135,0.05958112563368403,0.06420074193675106,0.06081655949906658,0.0644687890526419,0.06441953953727911,0.06475388832584203,0.0642007782963757,0.06420075057825242,0.06420549263250708,0.064290123988492,0.0642744745317492,0.06437979661783098,0.0756948,0.03454134,0.08056758,1.4064649606609994,1.4065412627670004,1.4008857033076012,1.4049542878310801,1.4005583146664953,1.400210194337523,1.4006184607394603,1.4008856588926062,1.4008799001224033,1.4008856927516,1.400776523759733,1.400666999005677,1.4007956387616816,1.4349989,1.365482,1.4519933
0.2490234375,0.7600082006332786,0.7647514279956161,0.7581665132048823,0.7595141354339096,0.7580570741910497,0.7579407130548638,0.7580771791863239,0.7581664983574035,0.7581645732605387,0.7581665096761189,0.7581300160052993,0.7580934042266019,0.7581364058249341,0.7650942,0.75214803,0.773345,0.06952266510052393,0.05958112563368403,0.07352022018600379,0.07056764936479108,0.07375400037975179,0.07371104765745316,0.07400264144573805,0.07352025189814547,0.07352022772294947,0.07352436364677344,0.07359817685951853,0.07358452789821013,0.07367638581138393,0.08365455,0.0409735,0.08873612,1.3943098422499882,1.4065412627670004,1.389554886451205,1.3930432226284486,1.3892719607315056,1.3889711215063292,1.3893239381393865,1.3895548480680866,1.3895498713807943,1.3895548773287847,1.3894605344050333,1.3893658842987466,1.3894770534098189,1.4243141,1.3570521,1.438012
0.2509765625,0.7553049778407556,0.7472966610582432,0.753799273600789,0.7549016156349541,0.7539224716595062,0.7538859967700235,0.7540190180142279,0.7537992994339417,0.7537992777772551,0.7538018138055829,0.7538403593523851,0.75382850107145,0.753870421868618,0.76012117,0.74825007,0.77131474,0.0794650254989667,0.09654776374181559,0.08276660649525906,0.08032294108674846,0.08250771322711438,0.08230488603009166,0.08258435418360055,0.08276655219958072,0.08276126755409693,0.08276659771723381,0.0826802578690288,0.08261708239123203,0.0827051790771832,0.09187278,0.047659725,0.09709965,1.3822448767266808,1.3618037753331997,1.3783665777008778,1.3812137274577132,1.3786799635013354,1.3785871823885945,1.3789255397472766,1.3783666434162336,1.378366588325131,1.378373039566137,1.3784710920741094,1.3784409270833562,1.378547563999373,1.4132054,1.3484373,1.4233005
0.2529296875,0.7506250682002098,0.7472966610582432,0.7494641985724252,0.750309655055507,0.7495872260666293,0.7495508016756839,0.7496836387554299,0.7494642243698125,0.7494642027431091,0.7494667352603714,0.7495052274418651,0.749493385578412,0.7495352483373249,0.7553302,0.74392533,0.7691834,0.08940738589740946,0.09654776374181559,0.09192747352131761,0.09008222166099791,0.09166595097577868,0.09146106416137943,0.09174337024608441,0.09192741867418196,0.09192208035495772,0.0919274646541378,0.09184024791094056,0.09177643082932328,0.09186542222253485,0.10026282,0.05463487,0.10556935,1.3702695061909334,1.3618037753331997,1.367331053799757,1.3694656457955734,1.3676447053886072,1.367551845615309,1.3678904897189328,1.3673311195708764,1.3673310644330257,1.3673375211482417,1.3674356568443664,1.3674054662643973,1.3675121936299126,1.4016871,1.3396546,1.4080722
0.2548828125,0.7459683849342591,0.7472966610582432,0.7451291235440612,0.7457382891160497,0.7449968835427996,0.74489325130863,0.7450360354538071,0.7451290958149218,0.7451263969046268,0.7451291190610695,0.7450850223634138,0.745052753452475,0.745097750965651,0.7507615,0.73926854,0.7669285,0.09934974629585222,0.09654776374181559,0.1011949342762428,0.09984530486827091,0.10147941671697427,0.10139518030793582,0.10170242704696109,0.10119499391820815,0.10119494391860592,0.10120079896324909,0.10128979609775404,0.10126241566901699,0.10135921377309405,0.10873321,0.061922744,0.114067316,1.3583831755080318,1.3618037753331997,1.3562700787013255,1.357798782897374,1.3559321345075925,1.3556672816554842,1.3560321911716244,1.3562700078410166,1.3562631109173349,1.3562700672452837,1.3561573791903798,1.3560749150619966,1.356189907103893,1.3898011,1.3307078,1.3925451
0.2568359375,0.7413348414811252,0.7472966610582432,0.7407940485156974,0.7411875447320945,0.7406800629640379,0.740590736154685,0.7407138103334583,0.7407940246142968,0.7407916982623918,0.7407940446515392,0.740756035075309,0.7407282205745549,0.7407670066174598,0.74643874,0.73440117,0.76451594,0.10929210669429479,0.09654776374181559,0.11057086009720221,0.1096120301243106,0.11081895653756871,0.11074549539210586,0.11101343511040695,0.11057091211204188,0.11057086850648201,0.11057597479464067,0.11065359016135241,0.11062971151444077,0.11071412927343305,0.11719391,0.06953445,0.12253158,1.3465853322983883,1.3618037753331997,1.3451832055896964,1.3462129131866438,1.3448912077409225,1.3446623656731336,1.34497766059183,1.3451831443631672,1.3451771851080527,1.3451831956911553,1.34508582823241,1.3450145757650092,1.3451139337572833,1.3769288,1.3215994,1.3776156
0.2587890625,0.7367243514943668,0.730070827768705,0.736485606202906,0.736657417279275,0.736613183968949,0.7365633683926135,0.7366788024324443,0.7364856465513289,0.7364856111896602,0.7364886102170998,0.7365281525584201,0.7365118136413366,0.736548158769625,0.7423656,0.72946095,0.76191133,0.11923446709273755,0.1337134515121066,0.11986338744408928,0.11938225972863234,0.11959027386658046,0.11944983722186923,0.11969690587871695,0.11986330105277893,0.11985695547822225,0.11986337676678868,0.11977229532639248,0.11972946549166966,0.11980727584540324,0.1255634,0.07746519,0.13091666,1.334875426927273,1.3180609347520749,1.3342480923067235,1.334707784523167,1.3345696116722414,1.3344440698998763,1.3347349736763927,1.3342481939956226,1.334248104874688,1.3342556632260227,1.3343553193671627,1.3343141416510653,1.334405738991657,1.3614142,1.3123399,1.3652245
0.2607421875,0.7321368288426149,0.730070827768705,0.732209087246772,0.73214791990029,0.7323359110927993,0.7322863899013026,0.7324011417843923,0.732209127356756,0.7322090922040569,0.7322120735087625,0.7322513821748625,0.732235139812508,0.7322712701594866,0.7385258,0.7245889,0.7590925,0.1291768274911803,0.1337134515121066,0.12906979939654403,0.1291558730033964,0.12879513283030383,0.1286538976256123,0.12890237117858297,0.1290697125139937,0.12906333085710311,0.12906978865852994,0.1289781893085037,0.12893511593329424,0.1290133687347712,0.13377747,0.085696265,0.1391917,1.323252912494583,1.3180609347520749,1.3234629145259147,1.32328311772883,1.3237832536692673,1.323658172755364,1.3239480085895476,1.3234630158415692,1.323462927047749,1.3234704576564704,1.3235697480034465,1.3235287214351141,1.3236199825521207,1.3461641,1.3029586,1.3527435
0.2626953125,0.7275721876092979,0.730070827768705,0.727932568290638,0.7276590418047848,0.7277959284963712,0.7277256490610886,0.7278492825431844,0.72793252507621,0.7279293508970895,0.7279325629496678,0.7278869998076292,0.7278655725270936,0.727904499300982,0.7348839,0.71991664,0.75605935,0.13911918788962307,0.1337134515121066,0.13838438454236227,0.13893276160596899,0.13868390405706954,0.13856693661791655,0.13883800299853422,0.1383844792522213,0.13838439624777024,0.1383914358960888,0.13848425985545634,0.13844590363513726,0.13853122769793363,0.14179598,0.09419562,0.14733845,1.3117172448246088,1.3180609347520749,1.3126526208288183,1.3119386060288318,1.3123066539318982,1.3121286988315268,1.3124417475100965,1.312652511415616,1.312644474807791,1.31265260730619,1.312537246020783,1.312482993301223,1.312581553318428,1.3313122,1.2935076,1.3403077
0.2646484375,0.723030342092379,0.730070827768705,0.723656049334504,0.7231907621815852,0.7235382875167006,0.7234777177968947,0.7235842702377198,0.7236560120905252,0.7236532764518684,0.7236560447314353,0.7236167765339083,0.7235983096186149,0.7236318583199937,0.73138964,0.7155541,0.7528366,0.14906154828806567,0.1337134515121066,0.1478090606629779,0.14871282842638475,0.14807026621054728,0.14796826257707474,0.1482046480238617,0.1478091432597945,0.14780907087130732,0.14781521017094415,0.14789616156617896,0.14786271141531415,0.14793712155188105,0.1496051,0.102921754,0.1553462,1.3002678824558547,1.3180609347520749,1.3018167659402564,1.3006739186678677,1.3015178681612023,1.301364125115392,1.3016345817971993,1.301816671412377,1.3018097281605734,1.3018167542573393,1.301717087668942,1.3016702160433546,1.301755367000765,1.316961,1.2840583,1.328062
0.2666015625,0.7185112068040893,0.7130845094091712,0.7194083058846027,0.7187430598001935,0.7195376154625374,0.7194780668162382,0.7195732487803707,0.7194083653930481,0.7194083126364716,0.7194117196922744,0.719451429788123,0.7194318167364392,0.7194617106612745,0.7279827,0.7115815,0.7494697,0.15900390868650843,0.17105572119320353,0.1571435044688036,0.15849598959080743,0.1568614586914532,0.15678375429211158,0.1569913316367498,0.15714337464762965,0.15713605708129455,0.15714348973920328,0.1570494327679722,0.15702700744570622,0.15709221583454464,0.1572127,0.111827105,0.16321084,1.2889042866308766,1.275329149163319,1.2911370729151566,1.2894887069290915,1.2914599009976142,1.2913112375507878,1.2915488574046887,1.2911372214863497,1.2911370897721461,1.291145595957694,1.2912447365261708,1.2911957706817203,1.291270403491045,1.3031851,1.2746983,1.3161519
0.2685546875,0.7140146964706505,0.7130845094091712,0.7151924415676484,0.7143158922331512,0.7153205931288741,0.7152615777634697,0.7153559073367227,0.715192500543173,0.7151924482590517,0.7151958248033671,0.7152351792801253,0.7152157418708178,0.7152453680841271,0.72459835,0.70804363,0.7460145,0.1689462690849512,0.17105572119320353,0.16639097937776434,0.16828217628959502,0.16610816913273702,0.16603025406480945,0.16623839412995095,0.16639084920479089,0.16638351180863892,0.16639096460824862,0.16629665273656696,0.16627416663503705,0.1663395517523692,0.16464108,0.12086205,0.17093197,1.2776259212861205,1.275329149163319,1.2806046273437257,1.2783826092776556,1.2809252910456221,1.280777624321265,1.281013651024957,1.2806047749188654,1.2806046440877024,1.280613093245897,1.2807115691467137,1.280662931585434,1.2807370640304767,1.2900323,1.265516,1.3047142
0.2705078125,0.7095407260320183,0.7130845094091712,0.7109765772506941,0.7099092247628092,0.7108382882630921,0.7108001805256239,0.7109019720376532,0.710976513609912,0.7109729263841897,0.7109765700299674,0.7109304587724303,0.7109194639833165,0.7109514337775651,0.72117215,0.704949,0.7425259,0.17888862948339396,0.17105572119320353,0.1757481234396566,0.17807133425257932,0.17605704955277302,0.17591477035962863,0.1761422001996378,0.17574826558023848,0.175748139567023,0.17575627762775076,0.17585113493292642,0.17580428293139375,0.17587569516727292,0.1719166,0.12997876,0.17851286,1.2664322530418337,1.275329149163319,1.2700474275444003,1.267355253468058,1.2697005531124252,1.2696049615566674,1.269860296413054,1.2700472679185513,1.2700382703147461,1.2700474094331424,1.2699317501925707,1.2699041719054764,1.2699843614320174,1.277527,1.2565972,1.2938626
0.2724609375,0.7050892106416051,0.7130845094091712,0.7067607129337398,0.7055230194663804,0.7066415407821813,0.7066087009939677,0.7066964210193238,0.7067606580905519,0.7067575667568538,0.7067607067111942,0.7067209697960063,0.7067114949079668,0.7067390452518628,0.71764433,0.70227104,0.7390473,0.18883098988183672,0.17105572119320353,0.18521689920103984,0.18786342224544464,0.1854863134942763,0.18536223362136897,0.18556057087379366,0.18521702316497138,0.1852169132660714,0.18522401064326313,0.1853067370181176,0.18526587690050156,0.18532815612561745,0.1790644,0.13913375,0.18596157,1.255322751191954,1.275329149163319,1.2594650305364194,1.2564062567382257,1.2591653688976914,1.2590827887443288,1.2593033693057123,1.2594648926364405,1.2594571196521491,1.2594650148901936,1.2593650976084596,1.259341272949808,1.25941054808301,1.2656683,1.2480125,1.2836795
0.2744140625,0.7006600656660175,0.6963439132330703,0.7025751920619557,0.7011572297502766,0.7027018306334895,0.7026383916948924,0.7027124382248612,0.7025752737179607,0.7025752024898592,0.7025788891357119,0.7026174252022073,0.7025964916227738,0.7026196292633575,0.7139623,0.6999536,0.7356049,0.1987733502802793,0.20856090674752117,0.19459040185447066,0.19765841081739782,0.19430892039801484,0.19428534735016115,0.19444991439737588,0.1945902203237473,0.1945821828751071,0.1945903786720354,0.19449651834195453,0.1944916190634643,0.1945430519024584,0.1861045,0.14829044,0.19329172,1.2442968876940574,1.2336111918512398,1.249040410297851,1.2455352263504538,1.2493535771003847,1.2491967005910372,1.249379807793332,1.2490406122336306,1.249040436086118,1.2490495531736647,1.2491448518653558,1.249093083922918,1.2491503023889927,1.2544324,1.2398129,1.2742066
0.2763671875,0.6962532066847851,0.6963439132330703,0.6984210061760321,0.6968118095017389,0.6985462391436819,0.6984835043350935,0.698556728997847,0.6984210869257097,0.6984210164881928,0.6984246622147294,0.698462770556527,0.6984420693258969,0.698464950154065,0.7100824,0.6979159,0.73220557,0.20871571067872205,0.20856090674752117,0.2038763730772173,0.20745628136628122,0.20359471040537322,0.20357112215735362,0.20373579524169105,0.20387619142979665,0.20386814881405124,0.20387634987987915,0.20378242918215753,0.2037775267510076,0.20382899267876103,0.19305485,0.15742038,0.20052457,1.2333541371593142,1.2336111918512398,1.2387603409916697,1.2347417602674113,1.2390707412196686,1.2389152505986551,1.2390967401814859,1.2387605411435407,1.238760366552122,1.2387694030989218,1.238863859913088,1.2388125492945534,1.238869262286029,1.243769,1.2320228,1.2654397
0.2783203125,0.691868549490094,0.6963439132330703,0.6942668202901086,0.6924867010044461,0.6941315293725993,0.6941201970371831,0.6941993026592422,0.6942667330551082,0.6942628706206319,0.6942668091497379,0.6942217016487284,0.6942193469991801,0.6942440654762259,0.70597136,0.6960614,0.7288398,0.2186580710771648,0.20856090674752117,0.21327347059741392,0.21725702470510577,0.213581520895192,0.21342718968017838,0.21360732947698058,0.21327366918823615,0.21327349595850886,0.21328246208557194,0.21337619002496605,0.2133252737122835,0.21338155110823764,0.19993602,0.16650528,0.20769024,1.222493976842475,1.2336111918512398,1.2284558936698304,1.2240254470880498,1.228119738269779,1.2280915797825285,1.2282881368757121,1.2284556769267665,1.2284460803561683,1.228455865990596,1.2283437909578967,1.228337940466354,1.2283993569536547,1.2336022,1.22464,1.2573271
0.2802734375,0.6875060100865172,0.6963439132330703,0.6901126344041849,0.6881818420165858,0.6899960537825108,0.68998628867239,0.6900544542430532,0.6901125592335027,0.6901092309612082,0.6901126248044914,0.6900737555248188,0.6900717265156788,0.6900930265073848,0.7016067,0.6942856,0.7254891,0.22860043147560757,0.20856090674752117,0.22278370121484983,0.22706063877339455,0.22305236368280595,0.22291776725934692,0.22307487170299528,0.22278387441800568,0.2227837233338063,0.2227915432337001,0.22287328831260358,0.22282888167123668,0.2228779639570343,0.20677859,0.17553793,0.21482885,1.211715886631883,1.2336111918512398,1.218126628096333,1.21338586521158,1.2178362392268631,1.217811914560536,1.2179817105221777,1.2181264408612602,1.2181181507951064,1.218126604185425,1.2180297875105097,1.218024733537713,1.2180777884826932,1.2238331,1.2176328,1.2497721
0.2822265625,0.6831655046907478,0.6798510223217822,0.6859891735141134,0.6838971703258417,0.6861017095956254,0.6860475163751903,0.6861076053052799,0.685989276863699,0.6859891914907469,0.685992987977641,0.6860256101503971,0.6860088362441019,0.6860286697464697,0.6969766,0.692484,0.7221332,0.23854279187405014,0.24622218816021155,0.23219525231532076,0.2368671267767804,0.23194030378811567,0.23192694946640413,0.23206306714158767,0.2321950181402648,0.2321866093452297,0.23219521158289158,0.23211269659546693,0.2321057647642119,0.2321507007132692,0.21362904,0.18452394,0.22198945,1.20101934903951,1.1929014714635269,1.207954824782899,1.202822582376039,1.2082304603276792,1.208097726656236,1.2082449002458864,1.2079550779260682,1.2079548688146389,1.2079641678716824,1.2080440712868366,1.2080029861543276,1.2080515652593777,1.2143445,1.2109407,1.2426401
0.2841796875,0.6788469497313298,0.6798510223217822,0.681897072719226,0.6796326187562127,0.682008165981271,0.6819546675694019,0.6820139861023271,0.6818971747437718,0.6818970904653819,0.6819008382777076,0.68193304220322,0.6819164833543376,0.6819360625723646,0.692081,0.6905598,0.71875966,0.2484851522724929,0.24622218816021155,0.24151848408123627,0.2466764969088643,0.24126378964974757,0.24125044862180478,0.24138643072244492,0.24151825013983647,0.24150984973464062,0.24151844338944925,0.241436010704037,0.2414290857839734,0.24147397692331024,0.22055203,0.19348267,0.22922899,1.1904038491910174,1.1929014714635269,1.197925236648425,1.1923351570268337,1.1981979664705928,1.1980666320701463,1.198212254163336,1.1979254871230047,1.1979252802159905,1.1979344812440496,1.1980135423296259,1.1979728903107836,1.1980209573016554,1.2050065,1.2044816,1.2357692
0.2861328125,0.6745502618483901,0.6798510223217822,0.6778049719243384,0.6753881182872385,0.6776848475810131,0.677678554326075,0.6777426950280716,0.6778048616059326,0.6778009002530999,0.6778049527355479,0.6777660783806166,0.6777628124772359,0.6777839833445325,0.68842757,0.68693036,0.7153675,0.25842751267093567,0.24622218816021155,0.2509542898343621,0.2564887634372991,0.2512331179559947,0.2510988322926862,0.2512477283483779,0.25095454585596927,0.2509543343667707,0.2509637392267761,0.25104455724980745,0.25100300061313313,0.25105213750521854,0.22762859,0.2024481,0.23660716,1.1798688748158441,1.1929014714635269,1.1878716533186133,1.1819231413265971,1.1875760221076204,1.1875605335536081,1.1877183898109505,1.1878713818299076,1.1878616331044325,1.187871606095852,1.1877759369304377,1.1877678994939842,1.1878200010342683,1.1981547,1.1956886,1.2289801
0.2880859375,0.6702753578933709,0.6798510223217822,0.673712871129451,0.6711635962831257,0.6736093661292193,0.6736039435534467,0.6736592103144647,0.6737127760737254,0.6737093627786802,0.673712854595452,0.673679358552895,0.6736765444910585,0.6736947863441566,0.68601656,0.6815463,0.7119685,0.26836987306937843,0.24622218816021155,0.26050472088226073,0.2663039479332066,0.2607479101221837,0.26063078983765886,0.26076065274645055,0.26050494418530307,0.2605047597236016,0.2605129626726914,0.26058345187363785,0.26054720643888546,0.26059006329680473,0.23494938,0.21146825,0.24418144,1.1694139162373172,1.1929014714635269,1.177793637556347,1.1715860844161154,1.177538265167151,1.177524885894621,1.1776612450671804,1.1777934030377146,1.1777849818497559,1.177793596764162,1.177710955500853,1.1777040125860267,1.1777490190751199,1.1918463,1.1862688,1.2220913
0.2900390625,0.666022154928761,0.6636071068739704,0.6696516512844793,0.6669589757679047,0.6697447918926436,0.6697067581593147,0.6697569952925346,0.6696517715272445,0.6696516842488547,0.6696554510377875,0.6696818081054502,0.6696702234213338,0.6696867828262598,0.68327206,0.67595965,0.70858175,0.278312233467821,0.2840365339410688,0.2699545505478833,0.2761220794307888,0.2697394425229324,0.26971126323127764,0.26982727411663954,0.2699542728089127,0.2699457738553991,0.2699544744061474,0.2698848968873834,0.269873407303086,0.26991165346351015,0.24260601,0.22060378,0.2520006,1.1590384663627893,1.1531904242598776,1.1678713371166727,1.1613235348502031,1.1680972690911746,1.1680050118343548,1.1681268700649488,1.1678716287985738,1.1678714170808344,1.1678805544534976,1.167944490133704,1.1679163886982318,1.1679565574557462,1.1854324,1.1766423,1.2149302
0.2919921875,0.6617905702278277,0.6636071068739704,0.6656219550108067,0.6627741802544922,0.6657137126796807,0.6656762436661363,0.6657257348851228,0.6656220734682234,0.6656219874857314,0.665625698345886,0.665651664067334,0.6656402513910575,0.6656565649241545,0.68015563,0.6702104,0.70522577,0.2882545938662638,0.2840365339410688,0.2793141218863892,0.285943193261693,0.2790996471879367,0.2790715508232076,0.27918722024965553,0.2793138449654864,0.2793053710448355,0.27931404596892545,0.27924467335997916,0.27923321760783837,0.2792713511430025,0.25068167,0.22992443,0.26009852,1.1487420206738006,1.1531904242598776,1.1580899459439453,1.151135042039187,1.1583130414537084,1.1582219424423759,1.1583422708011897,1.1580902339639294,1.1580900249041979,1.158099047561811,1.1581621805617914,1.1581344319257558,1.1581740963846132,1.178782,1.1667306,1.2073457
0.2939453125,0.6575805212743491,0.6636071068739704,0.6615922587371341,0.6586091351669917,0.6614929349132994,0.661479921380697,0.6615334935472121,0.6615921305119543,0.6615882067340859,0.6615922235843916,0.6615600999308673,0.6615547949591364,0.6615724536737411,0.67664516,0.6643464,0.7019094,0.29819695426470655,0.2840365339410688,0.28878770976377643,0.2957673289581689,0.2890227728883398,0.2889267769252846,0.2890535763856181,0.28878801318032915,0.2887877929449617,0.28879729799044124,0.2888638101566837,0.2888345754636212,0.2888763645186777,0.2592436,0.23950428,0.26849046,1.1385240772162664,1.1531904242598776,1.1482849468320984,1.1410201572507643,1.1480428545483914,1.148011134228754,1.1481417140904675,1.1482846343049595,1.1482750707497922,1.1482848611532501,1.1482065644302475,1.148193634187801,1.1482366750587376,1.1717585,1.1564864,1.1992153
0.2958984375,0.6533919257623446,0.6636071068739704,0.6575625624634615,0.6544637678453025,0.6574769880102578,0.6574657759375273,0.6575119321232185,0.6575624519884593,0.6575590713781222,0.6575625321769039,0.65753485539223,0.657530284786331,0.6575454990097492,0.67273647,0.65842175,0.69862306,0.3081393146631493,0.2840365339410688,0.29837741033962634,0.3055945274608545,0.29858243298393855,0.2984987060555295,0.29860929926368307,0.29837767498558543,0.2983774828919138,0.29838577337524524,0.2984437861897698,0.2984182873743652,0.2984547362011327,0.26833874,0.2494168,0.27717176,1.1283841365906857,1.1531904242598776,1.138455905756311,1.130978434673665,1.1382467952987136,1.1382193965637617,1.1383321863641864,1.138455635805788,1.1384473751269437,1.1384558317497782,1.1383882017329485,1.138377033050011,1.1384142102389028,1.1642191,1.1458935,1.1904534
0.2978515625,0.6492247015958075,0.6476134521324011,0.6535629193948578,0.6503380072198741,0.6536434613793508,0.6536161495095756,0.6536526406966251,0.6535630486309578,0.6535629788778312,0.6535666420863389,0.6535889970666152,0.6535808590254079,0.6535928408656639,0.66844356,0.6524962,0.6953346,0.3180816750615919,0.32199951415517847,0.3078665618131197,0.3154248275821485,0.30767689737916104,0.3076552844147534,0.3077412075459685,0.3078662574438178,0.307857794396144,0.3078664217222857,0.30780514764459216,0.3077960957277735,0.3078243125961441,0.27798927,0.25972867,0.2861198,1.1183217019423808,1.1144693838619721,1.128778863655043,1.121009432697242,1.1289723406534569,1.1289067334581453,1.1289943905034159,1.1287791741120012,1.128779006547806,1.1287878064676096,1.1288415081579533,1.1288219588365742,1.1288507417547482,1.1560231,1.1349671,1.181015
0.2998046875,0.6450787668884385,0.6476134521324011,0.6495966078865533,0.6462317822832243,0.6496756381758887,0.6496488389234961,0.649684645206255,0.6495967346970167,0.6495966662530889,0.6496002607067154,0.6496221961056312,0.6496142108075871,0.6496259677602892,0.6638001,0.64663184,0.6919888,0.32802403546003467,0.32199951415517847,0.3172597656814316,0.32525826174376893,0.31707139386614713,0.3170499281627741,0.31713526580679635,0.31725946338697075,0.3172510580300471,0.3172596265455765,0.3171987701333917,0.31718977991235014,0.3172178044565958,0.2881915,0.2704951,0.2952998,1.1083362789517621,1.1144693838619721,1.1192449946528251,1.111112715668052,1.1194352852283398,1.1193707585316859,1.1194569719354488,1.1192452999967635,1.119245135192239,1.119253790183247,1.1193066074439646,1.1192873800861014,1.1193156889700457,1.1470385,1.1237488,1.1708969
0.3017578125,0.6409540399633751,0.6476134521324011,0.6456302963782489,0.6421450229827392,0.6455445689866193,0.6455347986918863,0.6455736392332874,0.6456301588217455,0.645626334014613,0.6456302330656772,0.6456025397890165,0.645598448520736,0.6456112017688531,0.6588581,0.64089096,0.6885148,0.33796639585847743,0.32199951415517847,0.32676838040580686,0.3350948513129837,0.32697528484007077,0.3269051171760726,0.3269988690915052,0.3267687123566215,0.32676853319143895,0.32677794242284475,0.32683536536362995,0.32681446079535503,0.3268452393056398,0.29891467,0.28175515,0.3046717,1.098427375824609,1.1144693838619721,1.1096879178096932,1.1012878567093143,1.1094809854281726,1.109457400778233,1.1095511576503576,1.1096875857788777,1.1096783535334471,1.1096877649872257,1.1096209189980204,1.1096110434030555,1.1096418273957833,1.1371574,1.1123008,1.160137
0.3037109375,0.6368504393529228,0.6476134521324011,0.6416639848699444,0.6380776639206484,0.6415901399877455,0.6415817239348378,0.6416151808632451,0.6416638663798843,0.641660571721937,0.641663930333007,0.6416400755683414,0.6416365513829151,0.6416475369277562,0.6536869,0.63533115,0.6848355,0.3479087562569202,0.32199951415517847,0.3363945461503378,0.34493460191364034,0.3365749918227335,0.3365137978553223,0.33659555973474525,0.3363948356566825,0.33639467940023077,0.3364028855256072,0.3364529658283638,0.33643473437202664,0.3364615771455784,0.31010264,0.29352966,0.31419733,1.0885945032823812,1.1144693838619721,1.100107202762427,1.0915344422018576,1.099928494165662,1.0999081263333021,1.0999890953710536,1.1001069160167858,1.1000989429443964,1.100107070783181,1.1000493418781312,1.1000408132201376,1.1000673985787848,1.1263108,1.1006975,1.1488123
0.3056640625,0.6327678837982916,0.6318766148075347,0.6377256377689249,0.6340296485170656,0.6378002321044599,0.6377780401117027,0.6378006459639435,0.6377257682663191,0.6377257359416244,0.6377292737529213,0.6377499237248909,0.6377432984235069,0.6377505144948423,0.6483675,0.6300008,0.6808813,0.35785111665536296,0.36009285146223396,0.34592280953372484,0.3547774986170522,0.3457436575730589,0.34574266373059404,0.345796951329518,0.34592249608373293,0.3459140760804942,0.3459225737264614,0.34586447776078144,0.3458630588619533,0.34588039045017227,0.32167667,0.3058202,0.32384673,1.0788371745525631,1.07674184593149,1.0906719891197614,1.08185207810031,1.0908494355760305,1.0907966456875877,1.090850420050182,1.090672299556651,1.0906722226602696,1.0906806386590457,1.0907297619231162,1.0907140013681829,1.0907311672692204,1.1144828,1.0890195,1.13703
0.3076171875,0.6287062922493213,0.6318766148075347,0.6338262891279981,0.6300009327653042,0.6338987985101516,0.6338772267959989,0.6338992008020313,0.6338264159779172,0.6338263845567158,0.6338298234842091,0.6338498962779174,0.6338434561574111,0.6338504705355184,0.6429883,0.62493414,0.676603,0.3677934770538055,0.36009285146223396,0.35534044575261736,0.36462350028220064,0.3551641655840803,0.3551631876703068,0.3552166051403914,0.35534013732799585,0.35533185231697423,0.3553402137259216,0.35528304913296455,0.3552816529801983,0.3552987067255632,0.33354336,0.31860855,0.3336011,1.0691549053590128,1.07674184593149,1.0813909005543991,1.07224039772651,1.0815637932372837,1.08151235807501,1.0815647524473448,1.0813912030245219,1.0813911281015385,1.0813993281199743,1.0814471907348615,1.081431834641858,1.0814485600157129,1.1017178,1.0773454,1.1249219
0.3095703125,0.6246655838642184,0.6318766148075347,0.6299269404870712,0.625991488142876,0.6298478935624227,0.6298474549993711,0.6298714102110622,0.6299268022001944,0.6299230874685956,0.6299268364543732,0.6299012048850647,0.6299005788516334,0.6299082256554157,0.6376365,0.6201469,0.67197895,0.37773583745224826,0.36009285146223396,0.3648746753242645,0.3744725320346608,0.36506928104970915,0.365011380278025,0.36507036088490546,0.36487501573025766,0.36487493141040056,0.36488415994309054,0.36493802847362866,0.3649207449794475,0.3649395696401928,0.34345344,0.33185893,0.34560177,1.0595472139123572,1.07674184593149,1.0720870475079365,1.0626990705289299,1.0718980921584131,1.071897043781906,1.071954307822753,1.0720867169525516,1.0720778373967208,1.072086798832365,1.0720255296577783,1.0720240331878268,1.0720423120621663,1.088124,1.0657473,1.112631
0.3115234375,0.6206456780092868,0.6318766148075347,0.6260275918461444,0.6220013042139554,0.6259595350531045,0.6259591574647927,0.6259797821113748,0.6260274727857079,0.6260242745244126,0.6260275022774252,0.6260054343422656,0.6260048953481445,0.6260114789938049,0.6323914,0.6156333,0.66701764,0.387678197850691,0.36009285146223396,0.374527676929626,0.3843244750553698,0.37469733153539825,0.3746468550305999,0.37469827290505114,0.37452797369587776,0.37452790018575194,0.37453594562235165,0.3745829079623454,0.3745678403382228,0.3745842515379311,0.3534062,0.34551945,0.35775232,1.0500136209004018,1.07674184593149,1.0627600045998484,1.053227811624051,1.06259689659007,1.06259599162462,1.0626454223651935,1.0627597192604763,1.0627520543225812,1.0627597899401127,1.0627069017081483,1.0627056099400203,1.062721388455241,1.0738643,1.0542843,1.1002988
0.3134765625,0.6166464942586566,0.6164186630049863,0.6221525672373296,0.6180303926358568,0.6222170242866579,0.6222081950033812,0.6222300007100213,0.6221527170840119,0.6221526925972383,0.6221561719146818,0.6221740632442058,0.6221713149251109,0.6221776384433174,0.62731737,0.6113666,0.661755,0.3976205582491338,0.39825755759614767,0.3840883523801655,0.39417915319076496,0.38393041212227796,0.3838986197175118,0.3839520447383953,0.38408798517021475,0.384079518911035,0.3840880451767827,0.38403567669402794,0.3840269160679917,0.3840424112114007,0.36346748,0.35952434,0.36990294,1.040553649478558,1.04004708367278,1.0535687453006921,1.0438263924094862,1.0537205940384338,1.0536997942673794,1.053751163311197,1.0535690983186148,1.0535690406311873,1.0535772374094001,1.0536193865574437,1.0536129119826008,1.0536278091048277,1.0591444,1.0430027,1.0880564
0.3154296875,0.6126679523940213,0.6164186630049863,0.6183299644157674,0.6140787933885794,0.618391288711041,0.6183828885503083,0.6184036344517508,0.618330106979572,0.6183300836829094,0.6183333938978894,0.6183504156695343,0.6183478009247788,0.6183538171061229,0.62245977,0.60730034,0.6562477,0.4075629186475764,0.39825755759614767,0.39350529051753635,0.40403631606099594,0.39335317908332484,0.3933225598222151,0.39337401342205097,0.3935049368611198,0.39349678308527936,0.39350499465287603,0.3934545589900577,0.3934461216874203,0.39346104495764567,0.37379628,0.37364614,0.38197356,1.0311668252603143,1.04004708367278,1.0445598384918273,1.0344946528531374,1.0447046461103946,1.044684810798435,1.0447337979313336,1.0445601751403282,1.0445601201278636,1.044567936822218,1.0446081315271911,1.04460195717541,1.0446161635254578,1.0441979,1.0319331,1.0760137
0.3173828125,0.6087099724043639,0.6164186630049863,0.6145073615942052,0.6101465827456474,0.614439738065103,0.6144261241694609,0.61444900109065,0.6145072043862413,0.6145035798355555,0.614507230075938,0.6144848095869117,0.6144810587546335,0.6144876929183429,0.61784214,0.6033735,0.65056556,0.41750527904601914,0.39825755759614767,0.4030393866144181,0.41389561826042653,0.40320925007803926,0.40318598008502765,0.40324345132795236,0.40303978146156383,0.4030397169387156,0.40304888502263736,0.4030960308200785,0.40308878848265944,0.403105452243487,0.38824895,0.3839478,0.39389828,1.0218526763077098,1.04004708367278,1.035528725724313,1.0252325162148852,1.0353686407493183,1.035336411757877,1.0353905695007588,1.0355283535746016,1.035519773365755,1.0355284143884014,1.0354753392141276,1.0354664599348635,1.035482164859067,1.0292691,1.0210906,1.0642539
0.3193359375,0.6047724744856926,0.6164186630049863,0.6106847587726429,0.6062338823328559,0.610626600957143,0.610614892688712,0.6106345673756055,0.6106846235701198,0.6106815063718184,0.6106846456638594,0.6106653635192933,0.6106621377158712,0.6106678432517124,0.6134665,0.59951735,0.6447842,0.4274476394444619,0.39825755759614767,0.41269284073397017,0.4237565940324313,0.41284077772876887,0.41282051175305806,0.41287056365203717,0.4126931846181826,0.41269312842330197,0.4127011131757779,0.4127421736282555,0.4127358661176655,0.41275037894072947,0.40278888,0.3943708,0.40562642,1.0126107331218506,1.04004708367278,1.0264749900012013,1.0160400071329263,1.0263369492811798,1.026309158426449,1.0263558583221797,1.0264746690969007,1.0264672703930802,1.026474721536575,1.0264289549126688,1.0264212983349588,1.026434840648846,1.0145962,1.0104777,1.0528333
0.3212890625,0.600855379040773,0.6012957922350368,0.6068813057309744,0.6023408692112998,0.6069483957025233,0.6069434148899276,0.6069695288617589,0.6068815214639842,0.6068814215153742,0.6068849592989182,0.6069039164149751,0.6069020187316756,0.6069098703840617,0.6093154,0.59566224,0.6389791,0.43738999984290466,0.43634217604266834,0.4222611745892187,0.4336186264682169,0.42209337464032043,0.42204052579383267,0.42210583096655646,0.42226063495600413,0.4222520356287623,0.4222608849667906,0.42220461845131324,0.4221897264804142,0.42220936496740535,0.4171228,0.40490556,0.41731766,1.0034405286334442,1.00450272562435,1.017545146066156,1.0069172743514767,1.0177017016683862,1.017690079091437,1.0177510148432714,1.017545649493799,1.0175454162569324,1.0175536719057725,1.0175979092497347,1.0175934809388802,1.017611803010921,1.0003961,1.0000833,1.0417794
0.3232421875,0.596958606678855,0.6012957922350368,0.6031576300670161,0.5984677880022848,0.603218609792385,0.6032140826093024,0.6032378182406315,0.603157826152055,0.603157735306305,0.6031609508847877,0.6031781814738646,0.6031764566228359,0.6031835931828188,0.6053553,0.59174603,0.63322043,0.44733236024134726,0.43634217604266834,0.43161953189898083,0.4434809095713437,0.4314651504934637,0.4314165272334038,0.43147661081858735,0.4316190354235636,0.4316111238335023,0.4316192654394488,0.4315674987402395,0.43155379767380586,0.4315718656746664,0.42836857,0.41553408,0.43173382,0.9943415981933477,1.00450272562435,1.0088555305589577,0.9978646199289765,1.0089981562067587,1.008987567763368,1.009043081708443,1.0088559891920124,1.0088557767083746,1.0088632977768586,1.0089035989435464,1.008899564655911,1.0089162564650638,0.9898873,0.9868507,1.0310967
0.3251953125,0.5930820782154108,0.6012957922350368,0.5994339544030576,0.5946149672084309,0.599365028788548,0.5993433174067542,0.5993701458807302,0.5994337327673954,0.5994302008701545,0.5994338354506908,0.5994107250700702,0.5994046081949457,0.5994126746757198,0.6015419,0.5877203,0.62756926,0.45727472063979,0.43634217604266834,0.44109415718826944,0.4533424000159996,0.44127086464755055,0.44125774434926424,0.4413265354360403,0.44109472533969146,0.44109446211638476,0.44110377923014155,0.44115370665346676,0.44114870857214306,0.44116938831234853,0.43936065,0.42623287,0.4459356,0.9853134795631626,1.00450272562435,1.0001445229978954,0.9888825376922442,0.999982907005571,0.9999319968552379,0.9999949057620623,1.000144003321128,1.0001357219496296,1.0001442440861952,1.0000900559600545,1.0000757132600566,1.000094627335566,0.9798613,0.9740955,1.0207667
0.3271484375,0.5892257146718628,0.6012957922350368,0.5957102787390992,0.5907828425869628,0.595651134656691,0.5956325044310027,0.595655525560187,0.5957100885567126,0.5957070578862869,0.5957101766677774,0.5956903459812374,0.5956850971783211,0.595692018909916,0.5978245,0.58355546,0.6220755,0.4672170810382328,0.43634217604266834,0.4506872307665133,0.4632017526062521,0.4508407904723623,0.45082938903030906,0.45088916767958037,0.4506877245007971,0.45068749575479333,0.4506955924953517,0.4507389801018261,0.4507346367188646,0.45075260759614205,0.4501111,0.43697584,0.4598237,0.9763557129058349,1.00450272562435,0.9914117222295562,0.979971765480432,0.9912726682196809,0.9912288654196186,0.9912829918925371,0.9914112750996006,0.9914041498076784,0.9914114822538935,0.9913648588296796,0.9913525183965421,0.9913687920342639,0.96997225,0.96221393,1.0107538
0.3291015625,0.5853894372753168,0.586629257693319,0.5920002938950887,0.5869719912519855,0.5920980343449883,0.5920727973897116,0.5921122243870485,0.5920005995935362,0.592000397486413,0.5920039912584841,0.5920332344132576,0.5920244733391558,0.592036534455181,0.5941531,0.5792434,0.61677635,0.47715944143667555,0.4740148828093619,0.4602000020333389,0.4730572286123135,0.4599503136517182,0.4599140705316007,0.4600147762450326,0.46019922096558824,0.4601905552246019,0.46019973735463054,0.460115842763379,0.4601074120484477,0.46013822539509314,0.46064544,0.44773725,0.47330528,0.9674678407762886,0.9703714596201782,0.9827919158186222,0.971133359260299,0.9830179423198828,0.9829595828329388,0.9830507558133146,0.982792622774652,0.9827921553831893,0.9828004663049063,0.9828680929929854,0.982847832580779,0.9828757244705192,0.96018505,0.95123434,1.0010085
0.3310546875,0.5815731674582937,0.586629257693319,0.5884196030939088,0.583183182431719,0.5885005559871389,0.5884796536427354,0.5885123087973727,0.5884198562866638,0.5884196888927508,0.5884226654111429,0.5884468858642767,0.5884396295615171,0.5884496191025804,0.5904829,0.57479715,0.6116961,0.4871018018351181,0.4740148828093619,0.4693819001347937,0.4829065580232763,0.4691726241152155,0.4691422460298915,0.4692266544640637,0.46938124550174914,0.46937398251296564,0.4693816783007484,0.4693113634298954,0.46930429729302936,0.46933012319146356,0.47099936,0.4584941,0.48629805,0.9586494081120807,0.9703714596201782,0.9745166179102728,0.9623688038031563,0.9747042381650693,0.9746557948901328,0.9747314761771282,0.9745172047378513,0.974516816767185,0.9745237154691782,0.9745798509012124,0.9745630331586701,0.974586185634447,0.9504654,0.9411334,0.9914722
0.3330078125,0.5777768268584608,0.586629257693319,0.5848389122927291,0.5794174557817664,0.5847425444390218,0.58472855367165,0.5847674269847499,0.5848386108872894,0.5848352668524313,0.5848388101561665,0.5848064343673747,0.5848031806688534,0.5848150724072879,0.5867807,0.5702493,0.60684663,0.49704416223356085,0.4740148828093619,0.47867623103570195,0.492746722917985,0.47892848301683816,0.4788633426353699,0.47896511208694775,0.4786770198633819,0.4786764983438181,0.47868577180795313,0.47876123579255087,0.4787386264538376,0.4787697522463497,0.48121333,0.469225,0.498735,0.9498999622240829,0.9703714596201782,0.9662212338046753,0.9536801861586901,0.9659973315367297,0.9659648239766341,0.9660551453779419,0.9662205335387358,0.9662127642142753,0.9662209965071961,0.9661457758524307,0.9661382162423121,0.9661658453043755,0.9407845,0.93184114,0.98208195
0.3349609375,0.5740003373183644,0.586629257693319,0.5812582214915493,0.5756762471213392,0.5811758960021268,0.5811639439172047,0.5811971527560789,0.5812579640057863,0.5812551072512177,0.5812581342379457,0.5812304761283668,0.581227696546661,0.5812378554653151,0.5830272,0.5656476,0.6022276,0.5069865226320036,0.4740148828093619,0.4880850725755295,0.5025736057854923,0.48830330160879276,0.4882469481231398,0.4883349894260006,0.48808575502437873,0.4880853038353213,0.4880933267024829,0.48815861328874693,0.4881390532378029,0.48816598112008835,0.4913267,0.4799088,0.5105679,0.9412190527871845,0.9703714596201782,0.9579053922943741,0.9450704773425694,0.9577135878673517,0.9576857406162069,0.9577631135590401,0.9579047924134781,0.9578981368440935,0.9579051890141377,0.9578407515410001,0.9578342756416939,0.957857943938235,0.9311234,0.9232517,0.97277635
0.3369140625,0.5702436208851611,0.5726502658255983,0.577688024125205,0.5719615956790765,0.5778548897098766,0.5778059962916899,0.577886130774911,0.5776885018224742,0.5776881143009455,0.5776915166718919,0.5777420514250297,0.5777273670757184,0.5777547900926292,0.5792189,0.56104916,0.5978284,0.5169288830304463,0.5106266970604607,0.4974070575067649,0.5123814088372204,0.49697136797909885,0.4968898248692105,0.49709900365041426,0.49740580986996996,0.49739793581548597,0.4974068219880493,0.4972659635466517,0.4972326999676756,0.4973043095663345,0.50137186,0.49052113,0.52177054,0.9326062318310228,0.9381569333114494,0.9496988013302682,0.9365439978456358,0.950081547173156,0.9499694030518665,0.9501532010997445,0.9496998971050148,0.9496990081815914,0.9497068127650078,0.9498227305747594,0.9497890476824775,0.9498519501961217,0.92147523,0.915234,0.9635004
0.3388671875,0.5665065998103497,0.5726502658255983,0.5743295185921339,0.5682764872909846,0.5744438522819588,0.5744103512762215,0.5744652581712947,0.5743298459028343,0.5743295803791414,0.5743319116305209,0.5743665372533059,0.5743564757667343,0.5743752655891876,0.5753669,0.556516,0.5936297,0.526871243428889,0.5106266970604607,0.5061943823896411,0.5221616937455741,0.505892440975862,0.5058359239747102,0.5059809006205285,0.5061935178301783,0.5061880614336256,0.5061942191851793,0.506096607433741,0.5060735556901732,0.5061231809294393,0.5113676,0.5010313,0.5323406,0.9240610537307349,0.9381569333114494,0.9420086964699829,0.9281071866046563,0.9422714915443462,0.9421944919192896,0.942320690482676,0.9420094488209173,0.9420088384925842,0.9420141970642731,0.9420937858606422,0.9420706592080677,0.9421138480917907,0.9118505,0.9076448,0.9542096
0.3408203125,0.5627891965495034,0.5726502658255983,0.5709710130590627,0.5646254144453555,0.5708187609751334,0.5707902558926443,0.5708633724798006,0.5709705771968395,0.5709678263773252,0.5709709307805964,0.5709217172800465,0.5709100942201308,0.5709351156257162,0.57149327,0.55210924,0.58960646,0.5368136038273318,0.5106266970604607,0.5150850830256295,0.5319018143256043,0.5154920530746687,0.5153727839708367,0.5155682713320434,0.5150862477762271,0.5150853028974799,0.5150935988068627,0.515216826954859,0.5151810173638061,0.5152478931233445,0.52131563,0.51140016,0.5422995,0.9155830751977376,0.9381569333114494,0.9343006437031365,0.9197698512224715,0.9339498586058701,0.9338841793851224,0.934052646344982,0.9342996395411534,0.9342933020534172,0.9343004541457643,0.9341870715678414,0.934160292719248,0.9342179402972736,0.90227824,0.90033966,0.94487435
0.3427734375,0.559091333762,0.5726502658255983,0.5676125075259916,0.5610152642800719,0.5674835603354244,0.5674594184635432,0.5675213432546813,0.5676121383802452,0.5676098086226552,0.56761243784171,0.5675707573440111,0.5675609134004456,0.5675821048342244,0.5676263,0.54788506,0.5857317,0.5467559642257745,0.5106266970604607,0.5240809944062117,0.5415824233981509,0.5244299629856015,0.5243276949982789,0.5244953155343882,0.5240819931956012,0.5240811829493143,0.5240882967985774,0.5241939651757942,0.5241632586421073,0.5242206040770158,0.53119814,0.52158123,0.55169165,0.9071718552705232,0.9381569333114494,0.92657432444191,0.9115471435588081,0.9262763836146665,0.926220599184589,0.9263636863579913,0.9265734715462323,0.9265680887343558,0.9265741634393337,0.9264778609714118,0.9264551161942682,0.9265040795459732,0.8931866,0.89280653,0.935483
0.3447265625,0.5554129343107572,0.5597612134287497,0.5642724715526446,0.5574566693338349,0.5645361997852075,0.5645056612652942,0.5648339481998117,0.5642735956570742,0.5642725474273349,0.5642751161800451,0.5643604232035454,0.5643479731040648,0.564461700594627,0.5637962,0.54389226,0.58198214,0.5566983246242173,0.5450202644235795,0.5329505085453559,0.5511736582523903,0.5322459436519026,0.5314512826411392,0.5323274953337103,0.5329475040391771,0.5329434400046184,0.5329503057471163,0.5327154675507549,0.5324449057322276,0.5327487346041943,0.54098094,0.5315244,0.56058174,0.8988269553054951,0.9087319799066126,0.9189801394712652,0.9034625549870092,0.9195809873980021,0.9195114176997384,0.9202592083899201,0.9189827007387681,0.9189803123515118,0.9189861652411094,0.919180530804617,0.9191521649311509,0.9194112684083403,0.88607454,0.88349944,0.9260428
0.3466796875,0.5517539212619607,0.5597612134287497,0.5612649661367147,0.5539659422808474,0.5613833816332481,0.5613696696617849,0.5615170723876081,0.5612654708660829,0.561265000204888,0.561266153589661,0.5613044569349168,0.5612988667684885,0.5613499310672688,0.56003016,0.5401701,0.5783427,0.56664068502266,0.5450202644235795,0.5409754541044172,0.5606296331759967,0.5406557261398451,0.5402949162559896,0.5406927422665905,0.5409740910227243,0.5409722472503973,0.5409753620991858,0.5408688119141908,0.5407460307274947,0.5408839068632272,0.55061865,0.54118204,0.5690515,0.8905479389678079,0.9087319799066126,0.9121516767576862,0.8955521901636488,0.9124219965280271,0.9123906959132021,0.9127271591942712,0.9121528290063298,0.912151754532065,0.912154387597986,0.9122418291945893,0.9122290677153871,0.9123456376548844,0.8789212,0.8744318,0.91658086
0.3486328125,0.5481142178847979,0.5597612134287497,0.5582574607207847,0.5505676077006626,0.5580489177543305,0.5578134733461412,0.5580730660734997,0.5582565718357758,0.558255369483006,0.5582574007229117,0.5581879129973379,0.558107827951586,0.5581977579072026,0.55635107,0.5367477,0.57481086,0.5765830454211027,0.5450202644235795,0.5490868653855855,0.5698811563920281,0.5496561279399947,0.5495901881665773,0.5502993352723369,0.5490892908844636,0.5490870291014274,0.5490925717545306,0.5492766634726666,0.5492497935074111,0.5494952768644717,0.56006485,0.55051565,0.57719517,0.8823343722222469,0.9087319799066126,0.905308600133608,0.8878703309510687,0.9048315683882283,0.9042929139179644,0.9048868101811248,0.9053065670065166,0.9053038168894337,0.9053084629018366,0.9051495211883204,0.904966329890377,0.9051720402844333,0.8716752,0.8656817,0.90714234
0.3505859375,0.5444937476511901,0.5597612134287497,0.5552499553048549,0.5472972863957225,0.5550763545422128,0.554880359781438,0.5550964567144202,0.5552492153560661,0.5552482144622869,0.5552499053598643,0.5551920605791988,0.5551253941015172,0.5552002559352431,0.55277586,0.53364384,0.571397,0.5865254058195454,0.5450202644235795,0.5572861474108246,0.5788273090375855,0.5577657310394523,0.5577101820980757,0.5583075402230381,0.5572881909320744,0.5572862853440496,0.5572909551154207,0.5574460521006652,0.5574234145778122,0.5576302256037158,0.5692833,0.5595026,0.58511466,0.8741858233241265,0.9087319799066126,0.8984506721307627,0.8804957273813102,0.898052371238861,0.8976026292654893,0.8980984952706198,0.8984489745377046,0.8984466782822759,0.8984505575468225,0.8983178470489914,0.898164890323189,0.8983366496048486,0.8643142,0.85732055,0.89778703
0.3525390625,0.5408924342355216,0.5485902224981588,0.552301926231703,0.5442042656781294,0.5526308879088676,0.5524881560189066,0.5527764338319351,0.5523040055839517,0.552302000266133,0.5523042135587095,0.5524116328122558,0.5523622232220581,0.5524618449372419,0.5493169,0.5308663,0.5681212,0.5964677662179881,0.5753304651051113,0.5652118262285805,0.5873277402929389,0.5643155874870182,0.5639193956813447,0.5647043219174871,0.5652061577901409,0.565205590840876,0.5652116244055693,0.5649128178043284,0.5647760028356911,0.5650474703555808,0.57825744,0.5681398,0.59291303,0.8661018628102063,0.8834470801968421,0.891818917413828,0.8735371259346035,0.892564586066193,0.8922410726230238,0.8928944433637539,0.8918236313101051,0.891819085250171,0.8918241027889635,0.8920676127909336,0.8919556079468499,0.8921814327688308,0.8568423,0.8494049,0.88858485
0.3544921875,0.5373102015143753,0.5485902224981588,0.5498274570760069,0.541352457528351,0.5498628156839315,0.5498474740764258,0.5498784597591718,0.5498276805762077,0.549827465033634,0.549827702930477,0.5498392489418618,0.549833938127719,0.5498446460168516,0.54598224,0.52841175,0.5650076,0.6064101266164308,0.5753304651051113,0.5719424060146766,0.5951993943363915,0.5718449473762317,0.5718018317405552,0.5718872317826496,0.5719417899435568,0.5719417283247596,0.5719423840797245,0.5719099027993281,0.571895026713656,0.5719245414072617,0.58699685,0.57644355,0.60068846,0.8580820634896454,0.8834470801968421,0.886240200211807,0.8671351733645448,0.8863206660318254,0.886285753289803,0.886356266691693,0.8862407088392663,0.8862402183212673,0.8862407597116776,0.8862670352717963,0.8862549493408028,0.8862793174601231,0.84928244,0.8419675,0.8796101
0.3564453125,0.5337469735662632,0.5485902224981588,0.5473529879203107,0.5388175078189178,0.5471510330756284,0.5470616801013227,0.5472386584699198,0.547351711372647,0.5473515836936108,0.5473529424693879,0.5472856372926415,0.5472548112645457,0.5473159706317715,0.5427774,0.52626497,0.5620776,0.6163524870148736,0.5753304651051113,0.5787338409068858,0.6022241140158142,0.5792942978207667,0.5790510725676864,0.5795423986220629,0.5787373822314633,0.5787339669939192,0.5787377364321579,0.5789207036738213,0.5788365388302443,0.5790062451228094,0.595536,0.5844468,0.6085264,0.8501260004349706,0.8834470801968421,0.8806514298998127,0.8614557977710916,0.880192116587256,0.8799888758910887,0.8803914146811334,0.8806485268165269,0.8806482364528536,0.8806513265368456,0.8804982595376462,0.8804281517179758,0.8805672452683649,0.8416722,0.83501315,0.87093514
0.3583984375,0.533157827200986,0.5485902224981588,0.5448785187646146,0.5366773746236747,0.5447161533242079,0.5446443163002057,0.5447866014273831,0.5448774924598287,0.544877389809838,0.5448784822234803,0.5448243709458762,0.5447995877739962,0.5448487580110868,0.53970516,0.52439946,0.5593425,0.6180014752796537,0.5753304651051113,0.5855869599932229,0.6081752385709729,0.5860422881158559,0.585844694252477,0.5862438302825062,0.5855898372499856,0.5855870624365087,0.5855901250309608,0.585738778800228,0.5856703989934993,0.5858082755370816,0.60392827,0.5921931,0.6164936,0.8488125817035583,0.8834470801968421,0.8750524695145963,0.8566692370571536,0.8746819863418885,0.8745180552125882,0.8748427393792942,0.8750501278486723,0.8750498936374607,0.8750523861406334,0.8749289208061659,0.8748723715361636,0.874984565228135,0.8340607,0.82851595,0.86262566
0.3603515625,0.533157827200986,0.5399654601831807,0.5426041363570179,0.5349960608589961,0.5426368591819586,0.5426346394093846,0.5426946163990114,0.5426046651566601,0.5426046124859863,0.5426056014531118,0.542615164614107,0.542614012555031,0.5426343108627565,0.5367662,0.5227779,0.55680203,0.6180014752796537,0.5991080821192682,0.5918435933738222,0.6128628531165423,0.5917513338373264,0.59158851887036,0.5917575919668445,0.5918421023746614,0.5918394624079464,0.5918422508843333,0.5918124987917104,0.591758518231558,0.5918157470061138,0.61223596,0.59973,0.62463194,0.8488125817035583,0.8640636579115988,0.8699838629839132,0.8529141539504707,0.870057754668821,0.8700527422402008,0.8701881722164938,0.8699850570854982,0.8699849381479678,0.8699871713691741,0.8700087661899589,0.8700061647039703,0.8700520003542326,0.82650685,0.82242215,0.85473514
0.3623046875,0.533157827200986,0.5399654601831807,0.5408450189077931,0.5338086593067942,0.5408336491804936,0.5408135811145898,0.5408344204528052,0.54084483517342,0.5408445098520168,0.5408448534741381,0.5408411870786061,0.5408345346081562,0.5408415873679316,0.5339584,0.52135324,0.5544432,0.6180014752796537,0.5991080821192682,0.5966787098690574,0.616184971957913,0.5967107378899111,0.5967085652072155,0.5967672720335353,0.5966792274299865,0.5966791758787203,0.5966801438279545,0.5966895038126062,0.5966883762237742,0.5967082436308462,0.6205183,0.60710144,0.63295364,0.8488125817035583,0.8640636579115988,0.8660383301877056,0.8502649829001726,0.8660126714292798,0.865967382057004,0.8660144120136559,0.8660379155448815,0.8660371813751709,0.8660379568450575,0.8660296826893997,0.8660146696359646,0.8660305860453725,0.81907606,0.81665564,0.84730226
0.3642578125,0.533157827200986,0.5399654601831807,0.5390859014585683,0.5331004019564778,0.5390735591416896,0.5390517744126455,0.5390743963902022,0.5390857020071835,0.5390853488571263,0.5390857218733822,0.5390817418469254,0.5390745203106339,0.5390821763778133,0.53127784,0.52007174,0.55224305,0.6180014752796537,0.5991080821192682,0.6015453817723373,0.6181444688596933,0.6015806168612515,0.6015782266167229,0.6016428122713887,0.6015459511572467,0.6015458944440906,0.6015469593152983,0.6015572565331972,0.6015560160361318,0.6015778728393183,0.62882185,0.614343,0.6414403,0.8488125817035583,0.8640636579115988,0.8620877067579388,0.8486859129537014,0.8620597656759132,0.8620104477909193,0.8620616610845356,0.8620872552332134,0.8620864557601143,0.8620873002069828,0.8620782900753079,0.8620619416222298,0.8620792737838204,0.8118401,0.81112474,0.8403501
0.3662109375,0.533157827200986,0.5399654601831807,0.5373267840093435,0.5328178484706916,0.537317773228581,0.5373018688064761,0.5373183844803309,0.5373266383954592,0.537326380570468,0.537326652899216,0.5373237471930844,0.5373184749511762,0.5373240644319469,0.52871835,0.51887596,0.55017143,0.6180014752796537,0.5991080821192682,0.6064439190049454,0.6190302432747028,0.6064700740410671,0.6064682997706751,0.6065162409643374,0.6064443416623896,0.6064442995639161,0.6064450900232634,0.6064527336857111,0.6064518128616592,0.6064680371627844,0.63717294,0.6214775,0.6500419,0.8488125817035583,0.8640636579115988,0.8581319426969795,0.8480561899685378,0.8581114609927282,0.858075309530222,0.8581128503861428,0.8581316117145642,0.8581310256746241,0.8581316446818098,0.8581250399627868,0.8581130560290088,0.8581257610528127,0.80573344,0.8048718,0.83388436
0.3681640625,0.533157827200986,0.5345172829043603,0.5359268656126498,0.5327155977291715,0.5361396728182634,0.5360970461672736,0.5367254625209158,0.5359273153213595,0.5359269122979535,0.5359292698590391,0.5359985859662003,0.5359836197211687,0.5361854332177485,0.5262723,0.51770836,0.5481938,0.6180014752796537,0.6140345478042795,0.6099533828384927,0.6192633660389336,0.6093587473189516,0.6077243426993714,0.6094778188247344,0.6099521257441574,0.6099466621470117,0.6099532523365173,0.6097529258316777,0.6092309432022995,0.609794751768962,0.6455751,0.6285133,0.65868163,0.8488125817035583,0.8518803232477541,0.8550308049085039,0.8478282940037474,0.8555103588567741,0.8554143071902766,0.8568300253617211,0.8550318183920523,0.8550309101205963,0.8550362232211581,0.8551924328063737,0.8551587058154512,0.8556134684912441,0.8003891,0.7982396,0.82789624
0.3701171875,0.533157827200986,0.5345172829043603,0.5349871438071234,0.5326693284661448,0.5348874394842164,0.5346129855929561,0.5349074109008913,0.5349869331098293,0.5349860173708373,0.5349871219341489,0.5349535414238357,0.5348659998453026,0.5349605534012876,0.5239314,0.51651585,0.5462727,0.6180014752796537,0.6140345478042795,0.612671769917321,0.6192580791777617,0.6129541885615357,0.6128976098596806,0.6137321402185831,0.6126723666194106,0.6126718318623263,0.6126749600296515,0.6127669389794266,0.6127470785879351,0.613014931415896,0.6540092,0.63544524,0.6672609,0.8488125817035583,0.8518803232477541,0.8529308801794965,0.8477252862915888,0.8527065808159868,0.852089068701437,0.8527515107870434,0.8529304062033077,0.8529283461926859,0.852930830974933,0.8528552886417732,0.8526583470028061,0.8528710628661995,0.7950123,0.79200166,0.822363
0.3720703125,0.533157827200986,0.5345172829043603,0.5340474220015972,0.5326940263945312,0.5339764862663926,0.5337812230321751,0.5339906951500559,0.534047272098694,0.5340466205861341,0.5340474064398293,0.5340235152170802,0.5339612327998976,0.5340285039654242,0.5216879,0.51525295,0.54436946,0.6180014752796537,0.6140345478042795,0.6153997236657316,0.6192089136894102,0.6155994619948495,0.6155594488735963,0.6161495514845602,0.6154001457010673,0.6153997674781871,0.6154019799666389,0.6154670336140872,0.615452987212797,0.6156424190979897,0.6624365,0.64225626,0.6756677,0.8488125817035583,0.8518803232477541,0.8508293685429006,0.847780350585262,0.8506692683956691,0.8502285202164687,0.8507013381666763,0.8508290302248517,0.850827559816209,0.8508293334213215,0.8507754124913143,0.8506348405970179,0.8507866718504783,0.78954154,0.78619987,0.8172511
0.3740234375,0.533157827200986,0.5345172829043603,0.5331077001960708,0.5327899714251918,0.5330655330485687,0.532949460471394,0.5330739793992204,0.5331076110875586,0.5331072238014307,0.5331076909455096,0.5330934890103248,0.5330564657544925,0.5330964545295608,0.51953554,0.51388556,0.54244596,0.6180014752796537,0.6140345478042795,0.6181372946739229,0.6190459134832716,0.618253776419174,0.6182304429010544,0.618574508352266,0.6181375408061938,0.6181373202254806,0.6181386105547161,0.6181765493308758,0.618168357692398,0.6182788261513685,0.67080325,0.6489208,0.6837863,0.8488125817035583,0.8518803232477541,0.8487262616068751,0.8479941637074564,0.8486304562730356,0.848366720096083,0.8486496469288662,0.8487260591520579,0.8487251792366198,0.8487262405895718,0.8486939735853662,0.8486098546643083,0.8487007113154992,0.78393894,0.78085583,0.8125196
0.3759765625,0.533157827200986,0.5324476857389701,0.5329731346350458,0.5328983472821067,0.5331617638070503,0.5331601757043201,0.5331648804337966,0.5329733713812038,0.5329731362735904,0.5329734201407714,0.5330360412375154,0.5330352175851018,0.533036171276959,0.51747036,0.5123927,0.54046744,0.6180014752796537,0.6208057716714267,0.6199084652845309,0.6188285309867,0.6192434833997952,0.6191587994957928,0.6192866351586784,0.6199077679549889,0.6199076243350499,0.6199084604582389,0.6196866458431435,0.6196656814247924,0.6196988471397731,0.67904603,0.6554081,0.6915069,0.8488125817035583,0.8472707459206879,0.8483708733865095,0.8482356277087805,0.8488132828634264,0.8488043611684393,0.8488307903958017,0.8483714096566656,0.8483708770980909,0.8483715201053341,0.8485184245503925,0.8485169767911851,0.8485197972246599,0.7781906,0.7759689,0.80812323
0.3779296875,0.533157827200986,0.5324476857389701,0.5326228353709953,0.5329698595840902,0.5324613797661839,0.5324105504698369,0.5324872802511854,0.532622722600443,0.5326226993745397,0.5326228345904986,0.5325689909765126,0.5325541023244195,0.5325771505404919,0.51549137,0.5107681,0.5384068,0.6180014752796537,0.6208057716714267,0.6205064728267957,0.6186163864213982,0.6208969452410164,0.620839171497781,0.6210103416477496,0.6205067633449126,0.6205064748375013,0.6205068231792158,0.620636666525904,0.6206185801200882,0.6206695701721675,0.68709695,0.6616869,0.6987358,0.8488125817035583,0.8472707459206879,0.8476374741420447,0.8483949923333517,0.8472835443427075,0.8471734413937305,0.8473396471505709,0.8476372244715717,0.8476371730501466,0.8476374724140495,0.847519444464476,0.8474872367598589,0.8475371030267672,0.7723062,0.77151626,0.8040165
0.3798828125,0.533157827200986,0.5324476857389701,0.5322725361069448,0.5330030670462091,0.5322096597162767,0.5322086208406945,0.5322101890838533,0.5322724571915588,0.5322724409383696,0.5322725355607633,0.532251567239455,0.5322515238929737,0.5322518417902595,0.5136015,0.50902,0.53624886,0.6180014752796537,0.6208057716714267,0.6211052674906485,0.6184433527659909,0.6213274660546277,0.6213130543870833,0.6213557488099108,0.6211055004173576,0.6211052691027581,0.6211055483902911,0.6211793634325862,0.6211752904595426,0.6211863610872925,0.694888,0.6677281,0.7054026,0.8488125817035583,0.8472707459206879,0.8469039986081525,0.848469054468062,0.8467564512158889,0.846750602485106,0.8467594314191539,0.8469038197920813,0.8469037829636286,0.8469039973705481,0.8468547936802935,0.8468543338773917,0.8468552775540518,0.7674563,0.76631635,0.8001555
0.3818359375,0.533157827200986,0.5324476857389701,0.5319222368428943,0.533020067105325,0.5319579396663694,0.5319330979165212,0.5320066912115522,0.5319221917826746,0.5319221825021996,0.5319222365310279,0.5319341435023973,0.5319258972454555,0.5319495812560995,0.51180625,0.5071692,0.5339954,0.6180014752796537,0.6208057716714267,0.6217048508311747,0.618328102162561,0.6217583943091765,0.6217014181790756,0.6217874309804381,0.6217050260144731,0.6217048520436362,0.6217050620947324,0.6217227080317784,0.6217037392967913,0.6217326823966497,0.7023561,0.67350847,0.7114668,0.8488125817035583,0.8472707459206879,0.8461704466341103,0.8485069988208659,0.8462293185940932,0.84617916783162,0.8463277381589049,0.8461703386871651,0.8461703164547174,0.8461704458869985,0.8461900801177977,0.8461733860170308,0.8462213740703011,0.76373416,0.76026976,0.79650146
0.3837890625,0.533157827200986,0.5317148887919564,0.5317148887919564,0.5330390116209711,0.5317148887919564,0.5317148887919564,0.5317148887919564,0.5317148887919564,0.5317148887919564,0.5317148887919564,0.5317148887919564,0.5317148887919564,0.5317148887919564,0.5101134,0.5052476,0.5316674,0.6180014752796537,0.6220426047471309,0.6220426047471309,0.6182708860805912,0.6220426047471309,0.6220426047471309,0.6220426047471309,0.6220426047471309,0.6220426047471309,0.6220426047471309,0.6220426047471309,0.6220426047471309,0.6220426047471309,0.7094454,0.67901295,0.71692085,0.8488125817035583,0.8455885630324934,0.8455885630324934,0.8485492503192985,0.8455885630324934,0.8455885630324934,0.8455885630324934,0.8455885630324934,0.8455885630324934,0.8455885630324934,0.8455885630324934,0.8455885630324934,0.8455885630324934,0.7602871,0.7542298,0.79302216
0.3857421875,0.533157827200986,0.5317148887919564,0.5317148887919564,0.5330635003250461,0.5317148887919564,0.5317148887919564,0.5317148887919564,0.5317148887919564,0.5317148887919564,0.5317148887919564,0.5317148887919564,0.5317148887919564,0.5317148887919564,0.5085311,0.5032954,0.5293067,0.6180014752796537,0.6220426047471309,0.6220426047471309,0.618246503237015,0.6220426047471309,0.6220426047471309,0.6220426047471309,0.6220426047471309,0.6220426047471309,0.6220426047471309,0.6220426047471309,0.6220426047471309,0.6220426047471309,0.7161114,0.68423605,0.7217896,0.8488125817035583,0.8455885630324934,0.8455885630324934,0.8486038536024265,0.8455885630324934,0.8455885630324934,0.8455885630324934,0.8455885630324934,0.8455885630324934,0.8455885630324934,0.8455885630324934,0.8455885630324934,0.8455885630324934,0.7570531,0.74827063,0.7896909
0.3876953125,0.533157827200986,0.5317148887919564,0.5317148887919564,0.5330860192589196,0.5317148887919564,0.5317148887919564,0.5317148887919564,0.5317148887919564,0.5317148887919564,0.5317148887919564,0.5317148887919564,0.5317148887919564,0.5317148887919564,0.5070659,0.50135845,0.52697384,0.6180014752796537,0.6220426047471309,0.6220426047471309,0.6182238167754034,0.6220426047471309,0.6220426047471309,0.6220426047471309,0.6220426047471309,0.6220426047471309,0.6220426047471309,0.6220426047471309,0.6220426047471309,0.6220426047471309,0.72232234,0.68918264,0.72612655,0.8488125817035583,0.8455885630324934,0.8455885630324934,0.8486540799847029,0.8455885630324934,0.8455885630324934,0.8455885630324934,0.8455885630324934,0.8455885630324934,0.8455885630324934,0.8455885630324934,0.8455885630324934,0.8455885630324934,0.7539768,0.7424739,0.7864877
0.3896484375,0.533157827200986,0.5317148887919564,0.5317148887919564,0.5331001963373339,0.5317148887919564,0.5317148887919564,0.5317148887919564,0.5317148887919564,0.5317148887919564,0.5317148887919564,0.5317148887919564,0.5317148887919564,0.5317148887919564,0.5057218,0.49948603,0.52474433,0.6180014752796537,0.6220426047471309,0.6220426047471309,0.6181870087309699,0.6220426047471309,0.6220426047471309,0.6220426047471309,0.6220426047471309,0.6220426047471309,0.6220426047471309,0.6220426047471309,0.6220426047471309,0.6220426047471309,0.7280607,0.6938678,0.7300085,0.8488125817035583,0.8455885630324934,0.8455885630324934,0.8486857118920137,0.8455885630324934,0.8455885630324934,0.8455885630324934,0.8455885630324934,0.8455885630324934,0.8455885630324934,0.8455885630324934,0.8455885630324934,0.8455885630324934,0.7510153,0.73692495,0.7833972
0.3916015625,0.533157827200986,0.5315050432179398,0.5315050432179398,0.5331075602307713,0.5315050432179398,0.5315050432179398,0.5315050432179398,0.5315050432179398,0.5315050432179398,0.5315050432179398,0.5315050432179398,0.5315050432179398,0.5315050432179398,0.50449944,0.49772963,0.5227025,0.6180014752796537,0.6219085646802421,0.6219085646802421,0.6181433338116324,0.6219085646802421,0.6219085646802421,0.6219085646802421,0.6219085646802421,0.6219085646802421,0.6219085646802421,0.6219085646802421,0.6219085646802421,0.6219085646802421,0.73332345,0.698315,0.73352623,0.8488125817035583,0.8452021550339468,0.8452021550339468,0.8487021367609888,0.8452021550339468,0.8452021550339468,0.8452021550339468,0.8452021550339468,0.8452021550339468,0.8452021550339468,0.8452021550339468,0.8452021550339468,0.8452021550339468,0.7481415,0.7317084,0.78040737
0.3935546875,0.533157827200986,0.5315050432179398,0.5315050432179398,0.5331140726360453,0.5315050432179398,0.5315050432179398,0.5315050432179398,0.5315050432179398,0.5315050432179398,0.5315050432179398,0.5315050432179398,0.5315050432179398,0.5315050432179398,0.5033958,0.4961415,0.5209345,0.6180014752796537,0.6219085646802421,0.6219085646802421,0.618110226698682,0.6219085646802421,0.6219085646802421,0.6219085646802421,0.6219085646802421,0.6219085646802421,0.6219085646802421,0.6219085646802421,0.6219085646802421,0.6219085646802421,0.7367767,0.7025552,0.7381216,0.8488125817035583,0.8452021550339468,0.8452021550339468,0.8487166626527742,0.8452021550339468,0.8452021550339468,0.8452021550339468,0.8452021550339468,0.8452021550339468,0.8452021550339468,0.8452021550339468,0.8452021550339468,0.8452021550339468,0.74534523,0.7269026,0.777508
0.3955078125,0.533157827200986,0.5315050432179398,0.5315050432179398,0.5331246826930731,0.5315050432179398,0.5315050432179398,0.5315050432179398,0.5315050432179398,0.5315050432179398,0.5315050432179398,0.5315050432179398,0.5315050432179398,0.5315050432179398,0.5024059,0.49477348,0.5195207,0.6180014752796537,0.6219085646802421,0.6219085646802421,0.6180977326817853,0.6219085646802421,0.6219085646802421,0.6219085646802421,0.6219085646802421,0.6219085646802421,0.6219085646802421,0.6219085646802421,0.6219085646802421,0.6219085646802421,0.73985374,0.7066225,0.7424804,0.8488125817035583,0.8452021550339468,0.8452021550339468,0.8487403621754114,0.8452021550339468,0.8452021550339468,0.8452021550339468,0.8452021550339468,0.8452021550339468,0.8452021550339468,0.8452021550339468,0.8452021550339468,0.8452021550339468,0.7426323,0.72257495,0.7746899
0.3974609375,0.533157827200986,0.5315050432179398,0.5315050432179398,0.5331360069131907,0.5315050432179398,0.5315050432179398,0.5315050432179398,0.5315050432179398,0.5315050432179398,0.5315050432179398,0.5315050432179398,0.5315050432179398,0.5315050432179398,0.50152326,0.4936747,0.5185287,0.6180014752796537,0.6219085646802421,0.6219085646802421,0.6180980965413454,0.6219085646802421,0.6219085646802421,0.6219085646802421,0.6219085646802421,0.6219085646802421,0.6219085646802421,0.6219085646802421,0.6219085646802421,0.6219085646802421,0.7428399,0.7105527,0.7464385,0.8488125817035583,0.8452021550339468,0.8452021550339468,0.8487656724891457,0.8452021550339468,0.8452021550339468,0.8452021550339468,0.8452021550339468,0.8452021550339468,0.8452021550339468,0.8452021550339468,0.8452021550339468,0.8452021550339468,0.74002093,0.7187749,0.77194536
0.3994140625,0.533157827200986,0.5319268190957255,0.5317388877551168,0.5331417668346577,0.531736056935369,0.5317357496540138,0.5317372380328155,0.5317388363060774,0.5317386177881133,0.5317388441553065,0.5317379436951358,0.5317378301512639,0.5317383536123721,0.50074196,0.49288842,0.518009,0.6180014752796537,0.6206968574359529,0.6211735001699616,0.6180855771778362,0.6211774312702372,0.6211757910997863,0.6211778579879572,0.6211735716157949,0.6211735607157906,0.621173875065697,0.6211748111616933,0.6211742419196344,0.6211749688374515,0.7458021,0.71437883,0.75004816,0.8488125817035583,0.8461212298208475,0.8457120235359816,0.8487785661602214,0.8456954976837416,0.8456937038263843,0.8457023927334978,0.8457117231851237,0.8457104475139081,0.8457117690076059,0.8457065122720696,0.8457058494219545,0.8457089053002234,0.7375379,0.7155302,0.7692688
0.4013671875,0.533157827200986,0.5319268190957255,0.5318641753155225,0.5331390896093864,0.5318056874712295,0.5317993387010294,0.5318300902413445,0.5318631123218763,0.5318585975007992,0.5318632744955676,0.5318446699997161,0.5318423240586487,0.5318531393399151,0.50005627,0.49244845,0.5179907,0.6180014752796537,0.6206968574359529,0.6208557009208132,0.6180579669946108,0.6210007893903968,0.6209402505292458,0.6210165404522997,0.6208583375621748,0.6208579353071022,0.6208695362075065,0.6209040834355654,0.6208830749841316,0.6209099027308175,0.74878645,0.7181293,0.75337315,0.8488125817035583,0.8461212298208475,0.8459848330956289,0.8487726262599923,0.8458471186949321,0.845832169728126,0.8459045775523302,0.8459823302303253,0.8459716998690003,0.8459827120755113,0.8459389067360495,0.8459333830527369,0.845958848333531,0.7352145,0.7128428,0.7666585
0.4033203125,0.533157827200986,0.5319268190957255,0.5319894628759284,0.5331339683335721,0.53187531800709,0.531862927748045,0.5319229424498736,0.5319873883376753,0.5319785772134854,0.5319877048358288,0.5319513963042966,0.5319468179660336,0.5319679250674582,0.49946004,0.49237415,0.5184815,0.6180014752796537,0.6206968574359529,0.6205380513599402,0.6180294464748465,0.6208241937607522,0.6207047921903991,0.6208552614905971,0.6205432507903629,0.6205424575461008,0.6205653346273581,0.6206334643425567,0.6205920337021013,0.6206449407616359,0.75181687,0.721825,0.75648576,0.8488125817035583,0.8461212298208475,0.8462576211788582,0.8487612219942786,0.8459987330704252,0.8459706300955119,0.846106750573046,0.8462529161443758,0.8462329325282283,0.8462536339597714,0.8461712856139831,0.8461609017424865,0.846208773338805,0.73308206,0.71068794,0.7641182
0.4052734375,0.533157827200986,0.5319268190957255,0.5321147504363342,0.5331343944924549,0.5322902139692134,0.5322170056588683,0.5323092602798137,0.5321179394172728,0.5321174528961992,0.532131483880504,0.5321732663837534,0.5321478583631566,0.5321803042069557,0.49894544,0.49266714,0.5194667,0.6180014752796537,0.6206968574359529,0.6202205513816094,0.6180187570419177,0.6197858915507893,0.6197387271006038,0.6199672089877046,0.6202126490519739,0.6201790867794216,0.6202138546503914,0.6200755632992062,0.6200581274574767,0.6201385141895649,0.75489473,0.7254802,0.7594608,0.8488125817035583,0.8461212298208475,0.8465303878008387,0.8487621791012563,0.8469434453782314,0.8467711110538986,0.8469882797565165,0.8465378953193141,0.8465367499492789,0.8465697816295774,0.8466681442875024,0.8466083300378424,0.846684712218171,0.73116976,0.70901555,0.76165783
0.4072265625,0.533157827200986,0.532507343701186,0.532507343701186,0.5331390646182836,0.532507343701186,0.532507343701186,0.532507343701186,0.532507343701186,0.532507343701186,0.532507343701186,0.532507343701186,0.532507343701186,0.532507343701186,0.49850047,0.49330813,0.52091104,0.6180014752796537,0.6193678578598931,0.6193678578598931,0.6180276578234136,0.6193678578598931,0.6193678578598931,0.6193678578598931,0.6193678578598931,0.6193678578598931,0.6193678578598931,0.6193678578598931,0.6193678578598931,0.6193678578598931,0.758,0.7291024,0.7623685,0.8488125817035583,0.847384427662384,0.847384427662384,0.848772631375539,0.847384427662384,0.847384427662384,0.847384427662384,0.847384427662384,0.847384427662384,0.847384427662384,0.847384427662384,0.847384427662384,0.847384427662384,0.7295019,0.7077537,0.7592934
0.4091796875,0.533157827200986,0.532507343701186,0.532507343701186,0.5331461456593309,0.532507343701186,0.532507343701186,0.532507343701186,0.532507343701186,0.532507343701186,0.532507343701186,0.532507343701186,0.532507343701186,0.532507343701186,0.4981067,0.4942561,0.5227576,0.6180014752796537,0.6193678578598931,0.6193678578598931,0.6180491961475382,0.6193678578598931,0.6193678578598931,0.6193678578598931,0.6193678578598931,0.6193678578598931,0.6193678578598931,0.6193678578598931,0.6193678578598931,0.6193678578598931,0.76109326,0.7326953,0.76526845,0.8488125817035583,0.847384427662384,0.847384427662384,0.8487884848938186,0.847384427662384,0.847384427662384,0.847384427662384,0.847384427662384,0.847384427662384,0.847384427662384,0.847384427662384,0.847384427662384,0.847384427662384,0.728096,0.70681465,0.75704616
0.4111328125,0.533157827200986,0.532507343701186,0.532507343701186,0.5331486388885724,0.532507343701186,0.532507343701186,0.532507343701186,0.532507343701186,0.532507343701186,0.532507343701186,0.532507343701186,0.532507343701186,0.532507343701186,0.49773896,0.4954503,0.52492845,0.6180014752796537,0.6193678578598931,0.6193678578598931,0.6180601357966672,0.6193678578598931,0.6193678578598931,0.6193678578598931,0.6193678578598931,0.6193678578598931,0.6193678578598931,0.6193678578598931,0.6193678578598931,0.6193678578598931,0.76411927,0.73625934,0.768203,0.8488125817035583,0.847384427662384,0.847384427662384,0.8487941093286404,0.847384427662384,0.847384427662384,0.847384427662384,0.847384427662384,0.847384427662384,0.847384427662384,0.847384427662384,0.847384427662384,0.847384427662384,0.72696114,0.7061023,0.7549409
0.4130859375,0.533157827200986,0.532507343701186,0.532507343701186,0.5331462787287657,0.532507343701186,0.532507343701186,0.532507343701186,0.532507343701186,0.532507343701186,0.532507343701186,0.532507343701186,0.532507343701186,0.532507343701186,0.49736577,0.49681377,0.52732396,0.6180014752796537,0.6193678578598931,0.6193678578598931,0.6180616116769178,0.6193678578598931,0.6193678578598931,0.6193678578598931,0.6193678578598931,0.6193678578598931,0.6193678578598931,0.6193678578598931,0.6193678578598931,0.6193678578598931,0.7670113,0.73979425,0.7711938,0.8488125817035583,0.847384427662384,0.847384427662384,0.8487889031925396,0.847384427662384,0.847384427662384,0.847384427662384,0.847384427662384,0.847384427662384,0.847384427662384,0.847384427662384,0.847384427662384,0.847384427662384,0.72609705,0.70552,0.75300455
0.4150390625,0.533157827200986,0.5329334037992437,0.5328066922352926,0.5331420073203282,0.532785482742732,0.5327738236040531,0.5328040103394935,0.5327988599209001,0.53277187430144,0.5328009959619087,0.5327998250816135,0.5327956148385173,0.5328057978404803,0.4982589,0.4969529,0.5298241,0.6180014752796537,0.6190017771100749,0.6190635049760838,0.6180568283232284,0.619102380621317,0.6190684205488544,0.619123752396273,0.6190778607476778,0.6190739455773799,0.6191273256551585,0.6190760916913504,0.6190651442821439,0.6190838087507485,0.7696967,0.7432982,0.7742403,0.8488125817035583,0.848387794676763,0.8480981466655475,0.8487794329516983,0.8480512395263491,0.8480254539141143,0.8480922153740791,0.8480808246732912,0.8480211427832984,0.848085548758417,0.8480829592307344,0.8480736478172707,0.8480961686189781,0.7254945,0.70497787,0.7512652
0.4169921875,0.533157827200986,0.5329334037992437,0.53289116661126,0.5331383055001825,0.5329021524743699,0.5328925557505824,0.532908191548673,0.5328952235085904,0.5328941171052171,0.532909201227316,0.5328947235851036,0.5328916298801923,0.5328969043611962,0.49969408,0.49646738,0.532292,0.6180014752796537,0.6190017771100749,0.6190223498036926,0.6180518008798653,0.6190074871236387,0.6189993171727838,0.6190204704151634,0.6190168611906968,0.6189979512489071,0.6190183580455139,0.6190175375371774,0.6190145871745281,0.6190217230387483,0.7721018,0.7467663,0.77732,0.8488125817035583,0.848387794676763,0.848291245429928,0.8487712212206446,0.8483158325457151,0.8482943544216923,0.8483293483885139,0.8483003250501311,0.8482978488425716,0.8483316081138872,0.8482992061867204,0.8482922822585517,0.8483040869140389,0.72513604,0.7043991,0.7497508
0.4189453125,0.533157827200986,0.5329334037992437,0.5329756409872274,0.5331367088258845,0.532982710818081,0.5329765349524938,0.5329865971976405,0.5329782517586915,0.532977539745022,0.5329872469651783,0.5329779300384538,0.5329759391188315,0.5329793334528191,0.5010305,0.49588403,0.5345823,0.6180014752796537,0.6190017771100749,0.6189812076771416,0.6180491542566184,0.6189682550156336,0.6189611349125945,0.6189795698213132,0.6189764244337135,0.6189599445058483,0.6189777289226811,0.6189770138608712,0.6189744426553185,0.6189806614622609,0.77415836,0.75018924,0.78038913,0.8488125817035583,0.848387794676763,0.8484843438333896,0.8487676956959593,0.8484999792476244,0.848486320900664,0.8485085742264633,0.8484901177371234,0.848488543069567,0.8485100112281903,0.8484894062305746,0.848485003172535,0.8484925099779292,0.72499824,0.70372415,0.74848896
0.4208984375,0.533157827200986,0.5329334037992437,0.5330601153631948,0.5331368342733287,0.533063269161792,0.5330605141544051,0.5330650028466081,0.5330612800087926,0.533060962384827,0.5330652927030405,0.533061136491804,0.5330602483574707,0.533061762544442,0.50218886,0.49519113,0.536552,0.6180014752796537,0.6190017771100749,0.6189400785902287,0.6180472760601117,0.6189290347654092,0.6189229638844497,0.6189386821145525,0.6189360002733802,0.6189219488918742,0.6189371125165506,0.6189365028353895,0.6189343105514669,0.6189396128744378,0.77580994,0.75355065,0.7833849,0.8488125817035583,0.848387794676763,0.8486774418761037,0.8487680293029625,0.848684125621495,0.8486782870231103,0.8486877997536908,0.8486799100756285,0.8486792369447527,0.8486884140346206,0.8486796059244422,0.8486777237271819,0.8486809326983498,0.72505546,0.7029123,0.74750644
0.4228515625,0.533157827200986,0.5331831387089251,0.5331831387089251,0.5331373731014557,0.5331831387089251,0.5331831387089251,0.5331831387089251,0.5331831387089251,0.5331831387089251,0.5331831387089251,0.5331831387089251,0.5331831387089251,0.5331831387089251,0.5031043,0.49439365,0.5380746,0.6180014752796537,0.6190384110150331,0.6190384110150331,0.6180428163291724,0.6190384110150331,0.6190384110150331,0.6190384110150331,0.6190384110150331,0.6190384110150331,0.6190384110150331,0.6190384110150331,0.6190384110150331,0.6190384110150331,0.7770171,0.7568277,0.786229,0.8488125817035583,0.8489292290197146,0.8489292290197146,0.8487692700094079,0.8489292290197146,0.8489292290197146,0.8489292290197146,0.8489292290197146,0.8489292290197146,0.8489292290197146,0.8489292290197146,0.8489292290197146,0.8489292290197146,0.72528255,0.70194197,0.74682885
0.4248046875,0.533157827200986,0.5331831387089251,0.5331831387089251,0.5331382266634376,0.5331831387089251,0.5331831387089251,0.5331831387089251,0.5331831387089251,0.5331831387089251,0.5331831387089251,0.5331831387089251,0.5331831387089251,0.5331831387089251,0.5037309,0.4935151,0.53905493,0.6180014752796537,0.6190384110150331,0.6190384110150331,0.6180380642231948,0.6190384110150331,0.6190384110150331,0.6190384110150331,0.6190384110150331,0.6190384110150331,0.6190384110150331,0.6190384110150331,0.6190384110150331,0.6190384110150331,0.77776265,0.75999224,0.7888315,0.8488125817035583,0.8489292290197146,0.8489292290197146,0.8487712529284206,0.8489292290197146,0.8489292290197146,0.8489292290197146,0.8489292290197146,0.8489292290197146,0.8489292290197146,0.8489292290197146,0.8489292290197146,0.8489292290197146,0.7256582,0.70080847,0.74647826
0.4267578125,0.533157827200986,0.5331831387089251,0.5331831387089251,0.5331407877928783,0.5331831387089251,0.5331831387089251,0.5331831387089251,0.5331831387089251,0.5331831387089251,0.5331831387089251,0.5331831387089251,0.5331831387089251,0.5331831387089251,0.5040425,0.49259514,0.5394411,0.6180014752796537,0.6190384110150331,0.6190384110150331,0.6180368417882999,0.6190384110150331,0.6190384110150331,0.6190384110150331,0.6190384110150331,0.6190384110150331,0.6190384110150331,0.6190384110150331,0.6190384110150331,0.6190384110150331,0.7780547,0.76301366,0.7910961,0.8488125817035583,0.8489292290197146,0.8489292290197146,0.8487770514766512,0.8489292290197146,0.8489292290197146,0.8489292290197146,0.8489292290197146,0.8489292290197146,0.8489292290197146,0.8489292290197146,0.8489292290197146,0.8489292290197146,0.7261658,0.6995211,0.7464716
0.4287109375,0.533157827200986,0.5331831387089251,0.5331831387089251,0.5331447763964439,0.5331831387089251,0.5331831387089251,0.5331831387089251,0.5331831387089251,0.5331831387089251,0.5331831387089251,0.5331831387089251,0.5331831387089251,0.5331831387089251,0.504033,0.49168417,0.53923196,0.6180014752796537,0.6190384110150331,0.6190384110150331,0.6180396561695383,0.6190384110150331,0.6190384110150331,0.6190384110150331,0.6190384110150331,0.6190384110150331,0.6190384110150331,0.6190384110150331,0.6190384110150331,0.6190384110150331,0.77792954,0.7658638,0.79292786,0.8488125817035583,0.8489292290197146,0.8489292290197146,0.8487860042007005,0.8489292290197146,0.8489292290197146,0.8489292290197146,0.8489292290197146,0.8489292290197146,0.8489292290197146,0.8489292290197146,0.8489292290197146,0.8489292290197146,0.7267945,0.69810086,0.746818
0.4306640625,0.533157827200986,0.5331310930040796,0.5331701272827137,0.5331491653497129,0.5331430891794448,0.5331428431889349,0.5331434847541137,0.5331691625052984,0.5331542070995446,0.5331700952679227,0.5331611482090721,0.5331611102510648,0.5331612933106401,0.5037136,0.49083596,0.53847724,0.6180014752796537,0.6188384843841404,0.618978910978959,0.618043457041716,0.6188816430526012,0.6188807580714675,0.618883066179444,0.6189754404208158,0.6189216402859233,0.6189787958135359,0.6189466104036413,0.6189464738543428,0.6189471323886446,0.77744985,0.76852,0.7942412,0.8488125817035583,0.8488042865456409,0.848899251199188,0.848795831631651,0.8488334719219285,0.8488328734580414,0.8488344343048592,0.8488969040884493,0.8488605202450206,0.8488991733136375,0.8488774068072745,0.8488773144621329,0.8488777598137792,0.72753876,0.69657826,0.7475165
0.4326171875,0.533157827200986,0.5331310930040796,0.5331441044302909,0.5331519724967629,0.5331350917292013,0.5331350097323647,0.5331352235874243,0.5331437828378192,0.5331387977025679,0.5331440937586939,0.5331411114057437,0.5331410987530746,0.5331411597729331,0.5031086,0.49009955,0.5372706,0.6180014752796537,0.6188384843841404,0.6188852955338284,0.618042921274498,0.6188528708227655,0.6188525758202945,0.6188533452128465,0.6188841385695746,0.6188662038192242,0.618885257141608,0.6188745277451912,0.6188744822253394,0.6188747017533025,0.7767027,0.7709683,0.794968,0.8488125817035583,0.8488042865456409,0.8488359418974303,0.8488021405033448,0.8488140150485396,0.8488138155587857,0.8488143358458083,0.848835159504372,0.8488230312759522,0.8488359159348139,0.8488286602432163,0.8488286294608033,0.8488287779147324,0.7283972,0.69499236,0.7485544
0.4345703125,0.533157827200986,0.5331310930040796,0.5331180815778682,0.5331521313545592,0.5331270942789579,0.5331269624207349,0.5331271762757944,0.53311840317034,0.5331180922494653,0.5331233883055913,0.5331210746024154,0.5331210262352261,0.5331210872550846,0.5022508,0.48951235,0.5357367,0.6180014752796537,0.6188384843841404,0.6187916709494807,0.6180346931333794,0.6188240977297039,0.6188236233251555,0.6188243927409349,0.6187928280252901,0.6187917093454477,0.618810764147854,0.6188024396684371,0.6188022656472142,0.6188024851917086,0.7757944,0.77320284,0.7950641,0.8488125817035583,0.8488042865456409,0.8487726307265321,0.8488025506227788,0.8487945579986048,0.848794237198377,0.8487947574901502,0.8487734131424055,0.8487726566899146,0.8487855416514689,0.8487799125710138,0.848779794896816,0.8487799433541262,0.7293715,0.6933905,0.74990666
0.4365234375,0.533157827200986,0.5331310930040796,0.5330920587254454,0.5331504221691141,0.5331190968287144,0.5331187012540455,0.5331193428192242,0.5330930235028607,0.5330920907402364,0.5331079789086145,0.533101037799087,0.533100892697519,0.5331010757570943,0.5011776,0.48909646,0.53401536,0.6180014752796537,0.6188384843841404,0.6186980372245778,0.6180223242962356,0.6187953237733782,0.6187939005163284,0.6187962088333518,0.6187015087867211,0.6186981524237204,0.618755321271535,0.6187303461727679,0.6187298240697596,0.6187304827528423,0.77522373,0.77484083,0.79451406,0.8488125817035583,0.8488042865456409,0.8487093176862193,0.8487988322927995,0.8487751007721164,0.848774138362556,0.8487756992521278,0.8487116650022946,0.8487093955786659,0.8487480513715132,0.8487311637905416,0.8487308107599025,0.8487312561419774,0.730465,0.6918277,0.75153667
0.4384765625,0.533157827200986,0.5329467853591536,0.5330040206435527,0.5331486460406545,0.533017571937304,0.5330151954161317,0.5330258236074891,0.5330044282876265,0.5330040830455715,0.5330047048598644,0.5330084082457773,0.5330077867690366,0.5330112917902711,0.49992758,0.48885754,0.5322443,0.6180014752796537,0.6183219545798417,0.6184839332793662,0.6180104491504137,0.618526721912218,0.6185192181297849,0.6185527757525449,0.6184852204599894,0.6184841303206742,0.6184860937658737,0.6184977875084771,0.6184958251564052,0.6185068924225163,0.7770331,0.7739571,0.79332924,0.8488125817035583,0.8484106392303665,0.8485308781664491,0.8487949637722096,0.8485595500537151,0.8485545218279309,0.8485770087827873,0.8485317406672784,0.8485310101978112,0.8485323258437052,0.8485401615173782,0.8485388465905757,0.8485462625393738,0.7316815,0.69036514,0.7533985
0.4404296875,0.533157827200986,0.5329467853591536,0.5329658637872866,0.5331486698969804,0.5329609734404178,0.5329579956044863,0.5329618310716586,0.5329657166780174,0.5329656168695267,0.5329658412678487,0.5329642804036485,0.5329632397994786,0.5329645046801559,0.49853918,0.48878676,0.5305457,0.6180014752796537,0.6183219545798417,0.6183759513452205,0.6180043919596689,0.6183612365719828,0.6183522763021809,0.6183638171547221,0.6183755087058066,0.618375208390316,0.6183758835861425,0.6183711870642319,0.6183680559499818,0.6183718618969126,0.7786288,0.7732458,0.7915429,0.8488125817035583,0.8484106392303665,0.8484507194972377,0.8487950967602662,0.8484404055971009,0.8484341252219403,0.8484422143725376,0.8484504092396916,0.8484501987407811,0.8484506720031186,0.8484473800948502,0.8484451854275955,0.8484478531008557,0.73302287,0.68906575,0.75543797
0.4423828125,0.533157827200986,0.5329467853591536,0.5329277069310207,0.5331506873936943,0.5329219778398688,0.5329184892747537,0.5329229825636,0.5329275345910139,0.5329274176643507,0.5329276805492699,0.5329258519809661,0.5329246329025853,0.5329261147231782,0.49705052,0.48886523,0.52901655,0.6180014752796537,0.6183219545798417,0.6182679539483724,0.6180044825231483,0.6182499525600902,0.618238990943365,0.618253109532437,0.6182674124441533,0.6182670450522922,0.6182678710551099,0.6182621255486234,0.6182582950858586,0.6182629511078961,0.78000057,0.7727839,0.78920114,0.8488125817035583,0.8484106392303665,0.8483705583418963,0.8487997067191717,0.8483584400820231,0.8483510609827223,0.8483605652937832,0.8483701938067266,0.848369946482336,0.8483705025389782,0.8483666347311711,0.8483640561192495,0.8483671904868235,0.73448855,0.68798864,0.75759685
0.4443359375,0.533157827200986,0.5329467853591536,0.5328895500747546,0.5331536769001872,0.5328866182190238,0.5328848329498854,0.5328871323852242,0.5328894618799567,0.5328894020428728,0.5328895365739243,0.5328886008062226,0.5328879769442796,0.5328887352642439,0.4955003,0.48906875,0.5277249,0.6180014752796537,0.6183219545798417,0.6181599410855012,0.6180081225807116,0.6181498562512752,0.6181437153274585,0.6181516248595891,0.618159637719561,0.6181594318963302,0.6181598946463508,0.6181566758565664,0.6181545299326131,0.6181571383567739,0.7811251,0.7726139,0.78635085,0.8488125817035583,0.8484106392303665,0.8482903946998915,0.8488064598762228,0.8482841528451445,0.8482803520367812,0.8482852474949597,0.8482902069354713,0.8482900795438724,0.8482903659569778,0.848288373730963,0.8482870455432744,0.8482886599888605,0.73607546,0.6871811,0.75981456
0.4462890625,0.533157827200986,0.5328258381539511,0.5328258381539511,0.5331567357342528,0.5328258381539511,0.5328258381539511,0.5328258381539511,0.5328258381539511,0.5328258381539511,0.5328258381539511,0.5328258381539511,0.5328258381539511,0.5328258381539511,0.49392763,0.48937201,0.52671194,0.6180014752796537,0.6179746050129854,0.6179746050129854,0.6180122934403876,0.6179746050129854,0.6179746050129854,0.6179746050129854,0.6179746050129854,0.6179746050129854,0.6179746050129854,0.6179746050129854,0.6179746050129854,0.6179746050129854,0.7819649,0.7727374,0.7830293,0.8488125817035583,0.8481630128940173,0.8481630128940173,0.8488133498679957,0.8481630128940173,0.8481630128940173,0.8481630128940173,0.8481630128940173,0.8481630128940173,0.8481630128940173,0.8481630128940173,0.8481630128940173,0.8481630128940173,0.7377792,0.68667233,0.76203203
0.4482421875,0.533157827200986,0.5328258381539511,0.5328258381539511,0.5331588577413463,0.5328258381539511,0.5328258381539511,0.5328258381539511,0.5328258381539511,0.5328258381539511,0.5328258381539511,0.5328258381539511,0.5328258381539511,0.5328258381539511,0.49237254,0.48975188,0.5259959,0.6180014752796537,0.6179746050129854,0.6179746050129854,0.6180144280090938,0.6179746050129854,0.6179746050129854,0.6179746050129854,0.6179746050129854,0.6179746050129854,0.6179746050129854,0.6179746050129854,0.6179746050129854,0.6179746050129854,0.77925515,0.77311385,0.78246814,0.8488125817035583,0.8481630128940173,0.8481630128940173,0.8488181417768944,0.8481630128940173,0.8481630128940173,0.8481630128940173,0.8481630128940173,0.8481630128940173,0.8481630128940173,0.8481630128940173,0.8481630128940173,0.8481630128940173,0.7395965,0.6864671,0.7641958
0.4501953125,0.533157827200986,0.5328258381539511,0.5328258381539511,0.5331599420878769,0.5328258381539511,0.5328258381539511,0.5328258381539511,0.5328258381539511,0.5328258381539511,0.5328258381539511,0.5328258381539511,0.5328258381539511,0.5328258381539511,0.49087396,0.49018946,0.5255786,0.6180014752796537,0.6179746050129854,0.6179746050129854,0.6180135820745959,0.6179746050129854,0.6179746050129854,0.6179746050129854,0.6179746050129854,0.6179746050129854,0.6179746050129854,0.6179746050129854,0.6179746050129854,0.6179746050129854,0.7750243,0.7736636,0.7825704,0.8488125817035583,0.8481630128940173,0.8481630128940173,0.8488206333657786,0.8481630128940173,0.8481630128940173,0.8481630128940173,0.8481630128940173,0.8481630128940173,0.8481630128940173,0.8481630128940173,0.8481630128940173,0.8481630128940173,0.7415278,0.686544,0.76626176
0.4521484375,0.533157827200986,0.5328258381539511,0.5328258381539511,0.5331598018357406,0.5328258381539511,0.5328258381539511,0.5328258381539511,0.5328258381539511,0.5328258381539511,0.5328258381539511,0.5328258381539511,0.5328258381539511,0.5328258381539511,0.49067122,0.48946732,0.52544945,0.6180014752796537,0.6179746050129854,0.6179746050129854,0.6180097834980316,0.6179746050129854,0.6179746050129854,0.6179746050129854,0.6179746050129854,0.6179746050129854,0.6179746050129854,0.6179746050129854,0.6179746050129854,0.6179746050129854,0.77427495,0.77031016,0.78219855,0.8488125817035583,0.8481630128940173,0.8481630128940173,0.8488203894794818,0.8481630128940173,0.8481630128940173,0.8481630128940173,0.8481630128940173,0.8481630128940173,0.8481630128940173,0.8481630128940173,0.8481630128940173,0.8481630128940173,0.74357796,0.68685514,0.76819956
0.4541015625,0.533157827200986,0.5328438228658086,0.5328303343319155,0.5331586757098743,0.5328384148182729,0.5328378626348109,0.5328393796201173,0.5328308886454736,0.5328304453953353,0.5328368761655495,0.5328330576200521,0.532832771826013,0.5328333508767218,0.49118936,0.4881824,0.52558774,0.6180014752796537,0.6179933244769374,0.6179792849974437,0.6180042180218914,0.6179876956204835,0.6179871208851115,0.6179886998232643,0.6179798619662087,0.6179794006002041,0.6179860941241635,0.6179821195768511,0.617981822104769,0.6179824248161685,0.7748146,0.7650702,0.78127426,0.8488125817035583,0.8482125154022722,0.8481753885280827,0.8488180043610557,0.8481976298829113,0.8481961100109767,0.8482002854770265,0.8481769142640196,0.8481756942277208,0.8481933947774639,0.848182884318395,0.8481820976767093,0.8481836915007849,0.7457552,0.6873312,0.76999635
0.4560546875,0.533157827200986,0.5328438228658086,0.5328393266878442,0.5331566446459439,0.5328420201832966,0.5328418361221426,0.5328423417839114,0.5328395114590302,0.5328393637089841,0.5328415072990556,0.5328402344505564,0.5328401391858767,0.5328403322027796,0.49174294,0.48704138,0.52596134,0.6180014752796537,0.6179933244769374,0.6179886447294176,0.6179972847088553,0.6179914482041483,0.6179912566284158,0.6179917829342828,0.6179888370459814,0.6179886832623758,0.6179909143802933,0.6179895895605483,0.6179894904058941,0.6179896913042839,0.77513796,0.7592565,0.7797184,0.8488125817035583,0.8482125154022722,0.8482001397822103,0.8488136105564102,0.8482075535632354,0.8482070469394184,0.8482084387610301,0.84820064836048,0.848200241682013,0.8482061418619076,0.8482026383772864,0.848202376163551,0.8482029074379233,0.7480658,0.6878889,0.77165836
0.4580078125,0.533157827200986,0.5328438228658086,0.5328483190437729,0.5331547098554312,0.5328456255483205,0.5328453039477057,0.5328458096094745,0.5328481342725869,0.5328461384325616,0.532848282022633,0.5328474112810607,0.5328473135288375,0.5328475065457404,0.4923384,0.48605773,0.52652574,0.6180014752796537,0.6179933244769374,0.6179980041454817,0.6179924760531078,0.6179952007370312,0.6179948660110224,0.6179953923100389,0.6179978118352756,0.6179957345526346,0.6179979656138187,0.6179970593430215,0.6179969576019894,0.6179971584949693,0.77510107,0.7528291,0.7774558,0.8488125817035583,0.8482125154022722,0.8482248910176663,0.8488094187048396,0.8482174772405585,0.8482165920430077,0.8482179838642144,0.8482243824397722,0.8482188889413989,0.8482247891179402,0.8482223924242847,0.8482221233638076,0.8482226546378602,0.75050914,0.6884415,0.7732124
0.4599609375,0.533157827200986,0.5328438228658086,0.5328573113997016,0.5331539045464224,0.5328492309133442,0.5328482661114998,0.5328497830968062,0.5328567570861436,0.5328507695660676,0.5328572003362818,0.532854588111565,0.5328542948548953,0.5328548739056042,0.492991,0.48523796,0.52722377,0.6180014752796537,0.6179933244769374,0.6180073632456518,0.6179925614782024,0.6179989532191333,0.6179979490534835,0.6179995279299818,0.6180067863341056,0.6180005546411892,0.6180072476545481,0.6180045289242792,0.6180042237092923,0.6180048263720034,0.7744186,0.74577004,0.77457094,0.8488125817035583,0.8482125154022722,0.8482496422344526,0.8488078111193621,0.8482274009148801,0.8482247453229593,0.848228920785365,0.8482481165018975,0.8482316360159382,0.8482493365355035,0.848242146459391,0.8482413392784391,0.8482429330996372,0.7530713,0.688911,0.7747038
0.4619140625,0.533157827200986,0.5329555135394475,0.5329072586654082,0.5331540631149315,0.5328878362212026,0.532884410868548,0.5328977972483582,0.5329066480424929,0.5329053971684361,0.5329070524241517,0.5329007129069541,0.5328996390737029,0.5329041952726976,0.4937254,0.4845836,0.5279873,0.6180014752796537,0.6182445236718311,0.6181396471807833,0.6179958511303263,0.6181056112036702,0.6180996083431655,0.6181230672616267,0.6181385771602597,0.6181363851927543,0.6181392857757259,0.6181281766418965,0.618126294870323,0.6181342790426465,0.77055115,0.73809433,0.77343285,0.8488125817035583,0.8484691429023762,0.8483568957104582,0.8488082795546846,0.8483084546207241,0.8482999114985983,0.8483332982297102,0.8483553727730717,0.8483522530026141,0.8483563813299859,0.8483405701062505,0.8483378918842694,0.8483492553866634,0.7557237,0.6892411,0.7761953
0.4638671875,0.533157827200986,0.5329555135394475,0.5329394285814344,0.5331553728188512,0.5329121684052882,0.5329073607860341,0.5329261491047297,0.5329385715477852,0.5329368158960887,0.5329391391135939,0.5329302413480161,0.5329287341801607,0.5329351289874177,0.49457595,0.48409468,0.5287451,0.6180014752796537,0.6182445236718311,0.6182095669517079,0.6180026990703862,0.6181585002990757,0.6181494936149413,0.6181846910803928,0.6182079615449363,0.6182046728188247,0.6182090247172963,0.6181923570355019,0.618189533687947,0.6182015128432782,0.7658153,0.72985566,0.77159774,0.8488125817035583,0.8484691429023762,0.8484317274322553,0.8488113330374022,0.8483650551620799,0.848353296747163,0.8483992488832948,0.8484296313288414,0.8484253374146069,0.8484310194618312,0.8484092575842119,0.8484055713941989,0.8484212116275952,0.7584242,0.6894076,0.77776116
0.4658203125,0.533157827200986,0.5329555135394475,0.5329715984974606,0.5331568870506425,0.5329829995461318,0.5329771523852794,0.5329850102411771,0.532971956935436,0.5329717195618631,0.5329726912032681,0.5329754408825865,0.532973396720641,0.532976071226792,0.4955859,0.48377427,0.5294312,0.6180014752796537,0.6182445236718311,0.6182794782819832,0.6180104316875333,0.6183002334339504,0.6182895890229888,0.6183038937315509,0.6182801308174648,0.6182796986795382,0.6182814675475666,0.6182864732892418,0.6182827519341632,0.6182876208122375,0.7601954,0.72114563,0.76900506,0.8488125817035583,0.8484691429023762,0.84850655811201,0.8488148352289381,0.8485346805297818,0.848520257631133,0.8485396402049041,0.8485074422551027,0.8485068567362248,0.8485092534407885,0.8485160359486409,0.8485109937086411,0.8485175907890273,0.7611249,0.6894262,0.77948684
0.4677734375,0.533157827200986,0.5329555135394475,0.5330037684134867,0.5331573249168176,0.5330390499851673,0.5330209554194226,0.5330452722620309,0.5330048776320758,0.5330041430581812,0.5330071498899971,0.5330156590202331,0.5330093331770335,0.5330176096771343,0.49680445,0.48363137,0.52999663,0.6180014752796537,0.6182445236718311,0.6183493811731375,0.6180144011410132,0.6184136957251268,0.6183807123202072,0.6184250373907844,0.618351403290264,0.6183500641552878,0.6183555456140163,0.6183710574355405,0.6183595257106704,0.618374613339268,0.7537055,0.71208715,0.76562524,0.8488125817035583,0.8484691429023762,0.848581387749911,0.8488159447208105,0.8486683750697548,0.8486237627178645,0.8486837161085587,0.8485841225607865,0.8485823114474608,0.8485897248764317,0.8486107043432229,0.8485951078284183,0.848615513727853,0.7637813,0.6893562,0.78146344
0.4697265625,0.533157827200986,0.5331011821940179,0.5330669087245664,0.5331564314244939,0.5330427804148611,0.5330403509280195,0.5330571086955547,0.533066757691757,0.5330662176553067,0.5330669072822718,0.5330587769937932,0.533058309911099,0.533063640478607,0.49828187,0.4836832,0.53041726,0.6180014752796537,0.6185525835624086,0.61852601961249,0.6180146065173936,0.618474802688473,0.618469645383878,0.6185052177471353,0.6185256990310619,0.6185245527511137,0.6185260165510841,0.6185087589861141,0.6185077675280656,0.6185190824106445,0.74639535,0.70282483,0.7614594,0.8488125817035583,0.8488111574464906,0.8487171298188441,0.8488141142905127,0.8486612861375573,0.8486556631893114,0.8486944482437186,0.8487167802632307,0.848715530383814,0.848717126480747,0.8486983094257259,0.8486972283894918,0.8487095656712608,0.7663636,0.68929875,0.783786
0.4716796875,0.533157827200986,0.5331011821940179,0.5330897577042008,0.5331547980733462,0.5331096836931712,0.5330978509056054,0.53311169004706,0.5330898824322953,0.5330897588952973,0.5330903284129912,0.5330964731674751,0.5330924567342503,0.5330968589004471,0.50006306,0.48395553,0.53069806,0.6180014752796537,0.6185525835624086,0.6185437292919586,0.6180111416286553,0.6185700088407053,0.6185544033118014,0.6185726548275992,0.6185438937967064,0.6185437308629044,0.6185444820031059,0.6185525862534887,0.6185472890441973,0.6185530949863112,0.73835516,0.69351375,0.75653744,0.8488125817035583,0.8488111574464906,0.84877981492066,0.8488106322073738,0.8488310302854332,0.8488006167296251,0.8488361871679262,0.8487801355072063,0.8487798179821157,0.848781281803922,0.8487970755559819,0.8487867521914048,0.8487980669980433,0.7688659,0.68939275,0.786549
0.4736328125,0.533157827200986,0.5331011821940179,0.5331126066838351,0.5331527042122659,0.5331206494537368,0.5331158733601723,0.5331214592826841,0.5331126570281048,0.5331126071646,0.533112837040255,0.5331153172607594,0.5331136960991549,0.5331154729549908,0.5021786,0.48447978,0.5308706,0.6180014752796537,0.6185525835624086,0.6185614374533683,0.618004864344454,0.6185785067334257,0.6185683704271424,0.6185802254158859,0.6185615443012994,0.6185614384737176,0.6185619263490987,0.6185671902052152,0.6185637495644891,0.6185675206387306,0.72971714,0.6843089,0.7509144,0.8488125817035583,0.8488111574464906,0.848842499955604,0.8488061427041149,0.8488611142628267,0.8488500604077795,0.8488629885396385,0.8488426164733299,0.8488425010682953,0.8488430330968196,0.848848773362411,0.8488450213183887,0.8488491337036586,0.7713087,0.6898076,0.7898441
0.4755859375,0.533157827200986,0.5331011821940179,0.5331354556634694,0.533151447160648,0.5331316152143024,0.533131228518308,0.5331338958147392,0.5331354316239145,0.5331353456675189,0.5331354554339026,0.5331341613540439,0.5331340870095347,0.5331349354640594,0.5046371,0.48528704,0.53098375,0.6180014752796537,0.6185525835624086,0.6185791440969147,0.6180000232110635,0.618587004276567,0.6185823365981739,0.6185877957267217,0.618579193297896,0.6185791445667617,0.6185793692221138,0.6185817931245626,0.618580208773252,0.6185819452838238,0.72065115,0.6753576,0.7446656,0.8488125817035583,0.8488111574464906,0.8489051849236846,0.8488034979695189,0.8488911982248212,0.8488897898991292,0.8488995040443367,0.8489050973730248,0.848904784324831,0.8489051840876156,0.848900471123363,0.8489002003649002,0.8489032903875986,0.7737395,0.69073474,0.793757
0.4775390625,0.533157827200986,0.5331468801532866,0.5331468801532866,0.533151540592947,0.5331468801532866,0.5331468801532866,0.5331468801532866,0.5331468801532866,0.5331468801532866,0.5331468801532866,0.5331468801532866,0.5331468801532866,0.5331468801532866,0.5074194,0.48639968,0.5310893,0.6180014752796537,0.61858799684955,0.61858799684955,0.6179982149011164,0.61858799684955,0.61858799684955,0.61858799684955,0.61858799684955,0.61858799684955,0.61858799684955,0.61858799684955,0.61858799684955,0.61858799684955,0.7113545,0.6667938,0.7378791,0.8488125817035583,0.8489433691617705,0.8489433691617705,0.8488038526482111,0.8489433691617705,0.8489433691617705,0.8489433691617705,0.8489433691617705,0.8489433691617705,0.8489433691617705,0.8489433691617705,0.8489433691617705,0.8489433691617705,0.776227,0.69238067,0.79836535
0.4794921875,0.533157827200986,0.5331468801532866,0.5331468801532866,0.5331524649564316,0.5331468801532866,0.5331468801532866,0.5331468801532866,0.5331468801532866,0.5331468801532866,0.5331468801532866,0.5331468801532866,0.5331468801532866,0.5331468801532866,0.51047677,0.4878216,0.53122616,0.6180014752796537,0.61858799684955,0.61858799684955,0.6179988670863917,0.61858799684955,0.61858799684955,0.61858799684955,0.61858799684955,0.61858799684955,0.61858799684955,0.61858799684955,0.61858799684955,0.61858799684955,0.7020345,0.65873486,0.7306464,0.8488125817035583,0.8489433691617705,0.8489433691617705,0.8488061493792101,0.8489433691617705,0.8489433691617705,0.8489433691617705,0.8489433691617705,0.8489433691617705,0.8489433691617705,0.8489433691617705,0.8489433691617705,0.8489433691617705,0.7788538,0.6949581,0.80373764
0.4814453125,0.533157827200986,0.5331468801532866,0.5331468801532866,0.5331543219371645,0.5331468801532866,0.5331468801532866,0.5331468801532866,0.5331468801532866,0.5331468801532866,0.5331468801532866,0.5331468801532866,0.5331468801532866,0.5331468801532866,0.5137351,0.4895298,0.53140426,0.6180014752796537,0.61858799684955,0.61858799684955,0.6180020334454625,0.61858799684955,0.61858799684955,0.61858799684955,0.61858799684955,0.61858799684955,0.61858799684955,0.61858799684955,0.61858799684955,0.61858799684955,0.69288814,0.65127665,0.72305304,0.8488125817035583,0.8489433691617705,0.8489433691617705,0.8488105203355444,0.8489433691617705,0.8489433691617705,0.8489433691617705,0.8489433691617705,0.8489433691617705,0.8489433691617705,0.8489433691617705,0.8489433691617705,0.8489433691617705,0.78170776,0.69867814,0.8099341
0.4833984375,0.533157827200986,0.5331468801532866,0.5331468801532866,0.5331566039832247,0.5331468801532866,0.5331468801532866,0.5331468801532866,0.5331468801532866,0.5331468801532866,0.5331468801532866,0.5331468801532866,0.5331468801532866,0.5331468801532866,0.5171044,0.4914701,0.5315961,0.6180014752796537,0.61858799684955,0.61858799684955,0.6180063761171434,0.61858799684955,0.61858799684955,0.61858799684955,0.61858799684955,0.61858799684955,0.61858799684955,0.61858799684955,0.61858799684955,0.61858799684955,0.6840809,0.6444918,0.71516824,0.8488125817035583,0.8489433691617705,0.8489433691617705,0.8488158402646346,0.8489433691617705,0.8489433691617705,0.8489433691617705,0.8489433691617705,0.8489433691617705,0.8489433691617705,0.8489433691617705,0.8489433691617705,0.8489433691617705,0.7848766,0.70373905,0.81700623
0.4853515625,0.533157827200986,0.5331227519377062,0.5331408480993916,0.533158285184152,0.5331276584971519,0.533127526134364,0.5331276637197776,0.5331395924854372,0.5331389873403922,0.5331405078941209,0.5331364053106691,0.5331364046954921,0.5331365776046927,0.52049094,0.49355862,0.5317348,0.6180014752796537,0.6184259206779914,0.6185274687343699,0.6180093545476587,0.6184534549093187,0.6184527121332405,0.6184534842169553,0.6185204229789616,0.6185170272546315,0.6185255597089077,0.6185025383091451,0.6185025348570897,0.6185035051338005,0.67572916,0.6384249,0.70703834,0.8488125817035583,0.8489089508230239,0.848937404621117,0.8488198242289557,0.8489166659499334,0.8489164578233824,0.8489166741619604,0.8489354304068174,0.8489344789274684,0.8489368697140345,0.8489304191327115,0.848930418165447,0.8489306900366312,0.7884436,0.7103124,0.8249943
0.4873046875,0.533157827200986,0.5331227519377062,0.5331287839916012,0.5331588165658427,0.5331243874575214,0.5331243433365921,0.5331243891983967,0.5331283654536164,0.5331281637386015,0.5331286705898444,0.5331273030620272,0.5331273028569681,0.5331273604933683,0.52381146,0.49569044,0.5317228,0.6180014752796537,0.6184259206779914,0.6184597707960906,0.6180089779847954,0.6184350988114136,0.6184348512163902,0.6184351085807457,0.6184574221083492,0.618456290153422,0.6184591344257409,0.6184514603244149,0.6184514591736905,0.6184517826103743,0.6678915,0.6330911,0.6986854,0.8488125817035583,0.8489089508230239,0.8489184356667302,0.8488212643809121,0.8489115225499573,0.8489114531734842,0.8489115252873379,0.8489177775625663,0.8489174603878489,0.8489182573552687,0.8489161070653475,0.8489161067429134,0.8489161973701866,0.7924866,0.7185264,0.83392304
0.4892578125,0.533157827200986,0.5331227519377062,0.5331167198838112,0.5331583821575268,0.533121116417891,0.5331211146770157,0.5331211605388203,0.533117138421796,0.533116833285568,0.5331173401368109,0.5331182008133852,0.5331181433820441,0.5331182010184443,0.52700156,0.49775344,0.5314495,0.6180014752796537,0.6184259206779914,0.6183920697938846,0.6180066383493202,0.6184167424882556,0.6184167327188035,0.6184169900862763,0.618394418584238,0.6183927061927653,0.6183955505859854,0.6184003805955142,0.6184000582984801,0.6184003817462779,0.66056603,0.62847614,0.690109,0.8488125817035583,0.8489089508230239,0.8488994657349649,0.8488205231827017,0.8489063790781266,0.8489063763407078,0.848906448455556,0.8489001238718613,0.8488996440555274,0.8489004410615142,0.8489017944416011,0.8489017041332291,0.8489017947640478,0.7970796,0.7284463,0.8437927
0.4912109375,0.533157827200986,0.5331227519377062,0.5331046557760208,0.53315697720092,0.5331178453782605,0.5331178401556348,0.5331179777410484,0.5331059113899752,0.5331049959812915,0.5331065165350202,0.5331090985647433,0.5331089262707197,0.5331090991799203,0.5300205,0.49964485,0.53081536,0.6180014752796537,0.6184259206779914,0.6183243657275443,0.6180022994368461,0.6183983859398405,0.6183983566311244,0.6183991287428948,0.618331412406461,0.6183262750097849,0.6183348085521715,0.6183492991223536,0.618348332198026,0.6183493025747626,0.6536985,0.62453955,0.68129516,0.8488125817035583,0.8489089508230239,0.8488804948257551,0.8488176753530222,0.84890123553444,0.8489012273220686,0.8489014436695962,0.8488824693346494,0.8488810298147488,0.848883420948417,0.8488874812614442,0.8488872103257294,0.8488874822288215,0.8022948,0.74005795,0.85457057
0.4931640625,0.533157827200986,0.5330176262168891,0.5330584012079489,0.5331551967291289,0.5330994731151716,0.533080363888796,0.5331091445988447,0.5330593420547098,0.5330584743413247,0.5330620557691391,0.5330722432754602,0.5330655122269491,0.5330753237988988,0.5297557,0.5012845,0.5328475,0.6180014752796537,0.6180843086678932,0.6182033687624213,0.6179982888030702,0.6183249654312637,0.6182683933678639,0.6183535959073915,0.6182061544242661,0.6182035852962872,0.61821418914281,0.6182443514045719,0.6182244228445991,0.618253471717115,0.6471951,0.6212215,0.67222595,0.8488125817035583,0.8487039919807188,0.8487804153227578,0.8488139384913547,0.8488410953122237,0.8488128635687919,0.8488553835869105,0.8487818053731505,0.8487805233734391,0.8487858147307256,0.8488008660647453,0.848790921429155,0.8488054172862745,0.8082043,0.75325644,0.8661828
0.4951171875,0.533157827200986,0.5330176262168891,0.5330312178805756,0.5331542516305291,0.5330596347058418,0.5330464134170436,0.5330663262105756,0.5330318688334973,0.5330312684800852,0.5330337463978466,0.533040794928256,0.5330361378513795,0.5330429262803699,0.52825993,0.5026228,0.5354743,0.6180014752796537,0.6180843086678932,0.6181239973899968,0.6179971980993486,0.6182079780523749,0.618168906096653,0.6182277522524652,0.6181259212609671,0.6181241469354308,0.6181314703172672,0.6181523015804535,0.6181385380931429,0.6181586004810226,0.6409383,0.618449,0.66288865,0.8488125817035583,0.8487039919807188,0.8487294667638906,0.8488121904452205,0.8487729977472801,0.8487527445915563,0.8487832480677481,0.848730463958292,0.8487295442772782,0.8487333401936044,0.8487441377580517,0.848737003644741,0.8487474027341617,0.81488013,0.76784474,0.8785142
0.4970703125,0.533157827200986,0.5330176262168891,0.5330040345532026,0.5331539714382166,0.5329643648245187,0.5329550235214424,0.5329828216695239,0.5330031258265749,0.5330005047572745,0.533003963916571,0.5329906650483578,0.5329876896927613,0.5329971663015561,0.5263789,0.5036414,0.5378953,0.6180014752796537,0.6180843086678932,0.6180446179216558,0.6179988324051909,0.6179274134895506,0.6178998120200884,0.6179819465102204,0.6180419332790711,0.6180341898272473,0.6180444092408434,0.6180051195950087,0.6179963290547026,0.618024326883119,0.6348039,0.6161401,0.6532836,0.8488125817035583,0.8487039919807188,0.8486785168616873,0.8488118863599772,0.8486171742145789,0.8486027290147353,0.8486457150243997,0.8486771116996517,0.8486730587372051,0.8486784076364705,0.8486578434700137,0.848653242604291,0.8486678964608121,0.82238907,0.78354174,0.89141273
0.4990234375,0.533157827200986,0.5330176262168891,0.5329768512258293,0.5331544420703014,0.5329470322220242,0.5329400105366935,0.5329609058921928,0.5329761681527743,0.5329741979432961,0.5329767981295754,0.5329668016154824,0.5329645650955264,0.5329716884876716,0.52422,0.5043482,0.54009867,0.6180014752796537,0.6180843086678932,0.61796523035616,0.618002599289571,0.6178767878357759,0.6178559602292885,0.6179179380725597,0.6179632044870049,0.6179573611786628,0.6179650728826145,0.6179354245348477,0.617928791158172,0.6179499184948283,0.62867635,0.6142052,0.64342713,0.8488125817035583,0.8487039919807188,0.8486275656159421,0.8488132921074752,0.8485846856291314,0.8485745881419806,0.8486046362949324,0.8486265833696096,0.8486237502401697,0.8486274892645491,0.8486131143751556,0.8486098982557019,0.8486201416729312,0.830785,0.8000011,0.90470314
0.5009765625,0.533157827200986,0.5329052853187208,0.532931970641643,0.5331554222057241,0.5329146691756808,0.532912882737641,0.5329150315044436,0.5329288068906156,0.5329279109851487,0.5329317486837347,0.5329261396959653,0.5329256049497605,0.5329264861323834,0.512763,0.49229363,0.5399494,0.6180014752796537,0.6177908904649735,0.617806362420517,0.6180080350721293,0.6177963313334135,0.6177952955508113,0.6177965414119649,0.6178045281817132,0.6178040087612292,0.6178062337373313,0.6178029818130482,0.6178026717795292,0.6178031826685628,0.6296211,0.61528075,0.66992855,0.8488125817035583,0.8485013548724032,0.8484988045537042,0.8488158726946663,0.8485004580621711,0.8485004234344767,0.8485006287915933,0.8484991069163392,0.8484988257664519,0.8484991925387295,0.848499361822061,0.8484993287129108,0.8484994129280812,0.76122236,0.74877375,0.7738652
0.5029296875,0.533157827200986,0.5329052853187208,0.5329141804263615,0.5331560599807517,0.5329084132710408,0.5329078177916943,0.5329085340472951,0.5329131258426857,0.5329128272075301,0.532914106440392,0.5329122367778023,0.5329120585290674,0.5329123522566084,0.5132177,0.49149162,0.5392172,0.6180014752796537,0.6177908904649735,0.6177960479556542,0.6180123126423103,0.6177927041090773,0.6177923588408752,0.6177927741369369,0.6177954365043175,0.6177952633541606,0.617796005058407,0.6177949210194804,0.6177948176696508,0.617794987974841,0.62472624,0.6129258,0.66835254,0.8488125817035583,0.8485013548724032,0.8485005047718399,0.848817725501705,0.8485010559363602,0.8485010443938508,0.8485011128459261,0.8485006055581202,0.8485005118426618,0.848500634098588,0.8485006905257517,0.8485006794894845,0.8485007075609168,0.77540773,0.7542238,0.78384197
0.5048828125,0.533157827200986,0.5329052853187208,0.5328963902110802,0.5331557316278743,0.5329021573664009,0.5329020365901466,0.5329027528457474,0.532897444794756,0.5328964641970496,0.5328977434299116,0.5328983338596394,0.5328982183808333,0.5328985121083742,0.5130837,0.49021974,0.5380157,0.6180014752796537,0.6177908904649735,0.617785732802115,0.618014007218924,0.6177890767995787,0.6177890067700432,0.6177894220751157,0.6177863442918577,0.6177857757022145,0.6177865174520109,0.6177868598053123,0.6177867928464291,0.6177869631604654,0.6200522,0.61095333,0.6670171,0.8488125817035583,0.8485013548724032,0.8485022049672961,0.8488173959146517,0.8485016538077449,0.8485015968984205,0.8485016653501992,0.8485021041822807,0.8485020756421422,0.8485021978965681,0.8485020192155914,0.8485020021806019,0.8485020302517429,0.78914475,0.75982064,0.7934235
0.5068359375,0.533157827200986,0.5329052853187208,0.5328785999957987,0.5331546790785056,0.5328959014617609,0.532895539132998,0.5328976878998006,0.532881763746826,0.532878821953707,0.532882659652293,0.5328844309414764,0.5328840845050583,0.5328849656876812,0.51239705,0.4885502,0.5364463,0.6180014752796537,0.6177908904649735,0.6177754169598307,0.6180131634574647,0.617785449404915,0.6177852393112804,0.6177864852535309,0.6177772515442873,0.617775545668687,0.6177777710547382,0.6177787981705114,0.6177785972832925,0.6177791082519425,0.6155694,0.60928684,0.6658687,0.8488125817035583,0.8485013548724032,0.8485039051400699,0.8488155498246674,0.8485022516763248,0.8485020809490766,0.8485022863035223,0.8485036027888182,0.8485035171693907,0.8485038839281678,0.8485033478915784,0.848503296787136,0.8485033809996846,0.802109,0.7655306,0.8024271
0.5087890625,0.533157827200986,0.532869704888158,0.532869704888158,0.5331529124339074,0.532869704888158,0.532869704888158,0.532869704888158,0.532869704888158,0.532869704888158,0.532869704888158,0.532869704888158,0.532869704888158,0.532869704888158,0.51121724,0.48656052,0.53459954,0.6180014752796537,0.6177702587803875,0.6177702587803875,0.6180099313613155,0.6177702587803875,0.6177702587803875,0.6177702587803875,0.6177702587803875,0.6177702587803875,0.6177702587803875,0.6177702587803875,0.6177702587803875,0.6177702587803875,0.6112544,0.6078526,0.66485095,0.8488125817035583,0.8485047552179505,0.8485047552179505,0.848812066703819,0.8485047552179505,0.8485047552179505,0.8485047552179505,0.8485047552179505,0.8485047552179505,0.8485047552179505,0.8485047552179505,0.8485047552179505,0.8485047552179505,0.8106903,0.77129906,0.8140182
0.5107421875,0.533157827200986,0.532869704888158,0.532869704888158,0.533150762229397,0.532869704888158,0.532869704888158,0.532869704888158,0.532869704888158,0.532869704888158,0.532869704888158,0.532869704888158,0.532869704888158,0.532869704888158,0.50963527,0.4843303,0.53254694,0.6180014752796537,0.6177702587803875,0.6177702587803875,0.6180053463071243,0.6177702587803875,0.6177702587803875,0.6177702587803875,0.6177702587803875,0.6177702587803875,0.6177702587803875,0.6177702587803875,0.6177702587803875,0.6177702587803875,0.60709065,0.6065824,0.6638937,0.8488125817035583,0.8485047552179505,0.8485047552179505,0.8488078091315667,0.8485047552179505,0.8485047552179505,0.8485047552179505,0.8485047552179505,0.8485047552179505,0.8485047552179505,0.8485047552179505,0.8485047552179505,0.8485047552179505,0.8180884,0.77705014,0.8246441
0.5126953125,0.533157827200986,0.532869704888158,0.532869704888158,0.5331491299013678,0.532869704888158,0.532869704888158,0.532869704888158,0.532869704888158,0.532869704888158,0.532869704888158,0.532869704888158,0.532869704888158,0.532869704888158,0.5077764,0.48194036,0.53033906,0.6180014752796537,0.6177702587803875,0.6177702587803875,0.6180020615508326,0.6177702587803875,0.6177702587803875,0.6177702587803875,0.6177702587803875,0.6177702587803875,0.6177702587803875,0.6177702587803875,0.6177702587803875,0.6177702587803875,0.6054164,0.6030699,0.6629079,0.8488125817035583,0.8485047552179505,0.8485047552179505,0.8488048738308173,0.8485047552179505,0.8485047552179505,0.8485047552179505,0.8485047552179505,0.8485047552179505,0.8485047552179505,0.8485047552179505,0.8485047552179505,0.8485047552179505,0.8245481,0.7826881,0.8338223
0.5146484375,0.533157827200986,0.532869704888158,0.532869704888158,0.5331486704614248,0.532869704888158,0.532869704888158,0.532869704888158,0.532869704888158,0.532869704888158,0.532869704888158,0.532869704888158,0.532869704888158,0.532869704888158,0.50579196,0.4794746,0.52801025,0.6180014752796537,0.6177702587803875,0.6177702587803875,0.6180021230404245,0.6177702587803875,0.6177702587803875,0.6177702587803875,0.6177702587803875,0.6177702587803875,0.6177702587803875,0.6177702587803875,0.6177702587803875,0.6177702587803875,0.6043058,0.5991943,0.6617875,0.8488125817035583,0.8485047552179505,0.8485047552179505,0.8488045483818146,0.8485047552179505,0.8485047552179505,0.8485047552179505,0.8485047552179505,0.8485047552179505,0.8485047552179505,0.8485047552179505,0.8485047552179505,0.8485047552179505,0.8300503,0.7881,0.84145355
0.5166015625,0.533157827200986,0.5328903323262367,0.5328748617476777,0.5331486909077918,0.5328699895461173,0.53286996764111,0.5328709956760744,0.5328747676347275,0.5328699810272659,0.5328748548922109,0.5328732842390799,0.5328732123342929,0.5328735724379338,0.5038449,0.4770228,0.5255888,0.6180014752796537,0.6178790598180663,0.617797459829493,0.6180033434192789,0.617769954163935,0.6177699287688938,0.6177758326130605,0.6177969333553495,0.6177699386450182,0.6177974214795591,0.6177885459502661,0.6177881899175987,0.6177902473283015,0.603217,0.5954788,0.6604203,0.8488125817035583,0.8486330862698207,0.848557925648092,0.8488052536634048,0.848534282523338,0.8485341739647099,0.8485391616284399,0.848557468871071,0.8485342403049166,0.848557892375099,0.8485502705570728,0.8485499208660603,0.8485516679806147,0.8346296,0.79316264,0.84750223
0.5185546875,0.533157827200986,0.5328903323262367,0.532885175466717,0.5331493201340484,0.53287375151813,0.532872942438754,0.5328767343989042,0.5328849699832504,0.5328732570895062,0.532885160498691,0.532881325363854,0.5328812146891198,0.532882360425482,0.50208986,0.47468293,0.5231079,0.6180014752796537,0.6178790598180663,0.6178518603483173,0.6180064661893495,0.6177899131428123,0.6177855045424909,0.617806102668466,0.6178507464724935,0.6177872190475633,0.6178517792103231,0.6178309831777306,0.617830376173669,0.6178366006206953,0.6021332,0.5919547,0.6587031,0.8488125817035583,0.8486330862698207,0.8486080328869429,0.848807500284973,0.8485525574005344,0.84854862874544,0.848567042337278,0.8486070350468958,0.8485501565988439,0.8486079602013191,0.8485893366118775,0.848588799273098,0.8485943628547339,0.8383689,0.7977505,0.8519911
0.5205078125,0.533157827200986,0.5328903323262367,0.5328954891857565,0.5331501832138044,0.53287753539515,0.5328758953313909,0.532882473121734,0.5328951723317736,0.5328765331517465,0.5328954661051712,0.5328894383934153,0.5328891451391599,0.5328911484130304,0.50065243,0.47256088,0.52061504,0.6180014752796537,0.6178790598180663,0.6179062587613938,0.6180096180922517,0.6178098718382388,0.617801080143464,0.6178363720719022,0.6179045575291187,0.6178044992376327,0.6179061348386505,0.6178737751348417,0.6178722051520378,0.6178829523842508,0.6010554,0.58867013,0.65655756,0.8488125817035583,0.8486330862698207,0.8486581394950063,0.8488101413811491,0.8485709407514493,0.8485629749158313,0.848594922850815,0.8486566006054819,0.8485660728291229,0.8486580273977437,0.8486287519673683,0.8486273276161667,0.8486370572708818,0.841392,0.80174685,0.8549946
0.5224609375,0.533157827200986,0.5328903323262367,0.5329058029047957,0.5331502307962713,0.5329400747505568,0.5329311261082345,0.5329425019886848,0.5329064193551953,0.5329058478088737,0.5329415580364283,0.5329173532133848,0.5329142480285008,0.5329176852375875,0.49961436,0.47076714,0.518176,0.6180014752796537,0.6178790598180663,0.6179606550688455,0.6180103310408203,0.6181464665614995,0.6180979089285359,0.6181596890123444,0.6179639964359666,0.6179608984642115,0.618154546819072,0.6180232799884176,0.618006429788379,0.6180251007561738,0.6000003,0.5856916,0.6539451,0.8488125817035583,0.8486330862698207,0.8487082454723194,0.8488109906009209,0.8488746627150681,0.8488312112606888,0.8488864476504153,0.8487112389133831,0.8487084635235373,0.8488818644966509,0.8487643322877624,0.8487492542095729,0.8487659442289921,0.843855,0.8050539,0.8566314
0.5244140625,0.533157827200986,0.532982028083904,0.5329574539107883,0.5331498664297258,0.5329574125009923,0.532957408494219,0.5329574297916587,0.5329574538637847,0.5329574526641813,0.5329574538975396,0.5329574399548453,0.5329574392059311,0.5329574458672154,0.49900547,0.4694096,0.51587254,0.6180014752796537,0.6182032487153434,0.6181024773552558,0.6180095704336654,0.6180112984780616,0.6180024760942476,0.6180493702335759,0.6181023738596172,0.6180997324921943,0.618102448183319,0.618071748222034,0.6180700992120297,0.6180847664759918,0.5989975,0.5831017,0.6508752,0.8488125817035583,0.848903604349827,0.8488225813140776,0.8488109246477089,0.8487455482019468,0.8487380944558701,0.8487777136049385,0.8488224938760613,0.8488202623230208,0.8488225566682445,0.8487966197876098,0.8487952266148747,0.8488076182916144,0.84593356,0.80760425,0.85705507
0.5263671875,0.533157827200986,0.532982028083904,0.5329738366928655,0.5331490047917605,0.5329779273349592,0.532976219286742,0.5329783231416705,0.5329738413360862,0.5329738380016331,0.5329739598381988,0.5329752153223924,0.5329746312724326,0.5329752893034515,0.4988071,0.46858266,0.51379424,0.6180014752796537,0.6182032487153434,0.6181696592944989,0.618007379489326,0.6182167685977232,0.6181970981890595,0.6182213268115672,0.6181697127679056,0.6181696743668522,0.618171077490934,0.6181855361679596,0.6181788100147024,0.618186388162414,0.5980853,0.5809952,0.6474092,0.8488125817035583,0.848903604349827,0.8488765969117861,0.8488096668686976,0.848915715255985,0.8488993814430549,0.8489195002853567,0.8488766413146445,0.8488766094274572,0.8488777745434835,0.8488897806417102,0.8488841954226667,0.8488904881154646,0.8478091,0.8093666,0.85644805
0.5283203125,0.533157827200986,0.532982028083904,0.5329902194749426,0.5331478512663175,0.5329902332782079,0.5329902275146525,0.532990234613799,0.5329902194906105,0.5329902194793589,0.5329902198904783,0.5329902241269235,0.5329902221561336,0.5329902243765617,0.4989641,0.4683543,0.5120272,0.6180014752796537,0.6182032487153434,0.6182368371037333,0.6180042153749945,0.6182672281877635,0.6182545383862786,0.6182701688006075,0.6182368716001547,0.6182368468271133,0.6182377520017327,0.6182470795169194,0.6182427403664347,0.6182476291530274,0.5973092,0.57947135,0.6436564,0.8488125817035583,0.848903604349827,0.848930611547341,0.848807660287837,0.848956287986991,0.8489455668097247,0.8489587724048799,0.8489306406923578,0.8489306197623401,0.8489313845177957,0.8489392650513696,0.8489355990375367,0.848939729421607,0.84964937,0.8103488,0.8550116
0.5302734375,0.533157827200986,0.532982028083904,0.5330066022570198,0.5331469785134958,0.5330025392214568,0.5330021460859277,0.533004235742563,0.5330065976451348,0.5330064799427577,0.5330066009570846,0.5330052329314547,0.533005159449672,0.5330058130398346,0.49940422,0.46875498,0.5106419,0.6180014752796537,0.6182032487153434,0.6183040107833401,0.6180024490243907,0.6183176854477853,0.6183119755642523,0.6183190086066169,0.6183040263051091,0.6183040151584043,0.6183044224445471,0.6183086193999014,0.61830666697813,0.618308866711634,0.59671783,0.5786252,0.6397656,0.8488125817035583,0.848903604349827,0.8489846252208316,0.8488065676587709,0.8489968601751888,0.8489917514730175,0.8489980440158383,0.84898463910855,0.8489846291353121,0.848984993544405,0.8489887486535768,0.8489870017811066,0.8489889699282113,0.8515922,0.81059253,0.8529584
0.5322265625,0.533157827200986,0.5330213945828541,0.5330213945828541,0.5331466390848555,0.5330213945828541,0.5330213945828541,0.5330213945828541,0.5330213945828541,0.5330213945828541,0.5330213945828541,0.5330213945828541,0.5330213945828541,0.5330213945828541,0.50005823,0.46976826,0.50968564,0.6180014752796537,0.6184165223136369,0.6184165223136369,0.6180025277131863,0.6184165223136369,0.6184165223136369,0.6184165223136369,0.6184165223136369,0.6184165223136369,0.6184165223136369,0.6184165223136369,0.6184165223136369,0.6184165223136369,0.59636235,0.57853806,0.6359091,0.8488125817035583,0.8490652097064582,0.8490652097064582,0.8488068473754243,0.8490652097064582,0.8490652097064582,0.8490652097064582,0.8490652097064582,0.8490652097064582,0.8490652097064582,0.8490652097064582,0.8490652097064582,0.8490652097064582,0.8505017,0.81016785,0.8537297
0.5341796875,0.533157827200986,0.5330213945828541,0.5330213945828541,0.5331466387731693,0.5330213945828541,0.5330213945828541,0.5330213945828541,0.5330213945828541,0.5330213945828541,0.5330213945828541,0.5330213945828541,0.5330213945828541,0.5330213945828541,0.5008761,0.4713293,0.5091788,0.6180014752796537,0.6184165223136369,0.6184165223136369,0.6180041899018982,0.6184165223136369,0.6184165223136369,0.6184165223136369,0.6184165223136369,0.6184165223136369,0.6184165223136369,0.6184165223136369,0.6184165223136369,0.6184165223136369,0.5962921,0.5792688,0.6322604,0.8488125817035583,0.8490652097064582,0.8490652097064582,0.8488081059736607,0.8490652097064582,0.8490652097064582,0.8490652097064582,0.8490652097064582,0.8490652097064582,0.8490652097064582,0.8490652097064582,0.8490652097064582,0.8490652097064582,0.84784853,0.8091634,0.85610336
0.5361328125,0.533157827200986,0.5330213945828541,0.5330213945828541,0.5331473313058603,0.5330213945828541,0.5330213945828541,0.5330213945828541,0.5330213945828541,0.5330213945828541,0.5330213945828541,0.5330213945828541,0.5330213945828541,0.5330213945828541,0.5018354,0.47332913,0.50911784,0.6180014752796537,0.6184165223136369,0.6184165223136369,0.6180081164471443,0.6184165223136369,0.6184165223136369,0.6184165223136369,0.6184165223136369,0.6184165223136369,0.6184165223136369,0.6184165223136369,0.6184165223136369,0.6184165223136369,0.5965485,0.58084524,0.6289691,0.8488125817035583,0.8490652097064582,0.8490652097064582,0.8488110842664381,0.8490652097064582,0.8490652097064582,0.8490652097064582,0.8490652097064582,0.8490652097064582,0.8490652097064582,0.8490652097064582,0.8490652097064582,0.8490652097064582,0.8451893,0.80767906,0.8587049
0.5380859375,0.533157827200986,0.5330213945828541,0.5330213945828541,0.5331481946597545,0.5330213945828541,0.5330213945828541,0.5330213945828541,0.5330213945828541,0.5330213945828541,0.5330213945828541,0.5330213945828541,0.5330213945828541,0.5330213945828541,0.5029391,0.47562692,0.50948083,0.6180014752796537,0.6184165223136369,0.6184165223136369,0.6180126623509475,0.6184165223136369,0.6184165223136369,0.6184165223136369,0.6184165223136369,0.6184165223136369,0.6184165223136369,0.6184165223136369,0.6184165223136369,0.6184165223136369,0.5971582,0.5832583,0.6261358,0.8488125817035583,0.8490652097064582,0.8490652097064582,0.8488145874535267,0.8490652097064582,0.8490652097064582,0.8490652097064582,0.8490652097064582,0.8490652097064582,0.8490652097064582,0.8490652097064582,0.8490652097064582,0.8490652097064582,0.8426895,0.80582124,0.86148834
0.5400390625,0.533157827200986,0.5329034438957936,0.532991906911089,0.5331481686164086,0.5329292684288285,0.5329285161573891,0.5329308542959357,0.5329915203366216,0.5329908840028713,0.5329918873199861,0.5329707964694541,0.5329707665068723,0.5329721394560415,0.50420576,0.4780663,0.5102359,0.6180014752796537,0.6184074408889256,0.61841425233428,0.6180147740570762,0.618409429551305,0.61840937162408,0.6184095516674354,0.6184142225738686,0.6184141735856601,0.6184142508260613,0.6184126270850416,0.6184126247781929,0.618412730482636,0.5981261,0.5864582,0.6237942,0.8488125817035583,0.8490373930165644,0.8490582555356327,0.8488162205964288,0.8490434833007526,0.8490433058901278,0.849043857300958,0.849058164368547,0.8490580142999352,0.8490582509154005,0.8490532769927898,0.8490532699266179,0.8490535937136208,0.8404842,0.80370194,0.86438286
0.5419921875,0.533157827200986,0.5329034438957936,0.5329329315675587,0.533147183262975,0.5329120520734719,0.5329118013163254,0.5329125806958409,0.5329328027094029,0.5329325905981528,0.5329329250371911,0.5329258947536805,0.5329258847661531,0.5329263424158762,0.5056549,0.48049375,0.51134706,0.6180014752796537,0.6184074408889256,0.6184097116219661,0.6180145604999792,0.6184081037978008,0.6184080844874964,0.6184081445058885,0.618409701699638,0.6184096853666499,0.6184097111191152,0.6184091697666186,0.6184091689975397,0.6184092042383496,0.5994307,0.59035206,0.621906,0.8488125817035583,0.8490373930165644,0.8490443471906863,0.8488161498777073,0.8490394231113875,0.8490393639745072,0.8490395477781346,0.8490443168016482,0.8490442667787619,0.8490443456506085,0.8490426876759434,0.8490426853205524,0.8490427932495793,0.8386725,0.80143857,0.8673054
0.5439453125,0.533157827200986,0.5329034438957936,0.5328739562240284,0.5331456292586768,0.5328948357181152,0.5328943070957463,0.5328950864752617,0.5328740850821843,0.532873962754396,0.5328742971934344,0.5328809930379067,0.532880545375711,0.5328810030254341,0.50729144,0.4827744,0.5127772,0.6180014752796537,0.6184074408889256,0.6184051699045738,0.6180133671701775,0.6184067779586339,0.6184067372478349,0.6184067972701678,0.6184051798290935,0.6184051704075361,0.6184051961656684,0.6184057118655536,0.6184056773879552,0.6184057126347622,0.60102403,0.59480476,0.62036824,0.8488125817035583,0.8490373930165644,0.8490304388413433,0.8488152833485592,0.8490353629216475,0.8490352382548888,0.8490354220585333,0.849030469230391,0.8490304403814216,0.849030519253293,0.8490320983565482,0.8490319927828868,0.84903210071194,0.83731645,0.79915434,0.8701695
0.5458984375,0.533157827200986,0.5329034438957936,0.5328149808804982,0.5331434035454904,0.5328776193627587,0.5328760334956515,0.532878371634198,0.5328153674549656,0.532815000471601,0.5328160037887159,0.532836091322133,0.5328347483355457,0.5328361212847149,0.50909466,0.4848035,0.5144889,0.6180014752796537,0.6184074408889256,0.6184006271817692,0.6180106339020773,0.6184054520337956,0.6184053298932649,0.6184055099720867,0.6184006569619052,0.6184006286909897,0.6184007059823938,0.6184022533816986,0.6184021499312967,0.6184022556897136,0.6028372,0.59964454,0.61903334,0.8488125817035583,0.8490373930165644,0.849016530487603,0.8488132136394249,0.849031302731533,0.849030928731221,0.8490314801422063,0.8490166216547751,0.8490165351078396,0.8490167717235281,0.8490215090346043,0.8490211923135424,0.8490215161007812,0.8364425,0.79697675,0.8728874
0.5478515625,0.533157827200986,0.5324222664152527,0.5326086735197146,0.5331409524908687,0.5327538716550954,0.5327366098842198,0.532795201699362,0.5326091109464739,0.5326086882988074,0.5326123085194004,0.5326556853898353,0.5326513394654844,0.5326715373073992,0.51101136,0.48651215,0.5164403,0.6180014752796537,0.618203378401737,0.6183032942773479,0.6180077948720757,0.6184003491362335,0.6183888136134081,0.6184279657256584,0.6183035867461953,0.6183033041588368,0.6183057246677238,0.6183347242366407,0.6183318189856071,0.618345320843921,0.60478926,0.6046703,0.61773515,0.8488125817035583,0.8489052446635516,0.8489763702639301,0.8488112376789033,0.8490533889283867,0.8490442327276287,0.8490753116034423,0.8489766022948885,0.8489763781034304,0.8489782984317911,0.8490013073841292,0.8489990021275503,0.8490097158763298,0.83604497,0.7950306,0.8753698
0.5498046875,0.533157827200986,0.5324222664152527,0.53248440211674,0.5331389124512347,0.5326971083982942,0.5326718209723479,0.5327576543550956,0.5324850429198685,0.5324844237671962,0.5324897271662978,0.5325532715967513,0.5325469050865603,0.5325764936748564,0.512957,0.48786792,0.5185819,0.6180014752796537,0.618203378401737,0.6182366914664085,0.6180068411109266,0.6183699495626894,0.6183541128484198,0.6184078614695194,0.6182370930822534,0.6182367050355937,0.6182400288494029,0.6182798490753447,0.6182758599192024,0.6182943988594622,0.6096661,0.60680026,0.61631477,0.8488125817035583,0.8489052446635516,0.8489289534333004,0.8488107893585672,0.8490317311620016,0.8490195127073059,0.8490609857227985,0.8489292630691903,0.8489289638947952,0.8489315264946924,0.8489622309499634,0.8489591546888562,0.8489734516958108,0.8360914,0.7934311,0.8775253
0.5517578125,0.533157827200986,0.5324222664152527,0.5323601307137654,0.533137176829354,0.5322294530447405,0.5321922561907224,0.5322449885609187,0.5323597370316488,0.5323568592303913,0.5323601174126484,0.5323178202420243,0.5323035535874878,0.5323217315544008,0.51482284,0.48887148,0.52085394,0.6180014752796537,0.618203378401737,0.6181700575606355,0.6180067210403004,0.6180870821022342,0.6180634560334701,0.6180969487110713,0.6181698076483129,0.61816798078754,0.6181700491169939,0.6181431964449094,0.6181341381911484,0.6181456797496032,0.6144166,0.6088031,0.6146438,0.8488125817035583,0.8489052446635516,0.8488815356574031,0.8488113187710068,0.8488172485118612,0.8487989491756627,0.8488248913174855,0.8488813419868851,0.8488799262623795,0.8488815291139661,0.8488607210950914,0.8488537026047934,0.8488626452647953,0.83652836,0.7922746,0.8792628
0.5537109375,0.533157827200986,0.5324222664152527,0.5322358593107908,0.5331354654622743,0.5320086325628809,0.5319439534158309,0.5320356462435245,0.5322351747630196,0.5322301707449212,0.5322358361823589,0.5321622884323998,0.5321374810912674,0.5321690895545654,0.5164898,0.48955157,0.5231844,0.6180014752796537,0.618203378401737,0.6181033925382485,0.6180073102109821,0.6179556895988743,0.617913623501346,0.6179732557594099,0.6181029477548672,0.6180996963705617,0.6181033775106203,0.6180555834775984,0.6180394597753155,0.6180600036512529,0.61263895,0.6107516,0.618725,0.8488125817035583,0.8489052446635516,0.8488341169355763,0.8488124592109758,0.8487185949946378,0.8486857113061881,0.8487323289767538,0.8488337689188764,0.8488312249287938,0.8488341051773318,0.8487967140538897,0.8487841020783771,0.8488001717137006,0.83728844,0.7916291,0.8804966
0.5556640625,0.533157827200986,0.5319092726719965,0.5319092726719965,0.5331336692975353,0.5319092726719965,0.5319092726719965,0.5319092726719965,0.5319092726719965,0.5319092726719965,0.5319092726719965,0.5319092726719965,0.5319092726719965,0.5319092726719965,0.51784474,0.48996028,0.5254926,0.6180014752796537,0.6178742369409845,0.6178742369409845,0.6180081563573215,0.6178742369409845,0.6178742369409845,0.6178742369409845,0.6178742369409845,0.6178742369409845,0.6178742369409845,0.6178742369409845,0.6178742369409845,0.6178742369409845,0.6126241,0.6102686,0.6224292,0.8488125817035583,0.8486580437230045,0.8486580437230045,0.848813841458705,0.8486580437230045,0.8486580437230045,0.8486580437230045,0.8486580437230045,0.8486580437230045,0.8486580437230045,0.8486580437230045,0.8486580437230045,0.8486580437230045,0.8382951,0.79152936,0.88115716
0.5576171875,0.533157827200986,0.5319092726719965,0.5319092726719965,0.5331313636421504,0.5319092726719965,0.5319092726719965,0.5319092726719965,0.5319092726719965,0.5319092726719965,0.5319092726719965,0.5319092726719965,0.5319092726719965,0.5319092726719965,0.5187982,0.49016845,0.5276942,0.6180014752796537,0.6178742369409845,0.6178742369409845,0.618008362089888,0.6178742369409845,0.6178742369409845,0.6178742369409845,0.6178742369409845,0.6178742369409845,0.6178742369409845,0.6178742369409845,0.6178742369409845,0.6178742369409845,0.61441934,0.6075512,0.62541515,0.8488125817035583,0.8486580437230045,0.8486580437230045,0.8488145339669231,0.8486580437230045,0.8486580437230045,0.8486580437230045,0.8486580437230045,0.8486580437230045,0.8486580437230045,0.8486580437230045,0.8486580437230045,0.8486580437230045,0.8394699,0.79197484,0.8811999
0.5595703125,0.533157827200986,0.5319092726719965,0.5319092726719965,0.5331282090654023,0.5319092726719965,0.5319092726719965,0.5319092726719965,0.5319092726719965,0.5319092726719965,0.5319092726719965,0.5319092726719965,0.5319092726719965,0.5319092726719965,0.51929927,0.4902626,0.52971005,0.6180014752796537,0.6178742369409845,0.6178742369409845,0.6180080701272821,0.6178742369409845,0.6178742369409845,0.6178742369409845,0.6178742369409845,0.6178742369409845,0.6178742369409845,0.6178742369409845,0.6178742369409845,0.6178742369409845,0.6161481,0.60454834,0.6276253,0.8488125817035583,0.8486580437230045,0.8486580437230045,0.8488142024547098,0.8486580437230045,0.8486580437230045,0.8486580437230045,0.8486580437230045,0.8486580437230045,0.8486580437230045,0.8486580437230045,0.8486580437230045,0.8486580437230045,0.8407371,0.7929301,0.88061583
0.5615234375,0.533157827200986,0.5319092726719965,0.5319092726719965,0.5331239130655112,0.5319092726719965,0.5319092726719965,0.5319092726719965,0.5319092726719965,0.5319092726719965,0.5319092726719965,0.5319092726719965,0.5319092726719965,0.5319092726719965,0.5193454,0.4903423,0.531476,0.6180014752796537,0.6178742369409845,0.6178742369409845,0.6180069436535367,0.6178742369409845,0.6178742369409845,0.6178742369409845,0.6178742369409845,0.6178742369409845,0.6178742369409845,0.6178742369409845,0.6178742369409845,0.6178742369409845,0.6178216,0.6013527,0.6290597,0.8488125817035583,0.8486580437230045,0.8486580437230045,0.8488125708124923,0.8486580437230045,0.8486580437230045,0.8486580437230045,0.8486580437230045,0.8486580437230045,0.8486580437230045,0.8486580437230045,0.8486580437230045,0.8486580437230045,0.8420297,0.7943315,0.8794374
0.5634765625,0.533157827200986,0.531963007367225,0.531963007367225,0.5331182877901213,0.531963007367225,0.531963007367225,0.531963007367225,0.531963007367225,0.531963007367225,0.531963007367225,0.531963007367225,0.531963007367225,0.531963007367225,0.5189844,0.4905169,0.5329536,0.6180014752796537,0.617766052684729,0.617766052684729,0.6180051734373657,0.617766052684729,0.617766052684729,0.617766052684729,0.617766052684729,0.617766052684729,0.617766052684729,0.617766052684729,0.617766052684729,0.617766052684729,0.61944175,0.59807694,0.62977195,0.8488125817035583,0.848568509666323,0.848568509666323,0.8488099900513285,0.848568509666323,0.848568509666323,0.848568509666323,0.848568509666323,0.848568509666323,0.848568509666323,0.848568509666323,0.848568509666323,0.848568509666323,0.84329224,0.7960935,0.8777392
0.5654296875,0.533157827200986,0.531963007367225,0.531963007367225,0.5331115180624931,0.531963007367225,0.531963007367225,0.531963007367225,0.531963007367225,0.531963007367225,0.531963007367225,0.531963007367225,0.531963007367225,0.531963007367225,0.51830876,0.4909017,0.53413755,0.6180014752796537,0.617766052684729,0.617766052684729,0.6180039629075437,0.617766052684729,0.617766052684729,0.617766052684729,0.617766052684729,0.617766052684729,0.617766052684729,0.617766052684729,0.617766052684729,0.617766052684729,0.6209974,0.5948442,0.6298605,0.8488125817035583,0.848568509666323,0.848568509666323,0.848807693974367,0.848568509666323,0.848568509666323,0.848568509666323,0.848568509666323,0.848568509666323,0.848568509666323,0.848568509666323,0.848568509666323,0.848568509666323,0.8444801,0.79811925,0.8756336
0.5673828125,0.533157827200986,0.531963007367225,0.531963007367225,0.5331037165554564,0.531963007367225,0.531963007367225,0.531963007367225,0.531963007367225,0.531963007367225,0.531963007367225,0.531963007367225,0.531963007367225,0.531963007367225,0.5174443,0.49161294,0.5350588,0.6180014752796537,0.617766052684729,0.617766052684729,0.6180040068508792,0.617766052684729,0.617766052684729,0.617766052684729,0.617766052684729,0.617766052684729,0.617766052684729,0.617766052684729,0.617766052684729,0.617766052684729,0.6224676,0.5917803,0.6294557,0.8488125817035583,0.848568509666323,0.848568509666323,0.8488064820827743,0.848568509666323,0.848568509666323,0.848568509666323,0.848568509666323,0.848568509666323,0.848568509666323,0.848568509666323,0.848568509666323,0.848568509666323,0.84555995,0.8003072,0.8732611
0.5693359375,0.533157827200986,0.531963007367225,0.531963007367225,0.5330952053013767,0.531963007367225,0.531963007367225,0.531963007367225,0.531963007367225,0.531963007367225,0.531963007367225,0.531963007367225,0.531963007367225,0.531963007367225,0.5165351,0.4927609,0.53578067,0.6180014752796537,0.617766052684729,0.617766052684729,0.6180051519516898,0.617766052684729,0.617766052684729,0.617766052684729,0.617766052684729,0.617766052684729,0.617766052684729,0.617766052684729,0.617766052684729,0.617766052684729,0.6238316,0.5890093,0.62870634,0.8488125817035583,0.848568509666323,0.848568509666323,0.8488066495621597,0.848568509666323,0.848568509666323,0.848568509666323,0.848568509666323,0.848568509666323,0.848568509666323,0.848568509666323,0.848568509666323,0.848568509666323,0.84650475,0.8025577,0.87077725
0.5712890625,0.533157827200986,0.533173582336956,0.5322656511096577,0.5330864536852049,0.5320661344514754,0.5320428263382904,0.5321033436014476,0.5321416873345474,0.5320377288897556,0.5322445359422276,0.5322010521311875,0.5321913404971272,0.5322109501805272,0.5157283,0.49444318,0.5363889,0.6180014752796537,0.6178171230065836,0.6177788420439511,0.6180069192630588,0.6177927232941562,0.6177901337005036,0.617794345621124,0.6177874655237199,0.617780310626474,0.6177947004404815,0.6177833353392288,0.6177826467922802,0.617784010943296,0.6250815,0.58665043,0.6277664,0.8488125817035583,0.8486107172324644,0.8485790616099769,0.8488082000776911,0.8485918185482358,0.8485894394275533,0.8485933088479912,0.8485869877611194,0.8485804116991215,0.8485936347741827,0.8485831920223609,0.8485825591484589,0.8485838129769103,0.8472891,0.8047745,0.86833906
0.5732421875,0.533157827200986,0.533173582336956,0.5328709385945233,0.5330769873071899,0.5322854656397598,0.5322170689954857,0.5323946542718113,0.5325071722886984,0.5322021107544918,0.5328089770541774,0.53268137570216,0.5326528773344514,0.5327104210973972,0.51516175,0.49673668,0.53697884,0.6180014752796537,0.6178171230065836,0.6178043771801399,0.6180090281942332,0.6178019806306069,0.6178017003147905,0.6178024279784482,0.6178028887749105,0.6178016390005506,0.6178041237986699,0.6178036018083555,0.6178034851933573,0.6178037206489458,0.6262313,0.5848146,0.6267837,0.8488125817035583,0.8486107172324644,0.8486001653929881,0.8488110320382036,0.8485994656763765,0.8485993839333779,0.8485995961711387,0.8485997306449088,0.8485993660563075,0.8486000913409164,0.8485999388407193,0.8485999047814584,0.848599973553746,0.84788656,0.80686605,0.8660912
0.5751953125,0.533157827200986,0.533173582336956,0.5334762260793887,0.5330619057073908,0.532504796828044,0.532391311652681,0.532685964942175,0.5328726572428493,0.5323664926192279,0.5333734181661272,0.5331616992731324,0.5331144141717756,0.5332098920142672,0.51495546,0.49968922,0.53764087,0.6180014752796537,0.6178171230065836,0.6178298543714847,0.6180100838603998,0.6178112303411258,0.617809050194324,0.6178147088096171,0.6178182908692033,0.6178085732757016,0.6178278865704037,0.6178238317614954,0.6178229257242636,0.6178247550248039,0.62589157,0.583601,0.6273205,0.8488125817035583,0.8486107172324644,0.8486212690373331,0.8488135921591807,0.8486071127862859,0.8486054590072568,0.8486097528825709,0.8486124734780992,0.8486050973281897,0.8486197708621122,0.8486166855717203,0.848615996505344,0.8486173878645783,0.8482683,0.80874217,0.8641559
0.5771484375,0.533157827200986,0.533173582336956,0.5340815135642543,0.5330315727373793,0.5358379324285449,0.53551036653239,0.536043122361367,0.535172812481729,0.5342673981852918,0.536087997084349,0.5346502022413442,0.5345630660556324,0.5347356973444697,0.5152059,0.5033117,0.53845143,0.6180014752796537,0.6178171230065836,0.6178552738149964,0.6180097129873175,0.6178622489644149,0.6178609515946708,0.6178630608396407,0.6178596130039147,0.6178560141762184,0.6178632383126819,0.6178575372275626,0.6178571907331123,0.6178578770865433,0.6252036,0.5830908,0.6284078,0.8488125817035583,0.8486107172324644,0.8486423725434827,0.8488154570791364,0.848644471609268,0.8486440801417239,0.8486447168275276,0.8486436767371556,0.8486425946914693,0.8486447704563653,0.8486430521746184,0.8486429480395673,0.8486431543484134,0.84840703,0.81031436,0.8626251
0.5791015625,0.533157827200986,0.5397424479020606,0.5348157987282322,0.5329754370022988,0.5338580196237293,0.5338144575218656,0.5344043013884331,0.5347683983266727,0.5345481305714246,0.5347919993511615,0.5345056915305939,0.534478326389651,0.5346785670408057,0.51598513,0.50757164,0.5394681,0.6180014752796537,0.6180559280636526,0.6178773742306408,0.6180084832234334,0.6179182049280028,0.6178948986766385,0.6179200654900682,0.6178793914981624,0.6178783870404503,0.6178887703530068,0.6178905782673462,0.6178832155215909,0.6178917441818235,0.6248121,0.58334184,0.62955713,0.8488125817035583,0.8487917641578292,0.8486559801145246,0.8488164336794461,0.8486876006691346,0.8486695655183552,0.8486890388396817,0.8486575450212965,0.8486567658422881,0.8486648170685547,0.8486662181734687,0.8486605107656728,0.8486671216203175,0.8482826,0.81149644,0.8615574
0.5810546875,0.533157827200986,0.5397424479020606,0.5381002315107845,0.5328997496118604,0.5360891640405715,0.5359976958454729,0.5372362025188607,0.5380007039629364,0.5375382034602278,0.5380502594944676,0.5374490933782891,0.5373916342580082,0.5378120834595602,0.5173396,0.512389,0.54073024,0.6180014752796537,0.6180559280636526,0.6179967734023546,0.6180068313254503,0.617999448184336,0.6179979201340627,0.6179995703170797,0.6179969053067407,0.6179968396244326,0.6179975189019855,0.6179976372448639,0.617997155420426,0.6179977135744121,0.624789,0.5843823,0.63082254,0.8488125817035583,0.8487917641578292,0.8487465035701833,0.848816721851826,0.8487490936805846,0.8487476163776305,0.8487492114850113,0.8487466317545497,0.8487465679305682,0.8487472274220839,0.8487473421894801,0.8487468746842632,0.8487474161927058,0.8478887,0.81220955,0.86097795
0.5830078125,0.533157827200986,0.5397424479020606,0.5413846642933368,0.532852781555788,0.5383203084574136,0.5381809341690801,0.5400681036492885,0.5412330095992002,0.5405282763490312,0.5413085196377737,0.5403924952259842,0.5403049421263653,0.5409455998783147,0.5192898,0.51763844,0.5422622,0.6180014752796537,0.6180559280636526,0.6181147238497893,0.6180054149329882,0.6180800179924085,0.6180784300897082,0.6180998611848502,0.6181130155034215,0.6181050643091406,0.6181138662218686,0.6181035299678721,0.6181025401994962,0.6181097752880277,0.6251878,0.58620644,0.6322349,0.8488125817035583,0.8487917641578292,0.8488370239945757,0.8488166294935588,0.848810585288392,0.8488093827861161,0.8488256649800594,0.8488357155514915,0.8488296352609221,0.8488363670354453,0.8488284637683179,0.8488277083772664,0.8488332358423942,0.8472396,0.812391,0.86088073
0.5849609375,0.533157827200986,0.5397424479020606,0.5446690970758891,0.5328552809344791,0.5507022994865279,0.5472611840516601,0.5509767040718238,0.5449676797194332,0.5448190131248396,0.5463551812275588,0.5466225114733753,0.5455335412295619,0.546794888834218,0.523155,0.5218287,0.5440753,0.6180014752796537,0.6180559280636526,0.6182312517809903,0.6180047722895304,0.6182208715439116,0.6182204048305447,0.6182267640047925,0.6182307326582197,0.6182283277602622,0.6182309910623159,0.6182278658107417,0.6182275681803543,0.6182297503971037,0.62604463,0.5887732,0.6337925,0.8488125817035583,0.8487917641578292,0.8489275414425389,0.8488169061546957,0.8489197715669748,0.8489194181737515,0.8489242032194163,0.8489271569126554,0.8489253700170198,0.8489273483730491,0.8489250257352678,0.8489248037387396,0.8489264281673206,0.8463732,0.8120035,0.86123174
0.5869140625,0.533157827200986,0.5653861252273795,0.5502331187696673,0.5328949307853109,0.5448023890125706,0.544745165902583,0.546992543762648,0.5496128254943748,0.5464788303672118,0.5500575280939455,0.5484747713822727,0.5484029221690414,0.5491409791283408,0.5287476,0.52491903,0.54616797,0.6180014752796537,0.6182967244051966,0.6182529364691711,0.618005162408326,0.6182475219941653,0.61824746436757,0.6182497185299555,0.6182523234453106,0.6182492049003682,0.6182527630765938,0.6182511951227037,0.6182511237307129,0.618251856201245,0.62737876,0.59200716,0.6354616,0.8488125817035583,0.8489774544735184,0.8489412586937759,0.8488175344505393,0.848936500824553,0.8489364506912794,0.8489384196226786,0.8489407152543749,0.8489379695576348,0.8489411048586624,0.848939718204103,0.8489396552569307,0.8489403018693661,0.84534883,0.8110468,0.86197436
0.5888671875,0.533157827200986,0.5653861252273795,0.5603351230748088,0.5330923345066492,0.5517303627949531,0.5516396952114175,0.5552005698284695,0.5593522947670435,0.5543866128064868,0.5600569071186586,0.5575490964386153,0.5574352544166763,0.5586046742721481,0.5342151,0.52849054,0.5485221,0.6180014752796537,0.6182967244051966,0.618282391570189,0.6180062822201522,0.6182681053909653,0.6182679524859622,0.6182739201356013,0.6182807820499743,0.6182725627886074,0.6182819365254693,0.6182778143020865,0.6182776262937523,0.6182795539230354,0.62918866,0.59580386,0.63718164,0.8488125817035583,0.8489774544735184,0.848965389260916,0.8488185619804884,0.8489530496579167,0.8489529196363883,0.8489580260922148,0.8489639798443722,0.8489568588415942,0.8489649902877583,0.8489613939816895,0.8489612307273481,0.848962907725195,0.8442419,0.80956465,0.8630343
0.5908203125,0.533157827200986,0.5653861252273795,0.5704371273799502,0.5338852068118841,0.5586583365773357,0.5585342245202519,0.5634085958942909,0.5690917640397122,0.5622943952457616,0.5700562861433716,0.5666234214949576,0.566467586664311,0.5680683694159554,0.53936416,0.5324373,0.5510993,0.6180014752796537,0.6182967244051966,0.6183108034166817,0.6180074096944406,0.6182881782745444,0.6182879347949466,0.6182974165783818,0.6183082665702349,0.6182952636932455,0.6183100865091894,0.6183035808831572,0.6183032836894411,0.6183063287883198,0.63144696,0.6000359,0.6388751,0.8488125817035583,0.8489774544735184,0.8489895196404843,0.8488195043418344,0.8489695984000972,0.8489693884911607,0.8489776324354651,0.8489872442593661,0.8489757480079694,0.8489888755328797,0.8489830696063102,0.8489828060461461,0.8489855134153188,0.8431348,0.80764586,0.86432385
0.5927734375,0.533157827200986,0.5653861252273795,0.5805391316850917,0.5368433218743563,0.6063534125246586,0.5959427914241093,0.6066254152752655,0.5834876166083875,0.5813737795535424,0.5983846624900578,0.5888972115936725,0.5857304780930737,0.5892387376594893,0.54402566,0.5366198,0.5538391,0.6180014752796537,0.6182967244051966,0.6183382264698959,0.6180074720696964,0.6183748470583151,0.6183604601042737,0.6183752163329531,0.6183425731570314,0.6183394613902865,0.6183638795862383,0.6183504348525969,0.6183458503015952,0.6183509263437218,0.63409513,0.6045622,0.6404579,0.8488125817035583,0.8489774544735184,0.8490136498422725,0.8488196013160707,0.8490506679090538,0.8490357389600216,0.8490510579634301,0.849017878030347,0.8490148467449439,0.8490392406353837,0.849025635489608,0.8490210943369585,0.8490261252438189,0.8421062,0.8054206,0.86574763
0.5947265625,0.533157827200986,0.6205584823431924,0.5957790237438121,0.5457728178544512,0.5615757873738929,0.559940696073392,0.5620495256007995,0.5955465170219317,0.5912699800995489,0.5955933364203774,0.5844114973251242,0.5838271744726707,0.5847047898928467,0.54806834,0.5408696,0.55666023,0.6180014752796537,0.618294357258528,0.6183225463181454,0.6180070152938533,0.6183437352496144,0.6183434241561354,0.6183448130219656,0.6183226821401243,0.6183226547814059,0.6183251993889392,0.6183293133379916,0.6183291354358842,0.6183296683027621,0.63703847,0.60923547,0.64184964,0.8488125817035583,0.8489848134495823,0.8490047946687815,0.8488192444234921,0.849010988810426,0.849010903018056,0.8490112849196916,0.8490048367756511,0.849004828296678,0.8490056112539026,0.8490068533177988,0.8490068002029101,0.8490069591378573,0.84122044,0.8030484,0.8672083
0.5966796875,0.533157827200986,0.6205584823431924,0.6122986628100656,0.564289955619883,0.5680408909405381,0.565925140928441,0.568653891363818,0.6119978073780293,0.6064641206398677,0.6120583900150951,0.5975894877624792,0.5968333947652451,0.5979689979179774,0.5514072,0.5450003,0.5594685,0.6180014752796537,0.618294357258528,0.6183035001008691,0.6180050974005735,0.6183354594321309,0.6183349827990217,0.6183371124472005,0.6183037017497093,0.6183036611281584,0.6183074463946043,0.6183135966532914,0.6183133299104134,0.6183141290927088,0.6401477,0.613911,0.64298,0.8488125817035583,0.8489848134495823,0.8489914738773067,0.8488176230261155,0.8490057756523871,0.849005577564723,0.8490064593447919,0.8489915710986811,0.8489915515214147,0.8489933593066838,0.8489962271324274,0.848996104494416,0.8489964714624433,0.8405209,0.8007026,0.86861134
0.5986328125,0.533157827200986,0.6205584823431924,0.6288183018763193,0.5952222366812127,0.6280630570414645,0.6280269524387929,0.6280735176991952,0.6288131678738269,0.6287187372653674,0.6288142016973068,0.6285672944710569,0.6285543919839521,0.6285737706914495,0.55400544,0.54882365,0.56216526,0.6180014752796537,0.618294357258528,0.6182854546071213,0.618001844348643,0.6182879490537233,0.618287914462961,0.6182880684514089,0.61828547154364,0.6182854681331459,0.6182857831093301,0.61828628297729,0.6182862615962683,0.6182863255757265,0.6432631,0.61845374,0.643795,0.8488125817035583,0.8489848134495823,0.8489781530016538,0.8488147749291374,0.8489806157474991,0.8489805816367946,0.8489807334794272,0.84897816974291,0.8489781663717579,0.8489784776677597,0.8489789715012275,0.8489789503831929,0.8489790135744049,0.8400253,0.7985537,0.86987084
0.6005859375,0.533157827200986,0.6205584823431924,0.6453379409425728,0.6392781845919562,0.7245541940168743,0.7234569947089572,0.7283411399321438,0.6458764370989817,0.6457680012399906,0.6557810913679858,0.6716656498141095,0.6709863708704961,0.6730189681509018,0.5558716,0.55216837,0.56465656,0.6180014752796537,0.618294357258528,0.6182683329860442,0.6179988268210086,0.6182294174055464,0.6182277690508232,0.6182298982108181,0.618268036220649,0.6182626646872543,0.6182680959398862,0.618254380871919,0.6182536931912536,0.6182547270890919,0.6442616,0.62274396,0.6462077,0.8488125817035583,0.8489848134495823,0.8489648320482868,0.8488119178249919,0.8489418725059693,0.8489407749115594,0.8489421905140142,0.848964675975416,0.8489618052957351,0.8489647074034895,0.8489572014369389,0.8489568092006836,0.8489573983143156,0.83972645,0.79675376,0.87091506
0.6025390625,0.8269208741983892,0.697543237757408,0.6684635770069962,0.6938252755797217,0.6561648521595528,0.6498953723499592,0.6658682029545062,0.6679937263922624,0.6657432335789482,0.6684626598922101,0.6644815282454044,0.6622057146429753,0.6675980366346089,0.5570529,0.55489945,0.5668616,0.6180014752796537,0.6181678675363474,0.6182268672175486,0.6179981751249672,0.6182413360275115,0.6182298760456209,0.6182489224764532,0.6182274101841374,0.6182268682766371,0.6182300215151393,0.6182314932572093,0.6182278680421444,0.618234162107982,0.6443709,0.6266819,0.64880264,0.8488125817035583,0.8488708852346862,0.8489235565129665,0.8488110645296489,0.8489338590354562,0.8489257306372233,0.8489391108961215,0.8489239501032783,0.8489235572812266,0.848925835323017,0.8489268922426337,0.8489242815695391,0.8489287986704896,0.8395952,0.7954257,0.8716908
0.6044921875,0.8269208741983892,0.697543237757408,0.6878500175072707,0.7521889110789391,0.6747402722120659,0.6680573612227784,0.6850834955144642,0.687349183318169,0.684950285226114,0.6878490399147641,0.6836053786796604,0.6811794900580924,0.6869274004095256,0.5576261,0.5569347,0.5687178,0.6180014752796537,0.6181678675363474,0.6181869798122478,0.6179985464542382,0.6182030929266099,0.6181903287917513,0.6182115502105403,0.6181875840925177,0.6181869809909025,0.61819049073052,0.6181921292182962,0.6181880936771667,0.6181951010173725,0.64414066,0.63019127,0.650886,0.8488125817035583,0.8488708852346862,0.8488884424323215,0.8488113344676609,0.8489013542284303,0.8488911671873705,0.8489079362037607,0.848888935705507,0.8488884433951556,0.8488912983864687,0.8488926229874012,0.8488893511207571,0.8488950122477025,0.83958757,0.7946589,0.8721659
0.6064453125,0.8269208741983892,0.697543237757408,0.7072364580075453,0.8029515308150296,0.7210968898500283,0.7101613958044719,0.7281624758084587,0.7077659708230971,0.7072374915786791,0.710302233942881,0.7117241521496709,0.7082119057460062,0.7142889513230765,0.55825645,0.55768996,0.5701852,0.6180014752796537,0.6181678675363474,0.6181492791573635,0.6179998531796121,0.6181340171309595,0.6181264606434482,0.6181460088495232,0.6181486851171316,0.6181458520611924,0.6181492779969731,0.6181442725837323,0.6181414394868205,0.6181481855288011,0.64361477,0.63322127,0.65233034,0.8488125817035583,0.8488708852346862,0.8488533279379258,0.8488128228754965,0.8488396262727294,0.8488326415956017,0.8488504365098904,0.8488528044917372,0.8488502972851981,0.8488533269161962,0.8488488916561391,0.848846356236893,0.8488523636658121,0.8396522,0.7945069,0.8723313
0.6083984375,0.8269208741983892,0.697543237757408,0.7266228985078198,0.8268723415007587,0.7381709368079851,0.7290598567561898,0.7440577416484359,0.7270640704961036,0.7266237596439787,0.7291771982816888,0.7303618919548962,0.7274356082394913,0.732498795005488,0.5589139,0.5573601,0.57125044,0.6180014752796537,0.6181678675363474,0.6181135902241144,0.6180016057666573,0.6181034298747702,0.6180983718319283,0.6181114193118613,0.6181131961366566,0.6181113151468389,0.6181135894544177,0.6181102653594974,0.6181083803816674,0.6181128646224483,0.6428607,0.6357477,0.65305746,0.8488125817035583,0.8488708852346862,0.8488182130628967,0.8488150521718738,0.8488086997480746,0.8488038501659577,0.848816205490596,0.848817849624411,0.8488161088243192,0.8488182123534909,0.848815132870182,0.8488133724823446,0.8488175435507396,0.83973926,0.79499125,0.87219876
0.6103515625,0.8269208741983892,0.7756500063453885,0.752038770133215,0.8275086658057735,0.7217028022080368,0.69727153221185,0.737118800926949,0.7501527081324311,0.7498521513599129,0.7520365578219496,0.742216670280867,0.7337742523618359,0.7470104372656721,0.5590195,0.55676633,0.57193094,0.6180014752796537,0.6179978839124247,0.6180293641387689,0.6180027202204053,0.6180539325683495,0.6180411947823482,0.6180752730334331,0.6180308336882578,0.6180293658582017,0.6180310685538287,0.6180370989830122,0.6180332985095128,0.6180439128215259,0.6419642,0.6377746,0.6530477,0.8488125817035583,0.8487038949867485,0.8487348159193135,0.8488167778355935,0.8487596286960866,0.8487470194705645,0.8487796116913717,0.8487363585959808,0.8487348177288412,0.8487366044319113,0.8487428497541994,0.8487389287687611,0.848749755085007,0.839807,0.7961049,0.8717974
0.6123046875,0.8269208741983892,0.7756500063453885,0.767779594274664,0.8274814689670091,0.7811949045065428,0.7743775711727742,0.7919990122629206,0.7686136572232892,0.7677805726130519,0.7687465708113959,0.7721231681132419,0.7700032465917294,0.7758566127084603,0.55873704,0.55605274,0.57227963,0.6180014752796537,0.6179978839124247,0.6180081621879784,0.6180029804665074,0.617996425977505,0.617987263181841,0.6180023392173988,0.6180074205750314,0.6180073025426335,0.618008161317138,0.6180043176230864,0.618001047494748,0.6180061885799731,0.6410221,0.6393339,0.65234196,0.8488125817035583,0.8487038949867485,0.8487142019977331,0.8488175015504572,0.8487014670113885,0.8486912107765878,0.848707938626055,0.8487134102334531,0.8487132840604291,0.8487142010690102,0.8487100787020575,0.848706534590179,0.848712091115346,0.83982587,0.79781735,0.87116814
0.6142578125,0.8269208741983892,0.7756500063453885,0.783520418416113,0.827369175533378,0.7937979402427431,0.7885751544162384,0.8020750096033584,0.7841593973149318,0.7835211679249922,0.7842612229364948,0.7868480473833122,0.7852239671845319,0.7897082539422846,0.5582662,0.55537677,0.57238865,0.6180014752796537,0.6179978839124247,0.6179878121261011,0.6180032011311571,0.6179807682588101,0.6179752266650539,0.6179843248357078,0.6179873688085861,0.6179872982296643,0.6179878116056753,0.6179855113373267,0.6179835492293961,0.6179866318224546,0.64048463,0.6401341,0.6510391,0.8488125817035583,0.8487038949867485,0.8486935879436457,0.8488177058982534,0.8486851690925248,0.8486783889045746,0.8486894473492054,0.848693064523351,0.8486929811127712,0.8486935873296847,0.8486908621119051,0.8486885191685373,0.8486921924795903,0.8397786,0.80007684,0.8703584
0.6162109375,0.8269208741983892,0.7756500063453885,0.799261242557562,0.8271748419832581,0.8059043784242313,0.8025284988655924,0.8112544713034252,0.7996742627109019,0.7992617270215604,0.7997400802737504,0.8014121396041332,0.8003623743396207,0.8032609063689733,0.55782557,0.55490696,0.5723919,0.6180014752796537,0.6179978839124247,0.6179682636212822,0.6180039967665958,0.6179659630408992,0.6179641376442483,0.6179671273800786,0.6179681194741795,0.6179680965171145,0.6179682634521134,0.6179675145700906,0.6179668739417844,0.6179678796485124,0.64131105,0.63939404,0.64928424,0.8488125817035583,0.8487038949867485,0.8486729737648805,0.8488177816937403,0.8486693144824813,0.8486663674542678,0.8486711740407242,0.8486727462583117,0.848672710003596,0.84867297349802,0.8486717889722426,0.8486707706038537,0.848672367221307,0.8396568,0.8028139,0.8694148
0.6181640625,0.8269208741983892,0.8234698308889999,0.8201168358348937,0.8269567117357155,0.8152271198119171,0.8148216739542177,0.8188480991102841,0.8200144833502181,0.819630319138635,0.8200949797187461,0.8185336564504165,0.8183322586581271,0.8196937203860718,0.55763596,0.55481696,0.5724644,0.6180014752796537,0.6179885426153107,0.617931090411521,0.6180057447866696,0.6179572375275045,0.6179378448140727,0.6179594196854327,0.6179316345327135,0.6179312065905148,0.6179336780196589,0.6179395220574146,0.6179333406370582,0.6179405969943721,0.64191663,0.63888305,0.64725363,0.8488125817035583,0.8487059768160327,0.8486357091061164,0.8488182830784423,0.8486680925300336,0.8486441116685335,0.8486707776912503,0.8486363869645148,0.848635853854461,0.8486389312002439,0.8486461941503342,0.848638511307714,0.8486475279613541,0.8394526,0.8059434,0.86837834
0.6201171875,0.8269208741983892,0.8234698308889999,0.8223521658709645,0.8267969816815779,0.8250355596962143,0.8230484272237071,0.8252580615564269,0.8224083351912455,0.8223641601395149,0.8226191580423885,0.8232209880611707,0.8225843645052822,0.823331511778644,0.5579074,0.5552775,0.5728144,0.6180014752796537,0.6179885426153107,0.6179694439365291,0.6180079929373185,0.6179787239436619,0.61797185763748,0.6179794907145316,0.6179696388079836,0.6179694855511704,0.6179703699904379,0.6179724552157795,0.6179702493442196,0.6179728378278915,0.64241654,0.6386632,0.64513534,0.8488125817035583,0.8487059768160327,0.8486825543665354,0.8488189487242874,0.8486938375347173,0.8486854820177762,0.8486947731120725,0.8486827905482925,0.8486826048002503,0.8486836770198561,0.8486862076041406,0.8486835307194027,0.8486866723358426,0.83915246,0.8093662,0.8672805
0.6220703125,0.8269208741983892,0.8234698308889999,0.8245874959070354,0.8267712791827173,0.8262174012480276,0.825010408148572,0.8263525498672607,0.8246216134019273,0.8245947812790846,0.8247496681391216,0.8251152223685277,0.8247285343899761,0.8251823549659576,0.5588279,0.55644774,0.57367104,0.6180014752796537,0.6179885426153107,0.6180075895205077,0.6180098072288716,0.6179988388386086,0.6179981147987076,0.61800531565549,0.6180074059950681,0.6180067172961787,0.6180075503296287,0.6180047524631024,0.618004391818435,0.6180068309421315,0.6429281,0.6387765,0.64310944,0.8488125817035583,0.8487059768160327,0.8487293991457083,0.8488192188566457,0.848718604840586,0.8487177097964114,0.8487265983451344,0.848729173197478,0.8487283251356639,0.8487293508972394,0.8487259041967745,0.8487254596007245,0.8487284650971164,0.8387289,0.81297004,0.8661403
0.6240234375,0.8269208741983892,0.8234698308889999,0.8268228259431062,0.8267734591836587,0.8273992427998408,0.8269723890734366,0.8274470381780945,0.8268348916126089,0.8268254024186543,0.8268801782358546,0.8270094566758848,0.8268727042746697,0.827033198153271,0.560556,0.55846715,0.5752652,0.6180014752796537,0.6179885426153107,0.6180455288499734,0.618010821825848,0.6180188962700784,0.6180166896136459,0.6180386149161002,0.6180449709911394,0.6180428772995658,0.618045409724703,0.6180369017591452,0.6180358045776747,0.6180432228200052,0.64132935,0.6392458,0.6435586,0.8488125817035583,0.8487059768160327,0.8487762434475379,0.8488186878541232,0.8487433720131186,0.848740646366403,0.8487677143048259,0.8487755553786991,0.8487729728178774,0.8487760965188957,0.84876560044671,0.8487642465384383,0.8487733990356539,0.8381398,0.81663144,0.8649648
0.6259765625,0.8269208741983892,0.8279404909611416,0.8279404909611416,0.8267839901552765,0.8279404909611416,0.8279404909611416,0.8279404909611416,0.8279404909611416,0.8279404909611416,0.8279404909611416,0.8279404909611416,0.8279404909611416,0.8279404909611416,0.5632158,0.56144917,0.5778079,0.6180014752796537,0.6180644216913201,0.6180644216913201,0.6180104829450003,0.6180644216913201,0.6180644216913201,0.6180644216913201,0.6180644216913201,0.6180644216913201,0.6180644216913201,0.6180644216913201,0.6180644216913201,0.6180644216913201,0.6400783,0.6399077,0.64439404,0.8488125817035583,0.8487996654206574,0.8487996654206574,0.8488172732609325,0.8487996654206574,0.8487996654206574,0.8487996654206574,0.8487996654206574,0.8487996654206574,0.8487996654206574,0.8487996654206574,0.8487996654206574,0.8487996654206574,0.83732957,0.8202195,0.8637494
0.6279296875,0.8269208741983892,0.8279404909611416,0.8279404909611416,0.8268079719174606,0.8279404909611416,0.8279404909611416,0.8279404909611416,0.8279404909611416,0.8279404909611416,0.8279404909611416,0.8279404909611416,0.8279404909611416,0.8279404909611416,0.5668913,0.5654756,0.58146995,0.6180014752796537,0.6180644216913201,0.6180644216913201,0.6180090809184974,0.6180644216913201,0.6180644216913201,0.6180644216913201,0.6180644216913201,0.6180644216913201,0.6180644216913201,0.6180644216913201,0.6180644216913201,0.6180644216913201,0.6412676,0.63890743,0.6454881,0.8488125817035583,0.8487996654206574,0.8487996654206574,0.8488153027047682,0.8487996654206574,0.8487996654206574,0.8487996654206574,0.8487996654206574,0.8487996654206574,0.8487996654206574,0.8487996654206574,0.8487996654206574,0.8487996654206574,0.83623844,0.82360184,0.8624817
0.6298828125,0.8269208741983892,0.8279404909611416,0.8279404909611416,0.8268411944385874,0.8279404909611416,0.8279404909611416,0.8279404909611416,0.8279404909611416,0.8279404909611416,0.8279404909611416,0.8279404909611416,0.8279404909611416,0.8279404909611416,0.5716231,0.57059187,0.5863674,0.6180014752796537,0.6180644216913201,0.6180644216913201,0.6180068371820922,0.6180644216913201,0.6180644216913201,0.6180644216913201,0.6180644216913201,0.6180644216913201,0.6180644216913201,0.6180644216913201,0.6180644216913201,0.6180644216913201,0.6427929,0.63834083,0.6468553,0.8488125817035583,0.8487996654206574,0.8487996654206574,0.8488133511972809,0.8487996654206574,0.8487996654206574,0.8487996654206574,0.8487996654206574,0.8487996654206574,0.8487996654206574,0.8487996654206574,0.8487996654206574,0.8487996654206574,0.8348157,0.8266554,0.86114466
0.6318359375,0.8269208741983892,0.8279404909611416,0.8279404909611416,0.8268758858981733,0.8279404909611416,0.8279404909611416,0.8279404909611416,0.8279404909611416,0.8279404909611416,0.8279404909611416,0.8279404909611416,0.8279404909611416,0.8279404909611416,0.5774029,0.5768018,0.5925541,0.6180014752796537,0.6180644216913201,0.6180644216913201,0.6180050182463634,0.6180644216913201,0.6180644216913201,0.6180644216913201,0.6180644216913201,0.6180644216913201,0.6180644216913201,0.6180644216913201,0.6180644216913201,0.6180644216913201,0.6446129,0.6381739,0.6484673,0.8488125817035583,0.8487996654206574,0.8487996654206574,0.8488124605538345,0.8487996654206574,0.8487996654206574,0.8487996654206574,0.8487996654206574,0.8487996654206574,0.8487996654206574,0.8487996654206574,0.8487996654206574,0.8487996654206574,0.833033,0.82927644,0.85972124
0.6337890625,0.8269208741983892,0.8279144045615707,0.8279144045615707,0.8269024591700469,0.8279144045615707,0.8279144045615707,0.8279144045615707,0.8279144045615707,0.8279144045615707,0.8279144045615707,0.8279144045615707,0.8279144045615707,0.8279144045615707,0.5841713,0.58406323,0.6000192,0.6180014752796537,0.6181544575945246,0.6181544575945246,0.6180035081958241,0.6181544575945246,0.6181544575945246,0.6181544575945246,0.6181544575945246,0.6181544575945246,0.6181544575945246,0.6181544575945246,0.6181544575945246,0.6181544575945246,0.646659,0.63833797,0.65025485,0.8488125817035583,0.8488856586300351,0.8488856586300351,0.8488129608679877,0.8488856586300351,0.8488856586300351,0.8488856586300351,0.8488856586300351,0.8488856586300351,0.8488856586300351,0.8488856586300351,0.8488856586300351,0.8488856586300351,0.8313932,0.83089894,0.8581984
0.6357421875,0.8269208741983892,0.8279144045615707,0.8279144045615707,0.8269121720930038,0.8279144045615707,0.8279144045615707,0.8279144045615707,0.8279144045615707,0.8279144045615707,0.8279144045615707,0.8279144045615707,0.8279144045615707,0.8279144045615707,0.59228605,0.59181535,0.6086893,0.6180014752796537,0.6181544575945246,0.6181544575945246,0.6180023645663919,0.6181544575945246,0.6181544575945246,0.6181544575945246,0.6181544575945246,0.6181544575945246,0.6181544575945246,0.6181544575945246,0.6181544575945246,0.6181544575945246,0.6488301,0.6387421,0.6521146,0.8488125817035583,0.8488856586300351,0.8488856586300351,0.8488143974711294,0.8488856586300351,0.8488856586300351,0.8488856586300351,0.8488856586300351,0.8488856586300351,0.8488856586300351,0.8488856586300351,0.8488856586300351,0.8488856586300351,0.8329701,0.82846636,0.85656935
0.6376953125,0.8269208741983892,0.8279144045615707,0.8279144045615707,0.8269124653653073,0.8279144045615707,0.8279144045615707,0.8279144045615707,0.8279144045615707,0.8279144045615707,0.8279144045615707,0.8279144045615707,0.8279144045615707,0.8279144045615707,0.6013338,0.60017127,0.61842996,0.6180014752796537,0.6181544575945246,0.6181544575945246,0.6180016304035265,0.6181544575945246,0.6181544575945246,0.6181544575945246,0.6181544575945246,0.6181544575945246,0.6181544575945246,0.6181544575945246,0.6181544575945246,0.6181544575945246,0.6509942,0.63928604,0.65392065,0.8488125817035583,0.8488856586300351,0.8488856586300351,0.8488162805473071,0.8488856586300351,0.8488856586300351,0.8488856586300351,0.8488856586300351,0.8488856586300351,0.8488856586300351,0.8488856586300351,0.8488856586300351,0.8488856586300351,0.8340092,0.825833,0.85483515
0.6396484375,0.8269208741983892,0.8279144045615707,0.8279144045615707,0.8269121661514245,0.8279144045615707,0.8279144045615707,0.8279144045615707,0.8279144045615707,0.8279144045615707,0.8279144045615707,0.8279144045615707,0.8279144045615707,0.8279144045615707,0.61103094,0.6090323,0.62904847,0.6180014752796537,0.6181544575945246,0.6181544575945246,0.618001318865682,0.6181544575945246,0.6181544575945246,0.6181544575945246,0.6181544575945246,0.6181544575945246,0.6181544575945246,0.6181544575945246,0.6181544575945246,0.6181544575945246,0.652997,0.6398692,0.6555387,0.8488125817035583,0.8488856586300351,0.8488856586300351,0.8488180241018635,0.8488856586300351,0.8488856586300351,0.8488856586300351,0.8488856586300351,0.8488856586300351,0.8488856586300351,0.8488856586300351,0.8488856586300351,0.8488856586300351,0.8345443,0.82313514,0.8530044
0.6416015625,0.8269208741983892,0.8276845458361174,0.8278017203742434,0.8269114297051484,0.8278200624725303,0.8278168607430433,0.8278252838731953,0.8278018117628113,0.8278017835694361,0.827803071940687,0.8278078373447688,0.8278068229862535,0.8278093497019163,0.621175,0.61816216,0.6402973,0.6180014752796537,0.6181331881775229,0.6181564260932039,0.6180014925455561,0.6181507234920016,0.6181491001925458,0.6181517188989722,0.6181563976796581,0.6181560058794148,0.618156406445237,0.6181545242846933,0.6181540540867131,0.6181548396538386,0.6546781,0.6403959,0.6568415,0.8488125817035583,0.8488847264541114,0.8488881545022128,0.8488195552986655,0.8488903808229511,0.848889992205334,0.8488910145823111,0.8488881655947689,0.8488881621727151,0.8488883185525354,0.8488888969669011,0.8488887738463353,0.8488890805333649,0.8346311,0.8205316,0.85109186
0.6435546875,0.8269208741983892,0.8276845458361174,0.8277236040154927,0.8269108858776056,0.8277751436763128,0.8277661471019181,0.827789815346646,0.8277238608092204,0.8277237815883499,0.8277274017966949,0.8277407921572852,0.8277379419002968,0.8277450417460293,0.63155323,0.62731504,0.6518817,0.6180014752796537,0.6181331881775229,0.6181409348804421,0.6180020699233981,0.6181418159150495,0.6181416621327799,0.6181420666969751,0.618140939270424,0.6181409379161148,0.6181409998046113,0.6181412287119492,0.6181411799876129,0.6181413013568423,0.65588975,0.6407746,0.65772235,0.8488125817035583,0.8488847264541114,0.8488858691566781,0.8488209171895905,0.8488890666868665,0.8488885085377286,0.8488899769199888,0.8488858850882096,0.8488858801733319,0.8488861047717424,0.8488869355122354,0.8488867586817564,0.8488871991575179,0.83433455,0.8181882,0.84911907
0.6455078125,0.8269208741983892,0.8276845458361174,0.8276454876567421,0.8269110924688152,0.8277302248800953,0.8277154334607929,0.8277543468200967,0.8276459098556296,0.8276457796072638,0.8276517316527028,0.8276737469698017,0.82766906081434,0.8276807337901422,0.64196,0.6362577,0.66347176,0.6180014752796537,0.6181331881775229,0.6181254407434401,0.6180030506194152,0.6181329073713144,0.6181316041342431,0.6181350325986467,0.6181254779493222,0.6181254664713107,0.6181259909858715,0.6181279309852059,0.618127518047791,0.6181285466452847,0.65651524,0.6409187,0.6581061,0.8488125817035583,0.8488847264541114,0.8488835837316746,0.8488223341347132,0.8488877525245071,0.8488870248366309,0.8488889392412846,0.8488836045025178,0.848883598094712,0.8488838909163798,0.8488849739990316,0.8488847434553894,0.8488853177278154,0.8337218,0.8162583,0.8471125
0.6474609375,0.8269208741983892,0.8276845458361174,0.8275673712979914,0.8269124530001476,0.8274127523155312,0.8273687373045314,0.8274397420387152,0.8275666009168082,0.8275559779543848,0.8275668385794197,0.8275158068726137,0.8275030581063818,0.8275243576435792,0.6522136,0.6447911,0.674722,0.6180014752796537,0.6181331881775229,0.6181099436813698,0.6180044963179219,0.618107293628579,0.6181065390633619,0.6181077562834383,0.6181099304800719,0.6181097484418461,0.618109934552675,0.6181090600160546,0.6181088415220442,0.6181092065591881,0.65648204,0.6407448,0.65795535,0.8488125817035583,0.8488847264541114,0.8488812982271792,0.8488238840641408,0.8488717056079148,0.8488689748998125,0.8488733800605617,0.8488812504324494,0.8488805913799773,0.8488812651771246,0.8488780991512803,0.8488773082130988,0.8488786296442712,0.83285075,0.8148692,0.8451049
0.6494140625,0.8269208741983892,0.8272894736915657,0.827427256926615,0.8269147371823256,0.8275013306493525,0.8274681030497771,0.8275801916948623,0.8274272937540386,0.827427258090036,0.8274276917108846,0.8274522212767094,0.8274404819768679,0.8274782596775028,0.6621679,0.6527695,0.68529516,0.6180014752796537,0.6180304613718005,0.6180547635515306,0.618006106304361,0.6180587864145214,0.6180569819489519,0.6180630684803229,0.6180547655517665,0.6180547636147203,0.6180547871662908,0.6180561194185883,0.6180554818423856,0.6180575335324624,0.6557696,0.64017695,0.6572729,0.8488125817035583,0.8488152045757766,0.8488411958783209,0.8488249890782079,0.8488468662163028,0.8488443226466821,0.8488529030176022,0.8488411986974587,0.8488411959673806,0.8488412291610402,0.8488431068980675,0.8488422082553297,0.8488451001356931,0.8317706,0.8141136,0.8431348
0.6513671875,0.8269208741983892,0.8272894736915657,0.8273354014365821,0.8269168656822585,0.8273648248832229,0.8273516262688294,0.8273961499426212,0.8273354160651128,0.8273354018987144,0.8273355741409,0.8273453177361251,0.8273406546700643,0.8273556606683828,0.6717196,0.66011083,0.69488996,0.6180014752796537,0.6180304613718005,0.618038562997766,0.618007309545572,0.6180402812399569,0.618039510495059,0.6180421103963951,0.6180385638520594,0.6180385630247541,0.6180385730835435,0.6180391420939608,0.6180388697800141,0.6180397460900405,0.65440863,0.63915384,0.65610063,0.8488125817035583,0.8488152045757766,0.848823868365009,0.8488248880899937,0.8488262304391677,0.8488251708725298,0.8488287451711308,0.8488238695393677,0.8488238684021084,0.8488238822294791,0.8488246644321183,0.8488242900874987,0.8488254947486065,0.8305224,0.81404495,0.84124696
0.6533203125,0.8269208741983892,0.8272894736915657,0.8272435459465493,0.8269186166297915,0.8271853592374704,0.8271234119700297,0.8272114603243124,0.8272435170177133,0.827243204412941,0.8272435450326537,0.8272239358429578,0.8272034820464447,0.8272331573482289,0.6808079,0.66680104,0.70326644,0.6180014752796537,0.6180304613718005,0.6180223588462463,0.6180084955441751,0.6180183496495802,0.6180140807219431,0.6180201481436165,0.6180223568531239,0.6180223353154491,0.6180223587832813,0.6180210077284946,0.6180195984128375,0.618021643089541,0.6524762,0.63763916,0.6545157,0.8488125817035583,0.8488152045757766,0.8488065407648218,0.8488237831605364,0.848801310038852,0.8487957412495895,0.8488036564109569,0.8488065381642496,0.8488065100624873,0.8488065406826667,0.8488047779044507,0.848802939199226,0.848805606876496,0.82914305,0.81467915,0.839491
0.6552734375,0.8269208741983892,0.8272894736915657,0.8271516904565164,0.8269188929970945,0.827106379996217,0.8270581411587494,0.8271267051233439,0.8271516679293981,0.8271514245015372,0.8271516897448585,0.8271364199104705,0.8271204923739325,0.8271436007711017,0.6894109,0.6728904,0.7102667,0.6180014752796537,0.6180304613718005,0.6180061510957733,0.6180090420401406,0.6180044127458132,0.6180025618384145,0.6180051925492182,0.6180061502315607,0.6180061408928831,0.6180061510684718,0.6180055652577824,0.6180049541920135,0.6180058407464321,0.6500858,0.63563097,0.6526258,0.8488125817035583,0.8488152045757766,0.84878921307773,0.8488215017644904,0.8487864113235337,0.848783428493207,0.8487876681197667,0.848789211684775,0.8487891966325132,0.8487892130337249,0.8487882688297326,0.8487872839568743,0.8487887128553402,0.82767206,0.8159983,0.83791965
0.6572265625,0.8269208741983892,0.8269497019158542,0.8269497019158542,0.8269183642070771,0.8269497019158542,0.8269497019158542,0.8269497019158542,0.8269497019158542,0.8269497019158542,0.8269497019158542,0.8269497019158542,0.8269497019158542,0.8269497019158542,0.6975396,0.678485,0.71582884,0.6180014752796537,0.6180035929879846,0.6180035929879846,0.6180089280138072,0.6180035929879846,0.6180035929879846,0.6180035929879846,0.6180035929879846,0.6180035929879846,0.6180035929879846,0.6180035929879846,0.6180035929879846,0.6180035929879846,0.6473774,0.6331698,0.6505629,0.8488125817035583,0.8487461072801029,0.8487461072801029,0.8488186036288916,0.8487461072801029,0.8487461072801029,0.8487461072801029,0.8487461072801029,0.8487461072801029,0.8487461072801029,0.8487461072801029,0.8487461072801029,0.8487461072801029,0.8261585,0.8179554,0.83658445
0.6591796875,0.8269208741983892,0.8269497019158542,0.8269497019158542,0.8269171863063203,0.8269497019158542,0.8269497019158542,0.8269497019158542,0.8269497019158542,0.8269497019158542,0.8269497019158542,0.8269497019158542,0.8269497019158542,0.8269497019158542,0.7052328,0.68373466,0.71999055,0.6180014752796537,0.6180035929879846,0.6180035929879846,0.6180083713215466,0.6180035929879846,0.6180035929879846,0.6180035929879846,0.6180035929879846,0.6180035929879846,0.6180035929879846,0.6180035929879846,0.6180035929879846,0.6180035929879846,0.6445071,0.63034046,0.648477,0.8488125817035583,0.8487461072801029,0.8487461072801029,0.8488159873159515,0.8487461072801029,0.8487461072801029,0.8487461072801029,0.8487461072801029,0.8487461072801029,0.8487461072801029,0.8487461072801029,0.8487461072801029,0.8487461072801029,0.82466257,0.8204803,0.83553445
0.6611328125,0.8269208741983892,0.8269497019158542,0.8269497019158542,0.826915919564686,0.8269497019158542,0.8269497019158542,0.8269497019158542,0.8269497019158542,0.8269497019158542,0.8269497019158542,0.8269497019158542,0.8269497019158542,0.8269497019158542,0.7125534,0.6888199,0.72288615,0.6180014752796537,0.6180035929879846,0.6180035929879846,0.6180075797830931,0.6180035929879846,0.6180035929879846,0.6180035929879846,0.6180035929879846,0.6180035929879846,0.6180035929879846,0.6180035929879846,0.6180035929879846,0.6180035929879846,0.64163756,0.62726784,0.6465287,0.8488125817035583,0.8487461072801029,0.8487461072801029,0.8488140063243517,0.8487461072801029,0.8487461072801029,0.8487461072801029,0.8487461072801029,0.8487461072801029,0.8487461072801029,0.8487461072801029,0.8487461072801029,0.8487461072801029,0.8234859,0.82325804,0.834812
0.6630859375,0.8269208741983892,0.8269497019158542,0.8269497019158542,0.8269151428287036,0.8269497019158542,0.8269497019158542,0.8269497019158542,0.8269497019158542,0.8269497019158542,0.8269497019158542,0.8269497019158542,0.8269497019158542,0.8269497019158542,0.7195874,0.69393927,0.7247359,0.6180014752796537,0.6180035929879846,0.6180035929879846,0.6180072096811259,0.6180035929879846,0.6180035929879846,0.6180035929879846,0.6180035929879846,0.6180035929879846,0.6180035929879846,0.6180035929879846,0.6180035929879846,0.6180035929879846,0.6389289,0.6241063,0.64487946,0.8488125817035583,0.8487461072801029,0.8487461072801029,0.8488130386472962,0.8487461072801029,0.8487461072801029,0.8487461072801029,0.8487461072801029,0.8487461072801029,0.8487461072801029,0.8487461072801029,0.8487461072801029,0.8487461072801029,0.8268725,0.8220296,0.8344511
0.6650390625,0.8269208741983892,0.8267871853451746,0.8267871853451746,0.82691499428524,0.8267871853451746,0.8267871853451746,0.8267871853451746,0.8267871853451746,0.8267871853451746,0.8267871853451746,0.8267871853451746,0.8267871853451746,0.8267871853451746,0.7258311,0.69929737,0.7264449,0.6180014752796537,0.6180648502048053,0.6180648502048053,0.6180076127984044,0.6180648502048053,0.6180648502048053,0.6180648502048053,0.6180648502048053,0.6180648502048053,0.6180648502048053,0.6180648502048053,0.6180648502048053,0.6180648502048053,0.636531,0.6210265,0.64368135,0.8488125817035583,0.8487732405413301,0.8487732405413301,0.8488129913224765,0.8487732405413301,0.8487732405413301,0.8487732405413301,0.8487732405413301,0.8487732405413301,0.8487732405413301,0.8487732405413301,0.8487732405413301,0.8487732405413301,0.8305327,0.82106763,0.8344768
0.6669921875,0.8269208741983892,0.8267871853451746,0.8267871853451746,0.8269151049595104,0.8267871853451746,0.8267871853451746,0.8267871853451746,0.8267871853451746,0.8267871853451746,0.8267871853451746,0.8267871853451746,0.8267871853451746,0.8267871853451746,0.7265134,0.7050938,0.73325926,0.6180014752796537,0.6180648502048053,0.6180648502048053,0.6180084661349183,0.6180648502048053,0.6180648502048053,0.6180648502048053,0.6180648502048053,0.6180648502048053,0.6180648502048053,0.6180648502048053,0.6180648502048053,0.6180648502048053,0.63457537,0.6181998,0.6430664,0.8488125817035583,0.8487732405413301,0.8487732405413301,0.848813557826055,0.8487732405413301,0.8487732405413301,0.8487732405413301,0.8487732405413301,0.8487732405413301,0.8487732405413301,0.8487732405413301,0.8487732405413301,0.8487732405413301,0.83435744,0.8204611,0.83490515
0.6689453125,0.8269208741983892,0.8267871853451746,0.8267871853451746,0.8269153699574048,0.8267871853451746,0.8267871853451746,0.8267871853451746,0.8267871853451746,0.8267871853451746,0.8267871853451746,0.8267871853451746,0.8267871853451746,0.8267871853451746,0.7271541,0.71151197,0.7401841,0.6180014752796537,0.6180648502048053,0.6180648502048053,0.618009809765498,0.6180648502048053,0.6180648502048053,0.6180648502048053,0.6180648502048053,0.6180648502048053,0.6180648502048053,0.6180648502048053,0.6180648502048053,0.6180648502048053,0.6331694,0.61578614,0.643136,0.8488125817035583,0.8487732405413301,0.8487732405413301,0.848814712380125,0.8487732405413301,0.8487732405413301,0.8487732405413301,0.8487732405413301,0.8487732405413301,0.8487732405413301,0.8487732405413301,0.8487732405413301,0.8487732405413301,0.8357413,0.82028997,0.8382401
0.6708984375,0.8269208741983892,0.8267871853451746,0.8267871853451746,0.826915756691744,0.8267871853451746,0.8267871853451746,0.8267871853451746,0.8267871853451746,0.8267871853451746,0.8267871853451746,0.8267871853451746,0.8267871853451746,0.8267871853451746,0.72812855,0.71870875,0.74738556,0.6180014752796537,0.6180648502048053,0.6180648502048053,0.6180114367319678,0.6180648502048053,0.6180648502048053,0.6180648502048053,0.6180648502048053,0.6180648502048053,0.6180648502048053,0.6180648502048053,0.6180648502048053,0.6180648502048053,0.63239264,0.6139242,0.6439533,0.8488125817035583,0.8487732405413301,0.8487732405413301,0.8488162323157477,0.8487732405413301,0.8487732405413301,0.8487732405413301,0.8487732405413301,0.8487732405413301,0.8487732405413301,0.8487732405413301,0.8487732405413301,0.8487732405413301,0.8369798,0.82061803,0.8420826
0.6728515625,0.8269208741983892,0.8268612687539532,0.8268612687539532,0.8269163560633217,0.8268612687539532,0.8268612687539532,0.8268612687539532,0.8268612687539532,0.8268612687539532,0.8268612687539532,0.8268612687539532,0.8268612687539532,0.8268612687539532,0.7297925,0.7268015,0.7550317,0.6180014752796537,0.6180210814576905,0.6180210814576905,0.6180132483746704,0.6180210814576905,0.6180210814576905,0.6180210814576905,0.6180210814576905,0.6180210814576905,0.6180210814576905,0.6180210814576905,0.6180210814576905,0.6180210814576905,0.6322936,0.6127277,0.6455385,0.8488125817035583,0.8489784396741591,0.8489784396741591,0.8488179581989186,0.8489784396741591,0.8489784396741591,0.8489784396741591,0.8489784396741591,0.8489784396741591,0.8489784396741591,0.8489784396741591,0.8489784396741591,0.8489784396741591,0.8386021,0.82148737,0.84580207
0.6748046875,0.8269208741983892,0.8268612687539532,0.8268612687539532,0.8269172747606615,0.8268612687539532,0.8268612687539532,0.8268612687539532,0.8268612687539532,0.8268612687539532,0.8268612687539532,0.8268612687539532,0.8268612687539532,0.8268612687539532,0.7358565,0.73245865,0.7632781,0.6180014752796537,0.6180210814576905,0.6180210814576905,0.6180150250027318,0.6180210814576905,0.6180210814576905,0.6180210814576905,0.6180210814576905,0.6180210814576905,0.6180210814576905,0.6180210814576905,0.6180210814576905,0.6180210814576905,0.63288945,0.61228466,0.64786917,0.8488125817035583,0.8489784396741591,0.8489784396741591,0.8488197308319974,0.8489784396741591,0.8489784396741591,0.8489784396741591,0.8489784396741591,0.8489784396741591,0.8489784396741591,0.8489784396741591,0.8489784396741591,0.8489784396741591,0.84057385,0.82291704,0.8493375
0.6767578125,0.8269208741983892,0.8268612687539532,0.8268612687539532,0.8269183079866574,0.8268612687539532,0.8268612687539532,0.8268612687539532,0.8268612687539532,0.8268612687539532,0.8268612687539532,0.8268612687539532,0.8268612687539532,0.8268612687539532,0.7458777,0.73637724,0.77225465,0.6180014752796537,0.6180210814576905,0.6180210814576905,0.618016096920254,0.6180210814576905,0.6180210814576905,0.6180210814576905,0.6180210814576905,0.6180210814576905,0.6180210814576905,0.6180210814576905,0.6180210814576905,0.6180210814576905,0.63416815,0.61266047,0.6508837,0.8488125817035583,0.8489784396741591,0.8489784396741591,0.8488209353538689,0.8489784396741591,0.8489784396741591,0.8489784396741591,0.8489784396741591,0.8489784396741591,0.8489784396741591,0.8489784396741591,0.8489784396741591,0.8489784396741591,0.84284306,0.8249009,0.8526544
0.6787109375,0.8269208741983892,0.8268612687539532,0.8268612687539532,0.8269192270183676,0.8268612687539532,0.8268612687539532,0.8268612687539532,0.8268612687539532,0.8268612687539532,0.8268612687539532,0.8268612687539532,0.8268612687539532,0.8268612687539532,0.75679827,0.74172044,0.78205156,0.6180014752796537,0.6180210814576905,0.6180210814576905,0.618016110418863,0.6180210814576905,0.6180210814576905,0.6180210814576905,0.6180210814576905,0.6180210814576905,0.6180210814576905,0.6180210814576905,0.6180210814576905,0.6180210814576905,0.63608885,0.6139037,0.6544877,0.8488125817035583,0.8489784396741591,0.8489784396741591,0.8488212184922409,0.8489784396741591,0.8489784396741591,0.8489784396741591,0.8489784396741591,0.8489784396741591,0.8489784396741591,0.8489784396741591,0.8489784396741591,0.8489784396741591,0.8453389,0.8274104,0.8557513
0.6806640625,0.8269208741983892,0.8267946387294872,0.8268326284659318,0.8269203280504093,0.8267498760435764,0.8267303353328479,0.8268002249374421,0.8268325170642901,0.8268298111408217,0.8268325771427808,0.8268047392176736,0.8267995082645313,0.8268218220998557,0.76847863,0.7485715,0.792713,0.6180014752796537,0.6182031918276844,0.6180840358365032,0.6180157132667342,0.6182029861291388,0.6181306105997325,0.6182310778851626,0.6180841959518576,0.6180841096022376,0.6180880851348601,0.6181241218426495,0.6180995678115125,0.6181316407408866,0.6385849,0.6160512,0.65856326,0.8488125817035583,0.8489389095208757,0.8489659107536374,0.8488211419477111,0.8488562164888191,0.8488303131937197,0.8489229581124074,0.8489657630859251,0.8489621762642898,0.8489658427225738,0.8489289420796468,0.8489220081153356,0.8489515864067801,0.84797376,0.8303944,0.8586612
0.6826171875,0.8269208741983892,0.8267946387294872,0.8268073019749688,0.8269214518226622,0.8267371847982974,0.8267206277063424,0.8267798460544383,0.8268072075829453,0.8268049148196824,0.8268072584882122,0.8267836710613146,0.8267792388083944,0.8267981456039797,0.7807123,0.7569202,0.80423486,0.6180014752796537,0.6182031918276844,0.618163471947308,0.6180147785200452,0.6182427972074525,0.6181945318924082,0.6182615306104032,0.6181635787262464,0.6181635211407593,0.6181661723726674,0.6181902046691018,0.6181738300077989,0.6181952188724336,0.6415671,0.6191336,0.66297674,0.8488125817035583,0.8489389095208757,0.8489479104535438,0.8488204745664522,0.848847195133304,0.8488234124570109,0.848908473405751,0.8489477748715759,0.848944481611691,0.8489478479904269,0.8489139675760885,0.8489076011680037,0.8489347584899676,0.850646,0.83378136,0.8614521
0.6845703125,0.8269208741983892,0.8267946387294872,0.8267819754840057,0.8269222484591847,0.8267244935530182,0.8267109200798368,0.8267594671714346,0.8267818981016004,0.826780018498543,0.8267819398336436,0.8267626029049555,0.8267589693522575,0.8267744691081036,0.79324144,0.76666266,0.8165698,0.6180014752796537,0.6182031918276844,0.6182429129247842,0.6180133958622678,0.6182826095080651,0.61825845633629,0.6182919840508242,0.6182429663607729,0.6182429375429418,0.6182442643132613,0.618256290863494,0.6182480964574064,0.6182588001214413,0.64492667,0.6231769,0.6675861,0.8488125817035583,0.8489389095208757,0.8489299080664287,0.8488191898184402,0.8488381732536474,0.8488165114136252,0.8488939873477616,0.8489297845730073,0.8489267849423545,0.8489298511725499,0.8488989916282506,0.8488931928838106,0.8489179287491757,0.85324967,0.83747655,0.8642261
0.6865234375,0.8269208741983892,0.8267946387294872,0.8267566489930427,0.8269225829060172,0.8269670005230568,0.8268390167546338,0.8270166717989218,0.8267569321691131,0.8267567794533123,0.8267638104589018,0.8268275417340052,0.82678411810601,0.8268408384927657,0.8057804,0.77760875,0.8296341,0.6180014752796537,0.6182031918276844,0.6183223587693784,0.6180122617450942,0.618084408707614,0.6180282381294807,0.6182291697743313,0.6183220383586626,0.618314255714243,0.6183222111549419,0.6182421512361735,0.6182271089114794,0.618291278781828,0.64854074,0.6282002,0.67224705,0.8488125817035583,0.8489389095208757,0.8489119035921007,0.848817921705295,0.8492140495718994,0.8490302177174487,0.8492853939614697,0.8489123103548162,0.8489120909892017,0.8489221905289215,0.8490137350205698,0.8489513609028678,0.8490328344533629,0.8556799,0.8413648,0.8671116
0.6884765625,0.8269208741983892,0.826658656826249,0.826658656826249,0.8269228074365245,0.8266658383567622,0.8266606600821329,0.8266899876264975,0.8266586632719772,0.8266586568281424,0.8266588705897713,0.8266609820432972,0.8266593319641976,0.8266691054444311,0.8180447,0.78949493,0.8433156,0.6180014752796537,0.6186566691842398,0.6186566691842398,0.6180120589055905,0.6186447232113759,0.6186045541155222,0.6186533368875532,0.6186566584621292,0.6186563136005997,0.6186566691810901,0.6186528013258649,0.6186392887086237,0.6186555461307238,0.6522777,0.6342063,0.67681503,0.8488125817035583,0.8487336972795401,0.8487336972795401,0.8488175046829852,0.8487446764934852,0.8487367598870129,0.8487815958539014,0.8487337071338714,0.848733697282435,0.8487340240845762,0.8487372521057004,0.8487347294409154,0.8487496712424842,0.8578452,0.8453127,0.87025315
0.6904296875,0.8269208741983892,0.826658656826249,0.826658656826249,0.8269226145043915,0.8266658383567622,0.8266606600821329,0.8266899876264975,0.8266586632719772,0.8266586568281424,0.8266588705897713,0.8266609820432972,0.8266593319641976,0.8266691054444311,0.82977885,0.8020039,0.8574745,0.6180014752796537,0.6186566691842398,0.6186566691842398,0.6180123408555074,0.6186447232113759,0.6186045541155222,0.6186533368875532,0.6186566584621292,0.6186563136005997,0.6186566691810901,0.6186528013258649,0.6186392887086237,0.6186555461307238,0.65600455,0.6411643,0.68114734,0.8488125817035583,0.8487336972795401,0.8487336972795401,0.8488175518936142,0.8487446764934852,0.8487367598870129,0.8487815958539014,0.8487337071338714,0.848733697282435,0.8487340240845762,0.8487372521057004,0.8487347294409154,0.8487496712424842,0.8596752,0.8491767,0.8737921
0.6923828125,0.8269208741983892,0.826658656826249,0.826658656826249,0.8269223316861851,0.8266658383567622,0.8266606600821329,0.8266899876264975,0.8266586632719772,0.8266586568281424,0.8266588705897713,0.8266609820432972,0.8266593319641976,0.8266691054444311,0.8407791,0.8147895,0.87193274,0.6180014752796537,0.6186566691842398,0.6186566691842398,0.6180130834860175,0.6186447232113759,0.6186045541155222,0.6186533368875532,0.6186566584621292,0.6186563136005997,0.6186566691810901,0.6186528013258649,0.6186392887086237,0.6186555461307238,0.65959525,0.64898455,0.6851033,0.8488125817035583,0.8487336972795401,0.8487336972795401,0.8488182662864133,0.8487446764934852,0.8487367598870129,0.8487815958539014,0.8487337071338714,0.848733697282435,0.8487340240845762,0.8487372521057004,0.8487347294409154,0.8487496712424842,0.8611257,0.8528143,0.87783974
0.6943359375,0.8269208741983892,0.826658656826249,0.826658656826249,0.8269222226117328,0.826637112234709,0.8265646644255032,0.8266526470585971,0.826658637489064,0.8266580155356819,0.8266586568205684,0.8266516811751042,0.8266273109717025,0.8266566314124031,0.8509083,0.8275034,0.886457,0.6180014752796537,0.6186566691842398,0.6186566691842398,0.618014551915258,0.6186925083482203,0.6186666661712028,0.618813038095352,0.6186567013505724,0.6186566691936891,0.6186577359362634,0.6186682728899191,0.6186600383557939,0.6187088132473706,0.6629378,0.6574929,0.6885453,0.8488125817035583,0.8487336972795401,0.8487336972795401,0.8488197504789475,0.8487007593545688,0.8485899961671863,0.8487245094350906,0.8487336677165456,0.8487327168641808,0.8487336972708555,0.8487230327713778,0.8486857747913547,0.8487306007929115,0.8621826,0.85610014,0.8824463
0.6962890625,0.8269208741983892,0.8278130209692864,0.8278130209692864,0.8269224734019691,0.8278130209692864,0.8278130209692864,0.8278130209692864,0.8278130209692864,0.8278130209692864,0.8278130209692864,0.8278130209692864,0.8278130209692864,0.8278130209692864,0.860097,0.8398231,0.90074265,0.6180014752796537,0.6171093866964461,0.6171093866964461,0.6180161939637363,0.6171093866964461,0.6171093866964461,0.6171093866964461,0.6171093866964461,0.6171093866964461,0.6171093866964461,0.6171093866964461,0.6171093866964461,0.6171093866964461,0.6664138,0.66594076,0.69133985,0.8488125817035583,0.8503202461139059,0.8503202461139059,0.8488216262525533,0.8503202461139059,0.8503202461139059,0.8503202461139059,0.8503202461139059,0.8503202461139059,0.8503202461139059,0.8503202461139059,0.8503202461139059,0.8503202461139059,0.86285824,0.85893965,0.8875757
0.6982421875,0.8269208741983892,0.8278130209692864,0.8278130209692864,0.826923144743058,0.8278130209692864,0.8278130209692864,0.8278130209692864,0.8278130209692864,0.8278130209692864,0.8278130209692864,0.8278130209692864,0.8278130209692864,0.8278130209692864,0.8683391,0.85147434,0.91441125,0.6180014752796537,0.6171093866964461,0.6171093866964461,0.6180170438903992,0.6171093866964461,0.6171093866964461,0.6171093866964461,0.6171093866964461,0.6171093866964461,0.6171093866964461,0.6171093866964461,0.6171093866964461,0.6171093866964461,0.6753736,0.6685382,0.69336057,0.8488125817035583,0.8503202461139059,0.8503202461139059,0.8488229643240786,0.8503202461139059,0.8503202461139059,0.8503202461139059,0.8503202461139059,0.8503202461139059,0.8503202461139059,0.8503202461139059,0.8503202461139059,0.8503202461139059,0.86318916,0.86128175,0.89309764
0.7001953125,0.8269208741983892,0.8278130209692864,0.8278130209692864,0.826923744959006,0.8278130209692864,0.8278130209692864,0.8278130209692864,0.8278130209692864,0.8278130209692864,0.8278130209692864,0.8278130209692864,0.8278130209692864,0.8278130209692864,0.8756753,0.8622444,0.9270311,0.6180014752796537,0.6171093866964461,0.6171093866964461,0.618016981052048,0.6171093866964461,0.6171093866964461,0.6171093866964461,0.6171093866964461,0.6171093866964461,0.6171093866964461,0.6171093866964461,0.6171093866964461,0.6171093866964461,0.6839268,0.67068887,0.6944914,0.8488125817035583,0.8503202461139059,0.8503202461139059,0.8488233635770335,0.8503202461139059,0.8503202461139059,0.8503202461139059,0.8503202461139059,0.8503202461139059,0.8503202461139059,0.8503202461139059,0.8503202461139059,0.8503202461139059,0.86322856,0.86312366,0.89880145
0.7021484375,0.8269208741983892,0.8278130209692864,0.8278130209692864,0.8269247410234846,0.8278130209692864,0.8278130209692864,0.8278130209692864,0.8278130209692864,0.8278130209692864,0.8278130209692864,0.8278130209692864,0.8278130209692864,0.8278130209692864,0.8821743,0.8719883,0.93815684,0.6180014752796537,0.6171093866964461,0.6171093866964461,0.6180168145179965,0.6171093866964461,0.6171093866964461,0.6171093866964461,0.6171093866964461,0.6171093866964461,0.6171093866964461,0.6171093866964461,0.6171093866964461,0.6171093866964461,0.69160223,0.67237496,0.69463134,0.8488125817035583,0.8503202461139059,0.8503202461139059,0.8488230123962532,0.8503202461139059,0.8503202461139059,0.8503202461139059,0.8503202461139059,0.8503202461139059,0.8503202461139059,0.8503202461139059,0.8503202461139059,0.8503202461139059,0.8645093,0.8630392,0.9044298
0.7041015625,0.8269208741983892,0.8259065186703187,0.8259065186703187,0.8269263344108793,0.8259065186703187,0.8259065186703187,0.8259065186703187,0.8259065186703187,0.8259065186703187,0.8259065186703187,0.8259065186703187,0.8259065186703187,0.8259065186703187,0.8879087,0.8806219,0.94737536,0.6180014752796537,0.6196099667081464,0.6196099667081464,0.6180159428950261,0.6196099667081464,0.6196099667081464,0.6196099667081464,0.6196099667081464,0.6196099667081464,0.6196099667081464,0.6196099667081464,0.6196099667081464,0.6196099667081464,0.693701,0.6735982,0.69795144,0.8488125817035583,0.847518719324596,0.847518719324596,0.8488233319764374,0.847518719324596,0.847518719324596,0.847518719324596,0.847518719324596,0.847518719324596,0.847518719324596,0.847518719324596,0.847518719324596,0.847518719324596,0.86552113,0.8626883,0.9097159
0.7060546875,0.8269208741983892,0.8259065186703187,0.8259065186703187,0.8269283249810988,0.8259065186703187,0.8259065186703187,0.8259065186703187,0.8259065186703187,0.8259065186703187,0.8259065186703187,0.8259065186703187,0.8259065186703187,0.8259065186703187,0.8929333,0.88811004,0.9543401,0.6180014752796537,0.6196099667081464,0.6196099667081464,0.6180150454230218,0.6196099667081464,0.6196099667081464,0.6196099667081464,0.6196099667081464,0.6196099667081464,0.6196099667081464,0.6196099667081464,0.6196099667081464,0.6196099667081464,0.69164884,0.6743742,0.7025877,0.8488125817035583,0.847518719324596,0.847518719324596,0.848823565735884,0.847518719324596,0.847518719324596,0.847518719324596,0.847518719324596,0.847518719324596,0.847518719324596,0.847518719324596,0.847518719324596,0.847518719324596,0.8662695,0.862242,0.9144091
0.7080078125,0.8269208741983892,0.8259065186703187,0.8259065186703187,0.8269269397763258,0.8259065186703187,0.8259065186703187,0.8259065186703187,0.8259065186703187,0.8259065186703187,0.8259065186703187,0.8259065186703187,0.8259065186703187,0.8259065186703187,0.8972637,0.89444864,0.95878446,0.6180014752796537,0.6196099667081464,0.6196099667081464,0.6180181858699499,0.6196099667081464,0.6196099667081464,0.6196099667081464,0.6196099667081464,0.6196099667081464,0.6196099667081464,0.6196099667081464,0.6196099667081464,0.6196099667081464,0.688462,0.67472804,0.7052018,0.8488125817035583,0.847518719324596,0.847518719324596,0.8488207158439016,0.847518719324596,0.847518719324596,0.847518719324596,0.847518719324596,0.847518719324596,0.847518719324596,0.847518719324596,0.847518719324596,0.847518719324596,0.8668806,0.8617661,0.9182782
0.7099609375,0.8269208741983892,0.8259065186703187,0.8259065186703187,0.8269320537443743,0.8259065186703187,0.8259065186703187,0.8259065186703187,0.8259065186703187,0.8259065186703187,0.8259065186703187,0.8259065186703187,0.8259065186703187,0.8259065186703187,0.90086097,0.89964545,0.96051043,0.6180014752796537,0.6196099667081464,0.6196099667081464,0.6180119400155643,0.6196099667081464,0.6196099667081464,0.6196099667081464,0.6196099667081464,0.6196099667081464,0.6196099667081464,0.6196099667081464,0.6196099667081464,0.6196099667081464,0.68417954,0.67468774,0.7055559,0.8488125817035583,0.847518719324596,0.847518719324596,0.848827836195334,0.847518719324596,0.847518719324596,0.847518719324596,0.847518719324596,0.847518719324596,0.847518719324596,0.847518719324596,0.847518719324596,0.847518719324596,0.86748767,0.8613345,0.9210918
0.7119140625,0.8269208741983892,0.8238644757296042,0.8253960079351401,0.8269280873840574,0.8258404102628338,0.8257056822055079,0.8261130736796126,0.8253960327178173,0.8253960079583883,0.8253961174128682,0.8255457805519506,0.8254962734553555,0.8256351446988376,0.90370226,0.9036225,0.95936346,0.6180014752796537,0.6122346226916351,0.6177695519638682,0.6180114027532319,0.6177348757933824,0.6177136186674221,0.6177453845163415,0.6177695500290651,0.6177695434168567,0.6177695519620532,0.6177578612187982,0.6177508877754172,0.6177617251063314,0.6789117,0.67427695,0.70345783,0.8488125817035583,0.844477828717063,0.8467601782628028,0.8488231319544628,0.8473012862890886,0.8471372403109211,0.8476332833710073,0.8467602084384108,0.8467601782911099,0.8467603115638577,0.8469425427099282,0.8468822624414531,0.8470513532546594,0.8682224,0.86104685,0.92258006
0.7138671875,0.8269208741983892,0.8238644757296042,0.8243749864647828,0.82690425330631,0.824985601882721,0.8248004835250853,0.8253602454788894,0.8243750205165503,0.8243749864967261,0.8243751368888119,0.8245807762712495,0.8245127527830846,0.8247035639402144,0.90659493,0.9053797,0.95519483,0.6180014752796537,0.6122346226916351,0.6140818841929802,0.6180362741869206,0.6146497762691744,0.6144776990296276,0.614997790990723,0.6140819158856807,0.6140818842227104,0.6140820241957874,0.614273369327894,0.61421008480167,0.6143875763730866,0.6735017,0.67286,0.69872415,0.8488125817035583,0.844477828717063,0.8452397350417529,0.8487908423862315,0.8460286289192945,0.8457894736767833,0.8465126027956721,0.8452397790384193,0.8452397350830253,0.845239929397471,0.8455056201991276,0.845417733627651,0.845664258929675,0.8692037,0.861056,0.9223893
0.7158203125,0.8269208741983892,0.8238644757296042,0.8233539649944256,0.8269666970963686,0.8241307935026081,0.8238952848446629,0.8246074172781662,0.8233540083152835,0.8233539650350641,0.8233541563647557,0.8236157719905485,0.8235292321108137,0.8237719831815912,0.90824664,0.9058977,0.9478257,0.6180014752796537,0.6122346226916351,0.6103850704456839,0.6179358157615193,0.6115582768653658,0.6112028332503566,0.6122770044654362,0.6103851359327995,0.6103850705071162,0.6103853597356307,0.6107807121013926,0.6106499612239833,0.6110166580206493,0.6723269,0.6663283,0.6911351,0.8488125817035583,0.844477828717063,0.8437147964640317,0.848882207824073,0.8447528242019275,0.8444381764903193,0.8453894827237438,0.8437148543636572,0.8437147965183464,0.8437150522362055,0.8440646835843226,0.8439490346663365,0.8442734245911391,0.87050986,0.8615895,0.9200361
0.7177734375,0.8269208741983892,0.8238644757296042,0.8223329435240683,0.8268833025347863,0.8205010972702539,0.8193771664817485,0.8210564523431608,0.8223328413687657,0.8223324922519809,0.8223329434282384,0.8217155741046681,0.8213472110977736,0.821919644569163,0.90848637,0.9048639,0.93701416,0.6180014752796537,0.6122346226916351,0.606679076654617,0.6180679352435351,0.6049495614000625,0.6038845879618637,0.605474708280586,0.6066789804207756,0.6066786515404642,0.6066790765643418,0.6060970563477874,0.6057493681606622,0.6062895389606675,0.6706338,0.6596917,0.6803868,0.8488125817035583,0.844477828717063,0.8421853457851229,0.8487627335607151,0.839813831695977,0.8383582995569568,0.8405329000295889,0.8421852135619096,0.842184761687711,0.8421853456610868,0.841386207095662,0.8409093355442627,0.8416503734241886,0.8721202,0.86292213,0.91486603
0.7197265625,0.8269208741983892,0.7958503696984419,0.8168609492218136,0.8267984106811167,0.8172951879875228,0.8170016698621554,0.8179386119494165,0.8168609960547637,0.8168609733961626,0.8168838996778982,0.8170015459064843,0.8169078786404564,0.8172241434642693,0.9069814,0.9018438,0.9224331,0.6180014752796537,0.5676608967146736,0.6013778127500543,0.618281967216118,0.6015408304046297,0.6014306596905307,0.6017820600642059,0.6013778303409659,0.6013778218301752,0.6013864329229155,0.6014306131476024,0.6013954388845807,0.6015141714203092,0.66604364,0.65326095,0.66814554,0.8488125817035583,0.804451108105183,0.8345309522855402,0.848640599231062,0.8349250225915539,0.834658656772778,0.835508911848781,0.8345309947867626,0.8345309742239273,0.8345517799692687,0.8346585442829622,0.8345735410031772,0.8348605505056275,0.873795,0.8652177,0.906032
0.7216796875,0.8269208741983892,0.7958503696984419,0.8028538962062325,0.8276491865634401,0.8036568745366223,0.8031141116309158,0.804846670426472,0.8028539828079986,0.8028539409085482,0.8028963353442454,0.8031138824166548,0.8029406763585444,0.8035255016211428,0.9031353,0.89618325,0.9036669,0.6180014752796537,0.5676608967146736,0.5790959503268104,0.6171223176587138,0.5798699876341762,0.5793469565630629,0.5810140610652121,0.5790960338907515,0.5790959934610562,0.5791368986206283,0.5793467355324153,0.5791796773557968,0.5797434555210543,0.6474987,0.6469822,0.66431147,0.8488125817035583,0.804451108105183,0.8145186353498832,0.8498587562478821,0.815442809378232,0.8148181468818185,0.8168118311490715,0.8145187350330737,0.8145186868046016,0.8145674847625257,0.8148178830619557,0.8146185227476395,0.8152916211587936,0.8748725,0.86814636,0.89249504
0.7236328125,0.8269208741983892,0.7958503696984419,0.7888468431906513,0.8260028072396037,0.7900185610857217,0.7892265533996763,0.7917547289035273,0.7888469695612335,0.7888469084209337,0.7889087710105926,0.7892262189268253,0.7889734740766323,0.7898268597780161,0.88688385,0.8802419,0.8959728,0.6180014752796537,0.5676608967146736,0.5560227981089949,0.6195633719506733,0.5574509251103981,0.556486065410628,0.5595592498034867,0.5560229523622322,0.5560228777318221,0.5560983838838901,0.5564856575315457,0.5561773443000488,0.5572175633801199,0.63998854,0.62395346,0.6581568,0.8488125817035583,0.804451108105183,0.7943412154273102,0.8474934724918401,0.7958044167092865,0.7948154551205524,0.7979713031105843,0.7943413732693282,0.7943412969025978,0.7944185649039074,0.7948150374099318,0.7944993788103321,0.7955650707073783,0.87307495,0.87028533,0.873991
0.7255859375,0.8269208741983892,0.7958503696984419,0.7748397901750702,0.8254960883134923,0.772430855183901,0.7688614675143519,0.7740591439010202,0.7748395303697719,0.7747124727610313,0.7748396560681231,0.7740598315438033,0.7728249739303396,0.7745794497181346,0.8725723,0.85170805,0.884078,0.6180014752796537,0.5676608967146736,0.5321154428199139,0.6141675931003788,0.529552942649459,0.5257264898496768,0.5312867786092813,0.5321151673116241,0.5319804080224381,0.5321153006073804,0.5312875092848132,0.5299732787419171,0.5318392743278101,0.63022745,0.59443617,0.6481489,0.8488125817035583,0.804451108105183,0.7739897386425041,0.8467610143056394,0.7711797801985698,0.7670124253680752,0.7730793580048487,0.7739894356959443,0.7738412770623218,0.7739895822667957,0.7730801600195469,0.7716396483836964,0.773686156256151,0.86862415,0.84657717,0.8688473
0.7275390625,0.8269208741983892,0.6351182216308711,0.7038280450487813,0.8077475709186983,0.8028807856548658,0.7998870073822937,0.8075502779156191,0.7211921199987003,0.7044772059341403,0.735775672201494,0.7372108318577917,0.7349297630516413,0.7384187353480349,0.85175025,0.8177861,0.86571705,0.6180014752796537,0.3047739545645259,0.4123966004001904,0.5881153277415195,0.5334907139698037,0.5302702822633536,0.5384660588812916,0.43602902493901374,0.41330106796903365,0.4550153578841771,0.45684319400087053,0.4539346542011957,0.4583760875271342,0.6145818,0.5578883,0.6322035,0.8488125817035583,0.5845970628157199,0.6716328459903569,0.8213887995076219,0.7910720748689264,0.7875228617630892,0.7966013108378619,0.6929029170090371,0.6724309299960534,0.7106479210132192,0.7123885880476125,0.7096214782532105,0.7138528612997086,0.8562498,0.81202835,0.85882753
0.7294921875,0.8269208741983892,0.6351182216308711,0.6580214961035078,0.689820854113103,0.7879944751436317,0.7840661610122821,0.7941215930408385,0.6808059292823141,0.6588732986243687,0.699941873559941,0.701825031711708,0.6988319059655974,0.7034099935619229,0.8234042,0.77858174,0.83928573,0.6180014752796537,0.3047739545645259,0.34314546515601674,0.40052581204733717,0.5169850387887593,0.5125755407417982,0.5237755877993443,0.378417754369328,0.34450802554887927,0.4062676403341589,0.40892625131146104,0.4046938951007277,0.4111528413092761,0.5897721,0.5133526,0.607982,0.8488125817035583,0.5845970628157199,0.6139586987848975,0.6581451103794083,0.7731648357626684,0.7684701316485201,0.7804752374663502,0.6425332421902596,0.6150330547483751,0.6662860299504626,0.668612144189406,0.6649140450635923,0.6705683902059754,0.8328096,0.7690405,0.83677876
0.7314453125,0.392463,0.6351182216308711,0.6122149471582343,0.46452647205331465,0.48257947058346917,0.47646826305017903,0.486497584012228,0.5894896786029248,0.5704034248718897,0.6113653565236663,0.5685251567405221,0.5669443105806291,0.5715105101994549,0.78770787,0.7348308,0.8040532,-0.251675,0.3047739545645259,0.2635314482775332,-0.05957247492247405,-0.0409766401426287,-0.05942135506465164,-0.02939486284600219,0.2198319323923792,0.18043974486378006,0.26195618663587183,0.17642023115271324,0.17301656264613935,0.18279654353473226,0.5537416,0.46027806,0.57354295,0.283836,0.5845970628157199,0.5548333875447178,0.3664510438105228,0.3778259920332399,0.3689139597851567,0.38350597733192016,0.5251474669945756,0.4998417710674866,0.5537316845938914,0.4973316100826426,0.49521606581255684,0.5013195878159381,0.7963323,0.71825504,0.8008307
0.7333984375,0.392463,0.6351182216308711,0.5664083982129609,0.39257013797328,0.46701815514151734,0.4623327525168474,0.4700221341166803,0.5489851586395452,0.5343519158901596,0.5657570254413088,0.5329118662134624,0.5316998470328973,0.5352007073067906,0.7463015,0.68807393,0.7608601,-0.251675,0.3047739545645259,0.17104035057757883,-0.2513953708137481,-0.08921782593322615,-0.1042486423230741,-0.07973868691392579,0.13222864767400208,0.09767637007150902,0.16963237851135624,0.09417354225126628,0.09121067874668999,0.09973217076111454,0.5066644,0.39891678,0.52814865,0.283836,0.5845970628157199,0.4939048368949094,0.28394490865609257,0.354791308901997,0.34785068226259724,0.35921935218842793,0.4704617276997643,0.45050167675989916,0.49303436852229354,0.4485232112258026,0.4468559966759357,0.45166659706126305,0.7472751,0.66169274,0.75307065
0.7353515625,0.392463,0.42939797813625447,0.4570992117384453,0.392463,0.4586501991599891,0.4575727197617468,0.45956746371429363,0.45710059671659203,0.4571000772446074,0.45710282836127025,0.4576219260229774,0.45725712358565035,0.45789837586689286,0.7018642,0.6406132,0.7122509,-0.251675,-0.14881409366270346,-0.0825772152446865,-0.2516749999999999,-0.07696364874327016,-0.08085938833873932,-0.07366157775203862,-0.08257218553040485,-0.08257407205166081,-0.08256408110917093,-0.08068107818514345,-0.08200393573896125,-0.07968001134387355,0.4508839,0.3306768,0.47279495,0.283836,0.3248957245276619,0.35466656911896954,0.283836,0.3572218872734476,0.355447306286251,0.35873041394329186,0.35466885350863997,0.3546679966895719,0.3546725343844616,0.3555284084063324,0.35492699989365384,0.3559839469412358,0.68915415,0.60271716,0.698426
0.7373046875,0.392463,0.42939797813625447,0.4386317226703181,0.392463,0.4375920569466349,0.43697719153675896,0.4383143183800721,0.43863079428477014,0.43862929835743564,0.4386311424998552,0.43828133419046394,0.438096022934522,0.438525870403161,0.65725833,0.595142,0.6618116,-0.251675,-0.14881409366270346,-0.12580555495163287,-0.2516749999999999,-0.1290958582464352,-0.13104913389808964,-0.12680841139949653,-0.12580848612083845,-0.12581320920208586,-0.12580738670832992,-0.1269127100908288,-0.1274989713382019,-0.12613983971456172,0.38990855,0.25820863,0.4100885,0.283836,0.3248957245276619,0.33490659384960325,0.283836,0.3334737920195158,0.3326255281135703,0.3344693683414383,0.3349053152524194,0.3349032550184726,0.3349057948236407,0.3344239223840214,0.3341685631474187,0.3347608015868226,0.6273641,0.5453912,0.6424044
0.7392578125,0.392463,0.42939797813625447,0.42016423360219085,0.392463,0.41964723779500956,0.41934148294357476,0.4200063975944237,0.42016377194280863,0.4201630280612492,0.4201639451001368,0.41998999550734684,0.41989784555937504,0.42011159631978917,0.6130782,0.55412555,0.61478955,-0.251675,-0.14881409366270346,-0.17283392725120186,-0.2516749999999999,-0.17499022280487395,-0.1762679727672896,-0.1734916696185188,-0.172835850381447,-0.17283894917091255,-0.17283512906106116,-0.17356004959984428,-0.17394432025283085,-0.17305322512692134,0.3272016,0.18503904,0.3435014,0.283836,0.3248957245276619,0.31478993055278376,0.283836,0.31390497765420305,0.3133812424641438,0.31451984204335365,0.3147891406685993,0.31478786791014307,0.3147894369352276,0.3144917706697958,0.31433404591238134,0.31469986586964127,0.5671953,0.49339375,0.5892236
0.7412109375,0.392463,0.42939797813625447,0.4016967445340636,0.392463,0.4017024186433843,0.4016984768087753,0.40170577435039057,0.40169674960084706,0.4016967477004185,0.4016967577650628,0.40169865682422967,0.4016973222364174,0.40169966818422803,0.56866014,0.5192205,0.57589453,-0.251675,-0.14881409366270346,-0.22418643691634252,-0.2516749999999999,-0.22498496631976142,-0.2254572114471917,-0.2244302259919162,-0.22418714998555625,-0.22418829896907438,-0.22418688253045044,-0.2244555600754812,-0.2245978912036871,-0.2242677392217053,0.26540083,0.1148043,0.2764225,0.283836,0.3248957245276619,0.2942673844142336,0.283836,0.2939510149173349,0.2937638636219744,0.2941708093928127,0.2942671019529153,0.2942666468168272,0.29426720789737026,0.29416077291008147,0.29410438418322327,0.2942351783338116,0.5123586,0.44906464,0.5411959
0.7431640625,0.392463,0.392463,0.392463,0.392463,0.392463,0.392463,0.392463,0.392463,0.392463,0.392463,0.392463,0.392463,0.392463,0.52993584,0.49102747,0.5412061,-0.251675,-0.2516749999999999,-0.2516749999999999,-0.2516749999999999,-0.2516749999999999,-0.2516749999999999,-0.2516749999999999,-0.2516749999999999,-0.2516749999999999,-0.2516749999999999,-0.2516749999999999,-0.2516749999999999,-0.2516749999999999,0.20611,0.05042751,0.21146742,0.283836,0.283836,0.283836,0.283836,0.283836,0.283836,0.283836,0.283836,0.283836,0.283836,0.283836,0.283836,0.283836,0.4646197,0.41309056,0.4990544
0.7451171875,0.392463,0.392463,0.392463,0.392463,0.392463,0.392463,0.392463,0.392463,0.392463,0.392463,0.392463,0.392463,0.392463,0.49723142,0.46923855,0.5107863,-0.251675,-0.2516749999999999,-0.2516749999999999,-0.2516749999999999,-0.2516749999999999,-0.2516749999999999,-0.2516749999999999,-0.2516749999999999,-0.2516749999999999,-0.2516749999999999,-0.2516749999999999,-0.2516749999999999,-0.2516749999999999,0.15006547,-0.006369382,0.1502344,0.283836,0.283836,0.283836,0.283836,0.283836,0.283836,0.283836,0.283836,0.283836,0.283836,0.283836,0.283836,0.283836,0.42423368,0.38484943,0.4625704
0.7470703125,0.392463,0.392463,0.392463,0.392463,0.392463,0.392463,0.392463,0.392463,0.392463,0.392463,0.392463,0.392463,0.392463,0.47019678,0.45300195,0.48436403,-0.251675,-0.2516749999999999,-0.2516749999999999,-0.2516749999999999,-0.2516749999999999,-0.2516749999999999,-0.2516749999999999,-0.2516749999999999,-0.2516749999999999,-0.2516749999999999,-0.2516749999999999,-0.2516749999999999,-0.2516749999999999,0.09341337,-0.055077106,0.09742576,0.283836,0.283836,0.283836,0.283836,0.283836,0.283836,0.283836,0.283836,0.283836,0.283836,0.283836,0.283836,0.283836,0.3906,0.3630377,0.43106735
0.7490234375,0.392463,0.392463,0.392463,0.392463,0.392463,0.392463,0.392463,0.392463,0.392463,0.392463,0.392463,0.392463,0.392463,0.44815236,0.44128183,0.46151206,-0.251675,-0.2516749999999999,-0.2516749999999999,-0.2516749999999999,-0.2516749999999999,-0.2516749999999999,-0.2516749999999999,-0.2516749999999999,-0.2516749999999999,-0.2516749999999999,-0.2516749999999999,-0.2516749999999999,-0.2516749999999999,0.04105711,-0.09607878,0.04803747,0.283836,0.283836,0.283836,0.283836,0.283836,0.283836,0.283836,0.283836,0.283836,0.283836,0.283836,0.283836,0.283836,0.36278346,0.34621274,0.4037405
0.7509765625,0.392463,0.392463,0.392463,0.392463,0.392463,0.392463,0.392463,0.392463,0.392463,0.392463,0.392463,0.392463,0.392463,0.43309253,0.43032536,0.4417545,-0.251675,-0.2516749999999999,-0.2516749999999999,-0.2516749999999999,-0.2516749999999999,-0.2516749999999999,-0.2516749999999999,-0.2516749999999999,-0.2516749999999999,-0.2516749999999999,-0.2516749999999999,-0.2516749999999999,-0.2516749999999999,-0.007137418,-0.13024318,0.0016252697,0.283836,0.283836,0.283836,0.283836,0.283836,0.283836,0.283836,0.283836,0.283836,0.283836,0.283836,0.283836,0.283836,0.33981803,0.33309996,0.37981936
0.7529296875,0.392463,0.392463,0.392463,0.392463,0.392463,0.392463,0.392463,0.392463,0.392463,0.392463,0.392463,0.392463,0.392463,0.42462662,0.41597486,0.42759717,-0.251675,-0.2516749999999999,-0.2516749999999999,-0.2516749999999999,-0.2516749999999999,-0.2516749999999999,-0.2516749999999999,-0.2516749999999999,-0.2516749999999999,-0.2516749999999999,-0.2516749999999999,-0.2516749999999999,-0.2516749999999999,-0.051605612,-0.15859649,-0.042090118,0.283836,0.283836,0.283836,0.283836,0.283836,0.283836,0.283836,0.283836,0.283836,0.283836,0.283836,0.283836,0.283836,0.32269552,0.32084116,0.35863844
0.7548828125,0.392463,0.392463,0.392463,0.392463,0.392463,0.392463,0.392463,0.392463,0.392463,0.392463,0.392463,0.392463,0.392463,0.40970322,0.40444502,0.42412102,-0.251675,-0.2516749999999999,-0.2516749999999999,-0.2516749999999999,-0.2516749999999999,-0.2516749999999999,-0.2516749999999999,-0.2516749999999999,-0.2516749999999999,-0.2516749999999999,-0.2516749999999999,-0.2516749999999999,-0.2516749999999999,-0.09276906,-0.18212247,-0.083324075,0.283836,0.283836,0.283836,0.283836,0.283836,0.283836,0.283836,0.283836,0.283836,0.283836,0.283836,0.283836,0.283836,0.31425467,0.30513078,0.33966094
0.7568359375,0.392463,0.392463,0.392463,0.392463,0.392463,0.392463,0.392463,0.392463,0.392463,0.392463,0.392463,0.392463,0.392463,0.39661428,0.39517668,0.42212754,-0.251675,-0.2516749999999999,-0.2516749999999999,-0.2516749999999999,-0.2516749999999999,-0.2516749999999999,-0.2516749999999999,-0.2516749999999999,-0.2516749999999999,-0.2516749999999999,-0.2516749999999999,-0.2516749999999999,-0.2516749999999999,-0.13095447,-0.20166716,-0.12219402,0.283836,0.283836,0.283836,0.283836,0.283836,0.283836,0.283836,0.283836,0.283836,0.283836,0.283836,0.283836,0.283836,0.30723825,0.2920966,0.32248154
0.7587890625,0.392463,0.392463,0.392463,0.392463,0.392463,0.392463,0.392463,0.392463,0.392463,0.392463,0.392463,0.392463,0.392463,0.38770124,0.38505208,0.42118612,-0.251675,-0.2516749999999999,-0.2516749999999999,-0.2516749999999999,-0.2516749999999999,-0.2516749999999999,-0.2516749999999999,-0.2516749999999999,-0.2516749999999999,-0.2516749999999999,-0.2516749999999999,-0.2516749999999999,-0.2516749999999999,-0.16636488,-0.2179108,-0.15870535,0.283836,0.283836,0.283836,0.283836,0.283836,0.283836,0.283836,0.283836,0.283836,0.283836,0.283836,0.283836,0.283836,0.30125767,0.28125745,0.3068191
0.7607421875,0.392463,0.392463,0.392463,0.392463,0.392463,0.392463,0.392463,0.392463,0.392463,0.392463,0.392463,0.392463,0.392463,0.38163042,0.37477553,0.42094603,-0.251675,-0.2516749999999999,-0.2516749999999999,-0.2516749999999999,-0.2516749999999999,-0.2516749999999999,-0.2516749999999999,-0.2516749999999999,-0.2516749999999999,-0.2516749999999999,-0.2516749999999999,-0.2516749999999999,-0.2516749999999999,-0.199085,-0.23137143,-0.19275042,0.283836,0.283836,0.283836,0.283836,0.283836,0.283836,0.283836,0.283836,0.283836,0.283836,0.283836,0.283836,0.283836,0.2925027,0.27221835,0.29603347
0.7626953125,0.392463,0.392463,0.392463,0.392463,0.392463,0.392463,0.392463,0.392463,0.392463,0.392463,0.392463,0.392463,0.392463,0.37664694,0.36561155,0.4211183,-0.251675,-0.2516749999999999,-0.2516749999999999,-0.2516749999999999,-0.2516749999999999,-0.2516749999999999,-0.2516749999999999,-0.2516749999999999,-0.2516749999999999,-0.2516749999999999,-0.2516749999999999,-0.2516749999999999,-0.2516749999999999,-0.22910401,-0.24242398,-0.22411945,0.283836,0.283836,0.283836,0.283836,0.283836,0.283836,0.283836,0.283836,0.283836,0.283836,0.283836,0.283836,0.283836,0.2794531,0.26465282,0.29136676
0.7646484375,0.392463,0.392463,0.392463,0.392463,0.392463,0.392463,0.392463,0.392463,0.392463,0.392463,0.392463,0.392463,0.392463,0.37249786,0.3574512,0.42146167,-0.251675,-0.2516749999999999,-0.2516749999999999,-0.2516749999999999,-0.2516749999999999,-0.2516749999999999,-0.2516749999999999,-0.2516749999999999,-0.2516749999999999,-0.2516749999999999,-0.2516749999999999,-0.2516749999999999,-0.2516749999999999,-0.25252512,-0.25634614,-0.25132862,0.283836,0.283836,0.283836,0.283836,0.283836,0.283836,0.283836,0.283836,0.283836,0.283836,0.283836,0.283836,0.283836,0.26765886,0.25829303,0.28712076
0.7666015625,0.392463,0.392463,0.392463,0.392463,0.392463,0.392463,0.392463,0.392463,0.392463,0.392463,0.392463,0.392463,0.392463,0.36898986,0.35024077,0.42177343,-0.251675,-0.2516749999999999,-0.2516749999999999,-0.2516749999999999,-0.2516749999999999,-0.2516749999999999,-0.2516749999999999,-0.2516749999999999,-0.2516749999999999,-0.2516749999999999,-0.2516749999999999,-0.2516749999999999,-0.2516749999999999,-0.27764007,-0.2806985,-0.25826445,0.283836,0.283836,0.283836,0.283836,0.283836,0.283836,0.283836,0.283836,0.283836,0.283836,0.283836,0.283836,0.283836,0.2571505,0.2529233,0.28320917
0.7685546875,0.392463,0.392463,0.392463,0.392463,0.392463,0.392463,0.392463,0.392463,0.392463,0.392463,0.392463,0.392463,0.392463,0.36598322,0.3439675,0.42188057,-0.251675,-0.2516749999999999,-0.2516749999999999,-0.2516749999999999,-0.2516749999999999,-0.2516749999999999,-0.2516749999999999,-0.2516749999999999,-0.2516749999999999,-0.2516749999999999,-0.2516749999999999,-0.2516749999999999,-0.2516749999999999,-0.29914895,-0.30203983,-0.26337138,0.283836,0.283836,0.283836,0.283836,0.283836,0.283836,0.283836,0.283836,0.283836,0.283836,0.283836,0.283836,0.283836,0.24837522,0.24797356,0.27958518
0.7705078125,0.392463,0.392463,0.392463,0.392463,0.392463,0.392463,0.392463,0.392463,0.392463,0.392463,0.392463,0.392463,0.392463,0.3633854,0.33864266,0.42163387,-0.251675,-0.2516749999999999,-0.2516749999999999,-0.2516749999999999,-0.2516749999999999,-0.2516749999999999,-0.2516749999999999,-0.2516749999999999,-0.2516749999999999,-0.2516749999999999,-0.2516749999999999,-0.2516749999999999,-0.2516749999999999,-0.31680343,-0.3202664,-0.26679638,0.283836,0.283836,0.283836,0.283836,0.283836,0.283836,0.283836,0.283836,0.283836,0.283836,0.283836,0.283836,0.283836,0.24452284,0.24016505,0.27623224
0.7724609375,0.392463,0.392463,0.392463,0.392463,0.392463,0.392463,0.392463,0.392463,0.392463,0.392463,0.392463,0.392463,0.392463,0.3611399,0.334284,0.4209068,-0.251675,-0.2516749999999999,-0.2516749999999999,-0.2516749999999999,-0.2516749999999999,-0.2516749999999999,-0.2516749999999999,-0.2516749999999999,-0.2516749999999999,-0.2516749999999999,-0.2516749999999999,-0.2516749999999999,-0.2516749999999999,-0.33047625,-0.3353205,-0.26873443,0.283836,0.283836,0.283836,0.283836,0.283836,0.283836,0.283836,0.283836,0.283836,0.283836,0.283836,0.283836,0.283836,0.24127422,0.23373558,0.2731535
0.7744140625,0.392463,0.392463,0.392463,0.392463,0.392463,0.392463,0.392463,0.392463,0.392463,0.392463,0.392463,0.392463,0.392463,0.35921502,0.33090195,0.419602,-0.251675,-0.2516749999999999,-0.2516749999999999,-0.2516749999999999,-0.2516749999999999,-0.2516749999999999,-0.2516749999999999,-0.2516749999999999,-0.2516749999999999,-0.2516749999999999,-0.2516749999999999,-0.2516749999999999,-0.2516749999999999,-0.3401961,-0.3472168,-0.26945147,0.283836,0.283836,0.283836,0.283836,0.283836,0.283836,0.283836,0.283836,0.283836,0.283836,0.283836,0.283836,0.283836,0.23856167,0.2286589,0.2703638
0.7763671875,0.392463,0.392463,0.392463,0.392463,0.392463,0.392463,0.392463,0.392463,0.392463,0.392463,0.392463,0.392463,0.392463,0.3575932,0.32849118,0.41766408,-0.251675,-0.2516749999999999,-0.2516749999999999,-0.2516749999999999,-0.2516749999999999,-0.2516749999999999,-0.2516749999999999,-0.2516749999999999,-0.2516749999999999,-0.2516749999999999,-0.2516749999999999,-0.2516749999999999,-0.2516749999999999,-0.3461556,-0.35605678,-0.26927647,0.283836,0.283836,0.283836,0.283836,0.283836,0.283836,0.283836,0.283836,0.283836,0.283836,0.283836,0.283836,0.283836,0.2363314,0.22487089,0.26788494
0.7783203125,0.392463,0.392463,0.392463,0.392463,0.392463,0.392463,0.392463,0.392463,0.392463,0.392463,0.392463,0.392463,0.392463,0.35626364,0.32702857,0.4150969,-0.251675,-0.2516749999999999,-0.2516749999999999,-0.2516749999999999,-0.2516749999999999,-0.2516749999999999,-0.2516749999999999,-0.2516749999999999,-0.2516749999999999,-0.2516749999999999,-0.2516749999999999,-0.2516749999999999,-0.2516749999999999,-0.34869424,-0.362031,-0.2685655,0.283836,0.283836,0.283836,0.283836,0.283836,0.283836,0.283836,0.283836,0.283836,0.283836,0.283836,0.283836,0.283836,0.23453566,0.22227533,0.2657438
0.7802734375,0.392463,0.392463,0.392463,0.392463,0.392463,0.392463,0.392463,0.392463,0.392463,0.392463,0.392463,0.392463,0.392463,0.35522157,0.32647526,0.41197345,-0.251675,-0.2516749999999999,-0.2516749999999999,-0.2516749999999999,-0.2516749999999999,-0.2516749999999999,-0.2516749999999999,-0.2516749999999999,-0.2516749999999999,-0.2516749999999999,-0.2516749999999999,-0.2516749999999999,-0.2516749999999999,-0.34825578,-0.36539796,-0.2676454,0.283836,0.283836,0.283836,0.283836,0.283836,0.283836,0.283836,0.283836,0.283836,0.283836,0.283836,0.283836,0.283836,0.23312998,0.2207553,0.26397333
0.7822265625,0.392463,0.392463,0.392463,0.392463,0.392463,0.392463,0.392463,0.392463,0.392463,0.392463,0.392463,0.392463,0.392463,0.3544713,0.3267822,0.40843564,-0.251675,-0.2516749999999999,-0.2516749999999999,-0.2516749999999999,-0.2516749999999999,-0.2516749999999999,-0.2516749999999999,-0.2516749999999999,-0.2516749999999999,-0.2516749999999999,-0.2516749999999999,-0.2516749999999999,-0.2516749999999999,-0.34533712,-0.36644974,-0.26676294,0.283836,0.283836,0.283836,0.283836,0.283836,0.283836,0.283836,0.283836,0.283836,0.283836,0.283836,0.283836,0.283836,0.23207538,0.22018713,0.2626122
0.7841796875,0.392463,0.392463,0.392463,0.392463,0.392463,0.392463,0.392463,0.392463,0.392463,0.392463,0.392463,0.392463,0.392463,0.35403186,0.32789448,0.4046769,-0.251675,-0.2516749999999999,-0.2516749999999999,-0.2516749999999999,-0.2516749999999999,-0.2516749999999999,-0.2516749999999999,-0.2516749999999999,-0.2516749999999999,-0.2516749999999999,-0.2516749999999999,-0.2516749999999999,-0.2516749999999999,-0.34044108,-0.36547068,-0.26605794,0.283836,0.283836,0.283836,0.283836,0.283836,0.283836,0.283836,0.283836,0.283836,0.283836,0.283836,0.283836,0.283836,0.23134266,0.22045377,0.2616996
0.7861328125,0.392463,0.392463,0.392463,0.392463,0.392463,0.392463,0.392463,0.392463,0.392463,0.392463,0.392463,0.392463,0.392463,0.3539411,0.32975605,0.40091598,-0.251675,-0.2516749999999999,-0.2516749999999999,-0.2516749999999999,-0.2516749999999999,-0.2516749999999999,-0.2516749999999999,-0.2516749999999999,-0.2516749999999999,-0.2516749999999999,-0.2516749999999999,-0.2516749999999999,-0.2516749999999999,-0.3340386,-0.36270353,-0.26556066,0.283836,0.283836,0.283836,0.283836,0.283836,0.283836,0.283836,0.283836,0.283836,0.283836,0.283836,0.283836,0.283836,0.23091863,0.22145392,0.26126835
0.7880859375,0.392463,0.392463,0.392463,0.392463,0.392463,0.392463,0.392463,0.392463,0.392463,0.392463,0.392463,0.392463,0.392463,0.35425416,0.33230963,0.39736873,-0.251675,-0.2516749999999999,-0.2516749999999999,-0.2516749999999999,-0.2516749999999999,-0.2516749999999999,-0.2516749999999999,-0.2516749999999999,-0.2516749999999999,-0.2516749999999999,-0.2516749999999999,-0.2516749999999999,-0.2516749999999999,-0.32654706,-0.35833678,-0.2652124,0.283836,0.283836,0.283836,0.283836,0.283836,0.283836,0.283836,0.283836,0.283836,0.283836,0.283836,0.283836,0.283836,0.23080704,0.22310713,0.26133665
0.7900390625,0.392463,0.392463,0.392463,0.392463,0.392463,0.392463,0.392463,0.392463,0.392463,0.392463,0.392463,0.392463,0.392463,0.35503682,0.3354973,0.3942244,-0.251675,-0.2516749999999999,-0.2516749999999999,-0.2516749999999999,-0.2516749999999999,-0.2516749999999999,-0.2516749999999999,-0.2516749999999999,-0.2516749999999999,-0.2516749999999999,-0.2516749999999999,-0.2516749999999999,-0.2516749999999999,-0.31832036,-0.35251024,-0.26489386,0.283836,0.283836,0.283836,0.283836,0.283836,0.283836,0.283836,0.283836,0.283836,0.283836,0.283836,0.283836,0.283836,0.23102666,0.22535272,0.2619024
0.7919921875,0.392463,0.392463,0.392463,0.392463,0.392463,0.392463,0.392463,0.392463,0.392463,0.392463,0.392463,0.392463,0.392463,0.35635588,0.33925694,0.39163163,-0.251675,-0.2516749999999999,-0.2516749999999999,-0.2516749999999999,-0.2516749999999999,-0.2516749999999999,-0.2516749999999999,-0.2516749999999999,-0.2516749999999999,-0.2516749999999999,-0.2516749999999999,-0.2516749999999999,-0.2516749999999999,-0.30964813,-0.34533462,-0.26445165,0.283836,0.283836,0.283836,0.283836,0.283836,0.283836,0.283836,0.283836,0.283836,0.283836,0.283836,0.283836,0.283836,0.23160672,0.22814429,0.2629429
0.7939453125,0.392463,0.392463,0.392463,0.392463,0.392463,0.392463,0.392463,0.392463,0.392463,0.392463,0.392463,0.392463,0.392463,0.3582661,0.34351954,0.38969198,-0.251675,-0.2516749999999999,-0.2516749999999999,-0.2516749999999999,-0.2516749999999999,-0.2516749999999999,-0.2516749999999999,-0.2516749999999999,-0.2516749999999999,-0.2516749999999999,-0.2516749999999999,-0.2516749999999999,-0.2516749999999999,-0.30075786,-0.33692053,-0.26372138,0.283836,0.283836,0.283836,0.283836,0.283836,0.283836,0.283836,0.283836,0.283836,0.283836,0.283836,0.283836,0.283836,0.23257859,0.2314411,0.2644163
0.7958984375,0.392463,0.392463,0.392463,0.392463,0.392463,0.392463,0.392463,0.392463,0.392463,0.392463,0.392463,0.392463,0.392463,0.3608002,0.34820443,0.3884588,-0.251675,-0.2516749999999999,-0.2516749999999999,-0.2516749999999999,-0.2516749999999999,-0.2516749999999999,-0.2516749999999999,-0.2516749999999999,-0.2516749999999999,-0.2516749999999999,-0.2516749999999999,-0.2516749999999999,-0.2516749999999999,-0.2918221,-0.3274003,-0.26254335,0.283836,0.283836,0.283836,0.283836,0.283836,0.283836,0.283836,0.283836,0.283836,0.283836,0.283836,0.283836,0.283836,0.23519787,0.23396909,0.26626593
0.7978515625,0.392463,0.392463,0.392463,0.392463,0.392463,0.392463,0.392463,0.392463,0.392463,0.392463,0.392463,0.392463,0.392463,0.3639597,0.35321575,0.38794094,-0.251675,-0.2516749999999999,-0.2516749999999999,-0.2516749999999999,-0.2516749999999999,-0.2516749999999999,-0.2516749999999999,-0.2516749999999999,-0.2516749999999999,-0.2516749999999999,-0.2516749999999999,-0.2516749999999999,-0.2516749999999999,-0.28296718,-0.31694475,-0.260776,0.283836,0.283836,0.283836,0.283836,0.283836,0.283836,0.283836,0.283836,0.283836,0.283836,0.283836,0.283836,0.283836,0.23935609,0.23579338,0.26842424
0.7998046875,0.392463,0.392463,0.392463,0.392463,0.392463,0.392463,0.392463,0.392463,0.392463,0.392463,0.392463,0.392463,0.392463,0.36771017,0.3584398,0.38810608,-0.251675,-0.2516749999999999,-0.2516749999999999,-0.2516749999999999,-0.2516749999999999,-0.2516749999999999,-0.2516749999999999,-0.2516749999999999,-0.2516749999999999,-0.2516749999999999,-0.2516749999999999,-0.2516749999999999,-0.2516749999999999,-0.27428254,-0.30576435,-0.25830618,0.283836,0.283836,0.283836,0.283836,0.283836,0.283836,0.283836,0.283836,0.283836,0.283836,0.283836,0.283836,0.283836,0.24383786,0.23804976,0.2708166
0.8017578125,0.392463,0.392463,0.392463,0.392463,0.392463,0.392463,0.392463,0.392463,0.392463,0.392463,0.392463,0.392463,0.392463,0.37197906,0.36374474,0.3888875,-0.251675,-0.2516749999999999,-0.2516749999999999,-0.2516749999999999,-0.2516749999999999,-0.2516749999999999,-0.2516749999999999,-0.2516749999999999,-0.2516749999999999,-0.2516749999999999,-0.2516749999999999,-0.2516749999999999,-0.2516749999999999,-0.26583394,-0.2941037,-0.2550564,0.283836,0.283836,0.283836,0.283836,0.283836,0.283836,0.283836,0.283836,0.283836,0.283836,0.283836,0.283836,0.283836,0.24854305,0.24071653,0.27336395
0.8037109375,0.392463,0.392463,0.392463,0.392463,0.392463,0.392463,0.392463,0.392463,0.392463,0.392463,0.392463,0.392463,0.392463,0.37665722,0.3689835,0.39018866,-0.251675,-0.2516749999999999,-0.2516749999999999,-0.2516749999999999,-0.2516749999999999,-0.2516749999999999,-0.2516749999999999,-0.2516749999999999,-0.2516749999999999,-0.2516749999999999,-0.2516749999999999,-0.2516749999999999,-0.2516749999999999,-0.2576736,-0.28222623,-0.25099286,0.283836,0.283836,0.283836,0.283836,0.283836,0.283836,0.283836,0.283836,0.283836,0.283836,0.283836,0.283836,0.283836,0.2533533,0.2437503,0.2759835
0.8056640625,0.392463,0.392463,0.392463,0.392463,0.392463,0.392463,0.392463,0.392463,0.392463,0.392463,0.392463,0.392463,0.392463,0.38160354,0.37400284,0.3918901,-0.251675,-0.2516749999999999,-0.2516749999999999,-0.2516749999999999,-0.2516749999999999,-0.2516749999999999,-0.2516749999999999,-0.2516749999999999,-0.2516749999999999,-0.2516749999999999,-0.2516749999999999,-0.2516749999999999,-0.2516749999999999,-0.24984923,-0.27039978,-0.2461305,0.283836,0.283836,0.283836,0.283836,0.283836,0.283836,0.283836,0.283836,0.283836,0.283836,0.283836,0.283836,0.283836,0.25813955,0.24708529,0.2785903
0.8076171875,0.392463,0.392463,0.392463,0.392463,0.392463,0.392463,0.392463,0.392463,0.392463,0.392463,0.392463,0.392463,0.392463,0.38665348,0.37865543,0.39385575,-0.251675,-0.2516749999999999,-0.2516749999999999,-0.2516749999999999,-0.2516749999999999,-0.2516749999999999,-0.2516749999999999,-0.2516749999999999,-0.2516749999999999,-0.2516749999999999,-0.2516749999999999,-0.2516749999999999,-0.2516749999999999,-0.24240884,-0.25888082,-0.24053487,0.283836,0.283836,0.283836,0.283836,0.283836,0.283836,0.283836,0.283836,0.283836,0.283836,0.283836,0.283836,0.283836,0.2627748,0.25063586,0.28109866
0.8095703125,0.392463,0.392463,0.392463,0.392463,0.392463,0.392463,0.392463,0.392463,0.392463,0.392463,0.392463,0.392463,0.392463,0.39162934,0.3828155,0.3959412,-0.251675,-0.2516749999999999,-0.2516749999999999,-0.2516749999999999,-0.2516749999999999,-0.2516749999999999,-0.2516749999999999,-0.2516749999999999,-0.2516749999999999,-0.2516749999999999,-0.2516749999999999,-0.2516749999999999,-0.2516749999999999,-0.23540065,-0.24790409,-0.234323,0.283836,0.283836,0.283836,0.283836,0.283836,0.283836,0.283836,0.283836,0.283836,0.283836,0.283836,0.283836,0.283836,0.26714763,0.25429946,0.28342405
0.8115234375,0.392463,0.392463,0.392463,0.392463,0.392463,0.392463,0.392463,0.392463,0.392463,0.392463,0.392463,0.392463,0.392463,0.39635304,0.38639417,0.39800093,-0.251675,-0.2516749999999999,-0.2516749999999999,-0.2516749999999999,-0.2516749999999999,-0.2516749999999999,-0.2516749999999999,-0.2516749999999999,-0.2516749999999999,-0.2516749999999999,-0.2516749999999999,-0.2516749999999999,-0.2516749999999999,-0.22886929,-0.23767611,-0.22765824,0.283836,0.283836,0.283836,0.283836,0.283836,0.283836,0.283836,0.283836,0.283836,0.283836,0.283836,0.283836,0.283836,0.27117524,0.25796127,0.28548628
0.8134765625,0.392463,0.392463,0.392463,0.392463,0.392463,0.392463,0.392463,0.392463,0.392463,0.392463,0.392463,0.392463,0.392463,0.39989853,0.3893519,0.40065998,-0.251675,-0.2516749999999999,-0.2516749999999999,-0.2516749999999999,-0.2516749999999999,-0.2516749999999999,-0.2516749999999999,-0.2516749999999999,-0.2516749999999999,-0.2516749999999999,-0.2516749999999999,-0.2516749999999999,-0.2516749999999999,-0.22285023,-0.22837248,-0.22074065,0.283836,0.283836,0.283836,0.283836,0.283836,0.283836,0.283836,0.283836,0.283836,0.283836,0.283836,0.283836,0.283836,0.2748117,0.2615014,0.28721568
0.8154296875,0.392463,0.392463,0.392463,0.392463,0.392463,0.392463,0.392463,0.392463,0.392463,0.392463,0.392463,0.392463,0.392463,0.40151477,0.39170393,0.4044118,-0.251675,-0.2516749999999999,-0.2516749999999999,-0.2516749999999999,-0.2516749999999999,-0.2516749999999999,-0.2516749999999999,-0.2516749999999999,-0.2516749999999999,-0.2516749999999999,-0.2516749999999999,-0.2516749999999999,-0.2516749999999999,-0.21736458,-0.22013602,-0.21379498,0.283836,0.283836,0.283836,0.283836,0.283836,0.283836,0.283836,0.283836,0.283836,0.283836,0.283836,0.283836,0.283836,0.27805024,0.26480204,0.2885567
0.8173828125,0.392463,0.392463,0.392463,0.392463,0.392463,0.392463,0.392463,0.392463,0.392463,0.392463,0.392463,0.392463,0.392463,0.40275684,0.3935183,0.40750742,-0.251675,-0.2516749999999999,-0.2516749999999999,-0.2516749999999999,-0.2516749999999999,-0.2516749999999999,-0.2516749999999999,-0.2516749999999999,-0.2516749999999999,-0.2516749999999999,-0.2516749999999999,-0.2516749999999999,-0.2516749999999999,-0.21241882,-0.21307495,-0.20705393,0.283836,0.283836,0.283836,0.283836,0.283836,0.283836,0.283836,0.283836,0.283836,0.283836,0.283836,0.283836,0.283836,0.2809182,0.26775596,0.2894747
0.8193359375,0.392463,0.392463,0.392463,0.392463,0.392463,0.392463,0.392463,0.392463,0.392463,0.392463,0.392463,0.392463,0.392463,0.40356457,0.3949051,0.40989125,-0.251675,-0.2516749999999999,-0.2516749999999999,-0.2516749999999999,-0.2516749999999999,-0.2516749999999999,-0.2516749999999999,-0.2516749999999999,-0.2516749999999999,-0.2516749999999999,-0.2516749999999999,-0.2516749999999999,-0.2516749999999999,-0.20725942,-0.20800552,-0.20073813,0.283836,0.283836,0.283836,0.283836,0.283836,0.283836,0.283836,0.283836,0.283836,0.283836,0.283836,0.283836,0.283836,0.2834675,0.2702749,0.28995967
0.8212890625,0.392463,0.392463,0.392463,0.392463,0.392463,0.392463,0.392463,0.392463,0.392463,0.392463,0.392463,0.392463,0.392463,0.4039151,0.39599982,0.41155645,-0.251675,-0.2516749999999999,-0.2516749999999999,-0.2516749999999999,-0.2516749999999999,-0.2516749999999999,-0.2516749999999999,-0.2516749999999999,-0.2516749999999999,-0.2516749999999999,-0.2516749999999999,-0.2516749999999999,-0.2516749999999999,-0.2027162,-0.20411086,-0.19504029,0.283836,0.283836,0.283836,0.283836,0.283836,0.283836,0.283836,0.283836,0.283836,0.283836,0.283836,0.283836,0.283836,0.28576162,0.2722964,0.29002872
0.8232421875,0.392463,0.392463,0.392463,0.392463,0.392463,0.392463,0.392463,0.392463,0.392463,0.392463,0.392463,0.392463,0.392463,0.40382344,0.39694443,0.41254312,-0.251675,-0.2516749999999999,-0.2516749999999999,-0.2516749999999999,-0.2516749999999999,-0.2516749999999999,-0.2516749999999999,-0.2516749999999999,-0.2516749999999999,-0.2516749999999999,-0.2516749999999999,-0.2516749999999999,-0.2516749999999999,-0.19942462,-0.20072225,-0.19010958,0.283836,0.283836,0.283836,0.283836,0.283836,0.283836,0.283836,0.283836,0.283836,0.283836,0.283836,0.283836,0.283836,0.28786337,0.27378803,0.2897229
0.8251953125,0.392463,0.392463,0.392463,0.392463,0.392463,0.392463,0.392463,0.392463,0.392463,0.392463,0.392463,0.392463,0.392463,0.40334004,0.39786842,0.41293338,-0.251675,-0.2516749999999999,-0.2516749999999999,-0.2516749999999999,-0.2516749999999999,-0.2516749999999999,-0.2516749999999999,-0.2516749999999999,-0.2516749999999999,-0.2516749999999999,-0.2516749999999999,-0.2516749999999999,-0.2516749999999999,-0.1973106,-0.1978355,-0.18603957,0.283836,0.283836,0.283836,0.283836,0.283836,0.283836,0.283836,0.283836,0.283836,0.283836,0.283836,0.283836,0.283836,0.28910547,0.27474964,0.2898245
0.8271484375,0.392463,0.392463,0.392463,0.392463,0.392463,0.392463,0.392463,0.392463,0.392463,0.392463,0.392463,0.392463,0.392463,0.40254655,0.39887467,0.4128411,-0.251675,-0.2516749999999999,-0.2516749999999999,-0.2516749999999999,-0.2516749999999999,-0.2516749999999999,-0.2516749999999999,-0.2516749999999999,-0.2516749999999999,-0.2516749999999999,-0.2516749999999999,-0.2516749999999999,-0.2516749999999999,-0.19546038,-0.19624612,-0.18286446,0.283836,0.283836,0.283836,0.283836,0.283836,0.283836,0.283836,0.283836,0.283836,0.283836,0.283836,0.283836,0.283836,0.2882525,0.27521175,0.29167983
0.8291015625,0.392463,0.392463,0.392463,0.392463,0.392463,0.392463,0.392463,0.392463,0.392463,0.392463,0.392463,0.392463,0.392463,0.4015465,0.4000291,0.41239986,-0.251675,-0.2516749999999999,-0.2516749999999999,-0.2516749999999999,-0.2516749999999999,-0.2516749999999999,-0.2516749999999999,-0.2516749999999999,-0.2516749999999999,-0.2516749999999999,-0.2516749999999999,-0.2516749999999999,-0.2516749999999999,-0.19362262,-0.19605452,-0.18056053,0.283836,0.283836,0.283836,0.283836,0.283836,0.283836,0.283836,0.283836,0.283836,0.283836,0.283836,0.283836,0.283836,0.28724632,0.2752306,0.2934447
0.8310546875,0.392463,0.392463,0.392463,0.392463,0.392463,0.392463,0.392463,0.392463,0.392463,0.392463,0.392463,0.392463,0.392463,0.40135852,0.40045702,0.41175008,-0.251675,-0.2516749999999999,-0.2516749999999999,-0.2516749999999999,-0.2516749999999999,-0.2516749999999999,-0.2516749999999999,-0.2516749999999999,-0.2516749999999999,-0.2516749999999999,-0.2516749999999999,-0.2516749999999999,-0.2516749999999999,-0.1923596,-0.19651914,-0.17905298,0.283836,0.283836,0.283836,0.283836,0.283836,0.283836,0.283836,0.283836,0.283836,0.283836,0.283836,0.283836,0.283836,0.28616628,0.27488214,0.29511592
0.8330078125,0.392463,0.392463,0.392463,0.392463,0.392463,0.392463,0.392463,0.392463,0.392463,0.392463,0.392463,0.392463,0.392463,0.4028516,0.399399,0.41102633,-0.251675,-0.2516749999999999,-0.2516749999999999,-0.2516749999999999,-0.2516749999999999,-0.2516749999999999,-0.2516749999999999,-0.2516749999999999,-0.2516749999999999,-0.2516749999999999,-0.2516749999999999,-0.2516749999999999,-0.2516749999999999,-0.19171461,-0.19739845,-0.17822781,0.283836,0.283836,0.283836,0.283836,0.283836,0.283836,0.283836,0.283836,0.283836,0.283836,0.283836,0.283836,0.283836,0.28508258,0.2742545,0.29667592
0.8349609375,0.392463,0.392463,0.392463,0.392463,0.392463,0.392463,0.392463,0.392463,0.392463,0.392463,0.392463,0.392463,0.392463,0.40446487,0.39848715,0.41034633,-0.251675,-0.2516749999999999,-0.2516749999999999,-0.2516749999999999,-0.2516749999999999,-0.2516749999999999,-0.2516749999999999,-0.2516749999999999,-0.2516749999999999,-0.2516749999999999,-0.2516749999999999,-0.2516749999999999,-0.2516749999999999,-0.1917266,-0.1984447,-0.177946,0.283836,0.283836,0.283836,0.283836,0.283836,0.283836,0.283836,0.283836,0.283836,0.283836,0.283836,0.283836,0.283836,0.28405073,0.27343917,0.29809648
0.8369140625,0.392463,0.392463,0.392463,0.392463,0.392463,0.392463,0.392463,0.392463,0.392463,0.392463,0.392463,0.392463,0.392463,0.40613168,0.3978217,0.4098034,-0.251675,-0.2516749999999999,-0.2516749999999999,-0.2516749999999999,-0.2516749999999999,-0.2516749999999999,-0.2516749999999999,-0.2516749999999999,-0.2516749999999999,-0.2516749999999999,-0.2516749999999999,-0.2516749999999999,-0.2516749999999999,-0.19241923,-0.19942227,-0.17805564,0.283836,0.283836,0.283836,0.283836,0.283836,0.283836,0.283836,0.283836,0.283836,0.283836,0.283836,0.283836,0.283836,0.28310993,0.27252442,0.29934445
0.8388671875,0.392463,0.392463,0.392463,0.392463,0.392463,0.392463,0.392463,0.392463,0.392463,0.392463,0.392463,0.392463,0.392463,0.40777227,0.39748248,0.40946037,-0.251675,-0.2516749999999999,-0.2516749999999999,-0.2516749999999999,-0.2516749999999999,-0.2516749999999999,-0.2516749999999999,-0.2516749999999999,-0.2516749999999999,-0.2516749999999999,-0.2516749999999999,-0.2516749999999999,-0.2516749999999999,-0.19379127,-0.20012587,-0.1784065,0.283836,0.283836,0.283836,0.283836,0.283836,0.283836,0.283836,0.283836,0.283836,0.283836,0.283836,0.283836,0.283836,0.28228194,0.27158856,0.3003865
0.8408203125,0.392463,0.392463,0.392463,0.392463,0.392463,0.392463,0.392463,0.392463,0.392463,0.392463,0.392463,0.392463,0.392463,0.40930307,0.39752388,0.4093475,-0.251675,-0.2516749999999999,-0.2516749999999999,-0.2516749999999999,-0.2516749999999999,-0.2516749999999999,-0.2516749999999999,-0.2516749999999999,-0.2516749999999999,-0.2516749999999999,-0.2516749999999999,-0.2516749999999999,-0.2516749999999999,-0.19580889,-0.20039353,-0.17885837,0.283836,0.283836,0.283836,0.283836,0.283836,0.283836,0.283836,0.283836,0.283836,0.283836,0.283836,0.283836,0.283836,0.28157315,0.2706964,0.3011938
0.8427734375,0.392463,0.392463,0.392463,0.392463,0.392463,0.392463,0.392463,0.392463,0.392463,0.392463,0.392463,0.392463,0.392463,0.40946317,0.39797318,0.4106457,-0.251675,-0.2516749999999999,-0.2516749999999999,-0.2516749999999999,-0.2516749999999999,-0.2516749999999999,-0.2516749999999999,-0.2516749999999999,-0.2516749999999999,-0.2516749999999999,-0.2516749999999999,-0.2516749999999999,-0.2516749999999999,-0.19840205,-0.20011622,-0.17928922,0.283836,0.283836,0.283836,0.283836,0.283836,0.283836,0.283836,0.283836,0.283836,0.283836,0.283836,0.283836,0.283836,0.28097785,0.26989618,0.3017454
0.8447265625,0.392463,0.392463,0.392463,0.392463,0.392463,0.392463,0.392463,0.392463,0.392463,0.392463,0.392463,0.392463,0.392463,0.40977693,0.39882967,0.4117334,-0.251675,-0.2516749999999999,-0.2516749999999999,-0.2516749999999999,-0.2516749999999999,-0.2516749999999999,-0.2516749999999999,-0.2516749999999999,-0.2516749999999999,-0.2516749999999999,-0.2516749999999999,-0.2516749999999999,-0.2516749999999999,-0.19924176,-0.2014662,-0.17959943,0.283836,0.283836,0.283836,0.283836,0.283836,0.283836,0.283836,0.283836,0.283836,0.283836,0.283836,0.283836,0.283836,0.28048092,0.26921952,0.30203253
0.8466796875,0.392463,0.392463,0.392463,0.392463,0.392463,0.392463,0.392463,0.392463,0.392463,0.392463,0.392463,0.392463,0.392463,0.4102338,0.40006647,0.41251707,-0.251675,-0.2516749999999999,-0.2516749999999999,-0.2516749999999999,-0.2516749999999999,-0.2516749999999999,-0.2516749999999999,-0.2516749999999999,-0.2516749999999999,-0.2516749999999999,-0.2516749999999999,-0.2516749999999999,-0.2516749999999999,-0.19777316,-0.2048662,-0.1797159,0.283836,0.283836,0.283836,0.283836,0.283836,0.283836,0.283836,0.283836,0.283836,0.283836,0.283836,0.283836,0.283836,0.28006303,0.26868263,0.3020604
0.8486328125,0.392463,0.392463,0.392463,0.392463,0.392463,0.392463,0.392463,0.392463,0.392463,0.392463,0.392463,0.392463,0.392463,0.4107613,0.4016324,0.41296807,-0.251675,-0.2516749999999999,-0.2516749999999999,-0.2516749999999999,-0.2516749999999999,-0.2516749999999999,-0.2516749999999999,-0.2516749999999999,-0.2516749999999999,-0.2516749999999999,-0.2516749999999999,-0.2516749999999999,-0.2516749999999999,-0.19576347,-0.20844597,-0.1795932,0.283836,0.283836,0.283836,0.283836,0.283836,0.283836,0.283836,0.283836,0.283836,0.283836,0.283836,0.283836,0.283836,0.27970374,0.2682894,0.30185106
0.8505859375,0.392463,0.392463,0.392463,0.392463,0.392463,0.392463,0.392463,0.392463,0.392463,0.392463,0.392463,0.392463,0.392463,0.41127697,0.40345556,0.4130812,-0.251675,-0.2516749999999999,-0.2516749999999999,-0.2516749999999999,-0.2516749999999999,-0.2516749999999999,-0.2516749999999999,-0.2516749999999999,-0.2516749999999999,-0.2516749999999999,-0.2516749999999999,-0.2516749999999999,-0.2516749999999999,-0.19330692,-0.2120395,-0.17921585,0.283836,0.283836,0.283836,0.283836,0.283836,0.283836,0.283836,0.283836,0.283836,0.283836,0.283836,0.283836,0.283836,0.27938604,0.26803446,0.30144432
0.8525390625,0.392463,0.392463,0.392463,0.392463,0.392463,0.392463,0.392463,0.392463,0.392463,0.392463,0.392463,0.392463,0.392463,0.41169748,0.40544719,0.41287604,-0.251675,-0.2516749999999999,-0.2516749999999999,-0.2516749999999999,-0.2516749999999999,-0.2516749999999999,-0.2516749999999999,-0.2516749999999999,-0.2516749999999999,-0.2516749999999999,-0.2516749999999999,-0.2516749999999999,-0.2516749999999999,-0.19052711,-0.21548173,-0.17859897,0.283836,0.283836,0.283836,0.283836,0.283836,0.283836,0.283836,0.283836,0.283836,0.283836,0.283836,0.283836,0.283836,0.2790991,0.2679076,0.30089712
0.8544921875,0.392463,0.392463,0.392463,0.392463,0.392463,0.392463,0.392463,0.392463,0.392463,0.392463,0.392463,0.392463,0.392463,0.4119453,0.40750766,0.41239572,-0.251675,-0.2516749999999999,-0.2516749999999999,-0.2516749999999999,-0.2516749999999999,-0.2516749999999999,-0.2516749999999999,-0.2516749999999999,-0.2516749999999999,-0.2516749999999999,-0.2516749999999999,-0.2516749999999999,-0.2516749999999999,-0.18756557,-0.21861842,-0.17778951,0.283836,0.283836,0.283836,0.283836,0.283836,0.283836,0.283836,0.283836,0.283836,0.283836,0.283836,0.283836,0.283836,0.27884036,0.267896,0.30028173
0.8564453125,0.392463,0.392463,0.392463,0.392463,0.392463,0.392463,0.392463,0.392463,0.392463,0.392463,0.392463,0.392463,0.392463,0.41170582,0.4095335,0.4119584,-0.251675,-0.2516749999999999,-0.2516749999999999,-0.2516749999999999,-0.2516749999999999,-0.2516749999999999,-0.2516749999999999,-0.2516749999999999,-0.2516749999999999,-0.2516749999999999,-0.2516749999999999,-0.2516749999999999,-0.2516749999999999,-0.18456772,-0.2213153,-0.1768645,0.283836,0.283836,0.283836,0.283836,0.283836,0.283836,0.283836,0.283836,0.283836,0.283836,0.283836,0.283836,0.283836,0.2786164,0.2679863,0.29968083
0.8583984375,0.392463,0.392463,0.392463,0.392463,0.392463,0.392463,0.392463,0.392463,0.392463,0.392463,0.392463,0.392463,0.392463,0.4114225,0.41088903,0.41169515,-0.251675,-0.2516749999999999,-0.2516749999999999,-0.2516749999999999,-0.2516749999999999,-0.2516749999999999,-0.2516749999999999,-0.2516749999999999,-0.2516749999999999,-0.2516749999999999,-0.2516749999999999,-0.2516749999999999,-0.2516749999999999,-0.18167141,-0.22346184,-0.17592755,0.283836,0.283836,0.283836,0.283836,0.283836,0.283836,0.283836,0.283836,0.283836,0.283836,0.283836,0.283836,0.283836,0.27844176,0.26816517,0.2991819
0.8603515625,0.392463,0.392463,0.392463,0.392463,0.392463,0.392463,0.392463,0.392463,0.392463,0.392463,0.392463,0.392463,0.392463,0.41113827,0.41003856,0.41308478,-0.251675,-0.2516749999999999,-0.2516749999999999,-0.2516749999999999,-0.2516749999999999,-0.2516749999999999,-0.2516749999999999,-0.2516749999999999,-0.2516749999999999,-0.2516749999999999,-0.2516749999999999,-0.2516749999999999,-0.2516749999999999,-0.17899552,-0.22497597,-0.17509884,0.283836,0.283836,0.283836,0.283836,0.283836,0.283836,0.283836,0.283836,0.283836,0.283836,0.283836,0.283836,0.283836,0.2783366,0.26841787,0.29886845
0.8623046875,0.392463,0.392463,0.392463,0.392463,0.392463,0.392463,0.392463,0.392463,0.392463,0.392463,0.392463,0.392463,0.392463,0.41029772,0.40924957,0.41444746,-0.251675,-0.2516749999999999,-0.2516749999999999,-0.2516749999999999,-0.2516749999999999,-0.2516749999999999,-0.2516749999999999,-0.2516749999999999,-0.2516749999999999,-0.2516749999999999,-0.2516749999999999,-0.2516749999999999,-0.2516749999999999,-0.1766322,-0.22580454,-0.17450467,0.283836,0.283836,0.283836,0.283836,0.283836,0.283836,0.283836,0.283836,0.283836,0.283836,0.283836,0.283836,0.283836,0.2783228,0.26872787,0.29881144
0.8642578125,0.392463,0.392463,0.392463,0.392463,0.392463,0.392463,0.392463,0.392463,0.392463,0.392463,0.392463,0.392463,0.392463,0.40920746,0.4086098,0.41546258,-0.251675,-0.2516749999999999,-0.2516749999999999,-0.2516749999999999,-0.2516749999999999,-0.2516749999999999,-0.2516749999999999,-0.2516749999999999,-0.2516749999999999,-0.2516749999999999,-0.2516749999999999,-0.2516749999999999,-0.2516749999999999,-0.17463979,-0.2259247,-0.17425993,0.283836,0.283836,0.283836,0.283836,0.283836,0.283836,0.283836,0.283836,0.283836,0.283836,0.283836,0.283836,0.283836,0.27841985,0.26907527,0.29906166
0.8662109375,0.392463,0.392463,0.392463,0.392463,0.392463,0.392463,0.392463,0.392463,0.392463,0.392463,0.392463,0.392463,0.392463,0.40819052,0.40792292,0.4161103,-0.251675,-0.2516749999999999,-0.2516749999999999,-0.2516749999999999,-0.2516749999999999,-0.2516749999999999,-0.2516749999999999,-0.2516749999999999,-0.2516749999999999,-0.2516749999999999,-0.2516749999999999,-0.2516749999999999,-0.2516749999999999,-0.17445362,-0.2253435,-0.17304152,0.283836,0.283836,0.283836,0.283836,0.283836,0.283836,0.283836,0.283836,0.283836,0.283836,0.283836,0.283836,0.283836,0.2786416,0.26943678,0.2996434
0.8681640625,0.392463,0.392463,0.392463,0.392463,0.392463,0.392463,0.392463,0.392463,0.392463,0.392463,0.392463,0.392463,0.392463,0.4080385,0.40651387,0.41639966,-0.251675,-0.2516749999999999,-0.2516749999999999,-0.2516749999999999,-0.2516749999999999,-0.2516749999999999,-0.2516749999999999,-0.2516749999999999,-0.2516749999999999,-0.2516749999999999,-0.2516749999999999,-0.2516749999999999,-0.2516749999999999,-0.17513296,-0.22409949,-0.1718269,0.283836,0.283836,0.283836,0.283836,0.283836,0.283836,0.283836,0.283836,0.283836,0.283836,0.283836,0.283836,0.283836,0.27899122,0.26978636,0.3005514
0.8701171875,0.392463,0.392463,0.392463,0.392463,0.392463,0.392463,0.392463,0.392463,0.392463,0.392463,0.392463,0.392463,0.392463,0.4081706,0.405057,0.4163679,-0.251675,-0.2516749999999999,-0.2516749999999999,-0.2516749999999999,-0.2516749999999999,-0.2516749999999999,-0.2516749999999999,-0.2516749999999999,-0.2516749999999999,-0.2516749999999999,-0.2516749999999999,-0.2516749999999999,-0.2516749999999999,-0.17629609,-0.22226283,-0.17095694,0.283836,0.283836,0.283836,0.283836,0.283836,0.283836,0.283836,0.283836,0.283836,0.283836,0.283836,0.283836,0.283836,0.27945948,0.2700966,0.30175126
0.8720703125,0.392463,0.392463,0.392463,0.392463,0.392463,0.392463,0.392463,0.392463,0.392463,0.392463,0.392463,0.392463,0.392463,0.4085705,0.40362877,0.41607544,-0.251675,-0.2516749999999999,-0.2516749999999999,-0.2516749999999999,-0.2516749999999999,-0.2516749999999999,-0.2516749999999999,-0.2516749999999999,-0.2516749999999999,-0.2516749999999999,-0.2516749999999999,-0.2516749999999999,-0.2516749999999999,-0.17788783,-0.21993431,-0.17037341,0.283836,0.283836,0.283836,0.283836,0.283836,0.283836,0.283836,0.283836,0.283836,0.283836,0.283836,0.283836,0.283836,0.28002337,0.27034077,0.3031824
0.8740234375,0.392463,0.392463,0.392463,0.392463,0.392463,0.392463,0.392463,0.392463,0.392463,0.392463,0.392463,0.392463,0.392463,0.40918934,0.4022978,0.41560045,-0.251675,-0.2516749999999999,-0.2516749999999999,-0.2516749999999999,-0.2516749999999999,-0.2516749999999999,-0.2516749999999999,-0.2516749999999999,-0.2516749999999999,-0.2516749999999999,-0.2516749999999999,-0.2516749999999999,-0.2516749999999999,-0.17980462,-0.2172415,-0.17000803,0.283836,0.283836,0.283836,0.283836,0.283836,0.283836,0.283836,0.283836,0.283836,0.283836,0.283836,0.283836,0.283836,0.2806468,0.27049488,0.30476508
0.8759765625,0.392463,0.392463,0.392463,0.392463,0.392463,0.392463,0.392463,0.392463,0.392463,0.392463,0.392463,0.392463,0.392463,0.40994835,0.4011205,0.41503108,-0.251675,-0.2516749999999999,-0.2516749999999999,-0.2516749999999999,-0.2516749999999999,-0.2516749999999999,-0.2516749999999999,-0.2516749999999999,-0.2516749999999999,-0.2516749999999999,-0.2516749999999999,-0.2516749999999999,-0.2516749999999999,-0.18190539,-0.21433327,-0.16979352,0.283836,0.283836,0.283836,0.283836,0.283836,0.283836,0.283836,0.283836,0.283836,0.283836,0.283836,0.283836,0.283836,0.281282,0.2705402,0.30640584
0.8779296875,0.392463,0.392463,0.392463,0.392463,0.392463,0.392463,0.392463,0.392463,0.392463,0.392463,0.392463,0.392463,0.392463,0.4107455,0.4001368,0.41445756,-0.251675,-0.2516749999999999,-0.2516749999999999,-0.2516749999999999,-0.2516749999999999,-0.2516749999999999,-0.2516749999999999,-0.2516749999999999,-0.2516749999999999,-0.2516749999999999,-0.2516749999999999,-0.2516749999999999,-0.2516749999999999,-0.1840289,-0.21136948,-0.16967309,0.283836,0.283836,0.283836,0.283836,0.283836,0.283836,0.283836,0.283836,0.283836,0.283836,0.283836,0.283836,0.283836,0.28187302,0.27046365,0.30800524
0.8798828125,0.392463,0.392463,0.392463,0.392463,0.392463,0.392463,0.392463,0.392463,0.392463,0.392463,0.392463,0.392463,0.392463,0.4114646,0.39936796,0.41396508,-0.251675,-0.2516749999999999,-0.2516749999999999,-0.2516749999999999,-0.2516749999999999,-0.2516749999999999,-0.2516749999999999,-0.2516749999999999,-0.2516749999999999,-0.2516749999999999,-0.2516749999999999,-0.2516749999999999,-0.2516749999999999,-0.18601128,-0.20850801,-0.16960657,0.283836,0.283836,0.283836,0.283836,0.283836,0.283836,0.283836,0.283836,0.283836,0.283836,0.283836,0.283836,0.283836,0.28236046,0.27025834,0.30946293
0.8818359375,0.392463,0.392463,0.392463,0.392463,0.392463,0.392463,0.392463,0.392463,0.392463,0.392463,0.392463,0.392463,0.392463,0.4119839,0.398816,0.4136267,-0.251675,-0.2516749999999999,-0.2516749999999999,-0.2516749999999999,-0.2516749999999999,-0.2516749999999999,-0.2516749999999999,-0.2516749999999999,-0.2516749999999999,-0.2516749999999999,-0.2516749999999999,-0.2516749999999999,-0.2516749999999999,-0.18770543,-0.2058919,-0.16957456,0.283836,0.283836,0.283836,0.283836,0.283836,0.283836,0.283836,0.283836,0.283836,0.283836,0.283836,0.283836,0.283836,0.2826856,0.2699216,0.31068227
0.8837890625,0.392463,0.392463,0.392463,0.392463,0.392463,0.392463,0.392463,0.392463,0.392463,0.392463,0.392463,0.392463,0.392463,0.41218716,0.39846423,0.41349855,-0.251675,-0.2516749999999999,-0.2516749999999999,-0.2516749999999999,-0.2516749999999999,-0.2516749999999999,-0.2516749999999999,-0.2516749999999999,-0.2516749999999999,-0.2516749999999999,-0.2516749999999999,-0.2516749999999999,-0.2516749999999999,-0.18899637,-0.2036368,-0.16957903,0.283836,0.283836,0.283836,0.283836,0.283836,0.283836,0.283836,0.283836,0.283836,0.283836,0.283836,0.283836,0.283836,0.28279528,0.2694524,0.31157354
0.8857421875,0.392463,0.392463,0.392463,0.392463,0.392463,0.392463,0.392463,0.392463,0.392463,0.392463,0.392463,0.392463,0.392463,0.4119726,0.3982781,0.41361704,-0.251675,-0.2516749999999999,-0.2516749999999999,-0.2516749999999999,-0.2516749999999999,-0.2516749999999999,-0.2516749999999999,-0.2516749999999999,-0.2516749999999999,-0.2516749999999999,-0.2516749999999999,-0.2516749999999999,-0.2516749999999999,-0.18981162,-0.20182276,-0.16964054,0.283836,0.283836,0.283836,0.283836,0.283836,0.283836,0.283836,0.283836,0.283836,0.283836,0.283836,0.283836,0.283836,0.28264642,0.26884773,0.3120586
0.8876953125,0.392463,0.392463,0.392463,0.392463,0.392463,0.392463,0.392463,0.392463,0.392463,0.392463,0.392463,0.392463,0.392463,0.41126204,0.39820758,0.4139972,-0.251675,-0.2516749999999999,-0.2516749999999999,-0.2516749999999999,-0.2516749999999999,-0.2516749999999999,-0.2516749999999999,-0.2516749999999999,-0.2516749999999999,-0.2516749999999999,-0.2516749999999999,-0.2516749999999999,-0.2516749999999999,-0.19012564,-0.2004869,-0.16979402,0.283836,0.283836,0.283836,0.283836,0.283836,0.283836,0.283836,0.283836,0.283836,0.283836,0.283836,0.283836,0.283836,0.28220886,0.2680998,0.31207448
0.8896484375,0.392463,0.392463,0.392463,0.392463,0.392463,0.392463,0.392463,0.392463,0.392463,0.392463,0.392463,0.392463,0.392463,0.4100066,0.39819068,0.41463375,-0.251675,-0.2516749999999999,-0.2516749999999999,-0.2516749999999999,-0.2516749999999999,-0.2516749999999999,-0.2516749999999999,-0.2516749999999999,-0.2516749999999999,-0.2516749999999999,-0.2516749999999999,-0.2516749999999999,-0.2516749999999999,-0.18995997,-0.19962478,-0.17008466,0.283836,0.283836,0.283836,0.283836,0.283836,0.283836,0.283836,0.283836,0.283836,0.283836,0.283836,0.283836,0.283836,0.28146702,0.26719323,0.31157923
0.8916015625,0.392463,0.392463,0.392463,0.392463,0.392463,0.392463,0.392463,0.392463,0.392463,0.392463,0.392463,0.392463,0.392463,0.40819293,0.39815813,0.41550282,-0.251675,-0.2516749999999999,-0.2516749999999999,-0.2516749999999999,-0.2516749999999999,-0.2516749999999999,-0.2516749999999999,-0.2516749999999999,-0.2516749999999999,-0.2516749999999999,-0.2516749999999999,-0.2516749999999999,-0.2516749999999999,-0.18937698,-0.19919518,-0.17056137,0.283836,0.283836,0.283836,0.283836,0.283836,0.283836,0.283836,0.283836,0.283836,0.283836,0.283836,0.283836,0.283836,0.28042105,0.26610628,0.31055814
0.8935546875,0.392463,0.392463,0.392463,0.392463,0.392463,0.392463,0.392463,0.392463,0.392463,0.392463,0.392463,0.392463,0.392463,0.40584627,0.39803854,0.41656455,-0.251675,-0.2516749999999999,-0.2516749999999999,-0.2516749999999999,-0.2516749999999999,-0.2516749999999999,-0.2516749999999999,-0.2516749999999999,-0.2516749999999999,-0.2516749999999999,-0.2516749999999999,-0.2516749999999999,-0.2516749999999999,-0.18847263,-0.1991264,-0.17127347,0.283836,0.283836,0.283836,0.283836,0.283836,0.283836,0.283836,0.283836,0.283836,0.283836,0.283836,0.283836,0.283836,0.2790859,0.26481432,0.30902857
0.8955078125,0.392463,0.392463,0.392463,0.392463,0.392463,0.392463,0.392463,0.392463,0.392463,0.392463,0.392463,0.392463,0.392463,0.40303135,0.39776504,0.41776612,-0.251675,-0.2516749999999999,-0.2516749999999999,-0.2516749999999999,-0.2516749999999999,-0.2516749999999999,-0.2516749999999999,-0.2516749999999999,-0.2516749999999999,-0.2516749999999999,-0.2516749999999999,-0.2516749999999999,-0.2516749999999999,-0.18736792,-0.19932997,-0.17226544,0.283836,0.283836,0.283836,0.283836,0.283836,0.283836,0.283836,0.283836,0.283836,0.283836,0.283836,0.283836,0.283836,0.27749014,0.26329666,0.30704436
0.8974609375,0.392463,0.392463,0.392463,0.392463,0.392463,0.392463,0.392463,0.392463,0.392463,0.392463,0.392463,0.392463,0.392463,0.39985096,0.3972822,0.41904616,-0.251675,-0.2516749999999999,-0.2516749999999999,-0.2516749999999999,-0.2516749999999999,-0.2516749999999999,-0.2516749999999999,-0.2516749999999999,-0.2516749999999999,-0.2516749999999999,-0.2516749999999999,-0.2516749999999999,-0.2516749999999999,-0.18619868,-0.19971037,-0.17357469,0.283836,0.283836,0.283836,0.283836,0.283836,0.283836,0.283836,0.283836,0.283836,0.283836,0.283836,0.283836,0.283836,0.27567485,0.2615458,0.30469573
0.8994140625,0.392463,0.392463,0.392463,0.392463,0.392463,0.392463,0.392463,0.392463,0.392463,0.392463,0.392463,0.392463,0.392463,0.39655235,0.39643958,0.42033863,-0.251675,-0.2516749999999999,-0.2516749999999999,-0.2516749999999999,-0.2516749999999999,-0.2516749999999999,-0.2516749999999999,-0.2516749999999999,-0.2516749999999999,-0.2516749999999999,-0.2516749999999999,-0.2516749999999999,-0.2516749999999999,-0.18510795,-0.2001771,-0.17522556,0.283836,0.283836,0.283836,0.283836,0.283836,0.283836,0.283836,0.283836,0.283836,0.283836,0.283836,0.283836,0.283836,0.27369168,0.25957534,0.30210483
0.9013671875,0.392463,0.392463,0.392463,0.392463,0.392463,0.392463,0.392463,0.392463,0.392463,0.392463,0.392463,0.392463,0.392463,0.3955601,0.3929547,0.421579,-0.251675,-0.2516749999999999,-0.2516749999999999,-0.2516749999999999,-0.2516749999999999,-0.2516749999999999,-0.2516749999999999,-0.2516749999999999,-0.2516749999999999,-0.2516749999999999,-0.2516749999999999,-0.2516749999999999,-0.2516749999999999,-0.18423748,-0.20065323,-0.17722428,0.283836,0.283836,0.283836,0.283836,0.283836,0.283836,0.283836,0.283836,0.283836,0.283836,0.283836,0.283836,0.283836,0.2716025,0.25742513,0.29941693
0.9033203125,0.392463,0.392463,0.392463,0.392463,0.392463,0.392463,0.392463,0.392463,0.392463,0.392463,0.392463,0.392463,0.392463,0.39431527,0.3895647,0.42270947,-0.251675,-0.2516749999999999,-0.2516749999999999,-0.2516749999999999,-0.2516749999999999,-0.2516749999999999,-0.2516749999999999,-0.2516749999999999,-0.2516749999999999,-0.2516749999999999,-0.2516749999999999,-0.2516749999999999,-0.2516749999999999,-0.18372259,-0.20107952,-0.17955348,0.283836,0.283836,0.283836,0.283836,0.283836,0.283836,0.283836,0.283836,0.283836,0.283836,0.283836,0.283836,0.283836,0.26947838,0.25515985,0.2967881
0.9052734375,0.392463,0.392463,0.392463,0.392463,0.392463,0.392463,0.392463,0.392463,0.392463,0.392463,0.392463,0.392463,0.392463,0.39285156,0.386436,0.4236855,-0.251675,-0.2516749999999999,-0.2516749999999999,-0.2516749999999999,-0.2516749999999999,-0.2516749999999999,-0.2516749999999999,-0.2516749999999999,-0.2516749999999999,-0.2516749999999999,-0.2516749999999999,-0.2516749999999999,-0.2516749999999999,-0.18368304,-0.20141521,-0.18217024,0.283836,0.283836,0.283836,0.283836,0.283836,0.283836,0.283836,0.283836,0.283836,0.283836,0.283836,0.283836,0.283836,0.2673992,0.25286344,0.29437113
0.9072265625,0.392463,0.392463,0.392463,0.392463,0.392463,0.392463,0.392463,0.392463,0.392463,0.392463,0.392463,0.392463,0.392463,0.3912235,0.38371965,0.42448014,-0.251675,-0.2516749999999999,-0.2516749999999999,-0.2516749999999999,-0.2516749999999999,-0.2516749999999999,-0.2516749999999999,-0.2516749999999999,-0.2516749999999999,-0.2516749999999999,-0.2516749999999999,-0.2516749999999999,-0.2516749999999999,-0.1850062,-0.20163575,-0.18421921,0.283836,0.283836,0.283836,0.283836,0.283836,0.283836,0.283836,0.283836,0.283836,0.283836,0.283836,0.283836,0.283836,0.2654519,0.25062987,0.29230174
0.9091796875,0.392463,0.392463,0.392463,0.392463,0.392463,0.392463,0.392463,0.392463,0.392463,0.392463,0.392463,0.392463,0.392463,0.38950038,0.38154134,0.4250872,-0.251675,-0.2516749999999999,-0.2516749999999999,-0.2516749999999999,-0.2516749999999999,-0.2516749999999999,-0.2516749999999999,-0.2516749999999999,-0.2516749999999999,-0.2516749999999999,-0.2516749999999999,-0.2516749999999999,-0.2516749999999999,-0.18797284,-0.2017284,-0.18540305,0.283836,0.283836,0.283836,0.283836,0.283836,0.283836,0.283836,0.283836,0.283836,0.283836,0.283836,0.283836,0.283836,0.26372766,0.24855371,0.29068702
0.9111328125,0.392463,0.392463,0.392463,0.392463,0.392463,0.392463,0.392463,0.392463,0.392463,0.392463,0.392463,0.392463,0.392463,0.3877604,0.3799926,0.42552087,-0.251675,-0.2516749999999999,-0.2516749999999999,-0.2516749999999999,-0.2516749999999999,-0.2516749999999999,-0.2516749999999999,-0.2516749999999999,-0.2516749999999999,-0.2516749999999999,-0.2516749999999999,-0.2516749999999999,-0.2516749999999999,-0.19096738,-0.20168775,-0.18727502,0.283836,0.283836,0.283836,0.283836,0.283836,0.283836,0.283836,0.283836,0.283836,0.283836,0.283836,0.283836,0.283836,0.2623178,0.24672249,0.289597
0.9130859375,0.392463,0.392463,0.392463,0.392463,0.392463,0.392463,0.392463,0.392463,0.392463,0.392463,0.392463,0.392463,0.392463,0.38608402,0.3791259,0.4258141,-0.251675,-0.2516749999999999,-0.2516749999999999,-0.2516749999999999,-0.2516749999999999,-0.2516749999999999,-0.2516749999999999,-0.2516749999999999,-0.2516749999999999,-0.2516749999999999,-0.2516749999999999,-0.2516749999999999,-0.2516749999999999,-0.19388035,-0.20151398,-0.18983802,0.283836,0.283836,0.283836,0.283836,0.283836,0.283836,0.283836,0.283836,0.283836,0.283836,0.283836,0.283836,0.283836,0.26130807,0.2452115,0.2890591
0.9150390625,0.392463,0.392463,0.392463,0.392463,0.392463,0.392463,0.392463,0.392463,0.392463,0.392463,0.392463,0.392463,0.392463,0.38454786,0.37895107,0.4260142,-0.251675,-0.2516749999999999,-0.2516749999999999,-0.2516749999999999,-0.2516749999999999,-0.2516749999999999,-0.2516749999999999,-0.2516749999999999,-0.2516749999999999,-0.2516749999999999,-0.2516749999999999,-0.2516749999999999,-0.2516749999999999,-0.19660068,-0.20121098,-0.19305405,0.283836,0.283836,0.283836,0.283836,0.283836,0.283836,0.283836,0.283836,0.283836,0.283836,0.283836,0.283836,0.283836,0.26077187,0.24408093,0.28905603
0.9169921875,0.392463,0.392463,0.392463,0.392463,0.392463,0.392463,0.392463,0.392463,0.392463,0.392463,0.392463,0.392463,0.392463,0.3832217,0.37943536,0.42617935,-0.251675,-0.2516749999999999,-0.2516749999999999,-0.2516749999999999,-0.2516749999999999,-0.2516749999999999,-0.2516749999999999,-0.2516749999999999,-0.2516749999999999,-0.2516749999999999,-0.2516749999999999,-0.2516749999999999,-0.2516749999999999,-0.19902134,-0.20078954,-0.19684231,0.283836,0.283836,0.283836,0.283836,0.283836,0.283836,0.283836,0.283836,0.283836,0.283836,0.283836,0.283836,0.283836,0.26076367,0.24337526,0.28952768
0.9189453125,0.392463,0.392463,0.392463,0.392463,0.392463,0.392463,0.392463,0.392463,0.392463,0.392463,0.392463,0.392463,0.392463,0.38216373,0.38050395,0.4263733,-0.251675,-0.2516749999999999,-0.2516749999999999,-0.2516749999999999,-0.2516749999999999,-0.2516749999999999,-0.2516749999999999,-0.2516749999999999,-0.2516749999999999,-0.2516749999999999,-0.2516749999999999,-0.2516749999999999,-0.2516749999999999,-0.20104429,-0.20107633,-0.20026913,0.283836,0.283836,0.283836,0.283836,0.283836,0.283836,0.283836,0.283836,0.283836,0.283836,0.283836,0.283836,0.283836,0.26131353,0.2431236,0.29037663
0.9208984375,0.392463,0.392463,0.392463,0.392463,0.392463,0.392463,0.392463,0.392463,0.392463,0.392463,0.392463,0.392463,0.392463,0.3820437,0.38141888,0.426661,-0.251675,-0.2516749999999999,-0.2516749999999999,-0.2516749999999999,-0.2516749999999999,-0.2516749999999999,-0.2516749999999999,-0.2516749999999999,-0.2516749999999999,-0.2516749999999999,-0.2516749999999999,-0.2516749999999999,-0.2516749999999999,-0.202586,-0.20558909,-0.19968295,0.283836,0.283836,0.283836,0.283836,0.283836,0.283836,0.283836,0.283836,0.283836,0.283836,0.283836,0.283836,0.283836,0.2624219,0.24334064,0.29147756
0.9228515625,0.392463,0.392463,0.392463,0.392463,0.392463,0.392463,0.392463,0.392463,0.392463,0.392463,0.392463,0.392463,0.392463,0.3839097,0.3810172,0.4271052,-0.251675,-0.2516749999999999,-0.2516749999999999,-0.2516749999999999,-0.2516749999999999,-0.2516749999999999,-0.2516749999999999,-0.2516749999999999,-0.2516749999999999,-0.2516749999999999,-0.2516749999999999,-0.2516749999999999,-0.2516749999999999,-0.20358345,-0.2101773,-0.19907832,0.283836,0.283836,0.283836,0.283836,0.283836,0.283836,0.283836,0.283836,0.283836,0.283836,0.283836,0.283836,0.283836,0.26405767,0.2440267,0.2926907
0.9248046875,0.392463,0.392463,0.392463,0.392463,0.392463,0.392463,0.392463,0.392463,0.392463,0.392463,0.392463,0.392463,0.392463,0.38593432,0.38097247,0.42776075,-0.251675,-0.2516749999999999,-0.2516749999999999,-0.2516749999999999,-0.2516749999999999,-0.2516749999999999,-0.2516749999999999,-0.2516749999999999,-0.2516749999999999,-0.2516749999999999,-0.2516749999999999,-0.2516749999999999,-0.2516749999999999,-0.20400003,-0.21461597,-0.19851774,0.283836,0.283836,0.283836,0.283836,0.283836,0.283836,0.283836,0.283836,0.283836,0.283836,0.283836,0.283836,0.283836,0.26615804,0.2451682,0.29387677
0.9267578125,0.392463,0.392463,0.392463,0.392463,0.392463,0.392463,0.392463,0.392463,0.392463,0.392463,0.392463,0.392463,0.392463,0.38794014,0.3812808,0.4286707,-0.251675,-0.2516749999999999,-0.2516749999999999,-0.2516749999999999,-0.2516749999999999,-0.2516749999999999,-0.2516749999999999,-0.2516749999999999,-0.2516749999999999,-0.2516749999999999,-0.2516749999999999,-0.2516749999999999,-0.2516749999999999,-0.20382875,-0.21867499,-0.19807369,0.283836,0.283836,0.283836,0.283836,0.283836,0.283836,0.283836,0.283836,0.283836,0.283836,0.283836,0.283836,0.283836,0.26863182,0.24673618,0.29491183
0.9287109375,0.392463,0.392463,0.392463,0.392463,0.392463,0.392463,0.392463,0.392463,0.392463,0.392463,0.392463,0.392463,0.392463,0.38975424,0.38192177,0.42986128,-0.251675,-0.2516749999999999,-0.2516749999999999,-0.2516749999999999,-0.2516749999999999,-0.2516749999999999,-0.2516749999999999,-0.2516749999999999,-0.2516749999999999,-0.2516749999999999,-0.2516749999999999,-0.2516749999999999,-0.2516749999999999,-0.20309284,-0.22213873,-0.1978229,0.283836,0.283836,0.283836,0.283836,0.283836,0.283836,0.283836,0.283836,0.283836,0.283836,0.283836,0.283836,0.283836,0.27136523,0.24868624,0.29569852
0.9306640625,0.392463,0.392463,0.392463,0.392463,0.392463,0.392463,0.392463,0.392463,0.392463,0.392463,0.392463,0.392463,0.392463,0.39122418,0.38285843,0.4313362,-0.251675,-0.2516749999999999,-0.2516749999999999,-0.2516749999999999,-0.2516749999999999,-0.2516749999999999,-0.2516749999999999,-0.2516749999999999,-0.2516749999999999,-0.2516749999999999,-0.2516749999999999,-0.2516749999999999,-0.2516749999999999,-0.2018435,-0.22483078,-0.19783574,0.283836,0.283836,0.283836,0.283836,0.283836,0.283836,0.283836,0.283836,0.283836,0.283836,0.283836,0.283836,0.283836,0.27422857,0.2509571,0.2961733
0.9326171875,0.392463,0.392463,0.392463,0.392463,0.392463,0.392463,0.392463,0.392463,0.392463,0.392463,0.392463,0.392463,0.392463,0.39223188,0.38403916,0.43307376,-0.251675,-0.2516749999999999,-0.2516749999999999,-0.2516749999999999,-0.2516749999999999,-0.2516749999999999,-0.2516749999999999,-0.2516749999999999,-0.2516749999999999,-0.2516749999999999,-0.2516749999999999,-0.2516749999999999,-0.2516749999999999,-0.2001554,-0.22663143,-0.19816872,0.283836,0.283836,0.283836,0.283836,0.283836,0.283836,0.283836,0.283836,0.283836,0.283836,0.283836,0.283836,0.283836,0.27708623,0.25347108,0.29630736
0.9345703125,0.392463,0.392463,0.392463,0.392463,0.392463,0.392463,0.392463,0.392463,0.392463,0.392463,0.392463,0.392463,0.392463,0.39270604,0.38540033,0.43502408,-0.251675,-0.2516749999999999,-0.2516749999999999,-0.2516749999999999,-0.2516749999999999,-0.2516749999999999,-0.2516749999999999,-0.2516749999999999,-0.2516749999999999,-0.2516749999999999,-0.2516749999999999,-0.2516749999999999,-0.2516749999999999,-0.19885421,-0.2274898,-0.1981222,0.283836,0.283836,0.283836,0.283836,0.283836,0.283836,0.283836,0.283836,0.283836,0.283836,0.283836,0.283836,0.283836,0.2798042,0.25613484,0.29610434
0.9365234375,0.392463,0.392463,0.392463,0.392463,0.392463,0.392463,0.392463,0.392463,0.392463,0.392463,0.392463,0.392463,0.392463,0.39262822,0.38687116,0.43710938,-0.251675,-0.2516749999999999,-0.2516749999999999,-0.2516749999999999,-0.2516749999999999,-0.2516749999999999,-0.2516749999999999,-0.2516749999999999,-0.2516749999999999,-0.2516749999999999,-0.2516749999999999,-0.2516749999999999,-0.2516749999999999,-0.19989312,-0.22743043,-0.19585124,0.283836,0.283836,0.283836,0.283836,0.283836,0.283836,0.283836,0.283836,0.283836,0.283836,0.283836,0.283836,0.283836,0.28225973,0.2588443,0.29559442
0.9384765625,0.392463,0.392463,0.392463,0.392463,0.392463,0.392463,0.392463,0.392463,0.392463,0.392463,0.392463,0.392463,0.392463,0.39203534,0.3883796,0.4392278,-0.251675,-0.2516749999999999,-0.2516749999999999,-0.2516749999999999,-0.2516749999999999,-0.2516749999999999,-0.2516749999999999,-0.2516749999999999,-0.2516749999999999,-0.2516749999999999,-0.2516749999999999,-0.2516749999999999,-0.2516749999999999,-0.20125142,-0.22654602,-0.19345975,0.283836,0.283836,0.283836,0.283836,0.283836,0.283836,0.283836,0.283836,0.283836,0.283836,0.283836,0.283836,0.283836,0.28434736,0.26149037,0.29482782
0.9404296875,0.392463,0.392463,0.392463,0.392463,0.392463,0.392463,0.392463,0.392463,0.392463,0.392463,0.392463,0.392463,0.392463,0.39101553,0.38985956,0.44126037,-0.251675,-0.2516749999999999,-0.2516749999999999,-0.2516749999999999,-0.2516749999999999,-0.2516749999999999,-0.2516749999999999,-0.2516749999999999,-0.2516749999999999,-0.2516749999999999,-0.2516749999999999,-0.2516749999999999,-0.2516749999999999,-0.20285833,-0.22498724,-0.19107252,0.283836,0.283836,0.283836,0.283836,0.283836,0.283836,0.283836,0.283836,0.283836,0.283836,0.283836,0.283836,0.283836,0.2859845,0.26396954,0.293868
0.9423828125,0.392463,0.392463,0.392463,0.392463,0.392463,0.392463,0.392463,0.392463,0.392463,0.392463,0.392463,0.392463,0.392463,0.39125952,0.3896988,0.44308114,-0.251675,-0.2516749999999999,-0.2516749999999999,-0.2516749999999999,-0.2516749999999999,-0.2516749999999999,-0.2516749999999999,-0.2516749999999999,-0.2516749999999999,-0.2516749999999999,-0.2516749999999999,-0.2516749999999999,-0.2516749999999999,-0.2046121,-0.22294393,-0.18881747,0.283836,0.283836,0.283836,0.283836,0.283836,0.283836,0.283836,0.283836,0.283836,0.283836,0.283836,0.283836,0.283836,0.28711534,0.26619598,0.29278535
0.9443359375,0.392463,0.392463,0.392463,0.392463,0.392463,0.392463,0.392463,0.392463,0.392463,0.392463,0.392463,0.392463,0.392463,0.39254925,0.38824373,0.44457057,-0.251675,-0.2516749999999999,-0.2516749999999999,-0.2516749999999999,-0.2516749999999999,-0.2516749999999999,-0.2516749999999999,-0.2516749999999999,-0.2516749999999999,-0.2516749999999999,-0.2516749999999999,-0.2516749999999999,-0.2516749999999999,-0.20638976,-0.22062555,-0.1868225,0.283836,0.283836,0.283836,0.283836,0.283836,0.283836,0.283836,0.283836,0.283836,0.283836,0.283836,0.283836,0.283836,0.2877133,0.26811463,0.29165235
0.9462890625,0.392463,0.392463,0.392463,0.392463,0.392463,0.392463,0.392463,0.392463,0.392463,0.392463,0.392463,0.392463,0.392463,0.39372516,0.38682148,0.44562986,-0.251675,-0.2516749999999999,-0.2516749999999999,-0.2516749999999999,-0.2516749999999999,-0.2516749999999999,-0.2516749999999999,-0.2516749999999999,-0.2516749999999999,-0.2516749999999999,-0.2516749999999999,-0.2516749999999999,-0.2516749999999999,-0.20806244,-0.21824244,-0.18521002,0.283836,0.283836,0.283836,0.283836,0.283836,0.283836,0.283836,0.283836,0.283836,0.283836,0.283836,0.283836,0.283836,0.28778133,0.26971075,0.29053986
0.9482421875,0.392463,0.392463,0.392463,0.392463,0.392463,0.392463,0.392463,0.392463,0.392463,0.392463,0.392463,0.392463,0.392463,0.39480916,0.3855979,0.44619304,-0.251675,-0.2516749999999999,-0.2516749999999999,-0.2516749999999999,-0.2516749999999999,-0.2516749999999999,-0.2516749999999999,-0.2516749999999999,-0.2516749999999999,-0.2516749999999999,-0.2516749999999999,-0.2516749999999999,-0.2516749999999999,-0.20951271,-0.21598992,-0.18409073,0.283836,0.283836,0.283836,0.283836,0.283836,0.283836,0.283836,0.283836,0.283836,0.283836,0.283836,0.283836,0.283836,0.2873526,0.27101523,0.28951392
0.9501953125,0.392463,0.392463,0.392463,0.392463,0.392463,0.392463,0.392463,0.392463,0.392463,0.392463,0.392463,0.392463,0.392463,0.3958456,0.38471758,0.44623604,-0.251675,-0.2516749999999999,-0.2516749999999999,-0.2516749999999999,-0.2516749999999999,-0.2516749999999999,-0.2516749999999999,-0.2516749999999999,-0.2516749999999999,-0.2516749999999999,-0.2516749999999999,-0.2516749999999999,-0.2516749999999999,-0.21064961,-0.21403834,-0.1835576,0.283836,0.283836,0.283836,0.283836,0.283836,0.283836,0.283836,0.283836,0.283836,0.283836,0.283836,0.283836,0.283836,0.2864885,0.27210093,0.28863385
0.9521484375,0.392463,0.392463,0.392463,0.392463,0.392463,0.392463,0.392463,0.392463,0.392463,0.392463,0.392463,0.392463,0.392463,0.3968911,0.38428918,0.44577888,-0.251675,-0.2516749999999999,-0.2516749999999999,-0.2516749999999999,-0.2516749999999999,-0.2516749999999999,-0.2516749999999999,-0.2516749999999999,-0.2516749999999999,-0.2516749999999999,-0.2516749999999999,-0.2516749999999999,-0.2516749999999999,-0.21142194,-0.21252629,-0.18368089,0.283836,0.283836,0.283836,0.283836,0.283836,0.283836,0.283836,0.283836,0.283836,0.283836,0.283836,0.283836,0.283836,0.28527543,0.27307308,0.2879502
0.9541015625,0.392463,0.392463,0.392463,0.392463,0.392463,0.392463,0.392463,0.392463,0.392463,0.392463,0.392463,0.392463,0.392463,0.39800385,0.3843745,0.44488177,-0.251675,-0.2516749999999999,-0.2516749999999999,-0.2516749999999999,-0.2516749999999999,-0.2516749999999999,-0.2516749999999999,-0.2516749999999999,-0.2516749999999999,-0.2516749999999999,-0.2516749999999999,-0.2516749999999999,-0.2516749999999999,-0.21155909,-0.211822,-0.18450597,0.283836,0.283836,0.283836,0.283836,0.283836,0.283836,0.283836,0.283836,0.283836,0.283836,0.283836,0.283836,0.283836,0.28382134,0.2740533,0.28750166
0.9560546875,0.392463,0.392463,0.392463,0.392463,0.392463,0.392463,0.392463,0.392463,0.392463,0.392463,0.392463,0.392463,0.392463,0.39923212,0.38498184,0.44363284,-0.251675,-0.2516749999999999,-0.2516749999999999,-0.2516749999999999,-0.2516749999999999,-0.2516749999999999,-0.2516749999999999,-0.2516749999999999,-0.2516749999999999,-0.2516749999999999,-0.2516749999999999,-0.2516749999999999,-0.2516749999999999,-0.21120918,-0.21188405,-0.18605375,0.283836,0.283836,0.283836,0.283836,0.283836,0.283836,0.283836,0.283836,0.283836,0.283836,0.283836,0.283836,0.283836,0.28224695,0.2751627,0.28731155
0.9580078125,0.392463,0.392463,0.392463,0.392463,0.392463,0.392463,0.392463,0.392463,0.392463,0.392463,0.392463,0.392463,0.392463,0.40060478,0.38606483,0.4421338,-0.251675,-0.2516749999999999,-0.2516749999999999,-0.2516749999999999,-0.2516749999999999,-0.2516749999999999,-0.2516749999999999,-0.2516749999999999,-0.2516749999999999,-0.2516749999999999,-0.2516749999999999,-0.2516749999999999,-0.2516749999999999,-0.21151754,-0.2116786,-0.18832129,0.283836,0.283836,0.283836,0.283836,0.283836,0.283836,0.283836,0.283836,0.283836,0.283836,0.283836,0.283836,0.283836,0.28067815,0.27650702,0.28738263
0.9599609375,0.392463,0.392463,0.392463,0.392463,0.392463,0.392463,0.392463,0.392463,0.392463,0.392463,0.392463,0.392463,0.392463,0.40212518,0.38752517,0.44048342,-0.251675,-0.2516749999999999,-0.2516749999999999,-0.2516749999999999,-0.2516749999999999,-0.2516749999999999,-0.2516749999999999,-0.2516749999999999,-0.2516749999999999,-0.2516749999999999,-0.2516749999999999,-0.2516749999999999,-0.2516749999999999,-0.21130472,-0.21249607,-0.19128439,0.283836,0.283836,0.283836,0.283836,0.283836,0.283836,0.283836,0.283836,0.283836,0.283836,0.283836,0.283836,0.283836,0.27923545,0.2781636,0.28769338
0.9619140625,0.392463,0.392463,0.392463,0.392463,0.392463,0.392463,0.392463,0.392463,0.392463,0.392463,0.392463,0.392463,0.392463,0.4037677,0.389222,0.43876263,-0.251675,-0.2516749999999999,-0.2516749999999999,-0.2516749999999999,-0.2516749999999999,-0.2516749999999999,-0.2516749999999999,-0.2516749999999999,-0.2516749999999999,-0.2516749999999999,-0.2516749999999999,-0.2516749999999999,-0.2516749999999999,-0.21087772,-0.21412733,-0.19489771,0.283836,0.283836,0.283836,0.283836,0.283836,0.283836,0.283836,0.283836,0.283836,0.283836,0.283836,0.283836,0.283836,0.2801745,0.27802378,0.28819755
0.9638671875,0.392463,0.392463,0.392463,0.392463,0.392463,0.392463,0.392463,0.392463,0.392463,0.392463,0.392463,0.392463,0.392463,0.40547886,0.39098287,0.43702364,-0.251675,-0.2516749999999999,-0.2516749999999999,-0.2516749999999999,-0.2516749999999999,-0.2516749999999999,-0.2516749999999999,-0.2516749999999999,-0.2516749999999999,-0.2516749999999999,-0.2516749999999999,-0.2516749999999999,-0.2516749999999999,-0.21052301,-0.21636793,-0.1990931,0.283836,0.283836,0.283836,0.283836,0.283836,0.283836,0.283836,0.283836,0.283836,0.283836,0.283836,0.283836,0.283836,0.28254285,0.2771238,0.2888265
0.9658203125,0.392463,0.392463,0.392463,0.392463,0.392463,0.392463,0.392463,0.392463,0.392463,0.392463,0.392463,0.392463,0.392463,0.40718004,0.39261785,0.435284,-0.251675,-0.2516749999999999,-0.2516749999999999,-0.2516749999999999,-0.2516749999999999,-0.2516749999999999,-0.2516749999999999,-0.2516749999999999,-0.2516749999999999,-0.2516749999999999,-0.2516749999999999,-0.2516749999999999,-0.2516749999999999,-0.21036437,-0.21914753,-0.20377803,0.283836,0.283836,0.283836,0.283836,0.283836,0.283836,0.283836,0.283836,0.283836,0.283836,0.283836,0.283836,0.283836,0.28523493,0.27658728,0.28949818
0.9677734375,0.392463,0.392463,0.392463,0.392463,0.392463,0.392463,0.392463,0.392463,0.392463,0.392463,0.392463,0.392463,0.392463,0.4087731,0.39393306,0.433525,-0.251675,-0.2516749999999999,-0.2516749999999999,-0.2516749999999999,-0.2516749999999999,-0.2516749999999999,-0.2516749999999999,-0.2516749999999999,-0.2516749999999999,-0.2516749999999999,-0.2516749999999999,-0.2516749999999999,-0.2516749999999999,-0.21051598,-0.22237262,-0.2088336,0.283836,0.283836,0.283836,0.283836,0.283836,0.283836,0.283836,0.283836,0.283836,0.283836,0.283836,0.283836,0.283836,0.28818473,0.2764354,0.29012865
0.9697265625,0.392463,0.392463,0.392463,0.392463,0.392463,0.392463,0.392463,0.392463,0.392463,0.392463,0.392463,0.392463,0.392463,0.41014755,0.3947428,0.43169647,-0.251675,-0.2516749999999999,-0.2516749999999999,-0.2516749999999999,-0.2516749999999999,-0.2516749999999999,-0.2516749999999999,-0.2516749999999999,-0.2516749999999999,-0.2516749999999999,-0.2516749999999999,-0.2516749999999999,-0.2516749999999999,-0.21411607,-0.22592553,-0.21107173,0.283836,0.283836,0.283836,0.283836,0.283836,0.283836,0.283836,0.283836,0.283836,0.283836,0.283836,0.283836,0.283836,0.29064688,0.27666163,0.29130217
0.9716796875,0.392463,0.392463,0.392463,0.392463,0.392463,0.392463,0.392463,0.392463,0.392463,0.392463,0.392463,0.392463,0.392463,0.4111888,0.3948821,0.42972553,-0.251675,-0.2516749999999999,-0.2516749999999999,-0.2516749999999999,-0.2516749999999999,-0.2516749999999999,-0.2516749999999999,-0.2516749999999999,-0.2516749999999999,-0.2516749999999999,-0.2516749999999999,-0.2516749999999999,-0.2516749999999999,-0.21945938,-0.22966847,-0.21209344,0.283836,0.283836,0.283836,0.283836,0.283836,0.283836,0.283836,0.283836,0.283836,0.283836,0.283836,0.283836,0.283836,0.29101,0.27723855,0.29448307
0.9736328125,0.392463,0.392463,0.392463,0.392463,0.392463,0.392463,0.392463,0.392463,0.392463,0.392463,0.392463,0.392463,0.392463,0.41178587,0.39421886,0.42752838,-0.251675,-0.2516749999999999,-0.2516749999999999,-0.2516749999999999,-0.2516749999999999,-0.2516749999999999,-0.2516749999999999,-0.2516749999999999,-0.2516749999999999,-0.2516749999999999,-0.2516749999999999,-0.2516749999999999,-0.2516749999999999,-0.22468498,-0.23344448,-0.21360096,0.283836,0.283836,0.283836,0.283836,0.283836,0.283836,0.283836,0.283836,0.283836,0.283836,0.283836,0.283836,0.283836,0.29121906,0.27812475,0.29761887
0.9755859375,0.392463,0.392463,0.392463,0.392463,0.392463,0.392463,0.392463,0.392463,0.392463,0.392463,0.392463,0.392463,0.392463,0.4118421,0.39267057,0.4250257,-0.251675,-0.2516749999999999,-0.2516749999999999,-0.2516749999999999,-0.2516749999999999,-0.2516749999999999,-0.2516749999999999,-0.2516749999999999,-0.2516749999999999,-0.2516749999999999,-0.2516749999999999,-0.2516749999999999,-0.2516749999999999,-0.22960952,-0.2370818,-0.21556148,0.283836,0.283836,0.283836,0.283836,0.283836,0.283836,0.283836,0.283836,0.283836,0.283836,0.283836,0.283836,0.283836,0.29133412,0.2792749,0.30060858
0.9775390625,0.392463,0.392463,0.392463,0.392463,0.392463,0.392463,0.392463,0.392463,0.392463,0.392463,0.392463,0.392463,0.392463,0.4112839,0.390224,0.4221591,-0.251675,-0.2516749999999999,-0.2516749999999999,-0.2516749999999999,-0.2516749999999999,-0.2516749999999999,-0.2516749999999999,-0.2516749999999999,-0.2516749999999999,-0.2516749999999999,-0.2516749999999999,-0.2516749999999999,-0.2516749999999999,-0.23405877,-0.24040118,-0.21788171,0.283836,0.283836,0.283836,0.283836,0.283836,0.283836,0.283836,0.283836,0.283836,0.283836,0.283836,0.283836,0.283836,0.2914878,0.28064993,0.30336925
0.9794921875,0.392463,0.392463,0.392463,0.392463,0.392463,0.392463,0.392463,0.392463,0.392463,0.392463,0.392463,0.392463,0.392463,0.4100735,0.38695726,0.4189069,-0.251675,-0.2516749999999999,-0.2516749999999999,-0.2516749999999999,-0.2516749999999999,-0.2516749999999999,-0.2516749999999999,-0.2516749999999999,-0.2516749999999999,-0.2516749999999999,-0.2516749999999999,-0.2516749999999999,-0.2516749999999999,-0.23787454,-0.24322501,-0.22040513,0.283836,0.283836,0.283836,0.283836,0.283836,0.283836,0.283836,0.283836,0.283836,0.283836,0.283836,0.283836,0.283836,0.2918951,0.28222954,0.30585006
0.9814453125,0.392463,0.392463,0.392463,0.392463,0.392463,0.392463,0.392463,0.392463,0.392463,0.392463,0.392463,0.392463,0.392463,0.4082184,0.38305846,0.4152995,-0.251675,-0.2516749999999999,-0.2516749999999999,-0.2516749999999999,-0.2516749999999999,-0.2516749999999999,-0.2516749999999999,-0.2516749999999999,-0.2516749999999999,-0.2516749999999999,-0.2516749999999999,-0.2516749999999999,-0.2516749999999999,-0.24092457,-0.24539194,-0.22291288,0.283836,0.283836,0.283836,0.283836,0.283836,0.283836,0.283836,0.283836,0.283836,0.283836,0.283836,0.283836,0.283836,0.29285675,0.28402644,0.3080449
0.9833984375,0.392463,0.392463,0.392463,0.392463,0.392463,0.392463,0.392463,0.392463,0.392463,0.392463,0.392463,0.392463,0.392463,0.4057842,0.3788345,0.41143045,-0.251675,-0.2516749999999999,-0.2516749999999999,-0.2516749999999999,-0.2516749999999999,-0.2516749999999999,-0.2516749999999999,-0.2516749999999999,-0.2516749999999999,-0.2516749999999999,-0.2516749999999999,-0.2516749999999999,-0.2516749999999999,-0.24310347,-0.2467688,-0.22513291,0.283836,0.283836,0.283836,0.283836,0.283836,0.283836,0.283836,0.283836,0.283836,0.283836,0.283836,0.283836,0.283836,0.2947541,0.28610247,0.3100074
0.9853515625,0.392463,0.392463,0.392463,0.392463,0.392463,0.392463,0.392463,0.392463,0.392463,0.392463,0.392463,0.392463,0.392463,0.40289944,0.37470275,0.4074609,-0.251675,-0.2516749999999999,-0.2516749999999999,-0.2516749999999999,-0.2516749999999999,-0.2516749999999999,-0.2516749999999999,-0.2516749999999999,-0.2516749999999999,-0.2516749999999999,-0.2516749999999999,-0.2516749999999999,-0.2516749999999999,-0.2443361,-0.24726471,-0.2267532,0.283836,0.283836,0.283836,0.283836,0.283836,0.283836,0.283836,0.283836,0.283836,0.283836,0.283836,0.283836,0.283836,0.2980338,0.2885819,0.31186152
0.9873046875,0.392463,0.392463,0.392463,0.392463,0.392463,0.392463,0.392463,0.392463,0.392463,0.392463,0.392463,0.392463,0.392463,0.39975804,0.37116802,0.40361676,-0.251675,-0.2516749999999999,-0.2516749999999999,-0.2516749999999999,-0.2516749999999999,-0.2516749999999999,-0.2516749999999999,-0.2516749999999999,-0.2516749999999999,-0.2516749999999999,-0.2516749999999999,-0.2516749999999999,-0.2516749999999999,-0.24457613,-0.2468374,-0.22744218,0.283836,0.283836,0.283836,0.283836,0.283836,0.283836,0.283836,0.283836,0.283836,0.283836,0.283836,0.283836,0.283836,0.3031882,0.29166007,0.31380814
0.9892578125,0.392463,0.392463,0.392463,0.392463,0.392463,0.392463,0.392463,0.392463,0.392463,0.392463,0.392463,0.392463,0.392463,0.39661127,0.36878467,0.4001756,-0.251675,-0.2516749999999999,-0.2516749999999999,-0.2516749999999999,-0.2516749999999999,-0.2516749999999999,-0.2516749999999999,-0.2516749999999999,-0.2516749999999999,-0.2516749999999999,-0.2516749999999999,-0.2516749999999999,-0.2516749999999999,-0.24380806,-0.24549815,-0.22687533,0.283836,0.283836,0.283836,0.283836,0.283836,0.283836,0.283836,0.283836,0.283836,0.283836,0.283836,0.283836,0.283836,0.31073275,0.2956036,0.31612277
0.9912109375,0.392463,0.392463,0.392463,0.392463,0.392463,0.392463,0.392463,0.392463,0.392463,0.392463,0.392463,0.392463,0.392463,0.39375097,0.36811638,0.39744878,-0.251675,-0.2516749999999999,-0.2516749999999999,-0.2516749999999999,-0.2516749999999999,-0.2516749999999999,-0.2516749999999999,-0.2516749999999999,-0.2516749999999999,-0.2516749999999999,-0.2516749999999999,-0.2516749999999999,-0.2516749999999999,-0.2420539,-0.24330762,-0.22475824,0.283836,0.283836,0.283836,0.283836,0.283836,0.283836,0.283836,0.283836,0.283836,0.283836,0.283836,0.283836,0.283836,0.31914377,0.30074325,0.321188
0.9931640625,0.392463,0.392463,0.392463,0.392463,0.392463,0.392463,0.392463,0.392463,0.392463,0.392463,0.392463,0.392463,0.392463,0.39148727,0.369696,0.39575827,-0.251675,-0.2516749999999999,-0.2516749999999999,-0.2516749999999999,-0.2516749999999999,-0.2516749999999999,-0.2516749999999999,-0.2516749999999999,-0.2516749999999999,-0.2516749999999999,-0.2516749999999999,-0.2516749999999999,-0.2516749999999999,-0.2393764,-0.2403675,-0.22085723,0.283836,0.283836,0.283836,0.283836,0.283836,0.283836,0.283836,0.283836,0.283836,0.283836,0.283836,0.283836,0.283836,0.32325488,0.30745986,0.33506435
0.9951171875,0.392463,0.392463,0.392463,0.392463,0.392463,0.392463,0.392463,0.392463,0.392463,0.392463,0.392463,0.392463,0.392463,0.39012316,0.37398958,0.39541414,-0.251675,-0.2516749999999999,-0.2516749999999999,-0.2516749999999999,-0.2516749999999999,-0.2516749999999999,-0.2516749999999999,-0.2516749999999999,-0.2516749999999999,-0.2516749999999999,-0.2516749999999999,-0.2516749999999999,-0.2516749999999999,-0.23588571,-0.23681435,-0.2150251,0.283836,0.283836,0.283836,0.283836,0.283836,0.283836,0.283836,0.283836,0.283836,0.283836,0.283836,0.283836,0.283836,0.3288628,0.31616786,0.35284722
0.9970703125,0.392463,0.392463,0.392463,0.392463,0.392463,0.392463,0.392463,0.392463,0.392463,0.392463,0.392463,0.392463,0.392463,0.38993353,0.38136286,0.39669344,-0.251675,-0.2516749999999999,-0.2516749999999999,-0.2516749999999999,-0.2516749999999999,-0.2516749999999999,-0.2516749999999999,-0.2516749999999999,-0.2516749999999999,-0.2516749999999999,-0.2516749999999999,-0.2516749999999999,-0.2516749999999999,-0.23173842,-0.23280898,-0.20722872,0.283836,0.283836,0.283836,0.283836,0.283836,0.283836,0.283836,0.283836,0.283836,0.283836,0.283836,0.283836,0.283836,0.3363796,0.32729527,0.37497768
0.9990234375,0.392463,0.392463,0.392463,0.392463,0.392463,0.392463,0.392463,0.392463,0.392463,0.392463,0.392463,0.392463,0.392463,0.3920467,0.3911512,0.3998214,-0.251675,-0.2516749999999999,-0.2516749999999999,-0.2516749999999999,-0.2516749999999999,-0.2516749999999999,-0.2516749999999999,-0.2516749999999999,-0.2516749999999999,-0.2516749999999999,-0.2516749999999999,-0.2516749999999999,-0.2516749999999999,-0.2271308,-0.2285293,-0.19756886,0.283836,0.283836,0.283836,0.283836,0.283836,0.283836,0.283836,0.283836,0.283836,0.283836,0.283836,0.283836,0.283836,0.34620795,0.34125894,0.40181807
