x,exact_density,piecewise_density,fixed_mc_density,fine_hllc_density,dkan_fv_density,dkan_fv_min_density,dkan_fv_max_density,legacy_dkan_fv_density,legacy_dkan_fv_min_density,legacy_dkan_fv_max_density,dkan_tv2_density,dkan_tv2_min_density,dkan_tv2_max_density,fno_density,fno_min_density,fno_max_density,exact_velocity,piecewise_velocity,fixed_mc_velocity,fine_hllc_velocity,dkan_fv_velocity,dkan_fv_min_velocity,dkan_fv_max_velocity,legacy_dkan_fv_velocity,legacy_dkan_fv_min_velocity,legacy_dkan_fv_max_velocity,dkan_tv2_velocity,dkan_tv2_min_velocity,dkan_tv2_max_velocity,fno_velocity,fno_min_velocity,fno_max_velocity,exact_pressure,piecewise_pressure,fixed_mc_pressure,fine_hllc_pressure,dkan_fv_pressure,dkan_fv_min_pressure,dkan_fv_max_pressure,legacy_dkan_fv_pressure,legacy_dkan_fv_min_pressure,legacy_dkan_fv_max_pressure,dkan_tv2_pressure,dkan_tv2_min_pressure,dkan_tv2_max_pressure,fno_pressure,fno_min_pressure,fno_max_pressure
0.0009765625,0.2,0.2,0.2,0.2,0.2,0.2,0.2,0.2,0.2,0.2,0.2,0.2,0.2,0.5869734,0.58075595,0.6431305,0.0,0.0,0.0,0.0,0.0,0.0,0.0,0.0,0.0,0.0,0.0,0.0,0.0,0.71754265,0.69068766,0.7356158,0.1,0.09999999999999998,0.09999999999999998,0.09999999999999998,0.09999999999999998,0.09999999999999998,0.09999999999999998,0.09999999999999998,0.09999999999999998,0.09999999999999998,0.09999999999999998,0.09999999999999998,0.09999999999999998,0.42950785,0.4040836,0.4521612
0.0029296875,0.2,0.2,0.2,0.2,0.2,0.2,0.2,0.2,0.2,0.2,0.2,0.2,0.2,0.58384025,0.580259,0.645789,0.0,0.0,0.0,0.0,0.0,0.0,0.0,0.0,0.0,0.0,0.0,0.0,0.0,0.72449386,0.70179665,0.74711674,0.1,0.09999999999999998,0.09999999999999998,0.09999999999999998,0.09999999999999998,0.09999999999999998,0.09999999999999998,0.09999999999999998,0.09999999999999998,0.09999999999999998,0.09999999999999998,0.09999999999999998,0.09999999999999998,0.43215021,0.40303966,0.45609984
0.0048828125,0.2,0.2,0.2,0.2,0.2,0.2,0.2,0.2,0.2,0.2,0.2,0.2,0.2,0.5805727,0.5783418,0.64647394,0.0,0.0,0.0,0.0,0.0,0.0,0.0,0.0,0.0,0.0,0.0,0.0,0.0,0.73210496,0.7125454,0.7593999,0.1,0.09999999999999998,0.09999999999999998,0.09999999999999998,0.09999999999999998,0.09999999999999998,0.09999999999999998,0.09999999999999998,0.09999999999999998,0.09999999999999998,0.09999999999999998,0.09999999999999998,0.09999999999999998,0.434082,0.40192965,0.45972285
0.0068359375,0.2,0.2,0.2,0.2,0.2,0.2,0.2,0.2,0.2,0.2,0.2,0.2,0.2,0.5772178,0.5748629,0.6451923,0.0,0.0,0.0,0.0,0.0,0.0,0.0,0.0,0.0,0.0,0.0,0.0,0.0,0.7402978,0.7227917,0.77232873,0.1,0.09999999999999998,0.09999999999999998,0.09999999999999998,0.09999999999999998,0.09999999999999998,0.09999999999999998,0.09999999999999998,0.09999999999999998,0.09999999999999998,0.09999999999999998,0.09999999999999998,0.09999999999999998,0.43502125,0.40071452,0.46286142
0.0087890625,0.2,0.2,0.2,0.2,0.2,0.2,0.2,0.2,0.2,0.2,0.2,0.2,0.2,0.5738293,0.56983125,0.64208275,0.0,0.0,0.0,0.0,0.0,0.0,0.0,0.0,0.0,0.0,0.0,0.0,0.0,0.7489404,0.7324491,0.7856703,0.1,0.09999999999999998,0.09999999999999998,0.09999999999999998,0.09999999999999998,0.09999999999999998,0.09999999999999998,0.09999999999999998,0.09999999999999998,0.09999999999999998,0.09999999999999998,0.09999999999999998,0.09999999999999998,0.43479115,0.39936158,0.4653449
0.0107421875,0.2,0.2,0.2,0.2,0.2,0.2,0.2,0.2,0.2,0.2,0.2,0.2,0.2,0.5704657,0.5633947,0.6373919,0.0,0.0,0.0,0.0,0.0,0.0,0.0,0.0,0.0,0.0,0.0,0.0,0.0,0.7578653,0.741483,0.79912114,0.1,0.09999999999999998,0.09999999999999998,0.09999999999999998,0.09999999999999998,0.09999999999999998,0.09999999999999998,0.09999999999999998,0.09999999999999998,0.09999999999999998,0.09999999999999998,0.09999999999999998,0.09999999999999998,0.43333498,0.39784867,0.46701926
0.0126953125,0.2,0.2,0.2,0.2,0.2,0.2,0.2,0.2,0.2,0.2,0.2,0.2,0.2,0.56718934,0.5558026,0.63143665,0.0,0.0,0.0,0.0,0.0,0.0,0.0,0.0,0.0,0.0,0.0,0.0,0.0,0.7668907,0.74989516,0.8123491,0.1,0.09999999999999998,0.09999999999999998,0.09999999999999998,0.09999999999999998,0.09999999999999998,0.09999999999999998,0.09999999999999998,0.09999999999999998,0.09999999999999998,0.09999999999999998,0.09999999999999998,0.09999999999999998,0.43070915,0.39616725,0.46776915
0.0146484375,0.2,0.2,0.2,0.2,0.2,0.2,0.2,0.2,0.2,0.2,0.2,0.2,0.2,0.5640633,0.5473585,0.6245618,0.0,0.0,0.0,0.0,0.0,0.0,0.0,0.0,0.0,0.0,0.0,0.0,0.0,0.77584064,0.75770605,0.82503736,0.1,0.09999999999999998,0.09999999999999998,0.09999999999999998,0.09999999999999998,0.09999999999999998,0.09999999999999998,0.09999999999999998,0.09999999999999998,0.09999999999999998,0.09999999999999998,0.09999999999999998,0.09999999999999998,0.42706114,0.39432237,0.46753442
0.0166015625,0.2,0.2,0.2,0.2,0.2,0.2,0.2,0.2,0.2,0.2,0.2,0.2,0.2,0.5611478,0.5383767,0.61710215,0.0,0.0,0.0,0.0,0.0,0.0,0.0,0.0,0.0,0.0,0.0,0.0,0.0,0.7845597,0.76494443,0.8369212,0.1,0.09999999999999998,0.09999999999999998,0.09999999999999998,0.09999999999999998,0.09999999999999998,0.09999999999999998,0.09999999999999998,0.09999999999999998,0.09999999999999998,0.09999999999999998,0.09999999999999998,0.09999999999999998,0.4225995,0.3923292,0.4663191
0.0185546875,0.2,0.2,0.2,0.2,0.2,0.2,0.2,0.2,0.2,0.2,0.2,0.2,0.2,0.5584933,0.52915245,0.60935676,0.0,0.0,0.0,0.0,0.0,0.0,0.0,0.0,0.0,0.0,0.0,0.0,0.0,0.7929257,0.7716429,0.8478117,0.1,0.09999999999999998,0.09999999999999998,0.09999999999999998,0.09999999999999998,0.09999999999999998,0.09999999999999998,0.09999999999999998,0.09999999999999998,0.09999999999999998,0.09999999999999998,0.09999999999999998,0.09999999999999998,0.4175639,0.39020938,0.4641901
0.0205078125,0.2,0.2,0.2,0.2,0.2,0.2,0.2,0.2,0.2,0.2,0.2,0.2,0.2,0.55613524,0.5199472,0.6015753,0.0,0.0,0.0,0.0,0.0,0.0,0.0,0.0,0.0,0.0,0.0,0.0,0.0,0.8008559,0.7778386,0.85760295,0.1,0.09999999999999998,0.09999999999999998,0.09999999999999998,0.09999999999999998,0.09999999999999998,0.09999999999999998,0.09999999999999998,0.09999999999999998,0.09999999999999998,0.09999999999999998,0.09999999999999998,0.09999999999999998,0.41220012,0.38798672,0.46126822
0.0224609375,0.2,0.2,0.2,0.2,0.2,0.2,0.2,0.2,0.2,0.2,0.2,0.2,0.2,0.55408865,0.51098245,0.59395707,0.0,0.0,0.0,0.0,0.0,0.0,0.0,0.0,0.0,0.0,0.0,0.0,0.0,0.8083098,0.7835766,0.86626995,0.1,0.09999999999999998,0.09999999999999998,0.09999999999999998,0.09999999999999998,0.09999999999999998,0.09999999999999998,0.09999999999999998,0.09999999999999998,0.09999999999999998,0.09999999999999998,0.09999999999999998,0.09999999999999998,0.40674022,0.38568452,0.45771575
0.0244140625,0.2,0.2,0.2,0.2,0.2,0.2,0.2,0.2,0.2,0.2,0.2,0.2,0.2,0.5523443,0.50244206,0.58665735,0.0,0.0,0.0,0.0,0.0,0.0,0.0,0.0,0.0,0.0,0.0,0.0,0.0,0.81529045,0.78891015,0.8738576,0.1,0.09999999999999998,0.09999999999999998,0.09999999999999998,0.09999999999999998,0.09999999999999998,0.09999999999999998,0.09999999999999998,0.09999999999999998,0.09999999999999998,0.09999999999999998,0.09999999999999998,0.09999999999999998,0.40138957,0.3833253,0.4537222
0.0263671875,0.2,0.2,0.2,0.2,0.2,0.2,0.2,0.2,0.2,0.2,0.2,0.2,0.2,0.55086863,0.494475,0.5797965,0.0,0.0,0.0,0.0,0.0,0.0,0.0,0.0,0.0,0.0,0.0,0.0,0.0,0.8218399,0.79390097,0.8804641,0.1,0.09999999999999998,0.09999999999999998,0.09999999999999998,0.09999999999999998,0.09999999999999998,0.09999999999999998,0.09999999999999998,0.09999999999999998,0.09999999999999998,0.09999999999999998,0.09999999999999998,0.09999999999999998,0.39631912,0.3809308,0.44949064
0.0283203125,0.2,0.2,0.2,0.2,0.2,0.2,0.2,0.2,0.2,0.2,0.2,0.2,0.2,0.5496048,0.4871993,0.57346874,0.0,0.0,0.0,0.0,0.0,0.0,0.0,0.0,0.0,0.0,0.0,0.0,0.0,0.8280325,0.79861677,0.88622355,0.1,0.09999999999999998,0.09999999999999998,0.09999999999999998,0.09999999999999998,0.09999999999999998,0.09999999999999998,0.09999999999999998,0.09999999999999998,0.09999999999999998,0.09999999999999998,0.09999999999999998,0.09999999999999998,0.3916624,0.3785232,0.44522434
0.0302734375,0.2,0.2,0.2,0.2,0.2,0.2,0.2,0.2,0.2,0.2,0.2,0.2,0.2,0.5484783,0.48070276,0.5677474,0.0,0.0,0.0,0.0,0.0,0.0,0.0,0.0,0.0,0.0,0.0,0.0,0.0,0.83396626,0.8031291,0.891286,0.1,0.09999999999999998,0.09999999999999998,0.09999999999999998,0.09999999999999998,0.09999999999999998,0.09999999999999998,0.09999999999999998,0.09999999999999998,0.09999999999999998,0.09999999999999998,0.09999999999999998,0.09999999999999998,0.38751483,0.3761272,0.4411138
0.0322265625,0.2,0.2,0.2,0.2,0.2,0.2,0.2,0.2,0.2,0.2,0.2,0.2,0.2,0.5474043,0.4750427,0.5626883,0.0,0.0,0.0,0.0,0.0,0.0,0.0,0.0,0.0,0.0,0.0,0.0,0.0,0.83975124,0.8075111,0.8958005,0.1,0.09999999999999998,0.09999999999999998,0.09999999999999998,0.09999999999999998,0.09999999999999998,0.09999999999999998,0.09999999999999998,0.09999999999999998,0.09999999999999998,0.09999999999999998,0.09999999999999998,0.09999999999999998,0.38393518,0.3737702,0.43732432
0.0341796875,0.2,0.2,0.2,0.2,0.2,0.2,0.2,0.2,0.2,0.2,0.2,0.2,0.2,0.5462976,0.47024474,0.55833083,0.0,0.0,0.0,0.0,0.0,0.0,0.0,0.0,0.0,0.0,0.0,0.0,0.0,0.845497,0.8118355,0.8998989,0.1,0.09999999999999998,0.09999999999999998,0.09999999999999998,0.09999999999999998,0.09999999999999998,0.09999999999999998,0.09999999999999998,0.09999999999999998,0.09999999999999998,0.09999999999999998,0.09999999999999998,0.09999999999999998,0.3809468,0.3714829,0.43398446
0.0361328125,0.2,0.2,0.2,0.2,0.2,0.2,0.2,0.2,0.2,0.2,0.2,0.2,0.2,0.5450855,0.46630165,0.55469805,0.0,0.0,0.0,0.0,0.0,0.0,0.0,0.0,0.0,0.0,0.0,0.0,0.0,0.8513001,0.8161732,0.9036875,0.1,0.09999999999999998,0.09999999999999998,0.09999999999999998,0.09999999999999998,0.09999999999999998,0.09999999999999998,0.09999999999999998,0.09999999999999998,0.09999999999999998,0.09999999999999998,0.09999999999999998,0.09999999999999998,0.37854144,0.3692976,0.43117854
0.0380859375,0.2,0.2,0.2,0.2,0.2,0.2,0.2,0.2,0.2,0.2,0.2,0.2,0.2,0.5437179,0.46317506,0.55179733,0.0,0.0,0.0,0.0,0.0,0.0,0.0,0.0,0.0,0.0,0.0,0.0,0.0,0.857232,0.8205886,0.9072393,0.1,0.09999999999999998,0.09999999999999998,0.09999999999999998,0.09999999999999998,0.09999999999999998,0.09999999999999998,0.09999999999999998,0.09999999999999998,0.09999999999999998,0.09999999999999998,0.09999999999999998,0.09999999999999998,0.37668198,0.367247,0.428943
0.0400390625,0.2,0.2,0.2,0.2,0.2,0.2,0.2,0.2,0.2,0.2,0.2,0.2,0.2,0.54217756,0.46079963,0.5496212,0.0,0.0,0.0,0.0,0.0,0.0,0.0,0.0,0.0,0.0,0.0,0.0,0.0,0.8633306,0.8251343,0.9105967,0.1,0.09999999999999998,0.09999999999999998,0.09999999999999998,0.09999999999999998,0.09999999999999998,0.09999999999999998,0.09999999999999998,0.09999999999999998,0.09999999999999998,0.09999999999999998,0.09999999999999998,0.09999999999999998,0.3753081,0.36536098,0.42726833
0.0419921875,0.2,0.2,0.2,0.2,0.2,0.2,0.2,0.2,0.2,0.2,0.2,0.2,0.2,0.54048365,0.45909014,0.54814893,0.0,0.0,0.0,0.0,0.0,0.0,0.0,0.0,0.0,0.0,0.0,0.0,0.0,0.8695935,0.82984555,0.9137769,0.1,0.09999999999999998,0.09999999999999998,0.09999999999999998,0.09999999999999998,0.09999999999999998,0.09999999999999998,0.09999999999999998,0.09999999999999998,0.09999999999999998,0.09999999999999998,0.09999999999999998,0.09999999999999998,0.37434176,0.36366364,0.42610523
0.0439453125,0.2,0.2,0.2,0.2,0.2,0.2,0.2,0.2,0.2,0.2,0.2,0.2,0.2,0.5386924,0.45795086,0.54734784,0.0,0.0,0.0,0.0,0.0,0.0,0.0,0.0,0.0,0.0,0.0,0.0,0.0,0.8759788,0.8347341,0.9167799,0.1,0.09999999999999998,0.09999999999999998,0.09999999999999998,0.09999999999999998,0.09999999999999998,0.09999999999999998,0.09999999999999998,0.09999999999999998,0.09999999999999998,0.09999999999999998,0.09999999999999998,0.09999999999999998,0.37369457,0.36217088,0.42537457
0.0458984375,0.2,0.2,0.2,0.2,0.2,0.2,0.2,0.2,0.2,0.2,0.2,0.2,0.2,0.5368915,0.45728526,0.5471754,0.0,0.0,0.0,0.0,0.0,0.0,0.0,0.0,0.0,0.0,0.0,0.0,0.0,0.88240874,0.83978355,0.91959965,0.1,0.09999999999999998,0.09999999999999998,0.09999999999999998,0.09999999999999998,0.09999999999999998,0.09999999999999998,0.09999999999999998,0.09999999999999998,0.09999999999999998,0.09999999999999998,0.09999999999999998,0.09999999999999998,0.37327516,0.360889,0.42497906
0.0478515625,0.2,0.2,0.2,0.2,0.2,0.2,0.2,0.2,0.2,0.2,0.2,0.2,0.2,0.5351917,0.45700392,0.5475807,0.0,0.0,0.0,0.0,0.0,0.0,0.0,0.0,0.0,0.0,0.0,0.0,0.0,0.88878167,0.84495115,0.9222332,0.1,0.09999999999999998,0.09999999999999998,0.09999999999999998,0.09999999999999998,0.09999999999999998,0.09999999999999998,0.09999999999999998,0.09999999999999998,0.09999999999999998,0.09999999999999998,0.09999999999999998,0.09999999999999998,0.37299544,0.35981423,0.42481545
0.0498046875,0.2,0.2,0.2,0.2,0.2,0.2,0.2,0.2,0.2,0.2,0.2,0.2,0.2,0.53371537,0.45703104,0.548504,0.0,0.0,0.0,0.0,0.0,0.0,0.0,0.0,0.0,0.0,0.0,0.0,0.0,0.8949853,0.85017383,0.9246875,0.1,0.09999999999999998,0.09999999999999998,0.09999999999999998,0.09999999999999998,0.09999999999999998,0.09999999999999998,0.09999999999999998,0.09999999999999998,0.09999999999999998,0.09999999999999998,0.09999999999999998,0.09999999999999998,0.3727763,0.3589329,0.42478544
0.0517578125,0.2,0.2,0.2,0.2,0.2,0.2,0.2,0.2,0.2,0.2,0.2,0.2,0.2,0.53258485,0.45730633,0.5498779,0.0,0.0,0.0,0.0,0.0,0.0,0.0,0.0,0.0,0.0,0.0,0.0,0.0,0.9009136,0.85537696,0.9269824,0.1,0.09999999999999998,0.09999999999999998,0.09999999999999998,0.09999999999999998,0.09999999999999998,0.09999999999999998,0.09999999999999998,0.09999999999999998,0.09999999999999998,0.09999999999999998,0.09999999999999998,0.09999999999999998,0.3725519,0.3582234,0.42480677
0.0537109375,0.2,0.2,0.2,0.2,0.2,0.2,0.2,0.2,0.2,0.2,0.2,0.2,0.2,0.53191185,0.4577847,0.55162597,0.0,0.0,0.0,0.0,0.0,0.0,0.0,0.0,0.0,0.0,0.0,0.0,0.0,0.906481,0.86048675,0.92915094,0.1,0.09999999999999998,0.09999999999999998,0.09999999999999998,0.09999999999999998,0.09999999999999998,0.09999999999999998,0.09999999999999998,0.09999999999999998,0.09999999999999998,0.09999999999999998,0.09999999999999998,0.09999999999999998,0.37227193,0.35765612,0.42481995
0.0556640625,0.2,0.2,0.2,0.2,0.2,0.2,0.2,0.2,0.2,0.2,0.2,0.2,0.2,0.5317877,0.4584331,0.55366325,0.0,0.0,0.0,0.0,0.0,0.0,0.0,0.0,0.0,0.0,0.0,0.0,0.0,0.9116329,0.86544216,0.93123615,0.1,0.09999999999999998,0.09999999999999998,0.09999999999999998,0.09999999999999998,0.09999999999999998,0.09999999999999998,0.09999999999999998,0.09999999999999998,0.09999999999999998,0.09999999999999998,0.09999999999999998,0.09999999999999998,0.37190256,0.35719633,0.42479402
0.0576171875,0.2,0.2,0.2,0.2,0.2,0.2,0.2,0.2,0.2,0.2,0.2,0.2,0.2,0.53227633,0.45922625,0.555897,0.0,0.0,0.0,0.0,0.0,0.0,0.0,0.0,0.0,0.0,0.0,0.0,0.0,0.91635025,0.8702017,0.933287,0.1,0.09999999999999998,0.09999999999999998,0.09999999999999998,0.09999999999999998,0.09999999999999998,0.09999999999999998,0.09999999999999998,0.09999999999999998,0.09999999999999998,0.09999999999999998,0.09999999999999998,0.09999999999999998,0.37142628,0.35680598,0.4247272
0.0595703125,0.2,0.2,0.2,0.2,0.2,0.2,0.2,0.2,0.2,0.2,0.2,0.2,0.2,0.53340924,0.46014246,0.5582302,0.0,0.0,0.0,0.0,0.0,0.0,0.0,0.0,0.0,0.0,0.0,0.0,0.0,0.9206486,0.87474644,0.9353564,0.1,0.09999999999999998,0.09999999999999998,0.09999999999999998,0.09999999999999998,0.09999999999999998,0.09999999999999998,0.09999999999999998,0.09999999999999998,0.09999999999999998,0.09999999999999998,0.09999999999999998,0.09999999999999998,0.37084085,0.35644528,0.42464358
0.0615234375,0.2,0.2,0.2,0.2,0.2,0.2,0.2,0.2,0.2,0.2,0.2,0.2,0.2,0.5351839,0.4611599,0.5605676,0.0,0.0,0.0,0.0,0.0,0.0,0.0,0.0,0.0,0.0,0.0,0.0,0.0,0.924572,0.87907684,0.9374993,0.1,0.09999999999999998,0.09999999999999998,0.09999999999999998,0.09999999999999998,0.09999999999999998,0.09999999999999998,0.09999999999999998,0.09999999999999998,0.09999999999999998,0.09999999999999998,0.09999999999999998,0.09999999999999998,0.37015745,0.35607597,0.4245854
0.0634765625,0.2,0.2,0.2,0.2,0.2,0.2,0.2,0.2,0.2,0.2,0.2,0.2,0.2,0.5375635,0.46225566,0.5628234,0.0,0.0,0.0,0.0,0.0,0.0,0.0,0.0,0.0,0.0,0.0,0.0,0.0,0.9281831,0.88320374,0.9397769,0.1,0.09999999999999998,0.09999999999999998,0.09999999999999998,0.09999999999999998,0.09999999999999998,0.09999999999999998,0.09999999999999998,0.09999999999999998,0.09999999999999998,0.09999999999999998,0.09999999999999998,0.09999999999999998,0.3693981,0.35566404,0.42460167
0.0654296875,0.2,0.2,0.2,0.2,0.2,0.2,0.2,0.2,0.2,0.2,0.2,0.2,0.2,0.54048043,0.463405,0.56493086,0.0,0.0,0.0,0.0,0.0,0.0,0.0,0.0,0.0,0.0,0.0,0.0,0.0,0.9315537,0.8871405,0.9422587,0.1,0.09999999999999998,0.09999999999999998,0.09999999999999998,0.09999999999999998,0.09999999999999998,0.09999999999999998,0.09999999999999998,0.09999999999999998,0.09999999999999998,0.09999999999999998,0.09999999999999998,0.09999999999999998,0.36859262,0.3551823,0.4247363
0.0673828125,0.2,0.2,0.2,0.2,0.2,0.2,0.2,0.2,0.2,0.2,0.2,0.2,0.2,0.5438401,0.46458378,0.56685096,0.0,0.0,0.0,0.0,0.0,0.0,0.0,0.0,0.0,0.0,0.0,0.0,0.0,0.93475413,0.89089227,0.9450251,0.1,0.09999999999999998,0.09999999999999998,0.09999999999999998,0.09999999999999998,0.09999999999999998,0.09999999999999998,0.09999999999999998,0.09999999999999998,0.09999999999999998,0.09999999999999998,0.09999999999999998,0.09999999999999998,0.36777472,0.35461247,0.4250166
0.0693359375,0.2,0.2,0.2,0.2,0.2,0.2,0.2,0.2,0.2,0.2,0.2,0.2,0.2,0.547527,0.46576968,0.5685776,0.0,0.0,0.0,0.0,0.0,0.0,0.0,0.0,0.0,0.0,0.0,0.0,0.0,0.9378475,0.894451,0.9481659,0.1,0.09999999999999998,0.09999999999999998,0.09999999999999998,0.09999999999999998,0.09999999999999998,0.09999999999999998,0.09999999999999998,0.09999999999999998,0.09999999999999998,0.09999999999999998,0.09999999999999998,0.09999999999999998,0.3669779,0.35394636,0.42544714
0.0712890625,0.2,0.2,0.2,0.2,0.2,0.2,0.2,0.2,0.2,0.2,0.2,0.2,0.2,0.5514114,0.4669445,0.57013744,0.0,0.0,0.0,0.0,0.0,0.0,0.0,0.0,0.0,0.0,0.0,0.0,0.0,0.94088614,0.8977953,0.9517745,0.1,0.09999999999999998,0.09999999999999998,0.09999999999999998,0.09999999999999998,0.09999999999999998,0.09999999999999998,0.09999999999999998,0.09999999999999998,0.09999999999999998,0.09999999999999998,0.09999999999999998,0.09999999999999998,0.36623114,0.3531854,0.42600834
0.0732421875,0.2,0.2,0.2,0.2,0.2,0.2,0.2,0.2,0.2,0.2,0.2,0.2,0.2,0.55535525,0.468094,0.5715829,0.0,0.0,0.0,0.0,0.0,0.0,0.0,0.0,0.0,0.0,0.0,0.0,0.0,0.9439111,0.9008945,0.9559375,0.1,0.09999999999999998,0.09999999999999998,0.09999999999999998,0.09999999999999998,0.09999999999999998,0.09999999999999998,0.09999999999999998,0.09999999999999998,0.09999999999999998,0.09999999999999998,0.09999999999999998,0.09999999999999998,0.3655559,0.35233828,0.42666018
0.0751953125,0.2,0.2,0.2,0.2,0.2,0.2,0.2,0.2,0.2,0.2,0.2,0.2,0.2,0.55922174,0.46920702,0.5729792,0.0,0.0,0.0,0.0,0.0,0.0,0.0,0.0,0.0,0.0,0.0,0.0,0.0,0.94695485,0.9037175,0.96072125,0.1,0.09999999999999998,0.09999999999999998,0.09999999999999998,0.09999999999999998,0.09999999999999998,0.09999999999999998,0.09999999999999998,0.09999999999999998,0.09999999999999998,0.09999999999999998,0.09999999999999998,0.09999999999999998,0.3649647,0.3514182,0.42735076
0.0771484375,0.2,0.2,0.2,0.2,0.2,0.2,0.2,0.2,0.2,0.2,0.2,0.2,0.2,0.562882,0.47027212,0.5743865,0.0,0.0,0.0,0.0,0.0,0.0,0.0,0.0,0.0,0.0,0.0,0.0,0.0,0.9500412,0.90624356,0.9661597,0.1,0.09999999999999998,0.09999999999999998,0.09999999999999998,0.09999999999999998,0.09999999999999998,0.09999999999999998,0.09999999999999998,0.09999999999999998,0.09999999999999998,0.09999999999999998,0.09999999999999998,0.09999999999999998,0.36446086,0.3504388,0.4280248
0.0791015625,0.2,0.2,0.2,0.2,0.2,0.2,0.2,0.2,0.2,0.2,0.2,0.2,0.2,0.56622714,0.47127393,0.57584333,0.0,0.0,0.0,0.0,0.0,0.0,0.0,0.0,0.0,0.0,0.0,0.0,0.0,0.9531851,0.9084728,0.972242,0.1,0.09999999999999998,0.09999999999999998,0.09999999999999998,0.09999999999999998,0.09999999999999998,0.09999999999999998,0.09999999999999998,0.09999999999999998,0.09999999999999998,0.09999999999999998,0.09999999999999998,0.09999999999999998,0.36404073,0.34941152,0.42863154
0.0810546875,0.2,0.2,0.2,0.2,0.2,0.2,0.2,0.2,0.2,0.2,0.2,0.2,0.2,0.5691756,0.47218892,0.57735115,0.0,0.0,0.0,0.0,0.0,0.0,0.0,0.0,0.0,0.0,0.0,0.0,0.0,0.95639336,0.9104316,0.978907,0.1,0.09999999999999998,0.09999999999999998,0.09999999999999998,0.09999999999999998,0.09999999999999998,0.09999999999999998,0.09999999999999998,0.09999999999999998,0.09999999999999998,0.09999999999999998,0.09999999999999998,0.09999999999999998,0.36369532,0.34834296,0.42913106
0.0830078125,0.2,0.2,0.2,0.2,0.2,0.2,0.2,0.2,0.2,0.2,0.2,0.2,0.2,0.5716832,0.47298327,0.5788642,0.0,0.0,0.0,0.0,0.0,0.0,0.0,0.0,0.0,0.0,0.0,0.0,0.0,0.95965827,0.9121741,0.9860424,0.1,0.09999999999999998,0.09999999999999998,0.09999999999999998,0.09999999999999998,0.09999999999999998,0.09999999999999998,0.09999999999999998,0.09999999999999998,0.09999999999999998,0.09999999999999998,0.09999999999999998,0.09999999999999998,0.36341253,0.3472354,0.42949498
0.0849609375,0.2,0.2,0.2,0.2,0.2,0.2,0.2,0.2,0.2,0.2,0.2,0.2,0.2,0.57374644,0.4736129,0.5802896,0.0,0.0,0.0,0.0,0.0,0.0,0.0,0.0,0.0,0.0,0.0,0.0,0.0,0.96295786,0.91377413,0.99348986,0.1,0.09999999999999998,0.09999999999999998,0.09999999999999998,0.09999999999999998,0.09999999999999998,0.09999999999999998,0.09999999999999998,0.09999999999999998,0.09999999999999998,0.09999999999999998,0.09999999999999998,0.09999999999999998,0.36317676,0.34608695,0.42970508
0.0869140625,0.2,0.2,0.2,0.2,0.2,0.2,0.2,0.2,0.2,0.2,0.2,0.2,0.2,0.5754019,0.47402507,0.5814925,0.0,0.0,0.0,0.0,0.0,0.0,0.0,0.0,0.0,0.0,0.0,0.0,0.0,0.9662545,0.91531515,1.001057,0.1,0.09999999999999998,0.09999999999999998,0.09999999999999998,0.09999999999999998,0.09999999999999998,0.09999999999999998,0.09999999999999998,0.09999999999999998,0.09999999999999998,0.09999999999999998,0.09999999999999998,0.09999999999999998,0.36296764,0.34489322,0.4297491
0.0888671875,0.2,0.2,0.2,0.2,0.2,0.2,0.2,0.2,0.2,0.2,0.2,0.2,0.2,0.5767214,0.47416303,0.5823145,0.0,0.0,0.0,0.0,0.0,0.0,0.0,0.0,0.0,0.0,0.0,0.0,0.0,0.96949625,0.9168749,1.0085335,0.1,0.09999999999999998,0.09999999999999998,0.09999999999999998,0.09999999999999998,0.09999999999999998,0.09999999999999998,0.09999999999999998,0.09999999999999998,0.09999999999999998,0.09999999999999998,0.09999999999999998,0.09999999999999998,0.36275735,0.34364918,0.4296147
0.0908203125,0.2,0.2,0.2,0.2,0.2,0.2,0.2,0.2,0.2,0.2,0.2,0.2,0.2,0.57780224,0.4739709,0.58259785,0.0,0.0,0.0,0.0,0.0,0.0,0.0,0.0,0.0,0.0,0.0,0.0,0.0,0.97262454,0.9185122,1.0157105,0.1,0.09999999999999998,0.09999999999999998,0.09999999999999998,0.09999999999999998,0.09999999999999998,0.09999999999999998,0.09999999999999998,0.09999999999999998,0.09999999999999998,0.09999999999999998,0.09999999999999998,0.09999999999999998,0.36250812,0.3423511,0.42928424
0.0927734375,0.2,0.2,0.2,0.2,0.2,0.2,0.2,0.2,0.2,0.2,0.2,0.2,0.2,0.5787574,0.47340062,0.58221465,0.0,0.0,0.0,0.0,0.0,0.0,0.0,0.0,0.0,0.0,0.0,0.0,0.0,0.9755795,0.92025816,1.0224047,0.1,0.09999999999999998,0.09999999999999998,0.09999999999999998,0.09999999999999998,0.09999999999999998,0.09999999999999998,0.09999999999999998,0.09999999999999998,0.09999999999999998,0.09999999999999998,0.09999999999999998,0.09999999999999998,0.36217108,0.34099743,0.42873216
0.0947265625,0.2,0.2,0.2,0.2,0.2,0.2,0.2,0.2,0.2,0.2,0.2,0.2,0.2,0.5797044,0.47241765,0.5810921,0.0,0.0,0.0,0.0,0.0,0.0,0.0,0.0,0.0,0.0,0.0,0.0,0.0,0.9783094,0.92211163,1.0284767,0.1,0.09999999999999998,0.09999999999999998,0.09999999999999998,0.09999999999999998,0.09999999999999998,0.09999999999999998,0.09999999999999998,0.09999999999999998,0.09999999999999998,0.09999999999999998,0.09999999999999998,0.09999999999999998,0.36168706,0.3395904,0.42792514
0.0966796875,0.2,0.2,0.2,0.2,0.2,0.2,0.2,0.2,0.2,0.2,0.2,0.2,0.2,0.57923025,0.4710059,0.580758,0.0,0.0,0.0,0.0,0.0,0.0,0.0,0.0,0.0,0.0,0.0,0.0,0.0,0.98077893,0.9240427,1.0338477,0.1,0.09999999999999998,0.09999999999999998,0.09999999999999998,0.09999999999999998,0.09999999999999998,0.09999999999999998,0.09999999999999998,0.09999999999999998,0.09999999999999998,0.09999999999999998,0.09999999999999998,0.09999999999999998,0.36099043,0.33813664,0.4268278
0.0986328125,0.2,0.2,0.2,0.2,0.2,0.2,0.2,0.2,0.2,0.2,0.2,0.2,0.2,0.5767018,0.46917126,0.5820227,0.0,0.0,0.0,0.0,0.0,0.0,0.0,0.0,0.0,0.0,0.0,0.0,0.0,0.98297465,0.9260011,1.038505,0.1,0.09999999999999998,0.09999999999999998,0.09999999999999998,0.09999999999999998,0.09999999999999998,0.09999999999999998,0.09999999999999998,0.09999999999999998,0.09999999999999998,0.09999999999999998,0.09999999999999998,0.09999999999999998,0.3600146,0.33664787,0.4254106
0.1005859375,0.2,0.2,0.2,0.2,0.2,0.2,0.2,0.2,0.2,0.2,0.2,0.2,0.2,0.5736396,0.46694165,0.5835893,0.0,0.0,0.0,0.0,0.0,0.0,0.0,0.0,0.0,0.0,0.0,0.0,0.0,0.98490715,0.92792785,1.0424987,0.1,0.09999999999999998,0.09999999999999998,0.09999999999999998,0.09999999999999998,0.09999999999999998,0.09999999999999998,0.09999999999999998,0.09999999999999998,0.09999999999999998,0.09999999999999998,0.09999999999999998,0.09999999999999998,0.35869944,0.3351406,0.42365935
0.1025390625,0.2,0.2,0.2,0.2,0.2,0.2,0.2,0.2,0.2,0.2,0.2,0.2,0.2,0.5702128,0.4643654,0.5855303,0.0,0.0,0.0,0.0,0.0,0.0,0.0,0.0,0.0,0.0,0.0,0.0,0.0,0.98661137,0.9297687,1.045929,0.1,0.09999999999999998,0.09999999999999998,0.09999999999999998,0.09999999999999998,0.09999999999999998,0.09999999999999998,0.09999999999999998,0.09999999999999998,0.09999999999999998,0.09999999999999998,0.09999999999999998,0.09999999999999998,0.35699973,0.33363646,0.42158428
0.1044921875,0.2,0.2,0.2,0.2,0.2,0.2,0.2,0.2,0.2,0.2,0.2,0.2,0.2,0.5666001,0.4615065,0.5878965,0.0,0.0,0.0,0.0,0.0,0.0,0.0,0.0,0.0,0.0,0.0,0.0,0.0,0.9881412,0.9314872,1.0489264,0.1,0.09999999999999998,0.09999999999999998,0.09999999999999998,0.09999999999999998,0.09999999999999998,0.09999999999999998,0.09999999999999998,0.09999999999999998,0.09999999999999998,0.09999999999999998,0.09999999999999998,0.09999999999999998,0.35489202,0.3321615,0.4192241
0.1064453125,0.2,0.2,0.2,0.2,0.2,0.2,0.2,0.2,0.2,0.2,0.2,0.2,0.2,0.5629655,0.4584394,0.590714,0.0,0.0,0.0,0.0,0.0,0.0,0.0,0.0,0.0,0.0,0.0,0.0,0.0,0.98956513,0.93307185,1.0516317,0.1,0.09999999999999998,0.09999999999999998,0.09999999999999998,0.09999999999999998,0.09999999999999998,0.09999999999999998,0.09999999999999998,0.09999999999999998,0.09999999999999998,0.09999999999999998,0.09999999999999998,0.09999999999999998,0.35238084,0.3307453,0.41664606
0.1083984375,0.2,0.2,0.2,0.2,0.2,0.2,0.2,0.2,0.2,0.2,0.2,0.2,0.2,0.5594411,0.45524278,0.5939782,0.0,0.0,0.0,0.0,0.0,0.0,0.0,0.0,0.0,0.0,0.0,0.0,0.0,0.99095595,0.93454075,1.0541751,0.1,0.09999999999999998,0.09999999999999998,0.09999999999999998,0.09999999999999998,0.09999999999999998,0.09999999999999998,0.09999999999999998,0.09999999999999998,0.09999999999999998,0.09999999999999998,0.09999999999999998,0.09999999999999998,0.34950164,0.3294204,0.41394058
0.1103515625,0.2,0.2,0.2,0.2,0.2,0.2,0.2,0.2,0.2,0.2,0.2,0.2,0.2,0.5561188,0.45199475,0.597651,0.0,0.0,0.0,0.0,0.0,0.0,0.0,0.0,0.0,0.0,0.0,0.0,0.0,0.99238443,0.93593943,1.056664,0.1,0.09999999999999998,0.09999999999999998,0.09999999999999998,0.09999999999999998,0.09999999999999998,0.09999999999999998,0.09999999999999998,0.09999999999999998,0.09999999999999998,0.09999999999999998,0.09999999999999998,0.09999999999999998,0.34632105,0.3282209,0.41121292
0.1123046875,0.2,0.2,0.2,0.2,0.2,0.2,0.2,0.2,0.2,0.2,0.2,0.2,0.2,0.5530528,0.44876915,0.6016578,0.0,0.0,0.0,0.0,0.0,0.0,0.0,0.0,0.0,0.0,0.0,0.0,0.0,0.993911,0.93733466,1.0591724,0.1,0.09999999999999998,0.09999999999999998,0.09999999999999998,0.09999999999999998,0.09999999999999998,0.09999999999999998,0.09999999999999998,0.09999999999999998,0.09999999999999998,0.09999999999999998,0.09999999999999998,0.09999999999999998,0.34293312,0.327182,0.4085728
0.1142578125,0.2,0.2,0.2,0.2,0.2,0.2,0.2,0.2,0.2,0.2,0.2,0.2,0.2,0.5502713,0.4456345,0.60588837,0.0,0.0,0.0,0.0,0.0,0.0,0.0,0.0,0.0,0.0,0.0,0.0,0.0,0.9955801,0.93880534,1.0617412,0.1,0.09999999999999998,0.09999999999999998,0.09999999999999998,0.09999999999999998,0.09999999999999998,0.09999999999999998,0.09999999999999998,0.09999999999999998,0.09999999999999998,0.09999999999999998,0.09999999999999998,0.09999999999999998,0.33945364,0.32633856,0.406125
0.1162109375,0.2,0.2,0.2,0.2,0.2,0.2,0.2,0.2,0.2,0.2,0.2,0.2,0.2,0.54779375,0.4426538,0.6102018,0.0,0.0,0.0,0.0,0.0,0.0,0.0,0.0,0.0,0.0,0.0,0.0,0.0,0.9974164,0.94043195,1.064381,0.1,0.09999999999999998,0.09999999999999998,0.09999999999999998,0.09999999999999998,0.09999999999999998,0.09999999999999998,0.09999999999999998,0.09999999999999998,0.09999999999999998,0.09999999999999998,0.09999999999999998,0.09999999999999998,0.3360116,0.32572362,0.40396214
0.1181640625,0.2,0.2,0.2,0.2,0.2,0.2,0.2,0.2,0.2,0.2,0.2,0.2,0.2,0.5456476,0.43988585,0.61443466,0.0,0.0,0.0,0.0,0.0,0.0,0.0,0.0,0.0,0.0,0.0,0.0,0.0,0.99942493,0.94228685,1.0670794,0.1,0.09999999999999998,0.09999999999999998,0.09999999999999998,0.09999999999999998,0.09999999999999998,0.09999999999999998,0.09999999999999998,0.09999999999999998,0.09999999999999998,0.09999999999999998,0.09999999999999998,0.09999999999999998,0.33274028,0.32536644,0.40215963
0.1201171875,0.2,0.2,0.2,0.2,0.2,0.2,0.2,0.2,0.2,0.2,0.2,0.2,0.2,0.5438785,0.43738654,0.6184138,0.0,0.0,0.0,0.0,0.0,0.0,0.0,0.0,0.0,0.0,0.0,0.0,0.0,1.0015903,0.9444257,1.0698111,0.1,0.09999999999999998,0.09999999999999998,0.09999999999999998,0.09999999999999998,0.09999999999999998,0.09999999999999998,0.09999999999999998,0.09999999999999998,0.09999999999999998,0.09999999999999998,0.09999999999999998,0.09999999999999998,0.3297683,0.32528973,0.40077323
0.1220703125,0.2,0.2,0.2,0.2,0.2,0.2,0.2,0.2,0.2,0.2,0.2,0.2,0.2,0.5425477,0.4352097,0.6219701,0.0,0.0,0.0,0.0,0.0,0.0,0.0,0.0,0.0,0.0,0.0,0.0,0.0,1.00388,0.9468827,1.0725462,0.1,0.09999999999999998,0.09999999999999998,0.09999999999999998,0.09999999999999998,0.09999999999999998,0.09999999999999998,0.09999999999999998,0.09999999999999998,0.09999999999999998,0.09999999999999998,0.09999999999999998,0.09999999999999998,0.32721156,0.32550645,0.39983842
0.1240234375,0.2,0.2,0.2,0.2,0.2,0.2,0.2,0.2,0.2,0.2,0.2,0.2,0.2,0.5417197,0.4334069,0.62495345,0.0,0.0,0.0,0.0,0.0,0.0,0.0,0.0,0.0,0.0,0.0,0.0,0.0,1.0062473,0.94966877,1.075257,0.1,0.09999999999999998,0.09999999999999998,0.09999999999999998,0.09999999999999998,0.09999999999999998,0.09999999999999998,0.09999999999999998,0.09999999999999998,0.09999999999999998,0.09999999999999998,0.09999999999999998,0.09999999999999998,0.32601705,0.32516634,0.39937085
0.1259765625,0.2,0.2,0.2,0.2,0.2,0.2,0.2,0.2,0.2,0.2,0.2,0.2,0.2,0.54144275,0.4320271,0.6272457,0.0,0.0,0.0,0.0,0.0,0.0,0.0,0.0,0.0,0.0,0.0,0.0,0.0,1.0086343,0.9527714,1.0779159,0.1,0.09999999999999998,0.09999999999999998,0.09999999999999998,0.09999999999999998,0.09999999999999998,0.09999999999999998,0.09999999999999998,0.09999999999999998,0.09999999999999998,0.09999999999999998,0.09999999999999998,0.09999999999999998,0.32680732,0.3237035,0.39936814
0.1279296875,0.2,0.2,0.2,0.2,0.2,0.2,0.2,0.2,0.2,0.2,0.2,0.2,0.2,0.54173136,0.4311153,0.6287704,0.0,0.0,0.0,0.0,0.0,0.0,0.0,0.0,0.0,0.0,0.0,0.0,0.0,1.0109754,0.9561578,1.0804957,0.1,0.09999999999999998,0.09999999999999998,0.09999999999999998,0.09999999999999998,0.09999999999999998,0.09999999999999998,0.09999999999999998,0.09999999999999998,0.09999999999999998,0.09999999999999998,0.09999999999999998,0.09999999999999998,0.32784784,0.32286438,0.39981142
0.1298828125,0.2,0.2,0.2,0.2,0.2,0.2,0.2,0.2,0.2,0.2,0.2,0.2,0.2,0.5425538,0.4307134,0.62949854,0.0,0.0,0.0,0.0,0.0,0.0,0.0,0.0,0.0,0.0,0.0,0.0,0.0,1.0132005,0.959777,1.0829612,0.1,0.09999999999999998,0.09999999999999998,0.09999999999999998,0.09999999999999998,0.09999999999999998,0.09999999999999998,0.09999999999999998,0.09999999999999998,0.09999999999999998,0.09999999999999998,0.09999999999999998,0.09999999999999998,0.32909527,0.32265767,0.400668
0.1318359375,0.2,0.2,0.2,0.2,0.2,0.2,0.2,0.2,0.2,0.2,0.2,0.2,0.2,0.5438294,0.4308608,0.62944853,0.0,0.0,0.0,0.0,0.0,0.0,0.0,0.0,0.0,0.0,0.0,0.0,0.0,1.0152371,0.9635607,1.0852643,0.1,0.09999999999999998,0.09999999999999998,0.09999999999999998,0.09999999999999998,0.09999999999999998,0.09999999999999998,0.09999999999999998,0.09999999999999998,0.09999999999999998,0.09999999999999998,0.09999999999999998,0.09999999999999998,0.33049548,0.32305887,0.40189344
0.1337890625,0.2,0.2,0.2,0.2,0.2,0.2,0.2,0.2,0.2,0.2,0.2,0.2,0.2,0.54543495,0.4315975,0.62868214,0.0,0.0,0.0,0.0,0.0,0.0,0.0,0.0,0.0,0.0,0.0,0.0,0.0,1.0170127,0.96742284,1.0873435,0.1,0.09999999999999998,0.09999999999999998,0.09999999999999998,0.09999999999999998,0.09999999999999998,0.09999999999999998,0.09999999999999998,0.09999999999999998,0.09999999999999998,0.09999999999999998,0.09999999999999998,0.09999999999999998,0.33198786,0.3240109,0.40343451
0.1357421875,0.2,0.2,0.2,0.2,0.2,0.2,0.2,0.2,0.2,0.2,0.2,0.2,0.2,0.5472185,0.4329681,0.6272959,0.0,0.0,0.0,0.0,0.0,0.0,0.0,0.0,0.0,0.0,0.0,0.0,0.0,1.0184567,0.971256,1.0891242,0.1,0.09999999999999998,0.09999999999999998,0.09999999999999998,0.09999999999999998,0.09999999999999998,0.09999999999999998,0.09999999999999998,0.09999999999999998,0.09999999999999998,0.09999999999999998,0.09999999999999998,0.09999999999999998,0.33351004,0.32542866,0.40523183
0.1376953125,0.2,0.2,0.2,0.2,0.2,0.2,0.2,0.2,0.2,0.2,0.2,0.2,0.2,0.5490218,0.43502477,0.6254106,0.0,0.0,0.0,0.0,0.0,0.0,0.0,0.0,0.0,0.0,0.0,0.0,0.0,1.0195057,0.974928,1.0905284,0.1,0.09999999999999998,0.09999999999999998,0.09999999999999998,0.09999999999999998,0.09999999999999998,0.09999999999999998,0.09999999999999998,0.09999999999999998,0.09999999999999998,0.09999999999999998,0.09999999999999998,0.09999999999999998,0.3350021,0.32720542,0.4072233
0.1396484375,0.2,0.2,0.2,0.2,0.2,0.2,0.2,0.2,0.2,0.2,0.2,0.2,0.2,0.55070525,0.43782908,0.62315905,0.0,0.0,0.0,0.0,0.0,0.0,0.0,0.0,0.0,0.0,0.0,0.0,0.0,1.0201087,0.97828245,1.0914847,0.1,0.09999999999999998,0.09999999999999998,0.09999999999999998,0.09999999999999998,0.09999999999999998,0.09999999999999998,0.09999999999999998,0.09999999999999998,0.09999999999999998,0.09999999999999998,0.09999999999999998,0.09999999999999998,0.3364101,0.32922155,0.40934736
0.1416015625,0.2,0.2,0.2,0.2,0.2,0.2,0.2,0.2,0.2,0.2,0.2,0.2,0.2,0.55217385,0.44145015,0.6206756,0.0,0.0,0.0,0.0,0.0,0.0,0.0,0.0,0.0,0.0,0.0,0.0,0.0,1.0202347,0.9811441,1.0919392,0.1,0.09999999999999998,0.09999999999999998,0.09999999999999998,0.09999999999999998,0.09999999999999998,0.09999999999999998,0.09999999999999998,0.09999999999999998,0.09999999999999998,0.09999999999999998,0.09999999999999998,0.09999999999999998,0.3376889,0.33135453,0.41154635
0.1435546875,0.2,0.2,0.2,0.2,0.2,0.2,0.2,0.2,0.2,0.2,0.2,0.2,0.2,0.55339366,0.44595772,0.6180871,0.0,0.0,0.0,0.0,0.0,0.0,0.0,0.0,0.0,0.0,0.0,0.0,0.0,1.0198812,0.98333,1.0918672,0.1,0.09999999999999998,0.09999999999999998,0.09999999999999998,0.09999999999999998,0.09999999999999998,0.09999999999999998,0.09999999999999998,0.09999999999999998,0.09999999999999998,0.09999999999999998,0.09999999999999998,0.09999999999999998,0.33880326,0.3334884,0.41376916
0.1455078125,0.2,0.2,0.2,0.2,0.2,0.2,0.2,0.2,0.2,0.2,0.2,0.2,0.2,0.55439574,0.45141062,0.61550605,0.0,0.0,0.0,0.0,0.0,0.0,0.0,0.0,0.0,0.0,0.0,0.0,0.0,1.0190816,0.98467076,1.0912788,0.1,0.09999999999999998,0.09999999999999998,0.09999999999999998,0.09999999999999998,0.09999999999999998,0.09999999999999998,0.09999999999999998,0.09999999999999998,0.09999999999999998,0.09999999999999998,0.09999999999999998,0.09999999999999998,0.33972776,0.3355209,0.41597328
0.1474609375,0.2,0.2,0.2,0.2,0.2,0.2,0.2,0.2,0.2,0.2,0.2,0.2,0.2,0.5552658,0.4578422,0.61302567,0.0,0.0,0.0,0.0,0.0,0.0,0.0,0.0,0.0,0.0,0.0,0.0,0.0,1.0179068,0.985031,1.0902205,0.1,0.09999999999999998,0.09999999999999998,0.09999999999999998,0.09999999999999998,0.09999999999999998,0.09999999999999998,0.09999999999999998,0.09999999999999998,0.09999999999999998,0.09999999999999998,0.09999999999999998,0.09999999999999998,0.3404469,0.33736786,0.41812557
0.1494140625,0.2,0.2,0.2,0.2,0.2,0.2,0.2,0.2,0.2,0.2,0.2,0.2,0.2,0.55611944,0.46524253,0.6107184,0.0,0.0,0.0,0.0,0.0,0.0,0.0,0.0,0.0,0.0,0.0,0.0,0.0,1.0164661,0.98433316,1.0887741,0.1,0.09999999999999998,0.09999999999999998,0.09999999999999998,0.09999999999999998,0.09999999999999998,0.09999999999999998,0.09999999999999998,0.09999999999999998,0.09999999999999998,0.09999999999999998,0.09999999999999998,0.09999999999999998,0.3409539,0.33896446,0.42020115
0.1513671875,0.2,0.2,0.2,0.2,0.2,0.2,0.2,0.2,0.2,0.2,0.2,0.2,0.2,0.5570713,0.47354335,0.6086324,0.0,0.0,0.0,0.0,0.0,0.0,0.0,0.0,0.0,0.0,0.0,0.0,0.0,1.0149003,0.9825716,1.0870492,0.1,0.09999999999999998,0.09999999999999998,0.09999999999999998,0.09999999999999998,0.09999999999999998,0.09999999999999998,0.09999999999999998,0.09999999999999998,0.09999999999999998,0.09999999999999998,0.09999999999999998,0.09999999999999998,0.34125054,0.3402628,0.42218196
0.1533203125,0.2,0.2,0.2,0.2,0.2,0.2,0.2,0.2,0.2,0.2,0.2,0.2,0.2,0.55820566,0.4826045,0.60678965,0.0,0.0,0.0,0.0,0.0,0.0,0.0,0.0,0.0,0.0,0.0,0.0,0.0,1.0133722,0.9798225,1.0851738,0.1,0.09999999999999998,0.09999999999999998,0.09999999999999998,0.09999999999999998,0.09999999999999998,0.09999999999999998,0.09999999999999998,0.09999999999999998,0.09999999999999998,0.09999999999999998,0.09999999999999998,0.09999999999999998,0.34134737,0.34122878,0.42405415
0.1552734375,0.2,0.2,0.2,0.2,0.2,0.2,0.2,0.2,0.2,0.2,0.2,0.2,0.2,0.5595531,0.49220985,0.6051828,0.0,0.0,0.0,0.0,0.0,0.0,0.0,0.0,0.0,0.0,0.0,0.0,0.0,1.0120535,0.97623754,1.0832843,0.1,0.09999999999999998,0.09999999999999998,0.09999999999999998,0.09999999999999998,0.09999999999999998,0.09999999999999998,0.09999999999999998,0.09999999999999998,0.09999999999999998,0.09999999999999998,0.09999999999999998,0.09999999999999998,0.34183884,0.341264,0.42580646
0.1572265625,0.2,0.2,0.2,0.2,0.2,0.2,0.2,0.2,0.2,0.2,0.2,0.2,0.2,0.56107754,0.50206906,0.60377157,0.0,0.0,0.0,0.0,0.0,0.0,0.0,0.0,0.0,0.0,0.0,0.0,0.0,1.0111138,0.97203135,1.0815126,0.1,0.09999999999999998,0.09999999999999998,0.09999999999999998,0.09999999999999998,0.09999999999999998,0.09999999999999998,0.09999999999999998,0.09999999999999998,0.09999999999999998,0.09999999999999998,0.09999999999999998,0.09999999999999998,0.3420784,0.34102917,0.42742947
0.1591796875,0.2,0.2,0.2,0.2,0.2,0.2,0.2,0.2,0.2,0.2,0.2,0.2,0.2,0.5626749,0.51183087,0.60248035,0.0,0.0,0.0,0.0,0.0,0.0,0.0,0.0,0.0,0.0,0.0,0.0,0.0,1.010706,0.9674598,1.0799786,0.1,0.09999999999999998,0.09999999999999998,0.09999999999999998,0.09999999999999998,0.09999999999999998,0.09999999999999998,0.09999999999999998,0.09999999999999998,0.09999999999999998,0.09999999999999998,0.09999999999999998,0.09999999999999998,0.3419422,0.3406808,0.42891547
0.1611328125,0.2,0.2,0.2,0.2,0.2,0.2,0.2,0.2,0.2,0.2,0.2,0.2,0.2,0.56417966,0.5211028,0.6011979,0.0,0.0,0.0,0.0,0.0,0.0,0.0,0.0,0.0,0.0,0.0,0.0,0.0,1.0109581,0.9627948,1.0787785,0.1,0.09999999999999998,0.09999999999999998,0.09999999999999998,0.09999999999999998,0.09999999999999998,0.09999999999999998,0.09999999999999998,0.09999999999999998,0.09999999999999998,0.09999999999999998,0.09999999999999998,0.09999999999999998,0.34143782,0.3402644,0.4302595
0.1630859375,0.2,0.2,0.2,0.2,0.2,0.2,0.2,0.2,0.2,0.2,0.2,0.2,0.2,0.5653824,0.52947557,0.59978163,0.0,0.0,0.0,0.0,0.0,0.0,0.0,0.0,0.0,0.0,0.0,0.0,0.0,1.0119649,0.9583013,1.0779811,0.1,0.09999999999999998,0.09999999999999998,0.09999999999999998,0.09999999999999998,0.09999999999999998,0.09999999999999998,0.09999999999999998,0.09999999999999998,0.09999999999999998,0.09999999999999998,0.09999999999999998,0.09999999999999998,0.3405902,0.33983016,0.43146053
0.1650390625,0.2,0.2,0.2,0.2,0.2,0.2,0.2,0.2,0.2,0.2,0.2,0.2,0.2,0.5660519,0.53654814,0.59806615,0.0,0.0,0.0,0.0,0.0,0.0,0.0,0.0,0.0,0.0,0.0,0.0,0.0,1.0137824,0.9542185,1.0776247,0.1,0.09999999999999998,0.09999999999999998,0.09999999999999998,0.09999999999999998,0.09999999999999998,0.09999999999999998,0.09999999999999998,0.09999999999999998,0.09999999999999998,0.09999999999999998,0.09999999999999998,0.09999999999999998,0.33944556,0.3394288,0.4325218
0.1669921875,0.2,0.2,0.2,0.2,0.2,0.2,0.2,0.2,0.2,0.2,0.2,0.2,0.2,0.5659592,0.54194975,0.5958759,0.0,0.0,0.0,0.0,0.0,0.0,0.0,0.0,0.0,0.0,0.0,0.0,0.0,1.0164273,0.9507463,1.0777149,0.1,0.09999999999999998,0.09999999999999998,0.09999999999999998,0.09999999999999998,0.09999999999999998,0.09999999999999998,0.09999999999999998,0.09999999999999998,0.09999999999999998,0.09999999999999998,0.09999999999999998,0.09999999999999998,0.33910665,0.3380732,0.43345073
0.1689453125,0.2,0.2,0.2,0.2,0.2,0.2,0.2,0.2,0.2,0.2,0.2,0.2,0.2,0.5649001,0.54535806,0.5930412,0.0,0.0,0.0,0.0,0.0,0.0,0.0,0.0,0.0,0.0,0.0,0.0,0.0,1.019875,0.9480386,1.0782282,0.1,0.09999999999999998,0.09999999999999998,0.09999999999999998,0.09999999999999998,0.09999999999999998,0.09999999999999998,0.09999999999999998,0.09999999999999998,0.09999999999999998,0.09999999999999998,0.09999999999999998,0.09999999999999998,0.33890072,0.33656374,0.4342577
0.1708984375,0.2,0.2,0.2,0.2,0.2,0.2,0.2,0.2,0.2,0.2,0.2,0.2,0.2,0.56271094,0.54651356,0.589413,0.0,0.0,0.0,0.0,0.0,0.0,0.0,0.0,0.0,0.0,0.0,0.0,0.0,1.0240612,0.94620216,1.0791138,0.1,0.09999999999999998,0.09999999999999998,0.09999999999999998,0.09999999999999998,0.09999999999999998,0.09999999999999998,0.09999999999999998,0.09999999999999998,0.09999999999999998,0.09999999999999998,0.09999999999999998,0.09999999999999998,0.3388341,0.33502305,0.43495375
0.1728515625,0.2,0.2,0.2,0.2,0.2,0.2,0.2,0.2,0.2,0.2,0.2,0.2,0.2,0.55927646,0.54523337,0.58487767,0.0,0.0,0.0,0.0,0.0,0.0,0.0,0.0,0.0,0.0,0.0,0.0,0.0,1.028885,0.94529736,1.0802977,0.1,0.09999999999999998,0.09999999999999998,0.09999999999999998,0.09999999999999998,0.09999999999999998,0.09999999999999998,0.09999999999999998,0.09999999999999998,0.09999999999999998,0.09999999999999998,0.09999999999999998,0.09999999999999998,0.33891353,0.33356243,0.4355485
0.1748046875,0.2,0.2,0.2,0.2,0.2,0.2,0.2,0.2,0.2,0.2,0.2,0.2,0.2,0.5545291,0.5414225,0.5793653,0.0,0.0,0.0,0.0,0.0,0.0,0.0,0.0,0.0,0.0,0.0,0.0,0.0,1.0342122,0.9453416,1.0816879,0.1,0.09999999999999998,0.09999999999999998,0.09999999999999998,0.09999999999999998,0.09999999999999998,0.09999999999999998,0.09999999999999998,0.09999999999999998,0.09999999999999998,0.09999999999999998,0.09999999999999998,0.09999999999999998,0.3391284,0.33228704,0.43604684
0.1767578125,0.2,0.2,0.2,0.2,0.2,0.2,0.2,0.2,0.2,0.2,0.2,0.2,0.2,0.54844713,0.5350865,0.5728557,0.0,0.0,0.0,0.0,0.0,0.0,0.0,0.0,0.0,0.0,0.0,0.0,0.0,1.0398821,0.9463079,1.0831784,0.1,0.09999999999999998,0.09999999999999998,0.09999999999999998,0.09999999999999998,0.09999999999999998,0.09999999999999998,0.09999999999999998,0.09999999999999998,0.09999999999999998,0.09999999999999998,0.09999999999999998,0.09999999999999998,0.33945236,0.3312843,0.43644732
0.1787109375,0.2,0.2,0.2,0.2,0.2,0.2,0.2,0.2,0.2,0.2,0.2,0.2,0.2,0.5410525,0.52634025,0.5653787,0.0,0.0,0.0,0.0,0.0,0.0,0.0,0.0,0.0,0.0,0.0,0.0,0.0,1.045713,0.94812596,1.0846562,0.1,0.09999999999999998,0.09999999999999998,0.09999999999999998,0.09999999999999998,0.09999999999999998,0.09999999999999998,0.09999999999999998,0.09999999999999998,0.09999999999999998,0.09999999999999998,0.09999999999999998,0.09999999999999998,0.33984736,0.33061492,0.43674096
0.1806640625,0.2,0.2,0.2,0.2,0.2,0.2,0.2,0.2,0.2,0.2,0.2,0.2,0.2,0.5324143,0.51541483,0.55701166,0.0,0.0,0.0,0.0,0.0,0.0,0.0,0.0,0.0,0.0,0.0,0.0,0.0,1.0515106,0.9506787,1.0860065,0.1,0.09999999999999998,0.09999999999999998,0.09999999999999998,0.09999999999999998,0.09999999999999998,0.09999999999999998,0.09999999999999998,0.09999999999999998,0.09999999999999998,0.09999999999999998,0.09999999999999998,0.09999999999999998,0.34026775,0.3303069,0.43691102
0.1826171875,0.2,0.2,0.2,0.2,0.2,0.2,0.2,0.2,0.2,0.2,0.2,0.2,0.2,0.5226578,0.502658,0.5478753,0.0,0.0,0.0,0.0,0.0,0.0,0.0,0.0,0.0,0.0,0.0,0.0,0.0,1.0570762,0.95380235,1.0871196,0.1,0.09999999999999998,0.09999999999999998,0.09999999999999998,0.09999999999999998,0.09999999999999998,0.09999999999999998,0.09999999999999998,0.09999999999999998,0.09999999999999998,0.09999999999999998,0.09999999999999998,0.09999999999999998,0.34066603,0.3303557,0.4369345
0.1845703125,0.2,0.2,0.2,0.2,0.2,0.2,0.2,0.2,0.2,0.2,0.2,0.2,0.2,0.51197577,0.48852858,0.53812927,0.0,0.0,0.0,0.0,0.0,0.0,0.0,0.0,0.0,0.0,0.0,0.0,0.0,1.0622156,0.95728683,1.0878983,0.1,0.09999999999999998,0.09999999999999998,0.09999999999999998,0.09999999999999998,0.09999999999999998,0.09999999999999998,0.09999999999999998,0.09999999999999998,0.09999999999999998,0.09999999999999998,0.09999999999999998,0.09999999999999998,0.3409977,0.33072913,0.43678427
0.1865234375,0.2,0.2,0.2,0.2,0.2,0.2,0.2,0.2,0.2,0.2,0.2,0.2,0.2,0.5006372,0.47358033,0.5279673,0.0,0.0,0.0,0.0,0.0,0.0,0.0,0.0,0.0,0.0,0.0,0.0,0.0,1.0667472,0.9608849,1.088264,0.1,0.09999999999999998,0.09999999999999998,0.09999999999999998,0.09999999999999998,0.09999999999999998,0.09999999999999998,0.09999999999999998,0.09999999999999998,0.09999999999999998,0.09999999999999998,0.09999999999999998,0.09999999999999998,0.3412255,0.33137667,0.43643215
0.1884765625,0.2,0.2,0.2,0.2,0.2,0.2,0.2,0.2,0.2,0.2,0.2,0.2,0.2,0.48898774,0.45843548,0.51761174,0.0,0.0,0.0,0.0,0.0,0.0,0.0,0.0,0.0,0.0,0.0,0.0,0.0,1.0705129,0.96432567,1.0881625,0.1,0.09999999999999998,0.09999999999999998,0.09999999999999998,0.09999999999999998,0.09999999999999998,0.09999999999999998,0.09999999999999998,0.09999999999999998,0.09999999999999998,0.09999999999999998,0.09999999999999998,0.09999999999999998,0.34132183,0.33224118,0.43585232
0.1904296875,0.2,0.2,0.2,0.2,0.2,0.2,0.2,0.2,0.2,0.2,0.2,0.2,0.2,0.47743645,0.44374493,0.5073097,0.0,0.0,0.0,0.0,0.0,0.0,0.0,0.0,0.0,0.0,0.0,0.0,0.0,1.0733871,0.9673352,1.0875673,0.1,0.09999999999999998,0.09999999999999998,0.09999999999999998,0.09999999999999998,0.09999999999999998,0.09999999999999998,0.09999999999999998,0.09999999999999998,0.09999999999999998,0.09999999999999998,0.09999999999999998,0.09999999999999998,0.34127033,0.33326992,0.4350246
0.1923828125,0.2,0.2,0.2,0.2,0.2,0.2,0.2,0.2,0.2,0.2,0.2,0.2,0.2,0.4664279,0.43014294,0.49732313,0.0,0.0,0.0,0.0,0.0,0.0,0.0,0.0,0.0,0.0,0.0,0.0,0.0,1.0752877,0.96966136,1.0864792,0.1,0.09999999999999998,0.09999999999999998,0.09999999999999998,0.09999999999999998,0.09999999999999998,0.09999999999999998,0.09999999999999998,0.09999999999999998,0.09999999999999998,0.09999999999999998,0.09999999999999998,0.09999999999999998,0.3410653,0.33442223,0.43393758
0.1943359375,0.2,0.2,0.2,0.2,0.2,0.2,0.2,0.2,0.2,0.2,0.2,0.2,0.2,0.45640355,0.41820008,0.48792115,0.0,0.0,0.0,0.0,0.0,0.0,0.0,0.0,0.0,0.0,0.0,0.0,0.0,1.076182,0.9710957,1.0849236,0.1,0.09999999999999998,0.09999999999999998,0.09999999999999998,0.09999999999999998,0.09999999999999998,0.09999999999999998,0.09999999999999998,0.09999999999999998,0.09999999999999998,0.09999999999999998,0.09999999999999998,0.09999999999999998,0.34071085,0.33567235,0.43259314
0.1962890625,0.2,0.2,0.2,0.2,0.2,0.2,0.2,0.2,0.2,0.2,0.2,0.2,0.2,0.44775984,0.40838492,0.4793656,0.0,0.0,0.0,0.0,0.0,0.0,0.0,0.0,0.0,0.0,0.0,0.0,0.0,1.0760963,0.9714935,1.0829467,0.1,0.09999999999999998,0.09999999999999998,0.09999999999999998,0.09999999999999998,0.09999999999999998,0.09999999999999998,0.09999999999999998,0.09999999999999998,0.09999999999999998,0.09999999999999998,0.09999999999999998,0.09999999999999998,0.34021902,0.33700627,0.43100896
0.1982421875,0.2,0.2,0.2,0.2,0.2,0.2,0.2,0.2,0.2,0.2,0.2,0.2,0.2,0.44080946,0.40104097,0.47189587,0.0,0.0,0.0,0.0,0.0,0.0,0.0,0.0,0.0,0.0,0.0,0.0,0.0,1.0751148,0.9707862,1.0806098,0.1,0.09999999999999998,0.09999999999999998,0.09999999999999998,0.09999999999999998,0.09999999999999998,0.09999999999999998,0.09999999999999998,0.09999999999999998,0.09999999999999998,0.09999999999999998,0.09999999999999998,0.09999999999999998,0.33960783,0.33841527,0.4292228
0.2001953125,0.2,0.2,0.2,0.2,0.2,0.2,0.2,0.2,0.2,0.2,0.2,0.2,0.2,0.43575352,0.3963789,0.46571302,0.0,0.0,0.0,0.0,0.0,0.0,0.0,0.0,0.0,0.0,0.0,0.0,0.0,1.0733752,0.9689853,1.0779872,0.1,0.09999999999999998,0.09999999999999998,0.09999999999999998,0.09999999999999998,0.09999999999999998,0.09999999999999998,0.09999999999999998,0.09999999999999998,0.09999999999999998,0.09999999999999998,0.09999999999999998,0.09999999999999998,0.33988687,0.33889973,0.42729327
0.2021484375,0.2,0.2,0.2,0.2,0.2,0.2,0.2,0.2,0.2,0.2,0.2,0.2,0.2,0.43266585,0.39448273,0.46096423,0.0,0.0,0.0,0.0,0.0,0.0,0.0,0.0,0.0,0.0,0.0,0.0,0.0,1.0710596,0.96617866,1.0751628,0.1,0.09999999999999998,0.09999999999999998,0.09999999999999998,0.09999999999999998,0.09999999999999998,0.09999999999999998,0.09999999999999998,0.09999999999999998,0.09999999999999998,0.09999999999999998,0.09999999999999998,0.09999999999999998,0.34139645,0.33812103,0.4252992
0.2041015625,0.2,0.2,0.2,0.2,0.2,0.2,0.2,0.2,0.2,0.2,0.2,0.2,0.2,0.43149114,0.39532384,0.45773017,0.0,0.0,0.0,0.0,0.0,0.0,0.0,0.0,0.0,0.0,0.0,0.0,0.0,1.0683757,0.9625224,1.0722303,0.1,0.09999999999999998,0.09999999999999998,0.09999999999999998,0.09999999999999998,0.09999999999999998,0.09999999999999998,0.09999999999999998,0.09999999999999998,0.09999999999999998,0.09999999999999998,0.09999999999999998,0.09999999999999998,0.34290177,0.33730006,0.42333433
0.2060546875,0.2,0.2,0.2,0.2,0.2,0.2,0.2,0.2,0.2,0.2,0.2,0.2,0.2,0.4320547,0.39877626,0.45601726,0.0,0.0,0.0,0.0,0.0,0.0,0.0,0.0,0.0,0.0,0.0,0.0,0.0,1.0655404,0.95822716,1.0692923,0.1,0.09999999999999998,0.09999999999999998,0.09999999999999998,0.09999999999999998,0.09999999999999998,0.09999999999999998,0.09999999999999998,0.09999999999999998,0.09999999999999998,0.09999999999999998,0.09999999999999998,0.09999999999999998,0.3443401,0.3364669,0.42149875
0.2080078125,0.2,0.2,0.2,0.2,0.2,0.2,0.2,0.2,0.2,0.2,0.2,0.2,0.2,0.43408313,0.4046327,0.4557557,0.0,0.0,0.0,0.0,0.0,0.0,0.0,0.0,0.0,0.0,0.0,0.0,0.0,1.0627592,0.95354414,1.0664567,0.1,0.09999999999999998,0.09999999999999998,0.09999999999999998,0.09999999999999998,0.09999999999999998,0.09999999999999998,0.09999999999999998,0.09999999999999998,0.09999999999999998,0.09999999999999998,0.09999999999999998,0.09999999999999998,0.34563163,0.3356513,0.41988704
0.2099609375,0.2,0.2,0.2,0.2,0.2,0.2,0.2,0.2,0.2,0.2,0.2,0.2,0.2,0.43723384,0.41261423,0.45680436,0.0,0.0,0.0,0.0,0.0,0.0,0.0,0.0,0.0,0.0,0.0,0.0,0.0,1.0602093,0.9487462,1.0638301,0.1,0.09999999999999998,0.09999999999999998,0.09999999999999998,0.09999999999999998,0.09999999999999998,0.09999999999999998,0.09999999999999998,0.09999999999999998,0.09999999999999998,0.09999999999999998,0.09999999999999998,0.09999999999999998,0.34668612,0.33488208,0.41857567
0.2119140625,0.2,0.2,0.2,0.2,0.2,0.2,0.2,0.2,0.2,0.2,0.2,0.2,0.2,0.44112873,0.42237806,0.45896247,0.0,0.0,0.0,0.0,0.0,0.0,0.0,0.0,0.0,0.0,0.0,0.0,0.0,1.0580276,0.94411373,1.0615091,0.1,0.09999999999999998,0.09999999999999998,0.09999999999999998,0.09999999999999998,0.09999999999999998,0.09999999999999998,0.09999999999999998,0.09999999999999998,0.09999999999999998,0.09999999999999998,0.09999999999999998,0.09999999999999998,0.3474137,0.33418396,0.41761178
0.2138671875,0.2,0.2,0.2,0.2,0.2,0.2,0.2,0.2,0.2,0.2,0.2,0.2,0.2,0.44538945,0.4335217,0.461986,0.0,0.0,0.0,0.0,0.0,0.0,0.0,0.0,0.0,0.0,0.0,0.0,0.0,1.0563024,0.93991613,1.0595688,0.1,0.09999999999999998,0.09999999999999998,0.09999999999999998,0.09999999999999998,0.09999999999999998,0.09999999999999998,0.09999999999999998,0.09999999999999998,0.09999999999999998,0.09999999999999998,0.09999999999999998,0.09999999999999998,0.34773695,0.33357632,0.41700837
0.2158203125,0.2,0.2,0.2,0.2,0.2,0.2,0.2,0.2,0.2,0.2,0.2,0.2,0.2,0.4496666,0.44558573,0.4656089,0.0,0.0,0.0,0.0,0.0,0.0,0.0,0.0,0.0,0.0,0.0,0.0,0.0,1.0550694,0.9363979,1.0580499,0.1,0.09999999999999998,0.09999999999999998,0.09999999999999998,0.09999999999999998,0.09999999999999998,0.09999999999999998,0.09999999999999998,0.09999999999999998,0.09999999999999998,0.09999999999999998,0.09999999999999998,0.09999999999999998,0.34760317,0.3330712,0.41674396
0.2177734375,0.2,0.2,0.2,0.2,0.2,0.2,0.2,0.2,0.2,0.2,0.2,0.2,0.2,0.4580597,0.45366183,0.4695628,0.0,0.0,0.0,0.0,0.0,0.0,0.0,0.0,0.0,0.0,0.0,0.0,0.0,1.0543127,0.9337622,1.0569544,0.1,0.09999999999999998,0.09999999999999998,0.09999999999999998,0.09999999999999998,0.09999999999999998,0.09999999999999998,0.09999999999999998,0.09999999999999998,0.09999999999999998,0.09999999999999998,0.09999999999999998,0.09999999999999998,0.34699184,0.33267218,0.41676915
0.2197265625,0.2,0.20452630659977203,0.20113157664994302,0.2,0.20125692156653457,0.20119658749529995,0.20128686679755034,0.201132219724787,0.20113189861929862,0.20113282011864445,0.20116690859024147,0.20114750467734735,0.20119445431366023,0.4703917,0.45713755,0.47359604,0.0,-0.020555202231596553,-0.005225534030835911,0.0,-0.0027541222146904207,-0.003943338019652415,-0.0021641509229672683,-0.005212846734230735,-0.0052191818507249365,-0.005201001568885872,-0.004528586370607089,-0.004911312049028287,-0.003985397189598951,1.0539677,0.9321606,1.0562421,0.1,0.10329764006287272,0.10082763237298131,0.09999999999999998,0.10040206372954327,0.10030032154874043,0.10060697016183358,0.1008254502725197,0.10082341298674666,0.10082653985871948,0.10070772380765466,0.1006142127845256,0.10077358111054517,0.34591883,0.33237398,0.41701683
0.2216796875,0.2,0.20452630659977203,0.20339472994982902,0.2,0.20256196635173032,0.20236301693276165,0.20296281243002026,0.20339045750436024,0.2033864686218224,0.2033925908574243,0.2031599924388806,0.20297698481184465,0.20328890769733943,0.47748604,0.4599184,0.48200557,0.0,-0.020555202231596553,-0.015502170071749819,0.0,-0.008720418036447604,-0.011991723026930247,-0.007091979395782531,-0.015467518412683557,-0.015484821149734316,-0.015435165276016776,-0.013596172316242645,-0.014643470202370078,-0.01210714735337024,1.0539297,0.93168116,1.0558374,0.1,0.10329764006287272,0.10247641654956308,0.09999999999999998,0.1013550616051481,0.10108661266103328,0.10189528566082189,0.10247067301335108,0.10246531058843152,0.10247354093591136,0.10216070916595225,0.10191437004483213,0.10233412875179124,0.34443334,0.33216268,0.41741312
0.2236328125,0.2,0.20452630659977203,0.20565788324971504,0.2,0.20386701113692604,0.203439167067973,0.2047290373647406,0.2056486952839335,0.20564011712500044,0.20565328309555003,0.20515307628751975,0.20475951531002912,0.2054303107173315,0.48104635,0.46188566,0.49232674,0.0,-0.020555202231596553,-0.025552628517132588,0.0,-0.01461032795147376,-0.019901239034802218,-0.011967673529338073,-0.025496976048621504,-0.025524765524419183,-0.02544501275494952,-0.02248757314760709,-0.024172732563091638,-0.020087489999706873,1.0540644,0.93234324,1.0556408,0.1,0.10329764006287272,0.10411679768412371,0.09999999999999998,0.10230521219319219,0.10187095893648572,0.1031784330097368,0.1041075283687811,0.10409887402948034,0.10411215683238555,0.10360714273304031,0.10320926497666975,0.10388713516426762,0.34261066,0.3320166,0.41788676
0.2255859375,0.2,0.20452630659977203,0.20792103654960103,0.2,0.21041932734389715,0.2092167891090273,0.2110161756008031,0.20793385388600735,0.20792745382681513,0.20794582053362082,0.20862524908244628,0.20823850330706983,0.2091742719635541,0.48412946,0.46296933,0.5008158,0.0,-0.020555202231596553,-0.035384294977120374,0.0,-0.054733771113719,-0.05928860808927068,-0.04547769288304217,-0.035484752954975114,-0.035578532341377214,-0.03543459298872176,-0.040885384765157406,-0.045148485486902666,-0.037868852604630486,1.0542208,0.93409467,1.0555431,0.1,0.10329764006287272,0.10574905016985499,0.09999999999999998,0.10905919137987181,0.10746978273697656,0.10984539774258514,0.10576611307492152,0.10575759318793514,0.10578204275451679,0.10668528391837868,0.10617142678304203,0.10741345532399749,0.34054205,0.33190778,0.41837505
0.2275390625,0.2,0.28515920024460195,0.24628221930602268,0.2,0.24351402626288116,0.24268662084106338,0.24391546896007238,0.2460890014958684,0.24536843039489364,0.2461323644973143,0.24560399624324677,0.24482634567446734,0.24561508509589017,0.4866248,0.4631403,0.50700814,0.0,-0.3516586605754506,-0.18515846462182806,0.0,-0.1697849351868965,-0.1720360336286094,-0.16512174855718142,-0.1840966318041651,-0.184335079240653,-0.18012196980880354,-0.18142391428960827,-0.18148513951567577,-0.17711641548662924,1.0542449,0.9368166,1.0554448,0.1,0.17328296549413544,0.13448337804718727,0.09999999999999998,0.131334047413606,0.13038818591343354,0.13179220364050648,0.1342643050620952,0.13344632935752945,0.13431348028864568,0.13371390920586518,0.13282994001511378,0.13372650096205754,0.3383235,0.3318038,0.41882613
0.2294921875,0.2,0.28515920024460195,0.2722002065984089,0.2,0.2670895212477006,0.26556195120382037,0.26783067162258767,0.27184348457199603,0.2705131538788316,0.2719235420870604,0.27094805957779944,0.2695123477947366,0.27096853200724264,0.48845664,0.46240583,0.5105549,0.0,-0.3516586605754506,-0.30144312463252093,0.0,-0.2789406409366155,-0.2822571851006474,-0.2720465811591163,-0.2998999354877682,-0.30024661883478404,-0.2941089975959845,-0.2960084012886036,-0.2960976621537044,-0.2897148008922552,1.0539955,0.94033194,1.055271,0.1,0.17328296549413544,0.16066766122255108,0.09999999999999998,0.15536307667774937,0.15376678685044887,0.156135754735218,0.16029916368658764,0.15892262052817455,0.1603818864853828,0.159373034345099,0.1578846364342402,0.15939422717230473,0.33604613,0.33166957,0.4191985
0.2314453125,0.2,0.28515920024460195,0.298118193890795,0.20285618155974722,0.29290716760613156,0.2913496059281814,0.29366286939941244,0.2977544681420169,0.2963980183248875,0.29783609747089496,0.2968414627698399,0.2953775628571394,0.29686233714590077,0.48958164,0.46080834,0.51126015,0.0,-0.3516586605754506,-0.39750852662932284,-0.012774963502448895,-0.37876231554892154,-0.3815221315945188,-0.37302895123658036,-0.39622135636705136,-0.39651050378981034,-0.391393227334966,-0.3929764721698566,-0.39305088409794126,-0.38773180371998495,1.053354,0.9444221,1.0549817,0.1,0.17328296549413544,0.18563565233218057,0.1020483744622038,0.18054703601488517,0.17901788414315428,0.18128757719614483,0.185281808980673,0.1839604635310438,0.18536123763736928,0.18439273681620166,0.18296458073991748,0.18441307800578233,0.33378926,0.33147046,0.41945714
0.2333984375,0.2,0.28515920024460195,0.3240361811831812,0.2753005110274991,0.33712608586169446,0.3352277909963353,0.3410386230053427,0.3249498467685265,0.3247447969231382,0.32835719837979505,0.32724328238752165,0.32719084672937426,0.3309205446520645,0.48998815,0.4584272,0.5091042,0.0,-0.3516586605754506,-0.4782063739345481,-0.3161354369050239,-0.5170928162848992,-0.5281364028791484,-0.5116417822805793,-0.48102232443748905,-0.49138571022033056,-0.4803917323748905,-0.4880215029180934,-0.49904140476333253,-0.4878625741820843,1.0522355,0.9488448,1.0545781,0.1,0.17328296549413544,0.20967920621328956,0.16415948568975444,0.2221058801087929,0.2203159863729848,0.2257825691738378,0.21055317999249343,0.21035712750428304,0.21380353857308085,0.21274248713205973,0.21269250334009254,0.2162396491850493,0.33161724,0.3311741,0.41956964
0.2353515625,0.4597649596572575,0.4118702049388615,0.38086357989254327,0.4046376281766483,0.3788757287299294,0.3787064456857706,0.3808414181692821,0.37952342636575553,0.37611359807772055,0.38038621521149174,0.38033506972517583,0.3800586902144243,0.38085733299634306,0.48969522,0.45538095,0.5042517,-0.8330322895068949,-0.7182292424770377,-0.6435454604491972,-0.7002721195534776,-0.6393227386541486,-0.6434986260725667,-0.6389610883671453,-0.6407034782344044,-0.6425354382859434,-0.6333811410878833,-0.6424270727943696,-0.6435322594331746,-0.6418409837010995,1.0505921,0.95335567,1.0541002,0.3456455880228083,0.29636158689985154,0.26624939421935306,0.28897577680898917,0.2645004934876067,0.2643514336038803,0.26622991135137164,0.26507063222718324,0.26206584296416596,0.26582965821042637,0.2657846779177134,0.265541582886006,0.26624390246661234,0.3307525,0.3295789,0.4195035
0.2373046875,0.4597649596572575,0.4118702049388615,0.40153466325675546,0.4518437607306788,0.40248934858958657,0.4015453066452272,0.402570648458709,0.4021782853446807,0.4017639224025017,0.40381588936417834,0.4017884855320481,0.4015376633909155,0.4019212195466323,0.48875147,0.45182672,0.49703673,-0.8330322895068949,-0.7182292424770377,-0.6946162270590308,-0.8151016889164906,-0.6965399661713463,-0.6967033679224386,-0.6946377244460825,-0.6959141611450808,-0.6991979122554771,-0.695079029936705,-0.6951285839274705,-0.6953962585301517,-0.6946222868089946,1.048416,0.95772886,1.053617,0.3456455880228083,0.29636158689985154,0.28642103426440013,0.3373126440845308,0.2872749085411922,0.2864305570365641,0.2873475960017717,0.2869967576986201,0.28662613886507154,0.28846038824849024,0.28664811200433093,0.28642371852929416,0.28676684342736053,0.33018437,0.32770935,0.4192241
0.2392578125,0.4597649596572575,0.4118702049388615,0.42220574662096755,0.4587660777196112,0.42286836367517217,0.4222131338620546,0.4229247913565584,0.4226524644632301,0.4223648681813181,0.42378907389257514,0.4223819166767567,0.42220782891970093,0.42247404318034054,0.48723185,0.44795495,0.48792848,-0.8330322895068949,-0.7182292424770377,-0.7406861708116912,-0.8307993984757401,-0.7417950939377638,-0.7418893679591912,-0.7406985529189073,-0.7414341575872613,-0.7433301921943236,-0.7409527862345088,-0.7409813398509101,-0.7411355977484713,-0.7406896610957945,1.0457375,0.96177423,1.0532147,0.3456455880228083,0.29636158689985154,0.3062147776151574,0.3445893380637995,0.30677771878047955,0.3062210547578639,0.30682564858705597,0.30659431958860256,0.3063499818723925,0.30755958475777573,0.30636446712421167,0.3062165470045022,0.3064427400126256,0.32945552,0.32603282,0.41869676
0.2412109375,0.4597649596572575,0.4118702049388615,0.44287682998517974,0.45963156595559324,0.4432473787607579,0.44288096107888214,0.443278934254408,0.44312664358177967,0.4429658139601345,0.44376225842097206,0.44297534782146536,0.4428779944484865,0.4430268668140489,0.47748062,0.44397634,0.48523074,-0.8330322895068949,-0.7182292424770377,-0.7824555254008689,-0.8327895666483461,-0.7828888663272787,-0.7829257356508953,-0.782460360535106,-0.7827477513040274,-0.783489794627814,-0.7825596544954548,-0.7825708085438147,-0.7826310743819463,-0.7824568883266515,1.0426217,0.9653499,1.0529808,0.3456455880228083,0.29636158689985154,0.3256835387630267,0.34552455032692214,0.325965965038357,0.32568668759925884,0.32599001458757737,0.32587394629505306,0.32575136394457155,0.32635834281480086,0.32575863071073563,0.3256844263502487,0.3257978984138375,0.32855958,0.324565,0.41789117
0.2431640625,0.4597649596572575,0.4532123716672858,0.4485846863264436,0.45973147876683784,0.4485820521859375,0.44857917236649203,0.44858227792088073,0.448567088085114,0.4476517040940807,0.44858195319522776,0.448583619751368,0.44858313206394046,0.44858409625336276,0.4662752,0.44010273,0.48285288,-0.8330322895068949,-0.8180589168853493,-0.8077821122730934,-0.8330422506472204,-0.8077776436183192,-0.8077780265656013,-0.8077727581245235,-0.8077522569603712,-0.8077774756857424,-0.8061960768149903,-0.8077803029014453,-0.807781111255544,-0.8077794755702223,1.0391637,0.96836996,1.0529913,0.3456455880228083,0.3386525925367571,0.33394819514261354,0.34564284604687334,0.33394584427942625,0.333943274153685,0.3339460457388156,0.33393248936051123,0.33311532189451964,0.333945755934177,0.3339472432682018,0.3339468080270242,0.3339476685267174,0.3274983,0.32331407,0.41678762
0.2451171875,0.4597649596572575,0.4532123716672858,0.45166980988700506,0.4597399542879005,0.4516711211507121,0.4516710087808375,0.4516725547123286,0.4516785702151313,0.45167117042785765,0.4521342443914754,0.45167034082344687,0.4516701036228227,0.45167058359213086,0.4548676,0.4365242,0.48020098,-0.8330322895068949,-0.8180589168853493,-0.8146567138655664,-0.8330832221820813,-0.8146591386091665,-0.814661789485731,-0.8146589308192234,-0.8146729128948917,-0.8155146504357056,-0.8146592297304891,-0.81465769565661,-0.81465814457609,-0.8146572570329282,1.0354816,0.9708054,1.053301,0.3456455880228083,0.3386525925367571,0.337086572874136,0.34565637373343927,0.33708779476446143,0.3370876900535575,0.33708913061587475,0.33709473609385837,0.33708784068294445,0.3375192859850362,0.33708706762303053,0.3370868465895397,0.33708729384503705,0.32628188,0.32228094,0.4153842
0.2470703125,0.4597649596572575,0.4532123716672858,0.4547549334475665,0.45975635325302927,0.45475581149440186,0.4547557362494208,0.45475677143421706,0.45476079952800974,0.45475584449130513,0.4550659275250208,0.4547552889725917,0.4547551301385934,0.4547554515350676,0.44374374,0.43338552,0.47736382,-0.8330322895068949,-0.8180589168853493,-0.8214380388653849,-0.8330510781186923,-0.8214394818278495,-0.8214410593650234,-0.8214393581721546,-0.8214476789446042,-0.8219487712644525,-0.8214395360541112,-0.8214386231279042,-0.8214388902794314,-0.8214383621034889,1.0317124,0.9726809,1.0539383,0.3456455880228083,0.3386525925367571,0.3402165280643976,0.3456739087423841,0.3402173080675418,0.34021724122451424,0.3402181608189706,0.3402217391245534,0.34021733737996657,0.3404927725219907,0.34021684389114676,0.34021670279271754,0.34021698830171493,0.32492906,0.3214572,0.4137007
0.2490234375,0.4597649596572575,0.4532123716672858,0.45784005700812797,0.4597554109849476,0.4578405018380916,0.45784046371800413,0.4578409881561055,0.4578430288408881,0.4578405185547526,0.4579976106585662,0.45784023712173655,0.45784015665436417,0.45784031947800424,0.43329093,0.4307687,0.4744063,-0.8330322895068949,-0.8180589168853493,-0.828127972886155,-0.8330883500082339,-0.8281284602189579,-0.8281289930028487,-0.82812841845659,-0.8281312286551309,-0.8283005213424627,-0.8281284785328524,-0.8281281702094643,-0.8281282604347509,-0.8281280820535227,1.028004,0.9740672,1.0549043,0.3456455880228083,0.3386525925367571,0.3433382309775337,0.3456723951586013,0.3433385714509422,0.34333854227378147,0.3433389436793063,0.34334050562120616,0.3433385842458945,0.343458820018416,0.3433383688367195,0.34333830724689085,0.34333843187230934,0.32346782,0.32082388,0.4117797
0.2509765625,0.4597649596572575,0.4593826187884087,0.4587429204573402,0.4597669012549188,0.45874235561153937,0.458741359101312,0.45874247809716884,0.4587428198435366,0.4585539158317252,0.45874284094974116,0.45874269174879134,0.45874248034585047,0.45874281207657863,0.42868412,0.4237856,0.47136337,-0.8330322895068949,-0.831439243683043,-0.8301642269607018,-0.8331062725051007,-0.8301629940605475,-0.8301632614126229,-0.8301608189504681,-0.8301640073491755,-0.830164053418069,-0.8297515132760567,-0.8301637277543729,-0.8301639903960951,-0.8301632663208682,1.0245073,0.97507083,1.0561763,0.3456455880228083,0.34489603978706207,0.3442858318188065,0.34567904904912056,0.3442852597263745,0.34428425043084154,0.34428538378344453,0.3442857299142088,0.3440943868031096,0.3442857512911898,0.34428560017609844,0.34428538606097564,0.3442857220476067,0.32193512,0.32035005,0.40968233
0.2529296875,0.4597649596572575,0.4593826187884087,0.45916938601138585,0.4597711496893572,0.45916968757237964,0.4591696221795094,0.45917021959123155,0.4591694397272824,0.4591694284590601,0.4592702921748809,0.4591695081147585,0.4591694438739213,0.45916962097897884,0.42707208,0.41539162,0.46823865,-0.8330322895068949,-0.831439243683043,-0.8310146328439513,-0.83313673088156,-0.8310152687569058,-0.8310163906429348,-0.8310151308605838,-0.8310147461167339,-0.8312273708365312,-0.8310147223550013,-0.8310148903280039,-0.8310151283289808,-0.8310147548609103,1.0213702,0.9758235,1.0577108,0.3456455880228083,0.34489603978706207,0.3446926702914144,0.34567660717617993,0.3446929689727366,0.34469290420432347,0.3446934959110437,0.34469272349437163,0.34469271233375104,0.3447926087353416,0.3446927912288042,0.34469272760141373,0.3446929030152571,0.32037616,0.3199928,0.4074799
0.2548828125,0.4597649596572575,0.4593826187884087,0.45959585156543153,0.4598041060668404,0.45959603984736513,0.459595999018822,0.45959637201744097,0.4595958851033661,0.45959587806796454,0.4596588531073032,0.4595959278016145,0.45959588769235205,0.45959599826926145,0.42581677,0.40816954,0.46501002,-0.8330322895068949,-0.831439243683043,-0.8318634605196734,-0.8331184369406811,-0.8318638700269125,-0.8318645924854828,-0.8318637812261533,-0.8318635334636427,-0.832000468151842,-0.8318635181618631,-0.8318636263309959,-0.8318637795958833,-0.8318635390946066,1.018727,0.9764688,1.0594493,0.3456455880228083,0.34489603978706207,0.3450993761838123,0.34570132232288836,0.34509956675319525,0.3450995254286261,0.3450999029587517,0.3450994101292036,0.3450994030083281,0.3451631414149941,0.34509945334619724,0.3450994127496435,0.34509952466995913,0.31969988,0.31884232,0.40524337
0.2568359375,0.4597649596572575,0.4593826187884087,0.46002231711947716,0.45981351131945125,0.46002239212235063,0.4600223758581345,0.46002252444365027,0.4600223304794497,0.4600223276768689,0.46004741403972543,0.4600223474884705,0.46002233151078276,0.460022375559544,0.42476583,0.40208828,0.4616376,-0.8330322895068949,-0.831439243683043,-0.8327107143771199,-0.8331057444484343,-0.8327108983166114,-0.8327112228255333,-0.8327108584297228,-0.8327107471415564,-0.8327722595347448,-0.8327107402684151,-0.8327107888550361,-0.8327108576974499,-0.8327107496708315,1.0166913,0.9771497,1.061323,0.3456455880228083,0.34489603978706207,0.34550594986472677,0.34570701020371297,0.34550603239257066,0.345506014496581,0.3455061779895315,0.3455059645650937,0.34550596148133245,0.3455335643888155,0.34550598328061444,0.34550596569989955,0.3455060141680332,0.31941324,0.31738842,0.40303206
0.2587890625,0.4597649596572575,0.4602355498965,0.46016239973717343,0.45981374321257995,0.46016232695022957,0.4601621850796477,0.4601623422259576,0.4601623897778625,0.46014216288712884,0.46016239311943674,0.46016237026541973,0.4601623392299978,0.46016238564659795,0.42375636,0.39704075,0.4580769,-0.8330322895068949,-0.8331337524911819,-0.8329769515534651,-0.83311184392231,-0.8329767972011898,-0.8329768295949619,-0.8329764963497435,-0.8329769304337145,-0.8329769375198689,-0.8329340353302409,-0.8329768890555559,-0.8329769216729399,-0.8329768232417173,1.0153462,0.97799575,1.063256,0.3456455880228083,0.3457091872407314,0.3456264119086527,0.34569242089152324,0.3456263411869167,0.3456262033416628,0.3456263560292218,0.3456264022319208,0.3456067490765032,0.3456264054786834,0.34562638327311124,0.34562635311826734,0.34562639821787416,0.31907448,0.3160674,0.4008853
0.2607421875,0.4597649596572575,0.4602355498965,0.46021116651005783,0.45981055367984847,0.46021120459776854,0.46021119660433624,0.46021127883533647,0.4602111717215331,0.4602111699729652,0.4602217559818754,0.4602111819319394,0.46021117388332744,0.4602111981720522,0.42263818,0.3928594,0.4542915,-0.8330322895068949,-0.8331337524911819,-0.8330814910504697,-0.833112854195897,-0.8330815721240913,-0.8330817301463741,-0.8330815551092469,-0.8330815021436331,-0.833104031316858,-0.8330814984216257,-0.8330815238775373,-0.8330815584462917,-0.8330815067452357,1.0147367,0.97911143,1.0651697,0.3456455880228083,0.3457091872407314,0.345681595966234,0.34567634842046363,0.345681635183568,0.3456816269530628,0.3456817116229052,0.34568160133227366,0.3456815995318459,0.34569249945899916,0.3456816118455052,0.3456816035581836,0.34568162856727475,0.31863046,0.31492597,0.39881828
0.2626953125,0.4597649596572575,0.4602355498965,0.4602599332829422,0.4598095164471117,0.4602599575452568,0.46025995245334744,0.46026000483545076,0.46025993660271247,0.4602599354888544,0.4602666788996237,0.4602599431068601,0.46025993797980064,0.4602599534520007,0.4212946,0.38933274,0.45026475,-0.8330322895068949,-0.8331337524911819,-0.8331860083945409,-0.8330959769986853,-0.8331860598233654,-0.8331861600643663,-0.8331860490300464,-0.8331860154314579,-0.8332003068683248,-0.8331860130704131,-0.8331860292182988,-0.8331860511468916,-0.8331860183504716,1.0148654,0.980566,1.0669855,0.3456455880228083,0.3457091872407314,0.34573677801247327,0.3456638090481823,0.3457368015844046,0.34573679663738544,0.34573684752895667,0.34573678123777973,0.34573678015561643,0.34574333166414756,0.34573678755685205,0.3457367825756829,0.3457367976076221,0.3180392,0.31399995,0.39682293
0.2646484375,0.4597649596572575,0.4602355498965,0.4603087000558266,0.4598139831726854,0.4603087104927451,0.46030870830235876,0.4603087308355651,0.46030870148389197,0.46030870100474375,0.4603116018173721,0.4603087042817808,0.46030870207627395,0.46030870873194935,0.41965523,0.38622436,0.44600788,-0.8330322895068949,-0.8331337524911819,-0.833290503592719,-0.8330822996607476,-0.8332905253893048,-0.8332905678734913,-0.8332905208148756,-0.8332905065751081,-0.8332965636282652,-0.8332905055744488,-0.8332905124182526,-0.8332905217120379,-0.8332905078122455,1.0156884,0.9823866,1.0686272,0.3456455880228083,0.3457091872407314,0.34579195804800994,0.34565709849262116,0.3457919659756789,0.3457919643119065,0.34579198142766726,0.345791959132739,0.3457919587687879,0.3457941621631478,0.34579196125795797,0.34579195958270026,0.34579196463821466,0.31727406,0.31331033,0.3948727
0.2666015625,0.4597649596572575,0.46033308344226875,0.46033308344226875,0.4598164282930615,0.46033308344226875,0.46033308344226875,0.46033308344226875,0.46033308344226875,0.46033308344226875,0.46033308344226875,0.46033308344226875,0.46033308344226875,0.46033308344226875,0.4177023,0.38329306,0.44156295,-0.8330322895068949,-0.8333427428892978,-0.8333427428892978,-0.8330785472664465,-0.8333427428892978,-0.8333427428892978,-0.8333427428892978,-0.8333427428892978,-0.8333427428892978,-0.8333427428892978,-0.8333427428892978,-0.8333427428892978,-0.8333427428892978,1.0171169,0.9845556,1.070023,0.3456455880228083,0.3458195473119644,0.3458195473119644,0.3456527975241845,0.3458195473119644,0.3458195473119644,0.3458195473119644,0.3458195473119644,0.3458195473119644,0.3458195473119644,0.3458195473119644,0.3458195473119644,0.3458195473119644,0.31632632,0.31286108,0.3929305
0.2685546875,0.4597649596572575,0.46033308344226875,0.46033308344226875,0.4598143226717155,0.46033308344226875,0.46033308344226875,0.46033308344226875,0.46033308344226875,0.46033308344226875,0.46033308344226875,0.46033308344226875,0.46033308344226875,0.46033308344226875,0.4154689,0.38031548,0.4370014,-0.8330322895068949,-0.8333427428892978,-0.8333427428892978,-0.8330800667371938,-0.8333427428892978,-0.8333427428892978,-0.8333427428892978,-0.8333427428892978,-0.8333427428892978,-0.8333427428892978,-0.8333427428892978,-0.8333427428892978,-0.8333427428892978,1.0190215,0.9870125,1.0711083,0.3456455880228083,0.3458195473119644,0.3458195473119644,0.3456497728576263,0.3458195473119644,0.3458195473119644,0.3458195473119644,0.3458195473119644,0.3458195473119644,0.3458195473119644,0.3458195473119644,0.3458195473119644,0.3458195473119644,0.31520605,0.3126393,0.39095795
0.2705078125,0.4597649596572575,0.46033308344226875,0.46033308344226875,0.4598098215125094,0.46033308344226875,0.46033308344226875,0.46033308344226875,0.46033308344226875,0.46033308344226875,0.46033308344226875,0.46033308344226875,0.46033308344226875,0.46033308344226875,0.41303235,0.37710866,0.43241835,-0.8330322895068949,-0.8333427428892978,-0.8333427428892978,-0.8330836020525534,-0.8333427428892978,-0.8333427428892978,-0.8333427428892978,-0.8333427428892978,-0.8333427428892978,-0.8333427428892978,-0.8333427428892978,-0.8333427428892978,-0.8333427428892978,1.0212401,0.98965955,1.0718272,0.3456455880228083,0.3458195473119644,0.3458195473119644,0.3456490794001374,0.3458195473119644,0.3458195473119644,0.3458195473119644,0.3458195473119644,0.3458195473119644,0.3458195473119644,0.3458195473119644,0.3458195473119644,0.3458195473119644,0.31394136,0.31261617,0.388924
0.2724609375,0.4597649596572575,0.46033308344226875,0.46033308344226875,0.4598023083282954,0.46033308344226875,0.46033308344226875,0.46033308344226875,0.46033308344226875,0.46033308344226875,0.46033308344226875,0.46033308344226875,0.46033308344226875,0.46033308344226875,0.410503,0.37355015,0.427926,-0.8330322895068949,-0.8333427428892978,-0.8333427428892978,-0.833087270949269,-0.8333427428892978,-0.8333427428892978,-0.8333427428892978,-0.8333427428892978,-0.8333427428892978,-0.8333427428892978,-0.8333427428892978,-0.8333427428892978,-0.8333427428892978,1.0235903,0.9923707,1.0721376,0.3456455880228083,0.3458195473119644,0.3458195473119644,0.3456493603463763,0.3458195473119644,0.3458195473119644,0.3458195473119644,0.3458195473119644,0.3458195473119644,0.3458195473119644,0.3458195473119644,0.3458195473119644,0.3458195473119644,0.31275082,0.3125761,0.38681218
0.2744140625,0.4597649596572575,0.46031652014087276,0.46031652014087276,0.45979172098601606,0.46031652014087276,0.46031652014087276,0.46031652014087276,0.46031652014087276,0.46031652014087276,0.46031652014087276,0.46031652014087276,0.46031652014087276,0.46031652014087276,0.4080117,0.3695925,0.42364508,-0.8330322895068949,-0.8333858573677118,-0.8333858573677118,-0.8330894962145249,-0.8333858573677118,-0.8333858573677118,-0.8333858573677118,-0.8333858573677118,-0.8333858573677118,-0.8333858573677118,-0.8333858573677118,-0.8333858573677118,-0.8333858573677118,1.0258844,0.9950044,1.072016,0.3456455880228083,0.34582734824595646,0.34582734824595646,0.3456524446942481,0.34582734824595646,0.34582734824595646,0.34582734824595646,0.34582734824595646,0.34582734824595646,0.34582734824595646,0.34582734824595646,0.34582734824595646,0.34582734824595646,0.31299445,0.3111661,0.38462567
0.2763671875,0.4597649596572575,0.46031652014087276,0.46031652014087276,0.45977890773983887,0.46031652014087276,0.46031652014087276,0.46031652014087276,0.46031652014087276,0.46031652014087276,0.46031652014087276,0.46031652014087276,0.46031652014087276,0.46031652014087276,0.40569854,0.3652672,0.41969892,-0.8330322895068949,-0.8333858573677118,-0.8333858573677118,-0.8330837991540941,-0.8333858573677118,-0.8333858573677118,-0.8333858573677118,-0.8333858573677118,-0.8333858573677118,-0.8333858573677118,-0.8333858573677118,-0.8333858573677118,-0.8333858573677118,1.0279455,0.99741626,1.0714622,0.3456455880228083,0.34582734824595646,0.34582734824595646,0.345656172669976,0.34582734824595646,0.34582734824595646,0.34582734824595646,0.34582734824595646,0.34582734824595646,0.34582734824595646,0.34582734824595646,0.34582734824595646,0.34582734824595646,0.31329596,0.30977598,0.3823889
0.2783203125,0.4597649596572575,0.46031652014087276,0.46031652014087276,0.45976419661299667,0.46031652014087276,0.46031652014087276,0.46031652014087276,0.46031652014087276,0.46031652014087276,0.46031652014087276,0.46031652014087276,0.46031652014087276,0.46031652014087276,0.40370253,0.3606797,0.41620675,-0.8330322895068949,-0.8333858573677118,-0.8333858573677118,-0.8330783907924293,-0.8333858573677118,-0.8333858573677118,-0.8333858573677118,-0.8333858573677118,-0.8333858573677118,-0.8333858573677118,-0.8333858573677118,-0.8333858573677118,-0.8333858573677118,1.0296229,0.99947476,1.070505,0.3456455880228083,0.34582734824595646,0.34582734824595646,0.3456576783330352,0.34582734824595646,0.34582734824595646,0.34582734824595646,0.34582734824595646,0.34582734824595646,0.34582734824595646,0.34582734824595646,0.34582734824595646,0.34582734824595646,0.31360617,0.30847344,0.38014492
0.2802734375,0.4597649596572575,0.46031652014087276,0.46031652014087276,0.4597479495157467,0.46031652014087276,0.46031652014087276,0.46031652014087276,0.46031652014087276,0.46031652014087276,0.46031652014087276,0.46031652014087276,0.46031652014087276,0.46031652014087276,0.4021551,0.35599285,0.4132784,-0.8330322895068949,-0.8333858573677118,-0.8333858573677118,-0.8330736430194983,-0.8333858573677118,-0.8333858573677118,-0.8333858573677118,-0.8333858573677118,-0.8333858573677118,-0.8333858573677118,-0.8333858573677118,-0.8333858573677118,-0.8333858573677118,1.0308031,1.0010753,1.0692043,0.3456455880228083,0.34582734824595646,0.34582734824595646,0.34565577314996254,0.34582734824595646,0.34582734824595646,0.34582734824595646,0.34582734824595646,0.34582734824595646,0.34582734824595646,0.34582734824595646,0.34582734824595646,0.34582734824595646,0.31388152,0.30732366,0.37794867
0.2822265625,0.4597649596572575,0.460224132488651,0.4602817865993387,0.45973577277642685,0.4602818421985478,0.4602818138178631,0.4602866998776683,0.46028179094055766,0.46028178665116,0.4602822336962257,0.46028180911170297,0.4602817942716345,0.46028299038051473,0.40117344,0.3514045,0.41100833,-0.8330322895068949,-0.8333951195016834,-0.8334052100551039,-0.8330642933634625,-0.8334051935250548,-0.8334052019628382,-0.8334037493171433,-0.8334052087644279,-0.8334052100396971,-0.8334050771300613,-0.8334052033620138,-0.8334052077740743,-0.8334048521630991,1.0314183,1.0021514,1.0676478,0.3456455880228083,0.34582474070449093,0.3458201546476724,0.3456535390637691,0.3458201576572639,0.34582015612101424,0.3458204206037962,0.34582015488266304,0.34582015465047744,0.34582017884907656,0.34582015586626924,0.34582015506297464,0.3458202198084738,0.3140862,0.30638245,0.3758585
0.2841796875,0.4597649596572575,0.460224132488651,0.46024335052554693,0.4597326224433668,0.4602434651444502,0.46024340663709,0.4602534793490133,0.46024335947505834,0.46024335063237753,0.4602442722248965,0.46024339693524496,0.4602433663421412,0.46024583214498843,0.40085283,0.34712172,0.40946916,-0.8330322895068949,-0.8333951195016834,-0.8333984833003861,-0.8330504280989568,-0.8333984770997561,-0.833398480264875,-0.8333979353652888,-0.8333984828162371,-0.8333984832946068,-0.8333984334385707,-0.8333984807897232,-0.8333984824447431,-0.8333983490509357,1.0314465,1.0026835,1.065945,0.3456455880228083,0.34582474070449093,0.34582321202096755,0.345655370028686,0.3458232103358606,0.3458230631087615,0.3458232111960255,0.3458232118893934,0.34582319847030585,0.345823212019397,0.34582321133866034,0.345823175536634,0.3458232117884347,0.31419155,0.3056885,0.3739253
0.2861328125,0.4597649596572575,0.460224132488651,0.4602049144517551,0.4597328343060679,0.46020508809035254,0.4602049994563168,0.4602202588203583,0.4602049280095589,0.46020491461359503,0.4602063107535672,0.46020498475878685,0.4602049384126478,0.4602086739094621,0.4012566,0.34333834,0.40870515,-0.8330322895068949,-0.8333951195016834,-0.8333917554220381,-0.8330442110900979,-0.8333917595542758,-0.8333921205740857,-0.8333917574449704,-0.8333917557446858,-0.8333917886510313,-0.8333917554258896,-0.8333917570951996,-0.8333918448886217,-0.8333917559922578,1.0309104,1.0027027,1.0642173,0.3456455880228083,0.34582474070449093,0.3458262693859312,0.3456563527678222,0.3458262630061513,0.3458257056075029,0.3458262662627178,0.3458262688877942,0.3458262180834081,0.3458262693799849,0.34582626680273026,0.34582613125700734,0.34582626850556686,0.31417504,0.30525663,0.3721855
0.2880859375,0.4597649596572575,0.460224132488651,0.4601664783779633,0.4597330503052879,0.4601661345212536,0.4601360919075642,0.46016631004333414,0.46016645152942914,0.4601637132799147,0.4601664780574715,0.4601663391488693,0.4601590335196388,0.4601664309281805,0.40240446,0.34021488,0.4087259,-0.8330322895068949,-0.8333951195016834,-0.8333850264197785,-0.8330456167526897,-0.8333850450147389,-0.8333866697557637,-0.833385035522915,-0.833385027871683,-0.8333851759505504,-0.83338502643711,-0.8333850339489565,-0.8333854290263818,-0.8333850289857493,1.029871,1.0022876,1.0625875,0.3456455880228083,0.34582474070449093,0.34582932674256095,0.3456525906821142,0.3458293317979278,0.3458293292174096,0.34582977348291916,0.3458293271372869,0.3458293267472728,0.3458293673949138,0.34582932878950123,0.34582932744016565,0.3458294361965392,0.3140181,0.3050731,0.37065524
0.2900390625,0.4597649596572575,0.46000903155053846,0.46017035725412286,0.4597430899185406,0.4601728280845863,0.46017236051887955,0.46018819962199764,0.4601704165504337,0.4601703636865786,0.4601708903257526,0.460171168384833,0.4601709626216599,0.4601753866202406,0.40426016,0.33786592,0.40950024,-0.8330322895068949,-0.8333320029821066,-0.8333490038668228,-0.8330473759183464,-0.8333487287786916,-0.8333487808345564,-0.8333470174659913,-0.8333489972650762,-0.8333490031506662,-0.8333489445174267,-0.8333489135598433,-0.8333489364683905,-0.8333484439290793,1.02842,1.0015572,1.0611684,0.3456455880228083,0.34585180680705624,0.34583616163974634,0.34565144760417005,0.3458363875299111,0.3458363447837602,0.3458377928381248,0.3458361670607795,0.34583616222781927,0.34583621037463247,0.3458362357955641,0.34583621698412464,0.34583662143831256,0.31370446,0.30509448,0.36933005
0.2919921875,0.4597649596572575,0.46000903155053846,0.4600628067850666,0.4597627899362966,0.46006703829795154,0.46006623755085785,0.46009336339778306,0.4600629083351758,0.46006281780120867,0.46006371971677246,0.46006419591722364,0.4600638435298255,0.4600714200136329,0.40672323,0.336352,0.41095152,-0.8330322895068949,-0.8333320029821066,-0.8333376712684639,-0.8330348971215926,-0.8333375817427998,-0.8333375986839938,-0.8333370248224771,-0.8333376691199598,-0.8333376710353945,-0.8333376519535264,-0.8333376418785624,-0.833337649334014,-0.8333374890410468,1.0266697,1.0006565,1.0600563,0.3456455880228083,0.34585180680705624,0.34584659175719684,0.34565504176797385,0.34584664689808603,0.34584663646354225,0.34584698994070734,0.3458465930804974,0.34584659190074823,0.34584660365361963,0.34584660985899274,0.3458466052670289,0.3458467039962679,0.31321988,0.30525047,0.36818713
0.2939453125,0.4597649596572575,0.46000903155053846,0.4599552563160103,0.4597797891002137,0.4599612485113167,0.45996011458283603,0.4599985271735685,0.45995540011991787,0.4599552719158387,0.45995654910779227,0.4599572234496142,0.459956724437991,0.4599674534070251,0.40962526,0.33567756,0.41295516,-0.8330322895068949,-0.8333320029821066,-0.8333263333703447,-0.83301957713173,-0.8333264295793343,-0.8333270280586684,-0.8333264113734923,-0.8333263356792489,-0.8333263541272553,-0.8333263336208143,-0.8333263649543607,-0.8333265292007397,-0.8333263569423269,1.0247437,0.9997417,1.0593265,0.3456455880228083,0.34585180680705624,0.3458570218510023,0.3456595928529955,0.3458569062433839,0.34585618702490556,0.34585692812030294,0.34585701907658883,0.3458569969091287,0.34585702155003434,0.3458569838990301,0.34585678653212787,0.3458569935264775,0.31255206,0.30545115,0.36719036
0.2958984375,0.4597649596572575,0.46000903155053846,0.45984770584695406,0.45978502079754935,0.4598350113082993,0.45975603600880466,0.4598374135495804,0.4598474011966264,0.4598449670518365,0.4598476727985279,0.4598435384504829,0.4598218661612553,0.4598445956126775,0.41273373,0.3357916,0.41533926,-0.8330322895068949,-0.8333320029821066,-0.8333149901687469,-0.8330166345921075,-0.8333152582551089,-0.8333169264072793,-0.8333152075228564,-0.8333149966022535,-0.8333150480060377,-0.8333149908666524,-0.8333150781752096,-0.8333155358731286,-0.8333150558500635,1.0227662,0.99896455,1.0590293,0.3456455880228083,0.34585180680705624,0.34586745192114615,0.34565684391574714,0.3458672864995895,0.34586625737824017,0.3458673178030119,0.34586744795127133,0.3458674162321188,0.3458674514904947,0.34586739761612484,0.34586711520617563,0.3458674113919238,0.3116923,0.30559617,0.3662955
0.2978515625,0.4597649596572575,0.459338717317071,0.45964498073516047,0.4597860625357971,0.4596487899389458,0.4596467867555812,0.4597098945800653,0.4596455061186581,0.459645039944309,0.45965433944429374,0.4596460544648688,0.45964571200077153,0.45966088499690155,0.4157635,0.3365912,0.41788873,-0.8330322895068949,-0.8333497813174882,-0.8333398935744875,-0.8330242891665208,-0.8333399591613154,-0.833341011111776,-0.8333399246706623,-0.8333399026205993,-0.8333400547106906,-0.8333398945939583,-0.8333399120620635,-0.8333401674066817,-0.8333399061654949,1.0208524,0.99846125,1.059189,0.3456455880228083,0.345847367836715,0.34584980144268784,0.34565152005155036,0.34584975946102875,0.34584908601986564,0.3458497815383358,0.34584979565237783,0.3458496982993108,0.3458498007901372,0.34584978960899326,0.3458496261600427,0.34584979338332816,0.31063688,0.30558562,0.36545476
0.2998046875,0.4597649596572575,0.459338717317071,0.4594408051231008,0.4597775931529076,0.45944594769164254,0.4594432433186726,0.45952844125798364,0.45944151441060543,0.45944088505768077,0.45945343973282293,0.45944225469863714,0.4594417923592108,0.4594622764753092,0.41839597,0.33792797,0.42035374,-0.8330322895068949,-0.8333497813174882,-0.8333464839384495,-0.8330335058826085,-0.8333465064427092,-0.8333468673718031,-0.8333464946082362,-0.8333464870423738,-0.8333465392275332,-0.833346484288253,-0.8333464902819501,-0.8333465778953334,-0.8333464882587066,1.0190988,0.9983437,1.0598009,0.3456455880228083,0.345847367836715,0.34584817904070275,0.34564616664242154,0.3458481476540543,0.3458476441709006,0.3458481641596591,0.345848174711707,0.3458481019278649,0.34584817855283784,0.3458481701935056,0.3458480479945572,0.3458481730153027,0.3093886,0.3053304,0.36461958
0.3017578125,0.4597649596572575,0.459338717317071,0.45923662951104116,0.45975836649068513,0.45924054212107496,0.459238484558452,0.4593033055344886,0.4592371691568203,0.45923669032750614,0.4592462422756297,0.45923773238866783,0.45923738062789615,0.45925296551656225,0.42030364,0.33961374,0.42246398,-0.8330322895068949,-0.8333497813174882,-0.8333530801625344,-0.8330390426225498,-0.8333530591137485,-0.8333530701828353,-0.8333527215125387,-0.8333530772593645,-0.8333530798353554,-0.8333530284490971,-0.8333530742293142,-0.8333530761217006,-0.8333529922816109,1.0175762,0.9986967,1.0608298,0.3456455880228083,0.345847367836715,0.34584655663072866,0.3456447935324479,0.3458465473509733,0.3458463984914764,0.34584655223100924,0.3458465553508207,0.3458465338315989,0.3458465564864869,0.3458465540149723,0.3458465178857133,0.34584655484926297,0.3079579,0.30476105,0.36374173
0.3037109375,0.4597649596572575,0.459338717317071,0.4590324538989815,0.4597241862402199,0.45901958951662064,0.4588132278957464,0.45902635463557817,0.4590306795822001,0.45900084781553757,0.459032253938788,0.4590288277161102,0.45897874227951097,0.45902998428040553,0.42117855,0.34142795,0.42394543,-0.8330322895068949,-0.8333497813174882,-0.8333596822545624,-0.8330436934500105,-0.8333596154799452,-0.8333596505958347,-0.8333585438154107,-0.8333596730449121,-0.8333596812166659,-0.8333595181914741,-0.8333596634326637,-0.8333596694359057,-0.8333594034310698,1.0163244,0.99957836,1.0622092,0.3456455880228083,0.345847367836715,0.3458449342127548,0.3456455803812828,0.345845016861084,0.3458449733979964,0.3458463426489254,0.34584494561200535,0.34584493549741624,0.34584513726875044,0.34584495750947813,0.34584495007903143,0.3458452792876609,0.3063627,0.3038339,0.36277455
0.3056640625,0.4597649596572575,0.4583756266540611,0.4588031840731696,0.45968740947615727,0.4588236149978752,0.4588061198623973,0.4588351639626575,0.45880342493573806,0.45880321619588094,0.45880490169621674,0.45880894309580544,0.4588043727871392,0.45881101932824675,0.4207601,0.34312496,0.4245401,-0.8330322895068949,-0.8333848202940619,-0.8333763559838279,-0.8330509561929866,-0.8333760794210622,-0.8333763162420659,-0.8333759230996487,-0.8333763527232536,-0.8333763555489802,-0.8333763327323127,-0.8333762780244509,-0.8333763398921524,-0.833376249919157,1.0153487,1.0010223,1.0638438,0.3456455880228083,0.34583882744379324,0.3458404043327899,0.3456472890621895,0.3458404641826192,0.3458404129328167,0.3458404980138557,0.3458404050383666,0.34584040442688935,0.34584040936435156,0.3458404212031252,0.3458404078149786,0.3458404272851878,0.30462798,0.30253458,0.36167446
0.3076171875,0.4597649596572575,0.4583756266540611,0.45851814579376393,0.459655753637778,0.45854342300501455,0.4585217779624281,0.45855771142449303,0.4585184437897731,0.4585181855360943,0.45852027084298397,0.4585252708766401,0.45851961647482997,0.4585278395986524,0.41886058,0.34444413,0.4240268,-0.8330322895068949,-0.8333848202940619,-0.8333819971033681,-0.8330587987212024,-0.8333816241543147,-0.8333819435105173,-0.8333814133560314,-0.8333819927063885,-0.8333819965169632,-0.8333819657480456,-0.8333818919731746,-0.833381975403285,-0.8333818540726282,1.0146205,1.0030373,1.0656147,0.3456455880228083,0.34583882744379324,0.34583935307491925,0.34564870849653173,0.34583943079880763,0.3458393642433314,0.34583947473368737,0.3458393539912154,0.34583935319712145,0.3458393596091493,0.3458393749835549,0.34583935759705847,0.3458393828820162,0.30278528,0.30087897,0.3604065
0.3095703125,0.4597649596572575,0.4583756266540611,0.4582331075143583,0.459634614130622,0.4582282510030999,0.4582255057686919,0.4582324096656979,0.4582330502603773,0.4582326992285961,0.45823309987866334,0.45823173857199906,0.45823124504337165,0.4582328249523666,0.4153826,0.34512207,0.42223766,-0.8330322895068949,-0.8333848202940619,-0.8333876452408868,-0.8330643852178077,-0.8333877079818145,-0.8333877434478933,-0.8333876542562628,-0.8333876459805392,-0.8333876505154506,-0.8333876453395307,-0.8333876629260223,-0.8333876693018614,-0.8333876488912489,1.0140806,1.0056059,1.0673895,0.3456455880228083,0.34583882744379324,0.34583830181120495,0.3456502856421755,0.34583828797356886,0.34583828015158424,0.3458382998228278,0.34583830164807144,0.3458383006478782,0.34583830178944863,0.3458382979106836,0.3458382965044747,0.3458383010061023,0.3008712,0.2989109,0.35894966
0.3115234375,0.4597649596572575,0.4583756266540611,0.4579480692349526,0.45962687050118645,0.4579072176102548,0.457884125460402,0.4579421991257212,0.45794758763035603,0.45794463484844766,0.4579480050056059,0.4579365540717999,0.45793240264597374,0.45794569240190863,0.41032672,0.34491,0.41907218,-0.8330322895068949,-0.8333848202940619,-0.8333933004094882,-0.8330657218901703,-0.8333938895280466,-0.8333942225849066,-0.8333933850554759,-0.8333933073540638,-0.8333933499325005,-0.8333933013356528,-0.8333934664582507,-0.8333935263238988,-0.8333933346827594,1.0136445,1.0086799,1.0690343,0.3456455880228083,0.34583882744379324,0.345837250541636,0.34565319916045906,0.34583712680393247,0.34583705685883814,0.3458372327613475,0.34583724908287805,0.34583724013903877,0.3458372503470883,0.3458372156627397,0.3458372030882617,0.3458372433423192,0.2989276,0.29669836,0.357304
0.3134765625,0.4597649596572575,0.4570584110818257,0.4575883034930634,0.4596254608413877,0.45758997750194547,0.4575883967129601,0.457590235356691,0.4575883290784974,0.4575883238154327,0.45758884583941906,0.4575887136347744,0.4575883412382095,0.45758884804239347,0.40378785,0.34359363,0.41450316,-0.8330322895068949,-0.8333949218214082,-0.8333921279327718,-0.8330623509463606,-0.8333921299533984,-0.833392130264643,-0.8333921280452941,-0.8333921279636551,-0.8333921285874173,-0.8333921279573022,-0.8333921284278383,-0.8333921285900764,-0.8333921279783326,1.0132132,1.012174,1.0704279,0.3456455880228083,0.3458389578304652,0.3458391400832423,0.3456569007907884,0.3458391564486464,0.34583914099457636,0.3458391589694796,0.34583914033337,0.34583914028191737,0.3458391453853153,0.34583914409285954,0.34583914045224545,0.34583914540685196,0.29700038,0.2943276,0.35549498
0.3154296875,0.4597649596572575,0.4570584110818257,0.4572350418855716,0.45963612753236827,0.4572370570758935,0.4572351541047095,0.45723736748427507,0.45723507268559876,0.4572350663498635,0.45723569476808545,0.4572355356186787,0.4572350873235941,0.45723569742005027,0.3959404,0.34101468,0.4085764,-0.8330322895068949,-0.8333949218214082,-0.8333939898056729,-0.8330590444788196,-0.8333939900214569,-0.833393990054695,-0.8333939898176893,-0.8333939898089708,-0.833393989875583,-0.8333939898082925,-0.8333939898585414,-0.8333939898758669,-0.8333939898105384,1.015962,1.0126854,1.0714757,0.3456455880228083,0.3458389578304652,0.3458390185815496,0.34566011506798433,0.34583903506430014,0.34583901949941825,0.3458390376032087,0.34583901883347085,0.3458390187816493,0.3458390239216405,0.3458390226199174,0.3458390189531987,0.34583902394333166,0.29513937,0.2918958,0.35357568
0.3173828125,0.4597649596572575,0.4570584110818257,0.4568817802780798,0.4597052478909691,0.4568803986523657,0.45688018583464957,0.45688170334001355,0.45688175916140955,0.4568813326581902,0.45688176350522497,0.4568814417719103,0.45688133083998833,0.45688174912551843,0.38701877,0.3370904,0.4014047,-0.8330322895068949,-0.8333949218214082,-0.8333958545577794,-0.8330567841557256,-0.8333958541490463,-0.8333958545350184,-0.8333958540860871,-0.8333958545515323,-0.8333958545528174,-0.833395854425358,-0.8333958544576376,-0.8333958545485634,-0.8333958544248202,1.0198759,1.0119706,1.0721203,0.3456455880228083,0.3458389578304652,0.34583889707922183,0.34566260320135633,0.3458388853911241,0.34583888359075643,0.34583889642835125,0.34583889690058184,0.34583889329250533,0.3458388969373291,0.3458388942155713,0.34583889327712386,0.34583889681568153,0.29339758,0.28950396,0.35162333
0.3193359375,0.4597649596572575,0.4570584110818257,0.456528518670588,0.45980705034389624,0.45652621109709823,0.4565258556516872,0.4565283901696197,0.4565284834017971,0.45652777106160813,0.4565284906567817,0.45652795330193946,0.4565277680248708,0.4565284666399808,0.3772951,0.33182612,0.39315766,-0.8330322895068949,-0.8333949218214082,-0.8333977221957747,-0.8330524169591276,-0.8333977203947065,-0.8333977220954798,-0.8333977201172785,-0.8333977221682475,-0.8333977221739101,-0.8333977216122656,-0.8333977217545044,-0.8333977221551649,-0.8333977216098954,1.0237114,1.0110037,1.0723493,0.3456455880228083,0.3458389578304652,0.3458387755762577,0.34566561787507233,0.3458387544162029,0.3458387511568291,0.3458387743979258,0.3458387752528489,0.34583876872081104,0.34583877531937585,0.3458387703919238,0.34583876869296465,0.34583877509914596,0.29182956,0.2872494,0.34973302
0.3212890625,0.4597649596572575,0.45554953379412666,0.4560936656074259,0.45991676069621457,0.4560974041377381,0.45609442522046767,0.4561097898942365,0.4560938825895011,0.45609374462555097,0.4560970145675289,0.45609471941585616,0.45609397317808725,0.456097616149536,0.36706078,0.32531852,0.38404912,-0.8330322895068949,-0.8333997250534836,-0.8334079365627916,-0.8330456019125939,-0.8334080702273841,-0.8334085130427238,-0.8334079637216006,-0.8334079443206649,-0.8334080562990871,-0.8334079393879686,-0.833407974240085,-0.8334080778074284,-0.8334079475595236,1.0272431,1.0097558,1.072197,0.3456455880228083,0.3458378554324248,0.34584363199998264,0.34566826348632196,0.34584371427657773,0.3458436487173476,0.3458439868590362,0.34584363677526736,0.34584363373899285,0.34584370570301876,0.34584365519192267,0.34584363876891727,0.3458437189424776,0.29048973,0.2852205,0.34800804
0.3232421875,0.4597649596572575,0.45554953379412666,0.4557309110652264,0.46001740198104446,0.45573384548145385,0.4557315072943994,0.4557435672067908,0.45573108137699847,0.4557309730874782,0.45573353970323405,0.45573173821180546,0.4557311524810407,0.45573401189199714,0.35661277,0.31774783,0.3743235,-0.8330322895068949,-0.8333997250534836,-0.8334024644019965,-0.8330435238467859,-0.8334025625628655,-0.8334028877609398,-0.8334024843469087,-0.8334024700992295,-0.8334025523341589,-0.8334024664767521,-0.8334024920714872,-0.8334025681295237,-0.8334024724777855,1.030244,1.0082422,1.0717375,0.3456455880228083,0.3458378554324248,0.34583978095631035,0.345668197393646,0.34583984175336185,0.3458397933093555,0.34584004317407174,0.34583978448493513,0.34583978224132583,0.34583983541805957,0.34583979809364523,0.3458397859581127,0.34583984520115857,0.28942993,0.28349337,0.3465492
0.3251953125,0.4597649596572575,0.45554953379412666,0.4553681565230269,0.46009854365051395,0.4553645149033214,0.45535245021180726,0.4553674166007606,0.4553679451655857,0.45536489437504746,0.4553680795532187,0.4553671300315383,0.45536430838731734,0.45536785692524717,0.3462427,0.3093601,0.36424312,-0.8330322895068949,-0.8333997250534836,-0.8333969835227559,-0.8330402684192063,-0.8333968627858476,-0.8333969589909914,-0.8333964627704928,-0.8333969765153104,-0.8333969809708629,-0.8333968753672193,-0.833396949489906,-0.8333969735897462,-0.8333968559388079,1.0325089,1.0065225,1.0710756,0.3456455880228083,0.3458378554324248,0.34583592990717066,0.3456643873276065,0.3458358551306859,0.34583560739606123,0.34583591471371555,0.345835925567188,0.34583586292270274,0.3458359283266839,0.34583590882934523,0.3458358508901164,0.3458359237552739,0.28869557,0.28213018,0.3454439
0.3271484375,0.4597649596572575,0.45554953379412666,0.4550054019808274,0.46015348678729573,0.4550023706539933,0.45499232786367205,0.455004786060879,0.45500522604442134,0.45500268653069625,0.4550053379102588,0.45500454751730673,0.45500219874765613,0.45500515259213153,0.33622685,0.3004417,0.35407344,-0.8330322895068949,-0.8333997250534836,-0.8333914939042179,-0.833033033089462,-0.8333913822703543,-0.8333914712220188,-0.8333910124165704,-0.8333914874250954,-0.8333914915447235,-0.8333913939031306,-0.8333914624372686,-0.8333914847201032,-0.8333913759395609,1.0338763,1.0046939,1.0703295,0.3456455880228083,0.3458378554324248,0.3458320788525506,0.3456610666941871,0.34583201055490703,0.34583178428469624,0.34583206497549845,0.345832074888596,0.3458320176718021,0.3458320774090015,0.34583205960096625,0.34583200668175235,0.3458320732336712,0.28832078,0.28117898,0.34475708
0.3291015625,0.4597649596572575,0.45415637474422976,0.4545850249779131,0.4601842593631106,0.45458708346233734,0.4545858202693091,0.4548418936164597,0.45458599066299943,0.45458504093871355,0.45458876674148346,0.45458560521882563,0.45458534699489694,0.45464795925744167,0.32681575,0.29129207,0.34406903,-0.8330322895068949,-0.8333509095979506,-0.8333842637478324,-0.8330194027552987,-0.833384446317512,-0.8334070330009268,-0.8333843342834639,-0.8333843493959133,-0.8333845956085151,-0.833384265163423,-0.8333843152103262,-0.8333898447241336,-0.8333842923080496,1.0342451,1.0028737,1.0696148,0.3456455880228083,0.3458081492230149,0.34582691471574767,0.3456604096057744,0.3458270159421265,0.3458269538243601,0.345839546235086,0.3458269622035036,0.34582691550062317,0.345827098717707,0.34582694324921,0.3458269305509969,0.34583000951865533,0.28832188,0.28067315,0.3445257
0.3310546875,0.4597649596572575,0.45415637474422976,0.4542992581554575,0.4601966070249046,0.454298900172557,0.45425458714449607,0.4542991198494702,0.4542990902169761,0.4542986074401253,0.4542992553797777,0.45429915724805087,0.4542883135033327,0.454299202154755,0.31822243,0.28219762,0.33446074,-0.8330322895068949,-0.8333509095979506,-0.8333620346414727,-0.8330070893990154,-0.8333620046227119,-0.8333620230437894,-0.833358288375359,-0.8333620205589481,-0.8333620344087175,-0.833361980075513,-0.8333620261798574,-0.8333620299455206,-0.8333611168530783,1.0335821,1.0011809,1.0690303,0.3456455880228083,0.3458081492230149,0.34581440440972866,0.34566040474289256,0.3458143876768242,0.3458123163876143,0.34581439794500407,0.34581439655991647,0.34581437399386933,0.3458144042799873,0.3458143996930956,0.34581389283265346,0.34581440179213324,0.28869134,0.28062984,0.34475613
0.3330078125,0.4597649596572575,0.45415637474422976,0.454013491333002,0.4602008722215932,0.454012515630793,0.45389173802017596,0.45401311437237857,0.4540130336073759,0.4540117177723483,0.4540134837677331,0.45401321630428015,0.4539836610778713,0.4540133386999877,0.31061298,0.2734112,0.3254466,-0.8330322895068949,-0.8333509095979506,-0.8333397775520631,-0.8330008351420793,-0.8333396913014538,-0.8333397442293543,-0.8333290118782266,-0.8333397370898517,-0.8333397768833061,-0.8333396207716904,-0.8333397532399749,-0.8333397640595585,-0.8333371404347277,1.0319225,0.9997157,1.0686492,0.3456455880228083,0.3458081492230149,0.3458018940138032,0.3456583574964773,0.34580184627431027,0.34579593681545306,0.34580187556974445,0.3458018716180466,0.34580180723641724,0.3458018936436471,0.3458018805571035,0.3458004344682224,0.3458018865457227,0.2893939,0.28104657,0.34542543
0.3349609375,0.4597649596572575,0.45415637474422976,0.45372772451054644,0.45986820353384994,0.4537269997112317,0.45363728019578736,0.4537274444857612,0.4537273844895676,0.453726407022962,0.45372771889069474,0.4537275202057624,0.4537055651382734,0.4537276111272794,0.30410042,0.26513946,0.31718746,-0.8330322895068949,-0.8333509095979506,-0.8333174924267308,-0.8330069146202933,-0.8333174256525897,-0.8333174666286984,-0.8333091583461602,-0.8333174611013844,-0.8333174919089872,-0.8333173710493854,-0.8333174736046092,-0.8333174819809979,-0.8333154508368369,1.0293607,0.99855113,1.0685174,0.3456455880228083,0.3458081492230149,0.34578938352780075,0.34565309069938666,0.3457893467721889,0.3457847969607419,0.3457893693273427,0.34578936628484985,0.3457893167161168,0.3457893832428101,0.34578937316721253,0.3457882597939127,0.34578937777797286,0.2903672,0.28189737,0.34648478
0.3369140625,0.4597649596572575,0.4532633992144824,0.4534376395040926,0.45885833183300856,0.4534437964956417,0.45343854861986793,0.45344748522679723,0.4534376560593317,0.4534376416114971,0.4534585455658328,0.4534391480020914,0.4534380076090682,0.45344041479403857,0.29874435,0.2575366,0.30980644,-0.8330322895068949,-0.8332215637774046,-0.8333467579286168,-0.8330179918078657,-0.8333469110851734,-0.8333470028412027,-0.833346780543339,-0.8333467583404376,-0.833347277954714,-0.8333467579810396,-0.8333467954532302,-0.8333468269650965,-0.8333467670854282,1.0260386,0.99772704,1.068658,0.3456455880228083,0.34573777096553626,0.34576339491109137,0.3456470853672724,0.34576415206517824,0.3457635067093164,0.34576460568572237,0.3457633969469667,0.3457633951702488,0.34576596582739894,0.3457635804181557,0.3457634401786844,0.34576373620149453,0.29152763,0.28312898,0.3478644
0.3388671875,0.4597649596572575,0.4532633992144824,0.4533214793110191,0.45762048227410246,0.4533175064356729,0.4533151262360332,0.45332089269276216,0.4533214686285453,0.4533079894147586,0.45332147795119015,0.4533205059339304,0.4533196885206766,0.45332124178670696,0.29455522,0.25070563,0.30339202,-0.8330322895068949,-0.8332215637774046,-0.8332633058544928,-0.8330270263828934,-0.833261874282367,-0.8332630944760834,-0.8332610165974624,-0.8332633020052409,-0.8332633053645012,-0.8332584448499996,-0.8332629551134887,-0.8332632202665111,-0.8332626605704166,1.0221276,0.99725604,1.0690784,0.3456455880228083,0.34573777096553626,0.345746312596547,0.3456431392098808,0.3457457777684882,0.34574545734608647,0.3457462336260827,0.34574631115847404,0.34574449658662826,0.3457463124134871,0.34574618156066067,0.34574607152058656,0.3457462806210597,0.29277924,0.28465983,0.3494785
0.3408203125,0.4597649596572575,0.4532633992144824,0.45320531911794565,0.4564457100228891,0.4532032667874293,0.45320203721037744,0.4532050160793539,0.45320531359953264,0.4531983504306989,0.4532053184154775,0.45320481628527937,0.453204394021297,0.4532051964162871,0.29150233,0.24470347,0.29800075,-0.8330322895068949,-0.8332215637774046,-0.8331798110014842,-0.8330336048812171,-0.8331797591661846,-0.8331798033477288,-0.833179728110779,-0.8331798108621072,-0.8331798109837422,-0.8331796349928409,-0.833179798301584,-0.8331798079024462,-0.833179787636562,1.0178108,0.9971291,1.0697771,0.3456455880228083,0.34573777096553626,0.345729229018538,0.34564152803091636,0.3457289766322841,0.34572882542450156,0.345729191752233,0.3457292283399087,0.3457283720411366,0.3457292289321516,0.34572916718246827,0.3457291152543681,0.3457292139292472,0.29402405,0.2863816,0.35123026
0.3427734375,0.4597649596572575,0.4532633992144824,0.45308915892487217,0.455545071858722,0.45308902713918564,0.4530889481847217,0.4530891394659456,0.45308915857051996,0.4530887114466392,0.4530891588797648,0.4530891266366283,0.45308909952191734,0.4530891510458672,0.28952134,0.23954853,0.29366097,-0.8330322895068949,-0.8332215637774046,-0.8330962733366887,-0.8330401043119645,-0.8330976026417957,-0.8330983990455919,-0.8330964696163057,-0.8330962769109923,-0.8331007869946627,-0.8330962737916807,-0.8330965990239398,-0.8330968725264846,-0.8330963528111668,1.0132662,0.99732244,1.0707465,0.3456455880228083,0.34573777096553626,0.3457121441760923,0.34564113453682116,0.34571217427310313,0.345712148620112,0.3457121923044479,0.3457121442570192,0.34571214418639395,0.345712246369175,0.345712151550061,0.3457121459754963,0.3457121577424867,0.2951721,0.28816533,0.3530157
0.3447265625,0.4597649596572575,0.45303107882833543,0.45303107882833543,0.45504203838507795,0.45303107882833543,0.45303107882833543,0.45303107882833543,0.45303107882833543,0.45303107882833543,0.45303107882833543,0.45303107882833543,0.45303107882833543,0.45303107882833543,0.28852224,0.23522936,0.29037607,-0.8330322895068949,-0.8330434421076058,-0.8330434421076058,-0.8330473449640683,-0.8330434421076058,-0.8330434421076058,-0.8330434421076058,-0.8330434421076058,-0.8330434421076058,-0.8330434421076058,-0.8330434421076058,-0.8330434421076058,-0.8330434421076058,1.0086522,0.99780107,1.0719724,0.3456455880228083,0.3456442623282974,0.3456442623282974,0.34564174536587966,0.3456442623282974,0.3456442623282974,0.3456442623282974,0.3456442623282974,0.3456442623282974,0.3456442623282974,0.3456442623282974,0.3456442623282974,0.3456442623282974,0.2961484,0.28987005,0.3547267
0.3466796875,0.4597649596572575,0.45303107882833543,0.45303107882833543,0.4548997049718124,0.45303107882833543,0.45303107882833543,0.45303107882833543,0.45303107882833543,0.45303107882833543,0.45303107882833543,0.45303107882833543,0.45303107882833543,0.45303107882833543,0.28812632,0.2317119,0.2883935,-0.8330322895068949,-0.8330434421076058,-0.8330434421076058,-0.8330554496428902,-0.8330434421076058,-0.8330434421076058,-0.8330434421076058,-0.8330434421076058,-0.8330434421076058,-0.8330434421076058,-0.8330434421076058,-0.8330434421076058,-0.8330434421076058,1.0040953,0.9985206,1.0734284,0.3456455880228083,0.3456442623282974,0.3456442623282974,0.34564458272862425,0.3456442623282974,0.3456442623282974,0.3456442623282974,0.3456442623282974,0.3456442623282974,0.3456442623282974,0.3456442623282974,0.3456442623282974,0.3456442623282974,0.29689708,0.2913543,0.35625353
0.3486328125,0.4597649596572575,0.45303107882833543,0.45303107882833543,0.454881421002677,0.45303107882833543,0.45303107882833543,0.45303107882833543,0.45303107882833543,0.45303107882833543,0.45303107882833543,0.45303107882833543,0.45303107882833543,0.45303107882833543,0.2868706,0.22894695,0.28900507,-0.8330322895068949,-0.8330434421076058,-0.8330434421076058,-0.8330610081596146,-0.8330434421076058,-0.8330434421076058,-0.8330434421076058,-0.8330434421076058,-0.8330434421076058,-0.8330434421076058,-0.8330434421076058,-0.8330434421076058,-0.8330434421076058,0.9996817,0.9994241,1.0750718,0.3456455880228083,0.3456442623282974,0.3456442623282974,0.34564878937793636,0.3456442623282974,0.3456442623282974,0.3456442623282974,0.3456442623282974,0.3456442623282974,0.3456442623282974,0.3456442623282974,0.3456442623282974,0.3456442623282974,0.2973818,0.2924869,0.35748795
0.3505859375,0.4682208261771269,0.45303107882833543,0.45303107882833543,0.45577112474009684,0.45303107882833543,0.45303107882833543,0.45303107882833543,0.45303107882833543,0.45303107882833543,0.45303107882833543,0.45303107882833543,0.45303107882833543,0.45303107882833543,0.28654572,0.22687453,0.29020947,-0.8330322895068949,-0.8330434421076058,-0.8330434421076058,-0.8330642492351326,-0.8330434421076058,-0.8330434421076058,-0.8330434421076058,-0.8330434421076058,-0.8330434421076058,-0.8330434421076058,-0.8330434421076058,-0.8330434421076058,-0.8330434421076058,1.0004363,0.9954523,1.076838,0.3456455880228083,0.3456442623282974,0.3456442623282974,0.34565332494717843,0.3456442623282974,0.3456442623282974,0.3456442623282974,0.3456442623282974,0.3456442623282974,0.3456442623282974,0.3456442623282974,0.3456442623282974,0.3456442623282974,0.29758263,0.2931576,0.35832828
0.3525390625,0.4682208261771269,0.45334575886716644,0.45334575886716644,0.458130578421718,0.45334575886716644,0.45334575886716644,0.45334575886716644,0.45334575886716644,0.45334575886716644,0.45334575886716644,0.45334575886716644,0.45334575886716644,0.45334575886716644,0.28706327,0.22542715,0.29184437,-0.8330322895068949,-0.8328579950243277,-0.8328579950243277,-0.8330654152651845,-0.8328579950243277,-0.8328579950243277,-0.8328579950243277,-0.8328579950243277,-0.8328579950243277,-0.8328579950243277,-0.8328579950243277,-0.8328579950243277,-0.8328579950243277,1.0014538,0.9914025,1.0786376,0.3456455880228083,0.3455499116509979,0.3455499116509979,0.3456566092887268,0.3455499116509979,0.3455499116509979,0.3455499116509979,0.3455499116509979,0.3455499116509979,0.3455499116509979,0.3455499116509979,0.3455499116509979,0.3455499116509979,0.29749015,0.293285,0.35868785
0.3544921875,0.4682208261771269,0.45334575886716644,0.45334575886716644,0.460850678730356,0.45334575886716644,0.45334575886716644,0.45334575886716644,0.45334575886716644,0.45334575886716644,0.45334575886716644,0.45334575886716644,0.45334575886716644,0.45334575886716644,0.28830412,0.22453292,0.29373655,-0.8330322895068949,-0.8328579950243277,-0.8328579950243277,-0.8330648432861595,-0.8328579950243277,-0.8328579950243277,-0.8328579950243277,-0.8328579950243277,-0.8328579950243277,-0.8328579950243277,-0.8328579950243277,-0.8328579950243277,-0.8328579950243277,1.0023316,0.98748386,1.0803566,0.3456455880228083,0.3455499116509979,0.3455499116509979,0.34565883470137354,0.3455499116509979,0.3455499116509979,0.3455499116509979,0.3455499116509979,0.3455499116509979,0.3455499116509979,0.3455499116509979,0.3455499116509979,0.3455499116509979,0.2970967,0.2928227,0.35850284
0.3564453125,0.4682208261771269,0.45334575886716644,0.45334575886716644,0.46329775459524647,0.45334575886716644,0.45334575886716644,0.45334575886716644,0.45334575886716644,0.45334575886716644,0.45334575886716644,0.45334575886716644,0.45334575886716644,0.45334575886716644,0.2901097,0.22411597,0.2957124,-0.8330322895068949,-0.8328579950243277,-0.8328579950243277,-0.8330609945317592,-0.8328579950243277,-0.8328579950243277,-0.8328579950243277,-0.8328579950243277,-0.8328579950243277,-0.8328579950243277,-0.8328579950243277,-0.8328579950243277,-0.8328579950243277,1.0028677,0.9836074,1.0818558,0.3456455880228083,0.3455499116509979,0.3455499116509979,0.34565979974254757,0.3455499116509979,0.3455499116509979,0.3455499116509979,0.3455499116509979,0.3455499116509979,0.3455499116509979,0.3455499116509979,0.3455499116509979,0.3455499116509979,0.29638574,0.29176128,0.35774165
0.3583984375,0.4682208261771269,0.45334575886716644,0.45334575886716644,0.4651708736463376,0.45334575886716644,0.45334575886716644,0.45334575886716644,0.45334575886716644,0.45334575886716644,0.45334575886716644,0.45334575886716644,0.45334575886716644,0.45334575886716644,0.2922736,0.22409637,0.29761323,-0.8330322895068949,-0.8328579950243277,-0.8328579950243277,-0.8330570130889898,-0.8328579950243277,-0.8328579950243277,-0.8328579950243277,-0.8328579950243277,-0.8328579950243277,-0.8328579950243277,-0.8328579950243277,-0.8328579950243277,-0.8328579950243277,1.0027913,0.97965026,1.082979,0.3456455880228083,0.3455499116509979,0.3455499116509979,0.34565977723402463,0.3455499116509979,0.3455499116509979,0.3455499116509979,0.3455499116509979,0.3455499116509979,0.3455499116509979,0.3455499116509979,0.3455499116509979,0.3455499116509979,0.29532135,0.29012796,0.35641047
0.3603515625,0.4682208261771269,0.4568880194916583,0.4552543912302028,0.4664109556833891,0.45523623712888717,0.4552321908244835,0.4552382352865405,0.45525294311219044,0.45524752473791824,0.4552531353889299,0.45524895200435145,0.45524784961756165,0.455249273993371,0.29453933,0.22438984,0.2993166,-0.8330322895068949,-0.8327301015256621,-0.8327595870780343,-0.8330526616813815,-0.8327600115606746,-0.8327601061767456,-0.8327599648377153,-0.8327596209369619,-0.8327597476276785,-0.8327596164412633,-0.8327597142554928,-0.8327597400313602,-0.8327597067268101,1.001768,0.9754603,1.083569,0.3456455880228083,0.3454819041967544,0.34550014247472755,0.34565721163950514,0.34550045078057057,0.3455004168464397,0.3455005194977815,0.34550016706769743,0.34550016380231713,0.3455002590863805,0.34550023484752773,0.3455002293792814,0.3455002535690436,0.29384503,0.28798229,0.35455862
0.3623046875,0.4682208261771269,0.4568880194916583,0.4563434767378398,0.467121527248613,0.45631596946105724,0.45630983845995493,0.4563189970896173,0.45634128253487233,0.45633307255971434,0.45634157387452057,0.4563352351681595,0.45633356482061543,0.45633572304915837,0.29661435,0.22490673,0.30075654,-0.8330322895068949,-0.8327301015256621,-0.832739906586893,-0.8330488675368686,-0.8327404979069795,-0.8327406297139697,-0.8327404328189798,-0.8327399537527513,-0.8327401302356743,-0.8327399474901849,-0.8327400837472856,-0.8327401196537771,-0.8327400732596403,0.9994323,0.9708648,1.0835004,0.3456455880228083,0.3454819041967544,0.34548798364035743,0.3456542229721234,0.3454883963692955,0.3454883509416858,0.34548848836100204,0.34548801656295935,0.3454880121915957,0.345488139748344,0.3454881072997989,0.3454880999794592,0.3454881323622867,0.29188618,0.2854101,0.3522831
0.3642578125,0.4682208261771269,0.4568880194916583,0.4574325622454768,0.4674794638663986,0.45741051665741816,0.45740560299309013,0.4574129431372387,0.4574308037109944,0.4574242238618972,0.457431037203896,0.45742595707508626,0.4574246183822682,0.4574263480852036,0.29820892,0.22555315,0.3019359,-0.8330322895068949,-0.8327301015256621,-0.8327203198089652,-0.8330423360531007,-0.8327207667286958,-0.8327208663469488,-0.8327207175357135,-0.832720355457318,-0.8327204888439876,-0.8327203507240215,-0.8327204537079258,-0.8327204808461643,-0.8327204457813234,0.9954666,0.9656806,1.0827184,0.3456455880228083,0.3454819041967544,0.34547582473562327,0.34565269822845185,0.3454761278668743,0.34547609450229255,0.3454761954307379,0.3454758489158259,0.3454758457052516,0.3454759393900718,0.34547591555804286,0.34547591018157525,0.3454759339653376,0.2893943,0.28251645,0.3497315
0.3662109375,0.4682208261771269,0.4568880194916583,0.4585216477531138,0.4676546093855637,0.4585893547192707,0.4585819024532367,0.4586044456891046,0.458527048608576,0.45852633149928673,0.45854725680710345,0.458541933719036,0.45854073283890023,0.4585460451461879,0.2990955,0.22623381,0.3029226,-0.8330322895068949,-0.8327301015256621,-0.832700826076485,-0.8330333116836469,-0.8326993761453996,-0.8326995357132114,-0.8326990530336568,-0.8327007104025337,-0.832700725761215,-0.8327002776133876,-0.8327003916116715,-0.8327004173298677,-0.8327003035618643,0.98971295,0.9597331,1.0812683,0.3456455880228083,0.3454819041967544,0.3454636657610264,0.34565222204885043,0.3454626415844035,0.3454624133091911,0.34546275431191686,0.3454635840644262,0.3454632783829935,0.34546359491185424,0.3454633589032463,0.3454632967113103,0.345463377068486,0.28638753,0.2794205,0.34709716
0.3681640625,0.4682208261771269,0.46205844292826265,0.4602944439260671,0.46776158347182195,0.460082554120927,0.45965843458618794,0.46029276217261106,0.46028075775474236,0.460221300514652,0.4602943207070681,0.46023471690921924,0.4601386180151843,0.46029376297669655,0.299169,0.22685789,0.3038284,-0.8330322895068949,-0.8327006428355108,-0.8326944144043211,-0.8330260739968252,-0.8326930466165642,-0.8326944035532503,-0.8326903050586428,-0.8326943260956055,-0.8326944136092856,-0.8326939423924594,-0.8326940289828861,-0.8326944100106844,-0.8326934086418962,0.98227775,0.9528804,1.079296,0.3456455880228083,0.3454526418158138,0.34545812869098075,0.3456509482606762,0.34545881518855803,0.34545813413966175,0.3454601892839914,0.3454581730325462,0.34545812909019563,0.34545836566690763,0.3454583221993929,0.3454581308971757,0.3454586335482925,0.28299746,0.2762521,0.34460062
0.3701171875,0.4682208261771269,0.46205844292826265,0.46147044326086417,0.46785120483254483,0.4613658377756597,0.4611564589917831,0.4614696130149911,0.4614636866894894,0.4614343339160303,0.46147038243026794,0.461440957304364,0.4613935153265327,0.46147010709065883,0.2984746,0.22734687,0.3047728,-0.8330322895068949,-0.8327006428355108,-0.8326985719825718,-0.8330242904139026,-0.8326979197222794,-0.8326985668067951,-0.8326966132663933,-0.8326985298613702,-0.8326985716033528,-0.832698346858664,-0.8326983881548533,-0.8326985698868793,-0.8326980923325145,0.97357297,0.9450388,1.0770069,0.3456455880228083,0.3454526418158138,0.3454544707749974,0.3456464620427064,0.3454548087852128,0.34545447345775937,0.3454554853476608,0.34545449260741273,0.34545447097155846,0.34545458745461827,0.3454545660525569,0.3454544718612595,0.3454547193511443,0.27948144,0.27314985,0.34245914
0.3720703125,0.4682208261771269,0.46205844292826265,0.4626464425956611,0.46793234863683997,0.4628228583889618,0.4626478427945517,0.46317597299079855,0.46265783746560263,0.4626465451856722,0.4627073405371217,0.46269617027865056,0.46264700954234983,0.4627761805585943,0.29718658,0.22764242,0.30584115,-0.8330322895068949,-0.8327006428355108,-0.8327027084245562,-0.8330292726524352,-0.8327037747242446,-0.8327059065941632,-0.8327027168908983,-0.8327027773224697,-0.8327030765983253,-0.8327027090448713,-0.8327030090729859,-0.8327034926712523,-0.8327027118526216,0.9642564,0.93620515,1.0746031,0.3456455880228083,0.3454526418158138,0.34545081285583956,0.3456409994291331,0.3454502440888056,0.3454491056416608,0.3454508083415792,0.3454507761186227,0.34545061652003145,0.345450812525088,0.34545065253310164,0.34545039457881693,0.34545081102799574,0.2761869,0.27025846,0.340851
0.3740234375,0.4682208261771269,0.46205844292826265,0.4638224419304582,0.4679928087820303,0.4639625214275021,0.4638235537308967,0.464242905144281,0.4638314898032162,0.4638225233900423,0.4638707967452466,0.46386192722081676,0.4638228921033453,0.46392545781273925,0.29554373,0.22771135,0.30704978,-0.8330322895068949,-0.8327006428355108,-0.8327068238910438,-0.8330378561161302,-0.8327077592067339,-0.832709629643012,-0.8327068313167983,-0.8327068843210725,-0.8327071468216725,-0.8327068244351166,-0.83270708759288,-0.8327075117866372,-0.8327068268977688,0.95508695,0.92647004,1.0722259,0.3456455880228083,0.3454526418158138,0.34544715493353145,0.34563550660240233,0.3454466991890778,0.3454457869685545,0.34544715131632264,0.34544712549655293,0.3454469976126062,0.3454471546685052,0.3454470264693367,0.3454468197744556,0.34544715346890764,0.27348036,0.2677231,0.33989063
0.3759765625,0.4682208261771269,0.46629601417003436,0.4651322843052969,0.46802525333348005,0.4650519522057856,0.4648235452526662,0.4650762372932592,0.46511935565499785,0.464751893937556,0.4651319331976175,0.465099757484912,0.46504525764261306,0.4651185524681124,0.29377413,0.2275475,0.30832556,-0.8330322895068949,-0.8327622979226337,-0.8327175192633152,-0.8330472816665997,-0.8327146736542509,-0.8327155340101174,-0.8327065774062254,-0.8327170613572821,-0.8327175068281442,-0.8327040359715381,-0.8327163671821192,-0.8327170329092252,-0.8327144364679366,0.94675076,0.91601586,1.069933,0.3456455880228083,0.345452640568272,0.3454433914419792,0.34563291866663953,0.34544285487483367,0.3454413292539524,0.34544301708387476,0.34544330508694976,0.3454408506638089,0.34544338909680733,0.34544317418376375,0.34544281015935707,0.34544329972217913,0.27167028,0.26568234,0.33962134
0.3779296875,0.4682208261771269,0.46629601417003436,0.46590810421512185,0.46803512785157986,0.46594482562515677,0.4659337244257573,0.4660492350135749,0.4659140141598602,0.46590826471346736,0.4660819882633681,0.4659229728755422,0.4659143813126564,0.46594788584393304,0.29203555,0.22716838,0.30950886,-0.8330322895068949,-0.8327622979226337,-0.8327473965576732,-0.8330556299052332,-0.8327487238426882,-0.8327524965477915,-0.8327483226150284,-0.8327476101850864,-0.8327536796979828,-0.8327474023592959,-0.8327479340064193,-0.8327488344439896,-0.8327476234564195,0.9397247,0.90510046,1.067717,0.3456455880228083,0.345452640568272,0.34544955756766,0.34563257008026466,0.34544981545072073,0.34544973749047886,0.345450548683643,0.345449599071389,0.3454495586947907,0.34545077869843727,0.345449661985685,0.34544960164979027,0.34544983694167214,0.27095082,0.2642567,0.3400292
0.3798828125,0.4682208261771269,0.46629601417003436,0.46668392412494686,0.4680371502204248,0.4667107014914506,0.4667026064622928,0.4667868371424904,0.4666882336750465,0.46668404116084,0.46681072091419384,0.4666947663984085,0.46668850140400836,0.46671293301250816,0.29038817,0.2266071,0.31037885,-0.8330322895068949,-0.8327622979226337,-0.8327771745154197,-0.8330645855331912,-0.8327781162578558,-0.8327807933084782,-0.8327778315723805,-0.8327773260867699,-0.8327816329199557,-0.8327771786317306,-0.8327775558440936,-0.8327781947341113,-0.832777335502983,0.9342084,0.8940289,1.0655469,0.3456455880228083,0.345452640568272,0.34545572352753634,0.345633995156672,0.3454559023724108,0.34545584830607806,0.3454564108782314,0.3454557523108465,0.3454557243092144,0.34545657039635175,0.3454557959426325,0.34545575409899726,0.3454559172766361,0.271378,0.2635377,0.34106457
0.3818359375,0.4682208261771269,0.46629601417003436,0.4674597440347718,0.4680360971092237,0.46747657735774445,0.46747148849882814,0.46752443927140586,0.46746245319023283,0.4674598176082126,0.4675394535650195,0.4674665599212747,0.4674626214953603,0.46747798018108316,0.28879815,0.22590286,0.31069666,-0.8330322895068949,-0.8327622979226337,-0.8328068536311471,-0.8330721475096762,-0.8328074123647056,-0.8328090007829195,-0.832807243458969,-0.8328069435564582,-0.8328094990030769,-0.8328068560732926,-0.8328070798696703,-0.83280745892556,-0.8328069491429955,0.93013275,0.8831152,1.0634038,0.3456455880228083,0.345452640568272,0.3454618893224336,0.3456359711669305,0.34546198913334997,0.34546195895965404,0.34546227292378767,0.3454619053860092,0.3454618897586775,0.3454623619488178,0.34546192973631956,0.34546190638395186,0.34546199745119893,0.27287453,0.26357558,0.34265956
0.3837890625,0.4682208261771269,0.46826500220686246,0.4679861760112203,0.4680329564061279,0.46797801475152306,0.4679690863060917,0.4679814924680834,0.4679809095016517,0.46798060627991045,0.46798596219245714,0.46798387553387966,0.46797925631445486,0.467985028516475,0.28716442,0.22509058,0.3102552,-0.8330322895068949,-0.8329386818361011,-0.8327810648927969,-0.8330754855841005,-0.8327816154086027,-0.8327822176967313,-0.8327813808177227,-0.8327814201417331,-0.8327814405955996,-0.832781079315645,-0.832781220068998,-0.832781531658036,-0.8327811422956183,0.9272264,0.8726455,1.0612893,0.3456455880228083,0.3455019669321728,0.3454724127849176,0.3456379049455777,0.3454724630576573,0.3454724416351944,0.34547251805613793,0.34547244522622295,0.34547241410202567,0.34547244709404545,0.345472426955689,0.34547241985340155,0.34547245540972765,0.2752557,0.26437086,0.34473443
0.3857421875,0.4682208261771269,0.46826500220686246,0.4681720601416484,0.4680324694890192,0.4681767207135277,0.4681747347274659,0.4681818193947666,0.46817506763648475,0.4681721822450677,0.4681752407944007,0.4681733738530607,0.4681727154304077,0.46817601170615625,0.28535843,0.22419393,0.30892375,-0.8330322895068949,-0.8329386818361011,-0.8328861637151996,-0.8330755927456679,-0.832887076191917,-0.832888074423692,-0.8328866873650227,-0.8328867525439478,-0.8328867864458068,-0.8328861876216237,-0.8328864209239023,-0.8328869373790684,-0.8328862920129423,0.9251144,0.8628526,1.0592104,0.3456455880228083,0.3455019669321728,0.34549211606657826,0.34564057061577474,0.34549230495329386,0.34549222446396655,0.34549251159581446,0.3454922379563205,0.34549212101526766,0.3454922449741772,0.3454921693095523,0.34549214262456057,0.3454922762181879,0.27826837,0.26587164,0.34719586
0.3876953125,0.4682208261771269,0.46826500220686246,0.4683579442720765,0.4680544852229681,0.46836066469197557,0.4683595054531221,0.4683636408404527,0.46835969977526604,0.46835801554499756,0.4683598008491798,0.4683587110978567,0.4683583267703249,0.46836025083766497,0.2832654,0.22322488,0.30667624,-0.8330322895068949,-0.8329386818361011,-0.8329911791133606,-0.8330723938590954,-0.8329909945375908,-0.8329910731896735,-0.8329907926135369,-0.8329910600052699,-0.8329911742775892,-0.8329910531475934,-0.832991127085345,-0.8329911531613886,-0.8329910226167495,0.9234202,0.8539047,1.057164,0.3456455880228083,0.3455019669321728,0.3455118172813538,0.34564279958407584,0.3455118005310029,0.3455117822060554,0.3455118076687464,0.3455118064722531,0.34551180584991403,0.3455118168425075,0.34551181255980357,0.3455118030792146,0.3455118149262104,0.2816349,0.26797843,0.3499374
0.3896484375,0.4682208261771269,0.46826500220686246,0.46854382840250464,0.46810118954097074,0.46854460867042347,0.46854427617877836,0.46854546228613886,0.4685443319140473,0.46854384884492745,0.4685443609039589,0.4685440483426528,0.46854393811024214,0.4685444899691738,0.28081676,0.22218747,0.3035981,-0.8330322895068949,-0.8329386818361011,-0.8330961111865697,-0.833068342475559,-0.8330948312895228,-0.8330953766850949,-0.8330934310827514,-0.8330952852608823,-0.8330960776541915,-0.8330952377078802,-0.8330957504116667,-0.833095931229395,-0.8330950259984948,0.9218432,0.84591293,1.0551314,0.3456455880228083,0.3455019669321728,0.3455315164317044,0.3456450999298759,0.3455312940871655,0.3455310508411437,0.3455313888337634,0.3455313729514821,0.3455313646905376,0.3455315106064513,0.345531453757762,0.3455313279122009,0.34553148516949145,0.28509328,0.27055556,0.35284528
0.3916015625,0.4682208261771269,0.4686367704677187,0.4686367704677187,0.4681501084389871,0.4686367704677187,0.4686367704677187,0.4686367704677187,0.4686367704677187,0.4686367704677187,0.4686367704677187,0.4686367704677187,0.4686367704677187,0.4686367704677187,0.27800602,0.22108433,0.29987013,-0.8330322895068949,-0.8331485460073024,-0.8331485460073024,-0.8330638921494852,-0.8331485460073024,-0.8331485460073024,-0.8331485460073024,-0.8331485460073024,-0.8331485460073024,-0.8331485460073024,-0.8331485460073024,-0.8331485460073024,-0.8331485460073024,0.920197,0.8389473,1.0530823,0.3456455880228083,0.3455626949851931,0.3455626949851931,0.3456473858361336,0.3455626949851931,0.3455626949851931,0.3455626949851931,0.3455626949851931,0.3455626949851931,0.3455626949851931,0.3455626949851931,0.3455626949851931,0.3455626949851931,0.28842476,0.27344564,0.35580665
0.3935546875,0.4682208261771269,0.4686367704677187,0.4686367704677187,0.4681894981338126,0.4686367704677187,0.4686367704677187,0.4686367704677187,0.4686367704677187,0.4686367704677187,0.4686367704677187,0.4686367704677187,0.4686367704677187,0.4686367704677187,0.2748859,0.21992369,0.2957375,-0.8330322895068949,-0.8331485460073024,-0.8331485460073024,-0.8330586813581792,-0.8331485460073024,-0.8331485460073024,-0.8331485460073024,-0.8331485460073024,-0.8331485460073024,-0.8331485460073024,-0.8331485460073024,-0.8331485460073024,-0.8331485460073024,0.91840625,0.8330512,1.0509796,0.3456455880228083,0.3455626949851931,0.3455626949851931,0.34564894915879996,0.3455626949851931,0.3455626949851931,0.3455626949851931,0.3455626949851931,0.3455626949851931,0.3455626949851931,0.3455626949851931,0.3455626949851931,0.3455626949851931,0.2914654,0.27648377,0.3587147
0.3955078125,0.4682208261771269,0.4686367704677187,0.4686367704677187,0.46821046944771105,0.4686367704677187,0.4686367704677187,0.4686367704677187,0.4686367704677187,0.4686367704677187,0.4686367704677187,0.4686367704677187,0.4686367704677187,0.4686367704677187,0.27155268,0.21872325,0.2914717,-0.8330322895068949,-0.8331485460073024,-0.8331485460073024,-0.8330537475529985,-0.8331485460073024,-0.8331485460073024,-0.8331485460073024,-0.8331485460073024,-0.8331485460073024,-0.8331485460073024,-0.8331485460073024,-0.8331485460073024,-0.8331485460073024,0.9164716,0.8282511,1.0487795,0.3456455880228083,0.3455626949851931,0.3455626949851931,0.3456490915941469,0.3455626949851931,0.3455626949851931,0.3455626949851931,0.3455626949851931,0.3455626949851931,0.3455626949851931,0.3455626949851931,0.3455626949851931,0.3455626949851931,0.29410198,0.27950907,0.36146918
0.3974609375,0.4682208261771269,0.4686367704677187,0.4686367704677187,0.46821503709325657,0.4686367704677187,0.4686367704677187,0.4686367704677187,0.4686367704677187,0.4686367704677187,0.4686367704677187,0.4686367704677187,0.4686367704677187,0.4686367704677187,0.26812318,0.21751228,0.2873363,-0.8330322895068949,-0.8331485460073024,-0.8331485460073024,-0.8330470840841222,-0.8331485460073024,-0.8331485460073024,-0.8331485460073024,-0.8331485460073024,-0.8331485460073024,-0.8331485460073024,-0.8331485460073024,-0.8331485460073024,-0.8331485460073024,0.9144242,0.82456064,1.0464313,0.3456455880228083,0.3455626949851931,0.3455626949851931,0.345646969538121,0.3455626949851931,0.3455626949851931,0.3455626949851931,0.3455626949851931,0.3455626949851931,0.3455626949851931,0.3455626949851931,0.3455626949851931,0.3455626949851931,0.296259,0.28237352,0.36397555
0.3994140625,0.4682208261771269,0.4684529909454618,0.4684529909454618,0.46821467918805665,0.4684529909454618,0.4684529909454618,0.4684529909454618,0.4684529909454618,0.4684529909454618,0.4684529909454618,0.4684529909454618,0.4684529909454618,0.4684529909454618,0.2647143,0.21633056,0.28356138,-0.8330322895068949,-0.8333338884377386,-0.8333338884377386,-0.8330383318630302,-0.8333338884377386,-0.8333338884377386,-0.8333338884377386,-0.8333338884377386,-0.8333338884377386,-0.8333338884377386,-0.8333338884377386,-0.8333338884377386,-0.8333338884377386,0.9122852,0.8219763,1.0438778,0.3456455880228083,0.3456017540858844,0.3456017540858844,0.3456443922880536,0.3456017540858844,0.3456017540858844,0.3456017540858844,0.3456017540858844,0.3456017540858844,0.3456017540858844,0.3456017540858844,0.3456017540858844,0.3456017540858844,0.29788357,0.28494856,0.36614546
0.4013671875,0.4682208261771269,0.4684529909454618,0.4684529909454618,0.46820548188932604,0.4684529909454618,0.4684529909454618,0.4684529909454618,0.4684529909454618,0.4684529909454618,0.4684529909454618,0.4684529909454618,0.4684529909454618,0.4684529909454618,0.26142624,0.21522613,0.28032959,-0.8330322895068949,-0.8333338884377386,-0.8333338884377386,-0.8330280768748081,-0.8333338884377386,-0.8333338884377386,-0.8333338884377386,-0.8333338884377386,-0.8333338884377386,-0.8333338884377386,-0.8333338884377386,-0.8333338884377386,-0.8333338884377386,0.9100416,0.8204725,1.0410602,0.3456455880228083,0.3456017540858844,0.3456017540858844,0.34564328693156615,0.3456017540858844,0.3456017540858844,0.3456017540858844,0.3456017540858844,0.3456017540858844,0.3456017540858844,0.3456017540858844,0.3456017540858844,0.3456017540858844,0.29893443,0.28713116,0.3679011
0.4033203125,0.4682208261771269,0.4684529909454618,0.4684529909454618,0.46818859237787047,0.4684529909454618,0.4684529909454618,0.4684529909454618,0.4684529909454618,0.4684529909454618,0.4684529909454618,0.4684529909454618,0.4684529909454618,0.4684529909454618,0.25833377,0.21425314,0.2777714,-0.8330322895068949,-0.8333338884377386,-0.8333338884377386,-0.833018777083092,-0.8333338884377386,-0.8333338884377386,-0.8333338884377386,-0.8333338884377386,-0.8333338884377386,-0.8333338884377386,-0.8333338884377386,-0.8333338884377386,-0.8333338884377386,0.9076401,0.8199949,1.0379258,0.3456455880228083,0.3456017540858844,0.3456017540858844,0.34564405515153274,0.3456017540858844,0.3456017540858844,0.3456017540858844,0.3456017540858844,0.3456017540858844,0.3456017540858844,0.3456017540858844,0.3456017540858844,0.3456017540858844,0.29937702,0.28884968,0.36918268
0.4052734375,0.4682208261771269,0.4684529909454618,0.4684529909454618,0.4681726782369108,0.4684529909454618,0.4684529909454618,0.4684529909454618,0.4684529909454618,0.4684529909454618,0.4684529909454618,0.4684529909454618,0.4684529909454618,0.4684529909454618,0.25548378,0.21346755,0.2759675,-0.8330322895068949,-0.8333338884377386,-0.8333338884377386,-0.8330159937791574,-0.8333338884377386,-0.8333338884377386,-0.8333338884377386,-0.8333338884377386,-0.8333338884377386,-0.8333338884377386,-0.8333338884377386,-0.8333338884377386,-0.8333338884377386,0.90500367,0.8204577,1.0344384,0.3456455880228083,0.3456017540858844,0.3456017540858844,0.34564505429555076,0.3456017540858844,0.3456017540858844,0.3456017540858844,0.3456017540858844,0.3456017540858844,0.3456017540858844,0.3456017540858844,0.3456017540858844,0.3456017540858844,0.29918864,0.290069,0.36995897
0.4072265625,0.4682208261771269,0.46740742614068,0.46773185961043884,0.46816604703019143,0.4677545303964278,0.4677390141197367,0.4677643058981213,0.4677325823255237,0.46773186960846946,0.46773294497752543,0.46774100549629105,0.4677336125059678,0.4677410391113897,0.25289896,0.21292341,0.27495438,-0.8330322895068949,-0.8334941965960965,-0.8334394276008887,-0.8330224657211179,-0.8334318404092937,-0.8334370331345675,-0.8334285690864713,-0.833439185719768,-0.8334394242547035,-0.8334390643462546,-0.8334363666750442,-0.8334388409362266,-0.8334363554250345,0.90206254,0.8217411,1.0305902,0.3456455880228083,0.34561028390276877,0.3456135027438637,0.34564536741568774,0.34561388906206914,0.3456136246603938,0.34561405563674963,0.3456135150593504,0.34561350291423604,0.34561352123914796,0.345613658594287,0.34561353261420724,0.3456136591671017,0.29837108,0.29079464,0.37023658
0.4091796875,0.4682208261771269,0.46740742614068,0.46751557063059956,0.46816507013849956,0.46752345439130905,0.46751805860959267,0.46752685381981607,0.46751582195460717,0.46751557410741246,0.4675159480667589,0.4675187511103399,0.46751618019962404,0.46751876279998283,0.25058767,0.21266836,0.27473226,-0.8330322895068949,-0.8334941965960965,-0.8334759318183459,-0.8330343486758298,-0.8334733060873258,-0.8334751031733303,-0.8334721739157908,-0.8334758481120995,-0.8334759306603542,-0.8334758061090836,-0.8334748725309532,-0.8334757287947815,-0.8334748686376392,0.89879835,0.8236921,1.0264107,0.3456455880228083,0.34561028390276877,0.34561135691214284,0.3456443650363902,0.34561149064596847,0.3456113991163724,0.3456115483107631,0.34561136117542274,0.345611356971121,0.3456113633146981,0.3456114108634183,0.34561136725243136,0.3456114110617123,0.29696918,0.29107052,0.37006506
0.4111328125,0.4682208261771269,0.46740742614068,0.4672992816507604,0.4681673481460357,0.4672812148971477,0.46727342462553456,0.46729358009472405,0.467298705706222,0.4672984167023752,0.4672992736831515,0.4672919931312383,0.46729196634276676,0.4672978847370563,0.24855557,0.21273804,0.27527195,-0.8330322895068949,-0.8334941965960965,-0.8335124698276801,-0.833046174861952,-0.8335180543595238,-0.8335204625081164,-0.8335142321630383,-0.8335126478486072,-0.8335127371780903,-0.8335124722904163,-0.8335147226967572,-0.8335147309771581,-0.8335129016059033,0.8952856,0.82612455,1.0219742,0.3456455880228083,0.34561028390276877,0.34560921083099466,0.3456417599947938,0.34560892305858976,0.3456087989711227,0.3456091200156134,0.3456092016572757,0.3456091970539829,0.3456092107040855,0.34560909473807816,0.3456090943113846,0.3456091885807627,0.29508844,0.29097378,0.36953574
0.4130859375,0.4682208261771269,0.46740742614068,0.4670829926709211,0.46818665179369134,0.46707050487783536,0.467065120219248,0.4670790517386665,0.46708259457636697,0.4670823948160604,0.4670829871636865,0.4670779548248507,0.4670779363085806,0.4670820271200718,0.24681482,0.21315101,0.27652106,-0.8330322895068949,-0.8334941965960965,-0.8335490416758349,-0.8330549721329841,-0.8335536863449255,-0.8335556891739402,-0.8335505074265215,-0.8335491897379944,-0.8335492640343644,-0.8335490437241231,-0.8335509154060086,-0.8335509222928545,-0.8335494007908142,0.89171493,0.82882226,1.0173953,0.3456455880228083,0.34561028390276877,0.34560706450007267,0.3456393295508267,0.34560683205609777,0.3456067318264601,0.3456069911451959,0.3456070570901242,0.34560705337187636,0.34560706439756356,0.3456069707276262,0.3456069703829705,0.3456070465277472,0.29290158,0.29060155,0.36877275
0.4150390625,0.4682208261771269,0.46672267910674803,0.46679604977674305,0.468209456126943,0.4667942053261295,0.46679359275264815,0.4667948637914438,0.46679603930530705,0.4667958536976464,0.4667960427774042,0.46679556956607954,0.46679535719637366,0.466795597875837,0.24538584,0.2139042,0.2784068,-0.8330322895068949,-0.8336260270264112,-0.8335465786365096,-0.8330606102148167,-0.8335485755676757,-0.8335492387860379,-0.8335478626652867,-0.8335465899735737,-0.8335467909246964,-0.8335465862144532,-0.8335470985446224,-0.8335473284705803,-0.8335470678945599,0.88837993,0.8315439,1.0128194,0.3456455880228083,0.3455845862222825,0.3456148314591639,0.3456379090132937,0.34561407114463627,0.34561381863105994,0.34561434257554274,0.34561482714265845,0.34561475063199537,0.3456148285739164,0.3456146335080727,0.34561454596561286,0.3456146451778428,0.29063636,0.2900557,0.3679168
0.4169921875,0.4682208261771269,0.46672267910674803,0.46674713599674633,0.4682244858232133,0.46674652117987514,0.4667463169887147,0.46674674066831323,0.46674713250626765,0.46674707063704746,0.4667471336636334,0.46674697592652514,0.4667469051366232,0.466746985363111,0.24428882,0.21497145,0.28083694,-0.8330322895068949,-0.8336260270264112,-0.8335995414544553,-0.8330648717659785,-0.8336002072359461,-0.8336004283537131,-0.8335999695530357,-0.8335995452342686,-0.8335996122319966,-0.8335995439809658,-0.8335997147933658,-0.8335997914512879,-0.8335997045745503,0.88562274,0.834036,1.0084046,0.3456455880228083,0.3455845862222825,0.3455946680988556,0.3456377279724096,0.34559441465417945,0.34559433048086513,0.3455945051334499,0.3455946666599831,0.34559464115576727,0.3455946671370815,0.3455946021134503,0.3455945729318784,0.34559460600347397,0.28942823,0.2885434,0.36710787
0.4189453125,0.4682208261771269,0.46672267910674803,0.4666982222167497,0.46822986589367355,0.4666988370336209,0.4666986175451828,0.46669904122478134,0.4666982257072284,0.46669822454986265,0.4666982875764486,0.4666983822869709,0.46669837285038507,0.46669845307687285,0.24352723,0.21630456,0.28369784,-0.8330322895068949,-0.8336260270264112,-0.8336525153742712,-0.8330698259391869,-0.8336518494549688,-0.8336520871866749,-0.8336516282922083,-0.8336525115936655,-0.833652512847231,-0.8336524445819127,-0.833652341999143,-0.8336523522200869,-0.8336522653252797,0.88375056,0.8360534,1.0042994,0.3456455880228083,0.3455845862222825,0.345574504214736,0.3456396843555235,0.34557475766591444,0.34557466718434166,0.3455748418413517,0.3455745056536459,0.34557450517653515,0.3455745311585235,0.3455745702018502,0.345574566311726,0.3455745993841742,0.28879106,0.2868527,0.36646724
0.4208984375,0.4682208261771269,0.46672267910674803,0.466649308436753,0.4682306669057571,0.4666511528873666,0.46665049442205225,0.4666517654608479,0.466649318908189,0.46664931543609184,0.46664950451584963,0.4666497886474165,0.46664976033765904,0.4666500010171224,0.24307069,0.21783833,0.2868521,-0.8330322895068949,-0.8336260270264112,-0.833705500399449,-0.8330733689409535,-0.8337035022279791,-0.8337042155695299,-0.8337028386046758,-0.8337054890552543,-0.833705492816739,-0.8337052879779085,-0.8337049801653774,-0.8337050108345967,-0.8337047500959491,0.88294995,0.8373871,1.0006241,0.3456455880228083,0.3455845862222825,0.34555433980664046,0.3456428909028522,0.34555510017968843,0.34555482872806126,0.34555535271237076,0.3455543441234823,0.3455543426921128,0.3455544206401009,0.34555453777311107,0.34555452610243714,0.3455546253223402,0.28819266,0.28573102,0.36608583
0.4228515625,0.4682208261771269,0.4666248515467547,0.4666248515467547,0.4682289051496147,0.4666248515467547,0.4666248515467547,0.4666248515467547,0.4666248515467547,0.4666248515467547,0.4666248515467547,0.4666248515467547,0.4666248515467547,0.4666248515467547,0.24284329,0.2194961,0.29013926,-0.8330322895068949,-0.8337319970776398,-0.8337319970776398,-0.8330740791194163,-0.8337319970776398,-0.8337319970776398,-0.8337319970776398,-0.8337319970776398,-0.8337319970776398,-0.8337319970776398,-0.8337319970776398,-0.8337319970776398,-0.8337319970776398,0.88322866,0.83788836,0.99745846,0.3456455880228083,0.34553227276386256,0.34553227276386256,0.3456460658197528,0.34553227276386256,0.34553227276386256,0.34553227276386256,0.34553227276386256,0.34553227276386256,0.34553227276386256,0.34553227276386256,0.34553227276386256,0.34553227276386256,0.28765893,0.2852552,0.36601758
0.4248046875,0.4682208261771269,0.4666248515467547,0.4666248515467547,0.46822201102305144,0.4666248515467547,0.4666248515467547,0.4666248515467547,0.4666248515467547,0.4666248515467547,0.4666248515467547,0.4666248515467547,0.4666248515467547,0.4666248515467547,0.2427242,0.22119626,0.29338154,-0.8330322895068949,-0.8337319970776398,-0.8337319970776398,-0.8330690713256659,-0.8337319970776398,-0.8337319970776398,-0.8337319970776398,-0.8337319970776398,-0.8337319970776398,-0.8337319970776398,-0.8337319970776398,-0.8337319970776398,-0.8337319970776398,0.88440037,0.8374847,0.99483466,0.3456455880228083,0.34553227276386256,0.34553227276386256,0.3456472066669166,0.34553227276386256,0.34553227276386256,0.34553227276386256,0.34553227276386256,0.34553227276386256,0.34553227276386256,0.34553227276386256,0.34553227276386256,0.34553227276386256,0.28719744,0.2854055,0.36627883
0.4267578125,0.4682208261771269,0.4666248515467547,0.4666248515467547,0.46821371082773594,0.4666248515467547,0.4666248515467547,0.4666248515467547,0.4666248515467547,0.4666248515467547,0.4666248515467547,0.4666248515467547,0.4666248515467547,0.4666248515467547,0.24256131,0.22285709,0.29639795,-0.8330322895068949,-0.8337319970776398,-0.8337319970776398,-0.8330592876991252,-0.8337319970776398,-0.8337319970776398,-0.8337319970776398,-0.8337319970776398,-0.8337319970776398,-0.8337319970776398,-0.8337319970776398,-0.8337319970776398,-0.8337319970776398,0.8861197,0.83618,0.99273443,0.3456455880228083,0.34553227276386256,0.34553227276386256,0.34564600427057324,0.34553227276386256,0.34553227276386256,0.34553227276386256,0.34553227276386256,0.34553227276386256,0.34553227276386256,0.34553227276386256,0.34553227276386256,0.34553227276386256,0.28680027,0.2860796,0.3668514
0.4287109375,0.4682208261771269,0.4666248515467547,0.4666248515467547,0.46820800280525343,0.4666248515467547,0.4666248515467547,0.4666248515467547,0.4666248515467547,0.4666248515467547,0.4666248515467547,0.4666248515467547,0.4666248515467547,0.4666248515467547,0.24219401,0.2244003,0.29902247,-0.8330322895068949,-0.8337319970776398,-0.8337319970776398,-0.8330460505858519,-0.8337319970776398,-0.8337319970776398,-0.8337319970776398,-0.8337319970776398,-0.8337319970776398,-0.8337319970776398,-0.8337319970776398,-0.8337319970776398,-0.8337319970776398,0.8879492,0.8340434,0.991086,0.3456455880228083,0.34553227276386256,0.34553227276386256,0.3456428002914628,0.34553227276386256,0.34553227276386256,0.34553227276386256,0.34553227276386256,0.34553227276386256,0.34553227276386256,0.34553227276386256,0.34553227276386256,0.34553227276386256,0.2871213,0.28644648,0.36768678
0.4306640625,0.4682208261771269,0.4671568421356186,0.46687876179956045,0.468206701826375,0.46686587249073946,0.4668514957206556,0.46687145557346327,0.4668786246306227,0.466878612001897,0.46687874073155083,0.46687560384548377,0.46687107609918876,0.4668758034764816,0.24148189,0.22575411,0.3011254,-0.8330322895068949,-0.8338530231929759,-0.8338036834557745,-0.8330361916154138,-0.8337973249968603,-0.8338000792452189,-0.8337902323402927,-0.8338036157904525,-0.8338036730629457,-0.8338036095607106,-0.8338021256295951,-0.8338022241086603,-0.833799892044921,0.889439,0.83119,0.9897618,0.3456455880228083,0.3454721252857049,0.3454957833630014,0.345640108914011,0.34549872199332077,0.34549744910860297,0.3455019997406564,0.3454958146361532,0.34549578816629783,0.34549581751537695,0.345496503344866,0.3454964578310135,0.3454975356248306,0.2883544,0.28610325,0.36871108
0.4326171875,0.4682208261771269,0.4671568421356186,0.4670641486902659,0.46820843758211733,0.4670374717407661,0.4670077161988031,0.46704902702413664,0.4670638647922791,0.46706383865465745,0.467064105085893,0.4670576126856906,0.46704824162779,0.46705802586114653,0.24032941,0.22685483,0.30263147,-0.8330322895068949,-0.8338530231929759,-0.8338365831418774,-0.8330329076683252,-0.8338277819348776,-0.8338315943547963,-0.8338179638584159,-0.8338364894841017,-0.8338365687568283,-0.8338364808613101,-0.8338344268890203,-0.8338345631989672,-0.8338313352359558,0.89019907,0.82775795,0.9885824,0.3456455880228083,0.3454721252857049,0.34548001136199485,0.3456396382998965,0.34548412303467757,0.34548234204035577,0.34548870918848645,0.345480055118783,0.3454800180826742,0.345480059147337,0.34548101874655995,0.34548095506447346,0.3454824630921191,0.28961334,0.28572598,0.3698287
0.4345703125,0.4682208261771269,0.4671568421356186,0.46724953558097126,0.4682141348796211,0.46721015402443405,0.4671662277292585,0.46722721238582443,0.4672491164796562,0.46724907789427644,0.46724947121049004,0.4672398868753083,0.4672260529530104,0.46724049682108104,0.23870237,0.22764935,0.30352807,-0.8330322895068949,-0.8338530231929759,-0.8338694567212858,-0.8330333704435561,-0.8338585397233373,-0.8338632687135092,-0.8338463607027125,-0.8338693405515079,-0.8338694388785862,-0.8338693298561003,-0.8338667821648132,-0.8338669512409599,-0.8338629473016408,0.8899435,0.8238925,0.9873246,0.3456455880228083,0.3454721252857049,0.34546423915893065,0.3456412429114018,0.3454693723324748,0.34546714886978297,0.34547509786191305,0.3454642937866445,0.345464247549294,0.34546429881605134,0.3454654968177468,0.34546541731451363,0.345467299995545,0.2907643,0.2852602,0.37092707
0.4365234375,0.4682208261771269,0.4671568421356186,0.46743492247167673,0.4682199818238657,0.46751387028653474,0.46747967355905,0.4676019288937572,0.46743576263991626,0.4674350515145405,0.46743583999164345,0.4674542651359917,0.4674530423837651,0.4674819978624852,0.23663034,0.22809823,0.30386364,-0.8330322895068949,-0.8338530231929759,-0.8339023042250612,-0.8330349961083565,-0.8339283467791403,-0.8339573843401085,-0.8339170673678787,-0.8339025814180776,-0.8339026069383431,-0.8339023467996711,-0.8339086856127328,-0.8339178340658555,-0.833908282227067,0.88850594,0.8197336,0.98574257,0.3456455880228083,0.3454721252857049,0.3454484667540492,0.34564473671426915,0.3454362828998191,0.3454226928461272,0.34544156042615354,0.3454483370932769,0.34544832515580437,0.3454484468392324,0.3454454816520954,0.34544120172087023,0.3454456703564208,0.29171294,0.28464416,0.371883
0.4384765625,0.4682208261771269,0.46810794667239797,0.46785354140129215,0.4682217759367807,0.46773816776571964,0.46772635985440875,0.46784507682286036,0.46785278450630846,0.46785037234103233,0.4678533240113358,0.46782527420342623,0.46781769175581994,0.4678501140562587,0.23419823,0.22817795,0.3037375,-0.8330322895068949,-0.8339948348048083,-0.8339372846971853,-0.8330336813764612,-0.8338977584795005,-0.833934385453233,-0.833893712069946,-0.8339370254536719,-0.833937210239206,-0.8339361992592191,-0.8339276023518511,-0.8339361107931977,-0.8339250049418594,0.8858267,0.8154117,0.983593,0.3456455880228083,0.34540609462344957,0.3454429020192714,0.3456473916552956,0.3454599172285837,0.3454441503783043,0.3454616586331829,0.34544301364647645,0.345442934080039,0.34544336939358805,0.3454470708695054,0.34544340748552343,0.3454481891269383,0.29240116,0.28381392,0.37257227
0.4404296875,0.4682208261771269,0.46810794667239797,0.4680231449153627,0.4682190482122527,0.4680788143280559,0.4680272291943026,0.4680845118124469,0.4680235101279089,0.46802324980909454,0.46802467403180753,0.46803678423855705,0.4680247986578677,0.4680404428768839,0.23152971,0.22788487,0.30328238,-0.8330322895068949,-0.8339948348048083,-0.8339756583873227,-0.8330316313702433,-0.8339927133782007,-0.8339944586418986,-0.8339769097929727,-0.8339757702877786,-0.8339761269046384,-0.8339756905265882,-0.8339798373324694,-0.8339809582593365,-0.8339761650896054,0.88192606,0.81104815,0.98066306,0.3456455880228083,0.34540609462344957,0.345418363824271,0.3456475293522684,0.3454102017427607,0.34540936639169895,0.3454177650014534,0.34541831027808556,0.34541813963055373,0.34541834844511937,0.34541636407284787,0.3454158276551179,0.3454181213583139,0.2927971,0.2827102,0.3728827
0.4423828125,0.4682208261771269,0.46810794667239797,0.46819274842943326,0.4682095174274845,0.46823120630795745,0.46819556995557715,0.4682351422783944,0.46819300072776115,0.46819282089275205,0.4681938047828532,0.4682021708287219,0.46819389087777774,0.46820469831125733,0.22876778,0.22723728,0.30264923,-0.8330322895068949,-0.8339948348048083,-0.8340140042756083,-0.8330291318755672,-0.834027159506737,-0.8340285057565767,-0.8340149695044556,-0.8340140905859766,-0.8340143656497675,-0.8340140290650637,-0.8340172275820456,-0.8340180921859056,-0.8340143951024153,0.87687135,0.80675614,0.9767972,0.3456455880228083,0.34540609462344957,0.3453938253537973,0.34564357313071914,0.34538815336336354,0.3453875728618425,0.34539340921989864,0.3453937881434858,0.34539366955711603,0.34539381466651825,0.345392435686832,0.3453920629195574,0.3453936568593727,0.2928842,0.2812869,0.37272838
0.4443359375,0.4682208261771269,0.46810794667239797,0.4683623519435038,0.46820408997371094,0.46838359828785886,0.4683639107168517,0.4683857727443418,0.4683624913276134,0.4683623919764095,0.46836293553389885,0.46836755741888675,0.4683629830976877,0.4683689537456307,0.22627707,0.22605804,0.30199328,-0.8330322895068949,-0.8339948348048083,-0.8340523223922451,-0.8330336495618679,-0.8340615832206809,-0.8340625309724994,-0.8340530018568674,-0.8340523831495442,-0.8340525767780758,-0.834052339842525,-0.8340545914256684,-0.8340552000669855,-0.8340525975110037,0.87075126,0.8026433,0.9719142,0.3456455880228083,0.34540609462344957,0.3453692866081493,0.3456395428660226,0.34536610476188145,0.3453657791150132,0.34536905316725836,0.34536926573407845,0.34536919921003845,0.3453692806128483,0.3453685070391765,0.3453682979259295,0.3453691920869163,0.29265207,0.2795199,0.37206462
0.4462890625,0.4682208261771269,0.468513670248183,0.468513670248183,0.46820304136625546,0.468513670248183,0.468513670248183,0.468513670248183,0.468513670248183,0.468513670248183,0.468513670248183,0.468513670248183,0.468513670248183,0.468513670248183,0.22506835,0.2235352,0.30146775,-0.8330322895068949,-0.8341599353251719,-0.8341599353251719,-0.8330468633594555,-0.8341599353251719,-0.8341599353251719,-0.8341599353251719,-0.8341599353251719,-0.8341599353251719,-0.8341599353251719,-0.8341599353251719,-0.8341599353251719,-0.8341599353251719,0.86365914,0.79881227,0.96602035,0.3456455880228083,0.3453339338040281,0.3453339338040281,0.34563830064562284,0.3453339338040281,0.3453339338040281,0.3453339338040281,0.3453339338040281,0.3453339338040281,0.3453339338040281,0.3453339338040281,0.3453339338040281,0.3453339338040281,0.29209235,0.2774153,0.37089998
0.4482421875,0.4682208261771269,0.468513670248183,0.468513670248183,0.46820779019400804,0.468513670248183,0.468513670248183,0.468513670248183,0.468513670248183,0.468513670248183,0.468513670248183,0.468513670248183,0.468513670248183,0.468513670248183,0.22369397,0.22131537,0.30121982,-0.8330322895068949,-0.8341599353251719,-0.8341599353251719,-0.8330634632932576,-0.8341599353251719,-0.8341599353251719,-0.8341599353251719,-0.8341599353251719,-0.8341599353251719,-0.8341599353251719,-0.8341599353251719,-0.8341599353251719,-0.8341599353251719,0.8556887,0.7953571,0.959213,0.3456455880228083,0.3453339338040281,0.3453339338040281,0.34563998555925685,0.3453339338040281,0.3453339338040281,0.3453339338040281,0.3453339338040281,0.3453339338040281,0.3453339338040281,0.3453339338040281,0.3453339338040281,0.3453339338040281,0.29119948,0.27501556,0.36930364
0.4501953125,0.4682208261771269,0.468513670248183,0.468513670248183,0.4682196457372015,0.468513670248183,0.468513670248183,0.468513670248183,0.468513670248183,0.468513670248183,0.468513670248183,0.468513670248183,0.468513670248183,0.468513670248183,0.22224607,0.21949221,0.30138928,-0.8330322895068949,-0.8341599353251719,-0.8341599353251719,-0.8330800557470974,-0.8341599353251719,-0.8341599353251719,-0.8341599353251719,-0.8341599353251719,-0.8341599353251719,-0.8341599353251719,-0.8341599353251719,-0.8341599353251719,-0.8341599353251719,0.8469429,0.7923554,0.9516803,0.3456455880228083,0.3453339338040281,0.3453339338040281,0.34564403304341895,0.3453339338040281,0.3453339338040281,0.3453339338040281,0.3453339338040281,0.3453339338040281,0.3453339338040281,0.3453339338040281,0.3453339338040281,0.3453339338040281,0.28997657,0.27240035,0.36740655
0.4521484375,0.4682208261771269,0.468513670248183,0.468513670248183,0.46822563444861426,0.468513670248183,0.468513670248183,0.468513670248183,0.468513670248183,0.468513670248183,0.468513670248183,0.468513670248183,0.468513670248183,0.468513670248183,0.22081283,0.21813786,0.3021038,-0.8330322895068949,-0.8341599353251719,-0.8341599353251719,-0.8330858854200592,-0.8341599353251719,-0.8341599353251719,-0.8341599353251719,-0.8341599353251719,-0.8341599353251719,-0.8341599353251719,-0.8341599353251719,-0.8341599353251719,-0.8341599353251719,0.8375529,0.78985035,0.94369256,0.3456455880228083,0.3453339338040281,0.3453339338040281,0.34564545815064224,0.3453339338040281,0.3453339338040281,0.3453339338040281,0.3453339338040281,0.3453339338040281,0.3453339338040281,0.3453339338040281,0.3453339338040281,0.3453339338040281,0.2884468,0.26968065,0.36539456
0.4541015625,0.4682208261771269,0.46852969703189157,0.46852969703189157,0.4682251759323373,0.46852969703189157,0.46852969703189157,0.46852969703189157,0.46852969703189157,0.46852969703189157,0.46852969703189157,0.46852969703189157,0.46852969703189157,0.46852969703189157,0.21946119,0.21730822,0.30347058,-0.8330322895068949,-0.8343439111858154,-0.8343439111858154,-0.8330819817691163,-0.8343439111858154,-0.8343439111858154,-0.8343439111858154,-0.8343439111858154,-0.8343439111858154,-0.8343439111858154,-0.8343439111858154,-0.8343439111858154,-0.8343439111858154,0.82770824,0.7878251,0.935585,0.3456455880228083,0.34525230952478864,0.34525230952478864,0.34564493811112895,0.34525230952478864,0.34525230952478864,0.34525230952478864,0.34525230952478864,0.34525230952478864,0.34525230952478864,0.34525230952478864,0.34525230952478864,0.34525230952478864,0.28666958,0.26698303,0.36349356
0.4560546875,0.4682208261771269,0.46852969703189157,0.46852969703189157,0.468215145767148,0.46852969703189157,0.46852969703189157,0.46852969703189157,0.46852969703189157,0.46852969703189157,0.46852969703189157,0.46852969703189157,0.46852969703189157,0.46852969703189157,0.21821961,0.2170495,0.30556664,-0.8330322895068949,-0.8343439111858154,-0.8343439111858154,-0.8330638864470521,-0.8343439111858154,-0.8343439111858154,-0.8343439111858154,-0.8343439111858154,-0.8343439111858154,-0.8343439111858154,-0.8343439111858154,-0.8343439111858154,-0.8343439111858154,0.8176813,0.78617513,0.92772925,0.3456455880228083,0.34525230952478864,0.34525230952478864,0.3456396120635792,0.34525230952478864,0.34525230952478864,0.34525230952478864,0.34525230952478864,0.34525230952478864,0.34525230952478864,0.34525230952478864,0.34525230952478864,0.34525230952478864,0.2847562,0.26442698,0.36194754
0.4580078125,0.4682208261771269,0.46852969703189157,0.46852969703189157,0.468205082884477,0.46852969703189157,0.46852969703189157,0.46852969703189157,0.46852969703189157,0.46852969703189157,0.46852969703189157,0.46852969703189157,0.46852969703189157,0.46852969703189157,0.21740398,0.217069,0.3084304,-0.8330322895068949,-0.8343439111858154,-0.8343439111858154,-0.8330458896687547,-0.8343439111858154,-0.8343439111858154,-0.8343439111858154,-0.8343439111858154,-0.8343439111858154,-0.8343439111858154,-0.8343439111858154,-0.8343439111858154,-0.8343439111858154,0.8078395,0.7847021,0.9204967,0.3456455880228083,0.34525230952478864,0.34525230952478864,0.3456362541973165,0.34525230952478864,0.34525230952478864,0.34525230952478864,0.34525230952478864,0.34525230952478864,0.34525230952478864,0.34525230952478864,0.34525230952478864,0.34525230952478864,0.28287748,0.26210365,0.36099446
0.4599609375,0.4682208261771269,0.46852969703189157,0.46852969703189157,0.46820305649509997,0.46852969703189157,0.46852969703189157,0.46852969703189157,0.46852969703189157,0.46852969703189157,0.46852969703189157,0.46852969703189157,0.46852969703189157,0.46852969703189157,0.21840866,0.21594748,0.3120601,-0.8330322895068949,-0.8343439111858154,-0.8343439111858154,-0.8330338255562499,-0.8343439111858154,-0.8343439111858154,-0.8343439111858154,-0.8343439111858154,-0.8343439111858154,-0.8343439111858154,-0.8343439111858154,-0.8343439111858154,-0.8343439111858154,0.7986206,0.78314507,0.914222,0.3456455880228083,0.34525230952478864,0.34525230952478864,0.3456372979526757,0.34525230952478864,0.34525230952478864,0.34525230952478864,0.34525230952478864,0.34525230952478864,0.34525230952478864,0.34525230952478864,0.34525230952478864,0.34525230952478864,0.2812552,0.26006404,0.36084506
0.4619140625,0.4682208261771269,0.4679468250705935,0.46821071506892087,0.4682096908559741,0.46821138086033287,0.4682111760593198,0.46821339623717567,0.46821088232149305,0.46821072407994163,0.468211056596212,0.4682109027406914,0.46821082801419434,0.46821180068573875,0.22008614,0.21477203,0.31641737,-0.8330322895068949,-0.834496801686082,-0.8344447340779784,-0.8330327318557941,-0.8344445179563451,-0.8344445844364543,-0.8344438637513898,-0.8344446797862936,-0.8344447311529193,-0.8344446232151981,-0.8344446731580413,-0.8344446974149254,-0.8344443816777142,0.7904695,0.78125393,0.9091737,0.3456455880228083,0.34515642618022047,0.34520472343465264,0.345644124106355,0.3452049698256254,0.3452048940344401,0.3452057156607566,0.3452047853302009,0.345204726769382,0.3452048498244508,0.34520479288678113,0.3452047652325727,0.34520512519138297,0.2801338,0.2583238,0.36166814
0.4638671875,0.4682208261771269,0.4679468250705935,0.4680347884033693,0.4682246314903149,0.4680358918705164,0.46803555243809725,0.46803923210905796,0.4680350656038789,0.46803480333802483,0.4680353544427306,0.4680350994461816,0.4680349755962295,0.46803658767934564,0.22242792,0.21346784,0.32143375,-0.8330322895068949,-0.834496801686082,-0.8344794392929249,-0.8330347830055055,-0.8344791366679435,-0.8344792297568606,-0.8344782206188958,-0.834479363270773,-0.8344794351970981,-0.8344792840569051,-0.8344793539895383,-0.8344793879553325,-0.8344789458436629,0.7837493,0.7788718,0.90552986,0.3456455880228083,0.34515642618022047,0.3451725253214355,0.3456523666890223,0.3451728518175396,0.3451727513855868,0.34517384013400926,0.34517260734008776,0.34517252974033186,0.3451726928023153,0.34517261735341725,0.3451725807084409,0.34517305769486256,0.27973902,0.25687736,0.36357853
0.4658203125,0.4682208261771269,0.4679468250705935,0.46785886173781766,0.46823861449161464,0.4678596140307972,0.46785938262143745,0.46786189125129385,0.46785905072033324,0.4678588719195766,0.46785924763733333,0.46785907379245345,0.4678589893572714,0.4678600884011477,0.22537705,0.21199314,0.32701656,-0.8330322895068949,-0.834496801686082,-0.8345141706079342,-0.8330331006779161,-0.8345139877866931,-0.8345140440234259,-0.8345134343831747,-0.8345141246815989,-0.8345141681335728,-0.8345140768270727,-0.8345141190746387,-0.8345141395939827,-0.8345138725061425,0.7786521,0.77598214,0.9033555,0.3456455880228083,0.34515642618022047,0.3451403269825587,0.34565839418259153,0.34514051491139447,0.3451404571034762,0.34514108377934843,0.34514037419191135,0.34514032952604395,0.34514042338336165,0.3451403799555126,0.3451403588629249,0.3451406334129194,0.28023428,0.25570863,0.36662555
0.4677734375,0.4682208261771269,0.4679468250705935,0.4676829350722661,0.4682416053185194,0.4676804135207275,0.4676727806848464,0.4676811891635195,0.46768230163666874,0.4676816416060981,0.4676829009448309,0.4676822243030475,0.4676788235161419,0.46768250731467875,0.22881581,0.21034996,0.33305407,-0.8330322895068949,-0.834496801686082,-0.8345489280524595,-0.8330205023712469,-0.8345496305339513,-0.8345517570192822,-0.834549414446066,-0.8345491045211851,-0.834549288399509,-0.8345489375600043,-0.8345491260655796,-0.8345500734987671,-0.8345490472213276,0.7751441,0.7726975,0.9025903,0.3456455880228083,0.34515642618022047,0.34510812841776745,0.3456586175840171,0.3451073675924465,0.34510506454365325,0.34510760162641,0.3451079372918625,0.3451077381414759,0.3451081181205298,0.3451079139580639,0.34510688784184435,0.34510799935088843,0.28168958,0.2547938,0.3707835
0.4697265625,0.4682208261771269,0.4671222837074787,0.4673551790446735,0.46823579724722575,0.4673565058572336,0.4673564877796449,0.46736587923153744,0.46735519297909617,0.4673551847134873,0.4673552558808386,0.46735571627691425,0.46735549969219586,0.4673581951890353,0.23256251,0.20858043,0.33942342,-0.8330322895068949,-0.8346217914936452,-0.8345962038032501,-0.8329980870666442,-0.8345962500551412,-0.8345965767978737,-0.8345962494249689,-0.8345962042889971,-0.83459620648172,-0.8345962040008622,-0.834596222530876,-0.8345963089438557,-0.8345962149808546,0.7729553,0.76920116,0.903046,0.3456455880228083,0.34499472354476307,0.3450554613511256,0.34565428284595573,0.3450558331990794,0.3450558281327162,0.3450584601489178,0.34505546525633923,0.3450554629398479,0.3450554828849666,0.3450556119139975,0.34505555121470444,0.3450563066454364,0.28406802,0.25409877,0.3759491
0.4716796875,0.4682208261771269,0.4671222837074787,0.46719991548654366,0.4682251989476796,0.46720001193362015,0.46720001061954564,0.46720069329176783,0.4671999164994481,0.4671999158986143,0.46719992107182656,0.4671999545383891,0.46719993879467103,0.46720013473251304,0.23638013,0.20675579,0.34599903,-0.8330322895068949,-0.8346217914936452,-0.8346132594290124,-0.832977679387113,-0.834613272485635,-0.8346133647250445,-0.8346132723077408,-0.8346132595661355,-0.8346132601851259,-0.8346132594847969,-0.8346132647156971,-0.8346132891096542,-0.8346132625843747,0.77161133,0.765687,0.9044217,0.3456455880228083,0.34499472354476307,0.34501496949381466,0.3456511780484323,0.34501499782777073,0.3450149974417255,0.34501519799528685,0.34501496979138285,0.3450149696148716,0.34501497113464363,0.345014980966358,0.345014976341212,0.3450150339032907,0.28722832,0.25358203,0.38194898
0.4736328125,0.4682208261771269,0.4671222837074787,0.46704465192841377,0.46822187166122925,0.4670438340141905,0.4670380557932163,0.46704384515812847,0.4670446433385324,0.46704460456272384,0.46704464843387083,0.46704432075134766,0.4670427926248111,0.4670444542650986,0.23999383,0.20496419,0.35266307,-0.8330322895068949,-0.8346217914936452,-0.8346303263946635,-0.8329692034529322,-0.8346303084599296,-0.8346303087042877,-0.8346301817567657,-0.8346303262063102,-0.8346303263180374,-0.8346303253560587,-0.8346303191328184,-0.8346303220604263,-0.8346302856248751,0.77049255,0.76232016,0.90632236,0.3456455880228083,0.34499472354476307,0.3449744775821051,0.34565299360964935,0.344974249772891,0.3449726403963291,0.34497425287675165,0.34497447518961205,0.34497446438959634,0.34497447660878905,0.34497438534115243,0.34497395972035316,0.3449744225280137,0.29094058,0.2532069,0.38855532
0.4755859375,0.4682208261771269,0.4671222837074787,0.46688938837028393,0.46822767312608793,0.4668887830248707,0.4668845065133933,0.4668887912725959,0.4668893820128382,0.46688935331452586,0.4668893857839424,0.46688914326326386,0.4668880122835554,0.4668892420779494,0.24311462,0.20329906,0.3593131,-0.8330322895068949,-0.8346217914936452,-0.8346474047115162,-0.8329815998390959,-0.8346473634112932,-0.8346473639740021,-0.8346470716394869,-0.8346474042777744,-0.8346474045350609,-0.8346474023198092,-0.834647387988887,-0.8346473947306028,-0.8346473108266343,0.76889575,0.75922525,0.90827584,0.3456455880228083,0.34499472354476307,0.34493398561594296,0.3456605698547233,0.3449338132437149,0.3449325955062035,0.3449338155922564,0.34493398380565904,0.34493397563380884,0.3449339848794817,0.3449339158216699,0.3449335937749702,0.3449339439591714,0.29490763,0.25295416,0.39550316
0.4775390625,0.4682208261771269,0.4667047166055547,0.46674378292108193,0.4682464682899598,0.46674598022442676,0.4667448803774708,0.4667497473871836,0.466743880438307,0.46674379248342546,0.46674391880170624,0.4667444022919564,0.4667442272860003,0.4667452442492495,0.24546367,0.20184955,0.36586776,-0.8330322895068949,-0.8346331269145261,-0.8347754253585992,-0.8330152657463906,-0.8347754582554184,-0.8347755146545902,-0.8347754417891524,-0.8347754268185802,-0.8347754273929383,-0.834775425501762,-0.8347754346315112,-0.8347754472368367,-0.8347754320114117,0.76607966,0.75648695,0.9097431,0.3456455880228083,0.344832492336665,0.34487467485821627,0.34567344764776325,0.3448756164785612,0.3448751451561684,0.34487723083786304,0.34487471664771396,0.3448746789560106,0.344874733087755,0.34487494028001964,0.3448748652839254,0.34487530108778824,0.29878625,0.2528281,0.40250495
0.4794921875,0.4682208261771269,0.4667047166055547,0.4667177387107304,0.4682570094024602,0.4667169217456061,0.466715521101222,0.46671733067257887,0.4667177024534826,0.4667176881898356,0.4667177351554174,0.4667175084264574,0.4667171953837697,0.46671757349428833,0.2467934,0.20069489,0.37226692,-0.8330322895068949,-0.8346331269145261,-0.8346805623761064,-0.8330412363537583,-0.8346802433501491,-0.8346804030368103,-0.8346796963940731,-0.8346805482176272,-0.8346805609877544,-0.8346805426476629,-0.8346804724499075,-0.8346804978589583,-0.8346803502063369,0.761286,0.7541532,0.91012084,0.3456455880228083,0.344832492336665,0.34484655359721583,0.3456783283804977,0.3448461484487578,0.34484545384267024,0.34484635124338087,0.34484653561656126,0.3448465285429491,0.34484655183406887,0.3448464393948909,0.344846284151101,0.3448464716632587,0.3022043,0.25285178,0.40925667
0.4814453125,0.4682208261771269,0.4667047166055547,0.46669169450037895,0.4682548907472301,0.4666909620659307,0.4666897063450117,0.46669132868158264,0.46669166199463724,0.46669164920683753,0.4666916913129311,0.4666914880434208,0.46669120739098974,0.4666915463787395,0.24690066,0.19990335,0.37846193,-0.8330322895068949,-0.8346331269145261,-0.834585688805761,-0.8330501278900865,-0.8345856775410854,-0.8345856831795554,-0.8345856582283002,-0.8345856883058309,-0.8345856887567389,-0.8345856881091576,-0.8345856856305034,-0.8345856865276867,-0.8345856813141331,0.7537331,0.7522361,0.9087336,0.3456455880228083,0.344832492336665,0.3448184306560335,0.3456727456788664,0.3448181167821914,0.3448175786617489,0.3448182738898528,0.34481841672618346,0.3448184112461629,0.34481842929010037,0.34481834218198804,0.34481822191258094,0.34481836718071746,0.30477104,0.25305584,0.41543055
0.4833984375,0.4682208261771269,0.4667047166055547,0.46666565029002743,0.46823659294050335,0.4666650023862552,0.4666638915888014,0.46666532669058636,0.4666656215357919,0.46666561022383934,0.46666564747044476,0.4666654676603842,0.46666521939820976,0.4666655192631906,0.24563359,0.19953857,0.38438675,-0.8330322895068949,-0.8346331269145261,-0.8344908046457901,-0.8330372638613918,-0.8344911012109922,-0.8344916096585842,-0.8344909527669634,-0.834490817807458,-0.8344908229852753,-0.8344908059363967,-0.8344908882408321,-0.8344910018779487,-0.8344908646206798,0.7507159,0.742594,0.9047897,0.3456455880228083,0.344832492336665,0.34479030603438793,0.3456576108270657,0.3447900834460499,0.34478970182983704,0.34479019486130397,0.34479029615582635,0.34479029226958785,0.344790305065716,0.34479024329169455,0.3447901580008427,0.34479026101991783,0.30608308,0.2534684,0.42063805
0.4853515625,0.4682208261771269,0.4666526281848517,0.4666526281848517,0.4682102656444824,0.4666526281848517,0.4666526281848517,0.4666526281848517,0.4666526281848517,0.4666526281848517,0.4666526281848517,0.4666526281848517,0.4666526281848517,0.4666526281848517,0.2428951,0.19966933,0.38989383,-0.8330322895068949,-0.8343300590877764,-0.8343300590877764,-0.8330175737437941,-0.8343300590877764,-0.8343300590877764,-0.8343300590877764,-0.8343300590877764,-0.8343300590877764,-0.8343300590877764,-0.8343300590877764,-0.8343300590877764,-0.8343300590877764,0.74954474,0.72697425,0.8972552,0.3456455880228083,0.3447333262316769,0.3447333262316769,0.3456396507144801,0.3447333262316769,0.3447333262316769,0.3447333262316769,0.3447333262316769,0.3447333262316769,0.3447333262316769,0.3447333262316769,0.3447333262316769,0.3447333262316769,0.30573317,0.25411117,0.42433268
0.4873046875,0.4682208261771269,0.4666526281848517,0.4666526281848517,0.4681967280436464,0.4666526281848517,0.4666526281848517,0.4666526281848517,0.4666526281848517,0.4666526281848517,0.4666526281848517,0.4666526281848517,0.4666526281848517,0.4666526281848517,0.2386503,0.20038278,0.39463964,-0.8330322895068949,-0.8343300590877764,-0.8343300590877764,-0.8330150832468357,-0.8343300590877764,-0.8343300590877764,-0.8343300590877764,-0.8343300590877764,-0.8343300590877764,-0.8343300590877764,-0.8343300590877764,-0.8343300590877764,-0.8343300590877764,0.7486502,0.7059232,0.8845794,0.3456455880228083,0.3447333262316769,0.3447333262316769,0.34563002964016953,0.3447333262316769,0.3447333262316769,0.3447333262316769,0.3447333262316769,0.3447333262316769,0.3447333262316769,0.3447333262316769,0.3447333262316769,0.3447333262316769,0.30333334,0.25500455,0.42561352
0.4892578125,0.4682208261771269,0.4666526281848517,0.4666526281848517,0.46819911907014133,0.4666526281848517,0.4666526281848517,0.4666526281848517,0.4666526281848517,0.4666526281848517,0.4666526281848517,0.4666526281848517,0.4666526281848517,0.4666526281848517,0.23294711,0.20179541,0.39792404,-0.8330322895068949,-0.8343300590877764,-0.8343300590877764,-0.8330386466654445,-0.8343300590877764,-0.8343300590877764,-0.8343300590877764,-0.8343300590877764,-0.8343300590877764,-0.8343300590877764,-0.8343300590877764,-0.8343300590877764,-0.8343300590877764,0.7479336,0.6785142,0.86426914,0.3456455880228083,0.3447333262316769,0.3447333262316769,0.34563107563797413,0.3447333262316769,0.3447333262316769,0.3447333262316769,0.3447333262316769,0.3447333262316769,0.3447333262316769,0.3447333262316769,0.3447333262316769,0.3447333262316769,0.29857033,0.25617838,0.42294842
0.4912109375,0.4682208261771269,0.4666526281848517,0.4666526281848517,0.4682162139897838,0.4666526281848517,0.4666526281848517,0.4666526281848517,0.4666526281848517,0.4666526281848517,0.4666526281848517,0.4666526281848517,0.4666526281848517,0.4666526281848517,0.22595505,0.20406249,0.39856276,-0.8330322895068949,-0.8343300590877764,-0.8343300590877764,-0.8330852083235737,-0.8343300590877764,-0.8343300590877764,-0.8343300590877764,-0.8343300590877764,-0.8343300590877764,-0.8343300590877764,-0.8343300590877764,-0.8343300590877764,-0.8343300590877764,0.7472626,0.64403075,0.83258164,0.3456455880228083,0.3447333262316769,0.3447333262316769,0.3456392491533321,0.3447333262316769,0.3447333262316769,0.3447333262316769,0.3447333262316769,0.3447333262316769,0.3447333262316769,0.3447333262316769,0.3447333262316769,0.3447333262316769,0.29130557,0.25768802,0.414082
0.4931640625,0.4682208261771269,0.4667902852492558,0.4667902852492558,0.4682238943077668,0.4667902852492558,0.4667902852492558,0.4667902852492558,0.4667902852492558,0.4667902852492558,0.4667902852492558,0.4667902852492558,0.4667902852492558,0.4667902852492558,0.21801172,0.20738085,0.39502022,-0.8330322895068949,-0.8342499533077252,-0.8341254988751797,-0.8331305903980442,-0.8341357606561222,-0.8341455240118794,-0.8341301341461251,-0.8341258616823564,-0.8342009899208591,-0.8341258342760369,-0.8341296539154136,-0.8341311435152144,-0.8341266345429631,0.74645364,0.6022689,0.78510594,0.3456455880228083,0.3446197023925809,0.344678018932179,0.34564069974183526,0.34467321060251754,0.344668635800088,0.34467584700062875,0.3446778489331234,0.34464264587620985,0.3446778617747899,0.3446760720207213,0.34467537404380233,0.34467748679694926,0.28170645,0.25962812,0.3967503
0.4951171875,0.4682208261771269,0.4667902852492558,0.4667902852492558,0.46821009708819133,0.4667902852492558,0.4667902852492558,0.4667902852492558,0.4667902852492558,0.4667902852492558,0.4667902852492558,0.4667902852492558,0.4667902852492558,0.4667902852492558,0.21198592,0.20964736,0.38606933,-0.8330322895068949,-0.8342499533077252,-0.8342084684968767,-0.8331471312898808,-0.8342118890905241,-0.8342151435424432,-0.8342100135871918,-0.8342085894326022,-0.8342336321787698,-0.8342085802971624,-0.834209853510288,-0.8342103500435548,-0.8342088470528045,0.7190027,0.55388004,0.7452451,0.3456455880228083,0.3446197023925809,0.34463914156045006,0.3456210499897187,0.3446375387330899,0.34463601375466413,0.34463841755977614,0.3446390848922274,0.3446273502701945,0.344639089172924,0.344638492568866,0.34463825990250363,0.3446389641762024,0.27035087,0.26213896,0.37051892
0.4970703125,0.4682208261771269,0.4667902852492558,0.4667902852492558,0.4681673971463691,0.4667902852492558,0.4667902852492558,0.4667902852492558,0.4667902852492558,0.4667902852492558,0.4667902852492558,0.4667902852492558,0.4667902852492558,0.4667902852492558,0.21813649,0.20154689,0.37180734,-0.8330322895068949,-0.8342499533077252,-0.8342914381185738,-0.8331472759533407,-0.8342880175249263,-0.8342898930282587,-0.8342847630730073,-0.8342913171828482,-0.8342913263182881,-0.8342662744366807,-0.8342900531051625,-0.8342910595626459,-0.8342895565718956,0.63606817,0.5005877,0.7432691,0.3456455880228083,0.3446197023925809,0.34460026290337525,0.3455862470789905,0.3446018657815417,0.3446009869275395,0.34460339080425,0.34460031957346865,0.34460031529263085,0.3446120544652299,0.3446009119160574,0.3446004402934606,0.3446011445898091,0.26539874,0.25821635,0.33835888
0.4990234375,0.4682208261771269,0.4667902852492558,0.4667902852492558,0.4681137355590381,0.4667902852492558,0.4667902852492558,0.4667902852492558,0.4667902852492558,0.4667902852492558,0.4667902852492558,0.4667902852492558,0.4667902852492558,0.4667902852492558,0.22608455,0.19443847,0.35413128,-0.8330322895068949,-0.8342499533077252,-0.8343744077402707,-0.8331561732431674,-0.8343641459593283,-0.8343697724693253,-0.8343543826035712,-0.8343740449330942,-0.8343740723394135,-0.8342989166945913,-0.8343702527000368,-0.8343732720724873,-0.834368763100236,0.5437046,0.44508708,0.7400285,0.3456455880228083,0.3446197023925809,0.34456138296095445,0.3455457605502691,0.34456619174787323,0.3445635551039185,0.3445707669488453,0.34456155297684693,0.3445615401339104,0.34459675846131615,0.3445633300622952,0.34456191514872386,0.3445640281057183,0.26959777,0.24650554,0.3056898
0.5009765625,0.4682208261771269,0.46678450146844785,0.46678450146844785,0.4680749491977487,0.46678450146844785,0.46678450146844785,0.46678450146844785,0.46678450146844785,0.46678450146844785,0.46678450146844785,0.46678450146844785,0.46678450146844785,0.46678450146844785,0.81708306,0.61202055,1.3690155,-0.8330322895068949,-0.8351549001833837,-0.8351549001833837,-0.8332050226477589,-0.8351549001833837,-0.8351549001833837,-0.8351549001833837,-0.8351549001833837,-0.8351549001833837,-0.8351549001833837,-0.8351549001833837,-0.8351549001833837,-0.8351549001833837,0.081982106,0.026396185,0.18922684,0.3456455880228083,0.34437877140266177,0.34437877140266177,0.3455120957118184,0.34437877140266177,0.34437877140266177,0.34437877140266177,0.34437877140266177,0.34437877140266177,0.34437877140266177,0.34437877140266177,0.34437877140266177,0.34437877140266177,0.9357721,0.7223017,1.3488723
0.5029296875,0.4682208261771269,0.46678450146844785,0.46678450146844785,0.46805521813053186,0.46678450146844785,0.46678450146844785,0.46678450146844785,0.46678450146844785,0.46678450146844785,0.46678450146844785,0.46678450146844785,0.46678450146844785,0.46678450146844785,0.85884726,0.637039,1.3798726,-0.8330322895068949,-0.8351549001833837,-0.8351549001833837,-0.833304072212391,-0.8351549001833837,-0.8351549001833837,-0.8351549001833837,-0.8351549001833837,-0.8351549001833837,-0.8351549001833837,-0.8351549001833837,-0.8351549001833837,-0.8351549001833837,0.08909802,0.023578197,0.19456318,0.3456455880228083,0.34437877140266177,0.34437877140266177,0.3454865407476677,0.34437877140266177,0.34437877140266177,0.34437877140266177,0.34437877140266177,0.34437877140266177,0.34437877140266177,0.34437877140266177,0.34437877140266177,0.34437877140266177,0.97717327,0.75345147,1.3648372
0.5048828125,0.4682208261771269,0.46678450146844785,0.46678450146844785,0.46804753802708443,0.46678450146844785,0.46678450146844785,0.46678450146844785,0.46678450146844785,0.46678450146844785,0.46678450146844785,0.46678450146844785,0.46678450146844785,0.46678450146844785,0.89303446,0.6602253,1.3785969,-0.8330322895068949,-0.8351549001833837,-0.8351549001833837,-0.8334431615388386,-0.8351549001833837,-0.8351549001833837,-0.8351549001833837,-0.8351549001833837,-0.8351549001833837,-0.8351549001833837,-0.8351549001833837,-0.8351549001833837,-0.8351549001833837,0.098140165,0.02330926,0.2021881,0.3456455880228083,0.34437877140266177,0.34437877140266177,0.3454634968603922,0.34437877140266177,0.34437877140266177,0.34437877140266177,0.34437877140266177,0.34437877140266177,0.34437877140266177,0.34437877140266177,0.34437877140266177,0.34437877140266177,1.013829,0.77964246,1.3663402
0.5068359375,0.4682208261771269,0.46678450146844785,0.46678450146844785,0.46802917278176814,0.46678450146844785,0.46678450146844785,0.46678450146844785,0.46678450146844785,0.46678450146844785,0.46678450146844785,0.46678450146844785,0.46678450146844785,0.46678450146844785,0.9181886,0.6814735,1.3659838,-0.8330322895068949,-0.8351549001833837,-0.8351549001833837,-0.8335936900433781,-0.8351549001833837,-0.8351549001833837,-0.8351549001833837,-0.8351549001833837,-0.8351549001833837,-0.8351549001833837,-0.8351549001833837,-0.8351549001833837,-0.8351549001833837,0.10782449,0.024757415,0.2109467,0.3456455880228083,0.34437877140266177,0.34437877140266177,0.34542877692633633,0.34437877140266177,0.34437877140266177,0.34437877140266177,0.34437877140266177,0.34437877140266177,0.34437877140266177,0.34437877140266177,0.34437877140266177,0.34437877140266177,1.045632,0.8001466,1.35509
0.5087890625,0.4682208261771269,0.4678568140320128,0.4678568140320128,0.4679767990327151,0.4678568140320128,0.4678568140320128,0.4678568140320128,0.4678568140320128,0.4678568140320128,0.4678568140320128,0.4678568140320128,0.4678568140320128,0.4678568140320128,0.93382686,0.7009425,1.3435264,-0.8330322895068949,-0.8354395030752051,-0.8354395030752051,-0.8337304125855223,-0.8354395030752051,-0.8354395030752051,-0.8354395030752051,-0.8354395030752051,-0.8354395030752051,-0.8354395030752051,-0.8354395030752051,-0.8354395030752051,-0.8354395030752051,0.11709067,0.027200133,0.21970278,0.3456455880228083,0.3446180283338818,0.3446180283338818,0.34536918379448756,0.3446180283338818,0.3446180283338818,0.3446180283338818,0.3446180283338818,0.3446180283338818,0.3446180283338818,0.3446180283338818,0.3446180283338818,0.3446180283338818,1.0729737,0.8148703,1.333595
0.5107421875,0.4682208261771269,0.4678568140320128,0.4678568140320128,0.4678816492079564,0.4678568140320128,0.4678568140320128,0.4678568140320128,0.4678568140320128,0.4678568140320128,0.4678568140320128,0.4678568140320128,0.4678568140320128,0.4678568140320128,0.9403784,0.71895194,1.3132124,-0.8330322895068949,-0.8354395030752051,-0.8354395030752051,-0.8338484354367247,-0.8354395030752051,-0.8354395030752051,-0.8354395030752051,-0.8354395030752051,-0.8354395030752051,-0.8354395030752051,-0.8354395030752051,-0.8354395030752051,-0.8354395030752051,0.12514149,0.030043185,0.22743636,0.3456455880228083,0.3446180283338818,0.3446180283338818,0.3452812313503559,0.3446180283338818,0.3446180283338818,0.3446180283338818,0.3446180283338818,0.3446180283338818,0.3446180283338818,0.3446180283338818,0.3446180283338818,0.3446180283338818,1.0965663,0.8242998,1.3047142
0.5126953125,0.4682208261771269,0.4678568140320128,0.4678568140320128,0.46775784224314565,0.4678568140320128,0.4678568140320128,0.4678568140320128,0.4678568140320128,0.4678568140320128,0.4678568140320128,0.4678568140320128,0.4678568140320128,0.4678568140320128,0.93896884,0.73586744,1.2772884,-0.8330322895068949,-0.8354395030752051,-0.8354395030752051,-0.8339657507537106,-0.8354395030752051,-0.8354395030752051,-0.8354395030752051,-0.8354395030752051,-0.8354395030752051,-0.8354395030752051,-0.8354395030752051,-0.8354395030752051,-0.8354395030752051,0.13144618,0.032813907,0.23330626,0.3456455880228083,0.3446180283338818,0.3446180283338818,0.3451763515212684,0.3446180283338818,0.3446180283338818,0.3446180283338818,0.3446180283338818,0.3446180283338818,0.3446180283338818,0.3446180283338818,0.3446180283338818,0.3446180283338818,1.1172404,0.82934695,1.2713104
0.5146484375,0.4682208261771269,0.4678568140320128,0.4678568140320128,0.46763860204023394,0.4678568140320128,0.4678568140320128,0.4678568140320128,0.4678568140320128,0.4678568140320128,0.4678568140320128,0.4678568140320128,0.4678568140320128,0.4678568140320128,0.9311404,0.752008,1.2380257,-0.8330322895068949,-0.8354395030752051,-0.8354395030752051,-0.8341129455581934,-0.8354395030752051,-0.8354395030752051,-0.8354395030752051,-0.8354395030752051,-0.8354395030752051,-0.8354395030752051,-0.8354395030752051,-0.8354395030752051,-0.8354395030752051,0.13571776,0.03514746,0.23668571,0.3456455880228083,0.3446180283338818,0.3446180283338818,0.3450757452827935,0.3446180283338818,0.3446180283338818,0.3446180283338818,0.3446180283338818,0.3446180283338818,0.3446180283338818,0.3446180283338818,0.3446180283338818,0.3446180283338818,1.1357725,0.83115304,1.236025
0.5166015625,0.4682208261771269,0.4689483237305338,0.46812969145664307,0.4675584590900026,0.46812591571326245,0.4681160452071477,0.4681287731299954,0.4681202643318974,0.4681108455886067,0.46812961209377274,0.46812862715867765,0.4681241660302075,0.46812946646138376,0.9185766,0.7675883,1.1975217,-0.8330322895068949,-0.833353871919942,-0.8349171834851266,-0.8343166351320408,-0.8349257217809337,-0.8349768571856789,-0.8349192601349182,-0.8349385018172559,-0.8349598020532127,-0.8349173629513255,-0.834919590226609,-0.8349413452097646,-0.8349176922754002,0.13787618,0.03677675,0.2371797,0.3456455880228083,0.3466402781557571,0.34543255518269017,0.34499396906209834,0.3454317898659246,0.3454294085415002,0.34547430256494455,0.34542469874957277,0.34541684921645305,0.34543248904314594,0.3454323676757982,0.3454316682160026,0.3454494589616989,1.1527655,0.8308999,1.2011445
0.5185546875,0.4682208261771269,0.4689483237305338,0.4686754463059035,0.4675277287761841,0.4686704912261754,0.46857655671384485,0.46867424114408585,0.4686630746614318,0.4686507140163246,0.46867534215440004,0.46867404957928793,0.46863540547517213,0.4686751510343938,0.9028918,0.7826993,1.1575521,-0.8330322895068949,-0.833353871919942,-0.8338743689692533,-0.8345685703851048,-0.8338851397884143,-0.8340966791354202,-0.8338769885993805,-0.8339012615444198,-0.8339281316279239,-0.8338745953602419,-0.8338774050002357,-0.833964372029704,-0.8338750107923093,0.13800472,0.037526548,0.23462465,0.3456455880228083,0.3466402781557571,0.3462377547091093,0.3449300102803127,0.34623286997297875,0.34615375843863744,0.346236566658083,0.34622555865507454,0.3462133733088873,0.3462376520363913,0.3462363778129883,0.34620374536589404,0.34623746362995994,1.1685323,0.82967293,1.1685959
0.5205078125,0.4682208261771269,0.4689483237305338,0.4692212011551641,0.46751548896145356,0.46921506673908847,0.4690370682205421,0.4692197091581764,0.4692058849909663,0.4691905824440425,0.4692210722150274,0.4692194719998984,0.46914664492013686,0.4692208356074039,0.8854984,0.7973213,1.1194804,-0.8330322895068949,-0.833353871919942,-0.8328339802648201,-0.834777822370966,-0.8328469732148036,-0.8332182294437388,-0.8328371403456167,-0.8328664211764113,-0.8328988353606476,-0.8328342533619306,-0.8328376426536563,-0.8329895281080816,-0.8328347545007561,0.13630536,0.037311107,0.22907487,0.3456455880228083,0.3466402781557571,0.3470427508430496,0.3448879910597517,0.34703612888304425,0.34683306939244674,0.3470411402697903,0.347026217339503,0.34700969833827194,0.3470426116554859,0.3470408842632155,0.34695785323942635,0.34704235624360086,1.13959,0.82837933,1.1834189
0.5224609375,0.4682208261771269,0.4689483237305338,0.46976695600442453,0.46754439532781633,0.4697818212436089,0.46977057148987755,0.47006362478060054,0.46980407093783966,0.469767268458935,0.4698411528731614,0.4697711461842712,0.46976784181895376,0.4698870784966187,0.8675537,0.81135917,1.0842328,-0.8330322895068949,-0.833353871919942,-0.8317960089172205,-0.8348224588238708,-0.8317638386643105,-0.8317881843632181,-0.831132499988685,-0.8317156913230814,-0.8317953327052948,-0.8316354578099986,-0.8317869406333602,-0.831794091845783,-0.8315272502937662,0.13305806,0.03613043,0.22077626,0.3456455880228083,0.3466402781557571,0.34784754429338877,0.3448820701451473,0.3478621857949756,0.34785110537985325,0.3480992182761585,0.3478841002443835,0.34784785204712876,0.347920622483805,0.3478516714262727,0.34784841678091993,0.34794945816615347,1.1152444,0.8277224,1.1972256
0.5244140625,0.4682208261771269,0.47429813356975814,0.4711932138529906,0.4675039991149751,0.4711693606749735,0.4711126477210355,0.4711739758658823,0.47116397919812547,0.4696852167587412,0.4711644190613418,0.4711873696885124,0.47116059227184,0.47118779109289427,0.8499631,0.82468456,1.0523329,-0.8330322895068949,-0.8194487167126344,-0.8265104129749048,-0.8346356430873024,-0.8265643776315033,-0.8266927051216403,-0.8265539359469054,-0.826576553265674,-0.8299328370583671,-0.8265755580612109,-0.8265236341178079,-0.8265842163559424,-0.8265226807716634,0.12859178,0.03406465,0.21013188,0.3456455880228083,0.3519744648936164,0.34876959740581326,0.3448919375047918,0.3487428753180454,0.3486793390836805,0.3487480456378225,0.3487368465152307,0.34707914500164055,0.34873733928967054,0.34876305039286865,0.3487330521687357,0.3487635224785525,1.0959672,0.82821184,1.2099223
0.5263671875,0.4682208261771269,0.47429813356975814,0.47326316033083565,0.46752775115782974,0.4732253782872346,0.4731355482739386,0.4732326884806192,0.4732168543415883,0.4708745808331986,0.47321755105928376,0.4732539035149526,0.4732114896477726,0.47325457099493035,0.8371755,0.83341426,1.0239896,-0.8330322895068949,-0.8194487167126344,-0.8217923200437048,-0.8340852209168537,-0.821877424579012,-0.8220798224053242,-0.8218609572148565,-0.821896626754164,-0.8271994865153945,-0.8218950572091362,-0.8218131698828046,-0.8219087123326024,-0.8218116664389747,0.12326896,0.03126508,0.19766355,0.3456455880228083,0.3519744648936164,0.35090722233719,0.3450276672951594,0.35086617755391053,0.3507685845939492,0.3508741191398173,0.3508569173172886,0.3483096624517971,0.350857674219469,0.35089716625830536,0.35085108919012237,0.35089789137338584,1.0818374,0.83019274,1.2214067
0.5283203125,0.4682208261771269,0.47429813356975814,0.4753331068086806,0.468364308015083,0.47528139589949564,0.47515844882684166,0.4752914010953561,0.47526972948505103,0.47206394490765596,0.47527068305722564,0.47532043734139284,0.47526238702370516,0.4753213508969663,0.84873927,0.8184195,0.99920803,-0.8330322895068949,-0.8194487167126344,-0.817115319137046,-0.8328189192874063,-0.8172310220639789,-0.8175062167050028,-0.8172086335188302,-0.8172571290947886,-0.8244799093138254,-0.8172549951487159,-0.8171436646847585,-0.8172735606670105,-0.8171416207256114,0.11748569,0.02794367,0.18397507,0.3456455880228083,0.3519744648936164,0.35304066995923894,0.34577860768743246,0.35298535752909876,0.35285383731206066,0.35299605975760784,0.352972878229434,0.34953877979258474,0.35297389824888437,0.35302711833420036,0.35296502409816205,0.35302809550451475,1.0726306,0.8338745,1.2316275
0.5302734375,0.4682208261771269,0.47429813356975814,0.47740305328652566,0.4697954972312119,0.4775163994173288,0.47749446883717495,0.47778588945721673,0.4775419712542678,0.47753988110118134,0.48456879177943674,0.4774308237341747,0.47742882129424163,0.4775580653357148,0.85932064,0.80535406,0.9778994,-0.8330322895068949,-0.8194487167126344,-0.8124788757487649,-0.829612172670627,-0.8122280671168207,-0.8122765851008795,-0.8116322261342398,-0.8121714990482607,-0.8121761224982481,-0.7968535318146944,-0.8124174151910283,-0.8124218466800063,-0.812135900054201,0.11167735,0.024359256,0.16971685,0.3456455880228083,0.3519744648936164,0.35516999460847914,0.3472776025091368,0.3552926727571341,0.35526893752493666,0.3555843022554071,0.35532034831483,0.3553180862338571,0.3629024211242295,0.35520005256487003,0.35519788520398327,0.3553377660962369,1.0679251,0.8393548,1.2406056
0.5322265625,0.4682208261771269,0.48550789555329393,0.48074405202252557,0.47206567658914067,0.48038380847428935,0.4803699198352094,0.48055439602135075,0.4805603690236935,0.4804816366079003,0.48072030764339285,0.48063859249161334,0.48059818782552854,0.480697585221986,0.8688938,0.7944813,0.95996106,-0.8330322895068949,-0.7963276536330814,-0.806407825464397,-0.824722369823052,-0.8072222685801025,-0.8072536926442254,-0.8068364499144779,-0.8068229457100459,-0.8070009767203588,-0.8064614694769177,-0.8066461233023374,-0.8067374499633133,-0.8065128096142672,0.1063223,0.020803034,0.15555234,0.3456455880228083,0.3636740666581716,0.3586540660466255,0.34962706192061827,0.3582714596513093,0.35825670629315715,0.3584526526594594,0.3584589964862354,0.35837537327779434,0.3586288516109818,0.35854207309974817,0.3584991623951922,0.358604721886092,1.0671982,0.8466338,1.2484281
0.5341796875,0.4706476560168818,0.48550789555329393,0.4839199477097045,0.4749948293093268,0.4834583310091814,0.4834405340832455,0.4836769221845414,0.483684575999987,0.4835836881473645,0.4838895216215625,0.48378481168593174,0.4837330370775172,0.4838604050718031,0.8774503,0.78596604,0.9453165,-0.8277740032017878,-0.7963276536330814,-0.799665659346771,-0.8184193833145448,-0.8006838978679136,-0.8007231934265325,-0.8002014850996568,-0.8001846016586553,-0.800407191623004,-0.7997327136972531,-0.7999635425157193,-0.8000777144680764,-0.799796889925877,0.10193145,0.017579645,0.14212471,0.348156301487463,0.3636740666581716,0.3620029112823255,0.3526684335916614,0.36151456611131033,0.3614957346920616,0.3617458391296859,0.3617539361754211,0.3616472015072755,0.361970729639358,0.3618599713922584,0.3618052023403486,0.36193993227882365,1.0699021,0.8556204,1.2552177
0.5361328125,0.47484440049366183,0.48550789555329393,0.4870958433968834,0.4784070605246252,0.4870868436436558,0.48708649667193343,0.4870911053322683,0.48709125455228175,0.4870892876265266,0.4870952502049892,0.48709320876329076,0.4870921993572215,0.4870946825440654,0.8849882,0.77987826,0.9339181,-0.8187317578314175,-0.7963276536330814,-0.7930114119276329,-0.8111167215545203,-0.793026611155426,-0.7930271971496539,-0.7930194137351807,-0.7930191617248821,-0.7930224835808808,-0.7930124137221145,-0.7930158613688376,-0.7930175660941435,-0.7930133724016615,0.099020004,0.0149870515,0.13002062,0.35251033108056473,0.3636740666581716,0.365343072276181,0.35622043737965925,0.365333787507131,0.36533342954615844,0.3653381841660197,0.365338338111739,0.3653363088936635,0.3653424602997045,0.3653403542102646,0.3653393128377819,0.36534187466250334,1.0755082,0.8661352,1.2610977
0.5380859375,0.47907102947105923,0.48550789555329393,0.4902717390840623,0.48214256039827785,0.4911025990860492,0.4907091586750153,0.4911346316227874,0.4906953826372135,0.4903265027432312,0.49087696983138435,0.4905149692723399,0.4903789093753212,0.4906081579529085,0.8915063,0.7761918,0.9257195,-0.809689512461047,-0.7963276536330814,-0.7864433746405305,-0.803169729664192,-0.7846564369935373,-0.7855018583361196,-0.7845876653853634,-0.7855314847325131,-0.7863254075496354,-0.7851411014348813,-0.7859196307266203,-0.7862125424321824,-0.7857191065367788,0.098058894,0.013293177,0.119731486,0.3569109501061806,0.3636740666581716,0.36867471779325073,0.3601205438293595,0.3695487739750397,0.3691349568254914,0.36958245933869893,0.36912046476639077,0.3687323479072374,0.369311476283269,0.36893065835515015,0.36878749506681346,0.3690287025053363,1.0835235,0.87791616,1.2661562
0.5400390625,0.4833277022685902,0.4997052990671895,0.49402706430880067,0.4860868056453593,0.4926594874799732,0.49092093869262926,0.49335727318285155,0.4936333121824233,0.4918088003964911,0.4938884695053431,0.49369200019622844,0.4931515166773986,0.4937558629362275,0.89700913,0.7747844,0.9206326,-0.8006472670906767,-0.7665521764272808,-0.778439477972256,-0.7948316126744402,-0.7813433043166342,-0.7850581859044253,-0.7798596586909451,-0.779273897021478,-0.7831577467405296,-0.7787330291436212,-0.7791494440239081,-0.7802967057141372,-0.779014051185903,0.09941581,0.012714744,0.11161554,0.36135857325980203,0.37865780134246163,0.3726111432770972,0.3642517140704634,0.371141490946311,0.3692707633024111,0.37189156705853893,0.37218817209309263,0.3702264667702921,0.3724622794896873,0.3722512238767459,0.3716704367622284,0.3723198316811591,1.0934817,0.8906248,1.270426
0.5419921875,0.487614578771005,0.4997052990671895,0.49781255414772657,0.4901669041121567,0.4961774754555053,0.49409886164920797,0.49701174999896275,0.49734178300106385,0.49516039159255193,0.4976468498119926,0.497411950554973,0.49676574694395303,0.49748830502603314,0.9015141,0.77544254,0.91848737,-0.7916050217203063,-0.7665521764272808,-0.770484478948171,-0.7862629829812167,-0.7739054950554454,-0.7782871912152584,-0.7721571601007414,-0.7714671505269003,-0.7760449008652297,-0.7708301524728087,-0.771320567216793,-0.7726720822240882,-0.7711611061255513,0.10329679,0.013397127,0.105865926,0.3658536181846608,0.37865780134246163,0.37664536311497726,0.36853929625163395,0.3748952785473611,0.372667083553414,0.37578852381831307,0.37614171786195844,0.3738054783784138,0.37646810950585896,0.3762167974318072,0.37552519512843696,0.37629849217262584,1.1049287,0.9038612,1.2738814
0.5439453125,0.49193181942929404,0.4997052990671895,0.5015980439866524,0.4943395378052958,0.5026250642737893,0.5021010424727292,0.5039306763879623,0.5018937432215097,0.5017021256527368,0.5032639116674604,0.5018496698067522,0.5018017102858034,0.5022555611080675,0.9050644,0.77787626,0.9190033,-0.782562776349936,-0.7665521764272808,-0.7626495504400512,-0.7775587688171801,-0.7605443299383086,-0.7616174112586245,-0.7578804308016542,-0.7620425330556493,-0.7624358078811504,-0.759239133917729,-0.7621329624912447,-0.7622313834521207,-0.7613007583139938,0.102493286,0.0154001415,0.109705925,0.3703965054874218,0.37865780134246163,0.38066717211777273,0.3729389052546725,0.3817621819188354,0.3812035807035337,0.38315294610221684,0.3809825381519209,0.38077818463484303,0.3824428734575961,0.3809355381264785,0.3808843920800259,0.38136831985289843,1.1174127,0.917186,1.2764512
0.5458984375,0.496279585261684,0.4997052990671895,0.5053835338255783,0.49857993785146015,0.5073591690594902,0.5063511306142144,0.5098707195389585,0.5059523578637611,0.5055837512986856,0.5085880926122546,0.5058675757108043,0.5057753180206939,0.5066483715393388,0.90773857,0.78174424,0.92178327,-0.7735205309795656,-0.7665521764272808,-0.7549319943442524,-0.7687731769263236,-0.7509501201061753,-0.7529779297125258,-0.7459326625962632,-0.7537823470888451,-0.7545270408433327,-0.7484888428189377,-0.7539535358900903,-0.75413988420894,-0.7523791493527268,0.10132837,0.018690526,0.11843473,0.3749876587539205,0.37865780134246163,0.3846768491692638,0.3774252088073735,0.38677700253901504,0.38570583185032403,0.3894422437066901,0.3852818538974644,0.3848898321923953,0.38808176823902607,0.3851916960273929,0.3850935818849003,0.3860217753246764,1.1304854,0.9301497,1.2780468
0.5478515625,0.5006580378546416,0.5157918142647011,0.5095555670967427,0.50287411377764,0.5073462552490816,0.5033807388193003,0.5086078261881093,0.5090715427734271,0.506109944114748,0.5091753109255183,0.5090142731101617,0.5078150205314389,0.5091718226347645,0.90965843,0.78668994,0.92632884,-0.7644782856091953,-0.7338557216910763,-0.7465497349419329,-0.7599368685278358,-0.7511523236698552,-0.7595148954492484,-0.7485192358966073,-0.7475546699441223,-0.7537454257220851,-0.7473390648176019,-0.7476737001011543,-0.7501724127537084,-0.7473463112148021,0.10204661,0.02314213,0.12908602,0.3796275045649644,0.39582425166755686,0.38910369493113356,0.3819839860770303,0.3867054454508537,0.3823898874141506,0.388075431900046,0.388578645543131,0.38536151779115463,0.3886912262350154,0.38851650818246447,0.3872146595024234,0.388687441853933,1.1437228,0.9423291,1.2786012
0.5498046875,0.5050673393638753,0.5157918142647011,0.513713065208715,0.5072141111537112,0.5111129306506569,0.5064459225410788,0.5125976708875232,0.513143417980631,0.5096579186258512,0.5132655425048639,0.51307601743202,0.5116646195449003,0.5132614371426684,0.91098994,0.79237866,0.93207324,-0.7554360402388248,-0.7338557216910763,-0.7380528150744198,-0.7510673924071453,-0.7433810696348706,-0.753082041157125,-0.7403318858418874,-0.739215529969192,-0.7463864369526365,-0.7389660425593649,-0.7393532729811477,-0.7422460101893915,-0.738974427449087,0.10421127,0.028544128,0.14112453,0.3843164725121877,0.39582425166755686,0.39358773013343507,0.38660725632165904,0.39077580567042514,0.38571388592442724,0.39238219554708814,0.3929721802439728,0.3891997249733998,0.39310416905529,0.39289933012008793,0.39137291857925405,0.39309973230078965,1.1567494,0.95336425,1.2781026
0.5517578125,0.5095076525153317,0.5157918142647011,0.5178705633206873,0.5115953122778406,0.519914002060491,0.5187471487108614,0.5235817911526113,0.5183182475415985,0.5182222702072239,0.5210574920884028,0.5183712174510552,0.5182254966003063,0.5194804312457335,0.91193724,0.7985314,0.93842787,-0.7463937948684545,-0.7338557216910763,-0.7296923228427245,-0.7421750764883664,-0.7256081593214856,-0.7279363753764659,-0.7183574157665965,-0.7287947942307665,-0.7289870814202342,-0.7233366764731776,-0.7286887013867682,-0.72898061629908,-0.7264720396271446,0.10732785,0.034617722,0.15394449,0.3890549952139565,0.39582425166755686,0.39805716798736435,0.39129049657919135,0.40025604565194417,0.3990008570369141,0.4041942273883641,0.3985392028387178,0.39843587525713886,0.4014850134363354,0.3985962260691219,0.3984393488621024,0.39978978329642895,1.1692623,0.96298987,1.2766187
0.5537109375,0.5139791406062015,0.5157918142647011,0.5220280614326596,0.5160149559349231,0.524794069098575,0.5232146112723107,0.529758804545814,0.5226340487631478,0.5225041334211984,0.5263419022298024,0.5227057490655675,0.5225085006810655,0.5242071857367318,0.91273123,0.8049481,0.94483805,-0.7373515494980841,-0.7338557216910763,-0.721464998665532,-0.7332662432421125,-0.7160280210031852,-0.7191256270886583,-0.7064115451291998,-0.7202689222359954,-0.7205251109224773,-0.7130104728370347,-0.7201275861867595,-0.720516496763541,-0.7171768274017932,0.110899925,0.041039973,0.16693896,0.39384350833133963,0.39582425166755686,0.4025123572583582,0.396031111400554,0.4054796463246353,0.4037860102003975,0.41079032611470423,0.4031629722789149,0.40302351453714486,0.4071374291253382,0.40323993316004636,0.4030282027990795,0.4048505721460779,1.1810539,0.9710571,1.2743022
0.5556640625,0.5184819675059188,0.5329652839629679,0.5263812056990569,0.5204713343201461,0.5237133961035414,0.5184755478430109,0.5251368675447992,0.5257115077629102,0.5248664221729651,0.5258919708261679,0.5257275771527182,0.5241527768246741,0.5258773677079194,0.9136119,0.81151414,0.95084286,-0.7283093041277138,-0.6997840172765283,-0.7128457356023347,-0.7243449477594678,-0.7182445794432938,-0.7290060331997014,-0.7153570756774932,-0.7141958516372192,-0.7159044674271327,-0.7138316983002222,-0.7141634153500647,-0.7173516247658682,-0.7138611563895217,0.11447923,0.0474713,0.17956018,0.39868245058412966,0.4143962888816805,0.4072077960143668,0.4008276008308293,0.4042781535763109,0.39850820194348563,0.4058420935859631,0.4064729451404917,0.40554509505396164,0.40667100268653167,0.4064905823678429,0.4047610792201161,0.4066549768551132,1.1920186,0.977538,1.2713777
0.5576171875,0.5230162976571595,0.5329652839629679,0.5307705912083309,0.5249633542651894,0.5276533360729236,0.5215330681887128,0.5293166195650534,0.5299880693469005,0.5290006122961637,0.5301989349992458,0.5300068459447453,0.5281667392077096,0.5301818716955415,0.914808,0.8181915,0.95612895,-0.7192670587573434,-0.6997840172765283,-0.7041019172975694,-0.7154139244899013,-0.7103093934206741,-0.7227127189338142,-0.7069881530579888,-0.7056533101386563,-0.7076175485327311,-0.7052348065869533,-0.7056160308530958,-0.7092819994140958,-0.705268659624603,0.11770289,0.053585634,0.19136089,0.403572263766917,0.4143962888816805,0.4120041324342236,0.40567910507997407,0.4085930342658207,0.40187177148631836,0.4104141192899542,0.4111486130749567,0.4100683105546426,0.41137919959051966,0.4111691472296905,0.4091553946990679,0.4113605418501714,1.2021527,0.98251903,1.268108
0.5595703125,0.5275822960768467,0.5329652839629679,0.535159976717605,0.529490293094325,0.5378179284060318,0.536399716878838,0.5430364221288235,0.5358272000318584,0.535647403803338,0.5366691629194781,0.5358111900205578,0.5356619529611452,0.5373801712544121,0.916518,0.82499903,0.96055937,-0.7102248133869731,-0.6997840172765283,-0.6955015326987328,-0.7064751118291828,-0.6903510934295531,-0.6930928777278592,-0.6803856410061044,-0.6942038189058204,-0.6945531947760168,-0.6925708510302043,-0.6942349196794968,-0.6945249144677408,-0.6911958516495393,0.12031618,0.059097707,0.20201473,0.4085133927652301,0.4143962888816805,0.416784503232175,0.410585150795307,0.41967717757769696,0.418134432832336,0.4253401541639804,0.41751118457089553,0.4173154017223745,0.4184276633174754,0.41749375208678224,0.41733124549448586,0.41920115318424395,1.2115269,0.98617953,1.2647574
0.5615234375,0.5321801283571467,0.5329652839629679,0.539549362226879,0.5340516595850713,0.5426764752693748,0.5410079318631813,0.5488160976913246,0.5403343587102026,0.5401228262231202,0.5413249384632648,0.5403155227338504,0.5401399434872656,0.542161448565076,0.9188947,0.83198583,0.96416867,-0.7011825680166027,-0.6997840172765283,-0.6870410811854495,-0.6975299486421153,-0.6810830076648833,-0.6842535045961202,-0.6695827311544964,-0.6855389481426806,-0.6859432971823598,-0.6836496378800824,-0.6855749406883024,-0.6859105653752985,-0.6820595578698401,0.12218028,0.063785225,0.21131606,0.41350628557171987,0.4143962888816805,0.42154929806266794,0.4155455062996597,0.42494187472215916,0.4231326433563412,0.4315806577595298,0.42240165698471,0.42217202033628165,0.42347654706528814,0.4223812103503688,0.42219060390791563,0.4243836543997386,1.2202438,0.988764,1.2615547
0.5634765625,0.5368099606664747,0.5509068983388935,0.544062645802889,0.538647112859683,0.5410980851675399,0.5353179493134425,0.5425501092778341,0.5434598750138306,0.54319099655087,0.5436234486388701,0.5433363115615423,0.5415977106248641,0.5434502131119053,0.92203665,0.8392081,0.96712554,-0.6921403226462324,-0.6651227643975944,-0.678343017595325,-0.6885795452680723,-0.6841850560264382,-0.6957616078863995,-0.6813156833816645,-0.6795256908680202,-0.6800540934701926,-0.6792044900883489,-0.6797684540365293,-0.6831960003948598,-0.6795446694759978,0.12326568,0.06750329,0.21916653,0.41855139330241287,0.43405447059430236,0.42648331532898787,0.4205600969754516,0.42318596591828317,0.4167353878983947,0.4248019135414694,0.4258134790418853,0.42551458639309586,0.42599528228426653,0.42567613006619737,0.4237421970916807,0.42580273965844506,1.2283795,0.99055,1.2586703
0.5654296875,0.5414719597504914,0.5509068983388935,0.548625480826892,0.5432764139523677,0.5451706241524185,0.5384345362826758,0.5468627923371842,0.5479230203479514,0.5476096732228142,0.5481136467171668,0.5477790212633082,0.545752880533142,0.5479117605052762,0.9259856,0.8467113,0.9696768,-0.683098077275862,-0.6651227643975944,-0.6694928651823778,-0.6796247845309534,-0.67619219028203,-0.6895013864932661,-0.67290032432744,-0.6708481663509032,-0.6714538481109875,-0.6704800354676725,-0.6711264221521294,-0.6750571919782887,-0.6708699189718449,0.12363665,0.07018949,0.22555797,0.4236491702130089,0.43405447059430236,0.4315349959067148,0.42562895474010337,0.4277056817480192,0.42021082071377336,0.42958248379516356,0.4307571923657888,0.4304101068161971,0.43096830438400086,0.4305976987251177,0.42835173580642444,0.43074472155556753,1.2359391,0.99181825,1.256207
0.5673828125,0.5461662929331071,0.5509068983388935,0.553188315850895,0.5479393962447846,0.5562206260504625,0.5547354186078612,0.5621328562461526,0.5538048618543292,0.5536375500558546,0.5540798850385265,0.5539312491213664,0.5538147445611985,0.5557095825750338,0.93073183,0.8545225,0.9720893,-0.6740558319054916,-0.6651227643975944,-0.6607887092926417,-0.6706663836676325,-0.6550729160266108,-0.6578646697607111,-0.6441059057788436,-0.6596214732269365,-0.6599379685080781,-0.6591016410818399,-0.6593825195779933,-0.6596027845907498,-0.6560318436879251,0.123426676,0.07186037,0.23055682,0.42880007371524587,0.43405447059430236,0.43656977155445914,0.43075218740435917,0.4399117443877479,0.43827577171788396,0.44640716798758723,0.43724986792594134,0.4370653403080152,0.43755314189046446,0.4373892453119726,0.43726076683616355,0.4393490196001784,1.2428384,0.99282664,1.2542084
0.5693359375,0.5508931281174815,0.5509068983388935,0.557751150874898,0.5526359470946234,0.5611382579851532,0.5594792731326944,0.567742251513303,0.5584398361394628,0.5582529479436825,0.5587470385433634,0.5585810114093571,0.5584508751771938,0.5605674196225341,0.93621933,0.86265165,0.97460204,-0.6650135865351212,-0.6651227643975944,-0.6522269668332884,-0.6617049345684395,-0.6459485908103015,-0.6490142035066981,-0.6339227821219028,-0.6509442444546691,-0.6512920233328202,-0.6503730792644079,-0.6506816867212584,-0.6509237092707046,-0.6470013866650804,0.12281343,0.07260008,0.23429234,0.43400456439331464,0.43405447059430236,0.4415880571583571,0.43592995993531597,0.4453093102947078,0.44348776478456947,0.45253980862346427,0.44234539853310434,0.44213991546464165,0.4426831080959216,0.4425006024601753,0.4423575350806335,0.44468277418345037,1.2489096,0.99379057,1.252672
0.5712890625,0.5556526337870229,0.569467964154992,0.5624022411940057,0.5573659962980317,0.5591956393961831,0.553150257574833,0.560597024017527,0.562016672790127,0.5614044430995722,0.5621523951604789,0.5616166054892234,0.5597943130724372,0.5616713008200794,0.9423533,0.87109864,0.9773958,-0.6559713411647509,-0.6301997571738295,-0.6434899857323566,-0.6527409318658083,-0.6496418344543723,-0.6614338563004755,-0.6469446278299249,-0.6442259837249447,-0.6453967245869939,-0.6439667929110957,-0.6449907264440273,-0.6484879313580232,-0.6448861101059375,0.12199253,0.07254507,0.23694423,0.43926310602033214,0.4546635104518145,0.446743362767597,0.4411624829301973,0.44313025667253186,0.4362950866996213,0.44471034101825074,0.4463093634957622,0.44561998159168104,0.44646214771416687,0.4458589152234199,0.4438054705261281,0.4459205061629382,1.2515638,0.9948724,1.2539262
0.5732421875,0.5604449790063921,0.569467964154992,0.5671127231679965,0.5621295087412098,0.5633799252881302,0.5563425100215881,0.5650112739473189,0.5666638838635593,0.5659511886693989,0.5668218779670503,0.5661981664259808,0.5640768399567899,0.5662618371365743,0.94900507,0.87986153,0.98057884,-0.6469290957943804,-0.6301997571738295,-0.6345930368058708,-0.6437747937227337,-0.6416406871369669,-0.6551847885728809,-0.6385491893412405,-0.635435549762253,-0.6367760903023183,-0.6351388280184052,-0.6363111565892562,-0.6403178066776772,-0.6361913627243148,0.12115781,0.07186654,0.2387295,0.44457616557487356,0.4546635104518145,0.45202789454630216,0.44645000532807255,0.44783628907508505,0.439902854942631,0.4496695329747273,0.45152447976561,0.45072479495981205,0.4517017031203392,0.4510019642405959,0.4486197176531757,0.45107341037421117,1.2508317,0.9961756,1.2576313
0.5751953125,0.5652703334225027,0.569467964154992,0.5718232051419875,0.5669264794077791,0.5751377686609392,0.5736892014128698,0.581386689888635,0.5722217550855523,0.5720814631360562,0.5728545976788889,0.5726352920833799,0.5725787552385384,0.5745189384936212,0.9560161,0.88893986,0.984192,-0.63788685042401,-0.6301997571738295,-0.6258426678613264,-0.6348068775044239,-0.6197629542071501,-0.6224113356792383,-0.6084894606837005,-0.6251079052412871,-0.6253664292919766,-0.6239433036581873,-0.6243465938331884,-0.6244506118741555,-0.6208927128750128,0.12048487,0.070753485,0.23988573,0.44994421325756084,0.4546635104518145,0.45729476607512526,0.4517928093296025,0.46099525963980914,0.45937907164755254,0.46794902434508995,0.4577401704960695,0.4575833995788218,0.4584471581356518,0.45820219344112384,0.4581390356537586,0.460305018769313,1.2504069,0.99774367,1.2597703
0.5771484375,0.570128867265519,0.569467964154992,0.5765336871159783,0.5717569293397137,0.5801585232747155,0.5785743572422525,0.586992399134912,0.5769695448807295,0.5768161203563826,0.577661627172108,0.5774217926213839,0.577359963424776,0.5794817650971197,0.963202,0.8983315,0.9882295,-0.6288446050536397,-0.6301997571738295,-0.6172352860694851,-0.6258374912537984,-0.610696612636945,-0.6135441371400548,-0.5985889430082839,-0.6164447169602533,-0.6167228657266396,-0.6151918528763174,-0.6156256809870765,-0.6157375800370691,-0.6119111746459547,0.12012161,0.06939793,0.24065363,0.45536772250770424,0.4546635104518145,0.4625444102253306,0.45719120613504555,0.4665785482734807,0.4648167208345067,0.4741575735299756,0.4630300076736928,0.4628590909276295,0.46380077397447267,0.463533713260942,0.463464858125202,0.46582612272962676,1.2501994,0.9995679,1.2601199
0.5791015625,0.5750207513498599,0.5885907541308206,0.581318853660694,0.576620901597169,0.5778735642737914,0.5717126224010858,0.5791587545046069,0.5809688967283925,0.5802414480361178,0.5812122257312786,0.5804442200124877,0.5786110710191092,0.580474738137059,0.9703604,0.9080196,0.99266523,-0.6198023596832694,-0.5951593990350205,-0.6084796092302206,-0.616866901600152,-0.6149165251440063,-0.6266205670643193,-0.6125064181209231,-0.6091299585280723,-0.6104843371887708,-0.6086776803659517,-0.6101064709763052,-0.6135321754923541,-0.6100496232117097,0.12018274,0.067983106,0.24125707,0.46084717002000625,0.47617914008951034,0.46791978401682605,0.4626455317040262,0.46398657070798943,0.45692883510696225,0.4654548944917037,0.4675207032474974,0.4666908266975546,0.4677981990218094,0.46692219266297535,0.4648293330161941,0.4669570114467548,1.2500933,1.001592,1.2585152
0.5810546875,0.5799461570751997,0.5885907541308206,0.5861667873074451,0.5815184568958657,0.5821579162793172,0.574989165383279,0.5836533383769603,0.5857595842979302,0.5849131392945016,0.5860427171440946,0.5851490807815872,0.5830160646356188,0.5851845910716346,0.97728366,0.9179545,0.99747884,-0.610760114312899,-0.5951593990350205,-0.5995627471882893,-0.6078953389890058,-0.6069346282219985,-0.620373452308058,-0.6041728661518425,-0.6003069453907734,-0.601857211358637,-0.5997893864369183,-0.601424633131738,-0.6053480580170923,-0.6013595582992436,0.12074575,0.06667368,0.24188298,0.46638303576132284,0.47617914008951034,0.4734306244547907,0.4681561423467522,0.4688695137606994,0.46068107420410775,0.4705724230690129,0.4729679052642038,0.4720056437405174,0.4732896528858097,0.47227392497304527,0.46984694611587663,0.4723142987548357,1.2499441,1.0037256,1.254875
0.5830078125,0.5849052564274688,0.5885907541308206,0.5910147209541962,0.5864496692887511,0.5945914820950983,0.5932572491874875,0.6009875246352174,0.5913780321933635,0.5911254177902638,0.5921332402244854,0.5919227304982775,0.5918910478064042,0.5938258321970566,0.98377454,0.9280387,1.0026621,-0.6017178689425287,-0.5951593990350205,-0.590792170353761,-0.5989230014859444,-0.5844051282594475,-0.5867786692290814,-0.5731732076555502,-0.5901398781790257,-0.5905933393535053,-0.5887865323399498,-0.5891634222656089,-0.5892201691609732,-0.5857658811991622,0.12184812,0.065610126,0.24266258,0.47197580298747843,0.47617914008951034,0.4789231281833003,0.4737234104775694,0.4829687672903611,0.48146075995955484,0.4901794812097052,0.479334508365583,0.47904848174349685,0.48018931492904204,0.47995108627451355,0.47991522884214227,0.48210356057148746,1.2492143,1.0058593,1.2495803
0.5849609375,0.5898982219798524,0.5885907541308206,0.5958626546009472,0.5914146226654917,0.5997400538750756,0.5982936744542279,0.6066737041037004,0.5962565033035964,0.5959826558576453,0.5970751889681777,0.59684698523093,0.5968126395081848,0.5989100486714979,0.9896659,0.93811727,1.0082088,-0.5926756235721582,-0.5951593990350205,-0.5821643082009104,-0.5899500584849553,-0.5753545420881421,-0.5778844555220102,-0.563394172585339,-0.5814685617238026,-0.5819522246927651,-0.5800252640059753,-0.5804271766007415,-0.5804876929242349,-0.5768048394388638,0.12348376,0.06490283,0.2436593,0.47762595826013887,0.47617914008951034,0.48439774276430564,0.4793477211291849,0.4887696498510896,0.48714010067571917,0.49656035039407004,0.48484232860878523,0.4845332152825702,0.48576611191932517,0.48550866280279825,0.4854699121742899,0.4878347201870519,1.2416509,1.0078824,1.2488177
0.5869140625,0.5949252268937932,0.6082514333290008,0.6007796014958868,0.5964134086963822,0.597063688096123,0.5908981229687196,0.5981775810919459,0.6004375813145058,0.5996475568173151,0.6007304132116414,0.5997260319908978,0.597994232779899,0.5998691815476676,0.9948391,0.94798726,1.0140988,-0.5836333782017878,-0.5600699928054583,-0.5734002039668992,-0.58097665523778,-0.5801625736601362,-0.5915705545018956,-0.5781266483339886,-0.5740191287183034,-0.5754514676156931,-0.5734891724199472,-0.5753090208872527,-0.5784612429524417,-0.5750492743778636,0.125599,0.064629614,0.24486637,0.4833339914637449,0.49859344879529544,0.48999500898096615,0.4850294697241299,0.4856970186308599,0.47854115527609964,0.4869865479195318,0.4895998698727342,0.4886867948309643,0.4899381869618305,0.4887775149717666,0.4867743577156065,0.48894298850673995,1.2324032,1.0097079,1.2474762
0.5888671875,0.5999864449199946,0.6082514333290008,0.6057608227179628,0.6014461262060643,0.6014379312501648,0.5942652482470842,0.6027337737549952,0.6053629350481369,0.6044438635330488,0.6057035997443883,0.6045351572801895,0.6025204763046744,0.6047016896858205,0.999234,0.95741975,1.0202863,-0.5745911328314174,-0.5600699928054583,-0.5644768580505525,-0.5720029183070207,-0.572221061993675,-0.5853190604554854,-0.5698879782632763,-0.5651850286921211,-0.5668243797029994,-0.5645786476795205,-0.5666613157585377,-0.5702713170570421,-0.5663639914230307,0.12809284,0.064834446,0.24621573,0.4891003958225043,0.49859344879529544,0.4957320663761766,0.4907690611723433,0.4907487616812707,0.48244785360882403,0.49224409342776904,0.49527399620769896,0.4942154453027518,0.4956661956190608,0.4943206230037515,0.49199804984147827,0.4945124651042045,1.2217852,1.0112901,1.245403
0.5908203125,0.6050820503994163,0.6082514333290008,0.6107420439400387,0.6065128812550561,0.6146076105026231,0.6134488570399553,0.621021485055631,0.6110978385010637,0.6107932132129453,0.6119196801188358,0.6118380444684964,0.6116891297655507,0.6136395894462593,1.0028564,0.9661968,1.0267001,-0.565548887461047,-0.5600699928054583,-0.5556990700190494,-0.5630289611944841,-0.548977671468442,-0.5509836071032671,-0.538009906222201,-0.5550768657551415,-0.5556095418982244,-0.5536424164467044,-0.5537847316186019,-0.5540444319970226,-0.550652906490587,0.1308207,0.065528125,0.24759458,0.4949256679174339,0.49859344879529544,0.5014501447422953,0.49656690983064133,0.5058797289382527,0.5045530644234071,0.5132053430580581,0.50185831644301,0.5015088525590565,0.5028007817500716,0.5027071867393739,0.5025364437386219,0.5047715032101917,1.2101938,1.0126371,1.2424952
0.5927734375,0.6102122182642795,0.6082514333290008,0.6157232651621147,0.6116137869486196,0.6198965034670924,0.6186455214291068,0.6268208770445681,0.6161073784522968,0.6157785071470281,0.6169946328468034,0.6169064995764194,0.6167457323169644,0.6188514347851701,1.0057706,0.97415024,1.0332515,-0.5565066420906767,-0.5600699928054583,-0.5470633071683355,-0.5540548889493522,-0.5399259217197365,-0.5420553387868681,-0.5282930063760014,-0.5464023275366111,-0.5469681963537295,-0.5448786920485676,-0.5450298426468079,-0.5453056734895105,-0.5417042419166057,0.133605,0.06669155,0.24886604,0.5008103077034695,0.49859344879529544,0.5071497047022087,0.5024234395206084,0.5119168843383872,0.5104891801752685,0.5197993711271983,0.5075890130363062,0.5072128912958295,0.508603350444287,0.5085026192856631,0.5083188572104488,0.5107242595126089,1.1980852,1.0138137,1.238716
0.5947265625,0.6153771240390674,0.6284405239074281,0.6207711660321461,0.6167489623774327,0.6167086041657672,0.610668778114904,0.6176302933517511,0.6204132606996264,0.6195980278140434,0.6207445398768318,0.6194994128706007,0.6179235278792021,0.6197758152351492,1.0080893,0.9811942,1.0398432,-0.5474643967203063,-0.5249691357636607,-0.5382976644667643,-0.5450808007750937,-0.5455010424022655,-0.5563874969748356,-0.5438584732858768,-0.538928481364799,-0.5403680698006006,-0.538344568671198,-0.5405424670222032,-0.5433369189709365,-0.5400537989247499,0.13625117,0.068281695,0.24989006,0.5067548185266287,0.5219136993439225,0.5129721972414415,0.5083390828652126,0.5082116028254481,0.5011099568439641,0.5092927856551019,0.5125533107923604,0.5115988064344058,0.5129410378322499,0.5114833095918228,0.5096366234407484,0.511807010260392,1.1859474,1.0149282,1.2341032
0.5966796875,0.6205769438415235,0.6284405239074281,0.6258840712823341,0.6219185308168624,0.621158406623601,0.6141327431500992,0.6222305365149847,0.6254677476331959,0.6245194501394594,0.6258530991309416,0.6244047389871428,0.6225716336080688,0.6247262565242779,1.009956,0.9873442,1.0463789,-0.538422151349936,-0.5249691357636607,-0.5293756846673933,-0.5361067904293797,-0.5376254950722947,-0.5501252085235624,-0.535742838735484,-0.5300974725658583,-0.5317451456522037,-0.5294293485883519,-0.5319447963429625,-0.5351452330748834,-0.5313853917206773,0.1385658,0.0702396,0.25054085,0.51275970714123,0.5219136993439225,0.5189381199871109,0.5143142796579262,0.5134188091611619,0.5051813722624845,0.5146724883960814,0.5184525570674077,0.5173460594770377,0.5189020013090643,0.5172121655337877,0.5150711606806287,0.5175874243084725,1.1742626,1.0161138,1.228767
0.5986328125,0.6258118543836538,0.6284405239074281,0.6309969765325221,0.6271226178141577,0.6352279491240956,0.6342680519429301,0.6415181520353563,0.6313697185859541,0.6310247064569047,0.6322187463935541,0.6323214493520687,0.6320335889164335,0.6339626615785849,1.0115265,0.99271715,1.0527668,-0.5293799059795656,-0.5249691357636607,-0.520598292683986,-0.5271329451353174,-0.5134340885361047,-0.5150510769158367,-0.5029577210272885,-0.5199632806088013,-0.5205510255074529,-0.5185196522194578,-0.5183452860253526,-0.5188341505493692,-0.5155665469587049,0.14037609,0.0724998,0.25072047,0.5188254837271734,0.5219136993439225,0.5248844371110334,0.5203494745846483,0.5297958820151335,0.5286827412874923,0.5370740340002228,0.5253176512549792,0.524916669326892,0.5263040423042133,0.5264233257788139,0.526088973298061,0.5283284572636348,1.1634727,1.0175046,1.222879
0.6005859375,0.6310820329727299,0.6284405239074281,0.6361098817827101,0.632361349758748,0.6406671357162487,0.6396332138200465,0.6474424223293528,0.6365113687109359,0.6361397501650345,0.6374258712826554,0.6375364944199001,0.6372264349538518,0.6393042725638567,1.0129533,0.9975193,1.0589279,-0.5203376606091952,-0.5249691357636607,-0.5119620020254918,-0.5181593443087249,-0.5043711959963906,-0.5060838653774187,-0.4932834484975184,-0.5112888977380002,-0.5119118975777328,-0.5097588734177859,-0.5095740910666483,-0.510092169382175,-0.5066299110717548,0.14154574,0.07499921,0.25036547,0.5249526619072812,0.5219136993439225,0.5308116213696744,0.5264451150561738,0.5360853395105212,0.5348901584739868,0.5438989786985317,0.5312768204335291,0.5308462335500366,0.5323360160847725,0.5324641016704444,0.5321050756682038,0.5345097550788288,1.153954,1.0192164,1.2166513
0.6025390625,0.6363876575122888,0.6491546753305049,0.6412885439181886,0.6376348531528503,0.636750139618682,0.6310185809821498,0.6375101241977364,0.6409095859986371,0.6400833290542767,0.6412702485766459,0.639758645156254,0.6383936700996856,0.6401766090147494,1.0143718,1.0020214,1.0648038,-0.5112954152388248,-0.48988092866969063,-0.5031998274380528,-0.5091860593663586,-0.5110430509783858,-0.5211094811402532,-0.5097218691654816,-0.5038504882938818,-0.5052718211016297,-0.5032312223948565,-0.5058313493451199,-0.5081898387051088,-0.5051111765587374,0.14198673,0.07768436,0.24944903,0.5311417587646933,0.5461538643671618,0.5368634921269588,0.5326016499538245,0.5314757543938414,0.524648818297255,0.5323790639019986,0.5364142145295016,0.5354342598012803,0.536841804383439,0.5350490373848761,0.5334286789611375,0.5355449173441038,1.1459993,1.0213332,1.2103091
0.6044921875,0.641728906503128,0.6491546753305049,0.6465326315263994,0.6429432545312831,0.6412538147767641,0.6345871879768266,0.6421377861157244,0.6460918489779269,0.6451307933492191,0.6465113514136104,0.6447531392915132,0.6431654770393355,0.645239291355402,1.0158943,1.0065295,1.0703722,-0.5022531698684545,-0.48988092866969063,-0.4942845513079849,-0.5002131552536931,-0.5032684086933848,-0.5148277092621546,-0.5017537085377575,-0.4950290884266265,-0.4966559596096747,-0.49432047276928504,-0.49729657828032364,-0.4999979764608365,-0.49647205193474003,0.1416655,0.080516994,0.24797916,0.5373932948603158,0.5461538643671618,0.5430621501315219,0.5388195297283339,0.5368158841580585,0.5288973256700649,0.5378633139738607,0.5425413780129431,0.5414054201801773,0.5430370115712497,0.5409588496690424,0.5390803004935911,0.541533697949226,1.1398127,1.0239028,1.2040627
0.6064453125,0.6471059590443166,0.6491546753305049,0.6517767191346103,0.6482866810009803,0.6565070585554397,0.6557149332232134,0.6624810123885371,0.6521717036858731,0.6517957882103482,0.6530329041294006,0.6533713193389693,0.6529356792360069,0.6547940209962978,1.0176066,1.0113517,1.0756643,-0.4932109244980842,-0.48988092866969063,-0.4855127368503115,-0.49124069342294197,-0.47771250274642724,-0.47901085640061164,-0.46802074380897535,-0.48485708560462726,-0.48548106504445454,-0.48343029314626274,-0.4828706536989531,-0.4835911818626239,-0.4805242504991666,0.14060491,0.08347553,0.24599427,0.5437077942503452,0.5461538643671618,0.5492405837812436,0.5450992076973904,0.5548025918729657,0.553872305423017,0.5618043996684006,0.5497056238799076,0.5492630375769815,0.5507191811447485,0.5511173208476426,0.5506047825831469,0.5527902120263143,1.135514,1.0269377,1.1980835
0.6083984375,0.6525189948341902,0.6491546753305049,0.6570208067428212,0.6536652613725095,0.6621076883711335,0.6612558577853452,0.6685319199745059,0.6574455626595823,0.6570413131214148,0.6583716747891231,0.6587355975352829,0.6582671217158612,0.6602655331867007,1.0195708,1.0167683,1.080783,-0.4841686791277137,-0.48988092866969063,-0.4768809488972082,-0.48226873520244945,-0.46862894850523124,-0.4700019481625603,-0.4583869248910482,-0.4761870185544514,-0.476847426695689,-0.47467711920432903,-0.47408495480749285,-0.47484736596743904,-0.47160262908745376,0.13888074,0.08655518,0.24355936,0.5500857845038347,0.5461538643671618,0.5553992773452101,0.5514411418235667,0.5613619598732783,0.5603647199677114,0.5688669157879078,0.5558978524917543,0.5554233504799021,0.5569844774540483,0.5574113109339396,0.5568618333725617,0.5592047162609343,1.1331443,1.0304197,1.1924846
0.6103515625,0.6579681941713504,0.670393224773115,0.6623304206505075,0.6590791274668625,0.657122706693408,0.6519548787592853,0.6578288306716102,0.6619463164675681,0.6611024070372784,0.662314741976913,0.6605077070704959,0.6594057864759985,0.661054501068672,1.0230033,1.021829,1.0859078,-0.47512643375734337,-0.4548231154284893,-0.4681262135414619,-0.4732973441697911,-0.47690196705288085,-0.4857490989652954,-0.4757039029572979,-0.46876876813993,-0.4701831373822086,-0.46815242726206013,-0.47118200919499675,-0.4730375825520875,-0.47026353479848304,0.13661468,0.08976495,0.24076344,0.5565277967203237,0.5713309627147319,0.561685161849226,0.5578457959696275,0.5554222499296309,0.5491869763061639,0.5562726446618411,0.5612239215378428,0.5602101528361664,0.561666336711225,0.559495435213222,0.5581704351705423,0.5601525886257148,1.1326743,1.034303,1.187315
0.6123046875,0.6634537379556702,0.670393224773115,0.6677056233989125,0.6645284146094688,0.6616486440835804,0.6556380553377249,0.6624699215894619,0.6672588801426272,0.666277347361567,0.6676873878732219,0.6655856647101572,0.664304044731988,0.6662216289670239,1.0302013,1.0244101,1.0912839,-0.466084188386973,-0.4548231154284893,-0.45922178367406935,-0.46432658646095903,-0.46927574442007214,-0.47943633586818857,-0.4679017344248309,-0.45995709653956623,-0.46157610438699487,-0.4592517790035213,-0.4627198815755669,-0.46484548366228967,-0.46166815323839155,0.13396332,0.09312336,0.23771676,0.5630343655475315,0.5713309627147319,0.5681209262493122,0.5643136397848425,0.5608600455698963,0.5536278436364074,0.5618461425515688,0.567586301539647,0.566411177835371,0.5680991063328968,0.5655826516990321,0.5640465508887116,0.5663444489334033,1.1340125,1.0385157,1.1825615
0.6142578125,0.6689758076892914,0.670393224773115,0.6730808261473176,0.6700132603629231,0.6785128119404269,0.6777762785114855,0.6839031940064615,0.6734814718974469,0.6730971800279112,0.674361724552214,0.6749820354597132,0.6744116936063936,0.6761314106104518,1.0384151,1.0273341,1.0971849,-0.45704194301660267,-0.4548231154284893,-0.45045957481205046,-0.4553565288692157,-0.44173722463634957,-0.44291171162525256,-0.433218648120193,-0.4498114362916268,-0.45043310346774257,-0.4483901258613295,-0.4473907601247871,-0.44830955401992656,-0.44554388028067454,0.13110475,0.096653655,0.23454899,0.5696060291991047,0.5713309627147319,0.5745358522314629,0.5708451469855786,0.581004417008691,0.5801285335156409,0.5874033501523654,0.5750136575974363,0.5745553578906865,0.576063039760997,0.5768022090550363,0.5761225934202661,0.5781711062748368,1.1370026,1.0429618,1.1781633
0.6162109375,0.674534585477628,0.670393224773115,0.6784560288957225,0.6755338016840134,0.6842887363750448,0.6834978683199024,0.6900767709889883,0.678886230584818,0.678473589214414,0.6798314201414009,0.6804974918520937,0.6798850754503706,0.6817316572740219,1.0475978,1.0306141,1.1038648,-0.4479996976462323,-0.4548231154284893,-0.4418362066328504,-0.44638723575462347,-0.4326217671523435,-0.43386195451339404,-0.42363188201813484,-0.4411511708964028,-0.44180822728653435,-0.43964913433314295,-0.43859316075844795,-0.4395639939142451,-0.43664199930712894,0.12822266,0.1003778,0.23140463,0.5762433294724256,0.5713309627147319,0.580930435085203,0.5774407926461641,0.5878547363036555,0.586917208847903,0.5947034172371367,0.581441942546508,0.5809513167029371,0.5825653211149133,0.5833565943561954,0.5826290732542891,0.584821945910889,1.1414243,1.0475239,1.1740283
0.6181640625,0.6801302540303638,0.692156297317745,0.6838968539751419,0.6810901721993552,0.6777436117084935,0.67347778338464,0.6786146985569802,0.683539859195152,0.6826565812969478,0.6838812768475532,0.681758086015921,0.6809599500297795,0.6823892745718816,1.057607,1.0342536,1.1115001,-0.43895745227586186,-0.4198103515626338,-0.43309229216542555,-0.43741876658527706,-0.4432086504022818,-0.45033046873177685,-0.44176537574376895,-0.4336742394410837,-0.4351167116724588,-0.43311767220420916,-0.4365878701051118,-0.4378979604590996,-0.4355539836388607,0.1254905,0.10431138,0.22843611,0.582946811766477,0.5974629738977839,0.5874551038728641,0.5841010507816291,0.5799587803731229,0.574745304467177,0.5810217001256808,0.5870209456130226,0.5859463508329267,0.5874361617223037,0.5848526581447748,0.5838806314899404,0.5856210336281293,1.1469939,1.0520672,1.1700499
0.6201171875,0.6857629966624583,0.692156297317745,0.6894031495368773,0.6866825016242353,0.6822468671089944,0.6772856660134643,0.6832599498443798,0.6889879610297167,0.6879606999813233,0.6893850331813677,0.6869157409641886,0.6859875008128713,0.6876498195809505,1.0682161,1.0382406,1.1201451,-0.4299152069054915,-0.4198103515626338,-0.42420230393430286,-0.428451175778955,-0.4357950466682742,-0.44397568015997513,-0.43413915874462305,-0.4248683035309049,-0.42651957735730617,-0.4242313474549501,-0.42820436705828113,-0.4297052755620759,-0.42702027542899074,0.123057336,0.10845965,0.22579391,0.5897170250997742,0.5974629738977839,0.594132400689952,0.5908263935139259,0.5854415119527802,0.5793945104330654,0.5866740905205036,0.593629181180509,0.5923835869878512,0.5941104457360566,0.5911157611450288,0.5899888917387663,0.5920064841583783,1.1533695,1.0564475,1.1661242
0.6220703125,0.6914329972951424,0.692156297317745,0.6949094450986126,0.6923109177652101,0.7013330233793282,0.7004236662765071,0.7057862662361696,0.6952821240564201,0.6949257065903789,0.6962042078094837,0.697142177504552,0.6964832583651122,0.6979753787281451,1.0791291,1.0425391,1.1297061,-0.42087296153512116,-0.4198103515626338,-0.41545319996683855,-0.41948451529726605,-0.40541064112847536,-0.40682112859041736,-0.398555778512129,-0.4148654867447509,-0.41542754250693,-0.4134140686612552,-0.41194158436488776,-0.4129755829623724,-0.4106368914477162,0.12103817,0.112815276,0.22361419,0.5965545221283447,0.5974629738977839,0.6007882489530759,0.5976172922990071,0.608534014202823,0.607439186625754,0.6138875330113412,0.6012384103886251,0.6008078933233375,0.6023517894932586,0.6034837499397137,0.6026886163990797,0.6044887679114725,1.1601695,1.0605202,1.1621572
0.6240234375,0.6971404404569216,0.692156297317745,0.7004157406603481,0.6979755493186781,0.7073016870741639,0.7063268745931128,0.712075473636706,0.7008152449896909,0.7004331726516803,0.701803700183225,0.7028091847863183,0.7021028367530356,0.703702359700184,1.0899999,1.0470821,1.1399494,-0.4118307161647508,-0.4198103515626338,-0.4068416575918642,-0.41051883878074924,-0.3962495944332495,-0.39773651637734986,-0.3890267245581987,-0.4062214464463804,-0.4068145805066267,-0.4046899524173194,-0.40313649319733136,-0.4042273257722358,-0.40176027405136794,0.11950834,0.11735867,0.22200453,0.6034598591637762,0.5974629738977839,0.6074231545135638,0.604474220436731,0.6157009040916934,0.6145309728331583,0.6214212540070783,0.6079042744273122,0.6074441499731136,0.6090942006888838,0.6103039537440439,0.6094541789817078,0.6113780134727269,1.1580694,1.0641491,1.1669987
0.6259765625,0.7028855112845783,0.7144435892669982,0.7059878498894534,0.703676527062641,0.6985825658455082,0.6955820843131545,0.6999040141565568,0.7056891528113427,0.7047544812955958,0.7059710136275356,0.7035244780450841,0.7030546963312648,0.704173513119316,1.1004523,1.0517684,1.1505364,-0.4027884707943804,-0.3848560270208102,-0.3981116198833648,-0.4015542049757649,-0.4099963431020056,-0.4148838473505434,-0.40785711904764255,-0.3985861705916741,-0.4000737153437513,-0.3981383575741911,-0.4020373085501389,-0.40278908739785013,-0.4010003256633486,0.122060195,0.11850509,0.22102998,0.6104335961913236,0.6245673642619298,0.614191198196281,0.6113976551912677,0.6050524260866949,0.6013381638845088,0.6066861278709212,0.6138233439389769,0.612671857019095,0.6141704655339818,0.6111555768665309,0.6105761688483851,0.6119558068263272,1.1537954,1.0672148,1.1734879
0.6279296875,0.7086683955241716,0.7144435892669982,0.7116250094744833,0.7094139827398867,0.703013188736772,0.6995238412748648,0.7045499395084331,0.7112776459329496,0.7101906891741689,0.7116054300945879,0.7087602825297581,0.7082139596768792,0.7095150643421239,1.1101002,1.0564663,1.1610793,-0.39374622542401005,-0.3848560270208102,-0.38923955644499186,-0.3925906785734217,-0.402862870000609,-0.4084782696563,-0.40040742261889484,-0.3897826770983817,-0.39148562193402786,-0.3892701557049798,-0.39373461242200225,-0.39459597888513903,-0.39254675892682606,0.12688299,0.11802998,0.2207021,0.6174762968880722,0.6245673642619298,0.6211141773947408,0.6183880779918257,0.6105190266852968,0.6062109569565693,0.6124135601436359,0.62068782551484,0.6193531581719736,0.621090148015961,0.6175955110093789,0.616923823953525,0.6185231464940827,1.1492839,1.0696199,1.179329
0.6298828125,0.714489279532036,0.7144435892669982,0.7172621690595132,0.7151880470137125,0.7250006402479939,0.7236197357990312,0.7281361229319663,0.7175743054636439,0.7172797628380907,0.7185510308063017,0.719836375792306,0.719158138577845,0.7203272944708728,1.1185691,1.0610248,1.1712021,-0.3847039800536397,-0.3848560270208102,-0.3805069489534347,-0.383628328184284,-0.3687296069224429,-0.37081276999625407,-0.3640289140941114,-0.3800269856304395,-0.38047988438839075,-0.3785277966085483,-0.37656110287113453,-0.3775979908983264,-0.3758118052926162,0.13178548,0.118056566,0.22097315,0.6245885286411589,0.6245673642619298,0.6280151029790143,0.6254459723418023,0.6374623298135369,0.6357794262378816,0.6412788880617358,0.6283969413680215,0.6280366273153115,0.6295913491000164,0.6311621770842968,0.6303334378968195,0.6317618386242764,1.1444958,1.071298,1.1843067
0.6318359375,0.7203483502757846,0.7144435892669982,0.7228993286445431,0.7209988479580803,0.7311779622377189,0.7297006676039719,0.7345323085480074,0.7232332528600568,0.7229181505077787,0.7242781557919266,0.7256532207008449,0.7249276410287081,0.7261784065889763,1.1255176,1.0652934,1.180592,-0.37566173468326935,-0.3848560270208102,-0.37191053498170157,-0.37466722293254495,-0.35951340090617023,-0.36170500869288436,-0.35456986772864246,-0.3714049952910185,-0.37188202747634974,-0.36982609128693067,-0.3677552241495427,-0.36884697835072,-0.36696635650922615,0.13672276,0.11853586,0.22173871,0.6317708625660599,0.6245673642619298,0.6348944908704931,0.6325718204624152,0.6449701502098057,0.6431754464793322,0.6490400240515314,0.6353017688881176,0.6349174493363656,0.6365757310029416,0.6382511348760584,0.6373672305059863,0.6388907031848471,1.1394073,1.0722151,1.18832
0.6337890625,0.7262457953353113,0.7372535739979843,0.7286024666402307,0.7268465099194085,0.7196845908165326,0.7182564427552739,0.7217386755352714,0.7283742459904343,0.7274098369572597,0.7285835249246871,0.725823287435545,0.7256861529342612,0.7264175362685613,1.1306629,1.0691413,1.1890291,-0.366619489312899,-0.3499738484256363,-0.3631974767838292,-0.36570742990192007,-0.3771752892030131,-0.3794460015883416,-0.37392511381103183,-0.3635509205672087,-0.36504694314095226,-0.3632268032649447,-0.36751669995943376,-0.36773068214829513,-0.36659037845095965,0.14164652,0.119401485,0.22284701,0.6390238735249365,0.6526599295271266,0.6419100582833366,0.6397661003890012,0.6307623813282475,0.6289718429369703,0.633335096667225,0.6416254754599855,0.6404224900575843,0.6418864400402378,0.6384420366793349,0.6382707714784535,0.6391840315820176,1.1340111,1.0723782,1.1913816
0.6357421875,0.732181802903789,0.7372535739979843,0.7343698715453998,0.7327311520068596,0.7239998975260278,0.7223392040398375,0.7263884489689967,0.7341044897150336,0.7329830459075863,0.7343478455493048,0.7311381584426918,0.7309786943232549,0.73182916884486,1.133802,1.0724808,1.1963968,-0.35757724394252854,-0.3499738484256363,-0.35434710710314604,-0.3567490140406263,-0.3703750747122798,-0.37298461457119425,-0.3666427337714985,-0.3547516388384464,-0.356464333133539,-0.3543806710500452,-0.35929331812683907,-0.359538513885298,-0.3582320391462618,0.14650373,0.120573014,0.22411515,0.6463481401450357,0.6526599295271266,0.6490823238632439,0.6470292848547715,0.6361581079491334,0.6340813406338857,0.6391416536360386,0.6487525034202108,0.6473582249749199,0.6490549514599483,0.6450626184020168,0.6448640858670139,0.6459227221388038,1.1283242,1.0718371,1.1936059
0.6376953125,0.738156561788671,0.7372535739979843,0.7401372764505688,0.7386528871373031,0.7494682762412126,0.7473190352717898,0.7509625838010017,0.7403760695081948,0.7401570956482415,0.7413851551542109,0.7430452021819599,0.7424234245472311,0.7431886894908288,1.134834,1.0752789,1.2026714,-0.3485349985721582,-0.3499738484256363,-0.34563466768792334,-0.3477920407410531,-0.33181102893222836,-0.33496447596167067,-0.329629162460701,-0.3452765574191368,-0.34560493668131953,-0.34376581126146827,-0.3412894100944828,-0.3422156594628755,-0.34107588009781975,0.15123671,0.12195742,0.22534907,0.6537442448371561,0.6526599295271266,0.6562319390353712,0.6543618422518414,0.6677629830427971,0.6651120275349989,0.6696043704057563,0.656527748276101,0.656256491871984,0.6577773528219066,0.659831610214456,0.659062392618779,0.6600090859931861,1.1223873,1.0706877,1.1951876
0.6396484375,0.744170261412692,0.7372535739979843,0.745904681355738,0.7446118237281846,0.7558615314081643,0.7535681362158794,0.757456065395824,0.7461594907782745,0.7459258298697037,0.7472362579728802,0.7490076479317405,0.7483441663312848,0.7491607592435922,1.1337758,1.0775622,1.2079067,-0.33949275320178784,-0.3499738484256363,-0.3370569590689411,-0.3388365800579314,-0.3225422546251306,-0.3258514768633935,-0.32025325408027244,-0.3366806780690375,-0.3370257189496618,-0.33509343288754534,-0.3324921846711976,-0.33346505074753807,-0.33226792157684637,0.15578401,0.12345098,0.226364,0.6612127738141719,0.6526599295271266,0.6633594292049467,0.661764238952783,0.6756262728903788,0.672806397672171,0.6775849125601102,0.6636741484433464,0.6633855516846313,0.6650036152513098,0.6671890892678247,0.6663707478374045,0.6673778972782388,1.1162685,1.0690705,1.1963681
0.6416015625,0.7502230918148723,0.7605828285083512,0.7517382526717118,0.7506080697346214,0.7414843452771351,0.7411755887616717,0.7441617088840095,0.7515736682187769,0.7506275471423234,0.7517166697183968,0.7488479045527571,0.7486704767711664,0.749150339850426,1.1307654,1.0794085,1.2122122,-0.3304505078314175,-0.31517937142341995,-0.3283643556986799,-0.32988271087993715,-0.3440583881489882,-0.34453768748730523,-0.33991885045275233,-0.32861287744346757,-0.3300436297498371,-0.32839693965628036,-0.3327446538860669,-0.33301464600549624,-0.3322847324316279,0.16008285,0.12494154,0.22700328,0.6687543171096224,0.6817538119397992,0.6706261457335028,0.6692369416784176,0.6576452119766246,0.6572531925762356,0.6610417390445756,0.6704183670401839,0.669223581248909,0.670598899516408,0.6669745318299447,0.6667501847598356,0.6673568933067642,1.1100595,1.0671653,1.1974046
0.6435546875,0.756315243651512,0.7605828285083512,0.7576346365628048,0.756641734912501,0.7457123624762336,0.7453533695907197,0.7488253477531875,0.7574432733211867,0.7563432131823047,0.7576095419452004,0.7542740130313295,0.7540677167813931,0.7546256562024166,1.1260585,1.0809305,1.2157364,-0.32140826246104703,-0.31517937142341995,-0.31954016159951965,-0.3209305233002784,-0.3375408344200497,-0.33809178555255703,-0.3327854460947988,-0.31982461385743716,-0.3214625923733325,-0.31957745535557586,-0.3245565562746112,-0.3248659508111242,-0.32402956639333796,0.16407381,0.1263126,0.22715259,0.6763694685963499,0.6817538119397992,0.6780504206967384,0.6767804184056788,0.6630012347486328,0.662546563424536,0.6669401107401234,0.6778096311170438,0.6764249651369503,0.6780188459015619,0.6738182161707462,0.6735581682808965,0.6742614154110081,1.1038646,1.0651835,1.1985412
0.6455078125,0.7624469081971985,0.7605828285083512,0.7635310204538976,0.7627129277135123,0.7742777345968714,0.7714716958613259,0.7746013300696785,0.7637035148991863,0.763553640692282,0.7646951069198697,0.7665602798194071,0.7662433093645625,0.7667462348486856,1.1200088,1.0822546,1.2186526,-0.3123660170906767,-0.31517937142341995,-0.3108522575384702,-0.3119801179556297,-0.2953455994554287,-0.2993528164897011,-0.2948853498776997,-0.31059991549853405,-0.31081915990746606,-0.3091515242455148,-0.3064372705108031,-0.3068976031260003,-0.3061673872583775,0.1677062,0.12744997,0.22675015,0.6840588260052135,0.6817538119397992,0.6854514624144964,0.6843951365982911,0.6988941685845331,0.6953912983502074,0.6992978048928444,0.6856678179066212,0.6854798355249904,0.6869111703745999,0.6892481695147314,0.6888511751603393,0.6894810414322924,1.0977918,1.0633544,1.1999837
0.6474609375,0.7686182773458049,0.7605828285083512,0.7694274043449907,0.7688217489004262,0.7808568716831648,0.777872561534882,0.7812010256113351,0.769610857594255,0.7694514616775258,0.7706654467889071,0.7726491166299112,0.7723120086159998,0.77284688563216,1.1130439,1.0834992,1.2211529,-0.30332377172030633,-0.31517937142341995,-0.30229751020478346,-0.30303160245251526,-0.28606813349352794,-0.2902597255020821,-0.28558681402701463,-0.302033207560057,-0.30226284342281573,-0.3005162927880416,-0.2976742139065333,-0.29815617159617447,-0.29739166255698835,0.17094189,0.12825087,0.22579062,0.6918229909438526,0.6817538119397992,0.6928298050195626,0.6920815586149499,0.7070831102660582,0.7033693271051344,0.707511036414525,0.6930592329034,0.6928598925086713,0.6943776928770076,0.6968557861333001,0.6964348307139624,0.6971027119675657,1.0919368,1.0619107,1.2018821
0.6494140625,0.7748295436114884,0.7844246451267277,0.7753901740874523,0.7749682876975937,0.7652457213180622,0.7632398680480227,0.7672122912587929,0.7752729166065164,0.774392344019399,0.7753655170828926,0.7724132799014981,0.7720789133645926,0.7725306787895584,1.1056335,1.0847607,1.2234473,-0.294281526349936,-0.28049175862733705,-0.2936295921631577,-0.29408508699028246,-0.30876417896864145,-0.3118043663382028,-0.3057989646944845,-0.2938022668994784,-0.2951006792729644,-0.2936658980196754,-0.2980296311049664,-0.29852596568200646,-0.2978554657922628,0.1737591,0.12863341,0.22432455,0.6996625689155124,0.7118578285583133,0.7003505143779986,0.6998401359249918,0.6873516741442318,0.6847729909581692,0.6898771231040305,0.70020066425544,0.6990750337428457,0.7003190045323197,0.6965432955096152,0.6961152911400238,0.6966935533811152,1.0863692,1.0610751,1.2043238
0.6513671875,0.7810809001296939,0.7844246451267277,0.7814131547803026,0.7811526224806595,0.7696198147127222,0.7672879284812024,0.771906032471821,0.7812768381765803,0.7802531366314956,0.7813844900069106,0.777952393881884,0.7775636791461966,0.7780888748771554,1.0982585,1.0861043,1.2257633,-0.2852392809795656,-0.28049175862733705,-0.2848372818502967,-0.2851406826672677,-0.3021950422645224,-0.3056903593383542,-0.2987886806913907,-0.28503492279277953,-0.2865213604961764,-0.2848788362329481,-0.2898763668253062,-0.29044516192133396,-0.28967679290888315,0.17615277,0.12854612,0.22245371,0.7075781693379343,0.7118578285583133,0.7080280282848384,0.7076713051368196,0.6929598835872631,0.6899692880284246,0.6958882808383016,0.7078543888869643,0.7065500124170744,0.7079915162556195,0.7036159327643551,0.7031198675100907,0.7037900815612508,1.0811234,1.0610418,1.2073283
0.6533203125,0.7873725406581564,0.7844246451267277,0.7874361354731528,0.787374821993038,0.7980920523253281,0.7960263316552447,0.8001990369157339,0.7875593048540501,0.7874620356371523,0.7884842742421417,0.7905631190221293,0.7904398011046283,0.7909143436861314,1.0913827,1.0875643,1.2283392,-0.27619703560919523,-0.28049175862733705,-0.276179473658622,-0.2761985050363734,-0.26117084351703324,-0.2640489690631567,-0.25825053383667035,-0.2760036721045736,-0.276142501389367,-0.2746852040368757,-0.27173324017659123,-0.27190791865126207,-0.27123603280031167,0.17813343,0.12797491,0.22032279,0.7155704055623086,0.7118578285583133,0.7156817490562237,0.715575488226181,0.7291772043625249,0.7265665785449879,0.7318372688937295,0.7158381507660324,0.7157146381514865,0.7170123754456431,0.7196494218544196,0.719493067882887,0.7200946844380356,1.0761939,1.0619665,1.2108481
0.6552734375,0.7937046595778995,0.7844246451267277,0.7934591161660032,0.7936349443759101,0.8047409921507983,0.8025539251210523,0.8069717470619518,0.7935895208697639,0.7934865377799555,0.7945688256138744,0.7967697877013995,0.7966392257355688,0.7971416443099902,1.0891497,1.0854282,1.2314172,-0.2671547902388249,-0.28049175862733705,-0.2676531046564869,-0.26725868201895486,-0.25201208969117755,-0.25500984399212284,-0.248971192817006,-0.2674697731671036,-0.2676145485488774,-0.2660949251217983,-0.26301732301661224,-0.2631994131542189,-0.2624990346791837,0.17972457,0.12694606,0.21810848,0.7236398948922809,0.7118578285583133,0.7233122185181639,0.7235530963751005,0.7375575832947062,0.734802107746401,0.7403651373301988,0.7234773273194953,0.7233469386256289,0.7247169101988022,0.7275006570578203,0.727335608067092,0.7279706791017565,1.0715398,1.0639516,1.2147748
0.6572265625,0.8000774518942335,0.8087666740511539,0.7995486130040614,0.79993303753207,0.7895186785988396,0.7860629106780604,0.7909212253116483,0.799461743342674,0.7986678336261579,0.7995202572403094,0.7962445391216834,0.796055345784989,0.7967213978824674,1.0908532,1.0807589,1.2352207,-0.25811254486845453,-0.2459359560513658,-0.2590152471282634,-0.2583213616591108,-0.2736046187944371,-0.27871755805192605,-0.27154224456286347,-0.25914003470374947,-0.26028173737208926,-0.2590559769755709,-0.26378070009553106,-0.264054770338868,-0.2630904879514041,0.1809588,0.12552503,0.21600625,0.7317872586030209,0.7429732785928761,0.7310882370969766,0.7316045334959372,0.7180813479082793,0.7135840467838989,0.7199042670556116,0.7309758725173838,0.7299487314628127,0.7310515598973105,0.7268109462487072,0.7265658060002707,0.7274287122471983,1.067094,1.0670383,1.2189467
0.6591796875,0.8064911132377641,0.8087666740511539,0.8056939870354564,0.8062691424870243,0.7940360551193583,0.7900193681191616,0.7956662546228125,0.8055930172227822,0.8046702449444455,0.805661028737835,0.8018536161207206,0.8016337140805823,0.8024078756743943,1.0926623,1.077667,1.2399306,-0.24907029949808415,-0.2459359560513658,-0.25026246595375373,-0.24938671485697622,-0.2669931099359908,-0.27287194827451433,-0.26462407708664587,-0.25040529193734623,-0.25171225222707955,-0.25030908289573106,-0.25572016326944946,-0.2560342572990225,-0.25492925812276657,0.18187368,0.12380797,0.21421573,0.7400131219603647,0.7429732785928761,0.7390177002584636,0.7397301949179634,0.7239427597607784,0.7187277566392867,0.7260561945616565,0.7388875173159517,0.7376974586537757,0.7389752070113959,0.734061560686615,0.7337774783814496,0.7347774453127522,1.0712019,1.0627778,1.2231611
0.6611328125,0.8129458398653867,0.8087666740511539,0.8118393610668514,0.8126432921155444,0.8224083799679722,0.820930449792311,0.8260498869805791,0.8119308997605301,0.8118692408837019,0.8127674801867465,0.8153210208567073,0.8148185321013205,0.8155203828735165,1.0945685,1.076363,1.2456552,-0.24002805412771372,-0.2459359560513658,-0.24164219649698487,-0.2404549322341281,-0.22710827902088246,-0.22911813839061276,-0.2221868299681008,-0.24151469326808137,-0.2416005740713802,-0.2403507603346849,-0.23681279586605686,-0.23750724822283142,-0.23653750956218486,0.18250866,0.121910945,0.21292374,0.7483181142400012,0.7429732785928761,0.7469228471460769,0.7479304600162265,0.7604733606395793,0.758582642772557,0.7651263093231828,0.7470405069645589,0.7469612539314063,0.7481155663786564,0.7513943170464334,0.7507494424110958,0.7516501270070749,1.076351,1.0585167,1.2271906
0.6630859375,0.8194418286612882,0.8087666740511539,0.8179847350982463,0.819055499822993,0.8291035825184454,0.8275487664778437,0.8329345304268144,0.8180810358786291,0.8180161693427692,0.8189611374472656,0.8216475201055042,0.8211188905464333,0.8218572534655277,1.0965743,1.0769684,1.2524047,-0.23098580875734337,-0.2459359560513658,-0.23315145214695757,-0.2315262195101362,-0.2180974246886311,-0.22017819215639664,-0.2130037229381342,-0.23301931187200461,-0.23310831584964467,-0.2318131097161474,-0.22814733343338062,-0.2288667936355015,-0.22786214461269233,0.18290147,0.119954094,0.21228786,0.7567028687467278,0.7429732785928761,0.7548042258113572,0.756205682245879,0.7690175323027327,0.7670344670611081,0.773897565663629,0.7549276504405487,0.754844514378567,0.7560553749125292,0.7594946557875221,0.7588182181407633,0.7597629847947575,1.0823317,1.0542536,1.230802
0.6650390625,0.8259792771379522,0.8335876373778877,0.8241967344796661,0.8255057479453993,0.8142805380369077,0.8097816450694941,0.815307368642609,0.8241264331251251,0.8234052265125169,0.8241634112457831,0.8206649554680188,0.8205973911576729,0.8214015795565125,1.0986983,1.0795077,1.2600769,-0.22194356338697302,-0.2115459726193879,-0.2245503947604837,-0.22260079735963656,-0.23861650276219828,-0.24511177633777728,-0.23714406430172774,-0.22464892572403916,-0.22566070553006784,-0.2245970968908797,-0.22952124311051922,-0.2296167544857365,-0.22848094390904508,0.18308665,0.11804707,0.21242118,0.7651680228337746,0.775088985862302,0.762834400187477,0.7645561818223058,0.7498223241310982,0.7438972276733233,0.751172759427989,0.7627423772835595,0.7617981489244622,0.7627907812171029,0.7582074050657488,0.758118809427348,0.7591731304033579,1.0889392,1.0499593,1.2337737
0.6669921875,0.8325583834371532,0.8335876373778877,0.8304573364118139,0.8319939890072231,0.8189348333672116,0.8137071729216363,0.8201279983926104,0.8303756470688874,0.8295376135106036,0.8304186152079641,0.8263534509503386,0.8262749420204116,0.8272093994333475,1.1009738,1.0839018,1.2684562,-0.21290131801660267,-0.2115459726193879,-0.21584810101400506,-0.21367890806300474,-0.23197602042511978,-0.23944374111134972,-0.23028492655509775,-0.21596086532125905,-0.21711897290760024,-0.2159015491584482,-0.2215406954429051,-0.22165014822724566,-0.2203487276955248,0.18309484,0.11627546,0.21338043,0.7737142179221735,0.775088985862302,0.7710103421669952,0.7729822433055226,0.7559330750245551,0.7490639727470095,0.7574983434319321,0.7709037510733421,0.7698100115780208,0.7709598179210507,0.7656502001816248,0.7655475536290752,0.766769053952008,1.0959312,1.0456363,1.2359127
0.6689453125,0.8391793463309646,0.8335876373778877,0.8367179383439615,0.8385201550557404,0.847216390346968,0.8461292666810138,0.8519794476500075,0.8367923676274731,0.836753218239184,0.8375559217835878,0.8404570950511768,0.8396772181415219,0.8405286265777432,1.1034458,1.0899639,1.2772268,-0.2038590726462322,-0.2115459726193879,-0.20727603418043608,-0.2047608259735412,-0.1931781720281164,-0.19462178011305653,-0.18689666629286153,-0.20717484164681452,-0.20722806611130473,-0.20613776765451128,-0.20221451996748477,-0.20326648078947449,-0.20211813021651853,0.1829537,0.11469108,0.21515954,0.7823420995202087,0.775088985862302,0.7791615044145335,0.781484115407167,0.7927852511388088,0.7913775919180935,0.7989444148455186,0.7792583276657993,0.779207399602545,0.7802514190228232,0.7840214625361541,0.7830085281109247,0.7841143518540677,1.1030478,1.0413185,1.2370666
0.6708984375,0.8458423652227527,0.8335876373778877,0.8429785402761092,0.8450841540040557,0.8539187877604633,0.8527859157953173,0.8588822838704127,0.843056101690065,0.8430153048186194,0.8438517877048423,0.8468750480420164,0.8460623523801688,0.8469495897557229,1.1061603,1.0974011,1.286003,-0.19481682727586186,-0.2115459726193879,-0.1988312927664754,-0.19584686708786234,-0.1843626124892854,-0.185843626280713,-0.177919846854636,-0.1987273946716282,-0.19878204210711245,-0.19766262925885264,-0.19363522805290403,-0.1947150225132509,-0.1935362913723896,0.18268952,0.11330958,0.21768978,0.7910523172429097,0.775088985862302,0.7872884390296907,0.7900620081937699,0.8014442232376731,0.7999816603527575,0.8078434376594513,0.7873890487946319,0.787336129072812,0.7884209729199615,0.7923383616199839,0.791285850024252,0.7924348798709899,1.1100308,1.0370656,1.2371324
0.6728515625,0.8525476401481845,0.8588514895083355,0.8493064103637444,0.851685851456843,0.8395118894091662,0.8344403398930763,0.8403671199029363,0.8492418237564555,0.8485473606149564,0.8492653936112541,0.8456868523420308,0.845664138423556,0.8465455530507459,1.1091557,1.1058192,1.2943635,-0.1857745819054915,-0.17737210992308694,-0.1902757461210146,-0.1869373959609596,-0.2038271938509608,-0.21096906935540383,-0.20263133197110456,-0.19036408267292693,-0.1913147651456289,-0.1903318440967414,-0.19524710722078417,-0.19527843851374985,-0.19406385955168592,0.18232945,0.11211124,0.22084573,0.7998455248316249,0.8081730910960829,0.7955685455403614,0.7987160851462897,0.782566407698573,0.7758093074137378,0.7837042018131287,0.7954830094023365,0.7945631202085306,0.795514224762266,0.7907708295602506,0.7907406958026116,0.7919097942998177,1.1166439,1.0329564,1.2360599
0.6748046875,0.8592953717762224,0.8588514895083355,0.8556697964601385,0.8583250655520713,0.8442935588560083,0.8384030050878648,0.8452869004751181,0.8555947797651954,0.854788167809221,0.8556221559145474,0.8514657162128343,0.8514393342249159,0.8524630884517094,1.1147428,1.112451,1.3018916,-0.17673233653512116,-0.17737210992308694,-0.18164133503197782,-0.17803283193126374,-0.19717482477487033,-0.20538362868638876,-0.19580182306983487,-0.1817424123376899,-0.1828303602078297,-0.18170552372922338,-0.18733337168593736,-0.18736926856574265,-0.18597791830266633,0.1819027,0.111048296,0.22445609,0.80872238017364,0.8081730910960829,0.8039778842927129,0.8074464510937229,0.7889178609625811,0.7810871827920589,0.7902361474446729,0.8038788430597054,0.8028136877271846,0.8039149869872029,0.7984220032034873,0.79838710320642,0.7997410776272378,1.1226901,1.0290824,1.2338554
0.6767578125,0.8660857614101277,0.8588514895083355,0.8620331825565324,0.8650015695881098,0.8724824454470775,0.8715700446974282,0.8778930167656545,0.8621020866348329,0.8620769411876769,0.8628429730923708,0.8658946999795758,0.8649785970388325,0.865918932272969,1.1236379,1.1160359,1.3082062,-0.1676900911647508,-0.17737210992308694,-0.17313439952644843,-0.1691336571349076,-0.15942946116568885,-0.16061304425809592,-0.15246131990695902,-0.17304293886033495,-0.17307631428114545,-0.17206043717090586,-0.16803121766049078,-0.1692377693902121,-0.16799933721993307,0.18144129,0.110054925,0.22831929,0.8176835453218699,0.8081730910960829,0.8123620826524414,0.8162531375200774,0.8260839681782235,0.8248883944117432,0.8331637930296267,0.812452781597929,0.8124196827949831,0.8134278338066669,0.8174405972851124,0.8162365883514345,0.8174724382851627,1.1280216,1.0255392,1.2305783
0.6787109375,0.8729190109884644,0.8588514895083355,0.8683965686529265,0.8717150753541427,0.8791180643210896,0.8781818929578592,0.8846695962867462,0.868467267876858,0.8684414673198635,0.8692274565167937,0.8723586894989009,0.8714187194920541,0.8723835531119009,1.131949,1.1198661,1.3129882,-0.15864784579438038,-0.17737210992308694,-0.16475213727982596,-0.16024042661415158,-0.15089783192913916,-0.15209407202088288,-0.14385610430530266,-0.16465965941865912,-0.16469340599803073,-0.16366624795279613,-0.15959261833889934,-0.16081241293028417,-0.15956038863167196,0.1809786,0.1090575,0.23221985,0.8267296865146131,0.8081730910960829,0.8207216932864873,0.8251360841484425,0.8347609902201627,0.8335377771231605,0.8420044267856166,0.8208144916657778,0.8207806267178652,0.821812112450947,0.8259177321140323,0.8246858660559708,0.8259503097737518,1.1325494,1.0224233,1.226337
0.6806640625,0.8797953230860952,0.8844947261490395,0.8748303960606055,0.8784652046025201,0.8652041028030745,0.8600493946990717,0.8661118239248308,0.8747598593218676,0.8740043566921107,0.8747746876214225,0.8713002078593957,0.8712089665366958,0.8721169583886282,1.1391382,1.1238613,1.3159978,-0.14960560042401003,-0.14349758096479806,-0.15625532092104222,-0.15135378043764972,-0.16924691025228655,-0.17632323479980802,-0.16800952329561167,-0.1563494769852246,-0.1573589138639119,-0.15632968214834356,-0.1609863084972581,-0.16110909398752515,-0.15988833336045374,0.18054771,0.10798526,0.23594603,0.835861474195359,0.8421541014287648,0.8292424334413884,0.8340951146921836,0.816319383154369,0.8093748939253207,0.8175404947682523,0.8291479521465659,0.8281357902071255,0.829167814350748,0.8245100571020787,0.8243876401546574,0.8256056437533614,1.1362401,1.0198276,1.2212833
0.6826171875,0.8867149009151842,0.8844947261490395,0.8812732827862282,0.8852514636554782,0.8701006148506073,0.8641178507263145,0.8711541529467585,0.8811914149750056,0.8803145478589787,0.8812086253032748,0.8771760026112753,0.8770701042168195,0.8781239565334372,1.1447289,1.1279095,1.3170843,-0.14056335505363968,-0.14349758096479806,-0.14771907083132133,-0.14247446139920736,-0.16260305512126708,-0.1707313943402019,-0.16118325192740782,-0.1478267606657772,-0.1489814576685828,-0.1478041203464185,-0.15313335078236912,-0.15327395900454927,-0.15187620092161372,0.18017972,0.10677831,0.2393052,0.8450795830326652,0.8421541014287648,0.8378565635583772,0.84312990795899,0.8228979674474555,0.8148555794162726,0.8243118341762278,0.8377472347693447,0.8365759828541461,0.8377702183095572,0.8323798893043165,0.8322382020504451,0.833647900097103,1.1391156,1.0178381,1.2156035
0.6845703125,0.8936779483261994,0.8844947261490395,0.8877161695118507,0.8920732478156156,0.8981351635516047,0.8971526939026628,0.9037143487660443,0.8877925147717377,0.887776465399404,0.8886102311227637,0.8915370597386095,0.8906530518792622,0.8916358145523222,1.1483426,1.1318765,1.316189,-0.13152110968326933,-0.14349758096479806,-0.13930672992401383,-0.13360334541800054,-0.12595761087206697,-0.12720313952968507,-0.11893593871361768,-0.1392077746113055,-0.13922857567734717,-0.1381489536241341,-0.13437506369004332,-0.13551230024816882,-0.13424816006851134,0.17990138,0.10539192,0.24213703,0.8543846919400975,0.8421541014287648,0.8464453800359397,0.852239968221744,0.8602864832368852,0.858984027302597,0.8676722938637649,0.8465470336374391,0.8465256642103803,0.8476356038932776,0.851528640108428,0.850353336811969,0.8516599076839559,1.1412427,1.0165298,1.2095077
0.6865234375,0.9006846698089112,0.8844947261490395,0.8941590562374734,0.8989298198771921,0.9045390233908713,0.9035602338219056,0.9100973104047272,0.8942351155275469,0.8942191262720565,0.8950497689223047,0.8979656343868772,0.8970849377948301,0.8980640192903204,1.1497322,1.135617,1.3133464,-0.12247886431289898,-0.14349758096479806,-0.1310156197064477,-0.12474148767484439,-0.11790570969338027,-0.11912905971577897,-0.11100852828576335,-0.13091844984429016,-0.13093887561188505,-0.12987872173455456,-0.12617271333001293,-0.12728952219710507,-0.1260480877279452,0.17973454,0.103799656,0.24432388,0.8637774840962286,0.8421541014287648,0.8550094300683703,0.8614245938348288,0.8687605734839987,0.867466523228105,0.8760989478459222,0.855110417821166,0.8550891883611458,0.8561918625903094,0.8600594881105784,0.8588918444460724,0.8601899008279715,1.1427277,1.0159655,1.2032168
0.6884765625,0.9077352704933964,0.9103945833133162,0.9006864751636608,0.9058202377252926,0.8912442954822496,0.8864088098285317,0.892276131634156,0.9005945371732215,0.8996047655763215,0.9005952033405182,0.8972810900806892,0.8971883658331455,0.8980249350082042,1.1488004,1.138988,1.3086784,-0.11343661894252863,-0.11007098701062101,-0.12258951154611397,-0.11589017759600727,-0.13501621359179072,-0.14148262454592453,-0.1336454305271166,-0.12270925342994889,-0.12399990186876404,-0.12270838571236156,-0.1270411317206879,-0.12716281620289685,-0.12606587371479389,0.17969586,0.101992115,0.24579754,0.8732586469647047,0.8768771006154358,0.8637590366127321,0.8706828301204618,0.8509487730004412,0.8443667810617219,0.8523513760303757,0.8636345692058665,0.8622942700065136,0.8636354710944513,0.8591453006554184,0.8590195747135755,0.8601536969527567,1.1437042,1.0161881,1.1969475
0.6904296875,0.9148299561510351,0.9103945833133162,0.9071585472634311,0.9127433260458662,0.8962158511761515,0.8906119279583796,0.8974116629275852,0.9070519988262907,0.9059049363739611,0.9070527708584398,0.9032119909299952,0.9031045312866685,0.9040740449527422,1.1456065,1.1418599,1.3023878,-0.10439437357215808,-0.11007098701062101,-0.11421405761723707,-0.10705099586073162,-0.12843507682660385,-0.13585318651998127,-0.12686413287743767,-0.11435087267729757,-0.11582581302518373,-0.1143498812226572,-0.1193032353469609,-0.11944242914398091,-0.11818780362810494,0.17979687,0.09997663,0.24654275,0.8828288723143661,0.8768771006154358,0.8725107083124495,0.8800133855571021,0.8577025921851955,0.8500905353651059,0.8593243816652286,0.8723668720558052,0.8708179515336466,0.8723679142936852,0.8671784575547236,0.8670331357897562,0.8683439929733856,1.1443228,1.0172178,1.1908958
0.6923828125,0.9219689331955132,0.9103945833133162,0.9136306193632013,0.9196975928218235,0.924182481978765,0.9230293802920725,0.9295862533556228,0.9137333622760668,0.9137326178181099,0.9148394558120578,0.9174362189981402,0.9166049544228776,0.9175398405722073,1.1441244,1.1403536,1.294745,-0.09535212820178773,-0.11007098701062101,-0.10595726552071817,-0.0982258802080224,-0.0927534360608698,-0.09418165078718635,-0.08610761416702573,-0.1058272303289499,-0.10582817243701578,-0.10442916765231822,-0.10116019916694438,-0.10220463159589256,-0.10103013773554678,0.18004426,0.09777537,0.2465984,0.89248885623944,0.8768771006154358,0.8812372864167531,0.8894145074291223,0.8954088761032366,0.8938633173736964,0.902641839776161,0.8813755850944922,0.8813745830276375,0.8828640684186796,0.8863557644009373,0.8852384437420003,0.8864950163633647,1.1447418,1.0190439,1.1852181
0.6943359375,0.929152408683827,0.9103945833133162,0.9201026914629716,0.9266811125141933,0.9299357046160989,0.9288611583994512,0.9349713421107307,0.9201984349776859,0.920197741236197,0.9212291754909245,0.9236490332444403,0.9228743988694409,0.9237455955612436,1.1456972,1.1333643,1.2860729,-0.08630988283141738,-0.11007098701062101,-0.09781663122757772,-0.08941723262652183,-0.08567585738570077,-0.08699008426965071,-0.0795572553163162,-0.09769716626602838,-0.09769803179973965,-0.09641262179220175,-0.09340817756313775,-0.09436823266414837,-0.09328861442941551,0.18044019,0.09542422,0.24605526,0.9022392991797958,0.8768771006154358,0.8899393004564012,0.8988838211106326,0.9031106782156423,0.9016739606362435,0.9098350522996524,0.8900678137499006,0.8900668825829694,0.891451009717931,0.8946959426916781,0.8936575510834835,0.8948253599100201,1.1451153,1.0216188,1.1800182
0.6962890625,0.9363805903172766,0.9362713029472017,0.9267066543998523,0.9336913613331874,0.9172152046941198,0.9102004644466876,0.917643220821534,0.9264673432167148,0.9253907948806954,0.9266464658136493,0.9230368302838895,0.9226625438445814,0.9240312261218842,1.146519,1.1250426,1.2767282,-0.07726763746104703,-0.07742115096256327,-0.08947193250828785,-0.08062810308896981,-0.101641266299596,-0.11079822120426706,-0.10108707103956051,-0.08977569795851353,-0.09114413878618362,-0.08954831706568914,-0.09414747187669324,-0.09462642162738966,-0.09287689367676644,0.18098156,0.09297195,0.24505138,0.9120809059412525,0.9119645902919579,0.898900554265567,0.908418121269043,0.8859067002556417,0.8762679274915995,0.8864938383949562,0.8985736036215772,0.8971023830980256,0.8988183269059842,0.8938830102847589,0.8933708139376273,0.8952433912723489,1.1455815,1.024853,1.1753345
0.6982421875,0.943653686442475,0.9362713029472017,0.9330830867647519,0.9407249990700379,0.9231304510296242,0.915774867149001,0.9235792643023049,0.9328321475397701,0.9317032901184231,0.9330199736374148,0.9292349472528177,0.9288424743739084,0.9302776604166573,1.14655,1.1158327,1.2670825,-0.06822539209067668,-0.07742115096256327,-0.081410627572434,-0.07186246142255173,-0.09400762980223933,-0.10349351460730331,-0.09343372358136164,-0.08172493686563814,-0.08314096033159804,-0.08148966284105293,-0.08624920224947247,-0.08674494291008533,-0.08493416146778565,0.1816591,0.090480015,0.24376327,0.9220143857159656,0.9119645902919579,0.9076159132792199,0.9180130815269134,0.8940242260119999,0.8839408022390369,0.8946384165712455,0.9072739416491519,0.9057351157285328,0.9075299082781926,0.9023677283581023,0.9018319731836747,0.9037906676739977,1.146252,1.028613,1.1711365
0.7001953125,0.9509719060523426,0.9362713029472017,0.9394595191296515,0.9477776140507042,0.9499161218862514,0.9494445822630593,0.9576441670724184,0.9397231650483325,0.9395258280872839,0.9409091839018311,0.9435025151057076,0.9424070025567186,0.9439148614526163,1.1457698,1.1061778,1.2575014,-0.059183146720306334,-0.07742115096256327,-0.0734587522919291,-0.06312562786108854,-0.0606844954015601,-0.06125449123190235,-0.05142284055254361,-0.07313317701812372,-0.07337685043059376,-0.07167082368838923,-0.06848607196206907,-0.06982928270262495,-0.06798130068877697,0.18245646,0.08802073,0.24239528,0.9320404521028631,0.9119645902919579,0.9163073471126367,0.9276627655427887,0.9304868359317445,0.9298487340132663,0.9409272242147475,0.9166656211733583,0.9163974595191764,0.9182768354662298,0.9217970999565132,0.9203104850391925,0.9223564795027114,1.1472036,1.0327224,1.16733
0.7021484375,0.958335458787112,0.9362713029472017,0.9458359514945511,0.9548429944830146,0.9548234341788114,0.9544181444019088,0.9614657131207,0.9460625559839897,0.945892944250459,0.9470819428878574,0.9493109191463922,0.9483693226935468,0.9496653321177009,1.1441723,1.0964868,1.2483226,-0.050140901349935985,-0.07742115096256327,-0.06561409347918505,-0.05442499825942048,-0.05476971403634025,-0.05525434305814194,-0.0468853664095143,-0.06533813841811509,-0.06554467623319735,-0.06409837971741399,-0.0613968177389763,-0.0625365015144273,-0.060968430945848764,0.18334904,0.085673645,0.24116492,0.9421598231281539,0.9119645902919579,0.9249753396466431,0.9373587457970034,0.9371309971105409,0.9365837971151693,0.9460863490410263,0.925282376236831,0.9250525644011208,0.9266632333554439,0.929680573415256,0.9284062825291624,0.9301600835956245,1.1484717,1.0369718,1.1637672
0.7041015625,0.9657445549353255,0.961406042232513,0.9524891117060179,0.9619118983517019,0.9417903277002754,0.9313152044645595,0.9425638230717623,0.9522556046281627,0.9510226247029993,0.9524423398082776,0.9481571270098784,0.9473013838285077,0.9496913938965831,1.1417682,1.0871085,1.2398368,-0.041098655979565635,-0.04638746155291411,-0.05736528897850705,-0.045771461151716174,-0.07068406612619306,-0.08402088951244496,-0.06971101221050287,-0.057652784226067746,-0.05917317700235228,-0.05742286351583123,-0.06272190798828128,-0.06378585289508067,-0.06081915560826777,0.18430433,0.08351925,0.24028581,0.9523732212658936,0.9464173241929339,0.9341221418106924,0.9470883320766113,0.9193960901437442,0.9049116735858904,0.9204630115261626,0.9338014508256794,0.9321075936999149,0.9340579093373893,0.9281675865542519,0.9269900254619372,0.93027777044932,1.1500493,1.041132,1.1602651
0.7060546875,0.9731994054348395,0.961406042232513,0.9584337320570147,0.9689688058800326,0.9527682604484855,0.9472212269486094,0.9531778599005482,0.958310079899978,0.9576571633857134,0.9584089643022322,0.9561397576865266,0.9556866044407328,0.9569522187551738,1.1385869,1.0783192,1.2322683,-0.032056410609195285,-0.04638746155291411,-0.050024040950922666,-0.03718317618914141,-0.05695636794403448,-0.06382411718363909,-0.05645241442339355,-0.05017446798542675,-0.05096940712298884,-0.050054168654208586,-0.05282107296824797,-0.0533751888055165,-0.05182890940757919,0.18528268,0.08162992,0.23994926,0.96268137345862,0.9464173241929339,0.942324047532595,0.9568299676208291,0.934550916722207,0.9269223305000132,0.9351135122555521,0.9421545900384094,0.9412596651357178,0.9422901055791433,0.9391788845301245,0.9385572319798398,0.9402931553499151,1.1518954,1.0449739,1.1566306
0.7080078125,0.9807002218738262,0.961406042232513,0.9643783524080114,0.9759842288263522,0.9733297346634933,0.9726825720757346,0.9820939860219505,0.9645737214436065,0.9644174851856488,0.9656053222888568,0.968002806450567,0.9667191269803159,0.9687187835489791,1.1346825,1.0703163,1.2257619,-0.02301416523882475,-0.04638746155291411,-0.04277329875503292,-0.02869455856400294,-0.032114144990142875,-0.03287819598458261,-0.021866080494766425,-0.04253854479797484,-0.04272626948755419,-0.04130055609845255,-0.038433609870486884,-0.039966883744903356,-0.03758018585135642,0.18624136,0.0800599,0.2403045,0.9730850111380517,0.9464173241929339,0.9505055464763714,0.9665424796543559,0.9627232179046424,0.9618413815314676,0.9746433914383542,0.9507726762356352,0.9505590547620025,0.9521828408199866,0.9554578447706313,0.9537047122494176,0.9564352664607026,1.1526837,1.0482893,1.1539408
0.7099609375,0.9882472164917654,0.961406042232513,0.9703229727590081,0.9828905073300482,0.9777358461177981,0.977199913882007,0.9849937514949325,0.9704847629583049,0.9703553796338934,0.9713390585524828,0.9733244777830803,0.9722614292979793,0.9739173971118323,1.1301398,1.0632195,1.2203754,-0.013971919868454401,-0.04638746155291411,-0.03561139895662853,-0.020385224742457936,-0.026894075488518354,-0.027519880957859278,-0.018486113866821276,-0.035419716835218766,-0.03557299955535183,-0.03440864264349319,-0.0320657188754566,-0.03331899510414717,-0.031367887854972736,0.18713829,0.07883534,0.24144295,0.9835848702458347,0.9464173241929339,0.9586670137044035,0.9761311188472788,0.9687526291456826,0.9680244539830918,0.9785990366581694,0.9588874552235329,0.9587111696889639,0.9600512092541009,0.9627542933209522,0.9613072527410537,0.9635611204924058,1.1482838,1.0509137,1.1561049
0.7119140625,0.9958406021804584,0.9838282657551755,0.9769275625491516,0.9895170359571099,0.974581863687487,0.9743616814719727,0.9751863568975876,0.9768782373886525,0.9766478178745913,0.9769174528288151,0.9763528529673001,0.9758886260165057,0.9764367554562016,1.1250825,1.0570767,1.2160815,-0.004929674498084051,-0.01923762865972519,-0.0275270941536246,-0.012456049781961274,-0.030324073161925265,-0.03058730678040904,-0.029601996808573425,-0.02758577053835448,-0.027859952245082687,-0.027539120024836185,-0.028211126932117032,-0.028764248931093757,-0.028111214032450402,0.18793622,0.07794817,0.24338496,0.9941816912543849,0.9774517609104469,0.9678764517339274,0.9853565946183408,0.9646513797800228,0.9643484970330405,0.9654827821275722,0.9678086665809372,0.967491994498201,0.967862558549879,0.9670865729650377,0.9664484075647,0.9672018996392499,1.1433482,1.0527419,1.1583084
0.7138671875,1.0,0.9838282657551755,0.9815280313531676,0.9954143923752428,0.9824935522933858,0.9822447348249075,0.9825841822302532,0.9815483342471664,0.9815321926489093,0.9816431779926688,0.9817645894829814,0.9817300540993928,0.9819556714881487,1.1196749,1.0518699,1.2127807,0.0,-0.01923762865972519,-0.021987832784011545,-0.005434214569910667,-0.020846145117610824,-0.021140146570733882,-0.020739094240931802,-0.021963802352027096,-0.021982907408407956,-0.021851558805212844,-0.021707905110036636,-0.021748763651752497,-0.02148188942902409,0.18860513,0.07735482,0.24607407,1.0,0.9774517609104469,0.9742629817240718,0.9935873426402773,0.9755909950986724,0.9752488112670435,0.9757156246110609,0.9742909123512641,0.9742687064239619,0.9744213855895795,0.9745883999313176,0.9745408936844373,0.9748512370237982,1.137863,1.0537381,1.1604865
0.7158203125,1.0,0.9838282657551755,0.9861285001571833,0.9993744891887514,0.9869522930140903,0.9867399992722686,0.9870296194515641,0.9861458228048382,0.9861320506194932,0.9862267445091872,0.9863303340993242,0.9863008681383847,0.9864933673225134,1.1141237,1.047524,1.2103196,0.0,-0.01923762865972519,-0.016500254737868276,-0.000740188465982516,-0.015539368873634296,-0.015786838413892612,-0.015449256358846763,-0.01648003278585944,-0.0164961099741705,-0.016385576566309477,-0.01626468377564758,-0.016299069031256143,-0.016074469543376,0.18912153,0.07698116,0.24937993,1.0,0.9774517609104469,0.9806375774605086,0.999124647149366,0.981765372854533,0.9814747716433476,0.9818712162078774,0.9806612963999258,0.9806424389245163,0.9807720958591138,0.9809139274612931,0.9808735841829642,0.9811371357369345,1.1318839,1.0539392,1.1625977
0.7177734375,1.0,0.9838282657551755,0.9907289689611993,1.0,0.9912853540257387,0.9911419720259381,0.9913375798669118,0.9907406685800447,0.9907313669234842,0.9907953226442545,0.9908652864710961,0.9908453853267227,0.9909753981935341,1.1086726,1.0439143,1.2085134,0.0,-0.01923762865972519,-0.01106364003770923,0.0,-0.010425838208333678,-0.010590133048740026,-0.010366006826529108,-0.011050221020506814,-0.011060889640479393,-0.010987539088611721,-0.010907308709651902,-0.010930129012006112,-0.01078106204350994,0.18946624,0.07673225,0.25311083,1.0,0.9774517609104469,0.9870004051940403,1.0,0.9877567365470797,0.9875618432461349,0.9878277223429387,0.9870163109270095,0.9870036652503122,0.9870906126545629,0.9871857255997559,0.9871586710720779,0.9873354127914933,1.125526,1.0534463,1.1646235
0.7197265625,1.0,0.99820979266464,0.9968671371631201,1.0,0.9958079833209625,0.9949842621221081,0.9964190526988169,0.9968671315014584,0.9968671175571646,0.9968671369313215,0.9965685852845472,0.9961047527783126,0.9967573539171449,1.1035906,1.0408739,1.2071636,0.0,-0.002118556321082459,-0.003712467065631203,0.0,-0.004936512125725971,-0.005890273368145302,-0.004229992652659333,-0.0037124736017600094,-0.003712489699808103,-0.0037124673332321924,-0.004057234771176464,-0.004593278499127426,-0.003839220747168998,0.18962026,0.07650393,0.2570329,1.0,0.997497260131589,0.9956190254696956,1.0,0.9941646620613254,0.9930331666062416,0.9950038169457212,0.995619017697053,0.9956189985535546,0.9956190251514694,0.9952091332377788,0.9945722274351162,0.9954683057514204,1.1189467,1.0524136,1.1665691
0.7216796875,1.0,0.99820979266464,0.9977622408308,1.0,0.9983463028808557,0.9980093334819354,0.9988005374527636,0.9977622439528788,0.9977622409586235,0.9977622516423499,0.9979268749144493,0.9978227799377303,0.9981826516993609,1.0991544,1.0382026,1.2060721,0.0,-0.002118556321082459,-0.0026493832642123212,0.0,-0.001968824542951661,-0.0023613696245127925,-0.0014400931489775908,-0.0026493796241851826,-0.0026493831151829946,-0.0026493706590420695,-0.0024574682902880848,-0.00257880508913277,-0.0021594332815458705,0.18956265,0.07619567,0.26089525,1.0,0.997497260131589,0.9968712945211035,1.0,0.9976788485070566,0.9972129599924896,0.9983067686741136,0.996871298838343,0.9968712946978591,0.9968713094714157,0.9970989447205856,0.9969550075702247,0.9974525946787689,1.1123229,1.0510291,1.1684556
0.7236328125,1.0,0.99820979266464,0.9986573444984801,1.0,0.9990103957791993,0.9988067059865812,0.9992849695121507,0.9986573463857007,0.9986573445757463,0.9986573510337986,0.9987568617913377,0.9986939389138052,0.9989114726267493,1.0956259,1.0356765,1.2050477,0.0,-0.002118556321082459,-0.001588205161910244,0.0,-0.001182248784889456,-0.0014164266775342708,-0.0008667281914691713,-0.0015882029911205846,-0.0015882050730341704,-0.001588197644610983,-0.0014737460526898748,-0.0015461137026126016,-0.001295966735349274,0.1892706,0.07572043,0.26445526,1.0,0.997497260131589,0.998123113333796,1.0,0.998607423821719,0.9983280132340642,0.9989840344829826,0.9981231159228329,0.9981231134397959,0.998123122299458,0.9982596363383605,0.9981733160667576,0.9984717291540397,1.1058302,1.0494955,1.1703132
0.7255859375,1.0,0.99820979266464,0.99955244816616,1.0,0.9996744886775427,0.9996040784912267,0.9997694015715376,0.9995524488185223,0.9995524481928688,0.9995524504252471,0.9995868486682259,0.9995650978898798,0.9996402935541374,1.0932307,1.0330591,1.2039052,0.0,-0.002118556321082459,-0.0005289276390388415,0.0,-0.0003967180857556412,-0.0004729912704719862,-0.00029391887482495456,-0.000528926932232025,-0.0005289276101008858,-0.0005289251914141472,-0.0004916574431226813,-0.0005152223756839125,-0.0004337592670290413,0.18872309,0.07501157,0.26750106,1.0,0.997497260131589,0.9993744831173463,1.0,0.9995357522292018,0.9994427103041106,0.9996611690142707,0.9993744839794221,0.9993744831526411,0.9993744861026572,0.9994199419955734,0.9993911992824227,0.9994905661585468,1.0996221,1.0480095,1.1721742
0.7275390625,1.0,1.0,1.0,1.0,1.0,1.0,1.0,1.0,1.0,1.0,1.0,1.0,1.0,1.0921369,1.0301172,1.202465,0.0,0.0,0.0,0.0,0.0,0.0,0.0,0.0,0.0,0.0,0.0,0.0,0.0,0.18790734,0.07402626,0.26986676,1.0,1.0,1.0,1.0,1.0,1.0,1.0,1.0,1.0,1.0,1.0,1.0,1.0,1.0938215,1.0467473,1.1740681
0.7294921875,1.0,1.0,1.0,1.0,1.0,1.0,1.0,1.0,1.0,1.0,1.0,1.0,1.0,1.0924387,1.026637,1.2005521,0.0,0.0,0.0,0.0,0.0,0.0,0.0,0.0,0.0,0.0,0.0,0.0,0.0,0.18682669,0.072746426,0.27144194,1.0,1.0,1.0,1.0,1.0,1.0,1.0,1.0,1.0,1.0,1.0,1.0,1.0,1.0885122,1.0458517,1.1760179
0.7314453125,1.0,1.0,1.0,1.0,1.0,1.0,1.0,1.0,1.0,1.0,1.0,1.0,1.0,1.0941505,1.0224401,1.1979994,0.0,0.0,0.0,0.0,0.0,0.0,0.0,0.0,0.0,0.0,0.0,0.0,0.0,0.18550795,0.07117672,0.2721739,1.0,1.0,1.0,1.0,1.0,1.0,1.0,1.0,1.0,1.0,1.0,1.0,1.0,1.0837408,1.0454253,1.178032
0.7333984375,1.0,1.0,1.0,1.0,1.0,1.0,1.0,1.0,1.0,1.0,1.0,1.0,1.0,1.097205,1.0174022,1.1946528,0.0,0.0,0.0,0.0,0.0,0.0,0.0,0.0,0.0,0.0,0.0,0.0,0.0,0.1840055,0.06934276,0.27206525,1.0,1.0,1.0,1.0,1.0,1.0,1.0,1.0,1.0,1.0,1.0,1.0,1.0,1.079518,1.0455302,1.1801031
0.7353515625,1.0,1.0,1.0,1.0,1.0,1.0,1.0,1.0,1.0,1.0,1.0,1.0,1.0,1.1014619,1.0114646,1.1903831,0.0,0.0,0.0,0.0,0.0,0.0,0.0,0.0,0.0,0.0,0.0,0.0,0.0,0.18240124,0.06728703,0.27116933,1.0,1.0,1.0,1.0,1.0,1.0,1.0,1.0,1.0,1.0,1.0,1.0,1.0,1.0758201,1.0461885,1.1822002
0.7373046875,1.0,1.0,1.0,1.0,1.0,1.0,1.0,1.0,1.0,1.0,1.0,1.0,1.0,1.1067213,1.0046436,1.1850972,0.0,0.0,0.0,0.0,0.0,0.0,0.0,0.0,0.0,0.0,0.0,0.0,0.0,0.1807986,0.06506412,0.26958358,1.0,1.0,1.0,1.0,1.0,1.0,1.0,1.0,1.0,1.0,1.0,1.0,1.0,1.072594,1.0473872,1.1842655
0.7392578125,1.0,1.0,1.0,1.0,1.0,1.0,1.0,1.0,1.0,1.0,1.0,1.0,1.0,1.11274,0.9970316,1.1787496,0.0,0.0,0.0,0.0,0.0,0.0,0.0,0.0,0.0,0.0,0.0,0.0,0.0,0.179312,0.06273657,0.26744372,1.0,1.0,1.0,1.0,1.0,1.0,1.0,1.0,1.0,1.0,1.0,1.0,1.0,1.0697534,1.0490823,1.1862124
0.7412109375,1.0,1.0,1.0,1.0,1.0,1.0,1.0,1.0,1.0,1.0,1.0,1.0,1.0,1.1192513,0.9887903,1.1713504,0.0,0.0,0.0,0.0,0.0,0.0,0.0,0.0,0.0,0.0,0.0,0.0,0.0,0.17805326,0.060369223,0.2649178,1.0,1.0,1.0,1.0,1.0,1.0,1.0,1.0,1.0,1.0,1.0,1.0,1.0,1.0671797,1.0512016,1.1879243
0.7431640625,1.0,1.0,1.0,1.0,1.0,1.0,1.0,1.0,1.0,1.0,1.0,1.0,1.0,1.1259792,0.98013765,1.1629715,0.0,0.0,0.0,0.0,0.0,0.0,0.0,0.0,0.0,0.0,0.0,0.0,0.0,0.17711651,0.058023065,0.26219854,1.0,1.0,1.0,1.0,1.0,1.0,1.0,1.0,1.0,1.0,1.0,1.0,1.0,1.0647241,1.0536456,1.1892599
0.7451171875,1.0,1.0,1.0,1.0,1.0,1.0,1.0,1.0,1.0,1.0,1.0,1.0,1.0,1.1326537,0.9713308,1.1537448,0.0,0.0,0.0,0.0,0.0,0.0,0.0,0.0,0.0,0.0,0.0,0.0,0.0,0.17656654,0.055750787,0.25949627,1.0,1.0,1.0,1.0,1.0,1.0,1.0,1.0,1.0,1.0,1.0,1.0,1.0,1.0622102,1.0562872,1.190062
0.7470703125,1.0,1.0,1.0,1.0,1.0,1.0,1.0,1.0,1.0,1.0,1.0,1.0,1.0,1.1390169,0.96264404,1.1438549,0.0,0.0,0.0,0.0,0.0,0.0,0.0,0.0,0.0,0.0,0.0,0.0,0.0,0.17643169,0.05359049,0.25702778,1.0,1.0,1.0,1.0,1.0,1.0,1.0,1.0,1.0,1.0,1.0,1.0,1.0,1.0594425,1.0589712,1.1901665
0.7490234375,1.0,1.0,1.0,1.0,1.0,1.0,1.0,1.0,1.0,1.0,1.0,1.0,1.0,1.1335268,0.95434827,1.1448315,0.0,0.0,0.0,0.0,0.0,0.0,0.0,0.0,0.0,0.0,0.0,0.0,0.0,0.17670417,0.051562443,0.25500286,1.0,1.0,1.0,1.0,1.0,1.0,1.0,1.0,1.0,1.0,1.0,1.0,1.0,1.0615189,1.0562203,1.189421
0.7509765625,1.0,1.0,1.0,1.0,1.0,1.0,1.0,1.0,1.0,1.0,1.0,1.0,1.0,1.1230124,0.9466927,1.1498853,0.0,0.0,0.0,0.0,0.0,0.0,0.0,0.0,0.0,0.0,0.0,0.0,0.0,0.17734846,0.04966545,0.25360727,1.0,1.0,1.0,1.0,1.0,1.0,1.0,1.0,1.0,1.0,1.0,1.0,1.0,1.063734,1.0523572,1.1876987
0.7529296875,1.0,1.0,1.0,1.0,1.0,1.0,1.0,1.0,1.0,1.0,1.0,1.0,1.0,1.1125729,0.9398905,1.1539955,0.0,0.0,0.0,0.0,0.0,0.0,0.0,0.0,0.0,0.0,0.0,0.0,0.0,0.17831583,0.047876224,0.2529849,1.0,1.0,1.0,1.0,1.0,1.0,1.0,1.0,1.0,1.0,1.0,1.0,1.0,1.065417,1.047702,1.184913
0.7548828125,1.0,1.0,1.0,1.0,1.0,1.0,1.0,1.0,1.0,1.0,1.0,1.0,1.0,1.1024655,0.9341079,1.157018,0.0,0.0,0.0,0.0,0.0,0.0,0.0,0.0,0.0,0.0,0.0,0.0,0.0,0.17955953,0.046149075,0.25322053,1.0,1.0,1.0,1.0,1.0,1.0,1.0,1.0,1.0,1.0,1.0,1.0,1.0,1.0663806,1.0421609,1.181036
0.7568359375,1.0,1.0,1.0,1.0,1.0,1.0,1.0,1.0,1.0,1.0,1.0,1.0,1.0,1.0929308,0.92945826,1.158853,0.0,0.0,0.0,0.0,0.0,0.0,0.0,0.0,0.0,0.0,0.0,0.0,0.0,0.18104541,0.044418618,0.25432616,1.0,1.0,1.0,1.0,1.0,1.0,1.0,1.0,1.0,1.0,1.0,1.0,1.0,1.06647,1.0357164,1.1761048
0.7587890625,1.0,1.0,1.0,1.0,1.0,1.0,1.0,1.0,1.0,1.0,1.0,1.0,1.0,1.0841831,0.9260007,1.159456,0.0,0.0,0.0,0.0,0.0,0.0,0.0,0.0,0.0,0.0,0.0,0.0,0.0,0.18275394,0.042603552,0.25623503,1.0,1.0,1.0,1.0,1.0,1.0,1.0,1.0,1.0,1.0,1.0,1.0,1.0,1.0655792,1.0284377,1.1702307
0.7607421875,1.0,1.0,1.0,1.0,1.0,1.0,1.0,1.0,1.0,1.0,1.0,1.0,1.0,1.0764023,0.92374086,1.1588414,0.0,0.0,0.0,0.0,0.0,0.0,0.0,0.0,0.0,0.0,0.0,0.0,0.0,0.18467219,0.04061316,0.25880384,1.0,1.0,1.0,1.0,1.0,1.0,1.0,1.0,1.0,1.0,1.0,1.0,1.0,1.0636663,1.0204798,1.1635967
0.7626953125,1.0,1.0,1.0,1.0,1.0,1.0,1.0,1.0,1.0,1.0,1.0,1.0,1.0,1.0697293,0.92263454,1.1570857,0.0,0.0,0.0,0.0,0.0,0.0,0.0,0.0,0.0,0.0,0.0,0.0,0.0,0.1867812,0.038354516,0.26182508,1.0,1.0,1.0,1.0,1.0,1.0,1.0,1.0,1.0,1.0,1.0,1.0,1.0,1.0607607,1.0120709,1.156451
0.7646484375,1.0,1.0,1.0,1.0,1.0,1.0,1.0,1.0,1.0,1.0,1.0,1.0,1.0,1.0642593,0.92259365,1.1543233,0.0,0.0,0.0,0.0,0.0,0.0,0.0,0.0,0.0,0.0,0.0,0.0,0.0,0.18904391,0.03574267,0.26504827,1.0,1.0,1.0,1.0,1.0,1.0,1.0,1.0,1.0,1.0,1.0,1.0,1.0,1.0569615,1.0034927,1.1490915
0.7666015625,1.0,1.0,1.0,1.0,1.0,1.0,1.0,1.0,1.0,1.0,1.0,1.0,1.0,1.0600382,0.9234912,1.1507365,0.0,0.0,0.0,0.0,0.0,0.0,0.0,0.0,0.0,0.0,0.0,0.0,0.0,0.19139835,0.032708436,0.26820564,1.0,1.0,1.0,1.0,1.0,1.0,1.0,1.0,1.0,1.0,1.0,1.0,1.0,1.0524287,0.9950522,1.141847
0.7685546875,1.0,1.0,1.0,1.0,1.0,1.0,1.0,1.0,1.0,1.0,1.0,1.0,1.0,1.0570567,0.9251698,1.1465381,0.0,0.0,0.0,0.0,0.0,0.0,0.0,0.0,0.0,0.0,0.0,0.0,0.0,0.19375688,0.029206991,0.2710401,1.0,1.0,1.0,1.0,1.0,1.0,1.0,1.0,1.0,1.0,1.0,1.0,1.0,1.0473619,0.9870538,1.1350522
0.7705078125,1.0,1.0,1.0,1.0,1.0,1.0,1.0,1.0,1.0,1.0,1.0,1.0,1.0,1.0552444,0.9274464,1.1419526,0.0,0.0,0.0,0.0,0.0,0.0,0.0,0.0,0.0,0.0,0.0,0.0,0.0,0.19601208,0.025224507,0.27332884,1.0,1.0,1.0,1.0,1.0,1.0,1.0,1.0,1.0,1.0,1.0,1.0,1.0,1.0419804,0.97977215,1.1290182
0.7724609375,1.0,1.0,1.0,1.0,1.0,1.0,1.0,1.0,1.0,1.0,1.0,1.0,1.0,1.0544674,0.93012035,1.1371956,0.0,0.0,0.0,0.0,0.0,0.0,0.0,0.0,0.0,0.0,0.0,0.0,0.0,0.19804606,0.020782053,0.27490163,1.0,1.0,1.0,1.0,1.0,1.0,1.0,1.0,1.0,1.0,1.0,1.0,1.0,1.0364941,0.9734329,1.1240107
0.7744140625,1.0,1.0,1.0,1.0,1.0,1.0,1.0,1.0,1.0,1.0,1.0,1.0,1.0,1.0545255,0.93298066,1.1324579,0.0,0.0,0.0,0.0,0.0,0.0,0.0,0.0,0.0,0.0,0.0,0.0,0.0,0.199743,0.015936911,0.27565026,1.0,1.0,1.0,1.0,1.0,1.0,1.0,1.0,1.0,1.0,1.0,1.0,1.0,1.0310849,0.96819735,1.1202234
0.7763671875,1.0,1.0,1.0,1.0,1.0,1.0,1.0,1.0,1.0,1.0,1.0,1.0,1.0,1.0551608,0.9358131,1.1278948,0.0,0.0,0.0,0.0,0.0,0.0,0.0,0.0,0.0,0.0,0.0,0.0,0.0,0.2010031,0.01078245,0.27553087,1.0,1.0,1.0,1.0,1.0,1.0,1.0,1.0,1.0,1.0,1.0,1.0,1.0,1.0258881,0.9641533,1.1177642
0.7783203125,1.0,1.0,1.0,1.0,1.0,1.0,1.0,1.0,1.0,1.0,1.0,1.0,1.0,1.0560709,0.9384107,1.123621,0.0,0.0,0.0,0.0,0.0,0.0,0.0,0.0,0.0,0.0,0.0,0.0,0.0,0.20175746,0.005443841,0.27456143,1.0,1.0,1.0,1.0,1.0,1.0,1.0,1.0,1.0,1.0,1.0,1.0,1.0,1.020985,0.96131355,1.1166458
0.7802734375,1.0,1.0,1.0,1.0,1.0,1.0,1.0,1.0,1.0,1.0,1.0,1.0,1.0,1.0569315,0.94058245,1.1197098,0.0,0.0,0.0,0.0,0.0,0.0,0.0,0.0,0.0,0.0,0.0,0.0,0.0,0.20198163,7.3343515e-05,0.27281582,1.0,1.0,1.0,1.0,1.0,1.0,1.0,1.0,1.0,1.0,1.0,1.0,1.0,1.0164044,0.95961756,1.1167843
0.7822265625,1.0,1.0,1.0,1.0,1.0,1.0,1.0,1.0,1.0,1.0,1.0,1.0,1.0,1.0574225,0.94216543,1.1161956,0.0,0.0,0.0,0.0,0.0,0.0,0.0,0.0,0.0,0.0,0.0,0.0,0.0,0.20170537,-0.005157858,0.27041763,1.0,1.0,1.0,1.0,1.0,1.0,1.0,1.0,1.0,1.0,1.0,1.0,1.0,1.0121273,0.95893717,1.1180073
0.7841796875,1.0,1.0,1.0,1.0,1.0,1.0,1.0,1.0,1.0,1.0,1.0,1.0,1.0,1.0572553,0.9430347,1.113076,0.0,0.0,0.0,0.0,0.0,0.0,0.0,0.0,0.0,0.0,0.0,0.0,0.0,0.20101357,-0.010068685,0.26753354,1.0,1.0,1.0,1.0,1.0,1.0,1.0,1.0,1.0,1.0,1.0,1.0,1.0,1.0080997,0.95908356,1.1200662
0.7861328125,1.0,1.0,1.0,1.0,1.0,1.0,1.0,1.0,1.0,1.0,1.0,1.0,1.0,1.0561941,0.94311196,1.1103158,0.0,0.0,0.0,0.0,0.0,0.0,0.0,0.0,0.0,0.0,0.0,0.0,0.0,0.20003897,-0.014481038,0.26436538,1.0,1.0,1.0,1.0,1.0,1.0,1.0,1.0,1.0,1.0,1.0,1.0,1.0,1.0042489,0.9598181,1.1226565
0.7880859375,1.0,1.0,1.0,1.0,1.0,1.0,1.0,1.0,1.0,1.0,1.0,1.0,1.0,1.0540713,0.94237256,1.1078496,0.0,0.0,0.0,0.0,0.0,0.0,0.0,0.0,0.0,0.0,0.0,0.0,0.0,0.19894585,-0.018230915,0.26114178,1.0,1.0,1.0,1.0,1.0,1.0,1.0,1.0,1.0,1.0,1.0,1.0,1.0,1.0004975,0.96086216,1.1254407
0.7900390625,1.0,1.0,1.0,1.0,1.0,1.0,1.0,1.0,1.0,1.0,1.0,1.0,1.0,1.0507953,0.9408492,1.1055886,0.0,0.0,0.0,0.0,0.0,0.0,0.0,0.0,0.0,0.0,0.0,0.0,0.0,0.19790955,-0.021181703,0.2581065,1.0,1.0,1.0,1.0,1.0,1.0,1.0,1.0,1.0,1.0,1.0,1.0,1.0,0.9967768,0.96191126,1.1280745
0.7919921875,1.0,1.0,1.0,1.0,1.0,1.0,1.0,1.0,1.0,1.0,1.0,1.0,1.0,1.0463545,0.9386307,1.103426,0.0,0.0,0.0,0.0,0.0,0.0,0.0,0.0,0.0,0.0,0.0,0.0,0.0,0.1970953,-0.02323544,0.25550607,1.0,1.0,1.0,1.0,1.0,1.0,1.0,1.0,1.0,1.0,1.0,1.0,1.0,0.9930353,0.96265614,1.1302334
0.7939453125,1.0,1.0,1.0,1.0,1.0,1.0,1.0,1.0,1.0,1.0,1.0,1.0,1.0,1.040814,0.93585664,1.101247,0.0,0.0,0.0,0.0,0.0,0.0,0.0,0.0,0.0,0.0,0.0,0.0,0.0,0.19663963,-0.024340868,0.25357553,1.0,1.0,1.0,1.0,1.0,1.0,1.0,1.0,1.0,1.0,1.0,1.0,1.0,0.98924094,0.9628026,1.1316355
0.7958984375,1.0,1.0,1.0,1.0,1.0,1.0,1.0,1.0,1.0,1.0,1.0,1.0,1.0,1.0343118,0.93270826,1.0989364,0.0,0.0,0.0,0.0,0.0,0.0,0.0,0.0,0.0,0.0,0.0,0.0,0.0,0.19663726,-0.024499148,0.25252372,1.0,1.0,1.0,1.0,1.0,1.0,1.0,1.0,1.0,1.0,1.0,1.0,1.0,0.9853796,0.96209544,1.1320646
0.7978515625,1.0,1.0,1.0,1.0,1.0,1.0,1.0,1.0,1.0,1.0,1.0,1.0,1.0,1.0270456,0.9293939,1.096389,0.0,0.0,0.0,0.0,0.0,0.0,0.0,0.0,0.0,0.0,0.0,0.0,0.0,0.19713609,-0.02376312,0.2525177,1.0,1.0,1.0,1.0,1.0,1.0,1.0,1.0,1.0,1.0,1.0,1.0,1.0,0.9814495,0.9603435,1.131376
0.7998046875,1.0,1.0,1.0,1.0,1.0,1.0,1.0,1.0,1.0,1.0,1.0,1.0,1.0,1.0192583,0.9261348,1.0935174,0.0,0.0,0.0,0.0,0.0,0.0,0.0,0.0,0.0,0.0,0.0,0.0,0.0,0.19813943,-0.02223429,0.25366852,1.0,1.0,1.0,1.0,1.0,1.0,1.0,1.0,1.0,1.0,1.0,1.0,1.0,0.97745717,0.9574357,1.1295072
0.8017578125,1.0,1.0,1.0,1.0,1.0,1.0,1.0,1.0,1.0,1.0,1.0,1.0,1.0,1.0112152,0.92314726,1.0902618,0.0,0.0,0.0,0.0,0.0,0.0,0.0,0.0,0.0,0.0,0.0,0.0,0.0,0.19961701,-0.020054072,0.2560181,1.0,1.0,1.0,1.0,1.0,1.0,1.0,1.0,1.0,1.0,1.0,1.0,1.0,0.9734138,0.9533559,1.1264696
0.8037109375,1.0,1.0,1.0,1.0,1.0,1.0,1.0,1.0,1.0,1.0,1.0,1.0,1.0,1.0031835,0.92062855,1.0865963,0.0,0.0,0.0,0.0,0.0,0.0,0.0,0.0,0.0,0.0,0.0,0.0,0.0,0.20151964,-0.01739204,0.25953135,1.0,1.0,1.0,1.0,1.0,1.0,1.0,1.0,1.0,1.0,1.0,1.0,1.0,0.9693354,0.94818515,1.1223409
0.8056640625,1.0,1.0,1.0,1.0,1.0,1.0,1.0,1.0,1.0,1.0,1.0,1.0,1.0,0.99541086,0.91874367,1.0825357,0.0,0.0,0.0,0.0,0.0,0.0,0.0,0.0,0.0,0.0,0.0,0.0,0.0,0.20379166,-0.014433324,0.26409397,1.0,1.0,1.0,1.0,1.0,1.0,1.0,1.0,1.0,1.0,1.0,1.0,1.0,0.96524674,0.942094,1.1172508
0.8076171875,1.0,1.0,1.0,1.0,1.0,1.0,1.0,1.0,1.0,1.0,1.0,1.0,1.0,0.98810685,0.917618,1.0781353,0.0,0.0,0.0,0.0,0.0,0.0,0.0,0.0,0.0,0.0,0.0,0.0,0.0,0.20637819,-0.011364937,0.2695191,1.0,1.0,1.0,1.0,1.0,1.0,1.0,1.0,1.0,1.0,1.0,1.0,1.0,0.9611831,0.9353253,1.1113701
0.8095703125,1.0,1.0,1.0,1.0,1.0,1.0,1.0,1.0,1.0,1.0,1.0,1.0,1.0,0.9814337,0.91733277,1.0734866,0.0,0.0,0.0,0.0,0.0,0.0,0.0,0.0,0.0,0.0,0.0,0.0,0.0,0.2092227,-0.008363783,0.27556148,1.0,1.0,1.0,1.0,1.0,1.0,1.0,1.0,1.0,1.0,1.0,1.0,1.0,0.95719326,0.928168,1.1048961
0.8115234375,1.0,1.0,1.0,1.0,1.0,1.0,1.0,1.0,1.0,1.0,1.0,1.0,1.0,0.97549826,0.91792333,1.0687078,0.0,0.0,0.0,0.0,0.0,0.0,0.0,0.0,0.0,0.0,0.0,0.0,0.0,0.21226117,-0.0055882335,0.28193825,1.0,1.0,1.0,1.0,1.0,1.0,1.0,1.0,1.0,1.0,1.0,1.0,1.0,0.95333666,0.9209269,1.0980403
0.8134765625,1.0,1.0,1.0,1.0,1.0,1.0,1.0,1.0,1.0,1.0,1.0,1.0,1.0,0.9703503,0.9193809,1.0639296,0.0,0.0,0.0,0.0,0.0,0.0,0.0,0.0,0.0,0.0,0.0,0.0,0.0,0.21541505,-0.0031713545,0.28835216,1.0,1.0,1.0,1.0,1.0,1.0,1.0,1.0,1.0,1.0,1.0,1.0,1.0,0.949676,0.91389424,1.091019
0.8154296875,1.0,1.0,1.0,1.0,1.0,1.0,1.0,1.0,1.0,1.0,1.0,1.0,1.0,0.96598303,0.92165476,1.0592791,0.0,0.0,0.0,0.0,0.0,0.0,0.0,0.0,0.0,0.0,0.0,0.0,0.0,0.21858934,-0.0012180805,0.29451585,1.0,1.0,1.0,1.0,1.0,1.0,1.0,1.0,1.0,1.0,1.0,1.0,1.0,0.94626886,0.9073251,1.0840396
0.8173828125,1.0,1.0,1.0,1.0,1.0,1.0,1.0,1.0,1.0,1.0,1.0,1.0,1.0,0.96233624,0.92465585,1.0548637,0.0,0.0,0.0,0.0,0.0,0.0,0.0,0.0,0.0,0.0,0.0,0.0,0.0,0.22167787,0.00019538403,0.30017215,1.0,1.0,1.0,1.0,1.0,1.0,1.0,1.0,1.0,1.0,1.0,1.0,1.0,0.94315565,0.90142214,1.0772924
0.8193359375,1.0,1.0,1.0,1.0,1.0,1.0,1.0,1.0,1.0,1.0,1.0,1.0,1.0,0.9593005,0.92826176,1.0507598,0.0,0.0,0.0,0.0,0.0,0.0,0.0,0.0,0.0,0.0,0.0,0.0,0.0,0.22457471,0.0010212958,0.3051104,1.0,1.0,1.0,1.0,1.0,1.0,1.0,1.0,1.0,1.0,1.0,1.0,1.0,0.94035053,0.89632696,1.0709391
0.8212890625,1.0,1.0,1.0,1.0,1.0,1.0,1.0,1.0,1.0,1.0,1.0,1.0,1.0,0.95672554,0.9323246,1.047004,0.0,0.0,0.0,0.0,0.0,0.0,0.0,0.0,0.0,0.0,0.0,0.0,0.0,0.22718908,0.001239419,0.30917776,1.0,1.0,1.0,1.0,1.0,1.0,1.0,1.0,1.0,1.0,1.0,1.0,1.0,0.93783754,0.89211863,1.065106
0.8232421875,1.0,1.0,1.0,1.0,1.0,1.0,1.0,1.0,1.0,1.0,1.0,1.0,1.0,0.95443106,0.93667907,1.0435927,0.0,0.0,0.0,0.0,0.0,0.0,0.0,0.0,0.0,0.0,0.0,0.0,0.0,0.22946048,0.00085514784,0.31228486,1.0,1.0,1.0,1.0,1.0,1.0,1.0,1.0,1.0,1.0,1.0,1.0,1.0,0.93557155,0.8888175,1.0598805
0.8251953125,1.0,1.0,1.0,1.0,1.0,1.0,1.0,1.0,1.0,1.0,1.0,1.0,1.0,0.9522222,0.9411545,1.0404847,0.0,0.0,0.0,0.0,0.0,0.0,0.0,0.0,0.0,0.0,0.0,0.0,0.0,0.2313701,-0.00010120869,0.3144074,1.0,1.0,1.0,1.0,1.0,1.0,1.0,1.0,1.0,1.0,1.0,1.0,1.0,0.9334866,0.8863917,1.0553074
0.8271484375,1.0,1.0,1.0,1.0,1.0,1.0,1.0,1.0,1.0,1.0,1.0,1.0,1.0,0.94990635,0.94558614,1.0376087,0.0,0.0,0.0,0.0,0.0,0.0,0.0,0.0,0.0,0.0,0.0,0.0,0.0,0.232945,-0.0015764236,0.31558403,1.0,1.0,1.0,1.0,1.0,1.0,1.0,1.0,1.0,1.0,1.0,1.0,1.0,0.9315066,0.88476616,1.0513917
0.8291015625,1.0,1.0,1.0,1.0,1.0,1.0,1.0,1.0,1.0,1.0,1.0,1.0,1.0,0.9498265,0.9473108,1.034873,0.0,0.0,0.0,0.0,0.0,0.0,0.0,0.0,0.0,0.0,0.0,0.0,0.0,0.23425497,-0.003496021,0.31591147,1.0,1.0,1.0,1.0,1.0,1.0,1.0,1.0,1.0,1.0,1.0,1.0,1.0,0.9295578,0.88383096,1.0481011
0.8310546875,1.0,1.0,1.0,1.0,1.0,1.0,1.0,1.0,1.0,1.0,1.0,1.0,1.0,0.9537558,0.94429976,1.0321736,0.0,0.0,0.0,0.0,0.0,0.0,0.0,0.0,0.0,0.0,0.0,0.0,0.0,0.23540226,-0.005766034,0.31553692,1.0,1.0,1.0,1.0,1.0,1.0,1.0,1.0,1.0,1.0,1.0,1.0,1.0,0.9275767,0.88345236,1.0453731
0.8330078125,1.0,1.0,1.0,1.0,1.0,1.0,1.0,1.0,1.0,1.0,1.0,1.0,1.0,0.95728797,0.94078463,1.0294043,0.0,0.0,0.0,0.0,0.0,0.0,0.0,0.0,0.0,0.0,0.0,0.0,0.0,0.23650621,-0.008277148,0.31464788,1.0,1.0,1.0,1.0,1.0,1.0,1.0,1.0,1.0,1.0,1.0,1.0,1.0,0.9255161,0.88348037,1.0431244
0.8349609375,1.0,1.0,1.0,1.0,1.0,1.0,1.0,1.0,1.0,1.0,1.0,1.0,1.0,0.9603763,0.93673366,1.0264626,0.0,0.0,0.0,0.0,0.0,0.0,0.0,0.0,0.0,0.0,0.0,0.0,0.0,0.23768654,-0.010907769,0.3134593,1.0,1.0,1.0,1.0,1.0,1.0,1.0,1.0,1.0,1.0,1.0,1.0,1.0,0.92334473,0.88375986,1.0412629
0.8369140625,1.0,1.0,1.0,1.0,1.0,1.0,1.0,1.0,1.0,1.0,1.0,1.0,1.0,0.96301264,0.93217224,1.0232555,0.0,0.0,0.0,0.0,0.0,0.0,0.0,0.0,0.0,0.0,0.0,0.0,0.0,0.23904717,-0.013530463,0.31219894,1.0,1.0,1.0,1.0,1.0,1.0,1.0,1.0,1.0,1.0,1.0,1.0,1.0,0.9210425,0.88413686,1.0396987
0.8388671875,1.0,1.0,1.0,1.0,1.0,1.0,1.0,1.0,1.0,1.0,1.0,1.0,1.0,0.965227,0.9271828,1.0197058,0.0,0.0,0.0,0.0,0.0,0.0,0.0,0.0,0.0,0.0,0.0,0.0,0.0,0.24066329,-0.016018182,0.3110911,1.0,1.0,1.0,1.0,1.0,1.0,1.0,1.0,1.0,1.0,1.0,1.0,1.0,0.91859597,0.884469,1.0383615
0.8408203125,1.0,1.0,1.0,1.0,1.0,1.0,1.0,1.0,1.0,1.0,1.0,1.0,1.0,0.9670826,0.9218992,1.0157548,0.0,0.0,0.0,0.0,0.0,0.0,0.0,0.0,0.0,0.0,0.0,0.0,0.0,0.2425735,-0.018252999,0.31034148,1.0,1.0,1.0,1.0,1.0,1.0,1.0,1.0,1.0,1.0,1.0,1.0,1.0,0.9159922,0.8846316,1.0372087
0.8427734375,1.0,1.0,1.0,1.0,1.0,1.0,1.0,1.0,1.0,1.0,1.0,1.0,1.0,0.9686697,0.9164988,1.0113693,0.0,0.0,0.0,0.0,0.0,0.0,0.0,0.0,0.0,0.0,0.0,0.0,0.0,0.2447803,-0.02013439,0.31012347,1.0,1.0,1.0,1.0,1.0,1.0,1.0,1.0,1.0,1.0,1.0,1.0,1.0,0.91321737,0.8845244,1.0362349
0.8447265625,1.0,1.0,1.0,1.0,1.0,1.0,1.0,1.0,1.0,1.0,1.0,1.0,1.0,0.9700984,0.91119003,1.0065447,0.0,0.0,0.0,0.0,0.0,0.0,0.0,0.0,0.0,0.0,0.0,0.0,0.0,0.24725871,-0.021587074,0.31056693,1.0,1.0,1.0,1.0,1.0,1.0,1.0,1.0,1.0,1.0,1.0,1.0,1.0,0.9102586,0.88407606,1.0354725
0.8466796875,1.0,1.0,1.0,1.0,1.0,1.0,1.0,1.0,1.0,1.0,1.0,1.0,1.0,0.9714885,0.90619737,1.001309,0.0,0.0,0.0,0.0,0.0,0.0,0.0,0.0,0.0,0.0,0.0,0.0,0.0,0.24997273,-0.022566676,0.3117503,1.0,1.0,1.0,1.0,1.0,1.0,1.0,1.0,1.0,1.0,1.0,1.0,1.0,0.9071088,0.8832485,1.0349909
0.8486328125,1.0,1.0,1.0,1.0,1.0,1.0,1.0,1.0,1.0,1.0,1.0,1.0,1.0,0.9729632,0.9017417,0.9957267,0.0,0.0,0.0,0.0,0.0,0.0,0.0,0.0,0.0,0.0,0.0,0.0,0.0,0.2528927,-0.023061484,0.31369606,1.0,1.0,1.0,1.0,1.0,1.0,1.0,1.0,1.0,1.0,1.0,1.0,1.0,0.9037753,0.88203734,1.0348879
0.8505859375,1.0,1.0,1.0,1.0,1.0,1.0,1.0,1.0,1.0,1.0,1.0,1.0,1.0,0.97463953,0.89802074,0.9898963,0.0,0.0,0.0,0.0,0.0,0.0,0.0,0.0,0.0,0.0,0.0,0.0,0.0,0.25600803,-0.023090124,0.3163701,1.0,1.0,1.0,1.0,1.0,1.0,1.0,1.0,1.0,1.0,1.0,1.0,1.0,0.9002852,0.8804718,1.0352794
0.8525390625,1.0,1.0,1.0,1.0,1.0,1.0,1.0,1.0,1.0,1.0,1.0,1.0,1.0,0.9766222,0.8951875,0.9839479,0.0,0.0,0.0,0.0,0.0,0.0,0.0,0.0,0.0,0.0,0.0,0.0,0.0,0.2593289,-0.022694081,0.31968516,1.0,1.0,1.0,1.0,1.0,1.0,1.0,1.0,1.0,1.0,1.0,1.0,1.0,0.8966894,0.8786102,1.0362883
0.8544921875,1.0,1.0,1.0,1.0,1.0,1.0,1.0,1.0,1.0,1.0,1.0,1.0,1.0,0.97803485,0.8933319,0.97899723,0.0,0.0,0.0,0.0,0.0,0.0,0.0,0.0,0.0,0.0,0.0,0.0,0.0,0.26287746,-0.021928906,0.32350874,1.0,1.0,1.0,1.0,1.0,1.0,1.0,1.0,1.0,1.0,1.0,1.0,1.0,0.8930611,0.8765313,1.03803
0.8564453125,1.0,1.0,1.0,1.0,1.0,1.0,1.0,1.0,1.0,1.0,1.0,1.0,1.0,0.97232234,0.8924687,0.9818253,0.0,0.0,0.0,0.0,0.0,0.0,0.0,0.0,0.0,0.0,0.0,0.0,0.0,0.26667252,-0.020853013,0.32767498,1.0,1.0,1.0,1.0,1.0,1.0,1.0,1.0,1.0,1.0,1.0,1.0,1.0,0.88948876,0.8743219,1.0405992
0.8583984375,1.0,1.0,1.0,1.0,1.0,1.0,1.0,1.0,1.0,1.0,1.0,1.0,1.0,0.966973,0.89253044,0.9851351,0.0,0.0,0.0,0.0,0.0,0.0,0.0,0.0,0.0,0.0,0.0,0.0,0.0,0.27071658,-0.019517064,0.33200008,1.0,1.0,1.0,1.0,1.0,1.0,1.0,1.0,1.0,1.0,1.0,1.0,1.0,0.8860621,0.8720639,1.0440522
0.8603515625,1.0,1.0,1.0,1.0,1.0,1.0,1.0,1.0,1.0,1.0,1.0,1.0,1.0,0.96213204,0.8933688,0.98891693,0.0,0.0,0.0,0.0,0.0,0.0,0.0,0.0,0.0,0.0,0.0,0.0,0.0,0.27498817,-0.017957658,0.33629918,1.0,1.0,1.0,1.0,1.0,1.0,1.0,1.0,1.0,1.0,1.0,1.0,1.0,0.8828591,0.8698176,1.0483941
0.8623046875,1.0,1.0,1.0,1.0,1.0,1.0,1.0,1.0,1.0,1.0,1.0,1.0,1.0,0.9579137,0.89476424,0.99311835,0.0,0.0,0.0,0.0,0.0,0.0,0.0,0.0,0.0,0.0,0.0,0.0,0.0,0.27944243,-0.016192943,0.34040365,1.0,1.0,1.0,1.0,1.0,1.0,1.0,1.0,1.0,1.0,1.0,1.0,1.0,0.87992847,0.8676108,1.053566
0.8642578125,1.0,1.0,1.0,1.0,1.0,1.0,1.0,1.0,1.0,1.0,1.0,1.0,1.0,0.95439106,0.89644223,0.9976421,0.0,0.0,0.0,0.0,0.0,0.0,0.0,0.0,0.0,0.0,0.0,0.0,0.0,0.28401622,-0.014221936,0.34417528,1.0,1.0,1.0,1.0,1.0,1.0,1.0,1.0,1.0,1.0,1.0,1.0,1.0,0.8772782,0.8654313,1.0594403
0.8662109375,1.0,1.0,1.0,1.0,1.0,1.0,1.0,1.0,1.0,1.0,1.0,1.0,1.0,0.9515912,0.89809555,1.0023519,0.0,0.0,0.0,0.0,0.0,0.0,0.0,0.0,0.0,0.0,0.0,0.0,0.0,0.28863612,-0.012027472,0.34751764,1.0,1.0,1.0,1.0,1.0,1.0,1.0,1.0,1.0,1.0,1.0,1.0,1.0,0.87487036,0.8632276,1.0658244
0.8681640625,1.0,1.0,1.0,1.0,1.0,1.0,1.0,1.0,1.0,1.0,1.0,1.0,1.0,0.94949335,0.89941114,1.0070808,0.0,0.0,0.0,0.0,0.0,0.0,0.0,0.0,0.0,0.0,0.0,0.0,0.0,0.29322594,-0.009580404,0.35038185,1.0,1.0,1.0,1.0,1.0,1.0,1.0,1.0,1.0,1.0,1.0,1.0,1.0,0.8726197,0.8609165,1.0724697
0.8701171875,1.0,1.0,1.0,1.0,1.0,1.0,1.0,1.0,1.0,1.0,1.0,1.0,1.0,0.94803536,0.900098,1.0116465,0.0,0.0,0.0,0.0,0.0,0.0,0.0,0.0,0.0,0.0,0.0,0.0,0.0,0.29771402,-0.006845951,0.352767,1.0,1.0,1.0,1.0,1.0,1.0,1.0,1.0,1.0,1.0,1.0,1.0,1.0,0.87040085,0.8583991,1.0790889
0.8720703125,1.0,1.0,1.0,1.0,1.0,1.0,1.0,1.0,1.0,1.0,1.0,1.0,1.0,0.94711816,0.899915,1.0158659,0.0,0.0,0.0,0.0,0.0,0.0,0.0,0.0,0.0,0.0,0.0,0.0,0.0,0.3020387,-0.003790766,0.35471582,1.0,1.0,1.0,1.0,1.0,1.0,1.0,1.0,1.0,1.0,1.0,1.0,1.0,0.8680618,0.8555793,1.0853773
0.8740234375,1.0,1.0,1.0,1.0,1.0,1.0,1.0,1.0,1.0,1.0,1.0,1.0,1.0,0.9466162,0.898692,1.0195738,0.0,0.0,0.0,0.0,0.0,0.0,0.0,0.0,0.0,0.0,0.0,0.0,0.0,0.30615386,-0.0003888309,0.35630637,1.0,1.0,1.0,1.0,1.0,1.0,1.0,1.0,1.0,1.0,1.0,1.0,1.0,0.8654375,0.85238534,1.0910329
0.8759765625,1.0,1.0,1.0,1.0,1.0,1.0,1.0,1.0,1.0,1.0,1.0,1.0,1.0,0.94638443,0.8963464,1.0226347,0.0,0.0,0.0,0.0,0.0,0.0,0.0,0.0,0.0,0.0,0.0,0.0,0.0,0.31003255,0.0033720434,0.35764036,1.0,1.0,1.0,1.0,1.0,1.0,1.0,1.0,1.0,1.0,1.0,1.0,1.0,0.86236703,0.84878767,1.0957773
0.8779296875,1.0,1.0,1.0,1.0,1.0,1.0,1.0,1.0,1.0,1.0,1.0,1.0,1.0,0.9462677,0.8928896,1.0249529,0.0,0.0,0.0,0.0,0.0,0.0,0.0,0.0,0.0,0.0,0.0,0.0,0.0,0.31366867,0.007486522,0.35883036,1.0,1.0,1.0,1.0,1.0,1.0,1.0,1.0,1.0,1.0,1.0,1.0,1.0,0.85870814,0.8448129,1.0993716
0.8798828125,1.0,1.0,1.0,1.0,1.0,1.0,1.0,1.0,1.0,1.0,1.0,1.0,1.0,0.9461075,0.8884262,1.0264788,0.0,0.0,0.0,0.0,0.0,0.0,0.0,0.0,0.0,0.0,0.0,0.0,0.0,0.31707644,0.01192978,0.35998613,1.0,1.0,1.0,1.0,1.0,1.0,1.0,1.0,1.0,1.0,1.0,1.0,1.0,0.85435027,0.8405488,1.1016296
0.8818359375,1.0,1.0,1.0,1.0,1.0,1.0,1.0,1.0,1.0,1.0,1.0,1.0,1.0,0.9457495,0.88314486,1.0272079,0.0,0.0,0.0,0.0,0.0,0.0,0.0,0.0,0.0,0.0,0.0,0.0,0.0,0.32028672,0.01665771,0.36120293,1.0,1.0,1.0,1.0,1.0,1.0,1.0,1.0,1.0,1.0,1.0,1.0,1.0,0.8492242,0.83614147,1.1024286
0.8837890625,1.0,1.0,1.0,1.0,1.0,1.0,1.0,1.0,1.0,1.0,1.0,1.0,1.0,0.9450519,0.8773059,1.0271772,0.0,0.0,0.0,0.0,0.0,0.0,0.0,0.0,0.0,0.0,0.0,0.0,0.0,0.32334363,0.02160883,0.36255234,1.0,1.0,1.0,1.0,1.0,1.0,1.0,1.0,1.0,1.0,1.0,1.0,1.0,0.84330755,0.83178645,1.1017143
0.8857421875,1.0,1.0,1.0,1.0,1.0,1.0,1.0,1.0,1.0,1.0,1.0,1.0,1.0,0.94389254,0.87122333,1.0264587,0.0,0.0,0.0,0.0,0.0,0.0,0.0,0.0,0.0,0.0,0.0,0.0,0.0,0.32630086,0.026710093,0.36407804,1.0,1.0,1.0,1.0,1.0,1.0,1.0,1.0,1.0,1.0,1.0,1.0,1.0,0.83662593,0.82771,1.0995032
0.8876953125,1.0,1.0,1.0,1.0,1.0,1.0,1.0,1.0,1.0,1.0,1.0,1.0,1.0,0.9421778,0.86524624,1.0251495,0.0,0.0,0.0,0.0,0.0,0.0,0.0,0.0,0.0,0.0,0.0,0.0,0.0,0.3292194,0.031882614,0.36579615,1.0,1.0,1.0,1.0,1.0,1.0,1.0,1.0,1.0,1.0,1.0,1.0,1.0,0.82925236,0.82414985,1.0958807
0.8896484375,1.0,1.0,1.0,1.0,1.0,1.0,1.0,1.0,1.0,1.0,1.0,1.0,1.0,0.9398491,0.8597383,1.02336,0.0,0.0,0.0,0.0,0.0,0.0,0.0,0.0,0.0,0.0,0.0,0.0,0.0,0.332168,0.03704837,0.36770004,1.0,1.0,1.0,1.0,1.0,1.0,1.0,1.0,1.0,1.0,1.0,1.0,1.0,0.82133216,0.8213006,1.0909947
0.8916015625,1.0,1.0,1.0,1.0,1.0,1.0,1.0,1.0,1.0,1.0,1.0,1.0,1.0,0.93688804,0.8550554,1.0212041,0.0,0.0,0.0,0.0,0.0,0.0,0.0,0.0,0.0,0.0,0.0,0.0,0.0,0.33522263,0.042137682,0.36976808,1.0,1.0,1.0,1.0,1.0,1.0,1.0,1.0,1.0,1.0,1.0,1.0,1.0,0.8194497,0.81291825,1.0850438
0.8935546875,1.0,1.0,1.0,1.0,1.0,1.0,1.0,1.0,1.0,1.0,1.0,1.0,1.0,0.933319,0.85152197,1.0187879,0.0,0.0,0.0,0.0,0.0,0.0,0.0,0.0,0.0,0.0,0.0,0.0,0.0,0.33846474,0.047094822,0.37197188,1.0,1.0,1.0,1.0,1.0,1.0,1.0,1.0,1.0,1.0,1.0,1.0,1.0,0.81864315,0.8042784,1.0782635
0.8955078125,1.0,1.0,1.0,1.0,1.0,1.0,1.0,1.0,1.0,1.0,1.0,1.0,1.0,0.9292064,0.8494071,1.0162,0.0,0.0,0.0,0.0,0.0,0.0,0.0,0.0,0.0,0.0,0.0,0.0,0.0,0.34197578,0.05188176,0.37428382,1.0,1.0,1.0,1.0,1.0,1.0,1.0,1.0,1.0,1.0,1.0,1.0,1.0,0.8189871,0.7955697,1.0709102
0.8974609375,1.0,1.0,1.0,1.0,1.0,1.0,1.0,1.0,1.0,1.0,1.0,1.0,1.0,0.9246487,0.84890246,1.0135052,0.0,0.0,0.0,0.0,0.0,0.0,0.0,0.0,0.0,0.0,0.0,0.0,0.0,0.34582886,0.056480914,0.3766822,1.0,1.0,1.0,1.0,1.0,1.0,1.0,1.0,1.0,1.0,1.0,1.0,1.0,0.820481,0.7869872,1.0632432
0.8994140625,1.0,1.0,1.0,1.0,1.0,1.0,1.0,1.0,1.0,1.0,1.0,1.0,1.0,0.9197679,0.85010356,1.0107399,0.0,0.0,0.0,0.0,0.0,0.0,0.0,0.0,0.0,0.0,0.0,0.0,0.0,0.3500783,0.060895294,0.3791536,1.0,1.0,1.0,1.0,1.0,1.0,1.0,1.0,1.0,1.0,1.0,1.0,1.0,0.8230465,0.77872014,1.0555087
0.9013671875,1.0,1.0,1.0,1.0,1.0,1.0,1.0,1.0,1.0,1.0,1.0,1.0,1.0,0.9146974,0.8529951,1.0079101,0.0,0.0,0.0,0.0,0.0,0.0,0.0,0.0,0.0,0.0,0.0,0.0,0.0,0.35475153,0.065147266,0.3816938,1.0,1.0,1.0,1.0,1.0,1.0,1.0,1.0,1.0,1.0,1.0,1.0,1.0,0.82652843,0.7709414,1.0479257
0.9033203125,1.0,1.0,1.0,1.0,1.0,1.0,1.0,1.0,1.0,1.0,1.0,1.0,1.0,0.90956914,0.8574432,1.0049924,0.0,0.0,0.0,0.0,0.0,0.0,0.0,0.0,0.0,0.0,0.0,0.0,0.0,0.35984454,0.069275945,0.3843071,1.0,1.0,1.0,1.0,1.0,1.0,1.0,1.0,1.0,1.0,1.0,1.0,1.0,0.8307015,0.7637937,1.040674
0.9052734375,1.0,1.0,1.0,1.0,1.0,1.0,1.0,1.0,1.0,1.0,1.0,1.0,1.0,0.90450346,0.8631935,1.0019381,0.0,0.0,0.0,0.0,0.0,0.0,0.0,0.0,0.0,0.0,0.0,0.0,0.0,0.3653228,0.073333934,0.38700622,1.0,1.0,1.0,1.0,1.0,1.0,1.0,1.0,1.0,1.0,1.0,1.0,1.0,0.83527696,0.75737935,1.0338881
0.9072265625,1.0,1.0,1.0,1.0,1.0,1.0,1.0,1.0,1.0,1.0,1.0,1.0,1.0,0.89960253,0.86987853,0.9986809,0.0,0.0,0.0,0.0,0.0,0.0,0.0,0.0,0.0,0.0,0.0,0.0,0.0,0.3711261,0.077383354,0.38981274,1.0,1.0,1.0,1.0,1.0,1.0,1.0,1.0,1.0,1.0,1.0,1.0,1.0,0.8399141,0.75175077,1.0276521
0.9091796875,1.0,1.0,1.0,1.0,1.0,1.0,1.0,1.0,1.0,1.0,1.0,1.0,1.0,0.8949462,0.87703276,0.9951452,0.0,0.0,0.0,0.0,0.0,0.0,0.0,0.0,0.0,0.0,0.0,0.0,0.0,0.37717512,0.08149198,0.39275867,1.0,1.0,1.0,1.0,1.0,1.0,1.0,1.0,1.0,1.0,1.0,1.0,1.0,0.8442325,0.7469068,1.022001
0.9111328125,1.0,1.0,1.0,1.0,1.0,1.0,1.0,1.0,1.0,1.0,1.0,1.0,1.0,0.89059275,0.88411766,0.99125874,0.0,0.0,0.0,0.0,0.0,0.0,0.0,0.0,0.0,0.0,0.0,0.0,0.0,0.38337922,0.08572891,0.39588737,1.0,1.0,1.0,1.0,1.0,1.0,1.0,1.0,1.0,1.0,1.0,1.0,1.0,0.8478304,0.7427929,1.0169243
0.9130859375,1.0,1.0,1.0,1.0,1.0,1.0,1.0,1.0,1.0,1.0,1.0,1.0,1.0,0.8905559,0.88657993,0.98696476,0.0,0.0,0.0,0.0,0.0,0.0,0.0,0.0,0.0,0.0,0.0,0.0,0.0,0.38964245,0.09016141,0.3992533,1.0,1.0,1.0,1.0,1.0,1.0,1.0,1.0,1.0,1.0,1.0,1.0,1.0,0.8503065,0.73930717,1.0123739
0.9150390625,1.0,1.0,1.0,1.0,1.0,1.0,1.0,1.0,1.0,1.0,1.0,1.0,1.0,0.8957729,0.8829283,0.98223335,0.0,0.0,0.0,0.0,0.0,0.0,0.0,0.0,0.0,0.0,0.0,0.0,0.0,0.39586884,0.09485163,0.40291935,1.0,1.0,1.0,1.0,1.0,1.0,1.0,1.0,1.0,1.0,1.0,1.0,1.0,0.85129,0.7363097,1.0082741
0.9169921875,1.0,1.0,1.0,1.0,1.0,1.0,1.0,1.0,1.0,1.0,1.0,1.0,1.0,0.8992428,0.87964565,0.9770714,0.0,0.0,0.0,0.0,0.0,0.0,0.0,0.0,0.0,0.0,0.0,0.0,0.0,0.4019666,0.099852905,0.40695143,1.0,1.0,1.0,1.0,1.0,1.0,1.0,1.0,1.0,1.0,1.0,1.0,1.0,0.850474,0.73363465,1.004535
0.9189453125,1.0,1.0,1.0,1.0,1.0,1.0,1.0,1.0,1.0,1.0,1.0,1.0,1.0,0.90053654,0.8767281,0.9715249,0.0,0.0,0.0,0.0,0.0,0.0,0.0,0.0,0.0,0.0,0.0,0.0,0.0,0.40785265,0.10520749,0.41140956,1.0,1.0,1.0,1.0,1.0,1.0,1.0,1.0,1.0,1.0,1.0,1.0,1.0,0.847652,0.7311031,1.0010614
0.9208984375,1.0,1.0,1.0,1.0,1.0,1.0,1.0,1.0,1.0,1.0,1.0,1.0,1.0,0.89936346,0.87416255,0.9656773,0.0,0.0,0.0,0.0,0.0,0.0,0.0,0.0,0.0,0.0,0.0,0.0,0.0,0.41345632,0.110944256,0.41633892,1.0,1.0,1.0,1.0,1.0,1.0,1.0,1.0,1.0,1.0,1.0,1.0,1.0,0.84275055,0.7285349,0.9977629
0.9228515625,1.0,1.0,1.0,1.0,1.0,1.0,1.0,1.0,1.0,1.0,1.0,1.0,1.0,0.89560485,0.87192535,0.9596416,0.0,0.0,0.0,0.0,0.0,0.0,0.0,0.0,0.0,0.0,0.0,0.0,0.0,0.41872305,0.11707823,0.42176118,1.0,1.0,1.0,1.0,1.0,1.0,1.0,1.0,1.0,1.0,1.0,1.0,1.0,0.83584994,0.72575974,0.9945587
0.9248046875,1.0,1.0,1.0,1.0,1.0,1.0,1.0,1.0,1.0,1.0,1.0,1.0,1.0,0.8893305,0.8699808,0.9535473,0.0,0.0,0.0,0.0,0.0,0.0,0.0,0.0,0.0,0.0,0.0,0.0,0.0,0.4236178,0.12361221,0.42766964,1.0,1.0,1.0,1.0,1.0,1.0,1.0,1.0,1.0,1.0,1.0,1.0,1.0,0.82718825,0.72262603,0.99137783
0.9267578125,1.0,1.0,1.0,1.0,1.0,1.0,1.0,1.0,1.0,1.0,1.0,1.0,1.0,0.88079965,0.86827934,0.9475273,0.0,0.0,0.0,0.0,0.0,0.0,0.0,0.0,0.0,0.0,0.0,0.0,0.0,0.42812705,0.13054018,0.4340291,1.0,1.0,1.0,1.0,1.0,1.0,1.0,1.0,1.0,1.0,1.0,1.0,1.0,0.81714374,0.71900755,0.9881577
0.9287109375,1.0,1.0,1.0,1.0,1.0,1.0,1.0,1.0,1.0,1.0,1.0,1.0,1.0,0.8704406,0.86675817,0.9417063,0.0,0.0,0.0,0.0,0.0,0.0,0.0,0.0,0.0,0.0,0.0,0.0,0.0,0.43226027,0.1378525,0.44078198,1.0,1.0,1.0,1.0,1.0,1.0,1.0,1.0,1.0,1.0,1.0,1.0,1.0,0.8061986,0.7148091,0.98484004
0.9306640625,1.0,1.0,1.0,1.0,1.0,1.0,1.0,1.0,1.0,1.0,1.0,1.0,1.0,0.8653448,0.85881543,0.93618983,0.0,0.0,0.0,0.0,0.0,0.0,0.0,0.0,0.0,0.0,0.0,0.0,0.0,0.436051,0.14554144,0.44785932,1.0,1.0,1.0,1.0,1.0,1.0,1.0,1.0,1.0,1.0,1.0,1.0,1.0,0.7948898,0.70996976,0.9813652
0.9326171875,1.0,1.0,1.0,1.0,1.0,1.0,1.0,1.0,1.0,1.0,1.0,1.0,1.0,0.86396223,0.846572,0.9310578,0.0,0.0,0.0,0.0,0.0,0.0,0.0,0.0,0.0,0.0,0.0,0.0,0.0,0.43955678,0.15360637,0.4551945,1.0,1.0,1.0,1.0,1.0,1.0,1.0,1.0,1.0,1.0,1.0,1.0,1.0,0.7837583,0.704465,0.9776684
0.9345703125,1.0,1.0,1.0,1.0,1.0,1.0,1.0,1.0,1.0,1.0,1.0,1.0,1.0,0.86253864,0.83439046,0.926361,0.0,0.0,0.0,0.0,0.0,0.0,0.0,0.0,0.0,0.0,0.0,0.0,0.0,0.44285914,0.16205701,0.46273524,1.0,1.0,1.0,1.0,1.0,1.0,1.0,1.0,1.0,1.0,1.0,1.0,1.0,0.77330464,0.6983079,0.9736763
0.9365234375,1.0,1.0,1.0,1.0,1.0,1.0,1.0,1.0,1.0,1.0,1.0,1.0,1.0,0.86101377,0.8229299,0.9221181,0.0,0.0,0.0,0.0,0.0,0.0,0.0,0.0,0.0,0.0,0.0,0.0,0.0,0.44606143,0.1709153,0.47045094,1.0,1.0,1.0,1.0,1.0,1.0,1.0,1.0,1.0,1.0,1.0,1.0,1.0,0.76395667,0.691548,0.9693061
0.9384765625,1.0,1.0,1.0,1.0,1.0,1.0,1.0,1.0,1.0,1.0,1.0,1.0,1.0,0.8593453,0.81277996,0.9183164,0.0,0.0,0.0,0.0,0.0,0.0,0.0,0.0,0.0,0.0,0.0,0.0,0.0,0.44928578,0.18021435,0.4783321,1.0,1.0,1.0,1.0,1.0,1.0,1.0,1.0,1.0,1.0,1.0,1.0,1.0,0.75605255,0.68426913,0.9644655
0.9404296875,1.0,1.0,1.0,1.0,1.0,1.0,1.0,1.0,1.0,1.0,1.0,1.0,1.0,0.8575113,0.8044204,0.91490877,0.0,0.0,0.0,0.0,0.0,0.0,0.0,0.0,0.0,0.0,0.0,0.0,0.0,0.45266762,0.18999605,0.48638105,1.0,1.0,1.0,1.0,1.0,1.0,1.0,1.0,1.0,1.0,1.0,1.0,1.0,0.7498306,0.6765826,0.9590537
0.9423828125,1.0,1.0,1.0,1.0,1.0,1.0,1.0,1.0,1.0,1.0,1.0,1.0,1.0,0.85550725,0.79819053,0.9118134,0.0,0.0,0.0,0.0,0.0,0.0,0.0,0.0,0.0,0.0,0.0,0.0,0.0,0.45634854,0.2003074,0.4945951,1.0,1.0,1.0,1.0,1.0,1.0,1.0,1.0,1.0,1.0,1.0,1.0,1.0,0.7454262,0.668619,0.95296335
0.9443359375,1.0,1.0,1.0,1.0,1.0,1.0,1.0,1.0,1.0,1.0,1.0,1.0,1.0,0.8533423,0.79426813,0.90891206,0.0,0.0,0.0,0.0,0.0,0.0,0.0,0.0,0.0,0.0,0.0,0.0,0.0,0.4604679,0.21119726,0.5029491,1.0,1.0,1.0,1.0,1.0,1.0,1.0,1.0,1.0,1.0,1.0,1.0,1.0,0.74286646,0.660516,0.94608146
0.9462890625,1.0,1.0,1.0,1.0,1.0,1.0,1.0,1.0,1.0,1.0,1.0,1.0,1.0,0.85103124,0.7926601,0.9060494,0.0,0.0,0.0,0.0,0.0,0.0,0.0,0.0,0.0,0.0,0.0,0.0,0.0,0.4651543,0.22271429,0.511382,1.0,1.0,1.0,1.0,1.0,1.0,1.0,1.0,1.0,1.0,1.0,1.0,1.0,0.74206567,0.6524044,0.93828833
0.9482421875,1.0,1.0,1.0,1.0,1.0,1.0,1.0,1.0,1.0,1.0,1.0,1.0,1.0,0.8485868,0.7932048,0.9030323,0.0,0.0,0.0,0.0,0.0,0.0,0.0,0.0,0.0,0.0,0.0,0.0,0.0,0.4705168,0.23490587,0.51979524,1.0,1.0,1.0,1.0,1.0,1.0,1.0,1.0,1.0,1.0,1.0,1.0,1.0,0.74281764,0.64439416,0.92945564
0.9501953125,1.0,1.0,1.0,1.0,1.0,1.0,1.0,1.0,1.0,1.0,1.0,1.0,1.0,0.8460131,0.79558617,0.8996342,0.0,0.0,0.0,0.0,0.0,0.0,0.0,0.0,0.0,0.0,0.0,0.0,0.0,0.47663736,0.24781981,0.5280665,1.0,1.0,1.0,1.0,1.0,1.0,1.0,1.0,1.0,1.0,1.0,1.0,1.0,0.7447973,0.63656205,0.91944426
0.9521484375,1.0,1.0,1.0,1.0,1.0,1.0,1.0,1.0,1.0,1.0,1.0,1.0,1.0,0.84330034,0.7993586,0.89560187,0.0,0.0,0.0,0.0,0.0,0.0,0.0,0.0,0.0,0.0,0.0,0.0,0.0,0.48356313,0.2615055,0.5360757,1.0,1.0,1.0,1.0,1.0,1.0,1.0,1.0,1.0,1.0,1.0,1.0,1.0,0.7475683,0.6289443,0.9081001
0.9541015625,1.0,1.0,1.0,1.0,1.0,1.0,1.0,1.0,1.0,1.0,1.0,1.0,1.0,0.84042114,0.8039793,0.8906671,0.0,0.0,0.0,0.0,0.0,0.0,0.0,0.0,0.0,0.0,0.0,0.0,0.0,0.49130037,0.27601698,0.5437372,1.0,1.0,1.0,1.0,1.0,1.0,1.0,1.0,1.0,1.0,1.0,1.0,1.0,0.75060374,0.62153465,0.89525586
0.9560546875,1.0,1.0,1.0,1.0,1.0,1.0,1.0,1.0,1.0,1.0,1.0,1.0,1.0,0.8373295,0.8088448,0.8845652,0.0,0.0,0.0,0.0,0.0,0.0,0.0,0.0,0.0,0.0,0.0,0.0,0.0,0.49981067,0.29141212,0.5510267,1.0,1.0,1.0,1.0,1.0,1.0,1.0,1.0,1.0,1.0,1.0,1.0,1.0,0.7533174,0.6142876,0.88073826
0.9580078125,1.0,1.0,1.0,1.0,1.0,1.0,1.0,1.0,1.0,1.0,1.0,1.0,1.0,0.8339605,0.8133322,0.8770572,0.0,0.0,0.0,0.0,0.0,0.0,0.0,0.0,0.0,0.0,0.0,0.0,0.0,0.5090096,0.30775014,0.5579963,1.0,1.0,1.0,1.0,1.0,1.0,1.0,1.0,1.0,1.0,1.0,1.0,1.0,0.75510406,0.6071286,0.86438197
0.9599609375,1.0,1.0,1.0,1.0,1.0,1.0,1.0,1.0,1.0,1.0,1.0,1.0,1.0,0.8302326,0.81684196,0.86795783,0.0,0.0,0.0,0.0,0.0,0.0,0.0,0.0,0.0,0.0,0.0,0.0,0.0,0.5187714,0.32508424,0.56477094,1.0,1.0,1.0,1.0,1.0,1.0,1.0,1.0,1.0,1.0,1.0,1.0,1.0,0.7553852,0.59996754,0.84605557
0.9619140625,1.0,1.0,1.0,1.0,1.0,1.0,1.0,1.0,1.0,1.0,1.0,1.0,1.0,0.8260512,0.8188458,0.8571627,0.0,0.0,0.0,0.0,0.0,0.0,0.0,0.0,0.0,0.0,0.0,0.0,0.0,0.52893865,0.3434501,0.5715318,1.0,1.0,1.0,1.0,1.0,1.0,1.0,1.0,1.0,1.0,1.0,1.0,1.0,0.7536582,0.5927137,0.8256915
0.9638671875,1.0,1.0,1.0,1.0,1.0,1.0,1.0,1.0,1.0,1.0,1.0,1.0,1.0,0.82131445,0.8189344,0.8446713,0.0,0.0,0.0,0.0,0.0,0.0,0.0,0.0,0.0,0.0,0.0,0.0,0.0,0.5393369,0.36285174,0.57848644,1.0,1.0,1.0,1.0,1.0,1.0,1.0,1.0,1.0,1.0,1.0,1.0,1.0,0.74954325,0.58529186,0.8033194
0.9658203125,1.0,1.0,1.0,1.0,1.0,1.0,1.0,1.0,1.0,1.0,1.0,1.0,1.0,0.816862,0.815922,0.8305999,0.0,0.0,0.0,0.0,0.0,0.0,0.0,0.0,0.0,0.0,0.0,0.0,0.0,0.54979277,0.3832461,0.58583486,1.0,1.0,1.0,1.0,1.0,1.0,1.0,1.0,1.0,1.0,1.0,1.0,1.0,0.74282336,0.5776542,0.77909255
0.9677734375,1.0,1.0,1.0,1.0,1.0,1.0,1.0,1.0,1.0,1.0,1.0,1.0,1.0,0.8125737,0.8097828,0.8151808,0.0,0.0,0.0,0.0,0.0,0.0,0.0,0.0,0.0,0.0,0.0,0.0,0.0,0.56015086,0.40453136,0.59373665,1.0,1.0,1.0,1.0,1.0,1.0,1.0,1.0,1.0,1.0,1.0,1.0,1.0,0.73347104,0.5697879,0.7533019
0.9697265625,1.0,1.0,1.0,1.0,1.0,1.0,1.0,1.0,1.0,1.0,1.0,1.0,1.0,0.8028251,0.7987454,0.8062122,0.0,0.0,0.0,0.0,0.0,0.0,0.0,0.0,0.0,0.0,0.0,0.0,0.0,0.57028913,0.42654097,0.6022854,1.0,1.0,1.0,1.0,1.0,1.0,1.0,1.0,1.0,1.0,1.0,1.0,1.0,0.72165537,0.5617172,0.72637165
0.9716796875,1.0,1.0,1.0,1.0,1.0,1.0,1.0,1.0,1.0,1.0,1.0,1.0,1.0,0.7950043,0.7816958,0.7980924,0.0,0.0,0.0,0.0,0.0,0.0,0.0,0.0,0.0,0.0,0.0,0.0,0.0,0.5801264,0.4490472,0.6114943,1.0,1.0,1.0,1.0,1.0,1.0,1.0,1.0,1.0,1.0,1.0,1.0,1.0,0.69883496,0.5535,0.7077276
0.9736328125,1.0,1.0,1.0,1.0,1.0,1.0,1.0,1.0,1.0,1.0,1.0,1.0,1.0,0.7863097,0.76446915,0.78864986,0.0,0.0,0.0,0.0,0.0,0.0,0.0,0.0,0.0,0.0,0.0,0.0,0.0,0.58962524,0.47177404,0.6212996,1.0,1.0,1.0,1.0,1.0,1.0,1.0,1.0,1.0,1.0,1.0,1.0,1.0,0.6712961,0.54522115,0.69218874
0.9755859375,1.0,1.0,1.0,1.0,1.0,1.0,1.0,1.0,1.0,1.0,1.0,1.0,1.0,0.7767692,0.7475031,0.77837056,0.0,0.0,0.0,0.0,0.0,0.0,0.0,0.0,0.0,0.0,0.0,0.0,0.0,0.5987874,0.49441856,0.6315816,1.0,1.0,1.0,1.0,1.0,1.0,1.0,1.0,1.0,1.0,1.0,1.0,1.0,0.64438266,0.5369836,0.6756415
0.9775390625,1.0,1.0,1.0,1.0,1.0,1.0,1.0,1.0,1.0,1.0,1.0,1.0,1.0,0.76645106,0.7312066,0.767722,0.0,0.0,0.0,0.0,0.0,0.0,0.0,0.0,0.0,0.0,0.0,0.0,0.0,0.60764456,0.5166755,0.6421977,1.0,1.0,1.0,1.0,1.0,1.0,1.0,1.0,1.0,1.0,1.0,1.0,1.0,0.6187007,0.5288991,0.6587374
0.9794921875,1.0,1.0,1.0,1.0,1.0,1.0,1.0,1.0,1.0,1.0,1.0,1.0,1.0,0.75546116,0.7159376,0.75710166,0.0,0.0,0.0,0.0,0.0,0.0,0.0,0.0,0.0,0.0,0.0,0.0,0.0,0.61624557,0.5382617,0.6530186,1.0,1.0,1.0,1.0,1.0,1.0,1.0,1.0,1.0,1.0,1.0,1.0,1.0,0.59479284,0.5210802,0.64212084
0.9814453125,1.0,1.0,1.0,1.0,1.0,1.0,1.0,1.0,1.0,1.0,1.0,1.0,1.0,0.743938,0.7019891,0.7468136,0.0,0.0,0.0,0.0,0.0,0.0,0.0,0.0,0.0,0.0,0.0,0.0,0.0,0.6246432,0.5589367,0.66394997,1.0,1.0,1.0,1.0,1.0,1.0,1.0,1.0,1.0,1.0,1.0,1.0,1.0,0.57310647,0.5136318,0.6263761
0.9833984375,1.0,1.0,1.0,1.0,1.0,1.0,1.0,1.0,1.0,1.0,1.0,1.0,1.0,0.73204327,0.68958014,0.7370703,0.0,0.0,0.0,0.0,0.0,0.0,0.0,0.0,0.0,0.0,0.0,0.0,0.0,0.63288224,0.5785181,0.6749359,1.0,1.0,1.0,1.0,1.0,1.0,1.0,1.0,1.0,1.0,1.0,1.0,1.0,0.553969,0.5066461,0.6119832
0.9853515625,1.0,1.0,1.0,1.0,1.0,1.0,1.0,1.0,1.0,1.0,1.0,1.0,1.0,0.71995264,0.6788542,0.72801214,0.0,0.0,0.0,0.0,0.0,0.0,0.0,0.0,0.0,0.0,0.0,0.0,0.0,0.6409895,0.59689134,0.6859448,1.0,1.0,1.0,1.0,1.0,1.0,1.0,1.0,1.0,1.0,1.0,1.0,1.0,0.5375759,0.50019777,0.59929174
0.9873046875,1.0,1.0,1.0,1.0,1.0,1.0,1.0,1.0,1.0,1.0,1.0,1.0,1.0,0.7078462,0.6698809,0.71972984,0.0,0.0,0.0,0.0,0.0,0.0,0.0,0.0,0.0,0.0,0.0,0.0,0.0,0.64897084,0.61401296,0.6969511,1.0,1.0,1.0,1.0,1.0,1.0,1.0,1.0,1.0,1.0,1.0,1.0,1.0,0.5239897,0.49434295,0.58851784
0.9892578125,1.0,1.0,1.0,1.0,1.0,1.0,1.0,1.0,1.0,1.0,1.0,1.0,1.0,0.69590145,0.6626609,0.7122819,0.0,0.0,0.0,0.0,0.0,0.0,0.0,0.0,0.0,0.0,0.0,0.0,0.0,0.65681386,0.6299065,0.70792043,1.0,1.0,1.0,1.0,1.0,1.0,1.0,1.0,1.0,1.0,1.0,1.0,1.0,0.5131543,0.48912045,0.57975984
0.9912109375,1.0,1.0,1.0,1.0,1.0,1.0,1.0,1.0,1.0,1.0,1.0,1.0,1.0,0.68428636,0.65713143,0.7057036,0.0,0.0,0.0,0.0,0.0,0.0,0.0,0.0,0.0,0.0,0.0,0.0,0.0,0.6644954,0.6446486,0.7188051,1.0,1.0,1.0,1.0,1.0,1.0,1.0,1.0,1.0,1.0,1.0,1.0,1.0,0.5049175,0.4845551,0.5730242
0.9931640625,1.0,1.0,1.0,1.0,1.0,1.0,1.0,1.0,1.0,1.0,1.0,1.0,1.0,0.67315435,0.6531705,0.7000053,0.0,0.0,0.0,0.0,0.0,0.0,0.0,0.0,0.0,0.0,0.0,0.0,0.0,0.67199373,0.65835065,0.72954327,1.0,1.0,1.0,1.0,1.0,1.0,1.0,1.0,1.0,1.0,1.0,1.0,1.0,0.4990573,0.48065993,0.5682503
0.9951171875,1.0,1.0,1.0,1.0,1.0,1.0,1.0,1.0,1.0,1.0,1.0,1.0,1.0,0.6626382,0.65060055,0.69516724,0.0,0.0,0.0,0.0,0.0,0.0,0.0,0.0,0.0,0.0,0.0,0.0,0.0,0.67929834,0.67113256,0.7400615,1.0,1.0,1.0,1.0,1.0,1.0,1.0,1.0,1.0,1.0,1.0,1.0,1.0,0.49530405,0.47743762,0.5653269
0.9970703125,1.0,1.0,1.0,1.0,1.0,1.0,1.0,1.0,1.0,1.0,1.0,1.0,1.0,0.65284556,0.64919114,0.69113266,0.0,0.0,0.0,0.0,0.0,0.0,0.0,0.0,0.0,0.0,0.0,0.0,0.0,0.68641365,0.6830976,0.7502761,1.0,1.0,1.0,1.0,1.0,1.0,1.0,1.0,1.0,1.0,1.0,1.0,1.0,0.49335402,0.47487894,0.5641036
0.9990234375,1.0,1.0,1.0,1.0,1.0,1.0,1.0,1.0,1.0,1.0,1.0,1.0,1.0,0.6486649,0.64385694,0.6878065,0.0,0.0,0.0,0.0,0.0,0.0,0.0,0.0,0.0,0.0,0.0,0.0,0.0,0.6943073,0.6933544,0.7600937,1.0,1.0,1.0,1.0,1.0,1.0,1.0,1.0,1.0,1.0,1.0,1.0,1.0,0.4928751,0.47296062,0.56439525
