x,exact_density,piecewise_density,fixed_mc_density,fine_hllc_density,dkan_fv_density,dkan_fv_min_density,dkan_fv_max_density,legacy_dkan_fv_density,legacy_dkan_fv_min_density,legacy_dkan_fv_max_density,dkan_tv2_density,dkan_tv2_min_density,dkan_tv2_max_density,fno_density,fno_min_density,fno_max_density,exact_velocity,piecewise_velocity,fixed_mc_velocity,fine_hllc_velocity,dkan_fv_velocity,dkan_fv_min_velocity,dkan_fv_max_velocity,legacy_dkan_fv_velocity,legacy_dkan_fv_min_velocity,legacy_dkan_fv_max_velocity,dkan_tv2_velocity,dkan_tv2_min_velocity,dkan_tv2_max_velocity,fno_velocity,fno_min_velocity,fno_max_velocity,exact_pressure,piecewise_pressure,fixed_mc_pressure,fine_hllc_pressure,dkan_fv_pressure,dkan_fv_min_pressure,dkan_fv_max_pressure,legacy_dkan_fv_pressure,legacy_dkan_fv_min_pressure,legacy_dkan_fv_max_pressure,dkan_tv2_pressure,dkan_tv2_min_pressure,dkan_tv2_max_pressure,fno_pressure,fno_min_pressure,fno_max_pressure
0.0009765625,0.637761,0.637761,0.637761,0.637761,0.637761,0.637761,0.637761,0.637761,0.637761,0.637761,0.637761,0.637761,0.637761,0.77117896,0.73531055,0.77953637,0.323802,0.3238019999999999,0.3238019999999999,0.3238019999999999,0.3238019999999999,0.3238019999999999,0.3238019999999999,0.3238019999999999,0.3238019999999999,0.3238019999999999,0.3238019999999999,0.3238019999999999,0.3238019999999999,0.48242438,0.3841417,0.5068464,1.785825,1.7858249999999998,1.7858249999999998,1.7858249999999998,1.7858249999999998,1.7858249999999998,1.7858249999999998,1.7858249999999998,1.7858249999999998,1.7858249999999998,1.7858249999999998,1.7858249999999998,1.7858249999999998,1.5371089,1.3074312,1.539089
0.0029296875,0.637761,0.637761,0.637761,0.637761,0.637761,0.637761,0.637761,0.637761,0.637761,0.637761,0.637761,0.637761,0.637761,0.747265,0.7141493,0.7658037,0.323802,0.3238019999999999,0.3238019999999999,0.3238019999999999,0.3238019999999999,0.3238019999999999,0.3238019999999999,0.3238019999999999,0.3238019999999999,0.3238019999999999,0.3238019999999999,0.3238019999999999,0.3238019999999999,0.4616585,0.35786548,0.47782105,1.785825,1.7858249999999998,1.7858249999999998,1.7858249999999998,1.7858249999999998,1.7858249999999998,1.7858249999999998,1.7858249999999998,1.7858249999999998,1.7858249999999998,1.7858249999999998,1.7858249999999998,1.7858249999999998,1.5319486,1.3366445,1.5481409
0.0048828125,0.637761,0.637761,0.637761,0.637761,0.637761,0.637761,0.637761,0.637761,0.637761,0.637761,0.637761,0.637761,0.637761,0.72581005,0.6965977,0.7528761,0.323802,0.3238019999999999,0.3238019999999999,0.3238019999999999,0.3238019999999999,0.3238019999999999,0.3238019999999999,0.3238019999999999,0.3238019999999999,0.3238019999999999,0.3238019999999999,0.3238019999999999,0.3238019999999999,0.44669217,0.33662075,0.45168805,1.785825,1.7858249999999998,1.7858249999999998,1.7858249999999998,1.7858249999999998,1.7858249999999998,1.7858249999999998,1.7858249999999998,1.7858249999999998,1.7858249999999998,1.7858249999999998,1.7858249999999998,1.7858249999999998,1.5239762,1.3680406,1.5534304
0.0068359375,0.637761,0.637761,0.637761,0.637761,0.637761,0.637761,0.637761,0.637761,0.637761,0.637761,0.637761,0.637761,0.637761,0.7072788,0.6823815,0.7411382,0.323802,0.3238019999999999,0.3238019999999999,0.3238019999999999,0.3238019999999999,0.3238019999999999,0.3238019999999999,0.3238019999999999,0.3238019999999999,0.3238019999999999,0.3238019999999999,0.3238019999999999,0.3238019999999999,0.42884198,0.32056934,0.43716672,1.785825,1.7858249999999998,1.7858249999999998,1.7858249999999998,1.7858249999999998,1.7858249999999998,1.7858249999999998,1.7858249999999998,1.7858249999999998,1.7858249999999998,1.7858249999999998,1.7858249999999998,1.7858249999999998,1.5146691,1.4002658,1.5551313
0.0087890625,0.637761,0.637761,0.637761,0.637761,0.637761,0.637761,0.637761,0.637761,0.637761,0.637761,0.637761,0.637761,0.637761,0.6919437,0.6711333,0.73085636,0.323802,0.3238019999999999,0.3238019999999999,0.3238019999999999,0.3238019999999999,0.3238019999999999,0.3238019999999999,0.3238019999999999,0.3238019999999999,0.3238019999999999,0.3238019999999999,0.3238019999999999,0.3238019999999999,0.40949166,0.30958697,0.43250543,1.785825,1.7858249999999998,1.7858249999999998,1.7858249999999998,1.7858249999999998,1.7858249999999998,1.7858249999999998,1.7858249999999998,1.7858249999999998,1.7858249999999998,1.7858249999999998,1.7858249999999998,1.7858249999999998,1.5052139,1.4319425,1.5536827
0.0107421875,0.637761,0.637761,0.637761,0.637761,0.637761,0.637761,0.637761,0.637761,0.637761,0.637761,0.637761,0.637761,0.637761,0.6799052,0.6624518,0.7221584,0.323802,0.3238019999999999,0.3238019999999999,0.3238019999999999,0.3238019999999999,0.3238019999999999,0.3238019999999999,0.3238019999999999,0.3238019999999999,0.3238019999999999,0.3238019999999999,0.3238019999999999,0.3238019999999999,0.3936751,0.3032823,0.4319777,1.785825,1.7858249999999998,1.7858249999999998,1.7858249999999998,1.7858249999999998,1.7858249999999998,1.7858249999999998,1.7858249999999998,1.7858249999999998,1.7858249999999998,1.7858249999999998,1.7858249999999998,1.7858249999999998,1.4963435,1.461795,1.5497236
0.0126953125,0.637761,0.637761,0.637761,0.637761,0.637761,0.637761,0.637761,0.637761,0.637761,0.637761,0.637761,0.637761,0.637761,0.6711189,0.65594006,0.71504223,0.323802,0.3238019999999999,0.3238019999999999,0.3238019999999999,0.3238019999999999,0.3238019999999999,0.3238019999999999,0.3238019999999999,0.3238019999999999,0.3238019999999999,0.3238019999999999,0.3238019999999999,0.3238019999999999,0.38128686,0.30104566,0.43475556,1.785825,1.7858249999999998,1.7858249999999998,1.7858249999999998,1.7858249999999998,1.7858249999999998,1.7858249999999998,1.7858249999999998,1.7858249999999998,1.7858249999999998,1.7858249999999998,1.7858249999999998,1.7858249999999998,1.4887588,1.4883193,1.5440137
0.0146484375,0.637761,0.637761,0.637761,0.637761,0.637761,0.637761,0.637761,0.637761,0.637761,0.637761,0.637761,0.637761,0.637761,0.6654236,0.6512251,0.7094124,0.323802,0.3238019999999999,0.3238019999999999,0.3238019999999999,0.3238019999999999,0.3238019999999999,0.3238019999999999,0.3238019999999999,0.3238019999999999,0.3238019999999999,0.3238019999999999,0.3238019999999999,0.3238019999999999,0.372109,0.30211896,0.43996316,1.785825,1.7858249999999998,1.7858249999999998,1.7858249999999998,1.7858249999999998,1.7858249999999998,1.7858249999999998,1.7858249999999998,1.7858249999999998,1.7858249999999998,1.7858249999999998,1.7858249999999998,1.7858249999999998,1.5120664,1.4810412,1.5373582
0.0166015625,0.637761,0.637761,0.637761,0.637761,0.637761,0.637761,0.637761,0.637761,0.637761,0.637761,0.637761,0.637761,0.637761,0.662564,0.647965,0.70513463,0.323802,0.3238019999999999,0.3238019999999999,0.3238019999999999,0.3238019999999999,0.3238019999999999,0.3238019999999999,0.3238019999999999,0.3238019999999999,0.3238019999999999,0.3238019999999999,0.3238019999999999,0.3238019999999999,0.36583766,0.3056755,0.44671786,1.785825,1.7858249999999998,1.7858249999999998,1.7858249999999998,1.7858249999999998,1.7858249999999998,1.7858249999999998,1.7858249999999998,1.7858249999999998,1.7858249999999998,1.7858249999999998,1.7858249999999998,1.7858249999999998,1.5305334,1.4742509,1.5312911
0.0185546875,0.637761,0.637761,0.637761,0.637761,0.637761,0.637761,0.637761,0.637761,0.637761,0.637761,0.637761,0.637761,0.637761,0.66220886,0.6458467,0.7020911,0.323802,0.3238019999999999,0.3238019999999999,0.3238019999999999,0.3238019999999999,0.3238019999999999,0.3238019999999999,0.3238019999999999,0.3238019999999999,0.3238019999999999,0.3238019999999999,0.3238019999999999,0.3238019999999999,0.36210462,0.31090167,0.45416853,1.785825,1.7858249999999998,1.7858249999999998,1.7858249999999998,1.7858249999999998,1.7858249999999998,1.7858249999999998,1.7858249999999998,1.7858249999999998,1.7858249999999998,1.7858249999999998,1.7858249999999998,1.7858249999999998,1.5242417,1.4677552,1.5463588
0.0205078125,0.637761,0.637761,0.637761,0.637761,0.637761,0.637761,0.637761,0.637761,0.637761,0.637761,0.637761,0.637761,0.637761,0.6639651,0.6445804,0.7002184,0.323802,0.3238019999999999,0.3238019999999999,0.3238019999999999,0.3238019999999999,0.3238019999999999,0.3238019999999999,0.3238019999999999,0.3238019999999999,0.3238019999999999,0.3238019999999999,0.3238019999999999,0.3238019999999999,0.36049396,0.3170621,0.46153015,1.785825,1.7858249999999998,1.7858249999999998,1.7858249999999998,1.7858249999999998,1.7858249999999998,1.7858249999999998,1.7858249999999998,1.7858249999999998,1.7858249999999998,1.7858249999999998,1.7858249999999998,1.7858249999999998,1.5190661,1.4615911,1.5575147
0.0224609375,0.637761,0.637761,0.637761,0.637761,0.637761,0.637761,0.637761,0.637761,0.637761,0.637761,0.637761,0.637761,0.637761,0.66738784,0.6438917,0.6995134,0.323802,0.3238019999999999,0.3238019999999999,0.3238019999999999,0.3238019999999999,0.3238019999999999,0.3238019999999999,0.3238019999999999,0.3238019999999999,0.3238019999999999,0.3238019999999999,0.3238019999999999,0.3238019999999999,0.3605591,0.32353854,0.46811575,1.785825,1.7858249999999998,1.7858249999999998,1.7858249999999998,1.7858249999999998,1.7858249999999998,1.7858249999999998,1.7858249999999998,1.7858249999999998,1.7858249999999998,1.7858249999999998,1.7858249999999998,1.7858249999999998,1.5154519,1.4560807,1.5652467
0.0244140625,0.637761,0.637761,0.637761,0.637761,0.637761,0.637761,0.637761,0.637761,0.637761,0.637761,0.637761,0.637761,0.637761,0.6719931,0.64351624,0.70000345,0.323802,0.3238019999999999,0.3238019999999999,0.3238019999999999,0.3238019999999999,0.3238019999999999,0.3238019999999999,0.3238019999999999,0.3238019999999999,0.3238019999999999,0.3238019999999999,0.3238019999999999,0.3238019999999999,0.3618434,0.3298382,0.47336295,1.785825,1.7858249999999998,1.7858249999999998,1.7858249999999998,1.7858249999999998,1.7858249999999998,1.7858249999999998,1.7858249999999998,1.7858249999999998,1.7858249999999998,1.7858249999999998,1.7858249999999998,1.7858249999999998,1.5136886,1.4517545,1.5701852
0.0263671875,0.637761,0.637761,0.637761,0.637761,0.637761,0.637761,0.637761,0.637761,0.637761,0.637761,0.637761,0.637761,0.637761,0.6772681,0.6431981,0.70169353,0.323802,0.3238019999999999,0.3238019999999999,0.3238019999999999,0.3238019999999999,0.3238019999999999,0.3238019999999999,0.3238019999999999,0.3238019999999999,0.3238019999999999,0.3238019999999999,0.3238019999999999,0.3238019999999999,0.36390638,0.33558118,0.47685465,1.785825,1.7858249999999998,1.7858249999999998,1.7858249999999998,1.7858249999999998,1.7858249999999998,1.7858249999999998,1.7858249999999998,1.7858249999999998,1.7858249999999998,1.7858249999999998,1.7858249999999998,1.7858249999999998,1.5139053,1.4491996,1.5729847
0.0283203125,0.637761,0.637761,0.637761,0.637761,0.637761,0.637761,0.637761,0.637761,0.637761,0.637761,0.637761,0.637761,0.637761,0.6826893,0.64269584,0.704512,0.323802,0.3238019999999999,0.3238019999999999,0.3238019999999999,0.3238019999999999,0.3238019999999999,0.3238019999999999,0.3238019999999999,0.3238019999999999,0.3238019999999999,0.3238019999999999,0.3238019999999999,0.3238019999999999,0.366351,0.34048164,0.47833055,1.785825,1.7858249999999998,1.7858249999999998,1.7858249999999998,1.7858249999999998,1.7858249999999998,1.7858249999999998,1.7858249999999998,1.7858249999999998,1.7858249999999998,1.7858249999999998,1.7858249999999998,1.7858249999999998,1.5160743,1.4488811,1.5742296
0.0302734375,0.637761,0.637761,0.637761,0.637761,0.637761,0.637761,0.637761,0.637761,0.637761,0.637761,0.637761,0.637761,0.637761,0.68774396,0.6417961,0.70827466,0.323802,0.3238019999999999,0.3238019999999999,0.3238019999999999,0.3238019999999999,0.3238019999999999,0.3238019999999999,0.3238019999999999,0.3238019999999999,0.3238019999999999,0.3238019999999999,0.3238019999999999,0.3238019999999999,0.36885005,0.34433585,0.47769114,1.785825,1.7858249999999998,1.7858249999999998,1.7858249999999998,1.7858249999999998,1.7858249999999998,1.7858249999999998,1.7858249999999998,1.7858249999999998,1.7858249999999998,1.7858249999999998,1.7858249999999998,1.7858249999999998,1.520021,1.4510249,1.5743715
0.0322265625,0.637761,0.637761,0.637761,0.637761,0.637761,0.637761,0.637761,0.637761,0.637761,0.637761,0.637761,0.637761,0.637761,0.69195944,0.64033175,0.71267873,0.323802,0.3238019999999999,0.3238019999999999,0.3238019999999999,0.3238019999999999,0.3238019999999999,0.3238019999999999,0.3238019999999999,0.3238019999999999,0.3238019999999999,0.3238019999999999,0.3238019999999999,0.3238019999999999,0.37116566,0.34702116,0.4749956,1.785825,1.7858249999999998,1.7858249999999998,1.7858249999999998,1.7858249999999998,1.7858249999999998,1.7858249999999998,1.7858249999999998,1.7858249999999998,1.7858249999999998,1.7858249999999998,1.7858249999999998,1.7858249999999998,1.5254467,1.4555534,1.5737231
0.0341796875,0.637761,0.637761,0.637761,0.637761,0.637761,0.637761,0.637761,0.637761,0.637761,0.637761,0.637761,0.637761,0.637761,0.6949368,0.6382015,0.71732336,0.323802,0.3238019999999999,0.3238019999999999,0.3238019999999999,0.3238019999999999,0.3238019999999999,0.3238019999999999,0.3238019999999999,0.3238019999999999,0.3238019999999999,0.3238019999999999,0.3238019999999999,0.3238019999999999,0.37315735,0.3485016,0.47045124,1.785825,1.7858249999999998,1.7858249999999998,1.7858249999999998,1.7858249999999998,1.7858249999999998,1.7858249999999998,1.7858249999999998,1.7858249999999998,1.7858249999999998,1.7858249999999998,1.7858249999999998,1.7858249999999998,1.5319577,1.4621032,1.5724951
0.0361328125,0.637761,0.637761,0.637761,0.637761,0.637761,0.637761,0.637761,0.637761,0.637761,0.637761,0.637761,0.637761,0.637761,0.69638526,0.63538545,0.7217526,0.323802,0.3238019999999999,0.3238019999999999,0.3238019999999999,0.3238019999999999,0.3238019999999999,0.3238019999999999,0.3238019999999999,0.3238019999999999,0.3238019999999999,0.3238019999999999,0.3238019999999999,0.3238019999999999,0.37477848,0.34883073,0.46439618,1.785825,1.7858249999999998,1.7858249999999998,1.7858249999999998,1.7858249999999998,1.7858249999999998,1.7858249999999998,1.7858249999999998,1.7858249999999998,1.7858249999999998,1.7858249999999998,1.7858249999999998,1.7858249999999998,1.5391016,1.4700832,1.5708483
0.0380859375,0.637761,0.637761,0.637761,0.637761,0.637761,0.637761,0.637761,0.637761,0.637761,0.637761,0.637761,0.637761,0.637761,0.69615066,0.6319495,0.7255069,0.323802,0.3238019999999999,0.3238019999999999,0.3238019999999999,0.3238019999999999,0.3238019999999999,0.3238019999999999,0.3238019999999999,0.3238019999999999,0.3238019999999999,0.3238019999999999,0.3238019999999999,0.3238019999999999,0.376061,0.34814644,0.45727116,1.785825,1.7858249999999998,1.7858249999999998,1.7858249999999998,1.7858249999999998,1.7858249999999998,1.7858249999999998,1.7858249999999998,1.7858249999999998,1.7858249999999998,1.7858249999999998,1.7858249999999998,1.7858249999999998,1.5464058,1.4787493,1.5689516
0.0400390625,0.637761,0.637761,0.637761,0.637761,0.637761,0.637761,0.637761,0.637761,0.637761,0.637761,0.637761,0.637761,0.637761,0.6942319,0.6280368,0.72817653,0.323802,0.3238019999999999,0.3238019999999999,0.3238019999999999,0.3238019999999999,0.3238019999999999,0.3238019999999999,0.3238019999999999,0.3238019999999999,0.3238019999999999,0.3238019999999999,0.3238019999999999,0.3238019999999999,0.37709212,0.34665608,0.44958073,1.785825,1.7858249999999998,1.7858249999999998,1.7858249999999998,1.7858249999999998,1.7858249999999998,1.7858249999999998,1.7858249999999998,1.7858249999999998,1.7858249999999998,1.7858249999999998,1.7858249999999998,1.7858249999999998,1.5534132,1.4873004,1.5670062
0.0419921875,0.637761,0.637761,0.637761,0.637761,0.637761,0.637761,0.637761,0.637761,0.637761,0.637761,0.637761,0.637761,0.637761,0.6907797,0.6238447,0.72944283,0.323802,0.3238019999999999,0.3238019999999999,0.3238019999999999,0.3238019999999999,0.3238019999999999,0.3238019999999999,0.3238019999999999,0.3238019999999999,0.3238019999999999,0.3238019999999999,0.3238019999999999,0.3238019999999999,0.37798747,0.34461373,0.44184488,1.785825,1.7858249999999998,1.7858249999999998,1.7858249999999998,1.7858249999999998,1.7858249999999998,1.7858249999999998,1.7858249999999998,1.7858249999999998,1.7858249999999998,1.7858249999999998,1.7858249999999998,1.7858249999999998,1.5597156,1.4949622,1.5652454
0.0439453125,0.637761,0.637761,0.637761,0.637761,0.637761,0.637761,0.637761,0.637761,0.637761,0.637761,0.637761,0.637761,0.637761,0.6860772,0.6195927,0.7291058,0.323802,0.3238019999999999,0.3238019999999999,0.3238019999999999,0.3238019999999999,0.3238019999999999,0.3238019999999999,0.3238019999999999,0.3238019999999999,0.3238019999999999,0.3238019999999999,0.3238019999999999,0.3238019999999999,0.3788652,0.34229553,0.4345497,1.785825,1.7858249999999998,1.7858249999999998,1.7858249999999998,1.7858249999999998,1.7858249999999998,1.7858249999999998,1.7858249999999998,1.7858249999999998,1.7858249999999998,1.7858249999999998,1.7858249999999998,1.7858249999999998,1.5638964,1.501066,1.5649779
0.0458984375,0.637761,0.637761,0.637761,0.637761,0.637761,0.637761,0.637761,0.637761,0.637761,0.637761,0.637761,0.637761,0.637761,0.6805035,0.61548626,0.72709405,0.323802,0.3238019999999999,0.3238019999999999,0.3238019999999999,0.3238019999999999,0.3238019999999999,0.3238019999999999,0.3238019999999999,0.3238019999999999,0.3238019999999999,0.3238019999999999,0.3238019999999999,0.3238019999999999,0.37982512,0.33997536,0.4281016,1.785825,1.7858249999999998,1.7858249999999998,1.7858249999999998,1.7858249999999998,1.7858249999999998,1.7858249999999998,1.7858249999999998,1.7858249999999998,1.7858249999999998,1.7858249999999998,1.7858249999999998,1.7858249999999998,1.5631304,1.5051111,1.5689589
0.0478515625,0.637761,0.637761,0.637761,0.637761,0.637761,0.637761,0.637761,0.637761,0.637761,0.637761,0.637761,0.637761,0.637761,0.67448837,0.61168605,0.72346056,0.323802,0.3238019999999999,0.3238019999999999,0.3238019999999999,0.3238019999999999,0.3238019999999999,0.3238019999999999,0.3238019999999999,0.3238019999999999,0.3238019999999999,0.3238019999999999,0.3238019999999999,0.3238019999999999,0.38093677,0.3379036,0.4227963,1.785825,1.7858249999999998,1.7858249999999998,1.7858249999999998,1.7858249999999998,1.7858249999999998,1.7858249999999998,1.7858249999999998,1.7858249999999998,1.7858249999999998,1.7858249999999998,1.7858249999999998,1.7858249999999998,1.5630097,1.5068072,1.5715133
0.0498046875,0.637761,0.637761,0.637761,0.637761,0.637761,0.637761,0.637761,0.637761,0.637761,0.637761,0.637761,0.637761,0.637761,0.66846204,0.60828894,0.7183655,0.323802,0.3238019999999999,0.3238019999999999,0.3238019999999999,0.3238019999999999,0.3238019999999999,0.3238019999999999,0.3238019999999999,0.3238019999999999,0.3238019999999999,0.3238019999999999,0.3238019999999999,0.3238019999999999,0.3822361,0.33628982,0.41880476,1.785825,1.7858249999999998,1.7858249999999998,1.7858249999999998,1.7858249999999998,1.7858249999999998,1.7858249999999998,1.7858249999999998,1.7858249999999998,1.7858249999999998,1.7858249999999998,1.7858249999999998,1.7858249999999998,1.5634612,1.5060974,1.5726036
0.0517578125,0.637761,0.637761,0.637761,0.637761,0.637761,0.637761,0.637761,0.637761,0.637761,0.637761,0.637761,0.637761,0.637761,0.6628125,0.605324,0.71205324,0.323802,0.3238019999999999,0.3238019999999999,0.3238019999999999,0.3238019999999999,0.3238019999999999,0.3238019999999999,0.3238019999999999,0.3238019999999999,0.3238019999999999,0.3238019999999999,0.3238019999999999,0.3238019999999999,0.3837307,0.33529073,0.4161772,1.785825,1.7858249999999998,1.7858249999999998,1.7858249999999998,1.7858249999999998,1.7858249999999998,1.7858249999999998,1.7858249999999998,1.7858249999999998,1.7858249999999998,1.7858249999999998,1.7858249999999998,1.7858249999999998,1.5642802,1.5031483,1.572283
0.0537109375,0.637761,0.637761,0.637761,0.637761,0.637761,0.637761,0.637761,0.637761,0.637761,0.637761,0.637761,0.637761,0.637761,0.6578505,0.60276407,0.7048247,0.323802,0.3238019999999999,0.3238019999999999,0.3238019999999999,0.3238019999999999,0.3238019999999999,0.3238019999999999,0.3238019999999999,0.3238019999999999,0.3238019999999999,0.3238019999999999,0.3238019999999999,0.3238019999999999,0.38541037,0.3350054,0.4148605,1.785825,1.7858249999999998,1.7858249999999998,1.7858249999999998,1.7858249999999998,1.7858249999999998,1.7858249999999998,1.7858249999999998,1.7858249999999998,1.7858249999999998,1.7858249999999998,1.7858249999999998,1.7858249999999998,1.5651729,1.4983149,1.5706879
0.0556640625,0.637761,0.637761,0.637761,0.637761,0.637761,0.637761,0.637761,0.637761,0.637761,0.637761,0.637761,0.637761,0.637761,0.6537924,0.600548,0.69701135,0.323802,0.3238019999999999,0.3238019999999999,0.3238019999999999,0.3238019999999999,0.3238019999999999,0.3238019999999999,0.3238019999999999,0.3238019999999999,0.3238019999999999,0.3238019999999999,0.3238019999999999,0.3238019999999999,0.38725814,0.33547544,0.41472274,1.785825,1.7858249999999998,1.7858249999999998,1.7858249999999998,1.7858249999999998,1.7858249999999998,1.7858249999999998,1.7858249999999998,1.7858249999999998,1.7858249999999998,1.7858249999999998,1.7858249999999998,1.7858249999999998,1.5658318,1.4920901,1.568012
0.0576171875,0.637761,0.637761,0.637761,0.637761,0.637761,0.637761,0.637761,0.637761,0.637761,0.637761,0.637761,0.637761,0.637761,0.65075207,0.59860563,0.6889504,0.323802,0.3238019999999999,0.3238019999999999,0.3238019999999999,0.3238019999999999,0.3238019999999999,0.3238019999999999,0.3238019999999999,0.3238019999999999,0.3238019999999999,0.3238019999999999,0.3238019999999999,0.3238019999999999,0.3892594,0.3366933,0.41558123,1.785825,1.7858249999999998,1.7858249999999998,1.7858249999999998,1.7858249999999998,1.7858249999999998,1.7858249999999998,1.7858249999999998,1.7858249999999998,1.7858249999999998,1.7858249999999998,1.7858249999999998,1.7858249999999998,1.564486,1.4850451,1.5660135
0.0595703125,0.637761,0.637761,0.637761,0.637761,0.637761,0.637761,0.637761,0.637761,0.637761,0.637761,0.637761,0.637761,0.637761,0.64874744,0.59687656,0.6809646,0.323802,0.3238019999999999,0.3238019999999999,0.3238019999999999,0.3238019999999999,0.3238019999999999,0.3238019999999999,0.3238019999999999,0.3238019999999999,0.3238019999999999,0.3238019999999999,0.3238019999999999,0.3238019999999999,0.39140627,0.33861408,0.41722566,1.785825,1.7858249999999998,1.7858249999999998,1.7858249999999998,1.7858249999999998,1.7858249999999998,1.7858249999999998,1.7858249999999998,1.7858249999999998,1.7858249999999998,1.7858249999999998,1.7858249999999998,1.7858249999999998,1.5603542,1.4777696,1.5655985
0.0615234375,0.637761,0.637761,0.637761,0.637761,0.637761,0.637761,0.637761,0.637761,0.637761,0.637761,0.637761,0.637761,0.637761,0.647712,0.59531677,0.67334616,0.323802,0.3238019999999999,0.3238019999999999,0.3238019999999999,0.3238019999999999,0.3238019999999999,0.3238019999999999,0.3238019999999999,0.3238019999999999,0.3238019999999999,0.3238019999999999,0.3238019999999999,0.3238019999999999,0.3936974,0.3411688,0.41944015,1.785825,1.7858249999999998,1.7858249999999998,1.7858249999999998,1.7858249999999998,1.7858249999999998,1.7858249999999998,1.7858249999999998,1.7858249999999998,1.7858249999999998,1.7858249999999998,1.7858249999999998,1.7858249999999998,1.5558525,1.4708271,1.5646125
0.0634765625,0.637761,0.6376189410226344,0.6377254852556586,0.637761,0.6377254929658372,0.637725492472585,0.6377256069964248,0.6377254853815463,0.6377254853058164,0.6377254855276981,0.6377254870616345,0.6377254869352413,0.6377255115422684,0.64751226,0.59389514,0.66634434,0.323802,0.3242430176793098,0.32391223599971897,0.3238019999999999,0.32391221283451965,0.32391187023016443,0.32391221431649403,0.32391223562149013,0.32391223518237733,0.32391223584902,0.323912230573672,0.3239121570217127,0.3239122309534198,0.39613363,0.34427565,0.4220185,1.785825,1.7852682805365634,1.7856858247849516,1.7858249999999998,1.7856858543541936,1.7856858524625256,1.7856862916719336,1.7856858252677419,1.7856858249773115,1.7856858258282478,1.7856858317110347,1.7856858312263049,1.785685925596509,1.551195,1.4647193,1.5631977
0.0654296875,0.637761,0.6376189410226344,0.6376544557669758,0.637761,0.6376544785764381,0.6376544771172216,0.6376548159196442,0.6376544561393963,0.6376544559153605,0.6376544565717659,0.6376544611096975,0.6376544607357811,0.6376545335321563,0.6479653,0.5925825,0.6601561,0.323802,0.3242430176793098,0.324132744837322,0.3238019999999999,0.32413267478640045,0.32413163876070056,0.32413267926785005,0.3241327436935686,0.3241327423657034,0.32413274438161255,0.32413272842910584,0.3241325060100308,0.32413272957745304,0.398713,0.34784725,0.42477542,1.785825,1.7852682805365634,1.7854074650537513,1.7858249999999998,1.785407553798679,1.7854075481212954,1.785408866302003,1.7854074665027302,1.7854074656310726,1.7854074681849534,1.785407485840714,1.7854074843859158,1.7854077676152544,1.5465672,1.4598609,1.5615606
0.0673828125,0.637761,0.6376189410226344,0.637583426278293,0.637761,0.6375834641870389,0.6375834617618583,0.6375840248428638,0.6375834268972465,0.6375834265249046,0.6375834276158338,0.6375834351577605,0.6375834345363212,0.6375835555220443,0.64885706,0.591341,0.6549178,0.323802,0.3242430176793098,0.32435330280615826,0.3238019999999999,0.32435318584862305,0.324351456093121,0.3243531933308841,0.324353300896539,0.32435329867952545,0.3243533020453023,0.32435327541087905,0.3243529040583743,0.32435327732816793,0.40142596,0.3517929,0.42755288,1.785825,1.7852682805365634,1.7851290929176262,1.7858249999999998,1.7851292408435142,1.785129231380078,1.7851314286103033,1.7851290953328796,1.7851290938799436,1.7851290981369206,1.7851291275667047,1.785129125141751,1.7851295972470542,1.542114,1.4565594,1.559895
0.0693359375,0.637761,0.6376189410226344,0.6375123967896101,0.637761,0.6375123283612233,0.6375113163316048,0.6375123327388726,0.6375123956723486,0.6375123943752398,0.6375123963444559,0.6375123807614451,0.6375121634940686,0.6375123818831939,0.6499595,0.5901164,0.6507006,0.323802,0.3242430176793098,0.32457390992264973,0.3238019999999999,0.32457412016962667,0.324574106719249,0.32457722964711505,0.3245739133554479,0.32457391129039087,0.32457391734082874,0.3245739591693604,0.3245739557227749,0.32457462672597204,0.40425327,0.35601953,0.4302231,1.785825,1.7852682805365634,1.7848507083724297,1.7858249999999998,1.7848504421139892,1.7848465042523773,1.784850459147653,1.7848507040251065,1.7848506989779882,1.7848507066403112,1.784850646006,1.7848498006072016,1.7848506503707837,1.5379504,1.455002,1.5583204
0.0712890625,0.637761,0.6346342593909977,0.6362734912532806,0.637761,0.6362841367750706,0.6362755970280879,0.6362972867997307,0.6362735006863366,0.6362734916824908,0.6362735206635427,0.6362757898643873,0.636273981326572,0.6362790649481068,0.6475089,0.5888364,0.651047,0.323802,0.33352391451804764,0.32844140848464337,0.3238019999999999,0.328408917888883,0.32836878494227895,0.3284349814820367,0.32844137969406456,0.3284413187217459,0.3284414071746532,0.3284343929314864,0.32842439718988803,0.32843991273575873,0.40716618,0.36043125,0.4326909,1.785825,1.7735837841975777,1.7799813611318698,1.7858249999999998,1.7800225273987886,1.7799895041911227,1.7800733782154334,1.779981397609647,1.779981362791632,1.779981474861818,1.779990249891138,1.7799832562527598,1.780002914661156,1.5341566,1.4552411,1.5568359
0.0732421875,0.637761,0.6346342593909977,0.6351806700117587,0.637761,0.6351990136787415,0.6351842985451991,0.635221672941288,0.6351806862661841,0.6351806707513457,0.6351807206895991,0.6351846308280997,0.635181514474006,0.6351902742381905,0.6452833,0.58741593,0.65191215,0.323802,0.33352391451804764,0.3318268310419766,0.3238019999999999,0.3317703399801,0.331700563136784,0.3318156563703038,0.3318267809834882,0.33182667497026713,0.3318268287642826,0.331814633056278,0.3317972535090324,0.33182423036876524,0.41012794,0.36493325,0.43489343,1.785825,1.7735837841975777,1.7757170397087185,1.7858249999999998,1.775788283096968,1.775731132321552,1.7758762863357902,1.7757171028382397,1.775717042581153,1.7757172365331348,1.7757324228507954,1.7757203194607114,1.7757543408376695,1.5307829,1.4571944,1.5553145
0.0751953125,0.637761,0.6346342593909977,0.6340878487702367,0.637761,0.6341138905824124,0.6340930000623102,0.634146059082845,0.6340878718460313,0.6340878498202005,0.6340879207156553,0.634093471791812,0.6340890476214399,0.6341014835282742,0.6439101,0.58576804,0.65238005,0.323802,0.33352391451804764,0.33522392283942976,0.3238019999999999,0.3351432664928473,0.33504364379622736,0.33520796780203177,0.33522385136645994,0.3352237000019313,0.3352239195873628,0.33520650673265506,0.33518169262595143,0.33522020962830984,0.41309804,0.3694359,0.4367985,1.785825,1.7735837841975777,1.7714497963042777,1.7858249999999998,1.7715511580838519,1.7714698466578187,1.7716763643140894,1.7714498861222445,1.7714498003910537,1.7714500763375873,1.7714716827654455,1.7714544625937871,1.7715028666777501,1.5278572,1.4606491,1.5535263
0.0771484375,0.637761,0.6346342593909977,0.6329950275287148,0.6373884161983233,0.6329399965277664,0.632872018740127,0.6329841419283937,0.6329949787654389,0.6329948754951938,0.6329950253099539,0.6329831450796919,0.6329662148494193,0.632992494141973,0.64323366,0.5838217,0.6523196,0.323802,0.33352391451804764,0.3386327443153612,0.3249589631821768,0.3388034141058144,0.338666501897898,0.33901427724764904,0.3386328955336755,0.3386327511958928,0.3386332157819736,0.33866959330609225,0.33864060055489587,0.3387220985005547,0.41603494,0.373864,0.43840015,1.785825,1.7735837841975777,1.7671796157847637,1.784364744389432,1.766965587146233,1.7667011951949263,1.7671372796837104,1.7671794261360614,1.7671790245004344,1.767179607155624,1.767133402741409,1.767067557348654,1.7671697630037027,1.5253808,1.4652772,1.5511926
0.0791015625,0.637761,0.6288763710904592,0.6312316778693858,0.6361058716503091,0.6313244441223825,0.6313156914915128,0.631355931107109,0.6312318864350691,0.6312316834974223,0.6312319353259174,0.6312517082205203,0.6312513566059915,0.6312605951082876,0.64307314,0.5815401,0.6516531,0.323802,0.35153953542084143,0.3441782638813992,0.32894526862639745,0.3438910925668251,0.34379363924761974,0.3439181839922296,0.34417761814157694,0.34417746677077465,0.3441782464564404,0.34411624989602485,0.34408873734376755,0.3441173384609906,0.41890118,0.37816387,0.43971074,1.785825,1.7511005006633993,1.7602680040987688,1.7793403342317595,1.7606274810846918,1.7605935647979651,1.7607494910499049,1.7602688123315864,1.7602680259085126,1.7602690017931713,1.7603456251468395,1.760344262588572,1.7603800630510509,1.5233343,1.4706593,1.5480492
0.0810546875,0.6365116346419155,0.6288763710904592,0.6296614733501014,0.634422146580053,0.6297767802391268,0.6297659008664693,0.6298159180304712,0.6296617325937306,0.6296614803456558,0.629661793364231,0.6296863707389772,0.6296859336880437,0.6296974169906954,0.6432393,0.5789361,0.6503609,0.32768374111598203,0.35153953542084143,0.3490796592377597,0.3341895748943764,0.34872053705978906,0.34859867268263023,0.34875441514093075,0.34907885167848746,0.34907866237487245,0.3490796374461841,0.3490021054301751,0.34896769901170943,0.3490034667635865,0.421664,0.38231006,0.44075602,1.780929149131096,1.7511005006633993,1.754157853485583,1.7727503636729944,1.7546054366440356,1.7545632079099995,1.754757349205913,1.7541588598199407,1.7541578806409943,1.7541590957194173,1.754254499654295,1.7542528031320928,1.7542973782803983,1.5216746,1.476316,1.543901
0.0830078125,0.6344508779168896,0.6288763710904592,0.6280912688308171,0.6325807701139938,0.6280490744019143,0.6280347526491703,0.6280530555076399,0.6280911739653935,0.6280911517275499,0.628091266270923,0.6280821580906553,0.6280781159186158,0.6280823180213818,0.64355075,0.57607675,0.648481,0.3340997905278983,0.35153953542084143,0.3540055612017463,0.3399373033437017,0.3541375749450067,0.35412511849850214,0.3541823874564726,0.3540058579873786,0.35400556921035103,0.35400592755828686,0.3540340644802706,0.35403356412410564,0.3540467108258162,0.42429894,0.38630736,0.4415729,1.7728621210038604,1.7511005006633993,1.7480416219058845,1.7655512213925622,1.7478777402240087,1.7478221140433778,1.747893202886075,1.748041253456817,1.7480411670869602,1.748041611963478,1.748006236481275,1.747990536925917,1.7480068576418613,1.5203334,1.481747,1.5386562
0.0849609375,0.6323954621415525,0.6288763710904592,0.6265210643115326,0.6306759675331135,0.6263551855984134,0.6262988825750865,0.6263708364962149,0.6265206913676439,0.6265206039441387,0.6265210542478358,0.6264852473116843,0.6264693563442382,0.62648587604642,0.6438469,0.5730765,0.646106,0.3405158399398143,0.35153953542084143,0.35895615403078446,0.3458968449166395,0.35947799021526367,0.35942874240372347,0.3596551761682542,0.35895732696130317,0.3589561856816861,0.3589576019135834,0.3590688069801493,0.3590668293493891,0.35911879196260155,0.4267897,0.39018852,0.44221228,1.7648264340284492,1.7511005006633993,1.7419192636388117,1.7581128556967502,1.7412742151299514,1.741055255421087,1.7413350793104079,1.7419178134575244,1.7419174735137588,1.7419192245064283,1.7417799887200995,1.7417181954462115,1.7417824335915804,1.519224,1.4864677,1.5323348
0.0869140625,0.630345376927397,0.6220726232367229,0.6246949092147657,0.6287437633117763,0.6247431545430491,0.6247393794038146,0.624749948495296,0.624694931036074,0.6246949264335535,0.6246958912297155,0.6247053264821975,0.6247053255867175,0.6247077184103508,0.6433727,0.5700819,0.6439978,0.3469318893517306,0.37299828068534074,0.36472953856786033,0.35195681626603914,0.36457836448717934,0.36455707788723696,0.36459019283615585,0.36472947018671353,0.3647264612452598,0.3647294846095709,0.3646968946571631,0.364689399381792,0.36469689746322337,0.42912817,0.39400774,0.44274086,1.7568219866696841,1.7246378523885089,1.734804103158415,1.7505766320903404,1.7349907480969242,1.7349761435596651,1.7350170311530078,1.7348041875790041,1.7348041697731293,1.734807902300706,1.7348444045436853,1.7348444010793442,1.7348536581821363,1.5182419,1.4900527,1.5250583
0.0888671875,0.628300611899398,0.6220726232367229,0.6229467185627371,0.6267983955385434,0.6230033544009095,0.6229989227143117,0.6230113299126057,0.6229467441790637,0.6229467387761032,0.6229478713632622,0.6229589475327423,0.6229589464815263,0.6229617554492936,0.6404515,0.5672537,0.64390916,0.3533479387636468,0.37299828068534074,0.37023429838825794,0.3580731085392718,0.37005578380347076,0.3700306478197743,0.3700697511857244,0.37023421763897235,0.3702306644694773,0.37023423467050043,0.3701957502676806,0.3701868993756531,0.37019575358125517,0.4313142,0.39783186,0.4432432,1.748848677655719,1.7246378523885089,1.7280284982793213,1.7429984081084515,1.7282478883070869,1.728230721586182,1.7282787823781327,1.7280285975109815,1.728028576581176,1.7280329639574437,1.7280758702654655,1.7280758661933326,1.7280867473830563,1.5170366,1.4921695,1.5172763
0.0908203125,0.6262611566959992,0.6220726232367229,0.6211985279107086,0.6248460823000571,0.6211500890396311,0.6211432678325068,0.6211538793233577,0.6211985060018611,0.6211975419562702,0.6211985106228451,0.6211880688529705,0.6211856673292673,0.6211880697520428,0.6375316,0.56475013,0.6435236,0.35976398817556304,0.37299828068534074,0.37577004144260506,0.36422649091736276,0.37592360356973625,0.37591158665324115,0.3759452302559365,0.37577011089317086,0.3757700962447524,0.3757731669013882,0.3758031969831756,0.3758031941330403,0.37581081004613426,0.43335533,0.40172774,0.44381714,1.7409064059775128,1.7246378523885089,1.7212453001940478,1.735402575987625,1.7210574478498633,1.7210309938364072,1.721072147282424,1.7212452152299658,1.7212414765908377,1.7212452331504735,1.7212047390817442,1.7211954257307365,1.721204742568435,1.5085459,1.4926051,1.5162251
0.0927734375,0.6242270009691081,0.6220726232367229,0.61945033725868,0.6228900052504284,0.6193938949633018,0.619385946706483,0.6193983115054075,0.6194503117298926,0.6194491883976434,0.6194503171143895,0.6194381500789812,0.6194353517579798,0.6194381511266047,0.63480574,0.5627131,0.6428187,0.3661800375874793,0.37299828068534074,0.38133703005023567,0.37040717494017383,0.38151694047056095,0.3815028615129031,0.38154227825800924,0.38133711141610754,0.38133709425452883,0.3813406917302012,0.3813758740405347,0.3813758707013962,0.3813847932971763,0.43526655,0.4057537,0.44456798,1.7329950708883273,1.7246378523885089,1.714454444614767,1.7278016127126625,1.7142353355584892,1.7142044797720497,1.7142524808693043,1.714454345513797,1.7144499848148413,1.7144543664160377,1.7144071346478598,1.7143962716655743,1.7144071387146933,1.4999107,1.4912869,1.5150075
0.0947265625,0.6221981343840853,0.614890845874231,0.6176086490939457,0.6209320784424581,0.6176393261163444,0.6176325379698481,0.6176448071657267,0.6176087134829611,0.6176086866888713,0.6176103522328319,0.6176157885037652,0.6176142446495805,0.6176164564468432,0.6324556,0.56125766,0.6418037,0.37259608699939534,0.395854567257728,0.3872048797106564,0.37660927173433734,0.38710775638531886,0.38709040442164405,0.3871292467976551,0.38720467584519724,0.38719948732706533,0.3872047606793738,0.38718227550743534,0.38718016074856904,0.38718716348535603,0.4370715,0.4099507,0.44559956,1.725114571903213,1.6968286091199976,1.707318005987253,1.7202030158807662,1.7074362457626204,1.7074100821165146,1.7074573713631422,1.7073182541670626,1.7073181508924278,1.707324570530287,1.7073455239316362,1.7073395733533256,1.7073480984265645,1.4914744,1.4882803,1.5135797
0.0966796875,0.6201745466197349,0.614890845874231,0.6157967802808026,0.6189736029709076,0.6158323347426361,0.6158244673266794,0.615838687241863,0.6157968549072367,0.6157968238530674,0.6157987542072724,0.6158050548085792,0.6158032654920029,0.6158058289500967,0.6306388,0.5604628,0.64051443,0.3790121364113116,0.395854567257728,0.3929628547035768,0.38282877435745105,0.39284961474578045,0.3928293835917694,0.39287467111706126,0.3929626170067955,0.3929565674606285,0.39296271591914,0.3929364993985899,0.39293403370670377,0.39294219851384127,0.43880117,0.41433793,0.4470061,1.7172648087984925,1.6968286091199976,1.7003271253960135,1.712611870953653,1.7004643331674263,1.7004339723947204,1.700488847683803,1.7003274133892439,1.7003272935471199,1.7003347430333622,1.7003590578029277,1.7003521526276018,1.7003620453002444,1.4837798,1.4835728,1.5119437
0.0986328125,0.618156227368298,0.614890845874231,0.6139849114676594,0.6170155325105148,0.6139504902470541,0.6139443402235124,0.6139581069017938,0.6139848392198228,0.6139830004569179,0.6139848692841904,0.6139769006771337,0.6139761512101307,0.613978632962125,0.62947685,0.5603652,0.6390096,0.3854281858232278,0.395854567257728,0.3987548132525152,0.38906274680805164,0.39886510447485685,0.39884069840145064,0.39888481145867494,0.39875504473345313,0.3987549484076832,0.39876093611936303,0.39878048003186084,0.39877492968933764,0.3987828813777204,0.4404933,0.41891232,0.4488665,1.709445681611262,1.6968286091199976,1.6933280300874298,1.7050318940825078,1.693195036033729,1.6931712737331874,1.693224464933436,1.6933277509449471,1.6933206465500419,1.6933278671040284,1.693297078880415,1.6932941831643689,1.6933037719054078,1.4780871,1.476499,1.5101502
0.1005859375,0.6161431663354414,0.614890845874231,0.6121730426545163,0.6150585966751311,0.6121412323908897,0.612135548865822,0.612148271298603,0.6121729758869036,0.612171276599902,0.6121730036707951,0.6121656395074461,0.6121649468898536,0.6121672403932158,0.6290474,0.5609555,0.63736546,0.39184423523514406,0.395854567257728,0.4045810571042377,0.3953089391327961,0.4046835763291358,0.4046608901743533,0.40470189451349603,0.4045812722740664,0.4045811827358111,0.4045867485271853,0.40460491527304565,0.4045997560394673,0.4046071474056535,0.44218993,0.4236517,0.4512393,1.7016570906388688,1.6968286091199976,1.6863206471213879,1.6974659164770387,1.6861976023046403,1.6861756176732314,1.686224829622629,1.686320388861254,1.6863138159387663,1.6863204963305993,1.6862920113459594,1.6862893322563193,1.68629820367098,1.4715792,1.4704794,1.5082927
0.1025390625,0.6141353532402523,0.6075776727315779,0.610326952914223,0.6131033687066105,0.6103511868757017,0.6103448626332894,0.6103600095989572,0.6103270359847097,0.6103270146281456,0.6103288908411786,0.6103325928417328,0.6103311479558754,0.6103340906068772,0.6293776,0.56217873,0.63567024,0.3982602846470603,0.4193462901773626,0.41051327578250624,0.4015655780639308,0.4104357884191054,0.410407579554546,0.4104560094007501,0.4105130101566114,0.410507079092952,0.41051307844627827,0.4104952417344213,0.41049045258550004,0.41049986182251363,0.44393325,0.42851925,0.45416105,1.6938989364384183,1.6686430499141658,1.679203886217478,1.68991615142092,1.6792968791682903,1.6792726113019516,1.6793307342295065,1.679204204986259,1.6792041230341,1.6792113226761447,1.6792255284353073,1.679219983950605,1.6792312758290824,1.4656556,1.4646759,1.5064954
0.1044921875,0.6121327778152265,0.6075776727315779,0.6084940994591264,0.6111503072899469,0.6085217913506571,0.6085145647057253,0.6085318729832293,0.6084941943828932,0.6084941699789732,0.6084963139077668,0.6085005441446549,0.608498893088864,0.608502255625048,0.6304419,0.56394,0.6340179,0.40467633405897635,0.4193462901773626,0.416393083364318,0.4078312394765534,0.41630400274144447,0.4162715736687848,0.4163272489823411,0.4163927779950817,0.41638595952002005,0.4163928565023489,0.41637235106272036,0.4163668453709487,0.4163776624028631,0.44576135,0.4334681,0.45764408,1.6861711198262548,1.6686430499141658,1.6721654418952714,1.6823843603974518,1.6722718330901585,1.6722440687812192,1.6723105658597919,1.672165806592075,1.672165712832296,1.6721739497938461,1.6721902023046062,1.6721838589767901,1.6721967777754514,1.4620827,1.4578081,1.5048978
0.1064453125,0.6101354298062602,0.6075776727315779,0.6066612460040295,0.6091997845014305,0.6066334136801322,0.6066232809211312,0.606640676973151,0.606661150598881,0.6066590203253774,0.6066611751265591,0.6066547686359216,0.6066530484761922,0.6066564280646211,0.6321622,0.5661154,0.63249844,0.4110923834708926,0.4193462901773626,0.4223084192602019,0.4141047634296576,0.4223985017378267,0.4223749924678823,0.4224312996157651,0.4223087280356835,0.42230864865268747,0.4223156226179013,0.422329383259831,0.4223240124767689,0.42233495063142645,0.44770443,0.4384452,0.4616745,1.6784735418774548,1.6686430499141658,1.665118531950786,1.6748719626858541,1.6650114701533014,1.664972492272577,1.665039409842929,1.665118164961917,1.6651099705693528,1.6651182593109664,1.6650936158215401,1.6650869989614954,1.6650999990631714,1.4597412,1.4513859,1.5036345
0.1083984375,0.6081432989726435,0.6075776727315779,0.6048283925489328,0.607252105447777,0.6048042990198207,0.6047955274229939,0.6048105866141461,0.6048283099598278,0.6048264658519888,0.6048283311926336,0.6048227853040024,0.6048212962181944,0.6048242218169514,0.63118947,0.5685667,0.6344122,0.4175084328828088,0.4193462901773626,0.42825960646190514,0.42038519466497376,0.4283380582827382,0.4283175844142813,0.42836662135185216,0.4282598753726331,0.4282598062384557,0.4282658798203247,0.42827786385903444,0.42827318648742463,0.42828271243445315,0.44978124,0.44339445,0.4662105,1.670806103925329,1.6686430499141658,1.6580630794221343,1.6673801120078646,1.657970288599555,1.6579365063923386,1.657994504002217,1.6580627613512664,1.6580556592358353,1.6580628431240025,1.6580414845090725,1.6580357496508753,1.658047016890075,1.4585557,1.4457748,1.5028194
0.1103515625,0.606156375087047,0.600228018233457,0.6029833288376883,0.6053075225102388,0.6030064360675368,0.6029988535225704,0.6030167275932353,0.6029834168616006,0.6029834087634361,0.6029853119958333,0.6029887065429146,0.6029869652263709,0.6029905403912377,0.6301459,0.5711566,0.6370259,0.42392448229472507,0.44318272718430496,0.4342442414457691,0.4266717389816249,0.4341696308217734,0.4341364024932096,0.43419411336899977,0.4342439572156913,0.43423783782875336,0.43424398336474046,0.43422687693506795,0.43422095554357304,0.4342324995800694,0.4519987,0.4482556,0.47118086,1.6631687075609016,1.6404530150802095,1.6509858309824377,1.6599097532077054,1.6510740819284675,1.6510451228818426,1.6511133868083223,1.6509861671652017,1.6509861362365235,1.6509934050967172,1.6510063695907824,1.6509997191378152,1.6510133734337713,1.4584203,1.4412773,1.5025307
0.1123046875,0.604174647935519,0.600228018233457,0.6011464551015341,0.6033662461159575,0.6011720472075454,0.6011636492604141,0.6011834454503645,0.6011465525912508,0.6011465436222362,0.6011486515220403,0.6011524111076478,0.6011504825356,0.6011544421620407,0.6293921,0.5737611,0.6398088,0.4303405317066413,0.44318272718430496,0.4401941277397762,0.43296373001658717,0.44011098743086,0.44007396057889664,0.44013826881007434,0.44019381101441907,0.44018699201650924,0.44019384015302004,0.4401747780089363,0.4401681796554555,0.44018104346590664,0.45435026,0.45296508,0.47648692,1.6555612546324245,1.6404530150802095,1.6439660916107233,1.6524616653339756,1.644063951563254,1.6440318393948306,1.6441075360111064,1.6439664643983232,1.6439664301020152,1.6439744904222615,1.6439888665348845,1.6439814919582667,1.6439966329787528,1.4592087,1.4381164,1.5028014
0.1142578125,0.6021981073174709,0.600228018233457,0.5993095813653798,0.6014284529937366,0.5992834696839492,0.5992718400320075,0.5992920381276742,0.5993094818964098,0.5993073403527597,0.5993094910475149,0.5993035044393866,0.5993014321501716,0.599305472165642,0.62891716,0.5762757,0.6425531,0.43675658111855753,0.44318272718430496,0.44618048663561183,0.43926060377790266,0.44626584304298883,0.44623783285970137,0.4463038615761171,0.446180811775356,0.4461807818626261,0.446187811984142,0.44620035081907033,0.44619391869477226,0.44620712478553604,0.45745516,0.45681888,0.48201066,1.6479836472448517,1.6404530150802095,1.636937787548025,1.6450364945663698,1.6368378168032987,1.6367932911511267,1.6368706219954798,1.6369374067261113,1.6369292077132802,1.6369374417615752,1.636914521687221,1.6369065877871027,1.6369220552507593,1.4607798,1.4364295,1.5036217
0.1162109375,0.6002267430456735,0.600228018233457,0.5974727076292256,0.5994942924953082,0.5974501199747965,0.5974400598582205,0.5974575320231691,0.5974726215845666,0.5974707690631945,0.5974726295006406,0.5974674508438788,0.5974656582303778,0.597469153006215,0.6286744,0.57861716,0.6450542,0.4431726305304736,0.44318272718430496,0.4522036545280444,0.4455618792201003,0.4522779447441746,0.452253566087958,0.4523110340176906,0.45220393751606275,0.4522039114812757,0.45221003020164746,0.4522209434587152,0.45221534521953216,0.45222683921708606,0.4616559,0.4593792,0.48762506,1.6404357877593547,1.6404530150802095,1.6299008398003259,1.637634779411444,1.6298142545076217,1.6297756906217262,1.6298426672701787,1.6299005099676969,1.6298934087437267,1.6299005403121665,1.6298806890742092,1.6298738174697642,1.6298872139455693,1.462971,1.4362614,1.5049309
0.1181640625,0.5982605449462445,0.592882682842344,0.5956325434878738,0.597563891601955,0.5956546921508871,0.5956466277412038,0.5956664470654777,0.595632635342962,0.5956326351606357,0.595634602186577,0.5956376981075154,0.5956358424804008,0.5956398640440262,0.6285846,0.5807184,0.64712816,0.4495886799423898,0.46723957498677526,0.45823074690853294,0.4518671432962362,0.4581585240332935,0.45812019551620287,0.45818482002606886,0.4582304473742343,0.4582240336295207,0.45823044796879014,0.4582139381254219,0.45820687527459575,0.4582199891365768,0.46549818,0.46200067,0.49320835,1.6329175787928045,1.6124170618933966,1.6228774727787971,1.6302569701419904,1.622961652220613,1.6229310023200412,1.623006328098682,1.6228778218909263,1.6228778211979615,1.6228852972361012,1.6228970638241609,1.6228900111922435,1.622905295829596,1.465587,1.4375664,1.5066315
0.1201171875,0.5962995028586416,0.592882682842344,0.5937993030575206,0.5956373589338095,0.5938234698873178,0.593814670655684,0.593836295899435,0.5937994032823641,0.5937994030834243,0.5938015493430475,0.5938049273615915,0.5938029026513586,0.593807290656341,0.62854505,0.5825212,0.6486279,0.4560047293543061,0.46723957498677526,0.4642273612896228,0.4581760391989588,0.46414807036470396,0.4641059910758816,0.4641769397350184,0.4642270324404235,0.46421999099597666,0.4642270330931677,0.4642089074749827,0.46420115341047025,0.4642155506792565,0.46892017,0.46465212,0.4986571,1.6254289232172787,1.6124170618933966,1.6159060106911984,1.622903444033696,1.615997972549999,1.615964489071778,1.6160467786725423,1.6159063920791386,1.6159063913221083,1.615914558527863,1.6159274129472383,1.615919708293675,1.6159364060071706,1.4684004,1.4402131,1.5085937
0.1220703125,0.5943436066356549,0.592882682842344,0.5919660626271674,0.5937147878246662,0.5919412246699802,0.5919280424717968,0.5919502682615656,0.5919659596190198,0.5919637539609413,0.5919659598234842,0.5919602821327918,0.5919578532079265,0.5919623630704448,0.62844074,0.58396834,0.64945436,0.46242077876622234,0.46723957498677526,0.47026111711047636,0.46448825692445805,0.4703431223005561,0.4703132631124895,0.4703866475427434,0.4702614571887566,0.4702614565137233,0.4702687391305136,0.4702802014206554,0.47027333115917835,0.4702882206306698,0.47187498,0.467304,0.5038966,1.617969724159557,1.6124170618933966,1.6089259546396495,1.6155745174952396,1.6088313204129885,1.6087810947367274,1.6088657772673927,1.608925562175219,1.608917158538823,1.6089255629542354,1.6089039307236028,1.6088946763964493,1.6089118591896852,1.471156,1.4439946,1.5106654
0.1240234375,0.5923928461433934,0.592882682842344,0.5901328221968143,0.5917962586702747,0.590111344661191,0.5900999459326667,0.5901191647109227,0.5901327331250302,0.5901308258788103,0.5901327333018318,0.5901278237674774,0.5901257234610824,0.5901296231671718,0.6281574,0.58499926,0.6495658,0.46883682817813854,0.46723957498677526,0.47633236050938577,0.4708035256568415,0.4764037116588437,0.4763777318415876,0.4764415818181089,0.47633265640664085,0.47633265581930423,0.4763389923168983,0.4763489654740233,0.4763429877701784,0.4763559428524338,0.4743387,0.46993148,0.50888467,1.6105398850006116,1.6124170618933966,1.6019372245330161,1.608270455852492,1.601855291125651,1.6018118062878917,1.6018851235198075,1.6019368847407047,1.6019296089456823,1.60193688541517,1.6019181564215785,1.6019101441099568,1.6019250208161828,1.4735919,1.4486437,1.5126888
0.1259765625,0.5904472112612831,0.5855620947906317,0.5883004416400136,0.5898818408778805,0.5883215276155751,0.5883134755872713,0.5883343700805168,0.5883005528369467,0.5883005376102196,0.5883025375829218,0.5883053489422615,0.5883034946165253,0.5883077675646335,0.6275958,0.58555347,0.6489776,0.47525287759005463,0.491453594898909,0.48239318532698,0.47712160766999967,0.48232374203392775,0.48228144986567406,0.4823502595157247,0.48239281910458276,0.4823862824509236,0.4823928692531562,0.482377023466283,0.4823690579998988,0.4823831305282076,0.47631657,0.4725151,0.5136118,1.6031393093751247,1.5846134023794145,1.5949784012661232,1.6009914813673007,1.595058146869559,1.5950276948266846,1.59510671556816,1.5949788218076946,1.594978764220931,1.5949863280183174,1.594996960422389,1.5949899474682419,1.5950061075010307,1.4754659,1.4538504,1.5145094
0.1279296875,0.5885066918820508,0.5855620947906317,0.586474877073759,0.5879715945769863,0.5864976919101956,0.5864889796877899,0.5865115873420781,0.5864749973878433,0.5864749809126611,0.5864771448651871,0.5864801867307775,0.5864781803669624,0.5864828036584913,0.6266821,0.5855814,0.64775825,0.48166892700197084,0.491453594898909,0.4884240573682758,0.4834422934682408,0.4883484525146952,0.48830240807601466,0.48837732278350127,0.48842365865050524,0.48841654199352147,0.4884237132488239,0.48840646145762523,0.48839778922065763,0.48841311039925256,0.47784454,0.4750391,0.5180955,1.5957679011709647,1.5846134023794145,1.5880705450758639,1.593737779900977,1.5881569348745208,1.5881239456602068,1.5882095501354538,1.5880710006561523,1.58807093827137,1.5880791322693248,1.5880906505424786,1.5880830532842698,1.5881005597344893,1.4765896,1.459284,1.5159898
0.1298828125,0.5865712779117224,0.5855620947906317,0.5846493125075044,0.5860655720613868,0.5846257668958034,0.5846114263834604,0.584634758176823,0.5846491883396754,0.5846469720771212,0.5846492053425691,0.5846438327784356,0.5846411320286857,0.5846459034074953,0.6253772,0.5850623,0.6460191,0.4880849764138871,0.491453594898909,0.4944925921453919,0.4897653978262276,0.49457111291256,0.49454112771327124,0.49461893927689593,0.4944930062082216,0.4944929495086107,0.49450039681515745,0.4945108655816531,0.49450396054523577,0.4945198719884187,0.47899026,0.47749066,0.5223727,1.58842556452871,1.5846134023794145,1.5811541032319831,1.5865095064193564,1.5810648336506752,1.5810104630875106,1.5810989228860277,1.5811536324724549,1.5811452299131024,1.581153696935807,1.58113332780704,1.581123088362638,1.5811411782405882,1.4768575,1.4646131,1.5170168
0.1318359375,0.5846409592696098,0.5855620947906317,0.5828237479412498,0.5841638189288789,0.5828033927409527,0.5827909953564715,0.5828111657106426,0.5828236405980615,0.5828217246372968,0.5828236552970769,0.5828190107110522,0.5828166759107163,0.5828208007715437,0.6236799,0.5840189,0.64390075,0.49450102582580335,0.491453594898909,0.5005991435685259,0.49609075639171685,0.5006674507775237,0.5006413659775709,0.5007090557881313,0.5005995037742108,0.5005994544495185,0.5006059330816169,0.5006150401599225,0.5006090332734265,0.5006228750794329,0.4798565,0.4798451,0.5264915,1.5811122038411385,1.5846134023794145,1.574228995056583,1.5793067894112485,1.5741517234945916,1.5741046605279299,1.5741812310461571,1.574228587567704,1.5742213143232304,1.5742286433671038,1.574211011878096,1.5742021486326778,1.5742178072012665,1.4762652,1.469533,1.517512
0.1337890625,0.5827157258883024,0.5782781663123071,0.5810013330725731,0.582266374948912,0.5810214182325436,0.5810135317758953,0.5810349495554215,0.5810014714332576,0.5810014330473581,0.581003437060395,0.5810060074567572,0.5810041904076519,0.5810085916384158,0.6216292,0.5825234,0.6415573,0.5009170752377196,0.5157877132276841,0.5066871189908503,0.5024182226634156,0.5066203078952697,0.5065753000286176,0.5066465407829877,0.506686658733312,0.5066801200880734,0.5066867864241851,0.5066715697488963,0.5066629736296469,0.5066776140952994,0.48212066,0.48051912,0.5305036,1.573827723752728,1.5570865922783248,1.5673426541579532,1.5721297343564247,1.5674182365904419,1.5673885592020806,1.5674691557044949,1.5673431748263666,1.5673430303754712,1.5673505717197134,1.5673602444180197,1.5673534066541879,1.5673699689748601,1.4749103,1.4737844,1.5174341
0.1357421875,0.5807955677136613,0.5782781663123071,0.5791858885657291,0.580373274734529,0.5792075045205982,0.5791990169959164,0.5792220671362346,0.5791860374716037,0.5791859961601143,0.579188152909447,0.5791909192091352,0.5791889636732314,0.5791937003447689,0.61929893,0.58069044,0.6391413,0.5073331246496356,0.5157877132276841,0.5127446732827442,0.5087476653658916,0.5126723196189771,0.5126235781782436,0.5127007287080582,0.5127441748414319,0.5127370937407365,0.5127443131257623,0.51272783405882,0.5127185248054545,0.5127343798481918,0.48426563,0.4811306,0.5344584,1.5665720291591676,1.5570865922783248,1.560507414842212,1.5649784265347386,1.5605888579978757,1.5605568794120577,1.5606437253678034,1.560507975884002,1.5605078202321772,1.5605159463425944,1.5605263690738078,1.560519001101531,1.5605368476831614,1.4771683,1.472978,1.5167781
0.1376953125,0.5788804747048056,0.5782781663123071,0.5773704440588852,0.578484548356582,0.577348076573747,0.5773330076540165,0.5773568591874844,0.5773702899759423,0.5773681009898527,0.5773703327237243,0.5773652385131527,0.5773623606846999,0.5773672620379301,0.6167939,0.5786598,0.6367907,0.5137491740615518,0.5157877132276841,0.5188403215012577,0.5150789663372614,0.5189156679845356,0.5188860824220396,0.5189664320165381,0.5188408405207695,0.5188406965273021,0.5188482140241636,0.5188578562354265,0.5188510400116471,0.5188675502552255,0.48627245,0.48179674,0.53839946,1.5593450252068477,1.5570865922783248,1.553663621015759,1.5578529335087965,1.553579239128355,1.5535223905191238,1.5536123719108599,1.553663039738555,1.5536547817917252,1.553663201004375,1.5536439830836044,1.5536331264392726,1.5536516168434926,1.4795613,1.4707186,1.5155712
0.1396484375,0.5769704368341089,0.5782781663123071,0.5755549995520411,0.5766002220001869,0.5755356659223396,0.575522640903556,0.5755432572899324,0.5755548663684248,0.5755529742895337,0.5755549033180318,0.5755505000701833,0.5755480125813437,0.5755522491304149,0.6142392,0.57657504,0.6346188,0.5201652234734682,0.5157877132276841,0.5249744241197244,0.5214120189490996,0.5250399626681059,0.5250142283714158,0.5250841183094775,0.5249748755802021,0.5249747503298859,0.5249812892958587,0.5249896763984507,0.5249837474309632,0.5249981085546157,0.48812622,0.4826261,0.54236186,1.552146617292379,1.5570865922783248,1.5468111917293912,1.5507533074549742,1.546738161703765,1.5466889609975774,1.5467668371288155,1.5468106886506796,1.546803541635815,1.5468108282216106,1.5467941956674232,1.5467847995593302,1.5468008024647508,1.4809097,1.4684118,1.5138664
0.1416015625,0.5750654440871877,0.5710385387358801,0.5737441320874755,0.5747203185630905,0.5737633590330655,0.5737556542262124,0.5737771431502804,0.5737443062887543,0.5737442358478022,0.5737462195861084,0.5737486067409265,0.5737468309490125,0.573751259929314,0.6117705,0.5745636,0.63270724,0.5265812728853844,0.540218000259831,0.5310847611534014,0.5277467269041382,0.5310201590186239,0.5309738473378709,0.531046046488513,0.531084175821314,0.5310777469921577,0.5310844125092554,0.5310697260248819,0.5310608112489662,0.5310756927738945,0.48982012,0.4837109,0.5463711,1.5449767110620904,1.5298642631834463,1.5400029065412588,1.5436795872913296,1.540074896369575,1.540046048027089,1.5401265064858964,1.5400035587926921,1.5400032950448561,1.5400107226324145,1.5400196606937286,1.5400130117183328,1.540029594829105,1.4812299,1.46633,1.5117306
0.1435546875,0.5731654864628917,0.5710385387358801,0.5719404031864119,0.5728448580149551,0.5719610199713443,0.5719527582146815,0.5719758004875097,0.5719405899800075,0.5719405144471594,0.5719426415820094,0.5719452012947446,0.5719432971379036,0.5719480462715566,0.6095232,0.5727218,0.6311009,0.5329973222973006,0.540218000259831,0.537163986056561,0.5340830031834439,0.5370942775210991,0.5370443054048966,0.537122211193521,0.5371633544559917,0.5371564174519838,0.5371636098532948,0.5371477624622134,0.537138143018521,0.5371542008562034,0.49135894,0.48512375,0.55044365,1.5378352124115269,1.5298642631834463,1.533245934702973,1.5366318004526556,1.5333232239114096,1.5332922519687506,1.5333786331468078,1.533246634968901,1.533246351805671,1.5332543261633103,1.5332639221846587,1.53325678375648,1.5332745876028429,1.4805877,1.4647069,1.5092378
0.1455078125,0.5712705539732983,0.5710385387358801,0.5701366742853482,0.5709738575644142,0.5701153019487591,0.5700999797650392,0.5701238664773602,0.5701364806462522,0.5701343538583619,0.5701365589471831,0.5701317003387987,0.5701287511009707,0.5701336742780457,0.6076206,0.5711055,0.629806,0.5394133717092167,0.540218000259831,0.5432816763809027,0.5404207690043872,0.5433544028257948,0.5433252585295015,0.5434065449801667,0.543282335277503,0.5432820688425286,0.5432895721374285,0.5432986013925252,0.5432918845691413,0.5433086370006102,0.49276263,0.48691505,0.5545893,1.5307220274849707,1.5298642631834463,1.5264804544927117,1.5296099642519057,1.5264002303747088,1.5263427156272706,1.526432378700918,1.5264797276461222,1.5264717444969604,1.5264800215576722,1.5264617841815995,1.5264507138291743,1.5264691936095818,1.4790866,1.4637034,1.506456
0.1474609375,0.5693806366437008,0.5710385387358801,0.5683329453842846,0.5691073318955054,0.5683144739903513,0.5683012315406908,0.5683218760252662,0.5683327780285063,0.5683309399170405,0.5683328457013755,0.5683286465690505,0.568326097641679,0.5683303525785586,0.60616446,0.56972677,0.62878937,0.5458294211211329,0.540218000259831,0.5494381983617072,0.5467599528093456,0.549501453481054,0.5494761047865688,0.5495468046592947,0.5494387714515792,0.5494385397138813,0.5494450658669423,0.5494529192479958,0.549447077153097,0.5494616479139319,0.49406558,0.48911408,0.5588139,1.5236370626749343,1.5298642631834463,1.519706384900938,1.522614086928187,1.5196369603710518,1.5195871882105814,1.519664780946663,1.5197057559001788,1.5196988474184894,1.5197060102462676,1.5196902279326168,1.5196806478421583,1.5196966399241592,1.4768463,1.463391,1.5034436
0.1494140625,0.5674957245126018,0.5638483351037976,0.5665347328008471,0.567245293593436,0.566553292899634,0.5665457153612901,0.5665668606010948,0.5665349529727661,0.5665348401290412,0.5665367825515836,0.5665390522602068,0.5665373052755094,0.5665416699261416,0.60522527,0.56855786,0.6279803,0.5522454705330492,0.5647280030181212,0.5555673697167265,0.5531004893918452,0.5555043748069761,0.5554583272254209,0.5555300932633359,0.5555666224060941,0.55556041244634,0.555567005421784,0.5555527086529402,0.5555438239073918,0.5555586382232057,0.4953153,0.49173152,0.5631233,1.516580224621679,1.5029640601062844,1.5129798577416103,1.515644168558652,1.513048999713027,1.5130207712036081,1.5130995429281993,1.5129806779537511,1.5129802575741218,1.512987493726114,1.512995949112096,1.5129894410400622,1.5130057007329512,1.4739866,1.4637386,1.5002397
0.1513671875,0.5656158076317018,0.5638483351037976,0.5647438010028141,0.5653877535801071,0.564763650990874,0.5647555468289632,0.5647781616201056,0.5647440364762356,0.5647439157901003,0.5647459932070751,0.5647484206558504,0.5647465522592551,0.5647512202442657,0.604836,0.5675371,0.62727344,0.5586615199449654,0.5647280030181212,0.5616647750963175,0.5594423192258218,0.5615969753233525,0.5615474157211042,0.5616246553858417,0.561663970783541,0.5616572871523475,0.5616643830142726,0.5616489957480936,0.5616394333199638,0.5616553775989903,0.49656945,0.49476314,0.5675249,1.509551420212709,1.5029640601062844,1.5063047689459084,1.5087002019508844,1.5063788080601666,1.5063485802092476,1.5064329310697782,1.5063056472519463,1.506305197097715,1.50631294577069,1.506322000032312,1.5063150310085291,1.5063324423367566,1.4706178,1.4646176,1.4968673
0.1533203125,0.5637408760658943,0.5638483351037976,0.5629528692047812,0.5635347213349422,0.5629322651053283,0.5629172032097288,0.5629406771485743,0.5629526247856016,0.5629505937175376,0.5629527500566661,0.562948074048718,0.5629451681024796,0.562950013426674,0.60498804,0.5665817,0.6265372,0.5650775693568816,0.5647280030181212,0.5678009760404297,0.5657853879553105,0.5678718050915106,0.5678428870625419,0.567923585435908,0.5678018162301448,0.567801385611392,0.567808798044743,0.5678174594988163,0.5678107928090194,0.5678274488919745,0.49819267,0.49789283,0.5720283,1.5025505565822945,1.5029640601062844,1.4996212282160204,1.5017821735048318,1.4995442775258572,1.499488024740274,1.4995756943488285,1.499620315383689,1.4996127299474622,1.4996207832335642,1.4996033197172163,1.4995924668321756,1.4996105627313498,1.4668342,1.4658161,1.4933294
0.1552734375,0.5618709198932546,0.5638483351037976,0.5611619374067481,0.5616862049039393,0.5611441314193542,0.5611311149842612,0.5611514010763629,0.5611617261805871,0.5611599709389942,0.5611618344393828,0.5611577934504152,0.5611552821423035,0.5611594694537521,0.6056293,0.5656004,0.62562263,0.5714936187687977,0.5647280030181212,0.5739763439937681,0.5721296459318067,0.5740379461379529,0.5740127953357071,0.5740829806725725,0.5739770747354092,0.5739767002116087,0.5739831470543414,0.5739906802041039,0.5739848819668393,0.5739993682947601,0.50199544,0.49935377,0.5766444,1.4955775411109764,1.5029640601062844,1.4929291546296495,1.4948900639526337,1.4928625676871012,1.492813891127187,1.4928897532654657,1.4929283647371798,1.492921800904891,1.492928769577235,1.4929136580429105,1.4929042668249808,1.4929199255689223,1.4670621,1.4627126,1.4896135
0.1572265625,0.5600059292050287,0.5567110843516163,0.5593771618361975,0.5598422108777275,0.5593952823642284,0.5593877325387059,0.5594081421506011,0.5593774395174027,0.5593772725654854,0.5593791556414005,0.5593813789950233,0.5593796378402683,0.5593838511931103,0.6066668,0.5645076,0.6243787,0.5779096681807139,0.5893060434118884,0.5801217721248441,0.5784750477128311,0.580059641242013,0.5800155506045599,0.5800855272680726,0.5801208199931669,0.5801149356547048,0.5801213924488268,0.5801073121536549,0.5800988354784571,0.5801132822717342,0.50614023,0.50102127,0.5813829,1.4886322814250637,1.476397313868929,1.486286806146047,1.488023848909697,1.486353967581062,1.4863259852169015,1.4864016302214902,1.4862878353426727,1.486287216552708,1.4862941959740192,1.4863024365865822,1.4862959831915195,1.486311599498167,1.4680551,1.4583137,1.4856968
0.1591796875,0.5581458941056306,0.5567110843516163,0.5575997768464767,0.55800274447195,0.5576191197825079,0.5576110606469308,0.5576328470880674,0.5576000732600128,0.5575998950455451,0.5576019051534684,0.5576042784941804,0.5576024198813968,0.5576069174663655,0.607972,0.5632343,0.6226682,0.5843257175926302,0.5893060434118884,0.5862348611652863,0.5848215515287739,0.5861681166780168,0.5861207522224128,0.5861959248652576,0.586233838329599,0.5862275170297204,0.5862344532950331,0.5862193274239523,0.5862102212945839,0.5862257408697107,0.51059103,0.50296086,0.58624834,1.4817146853961656,1.476397313868929,1.4796959050160596,1.4811834992671284,1.4797676866523863,1.4797377793207125,1.4798186280810564,1.4796970050141998,1.4796963436558241,1.4797038032120347,1.4797126107195686,1.4797057133773552,1.4797224039724293,1.4684968,1.4536891,1.4815524
0.1611328125,0.5562908047126282,0.5567110843516163,0.555822391856756,0.556167809697546,0.5558022949872424,0.5557880326297515,0.5558106682453571,0.5558220838898502,0.5558201805943174,0.5558222690506188,0.5558177147474302,0.5558149729154991,0.5558196458037357,0.6093904,0.561735,0.62038517,0.5907417670045464,0.5893060434118884,0.5923870465532687,0.5911691188037838,0.5924568416683323,0.5924277612764792,0.5925063769663798,0.5923881160641364,0.5923874730356345,0.5923947258761559,0.5924032893978121,0.5923965831183233,0.5924128114639368,0.51530755,0.5052317,0.59123755,1.474824661140685,1.476397313868929,1.4730966156099485,1.4743689815352805,1.4730219397814293,1.4729689431410116,1.4730530532158757,1.473095471276518,1.473088399067123,1.4730961592909215,1.4730792365315564,1.473069048478144,1.4730864119063074,1.4681182,1.448878,1.4771588
0.1630859375,0.5544406511567377,0.5567110843516163,0.5540450068670352,0.5543374095413977,0.5540276402724865,0.5540153155380454,0.5540348759754715,0.5540447407391995,0.554043096017279,0.5540449007448159,0.5540409651698314,0.5540385958314904,0.5540426338810645,0.61075336,0.5599902,0.6174691,0.5971578164164626,0.5893060434118884,0.5985787045538622,0.5975177138166442,0.5986394058979868,0.5986141145302971,0.5986824867702246,0.598579634720032,0.5985790754706038,0.5985853833481748,0.5985928311318561,0.5985869986117144,0.5986011125612863,0.5202475,0.50788164,0.5963378,1.4679621170193429,1.476397313868929,1.466488857198553,1.4675802582432595,1.4664242421238354,1.4663783855664068,1.4664511637641764,1.4664878670353436,1.4664817476293681,1.4664884623570635,1.4664738195180245,1.4664650040540383,1.4664800281889903,1.4667037,1.4439169,1.4725047
0.1650390625,0.5525954235818118,0.5496292551860315,0.5522742249259385,0.5525115461093879,0.5522921667747254,0.5522845076199373,0.5523038206344545,0.5522745726476839,0.5522743389631914,0.5522761476449364,0.552278400501056,0.5522766334690018,0.5522806153148407,0.6118924,0.5580042,0.6139155,0.6035738658283787,0.6139436719257491,0.6047385007260377,0.6038673035141987,0.6046763513433437,0.6046359853038374,0.604702881657197,0.604737296202438,0.6047318403608609,0.6047381056957515,0.6047240364482676,0.6047163643767068,0.6047301574568176,0.5253693,0.51094353,0.60152566,1.4611269616366767,1.4501711672828992,1.4599322223771025,1.4608172884169657,1.4599983818515645,1.4599701392892264,1.4600413542923107,1.4599335045879653,1.4599326428852208,1.4599393123271056,1.4599476196321752,1.459941103782516,1.4599557866447403,1.4641024,1.4388361,1.4675988
0.1669921875,0.5507551121448346,0.5496292551860315,0.5505109117660004,0.5506902207313148,0.5505300366754123,0.5505218724865802,0.5505424589744888,0.5505112824160354,0.5505110333227118,0.5505129612664224,0.55051536267275,0.5505134791250529,0.5505177235282839,0.6097798,0.5557998,0.6126526,0.6099899152402949,0.6139436719257491,0.6108654533225231,0.6102178574066582,0.6107987821215434,0.6107554793208646,0.6108272426713723,0.6108641611582416,0.6108583083531075,0.61086502954997,0.6108499366368301,0.6108417063588043,0.6108565030025054,0.5306339,0.5144329,0.6067693,1.4543191038405683,1.4501711672828992,1.4534269288524104,1.4540800280680892,1.453497539205361,1.4534673966330436,1.4535434025804543,1.4534282973246535,1.4534273776504267,1.453434495782043,1.453443361963866,1.4534364077583122,1.453452078413911,1.4602402,1.4336611,1.4624692
0.1689453125,0.5489197070159113,0.5496292551860315,0.5487475986060625,0.548873434039951,0.5487277141256679,0.5487147984586117,0.5487362025660193,0.5487472132351728,0.5487454677070301,0.5487474722215662,0.5487429709256854,0.5487405163056626,0.5487449292809616,0.605173,0.5534119,0.61290413,0.6164059646522112,0.6139436719257491,0.6170317818950348,0.6165693474462367,0.6171015521443364,0.6170717674636569,0.617146873075973,0.6170331340283114,0.6170322253343477,0.6170392585071334,0.6170480189517876,0.6170411476733392,0.6170566315429276,0.5360091,0.51834667,0.6120307,1.4475384527217516,1.4501711672828992,1.4469133158300271,1.4473684305977732,1.4468398057957763,1.4467920578792517,1.4468711864568535,1.4469118911800063,1.4469054382570987,1.4469128486082854,1.4468962080635994,1.4468871337172113,1.4469034477851455,1.4551182,1.42841,1.4571681
0.1708984375,0.5470891983782568,0.5496292551860315,0.5469842854461244,0.5470611860290909,0.5469671031683203,0.5469559426765708,0.546974438071589,0.5469839524452337,0.5469824441257368,0.5469841762366564,0.5469802866446345,0.5469781655953387,0.5469819788691095,0.6002505,0.550883,0.61255115,0.6228220140641274,0.6139436719257491,0.6232378672525577,0.6229217478323782,0.6232985461776644,0.6232726426237816,0.6233379613089403,0.6232390432033781,0.6232382529119195,0.6232443696621655,0.6232519886124054,0.6232460126689673,0.6232594789655906,0.5414715,0.5226632,0.6172701,1.4407849176133192,1.4501711672828992,1.4403913028512618,1.4406824470643584,1.4403276989415321,1.4402863855409889,1.440354850767611,1.4403900701842483,1.4403844868449744,1.440390898591389,1.4403765004964117,1.4403686489950998,1.4403827646054257,1.4488115,1.4230947,1.4517682
0.1728515625,0.5452635764281918,0.542604579072112,0.545227889614352,0.5452534760938814,0.545245944725615,0.5452380073536934,0.5452559049647513,0.5452283200723952,0.5452280069723081,0.5452297292465912,0.5452320915488477,0.5452302595196424,0.5452339387678699,0.5951951,0.5482592,0.6115349,0.6292380634760436,0.6386346651627388,0.6294106225134136,0.6292750347576014,0.629347436151127,0.6293125807058645,0.629375213567937,0.6294091160171817,0.6294041842741535,0.6294102117894812,0.6293959168880984,0.6293894521967844,0.629402328463049,0.5470083,0.5273465,0.6224526,1.4340584080902523,1.4242898634031318,1.4339212752580903,1.434022026339344,1.43398751057035,1.4339583923686632,1.434024049410313,1.4339228544068108,1.4339217057894518,1.4339280240027177,1.43393669016432,1.4339299693232233,1.4339434667205302,1.4414603,1.4177182,1.4463569
0.1748046875,0.5434428313751302,0.542604579072112,0.5434790159195253,0.5434503030626692,0.5434982407293638,0.543489789135597,0.5435088462415951,0.5434794742647497,0.5434791408805049,0.5434809747321548,0.5434834900759266,0.5434815393588927,0.5434854569668481,0.59019864,0.54558873,0.60983425,0.6356541128879597,0.6386346651627388,0.635550090192906,0.635629186152877,0.6354823779834287,0.6354450260794097,0.6355121449745479,0.6355484757873656,0.635543190788129,0.6355496500490782,0.6355343312210094,0.6355274034767311,0.6355412020474677,0.5526185,0.53234994,0.62755305,1.4273588339689236,1.4242898634031318,1.427502392464347,1.4273871152209672,1.427573007612444,1.4275419639667501,1.4276119625681587,1.4275040760356885,1.4275028514649837,1.4275095874754737,1.4275188266933678,1.4275116614318266,1.4275260513535113,1.4332608,1.412274,1.4410307
0.1767578125,0.5416269534415724,0.542604579072112,0.5417301422246987,0.5416516652311574,0.5417101430696537,0.5416991103840132,0.5417189350803702,0.5417296654180471,0.5417281045141668,0.5417300122304868,0.5417254878562906,0.5417234417420856,0.541727517145149,0.585442,0.542923,0.60746264,0.6420701622998759,0.6386346651627388,0.6417291981016857,0.6419841814861731,0.6418000982641899,0.6417689285531112,0.6418392131174583,0.6417308883956382,0.6417296589347906,0.6417364218677585,0.6417456981052296,0.6417385041247212,0.6417529517874169,0.5583118,0.5376231,0.6325617,1.4206861053066224,1.4242898634031318,1.4210752626084304,1.4207776585664118,1.4210017073791605,1.420961129612563,1.4210340437976667,1.4210735089658884,1.4210677681283723,1.4210747845040452,1.4210581443257,1.421050618911879,1.4210656078462325,1.4244494,1.4067495,1.4358882
0.1787109375,0.5398159328630964,0.542604579072112,0.539981268529872,0.5398575604037511,0.5399639877638155,0.5399544546980884,0.5399715847187876,0.539980856533256,0.5399795077955353,0.5399811562051483,0.5399772468073832,0.5399754788116444,0.539979000264764,0.5810798,0.5403172,0.6044637,0.6484862117117922,0.6386346651627388,0.6479483313961927,0.6483400016295308,0.648009992756804,0.6479828847582644,0.6480440104035045,0.6479498014397203,0.6479487321813815,0.6479546138812423,0.647962681384534,0.6479564248119489,0.6479689898730832,0.56410587,0.54311776,0.63748705,1.414040132401069,1.4242898634031318,1.4146398055593934,1.4141935994615027,1.4145761643315768,1.4145410558138363,1.4146041423325837,1.4146382882768098,1.4146333212030064,1.4146393918950053,1.4146249945209668,1.4146184834030315,1.4146314520890142,1.4152886,1.4011264,1.431018
0.1806640625,0.5380097598883465,0.5356382656274186,0.538239533431646,0.5380679859403463,0.5382579979931943,0.5382496105677314,0.5382658248248958,0.5382400582203941,0.5382396542662382,0.5382412811445437,0.5382438306567912,0.5382418938263266,0.5382452103434711,0.577228,0.5378298,0.6009059,0.6549022611237084,0.6633743765199622,0.6541329832606722,0.6546966287738438,0.6540676949204591,0.6540400215912043,0.6540973512344469,0.6541311276125852,0.6541268033783134,0.6541325559903676,0.6541177884193966,0.6541129099458949,0.6541246369557037,0.57002366,0.5487945,0.6423567,1.4074208257899243,1.3987556030713255,1.4082568204597892,1.4076348794083458,1.4083242084223835,1.4082935979250022,1.4083527728227299,1.408258735732914,1.408257261458729,1.4082631989235903,1.4082725036245118,1.408265434968868,1.4082775389222764,1.4060504,1.3953848,1.426495
0.1826171875,0.5362084247790294,0.5356382656274186,0.5365053548954943,0.5362829388038608,0.5365249992912844,0.5365160759326103,0.5365333262358114,0.5365059132167871,0.5365054834510817,0.5365072142823961,0.536509926701401,0.5365078661128446,0.5365113945462311,0.57395786,0.535521,0.5968785,0.6613183105356246,0.6633743765199622,0.6602839549297264,0.6610540463589047,0.660214046555562,0.6601844150610758,0.6602458014152229,0.6602819679649561,0.6602773377231884,0.6602834974232134,0.6602676848188853,0.6602624611217897,0.6602750179926836,0.57608986,0.5546276,0.64721346,1.4008280962503246,1.3987556030713255,1.401924715230468,1.4011014384996836,1.4019964997234142,1.401963892142566,1.4020269277029533,1.4019267554609645,1.4019251850013243,1.4019315098415193,1.4019414216037214,1.4019338917719442,1.4019467854159722,1.3970037,1.3895054,1.4223684
0.1845703125,0.5344119178098997,0.5356382656274186,0.5347711763593428,0.5345024156022249,0.5347507322035021,0.5347420662535077,0.5347600188487777,0.5347705953077472,0.5347692412733267,0.5347710425700173,0.534766418426677,0.5347648908231418,0.5347685629056429,0.5712943,0.5334479,0.59248817,0.6677343599475409,0.6633743765199622,0.6664748198597358,0.667412238997566,0.6665480523891214,0.6665147862216175,0.6665790961744604,0.6664769011536698,0.6664752990851278,0.6664817512458898,0.6664918626384091,0.6664841811385719,0.6664973345348789,0.5823262,0.56060636,0.6521113,1.3942618547983816,1.3987556030713255,1.395584437987035,1.394593215560936,1.3955096331014663,1.3954779241631952,1.3955436129512404,1.3955823119430615,1.3955773575830182,1.3955839484574584,1.3955670288791484,1.3955614394184912,1.3955748754597734,1.3883972,1.3834742,1.4186586
0.1865234375,0.5326202292687569,0.5356382656274186,0.5330369978231911,0.5327264126176101,0.5330193330216935,0.5330118451954593,0.5330273571605549,0.5330364957647459,0.5330353258094077,0.533036882222337,0.5330328867248051,0.5330315667968303,0.5330347396648601,0.5692188,0.5316588,0.58785427,0.6741504093594569,0.6633743765199622,0.6727059674160009,0.6737711923910928,0.6727696573898315,0.6727407260464782,0.6727966558229399,0.6727077775161414,0.6727063841980959,0.672711995636531,0.6727207894954237,0.6727141089107154,0.6727255483882489,0.58874744,0.56673616,0.65710807,1.3877220126887218,1.3987556030713255,1.3892359089691837,1.3881101482599225,1.3891711878516781,1.3891437533462683,1.3892005871703141,1.3892340695161505,1.3892297830047358,1.389235485428234,1.3892208466138145,1.3892160106154534,1.3892276354723636,1.380449,1.3772798,1.4153514
0.1884765625,0.5308333494564312,0.5287311507828989,0.5313101133907222,0.5309549258197244,0.53132928458961,0.5313202730526894,0.5313345987566945,0.5313107413771024,0.5313102380417247,0.5313117634796528,0.5313145750703406,0.531312493115662,0.531315400340041,0.56767523,0.5301878,0.5831054,0.6805664587713732,0.6881593036535041,0.6789017104606988,0.6801308932444275,0.6788332186349617,0.6788142338946254,0.678865413012469,0.6788994668120293,0.6788958150896718,0.6789012651113573,0.6788857700364733,0.6788828215911913,0.6788932082873094,0.5953587,0.5730337,0.6622598,1.3812084814139858,1.373569133500372,1.3829400742081714,1.3816521731958757,1.383009678531202,1.3829769607262348,1.3830289723490394,1.3829423542361408,1.3829405267782184,1.3829460651780323,1.382956273189663,1.3829487142615895,1.3829592694832877,1.373335,1.3709179,1.4123968
0.1904296875,0.5290512686867801,0.5287311507828989,0.5295908049855067,0.5291879508708055,0.5296111879105089,0.5296016067944668,0.5296168379624313,0.5295914726641098,0.5295909375151441,0.5295925593692109,0.5295955486680264,0.5295933351222631,0.5295964260993496,0.5665766,0.5290488,0.57837313,0.6869825081832894,0.6881593036535041,0.6850634210445847,0.6864913291915828,0.6849901281643703,0.6849698127178153,0.6850245792192414,0.685061020117847,0.685057112413334,0.6850629444765624,0.6850463632169286,0.6850432080914812,0.685054322877296,0.60215235,0.579521,0.6676154,1.3747211727043698,1.373569133500372,1.3766948008906759,1.3752192259804406,1.3767688985166024,1.3767340686252418,1.3767894378321304,1.3766972281069279,1.3766952826766028,1.3767011786102503,1.3767120456032864,1.376703998706389,1.3767152353232766,1.3671758,1.3643875,1.4097055
0.1923828125,0.527273977286674,0.5287311507828989,0.5278714965802911,0.5274254831385712,0.5278502769324862,0.527844394944898,0.5278602513550957,0.5278708014933592,0.5278696701788146,0.5278713586102879,0.5278665581687355,0.5278656447186959,0.5278688625809576,0.56581306,0.52823424,0.5737838,0.6933985575952056,0.6881593036535041,0.691265269733544,0.6928524887365834,0.6913420751312767,0.6913059715247021,0.6913633663230965,0.6912677855317793,0.6912657691017645,0.6912718802267763,0.6912831439682322,0.6912748032680005,0.6912864501733151,0.60910773,0.5862181,0.673213,1.3682599985271282,1.373569133500372,1.3704414324606693,1.3688112413178313,1.3703641915173879,1.3703427804669976,1.3704004992407801,1.3704389023172816,1.3704347842856088,1.3704409302446132,1.370423456422112,1.37042013141579,1.3704318445938846,1.3620291,1.3576883,1.4071552
0.1943359375,0.5255014655959928,0.5287311507828989,0.5261521881750756,0.5256675177278931,0.5261338536989905,0.5261287714675718,0.5261424719293437,0.5261515875970242,0.5261506101039172,0.5261520689644389,0.5261479212244929,0.5261471319735092,0.5261499123127129,0.5652593,0.52771497,0.5694495,0.699814607007122,0.6881593036535041,0.6975076500056396,0.699214361208325,0.6975744477953216,0.6975430485141574,0.6975929646557628,0.6975098380111233,0.6975080843093701,0.6975133991913698,0.6975231953228699,0.6975159413762173,0.697526070742818,0.61619186,0.59313667,0.6790776,1.3618248710861107,1.373569133500372,1.364179889560913,1.3624281530838638,1.364113061774489,1.3640945372569628,1.3641444746929237,1.3641777005139601,1.3641741376471586,1.364179455050141,1.3641643369307903,1.3641614601802463,1.3641715942648118,1.3578793,1.3508205,1.4045917
0.1962890625,0.5237337239676143,0.5218837983856943,0.5244402817851903,0.5239140495230294,0.5244604633705879,0.5244506433030606,0.52446294602822,0.5244410173175209,0.524440410820398,0.5244418316915417,0.5244449786102957,0.524442708791381,0.524445175512504,0.5647807,0.5274437,0.5654576,0.7062306564190379,0.7129867845305456,0.7037138697932495,0.7055769367207769,0.7036410152375421,0.7036320533498154,0.703676464510125,0.7037112144583452,0.7037082745068542,0.7037134039645252,0.7036969139791793,0.703696203157293,0.7037051081206513,0.6233616,0.60027266,0.6852195,1.35541570282128,1.3487301515770262,1.3579710731400578,1.356069894396558,1.3580439644576832,1.3580084967359844,1.3580529311781007,1.3579737297358727,1.3579715391895533,1.3579766710903949,1.3579880371084572,1.3579798389958793,1.3579887482775082,1.354637,1.34378,1.401839
0.1982421875,0.5219707427674044,0.5218837983856943,0.5227359595188596,0.5221650732169487,0.5227574056754838,0.5227469702858896,0.5227600438955925,0.5227367411393941,0.5227360966393693,0.522737606541812,0.5227409506454169,0.5227385386004267,0.5227411598854502,0.5618625,0.52736014,0.5642391,0.7126467058309542,0.7129867845305456,0.7098857351835205,0.7119402061253955,0.709807811681009,0.709798226286129,0.7098457273315211,0.709882895093407,0.7098797505840201,0.7098852369429206,0.7098675996120802,0.7098668393328571,0.709876363885619,0.6305666,0.6076063,0.6916336,1.3490324064082273,1.3487301515770262,1.3518124597205015,1.3497363976669414,1.3518900170836805,1.3518522789512202,1.351899557791505,1.3518152863764303,1.351812955603836,1.3518184160195632,1.3518305096234748,1.3518217867159945,1.3518312663173313,1.3521413,1.3365623,1.3987046
0.2001953125,0.5202125123742115,0.5218837983856943,0.521031637252529,0.5204205833095074,0.5210093049925789,0.5210065577675956,0.5210201715472339,0.5210308233373244,0.5210299221785715,0.5210314944665315,0.521026439904693,0.5210262220193675,0.5210289516095489,0.55868053,0.527397,0.56350046,0.7190627552428704,0.7129867845305456,0.7160979775753298,0.7183041609453173,0.7161796591909422,0.7161399132236709,0.7161897078191299,0.7161009543973511,0.7160984998016646,0.7161042503156922,0.7161169865698388,0.7161078001094706,0.7161177834809044,0.6377537,0.61510074,0.69829804,1.3426748947577105,1.3487301515770262,1.3456458293872868,1.343427594621997,1.3455649606393687,1.3455550123945366,1.345604310376022,1.3456428820922788,1.345639618874645,1.3456453123403678,1.3456270090690339,1.345626220074369,1.3456361043105123,1.3501714,1.3291576,1.3949945
0.2021484375,0.518459023179855,0.5218837983856943,0.5193273149861983,0.5186805740803679,0.5193080195041266,0.5193056458513692,0.5193174084065931,0.519326611748538,0.5193258331308521,0.5193271916164784,0.5193228243823717,0.5193226361254555,0.5193249945414207,0.5558884,0.5274848,0.5624412,0.7254788046547866,0.7129867845305456,0.7223509944949819,0.7246687932946573,0.7224220339427094,0.7223874665156313,0.7224307732950883,0.7223535834858301,0.722351448683853,0.7223564499987155,0.7223675269102007,0.7223595373096516,0.7223682199950658,0.6448722,0.62270546,0.70517576,1.3363430810151675,1.3487301515770262,1.3394711032109752,1.337143416305744,1.339401137462649,1.3393925304847003,1.3394351819146737,1.3394685532775863,1.3394657300152832,1.3394706558735887,1.3394548202982175,1.3394541376781,1.3394626892939394,1.3484646,1.321559,1.3905259
0.2041015625,0.5167102655891184,0.5150965726522534,0.5176304668831327,0.5169450395653068,0.5176513631652031,0.517641143272955,0.5176519721469662,0.5176313084972736,0.5176306011457548,0.5176319168858592,0.5176349788673269,0.5176329676426273,0.5176354717656075,0.553429,0.52755624,0.5609564,0.731894854066703,0.7378547767476284,0.7285672216070237,0.7310340958076227,0.7284909958267829,0.7284887744659962,0.7285282753385465,0.7285641514350281,0.7285619320659905,0.7285667318221146,0.7285507622004838,0.7285489641590027,0.7285580989737571,0.65187776,0.6303619,0.71221507,1.3300368785602485,1.3242375906234123,1.3333489944073065,1.330883793085181,1.333424072525969,1.3333873536905623,1.3334262605146232,1.333352018260641,1.3333494768024656,1.333354204151706,1.3333652055884009,1.33335797943353,1.3333669765272187,1.3467376,1.3137614,1.3851395
0.2060546875,0.5149662300197401,0.5150965726522534,0.5159412040625465,0.5152139735661849,0.5159634004733057,0.5159525447179378,0.5159640473448073,0.5159420980403895,0.5159413466787448,0.5159427442818071,0.5159459967741962,0.5159438604147515,0.5159465203397119,0.55121845,0.52754813,0.5589698,0.7383109034786189,0.7378547767476284,0.7347487887876443,0.7374000616169579,0.7346672911864868,0.7346649162015307,0.7347071489177524,0.7347455062723478,0.7347431334048069,0.7347482651275359,0.7347311910020331,0.734729268604143,0.7347390352047903,0.658737,0.63800746,0.7193526,1.323756201006341,1.3242375906234123,1.3272767064191866,1.3246486547012892,1.3273565577839812,1.3273175044843286,1.3273588848771565,1.3272799225219918,1.3272772194839033,1.327282247386768,1.3272939482672503,1.3272862626917747,1.3272958317977392,1.3447131,1.3057675,1.3787177
0.2080078125,0.5132269069024021,0.5150965726522534,0.5142519412419603,0.5134873697035953,0.5142288229212988,0.5142281491825145,0.5142401295616533,0.5142510101334733,0.514250337050943,0.514251792702314,0.5142469494689229,0.5142464041575384,0.5142491745603228,0.5491599,0.52740324,0.55644155,0.7447269528905353,0.7378547767476284,0.7409709675470407,0.7437666844116638,0.7410564161087443,0.741014624217304,0.7410589064571803,0.740974408906363,0.7409715165459229,0.7409768966143997,0.7409894171912712,0.7409811931864407,0.7409914326894301,0.6654295,0.64558065,0.72651774,1.3175009622000873,1.3242375906234123,1.3211964806104253,1.3184379303946079,1.3211132020699454,1.3211107750552784,1.3211539318815222,1.3211931265309518,1.3211907019222806,1.3211959455346167,1.3211784990000848,1.321176534648354,1.3211865143424093,1.3421433,1.2975916,1.3711947
0.2099609375,0.5114922866807269,0.5150965726522534,0.512562678421374,0.5117652214929619,0.5125427040492061,0.5125421219347256,0.5125524730564675,0.5125618739378772,0.5125612923904043,0.5125625500822001,0.5125583654985676,0.5125578943461556,0.5125602879913119,0.54715466,0.5270723,0.55337584,0.7511430023024515,0.7378547767476284,0.7472341594183306,0.7501339585635849,0.7473084760565389,0.7472721287697518,0.7473106419582222,0.7472371524672462,0.747234636898503,0.7472393160973851,0.7472502055862622,0.7472430529460051,0.747251958518468,0.67195106,0.65302634,0.73363656,1.3112710762209294,1.3242375906234123,1.3151082384985309,1.3122515490950732,1.3150361884370863,1.3150340886602867,1.3150714266109498,1.3151053366477103,1.3151032389478343,1.3151077755666751,1.315092681341788,1.3150909818433163,1.3150996159776316,1.3388288,1.289259,1.36257
0.2119140625,0.5097623598112617,0.5083696958210042,0.5108809327617138,0.5100475224087011,0.5109001802466353,0.5108920285279236,0.5109040876993156,0.5108818724681068,0.5108810734347241,0.510882285517126,0.5108850887329747,0.5108835317528673,0.5108863215698821,0.5451141,0.52651685,0.5498232,0.7575590517143677,0.7627616753170308,0.7534600362633169,0.7565018792582897,0.7533890851149039,0.7533746818985194,0.7534191337807493,0.7534565721412612,0.7534550494864836,0.7534595176872556,0.7534447158385755,0.7534401712003556,0.7534504554055054,0.6783098,0.6602982,0.7406377,1.3050664573806174,1.3000898458397583,1.3090723917798999,1.3060894396143017,1.30914118299368,1.3091120485789927,1.3091551482465906,1.3090757503487416,1.3090728945541066,1.3090772266107393,1.3090872454599929,1.309081680729242,1.3090916516807158,1.3346322,1.2808086,1.3529093
0.2138671875,0.508037116763476,0.5083696958210042,0.5092067748012408,0.5083342659054995,0.5092272124352453,0.5092185566631162,0.5092313615013749,0.5092077726134437,0.5092069241726268,0.5092082112029382,0.5092111877528502,0.5092095344984268,0.5092124968210014,0.54296786,0.5257124,0.5458803,0.763975101126284,0.7627616753170308,0.7596509350630156,0.7628704425333265,0.7595751022819515,0.7595597081305467,0.7596072183324512,0.7596472325912412,0.759645605170131,0.7596503808061519,0.7596345605196428,0.7596297031918842,0.7596406949942404,0.68452585,0.66736233,0.7474561,1.298887020222754,1.3000898458397583,1.3030859891089417,1.2999515307499294,1.303159127775668,1.3031281521397164,1.3031739755922815,1.3030895599337258,1.3030865236576505,1.3030911294929581,1.3031017815154131,1.3030958651039193,1.3031064662008174,1.3294834,1.272293,1.342348
0.2158203125,0.5063165480197497,0.5083696958210042,0.5075326168407677,0.5066254453865824,0.507511326482893,0.5075070043043705,0.5075203434016943,0.507531577396628,0.5075311205077683,0.5075324612371267,0.5075280197666138,0.507526656079926,0.5075297420001328,0.54066896,0.5246517,0.5416814,0.7703911505382,0.7627616753170308,0.7658826767254749,0.7692396451482569,0.7659622019760095,0.7659285205286606,0.7659783472976918,0.7658865591758229,0.7658832579229968,0.7658882657163427,0.7658998474772036,0.7658934146439076,0.7659049411084519,0.69062567,0.6742003,0.7540367,1.292732679522318,1.3000898458397583,1.2970917283423375,1.293837751235483,1.297015436434068,1.2969999481746757,1.2970477478345135,1.297088003626072,1.2970863664218113,1.2970911707566164,1.2970752552868867,1.2970703686701839,1.297081426708,1.3233804,1.263777,1.3310792
0.2177734375,0.5046006440753631,0.5083696958210042,0.5058584588802947,0.5049210541346576,0.5058400641192433,0.505836329778956,0.5058478546912828,0.5058575608058383,0.5058571660561844,0.5058583244395393,0.5058544870315782,0.5058533088132073,0.50585597503259,0.5373878,0.5233463,0.53819543,0.7768071999501163,0.7627616753170308,0.772155666763754,0.7756094842872561,0.7722248328186251,0.7721955389111083,0.7722388749083288,0.7721590434925121,0.772156172255561,0.7721605277412911,0.7721706008676963,0.7721650059741147,0.7721750309998624,0.6966381,0.6808092,0.7603364,1.286603350285186,1.3000898458397583,1.2910895314600808,1.2877480295445523,1.2910235264833494,1.291010126623604,1.2910514811112137,1.29108630896809,1.2910848925173213,1.2910890490567315,1.291075279561177,1.2910710518363115,1.2910806188534056,1.3163824,1.2553364,1.3193445
0.2197265625,0.5028893954384921,0.501703308968469,0.5041918330352029,0.5032210852401231,0.5042096112445682,0.5042034414914557,0.5042169807456053,0.504192855696332,0.5041919817171299,0.5041930932165682,0.5041956717563394,0.5041945521151237,0.504197685617903,0.53317183,0.5218238,0.5355495,0.7832232493620325,0.78770610338767,0.778390915925855,0.7819799571883883,0.7783246873839648,0.7782972354085903,0.7783476708203957,0.7783871061154941,0.7783862212624674,0.7783903620269027,0.7783766152768333,0.7783691129884203,0.7783807863299361,0.70259017,0.6872058,0.76632583,1.2804989477476791,1.2762850044815854,1.2851394033458499,1.2816822936466346,1.2852026084611976,1.2851806738463407,1.2852288082624783,1.2851430391361376,1.2851399319437176,1.2851438835735716,1.2851530508476046,1.2851490702799735,1.2851602105539053,1.3074135,1.2470524,1.3085995
0.2216796875,0.5011827926301949,0.501703308968469,0.5025328169907136,0.5015255315647973,0.5025516872874344,0.5025451385361213,0.5025595094852945,0.5025339024723026,0.5025329748059368,0.5025341545830323,0.5025368915184337,0.5025357030994245,0.5025390290883364,0.52920145,0.52012384,0.53275347,0.7896392987739487,0.78770610338767,0.7845907901300778,0.7883510608464532,0.7845200300321312,0.7844906998050101,0.784544586027708,0.7845867196322487,0.7845857742330296,0.7845901983303495,0.784575510960205,0.7845674953343036,0.7845799674157469,0.70850563,0.69342446,0.7719898,1.2744193873760774,1.2762850044815854,1.2792384120087483,1.275640470858879,1.279305586216834,1.2792822741810976,1.2793334312680522,1.2792422761176203,1.2792389738012606,1.279243173583593,1.279252916538525,1.2792486860018002,1.2792605258547365,1.2955681,1.2390094,1.3001796
0.2236328125,0.49948082618440737,0.501703308968469,0.5008738009462245,0.49983438576594286,0.5008541395342765,0.5008459893998752,0.5008609628343665,0.5008726699570832,0.5008724072769046,0.5008736365147817,0.500869555598672,0.500867328413639,0.500870793840765,0.5256249,0.5182906,0.52984715,0.796055348185865,0.78770610338767,0.7908317353216796,0.7947227919092742,0.7909059568012713,0.7908801983048461,0.7909367251217837,0.7908360046275708,0.7908323560232825,0.7908369962066353,0.7908477609397456,0.7908430867137258,0.7908561683734112,0.7144025,0.69951767,0.7773278,1.268364584866165,1.2762850044815854,1.2733296428556349,1.269622487907938,1.2732595587523132,1.2732305068599536,1.2732838808777227,1.2733256114172096,1.2733246750867728,1.2733290567359665,1.2733145101916923,1.273306571305751,1.2733189239467044,1.2840816,1.2312889,1.2912934
0.2255859375,0.49778348664793215,0.501703308968469,0.49921478490173526,0.49814764038058545,0.49919779780759715,0.4991907562431012,0.4992036930119328,0.49921380774815843,0.49921358079737105,0.4992146428360278,0.4992111170004312,0.4992091927539978,0.4992121868185631,0.5225577,0.51636636,0.5268816,0.802471397597781,0.78770610338767,0.7971141609682633,0.801095146789069,0.7971787149445758,0.797156311622757,0.7972054754289986,0.7971178742064059,0.7971147008249796,0.7971187366341478,0.7971280992731101,0.7971240338614151,0.7971354116383055,0.7202935,0.70555294,0.7823535,1.2623344561427574,1.2762850044815854,1.2674130183436043,1.2636282712203661,1.2673523847182773,1.2673272503589703,1.2673734271172636,1.2674095305204238,1.2674087204485778,1.2674125112586259,1.2673999262305533,1.2673930578590618,1.2674037448160236,1.2732037,1.2239622,1.2821215
0.2275390625,0.49609076458042917,0.4950975674650907,0.4975632823455178,0.49646528794581546,0.4975798238246867,0.49757547951572045,0.4975907868056353,0.49756436541242854,0.49756344113038026,0.497564456339552,0.4975668540283802,0.49756613932148996,0.4975696834104611,0.52007574,0.5143843,0.52391577,0.8088874470096973,0.8126865594762845,0.8033585372377492,0.8074681218951169,0.8032962609420417,0.8032549891731674,0.8033126162410495,0.8033544595195448,0.8033541171821434,0.8033579394158412,0.8033450900137235,0.8033344376555226,0.8033477808373076,0.72618675,0.7116085,0.7870942,1.2563289173592287,1.2528211920046477,1.2615480167084132,1.257657747351912,1.2616065138731947,1.2615911507657884,1.2616452828527622,1.2615518468818547,1.2615485782376976,1.2615521684376947,1.2615606476466548,1.2615581201522907,1.2615706534787667,1.2631475,1.2170875,1.272842
0.2294921875,0.4944026505544084,0.4950975674650907,0.49591947242523304,0.49478732111829204,0.49593702031486014,0.49593241169108065,0.4959486503013749,0.4959206213876937,0.49591964087082446,0.495920717846971,0.4959232614150817,0.49592250322426346,0.49592626294136366,0.5182105,0.5123658,0.5210099,0.8153034964216135,0.8126865594762845,0.8095669122883382,0.8138417138274621,0.80950040990553,0.8094563375794901,0.8095178750522168,0.8095625578463128,0.809562192277123,0.809566273896713,0.8095525525077849,0.8095411772678691,0.8095554259351795,0.7320838,0.71776867,0.79158986,1.2503478848970533,1.2528211920046477,1.255732054560264,1.2517108434076132,1.2557941911027513,1.25577787219132,1.2558353720472557,1.2557361230281696,1.2557326510251412,1.2557364645896136,1.255745471332133,1.2557427865899609,1.2557560996750363,1.2540787,1.210704,1.2636199
0.2314453125,0.4927191351552211,0.4950975674650907,0.49427566250494837,0.49311373276052045,0.49425737381492313,0.4942452528577661,0.49426217699601993,0.49427446503797423,0.4942743645065793,0.49427548694827045,0.4942717135593872,0.49426858532089585,0.49427250375793236,0.51695025,0.5103177,0.51822245,0.8217195458335297,0.8126865594762845,0.815816581658155,0.820215919389705,0.8158863582628372,0.8158680322475562,0.8159326060406799,0.815821150180578,0.8158172514327531,0.8158215337244652,0.8158316475824451,0.8158286328162618,0.8158435825353004,0.73798335,0.7241161,0.7958908,1.2443912753653394,1.2528211920046477,1.2499083956841,1.2457874873271535,1.2498435490075022,1.2498005708888802,1.2498605798629336,1.249904149824232,1.249903793369775,1.2499077732128667,1.2498943938881732,1.2498833020455318,1.2498971957026785,1.2461108,1.2048308,1.2546012
0.2333984375,0.49104020898105094,0.4950975674650907,0.49263185258466363,0.49144451597911765,0.4926160519058928,0.4926055798955865,0.4926202016575417,0.49263081802226627,0.4926307311672605,0.49263170091088765,0.4926284408575137,0.4926257381876422,0.492629123556677,0.5156056,0.5082347,0.5162441,0.828135595245446,0.8126865594762845,0.8221079587188355,0.8265907353664539,0.8221686468984822,0.8221527079104499,0.8222088705589491,0.8221119322080505,0.822108541257921,0.8221122657966433,0.8221210623523002,0.8221184402524762,0.8221314427940472,0.7438787,0.7307255,0.8000562,1.2384590056003624,1.2528211920046477,1.2440769630327853,1.2398876079957728,1.2440208617079336,1.2439836797628234,1.244035595737974,1.244073289774747,1.2440729813921927,1.2440764245087514,1.2440648495378386,1.2440552535595155,1.244067273495482,1.2392992,1.1994709,1.2459083
0.2353515625,0.48936586264290305,0.48855282960619123,0.4909954889817317,0.48977966412270924,0.4910110717228706,0.49100832186952903,0.4910257349409284,0.4909965843491229,0.4909956605013537,0.4909966025080704,0.4909988536511731,0.49099849486354535,0.49100252807096534,0.5132026,0.5061018,0.51600856,0.834551644657362,0.8377006876970514,0.8283611460649302,0.8329661581137489,0.8283018529787346,0.8282460621592703,0.8283123160306703,0.828356978015874,0.8283569089183156,0.8283604934039605,0.8283483430158485,0.8283343615227657,0.8283497082457962,0.74976057,0.7376567,0.8041496,1.2325509926650944,1.229697235906487,1.2382965428983992,1.234011135237712,1.238351357034871,1.2383416841504165,1.238402936009523,1.2383003960054184,1.2382971462427306,1.2383004598820109,1.2383083785798823,1.2383071164972332,1.2383213038134953,1.2336425,1.1946104,1.237637
0.2373046875,0.4876960867645995,0.48855282960619123,0.48936704939803805,0.48811917076545797,0.489383562991508,0.48938064887262606,0.48939910213316523,0.4893682101984157,0.48936723116357495,0.4893682294421081,0.4893706150597416,0.4893702348395369,0.48937450897507695,0.51104474,0.5038993,0.51613575,0.8409676940692783,0.8377006876970514,0.8345771475948116,0.8393421830721379,0.834513895269172,0.8344543793027166,0.8345250569629957,0.8345727012199441,0.8345726275083348,0.834576451351644,0.8345634896128028,0.8345485745088638,0.8345649460064105,0.7556176,0.7449487,0.8082365,1.2266671538487535,1.229697235906487,1.2325655718737383,1.2281579998045553,1.2326237358295005,1.2326134718162618,1.2326784668690802,1.2325696604547334,1.232566212090119,1.2325697282349983,1.2325781308655017,1.2325767916537045,1.2325918459921628,1.2290813,1.1902229,1.2298577
0.2392578125,0.4860308719827659,0.48855282960619123,0.4877386098143444,0.48646302971021155,0.4877213899547205,0.48770518622301895,0.4877244287068955,0.48773739936795724,0.48773737930123573,0.48773842027491826,0.4877348916536598,0.48773083120033783,0.48773528813541667,0.50914943,0.50160813,0.51650184,0.8473837434811945,0.8377006876970514,0.8408346565335383,0.8457188043066431,0.8409010597739218,0.8408893413939462,0.8409635489030007,0.8408393241049281,0.8408353874101474,0.8408394014838956,0.8408489941116822,0.8408474652302356,0.8408646518522211,0.76143765,0.75261533,0.8123808,1.220807406666326,1.229697235906487,1.2268269869466626,1.2223281334632858,1.2267662536502697,1.2267091033836552,1.2267769711890262,1.2268227178110962,1.226822647037538,1.2268263184584303,1.2268138733147336,1.2267995524003932,1.2268152716735918,1.2226111,1.1862736,1.2255044
0.2412109375,0.48437020894682653,0.48855282960619123,0.4861101702306508,0.48481123504014645,0.48609529375566585,0.4860812951276523,0.4860979189757143,0.486109124509269,0.48610910717335065,0.48611000648491803,0.48610695806019044,0.48610345017838474,0.486107300586266,0.5075176,0.4992159,0.5169758,0.8537997928931107,0.8377006876970514,0.8471340900230155,0.8520960141207877,0.8471918427903417,0.8471816510248895,0.8472461908488016,0.8471381495589878,0.8471347256899322,0.8471382168579255,0.8471465598642902,0.8471452301493633,0.8471601778632666,0.76720905,0.7606429,0.8166423,1.2149716688581167,1.229697235906487,1.2210807115988387,1.216521469234942,1.2210281713382343,1.220978730837322,1.2210374430539257,1.2210770183745554,1.2210769571484354,1.2210801332904042,1.2210693670123978,1.2210569780125597,1.2210705767306695,1.2159102,1.18272,1.2227514
0.2431640625,0.4827140883189938,0.48207005079554155,0.48448903130881216,0.483163781231147,0.48450397081689395,0.4845024973166955,0.4845224104714766,0.48449005626823877,0.4844892183899469,0.484490138023745,0.4844922570895566,0.4844921854880459,0.48449679958301406,0.50613105,0.49672005,0.5174275,0.860215842305027,0.8627437029224702,0.853395462128997,0.8584738027228845,0.8533380067102351,0.8532670950655481,0.8533436734442049,0.8533915201541975,0.8533912057247666,0.8533947426172046,0.8533830558928956,0.8533655859074248,0.8533833312679241,0.7729217,0.76899046,0.82107353,1.2091598583892802,1.206914028959428,1.2153845820887965,1.2107379417725177,1.215436853872695,1.2154316982772977,1.2155013714228158,1.2153881683355947,1.2153852366701716,1.2153884543911027,1.215395868814043,1.215395618286931,1.215411762551561,1.2097396,1.1795138,1.2206235
0.2451171875,0.48106250077425905,0.48207005079554155,0.48287637763329844,0.4815206633156994,0.48289217480822344,0.48289061671539596,0.4829116730706429,0.482877461434938,0.482876575454632,0.4828775478839714,0.4828797886038881,0.482879712891784,0.48288459187875826,0.5049511,0.49413234,0.51773477,0.866631891716943,0.8627437029224702,0.8596172159399774,0.8648521578786388,0.8595560572165796,0.8594805752594493,0.8595620891912112,0.8596130198767769,0.8596126851801722,0.8596164500504357,0.8596040100370987,0.859585414009737,0.8596043031618151,0.77856654,0.7775916,0.82571757,1.203371893449359,1.206914028959428,1.2097394252739113,1.2049774878299486,1.2097947699118128,1.2097893112411047,1.209863080134509,1.2097432223435922,1.2097401183358476,1.2097435252152922,1.209751375505468,1.2097511102507834,1.209768203575545,1.2040554,1.1766009,1.2188921
0.2470703125,0.47941543700038514,0.48207005079554155,0.48126372395778466,0.4798818770730183,0.48124723270104003,0.48122687774180456,0.4812488592519247,0.4812625925370602,0.48126250228970824,0.48126351744475837,0.48126016311908987,0.48125514880232273,0.48126024215776303,0.5039191,0.4914795,0.5177899,0.8730479411288594,0.8627437029224702,0.8658806663661479,0.8712310644789413,0.8659449450599476,0.86593860498549,0.866024289550916,0.8658850762135187,0.8658814712737797,0.865885427964242,0.8658945452302033,0.865894237163753,0.8659140895754367,0.7863584,0.78413904,0.8306061,1.1976076924518266,1.206914028959428,1.204086741450319,1.1992400467745676,1.2040288870117482,1.2039574768794403,1.2040345932943413,1.2040827722384666,1.204082455635603,1.204086016968596,1.2040742494240044,1.2040566582871237,1.2040745267054829,1.1987925,1.1739246,1.2173126
0.2490234375,0.4777728876978955,0.48207005079554155,0.47965107028227094,0.47824741921814756,0.4796368248560088,0.4796192418982421,0.47963822989815,0.47965009294192923,0.4796500149847415,0.47965089189282895,0.4796479943696317,0.47964366291807115,0.4796480626445732,0.50295943,0.48880267,0.5175041,0.8794639905407755,0.8627437029224702,0.8721862339769845,0.877610503975205,0.8722421341825422,0.8722366205358657,0.8723111357105949,0.8721900690334947,0.8721869339710624,0.8721903749360194,0.8721983038260436,0.8721980359142064,0.8722153006591977,0.79518914,0.7896395,0.83575654,1.1918671740336215,1.206914028959428,1.198426454697466,1.1935255611227178,1.1983764102201089,1.1983146400987748,1.1983813461888873,1.198423021299768,1.1984227474359601,1.1984258280153701,1.198415649003438,1.1984004325485111,1.1984158888538978,1.1938661,1.1714271,1.2156373
0.2509765625,0.47613484358006875,0.4756516002020812,0.4780454394324295,0.47661728757640237,0.4780601135203861,0.4780595764009136,0.4780823815210128,0.47804640332602605,0.4780456442301313,0.4780464950112875,0.47804875077256886,0.47804860790291154,0.47805403690015486,0.5019865,0.48615533,0.5168116,0.8858800399526917,0.887805053259286,0.8784543124345031,0.883990453664355,0.8783972687656162,0.8783107114065198,0.8783993566881758,0.8784505653120755,0.8784502088877337,0.8784535162851327,0.8784414397107745,0.8784208904366528,0.8784419951080943,0.80397403,0.79507625,0.8411716,1.186150257054697,1.1844773214386173,1.1928150277049532,1.1878339771114017,1.1928660973581937,1.1928642280533142,1.1929435946196096,1.1928183823251564,1.1928157404586501,1.192818701415455,1.1928265520866332,1.1928260548612721,1.1928449492104276,1.1891826,1.1690546,1.2136326
0.2529296875,0.4745012953729278,0.4756516002020812,0.4764495466121973,0.4749914812513079,0.4764649902212453,0.47646442493479146,0.476488425973912,0.476450561053157,0.4764497621496569,0.476450657546468,0.4764530316017032,0.47645288123984497,0.47645859493811343,0.5009139,0.48359904,0.51567256,0.8922960893646078,0.887805053259286,0.8846776993849276,0.8903708858228172,0.8846172633167859,0.8845255587695149,0.8846194754048881,0.8846737294139516,0.8846733517924181,0.8846768558869541,0.8846640610994089,0.8846422897484892,0.8846646495268913,0.8126049,0.8004683,0.84683764,1.180456860597557,1.1844773214386173,1.1872584114628197,1.1821652453413116,1.1873122292952596,1.187310259399362,1.1873938967910176,1.1872619466043342,1.1872591625717621,1.1872622828657478,1.1872705560023478,1.1872700320200007,1.1872899431203905,1.1846493,1.1667625,1.2110925
0.2548828125,0.4728722338152296,0.4756516002020812,0.4748536537919651,0.4733700008122136,0.47483749284729254,0.47481296853428845,0.4748380843905695,0.47485259223153764,0.47485249125623735,0.4748534282430698,0.47485000692921336,0.4748441851830373,0.474850164275185,0.49966374,0.4811977,0.5140734,0.898712138776524,0.887805053259286,0.8909429175752398,0.8967517666870722,0.8910065907830794,0.8910042600596105,0.8911032234685049,0.8909470999302801,0.8909438061953069,0.8909474977555748,0.8909572856295286,0.890956665707083,0.8909802228330296,0.8209846,0.8058474,0.85272634,1.1747869039667926,1.1844773214386173,1.1816943643463946,1.1765193215333887,1.1816379703851814,1.1815523908007048,1.181640034601644,1.1816906600322654,1.1816903076788756,1.1816935772940114,1.1816816386082987,1.1816613235269546,1.18168218766833,1.1801839,1.16452,1.2078537
0.2568359375,0.47124764965846033,0.4756516002020812,0.4732577609717329,0.4717528485333973,0.4732438042194009,0.47322262477911153,0.47324431508205017,0.47325684419760417,0.47325675699433195,0.47325756618546677,0.47325461150483933,0.47324958378701926,0.47325474739038326,0.49817568,0.47901106,0.5120272,0.9051281881884403,0.887805053259286,0.8972503901882015,0.9031330552621798,0.8973057519174791,0.8973037254400741,0.897389769851636,0.8972540266217679,0.8972511628171552,0.8972543725189404,0.8972628827758524,0.8972623437726068,0.8972828259258971,0.8290341,0.81125784,0.8587985,1.169140306688637,1.1844773214386173,1.176122811181767,1.1708961674377967,1.1760740413621125,1.1760000318126607,1.1760758265067837,1.1761196076671254,1.176119302949671,1.1761221305337817,1.1761118058833075,1.176094237282055,1.1761122807137907,1.1757255,1.162312,1.2038068
0.2587890625,0.46962753366682297,0.4693029082336839,0.47166839420147316,0.47014002870953653,0.4716834970430123,0.4716832684374152,0.47170933582043534,0.4716693081167958,0.4716686166668202,0.4716693462037577,0.47167193178065525,0.471671605888473,0.471677922472915,0.49641216,0.47708732,0.50957197,0.9115442376003565,0.912861567362147,0.9035216596133121,0.909514701918217,0.9034623108315468,0.903360782462893,0.903463209141697,0.9035180681439482,0.9035179184715689,0.9035207853762467,0.9035077578477239,0.9034842164616873,0.9035090385104715,0.8367001,0.81675184,0.8650094,1.1635169885104963,1.162403303570568,1.1705981559040417,1.1652957519302132,1.1706504386795453,1.170649647301296,1.1707398854053952,1.170601319700392,1.1705989260358474,1.1706014515499625,1.1706104022987252,1.1706092741264105,1.1706311407992371,1.1712381,1.1601412,1.198905
0.2607421875,0.4680118766172314,0.4693029082336839,0.4700914035562803,0.46853154806039665,0.4701071416950284,0.47010690347319467,0.47013406737408747,0.4700923559152198,0.4700916353795759,0.47009239560430016,0.4700950899428358,0.4700947503420814,0.47010133263205006,0.4943603,0.47545657,0.50676817,0.9179602870122727,0.912861567362147,0.9097378207485054,0.9158966467143198,0.9096755622838614,0.909569056721883,0.9096765046339602,0.9097340531956053,0.9097338961850623,0.9097369036490462,0.9097232374070708,0.9096985418565476,0.9097245808577424,0.84395933,0.8223872,0.8713163,1.1579168694005044,1.162403303570568,1.1651367466349847,1.159718052332793,1.165191299487665,1.1651904737486554,1.165284629838098,1.1651400478019034,1.1651375502055679,1.1651401853763181,1.1651495247617167,1.1651483476048323,1.165171163712632,1.1667149,1.1580216,1.1931641
0.2626953125,0.4664006692992985,0.4693029082336839,0.46851441291108753,0.4669274162299559,0.4684978600322153,0.4684695404506463,0.4684981105864403,0.46851341124993684,0.4685133695062116,0.46851416908664345,0.4685105356857621,0.4685039698217768,0.46851089286714437,0.49202836,0.4741255,0.5036933,0.924376336424189,0.912861567362147,0.9159958283144127,0.9222788173718959,0.9160617557860647,0.9160607578338966,0.9161745589582614,0.9159998176383052,0.9159967993944095,0.9159999838917444,0.9160112702655661,0.9160098476969933,0.9160374209280728,0.85082114,0.82821906,0.87768483,1.1523398695470548,1.162403303570568,1.1596680225963776,1.1541630560086187,1.1596105676906543,1.1595122687681472,1.1596114373683695,1.1596645458619572,1.1596644009707322,1.1596671762896582,1.1596545648523755,1.1596317748145522,1.1596558046211398,1.1621723,1.1559745,1.1866635
0.2646484375,0.46479390251533137,0.4693029082336839,0.4669374222658947,0.4653276463877181,0.4669231341644797,0.46689868928956657,0.46692335043768546,0.46693655765278325,0.4669365216204662,0.4669372118016962,0.4669340755254826,0.4669284080079938,0.4669343838370369,0.4894424,0.47307417,0.50043666,0.9307923858361052,0.912861567362147,0.9222961062956622,0.9286611267985935,0.9223534005529823,0.922352533286872,0.9224514308720319,0.9222995732322797,0.9222969502164917,0.9222997177154001,0.9223095261691399,0.9223082898829437,0.9223322524121668,0.8573266,0.83429646,0.8840953,1.14678590935836,1.162403303570568,1.1541919096755713,1.148630762298467,1.1541422467006033,1.1540572791117574,1.1541429984335165,1.1541889044470208,1.1541887792055823,1.1541911781427838,1.1541802770383964,1.1541605777419917,1.1541813486724983,1.1576471,1.1540196,1.179534
0.2666015625,0.46319156708031795,0.4630356750405387,0.4653661278563793,0.46373225595258194,0.46538250880443327,0.4653816471640621,0.46541112022098463,0.46536692404707397,0.46536636323308256,0.4653670023340022,0.4653699648098869,0.46536947882908986,0.46537659885077665,0.48664016,0.4722562,0.49709198,0.9372084352480214,0.9378638997415036,0.9285624975176082,0.9350434700357698,0.928497418822593,0.9283837615640291,0.9285008418577433,0.9285593342827048,0.9285590232523447,0.9285615623739228,0.9285472535490035,0.9285208975258108,0.9285491843054365,0.8635452,0.8406588,0.89054334,1.1412549094619824,1.140729389137809,1.148759741856451,1.143121184897237,1.148816151331483,1.148813184204119,1.148914675788493,1.1487624836390122,1.1487605524058573,1.1487627532297724,1.148772954870167,1.148771281338876,1.1487957998907128,1.1531862,1.152166,1.1719449
0.2685546875,0.46159365382192286,0.4630356750405387,0.4638124926458189,0.4621412674791116,0.4638292200184697,0.4638283401561118,0.46385843650979514,0.46381330567436935,0.46381273300027315,0.46381338561691093,0.4638164107432913,0.46381591448496323,0.46382318508100223,0.48366654,0.47160098,0.4937511,0.9436244846599375,0.9378638997415036,0.9347530466811238,0.9414257204552335,0.9346861494457305,0.9345693164588392,0.93468966813031,0.9347497950510166,0.9347494753290654,0.9347520854052322,0.9347373767290581,0.9347102842177518,0.934739361438958,0.86956894,0.84733474,0.8970393,1.1357467907043934,1.140729389137809,1.1434079597872389,1.1376343548081698,1.1434656363648745,1.1434626025887638,1.1435663738778263,1.143410763157882,1.1434087885438506,1.1434110388043992,1.1434214696015623,1.1434197584782317,1.1434448277809341,1.150406,1.1488396,1.1640897
0.2705078125,0.46000015358047586,0.4630356750405387,0.4622588574352585,0.46055470977057555,0.46224107934759817,0.46221002764840097,0.4622420144777261,0.4622579933370441,0.4622579083729829,0.46225860198315344,0.46225469322598434,0.4622474933642857,0.4622552206563371,0.48057032,0.47101983,0.4904959,0.9500405340718537,0.9378638997415036,0.9409852082658984,0.9478077249521005,0.9410567914550165,0.9410530260311312,0.941181833839902,0.9409886874164017,0.9409862368007743,0.9409890295110365,0.9410019748949484,0.9409998512508023,0.9410309648832337,0.875505,0.85434234,0.90360427,1.1302614741505141,1.140729389137809,1.1380490200703792,1.132170324076402,1.1379876374048665,1.1378804224721706,1.1379908661660616,1.1380460366076337,1.1380457432529996,1.1380481380738368,1.1380346423285619,1.138009783284149,1.1380364633872337,1.1487094,1.1446542,1.1561664
0.2724609375,0.45841105720896297,0.4630356750405387,0.4607052222246981,0.4589726193164273,0.4606898919916537,0.46066311578297414,0.4606906983642548,0.46070447710366746,0.4607044038382588,0.46070500194564573,0.46070163138299236,0.4606954228660903,0.46070208619176467,0.47740152,0.47041222,0.48739383,0.9564565834837698,0.9378638997415036,0.9472594032603628,0.954189297745664,0.9473215505249469,0.9473182814662738,0.9474301085764127,0.9472624238124769,0.9472602962207974,0.9472627208143989,0.9472739598103144,0.9472721160944892,0.9472991284242929,0.88146603,0.86168873,0.91026354,1.1247988810832603,1.140729389137809,1.1326828502927142,1.1267291706101936,1.1326298450512309,1.1325372629243298,1.132632633152768,1.1326802740065105,1.132680020688296,1.132682088669126,1.1326704347963126,1.1326489684782803,1.1326720073202203,1.1470231,1.1406682,1.1483613
0.2744140625,0.4568263555730203,0.4568738265492006,0.45915604513353175,0.45739504220574234,0.4591745332819904,0.4591728809618671,0.4592052899383126,0.45915665993273597,0.4591562798238753,0.45915689602358456,0.4591603756622559,0.45915968037309685,0.45916750579090065,0.4742106,0.46967378,0.4844931,0.962872632895686,0.9627109630598808,0.9535030985338242,0.9605702121646253,0.9534288288505897,0.9533052879691218,0.9534354662265788,0.9535006286964757,0.953499680248737,0.9535021557098066,0.9534857016098295,0.9534570586385083,0.953488494755346,0.8875617,0.869367,0.91704226,1.1193589330031,1.1195340711448933,1.127356549222324,1.121311004585742,1.127419888970076,1.1274142282205484,1.127525257950804,1.1273586555191053,1.127357353269553,1.1273594643640226,1.1273713855526069,1.1273690035055077,1.1273958131515975,1.140835,1.1369083,1.145274
0.2763671875,0.4552460395509208,0.4568738265492006,0.457634566077311,0.4558220367645183,0.4576526987470376,0.45765107819670797,0.45768286403331443,0.45763516905553475,0.4576347962551732,0.45763540060697394,0.45763881334129597,0.4576381314207286,0.4576458063762184,0.4710476,0.46870413,0.4818216,0.9692886823076023,0.9627109630598808,0.959631470546783,0.9669501893750629,0.9595581498666202,0.9594361873568534,0.9595647024353904,0.9596290322700346,0.9596280959419246,0.9596305397705717,0.9596142959256384,0.9595860189510943,0.9596170533798944,0.8938887,0.87735677,0.92395926,1.113941551627586,1.1195340711448933,1.1221432911585134,1.1159159772664409,1.1222054912272585,1.1221999323317782,1.1223089643162485,1.1221453595562931,1.1221440807383651,1.1221461538475122,1.1221578605361175,1.1221555213495673,1.122181848606346,1.133708,1.1333866,1.143376
0.2783203125,0.45367010003357044,0.4568738265492006,0.4561130870210902,0.4542536773403924,0.4560934049168843,0.45606066201047,0.4560951639430476,0.45611243251844874,0.45611218118096647,0.456112837174557,0.45610847682890104,0.45610088623997325,0.45610921701950013,0.4679621,0.46741456,0.47938552,0.9757047317195185,0.9627109630598808,0.9658007279889558,0.9733288822627666,0.9658808519613546,0.9658736908519134,0.9660141605384025,0.9658033922957464,0.9658017450470735,0.9658044154260567,0.965819495022278,0.965816481850824,0.9658503953926179,0.90052426,0.88562095,0.93102384,1.1085466588909243,1.1195340711448933,1.1169231122863088,1.1105442936664285,1.116855506253279,1.1167430350932628,1.1168615483775217,1.1169208641548998,1.1169200008430082,1.11692225409613,1.1169072768484547,1.116881203977794,1.1169098193156042,1.1301004,1.1270546,1.1412396
0.2802734375,0.4520985279244972,0.4568738265492006,0.45459160796486947,0.45269005997422046,0.45457466925089,0.4545464902147054,0.4545761830951798,0.45459104469008305,0.4545908283852774,0.45459139294319695,0.45458764036434945,0.45458110778971017,0.4545882773834769,0.46573386,0.46500203,0.4771723,0.9821207811314348,0.9627109630598808,0.972011281380399,0.9797058513502259,0.9720807057573579,0.9720745009614701,0.9721962107605139,0.9720135899141223,0.9720121626277297,0.97201447642246,0.9720275423748803,0.9720249315675784,0.9720543163944155,0.9075198,0.894104,0.9382341,1.1031741769435142,1.1195340711448933,1.111695943115657,1.1051962315538812,1.1116376777868027,1.1115407463606928,1.1116428851029874,1.1116940055924134,1.1116932615581625,1.1116952034954326,1.1116822955496135,1.11165982500123,1.111684486741349,1.1270319,1.1208984,1.1387779
0.2822265625,0.4505313141398405,0.4508638425907726,0.45307316009984827,0.45113131125545713,0.45309602548442196,0.4530929290551887,0.4531300680611541,0.4530736691015061,0.4530733708968116,0.4530740274916623,0.45307851592035714,0.4530774286684736,0.45308640419024504,0.46361417,0.46221265,0.47515213,0.9885368305433511,0.987204918307344,0.9781945676482686,0.9860805272791388,0.9781016666499224,0.9779633706081743,0.9781142467495555,0.9781924994960655,0.9781910433043994,0.9781937111471466,0.9781728063566857,0.9781407563798244,0.9781772239398208,0.9148977,0.90273297,0.9455744,1.097824028151494,1.0989710552979093,1.1065043543007222,1.0998721711628774,1.1065823088297595,1.1065717523229084,1.1066983666538512,1.1065060896476004,1.1065050729740202,1.1065073115119943,1.1065226139399431,1.1065189071708461,1.106549507321633,1.1241488,1.1152127,1.1359171
0.2841796875,0.4489684496083465,0.4508638425907726,0.4516002817604645,0.4495776026227055,0.45162101370574764,0.45161820618675624,0.4516518799628112,0.4516007432700659,0.45160047288915933,0.4516010682208702,0.451605137859752,0.4516041520531724,0.4516122901199367,0.46103418,0.45963463,0.4732828,0.9949528799552673,0.987204918307344,0.9841916724410358,0.9924521503113962,0.9841069002394263,0.9839807036089653,0.9841183796310929,0.9841897852596588,0.9841884564898206,0.9841908908869179,0.9841718153222805,0.9841425697292532,0.9841758463581799,0.92265034,0.9114206,0.9530169,1.0924961350963045,1.0989710552979093,1.1014837871167824,1.0945726432191685,1.101554553189478,1.1015449701274538,1.101659909146325,1.1014853624400072,1.1014844395181778,1.1014864716311688,1.1015003629606912,1.1014969980072502,1.1015247764068605,1.1214069,1.1099265,1.1326021
0.2861328125,0.44740992527135537,0.4508638425907726,0.4501274034210807,0.4480291740000757,0.45010393119475073,0.4500689851362956,0.4501071098024642,0.4501268809106424,0.45012651300889844,0.4501271870296171,0.4501219054583956,0.4501138078357397,0.4501230215656802,0.45800167,0.45730215,0.4715141,1.0013689293671835,0.987204918307344,0.9902280239256558,0.9988196703841371,0.9903246384608159,0.9903115543354186,0.9904684993534384,0.9902301745324441,0.990228914573191,0.9902316887865051,0.9902506533043302,0.9902460594098821,0.990283983778687,0.9307411,0.92006886,0.96052074,1.087190420574231,1.0989710552979093,1.096456680646523,1.0892984083458477,1.0963764550571216,1.0962570100078717,1.096387319300805,1.096454894779345,1.0964536373424363,1.0964559410510408,1.0964378893417301,1.0964102125772104,1.096441704055357,1.1187538,1.1049336,1.1288016
0.2880859375,0.44585573208279555,0.4508638425907726,0.44865452508169695,0.4464863733302292,0.44863439997817006,0.4486044372028296,0.4486371253186813,0.44865407708087607,0.44865376164165943,0.4486543395475024,0.4486498111245857,0.44864286821716903,0.44865076807576426,0.45523927,0.45455343,0.4697925,1.0077849787790996,0.987204918307344,0.9963040086285029,1.005181579868671,0.9963874038683472,0.9963761100511482,0.9965115787241428,0.9963058649914911,0.9963047774186352,0.996307172066514,0.9963235418487736,0.996319576497743,0.9963523119161215,0.9391074,0.9285766,0.96803486,1.0819068075959613,1.0989710552979093,1.0914229704868936,1.0840505898470927,1.091354085933141,1.0912515265129537,1.0913634143490234,1.0914214370754882,1.0914203573938535,1.0914223354429313,1.091406835584584,1.0913830713207027,1.0914101110365089,1.1161304,1.100107,1.1245091
0.2900390625,0.4443058610091739,0.4450907998341305,0.44718413810932933,0.44494972276934985,0.4472180877137625,0.44721213483256617,0.4472630400941826,0.4471849079143341,0.44718430483556054,0.44718516816926696,0.447192090216459,0.4471901832408177,0.4472025008303951,0.45345926,0.45075372,0.46806723,1.0142010281910159,1.0109795635224854,1.002350533007801,1.0115356331692695,1.002210997259686,1.002026271764163,1.0022354625736323,1.0023473688093094,1.002346299062602,1.0023498476971087,1.0023178472742642,1.0022750580392559,1.002325685455273,0.9476639,0.9368473,0.97549963,1.0766452193861373,1.0793217454228148,1.0864240953717055,1.0788308958967154,1.0865393256206122,1.0865191208658038,1.0866918956479854,1.0864267082484675,1.0864246612750308,1.0864275916069162,1.0864510863750978,1.0864446137450579,1.0864864217415005,1.1134757,1.0953119,1.1197449
0.2919921875,0.44276030302956504,0.4450907998341305,0.4457885792591968,0.4434200285779463,0.4458150300765277,0.4458103920674626,0.44585005337717964,0.44578917902970666,0.44578870915894553,0.44578938179954164,0.44579477490526087,0.44579328914231353,0.44580288602325835,0.4519606,0.44669163,0.4662956,1.020617077602932,1.0109795635224854,1.0080942155100256,1.0178783802817188,1.0079848377095717,1.0078400314696525,1.00800401558232,1.008091735231911,1.00809089670339,1.008093678324822,1.0080685944896655,1.008035053443586,1.0080747385398823,0.95630896,0.9447988,0.9828484,1.0714055793829043,1.0793217454228148,1.0816906729740652,1.0736419880097614,1.0817805512017515,1.081764791690434,1.0818995549110213,1.081692710980492,1.0816911143705232,1.0816933999874891,1.0817117255843292,1.0817066770192807,1.0817392867309898,1.1107289,1.0904212,1.1145525
0.2939453125,0.4412190491356067,0.4450907998341305,0.44439302040906425,0.4418985603826098,0.4443603972970199,0.4443172013138092,0.44436611758488476,0.4443922806821855,0.44439203059603644,0.4443928601972264,0.44438537900981345,0.44437537516350784,0.4443872114753473,0.45072767,0.44247612,0.4644475,1.027033127014848,1.0109795635224854,1.0138739725974948,1.024204403900703,1.014009736083349,1.0139859292424542,1.0141895300271597,1.0138770508045707,1.0138746392821645,1.0138780914841654,1.0139057710561328,1.0138981454447415,1.0139474021126853,0.9649303,0.95237005,0.9900125,1.0661878112374754,1.0793217454228148,1.076951331023053,1.0684880813035347,1.0768403396322983,1.0766933718408493,1.0768598016147246,1.0769488143370085,1.0769479634978392,1.0769507859532406,1.076925333504985,1.0768912982134626,1.0769315679235059,1.1078322,1.0853301,1.1089929
0.2958984375,0.4396820903314865,0.4450907998341305,0.4429974615589317,0.4403873359882327,0.442969684249212,0.44293290455135065,0.44297455485160864,0.44299683171029586,0.44299661877167706,0.4429973251447897,0.44299095520498877,0.4429824373193609,0.4429925154780435,0.44973037,0.4382297,0.4625093,1.0334491764267644,1.0109795635224854,1.0196901452035838,1.0305051035009811,1.0198065028603298,1.0197860991137515,1.0199605934921911,1.0196927834439655,1.0196907165994349,1.019693675379424,1.019717398661701,1.0197108630026366,1.0197530791233835,0.9734111,0.95952773,0.99692404,1.060991838813674,1.0793217454228148,1.0722060135742046,1.0633758966444338,1.072111369667119,1.071986048788743,1.0721279651424684,1.072203867556537,1.072203142032677,1.0722055487846085,1.0721838450925223,1.0721548227110818,1.0721891612746715,1.1031402,1.0799643,1.1047336
0.2978515625,0.4381494176339371,0.4396993717897122,0.4416082325447964,0.43888955783719563,0.44168291733468457,0.44166192611577754,0.4417291554467147,0.441609964617411,0.4416083550852405,0.44161015475478527,0.4416257261639435,0.44161982621216656,0.4416363747204656,0.4489265,0.43408075,0.4604858,1.0398652258386807,1.0334061481232688,1.0254564350855644,1.0367668251493487,1.0251457475420753,1.0249534503836577,1.0252330600643669,1.0254492285006003,1.025448437404911,1.025455925233187,1.0253836524826478,1.0253393517426106,1.025408198722655,0.981639,0.9662694,1.0035205,1.0558175861875023,1.0610630775210799,1.0675099025790329,1.0583161170109128,1.0677624259677458,1.0676914524124381,1.0679187572176707,1.067515759237039,1.0675103169253999,1.0675164021480803,1.067569053340733,1.0675491040775629,1.06760505859553,1.0970744,1.0742862,1.1013871
0.2998046875,0.43662102207222453,0.4396993717897122,0.4403356587080736,0.4374102503942098,0.44037849111779753,0.44036645246186534,0.44040500909772756,0.4403366520675516,0.4403357289861385,0.4403367611130739,0.44034569145857055,0.44034230778229266,0.4403517985030786,0.44826564,0.43015638,0.45840034,1.0462812752505968,1.0334061481232688,1.0307485855310417,1.0429681187144435,1.0305694038112039,1.0304584880570224,1.0306197618519286,1.030744429594616,1.030743973379989,1.0307482915067852,1.030706612188822,1.0306810634946695,1.0307207680335109,0.9895139,0.97262216,1.00975,1.0506649776466863,1.0610630775210799,1.0632132578026727,1.0533255096746783,1.06335823010962,1.0633174841590276,1.0634479811032789,1.063216620031413,1.0632134956732868,1.0632169891181464,1.0632472155631274,1.0632357628991145,1.063267885869867,1.0908787,1.0682993,1.0977565
0.3017578125,0.4350968946881413,0.4396993717897122,0.43906308487135076,0.43595713224335697,0.43899923134166124,0.43895969897283854,0.4390171782813488,0.4390616039948526,0.43906144143240183,0.4390629801024963,0.439048128287403,0.43903902405184103,0.4390531725908886,0.44769385,0.42657542,0.45629358,1.052697324662513,1.0334061481232688,1.0360714133549136,1.049075966166377,1.0363401172900297,1.0362645863428015,1.0365065138068987,1.0360776441900243,1.0360718541718297,1.0360783281792825,1.0361343455905578,1.0361131203921021,1.036172655227259,0.9969537,0.978636,1.0155742,1.0455339376902404,1.0610630775210799,1.0589116514640247,1.0484298224132467,1.05869528322437,1.0585613210933738,1.058756097866395,1.0589066336447661,1.05890608281584,1.058911296464236,1.0588609720865878,1.0588301226569568,1.0588780644469675,1.0846363,1.062043,1.0938182
0.3037109375,0.4335770265359973,0.4396993717897122,0.43779051103462796,0.43454170353197746,0.4377368473647054,0.43770362364156795,0.4377519302998571,0.4377892664790336,0.4377891298585877,0.4377904229849735,0.43777794124893177,0.4377702898834635,0.43778218057350093,0.44715843,0.42344317,0.45421925,1.0591133740744294,1.0334061481232688,1.0414251860771115,1.0550410487391277,1.0416524468290598,1.0415885663436122,1.0417931741988657,1.041430456025564,1.0414255589137422,1.0414310345332516,1.0414784129772585,1.0414604611676765,1.0415108142677325,1.0039024,0.98437726,1.0209727,1.040424391028024,1.0610630775210799,1.0546050402961316,1.0436673832757053,1.0544229253055035,1.0543101715315897,1.0544741122189734,1.0546008168292342,1.0546003532000463,1.0546047414950144,1.0545623838232603,1.0545364181206773,1.0545767703318918,1.0784297,1.0555896,1.0895627
0.3056640625,0.43206140868260867,0.43491020914034806,0.4365381243351611,0.4331804153960076,0.43666172805091574,0.4366323529993638,0.4367406942071511,0.4365408438828951,0.436538211655686,0.4365431706451968,0.43656689041195007,0.4365584704542501,0.43658557282094484,0.4466126,0.42084596,0.4522384,1.0655294234863455,1.0535060366346685,1.0466565150221447,1.0607926115984816,1.0461376183132123,1.0458062668396058,1.0462609101415066,1.0466450950164337,1.0466353245199351,1.0466561483409889,1.0465357268640423,1.0464572883429584,1.0465710804435338,1.0103344,0.9899179,1.0259445,1.0353362625802893,1.0449185397454026,1.0503946178247607,1.0390929537341973,1.0508113960344363,1.0507123508329999,1.051077636667219,1.0504037883482387,1.0503949122766199,1.0504116343510461,1.0504916180878632,1.050463225946242,1.050554614489827,1.0723401,1.0490371,1.0850005
0.3076171875,0.4305500322072939,0.43491020914034806,0.43545284753861907,0.43189559672800615,0.43548703573842806,0.4354789107389026,0.4355088774016098,0.43545359975258574,0.4354528716910609,0.43545424332397026,0.435460804098622,0.43545847517837494,0.43546597156407985,0.44601846,0.4188484,0.45041317,1.0719454728982616,1.0535060366346685,1.0512171724218338,1.0662343131842542,1.051072894588688,1.050980732309561,1.0511071808972203,1.0512139977552821,1.0512112816158725,1.0512170704879682,1.051183592871159,1.0511617849618895,1.051193421626897,1.0162543,0.9953283,1.0305108,1.0302694774772585,1.0449185397454026,1.0467448082197381,1.034780752152938,1.0468602182394655,1.046832790789894,1.0469339478275337,1.04674734752754,1.0467448897530613,1.046749520080646,1.0467716677157066,1.0467638058429627,1.046789111772003,1.0664444,1.0425016,1.0801615
0.3095703125,0.4290428882018596,0.43491020914034806,0.43436757074207705,0.4307155682309648,0.43428087160831697,0.4342254825182708,0.43430147609830466,0.43436566317456327,0.4343640311178342,0.4343675094929971,0.43434739340417056,0.43433428903536975,0.43435329940007383,0.44534948,0.4174878,0.44879845,1.078361522310178,1.0535060366346685,1.0558006196243823,1.0712435555311486,1.0561683553936145,1.0560809478179929,1.0564033659847643,1.0558087090232275,1.0558008793615226,1.0558156301231674,1.0558861890201392,1.055861141657206,1.0559417671568372,1.021698,1.0006689,1.0347131,1.0252239610586646,1.0449185397454026,1.0430913576136327,1.0308247585714476,1.0427984844238578,1.042611365529711,1.0428680893549367,1.043084914025955,1.0430794010793525,1.0430911507200487,1.043023199845374,1.0429789334369015,1.0430431500568,1.0608118,1.036104,1.0750961
0.3115234375,0.42833232183253994,0.43491020914034806,0.433282293945535,0.42967314672749657,0.43321120116373146,0.4331657824343605,0.43322809672482115,0.4332807297513482,0.4332793914743909,0.43328224372164825,0.43326574864664963,0.4332550031409978,0.4332705915286933,0.4445905,0.41677216,0.4474362,1.0813927242871357,1.0535060366346685,1.0604070278801132,1.075677666102222,1.0607101762664828,1.0606381224981436,1.06090389942103,1.0604136967266475,1.0604072420058437,1.0604194024270708,1.060477570192082,1.0604569215881783,1.0605233874701234,1.0267261,1.0059891,1.0386145,1.0228476307874854,1.0449185397454026,1.0394342386467248,1.0273336679707656,1.0391936907335864,1.0390400046190835,1.0392508596110437,1.0394289462463262,1.039424418223443,1.0394340687159496,1.0393782577730752,1.0393418999869968,1.039394643711264,1.0554972,1.0299655,1.0698699
0.3134765625,0.42833232183253994,0.4310171574173761,0.4322573897391391,0.42880187569804923,0.4322908980813494,0.43228288647023794,0.4323061372687214,0.4322583227478957,0.4322575212538277,0.43226242119703057,0.43226462495495005,0.4322633235488161,0.4322688080040649,0.4437383,0.41667643,0.4463497,1.0813927242871357,1.0699999755693077,1.0647621418639568,1.0793905633187715,1.0646176506461138,1.0645519452037049,1.0646521954517503,1.0647581183366164,1.0647404443007764,1.0647615747160895,1.064730941016166,1.0647129026832907,1.0647365530695398,1.0314195,1.0113248,1.0422949,1.0228476307874854,1.0318475583411275,1.0360087282112713,1.0244183595516487,1.0361211797959917,1.0360942937341002,1.0361723202178619,1.0360118593703664,1.0360091695721574,1.0360256136521573,1.0360330093803738,1.0360286419125042,1.0360470474920211,1.050535,1.0241938,1.0645586
0.3154296875,0.42833232183253994,0.4310171574173761,0.4314305681912971,0.42812948965602027,0.43142464546986065,0.4314219518880309,0.43142606155128216,0.43143040327860377,0.4314296788628032,0.43143054494559724,0.43142928934057057,0.43142854997141566,0.4314295193688411,0.4427998,0.41714188,0.44554055,1.0813927242871357,1.0699999755693077,1.0682506849593458,1.082258593069325,1.0682760776647788,1.0682700063824457,1.068287626189679,1.0682513919862764,1.0682507846201426,1.0682544977662212,1.0682561677649443,1.068255181564343,1.0682593376707208,1.0358692,1.016701,1.0458461,1.0228476307874854,1.0318475583411275,1.0332351415234187,1.0221699089450962,1.0332152562752794,1.0332062126689474,1.033220010709656,1.0332345878386062,1.0332321556535076,1.0332350634773337,1.0332308478539434,1.0332283654611727,1.0332316201613225,1.0459336,1.0188789,1.0592407
0.3173828125,0.42833232183253994,0.4310171574173761,0.43060374664345513,0.4276711164394917,0.430588109436959,0.4305809978252214,0.43059184818406054,0.4306033112399219,0.4306013986327558,0.43060368527001175,0.4306003702137001,0.4305984181265935,0.43060097753579096,0.44179115,0.41807854,0.44498876,1.0813927242871357,1.0699999755693077,1.0717526250705496,1.0842218813083564,1.0718205103597316,1.0718042790116582,1.0718513853965093,1.0717545152068273,1.071752891499419,1.0717628180974252,1.0717672826363962,1.0717646461471373,1.0717757570313797,1.040169,1.0221324,1.0493644,1.0228476307874854,1.0318475583411275,1.0304594465777879,1.0206399088872422,1.0304068881494095,1.030382984951457,1.0304194545755714,1.030457983147767,1.0304515546975932,1.0304592402962203,1.030448098080802,1.030441536916124,1.0304501393500223,1.0416752,1.0140852,1.0539885
0.3193359375,0.42833232183253994,0.4310171574173761,0.42977692509561316,0.42742133914738056,0.42976497668133545,0.42975954268753075,0.42976783346392383,0.4297765924030831,0.4297751309769149,0.42977687820006777,0.42977434516028373,0.4297728535674304,0.4297748092160563,0.4407342,0.41937038,0.44465542,1.0813927242871357,1.0699999755693077,1.075268039518667,1.085269262442122,1.0753204684144546,1.0753079327656523,1.0753443134043843,1.07526949931326,1.0752682452876936,1.0752759118134865,1.0752793598670274,1.0752773236536355,1.0752859048026642,1.044407,1.0276239,1.0529437,1.0228476307874854,1.0318475583411275,1.0276816312065338,1.019785743929501,1.0276414295262761,1.0276231461336671,1.0276510415108548,1.0276805118343735,1.0276755947380674,1.0276814734225266,1.0276729507862832,1.0276679321803546,1.027674512144536,1.0377162,1.0098487,1.0488634
0.3212890625,0.42833232183253994,0.42829563675761223,0.42904322187905763,0.42731852645599555,0.42907126680692276,0.4290621397607848,0.42911373916229295,0.42904564187306626,0.42904340577260364,0.42904587279062795,0.42904979091791834,0.4290473066814666,0.4290596332431668,0.43965536,0.4208828,0.44448796,1.0813927242871357,1.0814448193087804,1.0781410624513568,1.0857020253582366,1.0780217866758421,1.0778411803767693,1.0780606025184862,1.078130769541956,1.0781297873912368,1.0781402802967452,1.0781131227673129,1.0780712626192432,1.078123688714966,1.0486566,1.0331715,1.0566661,1.0228476307874854,1.0227254276890954,1.0252114453464563,1.0195473188972464,1.0253074982781636,1.0252762387210883,1.0254529600140865,1.0252197338405422,1.0252120751835996,1.0252205247336343,1.0252339443018947,1.0252254358088053,1.0252676540111578,1.0339938,1.0061741,1.043912
0.3232421875,0.42833232183253994,0.42829563675761223,0.42854483179809405,0.42733332976926064,0.4285324029618567,0.42851358023740355,0.4285364478487726,0.4285437593150635,0.42854365697796454,0.4285447503009057,0.42854192055836365,0.42853755867698184,0.42854302151209694,0.43858072,0.42247328,0.4444251,1.0813927242871357,1.0814448193087804,1.0803422862859875,1.0857508607033532,1.0803957647768065,1.0803783601963877,1.080476760639164,1.080346900817301,1.0803426369399811,1.0803473411403912,1.080354812418482,1.0803500753470394,1.08037358051609,1.0529717,1.0387613,1.0605959,1.0228476307874854,1.0227254276890954,1.023554308250522,1.0194531842282168,1.0235120296643212,1.0234480003565904,1.0235257890192355,1.0235506600548914,1.0235503119412603,1.023554031026976,1.0235444052675644,1.0235295676768688,1.0235481503165038,1.0304325,1.0030339,1.0391654
0.3251953125,0.42833232183253994,0.42829563675761223,0.4280464417171304,0.42733126826155,0.428037093407842,0.42802293595605195,0.4280401357565547,0.42804563505246085,0.4280455580799403,0.4280463804192817,0.4280442520375102,0.42804097126242735,0.4280450801163274,0.43753368,0.42400187,0.4444041,1.0813927242871357,1.0814448193087804,1.0825486360509762,1.0857124080360328,1.0825885869640888,1.0825755849980707,1.0826490935402162,1.082552083342464,1.082548898007638,1.0825524122861658,1.0825579937042737,1.0825544548764687,1.0825720143618371,1.057382,1.0443689,1.0647743,1.0228476307874854,1.0227254276890954,1.0218963386343103,1.019467790896058,1.021864290334505,1.0218157545929403,1.0218747202829652,1.021893573200512,1.0218933093207319,1.0218961284911228,1.021888831899384,1.0218775846054349,1.0218916707494066,1.0269519,1.0003723,1.0346409
0.3271484375,0.42833232183253994,0.42829563675761223,0.4275480516361668,0.42744024838509564,0.42754178385382746,0.42753229167470047,0.42754382366433685,0.4275475107898583,0.42754745918191617,0.42754801053765784,0.42754658351665675,0.42754438384787286,0.42754713872055794,0.43653095,0.42534176,0.44436544,1.0813927242871357,1.0814448193087804,1.0847601296721179,1.0851683122315545,1.084786489944971,1.084777911074421,1.084826412463311,1.0847624042669464,1.0847603025166863,1.0847626213107149,1.0847663040403908,1.0847639690529127,1.0847755551140055,1.0618914,1.0499595,1.0692176,1.0228476307874854,1.0227254276890954,1.0202375335864289,1.0198645344987691,1.0202157258158737,1.0201826990336016,1.0202228230312704,1.020235651800783,1.0202354722394025,1.0202373905909676,1.020232425504353,1.0202247721038458,1.020234357246423,1.0234733,0.9981059,1.0303453
0.3291015625,0.42833232183253994,0.4270300367696674,0.4270300367696674,0.42762132995028346,0.4270300367696674,0.4270300367696674,0.4270300367696674,0.4270300367696674,0.4270300367696674,0.4270300367696674,0.4270300367696674,0.4270300367696674,0.4270300367696674,0.4355808,0.42638814,0.44425794,1.0813927242871357,1.0875962208941876,1.0875962208941876,1.0843395616133005,1.0875962208941876,1.0875962208941876,1.0875962208941876,1.0875962208941876,1.0875962208941876,1.0875962208941876,1.0875962208941876,1.0875962208941876,1.0875962208941876,1.066476,1.0554901,1.0739168,1.0228476307874854,1.018591861949562,1.018591861949562,1.0205078502077827,1.018591861949562,1.018591861949562,1.018591861949562,1.018591861949562,1.018591861949562,1.018591861949562,1.018591861949562,1.018591861949562,1.018591861949562,1.0199237,0.9961309,1.0262804
0.3310546875,0.42833232183253994,0.4270300367696674,0.4270300367696674,0.4278073404469753,0.4270300367696674,0.4270300367696674,0.4270300367696674,0.4270300367696674,0.4270300367696674,0.4270300367696674,0.4270300367696674,0.4270300367696674,0.4270300367696674,0.43468148,0.4270655,0.4440413,1.0813927242871357,1.0875962208941876,1.0875962208941876,1.0835614722809332,1.0875962208941876,1.0875962208941876,1.0875962208941876,1.0875962208941876,1.0875962208941876,1.0875962208941876,1.0875962208941876,1.0875962208941876,1.0875962208941876,1.0710887,1.0609084,1.0788387,1.0228476307874854,1.018591861949562,1.018591861949562,1.021122991289585,1.018591861949562,1.018591861949562,1.018591861949562,1.018591861949562,1.018591861949562,1.018591861949562,1.018591861949562,1.018591861949562,1.018591861949562,1.0162407,0.9943292,1.0224452
0.3330078125,0.42833232183253994,0.4270300367696674,0.4270300367696674,0.4279651392571527,0.4270300367696674,0.4270300367696674,0.4270300367696674,0.4270300367696674,0.4270300367696674,0.4270300367696674,0.4270300367696674,0.4270300367696674,0.4270300367696674,0.43382114,0.42733133,0.44368765,1.0813927242871357,1.0875962208941876,1.0875962208941876,1.0829559180743806,1.0875962208941876,1.0875962208941876,1.0875962208941876,1.0875962208941876,1.0875962208941876,1.0875962208941876,1.0875962208941876,1.0875962208941876,1.0875962208941876,1.0756614,1.0661592,1.0839292,1.0228476307874854,1.018591861949562,1.018591861949562,1.0216098316825495,1.018591861949562,1.018591861949562,1.018591861949562,1.018591861949562,1.018591861949562,1.018591861949562,1.018591861949562,1.018591861949562,1.018591861949562,1.0123764,0.9925762,1.0188419
0.3349609375,0.42833232183253994,0.4270300367696674,0.4270300367696674,0.4280758764355454,0.4270300367696674,0.4270300367696674,0.4270300367696674,0.4270300367696674,0.4270300367696674,0.4270300367696674,0.4270300367696674,0.4270300367696674,0.4270300367696674,0.4329795,0.42717797,0.44318166,1.0813927242871357,1.0875962208941876,1.0875962208941876,1.0825320952013782,1.0875962208941876,1.0875962208941876,1.0875962208941876,1.0875962208941876,1.0875962208941876,1.0875962208941876,1.0875962208941876,1.0875962208941876,1.0875962208941876,1.080114,1.0711855,1.0891168,1.0228476307874854,1.018591861949562,1.018591861949562,1.0219602580798266,1.018591861949562,1.018591861949562,1.018591861949562,1.018591861949562,1.018591861949562,1.018591861949562,1.018591861949562,1.018591861949562,1.018591861949562,1.0082954,0.9907495,1.0154749
0.3369140625,0.42833232183253994,0.42664067520195736,0.42675474700408167,0.4281420909588935,0.42672515656329296,0.42669853505702227,0.42673384193749836,0.4267540472241186,0.42675265920870953,0.42675444584008604,0.4267478604725017,0.4267415803285799,0.42675023312311067,0.43213055,0.4266289,0.4425202,1.0813927242871357,1.0885855831112026,1.0882970042117073,1.0822468939179362,1.0883718473028734,1.0883498783128664,1.0884391899393813,1.0882987740450911,1.0882977658934125,1.0883022845314665,1.0883144213868567,1.0883084204983322,1.0883303053975901,1.08436,1.0759333,1.0943172,1.0228476307874854,1.0167567725371314,1.0168414681129592,1.0222018508682238,1.0168194992859558,1.0167997338674684,1.0168259476663053,1.0168409485864527,1.0168399181026702,1.01684124452463,1.0168363554316042,1.0168316928978949,1.0168381169347145,1.0039791,0.98873776,1.0123488
0.3388671875,0.42833232183253994,0.42664067520195736,0.4266786991359988,0.4281833440620204,0.42666883565573593,0.42665996182031235,0.42667173078047105,0.4266784658760111,0.4266780032042081,0.4266785987480003,0.42667640362547216,0.4266743102441649,0.4266771945090085,0.43124574,0.42573413,0.44171,1.0813927242871357,1.0885855831112026,1.0884893730000234,1.082047455622421,1.0885143284372802,1.0885070034078062,1.0885367809755846,1.0884899631541527,1.0884896269843178,1.0884911337283387,1.0884951807323167,1.0884931797586777,1.0885004771241813,1.0883186,1.0803581,1.09944,1.0228476307874854,1.0167567725371314,1.0167850059751196,1.0223676584193109,1.016777682319753,1.0167710933869836,1.0167798319671324,1.0167848327803026,1.0167844892477491,1.0167849314373494,1.0167833015630927,1.0167817472265928,1.0167838887932046,0.9994241,0.9864453,1.0094665
0.3408203125,0.42833232183253994,0.42664067520195736,0.4266026512679159,0.42821788939258004,0.4266125147481788,0.4266096196234437,0.4266213885836024,0.4266028845279036,0.42660275165591444,0.4266033471997066,0.4266049467784426,0.42660415589490625,0.4266070401597498,0.43029878,0.42456108,0.44076556,1.0813927242871357,1.0885855831112026,1.088681810373175,1.0818941408286264,1.0886568471920874,1.0886343896592958,1.088664174255214,1.0886812200092661,1.0886800490228012,1.0886815562984395,1.0886760006325968,1.0886707025182718,1.088678002284044,1.0919231,1.0844278,1.1043956,1.0228476307874854,1.0167567725371314,1.0167285375192014,1.0224847450032863,1.0167358618879347,1.0167337120532136,1.0167424512807992,1.0167287107333434,1.016728612065303,1.0167290543038763,1.0167302421162328,1.0167296548236806,1.0167317966114067,0.99464214,0.9837981,1.006823
0.3427734375,0.42833232183253994,0.42664067520195736,0.42652660339983306,0.4282502309872841,0.42655619384062177,0.42654750846641637,0.42658281534689246,0.42652730317979615,0.4265269045638287,0.4265286911952052,0.42653348993141305,0.42653111728080406,0.42653977007533483,0.42927063,0.42318538,0.43970737,1.0813927242871357,1.0885855831112026,1.0888743163678463,1.0817652878180146,1.0887994035821966,1.0887320159953022,1.0888213908750757,1.088872544646446,1.0888690304495603,1.088873553872172,1.088856881118131,1.0888409816052527,1.0888628881069307,1.0951308,1.0881268,1.1091034,1.0228476307874854,1.0167567725371314,1.0166720627418264,1.0225719727575648,1.0166940379891294,1.0166875879227077,1.0167138075484745,1.016672582442258,1.0166722864051387,1.016673613267855,1.0166771770882217,1.0166754150231503,1.0166818410499983,0.98965865,0.9807457,1.0044036
0.3447265625,0.42833232183253994,0.42642165382500447,0.42642165382500447,0.4282753860870212,0.42642165382500447,0.42642165382500447,0.42642165382500447,0.42642165382500447,0.42642165382500447,0.42642165382500447,0.42642165382500447,0.42642165382500447,0.42642165382500447,0.42815474,0.42168114,0.4385586,1.0813927242871357,1.0890377614560256,1.0890377614560256,1.0816523705019283,1.0890377614560256,1.0890377614560256,1.0890377614560256,1.0890377614560256,1.0890377614560256,1.0890377614560256,1.0890377614560256,1.0890377614560256,1.0890377614560256,1.0979301,1.0914569,1.1134979,1.0228476307874854,1.0166472196810572,1.0166472196810572,1.0226415403529736,1.0166472196810572,1.0166472196810572,1.0166472196810572,1.0166472196810572,1.0166472196810572,1.0166472196810572,1.0166472196810572,1.0166472196810572,1.0166472196810572,0.9845133,0.97726065,1.0021808
0.3466796875,0.42833232183253994,0.42642165382500447,0.42642165382500447,0.4282911709513756,0.42642165382500447,0.42642165382500447,0.42642165382500447,0.42642165382500447,0.42642165382500447,0.42642165382500447,0.42642165382500447,0.42642165382500447,0.42642165382500447,0.4269606,0.42011273,0.43734297,1.0813927242871357,1.0890377614560256,1.0890377614560256,1.0815537209513404,1.0890377614560256,1.0890377614560256,1.0890377614560256,1.0890377614560256,1.0890377614560256,1.0890377614560256,1.0890377614560256,1.0890377614560256,1.0890377614560256,1.1003455,1.0944387,1.1175355,1.0228476307874854,1.0166472196810572,1.0166472196810572,1.0227015593791082,1.0166472196810572,1.0166472196810572,1.0166472196810572,1.0166472196810572,1.0166472196810572,1.0166472196810572,1.0166472196810572,1.0166472196810572,1.0166472196810572,0.97925746,0.9733369,1.0001159
0.3486328125,0.42833232183253994,0.42642165382500447,0.42642165382500447,0.428303168799504,0.42642165382500447,0.42642165382500447,0.42642165382500447,0.42642165382500447,0.42642165382500447,0.42642165382500447,0.42642165382500447,0.42642165382500447,0.42642165382500447,0.42571518,0.41852936,0.43608266,1.0813927242871357,1.0890377614560256,1.0890377614560256,1.0814699046621798,1.0890377614560256,1.0890377614560256,1.0890377614560256,1.0890377614560256,1.0890377614560256,1.0890377614560256,1.0890377614560256,1.0890377614560256,1.0890377614560256,1.102439,1.0971059,1.1211983,1.0228476307874854,1.0166472196810572,1.0166472196810572,1.0227577470273626,1.0166472196810572,1.0166472196810572,1.0166472196810572,1.0166472196810572,1.0166472196810572,1.0166472196810572,1.0166472196810572,1.0166472196810572,1.0166472196810572,0.9739532,0.9689873,0.9981606
0.3505859375,0.42833232183253994,0.42642165382500447,0.42642165382500447,0.42831853465356484,0.42642165382500447,0.42642165382500447,0.42642165382500447,0.42642165382500447,0.42642165382500447,0.42642165382500447,0.42642165382500447,0.42642165382500447,0.42642165382500447,0.4244621,0.41696256,0.4347952,1.0813927242871357,1.0890377614560256,1.0890377614560256,1.0814008043583552,1.0890377614560256,1.0890377614560256,1.0890377614560256,1.0890377614560256,1.0890377614560256,1.0890377614560256,1.0890377614560256,1.0890377614560256,1.0890377614560256,1.1043081,1.0995054,1.1244943,1.0228476307874854,1.0166472196810572,1.0166472196810572,1.0228136044355305,1.0166472196810572,1.0166472196810572,1.0166472196810572,1.0166472196810572,1.0166472196810572,1.0166472196810572,1.0166472196810572,1.0166472196810572,1.0166472196810572,0.9686707,0.96423864,0.9962613
0.3525390625,0.42833232183253994,0.426611625757063,0.4264709701857582,0.4283383479575642,0.42646449608815373,0.42646404657353953,0.42646482723699825,0.42646798848188067,0.42646591207469525,0.426470584637847,0.42646954054802716,0.4264693484494521,0.42646957228033344,0.42325684,0.4154267,0.4334914,1.0813927242871357,1.0882440587075328,1.0887757535215696,1.0813442875423378,1.0888180889906522,1.0888159235083774,1.088821028507813,1.088795251342935,1.0887782746634558,1.0888088294506963,1.0887851021090873,1.0887848946067191,1.088786358271492,1.1060796,1.1016924,1.1274551,1.0228476307874854,1.0173128344199294,1.0168674077768853,1.022870002126534,1.0167982892179206,1.016793490112662,1.016801824626308,1.0168355746409052,1.0168134065554033,1.01686329161086,1.0168521447494243,1.0168500938750056,1.0168524835284611,0.9634829,0.95912826,0.99436307
0.3544921875,0.42833232183253994,0.426611625757063,0.4265647405666281,0.4283578187910657,0.42649896695651995,0.42649440011172113,0.4265023312639986,0.42653444793894757,0.4265133526751777,0.4265608235917015,0.42655021615867783,0.42654826453274464,0.42655053854311964,0.42215952,0.4139224,0.43217325,1.0813927242871357,1.0882440587075328,1.0884212513519473,1.0812964183436637,1.088687747160956,1.0886741139570646,1.0887062537583725,1.0885439781837594,1.0884371195098281,1.088629453331138,1.0884800930178398,1.0884787869219719,1.0884879998018713,1.1079022,1.1037285,1.1301321,1.0228476307874854,1.0173128344199294,1.0171643642311958,1.022925309736803,1.016907456619329,1.0168896183589566,1.0169205976882136,1.0170460446251932,1.0169636473729657,1.0171490651111328,1.0171076338435359,1.0171000110096087,1.0171088930402985,0.95845836,0.9537021,0.9924132
0.3564453125,0.42833232183253994,0.426611625757063,0.42665851094749796,0.42837261843575114,0.4265334378248861,0.4265247536499028,0.4265398352909989,0.4266009073960145,0.4265607932756602,0.42665106254555607,0.4266308917693285,0.42662718061603716,0.4266315048059058,0.42122743,0.41243988,0.43083248,1.0813927242871357,1.0882440587075328,1.0880669050062575,1.0812527179088887,1.0885574263987574,1.0885323293433018,1.0885914953447702,1.0882927833154519,1.0880961086684353,1.0884501171107497,1.0881751992806146,1.0881727954236524,1.0881897517109742,1.109934,1.1056815,1.1325907,1.0228476307874854,1.0173128344199294,1.0174612992520706,1.0229763345426952,1.017016621122891,1.0169857443582453,1.0170393673199472,1.0172565038405907,1.0171138827023871,1.01743481876138,1.017363107070771,1.0173499129616796,1.0173652865707636,0.9536551,0.9480135,0.99036336
0.3583984375,0.42833232183253994,0.426611625757063,0.42675228132836784,0.4283829760729252,0.42694960215869227,0.42693950923625623,0.4269633026930886,0.42684315921140936,0.4267640322531475,0.4269064450027189,0.4267958545522186,0.42679488739889315,0.42680170943001816,0.4205075,0.41096348,0.42945114,1.0813927242871357,1.0882440587075328,1.0877127143817822,1.081209723094679,1.086914398255254,1.0868589963401185,1.0869552140642318,1.087344951022724,1.0870889394423568,1.0876651520850915,1.087536363318683,1.0875126699984021,1.0875402772244152,1.1123303,1.1076224,1.134905,1.0228476307874854,1.0173128344199294,1.0177582128536378,1.0230196506761342,1.0185287664764053,1.018489355447153,1.0185822641200277,1.0181131117720974,1.0178041042024015,1.0183602436267578,1.0179283791400116,1.0179246021787267,1.0179512437595017,0.9491114,0.94212264,0.98817146
0.3603515625,0.42833232183253994,0.42717181687196365,0.42697889378334597,0.4283916130003338,0.42694577099927794,0.42689347901908503,0.4269631698763823,0.42697052057095364,0.4269575099824259,0.4269788428629728,0.42697174181833714,0.42695901535450875,0.4269752107303396,0.42003062,0.4094754,0.42800343,1.0813927242871357,1.0862053143960761,1.0868832833553033,1.081166254408519,1.0870045377045792,1.0869408423578568,1.0871960040583535,1.0869139338454965,1.0868834697478018,1.0869615620280857,1.0869094633440692,1.0868967651750325,1.0869560511268441,1.1152283,1.1096236,1.1371518,1.0228476307874854,1.0190223984633235,1.0184376791308158,1.0230528133933539,1.0183311404324087,1.0181629393288372,1.018387103846788,1.018410747116494,1.0183688988979294,1.0184375153484948,1.0184146752069527,1.0183737409077798,1.0184258327967968,0.9448435,0.93609816,0.98580194
0.3623046875,0.42833232183253994,0.42717181687196365,0.42710750917575774,0.4283994927523355,0.42707356378406425,0.42701997312736006,0.42709139476400604,0.42709892801380567,0.4270855943060222,0.427107456990772,0.427100179590989,0.42708713706417,0.4271037346537649,0.41980845,0.40795812,0.4264588,1.0813927242871357,1.0862053143960761,1.0864312359966188,1.0811239568672362,1.0865545677269592,1.086489781065958,1.0867493153194094,1.086462411559716,1.0864314255821128,1.0865108557192091,1.0864578644723546,1.0864449487694243,1.0865052504002441,1.1187361,1.1117555,1.1394042,1.0228476307874854,1.0190223984633235,1.0188275007430185,1.0230750368381516,1.0187194289628905,1.0185488073567506,1.0187761976918825,1.0188001811844327,1.018757730775016,1.0188273346039252,1.0188041657992353,1.0187626424612142,1.0188154839439225,0.9408439,0.93001384,0.9832251
0.3642578125,0.42833232183253994,0.42717181687196365,0.42723612456816956,0.428404974010656,0.4272735343389115,0.42725388357518634,0.4273325943196982,0.4272455815013587,0.4272361820790202,0.4272602760129385,0.427244202191439,0.4272402843081333,0.4272585758048767,0.41983226,0.40639722,0.4247869,1.0813927242871357,1.0862053143960761,1.0859794608070936,1.0810869112004593,1.085843687657224,1.0856293867075097,1.0859150041912955,1.0859451360414465,1.0858918040420416,1.0859792520618416,1.0859501422727154,1.0858979745593202,1.0859643624800932,1.12292,1.1140807,1.1417264,1.0228476307874854,1.0190223984633235,1.0192172874650167,1.0230874380981931,1.019336321005068,1.0192737949529194,1.019524236583938,1.0192473786242113,1.0192174704602734,1.0192941349140698,1.0192429897895925,1.0192305234295231,1.0192887250673313,0.9370852,0.9239488,0.98042023
0.3662109375,0.42833232183253994,0.42717181687196365,0.42736473996058133,0.4284068169340819,0.4273943983656009,0.42737881927227994,0.4274412210217113,0.4273722374017365,0.4273647855550896,0.42738388718646797,0.4273711438870895,0.4273680377956168,0.42738253926429914,0.42007306,0.4047829,0.4229614,1.0813927242871357,1.0862053143960761,1.085527957541,1.0810597461587546,1.0854194633348633,1.085248210769179,1.085476451756148,1.085500529528428,1.0854579128382564,1.0855277907389502,1.0855045298911432,1.08546284362437,1.0855158928981714,1.1277999,1.1166483,1.1441675,1.0228476307874854,1.0190223984633235,1.0196070393283116,1.0230928042818184,1.0197025745274801,1.0196523916420126,1.0198533948533777,1.0196311901607706,1.0196071861981866,1.0196687163087461,1.01962766772846,1.0196176623633646,1.0196643744137759,0.9335253,0.91798,0.977377
0.3681640625,0.42833232183253994,0.4276405488963574,0.42751353884348725,0.4284053188086571,0.42740957653514106,0.42736740339356943,0.4274801139848934,0.42744680614468983,0.4272782311158734,0.4275009633259247,0.42748918747247067,0.42747952899557723,0.42750632165369434,0.42048386,0.40311235,0.42096388,1.0813927242871357,1.084628913444964,1.0850667998759558,1.081044003631966,1.0854482404585304,1.085189416369927,1.085603027790924,1.0853116226668191,1.0851129299341267,1.08593041582602,1.0851561290904252,1.085093273952304,1.0851915625284656,1.1333444,1.1194896,1.1467572,1.0228476307874854,1.0204312702850442,1.0200286650178143,1.023092730655984,1.0196938321800304,1.019557997467946,1.0199210158288774,1.0198137409554353,1.0192707705949504,1.0199881641977762,1.0199502384529129,1.019919131770328,1.0200054213187768,0.9301142,0.91217226,0.9740988
0.3701171875,0.42833232183253994,0.4276405488963574,0.42759821221206734,0.428405339900631,0.42764240952910176,0.4276124220646149,0.4276603385241196,0.42762658216933586,0.4276035584201828,0.42769824818090496,0.4276085646684735,0.4276012804435298,0.42761267076011505,0.418787,0.401391,0.42100248,1.0813927242871357,1.084628913444964,1.0847748466850777,1.081044628258888,1.0846150675346766,1.0845502612606526,1.084723472585013,1.0846722817389083,1.084413250633172,1.0847555176791621,1.0847374182228702,1.0847225734852184,1.0847637535553774,1.1394742,1.1226132,1.1495,1.0228476307874854,1.0204312702850442,1.0202970721729232,1.023096008752052,1.020438881613937,1.0203426657164398,1.0204964065025872,1.0203880991907017,1.0203142259980078,1.0206180366539934,1.0203302889712254,1.0203069168977186,1.0203434636734876,0.9268014,0.90657425,0.97060823
0.3720703125,0.42833232183253994,0.4276405488963574,0.42768288558064743,0.42840579422823194,0.4277179850396848,0.4276941703863978,0.42773222341586764,0.4277054156847318,0.4276871312911418,0.4277623295067966,0.42769110702131274,0.4276853222277509,0.4276943678888279,0.4164356,0.3996348,0.4215553,1.0813927242871357,1.084628913444964,1.0844830090969557,1.081056890871285,1.0843543817594603,1.0843022090702972,1.0844416518971227,1.084400441657256,1.084191904856266,1.0844674489188548,1.084452878476419,1.0844409280983829,1.08447407894891,1.146066,1.1260041,1.1523771,1.0228476307874854,1.0204312702850442,1.0205654647549862,1.023094534686477,1.0206784886536107,1.0206018033086959,1.0207243368947827,1.0206380143522824,1.0205791365336336,1.0208212783906936,1.0205919389005158,1.0205733111028206,1.0206024392898039,0.9235411,0.90120894,0.96694785
0.3740234375,0.42833232183253994,0.4276405488963574,0.4277675589492275,0.428404681938025,0.42779222448150195,0.42777548914952346,0.4278022302518729,0.4277833915866721,0.42777054254818025,0.4278233867818546,0.42777333642317256,0.42776927126045455,0.4277756279409094,0.41392902,0.39787027,0.42206293,1.0813927242871357,1.084628913444964,1.0841912870429418,1.0810845749562776,1.0840986444004612,1.0840610662176269,1.0841615003979825,1.08413181913282,1.0839816154593713,1.0841800802099402,1.0841695861495502,1.0841609790931477,1.0841848553330165,1.1529601,1.1296225,1.1553457,1.0228476307874854,1.0204312702850442,1.0208338427726573,1.0230892764553263,1.0209137907874768,1.0208595469705115,1.0209462219201957,1.020885161028523,1.0208435135446692,1.0210147945783554,1.0208525693428432,1.020839392908447,1.0208599968343728,0.92029655,0.8960742,0.96318066
0.3759765625,0.42833232183253994,0.4278492038206043,0.4278039921131114,0.4284014510653056,0.4277125051660991,0.42769911868085436,0.42779827140902,0.4277872883416714,0.4277635310335747,0.42780289138564603,0.42778256287952365,0.4277795851024725,0.42780275688254005,0.41130057,0.39613456,0.42244637,1.0813927242871357,1.083869256491319,1.0840648045880432,1.0811197736360973,1.084409007717019,1.084086323389848,1.0844593843016113,1.0841276385276606,1.0840689450015297,1.0842170139399563,1.0841454150087462,1.0840694509397382,1.0841566171618877,1.158345,1.1334059,1.1599679,1.0228476307874854,1.0211697020442188,1.0209733981897802,1.0230771984179297,1.0206765879289768,1.0206331565776856,1.020954839156216,1.0209192078103348,1.0208421331816802,1.0209698272302568,1.0209038773422643,1.0208942167321864,1.0209693908775868,0.91704285,0.8911443,0.95938826
0.3779296875,0.42833232183253994,0.4278492038206043,0.42783413325144004,0.428395185043101,0.4278718688272416,0.4278364928674282,0.427877390344192,0.42784102304778726,0.4278345872679535,0.42785082221291193,0.42784297215682304,0.42783464274638305,0.427844200399051,0.4085989,0.3944736,0.42263263,1.0813927242871357,1.083869256491319,1.083934434598072,1.0811565924610969,1.0837884422335686,1.08376708260664,1.083925304900322,1.0839077772553127,1.0838698647393181,1.0839326779342655,1.0839002361043688,1.0838954840401789,1.083932463279445,1.1613039,1.1372726,1.1668843,1.0228476307874854,1.0211697020442188,1.021104268153157,1.023057880272852,1.0212346318716912,1.0211124199394381,1.0212537065491845,1.0211280703537204,1.0211058366491408,1.0211619233500426,1.021134803924614,1.0211060283110627,1.0211390471178998,0.9137678,0.88637817,0.95566714
0.3798828125,0.42833232183253994,0.4278492038206043,0.4278642743897686,0.42838688671776337,0.4278947700387727,0.4278661812911324,0.42789923220052095,0.42786984231358194,0.4278646412989237,0.42787776141628087,0.4278714174676312,0.42786468613329237,0.42787241005998156,0.40588772,0.39293838,0.42256188,1.0813927242871357,1.083869256491319,1.0838040829760744,1.0811900320285475,1.0836894160530657,1.0836726392152742,1.0837969123425868,1.083783145763436,1.0837533682886697,1.083802703261007,1.0837772227684737,1.0837734903816563,1.0838025346672457,1.1641496,1.1411262,1.1734959,1.0228476307874854,1.0211697020442188,1.0212351352082985,1.0230320247238305,1.0213340623410496,1.0212413212152225,1.0213485372949154,1.021253197583669,1.0212363254659178,1.0212788870669993,1.0212583073784245,1.0212364709091155,1.0212615273417869,0.9104731,0.8817299,0.9521206
0.3818359375,0.42833232183253994,0.4278492038206043,0.42789441552809726,0.4283778479285937,0.4279176712503039,0.4278958697148367,0.42792107405685,0.42789866157937667,0.4278946953298941,0.42790470061964986,0.42789986277843944,0.42789472952020174,0.4279006197209122,0.4032443,0.39158183,0.4221915,1.0813927242871357,1.083869256491319,1.0836737497181692,1.0812176094761246,1.0835904004718886,1.0835782054650271,1.0836685376012078,1.0836585310595903,1.0836368865063417,1.083672746845805,1.0836542257875852,1.0836515128081754,1.0836726243001675,1.1668189,1.1448624,1.1795934,1.0228476307874854,1.0211697020442188,1.02136599935582,1.0230016180793955,1.021433491132182,1.021370219670109,1.021443366514134,1.021378322155533,1.0213668113918637,1.021395848461485,1.0213818082427113,1.0213669106183847,1.0213840050188936,0.90717363,0.87715906,0.9488535
0.3837890625,0.42833232183253994,0.42790948609726154,0.42788827141338037,0.4283687343389637,0.42784933584263346,0.4277493293730531,0.427850759511211,0.42787517896417315,0.42784395126426006,0.42788726507626856,0.4278791514299548,0.42785827065593685,0.4278795413339348,0.40075693,0.3904538,0.42149985,1.0813927242871357,1.083515333692899,1.083644281192813,1.0812398640268575,1.0838253116267635,1.0838186917177255,1.084290441452033,1.0837051506898572,1.083648959729477,1.0838503497478722,1.0836866814833557,1.0836848687191687,1.0837837664146799,1.1692647,1.1483753,1.1849831,1.0228476307874854,1.0214847789995678,1.0213892029064457,1.0229695854949354,1.0212489644721832,1.0208887346990576,1.0212540923512698,1.0213420470494186,1.021229569815427,1.021385578344405,1.0213563549839282,1.021281146446443,1.021357759327834,0.9038972,0.8726406,0.94596326
0.3857421875,0.42833232183253994,0.42790948609726154,0.42790241453596783,0.428359891800718,0.42791755531422015,0.42791700169577246,0.4279564445805304,0.4279075057640255,0.4279028058677697,0.4279196492017778,0.42790596100116823,0.42790580938018036,0.4279140808556632,0.3985208,0.38959563,0.4204876,1.0813927242871357,1.083515333692899,1.0835583147722037,1.0812595929151319,1.0834848415458769,1.0832961485290837,1.083487527982877,1.0835336081335976,1.0834746810061946,1.0835564157019815,1.0835411044745387,1.0835017014929627,1.0835418402555161,1.1714629,1.1515657,1.1894991,1.0228476307874854,1.0214847789995678,1.0214529206180745,1.0229391832655013,1.021509405789032,1.0215073404403603,1.02165448437823,1.0214719143873277,1.0214543805575496,1.0215172173092557,1.021466151374413,1.0214655857248,1.0214964438299121,0.9006836,0.8681726,0.9435322
0.3876953125,0.42833232183253994,0.42790948609726154,0.42791655765855524,0.4283519134722974,0.4279295361821375,0.427929061625945,0.42796287167199765,0.42792092180829094,0.4279168931042592,0.4279313310415953,0.42791959765303045,0.4279194676850371,0.4279265579110364,0.39663213,0.38903695,0.41917768,1.0813927242871357,1.083515333692899,1.0834723540341675,1.0812802901637981,1.0834120270797647,1.083257093359366,1.0834142328540262,1.083452068124111,1.0834036844770092,1.083470794764698,1.0834582231612462,1.083425870397539,1.0834588272902088,1.1734129,1.1543467,1.1930133,1.0228476307874854,1.0214847789995678,1.0215166370648683,1.0229131957809423,1.0215633801879367,1.0215616710492998,1.0216834375925081,1.0215323549459605,1.0215178452054943,1.0215698444594425,1.0215275858881354,1.0215271177970007,1.0215526537769577,0.8975839,0.863776,0.9416216
0.3896484375,0.42833232183253994,0.42790948609726154,0.4279307007811427,0.42834558814215845,0.42794151705005495,0.42794112155611763,0.4279692987634649,0.4279343378525565,0.4279309803407487,0.42794301288141295,0.42793323430489266,0.4279331259898939,0.42793903496640967,0.39518148,0.38879207,0.4176134,1.0813927242871357,1.083515333692899,1.0833863989781416,1.081304475761305,1.0833392166907536,1.0832180393626816,1.0833409418562765,1.083370533227298,1.083332691823901,1.0833851794645961,1.0833753471301968,1.0833500437240011,1.0833758196239367,1.1751378,1.1566496,1.1954441,1.0228476307874854,1.0214847789995678,1.0215803522469533,1.0228931511710837,1.0216173536793491,1.0216160007387274,1.0217123905456849,1.0215927943666057,1.021581308598708,1.02162247074688,1.0215890192261279,1.0215886486897336,1.0216088627397695,0.8946567,0.8594945,0.94026595
0.3916015625,0.42833232183253994,0.42796234880130374,0.4279394976899175,0.4283412817422023,0.4278982209144161,0.4278953248998677,0.4279053371488607,0.427934781903908,0.42789693840528764,0.42793909237991845,0.4279305850920677,0.42792915097853285,0.42793154756688767,0.3942467,0.38885793,0.41585612,1.0813927242871357,1.0831815619611052,1.0833215532020404,1.081332579393256,1.083582103154863,1.083537180009933,1.0836003854537997,1.0833513179506788,1.0833241113818861,1.0835901994977746,1.0833778076283125,1.083371732578637,1.0833868596674692,1.1766775,1.1584294,1.1967623,1.0228476307874854,1.0216794348018157,1.021607947000301,1.0228789278899044,1.0214580392225256,1.0214475211259126,1.0214838845822198,1.0215908209354583,1.0214533812574997,1.0216064750638687,1.021575579473483,1.021570371209853,1.0215790748810627,0.8919653,0.8553867,0.93946975
0.3935546875,0.42833232183253994,0.42796234880130374,0.427954731764175,0.42833851781918175,0.4279475358017478,0.4279470309267515,0.4279487764063024,0.4279539096403892,0.4279473122162718,0.4279546611046942,0.4279531779916606,0.42795292797631934,0.42795334578414335,0.393886,0.38921386,0.4139816,1.0813927242871357,1.0831815619611052,1.0832282240469757,1.0813627307937128,1.08327382258907,1.083265961160275,1.0832770218800993,1.0832334335082674,1.083228671786343,1.083275239404208,1.0832380696830564,1.083237006445641,1.083239653937133,1.1780835,1.1596656,1.1969942,1.0228476307874854,1.0216794348018157,1.021655605907387,1.0228689437377332,1.0216289772319493,1.0216271089275073,1.0216335681173356,1.0216525636544442,1.0216281498476818,1.0216553444335468,1.0216498561987688,1.021648931019724,1.0216504771127808,0.8895735,0.85151654,0.93920654
0.3955078125,0.42833232183253994,0.42796234880130374,0.4279699658384325,0.4283362690518755,0.4279966351070698,0.427992037248691,0.4279985062462039,0.42797301274707295,0.4279702277126006,0.42799746374690567,0.4279757243421777,0.42797510247917553,0.4279766509348839,0.39413297,0.38982204,0.41207537,1.0813927242871357,1.0831815619611052,1.0831349015362244,1.0813914247975822,1.0829669673887734,1.0829551857682984,1.0829959182242301,1.0831157143491104,1.082961749848475,1.0831332524348054,1.083098638949502,1.083092804079021,1.0831025549129862,1.1794093,1.1603645,1.1962203,1.0228476307874854,1.0216794348018157,1.021703263323528,1.022860830396173,1.0217991324429372,1.0217826046762974,1.0218058585226761,1.0217142164159163,1.0217042047168674,1.0218021111113829,1.0217239640630302,1.021721728593167,1.0217272949687677,0.8875385,0.84794295,0.93942
0.3974609375,0.42833232183253994,0.42796234880130374,0.42798519991268996,0.4283336657228985,0.4280070033819812,0.42800324440136084,0.4280085331323919,0.4279876909138448,0.4279854140080017,0.4280076808367499,0.42798990777930895,0.42798939937500835,0.42799066531547886,0.3949914,0.39063022,0.4102276,1.0813927242871357,1.0831815619611052,1.083041585669077,1.0814148078978132,1.0829034641337565,1.082893773934741,1.0829272756785358,1.083025804858016,1.082899172790176,1.083040229340666,1.0830117608861183,1.0830069618836904,1.083014981644132,1.1807036,1.1605606,1.194571,1.0228476307874854,1.0216794348018157,1.0217509192488834,1.0228523483804601,1.0218315652892944,1.0218176619136967,1.0218372233631758,1.0217601330570305,1.0217517111542966,1.0218340709870473,1.0217683328459881,1.021766452352371,1.021771134829086,0.88590354,0.8447108,0.9400267
0.3994140625,0.42833232183253994,0.42803135869132136,0.4280069739694752,0.42833041886164486,0.42799469766414,0.42798710851072386,0.42799835223169563,0.42800365922320227,0.42797030544637904,0.428006734412086,0.4280041169263855,0.42800268456356105,0.42800495447665304,0.39643335,0.39157343,0.40852723,1.0813927242871357,1.0827687789412104,1.0829263397298259,1.081430024426118,1.0830120859959105,1.0829865594367358,1.0830650963891228,1.0829494917415263,1.0829280129184116,1.0831824728298018,1.0829462948693327,1.0829404449361084,1.0829562993689306,1.1820041,1.1603141,1.1922203,1.0228476307874854,1.0218660332763352,1.0217994635724812,1.0228421089198838,1.0217605830174605,1.021736546614141,1.0217721576098489,1.021788965491142,1.0216833261558382,1.0217987048770778,1.021790415081232,1.0217858786443006,1.0217930676791134,0.8846923,0.8418415,0.9409211
0.4013671875,0.42833232183253994,0.42803135869132136,0.42802323045070595,0.4283269593466717,0.42801722627867655,0.4280135145281601,0.4280190136773847,0.4280216092539116,0.428005296380583,0.42802311328648296,0.42802183311024095,0.42802113256129143,0.4280222427445529,0.3983985,0.392578,0.40705612,1.0813927242871357,1.0827687789412104,1.082821297209343,1.0814367981818516,1.0828630417350975,1.082850614568433,1.0828888485876547,1.0828325686049654,1.0828221117925412,1.0829459888597077,1.0828310122353149,1.0828281642413844,1.0828358828339755,1.1833335,1.1597096,1.1893728,1.0228476307874854,1.0218660332763352,1.0218438438473014,1.022830808507692,1.0218249869330809,1.0218133295294023,1.021830600531627,1.0218387522889323,1.0217875185894456,1.021843475880069,1.0218394553372419,1.0218372551758013,1.02184074184306,0.8839026,0.8393325,0.94198054
0.4033203125,0.42833232183253994,0.42803135869132136,0.4280394869319368,0.42832303491550056,0.42804958226613665,0.4280465769579578,0.42805582315359736,0.4280422127904503,0.4280396839302875,0.4280696410365443,0.42804183640142507,0.4280411476477953,0.42804301429501873,0.40079626,0.3935648,0.40588367,1.0813927242871357,1.0827687789412104,1.0827162626676652,1.0814367149041035,1.0826463575203265,1.0826031441408468,1.082667167433805,1.082697387133888,1.082507470337557,1.0827148985209298,1.0826999934704709,1.0826918370652372,1.082704762813168,1.1846983,1.1588501,1.1862525,1.0228476307874854,1.0218660332763352,1.0218882222331538,1.0228172682397525,1.0219196954920164,1.0219103262173175,1.021939151692071,1.0218967204642546,1.0218888364040937,1.0219822283212916,1.0218955470243973,1.0218933997458095,1.0218992192511074,0.8835045,0.8371579,0.9430707
0.4052734375,0.42833232183253994,0.42803135869132136,0.42805574341316754,0.42831951730562656,0.42806392855633224,0.4280614918982473,0.4280689885728041,0.4280579534977213,0.428055903136429,0.42808019190177915,0.428057648327234,0.4280570898962842,0.4280586033454143,0.40350947,0.3944531,0.4050628,1.0813927242871357,1.0827687789412104,1.082611236103883,1.08143476064122,1.0825536760449268,1.0825180937919745,1.0825708110292165,1.0825956939966344,1.0824393144949402,1.082610112867242,1.0825978400554028,1.0825911240651163,1.0826017671325747,1.1830872,1.1578507,1.1860894,1.0228476307874854,1.0218660332763352,1.0219325987302532,1.022805132405555,1.0219588565905662,1.0219510398742375,1.0219750887908534,1.02193968871609,1.0219331111263623,1.0220110275625567,1.0219387097268522,1.0219369182740876,1.0219417734297906,0.883442,0.8352735,0.9440521
0.4072265625,0.42833232183253994,0.4280924006511502,0.42807345717565515,0.42831669154947416,0.4280456336157274,0.4280431431894829,0.4280645678765675,0.4280712528742513,0.4280697946122117,0.4280713398442256,0.42806744943407715,0.42806640225462234,0.4280713750112284,0.40462744,0.39516434,0.40640116,1.0813927242871357,1.082341280042553,1.0824890560067488,1.0814335664224142,1.0826874913706277,1.0825524509598077,1.0827052541456907,1.0825047759640103,1.082504155735289,1.0825151756366844,1.0825319005468852,1.08250390494093,1.0825393686879545,1.180093,1.1568277,1.1874853,1.0228476307874854,1.022034460825416,1.0219770436150373,1.0227958698739859,1.0218906034349162,1.0218828660339143,1.0219494277303773,1.021970195700218,1.0219656654188884,1.0219704658832074,1.0219583797781284,1.0219551265456839,1.0219705751338357,0.8836371,0.8336253,0.9447891
0.4091796875,0.42833232183253994,0.4280924006511502,0.4280860861593185,0.42831499783896443,0.4280726444319015,0.4280714412921589,0.4280817916860169,0.4280850212481895,0.42808431675311803,0.4280850632639017,0.4280831837836019,0.4280826778849741,0.4280850802532901,0.4045906,0.39562643,0.40932307,1.0813927242871357,1.082341280042553,1.0823905372441036,1.0814365079010342,1.0824868525088904,1.0824213081771856,1.0824954737733843,1.0823981675306549,1.0823978664795328,1.0824032153899,1.082411333395868,1.0823977447471271,1.082414958298166,1.1774598,1.1558886,1.1888546,1.0228476307874854,1.022034460825416,1.0220153221707695,1.0227905369720538,1.02197361663694,1.021969883587995,1.0220019979174995,1.0220120181379637,1.0220098323399203,1.0220121484976614,1.022006317128673,1.0220047474971428,1.0220122012096404,0.88399994,0.8321549,0.9451558
0.4111328125,0.42833232183253994,0.4280924006511502,0.42809871514298187,0.42831507848428996,0.42812117365333147,0.4281058903720352,0.42812318386567433,0.4281004944022147,0.42810042420213706,0.4281016714763632,0.42810356444791475,0.4281003958161757,0.42810440970605873,0.40494287,0.39577752,0.41212466,1.0813927242871357,1.082341280042553,1.0822920242940979,1.081445480081329,1.0821304383070633,1.082115975923949,1.08224039763491,1.082279222142815,1.0822707529006836,1.0822797272453937,1.0822571327566435,1.082251051067763,1.0822799314876972,1.1753381,1.1551217,1.1901588,1.0228476307874854,1.022034460825416,1.0220535990646076,1.0227908769949974,1.0221231973008185,1.0220758353658967,1.0221294266693377,1.0220591130975996,1.0220588955438046,1.022062760906825,1.022068627290669,1.02205880757418,1.0220712467644248,0.88443655,0.8308063,0.9450494
0.4130859375,0.42833232183253994,0.4280924006511502,0.4281113441266452,0.4283160309143826,0.4281301509036402,0.4281173526699811,0.42813183425728457,0.4281128340799452,0.4281127752943363,0.4281138197629078,0.4281154049390069,0.4281127515239065,0.4281161127589455,0.40565348,0.39557135,0.41466382,1.0813927242871357,1.082341280042553,1.082193517156218,1.0814567403657462,1.0820604214615686,1.0820485089260004,1.0821509933810878,1.0821829723195961,1.0821759963924331,1.082183388361206,1.0821647777683692,1.0821597684048858,1.0821835565909816,1.1738285,1.1545894,1.1913539,1.0228476307874854,1.022034460825416,1.0220918742966982,1.0227939221091913,1.0221504032927238,1.0221105739500802,1.0221556419477595,1.0220965113247087,1.022096328372681,1.0220995789536835,1.022104512299485,1.0220962543945609,1.0221067151522096,0.8848598,0.82952845,0.9443948
0.4150390625,0.42833232183253994,0.4281323905606282,0.4281194344465328,0.42831743836931063,0.4281068373014957,0.4281000034086819,0.42811259993224127,0.428117547197766,0.4281118031055395,0.4281186105252229,0.4281167144354271,0.4281149122950465,0.4281178335798737,0.40666875,0.39498195,0.41681692,1.0813927242871357,1.0819806480721528,1.0820935085083137,1.081468362388676,1.0821807672658923,1.0821408496476346,1.0822281068861668,1.0821065809038837,1.0820992155453084,1.0821463691849014,1.0821123492308087,1.0821045972151084,1.0821248322627293,1.1729751,1.1543231,1.1923906,1.0228476307874854,1.0221722529358035,1.0221232823949538,1.0227984178829579,1.0220813040796497,1.0220585304925471,1.0221005074442204,1.0221169934717476,1.0220978521187885,1.0221205368263013,1.0221142184290224,1.0221082130748367,1.0221179477914266,0.885197,0.82827866,0.94315904
0.4169921875,0.42833232183253994,0.4281323905606282,0.4281280718559297,0.4283186547889517,0.42811708431245066,0.428111123621024,0.4281221106224347,0.4281264257505765,0.4281214156103502,0.42812735321125356,0.42812569939453476,0.4281241275228346,0.4281266755401797,0.4079147,0.394009,0.41848707,1.0813927242871357,1.0819806480721528,1.08201826745856,1.0814765124997754,1.0820962409778976,1.082060571081653,1.0821385429254486,1.0820299488527918,1.0820233672254567,1.0820655032800675,1.0820351033821047,1.0820281762442885,1.082046258107588,1.1727629,1.1543227,1.1932147,1.0228476307874854,1.0221722529358035,1.0221559296645524,1.0228025007974484,1.022118847774034,1.0220987305846103,1.0221358112105412,1.0221503742854035,1.022133465607473,1.0221535043404923,1.0221479229262405,1.0221426180438027,1.02215121729246,0.8853967,0.8270215,0.94135416
0.4189453125,0.42833232183253994,0.4281323905606282,0.42813670926532665,0.42831871026728124,0.4281492671148947,0.42814352246006965,0.4281560796900986,0.42813859062701937,0.42813753061650067,0.42814431680115433,0.4281394207916438,0.4281383051382505,0.428141217310437,0.4092982,0.3926815,0.4196106,1.0813927242871357,1.0819806480721528,1.081943029444695,1.0814765646716051,1.0818537559709047,1.0818053277160882,1.0818945939446436,1.081929654552667,1.0818889470160786,1.0819371903173702,1.081923752820991,1.081910981249535,1.081931684129032,1.1731193,1.1545609,1.193767,1.0228476307874854,1.0221722529358035,1.0221885759646996,1.0228028325094127,1.022230996464083,1.022211591151241,1.022254008817398,1.0221949313039373,1.022191350536146,1.022214274434306,1.0221977356341756,1.0221939669097584,1.0222038043281119,0.885431,0.82572937,0.939042
0.4208984375,0.42833232183253994,0.4281323905606282,0.4281453466747236,0.42831863078609017,0.42815637351367175,0.4281513292277671,0.4281623555227083,0.42814699866715084,0.42814606788953563,0.42815202672546876,0.42814772762090714,0.4281467479842088,0.42814930511419474,0.41071215,0.3910601,0.42016017,1.0813927242871357,1.0819806480721528,1.0818677944665354,1.0814715354937532,1.081791859728131,1.0817506671208412,1.0818265959911928,1.081856418009497,1.081821792792071,1.0818628278050504,1.0818513980924334,1.081840534793158,1.0818581443336248,1.1739211,1.1549877,1.1939874,1.0228476307874854,1.0221722529358035,1.0222212212954547,1.0228026724830164,1.0222578544216683,1.022241096526518,1.0222777273097416,1.0222267095719093,1.0222236173299095,1.0222434137336858,1.0222291313070386,1.0222258767503363,1.022234372051197,0.8852969,0.824383,0.9363315
0.4228515625,0.42833232183253994,0.4281614999263257,0.42815059523552007,0.4283178370496713,0.42814802521768586,0.42814794950617935,0.42814846739107154,0.4281486869775244,0.42814798730162384,0.4281490585386746,0.42815002396217455,0.42814999325333253,0.4281501000259996,0.4120404,0.38923672,0.42014447,1.0813927242871357,1.0817393586523258,1.0817996995314514,1.0814602775600897,1.0818106639438714,1.0818068646142665,1.081811314488037,1.0818071450927558,1.0818049778430385,1.081810989734123,1.0818022074535034,1.0818013670422966,1.0818022677434485,1.1750047,1.1555386,1.1938188,1.0228476307874854,1.0222956373761605,1.022252797596395,1.0227999677221506,1.022244619625738,1.0222441857753,1.022247153415065,1.022247383716689,1.02224440235494,1.0222484117119741,1.0222509381096374,1.0222508820501857,1.0222514840367214,0.8850164,0.82297057,0.9333723
0.4248046875,0.42833232183253994,0.4281614999263257,0.42815786502939046,0.42831712359001445,0.4281531471686268,0.42815169126541297,0.4281533964568683,0.4281532720113207,0.4281509682535068,0.42815609863842297,0.42815675995217845,0.4281564282200877,0.4281569001626011,0.41316587,0.38733014,0.4196047,1.0813927242871357,1.0817393586523258,1.081759471937187,1.0814471174716271,1.0817823210510833,1.0817811731817881,1.0817890249102047,1.0817817462019215,1.0817681882337706,1.0817923541113377,1.0817648239014113,1.0817641576928174,1.0817663496728647,1.1761832,1.1561431,1.193214,1.0228476307874854,1.0222956373761605,1.0222813575188572,1.0227974851326973,1.0222647416705901,1.0222598186997527,1.022265584609604,1.0222651638115772,1.022257373914509,1.0222750413227326,1.02227746555206,1.0222763448404775,1.0222779517946072,0.88463247,0.821486,0.93034405
0.4267578125,0.42833232183253994,0.4281614999263257,0.4281651348232609,0.4283171824917912,0.42816721042060857,0.42816714899382835,0.42816756916776083,0.42816717965828827,0.42816604297643157,0.42816774732415197,0.42816562099600847,0.4281655697286538,0.4281657013640027,0.41397738,0.38547844,0.41860846,1.0813927242871357,1.0817393586523258,1.081719245708967,1.0814357815526838,1.0817095321206038,1.0817082825415787,1.081709746081024,1.0817096392712389,1.0817076619925123,1.0817147959756828,1.081716970460601,1.081716694259047,1.0817171945149278,1.1772631,1.1567339,1.1921446,1.0228476307874854,1.0222956373761605,1.0223099171641807,1.0227976767370082,1.0223170278855254,1.0223168607462558,1.0223180040188546,1.0223169441827549,1.0223131459848858,1.0223184887735193,1.0223115827290097,1.0223114164433256,1.0223117992055764,0.8842054,0.8199283,0.9274432
0.4287109375,0.42833232183253994,0.4281614999263257,0.4281724046171313,0.4283179974912148,0.4281776168983815,0.42817750474842686,0.4281782718810574,0.42817756073406993,0.4281747995517736,0.4281785971501196,0.42817362550378324,0.42817350585187325,0.4281737700952127,0.4143784,0.38382772,0.41724235,1.0813927242871357,1.0817393586523258,1.0816790208467222,1.0814273464482835,1.081654924152039,1.0816532695486107,1.0816552074633978,1.0816550660333746,1.0816524478626437,1.0816673101391072,1.0816733765605206,1.0816730277290987,1.0816738789457712,1.1780643,1.1572528,1.1906071,1.0228476307874854,1.0222956373761605,1.0223384765323795,1.0228004628063403,1.0223561590426622,1.0223559170988878,1.02235757205215,1.022356037878054,1.0223469775194987,1.022358273762552,1.0223426183632265,1.022342242356939,1.0223429206094696,0.8838078,0.81829846,0.92487127
0.4306640625,0.42833232183253994,0.4281905489115914,0.4281905489115914,0.4283201956163479,0.4281905489115914,0.4281905489115914,0.4281905489115914,0.4281905489115914,0.4281905489115914,0.4281905489115914,0.4281905489115914,0.4281905489115914,0.4281905489115914,0.4142942,0.3825195,0.41560403,1.0813927242871357,1.081622256509553,1.081622256509553,1.0814247416920144,1.081622256509553,1.081622256509553,1.081622256509553,1.081622256509553,1.081622256509553,1.081622256509553,1.081622256509553,1.081622256509553,1.081622256509553,1.1784359,1.1576555,1.1886269,1.0228476307874854,1.0224075096084089,1.0224075096084089,1.022807889913438,1.0224075096084089,1.0224075096084089,1.0224075096084089,1.0224075096084089,1.0224075096084089,1.0224075096084089,1.0224075096084089,1.0224075096084089,1.0224075096084089,0.88351995,0.8165984,0.9228234
0.4326171875,0.42833232183253994,0.4281905489115914,0.4281905489115914,0.42832302419771284,0.4281905489115914,0.4281905489115914,0.4281905489115914,0.4281905489115914,0.4281905489115914,0.4281905489115914,0.4281905489115914,0.4281905489115914,0.4281905489115914,0.41367784,0.38167804,0.4137957,1.0813927242871357,1.081622256509553,1.081622256509553,1.0814258046606506,1.081622256509553,1.081622256509553,1.081622256509553,1.081622256509553,1.081622256509553,1.081622256509553,1.081622256509553,1.081622256509553,1.081622256509553,1.1782683,1.1579142,1.1862582,1.0228476307874854,1.0224075096084089,1.0224075096084089,1.0228173422914073,1.0224075096084089,1.0224075096084089,1.0224075096084089,1.0224075096084089,1.0224075096084089,1.0224075096084089,1.0224075096084089,1.0224075096084089,1.0224075096084089,0.8834245,0.8148303,0.9214775
0.4345703125,0.42833232183253994,0.4281905489115914,0.4281905489115914,0.428325941543759,0.4281905489115914,0.4281905489115914,0.4281905489115914,0.4281905489115914,0.4281905489115914,0.4281905489115914,0.4281905489115914,0.4281905489115914,0.4281905489115914,0.41191685,0.3813986,0.41251567,1.0813927242871357,1.081622256509553,1.081622256509553,1.0814280762257,1.081622256509553,1.081622256509553,1.081622256509553,1.081622256509553,1.081622256509553,1.081622256509553,1.081622256509553,1.081622256509553,1.081622256509553,1.1775002,1.1580155,1.1835793,1.0228476307874854,1.0224075096084089,1.0224075096084089,1.022827053684462,1.0224075096084089,1.0224075096084089,1.0224075096084089,1.0224075096084089,1.0224075096084089,1.0224075096084089,1.0224075096084089,1.0224075096084089,1.0224075096084089,0.8836004,0.8129967,0.9209866
0.4365234375,0.42833232183253994,0.4281905489115914,0.4281905489115914,0.42832837486088926,0.4281905489115914,0.4281905489115914,0.4281905489115914,0.4281905489115914,0.4281905489115914,0.4281905489115914,0.4281905489115914,0.4281905489115914,0.4281905489115914,0.41005936,0.3817396,0.41082922,1.0813927242871357,1.081622256509553,1.081622256509553,1.0814293851590289,1.081622256509553,1.081622256509553,1.081622256509553,1.081622256509553,1.081622256509553,1.081622256509553,1.081622256509553,1.081622256509553,1.081622256509553,1.1761206,1.1579598,1.1806842,1.0228476307874854,1.0224075096084089,1.0224075096084089,1.0228351850699504,1.0224075096084089,1.0224075096084089,1.0224075096084089,1.0224075096084089,1.0224075096084089,1.0224075096084089,1.0224075096084089,1.0224075096084089,1.0224075096084089,0.8841195,0.81110287,0.92147255
0.4384765625,0.42833232183253994,0.4282386457398627,0.42822085652390046,0.42833001526205766,0.42820861652987846,0.4282068280166481,0.428216556357807,0.42821856233477457,0.428213333990421,0.42822083455266957,0.4282179895171899,0.4282175916939203,0.42821992801990244,0.4083031,0.38271874,0.40867543,1.0813927242871357,1.081614224451076,1.081609137892478,1.0814279546685026,1.0816153956334609,1.0816113363271018,1.0816163100472411,1.0816103107776809,1.0816091491250281,1.0816129837724162,1.081610603627891,1.0816096125809485,1.0816108070135675,1.174164,1.1577564,1.1776745,1.0228476307874854,1.0225605750721816,1.0225049875233807,1.0228407135121012,1.0224639911131839,1.0224580006993995,1.0224905846271526,1.022497303409152,1.0224797916893005,1.022504913933351,1.0224953848245912,1.0224940523627244,1.022501877609452,0.88504076,0.8091585,0.92302066
0.4404296875,0.42833232183253994,0.4282386457398627,0.4282327160012086,0.42833020720835124,0.42821791167653145,0.4282157484621946,0.42822751493208233,0.4282299411697316,0.42822361746506354,0.4282326894269117,0.42822924834443377,0.42822876717550207,0.4282315929716854,0.4061424,0.3843142,0.40671116,1.0813927242871357,1.081614224451076,1.0816125289784992,1.0814207707057388,1.081618053433621,1.0816144697916903,1.081618860701383,1.0816135644192693,1.081612538894753,1.0816159241880725,1.0816138229522196,1.0816129480403696,1.0816140025045038,1.1717052,1.157423,1.1746502,1.0228476307874854,1.0225605750721816,1.0225420458897403,1.0228413856225134,1.022493036484179,1.0224858752081643,1.0225248278603536,1.0225328598688788,1.0225119253777613,1.0225419579160937,1.0225305662853688,1.0225289733857799,1.0225383281243003,0.88640255,0.80717963,0.9256784
0.4423828125,0.42833232183253994,0.4282386457398627,0.4282445754785168,0.42832961714302953,0.42825629701132,0.4282486934983323,0.42825800976677236,0.42824677249046367,0.42824459651909114,0.42825177937279846,0.428247321044662,0.42824546465297647,0.4282477020169482,0.40334344,0.38646892,0.40532753,1.0813927242871357,1.081614224451076,1.0816159198767,1.081411364447556,1.0816113841747979,1.0816107214368609,1.0816143263613933,1.0816150697137508,1.0816131322667317,1.0816159117347288,1.08161485744478,1.0816147100237596,1.0816155757977837,1.1688523,1.1569825,1.1717007,1.0228476307874854,1.0225605750721816,1.0225791042541303,1.022839424422464,1.022617953767064,1.0225927529015792,1.0226236304744332,1.022586385967932,1.022579173990411,1.0226029806356292,1.022588204080319,1.022582051308641,1.0225894667639919,0.8882192,0.8051894,0.92945284
0.4443359375,0.42833232183253994,0.4282386457398627,0.42825643495582494,0.4283285974715224,0.42827175774172094,0.4282618181712292,0.42827399671383565,0.42825930696448095,0.4282564624607785,0.4282658521311678,0.4282600240531651,0.42825759731488655,0.4282605220730803,0.4004076,0.38909844,0.4041748,1.0813927242871357,1.081614224451076,1.0816193105870961,1.0814012154775785,1.0816120651139733,1.0816110064457145,1.081616765041656,1.0816179525007372,1.0816148575566753,1.081619297580746,1.0816176134139464,1.0816173779179759,1.081618760940324,1.1657361,1.1564621,1.1688972,1.0228476307874854,1.0225605750721816,1.0226161626165509,1.022836000117201,1.0226673189218356,1.0226341348983674,1.0226747939025775,1.0226257510401624,1.0226162544439725,1.0226476025855191,1.0226281450962926,1.0226200432424524,1.0226298077743534,0.890473,0.8032165,0.93431276
0.4462890625,0.42833232183253994,0.4282854247300567,0.4282693176283148,0.42832752409351343,0.42826387926242987,0.42826288358828823,0.4282651778357612,0.4282689308625359,0.42826748702191475,0.42826923742039125,0.4282681433610058,0.42826781056581964,0.42826835418162745,0.39747012,0.39209953,0.40325475,1.0813927242871357,1.0816493789529191,1.0816357247839266,1.0813931060041828,1.0816342297456978,1.0816339560250068,1.0816345867344663,1.0816356184610316,1.0816352215438811,1.0816357027345804,1.0816354019742673,1.0816353104875351,1.0816354599296285,1.1625013,1.1558915,1.1662849,1.0228476307874854,1.0227039764231955,1.0226528967621011,1.022832404045121,1.0226351561322666,1.0226319081186204,1.0226393922409547,1.0226516350837604,1.0226469250950656,1.0226526351138239,1.0226490661552756,1.022647980535753,1.0226497538785118,0.8931115,0.801293,0.94018847
0.4482421875,0.42833232183253994,0.4282854247300567,0.42828005569614275,0.42832744053651794,0.42827705722231135,0.42827650825173424,0.42827777319807214,0.42827984245064005,0.4282790463809362,0.42828001147304984,0.42827940825721134,0.4282792247687006,0.4282795244943551,0.3953585,0.3946616,0.4025493,1.0813927242871357,1.0816493789529191,1.0816448276773698,1.081391232276376,1.0816438835752402,1.0816437107244459,1.0816441090092048,1.0816447605351385,1.081644509884965,1.0816448137533434,1.0816446238252928,1.0816445660521425,1.0816446604236676,1.1592965,1.1552999,1.1638774,1.0228476307874854,1.0227039764231955,1.0226869498730462,1.0228321364718198,1.0226771874975704,1.022675400169333,1.0226795185581843,1.0226862555922998,1.0226836637633376,1.0226868058923217,1.022684841953397,1.0226842445549098,1.0226852203961314,0.8960458,0.7994493,0.9469743
0.4501953125,0.42833232183253994,0.4282854247300567,0.42829079376397067,0.4283275615598774,0.42829540077719264,0.4282943007142999,0.42829624424451945,0.42829112140559955,0.42829086171066133,0.4282923445290475,0.4282917885232666,0.42829160993039295,0.4282920704446848,0.39875856,0.39210016,0.4020251,1.0813927242871357,1.0816493789529191,1.0816539301143593,1.0813938656856728,1.081655478852578,1.0816551090478017,1.0816557623971217,1.0816540402586456,1.0816539529562195,1.0816544514382986,1.0816542645251066,1.081654204487203,1.0816543592990597,1.1562628,1.154712,1.1616523,1.0228476307874854,1.0227039764231955,1.0227210029697962,1.0228325563123757,1.0227359867954624,1.022732408956711,1.0227387300841324,1.0227220685897271,1.02272122395926,1.0227260466700534,1.0227242383197535,1.0227236574652219,1.0227251552395034,0.89915425,0.7977102,0.9545294
0.4521484375,0.42833232183253994,0.4282854247300567,0.4283015318317986,0.42832837741397217,0.428305361658293,0.4283044471720936,0.4283060628356849,0.42830180420145125,0.42830158831612447,0.4283028209883284,0.42830235877874306,0.42830221031385135,0.4283025931410218,0.4016384,0.38988465,0.402186,1.0813927242871357,1.0816493789529191,1.0816630320949292,1.0814012278495282,1.0816639219496251,1.081663709471514,1.0816640848654637,1.0816630953801534,1.081663045219097,1.0816633316303779,1.0816632242362134,1.0816631897404214,1.0816632786901998,1.1541427,1.1535223,1.1595554,1.0228476307874854,1.0227039764231955,1.022755056052353,1.0228352819518005,1.0227675752239345,1.0227645858954075,1.0227698672755545,1.0227559463909721,1.0227552406917804,1.0227592701262471,1.0227577592272215,1.0227572739160822,1.0227585253250047,0.9022893,0.7960911,0.9626787
0.4541015625,0.42833232183253994,0.428324550282486,0.4283122890633221,0.42832950607885134,0.42830546715587,0.42830210247146644,0.42830708734862727,0.4283107803288519,0.4283100466097343,0.42831221413779375,0.428310701412721,0.42830990303052213,0.4283111658944059,0.40134087,0.38808987,0.40553352,1.0813927242871357,1.0816870443458102,1.0816808319174798,1.0814108352925087,1.0816821096506835,1.0816818061872846,1.0816827398660982,1.0816811144977154,1.0816808459506997,1.0816812519212387,1.0816811292784616,1.0816810422825622,1.0816812788132755,1.1535928,1.151171,1.1575035,1.0228476307874854,1.0228329998304984,1.0227910411757948,1.022839037336823,1.0227684970105395,1.022757377832735,1.0227738512158988,1.0227860553035448,1.0227836306026663,1.022790793571515,1.0227857945116325,1.0227831561204923,1.0227873294711574,0.9052885,0.7945971,0.97121817
0.4560546875,0.42833232183253994,0.428324550282486,0.42832046320943135,0.4283302616600912,0.42832186495735664,0.4283215320443331,0.42832255632401833,0.4283207732202939,0.4283204786049354,0.4283209239830033,0.42832078943577667,0.4283206939952796,0.428320953485289,0.40108493,0.38676447,0.4087046,1.0813927242871357,1.0816870443458102,1.0816849735758864,1.0814187720178339,1.0816850708912844,1.0816850477790816,1.081685118888711,1.081684995098235,1.0816849746447126,1.081685005564849,1.0816849962239858,1.0816849895980811,1.0816850076130275,1.1530473,1.1492716,1.1553947,1.0228476307874854,1.0228329998304984,1.0228190136129987,1.0228415569324594,1.0228237068039419,1.0228225921781533,1.0228260215680276,1.0228200515600834,1.0228190651586717,1.0228205563285726,1.0228201058511264,1.0228197863068857,1.0228206551051484,0.9079891,0.7932238,0.97991973
0.4580078125,0.42833232183253994,0.428324550282486,0.42832863735554066,0.4283302363838749,0.42833172093306304,0.42833098858804025,0.42833324180757937,0.4283293193201865,0.42832867122270707,0.42832965096933223,0.4283293549911494,0.4283291450402972,0.4283297158687221,0.40082848,0.38592893,0.41161495,1.0813927242871357,1.0816870443458102,1.0816891150762158,1.0814226712721984,1.0816886167638358,1.081688370990072,1.0816887351116267,1.0816890048687284,1.08168895127338,1.081689109603174,1.0816889991042056,1.0816889407854828,1.0816890330328364,1.1524746,1.1478533,1.1531188,1.0228476307874854,1.0228329998304984,1.0228469860472635,1.0228414825997736,1.0228571896676664,1.0228547663231744,1.0228622222721926,1.0228492426820766,1.0228470981144027,1.02285034011581,1.0228493607180142,1.0228486659863962,1.0228505548692042,0.91023856,0.79196143,0.98854
0.4599609375,0.42833232183253994,0.428324550282486,0.42833681150164993,0.42832962797669927,0.42833914808365436,0.4283385931489434,0.4283403005268798,0.4283373282606117,0.42833683716450777,0.42833757956787416,0.428337355290297,0.42833719619996136,0.42833762874541076,0.40053877,0.38557553,0.41419488,1.0813927242871357,1.0816870443458102,1.081693256418477,1.0814218356256209,1.0816923796370526,1.081691947196599,1.0816925878704557,1.081693062508491,1.081692968207465,1.081693246788668,1.0816930523658141,1.0816929497540033,1.0816931120632307,1.1505694,1.1469101,1.1518316,1.0228476307874854,1.0228329998304984,1.02287495847859,1.0228394762432285,1.0228826058347757,1.0228807895991978,1.0228863776449237,1.022876649769485,1.0228750424700854,1.0228774722683964,1.0228767382344444,1.0228762175506136,1.0228776332206504,0.9119087,0.7907992,0.99683243
0.4619140625,0.42833232183253994,0.42835081789893087,0.42835081789893087,0.4283286413148728,0.42835081789893087,0.42835081789893087,0.42835081789893087,0.42835081789893087,0.42835081789893087,0.42835081789893087,0.42835081789893087,0.42835081789893087,0.42835081789893087,0.40019554,0.38566884,0.41639176,1.0813927242871357,1.081682514673907,1.081682514673907,1.0814165537580307,1.081682514673907,1.081682514673907,1.081682514673907,1.081682514673907,1.081682514673907,1.081682514673907,1.081682514673907,1.081682514673907,1.081682514673907,1.1476558,1.1464058,1.1510723,1.0228476307874854,1.0229277560170782,1.0229277560170782,1.0228362025560316,1.0229277560170782,1.0229277560170782,1.0229277560170782,1.0229277560170782,1.0229277560170782,1.0229277560170782,1.0229277560170782,1.0229277560170782,1.0229277560170782,0.9129035,0.78973365,1.0045598
0.4638671875,0.42833232183253994,0.42835081789893087,0.42835081789893087,0.42832744260050615,0.42835081789893087,0.42835081789893087,0.42835081789893087,0.42835081789893087,0.42835081789893087,0.42835081789893087,0.42835081789893087,0.42835081789893087,0.42835081789893087,0.39979464,0.38614872,0.41817224,1.0813927242871357,1.081682514673907,1.081682514673907,1.0814080619387414,1.081682514673907,1.081682514673907,1.081682514673907,1.081682514673907,1.081682514673907,1.081682514673907,1.081682514673907,1.081682514673907,1.081682514673907,1.1462747,1.1443148,1.1501561,1.0228476307874854,1.0229277560170782,1.0229277560170782,1.0228322087232116,1.0229277560170782,1.0229277560170782,1.0229277560170782,1.0229277560170782,1.0229277560170782,1.0229277560170782,1.0229277560170782,1.0229277560170782,1.0229277560170782,0.91316867,0.78877527,1.01151
0.4658203125,0.42833232183253994,0.42835081789893087,0.42835081789893087,0.42832677571872646,0.42835081789893087,0.42835081789893087,0.42835081789893087,0.42835081789893087,0.42835081789893087,0.42835081789893087,0.42835081789893087,0.42835081789893087,0.42835081789893087,0.39935085,0.38693497,0.4195248,1.0813927242871357,1.081682514673907,1.081682514673907,1.0814006482408034,1.081682514673907,1.081682514673907,1.081682514673907,1.081682514673907,1.081682514673907,1.081682514673907,1.081682514673907,1.081682514673907,1.081682514673907,1.1464252,1.1405246,1.1490589,1.0228476307874854,1.0229277560170782,1.0229277560170782,1.022829991360151,1.0229277560170782,1.0229277560170782,1.0229277560170782,1.0229277560170782,1.0229277560170782,1.0229277560170782,1.0229277560170782,1.0229277560170782,1.0229277560170782,0.91269684,0.7879556,1.017511
0.4677734375,0.42833232183253994,0.42835081789893087,0.42835081789893087,0.4283269015244604,0.42835081789893087,0.42835081789893087,0.42835081789893087,0.42835081789893087,0.42835081789893087,0.42835081789893087,0.42835081789893087,0.42835081789893087,0.42835081789893087,0.39890078,0.38793337,0.4204618,1.0813927242871357,1.081682514673907,1.081682514673907,1.08139577197486,1.081682514673907,1.081682514673907,1.081682514673907,1.081682514673907,1.081682514673907,1.081682514673907,1.081682514673907,1.081682514673907,1.081682514673907,1.1467422,1.1363163,1.1477785,1.0228476307874854,1.0229277560170782,1.0229277560170782,1.0228304282665344,1.0229277560170782,1.0229277560170782,1.0229277560170782,1.0229277560170782,1.0229277560170782,1.0229277560170782,1.0229277560170782,1.0229277560170782,1.0229277560170782,0.9115337,0.78733414,1.0224457
0.4697265625,0.42833232183253994,0.4283633867593761,0.4283633867593761,0.4283279434623377,0.4283633867593761,0.4283633867593761,0.4283633867593761,0.4283633867593761,0.4283633867593761,0.4283633867593761,0.4283633867593761,0.4283633867593761,0.4283633867593761,0.39850292,0.38904446,0.42102015,1.0813927242871357,1.0816030945504214,1.0816030945504214,1.0813941810771033,1.0816030945504214,1.0816030945504214,1.0816030945504214,1.0816030945504214,1.0816030945504214,1.0816030945504214,1.0816030945504214,1.0816030945504214,1.0816030945504214,1.146337,1.1317824,1.1470901,1.0228476307874854,1.0229748689203761,1.0229748689203761,1.0228339495934464,1.0229748689203761,1.0229748689203761,1.0229748689203761,1.0229748689203761,1.0229748689203761,1.0229748689203761,1.0229748689203761,1.0229748689203761,1.0229748689203761,0.9097817,0.7870007,1.026263
0.4716796875,0.42833232183253994,0.4283633867593761,0.4283633867593761,0.4283296173533648,0.4283633867593761,0.4283633867593761,0.4283633867593761,0.4283633867593761,0.4283633867593761,0.4283633867593761,0.4283633867593761,0.4283633867593761,0.4283633867593761,0.3982356,0.3901699,0.42125934,1.0813927242871357,1.0816030945504214,1.0816030945504214,1.0813956127743987,1.0816030945504214,1.0816030945504214,1.0816030945504214,1.0816030945504214,1.0816030945504214,1.0816030945504214,1.0816030945504214,1.0816030945504214,1.0816030945504214,1.1447805,1.1270747,1.1473181,1.0228476307874854,1.0229748689203761,1.0229748689203761,1.022839582580318,1.0229748689203761,1.0229748689203761,1.0229748689203761,1.0229748689203761,1.0229748689203761,1.0229748689203761,1.0229748689203761,1.0229748689203761,1.0229748689203761,0.90759766,0.78707635,1.0289899
0.4736328125,0.42833232183253994,0.4283633867593761,0.4283633867593761,0.428331644394722,0.4283633867593761,0.4283633867593761,0.4283633867593761,0.4283633867593761,0.4283633867593761,0.4283633867593761,0.4283633867593761,0.4283633867593761,0.4283633867593761,0.39819157,0.39122123,0.4212579,1.0813927242871357,1.0816030945504214,1.0816030945504214,1.0813987513445704,1.0816030945504214,1.0816030945504214,1.0816030945504214,1.0816030945504214,1.0816030945504214,1.0816030945504214,1.0816030945504214,1.0816030945504214,1.0816030945504214,1.143171,1.1223905,1.1472673,1.0228476307874854,1.0229748689203761,1.0229748689203761,1.0228463875096103,1.0229748689203761,1.0229748689203761,1.0229748689203761,1.0229748689203761,1.0229748689203761,1.0229748689203761,1.0229748689203761,1.0229748689203761,1.0229748689203761,0.9051909,0.7877096,1.030734
0.4755859375,0.42833232183253994,0.4283633867593761,0.4283633867593761,0.42833345576209453,0.4283633867593761,0.4283633867593761,0.4283633867593761,0.4283633867593761,0.4283633867593761,0.4283633867593761,0.4283633867593761,0.4283633867593761,0.4283633867593761,0.39846855,0.39212435,0.42110783,1.0813927242871357,1.0816030945504214,1.0816030945504214,1.0814012607765402,1.0816030945504214,1.0816030945504214,1.0816030945504214,1.0816030945504214,1.0816030945504214,1.0816030945504214,1.0816030945504214,1.0816030945504214,1.0816030945504214,1.1415826,1.117947,1.1467826,1.0228476307874854,1.0229748689203761,1.0229748689203761,1.0228524634272538,1.0229748689203761,1.0229748689203761,1.0229748689203761,1.0229748689203761,1.0229748689203761,1.0229748689203761,1.0229748689203761,1.0229748689203761,1.0229748689203761,0.9028133,0.78906804,1.0316886
0.4775390625,0.42833232183253994,0.42836047568655367,0.4283626589911705,0.4283345921814506,0.42836225528678873,0.42836225518642085,0.42836232152176046,0.4283626168341644,0.42836255383664273,0.4283626493688905,0.4283625650377551,0.42836256440689824,0.4283625861238231,0.39915875,0.39282453,0.42090824,1.0813927242871357,1.0814529278864655,1.081514300365907,1.0814013129291342,1.081519628682104,1.0815187544752176,1.081519630006817,1.0815148567771797,1.0815144273660222,1.0815156882532033,1.0815155404147283,1.0815152621091648,1.0815155487411263,1.1400948,1.1139473,1.1457244,1.0228476307874854,1.0229654715969334,1.0229737545750937,1.0228562814346012,1.0229717468576522,1.0229717463584984,1.022972076260177,1.0229735449185517,1.0229732316172069,1.0229737067212743,1.0229732873229558,1.0229732841855574,1.0229733921888882,0.9007505,0.7913265,1.0321254
0.4794921875,0.42833232183253994,0.42836047568655367,0.42836120345475925,0.42833492600933487,0.4283616126468689,0.42836154551153666,0.42836161274860113,0.42836124618482374,0.42836121320783904,0.4283613100386979,0.4283612986853239,0.4283612773126239,0.42836129932475636,0.4003359,0.39329007,0.42076042,1.0813927242871357,1.0814529278864655,1.0814733854491256,1.0813976462183685,1.0815015641926922,1.0814969409662007,1.0815015711984086,1.0814763280292283,1.0814740570891304,1.0814807252866403,1.0814799434436844,1.0814784716260308,1.081479987477796,1.138788,1.1105455,1.1439856,1.0228476307874854,1.0229654715969334,1.022968232661363,1.0228574137974538,1.0229693089064675,1.0229691323384122,1.0229693091740235,1.0229683450550893,1.0229682583152104,1.0229685130084212,1.0229684831461527,1.0229684269302182,1.0229684848280258,0.89930916,0.79465216,1.0323822
0.4814453125,0.42833232183253994,0.42836047568655367,0.4283597479183481,0.4283345522445651,0.42836097000694906,0.42836076950131285,0.4283609703107814,0.42835987553548316,0.4283597770467876,0.4283600662407531,0.42836003233289277,0.42835996850142477,0.4283600342426145,0.40204453,0.3935136,0.42076376,1.0813927242871357,1.0814529278864655,1.0814324702542923,1.0813913592544555,1.0814834996490783,1.0814751273781502,1.0814835123358326,1.0814377990347113,1.0814336865415397,1.0814457621170384,1.081444346262171,1.0814416809180776,1.081444426004419,1.1377437,1.1078196,1.1415039,1.0228476307874854,1.0229654715969334,1.0229627104607943,1.0228561768264237,1.0229668708993682,1.0229661883351167,1.0229668719336698,1.0229631449372703,1.0229628096298946,1.022963794190181,1.0229636787522303,1.0229634614396252,1.0229636852538104,0.89880514,0.7991868,1.0328393
0.4833984375,0.42833232183253994,0.42836047568655367,0.42835829238193684,0.42833377713486215,0.4283570648056079,0.4283570645004112,0.4283572662116047,0.4283581641917434,0.42835797263012093,0.4283582631226975,0.4283580066902428,0.4283580047719456,0.4283580708083429,0.40429118,0.39351344,0.42101234,1.0813927242871357,1.0814529278864655,1.0813915547814041,1.0813835824478504,1.0813070174186798,1.0813069964011688,1.0813208873281845,1.081382726953093,1.0813695350362187,1.0813895398419233,1.0813718805919537,1.081371748488118,1.0813762960941415,1.1370407,1.1057557,1.138274,1.0228476307874854,1.0229654715969334,1.0229571879733852,1.0228535928751084,1.0229539572364275,1.0229539564330583,1.0229544873809593,1.0229568506595283,1.022956346568083,1.0229571109831268,1.0229564361989463,1.0229564311508792,1.0229566049262797,0.899551,0.80502963,1.0338873
0.4853515625,0.42833232183253994,0.4283507981953402,0.42835480648349056,0.42833304686523505,0.4283571401204382,0.42835596507710033,0.4283584641180597,0.4283550624829322,0.42835480745868054,0.42835581176643195,0.4283553495867397,0.42835507786398697,0.42835559625026864,0.40704012,0.39333266,0.42159328,1.0813927242871357,1.0812781540057792,1.0813418091441709,1.0813765127474926,1.0813889649297355,1.081365220901404,1.0814157187120168,1.0813469821481974,1.0813418288499352,1.0813621229525667,1.0813527836736214,1.081347292954375,1.0813577680134787,1.1343502,1.1042483,1.1367526,1.0228476307874854,1.0229304697578459,1.0229445966169433,1.022851150855649,1.0229523544966999,1.0229484482619289,1.0229567557892956,1.0229454476731914,1.0229445998589182,1.0229479385991656,1.0229464021287609,1.022945498806527,1.022947222138982,0.901845,0.81222165,1.03589
0.4873046875,0.42833232183253994,0.4283507981953402,0.42835213429139035,0.4283328224200929,0.4283550175149074,0.42835356574127625,0.4283566533225178,0.4283524505803535,0.42835213549624385,0.4283533763249555,0.42835280529896147,0.428352469583746,0.42835311005334414,0.41021648,0.39303648,0.42258358,1.0813927242871357,1.0812781540057792,1.0812993725176099,1.0813728045586262,1.0813552566542202,1.0813271177172517,1.0813869623929604,1.0813055030314052,1.0812993958708639,1.0813234463498869,1.0813123784022423,1.0813058713669534,1.0813182853271177,1.1298457,1.1031162,1.1369442,1.0228476307874854,1.0229304697578459,1.0229351787880197,1.022850395754069,1.0229448739190066,1.0229399922500724,1.0229503742497956,1.0229362423678114,1.0229351828395732,1.022939355317238,1.0229374351666893,1.0229363062700076,1.0229384599462836,0.90596044,0.8207362,1.0391524
0.4892578125,0.42833232183253994,0.4283507981953402,0.4283494620992901,0.42833313937916634,0.42834674765331976,0.4283452076022797,0.428348114443324,0.4283491643251854,0.42834829277163095,0.42834946096496607,0.4283488303710225,0.42834854345628937,0.42834914643420957,0.41371503,0.39270934,0.42404777,1.0813927242871357,1.0812781540057792,1.0812569353615802,1.08137313426915,1.0812042698471338,1.0811743895744073,1.0812307883065058,1.0812511579992357,1.0812342482197999,1.081256913353634,1.0812446786680228,1.081239111981073,1.0812508108813215,1.1249176,1.1021276,1.1376623,1.0228476307874854,1.0229304697578459,1.0229257606505295,1.02285144766264,1.0229166345541156,1.0229114566179935,1.022921229826497,1.0229247595430386,1.0229218293736084,1.0229257568369774,1.0229236367924879,1.0229226721822846,1.0229246993939396,0.9121378,0.83047783,1.0438973
0.4912109375,0.42833232183253994,0.4283507981953402,0.4283467899071899,0.4283337734918187,0.4283442874926955,0.4283428677385036,0.42834554751966036,0.4283465153928898,0.4283457119183425,0.42834678886147043,0.4283462075246372,0.42834594302145873,0.42834649889941834,0.41741526,0.39244965,0.42603335,1.0813927242871357,1.0812781540057792,1.081214497676072,1.0813770828042226,1.081164119760032,1.0811355373998537,1.0811894863477411,1.0812089712589004,1.0811927959751042,1.0812144766240603,1.0812027733642533,1.0811974484728086,1.0812086392183986,1.1197515,1.1010327,1.1389314,1.0228476307874854,1.0229304697578459,1.022916342204468,1.0228535581970843,1.0229080129186179,1.022903287073898,1.0229122069723233,1.0229154285049422,1.0229127541722456,1.0229163387238822,1.0229144037831506,1.0229135233942606,1.0229153736075367,0.9205773,0.8412894,1.0502552
0.4931640625,0.42833232183253994,0.42833909814975185,0.4283426497360661,0.4283347257021084,0.4283461490570689,0.4283451125940625,0.42834669532661135,0.42834314928539935,0.4283426613224913,0.42834335728107303,0.42834346939143353,0.4283431815233149,0.4283435912592847,0.42119902,0.39236438,0.428567,1.0813927242871357,1.0811134300875038,1.0811652926744468,1.0813838999965812,1.0812627946879394,1.0812339157571669,1.0812780153199453,1.0811792117767223,1.0811656155110727,1.0811850072168931,1.0811881309761022,1.0811801100309226,1.0811915266088756,1.1145371,1.0995948,1.1407429,1.0228476307874854,1.022890126789441,1.0229017651526833,1.0228567358499119,1.0229129149357405,1.0229096126540809,1.02291465535125,1.022903356951622,1.022901802072855,1.0229040197137977,1.02290437694243,1.0229034596756308,1.0229047652604495,0.93143195,0.85297054,1.0582665
0.4951171875,0.42833232183253994,0.42833909814975185,0.4283402820118566,0.4283354295568767,0.42833784700980027,0.4283374668882115,0.42833856823244604,0.42833993440051926,0.42833978966675723,0.42834027394944413,0.42833971165477774,0.42833962685304966,0.42833991196776994,0.4249677,0.3925642,0.43164864,1.0813927242871357,1.0811134300875038,1.0811307177120446,1.0813904850795104,1.0810796917920873,1.081071726221304,1.081094805206936,1.0811234334874613,1.081120400575914,1.081130548763653,1.0811187658256443,1.0811169887947136,1.0811229634069222,1.1094503,1.097618,1.1430517,1.0228476307874854,1.022890126789441,1.0228940062950607,1.0228590908978392,1.02288613197557,1.0228849026965847,1.0228884643147735,1.0228928822154089,1.022892414183469,1.0228939802235348,1.0228921619120417,1.022891887683729,1.0228928096737429,0.9448056,0.8652997,1.0678862
0.4970703125,0.42833232183253994,0.42833909814975185,0.4283379142876471,0.428335531010522,0.4283367478473128,0.4283365657574653,0.42833709333498166,0.4283377477712027,0.4283376784393115,0.4283379104255054,0.4283376410691913,0.42833760044657426,0.42833773702523087,0.4286527,0.39315635,0.43524694,1.0813927242871357,1.0811134300875038,1.0810961423674021,1.0813944405908442,1.0810636407945986,1.0810585670459523,1.0810732674457115,1.0810915025812529,1.0810895707280541,1.0810960347533765,1.08108852945249,1.081087397549622,1.0810912031571798,1.1046376,1.0949647,1.1457738,1.0228476307874854,1.022890126789441,1.0228862472326155,1.0228594392168324,1.0228825298912199,1.022881949570771,1.0228836309484963,1.022885716570621,1.0228854956195859,1.0228862349246124,1.0228853765259769,1.022885247066882,1.0228856823247543,0.9607457,0.8780566,1.0789877
0.4990234375,0.42833232183253994,0.42833909814975185,0.4283355465634376,0.42833496838805263,0.4283356486848253,0.4283356184375172,0.4283356646267191,0.42833556114188615,0.42833554690156656,0.42833556721186566,0.4283355704836048,0.4283355620826917,0.4283355740400988,0.43221977,0.39423826,0.43929586,1.0813927242871357,1.0811134300875038,1.0810615666405132,1.081395665646832,1.081047589714732,1.081045407815232,1.0810517295361641,1.0810595713490336,1.081058740576279,1.0810615203622087,1.081058292787009,1.0810578060245453,1.0810594425849023,1.1002052,1.0915647,1.1487883,1.0228476307874854,1.022890126789441,1.0228784879653448,1.0228575789370524,1.022878927762728,1.0228787975027407,1.0228789964152882,1.0228785507511413,1.022878489421591,1.0228785768928508,1.02287859098327,1.0228785548029364,1.022878606300006,0.97923654,0.89103997,1.0913625
0.5009765625,0.42833232183253994,0.42833185640166416,0.42833185640166416,0.42833403748873317,0.42833185640166416,0.42833185640166416,0.42833185640166416,0.42833185640166416,0.42833185640166416,0.42833185640166416,0.42833185640166416,0.42833185640166416,0.42833185640166416,0.42870995,0.4156546,0.43520206,1.0813927242871357,1.0810015538566178,1.0810015538566178,1.0813938566654349,1.0810015538566178,1.0810015538566178,1.0810015538566178,1.0810015538566178,1.0810015538566178,1.0810015538566178,1.0810015538566178,1.0810015538566178,1.0810015538566178,1.1092594,1.0816711,1.1282637,1.0228476307874854,1.0228683985106322,1.0228683985106322,1.0228544933018704,1.0228683985106322,1.0228683985106322,1.0228683985106322,1.0228683985106322,1.0228683985106322,1.0228683985106322,1.0228683985106322,1.0228683985106322,1.0228683985106322,0.8351081,0.8032763,0.8786486
0.5029296875,0.42833232183253994,0.42833185640166416,0.42833185640166416,0.4283328183032614,0.42833185640166416,0.42833185640166416,0.42833185640166416,0.42833185640166416,0.42833185640166416,0.42833185640166416,0.42833185640166416,0.42833185640166416,0.42833185640166416,0.4289244,0.4172544,0.43832985,1.0813927242871357,1.0810015538566178,1.0810015538566178,1.0813891025503926,1.0810015538566178,1.0810015538566178,1.0810015538566178,1.0810015538566178,1.0810015538566178,1.0810015538566178,1.0810015538566178,1.0810015538566178,1.0810015538566178,1.1130836,1.0835152,1.1309552,1.0228476307874854,1.0228683985106322,1.0228683985106322,1.0228504448285134,1.0228683985106322,1.0228683985106322,1.0228683985106322,1.0228683985106322,1.0228683985106322,1.0228683985106322,1.0228683985106322,1.0228683985106322,1.0228683985106322,0.8466063,0.817981,0.88918114
0.5048828125,0.42833232183253994,0.42833185640166416,0.42833185640166416,0.4283318684537978,0.42833185640166416,0.42833185640166416,0.42833185640166416,0.42833185640166416,0.42833185640166416,0.42833185640166416,0.42833185640166416,0.42833185640166416,0.42833185640166416,0.42949,0.4192677,0.44118208,1.0813927242871357,1.0810015538566178,1.0810015538566178,1.0813835713155242,1.0810015538566178,1.0810015538566178,1.0810015538566178,1.0810015538566178,1.0810015538566178,1.0810015538566178,1.0810015538566178,1.0810015538566178,1.0810015538566178,1.1170883,1.08567,1.133239,1.0228476307874854,1.0228683985106322,1.0228683985106322,1.0228472928129895,1.0228683985106322,1.0228683985106322,1.0228683985106322,1.0228683985106322,1.0228683985106322,1.0228683985106322,1.0228683985106322,1.0228683985106322,1.0228683985106322,0.85903764,0.83193713,0.89909554
0.5068359375,0.42833232183253994,0.42833185640166416,0.42833185640166416,0.42833170105212254,0.42833185640166416,0.42833185640166416,0.42833185640166416,0.42833185640166416,0.42833185640166416,0.42833185640166416,0.42833185640166416,0.42833185640166416,0.42833185640166416,0.43042555,0.42160097,0.44378105,1.0813927242871357,1.0810015538566178,1.0810015538566178,1.081380468676395,1.0810015538566178,1.0810015538566178,1.0810015538566178,1.0810015538566178,1.0810015538566178,1.0810015538566178,1.0810015538566178,1.0810015538566178,1.0810015538566178,1.121066,1.0880212,1.1350763,1.0228476307874854,1.0228683985106322,1.0228683985106322,1.0228467518793363,1.0228683985106322,1.0228683985106322,1.0228683985106322,1.0228683985106322,1.0228683985106322,1.0228683985106322,1.0228683985106322,1.0228683985106322,1.0228683985106322,0.8722613,0.8450387,0.90811795
0.5087890625,0.42833232183253994,0.42833939930338405,0.42833939930338405,0.4283321492662561,0.42833939930338405,0.42833939930338405,0.42833939930338405,0.42833939930338405,0.42833939930338405,0.42833939930338405,0.42833939930338405,0.42833939930338405,0.42833939930338405,0.43172312,0.42413908,0.4461529,1.0813927242871357,1.0809641264477032,1.0809641264477032,1.0813789718665792,1.0809641264477032,1.0809641264477032,1.0809641264477032,1.0809641264477032,1.0809641264477032,1.0809641264477032,1.0809641264477032,1.0809641264477032,1.0809641264477032,1.124805,1.0904398,1.1364479,1.0228476307874854,1.022897644286851,1.022897644286851,1.0228482819450946,1.022897644286851,1.022897644286851,1.022897644286851,1.022897644286851,1.022897644286851,1.022897644286851,1.022897644286851,1.022897644286851,1.022897644286851,0.8860723,0.85723794,0.91602796
0.5107421875,0.42833232183253994,0.42833939930338405,0.42833939930338405,0.4283331552825409,0.42833939930338405,0.42833939930338405,0.42833939930338405,0.42833939930338405,0.42833939930338405,0.42833939930338405,0.42833939930338405,0.42833939930338405,0.42833939930338405,0.43334585,0.42676473,0.4483204,1.0813927242871357,1.0809641264477032,1.0809641264477032,1.0813799165400226,1.0809641264477032,1.0809641264477032,1.0809641264477032,1.0809641264477032,1.0809641264477032,1.0809641264477032,1.0809641264477032,1.0809641264477032,1.0809641264477032,1.1281081,1.0927864,1.1373395,1.0228476307874854,1.022897644286851,1.022897644286851,1.0228516789694364,1.022897644286851,1.022897644286851,1.022897644286851,1.022897644286851,1.022897644286851,1.022897644286851,1.022897644286851,1.022897644286851,1.022897644286851,0.9001979,0.86853105,0.9226731
0.5126953125,0.42833232183253994,0.42833939930338405,0.42833939930338405,0.428334542900344,0.42833939930338405,0.42833939930338405,0.42833939930338405,0.42833939930338405,0.42833939930338405,0.42833939930338405,0.42833939930338405,0.42833939930338405,0.42833939930338405,0.43523118,0.4293755,0.45029867,1.0813927242871357,1.0809641264477032,1.0809641264477032,1.0813826914166207,1.0809641264477032,1.0809641264477032,1.0809641264477032,1.0809641264477032,1.0809641264477032,1.0809641264477032,1.0809641264477032,1.0809641264477032,1.0809641264477032,1.1308062,1.0949184,1.1377288,1.0228476307874854,1.022897644286851,1.022897644286851,1.022856342932917,1.022897644286851,1.022897644286851,1.022897644286851,1.022897644286851,1.022897644286851,1.022897644286851,1.022897644286851,1.022897644286851,1.022897644286851,0.91430026,0.87894773,0.9279805
0.5146484375,0.42833232183253994,0.42833939930338405,0.42833939930338405,0.428335890364631,0.42833939930338405,0.42833939930338405,0.42833939930338405,0.42833939930338405,0.42833939930338405,0.42833939930338405,0.42833939930338405,0.42833939930338405,0.42833939930338405,0.43729562,0.4318942,0.45209345,1.0813927242871357,1.0809641264477032,1.0809641264477032,1.0813858564353613,1.0809641264477032,1.0809641264477032,1.0809641264477032,1.0809641264477032,1.0809641264477032,1.0809641264477032,1.0809641264477032,1.0809641264477032,1.0809641264477032,1.1327723,1.0966973,1.1375895,1.0228476307874854,1.022897644286851,1.022897644286851,1.0228608603916995,1.022897644286851,1.022897644286851,1.022897644286851,1.022897644286851,1.022897644286851,1.022897644286851,1.022897644286851,1.022897644286851,1.022897644286851,0.9279902,0.8885394,0.93196195
0.5166015625,0.42833232183253994,0.4283597911702344,0.4283497789516998,0.42833662858489463,0.42834907688818913,0.42834842681186025,0.4283490814533264,0.42834962883341726,0.4283489884394907,0.42834973458209086,0.428349614505476,0.4283494869938499,0.42834961662412213,0.43944398,0.43426982,0.45370287,1.0813927242871357,1.0809980372920716,1.080975497847471,1.0813874276797695,1.0809743185998646,1.0809732266710534,1.080974326267883,1.0809752456959283,1.0809741700333793,1.0809754233204887,1.0809752216294801,1.0809750074498634,1.0809752251881413,1.1339291,1.0979999,1.1368977,1.0228476307874854,1.0229675350122,1.0229341111481676,1.022863326134562,1.0229317355691643,1.0229295358994719,1.0229317510162637,1.022933603191522,1.0229314362844424,1.0229339610143056,1.0229335547099316,1.0229331232476326,1.0229335618788147,0.9347153,0.89737344,0.94085085
0.5185546875,0.42833232183253994,0.4283597911702344,0.4283564537640562,0.42833662011448637,0.4283554619805584,0.42835454363775116,0.4283554684295872,0.42835624169658215,0.42835533703180645,0.42835639108447626,0.4283562214559408,0.428356041324194,0.42835622444888694,0.4415816,0.43647125,0.45511976,1.0813927242871357,1.0809980372920716,1.0809905242609443,1.0813867056849935,1.0809886928432677,1.0809869970328878,1.0809887047520084,1.08099013265994,1.0809884621135266,1.080990408517698,1.080990095283818,1.080989762654571,1.0809901008105562,1.1342512,1.0987269,1.1356499,1.0228476307874854,1.0229675350122,1.022956393733861,1.0228632906536606,1.022953050983745,1.0229499557608055,1.0229530727198333,1.0229556789724972,1.0229526298510117,1.0229561824759035,1.0229556107525648,1.0229550036287314,1.02295562084012,0.93641543,0.9055287,0.95246977
0.5205078125,0.42833232183253994,0.4283597911702344,0.4283631285764127,0.42833606195831575,0.4283622070393447,0.42836135374128126,0.42836221303159916,0.4283629315293367,0.4283620909405118,0.4283630703363266,0.4283629127223074,0.4283627453490025,0.428362915503268,0.44362682,0.43847355,0.45633438,1.0813927242871357,1.0809980372920716,1.08100555020613,1.08138476155671,1.0810037499083633,1.0810020829141467,1.0810037616147459,1.081005165259259,1.081003523099282,1.0810054364296047,1.0810051285182383,1.0810048015410925,1.0810051339510651,1.1337613,1.0988109,1.1338782,1.0228476307874854,1.0229675350122,1.0229786762808675,1.0228614078250577,1.022975578133414,1.0229727094005432,1.0229755982789839,1.0229780138215103,1.0229751878166788,1.0229784804815172,1.022977950593509,1.0229773878954036,1.0229779599429165,0.9373028,0.91309,0.9624769
0.5224609375,0.42833232183253994,0.4283597911702344,0.42836980338876907,0.42833497153988265,0.4283724187728455,0.42837240176642494,0.428374840490045,0.4283703626216016,0.428369968678044,0.42837274826912874,0.4283704159972135,0.42837040810466065,0.4283708910138913,0.44552258,0.4402462,0.45733723,1.0813927242871357,1.0809980372920716,1.0810205756830507,1.0813810398489425,1.0810253862906534,1.081025355010078,1.0810298406246421,1.0810216043130916,1.0810208797096745,1.0810259923455894,1.0810217024898725,1.081021687972655,1.0810225762138292,1.1316637,1.0982232,1.1325244,1.0228476307874854,1.0229675350122,1.0230009587891893,1.0228577434535635,1.0230097752399223,1.0230097179113502,1.0230179388367435,1.0230028439614791,1.0230015159788843,1.0230108859704796,1.0230030238905057,1.023002997284734,1.02300462517022,0.93766177,0.9201441,0.97058064
0.5244140625,0.42833232183253994,0.4283927978022356,0.42837995033751275,0.42833382063144176,0.4283757836988877,0.4283730044196848,0.42837748954552063,0.4283794737212469,0.42837875085407134,0.428379683409546,0.42837897437454436,0.42837845055533386,0.42837937764169226,0.44724375,0.44174367,0.45812163,1.0813927242871357,1.0810843289744143,1.0810493460103345,1.0813773308347805,1.0810387780588255,1.081031728788002,1.0810431046658768,1.0810481371667915,1.0810463037510496,1.0810486690003074,1.0810468706690748,1.0810455420983338,1.0810478934795469,1.1291434,1.0969758,1.1306407,1.0228476307874854,1.023075904123432,1.0230336114947058,1.022853875644453,1.0230194649251918,1.0230100287071002,1.023025256617197,1.023031993288352,1.0230295390110475,1.0230327052215717,1.0230302979074077,1.023028519437157,1.023031667079258,0.9377962,0.926775,0.9765986
0.5263671875,0.42833232183253994,0.4283927978022356,0.42838851531399463,0.4283332204851746,0.428383439438288,0.4283800536693127,0.42838551753198956,0.42838793469130504,0.428387054081234,0.4283881901374426,0.42838732637797994,0.42838668825179604,0.42838781764542677,0.44879955,0.44290566,0.4586851,1.0813927242871357,1.0810843289744143,1.0810726682195315,1.0813758976732177,1.0810596248748605,1.0810509243812736,1.0810649649351087,1.081071176224291,1.0810689133597153,1.081071832631141,1.0810696130695592,1.0810679733013264,1.0810708754572338,1.1265078,1.0951198,1.1282387,1.0228476307874854,1.023075904123432,1.0230618066038237,1.0228518527877701,1.0230446669522404,1.0230332342485644,1.0230516840310557,1.0230598460232891,1.0230568724788216,1.0230607085847447,1.023057791939763,1.0230556371871027,1.0230594507960589,0.93800133,0.93305606,0.9804761
0.5283203125,0.42833232183253994,0.4283927978022356,0.4283970802904766,0.42833305930925925,0.42840147716811533,0.42839967706026094,0.42840441002399243,0.4283975832434778,0.42839736196827816,0.4283983460546563,0.42839811018294816,0.42839768463217104,0.4283986629472219,0.45023042,0.44366592,0.45903057,1.0813927242871357,1.0810843289744143,1.081095989496163,1.0813769772442803,1.0811072787673532,1.0811026569006041,1.0811148089379856,1.0810972808726584,1.0810967127293067,1.0810992394523142,1.0810986338332913,1.081097541196765,1.0811000530976633,1.1239868,1.0927415,1.1254677,1.0228476307874854,1.023075904123432,1.0230900016197408,1.0228513037912434,1.0231048531698501,1.0230987728595506,1.0231147596094223,1.0230917004699656,1.0230909530573762,1.0230942770559777,1.0230934803402143,1.0230920429357355,1.0230953474398778,0.939046,0.9385373,0.9822911
0.5302734375,0.42833232183253994,0.4283927978022356,0.42840564526695846,0.42833327098623525,0.4284104909036514,0.42840850707117134,0.4284137230959525,0.42840619955291265,0.42840595569367557,0.42840704021898074,0.42840678027346996,0.42840631128965234,0.42840738945459056,0.4516005,0.44396824,0.4591661,1.0813927242871357,1.0810843289744143,1.0811193098402847,1.08138001976154,1.081131629429313,1.08112658574999,1.0811398468282913,1.0811207190758496,1.0811200990802352,1.0811228564070499,1.0811221955157415,1.081121003158716,1.0811237443102497,1.1218276,1.0899518,1.1224921,1.0228476307874854,1.023075904123432,1.0231181965424627,1.0228520042779758,1.0231346309795655,1.023127902626421,1.0231455932523021,1.0231200764572421,1.0231192493849393,1.0231229276574105,1.0231220460271866,1.0231204554232323,1.0231241121234833,0.94478,0.9396072,0.9822485
0.5322265625,0.42833232183253994,0.42842831098208956,0.4284175875385139,0.42833382171757306,0.42841341863359883,0.42841334412642035,0.4284162831549468,0.4284175242380085,0.4284160594210551,0.42841756963525585,0.42841661104470635,0.42841659997663206,0.42841730589233307,0.45298666,0.44378674,0.4591044,1.0813927242871357,1.081184605840855,1.081153601891481,1.081385218726698,1.0811428837860086,1.0811426922288199,1.0811502483903925,1.0811534391497046,1.0811496731803512,1.0811535558632905,1.0811510913795248,1.0811510629240484,1.081152877795791,1.119486,1.0868791,1.1202649,1.0228476307874854,1.023193094915862,1.0231566456617995,1.0228538447061777,1.0231423830517115,1.023142128148421,1.023152183121689,1.0231564290989774,1.0231514176860126,1.0231565844114188,1.0231533048940549,1.0231532670280992,1.0231556820977086,0.95026654,0.9413426,0.9806607
0.5341796875,0.42833232183253994,0.42842831098208956,0.4284247365008977,0.4283343000737624,0.428426309658976,0.4284252287168603,0.42842633777464956,0.4284247603876745,0.42842474325678576,0.4284253131440147,0.42842510498594427,0.42842484278155735,0.42842510916253995,0.45446694,0.44313964,0.4588615,1.0813927242871357,1.081184605840855,1.081174271363514,1.0813908270046309,1.081178467852647,1.0811755843810538,1.0811785428525338,1.0811743350830876,1.0811742893852976,1.0811758095955812,1.081175254321211,1.0811745548742218,1.0811752654625406,1.116625,1.0836574,1.1194905,1.0228476307874854,1.023193094915862,1.023180945182811,1.0228554546517366,1.023186316711472,1.0231826258484082,1.0231864127120616,1.0231810267439354,1.0231809682507131,1.023182914123901,1.0231822033706828,1.0231813080768946,1.023182217631619,0.9554851,0.9437981,0.97792137
0.5361328125,0.42833232183253994,0.42842831098208956,0.4284318854632814,0.42833433031224,0.42843344862929006,0.4284323745528855,0.42843347656638414,0.428431909198339,0.4284318921762588,0.42843245844379246,0.42843225160785864,0.42843199106888896,0.4284322557579263,0.45611018,0.4420965,0.4584561,1.0813927242871357,1.081184605840855,1.0811949401457512,1.0813949395423426,1.0811989675624518,1.0811962002630815,1.081199039540668,1.0811950012981244,1.0811949574414546,1.081196416403935,1.0811958835010296,1.0811952122340849,1.0811958941934856,1.1140774,1.0804162,1.1196253,1.0228476307874854,1.023193094915862,1.023205244630611,1.022855566711555,1.0232105918665098,1.0232069176953662,1.0232106874329385,1.023205325822873,1.0232052675941878,1.02320720466713,1.0232064971283024,1.0232056058834973,1.0232065113247433,0.96038747,0.94695514,0.9744722
0.5380859375,0.42833232183253994,0.42842831098208956,0.4284390344256652,0.4283339114627324,0.42844006700649334,0.42843935750366563,0.4284400854609042,0.42843905010433614,0.4284390388600578,0.4284394129194959,0.42843927628984896,0.4284391041855788,0.42843927903125983,0.45791012,0.44077134,0.45796907,1.0813927242871357,1.081184605840855,1.0812156082382272,1.081397618235228,1.0812181015920201,1.0812163883699804,1.0812181461534347,1.081215646097313,1.0812156189458983,1.0812165221816623,1.081216192264268,1.0812157766865764,1.0812161988839104,1.111996,1.0772746,1.1207043,1.0228476307874854,1.023193094915862,1.0232295440052033,1.0228541910010196,1.023233087767564,1.0232306527917936,1.0232331511021084,1.023229597813574,1.0232295592238043,1.0232308429759782,1.023230374070285,1.0232297834175414,1.0232303834786616,0.96490425,0.9507287,0.97076863
0.5400390625,0.42833232183253994,0.4284499895013059,0.4284499895013059,0.4283328837303866,0.4284499895013059,0.4284499895013059,0.4284499895013059,0.4284499895013059,0.4284499895013059,0.4284499895013059,0.4284499895013059,0.4284499895013059,0.4284499895013059,0.45724866,0.4393074,0.46007487,1.0813927242871357,1.0812496842514523,1.0812496842514523,1.081397564154983,1.0812496842514523,1.0812496842514523,1.0812496842514523,1.0812496842514523,1.0812496842514523,1.0812496842514523,1.0812496842514523,1.0812496842514523,1.0812496842514523,1.1105062,1.0743347,1.1226726,1.0228476307874854,1.023270300204453,1.023270300204453,1.0228507809051408,1.023270300204453,1.023270300204453,1.023270300204453,1.023270300204453,1.023270300204453,1.023270300204453,1.023270300204453,1.023270300204453,1.023270300204453,0.96724236,0.95497894,0.9689538
0.5419921875,0.42833232183253994,0.4284499895013059,0.4284499895013059,0.4283316804155529,0.4284499895013059,0.4284499895013059,0.4284499895013059,0.4284499895013059,0.4284499895013059,0.4284499895013059,0.4284499895013059,0.4284499895013059,0.4284499895013059,0.4565018,0.43785688,0.46243632,1.0813927242871357,1.0812496842514523,1.0812496842514523,1.0813961240315668,1.0812496842514523,1.0812496842514523,1.0812496842514523,1.0812496842514523,1.0812496842514523,1.0812496842514523,1.0812496842514523,1.0812496842514523,1.0812496842514523,1.1096973,1.0716794,1.1253966,1.0228476307874854,1.023270300204453,1.023270300204453,1.0228467874320903,1.023270300204453,1.023270300204453,1.023270300204453,1.023270300204453,1.023270300204453,1.023270300204453,1.023270300204453,1.023270300204453,1.023270300204453,0.9642731,0.95952064,0.9724534
0.5439453125,0.42833232183253994,0.4284499895013059,0.4284499895013059,0.4283305022325579,0.4284499895013059,0.4284499895013059,0.4284499895013059,0.4284499895013059,0.4284499895013059,0.4284499895013059,0.4284499895013059,0.4284499895013059,0.4284499895013059,0.45570582,0.43655986,0.46503884,1.0813927242871357,1.0812496842514523,1.0812496842514523,1.0813938042812035,1.0812496842514523,1.0812496842514523,1.0812496842514523,1.0812496842514523,1.0812496842514523,1.0812496842514523,1.0812496842514523,1.0812496842514523,1.0812496842514523,1.1096172,1.0693682,1.128684,1.0228476307874854,1.023270300204453,1.023270300204453,1.0228428814354962,1.023270300204453,1.023270300204453,1.023270300204453,1.023270300204453,1.023270300204453,1.023270300204453,1.023270300204453,1.023270300204453,1.023270300204453,0.9641346,0.9621636,0.9753307
0.5458984375,0.42833232183253994,0.4284499895013059,0.4284499895013059,0.4283297646967056,0.4284499895013059,0.4284499895013059,0.4284499895013059,0.4284499895013059,0.4284499895013059,0.4284499895013059,0.4284499895013059,0.4284499895013059,0.4284499895013059,0.45490316,0.4355291,0.46784517,1.0813927242871357,1.0812496842514523,1.0812496842514523,1.0813919659524078,1.0812496842514523,1.0812496842514523,1.0812496842514523,1.0812496842514523,1.0812496842514523,1.0812496842514523,1.0812496842514523,1.0812496842514523,1.0812496842514523,1.1102684,1.06744,1.1323073,1.0228476307874854,1.023270300204453,1.023270300204453,1.0228404657718866,1.023270300204453,1.023270300204453,1.023270300204453,1.023270300204453,1.023270300204453,1.023270300204453,1.023270300204453,1.023270300204453,1.023270300204453,0.96857804,0.9611249,0.97753173
0.5478515625,0.42833232183253994,0.4284513214808999,0.4284513214808999,0.42832983185842116,0.4284513214808999,0.4284513214808999,0.4284513214808999,0.4284513214808999,0.4284513214808999,0.4284513214808999,0.4284513214808999,0.4284513214808999,0.4284513214808999,0.45414072,0.4348411,0.47079518,1.0813927242871357,1.0812380711074674,1.0812380711074674,1.08139176754549,1.0812380711074674,1.0812380711074674,1.0812380711074674,1.0812380711074674,1.0812380711074674,1.0812380711074674,1.0812380711074674,1.0812380711074674,1.0812380711074674,1.1116122,1.0659088,1.13603,1.0228476307874854,1.023280353664002,1.023280353664002,1.0228407222451115,1.023280353664002,1.023280353664002,1.023280353664002,1.023280353664002,1.023280353664002,1.023280353664002,1.023280353664002,1.023280353664002,1.023280353664002,0.9726006,0.96126914,0.97902906
0.5498046875,0.42833232183253994,0.4284513214808999,0.4284513214808999,0.42833036713668265,0.4284513214808999,0.4284513214808999,0.4284513214808999,0.4284513214808999,0.4284513214808999,0.4284513214808999,0.4284513214808999,0.4284513214808999,0.4284513214808999,0.45346835,0.43453288,0.47380647,1.0813927242871357,1.0812380711074674,1.0812380711074674,1.0813923136046637,1.0812380711074674,1.0812380711074674,1.0812380711074674,1.0812380711074674,1.0812380711074674,1.0812380711074674,1.0812380711074674,1.0812380711074674,1.0812380711074674,1.1135751,1.064767,1.1396244,1.0228476307874854,1.023280353664002,1.023280353664002,1.0228425871223636,1.023280353664002,1.023280353664002,1.023280353664002,1.023280353664002,1.023280353664002,1.023280353664002,1.023280353664002,1.023280353664002,1.023280353664002,0.9759628,0.96261317,0.9798217
0.5517578125,0.42833232183253994,0.4284513214808999,0.4284513214808999,0.4283313991854981,0.4284513214808999,0.4284513214808999,0.4284513214808999,0.4284513214808999,0.4284513214808999,0.4284513214808999,0.4284513214808999,0.4284513214808999,0.4284513214808999,0.4529349,0.43460646,0.47677657,1.0813927242871357,1.0812380711074674,1.0812380711074674,1.0813942860993617,1.0812380711074674,1.0812380711074674,1.0812380711074674,1.0812380711074674,1.0812380711074674,1.0812380711074674,1.0812380711074674,1.0812380711074674,1.0812380711074674,1.1160601,1.0639876,1.1428875,1.0228476307874854,1.023280353664002,1.023280353664002,1.0228461206358985,1.023280353664002,1.023280353664002,1.023280353664002,1.023280353664002,1.023280353664002,1.023280353664002,1.023280353664002,1.023280353664002,1.023280353664002,0.9784598,0.96508276,0.97993594
0.5537109375,0.42833232183253994,0.4284513214808999,0.4284513214808999,0.42833251524681637,0.4284513214808999,0.4284513214808999,0.4284513214808999,0.4284513214808999,0.4284513214808999,0.4284513214808999,0.4284513214808999,0.4284513214808999,0.4284513214808999,0.4525841,0.43503588,0.4795866,1.0813927242871357,1.0812380711074674,1.0812380711074674,1.081396351855709,1.0812380711074674,1.0812380711074674,1.0812380711074674,1.0812380711074674,1.0812380711074674,1.0812380711074674,1.0812380711074674,1.0812380711074674,1.0812380711074674,1.1189563,1.0635256,1.1456494,1.0228476307874854,1.023280353664002,1.023280353664002,1.022849930161496,1.023280353664002,1.023280353664002,1.023280353664002,1.023280353664002,1.023280353664002,1.023280353664002,1.023280353664002,1.023280353664002,1.023280353664002,0.9794238,0.9685248,0.97994137
0.5556640625,0.42833232183253994,0.4284378775254605,0.4284461224520338,0.4283333003085014,0.4284461513186735,0.4284461437457648,0.42844633914237684,0.4284461224662978,0.4284461224535234,0.4284461228397041,0.4284461286850001,0.4284461274076866,0.4284461732079955,0.45245185,0.43577707,0.4821082,1.0813927242871357,1.0812015776781096,1.0812255473943784,1.0813972959694962,1.0812256499639954,1.081225623055761,1.081226317343218,1.0812255474450616,1.0812255473996712,1.0812255487718576,1.0812255695415007,1.0812255650029203,1.081225727741635,1.1221517,1.0633242,1.1477811,1.0228476307874854,1.023242665053746,1.023268512701507,1.0228526161378466,1.0232686093456118,1.023268583991882,1.0232692381701842,1.0232685127492624,1.0232685127064942,1.0232685139994084,1.023268533569175,1.0232685292927917,1.0232686826299953,0.9783591,0.97272056,0.98033285
0.5576171875,0.42833232183253994,0.4284378775254605,0.42844062583431824,0.428333648946045,0.4284407372015691,0.42844070798535167,0.4284414618238219,0.4284406258893487,0.4284406258400652,0.4284406273299471,0.42844064988104935,0.4284406449531847,0.4284408216503875,0.4525627,0.4367776,0.48421407,1.0813927242871357,1.0812015776781096,1.081209567686038,1.0813964861900807,1.0812099101059385,1.0812098202751106,1.0812121380912179,1.0812095678552398,1.0812095677037081,1.0812095722846358,1.0812096416223242,1.08120962647066,1.0812101697598542,1.1255383,1.0633179,1.149197,1.0228476307874854,1.023242665053746,1.0232512809472734,1.0228538132409417,1.0232516362292583,1.0232515430241604,1.0232539479068443,1.0232512811228307,1.0232512809656071,1.023251285718604,1.0232513576607638,1.0232513419399702,1.0232519056364862,0.9774014,0.9768354,0.9796441
0.5595703125,0.42833232183253994,0.4284378775254605,0.4284351292166027,0.4283334753390594,0.42843532308446475,0.42843527222493855,0.428436584505267,0.4284351293123997,0.428435129226607,0.42843513182019005,0.42843517107709855,0.4284351624986828,0.4284354700927795,0.45292905,0.43798453,0.48578933,1.0813927242871357,1.0812015776781096,1.0811935875676735,1.0813943495599112,1.0811941698500738,1.081194017093465,1.0811979585163847,1.0811935878553998,1.0811935875977212,1.0811935953875549,1.0811937132957772,1.0811936875304862,1.0811946113894058,1.129015,1.0634376,1.1498585,1.0228476307874854,1.023242665053746,1.0232340491492777,1.0228532508276449,1.023234663070447,1.0232345020136404,1.0232386576090484,1.023234049452638,1.0232340491809582,1.0232340573940555,1.023234181708874,1.0232341545436123,1.0232351286014947,0.97797084,0.9749646,0.9822683
0.5615234375,0.42833232183253994,0.4284378775254605,0.42842963259888717,0.42833288119658064,0.4284292984971345,0.42842712463037613,0.4284293861457869,0.42842963243379567,0.4284296281120007,0.42842963258164635,0.4284295604586939,0.4284290451506794,0.4284295752422878,0.4535509,0.4393494,0.48674375,1.0813927242871357,1.0812015776781096,1.0811776070392691,1.0813911559307876,1.0811765797272168,1.0811698953785815,1.0811768492336413,1.0811776065316383,1.0811775932427867,1.0811776069862562,1.0811773852192874,1.0811758007243484,1.0811774306765674,1.1324866,1.0636137,1.1497768,1.0228476307874854,1.023242665053746,1.0232168173075178,1.0228512802457816,1.0232157514558156,1.0232088163797735,1.0232160310726404,1.0232168167808429,1.0232168029934499,1.0232168172525162,1.0232165871658259,1.0232149432296134,1.0232166343284572,0.97548455,0.9728747,0.9870105
0.5634765625,0.42833232183253994,0.4284073485391757,0.4284201664597336,0.42833205520568274,0.4284244830743718,0.42842331496850516,0.4284260903261934,0.4284211537817696,0.4284201676189558,0.4284216195959049,0.4284211710579157,0.4284209039434088,0.4284214455576968,0.45441768,0.44083107,0.48702142,1.0813927242871357,1.0811102247961972,1.0811469201756758,1.0813876432113068,1.0811574370476877,1.0811545911300777,1.0811613528542614,1.0811493256765252,1.0811469229999988,1.081150460577253,1.081149367767844,1.0811487169740628,1.0811500365541513,1.1358597,1.063779,1.1490102,1.0228476307874854,1.0231424986791142,1.0231852288416088,1.0228485234691513,1.023199064701958,1.023195320624035,1.0232042163526633,1.0231883934643913,1.0231852325572168,1.0231898865189681,1.0231884488389043,1.0231875926678455,1.0231893286816005,0.97241503,0.9707075,0.9913298
0.5654296875,0.42833232183253994,0.4284073485391757,0.4284116211793617,0.42833152901669347,0.4284171341886325,0.42841564233007856,0.42841918690700914,0.4284128821479665,0.4284116226598744,0.42841347706733307,0.42841290421237616,0.42841256306430614,0.42841325479262593,0.45550928,0.44239375,0.48660526,1.0813927242871357,1.0811102247961972,1.081122456833337,1.081385639817313,1.0811363991829488,1.0811326263218346,1.0811415903971193,1.0811256458429626,1.0811224605775882,1.08112715039697,1.0811257016440377,1.0811248388770927,1.08112658826363,1.1390396,1.0638704,1.1476617,1.0228476307874854,1.0231424986791142,1.0231567420922518,1.0228467782937607,1.023174566326219,1.0231697429681434,1.0231812030075487,1.0231608189610784,1.023156746878935,1.0231627424090115,1.0231608902980522,1.023159787323958,1.0231620237674222,0.96902686,0.96861356,0.9949591
0.5673828125,0.42833232183253994,0.4284073485391757,0.42840307589898974,0.42833150545801496,0.42840095417925084,0.42840016417638954,0.42840152833133116,0.4284025906065029,0.428402361647671,0.4284030753292042,0.42840258211486226,0.428402447191629,0.42840271340805597,0.45679882,0.44400707,0.48551682,1.0813927242871357,1.0811102247961972,1.081097992515067,1.0813857911053442,1.0810927371995922,1.0810907804178345,1.0810941593295544,1.081096790492327,1.0810962233824113,1.0810979911037646,1.0810967694593272,1.0810964352669787,1.0810970946602014,1.1419288,1.063832,1.1458733,1.0228476307874854,1.0231424986791142,1.0231282552403367,1.0228467158305041,1.0231214287929717,1.0231188870267727,1.0231232760774527,1.0231266938546968,1.0231259571998261,1.0231282534071022,1.023126666533592,1.0231262324299812,1.0231270889578523,0.96674544,0.96559685,0.9976817
0.5693359375,0.42833232183253994,0.4284073485391757,0.4283945306186179,0.4283316991747099,0.4283868227144477,0.4283839527471108,0.42838890852678807,0.42839276762046385,0.42839193584579394,0.4283945285486685,0.42839273677154877,0.42839224661475117,0.428393213740932,0.45825332,0.44564238,0.48380944,1.0813927242871357,1.0811102247961972,1.081073527220806,1.0813868247606666,1.0810543203288812,1.0810471686424588,1.0810595179152909,1.0810691341660463,1.0810670615298406,1.0810735220629086,1.0810690572961186,1.0810678359123735,1.0810702458164845,1.1438149,1.063618,1.1444318,1.0228476307874854,1.0231424986791142,1.0230997682858571,1.0228473941008869,1.023074934351645,1.0230656876481372,1.0230816545927612,1.0230940881247876,1.023091408248968,1.0230997616167394,1.0230939887333854,1.0230924095084626,1.0230955254698355,0.96524936,0.96238834,0.99934345
0.5712890625,0.42833232183253994,0.4283695152824851,0.4283821805969241,0.4283322510859487,0.428389997898937,0.428383362324478,0.42839165623323444,0.42838219291730706,0.4283821894768259,0.4283822118364704,0.42838401166459367,0.42838245561831284,0.4283842266030566,0.4598346,0.4472719,0.4815588,1.0813927242871357,1.0810058604253523,1.0810354584962976,1.0813897920734075,1.0810503324945802,1.081037707006825,1.0810534877412188,1.0810354819387453,1.081035475392415,1.0810355179369333,1.0810389425215934,1.0810359817893314,1.0810393514892562,1.1416742,1.0631962,1.1464632,1.0228476307874854,1.0230147700203662,1.023056733659806,1.022849277519015,1.0230815936047792,1.0230604916956256,1.0230868672991063,1.0230567728401108,1.0230567618989654,1.0230568330053333,1.02306255667496,1.023057608260993,1.0230632402049562,0.9642517,0.95963293,0.9998638
0.5732421875,0.42833232183253994,0.4283695152824851,0.4283737370539648,0.4283328465414765,0.4283749522492481,0.42837392075286085,0.4283752100363994,0.42837373896916153,0.4283737384343406,0.42837374191013505,0.4283740216924234,0.4283737798058879,0.42837405510448884,0.46149907,0.44886863,0.4788524,1.0813927242871357,1.0810058604253523,1.0810157266434668,1.0813936471631704,1.0810179355069418,1.081016060554209,1.0810184040856736,1.0810157301247345,1.0810157291525866,1.0810157354705643,1.0810162440326219,1.081015804353956,1.0810163047659025,1.1396419,1.0625505,1.1479574,1.0228476307874854,1.0230147700203662,1.0230287579168584,1.0228513126880323,1.0230325906712203,1.0230293373075292,1.0230334037378206,1.0230287639574345,1.0230287622705967,1.0230287732333347,1.023029655673293,1.0230288927574387,1.0230297610557353,0.9638496,0.95751524,0.9992349
0.5751953125,0.42833232183253994,0.4283695152824851,0.42836529351100544,0.4283330553174497,0.42836023853744803,0.4283591661935615,0.42836452935970015,0.4283652855441634,0.42836527331029167,0.42836528776891325,0.4283641094709573,0.4283639704833316,0.4283651156714074,0.46319792,0.4504063,0.4757806,1.0813927242871357,1.0810058604253523,1.0809959940127638,1.0813963144255954,1.0809861925948856,1.0809841133276519,1.0809945123648073,1.0809959785655165,1.080995954844743,1.0809959828791782,1.0809936982210466,1.080993428730478,1.0809956491918957,1.1379001,1.0616837,1.1488798,1.0228476307874854,1.0230147700203662,1.023000782107194,1.0228520649887594,1.022984650737774,1.022981228685041,1.022998343558007,1.023000756683519,1.0230007176429579,1.0230007637831096,1.0229970036146372,1.0229965600791502,1.0230002145879364,0.9641016,0.956164,0.99752325
0.5771484375,0.42833232183253994,0.4283695152824851,0.4283568499680461,0.4283328647056638,0.4283528724443073,0.4283520286667452,0.4283562486929015,0.42835684369930843,0.4283568340730434,0.4283568454498607,0.42835591830196607,0.42835580893906344,0.42835671003433234,0.46487778,0.45186186,0.4724322,1.0813927242871357,1.0810058604253523,1.0809762606041426,1.0813981107320452,1.08096897696639,1.0809674318243156,1.0809751595583381,1.0809762491249424,1.0809762314974976,1.0809762523305224,1.0809745545502187,1.080974354285911,1.0809760043599523,1.1366085,1.0606172,1.1492276,1.0228476307874854,1.0230147700203662,1.022972806230809,1.0228514791537353,1.022960244736063,1.0229575799846353,1.022970907332714,1.0229727864333944,1.022972756032511,1.0229727919618452,1.0229698639189346,1.022969518537897,1.0229723643035922,0.9650222,0.9556491,0.994862
0.5791015625,0.42833232183253994,0.42833980019550094,0.4283490626419182,0.4283321867691532,0.4283518706540503,0.4283500850953102,0.42835268348765143,0.42834906392205513,0.4283490630899013,0.4283490652568134,0.428349668955822,0.42834930213392536,0.4283499053150188,0.46648145,0.45321578,0.4688923,1.0813927242871357,1.0809523692573981,1.0809539584521801,1.081398488086555,1.0809560547402255,1.0809547217557758,1.0809566615463495,1.0809539594078574,1.0809539587866188,1.080953960404312,1.080954411090937,1.0809541372431606,1.080954587542643,1.135893,1.0593909,1.1490308,1.0228476307874854,1.0229186928899143,1.02294767829521,1.022849285810276,1.0229561819242836,1.0229507746367592,1.0229586434645916,1.0229476821719063,1.0229476796518575,1.0229476862140148,1.0229495144228606,1.0229484035596255,1.0229502302000322,0.96658164,0.95598376,0.9914427
0.5810546875,0.42833232183253994,0.42833980019550094,0.42834288767764,0.4283312266759985,0.42834124902254367,0.42834077468202786,0.4283422910105379,0.428342886930598,0.42834288615168103,0.4283428874162131,0.4283425338546073,0.4283423959238633,0.42834274791870036,0.4652441,0.45445472,0.4679511,1.0813927242871357,1.0809523692573981,1.0809528989966288,1.0813978843187115,1.0809520796563379,1.0809518424812214,1.0809526006591637,1.0809528986231034,1.0809528982336403,1.0809528988659138,1.0809527220828916,1.0809526531165747,1.0809528291163166,1.1358392,1.0580585,1.1483417,1.0228476307874854,1.0229186928899143,1.0229283546917276,1.0228461457619071,1.0229233213096993,1.0229218642995765,1.0229265219366508,1.022928352397073,1.0229283500045092,1.0229283538887146,1.0229272678696857,1.0229268441941202,1.0229279254005796,0.96870965,0.95713335,0.9875033
0.5830078125,0.42833232183253994,0.42833980019550094,0.4283367127133619,0.42833018284849755,0.42833577670931783,0.42833550576478413,0.42833637189556456,0.42833671228664955,0.42833671184173017,0.42833671256403416,0.4283365106087273,0.42833643182232833,0.4283366328826928,0.46156934,0.45557085,0.46923083,1.0813927242871357,1.0809523692573981,1.0809518395105306,1.0813968539544374,1.0809511407169636,1.0809509384370357,1.0809515850661668,1.0809518391919601,1.080951838859797,1.0809518393990472,1.08095168862531,1.080951629805724,1.0809517799113795,1.1364846,1.0566837,1.1472267,1.0228476307874854,1.0229186928899143,1.0229090310880526,1.0228427476093394,1.0229061965446073,1.022905376030987,1.0229079989740886,1.0229090297958205,1.0229090284484512,1.022909030635837,1.02290841904544,1.022908180453021,1.022908789333225,0.971304,0.9590237,0.98331714
0.5849609375,0.42833232183253994,0.42833980019550094,0.4283305377490837,0.42832934960650304,0.428330304396092,0.42833023684754035,0.4283304527805912,0.428330537642701,0.42833053753177924,0.42833053771185514,0.4283304873628472,0.4283304677207933,0.42833051784668524,0.4579484,0.45656225,0.47027057,1.0813927242871357,1.0809523692573981,1.080950779993885,1.081396065557921,1.0809502017535981,1.0809500343706089,1.0809505694451016,1.0809507797302726,1.0809507794554123,1.080950779901634,1.0809506551386638,1.080950606466376,1.0809507306764847,1.1378181,1.0553359,1.1457554,1.0228476307874854,1.0229186928899143,1.0228897074841856,1.0228400640392745,1.0228890717793642,1.0228888877622573,1.0228894760113496,1.0228897071943759,1.0228897068922005,1.022889707382767,1.0228895702210115,1.0228895167117422,1.0228896532656817,0.9742392,0.961554,0.9791741
0.5869140625,0.42833232183253994,0.4283201155682598,0.4283201155682598,0.4283289561206659,0.4283201155682598,0.4283201155682598,0.4283201155682598,0.4283201155682598,0.4283201155682598,0.4283201155682598,0.4283201155682598,0.4283201155682598,0.4283201155682598,0.45743147,0.4544572,0.47102895,1.0813927242871357,1.080968760782192,1.080968760782192,1.0813964489270547,1.080968760782192,1.080968760782192,1.080968760782192,1.080968760782192,1.080968760782192,1.080968760782192,1.080968760782192,1.080968760782192,1.080968760782192,1.1397821,1.0540825,1.1439972,1.0228476307874854,1.0228654835300282,1.0228654835300282,1.0228388370026296,1.0228654835300282,1.0228654835300282,1.0228654835300282,1.0228654835300282,1.0228654835300282,1.0228654835300282,1.0228654835300282,1.0228654835300282,1.0228654835300282,0.97536534,0.9646064,0.9773784
0.5888671875,0.42833232183253994,0.4283201155682598,0.4283201155682598,0.4283291337645292,0.4283201155682598,0.4283201155682598,0.4283201155682598,0.4283201155682598,0.4283201155682598,0.4283201155682598,0.4283201155682598,0.4283201155682598,0.4283201155682598,0.45818415,0.4511619,0.47147635,1.0813927242871357,1.080968760782192,1.080968760782192,1.0813975516839793,1.080968760782192,1.080968760782192,1.080968760782192,1.080968760782192,1.080968760782192,1.080968760782192,1.080968760782192,1.080968760782192,1.080968760782192,1.142018,1.0529842,1.1422782,1.0228476307874854,1.0228654835300282,1.0228654835300282,1.0228394968058447,1.0228654835300282,1.0228654835300282,1.0228654835300282,1.0228654835300282,1.0228654835300282,1.0228654835300282,1.0228654835300282,1.0228654835300282,1.0228654835300282,0.97216034,0.96805614,0.9805857
0.5908203125,0.42833232183253994,0.4283201155682598,0.4283201155682598,0.4283297759764382,0.4283201155682598,0.4283201155682598,0.4283201155682598,0.4283201155682598,0.4283201155682598,0.4283201155682598,0.4283201155682598,0.4283201155682598,0.4283201155682598,0.4588273,0.44811222,0.47159708,1.0813927242871357,1.080968760782192,1.080968760782192,1.081399215780533,1.080968760782192,1.080968760782192,1.080968760782192,1.080968760782192,1.080968760782192,1.080968760782192,1.080968760782192,1.080968760782192,1.080968760782192,1.139885,1.0520875,1.1451751,1.0228476307874854,1.0228654835300282,1.0228654835300282,1.022841736927924,1.0228654835300282,1.0228654835300282,1.0228654835300282,1.0228654835300282,1.0228654835300282,1.0228654835300282,1.0228654835300282,1.0228654835300282,1.0228654835300282,0.9717763,0.96978796,0.98373616
0.5927734375,0.42833232183253994,0.4283201155682598,0.4283201155682598,0.4283306694580452,0.4283201155682598,0.4283201155682598,0.4283201155682598,0.4283201155682598,0.4283201155682598,0.4283201155682598,0.4283201155682598,0.4283201155682598,0.4283201155682598,0.45936745,0.44533572,0.4713904,1.0813927242871357,1.080968760782192,1.080968760782192,1.0814007132822971,1.080968760782192,1.080968760782192,1.080968760782192,1.080968760782192,1.080968760782192,1.080968760782192,1.080968760782192,1.080968760782192,1.080968760782192,1.1376674,1.0514216,1.1483185,1.0228476307874854,1.0228654835300282,1.0228654835300282,1.0228447830681082,1.0228654835300282,1.0228654835300282,1.0228654835300282,1.0228654835300282,1.0228654835300282,1.0228654835300282,1.0228654835300282,1.0228654835300282,1.0228654835300282,0.97564286,0.96841466,0.9867259
0.5947265625,0.42833232183253994,0.42831646740651563,0.42831646740651563,0.42833140812310716,0.42831646740651563,0.42831646740651563,0.42831646740651563,0.42831646740651563,0.42831646740651563,0.42831646740651563,0.42831646740651563,0.42831646740651563,0.42831646740651563,0.45980978,0.44283414,0.47087026,1.0813927242871357,1.0810566679052502,1.0810566679052502,1.081400920356334,1.0810566679052502,1.0810566679052502,1.0810566679052502,1.0810566679052502,1.0810566679052502,1.0810566679052502,1.0810566679052502,1.0810566679052502,1.0810566679052502,1.1354384,1.0509943,1.1515418,1.0228476307874854,1.0228647753635385,1.0228647753635385,1.022847288989016,1.0228647753635385,1.0228647753635385,1.0228647753635385,1.0228647753635385,1.0228647753635385,1.0228647753635385,1.0228647753635385,1.0228647753635385,1.0228647753635385,0.979536,0.96812826,0.9894794
0.5966796875,0.42833232183253994,0.42831646740651563,0.42831646740651563,0.42833199592140814,0.42831646740651563,0.42831646740651563,0.42831646740651563,0.42831646740651563,0.42831646740651563,0.42831646740651563,0.42831646740651563,0.42831646740651563,0.42831646740651563,0.46015784,0.44058478,0.4700651,1.0813927242871357,1.0810566679052502,1.0810566679052502,1.0814001445794912,1.0810566679052502,1.0810566679052502,1.0810566679052502,1.0810566679052502,1.0810566679052502,1.0810566679052502,1.0810566679052502,1.0810566679052502,1.0810566679052502,1.1332752,1.0507921,1.1546766,1.0228476307874854,1.0228647753635385,1.0228647753635385,1.0228492689186977,1.0228647753635385,1.0228647753635385,1.0228647753635385,1.0228647753635385,1.0228647753635385,1.0228647753635385,1.0228647753635385,1.0228647753635385,1.0228647753635385,0.9833413,0.9689301,0.9919527
0.5986328125,0.42833232183253994,0.42831646740651563,0.42831646740651563,0.42833215530764734,0.42831646740651563,0.42831646740651563,0.42831646740651563,0.42831646740651563,0.42831646740651563,0.42831646740651563,0.42831646740651563,0.42831646740651563,0.42831646740651563,0.46041444,0.43854508,0.46901464,1.0813927242871357,1.0810566679052502,1.0810566679052502,1.081397500138731,1.0810566679052502,1.0810566679052502,1.0810566679052502,1.0810566679052502,1.0810566679052502,1.0810566679052502,1.0810566679052502,1.0810566679052502,1.0810566679052502,1.1312544,1.0507829,1.1575606,1.0228476307874854,1.0228647753635385,1.0228647753635385,1.022849803485287,1.0228647753635385,1.0228647753635385,1.0228647753635385,1.0228647753635385,1.0228647753635385,1.0228647753635385,1.0228647753635385,1.0228647753635385,1.0228647753635385,0.9869507,0.97073483,0.9941347
0.6005859375,0.42833232183253994,0.42831646740651563,0.42831646740651563,0.42833202924650016,0.42831646740651563,0.42831646740651563,0.42831646740651563,0.42831646740651563,0.42831646740651563,0.42831646740651563,0.42831646740651563,0.42831646740651563,0.42831646740651563,0.46058276,0.43666172,0.46776858,1.0813927242871357,1.0810566679052502,1.0810566679052502,1.0813941589840963,1.0810566679052502,1.0810566679052502,1.0810566679052502,1.0810566679052502,1.0810566679052502,1.0810566679052502,1.0810566679052502,1.0810566679052502,1.0810566679052502,1.1294489,1.0509198,1.1600485,1.0228476307874854,1.0228647753635385,1.0228647753635385,1.0228493834064836,1.0228647753635385,1.0228647753635385,1.0228647753635385,1.0228647753635385,1.0228647753635385,1.0228647753635385,1.0228647753635385,1.0228647753635385,1.0228647753635385,0.9902661,0.9733799,0.9960436
0.6025390625,0.42833232183253994,0.42832728957123234,0.42832003446212275,0.4283317410204952,0.4283186668289234,0.42831836580199745,0.42831908710265726,0.4283197795151683,0.42831939049973844,0.42831999093785705,0.4283197141177212,0.4283196461177675,0.4283198299055935,0.46066827,0.43488118,0.46638238,1.0813927242871357,1.0811918277560186,1.0811354513054818,1.0813906658139998,1.0811232681085945,1.0811205864797804,1.0811270120137393,1.0811331801841944,1.0811297147474164,1.0811350635823271,1.0811325976094945,1.0811319918509112,1.0811336290729534,1.1279227,1.0511479,1.1620175,1.0228476307874854,1.0229090142111645,1.0228857371610558,1.0228484242057811,1.0228815273707352,1.022880600759046,1.0228828210421665,1.0228849523961172,1.0228837549466134,1.022885603186905,1.0228847510928305,1.022884541778571,1.0228851075054688,0.99319917,0.9766455,0.99772185
0.6044921875,0.42833232183253994,0.42832728957123234,0.4283248712015291,0.42833145702113307,0.42832289085029,0.4283224549592587,0.42832349941230063,0.42832450203491534,0.42832393873534863,0.42832480817780794,0.42832440733853366,0.42832430887368755,0.4283245750009277,0.46068162,0.43316022,0.464915,1.0813927242871357,1.0811918277560186,1.081173035818045,1.081387835412582,1.0811560916878538,1.081152362129227,1.0811612986363783,1.0811698771947091,1.0811650575415683,1.0811724965817036,1.0811690669629228,1.0811682244873952,1.0811705014990212,1.1267282,1.0514096,1.1633735,1.0228476307874854,1.0229090142111645,1.0229012552549657,1.0228474859680288,1.022895079714756,1.0228937204227182,1.0228969774637313,1.0229001040471215,1.0228983474524795,1.0229010587221405,1.0228998087459893,1.0228995016931606,1.0229003315842082,0.9956781,0.9802777,0.9992288
0.6064453125,0.42833232183253994,0.42832728957123234,0.42832970794093556,0.42833144930604544,0.42832831312714414,0.42832800611755406,0.42832874175347496,0.42832944792711874,0.42832905118032516,0.4283296635516607,0.42832938122995085,0.42832931187855366,0.4283294993190125,0.46063858,0.43147558,0.4634257,1.0813927242871357,1.0811918277560186,1.0812106194817919,1.081386626290665,1.0811990407619776,1.0811964921836879,1.0812025989110403,1.0812084610437447,1.0812051675468912,1.0812102509957908,1.08120790737388,1.0812073316704123,1.081208887660584,1.125902,1.0516498,1.1640552,1.0228476307874854,1.0229090142111645,1.022916773106861,1.022847473151028,1.022912382912409,1.0229114165926687,1.022913732021775,1.022915954711751,1.0229147059472055,1.0229166333913977,1.0229157447818702,1.0229155264977257,1.0229161164681202,0.99765056,0.9840137,1.0006356
0.6083984375,0.42833232183253994,0.42832728957123234,0.42833454468034193,0.4283316967369726,0.42833928747857186,0.4283378300164965,0.4283403314061191,0.42833542880772696,0.4283346956176037,0.42833677786951707,0.4283356555987237,0.4283352540593957,0.4283358914149206,0.4605601,0.42982993,0.46197104,1.0813927242871357,1.0811918277560186,1.0812482022967522,1.0813868791301648,1.0812889059819655,1.0812763978338988,1.0812978650652247,1.0812557901310254,1.0812494976857512,1.0812673681050737,1.0812577365112237,1.0812542903933138,1.0812597603458864,1.1254616,1.0518202,1.1640366,1.0228476307874854,1.0229090142111645,1.02293229071675,1.0228483227451617,1.022947065522896,1.0229425252546218,1.0229503175369212,1.0229350449795676,1.022932760922189,1.0229392476023835,1.022935751484778,1.0229345005985793,1.0229364861048384,0.99908715,0.9876059,1.0020179
0.6103515625,0.42833232183253994,0.42835516132176676,0.4283447416852961,0.4283321941884374,0.4283431785696085,0.42834303220919606,0.42834375015774223,0.4283426136691644,0.42834179645939213,0.4283447166602776,0.4283444041729457,0.4283443412701128,0.42834451092882103,0.4604696,0.4282537,0.46060312,1.0813927242871357,1.081357329860769,1.0812997395203976,1.0813883137811755,1.0812879373685895,1.0812868322842284,1.081292253098765,1.0812836721219585,1.081277501809099,1.0812995505721263,1.081297191173765,1.0812967162330045,1.081297997221667,1.1254027,1.0518796,1.1633286,1.0228476307874854,1.0229889173970008,1.0229602513129243,1.0228500069457191,1.0229554822768538,1.0229550357328123,1.0229572261840867,1.0229537587705309,1.0229512654651343,1.0229601749622594,1.022959221571218,1.022959029656131,1.0229595472808333,0.9999866,0.9908401,1.0034521
0.6123046875,0.42833232183253994,0.42835516132176676,0.4283516881096099,0.42833283548154377,0.4283511122977824,0.42835105838235105,0.42835132285622696,0.4283509042029116,0.4283506031637395,0.4283516788910333,0.42835156377869515,0.42835154060690084,0.4283516031048283,0.45936683,0.42680475,0.46038908,1.0813927242871357,1.081357329860769,1.0813381333919525,1.0813904227923692,1.081333813545702,1.0813334090616233,1.0813353931952323,1.081332252376845,1.0813299939187828,1.0813380642325867,1.0813372006395425,1.0813370268006024,1.081337495671175,1.125696,1.0517967,1.1619761,1.0228476307874854,1.0229889173970008,1.0229793620987833,1.0228521675041637,1.02297760943371,1.0229774453249105,1.0229782503351772,1.0229769760304912,1.0229760597208601,1.0229793340391604,1.0229789836586651,1.0229789131280282,1.0229791033600968,1.0003754,0.99354887,1.0050119
0.6142578125,0.42833232183253994,0.42835516132176676,0.42835863453392364,0.42833334348768437,0.42835987708637996,0.4283594227193455,0.4283599934312491,0.428360326137234,0.4283586544268199,0.42836097575390536,0.4283589028293565,0.42835881796693964,0.42835895283209796,0.45829928,0.4255618,0.46033457,1.0813927242871357,1.081357329860769,1.0813765260182884,1.0813923166940502,1.081385543213631,1.081382245880993,1.0813863875249339,1.0813888019599787,1.0813766703813232,1.0813935161933592,1.0813784730409817,1.0813778571938204,1.0813788359111167,1.126288,1.0515486,1.160056,1.0228476307874854,1.0229889173970008,1.0229984726320789,1.0228538616270846,1.0230022095638633,1.0230008430729787,1.0230025594661554,1.023003560064715,1.022998532459358,1.0230055137552914,1.0229992795221148,1.022999024301148,1.0229994299037077,1.000307,0.9956184,1.0067657
0.6162109375,0.42833232183253994,0.42835516132176676,0.4283655809582374,0.42833338322379205,0.42836647733329614,0.4283661495537524,0.4283665612642709,0.42836680127775706,0.4283655953089362,0.42836726991003005,0.42836577450606966,0.4283657132864781,0.4283658105779555,0.45742747,0.4246153,0.46031323,1.0813927242871357,1.081357329860769,1.081414917399466,1.0813927170626783,1.0814220211321157,1.0814194234971932,1.0814226862798522,1.081424588370311,1.081415031128353,1.0814283022428723,1.081416451259983,1.0814159660967844,1.0814167371283967,1.1271019,1.0511228,1.1576704,1.0228476307874854,1.0229889173970008,1.0230175829128236,1.0228539813437207,1.0230203674269436,1.0230193492082191,1.0230206281510514,1.0230213737311797,1.023017627492137,1.0230228294930492,1.0230181841537023,1.0230179939799753,1.0230182962080892,0.99985623,0.9969877,1.0087721
0.6181640625,0.42833232183253994,0.4283828609657424,0.4283800124217895,0.428333163947465,0.4283818645410005,0.42838158594145914,0.4283818787646082,0.4283800140775599,0.4283800128739659,0.42838018213914,0.42838041233659624,0.4283803809915326,0.42838044677249254,0.4567679,0.42405623,0.46032095,1.0813927242871357,1.081498970376195,1.0814597817473441,1.0813928852008847,1.0814852621971371,1.0814814293900965,1.0814854578769508,1.0814598045266317,1.0814597879681676,1.081462116635609,1.0814652835766208,1.0814648523471746,1.0814657573280977,1.1280428,1.0505178,1.1549388,1.0228476307874854,1.023061899105138,1.0230530627020054,1.022853208397978,1.0230588081486314,1.0230579439139647,1.0230588522711594,1.0230530678384089,1.023053064104712,1.023053589185694,1.0230543032844719,1.0230542060486085,1.023054410108404,0.9991092,0.9976471,1.0110793
0.6201171875,0.42833232183253994,0.4283828609657424,0.42838191145109145,0.428332617793704,0.4283825288241618,0.42838243595764797,0.4283825335653643,0.4283819120030149,0.4283819116018169,0.4283819680235416,0.42838204475602704,0.42838203430767247,0.42838205623465914,0.45632496,0.4239641,0.46034268,1.0813927242871357,1.081498970376195,1.0814859075578196,1.0813922040664596,1.0814944009902614,1.0814931233924308,1.0814944662166652,1.081485915150848,1.081485909631409,1.081486685847213,1.0814877414857933,1.0814875977437473,1.0814878994017572,1.1290071,1.0497451,1.1519883,1.0228476307874854,1.023061899105138,1.0230589536666663,1.022851272380529,1.0230608687898801,1.0230605807139381,1.023060883497288,1.023058955378767,1.0230589541342259,1.0230591291578488,1.0230593671865214,1.0230593347751236,1.0230594027938955,0.99815226,0.9976299,1.013719
0.6220703125,0.42833232183253994,0.4283828609657424,0.42838381048039337,0.4283318675097735,0.42838319310732303,0.4283831883661205,0.42838328597383685,0.4283838099284699,0.4283837539079432,0.42838381032966794,0.4283836771754578,0.4283836656968257,0.42838368762381235,0.45609063,0.4243948,0.46035397,1.0813927242871357,1.081498970376195,1.0815120331366628,1.081391208902529,1.081503539755043,1.08150347452884,1.0815048173483572,1.0815120255437016,1.081511254853964,1.081512031063092,1.0815101992238074,1.0815100413090386,1.081510342964751,1.129894,1.048832,1.1489431,1.0228476307874854,1.023061899105138,1.0230648445143704,1.02284857244831,1.0230629294168179,1.0230629147095114,1.0230632174904797,1.0230648428023037,1.0230646690265683,1.02306484404682,1.0230644310021488,1.0230643953953782,1.02306446341299,0.99706167,0.9970045,1.0167038
0.6240234375,0.42833232183253994,0.4283828609657424,0.4283857095096953,0.42833123837219067,0.4283838573904843,0.4283838431668766,0.42838413599002567,0.42838570785392494,0.42838553979234484,0.42838570905751894,0.4283853095948886,0.4283852751589923,0.42838534093995223,0.45604345,0.42537293,0.4603244,1.0813927242871357,1.081498970376195,1.0815381584838775,1.0813910080409503,1.0815126784914821,1.081512482813476,1.0815165112578768,1.0815381357051956,1.0815358236558652,1.0815381522632197,1.0815326567906651,1.0815321830499436,1.0815330880101885,1.1306201,1.047821,1.1459144,1.0228476307874854,1.023061899105138,1.0230707352451187,1.0228462007718244,1.023064990029445,1.0230649459078296,1.0230658542435884,1.0230707301090207,1.023070208791853,1.0230707338424954,1.0230694947313543,1.023069387912853,1.0230695919622077,0.99589276,0.9958673,1.0200201
0.6259765625,0.42833232183253994,0.42838665902434625,0.42838665902434625,0.4283307677965059,0.42838665902434625,0.42838665902434625,0.42838665902434625,0.42838665902434625,0.42838665902434625,0.42838665902434625,0.42838665902434625,0.42838665902434625,0.42838665902434625,0.45614788,0.42688566,0.46022108,1.0813927242871357,1.0815512210706248,1.0815512210706248,1.081391529917938,1.0815512210706248,1.0815512210706248,1.0815512210706248,1.0815512210706248,1.0815512210706248,1.0815512210706248,1.0815512210706248,1.0815512210706248,1.0815512210706248,1.1311297,1.0467722,1.1429946,1.0228476307874854,1.023073680566635,1.023073680566635,1.0228442971784755,1.023073680566635,1.023073680566635,1.023073680566635,1.023073680566635,1.023073680566635,1.023073680566635,1.023073680566635,1.023073680566635,1.023073680566635,0.99467605,0.9943335,1.0236228
0.6279296875,0.42833232183253994,0.42838665902434625,0.42838665902434625,0.4283306656174011,0.42838665902434625,0.42838665902434625,0.42838665902434625,0.42838665902434625,0.42838665902434625,0.42838665902434625,0.42838665902434625,0.42838665902434625,0.42838665902434625,0.45635563,0.4288827,0.46001288,1.0813927242871357,1.0815512210706248,1.0815512210706248,1.0813935095713656,1.0815512210706248,1.0815512210706248,1.0815512210706248,1.0815512210706248,1.0815512210706248,1.0815512210706248,1.0815512210706248,1.0815512210706248,1.0815512210706248,1.1314036,1.0457598,1.1402497,1.0228476307874854,1.023073680566635,1.023073680566635,1.0228436202944684,1.023073680566635,1.023073680566635,1.023073680566635,1.023073680566635,1.023073680566635,1.023073680566635,1.023073680566635,1.023073680566635,1.023073680566635,0.99341595,0.99253225,1.0274314
0.6298828125,0.42833232183253994,0.42838665902434625,0.42838665902434625,0.42833087540476417,0.42838665902434625,0.42838665902434625,0.42838665902434625,0.42838665902434625,0.42838665902434625,0.42838665902434625,0.42838665902434625,0.42838665902434625,0.42838665902434625,0.4566065,0.4312784,0.459674,1.0813927242871357,1.0815512210706248,1.0815512210706248,1.081396079392318,1.0815512210706248,1.0815512210706248,1.0815512210706248,1.0815512210706248,1.0815512210706248,1.0815512210706248,1.0815512210706248,1.0815512210706248,1.0815512210706248,1.1314554,1.0448692,1.137719,1.0228476307874854,1.023073680566635,1.023073680566635,1.0228439569170824,1.023073680566635,1.023073680566635,1.023073680566635,1.023073680566635,1.023073680566635,1.023073680566635,1.023073680566635,1.023073680566635,1.023073680566635,0.9920965,0.9906029,1.0313258
0.6318359375,0.42833232183253994,0.42838665902434625,0.42838665902434625,0.42833136091782875,0.42838665902434625,0.42838665902434625,0.42838665902434625,0.42838665902434625,0.42838665902434625,0.42838665902434625,0.42838665902434625,0.42838665902434625,0.42838665902434625,0.4568327,0.43395895,0.45918733,1.0813927242871357,1.0815512210706248,1.0815512210706248,1.0813987091200055,1.0815512210706248,1.0815512210706248,1.0815512210706248,1.0815512210706248,1.0815512210706248,1.0815512210706248,1.0815512210706248,1.0815512210706248,1.0815512210706248,1.131325,1.0441914,1.135414,1.0228476307874854,1.023073680566635,1.023073680566635,1.0228450399764286,1.023073680566635,1.023073680566635,1.023073680566635,1.023073680566635,1.023073680566635,1.023073680566635,1.023073680566635,1.023073680566635,1.023073680566635,0.99068767,0.98868847,1.0351489
0.6337890625,0.42833232183253994,0.4283692663142737,0.4283803592484876,0.42833193456652263,0.4283799517850638,0.4283797073442839,0.4283800842935426,0.42838035911858086,0.4283803589892511,0.42838035916125394,0.4283802712678353,0.4283802065512131,0.4283802952587037,0.45696336,0.43678838,0.4585474,1.0813927242871357,1.081546077298021,1.0815548624491578,1.0814004971255557,1.081554774987859,1.0815547225190005,1.0815548034305862,1.0815548624212734,1.081554862393513,1.0815548624304332,1.0815548435642812,1.081554829672979,1.0815548487138755,1.1310606,1.043816,1.1333228,1.0228476307874854,1.023040829033883,1.0230632721215902,1.0228464804699955,1.0230624768249792,1.0230619997197652,1.0230627354581179,1.0230632718680353,1.0230632716156063,1.0230632719513253,1.0230631003989017,1.0230629740834898,1.023063147224838,0.98915726,0.986929,1.0387117
0.6357421875,0.42833232183253994,0.4283692663142737,0.42837296395901164,0.4283323585496137,0.4283731071414123,0.428373060578013,0.4283731930377545,0.4283729640046608,0.4283729639896655,0.4283729640501072,0.4283729948753597,0.428372986444983,0.4283730176167415,0.45693183,0.439619,0.45776257,1.0813927242871357,1.081546077298021,1.081549005732288,1.081400383528297,1.0815493543566574,1.081549240982863,1.0815495634992753,1.0815490058434358,1.0815490058069248,1.08154900595409,1.0815490810082653,1.0815490604817528,1.0815491363796026,1.1307063,1.0438238,1.1314142,1.0228476307874854,1.023040829033883,1.0230483100645882,1.0228474844384279,1.0230486288278309,1.0230485251649521,1.0230488200566061,1.0230483101662158,1.023048310132832,1.023048310267392,1.0230483788928488,1.0230483601245208,1.0230484295213946,0.9874795,0.9854542,1.0418067
0.6376953125,0.42833232183253994,0.4283692663142737,0.42836556866953573,0.42833270262197853,0.4283662624977609,0.42836603686248353,0.42836667873122514,0.4283655688907408,0.4283655688180771,0.4283655691109634,0.42836571848288413,0.4283656776312624,0.42836582868226997,0.45668286,0.44229922,0.4568555,1.0813927242871357,1.081546077298021,1.0815431488131975,1.0813988461072521,1.081543933552229,1.0815436783527297,1.0815444043226403,1.0815431490633869,1.0815431489812022,1.0815431493124652,1.0815433182564789,1.081543272052111,1.0815434428951338,1.1296436,1.0442789,1.1302915,1.0228476307874854,1.023040829033883,1.0230333480017086,1.0228483206058299,1.0230347808256477,1.0230343148664849,1.0230356403888867,1.023033348458519,1.0230333483084613,1.0230333489133003,1.0230336573811059,1.023033573018463,1.0230338849537453,0.9856421,0.9843717,1.0442227
0.6396484375,0.42833232183253994,0.4283692663142737,0.42835817338005977,0.4283328354423218,0.42835774383285774,0.4283574861438312,0.42835788352305565,0.4283581732431123,0.4283581731067731,0.4283581732880982,0.4283580806310157,0.4283580124068701,0.4283581059221457,0.45586285,0.44468322,0.45618007,1.0813927242871357,1.081546077298021,1.0815372916918766,1.0813957765271605,1.0815362457695108,1.0815356183107647,1.0815365859072197,1.081537291358418,1.0815372910264403,1.081537291467956,1.0815370658535455,1.0815368997318011,1.081537127435932,1.1279615,1.0452247,1.1298263,1.0228476307874854,1.023040829033883,1.0230183859329511,1.0228485695496201,1.0230174296409988,1.0230168559532185,1.0230177406303855,1.023018385628068,1.0230183853245385,1.023018385728219,1.0230181794477098,1.0230180275617275,1.0230182357528201,0.9837551,0.98365194,1.0457646
0.6416015625,0.42833232183253994,0.4283274967085386,0.42834512995085855,0.42833288761667987,0.4283511450079864,0.42834885568972014,0.42835636152407286,0.42834514387242345,0.42834513029891663,0.4283456959793761,0.42834652982459354,0.42834593442290764,0.42834776075245184,0.45483324,0.44663957,0.4554107,1.0813927242871357,1.0814760178524416,1.0815121834364452,1.0813920697795365,1.0815244710781866,1.0815197944679042,1.0815351271698526,1.0815122118760085,1.081512184147473,1.0815133397420245,1.0815150431486482,1.081513826843044,1.08151755771672,1.1263206,1.0466793,1.129309,1.0228476307874854,1.0229592358569957,1.0229975202721067,1.0228486482239891,1.0230121571547035,1.0230065863905968,1.0230248508674828,1.0229975541485086,1.022997521119063,1.0229988976321907,1.0230009266905278,1.0229994778548361,1.023003921999037,0.98363507,0.98153526,1.0462707
0.6435546875,0.42833232183253994,0.4283274967085386,0.4283333744559786,0.42833296602519866,0.42834168471998957,0.4283385218507444,0.42834889173813995,0.4283333936896911,0.4283333749368476,0.42833415646790607,0.4283353084892009,0.42833448589598244,0.42833700911070194,0.45382285,0.44805956,0.45439023,1.0813927242871357,1.0814760178524416,1.081488073377961,1.0813886702619364,1.0815050690467256,1.0814986006081797,1.0815198078872574,1.0814881127143932,1.0814880743614255,1.0814896727313954,1.0814920288091352,1.0814903464686356,1.0814955068436092,1.1246831,1.0486342,1.1287323,1.0228476307874854,1.0229592358569957,1.0229719973535993,1.022848745634642,1.0229916175185692,1.0229841501303119,1.0230086329288939,1.022972042763599,1.0229719984889112,1.0229738436512061,1.0229765635247283,1.0229746214170496,1.0229805786183808,0.983991,0.9793347,1.04563
0.6455078125,0.42833232183253994,0.4283274967085386,0.4283216189610986,0.4283330785904588,0.42832418942953326,0.4283232111145788,0.42832641865024623,0.4283216249103261,0.4283216191098374,0.4283218608471533,0.4283222171817259,0.42832196274337114,0.428322743205193,0.4528919,0.44886395,0.45316243,1.0813927242871357,1.0814760178524416,1.0814639619960524,1.0813862848861597,1.0814692270325477,1.0814672231780271,1.0814737930473377,1.0814639741818028,1.0814639623007127,1.0814644574488703,1.081465187324438,1.0814646661617198,1.0814662647693885,1.123027,1.051057,1.1280947,1.0228476307874854,1.0229592358569957,1.0229464743354912,1.022848967435602,1.0229522925322272,1.0229500781391776,1.0229573383186747,1.0229464878014374,1.0229464746721582,1.0229470218392671,1.0229478283946751,1.0229472524791074,1.0229490190369683,0.98474973,0.977106,1.043792
0.6474609375,0.42833232183253994,0.4283274967085386,0.42830986346621863,0.4283334724788463,0.4282929676766452,0.4282783149216954,0.42829939817911106,0.4283098243617137,0.4283082735397189,0.4283098624885528,0.42830593133863404,0.4283024737658076,0.4283076037718932,0.45179772,0.44901,0.45210102,1.0813927242871357,1.0814760178524416,1.08143984929061,1.0813856955990684,1.0814052948611963,1.0813753255672707,1.0814184465267043,1.081439769319167,1.0814365977681233,1.0814398472912155,1.0814318077420346,1.081424736577898,1.0814352280339654,1.1213508,1.053895,1.1274074,1.0228476307874854,1.0229592358569957,1.0229209512177742,1.0228500984480133,1.0228808755166598,1.0228461199804446,1.0228961282694893,1.0229208584646976,1.0229171800254537,1.022920948898821,1.022911624488143,1.0229034233598144,1.022915591383373,0.985792,0.97491485,1.0407722
0.6494140625,0.42833232183253994,0.4282752223552338,0.4282927438529549,0.4283339542104994,0.428301741248942,0.42830168763736165,0.42830707339730106,0.4282927593815456,0.42829274992095484,0.4282932451057893,0.42829485133720907,0.428294825324272,0.42829583792860826,0.45038795,0.44849527,0.4515084,1.0813927242871357,1.0813531780831107,1.081397627741083,1.0813863877947048,1.0814180448436972,1.0814179231895782,1.0814301442753633,1.0813976629796653,1.0813976415110202,1.0813987652183694,1.0814024101708584,1.0814023511410271,1.08140464898711,1.1196738,1.0570794,1.1266967,1.0228476307874854,1.0228366440170344,1.02288208490662,1.022851403435772,1.0229051691526823,1.0229050316038835,1.0229188495910788,1.0228821247477433,1.0228821004750603,1.0228833709521257,1.0228874919980488,1.022887425257679,1.0228900232563725,0.9869662,0.972833,1.0366515
0.6513671875,0.42833232183253994,0.4282752223552338,0.42828106285447415,0.42833453077060346,0.4282871664338151,0.428287130065233,0.4282907836126759,0.42828107338863153,0.42828106697083396,0.4282814028902411,0.4282824925122744,0.42828247486583254,0.4282831617880172,0.44904006,0.44736093,0.4511677,1.0813927242871357,1.0813531780831107,1.081367995039877,1.0813880895829417,1.0813820246595924,1.0813819410643577,1.0813903388780577,1.0813680192539188,1.0813680045018308,1.0813687766528344,1.0813712812712886,1.081371240709064,1.0813728196703303,1.1180356,1.0605327,1.1260011,1.0228476307874854,1.0228366440170344,1.0228517910178383,1.0228529002145554,1.0228674693077175,1.0228673758876878,1.0228767607543312,1.0228518180770017,1.0228518015915606,1.0228526644700275,1.0228554633888565,1.022855418060341,1.0228571825610469,0.98810786,0.97093606,1.0315664
0.6533203125,0.42833232183253994,0.4282752223552338,0.42826938185599345,0.4283350273059815,0.42826101111773335,0.42825605034704567,0.42826106099533207,0.4282693674089503,0.4282689155148115,0.42826937621062233,0.4282674211554636,0.42826650327895976,0.42826744535663114,0.44786727,0.44569185,0.45112756,1.0813927242871357,1.0813531780831107,1.0813383607222138,1.0813900142306394,1.081319054081161,1.081307611983999,1.0813191691232966,1.0813383274015642,1.0813372851521321,1.0813383477017344,1.0813338385434546,1.0813317215299354,1.081333894361515,1.1164908,1.0641732,1.1253628,1.0228476307874854,1.0228366440170344,1.0228214969786193,1.022854108501245,1.0227999882322274,1.0227872414221413,1.0228001163937075,1.0228214598567649,1.0228202987091426,1.022821482472769,1.0228164589328461,1.0228141004359055,1.0228165211180853,0.98906493,0.969303,1.0257012
0.6552734375,0.42833232183253994,0.4282752223552338,0.4282577008575127,0.4283352080003383,0.4282509706204448,0.42824698206391254,0.4282510107230085,0.4282576892418078,0.4282573259100933,0.42825769631852406,0.4282561244159881,0.42825538642535,0.4282561438741995,0.4469802,0.44361386,0.4514303,1.0813927242871357,1.0813531780831107,1.0813087247879614,1.081390937025774,1.0812935794197485,1.0812846035592114,1.0812936696658386,1.0813086986490057,1.081307881038715,1.0813087145738227,1.0813051772903346,1.0813035165663907,1.0813052210776928,1.1151041,1.0679201,1.1248195,1.0228476307874854,1.0228366440170344,1.022791202788951,1.022854427594017,1.0227739485398326,1.0227637230942588,1.0227740513505361,1.022791173009905,1.0227902415406087,1.0227911911523995,1.022787161283311,1.0227852693041621,1.0227872111681249,0.989723,0.9680128,1.0192721
0.6572265625,0.42833232183253994,0.4282340487206928,0.4282429078624449,0.4283351125646801,0.42825032449753925,0.4282482901265796,0.4282511855405412,0.4282429171626182,0.4282429158129202,0.4282429229393476,0.42824463392297096,0.4282441685646449,0.42824469520205916,0.446478,0.44128725,0.45210993,1.0813927242871357,1.0812389473227921,1.0812651751302376,1.081391085939359,1.0812795617070083,1.081275615541964,1.081281231901329,1.08126519317076,1.081265190552609,1.0812652043764879,1.0812685233376018,1.0812676206394845,1.081268642206109,1.1139423,1.0716958,1.1243936,1.0228476307874854,1.0227168837183302,1.022750069644605,1.0228540033838938,1.0227680488571071,1.0227631171918499,1.0227701361726986,1.0227500921898636,1.022750088917958,1.0227501061936735,1.0227542539184802,1.0227531258083529,1.0227544024697175,0.99002266,0.9671427,1.0125151
0.6591796875,0.42833232183253994,0.4282340487206928,0.42823700176794355,0.4283346642600978,0.42823358849273496,0.4282331922245224,0.42823452474858054,0.42823699748782856,0.42823699482926886,0.428236998108985,0.42823620740236845,0.4282361792005775,0.42823642156903796,0.44643965,0.43889603,0.4531901,1.0813927242871357,1.0812389473227921,1.0812476900458488,1.0813904750973278,1.0812401081381486,1.081239227899798,1.0812421878551453,1.0812476805385056,1.0812476746330941,1.0812476819182695,1.0812459255325089,1.0812458628881378,1.0812464012586347,1.1130676,1.0754299,1.124087,1.0228476307874854,1.0227168837183302,1.0227279457068479,1.022852955341956,1.0227184274293009,1.0227173223930006,1.0227210382783518,1.0227279337713024,1.0227279263576323,1.022727935503462,1.0227257305356252,1.0227256518919814,1.0227263277617638,0.9899714,0.9667605,1.0056736
0.6611328125,0.42833232183253994,0.4282340487206928,0.4282310956734421,0.42833380353344663,0.42822862346174395,0.42822833644741,0.4282293015853972,0.4282310925733843,0.42823109064780784,0.42823109302328366,0.4282305203199334,0.42823049989357065,0.42823067543937543,0.4469185,0.43663493,0.4546811,1.0813927242871357,1.0812389473227921,1.0812302044791575,1.0813892561524407,1.0812254085086583,1.081224851711217,1.0812267240410878,1.0812301984652308,1.0812301947297276,1.0812301993380087,1.0812290883262674,1.0812290487002374,1.0812293892494056,1.1125312,1.0790578,1.1238792,1.0228476307874854,1.0227168837183302,1.0227058217167195,1.0228512413376682,1.0226998286092785,1.0226991328321438,1.022701472509307,1.0227058142015972,1.0227058095336383,1.0227058152922377,1.0227044269516485,1.0227043774343014,1.0227048029903594,0.9896416,0.9669183,0.9989895
0.6630859375,0.42833232183253994,0.4282340487206928,0.42822518957894073,0.4283327705990211,0.4282236584307531,0.4282234806702977,0.42822407842221394,0.4282251876589402,0.42822518646634694,0.4282251879375824,0.4282248332374985,0.42822482058656397,0.42822492930971295,0.4479377,0.43469408,0.4565763,1.0813927242871357,1.0812389473227921,1.081212718430143,1.0813883424632134,1.0812107085382985,1.081210475196602,1.0812112598497974,1.0812127159098253,1.08121271434435,1.0812127162755891,1.0812122506728092,1.081212234066342,1.0812123767836257,1.1123677,1.0825231,1.1237277,1.0228476307874854,1.0227168837183302,1.0226836976742182,1.0228495307109915,1.0226812297522427,1.0226809432358843,1.022681906699301,1.02268369457954,1.022683692657305,1.0226836950286586,1.022683123319111,1.022683102928193,1.0226832781693804,0.9891611,0.96764356,0.9926946
0.6650390625,0.42833232183253994,0.42822223653169,0.42822223653169,0.4283316251105601,0.42822223653169,0.42822223653169,0.42822223653169,0.42822223653169,0.42822223653169,0.42822223653169,0.42822223653169,0.42822223653169,0.42822223653169,0.44948775,0.43324348,0.45884898,1.0813927242871357,1.0812039752247586,1.0812039752247586,1.0813884316717486,1.0812039752247586,1.0812039752247586,1.0812039752247586,1.0812039752247586,1.0812039752247586,1.0812039752247586,1.0812039752247586,1.0812039752247586,1.0812039752247586,1.11259,1.085778,1.1235733,1.0228476307874854,1.0226627222206608,1.0226627222206608,1.0228482716032725,1.0226627222206608,1.0226627222206608,1.0226627222206608,1.0226627222206608,1.0226627222206608,1.0226627222206608,1.0226627222206608,1.0226627222206608,1.0226627222206608,0.9870052,0.9689298,0.988694
0.6669921875,0.42833232183253994,0.42822223653169,0.42822223653169,0.4283303255911861,0.42822223653169,0.42822223653169,0.42822223653169,0.42822223653169,0.42822223653169,0.42822223653169,0.42822223653169,0.42822223653169,0.42822223653169,0.45152733,0.43241903,0.46145004,1.0813927242871357,1.0812039752247586,1.0812039752247586,1.0813895170765526,1.0812039752247586,1.0812039752247586,1.0812039752247586,1.0812039752247586,1.0812039752247586,1.0812039752247586,1.0812039752247586,1.0812039752247586,1.0812039752247586,1.1131862,1.0887854,1.1233476,1.0228476307874854,1.0226627222206608,1.0226627222206608,1.022847400883463,1.0226627222206608,1.0226627222206608,1.0226627222206608,1.0226627222206608,1.0226627222206608,1.0226627222206608,1.0226627222206608,1.0226627222206608,1.0226627222206608,0.9821163,0.9707308,0.988419
0.6689453125,0.42833232183253994,0.42822223653169,0.42822223653169,0.4283290875561087,0.42822223653169,0.42822223653169,0.42822223653169,0.42822223653169,0.42822223653169,0.42822223653169,0.42822223653169,0.42822223653169,0.42822223653169,0.45398423,0.43231142,0.46430498,1.0813927242871357,1.0812039752247586,1.0812039752247586,1.0813919087046049,1.0812039752247586,1.0812039752247586,1.0812039752247586,1.0812039752247586,1.0812039752247586,1.0812039752247586,1.0812039752247586,1.0812039752247586,1.0812039752247586,1.1141182,1.0915214,1.1229805,1.0228476307874854,1.0226627222206608,1.0226627222206608,1.0228472168429164,1.0226627222206608,1.0226627222206608,1.0226627222206608,1.0226627222206608,1.0226627222206608,1.0226627222206608,1.0226627222206608,1.0226627222206608,1.0226627222206608,0.97819495,0.97295564,0.9885068
0.6708984375,0.42833232183253994,0.42822223653169,0.42822223653169,0.4283279902683389,0.42822223653169,0.42822223653169,0.42822223653169,0.42822223653169,0.42822223653169,0.42822223653169,0.42822223653169,0.42822223653169,0.42822223653169,0.45675907,0.4329589,0.46731424,1.0813927242871357,1.0812039752247586,1.0812039752247586,1.0813948009143879,1.0812039752247586,1.0812039752247586,1.0812039752247586,1.0812039752247586,1.0812039752247586,1.0812039752247586,1.0812039752247586,1.0812039752247586,1.0812039752247586,1.1153202,1.0939757,1.1224098,1.0228476307874854,1.0226627222206608,1.0226627222206608,1.022847255978044,1.0226627222206608,1.0226627222206608,1.0226627222206608,1.0226627222206608,1.0226627222206608,1.0226627222206608,1.0226627222206608,1.0226627222206608,1.0226627222206608,0.97547126,0.9753739,0.9890996
0.6728515625,0.42833232183253994,0.4282140715958043,0.4282180251740224,0.42832711510344046,0.42821783768630456,0.4282177227073647,0.428217911593759,0.4282180240273157,0.4282180168207692,0.4282180243629356,0.4282179846911453,0.4282179543264439,0.42821799874068617,0.45972967,0.43434384,0.47035423,1.0813927242871357,1.0812375239889025,1.0812178416648446,1.0813976345745708,1.0812187750374407,1.081218407102881,1.0812193474390284,1.0812178473735075,1.0812178457026869,1.0812178832499386,1.0812180432012202,1.0812179732582239,1.0812181943661896,1.1167018,1.0961561,1.1215872,1.0228476307874854,1.0226603052884804,1.0226616106194426,1.022847279690256,1.022661548719163,1.0226615107580503,1.0226615731202036,1.0226616102408506,1.0226616078615656,1.0226616103516577,1.0226615972537723,1.022661587228675,1.0226616018923151,0.97810763,0.97374624,0.9902967
0.6748046875,0.42833232183253994,0.4282140715958043,0.4282153894552103,0.42832656575978967,0.42821532695930437,0.4282152886329911,0.42821535159512253,0.42821538907297474,0.42821538667079256,0.428215389184848,0.42821537596091797,0.4282153658393508,0.42821538064409825,0.46275702,0.43639463,0.473281,1.0813927242871357,1.0812375239889025,1.0812309631738344,1.0813998591020106,1.0812312743017722,1.0812311516554667,1.0812314651045047,1.0812309650767453,1.0812309645197984,1.0812309770357027,1.081231030353449,1.0812310070388322,1.0812310807423835,1.1181501,1.0980836,1.1204848,1.0228476307874854,1.0226603052884804,1.022660740406174,1.0228472030478477,1.0226607197720647,1.0226607071179583,1.0226607279060103,1.0226607402799723,1.0226607394868503,1.0226607403169092,1.0226607359508002,1.0226607326089898,1.0226607374970331,0.980669,0.97335875,0.9921443
0.6767578125,0.42833232183253994,0.4282140715958043,0.42821275373639833,0.42832615354905035,0.4282128162323043,0.4282127915964861,0.4282128545586176,0.4282127541186339,0.4282127540067606,0.4282127565208161,0.4282127672306907,0.4282127625475104,0.4282127773522578,0.46569115,0.43899006,0.4759373,1.0813927242871357,1.0812375239889025,1.0812440848443539,1.0814008015016832,1.0812437737126765,1.0812435829077407,1.0812438963604345,1.0812440829414194,1.0812440709823148,1.0812440834983732,1.0812440176639164,1.08124396727437,1.0812440409788178,1.1190974,1.0997931,1.1195371,1.0228476307874854,1.0226603052884804,1.022659870163414,1.0228464555356953,1.022659890798206,1.0226598826639954,1.0226599034527146,1.0226598702896201,1.0226598702526817,1.0226598710827688,1.022659874618938,1.022659873072653,1.0226598779608602,0.9829489,0.97420794,0.99463254
0.6787109375,0.42833232183253994,0.4282140715958043,0.42821011801758624,0.4283258938087444,0.4282103055053041,0.42821023159784966,0.42821042048424396,0.42821011916429297,0.42821011882867305,0.42821012637083944,0.42821015850046334,0.4282101444509225,0.42821018886516476,0.46837872,0.44196737,0.47816098,1.0813927242871357,1.0812375239889025,1.0812572066764066,1.0814002844858739,1.081256273270157,1.0812557008487393,1.0812566412177875,1.081257200967533,1.0812571650897784,1.081257202638415,1.081257005132626,1.0812568539621523,1.0812570750781834,1.1174425,1.1013246,1.1207267,1.0228476307874854,1.0226603052884804,1.022658999891162,1.0228454283980917,1.022659061797586,1.0226590373941589,1.022659099762319,1.0226590002697926,1.0226590001589744,1.0226590026493192,1.0226590132581843,1.0226590086191738,1.0226590232842865,0.98474693,0.97623867,0.9976953
0.6806640625,0.42833232183253994,0.4282011507811937,0.42820975702405634,0.42832589718090447,0.4282104047175734,0.4282102107526177,0.4282109162199645,0.42820990175415863,0.42820983380704275,0.4282124248528213,0.4282099087350503,0.4282098626195116,0.4282100073209081,0.4706701,0.445133,0.4797958,1.0813927242871357,1.0813197202002562,1.0812766215666194,1.0813984757756594,1.081275176697737,1.0812740356458848,1.0812756093925602,1.0812762987036275,1.0812706702262411,1.0812764502795944,1.0812762831307041,1.0812760632061318,1.0812763860049277,1.1155586,1.1027195,1.1215845,1.0228476307874854,1.0227072350230453,1.0226791314581176,1.0228444536426673,1.0226782489678554,1.0226775520393996,1.0226785132474945,1.0226789342616311,1.0226754965068148,1.0226790268403871,1.022678924750083,1.0226787904256678,1.0226789875830553,0.9858865,0.9793439,1.0012152
0.6826171875,0.42833232183253994,0.4282011507811937,0.4282040195288146,0.428325931629859,0.42820487971750293,0.4282046221165599,0.4282055590335055,0.4282042117419425,0.4282041215027493,0.42820756261835574,0.42820422101312394,0.42820415976800763,0.42820435194301193,0.47242737,0.4482755,0.48070285,1.0813927242871357,1.0813197202002562,1.0813053537965513,1.0813963708419456,1.0813028447200808,1.0813008632366068,1.0813035961128439,1.0813047931309725,1.081295019056019,1.0813050563491928,1.0813047660879191,1.0813043841794425,1.0813049447334517,1.1134989,1.1040144,1.1219872,1.0228476307874854,1.0227072350230453,1.0226978672034202,1.0228440602978472,1.022696290821227,1.0226950459056405,1.022696762900949,1.0226975149536455,1.0226913741289412,1.0226976803259962,1.0226974979632772,1.0226972580211342,1.022697610201083,0.9862288,0.98336905,1.0050305
0.6845703125,0.42833232183253994,0.4282011507811937,0.4281982820335728,0.4283262664270292,0.4281993547174325,0.42819903348050203,0.4282002018470465,0.42819852172972633,0.4281984091984557,0.42820270038389013,0.42819853329119745,0.4281984569165036,0.4281986965651158,0.47353172,0.45117947,0.4807708,1.0813927242871357,1.0813197202002562,1.0813340867964587,1.0813940298009714,1.0813305134564175,1.0813276914986052,1.0813315835636643,1.0813332883156,1.0813193684387583,1.0813336631820196,1.0813332498018073,1.0813327059008442,1.08133350422268,1.1113259,1.1052368,1.1218314,1.0228476307874854,1.0227072350230453,1.022716602807319,1.0228445116879707,1.0227143325434753,1.0227125396486032,1.0227150124202427,1.0227160955065868,1.0227072516495173,1.0227163336714402,1.0227160710375107,1.0227157254792159,1.0227162326794095,0.9881146,0.9856856,1.0089458
0.6865234375,0.42833232183253994,0.4282011507811937,0.42819254453833105,0.42832681901278646,0.428189963972266,0.4281879260242583,0.4281907367750951,0.4281919678989473,0.42818191526970756,0.42819223861652705,0.42819194008540307,0.428191547295739,0.42819212382075195,0.4738907,0.45364034,0.4799252,1.0813927242871357,1.0813197202002562,1.0813628205663721,1.081392221275977,1.0813703484043253,1.0813680940311057,1.0813762934208244,1.081364502688594,1.0813637129742684,1.081393828071634,1.081364583823959,1.0813640478466293,1.0813657296385233,1.1091057,1.1064036,1.1210427,1.0228476307874854,1.0227072350230453,1.0227353382698086,1.022845775480621,1.0227400673358253,1.0227386511221428,1.0227438020098167,1.0227363950022532,1.0227358988932063,1.0227548170782839,1.0227364459725274,1.0227361092645688,1.0227371657870674,0.993346,0.98422474,1.0127447
0.6884765625,0.42833232183253994,0.42816817163387033,0.42816817163387033,0.42832737869274856,0.42816817163387033,0.42816817163387033,0.42816817163387033,0.42816817163387033,0.42816817163387033,0.42816817163387033,0.42816817163387033,0.42816817163387033,0.42816817163387033,0.47344455,0.45547894,0.47813356,1.0813927242871357,1.0814673968816544,1.0814673968816544,1.0813913339592496,1.0814673968816544,1.0814673968816544,1.0814673968816544,1.0814673968816544,1.0814673968816544,1.0814673968816544,1.0814673968816544,1.0814673968816544,1.0814673968816544,1.1075238,1.1069037,1.1195798,1.0228476307874854,1.0228101888307617,1.0228101888307617,1.0228475779553248,1.0228101888307617,1.0228101888307617,1.0228101888307617,1.0228101888307617,1.0228101888307617,1.0228101888307617,1.0228101888307617,1.0228101888307617,1.0228101888307617,0.9988006,0.98187345,1.0162052
0.6904296875,0.42833232183253994,0.42816817163387033,0.42816817163387033,0.4283278857335936,0.42816817163387033,0.42816817163387033,0.42816817163387033,0.42816817163387033,0.42816817163387033,0.42816817163387033,0.42816817163387033,0.42816817163387033,0.42816817163387033,0.47217056,0.4565542,0.47540838,1.0813927242871357,1.0814673968816544,1.0814673968816544,1.0813913886800695,1.0814673968816544,1.0814673968816544,1.0814673968816544,1.0814673968816544,1.0814673968816544,1.0814673968816544,1.0814673968816544,1.0814673968816544,1.0814673968816544,1.1086,1.1047782,1.11744,1.0228476307874854,1.0228101888307617,1.0228101888307617,1.0228497150128566,1.0228101888307617,1.0228101888307617,1.0228101888307617,1.0228101888307617,1.0228101888307617,1.0228101888307617,1.0228101888307617,1.0228101888307617,1.0228101888307617,1.0042006,0.97871554,1.0191169
0.6923828125,0.42833232183253994,0.42816817163387033,0.42816817163387033,0.428328178501695,0.42816817163387033,0.42816817163387033,0.42816817163387033,0.42816817163387033,0.42816817163387033,0.42816817163387033,0.42816817163387033,0.42816817163387033,0.42816817163387033,0.47008607,0.45677328,0.4718066,1.0813927242871357,1.0814673968816544,1.0814673968816544,1.081391854965573,1.0814673968816544,1.0814673968816544,1.0814673968816544,1.0814673968816544,1.0814673968816544,1.0814673968816544,1.0814673968816544,1.0814673968816544,1.0814673968816544,1.1096321,1.1027795,1.1146587,1.0228476307874854,1.0228101888307617,1.0228101888307617,1.022851509200125,1.0228101888307617,1.0228101888307617,1.0228101888307617,1.0228101888307617,1.0228101888307617,1.0228101888307617,1.0228101888307617,1.0228101888307617,1.0228101888307617,1.009267,0.97488666,1.021297
0.6943359375,0.42833232183253994,0.42816817163387033,0.42816817163387033,0.42832829425723595,0.42816817163387033,0.42816817163387033,0.42816817163387033,0.42816817163387033,0.42816817163387033,0.42816817163387033,0.42816817163387033,0.42816817163387033,0.42816817163387033,0.46724808,0.45609784,0.46742517,1.0813927242871357,1.0814673968816544,1.0814673968816544,1.0813923885584804,1.0814673968816544,1.0814673968816544,1.0814673968816544,1.0814673968816544,1.0814673968816544,1.0814673968816544,1.0814673968816544,1.0814673968816544,1.0814673968816544,1.1106184,1.1009451,1.1113083,1.0228476307874854,1.0228101888307617,1.0228101888307617,1.0228527321752563,1.0228101888307617,1.0228101888307617,1.0228101888307617,1.0228101888307617,1.0228101888307617,1.0228101888307617,1.0228101888307617,1.0228101888307617,1.0228101888307617,1.0137347,0.970566,1.0226083
0.6962890625,0.42833232183253994,0.42808792450375543,0.42810899020180576,0.42832819505772346,0.4281274307836133,0.42811690196662716,0.4281364366106211,0.4281117821341495,0.4281090893453805,0.4281196030484289,0.42811328184618774,0.42811084339575295,0.4281149165078513,0.46239626,0.454545,0.46374995,1.0813927242871357,1.0816267074658115,1.0815831670045686,1.0813921159551108,1.0815166753574308,1.0814831650809829,1.0815546386632207,1.081573099699327,1.0815448993098427,1.0815828095048927,1.0815676920082897,1.0815615732216186,1.0815764846399012,1.1074919,1.0993009,1.1115581,1.0228476307874854,1.0229300122625562,1.0228975903042676,1.0228529190443287,1.0228479118625864,1.0228228698208177,1.0228762763109602,1.0228900689607074,1.0228689996674774,1.022897323216113,1.0228860287949382,1.0228814565915898,1.0228925978828056,1.0173713,0.96596795,1.0229671
0.6982421875,0.42833232183253994,0.42808792450375543,0.4280949464031055,0.42832773173948735,0.4280831095725577,0.42807666990248966,0.4280898679180283,0.428093154288822,0.4280881341198262,0.4280948827638068,0.42809219163821516,0.42809100008951606,0.4280937568558909,0.45687845,0.45218438,0.459716,1.0813927242871357,1.0816267074658115,1.0816121935026106,1.0813915910432121,1.081646121151332,1.0816267496236,1.0816643998050461,1.0816173300800906,1.0816123759055254,1.0816317191721219,1.0816200892575005,1.0816156029909951,1.0816234656574155,1.1033373,1.0978576,1.112448,1.0228476307874854,1.0229300122625562,1.022919204979197,1.022852381806488,1.0229445214733994,1.022930066816178,1.0229581594269754,1.0229230379478758,1.0229193410908164,1.0229337750462801,1.0229250968602541,1.022921749179732,1.0229276161729968,1.0199933,0.9613322,1.0223546
0.7001953125,0.42833232183253994,0.42808792450375543,0.42808090260440534,0.42832710983193467,0.4280747557438028,0.42807175380146695,0.42807826534946486,0.42807997196029074,0.42807736498886434,0.4280808695565471,0.428079472056278,0.4280789271690569,0.42808028487308963,0.45104766,0.44913074,0.45529366,1.0813927242871357,1.0816267074658115,1.0816412219051634,1.0813905354253759,1.08166338934846,1.0816507325682216,1.081674562157303,1.0816445780491522,1.0816413410840595,1.0816539795417832,1.0816463808386692,1.0816434496028342,1.0816484207058588,1.0989882,1.0966113,1.113282,1.0228476307874854,1.0229300122625562,1.0229408195098426,1.0228512212874803,1.0229573786017883,1.0229479240487636,1.0229657256256393,1.0229433265871433,1.0229409085380379,1.0229503495395564,1.0229446732858891,1.0229424836264858,1.0229461973247627,1.0208175,0.9569121,1.0214807
0.7021484375,0.42833232183253994,0.42808792450375543,0.4280668588057051,0.42832649485065133,0.42806666278090144,0.42806640191504797,0.4280668377004442,0.4280667896317595,0.42806659585790235,0.4280668563492873,0.42806681289028825,0.42806675247434084,0.4280668542485976,0.44553432,0.44508773,0.4506429,1.0813927242871357,1.0816267074658115,1.081670252212414,1.0813893607406708,1.0816806582195744,1.0816747168129386,1.081684724742977,1.0816718276964172,1.0816703081590033,1.08167624103148,1.0816726739822944,1.0816712979674326,1.0816733771619342,1.0955453,1.0945941,1.1140475,1.0228476307874854,1.0229300122625562,1.02296243389619,1.0228499250453364,1.022970235679116,1.0229657811828547,1.0229732918066194,1.0229636150992711,1.0229624758415892,1.0229669239479795,1.0229642495931535,1.0229632179404515,1.022964778369887,1.018465,0.95296156,1.0217885
0.7041015625,0.42833232183253994,0.42805582124426855,0.42805582124426855,0.4283260575105384,0.42805582124426855,0.42805582124426855,0.42805582124426855,0.42805582124426855,0.42805582124426855,0.42805582124426855,0.42805582124426855,0.42805582124426855,0.42805582124426855,0.44156915,0.43918058,0.44592622,1.0813927242871357,1.081694915543137,1.081694915543137,1.0813886710610807,1.081694915543137,1.081694915543137,1.081694915543137,1.081694915543137,1.081694915543137,1.081694915543137,1.081694915543137,1.081694915543137,1.081694915543137,1.0946294,1.0903028,1.1147237,1.0228476307874854,1.0229839743513998,1.0229839743513998,1.022849110466866,1.0229839743513998,1.0229839743513998,1.0229839743513998,1.0229839743513998,1.0229839743513998,1.0229839743513998,1.0229839743513998,1.0229839743513998,1.0229839743513998,1.0154624,0.9497206,1.0209466
0.7060546875,0.42833232183253994,0.42805582124426855,0.42805582124426855,0.4283257860624969,0.42805582124426855,0.42805582124426855,0.42805582124426855,0.42805582124426855,0.42805582124426855,0.42805582124426855,0.42805582124426855,0.42805582124426855,0.42805582124426855,0.43742117,0.43349737,0.44129798,1.0813927242871357,1.081694915543137,1.081694915543137,1.0813888508138654,1.081694915543137,1.081694915543137,1.081694915543137,1.081694915543137,1.081694915543137,1.081694915543137,1.081694915543137,1.081694915543137,1.081694915543137,1.0938255,1.086251,1.1152828,1.0228476307874854,1.0229839743513998,1.0229839743513998,1.0228489389765132,1.0229839743513998,1.0229839743513998,1.0229839743513998,1.0229839743513998,1.0229839743513998,1.0229839743513998,1.0229839743513998,1.0229839743513998,1.0229839743513998,1.0120195,0.94740057,1.019057
0.7080078125,0.42833232183253994,0.42805582124426855,0.42805582124426855,0.4283255805864573,0.42805582124426855,0.42805582124426855,0.42805582124426855,0.42805582124426855,0.42805582124426855,0.42805582124426855,0.42805582124426855,0.42805582124426855,0.42805582124426855,0.43327734,0.42819214,0.43689474,1.0813927242871357,1.081694915543137,1.081694915543137,1.081389601384134,1.081694915543137,1.081694915543137,1.081694915543137,1.081694915543137,1.081694915543137,1.081694915543137,1.081694915543137,1.081694915543137,1.081694915543137,1.093089,1.0825586,1.1156915,1.0228476307874854,1.0229839743513998,1.0229839743513998,1.0228491309448278,1.0229839743513998,1.0229839743513998,1.0229839743513998,1.0229839743513998,1.0229839743513998,1.0229839743513998,1.0229839743513998,1.0229839743513998,1.0229839743513998,1.0083777,0.94616574,1.0162792
0.7099609375,0.42833232183253994,0.42805582124426855,0.42805582124426855,0.42832536543268956,0.42805582124426855,0.42805582124426855,0.42805582124426855,0.42805582124426855,0.42805582124426855,0.42805582124426855,0.42805582124426855,0.42805582124426855,0.42805582124426855,0.42931443,0.42339584,0.4328279,1.0813927242871357,1.081694915543137,1.081694915543137,1.0813912693003582,1.081694915543137,1.081694915543137,1.081694915543137,1.081694915543137,1.081694915543137,1.081694915543137,1.081694915543137,1.081694915543137,1.081694915543137,1.0923752,1.0793238,1.1159171,1.0228476307874854,1.0229839743513998,1.0229839743513998,1.0228496820937034,1.0229839743513998,1.0229839743513998,1.0229839743513998,1.0229839743513998,1.0229839743513998,1.0229839743513998,1.0229839743513998,1.0229839743513998,1.0229839743513998,1.0047923,0.9461205,1.0128131
0.7119140625,0.42833232183253994,0.4280839041353705,0.428062841967044,0.428325017590451,0.4280603774395634,0.42805993937182824,0.4280608226188196,0.4280625775249005,0.42806210167914466,0.4280627309778341,0.42806226840186984,0.42806216208436215,0.4280624059436768,0.4256904,0.41921416,0.42917898,1.0813927242871357,1.0816853519805478,1.0816925245348499,1.081393228924792,1.081690969296322,1.0816906928520766,1.081691250227739,1.0816923576596578,1.0816920573785147,1.0816924544955633,1.0816921625885036,1.0816920954970968,1.08169224938388,1.0916433,1.0766196,1.1159333,1.0228476307874854,1.0229802559999708,1.0229838562837987,1.0228500205504374,1.0229835038298913,1.0229834411814556,1.0229835674953385,1.0229838184657511,1.0229837504147195,1.0229838404111584,1.0229837742578536,1.0229837590533124,1.022983793927803,1.0015182,0.9472977,1.0088779
0.7138671875,0.42833232183253994,0.4280839041353705,0.42807688341259503,0.4283243115345346,0.42806830427965725,0.42806677934582515,0.42806985396901975,0.4280759628773924,0.42807430643654143,0.42807649705407647,0.42807488680597716,0.42807451670986785,0.42807536559530107,0.42253634,0.41572636,0.42599887,1.0813927242871357,1.0816853519805478,1.081687742753559,1.0813954375555654,1.0816882698042507,1.0816881745990279,1.0816883634892893,1.0816877993047325,1.0816877664886644,1.0816879010653577,1.0816878654112594,1.0816878359976505,1.0816878881475298,1.0908581,1.0744936,1.115725,1.0228476307874854,1.0229802559999708,1.0229814560955588,1.0228496646592442,1.0229821488474828,1.0229820237124299,1.0229822719835635,1.0229815304273775,1.0229814872934222,1.0229816641824572,1.022981617318508,1.022981578656998,1.0229816472032058,0.9987898,0.949652,1.0046934
0.7158203125,0.42833232183253994,0.4280839041353705,0.428090924858146,0.4283233044222603,0.4280762311197511,0.428073619319822,0.4280788853192199,0.4280893482298843,0.42808651119393815,0.4280902631303187,0.42808750521008443,0.42808687133537343,0.42808832524692536,0.4199513,0.41298732,0.42331064,1.0813927242871357,1.0816853519805478,1.0816829612859546,1.0813974139373865,1.0816855704121546,1.0816850991000926,1.081686034200942,1.0816832412348654,1.0816830787832703,1.081683744989194,1.0816835684873443,1.0816834228786372,1.0816836810408128,1.0899941,1.0729674,1.1152928,1.0228476307874854,1.0229802559999708,1.0229790559034038,1.0228485096051363,1.022980793863827,1.0229804799279014,1.0229811027847424,1.0229792423854458,1.022979134171923,1.0229795779472368,1.0229794603760003,1.022979363382858,1.0229795353500684,0.9968077,0.95306045,1.0004642
0.7177734375,0.42833232183253994,0.4280839041353705,0.428104966303697,0.428321982606624,0.4281307037025103,0.42812605463442277,0.4281352785040067,0.4281077279093048,0.42810612537925274,0.42811269723185785,0.42811095612355066,0.4281095197555788,0.4281120664118786,0.4179979,0.41103068,0.4211156,1.0813927242871357,1.0816853519805478,1.0816781801320052,1.0813987519927217,1.0816765997852449,1.0816763188997947,1.081676885236694,1.0816780105527586,1.0816777054118816,1.0816781089575065,1.0816778123236999,1.0816777441469425,1.0816779005237565,1.0890325,1.0720354,1.1146529,1.0228476307874854,1.0229802559999708,1.0229766557073343,1.022846679224956,1.0229745774486882,1.0229742080398765,1.0229749528544094,1.0229764327115978,1.0229760314458363,1.0229765621136275,1.0229761720378694,1.0229760823836576,1.0229762880225495,0.9957231,0.95733,0.99637043
0.7197265625,0.42833232183253994,0.4282536595172645,0.4282536595172645,0.4283204518871051,0.4282536595172645,0.4282536595172645,0.4282536595172645,0.4282536595172645,0.4282536595172645,0.4282536595172645,0.4282536595172645,0.4282536595172645,0.4282536595172645,0.41670325,0.40987372,0.41940242,1.0813927242871357,1.081635899182723,1.081635899182723,1.0813993047289685,1.081635899182723,1.081635899182723,1.081635899182723,1.081635899182723,1.081635899182723,1.081635899182723,1.081635899182723,1.081635899182723,1.081635899182723,1.087963,1.0716678,1.1138346,1.0228476307874854,1.0229376934407532,1.0229376934407532,1.0228446968915328,1.0229376934407532,1.0229376934407532,1.0229376934407532,1.0229376934407532,1.0229376934407532,1.0229376934407532,1.0229376934407532,1.0229376934407532,1.0229376934407532,0.99256325,0.96221143,0.9956296
0.7216796875,0.42833232183253994,0.4282536595172645,0.4282536595172645,0.4283188530146447,0.4282536595172645,0.4282536595172645,0.4282536595172645,0.4282536595172645,0.4282536595172645,0.4282536595172645,0.4282536595172645,0.4282536595172645,0.4282536595172645,0.4160604,0.40952298,0.41815564,1.0813927242871357,1.081635899182723,1.081635899182723,1.0813991981792606,1.081635899182723,1.081635899182723,1.081635899182723,1.081635899182723,1.081635899182723,1.081635899182723,1.081635899182723,1.081635899182723,1.081635899182723,1.0867819,1.0718096,1.1128746,1.0228476307874854,1.0229376934407532,1.0229376934407532,1.0228428566927883,1.0229376934407532,1.0229376934407532,1.0229376934407532,1.0229376934407532,1.0229376934407532,1.0229376934407532,1.0229376934407532,1.0229376934407532,1.0229376934407532,0.98916477,0.96741796,0.9965529
0.7236328125,0.42833232183253994,0.4282536595172645,0.4282536595172645,0.4283173063563867,0.4282536595172645,0.4282536595172645,0.4282536595172645,0.4282536595172645,0.4282536595172645,0.4282536595172645,0.4282536595172645,0.4282536595172645,0.4282536595172645,0.41603306,0.4099788,0.41736528,1.0813927242871357,1.081635899182723,1.081635899182723,1.0813986889797653,1.081635899182723,1.081635899182723,1.081635899182723,1.081635899182723,1.081635899182723,1.081635899182723,1.081635899182723,1.081635899182723,1.081635899182723,1.0854911,1.0723835,1.1118121,1.0228476307874854,1.0229376934407532,1.0229376934407532,1.022841618695565,1.0229376934407532,1.0229376934407532,1.0229376934407532,1.0229376934407532,1.0229376934407532,1.0229376934407532,1.0229376934407532,1.0229376934407532,1.0229376934407532,0.9862689,0.97264564,0.9984498
0.7255859375,0.42833232183253994,0.4282536595172645,0.4282536595172645,0.42831597775572905,0.4282536595172645,0.4282536595172645,0.4282536595172645,0.4282536595172645,0.4282536595172645,0.4282536595172645,0.4282536595172645,0.4282536595172645,0.4282536595172645,0.41656336,0.411239,0.41703174,1.0813927242871357,1.081635899182723,1.081635899182723,1.081398658903004,1.081635899182723,1.081635899182723,1.081635899182723,1.081635899182723,1.081635899182723,1.081635899182723,1.081635899182723,1.081635899182723,1.081635899182723,1.0840986,1.0732926,1.1106842,1.0228476307874854,1.0229376934407532,1.0229376934407532,1.0228415892131772,1.0229376934407532,1.0229376934407532,1.0229376934407532,1.0229376934407532,1.0229376934407532,1.0229376934407532,1.0229376934407532,1.0229376934407532,1.0229376934407532,0.9839411,0.977596,1.0012066
0.7275390625,0.42833232183253994,0.4290168062429207,0.42844444619867855,0.4283150178239705,0.42856164397611296,0.4284594559495264,0.4285899957599043,0.42844165393479006,0.4284393861178806,0.42858257397492194,0.4284717214326357,0.4284476871464393,0.4284785386637564,0.41717097,0.41329935,0.41758078,1.0813927242871357,1.0815019347975385,1.081602363345585,1.0813984105322014,1.0815613656872891,1.081554509824321,1.0815860837283844,1.0816007839641564,1.0815563044294265,1.081601491812785,1.0815928200297895,1.08159115157095,1.0815988481081422,1.0826207,1.0744268,1.1095219,1.0228476307874854,1.0228329935329732,1.0229115187524047,1.0228424217442307,1.0228794484609127,1.0228740866195636,1.0228987740206112,1.0229102796577834,1.0228754902157524,1.0229108349927898,1.0229040551152273,1.0229027509584878,1.0229087668777948,0.98221886,0.9819936,1.0046433
0.7294921875,0.42833232183253994,0.4290168062429207,0.4288260195615067,0.4283142456230261,0.42877257677110164,0.4287692081221076,0.4287735113933968,0.4288131488143112,0.42877326673275146,0.4288189172000925,0.42881372043210697,0.4288135819142788,0.42881375267518906,0.4178137,0.416152,0.41901195,1.0813927242871357,1.0815019347975385,1.0815353811928032,1.08139826454943,1.0815243536752022,1.0815223116585697,1.081531713767454,1.0815351723187256,1.0815228462063815,1.0815352659330433,1.0815328150233134,1.0815323201677118,1.0815345893942319,1.0810815,1.0756683,1.1083509,1.0228476307874854,1.0228329935329732,1.0228591687982578,1.0228439641387668,1.0228505093728846,1.0228489090256618,1.022856277481076,1.022859001277889,1.0228493279564435,1.0228590763568344,1.0228571535071838,1.0228567656267638,1.022858544497088,0.98560387,0.9811079,1.0085233
0.7314453125,0.42833232183253994,0.4290168062429207,0.42920759292433475,0.428313648309121,0.4289835095660904,0.42895702702688926,0.42907896029468884,0.42918691151074173,0.42896395949058097,0.4291961804653949,0.4291554423959219,0.4291489022004574,0.4291798182039388,0.4197808,0.41900453,0.42079276,1.0813927242871357,1.0815019347975385,1.081468518136728,1.0813976839591877,1.0814873780610044,1.0814774223058914,1.0814901410427424,1.081469674950711,1.0814691564783436,1.081489417730548,1.081472905615487,1.0814704402982445,1.081473580663643,1.0795172,1.0769018,1.1071924,1.0228476307874854,1.0228329935329732,1.0228068180758896,1.0228462213090437,1.0228215700501397,1.0228137804352804,1.0228237312541049,1.022807722160884,1.0228073169699046,1.022823165505309,1.02281025128253,1.022808321409329,1.0228107797022947,0.98824364,0.9805789,1.0125656
0.7333984375,0.42833232183253994,0.4290168062429207,0.42958916628716287,0.4283128812400977,0.4297494946583779,0.4297466907914924,0.42975960060536,0.4296277785287493,0.42961047337140534,0.4297474247734285,0.42962606367536205,0.4296259669461156,0.42962647922884645,0.42287767,0.4207982,0.42415622,1.0813927242871357,1.0815019347975385,1.0814017738600035,1.0813964788505477,1.0814348310540998,1.0814128037670876,1.0814409426472134,1.0814024113018659,1.0814021256286137,1.0814393427779143,1.0814094694058665,1.0814041562094587,1.081410951046325,1.0780224,1.0779735,1.1060643,1.0228476307874854,1.0228329935329732,1.0227544665873467,1.0228485519946378,1.0227804454969112,1.022763140777697,1.0227852466283518,1.0227549691629045,1.022754743919603,1.0227839898133346,1.0227605126303454,1.0227563395447758,1.022761676302762,0.9897914,0.98056555,1.0164635
0.7353515625,0.42833232183253994,0.43213433710474153,0.4297961889583759,0.42831146271656906,0.42968850169076706,0.4295870564017925,0.4297269040878833,0.4297779722592328,0.4297695273972379,0.42979106282386015,0.4297709650801356,0.4297475179039094,0.4297812287736164,0.42524898,0.42325577,0.4292304,1.0813927242871357,1.0813313925819357,1.0814590673005822,1.0813946772751026,1.0814511093938985,1.081443609109335,1.0814539477235525,1.0814577213976162,1.0814570974278275,1.08145868857832,1.0814572036563626,1.08145547108602,1.0814579620067901,1.0789444,1.0765046,1.1049844,1.0228476307874854,1.0227024687787758,1.022800362814887,1.022850443901453,1.0227943814302765,1.022788746740341,1.022796514455347,1.022799350986804,1.0227988819254017,1.0228000780889746,1.0227989617800632,1.0227976594298216,1.0227995318666163,0.99018973,0.98096406,1.0199081
0.7373046875,0.42833232183253994,0.43213433710474153,0.43135495438928634,0.4283085620785495,0.4311222311979606,0.43090299756041617,0.4312052227029908,0.43131558624062644,0.4312973360307604,0.43134387628868853,0.43130044301043874,0.43124977126622877,0.4313226239010368,0.42792183,0.42644104,0.43493435,1.0813927242871357,1.0813313925819357,1.0813737970309416,1.0813927604768465,1.0813726631818776,1.0813715939348612,1.0813730676646238,1.0813736053116392,1.0813735164229041,1.0813737430851378,1.0813735315561652,1.0813732847205275,1.0813736395869742,1.0796077,1.0751697,1.1039679,1.0228476307874854,1.0227024687787758,1.022735100436088,1.022851559259845,1.022734353993228,1.0227336508169365,1.0227346201825234,1.0227349741656049,1.0227349156293775,1.0227350649038842,1.0227349255947897,1.0227347630688306,1.0227349967383907,0.98944557,0.9816386,1.0226121
0.7392578125,0.42833232183253994,0.43213433710474153,0.4329137198201967,0.42830304465084224,0.4325559607051541,0.43221893871903977,0.4326835413180982,0.43285320022202006,0.4328251446642829,0.43289668975351686,0.43282992094074174,0.4327520246285481,0.4328640190284572,0.43094832,0.43041658,0.44118005,1.0813927242871357,1.0813313925819357,1.0812891408159844,1.0813905960838535,1.0812947369980572,1.0812927402798105,1.0813000172776466,1.0812900868327484,1.0812894069960408,1.081290525475109,1.0812904507950802,1.0812899176983242,1.0812916689577676,1.0799798,1.0740242,1.103027,1.0228476307874854,1.0227024687787758,1.0226698368117677,1.0228516422856897,1.0226743255019974,1.0226727247891036,1.0226785540050782,1.022670596132366,1.0226700504827397,1.0226709481366811,1.0226708882102353,1.0226704603921737,1.0226718655507616,0.9876256,0.9824304,1.024334
0.7412109375,0.42833232183253994,0.43213433710474153,0.43447248525110715,0.42829378286671355,0.4351706548250844,0.43492168030999384,0.43582835573771767,0.4345905896970868,0.43450571955290057,0.43464534032668495,0.43463601938765006,0.43456947671585566,0.4347880346202798,0.4352408,0.43441522,0.4478654,1.0813927242871357,1.0813313925819357,1.0812050920465428,1.0813893155816623,1.0812087326121098,1.08120743568952,1.081212151486764,1.0812057087174622,1.0812052656101236,1.0812059944788786,1.0812059458349388,1.081205598502681,1.081206738908786,1.080055,1.0731144,1.1021664,1.0228476307874854,1.0227024687787758,1.0226045719553314,1.022850936034339,1.0226068113853606,1.0226060127816377,1.0226089210070917,1.0226049507841515,1.0226046785568401,1.0226051264008575,1.0226050965032552,1.0226048830626944,1.0226055841033235,0.9848482,0.9831726,1.0248995
0.7431640625,0.42833232183253994,0.4440565274708656,0.43532914686009316,0.42828121128336494,0.43410911432524246,0.4324280311492268,0.43475939039628336,0.43508389887520205,0.4349623835394088,0.4353264560301085,0.43504337535904586,0.43465397526995897,0.435206123436568,0.44096532,0.4384402,0.45488283,1.0813927242871357,1.0812422324695976,1.0812555280531204,1.0813887761556982,1.0812572868647936,1.081256348191472,1.081259726590692,1.0812558808130663,1.0812555319214014,1.0812560557457491,1.0812559391395944,1.0812557049579308,1.081256500167428,1.0798497,1.0724696,1.1013795,1.0228476307874854,1.0226296124043315,1.0226454279138344,1.0228500933469602,1.022646445250157,1.022645903011023,1.0226478470372786,1.0226456324163609,1.0226454301576104,1.0226457337431514,1.022645666207305,1.0226455304981699,1.0226459909124792,0.9837081,0.9812712,1.0242172
0.7451171875,0.42833232183253994,0.4440565274708656,0.44114740060060814,0.428268566435235,0.43877077573066253,0.43549602364787887,0.44003751431231475,0.44066965722611073,0.4404329452033765,0.4411421588605073,0.44059071736707955,0.43983216551731585,0.4409077508211278,0.44763055,0.44316274,0.46212888,1.0813927242871357,1.0812422324695976,1.08124660587935,1.0813888979339898,1.0812500808950196,1.0812482240436179,1.0812549312562905,1.0812473014085198,1.0812466135024346,1.0812476465879595,1.081247416479392,1.0812469545883236,1.0812485243281882,1.0793965,1.0720968,1.1006452,1.0228476307874854,1.0226296124043315,1.0226348842442752,1.0228495734823655,1.0226379975267517,1.022636338150697,1.0226422873160426,1.0226355100689477,1.022634891110745,1.0226358201521786,1.022635613476991,1.0226351981758919,1.0226366071493131,0.98390687,0.9770797,1.0222858
0.7470703125,0.42833232183253994,0.4440565274708656,0.44696565434112306,0.42826416332596695,0.4434324371360825,0.43856401614653095,0.4453156382283461,0.4462554155770193,0.4459035068673441,0.44695786169090596,0.44613805937511325,0.4450103557646727,0.4466093782056876,0.45526123,0.44873273,0.4695119,1.0813927242871357,1.0812422324695976,1.0812379159895162,1.0813895098597497,1.0812430264332926,1.0812402924794298,1.0812502030138043,1.0812389367799915,1.0812379271718986,1.0812394437654669,1.081239105763048,1.0812384276414633,1.0812407341044628,1.0787376,1.0719781,1.0999268,1.0228476307874854,1.0226296124043315,1.0226243405610347,1.022849630464618,1.0226295497944247,1.0226267732790293,1.0226367275908566,1.0226253877088851,1.02262435205021,1.0226259065490535,1.0226255607341943,1.0226248658404546,1.0226272233752158,0.9836825,0.9724709,1.0191941
0.7490234375,0.42833232183253994,0.4440565274708656,0.45278390808163804,0.4282650011558158,0.4599137826914749,0.45611356694651817,0.4697380389398257,0.4542171382051303,0.4527996333019407,0.454927274273333,0.45445395778222375,0.453502857420079,0.4567296133315149,0.46386015,0.45529506,0.4769551,1.0813927242871357,1.0812422324695976,1.0812294494291037,1.0813904717238279,1.08121976960912,1.0812069131810707,1.0812248912796194,1.081227479211368,1.081226507608302,1.08122942774445,1.0812271548590608,1.0812240552261587,1.0812284595547466,1.0779191,1.0720716,1.0991755,1.0228476307874854,1.0226296124043315,1.0226137968646403,1.0228501429890937,1.0226044569744421,1.022591587509867,1.0226094351283248,1.0226119193839165,1.0226109891305466,1.0226137762651624,1.0226116091585864,1.0226086281287579,1.0226128550665465,0.98300225,0.96764195,1.0151132
0.7509765625,0.42833232183253994,0.4786803670288613,0.45948038896014753,0.4282709170346097,0.4509509268624579,0.4487580277488181,0.4524151572304127,0.45786056771355693,0.4466888268400815,0.4590641633686154,0.4574825101190876,0.4569849925711202,0.457954844186897,0.47339866,0.46297237,0.48439413,1.0813927242871357,1.0812582349068498,1.0812442178006252,1.0813917553339545,1.0812340546660235,1.0812313793232373,1.0812358265907844,1.0812423168573113,1.0812288308056321,1.0812437306192177,1.0812418712497758,1.0812412837140657,1.081242427864148,1.0769892,1.072315,1.0983346,1.0228476307874854,1.0226181199752125,1.022610994449367,1.022850866949108,1.0226050625143897,1.0226035374286222,1.0226060808354407,1.0226098679232238,1.0226020983695043,1.0226107049798292,1.0226096049979658,1.0226092589926152,1.0226099334890641,0.9818906,0.9627777,1.0102816
0.7529296875,0.42833232183253994,0.4786803670288613,0.47228037433929004,0.42829683188966106,0.45974381265905234,0.4565207002655838,0.46189593129346357,0.46989956899233354,0.4534793988887704,0.4716686080002908,0.4693439017887673,0.4686126529297351,0.4700381360918161,0.4838057,0.47184485,0.49176896,1.0813927242871357,1.0812582349068498,1.081253689171047,1.0813928474479924,1.0812409327705748,1.0812375399212177,1.081243171861208,1.0812513189740753,1.081234294232121,1.0812530824148774,1.0812507623217422,1.0812500277647341,1.0812514575818144,1.0759975,1.0726353,1.0973524,1.0228476307874854,1.0226181199752125,1.0226157448039974,1.0228513301656792,1.0226083257608358,1.0226064183420962,1.0226095993706754,1.0226143358635658,1.0226046185160806,1.0226153827659623,1.0226140070242697,1.022613574277101,1.0226144178664303,0.9804235,0.9580386,1.0049877
0.7548828125,0.42833232183253994,0.4786803670288613,0.48508035971843255,0.4283946672321476,0.46853669845564677,0.46428337278234943,0.47137670535651444,0.4819385702711101,0.46026997093745936,0.48427305263196624,0.481205293458447,0.48024031328835,0.48212142799673513,0.49495524,0.48192948,0.4990117,1.0813927242871357,1.0812582349068498,1.0812626606927298,1.0813934587022866,1.0812475527165313,1.081243494512662,1.0812502216615818,1.0812598713385186,1.0812395964497818,1.0812619474017418,1.081259215075642,1.0812583483905107,1.0812600346802523,1.074996,1.0729598,1.0961931,1.0228476307874854,1.0226181199752125,1.0226204951425755,1.0228512914323773,1.022611588998909,1.0226092992488718,1.022613117896343,1.022618803789437,1.0226071386574023,1.0226200605364546,1.022618409036465,1.0226178895479492,1.0226189022292351,0.9787182,0.9535532,0.9995479
0.7568359375,0.42833232183253994,0.4786803670288613,0.49788034509757506,0.4287458262730746,0.5354900301382881,0.5290336742350544,0.5451593673186937,0.5050227611384447,0.4997156441145728,0.5542832714491338,0.5066897627491433,0.5046070598399969,0.5088835093262399,0.5060329,0.49315798,0.50665516,1.0813927242871357,1.0812582349068498,1.081271170917447,1.0813937296148013,1.0813027990424116,1.0812976892544672,1.0813102253333151,1.0812775397426713,1.081272824816602,1.0813169951293446,1.0812790003485981,1.0812771740070783,1.0812809078992105,1.074041,1.0732297,1.0948479,1.0228476307874854,1.0226181199752125,1.022625245466339,1.0228507384718115,1.0226475023230708,1.0226436815612383,1.022653224462535,1.022629472259025,1.0226263315741746,1.0226586238138973,1.0226304587686175,1.0226292262524055,1.0226317569982881,0.97691625,0.94941145,0.9942874
0.7587890625,0.42833232183253994,0.5464564105040057,0.5139725148595974,0.4299810505274174,0.49906825016651385,0.4974021664460063,0.5066809089595202,0.5106271849726176,0.5060748078459768,0.5132026060169123,0.5105038713804978,0.5103945984684188,0.5122645824040375,0.51271,0.5053592,0.518641,1.0813927242871357,1.0813080903054992,1.0812639754039788,1.081393705295111,1.0812393837145848,1.0812365431357047,1.0812521251843805,1.081258580636013,1.0812511247848735,1.0812627400591364,1.0812583804260785,1.0812582029315152,1.0812612299503486,1.0734096,1.0731906,1.093345,1.0228476307874854,1.0226676148636353,1.0226286643209057,1.0228495916786593,1.0226153904197839,1.0226139065796511,1.0226221703522542,1.0226256849441018,1.022621630551945,1.0226279786346324,1.0226255751199436,1.0226254778005306,1.0226271432237286,0.9751678,0.9456613,0.989517
0.7607421875,0.42833232183253994,0.5464564105040057,0.535628445289203,0.43361065377532493,0.5161030988356807,0.5139204442375924,0.5260760698897227,0.5312458926178917,0.5252820465365751,0.5346198254612128,0.5310843455266296,0.5309411924419076,0.5333909667150672,0.5188828,0.51824707,0.530577,1.0813927242871357,1.0813080903054992,1.0812939798731174,1.0813938410480353,1.081264690241089,1.0812612777783364,1.081279922166738,1.0812875930749397,1.081278730629999,1.081292519263771,1.0812873556341522,1.0812871451079986,1.0812907322556955,1.0734946,1.0725014,1.0917513,1.0228476307874854,1.0226676148636353,1.0226546313947467,1.0228480750389157,1.0226358166085194,1.0226337133729262,1.0226454266688976,1.0226504083460863,1.022644661541355,1.0226536594846385,1.0226502526783714,1.022650114735218,1.0226524753508066,0.9736162,0.94231486,0.98551583
0.7626953125,0.42833232183253994,0.5464564105040057,0.5572843757188085,0.4416052779815268,0.5467451537463135,0.5455670193990795,0.5521282774677804,0.5549187994910552,0.5516996864366257,0.5567399516657782,0.5548316010048273,0.5547543310757368,0.5560766489618134,0.53142184,0.52435744,0.5420702,1.0813927242871357,1.0813080903054992,1.081321652410034,1.0813943532525592,1.0813076234156538,1.0813060214929155,1.0813148559287384,1.0813185499196716,1.0813142852651665,1.0813209407249742,1.0813184350519205,1.0813183332330156,1.0813200717554992,1.0735084,1.0720229,1.0901686,1.0228476307874854,1.0226676148636353,1.0226805982906946,1.0228463682420774,1.022669693643955,1.0226684746576107,1.022675263421297,1.0226781506969809,1.0226748199697844,1.0226800349909682,1.0226780604751728,1.0226779805261599,1.0226793486908081,0.97238815,0.9393561,0.98251045
0.7646484375,0.42833232183253994,0.5464564105040057,0.5789403061484141,0.45660219878842306,0.6239091392675148,0.6009403856989997,0.6289360119333447,0.5890337649344585,0.5812632588721197,0.6027691011968453,0.5894058241040682,0.5840934439351048,0.5897355200299597,0.54438984,0.5289198,0.55269563,1.0813927242871357,1.0813080903054992,1.0813472547005785,1.081395390501504,1.081399359132979,1.081373720027195,1.0814047206570392,1.081359642216394,1.0813501437295503,1.0813758329418586,1.0813600907299603,1.0813536325435409,1.0813604877021257,1.0734984,1.0717877,1.0887198,1.0228476307874854,1.0226676148636353,1.0227065650287126,1.022844923550726,1.022749557077224,1.0227275980884796,1.0227543629348752,1.0227162148471776,1.022708785883304,1.0227293464149858,1.0227165705524588,1.0227114916738214,1.0227168857565359,0.97158957,0.93675774,0.980661
0.7666015625,0.42833232183253994,0.6519278104657058,0.6063365827513025,0.48176071485655925,0.5525422329329976,0.5391839570012567,0.5567368244226854,0.6055965518190912,0.6047591783837406,0.605642181413414,0.5937361875517413,0.5907082694994313,0.5956268629618924,0.55659866,0.5323599,0.562034,1.0813927242871357,1.0814569754753962,1.0813966952847245,1.0813968052117047,1.0813541829970623,1.0813423115124692,1.081357793197447,1.0813961616921584,1.0813955563368145,1.0813961946306843,1.081387428396206,1.0813851426152492,1.081388843884373,1.0735227,1.0718061,1.087534,1.0228476307874854,1.0228258524838936,1.0227689327246574,1.02284408152983,1.022734827520566,1.0227263584067334,1.0227374868749513,1.0227684635534504,1.0227679326681185,1.022768492482097,1.0227609442075851,1.0227590245364973,1.02276214287709,0.9713026,0.9344958,0.9800459
0.7685546875,0.42833232183253994,0.6519278104657058,0.6367307345609047,0.5203583866341528,0.5701330970055308,0.553595493672252,0.5753260193973173,0.635814573068673,0.6347779011368745,0.6358710627036397,0.6211313908493592,0.6173828152149996,0.6234720551779622,0.5674878,0.5344989,0.5697138,1.0813927242871357,1.0814569754753962,1.0814378412308165,1.0813985176570133,1.0813820898999378,1.0813661666301397,1.081386901062658,1.0814371535067469,1.0814363729265206,1.0814371959684792,1.0814258546444808,1.0814228839585107,1.0814276914668008,1.0736398,1.0720614,1.0867233,1.0228476307874854,1.0228258524838936,1.022806879331074,1.0228437879677403,1.022756789729719,1.0227443512949002,1.0227606954732271,1.0228061902699468,1.0228054105706583,1.0228062327567955,1.0227951467742362,1.022792327395223,1.0227969072337815,0.9715881,0.9325676,0.9806525
0.7705078125,0.42833232183253994,0.6519278104657058,0.6671248863705069,0.5751640106591158,0.684583114543854,0.6832218166460583,0.6889183622047433,0.667365053393875,0.6673502449265948,0.6676368116091899,0.6712141740970301,0.6706005809813285,0.6721968439206448,0.57545215,0.53521717,0.57654446,1.0813927242871357,1.0814569754753962,1.0814752379654569,1.081400335598963,1.0814842933184836,1.0814836038668407,1.081486470820244,1.0814753657508807,1.0814753578744152,1.0814755102341276,1.081477401271452,1.081477078352169,1.0814779171988333,1.0738974,1.0725095,1.0863686,1.0228476307874854,1.0228258524838936,1.0228448255455895,1.0228441946277027,1.0228558171319557,1.0228549600684838,1.0228585465721816,1.02284497675333,1.0228449674300069,1.0228451478506937,1.0228474001364196,1.0228470138219834,1.022848018819214,0.97248656,0.9310018,0.9823741
0.7724609375,0.42833232183253994,0.6519278104657058,0.6975190381801091,0.6476637579783789,0.8004527973804407,0.7924265813967623,0.8260134289845712,0.698935063581184,0.6988477528191748,0.7005373507330181,0.7216294893646927,0.71801174274164,0.7274233132277474,0.57908756,0.5344776,0.5833555,1.0813927242871357,1.0814569754753962,1.081509375600438,1.0814006875125424,1.0815579065942902,1.0815545756357714,1.0815680831752115,1.0815101401951563,1.0815100931406176,1.0815110016358236,1.0815219848181492,1.0815201468182998,1.0815248902918193,1.0743276,1.0730827,1.0865039,1.0228476307874854,1.0228258524838936,1.0228827714194348,1.022844465852763,1.0229559720131916,1.022950264251967,1.0229741491716409,1.022883778420699,1.022883716329976,1.022884917881127,1.022899917456703,1.0228973447155545,1.0229040377015297,0.9740175,0.9298636,0.9850135
0.7744140625,1.1500615093831026,0.7896096249808231,0.7352351691771533,0.7372700715882149,0.6340122412791022,0.6089620739324783,0.6458502242047605,0.7349681892514767,0.7346688624442259,0.7352177605278516,0.7116777340390159,0.7079699261077791,0.7142982931790732,0.58059734,0.532336,0.58764666,1.0813927242871357,1.0816008117795548,1.0815780271960733,1.0813989932598838,1.081572514221475,1.0815708669933273,1.0815732481930882,1.0815780146526868,1.0815780005787223,1.081578026378449,1.0815768841878237,1.0815766973563439,1.0815770150644184,1.0749435,1.0736966,1.0871122,1.0228476307874854,1.022971183718175,1.0229410258383596,1.0228460544815274,1.0228889554266427,1.0228760692880987,1.0228950450419454,1.0229408885003681,1.0229407345227144,1.0229410168831212,1.022928907583137,1.0229270002378172,1.0229302556333277,0.97617745,0.9292496,0.9882988
0.7763671875,1.1500615093831026,0.7896096249808231,0.7714848063795998,0.8405937077530521,0.6508453416992908,0.6209900624497854,0.6649540812181123,0.7711666144839212,0.7708098709423042,0.7714640584109709,0.7434085945635542,0.738989556572356,0.7465318281864546,0.58009976,0.5289423,0.58930695,1.0813927242871357,1.0816008117795548,1.0815935737769604,1.0813978580948074,1.0815812142667505,1.0815774143356334,1.0815828912773062,1.0815935462644288,1.0815935153915115,1.0815935719836742,1.0815910555168133,1.0815906417278585,1.0815913450148367,1.0757397,1.0742582,1.0881257,1.0228476307874854,1.022971183718175,1.0229611311089324,1.0228459436079425,1.0228982916513383,1.0228827404345007,1.0229056407043904,1.0229609653671505,1.0229607795443465,1.022961120301601,1.0229465065954535,1.0229442047790216,1.0229481334450876,0.9789362,0.92927814,0.99190575
0.7783203125,1.1500615093831026,0.7896096249808231,0.8077344435820464,0.9507327286791143,0.9038581020608056,0.8926164767546355,0.9276463265358753,0.8079879739602851,0.807750975242361,0.8082722216933944,0.8301051346584248,0.8276165904418817,0.8336261557421659,0.577839,0.5245282,0.58839446,1.0813927242871357,1.0816008117795548,1.0816077249538965,1.0813920339198566,1.0816128089000532,1.0816122708738098,1.0816139044163742,1.0816077399540607,1.0816077259322816,1.0816077567604325,1.0816090132544882,1.08160887338513,1.0816092097278613,1.0766954,1.0746771,1.0894362,1.0228476307874854,1.022971183718175,1.0229812363116135,1.0228492889697398,1.0230312441498055,1.023025395752582,1.0230436198497996,1.0229813682094993,1.0229812449121254,1.0229815160879316,1.0229928745492265,1.0229915798968527,1.022994706342388,0.9822324,0.9300721,0.995488
0.7802734375,1.1500615093831026,0.7896096249808231,0.8439840807844929,1.0558078692966948,0.9697228148840937,0.955017717745784,1.0008400370051531,0.8443157222276094,0.8440057057421091,0.8446875448433678,0.8732470366622973,0.8699917881158828,0.8778528615009913,0.57416,0.51938826,0.58512825,1.0813927242871357,1.0816008117795548,1.081620660527265,1.0813916075295602,1.0816212838704145,1.0816212194462447,1.0816214139558011,1.0816206624155589,1.0816206606504377,1.0816206645308728,1.08162082162402,1.0816208042391335,1.0816208460014851,1.0777767,1.0748751,1.0909082,1.0228476307874854,1.022971183718175,1.023001341455151,1.022851048720974,1.0230662433860807,1.0230586531299457,1.0230823050063347,1.0230015126368495,1.0230013526171968,1.0230017045586621,1.0230164459681432,1.0230147657228477,1.0230188233336215,0.9859713,0.93174154,0.9987134
0.7822265625,1.1500615093831026,0.9419249080852785,0.8876772208021628,1.1345362598391255,0.8152979315598349,0.7756820172704957,0.8275115408542106,0.8848270024915993,0.8826857864455832,0.8874898417700922,0.872048880413763,0.8614442831475447,0.8736749672381943,0.5694751,0.513856,0.5798671,1.0813927242871357,1.0815961121030584,1.081620844077226,1.0813920822900367,1.081639016830122,1.0816357273183397,1.081650399586549,1.0816215034674528,1.0816208872967865,1.0816220016331406,1.0816245126300807,1.0816241248095175,1.081627077728192,1.0789393,1.0747963,1.0923965,1.0228476307874854,1.0229866967958114,1.0229913585010442,1.022850970574637,1.0229987782084533,1.0229975261815012,1.02300283924191,1.0229916506831593,1.0229913777096835,1.0229918701837994,1.0229929605944865,1.0229927939011911,1.0229940476908939,0.990024,0.93436635,1.001294
0.7841796875,1.1500615093831026,0.9419249080852785,0.9238423456575733,1.1540175759871691,0.8904153571298172,0.8721195058396407,0.8960559786672672,0.9225260269182468,0.9215371472959837,0.9237558082402963,0.9166246959633096,0.9117271658152512,0.9173756730203434,0.5642302,0.5082804,0.57307947,1.0813927242871357,1.0815961121030584,1.081604033371659,1.0813893723765016,1.0816115257633312,1.0816102222577215,1.0816158698422516,1.0816043181443231,1.0816040520682577,1.0816045326138928,1.0816056048923661,1.0816054402272433,1.0816066854163116,1.0801309,1.0744131,1.0937622,1.0228476307874854,1.0229866967958114,1.0229882507221597,1.0228547801286947,1.022991648608244,1.0229910752349924,1.0229935083904573,1.022988384527626,1.022988259518799,1.0229884850484718,1.022988984405018,1.0229889080673304,1.0229894822443832,0.99423367,0.9379819,1.0030142
0.7861328125,1.1500615093831026,0.9419249080852785,0.9600074705129837,1.1540065335831091,1.018457193201054,1.0085941220967412,1.0504489304574636,0.962309157523133,0.9601587880041713,0.9640382914427252,0.9726280995815894,0.9713149570383333,0.9811918168537208,0.5588738,0.5030062,0.565308,1.0813927242871357,1.0815961121030584,1.0815884892422063,1.0813933224914285,1.0815771824477012,1.0815715266412635,1.081578998495972,1.0815880180137893,1.0815876654853456,1.0815884581933295,1.0815859328115651,1.0815842355998238,1.0815861957048059,1.0812912,1.0737299,1.094884,1.0228476307874854,1.0229866967958114,1.0229851428467127,1.022849837989617,1.0229792572273428,1.022976035785771,1.022980250396906,1.0229849110783553,1.0229847369631715,1.0229851276098014,1.0229838720115205,1.02298300968595,1.0229840042386247,0.9984263,0.9425726,1.003749
0.7880859375,1.1500615093831026,0.9419249080852785,0.9961725953683942,1.1539522780522917,1.0435291504504078,1.035537990722895,1.069449178773514,0.998037445408135,0.9962951943265541,0.999438407156822,1.006397956382452,1.005334035044243,1.0133363665245974,0.5538316,0.4983587,0.5571309,1.0813927242871357,1.0815961121030584,1.081574073743244,1.0813901434314221,1.0815679138956873,1.0815647733886373,1.08156891382253,1.0815738201185559,1.08157363020654,1.0815740570402936,1.081572694619133,1.0815717746661526,1.081572836805653,1.0823522,1.0727819,1.0956674,1.0228476307874854,1.0229866967958114,1.0229820348852194,1.0228539464475763,1.0229771025577943,1.0229744029027585,1.0229779348621462,1.0229818406557867,1.022981694741621,1.0229820221161903,1.0229809698844898,1.0229802472287093,1.0229810806949893,1.0024273,0.9480691,1.0034693
0.7900390625,1.1500615093831026,1.078930623824107,1.03977083183578,1.153749936551958,1.0101436469439395,0.9940134370791358,1.0253473805923268,1.0397589266555862,1.0396833272365271,1.0397699520722863,1.0333736464656733,1.0291217933081112,1.0363923880694186,0.5491261,0.4946327,0.5494909,1.0813927242871357,1.0814910292167859,1.0815233969678952,1.081393219906826,1.0815431214957434,1.0815328571071585,1.0815543546473747,1.0815234046681075,1.0815233975369158,1.0815234535695548,1.0815275602028263,1.0815255892268119,1.0815303559062335,1.083241,1.0716269,1.0960441,1.0228476307874854,1.022946318331792,1.0229857761785006,1.0228499707702967,1.022995736058375,1.0229906249831453,1.0230011585413055,1.0229857801807403,1.022985776474256,1.0229858055954755,1.0229879267572592,1.0229869119303523,1.0229893561232917,1.00224,0.95435196,1.0060834
0.7919921875,1.1500615093831026,1.078930623824107,1.065877359827998,1.1533583058260564,1.079884415186402,1.0726964376703187,1.087510409466446,1.0658829883248881,1.065877775760055,1.0659187300010442,1.0689018027490578,1.0674746107660618,1.0709119816699104,0.5418399,0.4920857,0.54618984,1.0813927242871357,1.0814910292167859,1.0815015542061088,1.081390837076956,1.0814922755418352,1.081487324359661,1.0814970067899645,1.081501550428658,1.0815015264422945,1.0815015539269632,1.0814995301456876,1.0814981911898454,1.0815004838421256,1.0838792,1.070334,1.0959715,1.0228476307874854,1.022946318331792,1.0229594709963694,1.0228530149021122,1.0229519881549878,1.0229479141852094,1.0229558281169846,1.0229594679895246,1.0229594488956733,1.022959470774171,1.0229578552832808,1.0229567814077294,1.0229586177157308,1.0002052,0.9612642,1.0092797
0.7939453125,1.1500615093831026,1.078930623824107,1.091983887820216,1.1527664814892211,1.101859616117496,1.096791704901367,1.1072363527390974,1.0919878562136138,1.0919841810747137,1.0920130560199668,1.0941162829435849,1.0931100357423364,1.0955335673294389,0.53576183,0.49093375,0.54421324,1.0813927242871357,1.0814910292167859,1.081480755852905,1.0813948824448645,1.0814751104663771,1.0814720792341683,1.0814779948008504,1.0814807535638948,1.081480739028775,1.0814807556837522,1.081479528258176,1.0814787149879403,1.081480106946032,1.0841885,1.0689734,1.0954258,1.0228476307874854,1.022946318331792,1.02293316562055,1.02284782345292,1.0229298455176787,1.022928037916692,1.022931549291145,1.0229331642864259,1.0229331558145676,1.0229331655219616,1.0229324487357554,1.0229319722619583,1.022932787023667,0.9975726,0.96862626,1.0119585
0.7958984375,1.1500615093831026,1.078930623824107,1.118090415812434,1.1520099536417934,1.1238348170485903,1.1208869721324153,1.1269622960117487,1.1180927241023397,1.1180905863893726,1.1181073820388896,1.119330763138112,1.1187454607186111,1.1201551529889675,0.53130627,0.49134827,0.5437899,1.0813927242871357,1.0814910292167859,1.0814609287499366,1.0813943455340485,1.081458616674592,1.0814573677990775,1.0814598001982694,1.0814609278160972,1.0814609218861868,1.081460928680928,1.081460427511262,1.0814600949798792,1.0814606639002364,1.0840912,1.0676053,1.0944021,1.0228476307874854,1.022946318331792,1.0229068600646094,1.0228485487018588,1.0229077027555873,1.0229072703135462,1.0229081615488433,1.022906860403231,1.0229068600896327,1.0229068625535211,1.022907042021027,1.0229069561583721,1.0229071629572706,0.9945864,0.97625065,1.0141268
0.7978515625,1.1500615093831026,1.150777132023023,1.1479650828387493,1.151127710200695,1.1439824655424091,1.1437525992483462,1.1441943308185951,1.1479613213512627,1.1479463754855734,1.1479650661903624,1.1470382152743863,1.1469783814808925,1.1471508914214517,0.5288015,0.49345267,0.54509246,1.0813927242871357,1.0814210648639355,1.0814733183965703,1.0813995441451172,1.0814520606091307,1.0814508291461435,1.0814531951970499,1.0814732983886834,1.081473218888204,1.0814733183080154,1.0814683842885908,1.0814680654939959,1.0814689845370924,1.0835186,1.0662744,1.0929083,1.0228476307874854,1.0227762547383503,1.0227538560270735,1.0228419321528741,1.0227695996611563,1.0227687621444366,1.022770508336362,1.0227538708966597,1.0227538560928864,1.0227539299793582,1.022757520034001,1.0227570746136994,1.0227577565630226,0.9915072,0.9839543,1.0158556
0.7998046875,1.1500615093831026,1.150777132023023,1.1498397822949316,1.1502239586501282,1.1520705143986958,1.151951845031771,1.1521992664437921,1.1498418891684445,1.149839791619978,1.1498502606035916,1.1503589366795777,1.1502958248413355,1.1503924506112726,0.5284812,0.49731734,0.5482351,1.0813927242871357,1.0814210648639355,1.081438454310084,1.0813971491978427,1.0814287936976974,1.0814282372541486,1.081429306675852,1.0814384451681804,1.081438408844141,1.0814384542696216,1.0814362026674826,1.0814360573828707,1.0814364762835191,1.0824143,1.0650088,1.09097,1.0228476307874854,1.0227762547383503,1.02276878864068,1.0228450769983406,1.022770734922583,1.0227706313863363,1.0227708472555934,1.0227687904789173,1.0227687886488162,1.0227687977829554,1.0227692415993046,1.022769186534785,1.022769270839899,0.99156314,0.9885889,1.0172712
0.8017578125,1.1500615093831026,1.150777132023023,1.1517144817511142,1.1494379503918455,1.1530420208498942,1.1529713990911656,1.1531186429479152,1.1517157355802765,1.1517144873005765,1.1517207175355062,1.152023437605902,1.1519858788902135,1.1520433822037333,0.53047985,0.50294936,0.5532688,1.0813927242871357,1.0814210648639355,1.081403703723401,1.081400255510359,1.0814108141276604,1.0814104362843002,1.081411224021929,1.0814037104467424,1.0814037037531588,1.0814037371610719,1.0814053599784754,1.0814051586805968,1.0814054668672428,1.0807418,1.0638227,1.0886306,1.0228476307874854,1.0227762547383503,1.0227837206970525,1.0228411636879828,1.022778472999912,1.0227781701157945,1.0227787521648575,1.022783715740738,1.0227836960473562,1.0227837206751158,1.0227824994117478,1.022782420571819,1.0227826478793287,0.9989152,0.98605716,1.0185369
0.8037109375,1.1500615093831026,1.150777132023023,1.1535891812072965,1.1490998842303455,1.1540135273010925,1.15399095315056,1.1540380194520383,1.1535895819921078,1.1535891829811746,1.1535911744674203,1.1536879385322258,1.153675932939091,1.1536943137961935,0.53482777,0.5102776,0.56017625,1.0813927242871357,1.0814210648639355,1.0813690660831765,1.081396456594677,1.0813928648298305,1.0813915992368306,1.0813942378972494,1.0813690885687883,1.0813690661826982,1.0813691779127916,1.0813746062869916,1.0813739328338436,1.081374963901408,1.0784903,1.0627235,1.0859549,1.0228476307874854,1.0227762547383503,1.0227986521989074,1.0228460742940093,1.0227862109283972,1.0227854928427005,1.0227868727794436,1.022798640448546,1.022798593759748,1.0227986521469001,1.022795756787101,1.0227955698737494,1.0227961087732533,1.0058544,0.9840959,1.0198333
0.8056640625,1.1500615093831026,1.1545265309353878,1.1545265309353878,1.149096750907453,1.1545265309353878,1.1545265309353878,1.1545265309353878,1.1545265309353878,1.1545265309353878,1.1545265309353878,1.1545265309353878,1.1545265309353878,1.1545265309353878,0.54144883,0.51913285,0.5688656,1.0813927242871357,1.0813517894460478,1.0813517894460478,1.0813964627004484,1.0813517894460478,1.0813517894460478,1.0813517894460478,1.0813517894460478,1.0813517894460478,1.0813517894460478,1.0813517894460478,1.0813517894460478,1.0813517894460478,1.0756797,1.0617142,1.0830313,1.0228476307874854,1.022806117742735,1.022806117742735,1.0228461394102326,1.022806117742735,1.022806117742735,1.022806117742735,1.022806117742735,1.022806117742735,1.022806117742735,1.022806117742735,1.022806117742735,1.022806117742735,1.0122256,0.9828318,1.0213305
0.8076171875,1.1500615093831026,1.1545265309353878,1.1545265309353878,1.1491176893870878,1.1545265309353878,1.1545265309353878,1.1545265309353878,1.1545265309353878,1.1545265309353878,1.1545265309353878,1.1545265309353878,1.1545265309353878,1.1545265309353878,0.55015814,0.52922827,0.57916546,1.0813927242871357,1.0813517894460478,1.0813517894460478,1.0813930735530746,1.0813517894460478,1.0813517894460478,1.0813517894460478,1.0813517894460478,1.0813517894460478,1.0813517894460478,1.0813517894460478,1.0813517894460478,1.0813517894460478,1.0723629,1.0608009,1.0799729,1.0228476307874854,1.022806117742735,1.022806117742735,1.0228505496870783,1.022806117742735,1.022806117742735,1.022806117742735,1.022806117742735,1.022806117742735,1.022806117742735,1.022806117742735,1.022806117742735,1.022806117742735,1.0178726,0.9823287,1.0231686
0.8095703125,1.1500615093831026,1.1545265309353878,1.1545265309353878,1.1491990215861967,1.1545265309353878,1.1545265309353878,1.1545265309353878,1.1545265309353878,1.1545265309353878,1.1545265309353878,1.1545265309353878,1.1545265309353878,1.1545265309353878,0.56066585,0.54014736,0.59082526,1.0813927242871357,1.0813517894460478,1.0813517894460478,1.081389952428744,1.0813517894460478,1.0813517894460478,1.0813517894460478,1.0813517894460478,1.0813517894460478,1.0813517894460478,1.0813517894460478,1.0813517894460478,1.0813517894460478,1.0686239,1.0599942,1.0769124,1.0228476307874854,1.022806117742735,1.022806117742735,1.0228545857598559,1.022806117742735,1.022806117742735,1.022806117742735,1.022806117742735,1.022806117742735,1.022806117742735,1.022806117742735,1.022806117742735,1.022806117742735,1.0226374,0.98258066,1.0254375
0.8115234375,1.1500615093831026,1.1545265309353878,1.1545265309353878,1.1493480571912538,1.1545265309353878,1.1545265309353878,1.1545265309353878,1.1545265309353878,1.1545265309353878,1.1545265309353878,1.1545265309353878,1.1545265309353878,1.1545265309353878,0.5725836,0.5513536,0.60352355,1.0813927242871357,1.0813517894460478,1.0813517894460478,1.0813940246201506,1.0813517894460478,1.0813517894460478,1.0813517894460478,1.0813517894460478,1.0813517894460478,1.0813517894460478,1.0813517894460478,1.0813517894460478,1.0813517894460478,1.0645729,1.0593115,1.0739968,1.0228476307874854,1.022806117742735,1.022806117742735,1.0228493704244885,1.022806117742735,1.022806117742735,1.022806117742735,1.022806117742735,1.022806117742735,1.022806117742735,1.022806117742735,1.022806117742735,1.022806117742735,1.0263695,0.98351324,1.0281683
0.8134765625,1.1500615093831026,1.1544645540531264,1.1544645540531264,1.1495736928010571,1.1544645540531264,1.1544645540531264,1.1544645540531264,1.1544645540531264,1.1544645540531264,1.1544645540531264,1.1544645540531264,1.1544645540531264,1.1544645540531264,0.5854433,0.5622263,0.6168831,1.0813927242871357,1.081413046469735,1.081413046469735,1.0813883945321985,1.081413046469735,1.081413046469735,1.081413046469735,1.081413046469735,1.081413046469735,1.081413046469735,1.081413046469735,1.081413046469735,1.081413046469735,1.0603366,1.0587765,1.0713755,1.0228476307874854,1.0227894991794584,1.0227894991794584,1.0228565993355103,1.0227894991794584,1.0227894991794584,1.0227894991794584,1.0227894991794584,1.0227894991794584,1.0227894991794584,1.0227894991794584,1.0227894991794584,1.0227894991794584,1.0289395,0.9849878,1.0313294
0.8154296875,1.1500615093831026,1.1544645540531264,1.1544645540531264,1.1498204161431036,1.1544645540531264,1.1544645540531264,1.1544645540531264,1.1544645540531264,1.1544645540531264,1.1544645540531264,1.1544645540531264,1.1544645540531264,1.1544645540531264,0.59872264,0.57213145,0.6304962,1.0813927242871357,1.081413046469735,1.081413046469735,1.081394702032771,1.081413046469735,1.081413046469735,1.081413046469735,1.081413046469735,1.081413046469735,1.081413046469735,1.081413046469735,1.081413046469735,1.081413046469735,1.0584216,1.0560493,1.06919,1.0228476307874854,1.0227894991794584,1.0227894991794584,1.022848507596253,1.0227894991794584,1.0227894991794584,1.0227894991794584,1.0227894991794584,1.0227894991794584,1.0227894991794584,1.0227894991794584,1.0227894991794584,1.0227894991794584,1.0302588,0.9868111,1.0348336
0.8173828125,1.1500615093831026,1.1544645540531264,1.1544645540531264,1.1500749719990904,1.1544645540531264,1.1544645540531264,1.1544645540531264,1.1544645540531264,1.1544645540531264,1.1544645540531264,1.1544645540531264,1.1544645540531264,1.1544645540531264,0.61188245,0.5805108,0.6439516,1.0813927242871357,1.081413046469735,1.081413046469735,1.0813896244308219,1.081413046469735,1.081413046469735,1.081413046469735,1.081413046469735,1.081413046469735,1.081413046469735,1.081413046469735,1.081413046469735,1.081413046469735,1.0582854,1.0518435,1.0675627,1.0228476307874854,1.0227894991794584,1.0227894991794584,1.022855023043858,1.0227894991794584,1.0227894991794584,1.0227894991794584,1.0227894991794584,1.0227894991794584,1.0227894991794584,1.0227894991794584,1.0227894991794584,1.0227894991794584,1.0302982,0.9887522,1.0385463
0.8193359375,1.1500615093831026,1.1544645540531264,1.1544645540531264,1.1502408853480346,1.1544645540531264,1.1544645540531264,1.1544645540531264,1.1544645540531264,1.1544645540531264,1.1544645540531264,1.1544645540531264,1.1544645540531264,1.1544645540531264,0.6244099,0.58696884,0.65686244,1.0813927242871357,1.081413046469735,1.081413046469735,1.0813944599358154,1.081413046469735,1.081413046469735,1.081413046469735,1.081413046469735,1.081413046469735,1.081413046469735,1.081413046469735,1.081413046469735,1.081413046469735,1.0584106,1.0478398,1.0665873,1.0228476307874854,1.0227894991794584,1.0227894991794584,1.0228488169497352,1.0227894991794584,1.0227894991794584,1.0227894991794584,1.0227894991794584,1.0227894991794584,1.0227894991794584,1.0227894991794584,1.0227894991794584,1.0227894991794584,1.0290996,0.990561,1.0423008
0.8212890625,1.1500615093831026,1.1544396608597607,1.1544396608597607,1.1502931316337193,1.1544396608597607,1.1544396608597607,1.1544396608597607,1.1544396608597607,1.1544396608597607,1.1544396608597607,1.1544396608597607,1.1544396608597607,1.1544396608597607,0.63586795,0.5913354,0.66889,1.0813927242871357,1.081402587628153,1.081402587628153,1.0813899178457176,1.081402587628153,1.081402587628153,1.081402587628153,1.081402587628153,1.081402587628153,1.081402587628153,1.081402587628153,1.081402587628153,1.081402587628153,1.0588381,1.0441443,1.0663261,1.0228476307874854,1.0228758746566255,1.0228758746566255,1.0228546485692669,1.0228758746566255,1.0228758746566255,1.0228758746566255,1.0228758746566255,1.0228758746566255,1.0228758746566255,1.0228758746566255,1.0228758746566255,1.0228758746566255,1.0267768,0.991993,1.0459073
0.8232421875,1.1500615093831026,1.1544396608597607,1.1544396608597607,1.1502844573061393,1.1544396608597607,1.1544396608597607,1.1544396608597607,1.1544396608597607,1.1544396608597607,1.1544396608597607,1.1544396608597607,1.1544396608597607,1.1544396608597607,0.6459367,0.59368336,0.67976457,1.0813927242871357,1.081402587628153,1.081402587628153,1.081396234040145,1.081402587628153,1.081402587628153,1.081402587628153,1.081402587628153,1.081402587628153,1.081402587628153,1.081402587628153,1.081402587628153,1.081402587628153,1.0596014,1.0408458,1.0668052,1.0228476307874854,1.0228758746566255,1.0228758746566255,1.0228465484267801,1.0228758746566255,1.0228758746566255,1.0228758746566255,1.0228758746566255,1.0228758746566255,1.0228758746566255,1.0228758746566255,1.0228758746566255,1.0228758746566255,1.0235037,0.9928309,1.0491621
0.8251953125,1.1500615093831026,1.1544396608597607,1.1544396608597607,1.150276209767004,1.1544396608597607,1.1544396608597607,1.1544396608597607,1.1544396608597607,1.1544396608597607,1.1544396608597607,1.1544396608597607,1.1544396608597607,1.1544396608597607,0.65445226,0.59430504,0.6893021,1.0813927242871357,1.081402587628153,1.081402587628153,1.081393694027595,1.081402587628153,1.081402587628153,1.081402587628153,1.081402587628153,1.081402587628153,1.081402587628153,1.081402587628153,1.081402587628153,1.081402587628153,1.0607207,1.0380147,1.0680174,1.0228476307874854,1.0228758746566255,1.0228758746566255,1.0228498198729652,1.0228758746566255,1.0228758746566255,1.0228758746566255,1.0228758746566255,1.0228758746566255,1.0228758746566255,1.0228758746566255,1.0228758746566255,1.0228758746566255,1.019491,0.9929101,1.0518591
0.8271484375,1.1500615093831026,1.1544396608597607,1.1544396608597607,1.150242155505543,1.1544396608597607,1.1544396608597607,1.1544396608597607,1.1544396608597607,1.1544396608597607,1.1544396608597607,1.1544396608597607,1.1544396608597607,1.1544396608597607,0.6614248,0.59365904,0.69742024,1.0813927242871357,1.081402587628153,1.081402587628153,1.0814020432075315,1.081402587628153,1.081402587628153,1.081402587628153,1.081402587628153,1.081402587628153,1.081402587628153,1.081402587628153,1.081402587628153,1.081402587628153,1.0621974,1.0357049,1.0699216,1.0228476307874854,1.0228758746566255,1.0228758746566255,1.022839121799982,1.0228758746566255,1.0228758746566255,1.0228758746566255,1.0228758746566255,1.0228758746566255,1.0228758746566255,1.0228758746566255,1.0228758746566255,1.0228758746566255,1.0149587,0.9921331,1.0537974
0.8291015625,1.1500615093831026,1.1542875092084763,1.1543692770684142,1.150202705565998,1.1543758825019117,1.1543708332878189,1.1543821948951773,1.1543692836404775,1.1543692773513237,1.1543694042728043,1.15437081433941,1.1543696415858697,1.1543720663220232,0.66704375,0.59230494,0.70415354,1.0813927242871357,1.081451794864492,1.081445189889215,1.081396830343636,1.0814456320866683,1.0814452940700032,1.0814460546619602,1.0814451903291808,1.0814451899081545,1.0814451984048974,1.0814452928015077,1.0814452142917863,1.081445376615025,1.0640147,1.0339525,1.072445,1.0228476307874854,1.022851742065431,1.0228496969176315,1.022845835204085,1.0228492767107693,1.0228488751456752,1.0228495979182215,1.0228496964995475,1.0228496888254823,1.0228496968996341,1.0228495991236308,1.0228495194783411,1.022849673728734,1.0101099,0.9904823,1.0547926
0.8310546875,1.1500615093831026,1.1542875092084763,1.1543147651617889,1.150138679820666,1.1543298783876217,1.154318325790371,1.1543443211376703,1.1543147801986635,1.1543147658090858,1.1543150562053177,1.1543182824364289,1.1543155991773955,1.1543211469715084,0.6716641,0.59084487,0.709663,1.0813927242871357,1.081451794864492,1.0814495931020942,1.0814015419921987,1.0814493480494665,1.08144911387423,1.0814495353678861,1.0814495928582766,1.0814495883829232,1.0814495930915984,1.0814495360708514,1.081449489623784,1.0814495795788235,1.0661371,1.0327761,1.075485,1.0228476307874854,1.022851742065431,1.022851060351736,1.0228398174885005,1.0228504273505659,1.0228498224315254,1.0228509112186492,1.0228510597219327,1.022851048161692,1.0228510603246248,1.0228509130344823,1.0228507930565196,1.0228510254198921,1.0051091,0.98802304,1.0546913
0.8330078125,1.1500615093831026,1.1542875092084763,1.1542602532551638,1.1500929064432457,1.1542838742733317,1.1542658182929235,1.1543064473801632,1.15426027675685,1.1542602542668479,1.1542607081378315,1.154265750533448,1.1542615567689214,1.154270227620994,0.6757782,0.5898789,0.71423894,1.0813927242871357,1.081451794864492,1.0814539967308718,1.0813962820310459,1.0814530643084648,1.0814521732872504,1.0814537770516421,1.081453995803141,1.0814539787743507,1.0814539966909356,1.081453779726427,1.0814536029954247,1.0814539452746252,1.0685146,1.0321742,1.0789121,1.0228476307874854,1.022851742065431,1.022852423776888,1.0228460984832461,1.0228515779839864,1.022850769713054,1.0228522245107705,1.022852422935368,1.0228524074890022,1.0228524237406627,1.0228522269370197,1.022852066626887,1.0228523771022513,1.0000734,0.98489887,1.0533838
0.8349609375,1.1500615093831026,1.1542875092084763,1.1542057413485385,1.1500681422045256,1.1541604016710403,1.1541170734208943,1.1541950594627919,1.1542056962379144,1.1542048682179518,1.154205739406648,1.1541951895246185,1.1541865959193796,1.1542032393017188,0.67997897,0.58998,0.7182905,1.0813927242871357,1.081451794864492,1.0814584007756067,1.0813953076753462,1.0814591363874386,1.081458574078242,1.0814598394189536,1.0814584015074735,1.0814584008071115,1.0814584149411341,1.0814585719681031,1.0814584413684611,1.081458711392827,1.0710868,1.0321239,1.0825766,1.0228476307874854,1.022851742065431,1.0228537871930852,1.022847370402324,1.0228556861934381,1.022854234591632,1.0228575009472316,1.022853789082492,1.022853787274419,1.02285382376316,1.0228542291441414,1.0228538919884511,1.0228545890774416,0.99507165,0.9813209,1.0508201
0.8369140625,1.1500615093831026,1.1540035656067593,1.1541748137351746,1.1500588454771419,1.1542250407112031,1.1541788972075238,1.1542886112679793,1.1541748141195387,1.154174813737746,1.1541751321078277,1.1541865785348195,1.1541757640745591,1.1541993852195958,0.684918,0.5916822,0.7223232,1.0813927242871357,1.0814141700385231,1.0814152273597535,1.0813947084377142,1.08141493963397,1.0814145755052398,1.0814152039666018,1.0814152273575515,1.0814152255358733,1.0814152273597386,1.0814151599627237,1.0814150865986063,1.0814152219154913,1.0737864,1.0325792,1.0863159,1.0228476307874854,1.022898581719845,1.022886769558568,1.0228482503566168,1.0228902544989482,1.0228870528855543,1.0228946652681223,1.0228867695852364,1.0228867695587465,1.0228867916484845,1.0228875858455269,1.0228868354967624,1.0228884744224733,0.9901321,0.97755015,1.047019
0.8388671875,1.1500615093831026,1.1540035656067593,1.154060648316231,1.150065965073452,1.1541348475891582,1.154066680745481,1.1542287590579614,1.154060648884044,1.1540606483200297,1.154061118641567,1.154078028211435,1.1540620522329497,1.154096947261996,0.6912636,0.595479,0.7269057,1.0813927242871357,1.0814141700385231,1.0814145225137985,1.0813863771296834,1.0814143828039091,1.0814142060036593,1.08141451115466,1.0814145225127294,1.081414521628166,1.0814145225137914,1.0814144897875644,1.0814144541642305,1.0814145198701954,1.0765446,1.0334712,1.0899657,1.0228476307874854,1.022898581719845,1.02289464433281,1.0228593542207247,1.0228964757389225,1.0228947932268275,1.0228987936866636,1.022894644346825,1.0228946443329037,1.0228946559415046,1.022895073307989,1.0228946789846545,1.0228955402730076,0.98525447,0.97388035,1.0420724
0.8408203125,1.1500615093831026,1.1540035656067593,1.1539464828972876,1.1500542299749403,1.1540446544671137,1.153954464283438,1.1541689068479435,1.1539464836485496,1.1539464829023138,1.1539471051753067,1.1539694778880505,1.1539483403913402,1.1539945093043962,0.69966286,0.601822,0.73263156,1.0813927242871357,1.0814141700385231,1.0814138175283756,1.0813969680417614,1.0814138258868107,1.0814138182079729,1.0814138364637562,1.0814138175284398,1.081413817528376,1.0814138175813615,1.081413819486322,1.081413817686538,1.0814138216175744,1.0792937,1.0347103,1.0933741,1.0228476307874854,1.022898581719845,1.0229025191068228,1.0228459550125648,1.022902696978754,1.0229025335678785,1.022902922105142,1.0229025191081837,1.0229025191068317,1.0229025202342956,1.0229025607702433,1.0229025224723192,1.0229026061233573,0.98042744,0.9706211,1.0361452
0.8427734375,1.1500615093831026,1.1540035656067593,1.153832317478344,1.150064260931266,1.1536097196595623,1.1533279852531533,1.1538142201905945,1.153832315774905,1.1538309065023358,1.1538323174669476,1.1537801777927323,1.1537234206410494,1.1538281057281883,0.7107043,0.6111156,0.74007815,1.0813927242871357,1.0814141700385231,1.0814131124034445,1.0813866422744018,1.0814135314518107,1.0814131464661985,1.0814140620588457,1.0814131124066506,1.0814131124034658,1.0814131150591482,1.0814132105437688,1.0814131203307142,1.0814133173854377,1.0819702,1.0361913,1.0964147,1.0228476307874854,1.022898581719845,1.022910393880606,1.0228593188957447,1.0229048996624865,1.0228979458193856,1.0229099471985759,1.022910393838561,1.0229103590545239,1.0229103938803246,1.0229091069551304,1.0229077060601337,1.0229102899250777,0.975644,0.968083,1.029466
0.8447265625,1.1500615093831026,1.1533741858569277,1.1536524647900985,1.1500535693760696,1.153824423561695,1.153744995365465,1.1538465473695758,1.1536527184079188,1.15365247641859,1.1536547113371198,1.1536895946133312,1.1536739992692207,1.1536979252745365,0.7248869,0.62370145,0.7497702,1.0813927242871357,1.0814461816975243,1.081448072662396,1.0813967589384472,1.0814507389212111,1.0814495074682187,1.0814510818980494,1.0814480765953818,1.0814480728427251,1.0814481075007292,1.0814486484358052,1.0814484066027972,1.0814487776145563,1.084515,1.0377984,1.098999,1.0228476307874854,1.0228311275561073,1.0228395820591845,1.022846414748909,1.0228398462098387,1.022839724198384,1.0228398801945973,1.0228395824487764,1.0228395820770475,1.022839585510189,1.022839639095617,1.0228396151390768,1.0228396518926186,0.9709185,0.96657014,1.0223118
0.8466796875,1.1500615093831026,1.1533741858569277,1.153466945501318,1.1500624425488941,1.1536889874985374,1.1535864257323496,1.1537175548954917,1.1534672729856728,1.1534669605166235,1.1534698463582085,1.1535148894359628,1.1534947519267125,1.1535256464135508,0.74258584,0.63983077,0.76214635,1.0813927242871357,1.0814461816975243,1.0814468121205267,1.0813882525976761,1.081449819168319,1.0814484303491148,1.0814502059639213,1.081446816556401,1.0814468123239136,1.0814468514134203,1.0814474615087681,1.0814471887579695,1.0814476072018437,1.0868734,1.0394151,1.1010872,1.0228476307874854,1.0228311275561073,1.0228339457239828,1.0228574039992229,1.0228357314742123,1.0228349066321345,1.0228359612243,1.0228339483577455,1.022833945844742,1.0228339690538568,1.0228343313085653,1.0228341693545657,1.0228344178205182,0.9663734,0.9662997,1.0149914
0.8486328125,1.1500615093831026,1.1533741858569277,1.1532814262125375,1.1500542151501887,1.1533343071225874,1.1533098812950402,1.1533411106551066,1.1532815042053088,1.1532814297885412,1.153282117072619,1.153292844407866,1.1532880485141674,1.1532954062599994,0.7640185,0.6596225,0.7775269,1.0813927242871357,1.0814461816975243,1.0814455511731105,1.0813966481910893,1.0814460795165608,1.0814458354793914,1.081446147488459,1.081445551952387,1.0814455512088406,1.0814455580759401,1.0814456652586206,1.081445617340467,1.081445690855193,1.088993,1.0409337,1.1026968,1.0228476307874854,1.0228311275561073,1.0228283093880481,1.0228467099263652,1.0228293571114766,1.0228288731653625,1.0228294919090797,1.02282831093331,1.022828309458899,1.022828323075981,1.0228285356154585,1.0228284405949606,1.0228285863731437,0.9677656,0.96188056,1.0078262
0.8505859375,1.1500615093831026,1.1533741858569277,1.153095906923757,1.1500635567596906,1.152649025244891,1.152591530507537,1.1528554410348562,1.1530952478288108,1.1530900686597636,1.1530958767039563,1.152999414970551,1.1529777654796243,1.1530399437176104,0.78920335,0.68300897,0.7960845,1.0813927242871357,1.0814461816975243,1.0814442898199517,1.081388221896284,1.081438081315728,1.0814372821947495,1.0814409496378596,1.0814442806667228,1.0814442087402738,1.0814442894002723,1.0814429496695868,1.0814426489549147,1.0814435125895976,1.0908216,1.0422683,1.1039028,1.0228476307874854,1.0228311275561073,1.0228226730513794,1.0228576144314934,1.0228195754059268,1.0228191768689157,1.0228210062184897,1.0228226684827502,1.0228226325824552,1.0228226728419056,1.0228220042005363,1.022821854133191,1.0228222851327329,0.97098774,0.9577979,1.0011322
0.8525390625,1.1500615093831026,1.1525194112965147,1.152882327994454,1.1500539678698916,1.1530156824122326,1.152986001661081,1.1530977943800849,1.152882330362972,1.1528823283177607,1.1529318118663245,1.1529135639582921,1.1529064557857343,1.152928852104488,0.81782025,0.70967555,0.8179134,1.0813927242871357,1.0814040337547886,1.0814098670728025,1.0813982916563871,1.081409459124032,1.0814092079796185,1.0814095499132041,1.081409867065556,1.0814097156840932,1.0814098670718133,1.0814097715094015,1.0814097247386887,1.0814097932557105,1.0923061,1.0433677,1.1048391,1.0228476307874854,1.0228534908593994,1.022855131080834,1.0228447933276905,1.0228591629901385,1.022858265606326,1.0228616456075699,1.0228551311524452,1.0228551310906089,1.0228566272028818,1.0228560754857983,1.022855860573479,1.0228565377158478,0.9762272,0.95421934,0.99520653
0.8544921875,1.1500615093831026,1.1525194112965147,1.1526403835291612,1.1500620074655608,1.1528022066186485,1.1527661895827699,1.1529018479544442,1.1526403864033137,1.1526403839214878,1.1527004312813036,1.1526782877865198,1.1526696621521908,1.152696839665724,0.8425425,0.739009,0.84963024,1.0813927242871357,1.0814040337547886,1.0814059786022732,1.0813912915680743,1.0814060286008946,1.0814060174738942,1.0814060593801835,1.0814059786031611,1.0814059786023942,1.0814059971569177,1.0814059903148439,1.081405987649555,1.0814059960471694,1.0933956,1.0442262,1.1056927,1.0228476307874854,1.0228534908593994,1.022854037601621,1.022853886192669,1.0228581981761222,1.0228572721552338,1.0228607600182067,1.0228540376755173,1.022854037611708,1.0228555814675009,1.0228550121441733,1.0228547903736314,1.0228554891247812,0.9835832,0.9513205,0.99032474
0.8564453125,1.1500615093831026,1.1525194112965147,1.1523984390638682,1.1500487065878804,1.1523181600704948,1.1522687288912892,1.1523360278011987,1.1523984376380267,1.152368649908862,1.1523984388692385,1.1523796350993971,1.1523704316773613,1.1523839141997612,0.86986834,0.7700714,0.8835109,1.0813927242871357,1.0814040337547886,1.081402088498986,1.0814049488817032,1.0814021673868548,1.0814021498277961,1.0814022159669274,1.0814020885003872,1.081402088499177,1.0814021177706534,1.0814021069761177,1.0814021027713399,1.0814021160197944,1.0940483,1.0448859,1.1066942,1.0228476307874854,1.0228534908593994,1.0228529441154337,1.0228364746856824,1.0228507403813376,1.022849383448838,1.0228512308674005,1.022852944076293,1.0228521263750288,1.022852944110091,1.0228524279288715,1.0228521752862547,1.0228525453942128,0.9867458,0.94925165,0.9930243
0.8583984375,1.1500615093831026,1.1525194112965147,1.1521564945985754,1.1500586543083489,1.1519415960846828,1.1518092739602406,1.1519894261410093,1.1521564907817463,1.1520767521295687,1.1521564940775717,1.1521061583418497,1.1520815217384854,1.1521176130483726,0.8992373,0.8016272,0.9183962,1.0813927242871357,1.0814040337547886,1.0813981967619117,1.0813959352114662,1.0813984739684488,1.0813984122615208,1.0813986447077195,1.0813981967668342,1.0813981967625839,1.081398299612974,1.0813982616834699,1.0813982469091792,1.0813982934607784,1.0942438,1.0454296,1.108097,1.0228476307874854,1.0228534908593994,1.0228518506222681,1.022848159718932,1.0228458618743697,1.0228421743484113,1.0228471947926148,1.0228518505159017,1.022849628375431,1.0228518506077489,1.0228504478617486,1.022849761293918,1.0228507670791702,0.98472375,0.9481036,1.0043491
0.8603515625,1.1500615093831026,1.1514386301345847,1.1518513830601114,1.1500525969847573,1.1525710865400036,1.152049393731701,1.1526633591210986,1.1519696367627767,1.1518514809538718,1.1520030822573333,1.1520067834665013,1.1518977636321266,1.152040352829981,0.92993706,0.8322345,0.9528779,1.0813927242871357,1.0814151025106862,1.0814142907521485,1.08140229427806,1.0814312501111931,1.0814189588618102,1.0814334229247449,1.0814170787810302,1.0814142930603945,1.0814178672106831,1.081417954458577,1.0814153843199588,1.0814187457571445,1.0939937,1.0459601,1.1101435,1.0228476307874854,1.022822380048179,1.0228305084292126,1.0228401181383069,1.0228243585401917,1.0228235700584816,1.0228288164349753,1.0228294979566823,1.0228292121657974,1.0228305075927162,1.0228291805390433,1.0228288936893817,1.0228301121097534,0.9845042,0.9478866,1.0171684
0.8623046875,1.1500615093831026,1.1514386301345847,1.1515762144430934,1.1500571572300062,1.152425555986084,1.1518098921923823,1.1525344493548013,1.1517157688361073,1.151576329970168,1.1517552387688592,1.1517596066659077,1.1516309494106194,1.1517992227797262,0.96112114,0.8603982,0.9854334,1.0813927242871357,1.0814151025106862,1.0814148318598507,1.081398132579501,1.081431538221753,1.0814194307067928,1.0814336783496208,1.0814175785558684,1.0814148341339185,1.0814183552785046,1.081418441230396,1.0814159092275129,1.0814192207702642,1.0933489,1.0465752,1.1130048,1.0228476307874854,1.022822380048179,1.0228250895085573,1.0228455185041228,1.0228214925915016,1.0228210314244774,1.0228240999083256,1.0228244985118267,1.0228243313605914,1.022825089019315,1.0228243128629653,1.0228241450923572,1.0228248577127081,0.9862838,0.9485285,1.030923
0.8642578125,1.1500615093831026,1.1514386301345847,1.151301045826076,1.1500616183848726,1.1504935036217578,1.150389969311285,1.151078868250614,1.1511683594373239,1.1511308319705917,1.1513009359845296,1.1511266790344261,1.1510890125807554,1.151249004575187,0.9918042,0.88475746,1.0146077,1.0813927242871357,1.0814151025106862,1.081415373226209,1.0813940539757152,1.0813993985230785,1.0813973487977133,1.0814109803710914,1.0814127499787074,1.0814120079403504,1.0814153710548606,1.081411925820512,1.0814111809799107,1.0814143444280058,1.0923967,1.0473453,1.1167152,1.0228476307874854,1.022822380048179,1.022819670587767,1.022850931482561,1.0228231612886955,1.022820630989494,1.0228236088200415,1.022820244149136,1.0228196710625785,1.0228204063679522,1.0228204243197052,1.0228198955460428,1.0228205871390328,0.9901352,0.9498946,1.0449468
0.8662109375,1.1500615093831026,1.1514386301345847,1.151025877209058,1.150056262222073,1.150264374390493,1.1501667427511537,1.1508163663636415,1.150900755502131,1.1508653675415546,1.1510257736297693,1.1508614513715036,1.150825932347876,1.1509768029204057,1.0208704,0.90426415,1.0391963,1.0813927242871357,1.0814151025106862,1.0814159148514102,1.0813992210444536,1.0813981630525622,1.0813958854092316,1.0814110331748454,1.0814129996852935,1.0814121750788046,1.0814159124384155,1.0814120838215107,1.0814112561043758,1.0814147715625697,1.0912507,1.0483037,1.1211307,1.0228476307874854,1.022822380048179,1.0228142516668417,1.022844419937631,1.0228205075272017,1.0228159728444564,1.022821309575331,1.022815279570467,1.022814252517771,1.0228155702899995,1.0228156024621402,1.0228146548238863,1.0228158942580337,0.9959385,0.9518184,1.0585576
0.8681640625,1.1500615093831026,1.150318062360373,1.1506994271681485,1.1500736611894509,1.1510305778335446,1.150974398666567,1.1510392979655548,1.1506995278183332,1.1506994357526181,1.1506998749620887,1.1507709301543319,1.1507638344815632,1.1507785247049567,1.0471345,0.9183087,1.0583757,1.0813927242871357,1.081408347722381,1.0814160272230697,1.0813822010184109,1.0814133382498992,1.0814132674625512,1.0814137943208022,1.081416026405546,1.0814160235858976,1.0814160271533428,1.0814154464813917,1.0814153848032833,1.081415504108667,1.0900326,1.049449,1.1259513,1.0228476307874854,1.022810139510822,1.0228066101493984,1.0228663817711179,1.0228144565818016,1.0228131254476545,1.022814663200476,1.0228066125342496,1.0228066103528026,1.0228066207596311,1.0228083043735074,1.022808136245433,1.0228084843222172,1.0033642,0.95413345,1.0711446
0.8701171875,1.1500615093831026,1.150318062360373,1.1504451839629648,1.1500536057477029,1.1506382602782586,1.1506055051982005,1.1506433445227833,1.1504452426467267,1.1504451889681118,1.1504454450477608,1.1504868735458267,1.1504827364369639,1.150491301523796,1.0694625,0.9267662,1.0717559,1.0813927242871357,1.081408347722381,1.0814109081216556,1.0814014632976021,1.081409744587866,1.0814097139540129,1.0814099419519605,1.081410907767951,1.0814109065480193,1.0814109080914882,1.0814106568550976,1.0814106301683788,1.0814106817889806,1.0888548,1.0507528,1.1307956,1.0228476307874854,1.022810139510822,1.0228089630600299,1.0228417826917116,1.0228130668347355,1.0228123706361345,1.022813174898702,1.0228089643073344,1.0228089631664128,1.0228089686093034,1.022809849158698,1.0228097612257818,1.0228099432739433,1.0119325,0.95669335,1.0822203
0.8720703125,1.1500615093831026,1.150318062360373,1.1501909407577813,1.1500717323720402,1.1499057541520366,1.1498982443834944,1.1499541355917196,1.1501908540779477,1.1501905551181097,1.150190933364845,1.150129362461069,1.1501228220420356,1.1501354732470157,1.0793571,0.9299679,1.0869173,1.0813927242871357,1.081408347722381,1.0814057867571447,1.0813836724477812,1.0814072477990682,1.0814069998846618,1.0814072862822202,1.0814057872011047,1.0814057867950102,1.0814057887323292,1.0814061021681058,1.0814060708664632,1.0814061356708518,1.0878066,1.0521646,1.1352971,1.0228476307874854,1.022810139510822,1.0228113159585968,1.0228647347750022,1.0228055543913064,1.022805402672959,1.0228065318318118,1.022811314207422,1.0228113081675974,1.022811315809239,1.0228100719048112,1.0228099397700552,1.0228101953597772,1.0210936,0.9593771,1.0914161
0.8740234375,1.1500615093831026,1.150318062360373,1.1499366975525975,1.1500542941908587,1.1496976571776527,1.1496913625696594,1.1497382099850049,1.1499366248984846,1.149936374313533,1.149936691355917,1.1498850832802647,1.1498796011707038,1.1498902052759492,1.0815423,0.9286133,1.0988686,1.0813927242871357,1.081408347722381,1.0814006631280357,1.0814004291922352,1.0814030535231103,1.0814026479264993,1.0814031164823938,1.0814006638544233,1.0814006631899895,1.0814006663597435,1.0814011791847573,1.0814011279712643,1.08140123399944,1.0869448,1.0536151,1.1391741,1.0228476307874854,1.022810139510822,1.0228136688450917,1.022843351670217,1.0228074802225386,1.022807317258598,1.0228085301123848,1.0228136669641172,1.0228136604766136,1.0228136686846632,1.0228123325804683,1.0228121906517125,1.0228124651860753,1.0303001,0.96207887,1.0984507
0.8759765625,1.1500615093831026,1.1494046844931152,1.1497239697999826,1.1500695561711818,1.1499063531664984,1.149745765237537,1.1501658579626297,1.1497239735954181,1.1497239706015874,1.14972434497057,1.149766689946312,1.1497290422140805,1.1498193835390749,1.0789349,0.9236564,1.105048,1.0813927242871357,1.0813741109904722,1.081372563966639,1.0813855369646617,1.0813783228692577,1.0813732522713686,1.0813865137953993,1.081372564086502,1.0813725639919545,1.0813725758148298,1.0813739130537388,1.081372724156926,1.0813755769606619,1.086292,1.0550147,1.1422563,1.0228476307874854,1.0228412029777696,1.0228462497494895,1.0228625834990315,1.022841898336817,1.0228357068881457,1.02284572974156,1.0228462496589357,1.0228462407984582,1.0228462497303643,1.022845230507767,1.0228439733126937,1.022846128728972,1.0390354,0.96469086,1.103091
0.8779296875,1.1500615093831026,1.1494046844931152,1.1495111129287376,1.150054024979559,1.1494581548298641,1.1493828032179587,1.1495047842543686,1.1495111118266688,1.1495110039916046,1.149511112695978,1.1494987084108454,1.1494834079338947,1.14950964006741,1.0723529,0.9161889,1.1055529,1.0813927242871357,1.0813741109904722,1.081373595220373,1.0814006270802352,1.0813725728190218,1.0813711179293706,1.0813734730448628,1.0813735951990973,1.0813735931173452,1.0813735952158796,1.081373355749004,1.0813730603635245,1.0813735667868,1.0858393,1.056259,1.1444747,1.0228476307874854,1.0228412029777696,1.0228428852351317,1.022843337494661,1.0228434406469546,1.022842951608774,1.0228442309157364,1.0228428852466902,1.0228428852375728,1.0228428863776386,1.0228430153307795,1.022842900682154,1.0228431757985244,1.0468253,0.9670883,1.1051465
0.8798828125,1.1500615093831026,1.1494046844931152,1.1492982560574927,1.1500698416701334,1.1492222266065366,1.149114047842501,1.1492891702774555,1.149298254475304,1.149298099661576,1.1492982557233309,1.1492804474747682,1.149258481299874,1.1492961415397807,1.0627488,0.9073418,1.100819,1.0813927242871357,1.0813741109904722,1.081374626856095,1.0813854186222684,1.0813723119982714,1.0813690177669129,1.0813743502387627,1.0813746268079256,1.0813746220946456,1.0813746268459214,1.0813740846681907,1.0813734158779391,1.0813745624798172,1.0855522,1.0572404,1.1458343,1.0228476307874854,1.0228412029777696,1.022839520720285,1.0228629720491547,1.0228412398391382,1.022839726161011,1.0228436858890253,1.02283952075606,1.022839520727841,1.0228395242565904,1.0228399233943373,1.0228395685321492,1.0228404200764978,1.0532476,0.96911985,1.1044881
0.8818359375,1.1500615093831026,1.1494046844931152,1.1490853991862477,1.150052103689624,1.1490320033695616,1.148956028949371,1.1490790182030997,1.1490853980750697,1.14908528934871,1.1490853989515644,1.1490728921405353,1.149057465199617,1.1490839141511895,1.0511564,0.89820606,1.0915711,1.0813927242871357,1.0813741109904722,1.0813756588740187,1.0814028815268752,1.0813732339386306,1.081369783222529,1.081375369097783,1.0813756588235577,1.0813756538860515,1.0813756588633612,1.0813750908950943,1.0813743902987647,1.081375591435189,1.0853776,1.0578624,1.1463821,1.0228476307874854,1.0228412029777696,1.0228361562049486,1.0228406767373839,1.0228382330826236,1.022836404399093,1.0228411881704595,1.022836156248169,1.0228361562140766,1.0228361604771798,1.022836642677833,1.0228362139667417,1.0228372427224852,1.0579498,0.9706105,1.1010913
0.8837890625,1.1500615093831026,1.1486152073904137,1.1486395983646505,1.1500685106666504,1.1486776560807976,1.1486675166118006,1.1487104382330149,1.1486396001920365,1.1486395988759854,1.1486397768653116,1.1486478158941202,1.1486460957295268,1.1486561913774909,1.038634,0.88978004,1.0787579,1.0813927242871357,1.081416657237615,1.0814731968416182,1.081387313318367,1.0814606468777734,1.0814498372576709,1.0814639904014895,1.081473196238997,1.0814731379770581,1.0814731966729942,1.0814704869476115,1.0814677250050586,1.081471054202937,1.0852501,1.0580571,1.1461797,1.0228476307874854,1.0227832232458767,1.0227494251996072,1.0228607677529509,1.0227577452907455,1.0227555286302215,1.0227649119921132,1.022749425599108,1.0227494253113945,1.0227494642231838,1.022751221703291,1.0227508456438263,1.0227530527351425,1.060673,0.971376,1.0950701
0.8857421875,1.1500615093831026,1.1486152073904137,1.1486233377151591,1.1500472854306936,1.1486070184779797,1.1485929614148809,1.148611366305863,1.1486233369315717,1.1486232611736604,1.1486233374958974,1.1486198140194144,1.1486162225926695,1.1486205516299919,1.026201,0.88293463,1.0634713,1.0813927242871357,1.081416657237615,1.0814355040390864,1.0814083295349306,1.0814312647614683,1.0814276130363103,1.0814323942163155,1.0814355038355354,1.0814354841560447,1.081435503982129,1.0814345886924968,1.0814336557457205,1.0814347803012545,1.0850996,1.0577948,1.1452904,1.0228476307874854,1.0227832232458767,1.0227719573936473,1.0228339069427346,1.0227742186791353,1.022773616220404,1.0227761664984123,1.0227719575022258,1.0227719574240295,1.0227719679996883,1.0227724456574903,1.0227723434498965,1.0227729433061394,1.061277,0.9712485,1.0866901
0.8876953125,1.1500615093831026,1.1486152073904137,1.1486070770656682,1.150061592144552,1.1485943911602858,1.1485834637762133,1.1485977709832849,1.1486070764565395,1.148607017565448,1.1486070768952232,1.1486043378891784,1.148601546061388,1.1486049112773762,1.0147797,0.8783923,1.0468591,1.0813927242871357,1.081416657237615,1.0813978101693322,1.0813949071817976,1.0814019929612502,1.0814008785582618,1.0814055960082598,1.0813978103701718,1.0813978102255308,1.0813978297875066,1.0813987133217458,1.0813985242656872,1.0813996338386085,1.0848577,1.057091,1.1437763,1.0228476307874854,1.0227832232458767,1.0227944889349074,1.0228512384781971,1.0227917157000017,1.0227893268847164,1.0227924545556688,1.0227944888017475,1.0227944759277279,1.0227944888976468,1.022793890130881,1.0227932798165091,1.0227940154777682,1.0597593,0.97010654,1.0763541
0.8896484375,1.1500615093831026,1.1486152073904137,1.1485908164161769,1.150054478517458,1.1485817638425915,1.1485739661375456,1.1485841756607063,1.1485908159815068,1.1485907739572347,1.1485908162945484,1.148588861758942,1.1485868695301062,1.1485892709247598,1.0051444,0.8767143,1.0300382,1.0813927242871357,1.081416657237615,1.081360115232311,1.081402273485478,1.0813727205174133,1.0813693621541325,1.0813835786160886,1.0813601158375636,1.0813601154016714,1.0813601743539372,1.0813628369842228,1.0813622672427223,1.0813656110620395,1.0844631,1.056004,1.1417067,1.0228476307874854,1.0227832232458767,1.02281701982336,1.0228418470753675,1.0228092123271957,1.0228024870483063,1.0228112924345907,1.0228170194484758,1.0228169832043277,1.0228170197184607,1.022815334012935,1.0228136157950674,1.0228156869016867,1.0562558,0.96790165,1.0645682
0.8916015625,1.1500615093831026,1.1485826860914314,1.1485826860914314,1.1500552502479122,1.1485826860914314,1.1485826860914314,1.1485826860914314,1.1485826860914314,1.1485826860914314,1.1485826860914314,1.1485826860914314,1.1485826860914314,1.1485826860914314,0.9978909,0.8782898,1.0140219,1.0813927242871357,1.0813412673635605,1.0813412673635605,1.0814017531653806,1.0813412673635605,1.0813412673635605,1.0813412673635605,1.0813412673635605,1.0813412673635605,1.0813412673635605,1.0813412673635605,1.0813412673635605,1.0813412673635605,1.0838699,1.0546294,1.1391693,1.0228476307874854,1.0228727411382448,1.0228727411382448,1.0228425267880272,1.0228727411382448,1.0228727411382448,1.0228727411382448,1.0228727411382448,1.0228727411382448,1.0228727411382448,1.0228727411382448,1.0228727411382448,1.0228727411382448,1.0510261,0.9646782,1.051897
0.8935546875,1.1500615093831026,1.1485826860914314,1.1485826860914314,1.1500677511868964,1.1485826860914314,1.1485826860914314,1.1485826860914314,1.1485826860914314,1.1485826860914314,1.1485826860914314,1.1485826860914314,1.1485826860914314,1.1485826860914314,0.993422,0.88332295,0.9996602,1.0813927242871357,1.0813412673635605,1.0813412673635605,1.0813901604451126,1.0813412673635605,1.0813412673635605,1.0813412673635605,1.0813412673635605,1.0813412673635605,1.0813412673635605,1.0813412673635605,1.0813412673635605,1.0813412673635605,1.0830542,1.0530885,1.1362772,1.0228476307874854,1.0228727411382448,1.0228727411382448,1.0228573380631307,1.0228727411382448,1.0228727411382448,1.0228727411382448,1.0228727411382448,1.0228727411382448,1.0228727411382448,1.0228727411382448,1.0228727411382448,1.0228727411382448,1.0389155,0.96057963,1.0444251
0.8955078125,1.1500615093831026,1.1485826860914314,1.1485826860914314,1.1500508518326042,1.1485826860914314,1.1485826860914314,1.1485826860914314,1.1485826860914314,1.1485826860914314,1.1485826860914314,1.1485826860914314,1.1485826860914314,1.1485826860914314,0.9876013,0.89181477,0.9919442,1.0813927242871357,1.0813412673635605,1.0813412673635605,1.0814066937901134,1.0813412673635605,1.0813412673635605,1.0813412673635605,1.0813412673635605,1.0813412673635605,1.0813412673635605,1.0813412673635605,1.0813412673635605,1.0813412673635605,1.0820194,1.0515167,1.1331675,1.0228476307874854,1.0228727411382448,1.0228727411382448,1.0228360893513124,1.0228727411382448,1.0228727411382448,1.0228727411382448,1.0228727411382448,1.0228727411382448,1.0228727411382448,1.0228727411382448,1.0228727411382448,1.0228727411382448,1.0261683,0.95584,1.0368584
0.8974609375,1.1500615093831026,1.1485826860914314,1.1485826860914314,1.1500830897394259,1.1485826860914314,1.1485826860914314,1.1485826860914314,1.1485826860914314,1.1485826860914314,1.1485826860914314,1.1485826860914314,1.1485826860914314,1.1485826860914314,0.97827333,0.9035502,0.9934781,1.0813927242871357,1.0813412673635605,1.0813412673635605,1.0813754579989001,1.0813412673635605,1.0813412673635605,1.0813412673635605,1.0813412673635605,1.0813412673635605,1.0813412673635605,1.0813412673635605,1.0813412673635605,1.0813412673635605,1.0808028,1.0500528,1.1299878,1.0228476307874854,1.0228727411382448,1.0228727411382448,1.0228762577798116,1.0228727411382448,1.0228727411382448,1.0228727411382448,1.0228727411382448,1.0228727411382448,1.0228727411382448,1.0228727411382448,1.0228727411382448,1.0228727411382448,1.014134,0.9507615,1.0287313
0.8994140625,1.1500615093831026,1.1485614128654023,1.1485614128654023,1.150049026139071,1.1485614128654023,1.1485614128654023,1.1485614128654023,1.1485614128654023,1.1485614128654023,1.1485614128654023,1.1485614128654023,1.1485614128654023,1.1485614128654023,0.97188324,0.9180916,0.99786973,1.0813927242871357,1.081404907517084,1.081404907517084,1.0814085453501097,1.081404907517084,1.081404907517084,1.081404907517084,1.081404907517084,1.081404907517084,1.081404907517084,1.081404907517084,1.081404907517084,1.081404907517084,1.0794781,1.0488263,1.1268747,1.0228476307874854,1.0227791301840568,1.0227791301840568,1.022833993672771,1.0227791301840568,1.0227791301840568,1.0227791301840568,1.0227791301840568,1.0227791301840568,1.0227791301840568,1.0227791301840568,1.0227791301840568,1.0227791301840568,1.0032007,0.94568413,1.0204021
0.9013671875,1.1500615093831026,1.1485614128654023,1.1485614128654023,1.1500805159090373,1.1485614128654023,1.1485614128654023,1.1485614128654023,1.1485614128654023,1.1485614128654023,1.1485614128654023,1.1485614128654023,1.1485614128654023,1.1485614128654023,0.96844363,0.9347945,1.0048125,1.0813927242871357,1.081404907517084,1.081404907517084,1.0813780484304574,1.081404907517084,1.081404907517084,1.081404907517084,1.081404907517084,1.081404907517084,1.081404907517084,1.081404907517084,1.081404907517084,1.081404907517084,1.0781541,1.0479535,1.1239337,1.0228476307874854,1.0227791301840568,1.0227791301840568,1.0228734000897917,1.0227791301840568,1.0227791301840568,1.0227791301840568,1.0227791301840568,1.0227791301840568,1.0227791301840568,1.0227791301840568,1.0227791301840568,1.0227791301840568,0.9936543,0.94095254,1.012157
0.9033203125,1.1500615093831026,1.1485614128654023,1.1485614128654023,1.150051001404429,1.1485614128654023,1.1485614128654023,1.1485614128654023,1.1485614128654023,1.1485614128654023,1.1485614128654023,1.1485614128654023,1.1485614128654023,1.1485614128654023,0.96782106,0.95285434,1.0138757,1.0813927242871357,1.081404907517084,1.081404907517084,1.0814067374997514,1.081404907517084,1.081404907517084,1.081404907517084,1.081404907517084,1.081404907517084,1.081404907517084,1.081404907517084,1.081404907517084,1.081404907517084,1.0769686,1.0475321,1.121228,1.0228476307874854,1.0227791301840568,1.0227791301840568,1.0228368713003537,1.0227791301840568,1.0227791301840568,1.0227791301840568,1.0227791301840568,1.0227791301840568,1.0227791301840568,1.0227791301840568,1.0227791301840568,1.0227791301840568,0.9856839,0.936886,1.0042078
0.9052734375,1.1500615093831026,1.1485614128654023,1.1485614128654023,1.150078270822658,1.1485614128654023,1.1485614128654023,1.1485614128654023,1.1485614128654023,1.1485614128654023,1.1485614128654023,1.1485614128654023,1.1485614128654023,1.1485614128654023,0.97138673,0.9698047,1.0245451,1.0813927242871357,1.081404907517084,1.081404907517084,1.0813802997716553,1.081404907517084,1.081404907517084,1.081404907517084,1.081404907517084,1.081404907517084,1.081404907517084,1.081404907517084,1.081404907517084,1.081404907517084,1.0760757,1.0476427,1.1187874,1.0228476307874854,1.0227791301840568,1.0227791301840568,1.0228710639219918,1.0227791301840568,1.0227791301840568,1.0227791301840568,1.0227791301840568,1.0227791301840568,1.0227791301840568,1.0227791301840568,1.0227791301840568,1.0227791301840568,0.9793979,0.933765,0.99672997
0.9072265625,1.1500615093831026,1.148827160801458,1.148827160801458,1.1500503389748427,1.148827160801458,1.148827160801458,1.148827160801458,1.148827160801458,1.148827160801458,1.148827160801458,1.148827160801458,1.148827160801458,1.148827160801458,0.9895311,0.9741764,1.0362718,1.0813927242871357,1.0813338880255006,1.0813338880255006,1.0814073847725245,1.0813338880255006,1.0813338880255006,1.0813338880255006,1.0813338880255006,1.0813338880255006,1.0813338880255006,1.0813338880255006,1.0813338880255006,1.0813338880255006,1.0756266,1.0483508,1.116621,1.0228476307874854,1.0228573713827906,1.0228573713827906,1.0228365256475143,1.0228573713827906,1.0228573713827906,1.0228573713827906,1.0228573713827906,1.0228573713827906,1.0228573713827906,1.0228573713827906,1.0228573713827906,1.0228573713827906,0.9748561,0.9318242,0.98991066
0.9091796875,1.1500615093831026,1.148827160801458,1.148827160801458,1.150079091480385,1.148827160801458,1.148827160801458,1.148827160801458,1.148827160801458,1.148827160801458,1.148827160801458,1.148827160801458,1.148827160801458,1.148827160801458,1.0065566,0.9807574,1.0485286,1.0813927242871357,1.0813338880255006,1.0813338880255006,1.081379454167363,1.0813338880255006,1.0813338880255006,1.0813338880255006,1.0813338880255006,1.0813338880255006,1.0813338880255006,1.0813338880255006,1.0813338880255006,1.0813338880255006,1.0757471,1.0497072,1.1147345,1.0228476307874854,1.0228573713827906,1.0228573713827906,1.022872545456052,1.0228573713827906,1.0228573713827906,1.0228573713827906,1.0228573713827906,1.0228573713827906,1.0228573713827906,1.0228573713827906,1.0228573713827906,1.0228573713827906,0.97210366,0.93125623,0.98398536
0.9111328125,1.1500615093831026,1.148827160801458,1.148827160801458,1.1500471582653884,1.148827160801458,1.148827160801458,1.148827160801458,1.148827160801458,1.148827160801458,1.148827160801458,1.148827160801458,1.148827160801458,1.148827160801458,1.0219393,0.98941386,1.0608559,1.0813927242871357,1.0813338880255006,1.0813338880255006,1.081410419548261,1.0813338880255006,1.0813338880255006,1.0813338880255006,1.0813338880255006,1.0813338880255006,1.0813338880255006,1.0813338880255006,1.0813338880255006,1.0813338880255006,1.0765185,1.051745,1.1131282,1.0228476307874854,1.0228573713827906,1.0228573713827906,1.0228329542141321,1.0228573713827906,1.0228573713827906,1.0228573713827906,1.0228573713827906,1.0228573713827906,1.0228573713827906,1.0228573713827906,1.0228573713827906,1.0228573713827906,0.97119766,0.93221325,0.9792401
0.9130859375,1.1500615093831026,1.148827160801458,1.148827160801458,1.1500773051928166,1.148827160801458,1.148827160801458,1.148827160801458,1.148827160801458,1.148827160801458,1.148827160801458,1.148827160801458,1.148827160801458,1.148827160801458,1.0353984,1.0000272,1.0728999,1.0813927242871357,1.0813338880255006,1.0813338880255006,1.0813811985741808,1.0813338880255006,1.0813338880255006,1.0813338880255006,1.0813338880255006,1.0813338880255006,1.0813338880255006,1.0813338880255006,1.0813338880255006,1.0813338880255006,1.0779632,1.0544753,1.1117829,1.0228476307874854,1.0228573713827906,1.0228573713827906,1.0228705917192156,1.0228573713827906,1.0228573713827906,1.0228573713827906,1.0228573713827906,1.0228573713827906,1.0228573713827906,1.0228573713827906,1.0228573713827906,1.0228573713827906,0.9722164,0.93480396,0.9759707
0.9150390625,1.1500615093831026,1.149042077779512,1.149042077779512,1.1500443738557176,1.149042077779512,1.149042077779512,1.149042077779512,1.149042077779512,1.149042077779512,1.149042077779512,1.149042077779512,1.149042077779512,1.149042077779512,1.0468818,1.0124526,1.0844282,1.0813927242871357,1.0813479811054454,1.0813479811054454,1.0814132529718128,1.0813479811054454,1.0813479811054454,1.0813479811054454,1.0813479811054454,1.0813479811054454,1.0813479811054454,1.0813479811054454,1.0813479811054454,1.0813479811054454,1.0800432,1.0578767,1.1106521,1.0228476307874854,1.0227344582406095,1.0227344582406095,1.022829603009917,1.0227344582406095,1.0227344582406095,1.0227344582406095,1.0227344582406095,1.0227344582406095,1.0227344582406095,1.0227344582406095,1.0227344582406095,1.0227344582406095,0.97443664,0.9390807,0.9752458
0.9169921875,1.1500615093831026,1.149042077779512,1.149042077779512,1.1500638610670084,1.149042077779512,1.149042077779512,1.149042077779512,1.149042077779512,1.149042077779512,1.149042077779512,1.149042077779512,1.149042077779512,1.149042077779512,1.0565162,1.0264987,1.0953302,1.0813927242871357,1.0813479811054454,1.0813479811054454,1.0813945374979264,1.0813479811054454,1.0813479811054454,1.0813479811054454,1.0813479811054454,1.0813479811054454,1.0813479811054454,1.0813479811054454,1.0813479811054454,1.0813479811054454,1.0826674,1.0618854,1.1096691,1.0228476307874854,1.0227344582406095,1.0227344582406095,1.022853787701648,1.0227344582406095,1.0227344582406095,1.0227344582406095,1.0227344582406095,1.0227344582406095,1.0227344582406095,1.0227344582406095,1.0227344582406095,1.0227344582406095,0.9748295,0.94502264,0.9803418
0.9189453125,1.1500615093831026,1.149042077779512,1.149042077779512,1.1500570880458043,1.149042077779512,1.149042077779512,1.149042077779512,1.149042077779512,1.149042077779512,1.149042077779512,1.149042077779512,1.149042077779512,1.149042077779512,1.0645465,1.0419403,1.1056017,1.0813927242871357,1.0813479811054454,1.0813479811054454,1.081401192331576,1.0813479811054454,1.0813479811054454,1.0813479811054454,1.0813479811054454,1.0813479811054454,1.0813479811054454,1.0813479811054454,1.0813479811054454,1.0813479811054454,1.085704,1.0663834,1.1087725,1.0228476307874854,1.0227344582406095,1.0227344582406095,1.0228453303693688,1.0227344582406095,1.0227344582406095,1.0227344582406095,1.0227344582406095,1.0227344582406095,1.0227344582406095,1.0227344582406095,1.0227344582406095,1.0227344582406095,0.9772701,0.9525147,0.98747396
0.9208984375,1.1500615093831026,1.149042077779512,1.149042077779512,1.1500504829752902,1.149042077779512,1.149042077779512,1.149042077779512,1.149042077779512,1.149042077779512,1.149042077779512,1.149042077779512,1.149042077779512,1.149042077779512,1.0712744,1.0585462,1.1153165,1.0813927242871357,1.0813479811054454,1.0813479811054454,1.0814081563847344,1.0813479811054454,1.0813479811054454,1.0813479811054454,1.0813479811054454,1.0813479811054454,1.0813479811054454,1.0813479811054454,1.0813479811054454,1.0813479811054454,1.0889962,1.0711912,1.1079309,1.0228476307874854,1.0227344582406095,1.0227344582406095,1.0228367085868673,1.0227344582406095,1.0227344582406095,1.0227344582406095,1.0227344582406095,1.0227344582406095,1.0227344582406095,1.0227344582406095,1.0227344582406095,1.0227344582406095,0.98181576,0.96133184,0.99647033
0.9228515625,1.1500615093831026,1.149224256714139,1.149224256714139,1.1500770882483717,1.149224256714139,1.149224256714139,1.149224256714139,1.149224256714139,1.149224256714139,1.149224256714139,1.149224256714139,1.149224256714139,1.149224256714139,1.0770204,1.0760921,1.1245965,1.0813927242871357,1.0809728766424935,1.0809728766424935,1.0813828169668764,1.0809728766424935,1.0809728766424935,1.0809728766424935,1.0809728766424935,1.0809728766424935,1.0809728766424935,1.0809728766424935,1.0809728766424935,1.0809728766424935,1.092376,1.076065,1.1071461,1.0228476307874854,1.0223936384405534,1.0223936384405534,1.0228694478611369,1.0223936384405534,1.0223936384405534,1.0223936384405534,1.0223936384405534,1.0223936384405534,1.0223936384405534,1.0223936384405534,1.0223936384405534,1.0223936384405534,0.98845464,0.971132,1.006979
0.9248046875,1.1500615093831026,1.149224256714139,1.149224256714139,1.1500390026632272,1.149224256714139,1.149224256714139,1.149224256714139,1.149224256714139,1.149224256714139,1.149224256714139,1.149224256714139,1.149224256714139,1.149224256714139,1.0943478,1.0820988,1.1335856,1.0813927242871357,1.0809728766424935,1.0809728766424935,1.0814202697653033,1.0809728766424935,1.0809728766424935,1.0809728766424935,1.0809728766424935,1.0809728766424935,1.0809728766424935,1.0809728766424935,1.0809728766424935,1.0809728766424935,1.0956719,1.0807103,1.1064249,1.0228476307874854,1.0223936384405534,1.0223936384405534,1.022821583740145,1.0223936384405534,1.0223936384405534,1.0223936384405534,1.0223936384405534,1.0223936384405534,1.0223936384405534,1.0223936384405534,1.0223936384405534,1.0223936384405534,0.9970798,0.9814663,1.0184659
0.9267578125,1.1500615093831026,1.149224256714139,1.149224256714139,1.1500974586836137,1.149224256714139,1.149224256714139,1.149224256714139,1.149224256714139,1.149224256714139,1.149224256714139,1.149224256714139,1.149224256714139,1.149224256714139,1.1130445,1.0868136,1.1424228,1.0813927242871357,1.0809728766424935,1.0809728766424935,1.0813639851376025,1.0809728766424935,1.0809728766424935,1.0809728766424935,1.0809728766424935,1.0809728766424935,1.0809728766424935,1.0809728766424935,1.0809728766424935,1.0809728766424935,1.0987139,1.0848088,1.1057448,1.0228476307874854,1.0223936384405534,1.0223936384405534,1.0228939493643745,1.0223936384405534,1.0223936384405534,1.0223936384405534,1.0223936384405534,1.0223936384405534,1.0223936384405534,1.0223936384405534,1.0223936384405534,1.0223936384405534,1.007466,0.9918043,1.0302497
0.9287109375,1.1500615093831026,1.149224256714139,1.149224256714139,1.1500386055299558,1.149224256714139,1.149224256714139,1.149224256714139,1.149224256714139,1.149224256714139,1.149224256714139,1.149224256714139,1.149224256714139,1.149224256714139,1.1318488,1.0914567,1.1512175,1.0813927242871357,1.0809728766424935,1.0809728766424935,1.0814213243250557,1.0809728766424935,1.0809728766424935,1.0809728766424935,1.0809728766424935,1.0809728766424935,1.0809728766424935,1.0809728766424935,1.0809728766424935,1.0809728766424935,1.1013312,1.0880572,1.105026,1.0228476307874854,1.0223936384405534,1.0223936384405534,1.022820363970841,1.0223936384405534,1.0223936384405534,1.0223936384405534,1.0223936384405534,1.0223936384405534,1.0223936384405534,1.0223936384405534,1.0223936384405534,1.0223936384405534,1.0192695,1.0015764,1.0415716
0.9306640625,1.1500615093831026,1.147511961258536,1.1487961828502384,1.150093489157348,1.149191294389778,1.1491076863372436,1.149224256714139,1.148796186120594,1.1487961828547828,1.1487961952878039,1.1488814964488652,1.1488686785124644,1.1488964517423799,1.1503665,1.0963093,1.1600217,1.0813927242871357,1.0787148152917423,1.080408992367823,1.0813679567518324,1.0806169892335806,1.0805729877379282,1.0806174085167062,1.0804089940900148,1.0804089923702163,1.080408998917529,1.080453915748451,1.080447166663786,1.080457824171557,1.1033494,1.0902051,1.104136,1.0228476307874854,1.0193731497991163,1.0216387357737446,1.0228885929804175,1.0218856102054699,1.0218359896339055,1.0218889307935948,1.0216387378447023,1.0216387357766223,1.0216387436498513,1.021692760271782,1.0216846434235822,1.0216965636263027,1.0320702,1.0102266,1.0516733
0.9326171875,1.1500615093831026,1.147511961258536,1.1479400351224367,1.150041659580989,1.1486075844093715,1.148466326839632,1.1486923013244743,1.1479400406477716,1.1479400351301146,1.147940056135966,1.1480841742483034,1.1480625180741653,1.1481162404576246,1.1681665,1.1016321,1.1687996,1.0813927242871357,1.0787148152917423,1.079279962163102,1.0814176107406674,1.079847784729215,1.07972768501384,1.079916457351343,1.0792799668657276,1.0792799621696367,1.0792799800477655,1.0794026239098353,1.079384196569371,1.0794291249464996,1.1029171,1.0910876,1.1045867,1.0228476307874854,1.0193731497991163,1.0201284916167273,1.0228241583316164,1.0208594038065666,1.0207047506044753,1.0209473772585997,1.0201284976671325,1.0201284916251345,1.0201285146271646,1.0202863247774445,1.02026261158491,1.0203203180941738,1.0454315,1.0172668,1.0598736
0.9345703125,1.1500615093831026,1.147511961258536,1.1470838873946354,1.150089991190299,1.1480238744289653,1.1478249673420209,1.1481603459348095,1.1470838951749496,1.1470838874054468,1.1470839169841285,1.1472868520477422,1.1472563576358665,1.1473360291728696,1.1774088,1.1076434,1.1848156,1.0813927242871357,1.0787148152917423,1.0781492466123395,1.0813694106366596,1.079077798024485,1.0788814376458453,1.079214856669122,1.0781492543042983,1.0781492466230278,1.0781492758658064,1.0783498708528318,1.0783197326075538,1.0783990266496384,1.1012298,1.0906405,1.1048547,1.0228476307874854,1.0193731497991163,1.0186176612700955,1.0228845474731074,1.0198296047018858,1.0195731829596868,1.020008918346578,1.0186176713030433,1.0186176612840367,1.0186176994266318,1.0188793810259227,1.018840060136192,1.018943585916296,1.0589696,1.022331,1.0656265
0.9365234375,1.1500615093831026,1.147511961258536,1.1462277396668337,1.150038494541192,1.1442250918060297,1.1439709410607213,1.144648864515248,1.146227723090829,1.1462276766262458,1.1462277396438,1.1457953222892334,1.1456991236612701,1.1458602908116478,1.1855971,1.1144778,1.1998979,1.0813927242871357,1.0787148152917423,1.0770168419390471,1.0814171753357322,1.0753028888322436,1.075095010976963,1.0756660722089522,1.0770168277773673,1.077016788080433,1.0770168419193684,1.0766472675177645,1.0765673653241052,1.0767028120100812,1.0989918,1.0889007,1.1039706,1.0228476307874854,1.0193731497991163,1.0171062434203284,1.0228205754148274,1.014910839111263,1.014646474346079,1.015375512588255,1.0171062252544343,1.0171061743331953,1.0171062433950853,1.0166323193836755,1.016530236738449,1.0167035280689014,1.0685686,1.0252211,1.0723926
0.9384765625,1.1500615093831026,1.131298966319867,1.1434587125238687,1.1500895365311998,1.144524890290334,1.1437518733331722,1.1445286063603979,1.143458719451295,1.1434587132536924,1.1434591948026833,1.1436889246359698,1.1435269393267642,1.143709316633917,1.1930302,1.1221316,1.2130047,1.0813927242871357,1.0621399991489666,1.0746151761521978,1.081364162094044,1.0750774690027325,1.0747423760875758,1.0750790787781273,1.0746151791587186,1.0746151764689431,1.0746153854623581,1.0747150686909994,1.074644784993868,1.0747239151504147,1.0961912,1.0859934,1.1017909,1.0228476307874854,0.9984916919775505,1.0141644814910653,1.0228839645792622,1.0150457989359112,1.0144068220640616,1.0150488705204275,1.0141644872176907,1.0141644820943811,1.0141648801715937,1.014354786321401,1.0142208816500233,1.0143716431453897,1.0685538,1.025956,1.085497
0.9404296875,1.1500615093831026,1.131298966319867,1.1353522150545343,1.1500307984146043,1.1373269469953227,1.1358951958145238,1.1373338297521014,1.1353522278852373,1.1353522164062846,1.1353531083121218,1.135778604747906,1.1354785820180309,1.1358163739932878,1.199325,1.1303992,1.2236615,1.0813927242871357,1.0621399991489666,1.0663280827073762,1.0814159222531303,1.0677348723648754,1.0667153871899149,1.0677397670650366,1.0663280918638065,1.066328083672032,1.066328720166154,1.0666322547961617,1.066418252474528,1.0666591870969355,1.0928509,1.0821021,1.0982839,1.0228476307874854,0.9984916919775505,1.0037238360916259,1.022810388443432,1.005778440197741,1.0042888685465117,1.0057855997702758,1.0037238494442182,1.0037238374983586,1.0037247656824235,1.0041675481930674,1.0038553411920212,1.0042068498172823,1.06566,1.0248493,1.0980798
0.9423828125,1.1500615093831026,1.131298966319867,1.1272457175851995,1.1500793431704994,1.130129003700311,1.128038518295875,1.1301390531438043,1.1272457363191792,1.1272457195588765,1.12724702182156,1.1278682848598414,1.127430224709297,1.1279234313526585,1.204037,1.1388218,1.231165,1.0813927242871357,1.0621399991489666,1.0579217973224295,1.0813592264831475,1.0602987437601996,1.058576583913238,1.0603070071907001,1.057921812806,1.057921798953667,1.0579228752681251,1.058436063046193,1.058074266880618,1.0584815889067627,1.0889081,1.077393,1.0936602,1.0228476307874854,0.9984916919775505,0.9932515535702299,1.022870125000583,0.9964862420148172,0.9941412317777472,0.9964975117856173,0.9932515745957224,0.9932515557853241,0.9932530173386152,0.9939502127074172,0.9934586240944268,0.9940120936052819,1.060094,1.0226252,1.1097188
0.9443359375,1.1500615093831026,1.131298966319867,1.1191392201158652,1.1499581979143247,1.1132150242935,1.1131943760231642,1.1175102778358967,1.1191391816237561,1.1191365403431028,1.1191392160606142,1.1178600510357506,1.1177467432996044,1.1187601192253755,1.2064829,1.14666,1.2343242,1.0813927242871357,1.0621399991489666,1.0493937298928993,1.0813358886400435,1.0449918293849612,1.0449764050088506,1.0481880166094462,1.0493937014432129,1.0493917492564429,1.0493937268956455,1.0484472085896792,1.048363262068158,1.0491134398281372,1.0840007,1.0718287,1.0884898,1.0228476307874854,0.9984916919775505,0.9827469464353358,1.0227188763435668,0.9765446161973228,0.9765229833442385,0.9810423884307029,0.9827469061640952,0.9827441428007926,0.9827469421926481,0.9814084529996832,0.981289871023373,0.9823503056677232,1.051842,1.0204606,1.1193941
0.9462890625,1.1500615093831026,1.023744186559799,1.1006201957396993,1.1494471614475963,1.1083993231253162,1.104705608040253,1.1101382119533858,1.100620279327756,1.1006202093377573,1.1007324742912097,1.1022998868775897,1.1015709866057743,1.102849626269362,1.2052743,1.1528399,1.231198,1.0813927242871357,0.9508643536276868,1.0192124191667677,1.0807965057178721,1.0236555304594777,1.0215536373791336,1.024640195573906,1.019212467246194,1.0192124269883023,1.0192769946377225,1.0201770968426755,1.0197588372612867,1.0204921840945536,1.077201,1.0647889,1.0835137,1.0228476307874854,0.867941338331217,0.9529323801902589,1.0220846555866883,0.9602395862439083,0.9567710379038414,0.9618717986179295,0.952932458754463,0.9529323929710395,0.9530379096007713,0.9545109125106652,0.9538259603570883,0.9550274550957272,1.0399156,1.0194434,1.125026
0.9482421875,1.1500615093831026,1.023744186559799,1.049369522953099,1.1455939699002426,1.0626658689855932,1.0563524469933976,1.0656380362254303,1.0493696658246154,1.0493695461953572,1.049561433227723,1.0522405075108785,1.0509946466634066,1.0531801405594656,1.1976479,1.1557337,1.2190902,1.0813927242871357,0.9508643536276868,0.9747597370385933,1.0770597923854812,0.9846757953718994,0.9799985388760691,0.9868585189517691,0.9747598449383945,0.9747597545916744,0.9749046455379474,0.9769220539054223,0.9759851696078485,0.9776271893543297,1.0668677,1.0545663,1.0786933,1.0228476307874854,0.867941338331217,0.8964946165927198,1.017296093268442,0.9099983855574697,0.9035916510207291,0.9130112902544694,0.8964947619175813,0.8964946402340869,0.8966898178862408,0.8994139168779226,0.8981473307963428,0.9003689370937282,1.0213914,1.0187354,1.1232361
0.9501953125,1.1500615093831026,1.023744186559799,0.9981188501664988,1.1186218581136491,1.01693241484587,1.0079992859465423,1.021137860497475,0.9981190523214749,0.9981188830529567,0.9983903921642364,1.002181128144167,1.0004183067210388,1.0035106548495696,1.1792902,1.1528363,1.1951548,1.0813927242871357,0.9508643536276868,0.9257420076400306,1.0503638741484962,0.9421900693236996,0.9344566907825024,0.9457838662996119,0.9257421877085594,0.9257420369334827,0.9259838165736056,0.9293457948863436,0.9277855295768739,0.9305189267755122,1.0508552,1.0381923,1.0718306,1.0228476307874854,0.867941338331217,0.8391422353029826,0.9838972708596665,0.8590532399967479,0.8496126070323621,0.8634892895336028,0.8391424498413749,0.8391422702039687,0.8394303994936549,0.8434507534240545,0.8415817142935694,0.844859746354795,1.0132626,0.9913044,1.1098286
0.9521484375,1.1500615093831026,1.023744186559799,0.9468681773798986,0.9616988912470891,0.9069791392824162,0.8980626375629046,0.9259194052590027,0.9468677487653494,0.9462924465560267,0.9468681076531246,0.9382552237065606,0.9354363245607985,0.941992806248976,1.1458178,1.1410737,1.1576523,1.0813927242871357,0.9508643536276868,0.8714179606987253,0.8837848926089781,0.8320184059098703,0.822732695387395,0.8511495154782088,0.8714175551783936,0.8708729197183004,0.8714178947289306,0.8631942813317095,0.8604698937837549,0.8667814085993734,1.0271944,1.0123407,1.0587311,1.0228476307874854,0.867941338331217,0.7807267211216108,0.7956608419188449,0.7384791843666655,0.7289542824890226,0.7586111282195354,0.7807262701902402,0.7801209573414126,0.7807266477643531,0.7716526238130023,0.7686772186018083,0.775593452596413,0.99478364,0.9449318,1.0812316
0.9541015625,0.506568,0.7212935840270654,0.8156029441711055,0.6503048987116813,0.8613879319440404,0.855357762785687,0.9050400781089282,0.8184004241520075,0.8156820218409879,0.8195129267843521,0.8254889679368058,0.824914822227491,0.8364174920747501,1.1072618,1.0959427,1.1184816,0.189239,0.5691676675722909,0.7012212972605042,0.45562311958364005,0.7588573040822936,0.7516190927265931,0.8083780702715363,0.7049278544563903,0.7013264214203888,0.70639484644606,0.7142074330899513,0.7134617572154243,0.7282057391562586,0.9949831,0.9753642,1.0361422,0.302248,0.5215060843350647,0.6255975990884192,0.44470930243521056,0.6767777662972613,0.6700994234478433,0.7246132471865344,0.6287574449989729,0.6256869816879054,0.6300128094692896,0.6367442937595291,0.6360984385580862,0.6490032399146374,0.95831335,0.8820002,1.0363266
0.9560546875,0.506568,0.7212935840270654,0.7527300374084122,0.5093279930072057,0.7361735406411698,0.7203883094547724,0.7383541347841963,0.7517184292260549,0.75131613259714,0.7527014418086434,0.7491551119038027,0.7452032035739818,0.7493627310829829,1.0475235,1.0337712,1.0862284,0.189239,0.5691676675722909,0.6168622033773636,0.1941763494351242,0.5912536735310782,0.5657419537866484,0.594692146186475,0.6153298690238111,0.6147193430703649,0.616818944737094,0.6114285534937333,0.6053612453749028,0.6117455389097234,0.95498943,0.92903435,1.004819,0.302248,0.5215060843350647,0.5568089729366041,0.30445550119686904,0.537741757182273,0.5193748648854749,0.5402642858288683,0.5556495054761476,0.5551882115424296,0.5567762074268496,0.5527083508642754,0.5481649102100682,0.552946743742318,0.90745485,0.80884296,0.97752273
0.9580078125,0.506568,0.7212935840270654,0.6898571306457187,0.506568,0.6711818372059912,0.6533765110814956,0.6736414901184687,0.6887160631894118,0.6882622831597098,0.6898248755603421,0.6858247085843174,0.681367059798837,0.686058897564596,0.98407894,0.9674912,1.0487622,0.189239,0.5691676675722909,0.517126298242492,0.18923899999999996,0.4819119641686794,0.4464634841169883,0.4866615550535955,0.515029467631723,0.5141936671928473,0.5170671214276779,0.5096850619495433,0.5013566349220455,0.5101196155230197,0.90970707,0.8782922,0.9693649,0.302248,0.5215060843350647,0.48548706979885653,0.302248,0.46263560261754344,0.44052131788409815,0.46566477824318386,0.4841004016914645,0.48354861372601715,0.4854478888415311,0.4805812638729312,0.47514023352953694,0.4808665937151894,0.85191095,0.7355587,0.9104446
0.9599609375,0.506568,0.7212935840270654,0.6269842238830254,0.506568,0.6164310263170603,0.6063694374630656,0.6178209484199098,0.6263394195407876,0.6260829935670599,0.6269659968982884,0.624705547683336,0.6221865806606928,0.6248378852331917,0.92319643,0.9055328,1.011783,0.189239,0.5691676675722909,0.3973877007731876,0.18923899999999996,0.3727287337369745,0.3484191967067848,0.37602464306940675,0.39590486344926207,0.3953143194306791,0.3973458266098133,0.3921337916740006,0.3862810629683715,0.39243996847944573,0.8629713,0.8291956,0.9355347,0.302248,0.5215060843350647,0.4108697916111092,0.302248,0.39681905618080865,0.383278493650626,0.39867832612984117,0.4100155913992908,0.4096757394986734,0.41084565310189153,0.40784865521294333,0.40450084518402,0.4080243015672692,0.8010761,0.67097634,0.84251326
0.9619140625,0.506568,0.5207609324582523,0.5314056318019414,0.506568,0.5343801336491572,0.532826985252568,0.534865243787866,0.5323592666321268,0.531445017520208,0.5345448965099664,0.5321023573674206,0.5317125344500767,0.5322107812542831,0.87025976,0.8536373,0.9799566,0.189239,0.21649529776459842,0.2359820618574042,0.18923899999999996,0.24573482519148546,0.24065596408489776,0.2473151107410545,0.23912069844706732,0.23611191252208275,0.2462718752049679,0.23827625676030234,0.2369933792684603,0.23863273745924038,0.81922555,0.78679824,0.9078189,0.302248,0.31449192454462566,0.3235780595551851,0.302248,0.3281829367640509,0.32578101081414607,0.3289320282420819,0.3250566082396648,0.32363916607212767,0.328437418173808,0.32465849332964325,0.324054120904226,0.32482652900873066,0.76050377,0.6199592,0.78095484
0.9638671875,0.506568,0.5207609324582523,0.5243091655728154,0.506568,0.522179815789131,0.5218325411118973,0.523291664553119,0.5236264892042429,0.5220618673796009,0.5242809706094302,0.5238104022476121,0.5237327850895481,0.5240894638812428,0.8287453,0.81431115,0.9558393,0.189239,0.21649529776459842,0.2230788028569291,0.18923899999999996,0.2176219611174891,0.216727783573936,0.22047681379003228,0.2213341553572998,0.2173183959641091,0.2230068377671702,0.22180461100324225,0.22160610404333944,0.22251782928312586,0.78252006,0.75415355,0.88853824,0.302248,0.31449192454462566,0.3175295440882092,0.302248,0.31500642955649893,0.31459434327653124,0.3163246616392771,0.31672130372907437,0.31486648724712113,0.3174961758750786,0.3169391065166671,0.3168471924624726,0.3172695024814931,0.7309985,0.58376586,0.73203105
0.9658203125,0.506568,0.5207609324582523,0.5172126993436892,0.506568,0.5162211987279506,0.5160594953483809,0.516738914860147,0.5168948210669607,0.5161662777743475,0.5171995707709337,0.5169804574885295,0.5169443161929086,0.5171103984609774,0.79998386,0.78769016,0.939933,0.189239,0.21649529776459842,0.20982146306200045,0.18923899999999996,0.20640593903445165,0.20584765801909438,0.2081910041604015,0.20872786215767003,0.2062163636357777,0.20977632327025975,0.20902261063851277,0.20889822930815866,0.2094696626840815,0.7556002,0.7323334,0.878003,0.302248,0.31449192454462566,0.31144515268498996,0.302248,0.3098872861558824,0.30963298544430395,0.3107010333747474,0.3109459581861218,0.3098009226500103,0.31142454053375646,0.3110804655515161,0.31102370135295015,0.3112845268662271,0.6951077,0.5615528,0.7151565
0.9677734375,0.506568,0.5207609324582523,0.5101162331145631,0.506568,0.5102625816667703,0.5101861651671751,0.5102864495848648,0.5101631529296786,0.5101181709324372,0.5102706881690943,0.5101505127294469,0.5101313330407121,0.5101558472962692,0.7835729,0.7725494,0.9312038,0.189239,0.21649529776459842,0.19619526512049473,0.18923899999999996,0.19492796562304415,0.19472135127409174,0.1955896005739958,0.19578888565163582,0.19485778893529102,0.19617847991286044,0.195898356941783,0.19585215591137525,0.19606447426570894,0.7394767,0.7208588,0.8750335,0.302248,0.31449192454462566,0.3053233880845888,0.302248,0.30474156000591274,0.30464663885237697,0.30504540482400067,0.3051368878340479,0.3047093219520392,0.3053156861741193,0.30518713432592715,0.30516592900531275,0.3052633714912539,0.6733477,0.5515729,0.7081549
0.9697265625,0.506568,0.506568,0.506568,0.506568,0.506568,0.506568,0.506568,0.506568,0.506568,0.506568,0.506568,0.506568,0.506568,0.77797484,0.7669436,0.92763335,0.189239,0.18923899999999996,0.18923899999999996,0.18923899999999996,0.18923899999999996,0.18923899999999996,0.18923899999999996,0.18923899999999996,0.18923899999999996,0.18923899999999996,0.18923899999999996,0.18923899999999996,0.18923899999999996,0.73350304,0.718137,0.8774835,0.302248,0.302248,0.302248,0.302248,0.302248,0.302248,0.302248,0.302248,0.302248,0.302248,0.302248,0.302248,0.302248,0.66420704,0.55174905,0.70867115
0.9716796875,0.506568,0.506568,0.506568,0.506568,0.506568,0.506568,0.506568,0.506568,0.506568,0.506568,0.506568,0.506568,0.506568,0.7809704,0.7684966,0.92669976,0.189239,0.18923899999999996,0.18923899999999996,0.18923899999999996,0.18923899999999996,0.18923899999999996,0.18923899999999996,0.18923899999999996,0.18923899999999996,0.18923899999999996,0.18923899999999996,0.18923899999999996,0.18923899999999996,0.7357409,0.7217995,0.882691,0.302248,0.302248,0.302248,0.302248,0.302248,0.302248,0.302248,0.302248,0.302248,0.302248,0.302248,0.302248,0.302248,0.66527605,0.5598129,0.71401215
0.9736328125,0.506568,0.506568,0.506568,0.506568,0.506568,0.506568,0.506568,0.506568,0.506568,0.506568,0.506568,0.506568,0.506568,0.7899263,0.774522,0.9258046,0.189239,0.18923899999999996,0.18923899999999996,0.18923899999999996,0.18923899999999996,0.18923899999999996,0.18923899999999996,0.18923899999999996,0.18923899999999996,0.18923899999999996,0.18923899999999996,0.18923899999999996,0.18923899999999996,0.74342096,0.72898376,0.8878732,0.302248,0.302248,0.302248,0.302248,0.302248,0.302248,0.302248,0.302248,0.302248,0.302248,0.302248,0.302248,0.302248,0.67366016,0.57326776,0.7213668
0.9755859375,0.506568,0.506568,0.506568,0.506568,0.506568,0.506568,0.506568,0.506568,0.506568,0.506568,0.506568,0.506568,0.506568,0.8019995,0.7821462,0.9226271,0.189239,0.18923899999999996,0.18923899999999996,0.18923899999999996,0.18923899999999996,0.18923899999999996,0.18923899999999996,0.18923899999999996,0.18923899999999996,0.18923899999999996,0.18923899999999996,0.18923899999999996,0.18923899999999996,0.7534255,0.7366239,0.8904532,0.302248,0.302248,0.302248,0.302248,0.302248,0.302248,0.302248,0.302248,0.302248,0.302248,0.302248,0.302248,0.302248,0.6862851,0.5893668,0.7280615
0.9775390625,0.506568,0.506568,0.506568,0.506568,0.506568,0.506568,0.506568,0.506568,0.506568,0.506568,0.506568,0.506568,0.506568,0.81438094,0.7885176,0.915354,0.189239,0.18923899999999996,0.18923899999999996,0.18923899999999996,0.18923899999999996,0.18923899999999996,0.18923899999999996,0.18923899999999996,0.18923899999999996,0.18923899999999996,0.18923899999999996,0.18923899999999996,0.18923899999999996,0.7627367,0.74176633,0.8882724,0.302248,0.302248,0.302248,0.302248,0.302248,0.302248,0.302248,0.302248,0.302248,0.302248,0.302248,0.302248,0.302248,0.7002288,0.6052259,0.7318311
0.9794921875,0.506568,0.506568,0.506568,0.506568,0.506568,0.506568,0.506568,0.506568,0.506568,0.506568,0.506568,0.506568,0.506568,0.82456446,0.7910867,0.90274745,0.189239,0.18923899999999996,0.18923899999999996,0.18923899999999996,0.18923899999999996,0.18923899999999996,0.18923899999999996,0.18923899999999996,0.18923899999999996,0.18923899999999996,0.18923899999999996,0.18923899999999996,0.18923899999999996,0.7687771,0.74186635,0.87966585,0.302248,0.302248,0.302248,0.302248,0.302248,0.302248,0.302248,0.302248,0.302248,0.302248,0.302248,0.302248,0.302248,0.7130656,0.6180767,0.7310232
0.9814453125,0.506568,0.506568,0.506568,0.506568,0.506568,0.506568,0.506568,0.506568,0.506568,0.506568,0.506568,0.506568,0.506568,0.83056957,0.7878614,0.8840897,0.189239,0.18923899999999996,0.18923899999999996,0.18923899999999996,0.18923899999999996,0.18923899999999996,0.18923899999999996,0.18923899999999996,0.18923899999999996,0.18923899999999996,0.18923899999999996,0.18923899999999996,0.18923899999999996,0.7695858,0.7349824,0.86343074,0.302248,0.302248,0.302248,0.302248,0.302248,0.302248,0.302248,0.302248,0.302248,0.302248,0.302248,0.302248,0.302248,0.7231116,0.6255648,0.7246945
0.9833984375,0.506568,0.506568,0.506568,0.506568,0.506568,0.506568,0.506568,0.506568,0.506568,0.506568,0.506568,0.506568,0.506568,0.8310524,0.7775532,0.85911256,0.189239,0.18923899999999996,0.18923899999999996,0.18923899999999996,0.18923899999999996,0.18923899999999996,0.18923899999999996,0.18923899999999996,0.18923899999999996,0.18923899999999996,0.18923899999999996,0.18923899999999996,0.18923899999999996,0.7638383,0.7198317,0.8387855,0.302248,0.302248,0.302248,0.302248,0.302248,0.302248,0.302248,0.302248,0.302248,0.302248,0.302248,0.302248,0.302248,0.71263963,0.62598073,0.7294914
0.9853515625,0.506568,0.506568,0.506568,0.506568,0.506568,0.506568,0.506568,0.506568,0.506568,0.506568,0.506568,0.506568,0.506568,0.8253096,0.75961083,0.82799757,0.189239,0.18923899999999996,0.18923899999999996,0.18923899999999996,0.18923899999999996,0.18923899999999996,0.18923899999999996,0.18923899999999996,0.18923899999999996,0.18923899999999996,0.18923899999999996,0.18923899999999996,0.18923899999999996,0.75077444,0.6957451,0.8054112,0.302248,0.302248,0.302248,0.302248,0.302248,0.302248,0.302248,0.302248,0.302248,0.302248,0.302248,0.302248,0.302248,0.6954179,0.6183728,0.7320416
0.9873046875,0.506568,0.506568,0.506568,0.506568,0.506568,0.506568,0.506568,0.506568,0.506568,0.506568,0.506568,0.506568,0.506568,0.7914643,0.7342107,0.81322676,0.189239,0.18923899999999996,0.18923899999999996,0.18923899999999996,0.18923899999999996,0.18923899999999996,0.18923899999999996,0.18923899999999996,0.18923899999999996,0.18923899999999996,0.18923899999999996,0.18923899999999996,0.18923899999999996,0.73011255,0.6626103,0.76359946,0.302248,0.302248,0.302248,0.302248,0.302248,0.302248,0.302248,0.302248,0.302248,0.302248,0.302248,0.302248,0.302248,0.6743737,0.6025998,0.731134
0.9892578125,0.506568,0.506568,0.506568,0.506568,0.506568,0.506568,0.506568,0.506568,0.506568,0.506568,0.506568,0.506568,0.506568,0.7508701,0.7022648,0.7952261,0.189239,0.18923899999999996,0.18923899999999996,0.18923899999999996,0.18923899999999996,0.18923899999999996,0.18923899999999996,0.18923899999999996,0.18923899999999996,0.18923899999999996,0.18923899999999996,0.18923899999999996,0.18923899999999996,0.7020092,0.62089384,0.7144348,0.302248,0.302248,0.302248,0.302248,0.302248,0.302248,0.302248,0.302248,0.302248,0.302248,0.302248,0.302248,0.302248,0.65156275,0.5793865,0.7275082
0.9912109375,0.506568,0.506568,0.506568,0.506568,0.506568,0.506568,0.506568,0.506568,0.506568,0.506568,0.506568,0.506568,0.506568,0.7081898,0.6654261,0.7722178,0.189239,0.18923899999999996,0.18923899999999996,0.18923899999999996,0.18923899999999996,0.18923899999999996,0.18923899999999996,0.18923899999999996,0.18923899999999996,0.18923899999999996,0.18923899999999996,0.18923899999999996,0.18923899999999996,0.6598786,0.5717507,0.6670644,0.302248,0.302248,0.302248,0.302248,0.302248,0.302248,0.302248,0.302248,0.302248,0.302248,0.302248,0.302248,0.302248,0.62949204,0.5503626,0.7221511
0.9931640625,0.506568,0.506568,0.506568,0.506568,0.506568,0.506568,0.506568,0.506568,0.506568,0.506568,0.506568,0.506568,0.506568,0.6657979,0.62598807,0.7455462,0.189239,0.18923899999999996,0.18923899999999996,0.18923899999999996,0.18923899999999996,0.18923899999999996,0.18923899999999996,0.18923899999999996,0.18923899999999996,0.18923899999999996,0.18923899999999996,0.18923899999999996,0.18923899999999996,0.6026449,0.51714075,0.62636304,0.302248,0.302248,0.302248,0.302248,0.302248,0.302248,0.302248,0.302248,0.302248,0.302248,0.302248,0.302248,0.302248,0.61070776,0.5179653,0.7162338
0.9951171875,0.506568,0.506568,0.506568,0.506568,0.506568,0.506568,0.506568,0.506568,0.506568,0.506568,0.506568,0.506568,0.506568,0.6260817,0.58659077,0.7168897,0.189239,0.18923899999999996,0.18923899999999996,0.18923899999999996,0.18923899999999996,0.18923899999999996,0.18923899999999996,0.18923899999999996,0.18923899999999996,0.18923899999999996,0.18923899999999996,0.18923899999999996,0.18923899999999996,0.54586387,0.45980746,0.5814974,0.302248,0.302248,0.302248,0.302248,0.302248,0.302248,0.302248,0.302248,0.302248,0.302248,0.302248,0.302248,0.302248,0.5973845,0.48510307,0.7110668
0.9970703125,0.506568,0.506568,0.506568,0.506568,0.506568,0.506568,0.506568,0.506568,0.506568,0.506568,0.506568,0.506568,0.506568,0.591034,0.549774,0.68810034,0.189239,0.18923899999999996,0.18923899999999996,0.18923899999999996,0.18923899999999996,0.18923899999999996,0.18923899999999996,0.18923899999999996,0.18923899999999996,0.18923899999999996,0.18923899999999996,0.18923899999999996,0.18923899999999996,0.4926281,0.4030139,0.53452575,0.302248,0.302248,0.302248,0.302248,0.302248,0.302248,0.302248,0.302248,0.302248,0.302248,0.302248,0.302248,0.302248,0.59105957,0.4546349,0.7080451
0.9990234375,0.506568,0.506568,0.506568,0.506568,0.506568,0.506568,0.506568,0.506568,0.506568,0.506568,0.506568,0.506568,0.506568,0.5619722,0.51756436,0.6609931,0.189239,0.18923899999999996,0.18923899999999996,0.18923899999999996,0.18923899999999996,0.18923899999999996,0.18923899999999996,0.18923899999999996,0.18923899999999996,0.18923899999999996,0.18923899999999996,0.18923899999999996,0.18923899999999996,0.44555843,0.3500737,0.48782587,0.302248,0.302248,0.302248,0.302248,0.302248,0.302248,0.302248,0.302248,0.302248,0.302248,0.302248,0.302248,0.302248,0.5925509,0.4288952,0.7085491
