x,exact_density,piecewise_density,fixed_mc_density,fine_hllc_density,dkan_fv_density,dkan_fv_min_density,dkan_fv_max_density,legacy_dkan_fv_density,legacy_dkan_fv_min_density,legacy_dkan_fv_max_density,dkan_tv2_density,dkan_tv2_min_density,dkan_tv2_max_density,fno_density,fno_min_density,fno_max_density,exact_velocity,piecewise_velocity,fixed_mc_velocity,fine_hllc_velocity,dkan_fv_velocity,dkan_fv_min_velocity,dkan_fv_max_velocity,legacy_dkan_fv_velocity,legacy_dkan_fv_min_velocity,legacy_dkan_fv_max_velocity,dkan_tv2_velocity,dkan_tv2_min_velocity,dkan_tv2_max_velocity,fno_velocity,fno_min_velocity,fno_max_velocity,exact_pressure,piecewise_pressure,fixed_mc_pressure,fine_hllc_pressure,dkan_fv_pressure,dkan_fv_min_pressure,dkan_fv_max_pressure,legacy_dkan_fv_pressure,legacy_dkan_fv_min_pressure,legacy_dkan_fv_max_pressure,dkan_tv2_pressure,dkan_tv2_min_pressure,dkan_tv2_max_pressure,fno_pressure,fno_min_pressure,fno_max_pressure
0.0009765625,1.0,1.0,1.0,1.0,1.0,1.0,1.0,1.0,1.0,1.0,1.0,1.0,1.0,1.0998293,0.95301425,1.3342593,0.6,0.6,0.6,0.6,0.6,0.6,0.6,0.6,0.6,0.6,0.6,0.6,0.6,0.35765135,0.2611873,0.364346,1.0,1.0,1.0,1.0,1.0,1.0,1.0,1.0,1.0,1.0,1.0,1.0,1.0,0.93632907,0.8843381,1.1193742
0.0029296875,1.0,1.0,1.0,1.0,1.0,1.0,1.0,1.0,1.0,1.0,1.0,1.0,1.0,1.1230795,0.9765487,1.34437,0.6,0.6,0.6,0.6,0.6,0.6,0.6,0.6,0.6,0.6,0.6,0.6,0.6,0.36863077,0.27305284,0.3747911,1.0,1.0,1.0,1.0,1.0,1.0,1.0,1.0,1.0,1.0,1.0,1.0,1.0,0.9618602,0.9052377,1.1202788
0.0048828125,1.0,1.0,1.0,1.0,1.0,1.0,1.0,1.0,1.0,1.0,1.0,1.0,1.0,1.1434916,0.9992664,1.3504034,0.6,0.6,0.6,0.6,0.6,0.6,0.6,0.6,0.6,0.6,0.6,0.6,0.6,0.37779596,0.28340846,0.38434783,1.0,1.0,1.0,1.0,1.0,1.0,1.0,1.0,1.0,1.0,1.0,1.0,1.0,0.9850739,0.9238826,1.1201782
0.0068359375,1.0,1.0,1.0,1.0,1.0,1.0,1.0,1.0,1.0,1.0,1.0,1.0,1.0,1.1603004,1.0202801,1.3527894,0.6,0.6,0.6,0.6,0.6,0.6,0.6,0.6,0.6,0.6,0.6,0.6,0.6,0.38549784,0.2925308,0.39284685,1.0,1.0,1.0,1.0,1.0,1.0,1.0,1.0,1.0,1.0,1.0,1.0,1.0,1.0052899,0.93978703,1.1193545
0.0087890625,1.0,1.0,1.0,1.0,1.0,1.0,1.0,1.0,1.0,1.0,1.0,1.0,1.0,1.1730899,1.0387541,1.3519182,0.6,0.6,0.6,0.6,0.6,0.6,0.6,0.6,0.6,0.6,0.6,0.6,0.6,0.3921653,0.3006986,0.40028876,1.0,1.0,1.0,1.0,1.0,1.0,1.0,1.0,1.0,1.0,1.0,1.0,1.0,1.0222355,0.95263165,1.1178255
0.0107421875,1.0,1.0,1.0,1.0,1.0,1.0,1.0,1.0,1.0,1.0,1.0,1.0,1.0,1.1817625,1.0540363,1.3481492,0.6,0.6,0.6,0.6,0.6,0.6,0.6,0.6,0.6,0.6,0.6,0.6,0.6,0.39824805,0.30818546,0.40679368,1.0,1.0,1.0,1.0,1.0,1.0,1.0,1.0,1.0,1.0,1.0,1.0,1.0,1.0359951,0.9622963,1.1154006
0.0126953125,1.0,1.0,1.0,1.0,1.0,1.0,1.0,1.0,1.0,1.0,1.0,1.0,1.0,1.1864725,1.0657344,1.3418186,0.6,0.6,0.6,0.6,0.6,0.6,0.6,0.6,0.6,0.6,0.6,0.6,0.6,0.4041671,0.31524977,0.4125424,1.0,1.0,1.0,1.0,1.0,1.0,1.0,1.0,1.0,1.0,1.0,1.0,1.0,1.0469036,0.9688615,1.1117462
0.0146484375,1.0,1.0,1.0,1.0,1.0,1.0,1.0,1.0,1.0,1.0,1.0,1.0,1.0,1.1875455,1.0737255,1.333253,0.6,0.6,0.6,0.6,0.6,0.6,0.6,0.6,0.6,0.6,0.6,0.6,0.6,0.41027868,0.32212162,0.41772228,1.0,1.0,1.0,1.0,1.0,1.0,1.0,1.0,1.0,1.0,1.0,1.0,1.0,1.0554277,0.9725749,1.1064686
0.0166015625,1.0,1.0,1.0,1.0,1.0,1.0,1.0,1.0,1.0,1.0,1.0,1.0,1.0,1.1854017,1.0781078,1.322773,0.6,0.6,0.6,0.6,0.6,0.6,0.6,0.6,0.6,0.6,0.6,0.6,0.6,0.4168503,0.32899386,0.42248642,1.0,1.0,1.0,1.0,1.0,1.0,1.0,1.0,1.0,1.0,1.0,1.0,1.0,1.0620654,0.97380036,1.0991937
0.0185546875,1.0,1.0,1.0,1.0,1.0,1.0,1.0,1.0,1.0,1.0,1.0,1.0,1.0,1.1804918,1.079122,1.3106955,0.6,0.6,0.6,0.6,0.6,0.6,0.6,0.6,0.6,0.6,0.6,0.6,0.6,0.4240477,0.33601877,0.42693198,1.0,1.0,1.0,1.0,1.0,1.0,1.0,1.0,1.0,1.0,1.0,1.0,1.0,1.067277,0.9729577,1.0896356
0.0205078125,1.0,1.0,1.0,1.0,1.0,1.0,1.0,1.0,1.0,1.0,1.0,1.0,1.0,1.1732482,1.0770817,1.2973312,0.6,0.6,0.6,0.6,0.6,0.6,0.6,0.6,0.6,0.6,0.6,0.6,0.6,0.4311003,0.34331176,0.43193334,1.0,1.0,1.0,1.0,1.0,1.0,1.0,1.0,1.0,1.0,1.0,1.0,1.0,1.0714495,0.9704759,1.0776464
0.0224609375,1.0,1.0,1.0,1.0,1.0,1.0,1.0,1.0,1.0,1.0,1.0,1.0,1.0,1.1640596,1.0723182,1.2829757,0.6,0.6,0.6,0.6,0.6,0.6,0.6,0.6,0.6,0.6,0.6,0.6,0.6,0.43499607,0.3509586,0.44047642,1.0,1.0,1.0,1.0,1.0,1.0,1.0,1.0,1.0,1.0,1.0,1.0,1.0,1.0632383,0.9667585,1.0748731
0.0244140625,1.0,1.0,1.0,1.0,1.0,1.0,1.0,1.0,1.0,1.0,1.0,1.0,1.0,1.1532705,1.0651602,1.2679014,0.6,0.6,0.6,0.6,0.6,0.6,0.6,0.6,0.6,0.6,0.6,0.6,0.6,0.4386147,0.359021,0.44957465,1.0,1.0,1.0,1.0,1.0,1.0,1.0,1.0,1.0,1.0,1.0,1.0,1.0,1.0465859,0.9621699,1.0777358
0.0263671875,1.0,1.0,1.0,1.0,1.0,1.0,1.0,1.0,1.0,1.0,1.0,1.0,1.0,1.1411914,1.0559318,1.252349,0.6,0.6,0.6,0.6,0.6,0.6,0.6,0.6,0.6,0.6,0.6,0.6,0.6,0.44196576,0.36753806,0.45908254,1.0,1.0,1.0,1.0,1.0,1.0,1.0,1.0,1.0,1.0,1.0,1.0,1.0,1.0280073,0.9570418,1.080128
0.0283203125,1.0,1.0,1.0,1.0,1.0,1.0,1.0,1.0,1.0,1.0,1.0,1.0,1.0,1.1281168,1.0449721,1.2365218,0.6,0.6,0.6,0.6,0.6,0.6,0.6,0.6,0.6,0.6,0.6,0.6,0.6,0.44508183,0.37652117,0.4688416,1.0,1.0,1.0,1.0,1.0,1.0,1.0,1.0,1.0,1.0,1.0,1.0,1.0,1.0079354,0.95168984,1.0820659
0.0302734375,1.0,1.0,1.0,1.0,1.0,1.0,1.0,1.0,1.0,1.0,1.0,1.0,1.0,1.114336,1.0326574,1.2205904,0.6,0.6,0.6,0.6,0.6,0.6,0.6,0.6,0.6,0.6,0.6,0.6,0.6,0.44801003,0.385946,0.47870302,1.0,1.0,1.0,1.0,1.0,1.0,1.0,1.0,1.0,1.0,1.0,1.0,1.0,0.9868868,0.9464261,1.0835274
0.0322265625,1.0,1.0,1.0,1.0,1.0,1.0,1.0,1.0,1.0,1.0,1.0,1.0,1.0,1.1001314,1.0194191,1.2047035,0.6,0.6,0.6,0.6,0.6,0.6,0.6,0.6,0.6,0.6,0.6,0.6,0.6,0.4507981,0.39574358,0.48853952,1.0,1.0,1.0,1.0,1.0,1.0,1.0,1.0,1.0,1.0,1.0,1.0,1.0,0.9654283,0.9415595,1.0844824
0.0341796875,1.0,1.0,1.0,1.0,1.0,1.0,1.0,1.0,1.0,1.0,1.0,1.0,1.0,1.085765,1.0057526,1.1890013,0.6,0.6,0.6,0.6,0.6,0.6,0.6,0.6,0.6,0.6,0.6,0.6,0.6,0.45348787,0.40579614,0.4982447,1.0,1.0,1.0,1.0,1.0,1.0,1.0,1.0,1.0,1.0,1.0,1.0,1.0,0.94414663,0.9373767,1.0849049
0.0361328125,1.0,1.0,1.0,1.0,1.0,1.0,1.0,1.0,1.0,1.0,1.0,1.0,1.0,1.0714563,0.99221057,1.1736318,0.6,0.6,0.6,0.6,0.6,0.6,0.6,0.6,0.6,0.6,0.6,0.6,0.6,0.45612377,0.4159379,0.50772405,1.0,1.0,1.0,1.0,1.0,1.0,1.0,1.0,1.0,1.0,1.0,1.0,1.0,0.93411046,0.92361915,1.0847508
0.0380859375,1.0,1.0,1.0,1.0,1.0,1.0,1.0,1.0,1.0,1.0,1.0,1.0,1.0,1.0573542,0.9793865,1.1587616,0.6,0.6,0.6,0.6,0.6,0.6,0.6,0.6,0.6,0.6,0.6,0.6,0.6,0.45876813,0.4259625,0.5168812,1.0,1.0,1.0,1.0,1.0,1.0,1.0,1.0,1.0,1.0,1.0,1.0,1.0,0.9319095,0.90439206,1.0839268
0.0400390625,1.0,1.0,1.0,1.0,1.0,1.0,1.0,1.0,1.0,1.0,1.0,1.0,1.0,1.0435165,0.96788913,1.1445901,0.6,0.6,0.6,0.6,0.6,0.6,0.6,0.6,0.6,0.6,0.6,0.6,0.6,0.46150503,0.4356346,0.5256069,1.0,1.0,1.0,1.0,1.0,1.0,1.0,1.0,1.0,1.0,1.0,1.0,1.0,0.93081903,0.8869678,1.0822756
0.0419921875,1.0,1.0,1.0,1.0,1.0,1.0,1.0,1.0,1.0,1.0,1.0,1.0,1.0,1.0299114,0.95831007,1.1313586,0.6,0.6,0.6,0.6,0.6,0.6,0.6,0.6,0.6,0.6,0.6,0.6,0.6,0.4644193,0.44470513,0.53376937,1.0,1.0,1.0,1.0,1.0,1.0,1.0,1.0,1.0,1.0,1.0,1.0,1.0,0.930784,0.8717977,1.0796008
0.0439453125,1.0,1.0,1.0,1.0,1.0,1.0,1.0,1.0,1.0,1.0,1.0,1.0,1.0,1.0164548,0.9511945,1.119359,0.6,0.6,0.6,0.6,0.6,0.6,0.6,0.6,0.6,0.6,0.6,0.6,0.6,0.46755204,0.45292893,0.5412146,1.0,1.0,1.0,1.0,1.0,1.0,1.0,1.0,1.0,1.0,1.0,1.0,1.0,0.9316761,0.85928,1.0757425
0.0458984375,1.0,1.0,1.0,1.0,1.0,1.0,1.0,1.0,1.0,1.0,1.0,1.0,1.0,1.0030897,0.9470104,1.108933,0.6,0.6,0.6,0.6,0.6,0.6,0.6,0.6,0.6,0.6,0.6,0.6,0.6,0.47085673,0.4600838,0.5477712,1.0,1.0,1.0,1.0,1.0,1.0,1.0,1.0,1.0,1.0,1.0,1.0,1.0,0.93333054,0.8497553,1.0706745
0.0478515625,1.0,1.0,1.0,1.0,1.0,1.0,1.0,1.0,1.0,1.0,1.0,1.0,1.0,0.98989254,0.94612235,1.1004543,0.6,0.6,0.6,0.6,0.6,0.6,0.6,0.6,0.6,0.6,0.6,0.6,0.6,0.4741875,0.46598837,0.5532658,1.0,1.0,1.0,1.0,1.0,1.0,1.0,1.0,1.0,1.0,1.0,1.0,1.0,0.93558985,0.843497,1.0645866
0.0498046875,1.0,1.0,1.0,1.0,1.0,1.0,1.0,1.0,1.0,1.0,1.0,1.0,1.0,0.977174,0.94876975,1.0942901,0.6,0.6,0.6,0.6,0.6,0.6,0.6,0.6,0.6,0.6,0.6,0.6,0.6,0.47733736,0.4705171,0.5575433,1.0,1.0,1.0,1.0,1.0,1.0,1.0,1.0,1.0,1.0,1.0,1.0,1.0,0.9383366,0.8406957,1.0578986
0.0517578125,1.0,1.0,1.0,1.0,1.0,1.0,1.0,1.0,1.0,1.0,1.0,1.0,1.0,0.9655138,0.95504427,1.0907462,0.6,0.6,0.6,0.6,0.6,0.6,0.6,0.6,0.6,0.6,0.6,0.6,0.6,0.4801106,0.47360843,0.56049,1.0,1.0,1.0,1.0,1.0,1.0,1.0,1.0,1.0,1.0,1.0,1.0,1.0,0.9415085,0.8414435,1.0511792
0.0537109375,1.0,1.0,1.0,1.0,1.0,1.0,1.0,1.0,1.0,1.0,1.0,1.0,1.0,0.9648723,0.9557047,1.0900093,0.6,0.6,0.6,0.6,0.6,0.6,0.6,0.6,0.6,0.6,0.6,0.6,0.6,0.4823895,0.47526592,0.5620539,1.0,1.0,1.0,1.0,1.0,1.0,1.0,1.0,1.0,1.0,1.0,1.0,1.0,0.945095,0.8457189,1.0449977
0.0556640625,1.0,1.0,1.0,1.0,1.0,1.0,1.0,1.0,1.0,1.0,1.0,1.0,1.0,0.9780019,0.9486123,1.0921086,0.6,0.6,0.6,0.6,0.6,0.6,0.6,0.6,0.6,0.6,0.6,0.6,0.6,0.4841665,0.47555164,0.5622543,1.0,1.0,1.0,1.0,1.0,1.0,1.0,1.0,1.0,1.0,1.0,1.0,1.0,0.94911546,0.8533757,1.0397898
0.0576171875,1.0,1.0,1.0,1.0,1.0,1.0,1.0,1.0,1.0,1.0,1.0,1.0,1.0,0.9940016,0.9450108,1.0969037,0.6,0.6,0.6,0.6,0.6,0.6,0.6,0.6,0.6,0.6,0.6,0.6,0.6,0.48553377,0.4745747,0.5611832,1.0,1.0,1.0,1.0,1.0,1.0,1.0,1.0,1.0,1.0,1.0,1.0,1.0,0.9535896,0.86412793,1.0357991
0.0595703125,1.0,1.0,1.0,1.0,1.0,1.0,1.0,1.0,1.0,1.0,1.0,1.0,1.0,1.0122755,0.94545025,1.1041111,0.6,0.6,0.6,0.6,0.6,0.6,0.6,0.6,0.6,0.6,0.6,0.6,0.6,0.4866411,0.47247916,0.5589936,1.0,1.0,1.0,1.0,1.0,1.0,1.0,1.0,1.0,1.0,1.0,1.0,1.0,0.958508,0.87753695,1.0331048
0.0615234375,1.0,1.0,1.0,1.0,1.0,1.0,1.0,1.0,1.0,1.0,1.0,1.0,1.0,1.0321023,0.95018464,1.1133579,0.6,0.6,0.6,0.6,0.6,0.6,0.6,0.6,0.6,0.6,0.6,0.6,0.6,0.4876401,0.46943504,0.5558841,1.0,1.0,1.0,1.0,1.0,1.0,1.0,1.0,1.0,1.0,1.0,1.0,1.0,0.963812,0.8929991,1.031691
0.0634765625,1.0,1.0,1.0,1.0,1.0,1.0,1.0,1.0,1.0,1.0,1.0,1.0,1.0,1.0526879,0.95914745,1.1242479,0.6,0.6,0.6,0.6,0.6,0.6,0.6,0.6,0.6,0.6,0.6,0.6,0.6,0.4886332,0.46563575,0.55207837,1.0,1.0,1.0,1.0,1.0,1.0,1.0,1.0,1.0,1.0,1.0,1.0,1.0,0.96938366,0.90975255,1.0315164
0.0654296875,1.0,1.0,1.0,1.0,1.0,1.0,1.0,1.0,1.0,1.0,1.0,1.0,1.0,1.0732309,0.9719548,1.1364217,0.6,0.6,0.6,0.6,0.6,0.6,0.6,0.6,0.6,0.6,0.6,0.6,0.6,0.48964202,0.46130136,0.5478066,1.0,1.0,1.0,1.0,1.0,1.0,1.0,1.0,1.0,1.0,1.0,1.0,1.0,0.97504944,0.9269124,1.032556
0.0673828125,1.0,1.0,1.0,1.0,1.0,1.0,1.0,1.0,1.0,1.0,1.0,1.0,1.0,1.0929837,0.9879179,1.1495862,0.6,0.6,0.6,0.6,0.6,0.6,0.6,0.6,0.6,0.6,0.6,0.6,0.6,0.49060458,0.4566823,0.5432905,1.0,1.0,1.0,1.0,1.0,1.0,1.0,1.0,1.0,1.0,1.0,1.0,1.0,0.98059374,0.94354165,1.0348151
0.0693359375,1.0,1.0,1.0,1.0,1.0,1.0,1.0,1.0,1.0,1.0,1.0,1.0,1.0,1.1113076,1.0060729,1.1635038,0.6,0.6,0.6,0.6,0.6,0.6,0.6,0.6,0.6,0.6,0.6,0.6,0.6,0.491398,0.45205936,0.5387322,1.0,1.0,1.0,1.0,1.0,1.0,1.0,1.0,1.0,1.0,1.0,1.0,1.0,0.9857748,0.9587513,1.0383134
0.0712890625,1.0,1.0,1.0,1.0,1.0,1.0,1.0,1.0,1.0,1.0,1.0,1.0,1.0,1.1277057,1.0252581,1.1779401,0.6,0.6,0.6,0.6,0.6,0.6,0.6,0.6,0.6,0.6,0.6,0.6,0.6,0.49188054,0.44773334,0.5343089,1.0,1.0,1.0,1.0,1.0,1.0,1.0,1.0,1.0,1.0,1.0,1.0,1.0,0.99034625,0.97180074,1.0430626
0.0732421875,1.0,1.0,1.0,1.0,1.0,1.0,1.0,1.0,1.0,1.0,1.0,1.0,1.0,1.1418427,1.0442612,1.1925893,0.6,0.6,0.6,0.6,0.6,0.6,0.6,0.6,0.6,0.6,0.6,0.6,0.6,0.4919376,0.4440072,0.53017217,1.0,1.0,1.0,1.0,1.0,1.0,1.0,1.0,1.0,1.0,1.0,1.0,1.0,0.99407876,0.98217374,1.0490334
0.0751953125,1.0,1.0,1.0,1.0,1.0,1.0,1.0,1.0,1.0,1.0,1.0,1.0,1.0,1.1535461,1.0620154,1.2069949,0.6,0.6,0.6,0.6,0.6,0.6,0.6,0.6,0.6,0.6,0.6,0.6,0.6,0.4915186,0.44116253,0.5264496,1.0,1.0,1.0,1.0,1.0,1.0,1.0,1.0,1.0,1.0,1.0,1.0,1.0,0.99677795,0.98960716,1.0561384
0.0771484375,1.0,1.0,1.0,1.0,1.0,1.0,1.0,1.0,1.0,1.0,1.0,1.0,1.0,1.1627927,1.077763,1.2205055,0.6,0.6,0.6,0.6,0.6,0.6,0.6,0.6,0.6,0.6,0.6,0.6,0.6,0.49065077,0.43943506,0.5232504,1.0,1.0,1.0,1.0,1.0,1.0,1.0,1.0,1.0,1.0,1.0,1.0,1.0,0.9983023,0.99407643,1.0642186
0.0791015625,1.0,1.0,1.0,1.0,1.0,1.0,1.0,1.0,1.0,1.0,1.0,1.0,1.0,1.1696866,1.0911058,1.2322779,0.6,0.6,0.6,0.6,0.6,0.6,0.6,0.6,0.6,0.6,0.6,0.6,0.6,0.4894315,0.4389937,0.5206686,1.0,1.0,1.0,1.0,1.0,1.0,1.0,1.0,1.0,1.0,1.0,1.0,1.0,0.9985765,0.99575377,1.0730461
0.0810546875,1.0,1.0,1.0,1.0,1.0,1.0,1.0,1.0,1.0,1.0,1.0,1.0,1.0,1.1744292,1.1019264,1.24135,0.6,0.6,0.6,0.6,0.6,0.6,0.6,0.6,0.6,0.6,0.6,0.6,0.6,0.48800343,0.43992195,0.5187842,1.0,1.0,1.0,1.0,1.0,1.0,1.0,1.0,1.0,1.0,1.0,1.0,1.0,0.9975985,0.99496466,1.0823244
0.0830078125,1.0,1.0,1.0,1.0,1.0,1.0,1.0,1.0,1.0,1.0,1.0,1.0,1.0,1.1772887,1.1102515,1.2467678,0.6,0.6,0.6,0.6,0.6,0.6,0.6,0.6,0.6,0.6,0.6,0.6,0.6,0.48652676,0.4422084,0.5176601,1.0,1.0,1.0,1.0,1.0,1.0,1.0,1.0,1.0,1.0,1.0,1.0,1.0,0.99544287,0.9921486,1.0916995
0.0849609375,1.0,1.0,1.0,1.0,1.0,1.0,1.0,1.0,1.0,1.0,1.0,1.0,1.0,1.1785728,1.1161399,1.2477477,0.6,0.6,0.6,0.6,0.6,0.6,0.6,0.6,0.6,0.6,0.6,0.6,0.6,0.48515862,0.44574562,0.5173359,1.0,1.0,1.0,1.0,1.0,1.0,1.0,1.0,1.0,1.0,1.0,1.0,1.0,0.9922569,0.98782825,1.1007736
0.0869140625,1.0,1.0,1.0,1.0,1.0,1.0,1.0,1.0,1.0,1.0,1.0,1.0,1.0,1.1786044,1.1196352,1.2438257,0.6,0.6,0.6,0.6,0.6,0.6,0.6,0.6,0.6,0.6,0.6,0.6,0.6,0.48404488,0.45034182,0.5178201,1.0,1.0,1.0,1.0,1.0,1.0,1.0,1.0,1.0,1.0,1.0,1.0,1.0,0.98825055,0.98257554,1.1091264
0.0888671875,1.0,1.0,1.0,1.0,1.0,1.0,1.0,1.0,1.0,1.0,1.0,1.0,1.0,1.1777034,1.120767,1.2349459,0.6,0.6,0.6,0.6,0.6,0.6,0.6,0.6,0.6,0.6,0.6,0.6,0.6,0.48332232,0.45574123,0.519084,1.0,1.0,1.0,1.0,1.0,1.0,1.0,1.0,1.0,1.0,1.0,1.0,1.0,0.9836846,0.97697055,1.1163349
0.0908203125,1.0,1.0,1.0,1.0,1.0,1.0,1.0,1.0,1.0,1.0,1.0,1.0,1.0,1.1761714,1.1195714,1.2214684,0.6,0.6,0.6,0.6,0.6,0.6,0.6,0.6,0.6,0.6,0.6,0.6,0.6,0.4831245,0.4616494,0.5210569,1.0,1.0,1.0,1.0,1.0,1.0,1.0,1.0,1.0,1.0,1.0,1.0,1.0,0.9788528,0.9715572,1.121985
0.0927734375,1.0,1.0,1.0,1.0,1.0,1.0,1.0,1.0,1.0,1.0,1.0,1.0,1.0,1.1742774,1.1161038,1.2041043,0.6,0.6,0.6,0.6,0.6,0.6,0.6,0.6,0.6,0.6,0.6,0.6,0.6,0.48358825,0.46775743,0.5236263,1.0,1.0,1.0,1.0,1.0,1.0,1.0,1.0,1.0,1.0,1.0,1.0,1.0,0.9740617,0.9667994,1.12568
0.0947265625,1.0,1.0,1.0,1.0,1.0,1.0,1.0,1.0,1.0,1.0,1.0,1.0,1.0,1.172241,1.110444,1.1838108,0.6,0.6,0.6,0.6,0.6,0.6,0.6,0.6,0.6,0.6,0.6,0.6,0.6,0.48485172,0.47376385,0.5266402,1.0,1.0,1.0,1.0,1.0,1.0,1.0,1.0,1.0,1.0,1.0,1.0,1.0,0.9696079,0.9630467,1.1270485
0.0966796875,1.0,1.0,1.0,1.0,1.0,1.0,1.0,1.0,1.0,1.0,1.0,1.0,1.0,1.1616889,1.1027088,1.1702179,0.6,0.6,0.6,0.6,0.6,0.6,0.6,0.6,0.6,0.6,0.6,0.6,0.6,0.48703516,0.47939444,0.5299129,1.0,1.0,1.0,1.0,1.0,1.0,1.0,1.0,1.0,1.0,1.0,1.0,1.0,0.96575165,0.96051544,1.1257751
0.0986328125,1.0,1.0,1.0,1.0,1.0,1.0,1.0,1.0,1.0,1.0,1.0,1.0,1.0,1.1388923,1.0930854,1.1682861,0.6,0.6,0.6,0.6,0.6,0.6,0.6,0.6,0.6,0.6,0.6,0.6,0.6,0.4902008,0.48441994,0.5332354,1.0,1.0,1.0,1.0,1.0,1.0,1.0,1.0,1.0,1.0,1.0,1.0,1.0,0.96269727,0.9592861,1.1216747
0.1005859375,1.0,1.0,1.0,1.0,1.0,1.0,1.0,1.0,1.0,1.0,1.0,1.0,1.0,1.1165484,1.0818847,1.1664435,0.6,0.6,0.6,0.6,0.6,0.6,0.6,0.6,0.6,0.6,0.6,0.6,0.6,0.49429786,0.48867375,0.5363906,1.0,1.0,1.0,1.0,1.0,1.0,1.0,1.0,1.0,1.0,1.0,1.0,1.0,0.9605739,0.95931375,1.1147952
0.1025390625,1.0,1.0,1.0,1.0,1.0,1.0,1.0,1.0,1.0,1.0,1.0,1.0,1.0,1.0956852,1.0695865,1.1646217,0.6,0.6,0.6,0.6,0.6,0.6,0.6,0.6,0.6,0.6,0.6,0.6,0.6,0.49912596,0.4920614,0.5391742,1.0,1.0,1.0,1.0,1.0,1.0,1.0,1.0,1.0,1.0,1.0,1.0,1.0,0.9604474,0.9594276,1.1055062
0.1044921875,1.0,1.0,1.0,1.0,1.0,1.0,1.0,1.0,1.0,1.0,1.0,1.0,1.0,1.077162,1.0568498,1.1627146,0.6,0.6,0.6,0.6,0.6,0.6,0.6,0.6,0.6,0.6,0.6,0.6,0.6,0.50435287,0.49456277,0.5414183,1.0,1.0,1.0,1.0,1.0,1.0,1.0,1.0,1.0,1.0,1.0,1.0,1.0,0.9624523,0.95922107,1.0944983
0.1064453125,1.0,1.0,1.0,1.0,1.0,1.0,1.0,1.0,1.0,1.0,1.0,1.0,1.0,1.0616225,1.0444671,1.160621,0.6,0.6,0.6,0.6,0.6,0.6,0.6,0.6,0.6,0.6,0.6,0.6,0.6,0.5095937,0.4962229,0.5430156,1.0,1.0,1.0,1.0,1.0,1.0,1.0,1.0,1.0,1.0,1.0,1.0,1.0,0.96503127,0.95983934,1.0826765
0.1083984375,1.0,1.0,1.0,1.0,1.0,1.0,1.0,1.0,1.0,1.0,1.0,1.0,1.0,1.0494819,1.0332744,1.1582863,0.6,0.6,0.6,0.6,0.6,0.6,0.6,0.6,0.6,0.6,0.6,0.6,0.6,0.5145087,0.4971348,0.54393256,1.0,1.0,1.0,1.0,1.0,1.0,1.0,1.0,1.0,1.0,1.0,1.0,1.0,0.96783864,0.9610926,1.0709938
0.1103515625,1.0,1.0,1.0,1.0,1.0,1.0,1.0,1.0,1.0,1.0,1.0,1.0,1.0,1.0409518,1.0240268,1.1557325,0.6,0.6,0.6,0.6,0.6,0.6,0.6,0.6,0.6,0.6,0.6,0.6,0.6,0.51886207,0.4974194,0.5442099,1.0,1.0,1.0,1.0,1.0,1.0,1.0,1.0,1.0,1.0,1.0,1.0,1.0,0.97049165,0.9627219,1.0603079
0.1123046875,1.0,1.0,1.0,1.0,1.0,1.0,1.0,1.0,1.0,1.0,1.0,1.0,1.0,1.0360904,1.0172749,1.1530668,0.6,0.6,0.6,0.6,0.6,0.6,0.6,0.6,0.6,0.6,0.6,0.6,0.6,0.52252394,0.4972083,0.5439464,1.0,1.0,1.0,1.0,1.0,1.0,1.0,1.0,1.0,1.0,1.0,1.0,1.0,0.9725808,0.9644071,1.0513066
0.1142578125,1.0,1.0,1.0,1.0,1.0,1.0,1.0,1.0,1.0,1.0,1.0,1.0,1.0,1.0348603,1.0132741,1.1504691,0.6,0.6,0.6,0.6,0.6,0.6,0.6,0.6,0.6,0.6,0.6,0.6,0.6,0.5254387,0.49663192,0.5432694,1.0,1.0,1.0,1.0,1.0,1.0,1.0,1.0,1.0,1.0,1.0,1.0,1.0,0.9736903,0.96579343,1.0444931
0.1162109375,1.0,1.0,1.0,1.0,1.0,1.0,1.0,1.0,1.0,1.0,1.0,1.0,1.0,1.0371752,1.0119609,1.1481673,0.6,0.6,0.6,0.6,0.6,0.6,0.6,0.6,0.6,0.6,0.6,0.6,0.6,0.52759314,0.49581572,0.54230213,1.0,1.0,1.0,1.0,1.0,1.0,1.0,1.0,1.0,1.0,1.0,1.0,1.0,0.97343487,0.9665406,1.0401975
0.1181640625,1.0,1.0,1.0,1.0,1.0,1.0,1.0,1.0,1.0,1.0,1.0,1.0,1.0,1.0429212,1.0130044,1.1463984,0.6,0.6,0.6,0.6,0.6,0.6,0.6,0.6,0.6,0.6,0.6,0.6,0.6,0.52900547,0.4948806,0.54113626,1.0,1.0,1.0,1.0,1.0,1.0,1.0,1.0,1.0,1.0,1.0,1.0,1.0,0.97151744,0.96638954,1.0385886
0.1201171875,1.0,1.0,1.0,1.0,1.0,1.0,1.0,1.0,1.0,1.0,1.0,1.0,1.0,1.051945,1.0159298,1.145366,0.6,0.6,0.6,0.6,0.6,0.6,0.6,0.6,0.6,0.6,0.6,0.6,0.6,0.5297351,0.49394655,0.53981924,1.0,1.0,1.0,1.0,1.0,1.0,1.0,1.0,1.0,1.0,1.0,1.0,1.0,0.96779275,0.9652271,1.039675
0.1220703125,1.0,1.0,1.0,1.0,1.0,1.0,1.0,1.0,1.0,1.0,1.0,1.0,1.0,1.0640111,1.0202799,1.1451868,0.6,0.6,0.6,0.6,0.6,0.6,0.6,0.6,0.6,0.6,0.6,0.6,0.6,0.52989864,0.49313498,0.5383579,1.0,1.0,1.0,1.0,1.0,1.0,1.0,1.0,1.0,1.0,1.0,1.0,1.0,0.9631211,0.9623157,1.0432982
0.1240234375,1.0,1.0,1.0,1.0,1.0,1.0,1.0,1.0,1.0,1.0,1.0,1.0,1.0,1.0787362,1.025746,1.1458335,0.6,0.6,0.6,0.6,0.6,0.6,0.6,0.6,0.6,0.6,0.6,0.6,0.6,0.5296766,0.49256736,0.53673667,1.0,1.0,1.0,1.0,1.0,1.0,1.0,1.0,1.0,1.0,1.0,1.0,1.0,0.96030825,0.95535547,1.0491266
0.1259765625,1.0,1.0,1.0,1.0,1.0,1.0,1.0,1.0,1.0,1.0,1.0,1.0,1.0,1.095516,1.032213,1.1470809,0.6,0.6,0.6,0.6,0.6,0.6,0.6,0.6,0.6,0.6,0.6,0.6,0.6,0.52929735,0.49235606,0.53494275,1.0,1.0,1.0,1.0,1.0,1.0,1.0,1.0,1.0,1.0,1.0,1.0,1.0,0.957137,0.94735175,1.0566622
0.1279296875,1.0,1.0,1.0,1.0,1.0,1.0,1.0,1.0,1.0,1.0,1.0,1.0,1.0,1.1134703,1.0396935,1.1484838,0.6,0.6,0.6,0.6,0.6,0.6,0.6,0.6,0.6,0.6,0.6,0.6,0.6,0.5289978,0.4925907,0.53298914,1.0,1.0,1.0,1.0,1.0,1.0,1.0,1.0,1.0,1.0,1.0,1.0,1.0,0.9539799,0.938837,1.0652745
0.1298828125,1.0,1.0,1.0,1.0,1.0,1.0,1.0,1.0,1.0,1.0,1.0,1.0,1.0,1.1314479,1.0482091,1.1494033,0.6,0.6,0.6,0.6,0.6,0.6,0.6,0.6,0.6,0.6,0.6,0.6,0.6,0.5289729,0.49331892,0.530928,1.0,1.0,1.0,1.0,1.0,1.0,1.0,1.0,1.0,1.0,1.0,1.0,1.0,0.95114774,0.9303437,1.0742775
0.1318359375,1.0,1.0,1.0,1.0,1.0,1.0,1.0,1.0,1.0,1.0,1.0,1.0,1.0,1.1481177,1.0576992,1.1490948,0.6,0.6,0.6,0.6,0.6,0.6,0.6,0.6,0.6,0.6,0.6,0.6,0.6,0.5288503,0.49453148,0.5293365,1.0,1.0,1.0,1.0,1.0,1.0,1.0,1.0,1.0,1.0,1.0,1.0,1.0,0.9488273,0.9223404,1.0830398
0.1337890625,1.0,1.0,1.0,1.0,1.0,1.0,1.0,1.0,1.0,1.0,1.0,1.0,1.0,1.1468469,1.0680019,1.1621503,0.6,0.6,0.6,0.6,0.6,0.6,0.6,0.6,0.6,0.6,0.6,0.6,0.6,0.5268747,0.4961555,0.53010684,1.0,1.0,1.0,1.0,1.0,1.0,1.0,1.0,1.0,1.0,1.0,1.0,1.0,0.9470645,0.9152056,1.0910878
0.1357421875,1.0,1.0,1.0,1.0,1.0,1.0,1.0,1.0,1.0,1.0,1.0,1.0,1.0,1.1421258,1.0788968,1.1724392,0.6,0.6,0.6,0.6,0.6,0.6,0.6,0.6,0.6,0.6,0.6,0.6,0.6,0.52512765,0.49806136,0.5312212,1.0,1.0,1.0,1.0,1.0,1.0,1.0,1.0,1.0,1.0,1.0,1.0,1.0,0.9457853,0.90923643,1.098167
0.1376953125,1.0,1.0,1.0,1.0,1.0,1.0,1.0,1.0,1.0,1.0,1.0,1.0,1.0,1.1346892,1.0901532,1.1782883,0.6,0.6,0.6,0.6,0.6,0.6,0.6,0.6,0.6,0.6,0.6,0.6,0.6,0.5237206,0.5000803,0.53256726,1.0,1.0,1.0,1.0,1.0,1.0,1.0,1.0,1.0,1.0,1.0,1.0,1.0,0.9448466,0.9046676,1.1042284
0.1396484375,1.0,1.0,1.0,1.0,1.0,1.0,1.0,1.0,1.0,1.0,1.0,1.0,1.0,1.1246257,1.101554,1.1795067,0.6,0.6,0.6,0.6,0.6,0.6,0.6,0.6,0.6,0.6,0.6,0.6,0.6,0.5227294,0.5020263,0.53401715,1.0,1.0,1.0,1.0,1.0,1.0,1.0,1.0,1.0,1.0,1.0,1.0,1.0,0.9440943,0.90168405,1.1093628
0.1416015625,1.0,1.0,1.0,1.0,1.0,1.0,1.0,1.0,1.0,1.0,1.0,1.0,1.0,1.1128931,1.1123228,1.1763968,0.6,0.6,0.6,0.6,0.6,0.6,0.6,0.6,0.6,0.6,0.6,0.6,0.6,0.5221783,0.50371957,0.53545445,1.0,1.0,1.0,1.0,1.0,1.0,1.0,1.0,1.0,1.0,1.0,1.0,1.0,0.94341606,0.90041935,1.1137085
0.1435546875,1.0,1.0,1.0,1.0,1.0,1.0,1.0,1.0,1.0,1.0,1.0,1.0,1.0,1.12396,1.0983793,1.1696624,0.6,0.6,0.6,0.6,0.6,0.6,0.6,0.6,0.6,0.6,0.6,0.6,0.6,0.5220345,0.50500435,0.5367913,1.0,1.0,1.0,1.0,1.0,1.0,1.0,1.0,1.0,1.0,1.0,1.0,1.0,0.942774,0.90095127,1.1173769
0.1455078125,1.0,1.0,1.0,1.0,1.0,1.0,1.0,1.0,1.0,1.0,1.0,1.0,1.0,1.1345327,1.0834883,1.1602739,0.6,0.6,0.6,0.6,0.6,0.6,0.6,0.6,0.6,0.6,0.6,0.6,0.6,0.52221364,0.50576264,0.5379767,1.0,1.0,1.0,1.0,1.0,1.0,1.0,1.0,1.0,1.0,1.0,1.0,1.0,0.9422161,0.9032955,1.1204072
0.1474609375,1.0,1.0,1.0,1.0,1.0,1.0,1.0,1.0,1.0,1.0,1.0,1.0,1.0,1.1443768,1.0683299,1.1493336,0.6,0.6,0.6,0.6,0.6,0.6,0.6,0.6,0.6,0.6,0.6,0.6,0.6,0.52259576,0.50592387,0.5389994,1.0,1.0,1.0,1.0,1.0,1.0,1.0,1.0,1.0,1.0,1.0,1.0,1.0,0.9418632,0.90740526,1.1227577
0.1494140625,1.0,1.0,1.0,1.0,1.0,1.0,1.0,1.0,1.0,1.0,1.0,1.0,1.0,1.1379502,1.0534891,1.1532531,0.6,0.6,0.6,0.6,0.6,0.6,0.6,0.6,0.6,0.6,0.6,0.6,0.6,0.5230501,0.50546753,0.5398859,1.0,1.0,1.0,1.0,1.0,1.0,1.0,1.0,1.0,1.0,1.0,1.0,1.0,0.94188124,0.91317105,1.124324
0.1513671875,1.0,1.0,1.0,1.0,1.0,1.0,1.0,1.0,1.0,1.0,1.0,1.0,1.0,1.1271323,1.0394106,1.1609311,0.6,0.6,0.6,0.6,0.6,0.6,0.6,0.6,0.6,0.6,0.6,0.6,0.6,0.5234593,0.5044243,0.5406952,1.0,1.0,1.0,1.0,1.0,1.0,1.0,1.0,1.0,1.0,1.0,1.0,1.0,0.9424405,0.9204187,1.1249678
0.1533203125,1.0,1.0,1.0,1.0,1.0,1.0,1.0,1.0,1.0,1.0,1.0,1.0,1.0,1.1177096,1.026394,1.1672018,0.6,0.6,0.6,0.6,0.6,0.6,0.6,0.6,0.6,0.6,0.6,0.6,0.6,0.5237408,0.50287056,0.5415089,1.0,1.0,1.0,1.0,1.0,1.0,1.0,1.0,1.0,1.0,1.0,1.0,1.0,0.94367695,0.9289065,1.1245514
0.1552734375,1.0,1.0,1.0,1.0,1.0,1.0,1.0,1.0,1.0,1.0,1.0,1.0,1.0,1.1102816,1.0146229,1.1718941,0.6,0.6,0.6,0.6,0.6,0.6,0.6,0.6,0.6,0.6,0.6,0.6,0.6,0.52385783,0.5009209,0.5424187,1.0,1.0,1.0,1.0,1.0,1.0,1.0,1.0,1.0,1.0,1.0,1.0,1.0,0.94566315,0.938326,1.1229666
0.1572265625,1.0,1.0,1.0,1.0,1.0,1.0,1.0,1.0,1.0,1.0,1.0,1.0,1.0,1.1052104,1.0042125,1.1748849,0.6,0.6,0.6,0.6,0.6,0.6,0.6,0.6,0.6,0.6,0.6,0.6,0.6,0.5238218,0.4987166,0.5435122,1.0,1.0,1.0,1.0,1.0,1.0,1.0,1.0,1.0,1.0,1.0,1.0,1.0,0.94839096,0.94831246,1.1201552
0.1591796875,1.0,1.0,1.0,1.0,1.0,1.0,1.0,1.0,1.0,1.0,1.0,1.0,1.0,1.1026465,0.99526596,1.1761067,0.6,0.6,0.6,0.6,0.6,0.6,0.6,0.6,0.6,0.6,0.6,0.6,0.6,0.5236854,0.49641415,0.5448587,1.0,1.0,1.0,1.0,1.0,1.0,1.0,1.0,1.0,1.0,1.0,1.0,1.0,0.9584657,0.951771,1.1161251
0.1611328125,1.0,1.0,1.0,1.0,1.0,1.0,1.0,1.0,1.0,1.0,1.0,1.0,1.0,1.1025722,0.98792595,1.1755469,0.6,0.6,0.6,0.6,0.6,0.6,0.6,0.6,0.6,0.6,0.6,0.6,0.6,0.52353185,0.49417412,0.54649734,1.0,1.0,1.0,1.0,1.0,1.0,1.0,1.0,1.0,1.0,1.0,1.0,1.0,0.96837807,0.95564777,1.110957
0.1630859375,1.0,1.0,1.0,1.0,1.0,1.0,1.0,1.0,1.0,1.0,1.0,1.0,1.0,1.104852,0.982409,1.1732415,0.6,0.6,0.6,0.6,0.6,0.6,0.6,0.6,0.6,0.6,0.6,0.6,0.6,0.52345693,0.49215192,0.54843044,1.0,1.0,1.0,1.0,1.0,1.0,1.0,1.0,1.0,1.0,1.0,1.0,1.0,0.97766286,0.9598256,1.1048052
0.1650390625,1.0,1.0,1.0,1.0,1.0,1.0,1.0,1.0,1.0,1.0,1.0,1.0,1.0,1.1092675,0.97902006,1.1692684,0.6,0.6,0.6,0.6,0.6,0.6,0.6,0.6,0.6,0.6,0.6,0.6,0.6,0.52355015,0.49049097,0.55062103,1.0,1.0,1.0,1.0,1.0,1.0,1.0,1.0,1.0,1.0,1.0,1.0,1.0,0.9859793,0.96410495,1.097889
0.1669921875,1.0,1.0,1.0,1.0,1.0,1.0,1.0,1.0,1.0,1.0,1.0,1.0,1.0,1.1155444,0.9781437,1.1637447,0.6,0.6,0.6,0.6,0.6,0.6,0.6,0.6,0.6,0.6,0.6,0.6,0.6,0.5238713,0.4893155,0.55299616,1.0,1.0,1.0,1.0,1.0,1.0,1.0,1.0,1.0,1.0,1.0,1.0,1.0,0.9930572,0.9683113,1.0904778
0.1689453125,1.0,1.0,1.0,1.0,1.0,1.0,1.0,1.0,1.0,1.0,1.0,1.0,1.0,1.1233618,0.9802112,1.1568227,0.6,0.6,0.6,0.6,0.6,0.6,0.6,0.6,0.6,0.6,0.6,0.6,0.6,0.52443385,0.4887219,0.5554545,1.0,1.0,1.0,1.0,1.0,1.0,1.0,1.0,1.0,1.0,1.0,1.0,1.0,0.998716,0.97231746,1.0828638
0.1708984375,1.0,1.0,1.0,1.0,1.0,1.0,1.0,1.0,1.0,1.0,1.0,1.0,1.0,1.1323546,0.9856431,1.148685,0.6,0.6,0.6,0.6,0.6,0.6,0.6,0.6,0.6,0.6,0.6,0.6,0.6,0.52519834,0.48876515,0.5578775,1.0,1.0,1.0,1.0,1.0,1.0,1.0,1.0,1.0,1.0,1.0,1.0,1.0,1.0028869,0.97605,1.075333
0.1728515625,1.0,1.0,1.0,1.0,1.0,1.0,1.0,1.0,1.0,1.0,1.0,1.0,1.0,1.1395385,0.99475867,1.1421069,0.6,0.6,0.6,0.6,0.6,0.6,0.6,0.6,0.6,0.6,0.6,0.6,0.6,0.5260841,0.48944572,0.5601427,1.0,1.0,1.0,1.0,1.0,1.0,1.0,1.0,1.0,1.0,1.0,1.0,1.0,1.0056233,0.97948176,1.0681279
0.1748046875,1.0,1.0,1.0,1.0,1.0,1.0,1.0,1.0,1.0,1.0,1.0,1.0,1.0,1.1296011,1.0076555,1.152144,0.6,0.6,0.6,0.6,0.6,0.6,0.6,0.6,0.6,0.6,0.6,0.6,0.6,0.5269926,0.49069723,0.5621381,1.0,1.0,1.0,1.0,1.0,1.0,1.0,1.0,1.0,1.0,1.0,1.0,1.0,1.0071058,0.9826126,1.0614204
0.1767578125,1.0,1.0,1.0,1.0,1.0,1.0,1.0,1.0,1.0,1.0,1.0,1.0,1.0,1.1190947,1.0240715,1.1619283,0.6,0.6,0.6,0.6,0.6,0.6,0.6,0.6,0.6,0.6,0.6,0.6,0.6,0.5278347,0.4923817,0.5637747,1.0,1.0,1.0,1.0,1.0,1.0,1.0,1.0,1.0,1.0,1.0,1.0,1.0,1.0076286,0.9854496,1.0552951
0.1787109375,1.0,1.0,1.0,1.0,1.0,1.0,1.0,1.0,1.0,1.0,1.0,1.0,1.0,1.1082375,1.0432632,1.1708647,0.6,0.6,0.6,0.6,0.6,0.6,0.6,0.6,0.6,0.6,0.6,0.6,0.6,0.5285511,0.49429542,0.56499505,1.0,1.0,1.0,1.0,1.0,1.0,1.0,1.0,1.0,1.0,1.0,1.0,1.0,1.0075728,0.9879869,1.0497448
0.1806640625,1.0,1.0,1.0,1.0,1.0,1.0,1.0,1.0,1.0,1.0,1.0,1.0,1.0,1.0972422,1.0639719,1.178331,0.6,0.6,0.6,0.6,0.6,0.6,0.6,0.6,0.6,0.6,0.6,0.6,0.6,0.5291201,0.4961863,0.5657767,1.0,1.0,1.0,1.0,1.0,1.0,1.0,1.0,1.0,1.0,1.0,1.0,1.0,1.0073594,0.9901954,1.0446867
0.1826171875,1.0,1.0,1.0,1.0,1.0,1.0,1.0,1.0,1.0,1.0,1.0,1.0,1.0,1.0863131,1.0845314,1.183729,0.6,0.6,0.6,0.6,0.6,0.6,0.6,0.6,0.6,0.6,0.6,0.6,0.6,0.5295558,0.49778086,0.56613135,1.0,1.0,1.0,1.0,1.0,1.0,1.0,1.0,1.0,1.0,1.0,1.0,1.0,1.0074005,0.9920246,1.0399872
0.1845703125,1.0,1.0,1.0,1.0,1.0,1.0,1.0,1.0,1.0,1.0,1.0,1.0,1.0,1.1031319,1.0756404,1.1865542,0.6,0.6,0.6,0.6,0.6,0.6,0.6,0.6,0.6,0.6,0.6,0.6,0.6,0.52990067,0.4988141,0.566098,1.0,1.0,1.0,1.0,1.0,1.0,1.0,1.0,1.0,1.0,1.0,1.0,1.0,1.0080409,0.99341345,1.0354971
0.1865234375,1.0,1.0,1.0,1.0,1.0,1.0,1.0,1.0,1.0,1.0,1.0,1.0,1.0,1.1181561,1.0653955,1.1864756,0.6,0.6,0.6,0.6,0.6,0.6,0.6,0.6,0.6,0.6,0.6,0.6,0.6,0.53021586,0.49905944,0.5657332,1.0,1.0,1.0,1.0,1.0,1.0,1.0,1.0,1.0,1.0,1.0,1.0,1.0,1.0095133,0.99430805,1.0310853
0.1884765625,1.0,1.0,1.0,1.0,1.0,1.0,1.0,1.0,1.0,1.0,1.0,1.0,1.0,1.128471,1.0557222,1.1834003,0.6,0.6,0.6,0.6,0.6,0.6,0.6,0.6,0.6,0.6,0.6,0.6,0.6,0.53057116,0.49835277,0.5651014,1.0,1.0,1.0,1.0,1.0,1.0,1.0,1.0,1.0,1.0,1.0,1.0,1.0,1.0119078,0.9946759,1.0266688
0.1904296875,1.0,1.0,1.0,1.0,1.0,1.0,1.0,1.0,1.0,1.0,1.0,1.0,1.0,1.1335715,1.0467346,1.1775061,0.6,0.6,0.6,0.6,0.6,0.6,0.6,0.6,0.6,0.6,0.6,0.6,0.6,0.53103465,0.49660736,0.56426597,1.0,1.0,1.0,1.0,1.0,1.0,1.0,1.0,1.0,1.0,1.0,1.0,1.0,1.0151668,0.9945168,1.0222329
0.1923828125,1.0,1.0,1.0,1.0,1.0,1.0,1.0,1.0,1.0,1.0,1.0,1.0,1.0,1.1335607,1.0385175,1.1692245,0.6,0.6,0.6,0.6,0.6,0.6,0.6,0.6,0.6,0.6,0.6,0.6,0.6,0.53166294,0.49382082,0.5632831,1.0,1.0,1.0,1.0,1.0,1.0,1.0,1.0,1.0,1.0,1.0,1.0,1.0,1.017839,0.9938623,1.0191026
0.1943359375,1.0,1.0,1.0,1.0,1.0,1.0,1.0,1.0,1.0,1.0,1.0,1.0,1.0,1.1290134,1.0311319,1.1591729,0.6,0.6,0.6,0.6,0.6,0.6,0.6,0.6,0.6,0.6,0.6,0.6,0.6,0.53249574,0.4900726,0.5622009,1.0,1.0,1.0,1.0,1.0,1.0,1.0,1.0,1.0,1.0,1.0,1.0,1.0,1.0136182,0.9927723,1.0234343
0.1962890625,1.0,1.0,1.0,1.0,1.0,1.0,1.0,1.0,1.0,1.0,1.0,1.0,1.0,1.1208004,1.0246261,1.1480572,0.6,0.6,0.6,0.6,0.6,0.6,0.6,0.6,0.6,0.6,0.6,0.6,0.6,0.5335523,0.48551473,0.56106037,1.0,1.0,1.0,1.0,1.0,1.0,1.0,1.0,1.0,1.0,1.0,1.0,1.0,1.0097582,0.9913262,1.0278331
0.1982421875,1.0,1.0,1.0,1.0,1.0,1.0,1.0,1.0,1.0,1.0,1.0,1.0,1.0,1.1099124,1.0190531,1.136561,0.6,0.6,0.6,0.6,0.6,0.6,0.6,0.6,0.6,0.6,0.6,0.6,0.6,0.5348309,0.48035866,0.55989885,1.0,1.0,1.0,1.0,1.0,1.0,1.0,1.0,1.0,1.0,1.0,1.0,1.0,1.0064795,0.9896092,1.0319667
0.2001953125,1.0,1.0,1.0,1.0,1.0,1.0,1.0,1.0,1.0,1.0,1.0,1.0,1.0,1.0973212,1.0144889,1.1252629,0.6,0.6,0.6,0.6,0.6,0.6,0.6,0.6,0.6,0.6,0.6,0.6,0.6,0.5363114,0.4748593,0.5587537,1.0,1.0,1.0,1.0,1.0,1.0,1.0,1.0,1.0,1.0,1.0,1.0,1.0,1.0040127,0.98769593,1.035537
0.2021484375,1.0,1.0,1.0,1.0,1.0,1.0,1.0,1.0,1.0,1.0,1.0,1.0,1.0,1.0838759,1.0110501,1.1145879,0.6,0.6,0.6,0.6,0.6,0.6,0.6,0.6,0.6,0.6,0.6,0.6,0.6,0.5379594,0.4692968,0.55766594,1.0,1.0,1.0,1.0,1.0,1.0,1.0,1.0,1.0,1.0,1.0,1.0,1.0,1.0025747,0.9856309,1.0383132
0.2041015625,1.0,1.0,1.0,1.0,1.0,1.0,1.0,1.0,1.0,1.0,1.0,1.0,1.0,1.070247,1.0088993,1.1048031,0.6,0.6,0.6,0.6,0.6,0.6,0.6,0.6,0.6,0.6,0.6,0.6,0.6,0.53973556,0.46395797,0.55668074,1.0,1.0,1.0,1.0,1.0,1.0,1.0,1.0,1.0,1.0,1.0,1.0,1.0,1.0023476,0.98341334,1.040152
0.2060546875,1.0,1.0,1.0,1.0,1.0,1.0,1.0,1.0,1.0,1.0,1.0,1.0,1.0,1.0569175,1.0082357,1.096039,0.6,0.6,0.6,0.6,0.6,0.6,0.6,0.6,0.6,0.6,0.6,0.6,0.6,0.5416052,0.45911628,0.55584836,1.0,1.0,1.0,1.0,1.0,1.0,1.0,1.0,1.0,1.0,1.0,1.0,1.0,1.0034581,0.9809964,1.0410076
0.2080078125,1.0,1.0,1.0,1.0,1.0,1.0,1.0,1.0,1.0,1.0,1.0,1.0,1.0,1.0442151,1.0092696,1.0883256,0.6,0.6,0.6,0.6,0.6,0.6,0.6,0.6,0.6,0.6,0.6,0.6,0.6,0.54354644,0.45501435,0.55522156,1.0,1.0,1.0,1.0,1.0,1.0,1.0,1.0,1.0,1.0,1.0,1.0,1.0,1.0059628,0.97830516,1.0409307
0.2099609375,1.0,1.0,1.0,1.0,1.0,1.0,1.0,1.0,1.0,1.0,1.0,1.0,1.0,1.0323851,1.012185,1.0816288,0.6,0.6,0.6,0.6,0.6,0.6,0.6,0.6,0.6,0.6,0.6,0.6,0.6,0.54555035,0.4518502,0.55485,1.0,1.0,1.0,1.0,1.0,1.0,1.0,1.0,1.0,1.0,1.0,1.0,1.0,1.0098336,0.9752707,1.040052
0.2119140625,1.0,1.0,1.0,1.0,1.0,1.0,1.0,1.0,1.0,1.0,1.0,1.0,1.0,1.0216748,1.0171031,1.0758835,0.6,0.6,0.6,0.6,0.6,0.6,0.6,0.6,0.6,0.6,0.6,0.6,0.6,0.54761416,0.4497697,0.5547719,1.0,1.0,1.0,1.0,1.0,1.0,1.0,1.0,1.0,1.0,1.0,1.0,1.0,1.0149555,0.9718631,1.0385599
0.2138671875,1.0,1.0,1.0,1.0,1.0,1.0,1.0,1.0,1.0,1.0,1.0,1.0,1.0,1.024054,1.0124193,1.0710198,0.6,0.6,0.6,0.6,0.6,0.6,0.6,0.6,0.6,0.6,0.6,0.6,0.6,0.5497335,0.44886386,0.5550026,1.0,1.0,1.0,1.0,1.0,1.0,1.0,1.0,1.0,1.0,1.0,1.0,1.0,1.0211306,0.96811634,1.0366771
0.2158203125,1.0,1.0,1.0,1.0,1.0,1.0,1.0,1.0,1.0,1.0,1.0,1.0,1.0,1.0329615,1.0050983,1.0669835,0.6,0.6,0.6,0.6,0.6,0.6,0.6,0.6,0.6,0.6,0.6,0.6,0.6,0.5519,0.44917023,0.55552375,1.0,1.0,1.0,1.0,1.0,1.0,1.0,1.0,1.0,1.0,1.0,1.0,1.0,1.0280907,0.9641324,1.0346372
0.2177734375,1.0,1.0,1.0,1.0,1.0,1.0,1.0,1.0,1.0,1.0,1.0,1.0,1.0,1.0436424,1.0003347,1.0637499,0.6,0.6,0.6,0.6,0.6,0.6,0.6,0.6,0.6,0.6,0.6,0.6,0.6,0.5541003,0.450675,0.55627793,1.0,1.0,1.0,1.0,1.0,1.0,1.0,1.0,1.0,1.0,1.0,1.0,1.0,1.0326705,0.96007025,1.0355148
0.2197265625,1.0,1.0,1.0,1.0,1.0,1.0,1.0,1.0,1.0,1.0,1.0,1.0,1.0,1.0558157,0.9988275,1.0613261,0.6,0.6,0.6,0.6,0.6,0.6,0.6,0.6,0.6,0.6,0.6,0.6,0.6,0.55630803,0.45331478,0.55717015,1.0,1.0,1.0,1.0,1.0,1.0,1.0,1.0,1.0,1.0,1.0,1.0,1.0,1.0309916,0.9561195,1.0430428
0.2216796875,1.0,1.0,1.0,1.0,1.0,1.0,1.0,1.0,1.0,1.0,1.0,1.0,1.0,1.059742,1.0012262,1.0691164,0.6,0.6,0.6,0.6,0.6,0.6,0.6,0.6,0.6,0.6,0.6,0.6,0.6,0.5580795,0.45697677,0.5584713,1.0,1.0,1.0,1.0,1.0,1.0,1.0,1.0,1.0,1.0,1.0,1.0,1.0,1.0297954,0.9524712,1.0502865
0.2236328125,1.0,1.0,1.0,1.0,1.0,1.0,1.0,1.0,1.0,1.0,1.0,1.0,1.0,1.0590279,1.0079865,1.0831103,0.6,0.6,0.6,0.6,0.6,0.6,0.6,0.6,0.6,0.6,0.6,0.6,0.6,0.5588747,0.46149898,0.5605031,1.0,1.0,1.0,1.0,1.0,1.0,1.0,1.0,1.0,1.0,1.0,1.0,1.0,1.02925,0.94929683,1.0568402
0.2255859375,1.0,1.0,1.0,1.0,1.0,1.0,1.0,1.0,1.0,1.0,1.0,1.0,1.0,1.0591892,1.0192429,1.0973151,0.6,0.6,0.6,0.6,0.6,0.6,0.6,0.6,0.6,0.6,0.6,0.6,0.6,0.5594337,0.46667287,0.56228495,1.0,1.0,1.0,1.0,1.0,1.0,1.0,1.0,1.0,1.0,1.0,1.0,1.0,1.0294938,0.94673437,1.0622942
0.2275390625,1.0,1.0,1.0,1.0,1.0,1.0,1.0,1.0,1.0,1.0,1.0,1.0,1.0,1.0601821,1.0347227,1.1112208,0.6,0.6,0.6,0.6,0.6,0.6,0.6,0.6,0.6,0.6,0.6,0.6,0.6,0.5596557,0.47224915,0.56368554,1.0,1.0,1.0,1.0,1.0,1.0,1.0,1.0,1.0,1.0,1.0,1.0,1.0,1.0306271,0.94488335,1.0662614
0.2294921875,1.0,1.0,1.0,1.0,1.0,1.0,1.0,1.0,1.0,1.0,1.0,1.0,1.0,1.061897,1.0537175,1.1243186,0.6,0.6,0.6,0.6,0.6,0.6,0.6,0.6,0.6,0.6,0.6,0.6,0.6,0.55946916,0.47794867,0.5645844,1.0,1.0,1.0,1.0,1.0,1.0,1.0,1.0,1.0,1.0,1.0,1.0,1.0,1.032705,0.94380355,1.0684103
0.2314453125,1.0,1.0,1.0,1.0,1.0,1.0,1.0,1.0,1.0,1.0,1.0,1.0,1.0,1.0751216,1.0641594,1.1361248,0.6,0.6,0.6,0.6,0.6,0.6,0.6,0.6,0.6,0.6,0.6,0.6,0.6,0.5588322,0.48347586,0.5648917,1.0,1.0,1.0,1.0,1.0,1.0,1.0,1.0,1.0,1.0,1.0,1.0,1.0,1.03573,0.94351286,1.0685061
0.2333984375,1.0,1.0,1.0,1.0,1.0,1.0,1.0,1.0,1.0,1.0,1.0,1.0,1.0,1.0975374,1.0667454,1.1462005,0.6,0.6,0.6,0.6,0.6,0.6,0.6,0.6,0.6,0.6,0.6,0.6,0.6,0.5577294,0.48853803,0.56455946,1.0,1.0,1.0,1.0,1.0,1.0,1.0,1.0,1.0,1.0,1.0,1.0,1.0,1.0396515,0.94398606,1.0664424
0.2353515625,1.0,1.0,1.0,1.0,1.0,1.0,1.0,1.0,1.0,1.0,1.0,1.0,1.0,1.119435,1.0694072,1.1541646,0.6,0.6,0.6,0.6,0.6,0.6,0.6,0.6,0.6,0.6,0.6,0.6,0.6,0.5561671,0.49286383,0.56358373,1.0,1.0,1.0,1.0,1.0,1.0,1.0,1.0,1.0,1.0,1.0,1.0,1.0,1.0443672,0.9451581,1.0622572
0.2373046875,1.0,1.0,1.0,1.0,1.0,1.0,1.0,1.0,1.0,1.0,1.0,1.0,1.0,1.1393334,1.0719023,1.1597081,0.6,0.6,0.6,0.6,0.6,0.6,0.6,0.6,0.6,0.6,0.6,0.6,0.6,0.55416834,0.496226,0.5619988,1.0,1.0,1.0,1.0,1.0,1.0,1.0,1.0,1.0,1.0,1.0,1.0,1.0,1.0497268,0.94692636,1.0561353
0.2392578125,1.0,1.0,1.0,1.0,1.0,1.0,1.0,1.0,1.0,1.0,1.0,1.0,1.0,1.1559576,1.0740182,1.1626134,0.6,0.6,0.6,0.6,0.6,0.6,0.6,0.6,0.6,0.6,0.6,0.6,0.6,0.5517681,0.49846223,0.5598664,1.0,1.0,1.0,1.0,1.0,1.0,1.0,1.0,1.0,1.0,1.0,1.0,1.0,1.0483887,0.94915843,1.0555377
0.2412109375,1.0,1.0,1.0,1.0,1.0,1.0,1.0,1.0,1.0,1.0,1.0,1.0,1.0,1.1627901,1.0755873,1.1683422,0.6,0.6,0.6,0.6,0.6,0.6,0.6,0.6,0.6,0.6,0.6,0.6,0.6,0.54901016,0.49949452,0.55726635,1.0,1.0,1.0,1.0,1.0,1.0,1.0,1.0,1.0,1.0,1.0,1.0,1.0,1.0394257,0.95169646,1.0615617
0.2431640625,1.0,1.0,1.0,1.0,1.0,1.0,1.0,1.0,1.0,1.0,1.0,1.0,1.0,1.1603163,1.0764874,1.1758715,0.6,0.6,0.6,0.6,0.6,0.6,0.6,0.6,0.6,0.6,0.6,0.6,0.6,0.5459461,0.49934345,0.5542854,1.0,1.0,1.0,1.0,1.0,1.0,1.0,1.0,1.0,1.0,1.0,1.0,1.0,1.0297092,0.9543689,1.0675145
0.2451171875,1.0,1.0,1.0,1.0,1.0,1.0,1.0,1.0,1.0,1.0,1.0,1.0,1.0,1.1554699,1.0766381,1.1782719,0.6,0.6,0.6,0.6,0.6,0.6,0.6,0.6,0.6,0.6,0.6,0.6,0.6,0.542638,0.49813026,0.55101186,1.0,1.0,1.0,1.0,1.0,1.0,1.0,1.0,1.0,1.0,1.0,1.0,1.0,1.0197133,0.9570035,1.0730708
0.2470703125,1.0,1.0,1.0,1.0,1.0,1.0,1.0,1.0,1.0,1.0,1.0,1.0,1.0,1.1487252,1.0759926,1.1755816,0.6,0.6,0.6,0.6,0.6,0.6,0.6,0.6,0.6,0.6,0.6,0.6,0.6,0.53916216,0.49606717,0.5475348,1.0,1.0,1.0,1.0,1.0,1.0,1.0,1.0,1.0,1.0,1.0,1.0,1.0,1.0098832,0.9594459,1.0778817
0.2490234375,1.0,1.0,1.0,1.0,1.0,1.0,1.0,1.0,1.0,1.0,1.0,1.0,1.0,1.1407151,1.0745296,1.1681149,0.6,0.6,0.6,0.6,0.6,0.6,0.6,0.6,0.6,0.6,0.6,0.6,0.6,0.53561324,0.4934334,0.54394495,1.0,1.0,1.0,1.0,1.0,1.0,1.0,1.0,1.0,1.0,1.0,1.0,1.0,1.0006084,0.9615831,1.0816051
0.2509765625,1.0,1.0,1.0,1.0,1.0,1.0,1.0,1.0,1.0,1.0,1.0,1.0,1.0,1.1321542,1.0722512,1.156428,0.6,0.6,0.6,0.6,0.6,0.6,0.6,0.6,0.6,0.6,0.6,0.6,0.6,0.53210425,0.49054033,0.5403379,1.0,1.0,1.0,1.0,1.0,1.0,1.0,1.0,1.0,1.0,1.0,1.0,1.0,0.9922098,0.96336347,1.0839486
0.2529296875,1.0,1.0,1.0,1.0,1.0,1.0,1.0,1.0,1.0,1.0,1.0,1.0,1.0,1.1237556,1.0691789,1.1412885,0.6,0.6,0.6,0.6,0.6,0.6,0.6,0.6,0.6,0.6,0.6,0.6,0.6,0.52876043,0.48769444,0.536814,1.0,1.0,1.0,1.0,1.0,1.0,1.0,1.0,1.0,1.0,1.0,1.0,1.0,0.9849374,0.96480507,1.0847119
0.2548828125,1.0,1.0,1.0,1.0,1.0,1.0,1.0,1.0,1.0,1.0,1.0,1.0,1.0,1.1161517,1.0653538,1.1236422,0.6,0.6,0.6,0.6,0.6,0.6,0.6,0.6,0.6,0.6,0.6,0.6,0.6,0.52570534,0.4851631,0.53347665,1.0,1.0,1.0,1.0,1.0,1.0,1.0,1.0,1.0,1.0,1.0,1.0,1.0,0.97897804,0.96599466,1.0838178
0.2568359375,1.0,1.0,1.0,1.0,1.0,1.0,1.0,1.0,1.0,1.0,1.0,1.0,1.0,1.1045763,1.0608307,1.1098433,0.6,0.6,0.6,0.6,0.6,0.6,0.6,0.6,0.6,0.6,0.6,0.6,0.6,0.52304286,0.4831525,0.5304293,1.0,1.0,1.0,1.0,1.0,1.0,1.0,1.0,1.0,1.0,1.0,1.0,1.0,0.9744591,0.967072,1.0813234
0.2587890625,1.0,1.0,1.0,1.0,1.0,1.0,1.0,1.0,1.0,1.0,1.0,1.0,1.0,1.085279,1.0556755,1.1051695,0.6,0.6,0.6,0.6,0.6,0.6,0.6,0.6,0.6,0.6,0.6,0.6,0.6,0.52083814,0.48179668,0.5277706,1.0,1.0,1.0,1.0,1.0,1.0,1.0,1.0,1.0,1.0,1.0,1.0,1.0,0.9714559,0.9682161,1.0774115
0.2607421875,1.0,1.0,1.0,1.0,1.0,1.0,1.0,1.0,1.0,1.0,1.0,1.0,1.0,1.066992,1.0499611,1.1022987,0.6,0.6,0.6,0.6,0.6,0.6,0.6,0.6,0.6,0.6,0.6,0.6,0.6,0.5191036,0.4811595,0.5255919,1.0,1.0,1.0,1.0,1.0,1.0,1.0,1.0,1.0,1.0,1.0,1.0,1.0,0.96999156,0.96962965,1.0723667
0.2626953125,1.0,1.0,1.0,1.0,1.0,1.0,1.0,1.0,1.0,1.0,1.0,1.0,1.0,1.0509487,1.0437691,1.1012347,0.6,0.6,0.6,0.6,0.6,0.6,0.6,0.6,0.6,0.6,0.6,0.6,0.6,0.5177923,0.48124254,0.52397054,1.0,1.0,1.0,1.0,1.0,1.0,1.0,1.0,1.0,1.0,1.0,1.0,1.0,0.9715303,0.97003806,1.0665402
0.2646484375,1.0,1.0,1.0,1.0,1.0,1.0,1.0,1.0,1.0,1.0,1.0,1.0,1.0,1.0383012,1.0371971,1.1018356,0.6,0.6,0.6,0.6,0.6,0.6,0.6,0.6,0.6,0.6,0.6,0.6,0.6,0.51680136,0.48199525,0.52295935,1.0,1.0,1.0,1.0,1.0,1.0,1.0,1.0,1.0,1.0,1.0,1.0,1.0,0.9741445,0.97151655,1.0603133
0.2666015625,1.0,1.0,1.0,1.0,1.0,1.0,1.0,1.0,1.0,1.0,1.0,1.0,1.0,1.0303668,1.0300417,1.1038405,0.6,0.6,0.6,0.6,0.6,0.6,0.6,0.6,0.6,0.6,0.6,0.6,0.6,0.5159839,0.48332608,0.5225722,1.0,1.0,1.0,1.0,1.0,1.0,1.0,1.0,1.0,1.0,1.0,1.0,1.0,0.97769856,0.9742986,1.0540576
0.2685546875,1.0,1.0,1.0,1.0,1.0,1.0,1.0,1.0,1.0,1.0,1.0,1.0,1.0,1.0269351,1.0234325,1.1069044,0.6,0.6,0.6,0.6,0.6,0.6,0.6,0.6,0.6,0.6,0.6,0.6,0.6,0.51516676,0.48510978,0.52277213,1.0,1.0,1.0,1.0,1.0,1.0,1.0,1.0,1.0,1.0,1.0,1.0,1.0,0.9824084,0.97820944,1.0481087
0.2705078125,1.0,1.0,1.0,1.0,1.0,1.0,1.0,1.0,1.0,1.0,1.0,1.0,1.0,1.0294708,1.0165842,1.11064,0.6,0.6,0.6,0.6,0.6,0.6,0.6,0.6,0.6,0.6,0.6,0.6,0.6,0.5141704,0.48719484,0.52346504,1.0,1.0,1.0,1.0,1.0,1.0,1.0,1.0,1.0,1.0,1.0,1.0,1.0,0.98846674,0.9830338,1.0427397
0.2724609375,1.0,1.0,1.0,1.0,1.0,1.0,1.0,1.0,1.0,1.0,1.0,1.0,1.0,1.0378348,1.010042,1.1146567,0.6,0.6,0.6,0.6,0.6,0.6,0.6,0.6,0.6,0.6,0.6,0.6,0.6,0.51282704,0.4894096,0.5245065,1.0,1.0,1.0,1.0,1.0,1.0,1.0,1.0,1.0,1.0,1.0,1.0,1.0,0.9960282,0.98852515,1.0381502
0.2744140625,1.0,1.0,1.0,1.0,1.0,1.0,1.0,1.0,1.0,1.0,1.0,1.0,1.0,1.0518998,1.0040455,1.1185968,0.6,0.6,0.6,0.6,0.6,0.6,0.6,0.6,0.6,0.6,0.6,0.6,0.6,0.51099634,0.4915682,0.5257158,1.0,1.0,1.0,1.0,1.0,1.0,1.0,1.0,1.0,1.0,1.0,1.0,1.0,1.0051908,0.99441916,1.034465
0.2763671875,1.0,1.0,1.0,1.0,1.0,1.0,1.0,1.0,1.0,1.0,1.0,1.0,1.0,1.0712281,0.9988397,1.1221644,0.6,0.6,0.6,0.6,0.6,0.6,0.6,0.6,0.6,0.6,0.6,0.6,0.6,0.50857353,0.4934779,0.52689385,1.0,1.0,1.0,1.0,1.0,1.0,1.0,1.0,1.0,1.0,1.0,1.0,1.0,1.0159708,1.0004519,1.031739
0.2783203125,1.0,1.0,1.0,1.0,1.0,1.0,1.0,1.0,1.0,1.0,1.0,1.0,1.0,1.0950894,0.99466264,1.1251404,0.6,0.6,0.6,0.6,0.6,0.6,0.6,0.6,0.6,0.6,0.6,0.6,0.6,0.50549376,0.4949472,0.52783936,1.0,1.0,1.0,1.0,1.0,1.0,1.0,1.0,1.0,1.0,1.0,1.0,1.0,1.028276,1.006379,1.029974
0.2802734375,1.0,1.0,1.0,1.0,1.0,1.0,1.0,1.0,1.0,1.0,1.0,1.0,1.0,1.1224947,0.99173135,1.1273936,0.6,0.6,0.6,0.6,0.6,0.6,0.6,0.6,0.6,0.6,0.6,0.6,0.6,0.5017316,0.4957967,0.5283609,1.0,1.0,1.0,1.0,1.0,1.0,1.0,1.0,1.0,1.0,1.0,1.0,1.0,1.0291308,1.0119953,1.0418813
0.2822265625,1.0,1.0,1.0,1.0,1.0,1.0,1.0,1.0,1.0,1.0,1.0,1.0,1.0,1.1288797,0.9902297,1.1522536,0.6,0.6,0.6,0.6,0.6,0.6,0.6,0.6,0.6,0.6,0.6,0.6,0.6,0.4972977,0.49587244,0.52828455,1.0,1.0,1.0,1.0,1.0,1.0,1.0,1.0,1.0,1.0,1.0,1.0,1.0,1.0291446,1.0171478,1.0564171
0.2841796875,1.0,1.0,1.0,1.0,1.0,1.0,1.0,1.0,1.0,1.0,1.0,1.0,1.0,1.129642,0.99029475,1.1830548,0.6,0.6,0.6,0.6,0.6,0.6,0.6,0.6,0.6,0.6,0.6,0.6,0.6,0.49506217,0.49223548,0.52746284,1.0,1.0,1.0,1.0,1.0,1.0,1.0,1.0,1.0,1.0,1.0,1.0,1.0,1.0299304,1.0217435,1.0713824
0.2861328125,1.0,1.0,1.0,1.0,1.0,1.0,1.0,1.0,1.0,1.0,1.0,1.0,1.0,1.1298085,0.9920026,1.2135618,0.6,0.6,0.6,0.6,0.6,0.6,0.6,0.6,0.6,0.6,0.6,0.6,0.6,0.49331218,0.48661712,0.52578616,1.0,1.0,1.0,1.0,1.0,1.0,1.0,1.0,1.0,1.0,1.0,1.0,1.0,1.0313811,1.0257486,1.0861876
0.2880859375,1.0,1.0,1.0,1.0,1.0,1.0,1.0,1.0,1.0,1.0,1.0,1.0,1.0,1.1295855,0.9953563,1.2425147,0.6,0.6,0.6,0.6,0.6,0.6,0.6,0.6,0.6,0.6,0.6,0.6,0.6,0.49064022,0.48054087,0.5231997,1.0,1.0,1.0,1.0,1.0,1.0,1.0,1.0,1.0,1.0,1.0,1.0,1.0,1.0333645,1.029182,1.1002173
0.2900390625,1.0,1.0,1.0,1.0,1.0,1.0,1.0,1.0,1.0,1.0,1.0,1.0,1.0,1.1292491,1.0002812,1.2688237,0.6,0.6,0.6,0.6,0.6,0.6,0.6,0.6,0.6,0.6,0.6,0.6,0.6,0.48714194,0.47412825,0.5197201,1.0,1.0,1.0,1.0,1.0,1.0,1.0,1.0,1.0,1.0,1.0,1.0,1.0,1.0357171,1.0321059,1.1129007
0.2919921875,1.0,1.0,1.0,1.0,1.0,1.0,1.0,1.0,1.0,1.0,1.0,1.0,1.0,1.1291318,1.0066222,1.2916228,0.6,0.6,0.6,0.6,0.6,0.6,0.6,0.6,0.6,0.6,0.6,0.6,0.6,0.48298556,0.46752018,0.5154458,1.0,1.0,1.0,1.0,1.0,1.0,1.0,1.0,1.0,1.0,1.0,1.0,1.0,1.0382524,1.0346178,1.1237619
0.2939453125,1.0,1.0,1.0,1.0,1.0,1.0,1.0,1.0,1.0,1.0,1.0,1.0,1.0,1.1295977,1.0141501,1.3102942,0.6,0.6,0.6,0.6,0.6,0.6,0.6,0.6,0.6,0.6,0.6,0.6,0.6,0.47839704,0.460872,0.51055455,1.0,1.0,1.0,1.0,1.0,1.0,1.0,1.0,1.0,1.0,1.0,1.0,1.0,1.0407727,1.0368398,1.1324408
0.2958984375,1.0,1.0,1.0,1.0,1.0,1.0,1.0,1.0,1.0,1.0,1.0,1.0,1.0,1.1310132,1.022569,1.3244439,0.6,0.6,0.6,0.6,0.6,0.6,0.6,0.6,0.6,0.6,0.6,0.6,0.6,0.4736364,0.4543475,0.5052863,1.0,1.0,1.0,1.0,1.0,1.0,1.0,1.0,1.0,1.0,1.0,1.0,1.0,1.0430921,1.0389097,1.1386781
0.2978515625,1.0,1.0,1.0,1.0,1.0,1.0,1.0,1.0,1.0,1.0,1.0,1.0,1.0,1.1337044,1.0315276,1.3338581,0.6,0.6,0.6,0.6,0.6,0.6,0.6,0.6,0.6,0.6,0.6,0.6,0.6,0.46896982,0.44811237,0.49991786,1.0,1.0,1.0,1.0,1.0,1.0,1.0,1.0,1.0,1.0,1.0,1.0,1.0,1.0450608,1.0409626,1.1422834
0.2998046875,1.0,1.0,1.0,1.0,1.0,1.0,1.0,1.0,1.0,1.0,1.0,1.0,1.0,1.1379186,1.0406363,1.3384619,0.6,0.6,0.6,0.6,0.6,0.6,0.6,0.6,0.6,0.6,0.6,0.6,0.6,0.46464285,0.44232836,0.494734,1.0,1.0,1.0,1.0,1.0,1.0,1.0,1.0,1.0,1.0,1.0,1.0,1.0,1.0465811,1.0431125,1.1431152
0.3017578125,1.0,1.0,1.0,1.0,1.0,1.0,1.0,1.0,1.0,1.0,1.0,1.0,1.0,1.1437825,1.0494891,1.3383024,0.6,0.6,0.6,0.6,0.6,0.6,0.6,0.6,0.6,0.6,0.6,0.6,0.6,0.46085775,0.43714574,0.49000534,1.0,1.0,1.0,1.0,1.0,1.0,1.0,1.0,1.0,1.0,1.0,1.0,1.0,1.0476184,1.0454313,1.1410806
0.3037109375,1.0,1.0,1.0,1.0,1.0,1.0,1.0,1.0,1.0,1.0,1.0,1.0,1.0,1.1512755,1.0576925,1.3335669,0.6,0.6,0.6,0.6,0.6,0.6,0.6,0.6,0.6,0.6,0.6,0.6,0.6,0.45775807,0.43269593,0.48597154,1.0,1.0,1.0,1.0,1.0,1.0,1.0,1.0,1.0,1.0,1.0,1.0,1.0,1.0481957,1.047935,1.13617
0.3056640625,1.0,1.0,1.0,1.0,1.0,1.0,1.0,1.0,1.0,1.0,1.0,1.0,1.0,1.1602213,1.0649031,1.3246173,0.6,0.6,0.6,0.6,0.6,0.6,0.6,0.6,0.6,0.6,0.6,0.6,0.6,0.45542037,0.42908284,0.482832,1.0,1.0,1.0,1.0,1.0,1.0,1.0,1.0,1.0,1.0,1.0,1.0,1.0,1.0505803,1.0483819,1.1285052
0.3076171875,1.0,1.0,1.0,1.0,1.0,1.0,1.0,1.0,1.0,1.0,1.0,1.0,1.0,1.1702976,1.0708599,1.3120134,0.6,0.6,0.6,0.6,0.6,0.6,0.6,0.6,0.6,0.6,0.6,0.6,0.6,0.45385265,0.4263751,0.48073804,1.0,1.0,1.0,1.0,1.0,1.0,1.0,1.0,1.0,1.0,1.0,1.0,1.0,1.0532694,1.0482726,1.1183757
0.3095703125,1.0,1.0,1.0,1.0,1.0,1.0,1.0,1.0,1.0,1.0,1.0,1.0,1.0,1.1810597,1.0754089,1.296499,0.6,0.6,0.6,0.6,0.6,0.6,0.6,0.6,0.6,0.6,0.6,0.6,0.6,0.45299962,0.4245997,0.47978872,1.0,1.0,1.0,1.0,1.0,1.0,1.0,1.0,1.0,1.0,1.0,1.0,1.0,1.0558661,1.0479734,1.106243
0.3115234375,1.0,1.0,1.0,1.0,1.0,1.0,1.0,1.0,1.0,1.0,1.0,1.0,1.0,1.1919789,1.0785091,1.2789415,0.6,0.6,0.6,0.6,0.6,0.6,0.6,0.6,0.6,0.6,0.6,0.6,0.6,0.45275128,0.42373875,0.48002654,1.0,1.0,1.0,1.0,1.0,1.0,1.0,1.0,1.0,1.0,1.0,1.0,1.0,1.0582076,1.0475831,1.0927049
0.3134765625,1.0,1.0,1.0,1.0,1.0,1.0,1.0,1.0,1.0,1.0,1.0,1.0,1.0,1.2024795,1.0802217,1.2602352,0.6,0.6,0.6,0.6,0.6,0.6,0.6,0.6,0.6,0.6,0.6,0.6,0.6,0.45295712,0.42373037,0.4814372,1.0,1.0,1.0,1.0,1.0,1.0,1.0,1.0,1.0,1.0,1.0,1.0,1.0,1.0601194,1.047191,1.0784231
0.3154296875,1.0,1.0,1.0,1.0,1.0,1.0,1.0,1.0,1.0,1.0,1.0,1.0,1.0,1.2119753,1.0806838,1.2411975,0.6,0.6,0.6,0.6,0.6,0.6,0.6,0.6,0.6,0.6,0.6,0.6,0.6,0.45344228,0.4244724,0.4839518,1.0,1.0,1.0,1.0,1.0,1.0,1.0,1.0,1.0,1.0,1.0,1.0,1.0,1.0614232,1.0468713,1.0640435
0.3173828125,1.0,1.0,1.0,1.0,1.0,1.0,1.0,1.0,1.0,1.0,1.0,1.0,1.0,1.2199023,1.0800812,1.2224888,0.6,0.6,0.6,0.6,0.6,0.6,0.6,0.6,0.6,0.6,0.6,0.6,0.6,0.4540249,0.4258292,0.48745036,1.0,1.0,1.0,1.0,1.0,1.0,1.0,1.0,1.0,1.0,1.0,1.0,1.0,1.0501171,1.04669,1.0619489
0.3193359375,1.0,1.0,1.0,1.0,1.0,1.0,1.0,1.0,1.0,1.0,1.0,1.0,1.0,1.2045643,1.0786223,1.2257463,0.6,0.6,0.6,0.6,0.6,0.6,0.6,0.6,0.6,0.6,0.6,0.6,0.6,0.45453283,0.42764097,0.49176806,1.0,1.0,1.0,1.0,1.0,1.0,1.0,1.0,1.0,1.0,1.0,1.0,1.0,1.0467075,1.037048,1.0615447
0.3212890625,1.0,1.0,1.0,1.0,1.0,1.0,1.0,1.0,1.0,1.0,1.0,1.0,1.0,1.1876792,1.0765232,1.2290703,0.6,0.6,0.6,0.6,0.6,0.6,0.6,0.6,0.6,0.6,0.6,0.6,0.6,0.45481762,0.42973387,0.4967047,1.0,1.0,1.0,1.0,1.0,1.0,1.0,1.0,1.0,1.0,1.0,1.0,1.0,1.0469797,1.0250701,1.060096
0.3232421875,1.0,1.0,1.0,1.0,1.0,1.0,1.0,1.0,1.0,1.0,1.0,1.0,1.0,1.1719253,1.0739971,1.2295382,0.6,0.6,0.6,0.6,0.6,0.6,0.6,0.6,0.6,0.6,0.6,0.6,0.6,0.4547661,0.43193138,0.5020385,1.0,1.0,1.0,1.0,1.0,1.0,1.0,1.0,1.0,1.0,1.0,1.0,1.0,1.0475534,1.0142521,1.0575447
0.3251953125,1.0,1.0,1.0,1.0,1.0,1.0,1.0,1.0,1.0,1.0,1.0,1.0,1.0,1.1572955,1.0712487,1.2269436,0.6,0.6,0.6,0.6,0.6,0.6,0.6,0.6,0.6,0.6,0.6,0.6,0.6,0.45430782,0.43406528,0.5075434,1.0,1.0,1.0,1.0,1.0,1.0,1.0,1.0,1.0,1.0,1.0,1.0,1.0,1.0484586,1.0045319,1.0539088
0.3271484375,1.0,1.0,1.0,1.0,1.0,1.0,1.0,1.0,1.0,1.0,1.0,1.0,1.0,1.1437547,1.068467,1.2212315,0.6,0.6,0.6,0.6,0.6,0.6,0.6,0.6,0.6,0.6,0.6,0.6,0.6,0.45341903,0.435987,0.5130129,1.0,1.0,1.0,1.0,1.0,1.0,1.0,1.0,1.0,1.0,1.0,1.0,1.0,1.0492982,0.99577063,1.0496889
0.3291015625,1.0,1.0,1.0,1.0,1.0,1.0,1.0,1.0,1.0,1.0,1.0,1.0,1.0,1.1313012,1.0658185,1.2125185,0.6,0.6,0.6,0.6,0.6,0.6,0.6,0.6,0.6,0.6,0.6,0.6,0.6,0.45212498,0.4375771,0.5182846,1.0,1.0,1.0,1.0,1.0,1.0,1.0,1.0,1.0,1.0,1.0,1.0,1.0,1.0439204,0.9878168,1.0511919
0.3310546875,1.0,1.0,1.0,1.0,1.0,1.0,1.0,1.0,1.0,1.0,1.0,1.0,1.0,1.1200058,1.063439,1.2010989,0.6,0.6,0.6,0.6,0.6,0.6,0.6,0.6,0.6,0.6,0.6,0.6,0.6,0.45049804,0.43875253,0.52326375,1.0,1.0,1.0,1.0,1.0,1.0,1.0,1.0,1.0,1.0,1.0,1.0,1.0,1.0380734,0.9805679,1.0528605
0.3330078125,1.0,1.0,1.0,1.0,1.0,1.0,1.0,1.0,1.0,1.0,1.0,1.0,1.0,1.1100143,1.0614294,1.18744,0.6,0.6,0.6,0.6,0.6,0.6,0.6,0.6,0.6,0.6,0.6,0.6,0.6,0.44865212,0.43947113,0.527936,1.0,1.0,1.0,1.0,1.0,1.0,1.0,1.0,1.0,1.0,1.0,1.0,1.0,1.0321279,0.974011,1.054545
0.3349609375,1.0,1.0,1.0,1.0,1.0,1.0,1.0,1.0,1.0,1.0,1.0,1.0,1.0,1.1015127,1.0598567,1.1721625,0.6,0.6,0.6,0.6,0.6,0.6,0.6,0.6,0.6,0.6,0.6,0.6,0.6,0.4467318,0.43973196,0.532366,1.0,1.0,1.0,1.0,1.0,1.0,1.0,1.0,1.0,1.0,1.0,1.0,1.0,1.0264992,0.96822745,1.0560764
0.3369140625,1.0,1.0120186991369493,1.0030046747842374,1.0,1.0024764056379234,1.0024121120952527,1.0025238866385773,1.003001487099538,1.0029794005851091,1.0030046604683274,1.0024764056379234,1.0024121120952527,1.0025238866385773,1.0946629,1.0587515,1.1560047,0.6,0.585218436787213,0.59627139864103,0.6,0.5981271428147243,0.5979602679408517,0.5983531315895397,0.5962825907208837,0.596271448904565,0.5963601392507935,0.5981271428147243,0.5979602679408517,0.5983531315895397,0.44489756,0.43957195,0.536675,1.0,1.0171884492189032,1.0043053794882282,1.0,1.002129179403172,1.0018642284050676,1.0023248334744685,1.0042922519905153,1.0042012941024534,1.004305320532674,1.002129179403172,1.0018642284050676,1.0023248334744685,1.0216129,0.96335137,1.0572976
0.3388671875,1.0,1.0120186991369493,1.009014024352712,1.0,1.0056185220927891,1.0052052689793718,1.0059237109272088,1.0089935351935848,1.008851571934552,1.009013932335782,1.0056185220927891,1.0052052689793718,1.0059237109272088,1.0895193,1.0581084,1.1397789,0.6,0.585218436787213,0.5888808148255831,0.6,0.59424397220877,0.5937604490100177,0.5948991740333716,0.5889130689705344,0.5888809596762027,0.5891365842858113,0.59424397220877,0.5937604490100177,0.5948991740333716,0.4433093,0.4390598,0.5410036,1.0,1.0171884492189032,1.012899554861104,1.0,1.0066284542634172,1.005864430727886,1.007192577479204,1.012861748448087,1.0125997875783923,1.0128993850732273,1.0066284542634172,1.005864430727886,1.007192577479204,1.0178658,0.9594979,1.0580881
0.3408203125,1.0,1.0120186991369493,1.0150233739211867,1.0,1.0087606385476549,1.0079984258634909,1.0093235352158405,1.0149855832876318,1.0147237432839953,1.0150232042032372,1.0087606385476549,1.0079984258634909,1.0093235352158405,1.0859524,1.0578827,1.1243154,0.6,0.585218436787213,0.5815777415104916,0.6,0.5903849924242887,0.5895889235765819,0.5914643582636941,0.5816305603354162,0.5815779787113418,0.5819966342483519,0.5903849924242887,0.5895889235765819,0.5914643582636941,0.44211522,0.43828708,0.54546905,1.0,1.0171884492189032,1.0214719460347097,1.0,1.0111217014153207,1.0098598628660356,1.012053272110805,1.0214095843951478,1.0209774681148762,1.021471665970765,1.0111217014153207,1.0098598628660356,1.012053272110805,1.0155874,0.9566767,1.0583763
0.3427734375,1.0,1.0120186991369493,1.0210327234896612,1.0,1.0312192302694299,1.0303036637661707,1.0324589896096819,1.0210941909670428,1.0210329995404506,1.0215200807441407,1.0312192302694299,1.0303036637661707,1.0324589896096819,1.0836061,1.0579863,1.1104044,0.6,0.585218436787213,0.5743606335507994,0.6,0.558814025410931,0.5569428495182536,0.5601987859712396,0.5742658918970329,0.5736097684774736,0.5743602080399954,0.558814025410931,0.5569428495182536,0.5601987859712396,0.44144624,0.4373588,0.5501318,1.0,1.0171884492189032,1.030022937645695,1.0,1.0486754915462986,1.0470030350160944,1.050938889978604,1.0301357899561427,1.0300234444742564,1.0309176092293029,1.0486754915462986,1.0470030350160944,1.050938889978604,1.0150071,0.95472777,1.0581331
0.3447265625,1.0,1.2159682649075607,1.1210650787385186,1.0,1.0862649344382957,1.0818527176921968,1.107082190468407,1.1210195511748435,1.1202677473814056,1.12106103261304,1.0862649344382957,1.0818527176921968,1.107082190468407,1.0819154,1.0582927,1.0987381,0.6,0.3522721626865321,0.4582886413448078,0.6,0.5137364886697462,0.48014895699870275,0.5210213815132388,0.4583589324916376,0.4582948880282135,0.4595204873430908,0.5137364886697462,0.48014895699870275,0.5210213815132388,0.44141954,0.4363836,0.5549854,1.0,1.3264711643267877,1.1722329897067936,1.0,1.110980046555757,1.1031150689362665,1.1477837936990003,1.1721537277854293,1.170844542668549,1.1722259456312967,1.110980046555757,1.1031150689362665,1.1477837936990003,1.0162265,0.9533062,1.0573593
0.3466796875,1.0,1.2159682649075607,1.18433386951788,1.0,1.1272789685124525,1.1200451309889239,1.1614088983126296,1.18425922699295,1.1830266432818002,1.184327235887667,1.1272789685124525,1.1200451309889239,1.1614088983126296,1.0801969,1.0586491,1.0898614,0.6,0.3522721626865321,0.38572313881569925,0.6,0.46229761957870413,0.4155870137858374,0.4725635538993554,0.3858184978959608,0.38573161308088993,0.3873949173282654,0.46229761957870413,0.4155870137858374,0.4725635538993554,0.44214657,0.43546522,0.5599756,1.0,1.3264711643267877,1.275633406755794,1.0,1.179482297127155,1.1670918528123877,1.237323388863818,1.2755093436625669,1.2734600468072044,1.2756223811954097,1.179482297127155,1.1670918528123877,1.237323388863818,1.0192112,0.95193833,1.0560702
0.3486328125,1.0,1.2159682649075607,1.2476026602972414,1.0613206838172586,1.2421355808890815,1.2414424245875202,1.2454059578965666,1.24759550794742,1.2474774000739979,1.2476020246536332,1.2421355808890815,1.2414424245875202,1.2454059578965666,1.0778068,1.0588948,1.0841353,0.6,0.3522721626865321,0.3205175622364434,0.52588419915938,0.32502363921964966,0.3223233741464628,0.3255977875554491,0.3205234315481242,0.3205180838511658,0.3206203621435717,0.32502363921964966,0.3223233741464628,0.3255977875554491,0.44373718,0.43469626,0.5650425,1.0,1.3264711643267877,1.3767922704152384,1.0898805296653127,1.3683249077316095,1.3672506293703355,1.3733912523511052,1.3767811995117005,1.3765983814606038,1.3767912865226342,1.3683249077316095,1.3672506293703355,1.3733912523511052,1.0237986,0.9501388,1.054289
0.3505859375,1.6019442880567492,1.2159682649075607,1.3108714510766029,1.3539901286394187,1.4081935757904134,1.3499760129526395,1.4205327863616017,1.3109987735150295,1.3108827664759028,1.3131012688930392,1.4081935757904134,1.3499760129526395,1.4205327863616017,1.0743217,1.0588874,1.0817198,0.0,0.3522721626865321,0.26160623820018447,0.2209022737189934,0.16367873130418395,0.15222124530173137,0.22056156069532543,0.26146862562021783,0.2592000663857748,0.26159400721317205,0.16367873130418395,0.15222124530173137,0.22056156069532543,0.4462981,0.4341551,0.57016206,1.9580619920195346,1.3264711643267877,1.4760341442545943,1.5468391402195725,1.6285025516195049,1.5379271519386657,1.6474775469029386,1.4762371407063841,1.476052185356602,1.4795878194016543,1.6285025516195049,1.5379271519386657,1.6474775469029386,1.0297229,0.94755065,1.052041
0.3525390625,1.6019442880567492,1.518169025371841,1.4827299081822674,1.5431279980581079,1.4767913131582784,1.4546227218311139,1.482161200178846,1.4827269669613037,1.4824207694528826,1.4827292699195675,1.4767913131582784,1.4546227218311139,1.482161200178846,1.069674,1.0585223,1.082575,0.0,0.09002995379307555,0.1484224372281526,0.021824759578642897,0.15219277216138472,0.14878219422641492,0.16653927339156482,0.1484242970948472,0.14842284082982304,0.14861795996942084,0.15219277216138472,0.14878219422641492,0.16653927339156482,0.4499208,0.43390787,0.5753628,1.9580619920195346,1.8164538662750782,1.7549010171659305,1.8580630069265134,1.7459114191025922,1.7122779127754966,1.7540404943685004,1.7548965669464553,1.7544332630492576,1.7549000514416206,1.7459114191025922,1.7122779127754966,1.7540404943685004,1.036658,0.94404787,1.0493563
0.3544921875,1.6019442880567492,1.518169025371841,1.5063559863086498,1.6221610338894399,1.5088456302944042,1.506594406415535,1.5181393941977137,1.5063572193600792,1.5063562538882516,1.5064855868918294,1.5088456302944042,1.506594406415535,1.5181393941977137,1.0641857,1.0577466,1.0864775,0.0,0.09002995379307555,0.10918883398455732,0.024482170172848386,0.10717779397065334,0.09972891244365831,0.1089959594901003,0.10918783632701343,0.10908398354682704,0.10918861748671052,0.10717779397065334,0.09972891244365831,0.1089959594901003,0.4546612,0.43401307,0.5807069,1.9580619920195346,1.8164538662750782,1.7961627069998356,1.9923288219341955,1.8000091305452375,1.7965311644131705,1.8143463151380679,1.796164612630599,1.7961631205332633,1.796362996141816,1.8000091305452375,1.7965311644131705,1.8143463151380679,1.0442551,0.9397602,1.0462644
0.3564453125,1.6019442880567492,1.518169025371841,1.5299820644350322,1.6095440006195916,1.531961596109695,1.530171633769506,1.5393511265520834,1.52998304484202,1.5299822771892655,1.5300851106781603,1.531961596109695,1.530171633769506,1.5393511265520834,1.0584861,1.0565588,1.0930508,0.0,0.09002995379307555,0.0711669262202224,0.004396731457240173,0.07005523414804048,0.06593057997247989,0.07106034078320331,0.0711663749180401,0.07110898515097744,0.07116680658426161,0.07005523414804048,0.06593057997247989,0.07106034078320331,0.4605159,0.4345274,0.5862504,1.9580619920195346,1.8164538662750782,1.8365255623849013,1.9709287517203982,1.8394653253305009,1.8368071208019396,1.8504327199550386,1.8365270185551792,1.8365258783826555,1.8366786129860604,1.8394653253305009,1.8368071208019396,1.8504327199550386,1.0427889,0.9350161,1.0521771
0.3583984375,1.6019442880567492,1.518169025371841,1.5536081425614146,1.5903158802646413,1.5550775619249861,1.5537488611234767,1.560562858906453,1.553608870323961,1.5536083004902792,1.5536846344644915,1.5550775619249861,1.5537488611234767,1.560562858906453,1.0549959,1.0533497,1.1017973,0.0,0.09002995379307555,0.034301434335471184,-0.012407978193657363,0.03403631551329654,0.033051045713511966,0.03427602358898368,0.034301302905362444,0.03428762097155636,0.03430140581433392,0.03403631551329654,0.033051045713511966,0.03427602358898368,0.46740124,0.4355087,0.5920039,1.9580619920195346,1.8164538662750782,1.87603058967079,1.937978897653308,1.8781021569137544,1.876228974660282,1.8858348687692228,1.8760316156712573,1.8760308123190845,1.876138427984163,1.8781021569137544,1.876228974660282,1.8858348687692228,1.0389339,0.9302423,1.0601108
0.3603515625,1.6019442880567492,1.5654211816246058,1.5654211816246058,1.5916562865956112,1.5654211816246058,1.5654211816246058,1.5654211816246058,1.5654211816246058,1.5654211816246058,1.5654211816246058,1.5654211816246058,1.5654211816246058,1.5654211816246058,1.0531138,1.0495143,1.1121325,0.0,-0.010472129710237286,-0.010472129710237286,-0.006502990432994998,-0.010472129710237286,-0.010472129710237286,-0.010472129710237286,-0.010472129710237286,-0.010472129710237286,-0.010472129710237286,-0.010472129710237286,-0.010472129710237286,-0.010472129710237286,0.47514066,0.43701488,0.59791493,1.9580619920195346,1.8955222611502065,1.8955222611502065,1.9403309486526537,1.8955222611502065,1.8955222611502065,1.8955222611502065,1.8955222611502065,1.8955222611502065,1.8955222611502065,1.8955222611502065,1.8955222611502065,1.8955222611502065,1.0346817,0.9258614,1.0677578
0.3623046875,1.6019442880567492,1.5654211816246058,1.5654211816246058,1.6066749473982305,1.5654211816246058,1.5654211816246058,1.5654211816246058,1.5654211816246058,1.5654211816246058,1.5654211816246058,1.5654211816246058,1.5654211816246058,1.5654211816246058,1.0509647,1.0475262,1.1234133,0.0,-0.010472129710237286,-0.010472129710237286,0.004622400782991829,-0.010472129710237286,-0.010472129710237286,-0.010472129710237286,-0.010472129710237286,-0.010472129710237286,-0.010472129710237286,-0.010472129710237286,-0.010472129710237286,-0.010472129710237286,0.48346394,0.43909705,0.603871,1.9580619920195346,1.8955222611502065,1.8955222611502065,1.9661222585042735,1.8955222611502065,1.8955222611502065,1.8955222611502065,1.8955222611502065,1.8955222611502065,1.8955222611502065,1.8955222611502065,1.8955222611502065,1.8955222611502065,1.0299962,0.922219,1.0748184
0.3642578125,1.6019442880567492,1.5654211816246058,1.5654211816246058,1.6095903641851068,1.5654211816246058,1.5654211816246058,1.5654211816246058,1.5654211816246058,1.5654211816246058,1.5654211816246058,1.5654211816246058,1.5654211816246058,1.5654211816246058,1.0485866,1.0476527,1.1349652,0.0,-0.010472129710237286,-0.010472129710237286,0.004892285380701856,-0.010472129710237286,-0.010472129710237286,-0.010472129710237286,-0.010472129710237286,-0.010472129710237286,-0.010472129710237286,-0.010472129710237286,-0.010472129710237286,-0.010472129710237286,0.49201953,0.44179186,0.60971534,1.9580619920195346,1.8955222611502065,1.8955222611502065,1.9711724633314538,1.8955222611502065,1.8955222611502065,1.8955222611502065,1.8955222611502065,1.8955222611502065,1.8955222611502065,1.8955222611502065,1.8955222611502065,1.8955222611502065,1.0248498,0.9195493,1.0809734
0.3662109375,1.6019442880567492,1.5654211816246058,1.5654211816246058,1.6018031695937853,1.5654211816246058,1.5654211816246058,1.5654211816246058,1.5654211816246058,1.5654211816246058,1.5654211816246058,1.5654211816246058,1.5654211816246058,1.5654211816246058,1.0498585,1.0460014,1.1461037,0.0,-0.010472129710237286,-0.010472129710237286,6.485707304923541e-05,-0.010472129710237286,-0.010472129710237286,-0.010472129710237286,-0.010472129710237286,-0.010472129710237286,-0.010472129710237286,-0.010472129710237286,-0.010472129710237286,-0.010472129710237286,0.5003978,0.44511348,0.61526537,1.9580619920195346,1.8955222611502065,1.8955222611502065,1.9577694561232077,1.8955222611502065,1.8955222611502065,1.8955222611502065,1.8955222611502065,1.8955222611502065,1.8955222611502065,1.8955222611502065,1.8955222611502065,1.8955222611502065,1.0192579,0.91797,1.0858815
0.3681640625,1.6019442880567492,1.6096411147731522,1.6018721147848214,1.5971782440255975,1.6018978664610861,1.6018915225619064,1.6019893106297767,1.601872116047072,1.6018721157131548,1.601872116913707,1.6018978664610861,1.6018915225619064,1.6019893106297767,1.0538417,1.0432205,1.1561612,0.0,0.008665912697577485,0.007044542799804718,-0.00326311803978765,0.007049943085330056,0.007048612746617396,0.007069118089280217,0.007044543064510686,0.007044542994485088,0.007044543246252325,0.007049943085330056,0.007048612746617396,0.007069118089280217,0.5081625,0.4490493,0.6203284,1.9580619920195346,1.9710102015828048,1.9575151031978146,1.9499060662754697,1.957559837800247,1.9575488174783038,1.9577186901639152,1.957515105390537,1.9575151048104722,1.9575151068960153,1.957559837800247,1.9575488174783038,1.9577186901639152,1.0133096,0.91749865,1.0891933
0.3701171875,1.6019442880567492,1.6096411147731522,1.6070514481103753,1.6002128643920952,1.6070600320024635,1.6070579173694035,1.607090513392027,1.6070514485311254,1.6070514484198197,1.6070514488200038,1.6070600320024635,1.6070579173694035,1.607090513392027,1.05911,1.0402517,1.164512,0.0,0.008665912697577485,0.008127197891641512,-0.0016272083823450697,0.008128986421732936,0.008128545820942957,0.008135337335362964,0.008127197979309008,0.008127197956117355,0.008127198039499696,0.008128986421732936,0.008128545820942957,0.008135337335362964,0.5148901,0.45355722,0.6247119,1.9580619920195346,1.9710102015828048,1.9665120229145598,1.955102569128373,1.9665269332040387,1.9665232600696256,1.9665798796058347,1.9665120236454068,1.9665120234520677,1.9665120241471907,1.9665269332040387,1.9665232600696256,1.9665798796058347,1.0071748,0.9180755,1.0905862
0.3720703125,1.6019442880567492,1.6096411147731522,1.6122307814359291,1.6043864640295713,1.6122221975438409,1.6121917161542774,1.6122243121769009,1.612230781015179,1.6122307807263005,1.6122307811264847,1.6122221975438409,1.6121917161542774,1.6122243121769009,1.0650644,1.0370996,1.1706015,0.0,0.008665912697577485,0.009202896868185387,0.0017027593878090233,0.009201119792081118,0.009194809244254008,0.009201557574723357,0.009202896781080255,0.009202896721275675,0.00920289680412314,0.009201119792081118,0.009194809244254008,0.009201557574723357,0.5202144,0.45856702,0.6282282,1.9580619920195346,1.9710102015828048,1.9755081939954051,1.962166406446746,1.9754932849386355,1.9754403428811165,1.9754969577697519,1.975508193264619,1.9755081927628768,1.9755081934579422,1.9754932849386355,1.9754403428811165,1.9754969577697519,1.0010834,0.91958344,1.0898054
0.3740234375,1.6019442880567492,1.6096411147731522,1.617410114761483,1.6036695604301543,1.6173843630852183,1.6172929189165277,1.617390706984398,1.6174101134992325,1.6174101126325975,1.6174101138331496,1.6173843630852183,1.6172929189165277,1.617390706984398,1.0710806,1.0337594,1.1739748,0.0,0.008665912697577485,0.010271706554861924,0.0016951295615433397,0.01026640935947622,0.010247597662523223,0.01026771433381487,0.010271706295217436,0.010271706116950904,0.010271706363904063,0.01026640935947622,0.010247597662523223,0.01026771433381487,0.5238751,0.46398264,0.6306949,1.9580619920195346,1.9710102015828048,1.984503623632281,1.9609696018338125,1.9844589001246877,1.9843000868610992,1.9844699177168486,1.984503621440103,1.984503619934999,1.984503622020024,1.9844589001246877,1.9843000868610992,1.9844699177168486,0.99527335,0.9218569,1.0867108
0.3759765625,1.6019442880567492,1.61999978142426,1.61999978142426,1.601209836694485,1.61999978142426,1.61999978142426,1.61999978142426,1.61999978142426,1.61999978142426,1.61999978142426,1.61999978142426,1.61999978142426,1.61999978142426,1.0765599,1.0302128,1.1743025,0.0,0.010803548563766963,0.010803548563766963,-0.000526012166798441,0.010803548563766963,0.010803548563766963,0.010803548563766963,0.010803548563766963,0.010803548563766963,0.010803548563766963,0.010803548563766963,0.010803548563766963,0.010803548563766963,0.52576053,0.4696877,0.63193,1.9580619920195346,1.989001062631561,1.989001062631561,1.9568491220822941,1.989001062631561,1.989001062631561,1.989001062631561,1.989001062631561,1.989001062631561,1.989001062631561,1.989001062631561,1.989001062631561,1.989001062631561,0.98993653,0.9246783,1.0813117
0.3779296875,1.6019442880567492,1.61999978142426,1.61999978142426,1.6007818839795884,1.61999978142426,1.61999978142426,1.61999978142426,1.61999978142426,1.61999978142426,1.61999978142426,1.61999978142426,1.61999978142426,1.61999978142426,1.0809635,1.0264223,1.1714007,0.0,0.010803548563766963,0.010803548563766963,-0.0010975443544828305,0.010803548563766963,0.010803548563766963,0.010803548563766963,0.010803548563766963,0.010803548563766963,0.010803548563766963,0.010803548563766963,0.010803548563766963,0.010803548563766963,0.5259356,0.4755541,0.63174814,1.9580619920195346,1.989001062631561,1.989001062631561,1.9560568244681493,1.989001062631561,1.989001062631561,1.989001062631561,1.989001062631561,1.989001062631561,1.989001062631561,1.989001062631561,1.989001062631561,1.989001062631561,0.98517257,0.92776924,1.0737846
0.3798828125,1.6019442880567492,1.61999978142426,1.61999978142426,1.6017286666548107,1.61999978142426,1.61999978142426,1.61999978142426,1.61999978142426,1.61999978142426,1.61999978142426,1.61999978142426,1.61999978142426,1.61999978142426,1.0838444,1.0223341,1.1652455,0.0,0.010803548563766963,0.010803548563766963,-0.00012547387190401215,0.010803548563766963,0.010803548563766963,0.010803548563766963,0.010803548563766963,0.010803548563766963,0.010803548563766963,0.010803548563766963,0.010803548563766963,0.010803548563766963,0.5246453,0.4814536,0.6299708,1.9580619920195346,1.989001062631561,1.989001062631561,1.957683699205564,1.989001062631561,1.989001062631561,1.989001062631561,1.989001062631561,1.989001062631561,1.989001062631561,1.989001062631561,1.989001062631561,1.989001062631561,0.9809736,0.9307921,1.0644697
0.3818359375,1.6019442880567492,1.61999978142426,1.61999978142426,1.6026386735155773,1.61999978142426,1.61999978142426,1.61999978142426,1.61999978142426,1.61999978142426,1.61999978142426,1.61999978142426,1.61999978142426,1.61999978142426,1.0849042,1.0178915,1.1559801,0.0,0.010803548563766963,0.010803548563766963,0.0006678883413480089,0.010803548563766963,0.010803548563766963,0.010803548563766963,0.010803548563766963,0.010803548563766963,0.010803548563766963,0.010803548563766963,0.010803548563766963,0.010803548563766963,0.5222865,0.48727137,0.6264695,1.9580619920195346,1.989001062631561,1.989001062631561,1.9592750443351363,1.989001062631561,1.989001062631561,1.989001062631561,1.989001062631561,1.989001062631561,1.989001062631561,1.989001062631561,1.989001062631561,1.989001062631561,0.97724795,0.9333948,1.0538428
0.3837890625,1.6019442880567492,1.6028304172271681,1.6082826828969305,1.6024072596491172,1.6082881962318507,1.6082847407602785,1.608319357374679,1.6082828295236016,1.6082826888327046,1.608283518730371,1.6082881962318507,1.6082847407602785,1.608319357374679,1.0840884,1.0130497,1.1439133,0.0,0.0012954887160126303,0.004676681043774893,0.0003301736539587601,0.00468914016005654,0.004681331443977923,0.004759556968496372,0.004677012394013245,0.004676694457571436,0.004678569878112908,0.00468914016005654,0.004681331443977923,0.004759556968496372,0.5193523,0.49291778,0.6212468,1.9580619920195346,1.9594881644323705,1.9687880250847292,1.9588107847870857,1.9687963808045292,1.9687911438856314,1.96884360511293,1.968788247305676,1.9687880340807293,1.9687892918362575,1.9687963808045292,1.9687911438856314,1.96884360511293,0.9738695,0.9353003,1.0424689
0.3857421875,1.6019442880567492,1.6028304172271681,1.604647839117089,1.601659901366943,1.6046577821063976,1.6046515503578471,1.6047139794741394,1.60464810355004,1.6046478498219237,1.604649346495669,1.6046577821063976,1.6046515503578471,1.6047139794741394,1.0816802,1.0077964,1.1295125,0.0,0.0012954887160126303,0.0024251058477225726,-0.00031342316739637,0.0024372419569705928,0.0024296356925008794,0.0025058319215145565,0.0024254286084575308,0.0024251189137977874,0.0024269457176777434,0.0024372419569705928,0.0024296356925008794,0.0025058319215145565,0.51636267,0.49833545,0.6145266,1.9580619920195346,1.9594881644323705,1.9625889342411689,1.9574656929255645,1.9626052180907254,1.9625950122318256,1.962697251963448,1.96258936730998,1.9625889517727595,1.9625914029138893,1.9626052180907254,1.9625950122318256,1.962697251963448,0.9707404,0.9364168,1.0309454
0.3876953125,1.6019442880567492,1.6028304172271681,1.6010129953372472,1.6015238967972003,1.60099876533439,1.6009183379419123,1.6010076839600595,1.6010126168915373,1.6010108380381862,1.6010129800169222,1.60099876533439,1.6009183379419123,1.6010076839600595,1.0783165,1.0021638,1.1133856,0.0,0.0012954887160126303,0.00016330696938903231,-0.00027956811178052684,0.0001468973072732182,5.41450862375655e-05,0.00015718206411892543,0.00016287055960328718,0.00016081924805230692,0.00016328930255328522,0.0001468973072732182,5.41450862375655e-05,0.00015718206411892543,0.5137981,0.5034996,0.606795,1.9580619920195346,1.9594881644323705,1.9563865746591935,1.9573865563938462,1.956363130395089,1.956230621134119,1.956377824060633,1.9563859511632256,1.956383020469385,1.9563865494186912,1.956363130395089,1.956230621134119,1.956377824060633,0.9678334,0.93689555,1.0198445
0.3896484375,1.6019442880567492,1.6028304172271681,1.5973781515574057,1.601996794714281,1.5973769252360341,1.5973699941179416,1.597377693830487,1.5973781189434937,1.5973779656444462,1.5973781502371218,1.5973769252360341,1.5973699941179416,1.597377693830487,1.0748855,0.99623376,1.0962478,0.0,0.0012954887160126303,-0.0021087853833809123,3.208688070658328e-05,-0.0021171055624845457,-0.002164131113658999,-0.002111890905471675,-0.002109006657667716,-0.0021100467396193458,-0.002108794341056514,-0.0021171055624845457,-0.002164131113658999,-0.002111890905471675,0.5120526,0.5084107,0.5987504,1.9580619920195346,1.9594881644323705,1.9501809240247,1.9581536217682993,1.950179662609572,1.950172532311524,1.9501804532041396,1.9501808904780449,1.950180732794296,1.9501809226666575,1.950179662609572,1.950172532311524,1.9501804532041396,0.96520615,0.9370839,1.0096651
0.3916015625,1.6019442880567492,1.5909210311855264,1.5909210311855264,1.6021849562289017,1.5909210311855264,1.5909210311855264,1.5909210311855264,1.5909210311855264,1.5909210311855264,1.5909210311855264,1.5909210311855264,1.5909210311855264,1.5909210311855264,1.0723237,0.9901321,1.0788755,0.0,-0.007252483112346064,-0.007252483112346064,0.0001601253034988064,-0.007252483112346064,-0.007252483112346064,-0.007252483112346064,-0.007252483112346064,-0.007252483112346064,-0.007252483112346064,-0.007252483112346064,-0.007252483112346064,-0.007252483112346064,0.5130835,0.51141024,0.591172,1.9580619920195346,1.939388235020159,1.939388235020159,1.958473885712551,1.939388235020159,1.939388235020159,1.939388235020159,1.939388235020159,1.939388235020159,1.939388235020159,1.939388235020159,1.939388235020159,1.939388235020159,0.962981,0.93739086,1.0007948
0.3935546875,1.6019442880567492,1.5909210311855264,1.5909210311855264,1.6020094245654568,1.5909210311855264,1.5909210311855264,1.5909210311855264,1.5909210311855264,1.5909210311855264,1.5909210311855264,1.5909210311855264,1.5909210311855264,1.5909210311855264,1.0620457,0.9840192,1.071405,0.0,-0.007252483112346064,-0.007252483112346064,4.433626020050926e-05,-0.007252483112346064,-0.007252483112346064,-0.007252483112346064,-0.007252483112346064,-0.007252483112346064,-0.007252483112346064,-0.007252483112346064,-0.007252483112346064,-0.007252483112346064,0.51753443,0.5120431,0.58476603,1.9580619920195346,1.939388235020159,1.939388235020159,1.9581765333821155,1.939388235020159,1.939388235020159,1.939388235020159,1.939388235020159,1.939388235020159,1.939388235020159,1.939388235020159,1.939388235020159,1.939388235020159,0.9613072,0.9381386,0.99348724
0.3955078125,1.6019442880567492,1.5909210311855264,1.5909210311855264,1.6018206295769042,1.5909210311855264,1.5909210311855264,1.5909210311855264,1.5909210311855264,1.5909210311855264,1.5909210311855264,1.5909210311855264,1.5909210311855264,1.5909210311855264,1.0464723,0.97808325,1.0725892,0.0,-0.007252483112346064,-0.007252483112346064,-0.00010330036836665232,-0.007252483112346064,-0.007252483112346064,-0.007252483112346064,-0.007252483112346064,-0.007252483112346064,-0.007252483112346064,-0.007252483112346064,-0.007252483112346064,-0.007252483112346064,0.5217716,0.51402366,0.58005077,1.9580619920195346,1.939388235020159,1.939388235020159,1.9578630052709023,1.939388235020159,1.939388235020159,1.939388235020159,1.939388235020159,1.939388235020159,1.939388235020159,1.939388235020159,1.939388235020159,1.939388235020159,0.96032184,0.93946797,0.9878512
0.3974609375,1.6019442880567492,1.5909210311855264,1.5909210311855264,1.601985585031652,1.5909210311855264,1.5909210311855264,1.5909210311855264,1.5909210311855264,1.5909210311855264,1.5909210311855264,1.5909210311855264,1.5909210311855264,1.5909210311855264,1.0327485,0.97252935,1.075966,0.0,-0.007252483112346064,-0.007252483112346064,-7.492106031624758e-05,-0.007252483112346064,-0.007252483112346064,-0.007252483112346064,-0.007252483112346064,-0.007252483112346064,-0.007252483112346064,-0.007252483112346064,-0.007252483112346064,-0.007252483112346064,0.5257885,0.5173395,0.577306,1.9580619920195346,1.939388235020159,1.939388235020159,1.9579545902683526,1.939388235020159,1.939388235020159,1.939388235020159,1.939388235020159,1.939388235020159,1.939388235020159,1.939388235020159,1.939388235020159,1.939388235020159,0.9601162,0.9413296,0.98385113
0.3994140625,1.6019442880567492,1.5968526863405286,1.5939703012534812,1.6020001369098678,1.5943245663797454,1.5940388077380698,1.5953243145739824,1.593970337118857,1.5939703019978715,1.59397034840877,1.5943245663797454,1.5940388077380698,1.5953243145739824,1.0213047,0.96756727,1.0812799,0.0,-0.003922401804226932,-0.0060090862019072655,4.774791536160548e-05,-0.0057522115300235885,-0.005959403819667986,-0.005027917757400101,-0.006009060190444846,-0.00600908566203617,-0.0060090520024046095,-0.0057522115300235885,-0.005959403819667986,-0.005027917757400101,0.5295615,0.52191,0.5765822,1.9580619920195346,1.9497211678006756,1.9447182158894085,1.958196406538088,1.945333263268296,1.9448371547667274,1.9470687210739426,1.9447182781581964,1.944718217181805,1.9447182977595299,1.945333263268296,1.9448371547667274,1.9470687210739426,0.96071696,0.9435394,0.9813195
0.4013671875,1.6019442880567492,1.5968526863405286,1.5958918913115128,1.6020201291983058,1.5960099796869343,1.5959147268063756,1.5963432290850132,1.595891903266638,1.595891891559643,1.5958919070299424,1.5960099796869343,1.5959147268063756,1.5963432290850132,1.0123901,0.9633918,1.0880075,0.0,-0.003922401804226932,-0.004617125754744249,6.658138507940266e-05,-0.004531694276239009,-0.004600604344231785,-0.0042906719122490595,-0.004617117105124089,-0.004617125575220323,-0.004617114382346025,-0.004531694276239009,-0.004600604344231785,-0.0042906719122490595,0.5330503,0.52759707,0.577747,1.9580619920195346,1.9497211678006756,1.9480538258180988,1.958203108922338,1.9482587703317438,1.9480934575962787,1.9488371055749922,1.948053846566671,1.9480538262487377,1.9480538530980278,1.9482587703317438,1.9480934575962787,1.9488371055749922,0.9620758,0.9458584,0.9799826
0.4033203125,1.6019442880567492,1.5968526863405286,1.5978134813695444,1.6019524199337658,1.5976953929941229,1.597362143596044,1.5977906458746816,1.597813469414419,1.5978134656511147,1.5978134811214142,1.5976953929941229,1.597362143596044,1.5977906458746816,1.0060694,0.96015555,1.0954574,0.0,-0.003922401804226932,-0.0032285133546313166,1.0775492483808487e-05,-0.003313752076535707,-0.003554366605839134,-0.0032449955219046823,-0.0032285219834594044,-0.003228524699692472,-0.0032285135337236973,-0.003313752076535707,-0.003554366605839134,-0.0032449955219046823,0.5362017,0.534214,0.58054477,1.9580619920195346,1.9497211678006756,1.951388201871139,1.9580888332193183,1.951183328395228,1.9506051434537173,1.951348584555503,1.9513881811302296,1.9513881746012849,1.951388201440659,1.951183328395228,1.9506051434537173,1.951348584555503,0.9640672,0.9480654,0.97950315
0.4052734375,1.6019442880567492,1.5968526863405286,1.599735071427576,1.6019308172756834,1.5993808063013117,1.5983810581070748,1.5996665649429873,1.5997350355622002,1.5997350242722872,1.5997350706831857,1.5993808063013117,1.5983810581070748,1.5996665649429873,1.0022335,0.9579415,1.1028785,0.0,-0.003922401804226932,-0.0018432369366196398,-2.4409878766168214e-05,-0.0020983767902062298,-0.002819000039484271,-0.0018925661277092891,-0.0018432627609523287,-0.0018432708900872545,-0.0018432374726068104,-0.0020983767902062298,-0.002819000039484271,-0.0018925661277092891,0.5415307,0.5389577,0.5846516,1.9580619920195346,1.9497211678006756,1.954721348494898,1.9580102604072778,1.954106940458893,1.9523728353729988,1.9546025397812095,1.9547212862950742,1.9547212667154497,1.954721347203933,1.954106940458893,1.9523728353729988,1.9546025397812095,0.9664914,0.9499973,0.97952676
0.4072265625,1.6019442880567492,1.6062937516497788,1.6062937516497788,1.6019044952686392,1.6062937516497788,1.6062937516497788,1.6062937516497788,1.6062937516497788,1.6062937516497788,1.6062937516497788,1.6062937516497788,1.6062937516497788,1.6062937516497788,1.0006168,0.9567438,1.109555,0.0,0.0038229889176538325,0.0038229889176538325,-3.779035649645074e-06,0.0038229889176538325,0.0038229889176538325,0.0038229889176538325,0.0038229889176538325,0.0038229889176538325,0.0038229889176538325,0.0038229889176538325,0.0038229889176538325,0.0038229889176538325,0.54927945,0.5412689,0.58971703,1.9580619920195346,1.9660474977889466,1.9660474977889466,1.9580356259397291,1.9660474977889466,1.9660474977889466,1.9660474977889466,1.9660474977889466,1.9660474977889466,1.9660474977889466,1.9660474977889466,1.9660474977889466,1.9660474977889466,0.96908563,0.95154905,0.9797303
0.4091796875,1.6019442880567492,1.6062937516497788,1.6062937516497788,1.6020538354993314,1.6062937516497788,1.6062937516497788,1.6062937516497788,1.6062937516497788,1.6062937516497788,1.6062937516497788,1.6062937516497788,1.6062937516497788,1.6062937516497788,1.0008168,0.9564632,1.1148893,0.0,0.0038229889176538325,0.0038229889176538325,2.2899682365724572e-05,0.0038229889176538325,0.0038229889176538325,0.0038229889176538325,0.0038229889176538325,0.0038229889176538325,0.0038229889176538325,0.0038229889176538325,0.0038229889176538325,0.0038229889176538325,0.5571616,0.54310954,0.5953902,1.9580619920195346,1.9660474977889466,1.9660474977889466,1.9580869494278144,1.9660474977889466,1.9660474977889466,1.9660474977889466,1.9660474977889466,1.9660474977889466,1.9660474977889466,1.9660474977889466,1.9660474977889466,1.9660474977889466,0.9715426,0.9526456,0.9798536
0.4111328125,1.6019442880567492,1.6062937516497788,1.6062937516497788,1.6019610762808043,1.6062937516497788,1.6062937516497788,1.6062937516497788,1.6062937516497788,1.6062937516497788,1.6062937516497788,1.6062937516497788,1.6062937516497788,1.6062937516497788,1.0023232,0.9569196,1.1184556,0.0,0.0038229889176538325,0.0038229889176538325,1.6574764684662773e-05,0.0038229889176538325,0.0038229889176538325,0.0038229889176538325,0.0038229889176538325,0.0038229889176538325,0.0038229889176538325,0.0038229889176538325,0.0038229889176538325,0.0038229889176538325,0.5648594,0.5444883,0.6013349,1.9580619920195346,1.9660474977889466,1.9660474977889466,1.9580784827095274,1.9660474977889466,1.9660474977889466,1.9660474977889466,1.9660474977889466,1.9660474977889466,1.9660474977889466,1.9660474977889466,1.9660474977889466,1.9660474977889466,0.97353476,0.9531966,0.97970873
0.4130859375,1.6019442880567492,1.6062937516497788,1.6062937516497788,1.6019169629344612,1.6062937516497788,1.6062937516497788,1.6062937516497788,1.6062937516497788,1.6062937516497788,1.6062937516497788,1.6062937516497788,1.6062937516497788,1.6062937516497788,1.0045561,0.9578787,1.1200304,0.0,0.0038229889176538325,0.0038229889176538325,-9.916854350090573e-06,0.0038229889176538325,0.0038229889176538325,0.0038229889176538325,0.0038229889176538325,0.0038229889176538325,0.0038229889176538325,0.0038229889176538325,0.0038229889176538325,0.0038229889176538325,0.5720532,0.5454494,0.60723865,1.9580619920195346,1.9660474977889466,1.9660474977889466,1.9580309245271499,1.9660474977889466,1.9660474977889466,1.9660474977889466,1.9660474977889466,1.9660474977889466,1.9660474977889466,1.9660474977889466,1.9660474977889466,1.9660474977889466,0.9747455,0.95306563,0.9791702
0.4150390625,1.6019442880567492,1.605354081174196,1.605354081174196,1.6019086992888218,1.605354081174196,1.605354081174196,1.605354081174196,1.605354081174196,1.605354081174196,1.605354081174196,1.605354081174196,1.605354081174196,1.605354081174196,1.0069171,0.9590821,1.119584,0.0,0.0038528873849009394,0.0038528873849009394,-1.877838895225159e-05,0.0038528873849009394,0.0038528873849009394,0.0038528873849009394,0.0038528873849009394,0.0038528873849009394,0.0038528873849009394,0.0038528873849009394,0.0038528873849009394,0.0038528873849009394,0.578444,0.54606473,0.6128183,1.9580619920195346,1.9646519803632092,1.9646519803632092,1.9580205874890075,1.9646519803632092,1.9646519803632092,1.9646519803632092,1.9646519803632092,1.9646519803632092,1.9646519803632092,1.9646519803632092,1.9646519803632092,1.9646519803632092,0.9748984,0.9520531,0.97815555
0.4169921875,1.6019442880567492,1.605354081174196,1.605354081174196,1.6019570011275472,1.605354081174196,1.605354081174196,1.605354081174196,1.605354081174196,1.605354081174196,1.605354081174196,1.605354081174196,1.605354081174196,1.605354081174196,1.0088477,0.96027213,1.117249,0.0,0.0038528873849009394,0.0038528873849009394,-1.4633714283677555e-05,0.0038528873849009394,0.0038528873849009394,0.0038528873849009394,0.0038528873849009394,0.0038528873849009394,0.0038528873849009394,0.0038528873849009394,0.0038528873849009394,0.0038528873849009394,0.58377934,0.54641926,0.6178231,1.9580619920195346,1.9646519803632092,1.9646519803632092,1.9580427941688867,1.9646519803632092,1.9646519803632092,1.9646519803632092,1.9646519803632092,1.9646519803632092,1.9646519803632092,1.9646519803632092,1.9646519803632092,1.9646519803632092,0.9737877,0.949911,0.97660834
0.4189453125,1.6019442880567492,1.605354081174196,1.605354081174196,1.6019339136146264,1.605354081174196,1.605354081174196,1.605354081174196,1.605354081174196,1.605354081174196,1.605354081174196,1.605354081174196,1.605354081174196,1.605354081174196,1.0098842,0.96121085,1.1132634,0.0,0.0038528873849009394,0.0038528873849009394,-6.74727973032222e-06,0.0038528873849009394,0.0038528873849009394,0.0038528873849009394,0.0038528873849009394,0.0038528873849009394,0.0038528873849009394,0.0038528873849009394,0.0038528873849009394,0.0038528873849009394,0.58788013,0.54659915,0.62203777,1.9580619920195346,1.9646519803632092,1.9646519803632092,1.9580677816742726,1.9646519803632092,1.9646519803632092,1.9646519803632092,1.9646519803632092,1.9646519803632092,1.9646519803632092,1.9646519803632092,1.9646519803632092,1.9646519803632092,0.9712975,0.94637454,0.97448766
0.4208984375,1.6019442880567492,1.605354081174196,1.605354081174196,1.6020030329550388,1.605354081174196,1.605354081174196,1.605354081174196,1.605354081174196,1.605354081174196,1.605354081174196,1.605354081174196,1.605354081174196,1.605354081174196,1.0096987,0.9616892,1.1079111,0.0,0.0038528873849009394,0.0038528873849009394,-9.256362694610543e-06,0.0038528873849009394,0.0038528873849009394,0.0038528873849009394,0.0038528873849009394,0.0038528873849009394,0.0038528873849009394,0.0038528873849009394,0.0038528873849009394,0.0038528873849009394,0.5906633,0.54668474,0.62528336,1.9580619920195346,1.9646519803632092,1.9646519803632092,1.9580739487249694,1.9646519803632092,1.9646519803632092,1.9646519803632092,1.9646519803632092,1.9646519803632092,1.9646519803632092,1.9646519803632092,1.9646519803632092,1.9646519803632092,0.9674165,0.94121253,0.9717636
0.4228515625,1.6019442880567492,1.599811224923266,1.6010945833750103,1.6019934774961593,1.6010736539081496,1.6009571305562944,1.6010924346161317,1.6010945271816581,1.6010945042773523,1.601094583212162,1.6010736539081496,1.6009571305562944,1.6010924346161317,1.0081234,0.9615344,1.1014712,0.0,-0.0007926163129903414,0.00023020215187094411,-1.3246954007181189e-05,0.0002135348163218608,0.00012073261726433311,0.00022849099193622647,0.00023015740246322443,0.00023013916268701818,0.00023020202218704337,0.0002135348163218608,0.00012073261726433311,0.00022849099193622647,0.59215677,0.5467513,0.6274227,1.9580619920195346,1.955505057059723,1.9573914558621086,1.9580724634653208,1.9573606971683168,1.957189447025962,1.9573882979773287,1.9573913732785846,1.9573913396176936,1.9573914556227816,1.9573606971683168,1.957189447025962,1.9573882979773287,0.96224463,0.93428403,0.9684224
0.4248046875,1.6019442880567492,1.599811224923266,1.6002390110738474,1.6019459491372348,1.6002320345848937,1.6001931934676088,1.6002382948208878,1.60023899234273,1.6002389847079614,1.6002390110195646,1.6002320345848937,1.6001931934676088,1.6002382948208878,1.005147,0.9606164,1.0941954,0.0,-0.0007926163129903414,-0.0004514945404441247,-1.1197570334707989e-05,-0.0004570562129182337,-0.0004880213243880515,-0.0004520655366589982,-0.0004515094728675439,-0.00045151555929563974,-0.0004514945837183279,-0.0004570562129182337,-0.0004880213243880515,-0.0004520655366589982,0.59250045,0.54687256,0.6283711,1.9580619920195346,1.955505057059723,1.956133931084941,1.9580779782785207,1.95612367578058,1.9560665797244552,1.956132878207801,1.9561339035505858,1.9561338923276341,1.9561339310051464,1.95612367578058,1.9560665797244552,1.956132878207801,0.9559867,0.92559224,0.9644738
0.4267578125,1.6019442880567492,1.599811224923266,1.5993834387726849,1.6019427576379344,1.5993904152616385,1.5993841550256445,1.5994292563789234,1.5993834575038022,1.5993834388269677,1.5993834651385708,1.5993904152616385,1.5993841550256445,1.5994292563789234,1.0008948,0.95885855,1.0863096,0.0,-0.0007926163129903414,-0.0011339205648175355,-1.673975628432905e-06,-0.0011283529890014066,-0.0011333489580550042,-0.0010973567856194448,-0.001133905616414327,-0.0011339205214970218,-0.0011338995234730998,-0.0011283529890014066,-0.0011333489580550042,-0.0010973567856194448,0.5919332,0.54712296,0.6281119,1.9580619920195346,1.955505057059723,1.954876108530457,1.9580915845592042,1.9548863662450797,1.954877161656876,1.9549434749956502,1.9548761360713363,1.9548761086102704,1.9548761472969474,1.9548863662450797,1.954877161656876,1.9549434749956502,0.9489403,0.9153268,0.9599623
0.4287109375,1.6019442880567492,1.599811224923266,1.598527866471522,1.6019914948257539,1.5985487959383826,1.5985300152304005,1.5986653192902378,1.598527922664874,1.5985278666343703,1.5985279455691799,1.5985487959383826,1.5985300152304005,1.5986653192902378,0.9955982,0.9562515,1.0780373,0.0,-0.0007926163129903414,-0.0018170770923198474,4.589696768925924e-06,-0.0018003566266327868,-0.0018153604374499344,-0.0017072746000834614,-0.0018170321990938606,-0.001817076962219152,-0.0018170139006994028,-0.0018003566266327868,-0.0018153604374499344,-0.0017072746000834614,0.59076357,0.547577,0.62671614,1.9580619920195346,1.955505057059723,1.9536179877205224,1.9580974935121882,1.9536487681066965,1.9536211478488168,1.9538201324991773,1.9536180703627657,1.9536179879600197,1.9536181040475895,1.9536487681066965,1.9536211478488168,1.9538201324991773,0.94147074,0.90387404,0.9549812
0.4306640625,1.6019442880567492,1.5981000803209406,1.5981000803209406,1.601957115206653,1.5981000803209406,1.5981000803209406,1.5981000803209406,1.5981000803209406,1.5981000803209406,1.5981000803209406,1.5981000803209406,1.5981000803209406,1.5981000803209406,0.98956156,0.95286745,1.0696237,0.0,-0.002158929661389622,-0.002158929661389622,7.796057570469885e-06,-0.002158929661389622,-0.002158929661389622,-0.002158929661389622,-0.002158929661389622,-0.002158929661389622,-0.002158929661389622,-0.002158929661389622,-0.002158929661389622,-0.002158929661389622,0.5893296,0.54830253,0.6243563,1.9580619920195346,1.9529888153200643,1.9529888153200643,1.958090277116609,1.9529888153200643,1.9529888153200643,1.9529888153200643,1.9529888153200643,1.9529888153200643,1.9529888153200643,1.9529888153200643,1.9529888153200643,1.9529888153200643,0.9339827,0.89179415,0.94967985
0.4326171875,1.6019442880567492,1.5981000803209406,1.5981000803209406,1.6019644923243068,1.5981000803209406,1.5981000803209406,1.5981000803209406,1.5981000803209406,1.5981000803209406,1.5981000803209406,1.5981000803209406,1.5981000803209406,1.5981000803209406,0.98313767,0.94886756,1.0613384,0.0,-0.002158929661389622,-0.002158929661389622,8.815340739738973e-06,-0.002158929661389622,-0.002158929661389622,-0.002158929661389622,-0.002158929661389622,-0.002158929661389622,-0.002158929661389622,-0.002158929661389622,-0.002158929661389622,-0.002158929661389622,0.5879562,0.5493531,0.6213099,1.9580619920195346,1.9529888153200643,1.9529888153200643,1.9580777109876286,1.9529888153200643,1.9529888153200643,1.9529888153200643,1.9529888153200643,1.9529888153200643,1.9529888153200643,1.9529888153200643,1.9529888153200643,1.9529888153200643,0.92688257,0.87975,0.9442606
0.4345703125,1.6019442880567492,1.5981000803209406,1.5981000803209406,1.6019943892598891,1.5981000803209406,1.5981000803209406,1.5981000803209406,1.5981000803209406,1.5981000803209406,1.5981000803209406,1.5981000803209406,1.5981000803209406,1.5981000803209406,0.97671497,0.94449955,1.0534612,0.0,-0.002158929661389622,-0.002158929661389622,1.0628772074104738e-05,-0.002158929661389622,-0.002158929661389622,-0.002158929661389622,-0.002158929661389622,-0.002158929661389622,-0.002158929661389622,-0.002158929661389622,-0.002158929661389622,-0.002158929661389622,0.586918,0.5507599,0.61794394,1.9580619920195346,1.9529888153200643,1.9529888153200643,1.958068703367309,1.9529888153200643,1.9529888153200643,1.9529888153200643,1.9529888153200643,1.9529888153200643,1.9529888153200643,1.9529888153200643,1.9529888153200643,1.9529888153200643,0.92054564,0.8684085,0.9389622
0.4365234375,1.6019442880567492,1.5981000803209406,1.5981000803209406,1.6019616680642608,1.5981000803209406,1.5981000803209406,1.5981000803209406,1.5981000803209406,1.5981000803209406,1.5981000803209406,1.5981000803209406,1.5981000803209406,1.5981000803209406,0.9707107,0.94007903,1.0462502,0.0,-0.002158929661389622,-0.002158929661389622,1.2201746201472717e-05,-0.002158929661389622,-0.002158929661389622,-0.002158929661389622,-0.002158929661389622,-0.002158929661389622,-0.002158929661389622,-0.002158929661389622,-0.002158929661389622,-0.002158929661389622,0.58641446,0.5525265,0.614686,1.9580619920195346,1.9529888153200643,1.9529888153200643,1.9580628141399252,1.9529888153200643,1.9529888153200643,1.9529888153200643,1.9529888153200643,1.9529888153200643,1.9529888153200643,1.9529888153200643,1.9529888153200643,1.9529888153200643,0.9152831,0.85833216,0.93403137
0.4384765625,1.6019442880567492,1.6000337063363732,1.599318984902929,1.601917632393298,1.5993428226697102,1.5993274601618521,1.5993739308635424,1.5993189937571672,1.5993189868408315,1.5993194771600352,1.5993428226697102,1.5993274601618521,1.5993739308635424,0.96556634,0.93595374,1.0399191,0.0,-0.00045774658948858943,-0.0011289531475072478,1.0709263749941961e-05,-0.0011313966344207239,-0.001134585265882933,-0.001129821911069748,-0.001128954055123218,-0.0011290036069888662,-0.001128953346154636,-0.0011313966344207239,-0.001134585265882933,-0.001129821911069748,0.58656013,0.55462813,0.6119817,1.9580619920195346,1.956823510274516,1.955407985176688,1.9580566836102493,1.9554206416751412,1.9554124850576065,1.9554371583511283,1.9554079898777856,1.9554079862056042,1.955408246537254,1.9554206416751412,1.9554124850576065,1.9554371583511283,0.9113193,0.84989166,0.92969245
0.4404296875,1.6019442880567492,1.6000337063363732,1.5997954658585585,1.6019539425854838,1.5997877879017366,1.5997777681976575,1.5997927360444504,1.5997954630066782,1.599795307306424,1.5997954652343753,1.5997877879017366,1.5997777681976575,1.5997927360444504,0.9617313,0.93245715,1.0346341,0.0,-0.00045774658948858943,-0.0006814154717383777,5.6412621326854825e-06,-0.0007134576109275757,-0.000755272941730784,-0.0006928076708742432,-0.0006814273733304328,-0.0006820771485103704,-0.0006814180766067827,-0.0007134576109275757,-0.000755272941730784,-0.0006928076708742432,0.58738816,0.557012,0.6102477,1.9580619920195346,1.956823510274516,1.9563517006032252,1.958048389178382,1.9563019418530938,1.956237005887689,1.956334009495637,1.956351682121086,1.9563506730766032,1.956351696558091,1.9563019418530938,1.956237005887689,1.956334009495637,0.90877616,0.84322006,0.9261255
0.4423828125,1.6019442880567492,1.6000337063363732,1.600271946814188,1.6019387235476177,1.6002600844671553,1.6002446041499685,1.600267729285614,1.6002719424080685,1.6002717018531278,1.600271945849833,1.6002600844671553,1.6002446041499685,1.600267729285614,0.9596346,0.92985904,1.0305309,0.0,-0.00045774658948858943,-0.00023414430464617993,-1.1490233821960147e-06,-0.00024114973504408898,-0.000250291950936375,-0.00023663499739427058,-0.00023414690670581342,-0.00023428896785611722,-0.00023414487415174612,-0.00024114973504408898,-0.000250291950936375,-0.00023663499739427058,0.58885926,0.55960035,0.6098256,1.9580619920195346,1.956823510274516,1.957295287936893,1.958043471586383,1.9572775403681837,1.9572543798121305,1.9572889779853089,1.957295281344788,1.9572949214445396,1.9572952864940971,1.9572775403681837,1.9572543798121305,1.9572889779853089,0.90767086,0.83821917,0.9234586
0.4443359375,1.6019442880567492,1.6000337063363732,1.6007484277698174,1.6019214120055345,1.600744130306891,1.6007385221343247,1.6007468998535763,1.600748426173579,1.600748339025906,1.600748427420453,1.600744130306891,1.6007385221343247,1.6007468998535763,0.95964396,0.9283254,1.0277414,0.0,-0.00045774658948858943,0.00021286059175735193,-6.773065981802227e-06,0.00025434062764591726,0.00022760834221874447,0.00030847224968252293,0.0002128759989530528,0.00021286396388749468,0.00021371716481350127,0.00025434062764591726,0.00022760834221874447,0.00030847224968252293,0.59087205,0.5622908,0.6109445,1.9580619920195346,1.956823510274516,1.9582387472920746,1.9580455949330573,1.958293573770188,1.9582582403767592,1.9583651204559873,1.9582387676568842,1.9582387517492637,1.9582398794865987,1.958293573770188,1.9582582403767592,1.9583651204559873,0.9079225,0.83461297,0.92177564
0.4462890625,1.6019442880567492,1.6019119279659768,1.6019119279659768,1.6019822941685011,1.6019119279659768,1.6019119279659768,1.6019119279659768,1.6019119279659768,1.6019119279659768,1.6019119279659768,1.6019119279659768,1.6019119279659768,1.6019119279659768,0.962023,0.92789775,1.0264081,0.0,0.0014190923068929863,0.0014190923068929863,-1.0899379482424119e-05,0.0014190923068929863,0.0014190923068929863,0.0014190923068929863,0.0014190923068929863,0.0014190923068929863,0.0014190923068929863,0.0014190923068929863,0.0014190923068929863,0.0014190923068929863,0.5932669,0.56495523,0.6136899,1.9580619920195346,1.960537310384502,1.960537310384502,1.9580525462470404,1.960537310384502,1.960537310384502,1.960537310384502,1.960537310384502,1.960537310384502,1.960537310384502,1.960537310384502,1.960537310384502,1.960537310384502,0.9093708,0.8320366,0.9211361
0.4482421875,1.6019442880567492,1.6019119279659768,1.6019119279659768,1.601998507726527,1.6019119279659768,1.6019119279659768,1.6019119279659768,1.6019119279659768,1.6019119279659768,1.6019119279659768,1.6019119279659768,1.6019119279659768,1.6019119279659768,0.9669005,0.92849624,1.0266722,0.0,0.0014190923068929863,0.0014190923068929863,-1.386807535574454e-05,0.0014190923068929863,0.0014190923068929863,0.0014190923068929863,0.0014190923068929863,0.0014190923068929863,0.0014190923068929863,0.0014190923068929863,0.0014190923068929863,0.0014190923068929863,0.59582525,0.5674354,0.61798865,1.9580619920195346,1.960537310384502,1.960537310384502,1.9580608045971288,1.960537310384502,1.960537310384502,1.960537310384502,1.960537310384502,1.960537310384502,1.960537310384502,1.960537310384502,1.960537310384502,1.960537310384502,0.9118032,0.83013433,0.92159456
0.4501953125,1.6019442880567492,1.6019119279659768,1.6019119279659768,1.6019294907606527,1.6019119279659768,1.6019119279659768,1.6019119279659768,1.6019119279659768,1.6019119279659768,1.6019119279659768,1.6019119279659768,1.6019119279659768,1.6019119279659768,0.97426283,0.9299486,1.0286365,0.0,0.0014190923068929863,0.0014190923068929863,-1.556054105268339e-05,0.0014190923068929863,0.0014190923068929863,0.0014190923068929863,0.0014190923068929863,0.0014190923068929863,0.0014190923068929863,0.0014190923068929863,0.0014190923068929863,0.0014190923068929863,0.59826684,0.5695371,0.62360585,1.9580619920195346,1.960537310384502,1.960537310384502,1.9580677363438166,1.960537310384502,1.960537310384502,1.960537310384502,1.960537310384502,1.960537310384502,1.960537310384502,1.960537310384502,1.960537310384502,1.960537310384502,0.9149884,0.82864684,0.9232158
0.4521484375,1.6019442880567492,1.6019119279659768,1.6019119279659768,1.601964877062619,1.6019119279659768,1.6019119279659768,1.6019119279659768,1.6019119279659768,1.6019119279659768,1.6019119279659768,1.6019119279659768,1.6019119279659768,1.6019119279659768,0.98397243,0.93203366,1.0323118,0.0,0.0014190923068929863,0.0014190923068929863,-1.4769496899771049e-05,0.0014190923068929863,0.0014190923068929863,0.0014190923068929863,0.0014190923068929863,0.0014190923068929863,0.0014190923068929863,0.0014190923068929863,0.0014190923068929863,0.0014190923068929863,0.60025626,0.571029,0.63015795,1.9580619920195346,1.960537310384502,1.960537310384502,1.9580755004596968,1.960537310384502,1.960537310384502,1.960537310384502,1.960537310384502,1.960537310384502,1.960537310384502,1.960537310384502,1.960537310384502,1.960537310384502,0.9187118,0.8274688,0.92607623
0.4541015625,1.6019442880567492,1.6008152959565016,1.6012497622979371,1.6019721096096704,1.6009785653012012,1.600965764833998,1.6012004476046202,1.6012497559733523,1.6012497472717548,1.6012497571391724,1.6009785653012012,1.600965764833998,1.6012004476046202,0.9958094,0.93453056,1.0375766,0.0,0.0012128864942764878,0.0013678987092577873,-1.0880309432178493e-05,0.0012711488439884197,0.0012665814513500948,0.0013503080691104315,0.001367896453336443,0.0013678933495564908,0.0013678968691737611,0.0012711488439884197,0.0012665814513500948,0.0013503080691104315,0.60142344,0.5716491,0.6371388,1.9580619920195346,1.9589727838979711,1.9596633482296564,1.958080680149238,1.959232294841222,1.9592119490224578,1.9595849655595792,1.9596633381771307,1.9596633243464945,1.9596633400301275,1.959232294841222,1.9592119490224578,1.9595849655595792,0.92280275,0.8266659,0.93025154
0.4560546875,1.6019442880567492,1.6008152959565016,1.6009601180703135,1.6019625592279119,1.6008697190714014,1.6008654522490005,1.6009436798392078,1.6009601159621185,1.600960113061586,1.6009601163507252,1.6008697190714014,1.6008654522490005,1.6009436798392078,1.0095177,0.93725777,1.0441638,0.0,0.0012128864942764878,0.001264566580825898,-4.401478356782715e-06,0.0012323085979704291,0.001230785934836032,0.0012587010326860556,0.0012645658285800013,0.0012645647936123036,0.0012645659672425999,0.0012323085979704291,0.001230785934836032,0.0012587010326860556,0.601405,0.57112455,0.6439569,1.9580619920195346,1.9589727838979711,1.9592029737184264,1.958085259857765,1.9590592877872477,1.9590525058112744,1.9591768457956515,1.959202970367535,1.9592029657572545,1.95920297098521,1.9590592877872477,1.9590525058112744,1.9591768457956515,0.9271517,0.82645446,0.9357968
0.4580078125,1.6019442880567492,1.6008152959565016,1.6006704738426898,1.6019829203389915,1.6007608728416018,1.6006869120737954,1.6007651396640028,1.6006704759508847,1.600670475562278,1.6006704788514172,1.6007608728416018,1.6006869120737954,1.6007651396640028,1.0248393,0.9400938,1.051693,0.0,0.0012128864942764878,0.001161197056121612,2.218810863796059e-06,0.0011934630699463433,0.0011670646067116536,0.0011949859320413727,0.0011611978086397722,0.0011611976699269872,0.0011611988439820527,0.0011934630699463433,0.0011670646067116536,0.0011949859320413727,0.599903,0.56920356,0.6499804,1.9580619920195346,1.9589727838979711,1.9587425923670032,1.9580863488351639,1.9588862797671354,1.9587687206560485,1.9588930617795006,1.9587425957179443,1.9587425951002606,1.9587426003282935,1.9588862797671354,1.9587687206560485,1.9588930617795006,0.93170553,0.82715166,0.94272995
0.4599609375,1.6019442880567492,1.6008152959565016,1.6003808296150661,1.6020546633318817,1.600652026611802,1.600430144308383,1.6006648270790051,1.600380835939651,1.6003808347738309,1.6003808446412484,1.600652026611802,1.600430144308383,1.6006648270790051,1.0415251,0.9429717,1.059734,0.0,0.0012128864942764878,0.0010577901148404857,9.177329754958667e-06,0.0011546122588386146,0.0010753987770417371,0.0011591814421226601,0.0010577923732121989,0.0010577919569232034,0.0010577954803634008,0.0011546122588386146,0.0010753987770417371,0.0011591814421226601,0.5967486,0.5656923,0.65459114,1.9580619920195346,1.9589727838979711,1.9582822041716723,1.9580835644708579,1.9587132707806887,1.9583605901381833,1.958733616926982,1.9582822142246459,1.9582822123715664,1.9582822280558985,1.9587132707806887,1.9583605901381833,1.958733616926982,0.9364458,0.82910776,0.95102364
0.4619140625,1.6019442880567492,1.5995947741449879,1.5995947741449879,1.6019407959521355,1.5995947741449879,1.5995947741449879,1.5995947741449879,1.5995947741449879,1.5995947741449879,1.5995947741449879,1.5995947741449879,1.5995947741449879,1.5995947741449879,1.0593203,0.9458522,1.0678906,0.0,-0.0004296638624870242,-0.0004296638624870242,1.445504065276919e-05,-0.0004296638624870242,-0.0004296638624870242,-0.0004296638624870242,-0.0004296638624870242,-0.0004296638624870242,-0.0004296638624870242,-0.0004296638624870242,-0.0004296638624870242,-0.0004296638624870242,0.59195507,0.5604879,0.65725,1.9580619920195346,1.956854202775788,1.956854202775788,1.9580791217656488,1.956854202775788,1.956854202775788,1.956854202775788,1.956854202775788,1.956854202775788,1.956854202775788,1.956854202775788,1.956854202775788,1.956854202775788,0.94135,0.83263695,0.96061313
0.4638671875,1.6019442880567492,1.5995947741449879,1.5995947741449879,1.601952660450082,1.5995947741449879,1.5995947741449879,1.5995947741449879,1.5995947741449879,1.5995947741449879,1.5995947741449879,1.5995947741449879,1.5995947741449879,1.5995947741449879,1.075871,0.94868547,1.0779369,0.0,-0.0004296638624870242,-0.0004296638624870242,1.7572109017534177e-05,-0.0004296638624870242,-0.0004296638624870242,-0.0004296638624870242,-0.0004296638624870242,-0.0004296638624870242,-0.0004296638624870242,-0.0004296638624870242,-0.0004296638624870242,-0.0004296638624870242,0.5857353,0.5536021,0.65756845,1.9580619920195346,1.956854202775788,1.956854202775788,1.9580748576322886,1.956854202775788,1.956854202775788,1.956854202775788,1.956854202775788,1.956854202775788,1.956854202775788,1.956854202775788,1.956854202775788,1.956854202775788,0.9463594,0.8379583,0.9714122
0.4658203125,1.6019442880567492,1.5995947741449879,1.5995947741449879,1.601935027488187,1.5995947741449879,1.5995947741449879,1.5995947741449879,1.5995947741449879,1.5995947741449879,1.5995947741449879,1.5995947741449879,1.5995947741449879,1.5995947741449879,1.0835189,0.95137584,1.097027,0.0,-0.0004296638624870242,-0.0004296638624870242,1.736136684478798e-05,-0.0004296638624870242,-0.0004296638624870242,-0.0004296638624870242,-0.0004296638624870242,-0.0004296638624870242,-0.0004296638624870242,-0.0004296638624870242,-0.0004296638624870242,-0.0004296638624870242,0.57847226,0.5451696,0.65536904,1.9580619920195346,1.956854202775788,1.956854202775788,1.9580662201768666,1.956854202775788,1.956854202775788,1.956854202775788,1.956854202775788,1.956854202775788,1.956854202775788,1.956854202775788,1.956854202775788,1.956854202775788,0.9513599,0.84515464,0.983329
0.4677734375,1.6019442880567492,1.5995947741449879,1.5995947741449879,1.6019263514924016,1.5995947741449879,1.5995947741449879,1.5995947741449879,1.5995947741449879,1.5995947741449879,1.5995947741449879,1.5995947741449879,1.5995947741449879,1.5995947741449879,1.0907998,0.9537692,1.1161678,0.0,-0.0004296638624870242,-0.0004296638624870242,1.3511538091030338e-05,-0.0004296638624870242,-0.0004296638624870242,-0.0004296638624870242,-0.0004296638624870242,-0.0004296638624870242,-0.0004296638624870242,-0.0004296638624870242,-0.0004296638624870242,-0.0004296638624870242,0.5706425,0.5354465,0.65071356,1.9580619920195346,1.956854202775788,1.956854202775788,1.958061351984125,1.956854202775788,1.956854202775788,1.956854202775788,1.956854202775788,1.956854202775788,1.956854202775788,1.956854202775788,1.956854202775788,1.956854202775788,0.9561999,0.8541665,0.99627566
0.4697265625,1.6019442880567492,1.5999108759145768,1.5999108759145768,1.601859636124585,1.5999108759145768,1.5999108759145768,1.5999108759145768,1.5999108759145768,1.5999108759145768,1.5999108759145768,1.5999108759145768,1.5999108759145768,1.5999108759145768,1.0977511,0.95567095,1.134863,0.0,-0.0010114918957769316,-0.0010114918957769316,6.930478224737072e-06,-0.0010114918957769316,-0.0010114918957769316,-0.0010114918957769316,-0.0010114918957769316,-0.0010114918957769316,-0.0010114918957769316,-0.0010114918957769316,-0.0010114918957769316,-0.0010114918957769316,0.5627172,0.5247935,0.64387727,1.9580619920195346,1.9569513906445095,1.9569513906445095,1.95805630407874,1.9569513906445095,1.9569513906445095,1.9569513906445095,1.9569513906445095,1.9569513906445095,1.9569513906445095,1.9569513906445095,1.9569513906445095,1.9569513906445095,0.9607334,0.8648113,1.0101671
0.4716796875,1.6019442880567492,1.5999108759145768,1.5999108759145768,1.601938372151218,1.5999108759145768,1.5999108759145768,1.5999108759145768,1.5999108759145768,1.5999108759145768,1.5999108759145768,1.5999108759145768,1.5999108759145768,1.5999108759145768,1.1044302,0.956894,1.152566,0.0,-0.0010114918957769316,-0.0010114918957769316,-1.2643156673120644e-06,-0.0010114918957769316,-0.0010114918957769316,-0.0010114918957769316,-0.0010114918957769316,-0.0010114918957769316,-0.0010114918957769316,-0.0010114918957769316,-0.0010114918957769316,-0.0010114918957769316,0.5550735,0.51364654,0.6352807,1.9580619920195346,1.9569513906445095,1.9569513906445095,1.958053730461344,1.9569513906445095,1.9569513906445095,1.9569513906445095,1.9569513906445095,1.9569513906445095,1.9569513906445095,1.9569513906445095,1.9569513906445095,1.9569513906445095,0.9648795,0.87683314,1.0249138
0.4736328125,1.6019442880567492,1.5999108759145768,1.5999108759145768,1.6018013755197822,1.5999108759145768,1.5999108759145768,1.5999108759145768,1.5999108759145768,1.5999108759145768,1.5999108759145768,1.5999108759145768,1.5999108759145768,1.5999108759145768,1.1108859,0.95732087,1.168729,0.0,-0.0010114918957769316,-0.0010114918957769316,-8.701504123969288e-06,-0.0010114918957769316,-0.0010114918957769316,-0.0010114918957769316,-0.0010114918957769316,-0.0010114918957769316,-0.0010114918957769316,-0.0010114918957769316,-0.0010114918957769316,-0.0010114918957769316,0.54794073,0.5024738,0.62539995,1.9580619920195346,1.9569513906445095,1.9569513906445095,1.958054253457545,1.9569513906445095,1.9569513906445095,1.9569513906445095,1.9569513906445095,1.9569513906445095,1.9569513906445095,1.9569513906445095,1.9569513906445095,1.9569513906445095,0.96867776,0.8899613,1.0404146
0.4755859375,1.6019442880567492,1.5999108759145768,1.5999108759145768,1.6017076439881746,1.5999108759145768,1.5999108759145768,1.5999108759145768,1.5999108759145768,1.5999108759145768,1.5999108759145768,1.5999108759145768,1.5999108759145768,1.5999108759145768,1.1171647,0.95696074,1.1828741,0.0,-0.0010114918957769316,-0.0010114918957769316,-1.4663619014832426e-05,-0.0010114918957769316,-0.0010114918957769316,-0.0010114918957769316,-0.0010114918957769316,-0.0010114918957769316,-0.0010114918957769316,-0.0010114918957769316,-0.0010114918957769316,-0.0010114918957769316,0.5413875,0.4917243,0.61468875,1.9580619920195346,1.9569513906445095,1.9569513906445095,1.9580575274144183,1.9569513906445095,1.9569513906445095,1.9569513906445095,1.9569513906445095,1.9569513906445095,1.9569513906445095,1.9569513906445095,1.9569513906445095,1.9569513906445095,0.97231853,0.9039681,1.0565565
0.4775390625,1.6019442880567492,1.6003215146409397,1.6003215146409397,1.6016138795487593,1.6003215146409397,1.6003215146409397,1.6003215146409397,1.6003215146409397,1.6003215146409397,1.6003215146409397,1.6003215146409397,1.6003215146409397,1.6003215146409397,1.1233474,0.9559792,1.1946657,0.0,5.0939797361170886e-05,5.0939797361170886e-05,-1.8253157906344616e-05,5.0939797361170886e-05,5.0939797361170886e-05,5.0939797361170886e-05,5.0939797361170886e-05,5.0939797361170886e-05,5.0939797361170886e-05,5.0939797361170886e-05,5.0939797361170886e-05,5.0939797361170886e-05,0.5353401,0.4817788,0.6035303,1.9580619920195346,1.9574925456933396,1.9574925456933396,1.9580611628748954,1.9574925456933396,1.9574925456933396,1.9574925456933396,1.9574925456933396,1.9574925456933396,1.9574925456933396,1.9574925456933396,1.9574925456933396,1.9574925456933396,0.97614664,0.9187094,1.073226
0.4794921875,1.6019442880567492,1.6003215146409397,1.6003215146409397,1.6015026370852097,1.6003215146409397,1.6003215146409397,1.6003215146409397,1.6003215146409397,1.6003215146409397,1.6003215146409397,1.6003215146409397,1.6003215146409397,1.6003215146409397,1.1295927,0.95470107,1.203971,0.0,5.0939797361170886e-05,5.0939797361170886e-05,-1.8446774020659296e-05,5.0939797361170886e-05,5.0939797361170886e-05,5.0939797361170886e-05,5.0939797361170886e-05,5.0939797361170886e-05,5.0939797361170886e-05,5.0939797361170886e-05,5.0939797361170886e-05,5.0939797361170886e-05,0.5296161,0.47291395,0.5922198,1.9580619920195346,1.9574925456933396,1.9574925456933396,1.9580696933406752,1.9574925456933396,1.9574925456933396,1.9574925456933396,1.9574925456933396,1.9574925456933396,1.9574925456933396,1.9574925456933396,1.9574925456933396,1.9574925456933396,0.98064184,0.9341474,1.0903269
0.4814453125,1.6019442880567492,1.6003215146409397,1.6003215146409397,1.6013073433053922,1.6003215146409397,1.6003215146409397,1.6003215146409397,1.6003215146409397,1.6003215146409397,1.6003215146409397,1.6003215146409397,1.6003215146409397,1.6003215146409397,1.1361698,0.9535845,1.2108886,0.0,5.0939797361170886e-05,5.0939797361170886e-05,-1.5106455707802037e-05,5.0939797361170886e-05,5.0939797361170886e-05,5.0939797361170886e-05,5.0939797361170886e-05,5.0939797361170886e-05,5.0939797361170886e-05,5.0939797361170886e-05,5.0939797361170886e-05,5.0939797361170886e-05,0.52395827,0.4652875,0.58097017,1.9580619920195346,1.9574925456933396,1.9574925456933396,1.9580736430061334,1.9574925456933396,1.9574925456933396,1.9574925456933396,1.9574925456933396,1.9574925456933396,1.9574925456933396,1.9574925456933396,1.9574925456933396,1.9574925456933396,0.98637617,0.95035017,1.1078051
0.4833984375,1.6019442880567492,1.6003215146409397,1.6003215146409397,1.601070310132868,1.6003215146409397,1.6003215146409397,1.6003215146409397,1.6003215146409397,1.6003215146409397,1.6003215146409397,1.6003215146409397,1.6003215146409397,1.6003215146409397,1.1434625,0.9531782,1.2157452,0.0,5.0939797361170886e-05,5.0939797361170886e-05,-9.37237557971166e-06,5.0939797361170886e-05,5.0939797361170886e-05,5.0939797361170886e-05,5.0939797361170886e-05,5.0939797361170886e-05,5.0939797361170886e-05,5.0939797361170886e-05,5.0939797361170886e-05,5.0939797361170886e-05,0.5180658,0.4589456,0.5699289,1.9580619920195346,1.9574925456933396,1.9574925456933396,1.9580775878890089,1.9574925456933396,1.9574925456933396,1.9574925456933396,1.9574925456933396,1.9574925456933396,1.9574925456933396,1.9574925456933396,1.9574925456933396,1.9574925456933396,0.9939662,0.96747243,1.1256642
0.4853515625,1.6019442880567492,1.5990305003163439,1.5990305003163439,1.6007662167912637,1.5990305003163439,1.5990305003163439,1.5990305003163439,1.5990305003163439,1.5990305003163439,1.5990305003163439,1.5990305003163439,1.5990305003163439,1.5990305003163439,1.1519442,0.9540658,1.2190565,0.0,0.0008402347349620613,0.0008402347349620613,-1.3177351537251678e-06,0.0008402347349620613,0.0008402347349620613,0.0008402347349620613,0.0008402347349620613,0.0008402347349620613,0.0008402347349620613,0.0008402347349620613,0.0008402347349620613,0.0008402347349620613,0.5116217,0.45384538,0.559198,1.9580619920195346,1.9582789147908861,1.9582789147908861,1.958080228889251,1.9582789147908861,1.9582789147908861,1.9582789147908861,1.9582789147908861,1.9582789147908861,1.9582789147908861,1.9582789147908861,1.9582789147908861,1.9582789147908861,1.0040185,0.98573124,1.1439699
0.4873046875,1.6019442880567492,1.5990305003163439,1.5990305003163439,1.6004763247859422,1.5990305003163439,1.5990305003163439,1.5990305003163439,1.5990305003163439,1.5990305003163439,1.5990305003163439,1.5990305003163439,1.5990305003163439,1.5990305003163439,1.1621225,0.95680285,1.2214618,0.0,0.0008402347349620613,0.0008402347349620613,6.130196793282025e-06,0.0008402347349620613,0.0008402347349620613,0.0008402347349620613,0.0008402347349620613,0.0008402347349620613,0.0008402347349620613,0.0008402347349620613,0.0008402347349620613,0.0008402347349620613,0.50431836,0.44988042,0.5488539,1.9580619920195346,1.9582789147908861,1.9582789147908861,1.9580801035656825,1.9582789147908861,1.9582789147908861,1.9582789147908861,1.9582789147908861,1.9582789147908861,1.9582789147908861,1.9582789147908861,1.9582789147908861,1.9582789147908861,1.0170766,1.0053695,1.162843
0.4892578125,1.6019442880567492,1.5990305003163439,1.5990305003163439,1.6002921106577586,1.5990305003163439,1.5990305003163439,1.5990305003163439,1.5990305003163439,1.5990305003163439,1.5990305003163439,1.5990305003163439,1.5990305003163439,1.5990305003163439,1.1744714,0.96185076,1.2236384,0.0,0.0008402347349620613,0.0008402347349620613,1.3346648239905213e-05,0.0008402347349620613,0.0008402347349620613,0.0008402347349620613,0.0008402347349620613,0.0008402347349620613,0.0008402347349620613,0.0008402347349620613,0.0008402347349620613,0.0008402347349620613,0.49588042,0.44689748,0.5389631,1.9580619920195346,1.9582789147908861,1.9582789147908861,1.958077177443635,1.9582789147908861,1.9582789147908861,1.9582789147908861,1.9582789147908861,1.9582789147908861,1.9582789147908861,1.9582789147908861,1.9582789147908861,1.9582789147908861,1.0335673,1.0266206,1.182443
0.4912109375,1.6019442880567492,1.5990305003163439,1.5990305003163439,1.600306409002882,1.5990305003163439,1.5990305003163439,1.5990305003163439,1.5990305003163439,1.5990305003163439,1.5990305003163439,1.5990305003163439,1.5990305003163439,1.5990305003163439,1.189355,0.96951556,1.2262187,0.0,0.0008402347349620613,0.0008402347349620613,1.7907488792877484e-05,0.0008402347349620613,0.0008402347349620613,0.0008402347349620613,0.0008402347349620613,0.0008402347349620613,0.0008402347349620613,0.0008402347349620613,0.0008402347349620613,0.0008402347349620613,0.48608905,0.44469863,0.52959716,1.9580619920195346,1.9582789147908861,1.9582789147908861,1.9580735988741806,1.9582789147908861,1.9582789147908861,1.9582789147908861,1.9582789147908861,1.9582789147908861,1.9582789147908861,1.9582789147908861,1.9582789147908861,1.9582789147908861,1.0537544,1.0496699,1.2029513
0.4931640625,1.6019442880567492,1.5770000646643418,1.5770000646643418,1.6005621927337204,1.5770000646643418,1.5770000646643418,1.5770000646643418,1.5770000646643418,1.5770000646643418,1.5770000646643418,1.5770000646643418,1.5770000646643418,1.5770000646643418,1.2069677,0.97989863,1.2297226,0.0,0.000355784751735055,0.000355784751735055,1.921713160220815e-05,0.000355784751735055,0.000355784751735055,0.000355784751735055,0.000355784751735055,0.000355784751735055,0.000355784751735055,0.000355784751735055,0.000355784751735055,0.000355784751735055,0.47480753,0.44303304,0.52084166,1.9580619920195346,1.9580002054344858,1.9580002054344858,1.958067732889773,1.9580002054344858,1.9580002054344858,1.9580002054344858,1.9580002054344858,1.9580002054344858,1.9580002054344858,1.9580002054344858,1.9580002054344858,1.9580002054344858,1.0776967,1.0746129,1.2245587
0.4951171875,1.6019442880567492,1.5770000646643418,1.5770000646643418,1.6006543150941268,1.5770000646643418,1.5770000646643418,1.5770000646643418,1.5770000646643418,1.5770000646643418,1.5770000646643418,1.5770000646643418,1.5770000646643418,1.5770000646643418,1.2272851,0.9928669,1.2345223,0.0,0.000355784751735055,0.000355784751735055,1.6873769295511736e-05,0.000355784751735055,0.000355784751735055,0.000355784751735055,0.000355784751735055,0.000355784751735055,0.000355784751735055,0.000355784751735055,0.000355784751735055,0.000355784751735055,0.4620071,0.4415875,0.5128012,1.9580619920195346,1.9580002054344858,1.9580002054344858,1.958063043199711,1.9580002054344858,1.9580002054344858,1.9580002054344858,1.9580002054344858,1.9580002054344858,1.9580002054344858,1.9580002054344858,1.9580002054344858,1.9580002054344858,1.1052182,1.1014049,1.2474517
0.4970703125,1.6019442880567492,1.5770000646643418,1.5770000646643418,1.5988784661968287,1.5770000646643418,1.5770000646643418,1.5770000646643418,1.5770000646643418,1.5770000646643418,1.5770000646643418,1.5770000646643418,1.5770000646643418,1.5770000646643418,1.2408333,1.0080451,1.2500398,0.0,0.000355784751735055,0.000355784751735055,1.1730233994982959e-05,0.000355784751735055,0.000355784751735055,0.000355784751735055,0.000355784751735055,0.000355784751735055,0.000355784751735055,0.000355784751735055,0.000355784751735055,0.000355784751735055,0.44779158,0.4399863,0.50559545,1.9580619920195346,1.9580002054344858,1.9580002054344858,1.9580589884509179,1.9580002054344858,1.9580002054344858,1.9580002054344858,1.9580002054344858,1.9580002054344858,1.9580002054344858,1.9580002054344858,1.9580002054344858,1.9580002054344858,1.1358912,1.129812,1.2717928
0.4990234375,1.6019442880567492,1.5770000646643418,1.5770000646643418,1.5770557997848536,1.5770000646643418,1.5770000646643418,1.5770000646643418,1.5770000646643418,1.5770000646643418,1.5770000646643418,1.5770000646643418,1.5770000646643418,1.5770000646643418,1.248721,1.024836,1.2747178,0.0,0.000355784751735055,0.000355784751735055,3.70057455502004e-06,0.000355784751735055,0.000355784751735055,0.000355784751735055,0.000355784751735055,0.000355784751735055,0.000355784751735055,0.000355784751735055,0.000355784751735055,0.000355784751735055,0.4378057,0.43240994,0.49934793,1.9580619920195346,1.9580002054344858,1.9580002054344858,1.9580556752755582,1.9580002054344858,1.9580002054344858,1.9580002054344858,1.9580002054344858,1.9580002054344858,1.9580002054344858,1.9580002054344858,1.9580002054344858,1.9580002054344858,1.1690428,1.1593673,1.2976897
0.5009765625,1.6019442880567492,1.5770000646643458,1.5770000646643458,1.5770557997848613,1.5770000646643458,1.5770000646643458,1.5770000646643458,1.5770000646643458,1.5770000646643458,1.5770000646643458,1.5770000646643458,1.5770000646643458,1.5770000646643458,1.4283886,1.2701839,1.5122116,0.0,-0.0003557847517343967,-0.00035487965766224796,-3.70057455372299e-06,-0.00035578115230966293,-0.00035578115442696964,-0.0003557811440560738,-0.0003557811343734808,-0.00035578113628518333,-0.00035578113426759964,-0.00035578115230966293,-0.00035578115442696964,-0.0003557811440560738,0.18766242,0.04284151,0.301426,1.9580619920195346,1.9580002054344863,1.9580002056373575,1.958055675275558,1.958000205435294,1.9580002054352939,1.9580002054352958,1.9580002054352983,1.9580002054352976,1.9580002054352983,1.958000205435294,1.9580002054352939,1.9580002054352958,1.3773247,1.2757958,1.7518862
0.5029296875,1.6019442880567492,1.5770000646643458,1.5770000646643458,1.598878466196834,1.5770000646643458,1.5770000646643458,1.5770000646643458,1.5770000646643458,1.5770000646643458,1.5770000646643458,1.5770000646643458,1.5770000646643458,1.5770000646643458,1.4460378,1.2814379,1.5314809,0.0,-0.0003557847517343967,-0.0003554830537103471,-1.17302339947748e-05,-0.0003557835519261521,-0.000355783552631921,-0.0003557835491749557,-0.0003557835459474247,-0.0003557835465846589,-0.000355783545912131,-0.0003557835519261521,-0.000355783552631921,-0.0003557835491749557,0.18214366,0.04325217,0.28775066,1.9580619920195346,1.9580002054344863,1.9580002055021675,1.9580589884509187,1.9580002054347556,1.9580002054347556,1.9580002054347563,1.958000205434757,1.958000205434757,1.958000205434757,1.9580002054347556,1.9580002054347556,1.9580002054347563,1.4135978,1.3101404,1.7745293
0.5048828125,1.6019442880567492,1.5770000646643458,1.5770000646643458,1.600654315094122,1.5770000646643458,1.5770000646643458,1.5770000646643458,1.5770000646643458,1.5770000646643458,1.5770000646643458,1.5770000646643458,1.5770000646643458,1.5770000646643458,1.4634215,1.290374,1.5478228,0.0,-0.0003557847517343967,-0.00035608644975844623,-1.6873769295700723e-05,-0.00035578595154264124,-0.0003557859542938376,-0.00035578595083687235,-0.00035578595752136863,-0.00035578595755666234,-0.00035578595688413444,-0.00035578595154264124,-0.0003557859542938376,-0.00035578595083687235,0.17852567,0.044458464,0.27528426,1.9580619920195346,1.9580002054344863,1.958000205366748,1.9580630431997117,1.9580002054342174,1.9580002054342165,1.9580002054342174,1.9580002054342158,1.9580002054342158,1.9580002054342158,1.9580002054342174,1.9580002054342165,1.9580002054342174,1.445777,1.3421543,1.7947819
0.5068359375,1.6019442880567492,1.5770000646643458,1.5770000646643458,1.6005621927337226,1.5770000646643458,1.5770000646643458,1.5770000646643458,1.5770000646643458,1.5770000646643458,1.5770000646643458,1.5770000646643458,1.5770000646643458,1.5770000646643458,1.4796615,1.2966003,1.5607597,0.0,-0.0003557847517343967,-0.00035668984580654534,-1.921713160265424e-05,-0.00035578835115913037,-0.00035578835941271953,-0.00035578834904182366,-0.00035578836909531253,-0.00035578836920119365,-0.00035578836718360996,-0.00035578835115913037,-0.00035578835941271953,-0.00035578834904182366,0.17663355,0.046155855,0.2643433,1.9580619920195346,1.9580002054344863,1.9580002052310987,1.9580677328897738,1.9580002054336787,1.9580002054336765,1.9580002054336791,1.9580002054336745,1.9580002054336745,1.9580002054336751,1.9580002054336787,1.9580002054336765,1.9580002054336791,1.4728589,1.3704661,1.812909
0.5087890625,1.6019442880567492,1.5990305003163499,1.5990305003163499,1.6003064090028771,1.5990305003163499,1.5990305003163499,1.5990305003163499,1.5990305003163499,1.5990305003163499,1.5990305003163499,1.5990305003163499,1.5990305003163499,1.5990305003163499,1.4938073,1.2999511,1.5700662,0.0,-0.000840234734961803,-0.000840234734961803,-1.7907488792850643e-05,-0.000840234734961803,-0.000840234734961803,-0.000840234734961803,-0.000840234734961803,-0.000840234734961803,-0.000840234734961803,-0.000840234734961803,-0.000840234734961803,-0.000840234734961803,0.1762988,0.04802622,0.25512773,1.9580619920195346,1.9582789147908861,1.9582789147908861,1.958073598874181,1.9582789147908861,1.9582789147908861,1.9582789147908861,1.9582789147908861,1.9582789147908861,1.9582789147908861,1.9582789147908861,1.9582789147908861,1.9582789147908861,1.493983,1.3938175,1.8291241
0.5107421875,1.6019442880567492,1.5990305003163499,1.5990305003163499,1.6002921106577652,1.5990305003163499,1.5990305003163499,1.5990305003163499,1.5990305003163499,1.5990305003163499,1.5990305003163499,1.5990305003163499,1.5990305003163499,1.5990305003163499,1.5048834,1.3004724,1.5757626,0.0,-0.000840234734961803,-0.000840234734961803,-1.3346648239332456e-05,-0.000840234734961803,-0.000840234734961803,-0.000840234734961803,-0.000840234734961803,-0.000840234734961803,-0.000840234734961803,-0.000840234734961803,-0.000840234734961803,-0.000840234734961803,0.17735207,0.049762398,0.2476961,1.9580619920195346,1.9582789147908861,1.9582789147908861,1.9580771774436356,1.9582789147908861,1.9582789147908861,1.9582789147908861,1.9582789147908861,1.9582789147908861,1.9582789147908861,1.9582789147908861,1.9582789147908861,1.9582789147908861,1.5085428,1.4112355,1.8435572
0.5126953125,1.6019442880567492,1.5990305003163499,1.5990305003163499,1.6004763247859435,1.5990305003163499,1.5990305003163499,1.5990305003163499,1.5990305003163499,1.5990305003163499,1.5990305003163499,1.5990305003163499,1.5990305003163499,1.5990305003163499,1.5119565,1.2983834,1.5780656,0.0,-0.000840234734961803,-0.000840234734961803,-6.130196792505096e-06,-0.000840234734961803,-0.000840234734961803,-0.000840234734961803,-0.000840234734961803,-0.000840234734961803,-0.000840234734961803,-0.000840234734961803,-0.000840234734961803,-0.000840234734961803,0.17959905,0.051089317,0.24195409,1.9580619920195346,1.9582789147908861,1.9582789147908861,1.9580801035656836,1.9582789147908861,1.9582789147908861,1.9582789147908861,1.9582789147908861,1.9582789147908861,1.9582789147908861,1.9582789147908861,1.9582789147908861,1.9582789147908861,1.5163004,1.4222018,1.8562641
0.5146484375,1.6019442880567492,1.5990305003163499,1.5990305003163499,1.6007662167912624,1.5990305003163499,1.5990305003163499,1.5990305003163499,1.5990305003163499,1.5990305003163499,1.5990305003163499,1.5990305003163499,1.5990305003163499,1.5990305003163499,1.5142103,1.2940284,1.5773163,0.0,-0.000840234734961803,-0.000840234734961803,1.3177351542738664e-06,-0.000840234734961803,-0.000840234734961803,-0.000840234734961803,-0.000840234734961803,-0.000840234734961803,-0.000840234734961803,-0.000840234734961803,-0.000840234734961803,-0.000840234734961803,0.1827912,0.05178307,0.23766729,1.9580619920195346,1.9582789147908861,1.9582789147908861,1.958080228889252,1.9582789147908861,1.9582789147908861,1.9582789147908861,1.9582789147908861,1.9582789147908861,1.9582789147908861,1.9582789147908861,1.9582789147908861,1.9582789147908861,1.5174776,1.4267517,1.8672432
0.5166015625,1.6019442880567492,1.6003215146409395,1.6003215146409395,1.6010703101328634,1.6003215146409395,1.6003215146409395,1.6003215146409395,1.6003215146409395,1.6003215146409395,1.6003215146409395,1.6003215146409395,1.6003215146409395,1.6003215146409395,1.511028,1.2878362,1.5739185,0.0,-5.0939797361258754e-05,-5.0939797361258754e-05,9.372375580269768e-06,-5.0939797361258754e-05,-5.0939797361258754e-05,-5.0939797361258754e-05,-5.0939797361258754e-05,-5.0939797361258754e-05,-5.0939797361258754e-05,-5.0939797361258754e-05,-5.0939797361258754e-05,-5.0939797361258754e-05,0.18660891,0.051686555,0.23449618,1.9580619920195346,1.9574925456933392,1.9574925456933392,1.9580775878890093,1.9574925456933392,1.9574925456933392,1.9574925456933392,1.9574925456933392,1.9574925456933392,1.9574925456933392,1.9574925456933392,1.9574925456933392,1.9574925456933392,1.5127771,1.4254694,1.8764821
0.5185546875,1.6019442880567492,1.6003215146409395,1.6003215146409395,1.6013073433053904,1.6003215146409395,1.6003215146409395,1.6003215146409395,1.6003215146409395,1.6003215146409395,1.6003215146409395,1.6003215146409395,1.6003215146409395,1.6003215146409395,1.5020713,1.280287,1.5682902,0.0,-5.0939797361258754e-05,-5.0939797361258754e-05,1.5106455708104557e-05,-5.0939797361258754e-05,-5.0939797361258754e-05,-5.0939797361258754e-05,-5.0939797361258754e-05,-5.0939797361258754e-05,-5.0939797361258754e-05,-5.0939797361258754e-05,-5.0939797361258754e-05,-5.0939797361258754e-05,0.19067064,0.050725684,0.23204374,1.9580619920195346,1.9574925456933392,1.9574925456933392,1.9580736430061334,1.9574925456933392,1.9574925456933392,1.9574925456933392,1.9574925456933392,1.9574925456933392,1.9574925456933392,1.9574925456933392,1.9574925456933392,1.9574925456933392,1.5033203,1.4193869,1.8839835
0.5205078125,1.6019442880567492,1.6003215146409395,1.6003215146409395,1.6015026370852083,1.6003215146409395,1.6003215146409395,1.6003215146409395,1.6003215146409395,1.6003215146409395,1.6003215146409395,1.6003215146409395,1.6003215146409395,1.6003215146409395,1.4873444,1.2718781,1.5608507,0.0,-5.0939797361258754e-05,-5.0939797361258754e-05,1.8446774020697934e-05,-5.0939797361258754e-05,-5.0939797361258754e-05,-5.0939797361258754e-05,-5.0939797361258754e-05,-5.0939797361258754e-05,-5.0939797361258754e-05,-5.0939797361258754e-05,-5.0939797361258754e-05,-5.0939797361258754e-05,0.19457537,0.048923492,0.22990479,1.9580619920195346,1.9574925456933392,1.9574925456933392,1.9580696933406738,1.9574925456933392,1.9574925456933392,1.9574925456933392,1.9574925456933392,1.9574925456933392,1.9574925456933392,1.9574925456933392,1.9574925456933392,1.9574925456933392,1.4904978,1.4098257,1.8897756
0.5224609375,1.6019442880567492,1.6003215146409395,1.6003215146409395,1.6016138795487653,1.6003215146409395,1.6003215146409395,1.6003215146409395,1.6003215146409395,1.6003215146409395,1.6003215146409395,1.6003215146409395,1.6003215146409395,1.6003215146409395,1.467232,1.2630818,1.5520098,0.0,-5.0939797361258754e-05,-5.0939797361258754e-05,1.825315790617217e-05,-5.0939797361258754e-05,-5.0939797361258754e-05,-5.0939797361258754e-05,-5.0939797361258754e-05,-5.0939797361258754e-05,-5.0939797361258754e-05,-5.0939797361258754e-05,-5.0939797361258754e-05,-5.0939797361258754e-05,0.19796677,0.04641202,0.22770791,1.9580619920195346,1.9574925456933392,1.9574925456933392,1.9580611628748943,1.9574925456933392,1.9574925456933392,1.9574925456933392,1.9574925456933392,1.9574925456933392,1.9574925456933392,1.9574925456933392,1.9574925456933392,1.9574925456933392,1.4757674,1.3982192,1.8938856
0.5244140625,1.6019442880567492,1.5999108759145766,1.5999108759145766,1.6017076439881672,1.5999108759145766,1.5999108759145766,1.5999108759145766,1.5999108759145766,1.5999108759145766,1.5999108759145766,1.5999108759145766,1.5999108759145766,1.5999108759145766,1.4424993,1.2542989,1.5421687,0.0,0.001011491895776854,0.001011491895776854,1.4663619014702307e-05,0.001011491895776854,0.001011491895776854,0.001011491895776854,0.001011491895776854,0.001011491895776854,0.001011491895776854,0.001011491895776854,0.001011491895776854,0.001011491895776854,0.20059693,0.04343137,0.22514626,1.9580619920195346,1.9569513906445088,1.9569513906445088,1.958057527414417,1.9569513906445088,1.9569513906445088,1.9569513906445088,1.9569513906445088,1.9569513906445088,1.9569513906445088,1.9569513906445088,1.9569513906445088,1.9569513906445088,1.4604651,1.3859639,1.8962859
0.5263671875,1.6019442880567492,1.5999108759145766,1.5999108759145766,1.601801375519789,1.5999108759145766,1.5999108759145766,1.5999108759145766,1.5999108759145766,1.5999108759145766,1.5999108759145766,1.5999108759145766,1.5999108759145766,1.5999108759145766,1.4142491,1.2458277,1.5317255,0.0,0.001011491895776854,0.001011491895776854,8.701504123633746e-06,0.001011491895776854,0.001011491895776854,0.001011491895776854,0.001011491895776854,0.001011491895776854,0.001011491895776854,0.001011491895776854,0.001011491895776854,0.001011491895776854,0.20236123,0.040317938,0.22199605,1.9580619920195346,1.9569513906445088,1.9569513906445088,1.9580542534575425,1.9569513906445088,1.9569513906445088,1.9569513906445088,1.9569513906445088,1.9569513906445088,1.9569513906445088,1.9569513906445088,1.9569513906445088,1.9569513906445088,1.445683,1.3743031,1.8968451
0.5283203125,1.6019442880567492,1.5999108759145766,1.5999108759145766,1.6019383721512235,1.5999108759145766,1.5999108759145766,1.5999108759145766,1.5999108759145766,1.5999108759145766,1.5999108759145766,1.5999108759145766,1.5999108759145766,1.5999108759145766,1.3838412,1.2378684,1.5210916,0.0,0.001011491895776854,0.001011491895776854,1.2643156666009802e-06,0.001011491895776854,0.001011491895776854,0.001011491895776854,0.001011491895776854,0.001011491895776854,0.001011491895776854,0.001011491895776854,0.001011491895776854,0.001011491895776854,0.20329568,0.037475526,0.21812546,1.9580619920195346,1.9569513906445088,1.9569513906445088,1.958053730461341,1.9569513906445088,1.9569513906445088,1.9569513906445088,1.9569513906445088,1.9569513906445088,1.9569513906445088,1.9569513906445088,1.9569513906445088,1.9569513906445088,1.432235,1.3642555,1.8953155
0.5302734375,1.6019442880567492,1.5999108759145766,1.5999108759145766,1.6018596361245865,1.5999108759145766,1.5999108759145766,1.5999108759145766,1.5999108759145766,1.5999108759145766,1.5999108759145766,1.5999108759145766,1.5999108759145766,1.5999108759145766,1.3527709,1.2305692,1.5107307,0.0,0.001011491895776854,0.001011491895776854,-6.9304782257020345e-06,0.001011491895776854,0.001011491895776854,0.001011491895776854,0.001011491895776854,0.001011491895776854,0.001011491895776854,0.001011491895776854,0.001011491895776854,0.001011491895776854,0.20354132,0.03533724,0.213495,1.9580619920195346,1.9569513906445088,1.9569513906445088,1.958056304078737,1.9569513906445088,1.9569513906445088,1.9569513906445088,1.9569513906445088,1.9569513906445088,1.9569513906445088,1.9569513906445088,1.9569513906445088,1.9569513906445088,1.420697,1.3565806,1.8913801
0.5322265625,1.6019442880567492,1.5995947741449887,1.5995947741449887,1.601926351492401,1.5995947741449887,1.5995947741449887,1.5995947741449887,1.5995947741449887,1.5995947741449887,1.5995947741449887,1.5995947741449887,1.5995947741449887,1.5995947741449887,1.3225354,1.2240862,1.5011944,0.0,0.000429663862487054,0.000429663862487054,-1.3511538092009191e-05,0.000429663862487054,0.000429663862487054,0.000429663862487054,0.000429663862487054,0.000429663862487054,0.000429663862487054,0.000429663862487054,0.000429663862487054,0.000429663862487054,0.20329368,0.034314275,0.20815179,1.9580619920195346,1.9568542027757871,1.9568542027757871,1.9580613519841228,1.9568542027757871,1.9568542027757871,1.9568542027757871,1.9568542027757871,1.9568542027757871,1.9568542027757871,1.9568542027757871,1.9568542027757871,1.9568542027757871,1.4114958,1.3517714,1.8847563
0.5341796875,1.6019442880567492,1.5995947741449887,1.5995947741449887,1.60193502748818,1.5995947741449887,1.5995947741449887,1.5995947741449887,1.5995947741449887,1.5995947741449887,1.5995947741449887,1.5995947741449887,1.5995947741449887,1.5995947741449887,1.2945018,1.2186224,1.4931371,0.0,0.000429663862487054,0.000429663862487054,-1.736136684559418e-05,0.000429663862487054,0.000429663862487054,0.000429663862487054,0.000429663862487054,0.000429663862487054,0.000429663862487054,0.000429663862487054,0.000429663862487054,0.000429663862487054,0.20221815,0.03474161,0.20275731,1.9580619920195346,1.9568542027757871,1.9568542027757871,1.9580662201768653,1.9568542027757871,1.9568542027757871,1.9568542027757871,1.9568542027757871,1.9568542027757871,1.9568542027757871,1.9568542027757871,1.9568542027757871,1.9568542027757871,1.4049882,1.3500655,1.8753309
0.5361328125,1.6019442880567492,1.5995947741449887,1.5995947741449887,1.6019526604500718,1.5995947741449887,1.5995947741449887,1.5995947741449887,1.5995947741449887,1.5995947741449887,1.5995947741449887,1.5995947741449887,1.5995947741449887,1.5995947741449887,1.2698016,1.2144328,1.4872922,0.0,0.000429663862487054,0.000429663862487054,-1.7572109018171698e-05,0.000429663862487054,0.000429663862487054,0.000429663862487054,0.000429663862487054,0.000429663862487054,0.000429663862487054,0.000429663862487054,0.000429663862487054,0.000429663862487054,0.1958769,0.036826402,0.20210853,1.9580619920195346,1.9568542027757871,1.9568542027757871,1.9580748576322886,1.9568542027757871,1.9568542027757871,1.9568542027757871,1.9568542027757871,1.9568542027757871,1.9568542027757871,1.9568542027757871,1.9568542027757871,1.9568542027757871,1.4015127,1.351471,1.8632864
0.5380859375,1.6019442880567492,1.5995947741449887,1.5995947741449887,1.6019407959521277,1.5995947741449887,1.5995947741449887,1.5995947741449887,1.5995947741449887,1.5995947741449887,1.5995947741449887,1.5995947741449887,1.5995947741449887,1.5995947741449887,1.2492759,1.2117925,1.4844095,0.0,0.000429663862487054,0.000429663862487054,-1.445504065327551e-05,0.000429663862487054,0.000429663862487054,0.000429663862487054,0.000429663862487054,0.000429663862487054,0.000429663862487054,0.000429663862487054,0.000429663862487054,0.000429663862487054,0.18935664,0.040614247,0.20147489,1.9580619920195346,1.9568542027757871,1.9568542027757871,1.9580791217656488,1.9568542027757871,1.9568542027757871,1.9568542027757871,1.9568542027757871,1.9568542027757871,1.9568542027757871,1.9568542027757871,1.9568542027757871,1.9568542027757871,1.4014016,1.3557956,1.8491536
0.5400390625,1.6019442880567492,1.6008152959565036,1.6003808296150683,1.602054663331886,1.60053992766776,1.6003841091028,1.6006331632417992,1.6003808545433362,1.600380829623719,1.6003808866045155,1.60053992766776,1.6003841091028,1.6006331632417992,1.2334665,1.2109565,1.4851826,0.0,-0.0012128864942768866,-0.0010577901148407826,-9.17732975548628e-06,-0.0011145949232882475,-0.0011478787624313418,-0.0010589611462085862,-0.0010577990161831576,-0.0010578104645325734,-0.0010577901179297572,-0.0011145949232882475,-0.0011478787624313418,-0.0010589611462085862,0.18291935,0.045978054,0.2009269,1.9580619920195346,1.9589727838979707,1.958282204171672,1.9580835644708579,1.9585350906572905,1.9582874169409712,1.9586832877190172,1.9582822437953364,1.9582822041854224,1.958282294756815,1.9585350906572905,1.9582874169409712,1.9586832877190172,1.4049447,1.3626816,1.8337874
0.5419921875,1.6019442880567492,1.6008152959565036,1.6006704738426918,1.6019829203389968,1.6007235065269225,1.600671567005269,1.600754585051602,1.6006704821521145,1.6006704738455753,1.6006704928391742,1.6007235065269225,1.600671567005269,1.600754585051602,1.2226532,1.2121156,1.4901814,0.0,-0.0012128864942768866,-0.001161197056121977,-2.2188108644587855e-06,-0.0011801263948012352,-0.0011912188940024502,-0.0011615872591903063,-0.0011612000221624206,-0.0011612038368980812,-0.0011611970571512628,-0.0011801263948012352,-0.0011912188940024502,-0.0011615872591903063,0.1768527,0.05263287,0.20048146,1.9580619920195346,1.9589727838979707,1.9587425923670028,1.9580863488351632,1.9588268868383696,1.9587443299310296,1.9588762854722992,1.9587426055746944,1.9587425923715862,1.9587426225616014,1.9588268868383696,1.9587443299310296,1.9588762854722992,1.4123297,1.3716327,1.8182603
0.5439453125,1.6019442880567492,1.6008152959565036,1.6009601180703155,1.6019625592279092,1.6009070853860847,1.6008760068614052,1.6009590249077383,1.6009601097608928,1.600960099073833,1.600960118067432,1.6009070853860847,1.6008760068614052,1.6009590249077383,1.2169131,1.2153738,1.4998112,0.0,-0.0012128864942768866,-0.0012645665808263308,4.4014783558256425e-06,-0.00124564283709374,-0.0012641765184028576,-0.0012345524511265808,-0.001264563615858986,-0.0012645665797974173,-0.001264559802503387,-0.00124564283709374,-0.0012641765184028576,-0.0012345524511265808,0.17146315,0.060171604,0.20011573,1.9580619920195346,1.9589727838979707,1.9592029737184262,1.9580852598577652,1.9591186802704375,1.9590692820230418,1.9592012361801248,1.9592029605109307,1.9592029435242764,1.9592029737138432,1.9591186802704375,1.9590692820230418,1.9592012361801248,1.4235636,1.3820456,1.8037139
0.5458984375,1.6019442880567492,1.6008152959565036,1.601249762297939,1.6019721096096662,1.6010906642452472,1.600997428671208,1.6012464828102073,1.601249737369671,1.6012497053084918,1.6012497622892883,1.6010906642452472,1.600997428671208,1.6012464828102073,1.2207376,1.2161843,1.5142903,0.0,-0.0012128864942768866,-0.001367898709258288,1.0880309431720165e-05,-0.0013111442553354507,-0.0013667289436943533,-0.0012778794352995787,-0.0013678898175738029,-0.0013678987061726648,-0.0013678783816449462,-0.0013111442553354507,-0.0013667289436943533,-0.0012778794352995787,0.16706732,0.06811023,0.19978672,1.9580619920195346,1.9589727838979707,1.959663348229656,1.958080680149238,1.959410470954439,1.9592622773715185,1.959658135691886,1.959663308607758,1.959663257648551,1.9596633482159058,1.959410470954439,1.9592622773715185,1.959658135691886,1.4383991,1.3932385,1.7912107
0.5478515625,1.6019442880567492,1.6019119279659773,1.6019119279659773,1.6019648770626085,1.6019119279659773,1.6019119279659773,1.6019119279659773,1.6019119279659773,1.6019119279659773,1.6019119279659773,1.6019119279659773,1.6019119279659773,1.6019119279659773,1.2281249,1.2203115,1.5336423,0.0,-0.0014190923068935217,-0.0014190923068935217,1.4769496899544569e-05,-0.0014190923068935217,-0.0014190923068935217,-0.0014190923068935217,-0.0014190923068935217,-0.0014190923068935217,-0.0014190923068935217,-0.0014190923068935217,-0.0014190923068935217,-0.0014190923068935217,0.16397436,0.0759393,0.19945142,1.9580619920195346,1.960537310384502,1.960537310384502,1.9580755004596968,1.960537310384502,1.960537310384502,1.960537310384502,1.960537310384502,1.960537310384502,1.960537310384502,1.960537310384502,1.960537310384502,1.960537310384502,1.4562873,1.4044855,1.7816184
0.5498046875,1.6019442880567492,1.6019119279659773,1.6019119279659773,1.6019294907606527,1.6019119279659773,1.6019119279659773,1.6019119279659773,1.6019119279659773,1.6019119279659773,1.6019119279659773,1.6019119279659773,1.6019119279659773,1.6019119279659773,1.2373803,1.2290666,1.5576863,0.0,-0.0014190923068935217,-0.0014190923068935217,1.5560541052456157e-05,-0.0014190923068935217,-0.0014190923068935217,-0.0014190923068935217,-0.0014190923068935217,-0.0014190923068935217,-0.0014190923068935217,-0.0014190923068935217,-0.0014190923068935217,-0.0014190923068935217,0.16246234,0.08317773,0.19908145,1.9580619920195346,1.960537310384502,1.960537310384502,1.958067736343816,1.960537310384502,1.960537310384502,1.960537310384502,1.960537310384502,1.960537310384502,1.960537310384502,1.960537310384502,1.960537310384502,1.960537310384502,1.4763777,1.4150641,1.7755371
0.5517578125,1.6019442880567492,1.6019119279659773,1.6019119279659773,1.6019985077265244,1.6019119279659773,1.6019119279659773,1.6019119279659773,1.6019119279659773,1.6019119279659773,1.6019119279659773,1.6019119279659773,1.6019119279659773,1.6019119279659773,1.2482822,1.2421504,1.5860372,0.0,-0.0014190923068935217,-0.0014190923068935217,1.3868075355422965e-05,-0.0014190923068935217,-0.0014190923068935217,-0.0014190923068935217,-0.0014190923068935217,-0.0014190923068935217,-0.0014190923068935217,-0.0014190923068935217,-0.0014190923068935217,-0.0014190923068935217,0.16275096,0.089418724,0.19866666,1.9580619920195346,1.960537310384502,1.960537310384502,1.9580608045971277,1.960537310384502,1.960537310384502,1.960537310384502,1.960537310384502,1.960537310384502,1.960537310384502,1.960537310384502,1.960537310384502,1.960537310384502,1.4975764,1.4243053,1.7732824
0.5537109375,1.6019442880567492,1.6019119279659773,1.6019119279659773,1.6019822941685005,1.6019119279659773,1.6019119279659773,1.6019119279659773,1.6019119279659773,1.6019119279659773,1.6019119279659773,1.6019119279659773,1.6019119279659773,1.6019119279659773,1.2605474,1.2591907,1.6181293,0.0,-0.0014190923068935217,-0.0014190923068935217,1.0899379482214895e-05,-0.0014190923068935217,-0.0014190923068935217,-0.0014190923068935217,-0.0014190923068935217,-0.0014190923068935217,-0.0014190923068935217,-0.0014190923068935217,-0.0014190923068935217,-0.0014190923068935217,0.16497368,0.09436236,0.19820933,1.9580619920195346,1.960537310384502,1.960537310384502,1.9580525462470397,1.960537310384502,1.960537310384502,1.960537310384502,1.960537310384502,1.960537310384502,1.960537310384502,1.960537310384502,1.960537310384502,1.960537310384502,1.5186521,1.4316559,1.7749
0.5556640625,1.6019442880567492,1.6000337063363754,1.6007484277698198,1.6019214120055358,1.6007250146606538,1.6007151417324559,1.6007295444117577,1.600748427369215,1.6007477853193117,1.6007484276068,1.6007250146606538,1.6007151417324559,1.6007295444117577,1.2797359,1.2738338,1.6532614,0.0,0.00045774658948831155,-0.00021286059175773802,6.773065981740131e-06,-0.0004388516527083214,-0.000534150397474856,-0.00039512848349180433,-0.0002128644584713462,-0.00021906164799498427,-0.00021286216525638745,-0.0004388516527083214,-0.000534150397474856,-0.00039512848349180433,0.16915426,0.09782098,0.1977137,1.9580619920195346,1.9568235102745155,1.9582387472920746,1.9580455949330562,1.9585374353717366,1.9584796505250497,1.958663377485648,1.9582387524029907,1.9582387493718818,1.9582469436628893,1.9585374353717366,1.9584796505250497,1.958663377485648,1.5383825,1.4367422,1.7802098
0.5576171875,1.6019442880567492,1.6000337063363754,1.6002719468141902,1.6019387235476101,1.6002073192814343,1.6001800668996182,1.6002198228167732,1.600271945708395,1.6002701734490654,1.6002719463642041,1.6002073192814343,1.6001800668996182,1.6002198228167732,1.3032408,1.2877563,1.690644,0.0,0.00045774658948831155,0.000234144304645866,1.1490233823415798e-06,0.00027231201378628047,0.00026492743906153787,0.00028840764149560064,0.00023414495767965467,0.00023414457038775646,0.0002351915769600322,0.00027231201378628047,0.00026492743906153787,0.00028840764149560064,0.17518984,0.09970254,0.1971766,1.9580619920195346,1.9568235102745155,1.9572952879368923,1.9580434715863813,1.9571985966084062,1.9571578231647275,1.9572173036221658,1.9572952862824848,1.9572926347607864,1.9572952872636569,1.9571985966084062,1.9571578231647275,1.9572173036221658,1.5556867,1.4394324,1.7888427
0.5595703125,1.6019442880567492,1.6000337063363754,1.5997954658585607,1.6019539425854838,1.5997536354008406,1.5997359961756263,1.5997617283696428,1.5997954651428299,1.5997943180401046,1.5997954655673052,1.5997536354008406,1.5997359961756263,1.5997617283696428,1.3290411,1.3019166,1.7294155,0.0,0.00045774658948831155,0.000681415471738136,-5.64126213242687e-06,0.0008559887330898988,0.0008222132061227158,0.0009296061811081195,0.0006814184586572888,0.0006814166872181867,0.000686205601386155,0.0008559887330898988,0.0008222132061227158,0.0009296061811081195,0.1828446,0.099982515,0.1965845,1.9580619920195346,1.9568235102745155,1.9563517006032252,1.9580483891783806,1.9560806008215457,1.9559662765970893,1.956133052213226,1.956351695964799,1.95634426194573,1.9563516987156904,1.9560806008215457,1.9559662765970893,1.956133052213226,1.5697385,1.4398752,1.8002803
0.5615234375,1.6019442880567492,1.6000337063363754,1.599318984902931,1.6019176323932955,1.5994488560025732,1.599423729747328,1.5995036205378015,1.5993189871250617,1.5993189858071923,1.59932254853702,1.5994488560025732,1.599423729747328,1.5995036205378015,1.356323,1.3159379,1.768624,0.0,0.00045774658948831155,0.0011289531475070784,-1.070926374984198e-05,0.001142264683684213,0.0011396894598466472,0.0011478772945206258,0.001128953375289675,0.001128953240199645,0.0011293184419461603,0.001142264683684213,0.0011396894598466472,0.0011478772945206258,0.19175835,0.09867993,0.1959162,1.9580619920195346,1.9568235102745155,1.955407985176687,1.9580566836102493,1.9554769392982563,1.9554635987035058,1.955506016098387,1.9554079863565124,1.9554079856567987,1.955409877263959,1.9554769392982563,1.9554635987035058,1.955506016098387,1.5800297,1.4385003,1.813872
0.5634765625,1.6019442880567492,1.5981000803209406,1.5981000803209406,1.6019616680642583,1.5981000803209406,1.5981000803209406,1.5981000803209406,1.5981000803209406,1.5981000803209406,1.5981000803209406,1.5981000803209406,1.5981000803209406,1.5981000803209406,1.384103,1.3294897,1.8071741,0.0,0.0021589296613896687,0.0021589296613896687,-1.2201746201456884e-05,0.0021589296613896687,0.0021589296613896687,0.0021589296613896687,0.0021589296613896687,0.0021589296613896687,0.0021589296613896687,0.0021589296613896687,0.0021589296613896687,0.0021589296613896687,0.19514975,0.09584804,0.20147124,1.9580619920195346,1.9529888153200643,1.9529888153200643,1.9580628141399254,1.9529888153200643,1.9529888153200643,1.9529888153200643,1.9529888153200643,1.9529888153200643,1.9529888153200643,1.9529888153200643,1.9529888153200643,1.9529888153200643,1.5863773,1.4359725,1.8288629
0.5654296875,1.6019442880567492,1.5981000803209406,1.5981000803209406,1.6019943892598951,1.5981000803209406,1.5981000803209406,1.5981000803209406,1.5981000803209406,1.5981000803209406,1.5981000803209406,1.5981000803209406,1.5981000803209406,1.5981000803209406,1.4112312,1.3422949,1.8437887,0.0,0.0021589296613896687,0.0021589296613896687,-1.0628772074037833e-05,0.0021589296613896687,0.0021589296613896687,0.0021589296613896687,0.0021589296613896687,0.0021589296613896687,0.0021589296613896687,0.0021589296613896687,0.0021589296613896687,0.0021589296613896687,0.1942724,0.09158115,0.21146253,1.9580619920195346,1.9529888153200643,1.9529888153200643,1.9580687033673103,1.9529888153200643,1.9529888153200643,1.9529888153200643,1.9529888153200643,1.9529888153200643,1.9529888153200643,1.9529888153200643,1.9529888153200643,1.9529888153200643,1.588893,1.4331005,1.8444009
0.5673828125,1.6019442880567492,1.5981000803209406,1.5981000803209406,1.6019644923243122,1.5981000803209406,1.5981000803209406,1.5981000803209406,1.5981000803209406,1.5981000803209406,1.5981000803209406,1.5981000803209406,1.5981000803209406,1.5981000803209406,1.4364294,1.3541195,1.8769993,0.0,0.0021589296613896687,0.0021589296613896687,-8.815340739800924e-06,0.0021589296613896687,0.0021589296613896687,0.0021589296613896687,0.0021589296613896687,0.0021589296613896687,0.0021589296613896687,0.0021589296613896687,0.0021589296613896687,0.0021589296613896687,0.19329017,0.08603178,0.22119758,1.9580619920195346,1.9529888153200643,1.9529888153200643,1.95807771098763,1.9529888153200643,1.9529888153200643,1.9529888153200643,1.9529888153200643,1.9529888153200643,1.9529888153200643,1.9529888153200643,1.9529888153200643,1.9529888153200643,1.5879003,1.4307296,1.859551
0.5693359375,1.6019442880567492,1.5981000803209406,1.5981000803209406,1.6019571152066472,1.5981000803209406,1.5981000803209406,1.5981000803209406,1.5981000803209406,1.5981000803209406,1.5981000803209406,1.5981000803209406,1.5981000803209406,1.5981000803209406,1.4583554,1.3647498,1.9052032,0.0,0.0021589296613896687,0.0021589296613896687,-7.796057570662748e-06,0.0021589296613896687,0.0021589296613896687,0.0021589296613896687,0.0021589296613896687,0.0021589296613896687,0.0021589296613896687,0.0021589296613896687,0.0021589296613896687,0.0021589296613896687,0.19223627,0.0794325,0.23017591,1.9580619920195346,1.9529888153200643,1.9529888153200643,1.95809027711661,1.9529888153200643,1.9529888153200643,1.9529888153200643,1.9529888153200643,1.9529888153200643,1.9529888153200643,1.9529888153200643,1.9529888153200643,1.9529888153200643,1.5838457,1.4296329,1.8732963
0.5712890625,1.6019442880567492,1.5998112249232659,1.598527866471522,1.6019914948257508,1.5993377405400624,1.5992582829729625,1.5994308081647657,1.5985282504707725,1.598527870231553,1.598529907800656,1.5993377405400624,1.5992582829729625,1.5994308081647657,1.4756994,1.373973,1.9267821,0.0,0.0007926163129902345,0.0018170770923198558,-4.589696769166464e-06,0.0011703911671739446,0.001096118452167295,0.0012338092021975144,0.0018167703129423353,0.0018154462635332131,0.001817074088406946,0.0011703911671739446,0.001096118452167295,0.0012338092021975144,0.19117305,0.07211381,0.23797166,1.9580619920195346,1.9555050570597234,1.9536179877205224,1.9580974935121882,1.9548089167304752,1.9546920853074203,1.9549457565998078,1.9536185524591747,1.953617993250312,1.9536209898545058,1.9548089167304752,1.9546920853074203,1.9549457565998078,1.5771993,1.4304215,1.8845401
0.5732421875,1.6019442880567492,1.5998112249232659,1.5993834387726846,1.6019427576379317,1.5996533967955313,1.5996269109398316,1.5996844193370992,1.5993835667724348,1.5993834400260283,1.5993841192157294,1.5996533967955313,1.5996269109398316,1.5996844193370992,1.4873,1.3815664,1.940268,0.0,0.0007926163129902345,0.001133920564817467,1.6739756285337812e-06,0.0009185164158778047,0.0008937676538163334,0.0009396467189822089,0.001133818414384801,0.0011333775361996958,0.0011339195645841487,0.0009185164158778047,0.0008937676538163334,0.0009396467189822089,0.19018927,0.06451173,0.2442638,1.9580619920195346,1.9555050570597234,1.9548761085304571,1.9580915845592037,1.9552730204286475,1.9552340803126607,1.9553186301215701,1.9548762967320243,1.9548761103732828,1.954877109004579,1.9552730204286475,1.9552340803126607,1.9553186301215701,1.5683817,1.433488,1.8921318
0.5751953125,1.6019442880567492,1.5998112249232659,1.6002390110738471,1.6019459491372394,1.5999690530510005,1.5999380305094326,1.5999955389067002,1.600238883074097,1.6002383306308023,1.6002390098205035,1.5999690530510005,1.5999380305094326,1.5999955389067002,1.4922736,1.3872933,1.9445248,0.0,0.0007926163129902345,0.0004514945404439793,1.1197570334987662e-05,0.0006667410488049907,0.000645619781792477,0.0006914810059789713,0.0004515965816921398,0.00045149553960802997,0.0004520369890148485,0.0006667410488049907,0.000645619781792477,0.0006914810059789713,0.18939033,0.05715488,0.24885091,1.9580619920195346,1.9555050570597234,1.9561339310849415,1.9580779782785207,1.9557370835494623,1.9556914774514669,1.955776019976124,1.9561337429279533,1.9561329308476458,1.9561339292425526,1.9557370835494623,1.9556914774514669,1.955776019976124,1.5577242,1.438972,1.8949295
0.5771484375,1.6019442880567492,1.5998112249232659,1.6010945833750099,1.6019934774961564,1.6002847093064694,1.600191641681766,1.6003641668735693,1.6010941993757593,1.6010925420458757,1.6010945796149787,1.6002847093064694,1.600191641681766,1.6003641668735693,1.4901437,1.390917,1.9389133,0.0,0.0007926163129902345,-0.0002302021518711664,1.3246954006975451e-05,0.0004150650071448703,0.0003517282969632819,0.0004892584781539493,-0.00022989635515531813,-0.00023019915758167627,-0.00022857654351260293,0.0004150650071448703,0.0003517282969632819,0.0004892584781539493,0.18888612,0.0506247,0.25165293,1.9580619920195346,1.9555050570597234,1.9573914558621093,1.9580724634653204,1.9562011061169318,1.9560642986019499,1.9563179043360535,1.9573908915246658,1.9573884558595624,1.957391450336249,1.9562011061169318,1.9560642986019499,1.9563179043360535,1.5454732,1.4467564,1.8919247
0.5791015625,1.6019442880567492,1.6053540811741924,1.6053540811741924,1.6020030329550388,1.6053540811741924,1.6053540811741924,1.6053540811741924,1.6053540811741924,1.6053540811741924,1.6053540811741924,1.6053540811741924,1.6053540811741924,1.6053540811741924,1.4809431,1.3922244,1.9234033,0.0,-0.0038528873849009806,-0.0038528873849009806,9.256362694458208e-06,-0.0038528873849009806,-0.0038528873849009806,-0.0038528873849009806,-0.0038528873849009806,-0.0038528873849009806,-0.0038528873849009806,-0.0038528873849009806,-0.0038528873849009806,-0.0038528873849009806,0.18877771,0.045490786,0.25269994,1.9580619920195346,1.9646519803632099,1.9646519803632099,1.9580739487249694,1.9646519803632099,1.9646519803632099,1.9646519803632099,1.9646519803632099,1.9646519803632099,1.9646519803632099,1.9646519803632099,1.9646519803632099,1.9646519803632099,1.5318266,1.4564991,1.8824147
0.5810546875,1.6019442880567492,1.6053540811741924,1.6053540811741924,1.6019339136146327,1.6053540811741924,1.6053540811741924,1.6053540811741924,1.6053540811741924,1.6053540811741924,1.6053540811741924,1.6053540811741924,1.6053540811741924,1.6053540811741924,1.4652543,1.3910577,1.8986107,0.0,-0.0038528873849009806,-0.0038528873849009806,6.747279730318869e-06,-0.0038528873849009806,-0.0038528873849009806,-0.0038528873849009806,-0.0038528873849009806,-0.0038528873849009806,-0.0038528873849009806,-0.0038528873849009806,-0.0038528873849009806,-0.0038528873849009806,0.18914726,0.042228892,0.25211173,1.9580619920195346,1.9646519803632099,1.9646519803632099,1.9580677816742724,1.9646519803632099,1.9646519803632099,1.9646519803632099,1.9646519803632099,1.9646519803632099,1.9646519803632099,1.9646519803632099,1.9646519803632099,1.9646519803632099,1.5169896,1.4676849,1.8661819
0.5830078125,1.6019442880567492,1.6053540811741924,1.6053540811741924,1.601957001127544,1.6053540811741924,1.6053540811741924,1.6053540811741924,1.6053540811741924,1.6053540811741924,1.6053540811741924,1.6053540811741924,1.6053540811741924,1.6053540811741924,1.4441715,1.3873483,1.865736,0.0,-0.0038528873849009806,-0.0038528873849009806,1.4633714283522416e-05,-0.0038528873849009806,-0.0038528873849009806,-0.0038528873849009806,-0.0038528873849009806,-0.0038528873849009806,-0.0038528873849009806,-0.0038528873849009806,-0.0038528873849009806,-0.0038528873849009806,0.19005008,0.041151106,0.25007117,1.9580619920195346,1.9646519803632099,1.9646519803632099,1.958042794168886,1.9646519803632099,1.9646519803632099,1.9646519803632099,1.9646519803632099,1.9646519803632099,1.9646519803632099,1.9646519803632099,1.9646519803632099,1.9646519803632099,1.5012237,1.4797064,1.8436103
0.5849609375,1.6019442880567492,1.6053540811741924,1.6053540811741924,1.6019086992888152,1.6053540811741924,1.6053540811741924,1.6053540811741924,1.6053540811741924,1.6053540811741924,1.6053540811741924,1.6053540811741924,1.6053540811741924,1.6053540811741924,1.4191725,1.3811454,1.8264335,0.0,-0.0038528873849009806,-0.0038528873849009806,1.877838895228736e-05,-0.0038528873849009806,-0.0038528873849009806,-0.0038528873849009806,-0.0038528873849009806,-0.0038528873849009806,-0.0038528873849009806,-0.0038528873849009806,-0.0038528873849009806,-0.0038528873849009806,0.19150817,0.042364478,0.24679875,1.9580619920195346,1.9646519803632099,1.9646519803632099,1.9580205874890075,1.9646519803632099,1.9646519803632099,1.9646519803632099,1.9646519803632099,1.9646519803632099,1.9646519803632099,1.9646519803632099,1.9646519803632099,1.9646519803632099,1.4919542,1.4848719,1.8156909
0.5869140625,1.6019442880567492,1.6062937516497824,1.6062937516497824,1.601916962934455,1.6062937516497824,1.6062937516497824,1.6062937516497824,1.6062937516497824,1.6062937516497824,1.6062937516497824,1.6062937516497824,1.6062937516497824,1.6062937516497824,1.391938,1.3726343,1.7826285,0.0,-0.0038229889176533537,-0.0038229889176533537,9.916854350041943e-06,-0.0038229889176533537,-0.0038229889176533537,-0.0038229889176533537,-0.0038229889176533537,-0.0038229889176533537,-0.0038229889176533537,-0.0038229889176533537,-0.0038229889176533537,-0.0038229889176533537,0.19350791,0.045771778,0.24253227,1.9580619920195346,1.9660474977889477,1.9660474977889477,1.9580309245271492,1.9660474977889477,1.9660474977889477,1.9660474977889477,1.9660474977889477,1.9660474977889477,1.9660474977889477,1.9660474977889477,1.9660474977889477,1.9660474977889477,1.5038996,1.4683573,1.7838982
0.5888671875,1.6019442880567492,1.6062937516497824,1.6062937516497824,1.6019610762807988,1.6062937516497824,1.6062937516497824,1.6062937516497824,1.6062937516497824,1.6062937516497824,1.6062937516497824,1.6062937516497824,1.6062937516497824,1.6062937516497824,1.364156,1.3621426,1.7363206,0.0,-0.0038229889176533537,-0.0038229889176533537,-1.6574764684856286e-05,-0.0038229889176533537,-0.0038229889176533537,-0.0038229889176533537,-0.0038229889176533537,-0.0038229889176533537,-0.0038229889176533537,-0.0038229889176533537,-0.0038229889176533537,-0.0038229889176533537,0.19599935,0.051105544,0.23752074,1.9580619920195346,1.9660474977889477,1.9660474977889477,1.9580784827095263,1.9660474977889477,1.9660474977889477,1.9660474977889477,1.9660474977889477,1.9660474977889477,1.9660474977889477,1.9660474977889477,1.9660474977889477,1.9660474977889477,1.5151463,1.4521452,1.7499813
0.5908203125,1.6019442880567492,1.6062937516497824,1.6062937516497824,1.6020538354993281,1.6062937516497824,1.6062937516497824,1.6062937516497824,1.6062937516497824,1.6062937516497824,1.6062937516497824,1.6062937516497824,1.6062937516497824,1.6062937516497824,1.3501208,1.3373656,1.6894181,0.0,-0.0038229889176533537,-0.0038229889176533537,-2.2899682365639896e-05,-0.0038229889176533537,-0.0038229889176533537,-0.0038229889176533537,-0.0038229889176533537,-0.0038229889176533537,-0.0038229889176533537,-0.0038229889176533537,-0.0038229889176533537,-0.0038229889176533537,0.19889975,0.05798447,0.23203653,1.9580619920195346,1.9660474977889477,1.9660474977889477,1.9580869494278135,1.9660474977889477,1.9660474977889477,1.9660474977889477,1.9660474977889477,1.9660474977889477,1.9660474977889477,1.9660474977889477,1.9660474977889477,1.9660474977889477,1.5254303,1.4366895,1.7157279
0.5927734375,1.6019442880567492,1.6062937516497824,1.6062937516497824,1.6019044952686405,1.6062937516497824,1.6062937516497824,1.6062937516497824,1.6062937516497824,1.6062937516497824,1.6062937516497824,1.6062937516497824,1.6062937516497824,1.6062937516497824,1.3371052,1.3128546,1.6436121,0.0,-0.0038229889176533537,-0.0038229889176533537,3.7790356496542315e-06,-0.0038229889176533537,-0.0038229889176533537,-0.0038229889176533537,-0.0038229889176533537,-0.0038229889176533537,-0.0038229889176533537,-0.0038229889176533537,-0.0038229889176533537,-0.0038229889176533537,0.2021034,0.065969124,0.22640082,1.9580619920195346,1.9660474977889477,1.9660474977889477,1.9580356259397282,1.9660474977889477,1.9660474977889477,1.9660474977889477,1.9660474977889477,1.9660474977889477,1.9660474977889477,1.9660474977889477,1.9660474977889477,1.9660474977889477,1.534567,1.4223835,1.6827624
0.5947265625,1.6019442880567492,1.5968526863405288,1.5997350714275769,1.6019308172756819,1.599349443688465,1.5981611728356016,1.5995806395545322,1.5995452600870748,1.599518981980578,1.5997305026733637,1.599349443688465,1.5981611728356016,1.5995806395545322,1.3236685,1.2916126,1.6003131,0.0,0.0039224018042273885,0.0018432369366201847,2.4409878766089213e-05,0.0021209694227474975,0.0019544440528655523,0.00297761534271426,0.0019799239965922364,0.0018465266097556355,0.001998849959389193,0.0021209694227474975,0.0019544440528655523,0.00297761534271426,0.20549403,0.074610054,0.22100854,1.9580619920195346,1.9497211678006756,1.9547213484948982,1.9580102604072767,1.9540525457387332,1.951991390590522,1.9544535197906359,1.9543921606372208,1.9543465858449518,1.9547134250918097,1.9540525457387332,1.951991390590522,1.9544535197906359,1.5423713,1.4095122,1.6524109
0.5966796875,1.6019442880567492,1.5968526863405288,1.5978134813695448,1.6019524199337682,1.5976849387898409,1.597288848505553,1.5977620040785299,1.5977502109227109,1.5977414515538786,1.5978119584514738,1.5976849387898409,1.597288848505553,1.5977620040785299,1.3103734,1.2743082,1.560628,0.0,0.0039224018042273885,0.0032285133546318024,-1.0775492483905666e-05,0.003321298752511293,0.0032656692181676056,0.0036073009922434392,0.003274181753144272,0.0032296125493604033,0.003280504521524533,0.003321298752511293,0.0032656692181676056,0.0036073009922434392,0.20896044,0.08348319,0.2163297,1.9580619920195346,1.9497211678006756,1.9513882018711395,1.9580888332193171,1.951165190999541,1.950477972115665,1.951298893638331,1.9512784335037843,1.951263236704803,1.951385559764941,1.951165190999541,1.950477972115665,1.951298893638331,1.5485924,1.3982372,1.6256313
0.5986328125,1.6019442880567492,1.5968526863405288,1.5958918913115128,1.6020201291983058,1.5960204338912167,1.5959433686025277,1.5964165241755046,1.5959551617583467,1.5958934142295838,1.595963921127179,1.5960204338912167,1.5959433686025277,1.5964165241755046,1.2977436,1.2612882,1.5253785,0.0,0.0039224018042273885,0.004617125754744675,-6.658138507971458e-05,0.004524131752036362,0.004237674795652321,0.004579882760939133,0.004571350940242778,0.004565014010329022,0.004616023913475538,0.004524131752036362,0.004237674795652321,0.004579882760939133,0.21241257,0.092212364,0.21286908,1.9580619920195346,1.9497211678006756,1.9480538258180984,1.9582031089223373,1.9482769135680726,1.948143166161542,1.9489643000313748,1.9481636334035697,1.948056468899642,1.948178835421585,1.9482769135680726,1.948143166161542,1.9489643000313748,1.5529113,1.3885981,1.6030005
0.6005859375,1.6019442880567492,1.5968526863405288,1.5939703012534807,1.6020001369098602,1.5943559289925926,1.5941247331265254,1.595544199845456,1.5941601125939828,1.593974870007694,1.5941863907004796,1.5943559289925926,1.5941247331265254,1.595544199845456,1.2862507,1.2525862,1.4951286,0.0,0.0039224018042273885,0.006009086201907634,-4.774791536177043e-05,0.005729476262803717,0.00486873788163425,0.005897094908929263,0.005871441392836443,0.005852387975600069,0.006005772709769603,0.005729476262803717,0.00486873788163425,0.005897094908929263,0.2110874,0.10048406,0.21579242,1.9580619920195346,1.9497211678006756,1.9447182158894083,1.9581964065380872,1.9453877105544612,1.944986333590976,1.947450373921687,1.9450477567120454,1.9447261480706555,1.9450933784758553,1.9453877105544612,1.944986333590976,1.947450373921687,1.5550053,1.3805293,1.5847493
0.6025390625,1.6019442880567492,1.5909210311855255,1.5909210311855255,1.601985585031652,1.5909210311855255,1.5909210311855255,1.5909210311855255,1.5909210311855255,1.5909210311855255,1.5909210311855255,1.5909210311855255,1.5909210311855255,1.5909210311855255,1.2763214,1.2479692,1.4702231,0.0,0.007252483112346059,0.007252483112346059,7.492106031631834e-05,0.007252483112346059,0.007252483112346059,0.007252483112346059,0.007252483112346059,0.007252483112346059,0.007252483112346059,0.007252483112346059,0.007252483112346059,0.007252483112346059,0.21130612,0.108057946,0.21907754,1.9580619920195346,1.9393882350201581,1.9393882350201581,1.9579545902683526,1.9393882350201581,1.9393882350201581,1.9393882350201581,1.9393882350201581,1.9393882350201581,1.9393882350201581,1.9393882350201581,1.9393882350201581,1.9393882350201581,1.5546696,1.3738862,1.570828
0.6044921875,1.6019442880567492,1.5909210311855255,1.5909210311855255,1.601820629576907,1.5909210311855255,1.5909210311855255,1.5909210311855255,1.5909210311855255,1.5909210311855255,1.5909210311855255,1.5909210311855255,1.5909210311855255,1.5909210311855255,1.2683465,1.2470192,1.4508119,0.0,0.007252483112346059,0.007252483112346059,0.00010330036836660487,0.007252483112346059,0.007252483112346059,0.007252483112346059,0.007252483112346059,0.007252483112346059,0.007252483112346059,0.007252483112346059,0.007252483112346059,0.007252483112346059,0.21362966,0.11477147,0.2222785,1.9580619920195346,1.9393882350201581,1.9393882350201581,1.9578630052709016,1.9393882350201581,1.9393882350201581,1.9393882350201581,1.9393882350201581,1.9393882350201581,1.9393882350201581,1.9393882350201581,1.9393882350201581,1.9393882350201581,1.5519339,1.3684735,1.5609975
0.6064453125,1.6019442880567492,1.5909210311855255,1.5909210311855255,1.6020094245654573,1.5909210311855255,1.5909210311855255,1.5909210311855255,1.5909210311855255,1.5909210311855255,1.5909210311855255,1.5909210311855255,1.5909210311855255,1.5909210311855255,1.2626998,1.2492439,1.4368662,0.0,0.007252483112346059,0.007252483112346059,-4.433626020063166e-05,0.007252483112346059,0.007252483112346059,0.007252483112346059,0.007252483112346059,0.007252483112346059,0.007252483112346059,0.007252483112346059,0.007252483112346059,0.007252483112346059,0.21791331,0.12053527,0.22542894,1.9580619920195346,1.9393882350201581,1.9393882350201581,1.958176533382116,1.9393882350201581,1.9393882350201581,1.9393882350201581,1.9393882350201581,1.9393882350201581,1.9393882350201581,1.9393882350201581,1.9393882350201581,1.9393882350201581,1.5471263,1.3640724,1.5549212
0.6083984375,1.6019442880567492,1.5909210311855255,1.5909210311855255,1.6021849562288981,1.5909210311855255,1.5909210311855255,1.5909210311855255,1.5909210311855255,1.5909210311855255,1.5909210311855255,1.5909210311855255,1.5909210311855255,1.5909210311855255,1.2597489,1.2541794,1.4281824,0.0,0.007252483112346059,0.007252483112346059,-0.00016012530349835262,0.007252483112346059,0.007252483112346059,0.007252483112346059,0.007252483112346059,0.007252483112346059,0.007252483112346059,0.007252483112346059,0.007252483112346059,0.007252483112346059,0.22378102,0.12531956,0.228574,1.9580619920195346,1.9393882350201581,1.9393882350201581,1.9584738857125519,1.9393882350201581,1.9393882350201581,1.9393882350201581,1.9393882350201581,1.9393882350201581,1.9393882350201581,1.9393882350201581,1.9393882350201581,1.9393882350201581,1.5408692,1.3604592,1.5522323
0.6103515625,1.6019442880567492,1.6028304172271668,1.5973781515574037,1.6019967947142781,1.5973212840149147,1.5973198871877379,1.597354136711902,1.5973781167598495,1.5973751439448818,1.597378151503371,1.5973212840149147,1.5973198871877379,1.597354136711902,1.2614484,1.2598711,1.4243778,0.0,-0.001295488716012637,0.002108785383380915,-3.2086880705923185e-05,0.0024946260213507087,0.002271720378145861,0.0025041037009617636,0.002109021472935412,0.0021087857499750705,0.002129191048112054,0.0024946260213507087,0.002271720378145861,0.0025041037009617636,0.23068324,0.12913118,0.23175707,1.9580619920195346,1.9594881644323698,1.950180924024699,1.958153621768299,1.9501223825642469,1.95012094342399,1.9501562138958954,1.9501808882319498,1.9501778302642545,1.9501809239691212,1.9501223825642469,1.95012094342399,1.9501562138958954,1.5340037,1.357425,1.5525664
0.6123046875,1.6019442880567492,1.6028304172271668,1.6010129953372458,1.6015238967971965,1.6003531150555879,1.6003369065353954,1.6007343315807345,1.6010125915529643,1.6009780955664592,1.6010129947102594,1.6003531150555879,1.6003369065353954,1.6007343315807345,1.2707636,1.2634591,1.424883,0.0,-0.001295488716012637,-0.00016330696938903624,0.00027956811178069993,0.0005979564827873788,0.00015809377350358908,0.0006166631590965354,-0.00016284134007949025,-0.00016330624637126036,-0.00012306095916969135,0.0005979564827873788,0.00015809377350358908,0.0006166631590965354,0.23500678,0.13199401,0.23796862,1.9580619920195346,1.9594881644323698,1.9563865746591929,1.9573865563938444,1.9552992248986896,1.9552725118528929,1.9559274381896978,1.9563859094174776,1.9563290761595264,1.9563865736262218,1.9552992248986896,1.9552725118528929,1.9559274381896978,1.5274837,1.3547837,1.5555538
0.6142578125,1.6019442880567492,1.6028304172271668,1.6046478391170877,1.6016599013669404,1.6051089200213846,1.6048425510071358,1.6051202454683717,1.6046481212549646,1.6046478395551846,1.604672224779641,1.6051089200213846,1.6048425510071358,1.6051202454683717,1.2818855,1.270914,1.4289434,0.0,-0.001295488716012637,-0.002425105847722582,0.00031342316739665015,-0.0029877289479587135,-0.003001544490288764,-0.002662737875059484,-0.002425450218676303,-0.0024548699751903696,-0.0024251063824535847,-0.0029877289479587135,-0.003001544490288764,-0.002662737875059484,0.23832488,0.13393663,0.24495508,1.9580619920195346,1.9594881644323698,1.9625889342411682,1.9574656929255634,1.9633439570272062,1.9629078009336125,1.9633624999589774,1.9625893963058003,1.9625889349586512,1.9626288710020097,1.9633439570272062,1.9629078009336125,1.9633624999589774,1.5222615,1.3523787,1.5607859
0.6162109375,1.6019442880567492,1.6028304172271668,1.6082826828969299,1.6024072596491168,1.60853834981678,1.6083906496088949,1.6085446297171622,1.6082828393408886,1.6082826831398522,1.6082962046176852,1.60853834981678,1.6083906496088949,1.6085446297171622,1.2945635,1.2826189,1.4356335,0.0,-0.001295488716012637,-0.004676681043774906,-0.0003301736539582581,-0.00525435110219408,-0.005268537996848508,-0.004920650284176643,-0.004677034579337942,-0.004707237477364272,-0.004676681592736451,-0.00525435110219408,-0.005268537996848508,-0.004920650284176643,0.24167627,0.13499479,0.25098562,1.9580619920195346,1.9594881644323698,1.9687880250847285,1.958810784787085,1.9691753953530966,1.9689516355737058,1.9691849075577794,1.968788262184323,1.9687880254528909,1.968808517714109,1.9691753953530966,1.9689516355737058,1.9691849075577794,1.5191987,1.3500949,1.5677735
0.6181640625,1.6019442880567492,1.6199997814242617,1.6199997814242617,1.602638673515579,1.6199997814242617,1.6199997814242617,1.6199997814242617,1.6199997814242617,1.6199997814242617,1.6199997814242617,1.6199997814242617,1.6199997814242617,1.6199997814242617,1.3084805,1.298897,1.4438989,0.0,-0.010803548563766991,-0.010803548563766991,-0.0006678883413474022,-0.010803548563766991,-0.010803548563766991,-0.010803548563766991,-0.010803548563766991,-0.010803548563766991,-0.010803548563766991,-0.010803548563766991,-0.010803548563766991,-0.010803548563766991,0.24498118,0.13522013,0.2554665,1.9580619920195346,1.989001062631561,1.989001062631561,1.9592750443351366,1.989001062631561,1.989001062631561,1.989001062631561,1.989001062631561,1.989001062631561,1.989001062631561,1.989001062631561,1.989001062631561,1.989001062631561,1.5190026,1.3478718,1.5759217
0.6201171875,1.6019442880567492,1.6199997814242617,1.6199997814242617,1.6017286666548074,1.6199997814242617,1.6199997814242617,1.6199997814242617,1.6199997814242617,1.6199997814242617,1.6199997814242617,1.6199997814242617,1.6199997814242617,1.6199997814242617,1.3232175,1.3199582,1.4526265,0.0,-0.010803548563766991,-0.010803548563766991,0.0001254738719043031,-0.010803548563766991,-0.010803548563766991,-0.010803548563766991,-0.010803548563766991,-0.010803548563766991,-0.010803548563766991,-0.010803548563766991,-0.010803548563766991,-0.010803548563766991,0.24811491,0.13469522,0.2578938,1.9580619920195346,1.989001062631561,1.989001062631561,1.9576836992055646,1.989001062631561,1.989001062631561,1.989001062631561,1.989001062631561,1.989001062631561,1.989001062631561,1.989001062631561,1.989001062631561,1.989001062631561,1.5221854,1.3457159,1.5845203
0.6220703125,1.6019442880567492,1.6199997814242617,1.6199997814242617,1.6007818839795898,1.6199997814242617,1.6199997814242617,1.6199997814242617,1.6199997814242617,1.6199997814242617,1.6199997814242617,1.6199997814242617,1.6199997814242617,1.6199997814242617,1.3458377,1.3382432,1.4607365,0.0,-0.010803548563766991,-0.010803548563766991,0.001097544354482969,-0.010803548563766991,-0.010803548563766991,-0.010803548563766991,-0.010803548563766991,-0.010803548563766991,-0.010803548563766991,-0.010803548563766991,-0.010803548563766991,-0.010803548563766991,0.25091767,0.13354401,0.25787026,1.9580619920195346,1.989001062631561,1.989001062631561,1.9560568244681493,1.989001062631561,1.989001062631561,1.989001062631561,1.989001062631561,1.989001062631561,1.989001062631561,1.989001062631561,1.989001062631561,1.989001062631561,1.5290488,1.3437098,1.5927584
0.6240234375,1.6019442880567492,1.6199997814242617,1.6199997814242617,1.601209836694486,1.6199997814242617,1.6199997814242617,1.6199997814242617,1.6199997814242617,1.6199997814242617,1.6199997814242617,1.6199997814242617,1.6199997814242617,1.6199997814242617,1.3763434,1.3529294,1.4672847,0.0,-0.010803548563766991,-0.010803548563766991,0.0005260121667990096,-0.010803548563766991,-0.010803548563766991,-0.010803548563766991,-0.010803548563766991,-0.010803548563766991,-0.010803548563766991,-0.010803548563766991,-0.010803548563766991,-0.010803548563766991,0.25321808,0.13193499,0.25511324,1.9580619920195346,1.989001062631561,1.989001062631561,1.9568491220822941,1.989001062631561,1.989001062631561,1.989001062631561,1.989001062631561,1.989001062631561,1.989001062631561,1.989001062631561,1.989001062631561,1.989001062631561,1.5396882,1.3420038,1.5997703
0.6259765625,1.6019442880567492,1.6096411147731509,1.6174101147614839,1.6036695604301556,1.617326394742968,1.6172489000420212,1.6173818006058207,1.6174101147290276,1.6174101134735943,1.6174101147611901,1.617326394742968,1.6172489000420212,1.6173818006058207,1.410991,1.3665905,1.4715487,0.0,-0.008665912697577658,-0.010271706554861988,-0.0016951295615428342,-0.010254484484092495,-0.010265882240715802,-0.010238541436198628,-0.01027170654818577,-0.010271706554801563,-0.010271706289943531,-0.010254484484092495,-0.010265882240715802,-0.010238541436198628,0.2494541,0.1300733,0.25486887,1.9580619920195346,1.9710102015828053,1.9845036236322815,1.9609696018338134,1.9843582251519656,1.9842236381527245,1.984454449808863,1.9845036235759141,1.9845036213955753,1.9845036236317712,1.9843582251519656,1.9842236381527245,1.984454449808863,1.5539985,1.3407837,1.6047027
0.6279296875,1.6019442880567492,1.6096411147731509,1.6122307814359287,1.6043864640295702,1.61220287476309,1.6121770431961078,1.6122213433840409,1.61223078142511,1.612230781006632,1.6122307814358308,1.61220287476309,1.6121770431961078,1.6122213433840409,1.4489247,1.3785493,1.4730757,0.0,-0.008665912697577658,-0.009202896868185524,-0.0017027593878084417,-0.009197119433506592,-0.009200942959027068,-0.00919177142350417,-0.009202896865945796,-0.009202896868165252,-0.00920289677931109,-0.009197119433506592,-0.009200942959027068,-0.00919177142350417,0.24081981,0.12817973,0.25578824,1.9580619920195346,1.9710102015828053,1.9755081939954051,1.962166406446747,1.9754597238807658,1.9754148579250297,1.9754918013787577,1.9755081939766146,1.9755081932497751,1.975508193995235,1.9754597238807658,1.9754148579250297,1.9754918013787577,1.5716603,1.3402172,1.6068135
0.6298828125,1.6019442880567492,1.6096411147731509,1.607051448110373,1.6002128643920956,1.6070793547832116,1.6070608861622608,1.607105186350194,1.6070514481211917,1.607051448110471,1.6070514485396696,1.6070793547832116,1.6070608861622608,1.607105186350194,1.4716712,1.3882146,1.488794,0.0,-0.008665912697577658,-0.008127197891641723,0.0016272083823455335,-0.008133012424663836,-0.008138394416195955,-0.008129164392462113,-0.008127197893895911,-0.008127197981089945,-0.008127197891662125,-0.008133012424663836,-0.008138394416195955,-0.008129164392462113,0.22919431,0.12645897,0.2559926,1.9580619920195346,1.9710102015828053,1.9665120229145607,1.9551025691283737,1.966560497021824,1.9665284168863568,1.966605366634744,1.966512022933353,1.9665120229147308,1.9665120236602525,1.966560497021824,1.9665284168863568,1.966605366634744,1.5920725,1.3403951,1.6055804
0.6318359375,1.6019442880567492,1.6096411147731509,1.6018721147848178,1.5971782440255988,1.6019558348033338,1.601900428940481,1.6020333295042806,1.601872114817274,1.6018721147851116,1.6018721160727074,1.6019558348033338,1.601900428940481,1.6020333295042806,1.4673303,1.3951558,1.5285894,0.0,-0.008665912697577658,-0.007044542799804997,0.0032631180397878832,-0.007062098769342955,-0.007078347663274517,-0.007050480443584926,-0.007044542806611362,-0.007044543069887744,-0.007044542799866602,-0.007062098769342955,-0.007078347663274517,-0.007050480443584926,0.21455799,0.12506405,0.2556058,1.9580619920195346,1.9710102015828053,1.957515103197815,1.9499060662754708,1.9576605376132177,1.9575642892180745,1.9577951575284345,1.9575151032541962,1.9575151031983253,1.9575151054350768,1.9576605376132177,1.9575642892180745,1.9577951575284345,1.6008046,1.341273,1.6141629
0.6337890625,1.6019442880567492,1.5654211816246058,1.5654211816246058,1.6018031695937882,1.5654211816246058,1.5654211816246058,1.5654211816246058,1.5654211816246058,1.5654211816246058,1.5654211816246058,1.5654211816246058,1.5654211816246058,1.5654211816246058,1.460127,1.3991629,1.5655066,0.0,0.01047212971023725,0.01047212971023725,-6.485707304894281e-05,0.01047212971023725,0.01047212971023725,0.01047212971023725,0.01047212971023725,0.01047212971023725,0.01047212971023725,0.01047212971023725,0.01047212971023725,0.01047212971023725,0.19682324,0.124065965,0.25483462,1.9580619920195346,1.895522261150207,1.895522261150207,1.9577694561232082,1.895522261150207,1.895522261150207,1.895522261150207,1.895522261150207,1.895522261150207,1.895522261150207,1.895522261150207,1.895522261150207,1.895522261150207,1.5926802,1.3426449,1.6360943
0.6357421875,1.6019442880567492,1.5654211816246058,1.5654211816246058,1.6095903641851046,1.5654211816246058,1.5654211816246058,1.5654211816246058,1.5654211816246058,1.5654211816246058,1.5654211816246058,1.5654211816246058,1.5654211816246058,1.5654211816246058,1.4501085,1.4002684,1.5960201,0.0,0.01047212971023725,0.01047212971023725,-0.004892285380702063,0.01047212971023725,0.01047212971023725,0.01047212971023725,0.01047212971023725,0.01047212971023725,0.01047212971023725,0.01047212971023725,0.01047212971023725,0.01047212971023725,0.17581451,0.12343915,0.2539154,1.9580619920195346,1.895522261150207,1.895522261150207,1.9711724633314534,1.895522261150207,1.895522261150207,1.895522261150207,1.895522261150207,1.895522261150207,1.895522261150207,1.895522261150207,1.895522261150207,1.895522261150207,1.5818102,1.3441403,1.6549753
0.6376953125,1.6019442880567492,1.5654211816246058,1.5654211816246058,1.60667494739823,1.5654211816246058,1.5654211816246058,1.5654211816246058,1.5654211816246058,1.5654211816246058,1.5654211816246058,1.5654211816246058,1.5654211816246058,1.5654211816246058,1.4372374,1.398735,1.6163849,0.0,0.01047212971023725,0.01047212971023725,-0.00462240078299199,0.01047212971023725,0.01047212971023725,0.01047212971023725,0.01047212971023725,0.01047212971023725,0.01047212971023725,0.01047212971023725,0.01047212971023725,0.01047212971023725,0.15135823,0.12306489,0.2530496,1.9580619920195346,1.895522261150207,1.895522261150207,1.9661222585042732,1.895522261150207,1.895522261150207,1.895522261150207,1.895522261150207,1.895522261150207,1.895522261150207,1.895522261150207,1.895522261150207,1.895522261150207,1.5691586,1.3452587,1.6669304
0.6396484375,1.6019442880567492,1.5654211816246058,1.5654211816246058,1.591656286595613,1.5654211816246058,1.5654211816246058,1.5654211816246058,1.5654211816246058,1.5654211816246058,1.5654211816246058,1.5654211816246058,1.5654211816246058,1.5654211816246058,1.4214208,1.395017,1.6236298,0.0,0.01047212971023725,0.01047212971023725,0.006502990432994559,0.01047212971023725,0.01047212971023725,0.01047212971023725,0.01047212971023725,0.01047212971023725,0.01047212971023725,0.01047212971023725,0.01047212971023725,0.01047212971023725,0.12352377,0.122755244,0.25235137,1.9580619920195346,1.895522261150207,1.895522261150207,1.9403309486526534,1.895522261150207,1.895522261150207,1.895522261150207,1.895522261150207,1.895522261150207,1.895522261150207,1.895522261150207,1.895522261150207,1.895522261150207,1.5559466,1.345423,1.6678942
0.6416015625,1.6019442880567492,1.5181690253718403,1.5536081425614143,1.590315880264642,1.5536618037540357,1.553626811129367,1.5548065544179186,1.553608670022274,1.5536081646905642,1.5536107763741427,1.5536618037540357,1.553626811129367,1.5548065544179186,1.4026295,1.3897076,1.616663,0.0,-0.09002995379307564,-0.03430143433547116,0.012407978193657198,-0.03429174373497171,-0.034298062928691884,-0.03408517413937981,-0.03430133907878692,-0.034301430339060655,-0.0343009586832542,-0.03429174373497171,-0.034298062928691884,-0.03408517413937981,0.12228578,0.09293297,0.25182593,1.9580619920195346,1.8164538662750775,1.87603058967079,1.9379788976533092,1.8761062412524965,1.8760569086357637,1.8777200975370196,1.876031333285712,1.8760306208684911,1.8760343028229243,1.8761062412524965,1.8760569086357637,1.8777200975370196,1.5435115,1.3440771,1.6550872
0.6435546875,1.6019442880567492,1.5181690253718403,1.5299820644350317,1.6095440006195922,1.5300543542340692,1.5300072138392788,1.531596507723349,1.5299827750051418,1.5299820942463669,1.5299856125819054,1.5300543542340692,1.5300072138392788,1.531596507723349,1.383488,1.381064,1.5968384,0.0,-0.09002995379307564,-0.07116692622022246,-0.00439673145724011,-0.07112627813523816,-0.07115278443768006,-0.07026004928187432,-0.07116652665256712,-0.07116690945671045,-0.07116493103061665,-0.07112627813523816,-0.07115278443768006,-0.07026004928187432,0.121433854,0.060937732,0.25138032,1.9580619920195346,1.8164538662750775,1.8365255623849013,1.9709287517203988,1.8366329318437973,1.8365629160122927,1.8389231967575845,1.83652661777425,1.8365256066628215,1.8365308323444378,1.8366329318437973,1.8365629160122927,1.8389231967575845,1.53315,1.3407999,1.6284221
0.6455078125,1.6019442880567492,1.5181690253718403,1.5063559863086489,1.6221610338894399,1.5064469047141023,1.5063876165491903,1.5083864610287796,1.5063568799880092,1.5063560238021692,1.5063604487896678,1.5064469047141023,1.5063876165491903,1.5083864610287796,1.3770812,1.3572862,1.567556,0.0,-0.09002995379307564,-0.10918883398455746,-0.024482170172848036,-0.10911527660420114,-0.10916324258538913,-0.10754819421685273,-0.1091881109115896,-0.10918880364865889,-0.10918522341471229,-0.10911527660420114,-0.10916324258538913,-0.10754819421685273,0.120008126,0.029473305,0.25085312,1.9580619920195346,1.8164538662750775,1.796162706999835,1.9923288219341966,1.7963032160843788,1.7962115900587048,1.7992999114500432,1.7961640881449477,1.7961627649445524,1.7961696035796553,1.7963032160843788,1.7962115900587048,1.7992999114500432,1.52597,1.3354226,1.5908006
0.6474609375,1.6019442880567492,1.5181690253718403,1.4827299081822662,1.5431279980581083,1.482513038785154,1.4778865783173138,1.4826544599695248,1.4827277764719362,1.4827192637416453,1.482729818748261,1.482513038785154,1.4778865783173138,1.4826544599695248,1.3712066,1.3322521,1.5331469,0.0,-0.09002995379307564,-0.14842243722815282,-0.021824759578642404,-0.14855959331989757,-0.15149512402661727,-0.14847014886971133,-0.14842378520402064,-0.14842916822310068,-0.14842249378119998,-0.14855959331989757,-0.15149512402661727,-0.14847014886971133,0.11787419,0.0006175935,0.2500462,1.9580619920195346,1.8164538662750775,1.7549010171659296,1.858063006926514,1.75457287704674,1.7475700195457817,1.7547868594681992,1.7548977917781257,1.7548849115668812,1.7549008818476832,1.75457287704674,1.7475700195457817,1.7547868594681992,1.5227768,1.3280991,1.5470462
0.6494140625,1.6019442880567492,1.2159682649075605,1.3108714510766026,1.3539901286394191,1.317874713755844,1.311523726757286,1.3259801297130653,1.3108721807346,1.3108717531125693,1.3110522457457794,1.317874713755844,1.311523726757286,1.3259801297130653,1.3665359,1.307218,1.4977103,0.0,-0.3522721626865327,-0.261606238200185,-0.2209022737189934,-0.25407646724021377,-0.2609015280774853,-0.2454609819336165,-0.2616054494954014,-0.261605911722177,-0.2614108397579041,-0.25407646724021377,-0.2609015280774853,-0.2454609819336165,0.11497158,-0.023914844,0.24874863,1.9580619920195346,1.3264711643267864,1.4760341442545932,1.5468391402195727,1.4871851209082625,1.4770739947596208,1.5000541175403366,1.4760353076126669,1.4760346258172026,1.4763223911640684,1.4871851209082625,1.4770739947596208,1.5000541175403366,1.5022864,1.3193034,1.5240105
0.6513671875,1.0,1.2159682649075605,1.2476026602972412,1.0613206838172586,1.2472092513648303,1.2467539288695126,1.2475660186502078,1.2476026193086354,1.2475925041398837,1.2476026433303427,1.2472092513648303,1.2467539288695126,1.2475660186502078,1.3636585,1.2835739,1.4644026,-0.6,-0.3522721626865327,-0.3205175622364439,-0.5258841991593802,-0.3208404987261189,-0.32121451246670824,-0.32054763156132426,-0.3205175958720375,-0.320525896531888,-0.32051757615962284,-0.3208404987261189,-0.32121451246670824,-0.32054763156132426,0.11132628,-0.04310018,0.24675395,1.0,1.3264711643267864,1.3767922704152373,1.0898805296653122,1.376183299219951,1.3754784248966534,1.3767355537488923,1.376792206970277,1.3767765500047575,1.3767922441527143,1.376183299219951,1.3754784248966534,1.3767355537488923,1.4607284,1.3097639,1.5297401
0.6533203125,1.0,1.2159682649075605,1.1843338695178798,1.0,1.1802282207760946,1.1754764368789903,1.183951474204388,1.184333441757338,1.184227879004597,1.1843336924498982,1.1802282207760946,1.1754764368789903,1.183951474204388,1.3630489,1.26268,1.4352502,-0.6,-0.3522721626865327,-0.3857231388156999,-0.6,-0.3909861986158677,-0.3971234429973123,-0.3862117924885574,-0.38572368526419937,-0.3858585499023644,-0.38572336501354393,-0.3909861986158677,-0.3971234429973123,-0.3862117924885574,0.10705173,-0.056675524,0.2438817,1.0,1.3264711643267864,1.2756334067557926,1.0,1.2688030016433007,1.2608811982947135,1.2749977832654702,1.275632695788686,1.2754572389905225,1.2756331124567846,1.2688030016433007,1.2608811982947135,1.2749977832654702,1.4252193,1.300375,1.5397177
0.6552734375,1.0,1.2159682649075605,1.1210650787385184,1.0,1.1185608737334731,1.1156625641686737,1.1208318400183603,1.1210648178296687,1.121000430739982,1.1210649707374316,1.1185608737334731,1.1156625641686737,1.1208318400183603,1.3650467,1.245757,1.411286,-0.6,-0.3522721626865327,-0.45828864134480846,-0.6,-0.4621634446436562,-0.46666976969820534,-0.45864880475983943,-0.4582890441522564,-0.4583884547127722,-0.4582888080836379,-0.4621634446436562,-0.46666976969820534,-0.45864880475983943,0.10233413,-0.06501743,0.24000426,1.0,1.3264711643267864,1.1722329897067922,1.0,1.167869957078309,1.1628118556723663,1.1718269057194626,1.1722325354797771,1.1721204391057793,1.172232801683239,1.167869957078309,1.1628118556723663,1.1718269057194626,1.3973495,1.2921093,1.553456
0.6572265625,1.0,1.0120186991369493,1.0210327234896612,1.0,1.0210349354375798,1.0210338410749469,1.0210358983590708,1.0210327260325893,1.0210327235461882,1.0210327287357435,1.0210349354375798,1.0210338410749469,1.0210358983590708,1.3698415,1.2338386,1.3927981,-0.6,-0.5852184367872132,-0.5743606335507998,-0.6,-0.5743572240117273,-0.5743589108814953,-0.5743557397506326,-0.5743606296310733,-0.5743606334636678,-0.5743606254643703,-0.5743572240117273,-0.5743589108814953,-0.5743557397506326,0.09739837,-0.06894398,0.23507535,1.0,1.017188449218903,1.0300229376456942,1.0,1.0300269987744821,1.030024989529037,1.0300287666935521,1.0300229423145038,1.0300229377494776,1.0300229472774887,1.0300269987744821,1.030024989529037,1.0300287666935521,1.3777633,1.2859398,1.570311
0.6591796875,1.0,1.0120186991369493,1.0150233739211867,1.0,1.015022014000188,1.0150214219893432,1.015022686821963,1.0150233723577768,1.0150233706958587,1.0150233738864336,1.015022014000188,1.0150214219893432,1.015022686821963,1.3774594,1.2277685,1.3795574,-0.6,-0.5852184367872132,-0.5815777415104918,-0.6,-0.5815796421626989,-0.5815804695702348,-0.5815787018131797,-0.581577743695541,-0.5815777460182672,-0.5815777415590633,-0.5815796421626989,-0.5815804695702348,-0.5815787018131797,0.09245929,-0.06951997,0.22914812,1.0,1.017188449218903,1.0214719460347095,1.0,1.0214697019294183,1.0214687250084842,1.021470812202115,1.0214719434548132,1.0214719407123614,1.0214719459773607,1.0214697019294183,1.0214687250084842,1.021470812202115,1.3664372,1.2827809,1.5895468
0.6611328125,1.0,1.0120186991369493,1.009014024352712,1.0,1.009013287036739,1.0090129660629088,1.0090136518242834,1.0090140235050693,1.0090140226040178,1.0090140243338697,1.009013287036739,1.0090129660629088,1.0090136518242834,1.3709987,1.2282022,1.387758,-0.6,-0.5852184367872132,-0.5888808148255833,-0.6,-0.5888819754896488,-0.5888824807590248,-0.5888814012501556,-0.5888808161599197,-0.588880817578331,-0.5888808148552443,-0.5888819754896488,-0.5888824807590248,-0.5888814012501556,0.087676466,-0.067898065,0.22237341,1.0,1.017188449218903,1.0128995548611035,1.0,1.0128981943795534,1.0128976021245153,1.0128988674787294,1.0128995532970495,1.0128995516344468,1.0128995548263362,1.0128981943795534,1.0128976021245153,1.0128988674787294,1.3628657,1.2834163,1.6103725
0.6630859375,1.0,1.0120186991369493,1.0030046747842374,1.0,1.0030045600732904,1.0030045101364746,1.003004616826604,1.003004674652362,1.0030046745121772,1.003004674781306,1.0030045600732904,1.0030045101364746,1.003004616826604,1.3663461,1.2355924,1.400421,-0.6,-0.5852184367872132,-0.59627139864103,-0.6,-0.5962718013942084,-0.596271976723723,-0.596271602131807,-0.5962713991040481,-0.5962713995962404,-0.5962713986513224,-0.5962718013942084,-0.596271976723723,-0.596271602131807,0.08312051,-0.065203875,0.21497566,1.0,1.017188449218903,1.0043053794882282,1.0,1.004304907087393,1.0043047014383548,1.0043051408080133,1.0043053789451408,1.0043053783678342,1.0043053794761558,1.004304907087393,1.0043047014383548,1.0043051408080133,1.3661584,1.2884387,1.6319609
0.6650390625,1.0,1.0,1.0,1.0,1.0,1.0,1.0,1.0,1.0,1.0,1.0,1.0,1.0,1.3646961,1.2501485,1.4149604,-0.6,-0.6,-0.6,-0.6,-0.6,-0.6,-0.6,-0.6,-0.6,-0.6,-0.6,-0.6,-0.6,0.07876475,-0.062457025,0.20721367,1.0,1.0,1.0,1.0,1.0,1.0,1.0,1.0,1.0,1.0,1.0,1.0,1.0,1.375084,1.2981827,1.6534328
0.6669921875,1.0,1.0,1.0,1.0,1.0,1.0,1.0,1.0,1.0,1.0,1.0,1.0,1.0,1.3650724,1.271774,1.430728,-0.6,-0.6,-0.6,-0.6,-0.6,-0.6,-0.6,-0.6,-0.6,-0.6,-0.6,-0.6,-0.6,0.074499935,-0.06052801,0.19933476,1.0,1.0,1.0,1.0,1.0,1.0,1.0,1.0,1.0,1.0,1.0,1.0,1.0,1.3880984,1.3126674,1.6738408
0.6689453125,1.0,1.0,1.0,1.0,1.0,1.0,1.0,1.0,1.0,1.0,1.0,1.0,1.0,1.3664417,1.2999945,1.4469332,-0.6,-0.6,-0.6,-0.6,-0.6,-0.6,-0.6,-0.6,-0.6,-0.6,-0.6,-0.6,-0.6,0.070163324,-0.060124308,0.19153474,1.0,1.0,1.0,1.0,1.0,1.0,1.0,1.0,1.0,1.0,1.0,1.0,1.0,1.4033753,1.3315527,1.6921308
0.6708984375,1.0,1.0,1.0,1.0,1.0,1.0,1.0,1.0,1.0,1.0,1.0,1.0,1.0,1.3677214,1.3338854,1.4626734,-0.6,-0.6,-0.6,-0.6,-0.6,-0.6,-0.6,-0.6,-0.6,-0.6,-0.6,-0.6,-0.6,0.06556998,-0.061795026,0.18393078,1.0,1.0,1.0,1.0,1.0,1.0,1.0,1.0,1.0,1.0,1.0,1.0,1.0,1.4188658,1.3541139,1.7071155
0.6728515625,1.0,1.0,1.0,1.0,1.0,1.0,1.0,1.0,1.0,1.0,1.0,1.0,1.0,1.3720309,1.367784,1.4769781,-0.6,-0.6,-0.6,-0.6,-0.6,-0.6,-0.6,-0.6,-0.6,-0.6,-0.6,-0.6,-0.6,0.060533166,-0.0659439,0.1765509,1.0,1.0,1.0,1.0,1.0,1.0,1.0,1.0,1.0,1.0,1.0,1.0,1.0,1.4323924,1.3792483,1.7174764
0.6748046875,1.0,1.0,1.0,1.0,1.0,1.0,1.0,1.0,1.0,1.0,1.0,1.0,1.0,1.4125313,1.3654797,1.4888554,-0.6,-0.6,-0.6,-0.6,-0.6,-0.6,-0.6,-0.6,-0.6,-0.6,-0.6,-0.6,-0.6,0.054865167,-0.07283527,0.1693433,1.0,1.0,1.0,1.0,1.0,1.0,1.0,1.0,1.0,1.0,1.0,1.0,1.0,1.441778,1.4055204,1.7218066
0.6767578125,1.0,1.0,1.0,1.0,1.0,1.0,1.0,1.0,1.0,1.0,1.0,1.0,1.0,1.4530911,1.3596888,1.4973422,-0.6,-0.6,-0.6,-0.6,-0.6,-0.6,-0.6,-0.6,-0.6,-0.6,-0.6,-0.6,-0.6,0.048364177,-0.08259252,0.16220643,1.0,1.0,1.0,1.0,1.0,1.0,1.0,1.0,1.0,1.0,1.0,1.0,1.0,1.4450061,1.431259,1.7187076
0.6787109375,1.0,1.0,1.0,1.0,1.0,1.0,1.0,1.0,1.0,1.0,1.0,1.0,1.0,1.4911959,1.3493915,1.501536,-0.6,-0.6,-0.6,-0.6,-0.6,-0.6,-0.6,-0.6,-0.6,-0.6,-0.6,-0.6,-0.6,0.040800437,-0.09518555,0.15503652,1.0,1.0,1.0,1.0,1.0,1.0,1.0,1.0,1.0,1.0,1.0,1.0,1.0,1.4546944,1.440395,1.7069302
0.6806640625,1.0,1.0,1.0,1.0,1.0,1.0,1.0,1.0,1.0,1.0,1.0,1.0,1.0,1.5006275,1.3337634,1.5243559,-0.6,-0.6,-0.6,-0.6,-0.6,-0.6,-0.6,-0.6,-0.6,-0.6,-0.6,-0.6,-0.6,0.03192082,-0.110425085,0.14778136,1.0,1.0,1.0,1.0,1.0,1.0,1.0,1.0,1.0,1.0,1.0,1.0,1.0,1.4741168,1.4267584,1.6855569
0.6826171875,1.0,1.0,1.0,1.0,1.0,1.0,1.0,1.0,1.0,1.0,1.0,1.0,1.0,1.4939414,1.3122745,1.5503705,-0.6,-0.6,-0.6,-0.6,-0.6,-0.6,-0.6,-0.6,-0.6,-0.6,-0.6,-0.6,-0.6,0.021484315,-0.12796566,0.14047895,1.0,1.0,1.0,1.0,1.0,1.0,1.0,1.0,1.0,1.0,1.0,1.0,1.0,1.4880167,1.4035436,1.6542066
0.6845703125,1.0,1.0,1.0,1.0,1.0,1.0,1.0,1.0,1.0,1.0,1.0,1.0,1.0,1.4810098,1.2847898,1.567553,-0.6,-0.6,-0.6,-0.6,-0.6,-0.6,-0.6,-0.6,-0.6,-0.6,-0.6,-0.6,-0.6,0.009325385,-0.14732614,0.13326436,1.0,1.0,1.0,1.0,1.0,1.0,1.0,1.0,1.0,1.0,1.0,1.0,1.0,1.4951959,1.370883,1.613215
0.6865234375,1.0,1.0,1.0,1.0,1.0,1.0,1.0,1.0,1.0,1.0,1.0,1.0,1.0,1.4616755,1.2516338,1.5748694,-0.6,-0.6,-0.6,-0.6,-0.6,-0.6,-0.6,-0.6,-0.6,-0.6,-0.6,-0.6,-0.6,-0.0045774877,-0.16792214,0.12632851,1.0,1.0,1.0,1.0,1.0,1.0,1.0,1.0,1.0,1.0,1.0,1.0,1.0,1.4948386,1.3295863,1.563726
0.6884765625,1.0,1.0,1.0,1.0,1.0,1.0,1.0,1.0,1.0,1.0,1.0,1.0,1.0,1.4362022,1.2136129,1.5719855,-0.6,-0.6,-0.6,-0.6,-0.6,-0.6,-0.6,-0.6,-0.6,-0.6,-0.6,-0.6,-0.6,-0.020052165,-0.18910113,0.119847104,1.0,1.0,1.0,1.0,1.0,1.0,1.0,1.0,1.0,1.0,1.0,1.0,1.0,1.4865566,1.2810384,1.5076306
0.6904296875,1.0,1.0,1.0,1.0,1.0,1.0,1.0,1.0,1.0,1.0,1.0,1.0,1.0,1.4053413,1.1719675,1.5592372,-0.6,-0.6,-0.6,-0.6,-0.6,-0.6,-0.6,-0.6,-0.6,-0.6,-0.6,-0.6,-0.6,-0.03673026,-0.21017826,0.113902405,1.0,1.0,1.0,1.0,1.0,1.0,1.0,1.0,1.0,1.0,1.0,1.0,1.0,1.4473482,1.2270489,1.4704113
0.6923828125,1.0,1.0,1.0,1.0,1.0,1.0,1.0,1.0,1.0,1.0,1.0,1.0,1.0,1.3703126,1.1282535,1.5375403,-0.6,-0.6,-0.6,-0.6,-0.6,-0.6,-0.6,-0.6,-0.6,-0.6,-0.6,-0.6,-0.6,-0.05408743,-0.23047647,0.1084342,1.0,1.0,1.0,1.0,1.0,1.0,1.0,1.0,1.0,1.0,1.0,1.0,1.0,1.385499,1.1696736,1.4468992
0.6943359375,1.0,1.0,1.0,1.0,1.0,1.0,1.0,1.0,1.0,1.0,1.0,1.0,1.0,1.3326901,1.0841681,1.5082529,-0.6,-0.6,-0.6,-0.6,-0.6,-0.6,-0.6,-0.6,-0.6,-0.6,-0.6,-0.6,-0.6,-0.07151756,-0.24937871,0.10323079,1.0,1.0,1.0,1.0,1.0,1.0,1.0,1.0,1.0,1.0,1.0,1.0,1.0,1.3245724,1.1110134,1.4169182
0.6962890625,1.0,1.0,1.0,1.0,1.0,1.0,1.0,1.0,1.0,1.0,1.0,1.0,1.0,1.2942123,1.0413575,1.4730082,-0.6,-0.6,-0.6,-0.6,-0.6,-0.6,-0.6,-0.6,-0.6,-0.6,-0.6,-0.6,-0.6,-0.08841288,-0.26639357,0.097961456,1.0,1.0,1.0,1.0,1.0,1.0,1.0,1.0,1.0,1.0,1.0,1.0,1.0,1.2666787,1.05304,1.3816891
0.6982421875,1.0,1.0,1.0,1.0,1.0,1.0,1.0,1.0,1.0,1.0,1.0,1.0,1.0,1.2565758,1.0012509,1.4335344,-0.6,-0.6,-0.6,-0.6,-0.6,-0.6,-0.6,-0.6,-0.6,-0.6,-0.6,-0.6,-0.6,-0.104237795,-0.2812167,0.092232585,1.0,1.0,1.0,1.0,1.0,1.0,1.0,1.0,1.0,1.0,1.0,1.0,1.0,1.2134047,0.99745613,1.3426552
0.7001953125,1.0,1.0,1.0,1.0,1.0,1.0,1.0,1.0,1.0,1.0,1.0,1.0,1.0,1.221263,0.9649512,1.3914939,-0.6,-0.6,-0.6,-0.6,-0.6,-0.6,-0.6,-0.6,-0.6,-0.6,-0.6,-0.6,-0.6,-0.11858216,-0.29376993,0.08565231,1.0,1.0,1.0,1.0,1.0,1.0,1.0,1.0,1.0,1.0,1.0,1.0,1.0,1.1657833,0.9456147,1.3013625
0.7021484375,1.0,1.0,1.0,1.0,1.0,1.0,1.0,1.0,1.0,1.0,1.0,1.0,1.0,1.1894369,0.93319887,1.3483657,-0.6,-0.6,-0.6,-0.6,-0.6,-0.6,-0.6,-0.6,-0.6,-0.6,-0.6,-0.6,-0.6,-0.13118958,-0.30420175,0.07789081,1.0,1.0,1.0,1.0,1.0,1.0,1.0,1.0,1.0,1.0,1.0,1.0,1.0,1.1243296,0.89849526,1.2593495
0.7041015625,1.0,1.0,1.0,1.0,1.0,1.0,1.0,1.0,1.0,1.0,1.0,1.0,1.0,1.1619071,0.90639216,1.305378,-0.6,-0.6,-0.6,-0.6,-0.6,-0.6,-0.6,-0.6,-0.6,-0.6,-0.6,-0.6,-0.6,-0.1419672,-0.31284943,0.068726316,1.0,1.0,1.0,1.0,1.0,1.0,1.0,1.0,1.0,1.0,1.0,1.0,1.0,1.0891281,0.85672563,1.2180561
0.7060546875,1.0,1.0,1.0,1.0,1.0,1.0,1.0,1.0,1.0,1.0,1.0,1.0,1.0,1.1391488,0.88463676,1.2634989,-0.6,-0.6,-0.6,-0.6,-0.6,-0.6,-0.6,-0.6,-0.6,-0.6,-0.6,-0.6,-0.6,-0.15097523,-0.32017145,0.05807087,1.0,1.0,1.0,1.0,1.0,1.0,1.0,1.0,1.0,1.0,1.0,1.0,1.0,1.0599309,0.82062113,1.1787645
0.7080078125,1.0,1.0,1.0,1.0,1.0,1.0,1.0,1.0,1.0,1.0,1.0,1.0,1.0,1.1213436,0.86780864,1.2234547,-0.6,-0.6,-0.6,-0.6,-0.6,-0.6,-0.6,-0.6,-0.6,-0.6,-0.6,-0.6,-0.6,-0.15840414,-0.32666984,0.045971245,1.0,1.0,1.0,1.0,1.0,1.0,1.0,1.0,1.0,1.0,1.0,1.0,1.0,1.036253,0.7902355,1.1425637
0.7099609375,1.0,1.0,1.0,1.0,1.0,1.0,1.0,1.0,1.0,1.0,1.0,1.0,1.0,1.108426,0.8556067,1.1857587,-0.6,-0.6,-0.6,-0.6,-0.6,-0.6,-0.6,-0.6,-0.6,-0.6,-0.6,-0.6,-0.6,-0.16454473,-0.33282527,0.03258124,1.0,1.0,1.0,1.0,1.0,1.0,1.0,1.0,1.0,1.0,1.0,1.0,1.0,1.0174524,0.7654049,1.110318
0.7119140625,1.0,1.0,1.0,1.0,1.0,1.0,1.0,1.0,1.0,1.0,1.0,1.0,1.0,1.100123,0.8475941,1.1507311,-0.6,-0.6,-0.6,-0.6,-0.6,-0.6,-0.6,-0.6,-0.6,-0.6,-0.6,-0.6,-0.6,-0.1697577,-0.3390492,0.018110812,1.0,1.0,1.0,1.0,1.0,1.0,1.0,1.0,1.0,1.0,1.0,1.0,1.0,1.0027939,0.74578565,1.0826298
0.7138671875,1.0,1.0,1.0,1.0,1.0,1.0,1.0,1.0,1.0,1.0,1.0,1.0,1.0,1.0959876,0.8432316,1.1185026,-0.6,-0.6,-0.6,-0.6,-0.6,-0.6,-0.6,-0.6,-0.6,-0.6,-0.6,-0.6,-0.6,-0.17443699,-0.34566364,0.002763182,1.0,1.0,1.0,1.0,1.0,1.0,1.0,1.0,1.0,1.0,1.0,1.0,1.0,0.9914912,0.7308866,1.0598041
0.7158203125,1.0,1.0,1.0,1.0,1.0,1.0,1.0,1.0,1.0,1.0,1.0,1.0,1.0,1.0890114,0.84190464,1.0954236,-0.6,-0.6,-0.6,-0.6,-0.6,-0.6,-0.6,-0.6,-0.6,-0.6,-0.6,-0.6,-0.6,-0.17897743,-0.3529003,-0.0133212805,1.0,1.0,1.0,1.0,1.0,1.0,1.0,1.0,1.0,1.0,1.0,1.0,1.0,0.9827461,0.72009665,1.0418196
0.7177734375,1.0,1.0,1.0,1.0,1.0,1.0,1.0,1.0,1.0,1.0,1.0,1.0,1.0,1.0620025,0.84294826,1.0977157,-0.6,-0.6,-0.6,-0.6,-0.6,-0.6,-0.6,-0.6,-0.6,-0.6,-0.6,-0.6,-0.6,-0.18374294,-0.3609123,-0.03010121,1.0,1.0,1.0,1.0,1.0,1.0,1.0,1.0,1.0,1.0,1.0,1.0,1.0,0.97577494,0.71271527,1.0283251
0.7197265625,1.0,1.0,1.0,1.0,1.0,1.0,1.0,1.0,1.0,1.0,1.0,1.0,1.0,1.0370474,0.8456709,1.1020628,-0.6,-0.6,-0.6,-0.6,-0.6,-0.6,-0.6,-0.6,-0.6,-0.6,-0.6,-0.6,-0.6,-0.18903944,-0.36978772,-0.047641963,1.0,1.0,1.0,1.0,1.0,1.0,1.0,1.0,1.0,1.0,1.0,1.0,1.0,0.9698394,0.70798177,1.0186666
0.7216796875,1.0,1.0,1.0,1.0,1.0,1.0,1.0,1.0,1.0,1.0,1.0,1.0,1.0,1.0135798,0.84937894,1.1076176,-0.6,-0.6,-0.6,-0.6,-0.6,-0.6,-0.6,-0.6,-0.6,-0.6,-0.6,-0.6,-0.6,-0.19509721,-0.37956384,-0.06609851,1.0,1.0,1.0,1.0,1.0,1.0,1.0,1.0,1.0,1.0,1.0,1.0,1.0,0.9642767,0.70511186,1.0119354
0.7236328125,1.0,1.0,1.0,1.0,1.0,1.0,1.0,1.0,1.0,1.0,1.0,1.0,1.0,0.9909495,0.8533999,1.1135309,-0.6,-0.6,-0.6,-0.6,-0.6,-0.6,-0.6,-0.6,-0.6,-0.6,-0.6,-0.6,-0.6,-0.20206451,-0.39023384,-0.08567786,1.0,1.0,1.0,1.0,1.0,1.0,1.0,1.0,1.0,1.0,1.0,1.0,1.0,0.9585327,0.7033323,1.0070332
0.7255859375,1.0,1.0,1.0,1.0,1.0,1.0,1.0,1.0,1.0,1.0,1.0,1.0,1.0,0.9684855,0.8571034,1.1189951,-0.6,-0.6,-0.6,-0.6,-0.6,-0.6,-0.6,-0.6,-0.6,-0.6,-0.6,-0.6,-0.6,-0.2100107,-0.40175185,-0.10659751,1.0,1.0,1.0,1.0,1.0,1.0,1.0,1.0,1.0,1.0,1.0,1.0,1.0,0.95219123,0.7019181,1.0027449
0.7275390625,1.0,1.0,1.0,1.0,1.0,1.0,1.0,1.0,1.0,1.0,1.0,1.0,1.0,0.94556296,0.8599286,1.123283,-0.6,-0.6,-0.6,-0.6,-0.6,-0.6,-0.6,-0.6,-0.6,-0.6,-0.6,-0.6,-0.6,-0.21893528,-0.41403285,-0.12904647,1.0,1.0,1.0,1.0,1.0,1.0,1.0,1.0,1.0,1.0,1.0,1.0,1.0,0.94499886,0.70022506,0.9978153
0.7294921875,1.0,1.0,1.0,1.0,1.0,1.0,1.0,1.0,1.0,1.0,1.0,1.0,1.0,0.92166615,0.86140734,1.1257807,-0.6,-0.6,-0.6,-0.6,-0.6,-0.6,-0.6,-0.6,-0.6,-0.6,-0.6,-0.6,-0.6,-0.22878,-0.4269543,-0.15315819,1.0,1.0,1.0,1.0,1.0,1.0,1.0,1.0,1.0,1.0,1.0,1.0,1.0,0.9368728,0.6977203,0.99103063
0.7314453125,1.0,1.0,1.0,1.0,1.0,1.0,1.0,1.0,1.0,1.0,1.0,1.0,1.0,0.89644104,0.86119074,1.1260097,-0.6,-0.6,-0.6,-0.6,-0.6,-0.6,-0.6,-0.6,-0.6,-0.6,-0.6,-0.6,-0.6,-0.2394394,-0.44035855,-0.17899764,1.0,1.0,1.0,1.0,1.0,1.0,1.0,1.0,1.0,1.0,1.0,1.0,1.0,0.9278933,0.69400513,0.9813072
0.7333984375,1.0,1.0,1.0,1.0,1.0,1.0,1.0,1.0,1.0,1.0,1.0,1.0,1.0,0.86973876,0.85907197,1.123644,-0.6,-0.6,-0.6,-0.6,-0.6,-0.6,-0.6,-0.6,-0.6,-0.6,-0.6,-0.6,-0.6,-0.2507694,-0.45405897,-0.20656177,1.0,1.0,1.0,1.0,1.0,1.0,1.0,1.0,1.0,1.0,1.0,1.0,1.0,0.91827786,0.6888323,0.9677904
0.7353515625,1.0,1.0,1.0,1.0,1.0,1.0,1.0,1.0,1.0,1.0,1.0,1.0,1.0,0.855001,0.8416447,1.1185195,-0.6,-0.6,-0.6,-0.6,-0.6,-0.6,-0.6,-0.6,-0.6,-0.6,-0.6,-0.6,-0.6,-0.26259306,-0.4678466,-0.2357805,1.0,1.0,1.0,1.0,1.0,1.0,1.0,1.0,1.0,1.0,1.0,1.0,1.0,0.9083353,0.68211585,0.9499528
0.7373046875,1.0,1.0,1.0,1.0,1.0,1.0,1.0,1.0,1.0,1.0,1.0,1.0,1.0,0.8490859,0.8124903,1.1106325,-0.6,-0.6,-0.6,-0.6,-0.6,-0.6,-0.6,-0.6,-0.6,-0.6,-0.6,-0.6,-0.6,-0.27470866,-0.48150072,-0.26651254,1.0,1.0,1.0,1.0,1.0,1.0,1.0,1.0,1.0,1.0,1.0,1.0,1.0,0.8984106,0.67392546,0.92768353
0.7392578125,1.0,1.0,1.0,1.0,1.0,1.0,1.0,1.0,1.0,1.0,1.0,1.0,1.0,0.84158117,0.78284264,1.100134,-0.6,-0.6,-0.6,-0.6,-0.6,-0.6,-0.6,-0.6,-0.6,-0.6,-0.6,-0.6,-0.6,-0.29852232,-0.49479958,-0.28689918,1.0,1.0,1.0,1.0,1.0,1.0,1.0,1.0,1.0,1.0,1.0,1.0,1.0,0.88882536,0.66447,0.9013437
0.7412109375,1.0,1.0,1.0,1.0,1.0,1.0,1.0,1.0,1.0,1.0,1.0,1.0,1.0,0.83285487,0.75346684,1.0873172,-0.6,-0.6,-0.6,-0.6,-0.6,-0.6,-0.6,-0.6,-0.6,-0.6,-0.6,-0.6,-0.6,-0.3314372,-0.5075331,-0.2989441,1.0,1.0,1.0,1.0,1.0,1.0,1.0,1.0,1.0,1.0,1.0,1.0,1.0,0.8717687,0.6540605,0.87982494
0.7431640625,1.0,1.0,1.0,1.0,1.0,1.0,1.0,1.0,1.0,1.0,1.0,1.0,1.0,0.8233462,0.7252597,1.0725942,-0.6,-0.6,-0.6,-0.6,-0.6,-0.6,-0.6,-0.6,-0.6,-0.6,-0.6,-0.6,-0.6,-0.36469486,-0.51951206,-0.31063852,1.0,1.0,1.0,1.0,1.0,1.0,1.0,1.0,1.0,1.0,1.0,1.0,1.0,0.84019655,0.6430654,0.8715437
0.7451171875,1.0,1.0,1.0,1.0,1.0,1.0,1.0,1.0,1.0,1.0,1.0,1.0,1.0,0.81352115,0.69915533,1.0564667,-0.6,-0.6,-0.6,-0.6,-0.6,-0.6,-0.6,-0.6,-0.6,-0.6,-0.6,-0.6,-0.6,-0.3975058,-0.53057384,-0.32181022,1.0,1.0,1.0,1.0,1.0,1.0,1.0,1.0,1.0,1.0,1.0,1.0,1.0,0.8081208,0.63186735,0.8639923
0.7470703125,1.0,1.0,1.0,1.0,1.0,1.0,1.0,1.0,1.0,1.0,1.0,1.0,1.0,0.8038314,0.6760145,1.039486,-0.6,-0.6,-0.6,-0.6,-0.6,-0.6,-0.6,-0.6,-0.6,-0.6,-0.6,-0.6,-0.6,-0.4288753,-0.54058325,-0.33234105,1.0,1.0,1.0,1.0,1.0,1.0,1.0,1.0,1.0,1.0,1.0,1.0,1.0,0.77708423,0.6208241,0.85706997
0.7490234375,1.0,1.0,1.0,1.0,1.0,1.0,1.0,1.0,1.0,1.0,1.0,1.0,1.0,0.79468477,0.65651274,1.0222056,-0.6,-0.6,-0.6,-0.6,-0.6,-0.6,-0.6,-0.6,-0.6,-0.6,-0.6,-0.6,-0.6,-0.45771715,-0.5494293,-0.34217712,1.0,1.0,1.0,1.0,1.0,1.0,1.0,1.0,1.0,1.0,1.0,1.0,1.0,0.7484592,0.61024743,0.85059726
0.7509765625,1.0,1.0,1.0,1.0,1.0,1.0,1.0,1.0,1.0,1.0,1.0,1.0,1.0,0.7864264,0.6410511,1.0051383,-0.6,-0.6,-0.6,-0.6,-0.6,-0.6,-0.6,-0.6,-0.6,-0.6,-0.6,-0.6,-0.6,-0.48305103,-0.5570235,-0.35133246,1.0,1.0,1.0,1.0,1.0,1.0,1.0,1.0,1.0,1.0,1.0,1.0,1.0,0.7232759,0.600389,0.8443576
0.7529296875,1.0,1.0,1.0,1.0,1.0,1.0,1.0,1.0,1.0,1.0,1.0,1.0,1.0,0.77932876,0.62971425,0.9887247,-0.6,-0.6,-0.6,-0.6,-0.6,-0.6,-0.6,-0.6,-0.6,-0.6,-0.6,-0.6,-0.6,-0.5042212,-0.56329906,-0.35987684,1.0,1.0,1.0,1.0,1.0,1.0,1.0,1.0,1.0,1.0,1.0,1.0,1.0,0.7021396,0.5914355,0.8381351
0.7548828125,1.0,1.0,1.0,1.0,1.0,1.0,1.0,1.0,1.0,1.0,1.0,1.0,1.0,0.77358514,0.62228113,0.9733206,-0.6,-0.6,-0.6,-0.6,-0.6,-0.6,-0.6,-0.6,-0.6,-0.6,-0.6,-0.6,-0.6,-0.5210372,-0.5682136,-0.36791632,1.0,1.0,1.0,1.0,1.0,1.0,1.0,1.0,1.0,1.0,1.0,1.0,1.0,0.6852468,0.5835049,0.8317428
0.7568359375,1.0,1.0,1.0,1.0,1.0,1.0,1.0,1.0,1.0,1.0,1.0,1.0,1.0,0.7693086,0.6182872,0.9591997,-0.6,-0.6,-0.6,-0.6,-0.6,-0.6,-0.6,-0.6,-0.6,-0.6,-0.6,-0.6,-0.6,-0.53377414,-0.57175267,-0.37556866,1.0,1.0,1.0,1.0,1.0,1.0,1.0,1.0,1.0,1.0,1.0,1.0,1.0,0.6724673,0.57664615,0.8250372
0.7587890625,1.0,1.0,1.0,1.0,1.0,1.0,1.0,1.0,1.0,1.0,1.0,1.0,1.0,0.76653355,0.61712414,0.94657284,-0.6,-0.6,-0.6,-0.6,-0.6,-0.6,-0.6,-0.6,-0.6,-0.6,-0.6,-0.6,-0.6,-0.54303646,-0.57392776,-0.38293943,1.0,1.0,1.0,1.0,1.0,1.0,1.0,1.0,1.0,1.0,1.0,1.0,1.0,0.6634669,0.5708403,0.8179238
0.7607421875,1.0,1.0,1.0,1.0,1.0,1.0,1.0,1.0,1.0,1.0,1.0,1.0,1.0,0.7652246,0.6181479,0.9356084,-0.6,-0.6,-0.6,-0.6,-0.6,-0.6,-0.6,-0.6,-0.6,-0.6,-0.6,-0.6,-0.6,-0.5495614,-0.5747738,-0.3900942,1.0,1.0,1.0,1.0,1.0,1.0,1.0,1.0,1.0,1.0,1.0,1.0,1.0,0.6578337,0.5660107,0.8103587
0.7626953125,1.0,1.0,1.0,1.0,1.0,1.0,1.0,1.0,1.0,1.0,1.0,1.0,1.0,0.7652865,0.6207659,0.92645454,-0.6,-0.6,-0.6,-0.6,-0.6,-0.6,-0.6,-0.6,-0.6,-0.6,-0.6,-0.6,-0.6,-0.55404735,-0.57434416,-0.3970352,1.0,1.0,1.0,1.0,1.0,1.0,1.0,1.0,1.0,1.0,1.0,1.0,1.0,0.6551684,0.56203485,0.8023556
0.7646484375,1.0,1.0,1.0,1.0,1.0,1.0,1.0,1.0,1.0,1.0,1.0,1.0,1.0,0.76658446,0.62447935,0.91925013,-0.6,-0.6,-0.6,-0.6,-0.6,-0.6,-0.6,-0.6,-0.6,-0.6,-0.6,-0.6,-0.6,-0.5570551,-0.5727062,-0.4036773,1.0,1.0,1.0,1.0,1.0,1.0,1.0,1.0,1.0,1.0,1.0,1.0,1.0,0.6551145,0.5587665,0.79399085
0.7666015625,1.0,1.0,1.0,1.0,1.0,1.0,1.0,1.0,1.0,1.0,1.0,1.0,1.0,0.7689616,0.62888247,0.91413254,-0.6,-0.6,-0.6,-0.6,-0.6,-0.6,-0.6,-0.6,-0.6,-0.6,-0.6,-0.6,-0.6,-0.5589893,-0.5699382,-0.40983668,1.0,1.0,1.0,1.0,1.0,1.0,1.0,1.0,1.0,1.0,1.0,1.0,1.0,0.65733415,0.5560576,0.78541285
0.7685546875,1.0,1.0,1.0,1.0,1.0,1.0,1.0,1.0,1.0,1.0,1.0,1.0,1.0,0.7722626,0.6336417,0.9112323,-0.6,-0.6,-0.6,-0.6,-0.6,-0.6,-0.6,-0.6,-0.6,-0.6,-0.6,-0.6,-0.6,-0.56012547,-0.5661262,-0.41524014,1.0,1.0,1.0,1.0,1.0,1.0,1.0,1.0,1.0,1.0,1.0,1.0,1.0,0.66146296,0.5537824,0.77684075
0.7705078125,1.0,1.0,1.0,1.0,1.0,1.0,1.0,1.0,1.0,1.0,1.0,1.0,1.0,0.77635133,0.6384698,0.9106635,-0.6,-0.6,-0.6,-0.6,-0.6,-0.6,-0.6,-0.6,-0.6,-0.6,-0.6,-0.6,-0.6,-0.5606575,-0.5613595,-0.41955486,1.0,1.0,1.0,1.0,1.0,1.0,1.0,1.0,1.0,1.0,1.0,1.0,1.0,0.66708016,0.551854,0.76855636
0.7724609375,1.0,1.0,1.0,1.0,1.0,1.0,1.0,1.0,1.0,1.0,1.0,1.0,1.0,0.78112704,0.64311624,0.91251105,-0.6,-0.6,-0.6,-0.6,-0.6,-0.6,-0.6,-0.6,-0.6,-0.6,-0.6,-0.6,-0.6,-0.55572367,-0.5607388,-0.4224393,1.0,1.0,1.0,1.0,1.0,1.0,1.0,1.0,1.0,1.0,1.0,1.0,1.0,0.67371017,0.5502358,0.7608862
0.7744140625,1.0,1.0,1.0,1.0,1.0,1.0,1.0,1.0,1.0,1.0,1.0,1.0,1.0,0.7865322,0.64736694,0.9168131,-0.6,-0.6,-0.6,-0.6,-0.6,-0.6,-0.6,-0.6,-0.6,-0.6,-0.6,-0.6,-0.6,-0.54929423,-0.5605122,-0.42359707,1.0,1.0,1.0,1.0,1.0,1.0,1.0,1.0,1.0,1.0,1.0,1.0,1.0,0.68085563,0.5489424,0.7541799
0.7763671875,1.0,1.0,1.0,1.0,1.0,1.0,1.0,1.0,1.0,1.0,1.0,1.0,1.0,0.7925474,0.6510556,0.92354614,-0.6,-0.6,-0.6,-0.6,-0.6,-0.6,-0.6,-0.6,-0.6,-0.6,-0.6,-0.6,-0.6,-0.5421343,-0.5601251,-0.42282572,1.0,1.0,1.0,1.0,1.0,1.0,1.0,1.0,1.0,1.0,1.0,1.0,1.0,0.6880521,0.5480324,0.7487901
0.7783203125,1.0,1.0,1.0,1.0,1.0,1.0,1.0,1.0,1.0,1.0,1.0,1.0,1.0,0.7991818,0.6540786,0.93260676,-0.6,-0.6,-0.6,-0.6,-0.6,-0.6,-0.6,-0.6,-0.6,-0.6,-0.6,-0.6,-0.6,-0.534297,-0.55973256,-0.42004672,1.0,1.0,1.0,1.0,1.0,1.0,1.0,1.0,1.0,1.0,1.0,1.0,1.0,0.69492584,0.5475971,0.74504924
0.7802734375,1.0,1.0,1.0,1.0,1.0,1.0,1.0,1.0,1.0,1.0,1.0,1.0,1.0,0.8064501,0.65640736,0.9438004,-0.6,-0.6,-0.6,-0.6,-0.6,-0.6,-0.6,-0.6,-0.6,-0.6,-0.6,-0.6,-0.6,-0.5258297,-0.55948997,-0.41531816,1.0,1.0,1.0,1.0,1.0,1.0,1.0,1.0,1.0,1.0,1.0,1.0,1.0,0.70123935,0.54774576,0.743246
0.7822265625,1.0,1.0,1.0,1.0,1.0,1.0,1.0,1.0,1.0,1.0,1.0,1.0,1.0,0.8143519,0.658093,0.9568322,-0.6,-0.6,-0.6,-0.6,-0.6,-0.6,-0.6,-0.6,-0.6,-0.6,-0.6,-0.6,-0.6,-0.5167844,-0.5595448,-0.4088268,1.0,1.0,1.0,1.0,1.0,1.0,1.0,1.0,1.0,1.0,1.0,1.0,1.0,0.7069136,0.54859006,0.7436026
0.7841796875,1.0,1.0,1.0,1.0,1.0,1.0,1.0,1.0,1.0,1.0,1.0,1.0,1.0,0.82285225,0.6592614,0.9713056,-0.6,-0.6,-0.6,-0.6,-0.6,-0.6,-0.6,-0.6,-0.6,-0.6,-0.6,-0.6,-0.6,-0.5072249,-0.5600251,-0.4008691,1.0,1.0,1.0,1.0,1.0,1.0,1.0,1.0,1.0,1.0,1.0,1.0,1.0,0.7120226,0.5502348,0.7462457
0.7861328125,1.0,1.0,1.0,1.0,1.0,1.0,1.0,1.0,1.0,1.0,1.0,1.0,1.0,0.83186716,0.6600959,0.98673457,-0.6,-0.6,-0.6,-0.6,-0.6,-0.6,-0.6,-0.6,-0.6,-0.6,-0.6,-0.6,-0.6,-0.49723396,-0.56102824,-0.39182398,1.0,1.0,1.0,1.0,1.0,1.0,1.0,1.0,1.0,1.0,1.0,1.0,1.0,0.7167611,0.5527643,0.75118697
0.7880859375,1.0,1.0,1.0,1.0,1.0,1.0,1.0,1.0,1.0,1.0,1.0,1.0,1.0,0.84125906,0.66080976,1.0025598,-0.6,-0.6,-0.6,-0.6,-0.6,-0.6,-0.6,-0.6,-0.6,-0.6,-0.6,-0.6,-0.6,-0.48691747,-0.56261337,-0.38212392,1.0,1.0,1.0,1.0,1.0,1.0,1.0,1.0,1.0,1.0,1.0,1.0,1.0,0.7213899,0.5562369,0.75830543
0.7900390625,1.0,1.0,1.0,1.0,1.0,1.0,1.0,1.0,1.0,1.0,1.0,1.0,1.0,0.8508389,0.6616118,1.0181787,-0.6,-0.6,-0.6,-0.6,-0.6,-0.6,-0.6,-0.6,-0.6,-0.6,-0.6,-0.6,-0.6,-0.47640702,-0.56479716,-0.37222853,1.0,1.0,1.0,1.0,1.0,1.0,1.0,1.0,1.0,1.0,1.0,1.0,1.0,0.72617227,0.5606757,0.7673444
0.7919921875,1.0,1.0,1.0,1.0,1.0,1.0,1.0,1.0,1.0,1.0,1.0,1.0,1.0,0.8603765,0.6626702,1.0329766,-0.6,-0.6,-0.6,-0.6,-0.6,-0.6,-0.6,-0.6,-0.6,-0.6,-0.6,-0.6,-0.6,-0.46586242,-0.5675492,-0.3626009,1.0,1.0,1.0,1.0,1.0,1.0,1.0,1.0,1.0,1.0,1.0,1.0,1.0,0.73131007,0.5660646,0.7779236
0.7939453125,1.0,1.0,1.0,1.0,1.0,1.0,1.0,1.0,1.0,1.0,1.0,1.0,1.0,0.8696169,0.6640778,1.0463612,-0.6,-0.6,-0.6,-0.6,-0.6,-0.6,-0.6,-0.6,-0.6,-0.6,-0.6,-0.6,-0.6,-0.45546922,-0.5707972,-0.3536866,1.0,1.0,1.0,1.0,1.0,1.0,1.0,1.0,1.0,1.0,1.0,1.0,1.0,0.73688686,0.57234704,0.7895623
0.7958984375,1.0,1.0,1.0,1.0,1.0,1.0,1.0,1.0,1.0,1.0,1.0,1.0,1.0,0.8783027,0.6658313,1.0577909,-0.6,-0.6,-0.6,-0.6,-0.6,-0.6,-0.6,-0.6,-0.6,-0.6,-0.6,-0.6,-0.6,-0.44543824,-0.57442605,-0.34589347,1.0,1.0,1.0,1.0,1.0,1.0,1.0,1.0,1.0,1.0,1.0,1.0,1.0,0.74283314,0.5794299,0.8017175
0.7978515625,1.0,1.0,1.0,1.0,1.0,1.0,1.0,1.0,1.0,1.0,1.0,1.0,1.0,0.8861969,0.6678236,1.0668042,-0.6,-0.6,-0.6,-0.6,-0.6,-0.6,-0.6,-0.6,-0.6,-0.6,-0.6,-0.6,-0.6,-0.43599966,-0.5782815,-0.33956876,1.0,1.0,1.0,1.0,1.0,1.0,1.0,1.0,1.0,1.0,1.0,1.0,1.0,0.7489165,0.5871891,0.8138289
0.7998046875,1.0,1.0,1.0,1.0,1.0,1.0,1.0,1.0,1.0,1.0,1.0,1.0,1.0,0.89310193,0.6698587,1.0730444,-0.6,-0.6,-0.6,-0.6,-0.6,-0.6,-0.6,-0.6,-0.6,-0.6,-0.6,-0.6,-0.6,-0.42739132,-0.58216476,-0.33497736,1.0,1.0,1.0,1.0,1.0,1.0,1.0,1.0,1.0,1.0,1.0,1.0,1.0,0.7547759,0.59547853,0.8253682
0.8017578125,1.0,1.0,1.0,1.0,1.0,1.0,1.0,1.0,1.0,1.0,1.0,1.0,1.0,0.8988715,0.671687,1.076283,-0.6,-0.6,-0.6,-0.6,-0.6,-0.6,-0.6,-0.6,-0.6,-0.6,-0.6,-0.6,-0.6,-0.41984245,-0.58582664,-0.33227405,1.0,1.0,1.0,1.0,1.0,1.0,1.0,1.0,1.0,1.0,1.0,1.0,1.0,0.75999635,0.6041356,0.8358877
0.8037109375,1.0,1.0,1.0,1.0,1.0,1.0,1.0,1.0,1.0,1.0,1.0,1.0,1.0,0.90341496,0.6730499,1.0764406,-0.6,-0.6,-0.6,-0.6,-0.6,-0.6,-0.6,-0.6,-0.6,-0.6,-0.6,-0.6,-0.6,-0.41355225,-0.5889617,-0.33148536,1.0,1.0,1.0,1.0,1.0,1.0,1.0,1.0,1.0,1.0,1.0,1.0,1.0,0.76421684,0.6129842,0.8450608
0.8056640625,1.0,1.0,1.0,1.0,1.0,1.0,1.0,1.0,1.0,1.0,1.0,1.0,1.0,0.90669876,0.6737309,1.0736004,-0.6,-0.6,-0.6,-0.6,-0.6,-0.6,-0.6,-0.6,-0.6,-0.6,-0.6,-0.6,-0.6,-0.40866378,-0.59121776,-0.33249488,1.0,1.0,1.0,1.0,1.0,1.0,1.0,1.0,1.0,1.0,1.0,1.0,1.0,0.76723295,0.6218391,0.85271186
0.8076171875,1.0,1.0,1.0,1.0,1.0,1.0,1.0,1.0,1.0,1.0,1.0,1.0,1.0,0.9087503,0.67359895,1.0680075,-0.6,-0.6,-0.6,-0.6,-0.6,-0.6,-0.6,-0.6,-0.6,-0.6,-0.6,-0.6,-0.6,-0.40524426,-0.5922257,-0.33504727,1.0,1.0,1.0,1.0,1.0,1.0,1.0,1.0,1.0,1.0,1.0,1.0,1.0,0.7690476,0.63051367,0.8588253
0.8095703125,1.0,1.0,1.0,1.0,1.0,1.0,1.0,1.0,1.0,1.0,1.0,1.0,1.0,0.9096673,0.672638,1.0600514,-0.6,-0.6,-0.6,-0.6,-0.6,-0.6,-0.6,-0.6,-0.6,-0.6,-0.6,-0.6,-0.6,-0.4032685,-0.59164584,-0.33876488,1.0,1.0,1.0,1.0,1.0,1.0,1.0,1.0,1.0,1.0,1.0,1.0,1.0,0.76985025,0.6388335,0.863531
0.8115234375,1.0,1.0,1.0,1.0,1.0,1.0,1.0,1.0,1.0,1.0,1.0,1.0,1.0,0.9096258,0.6709546,1.0502309,-0.6,-0.6,-0.6,-0.6,-0.6,-0.6,-0.6,-0.6,-0.6,-0.6,-0.6,-0.6,-0.6,-0.40261593,-0.58921516,-0.3431817,1.0,1.0,1.0,1.0,1.0,1.0,1.0,1.0,1.0,1.0,1.0,1.0,1.0,0.7699227,0.64665514,0.8670684
0.8134765625,1.0,1.0,1.0,1.0,1.0,1.0,1.0,1.0,1.0,1.0,1.0,1.0,1.0,0.9088836,0.6687586,1.0391074,-0.6,-0.6,-0.6,-0.6,-0.6,-0.6,-0.6,-0.6,-0.6,-0.6,-0.6,-0.6,-0.6,-0.40307876,-0.58477926,-0.347788,1.0,1.0,1.0,1.0,1.0,1.0,1.0,1.0,1.0,1.0,1.0,1.0,1.0,0.76953125,0.6538799,0.869734
0.8154296875,1.0,1.0,1.0,1.0,1.0,1.0,1.0,1.0,1.0,1.0,1.0,1.0,1.0,0.90776974,0.6663255,1.0272524,-0.6,-0.6,-0.6,-0.6,-0.6,-0.6,-0.6,-0.6,-0.6,-0.6,-0.6,-0.6,-0.6,-0.40438625,-0.5783088,-0.35207823,1.0,1.0,1.0,1.0,1.0,1.0,1.0,1.0,1.0,1.0,1.0,1.0,1.0,0.76884735,0.6604538,0.871826
0.8173828125,1.0,1.0,1.0,1.0,1.0,1.0,1.0,1.0,1.0,1.0,1.0,1.0,1.0,0.9066593,0.66395414,1.0152018,-0.6,-0.6,-0.6,-0.6,-0.6,-0.6,-0.6,-0.6,-0.6,-0.6,-0.6,-0.6,-0.6,-0.4062349,-0.5698985,-0.35559675,1.0,1.0,1.0,1.0,1.0,1.0,1.0,1.0,1.0,1.0,1.0,1.0,1.0,0.767924,0.6663533,0.87359595
0.8193359375,1.0,1.0,1.0,1.0,1.0,1.0,1.0,1.0,1.0,1.0,1.0,1.0,1.0,0.90593493,0.6619228,1.0034211,-0.6,-0.6,-0.6,-0.6,-0.6,-0.6,-0.6,-0.6,-0.6,-0.6,-0.6,-0.6,-0.6,-0.40832415,-0.5597614,-0.35797617,1.0,1.0,1.0,1.0,1.0,1.0,1.0,1.0,1.0,1.0,1.0,1.0,1.0,0.7667102,0.67155856,0.8752208
0.8212890625,1.0,1.0,1.0,1.0,1.0,1.0,1.0,1.0,1.0,1.0,1.0,1.0,1.0,0.90595096,0.66045505,0.99227947,-0.6,-0.6,-0.6,-0.6,-0.6,-0.6,-0.6,-0.6,-0.6,-0.6,-0.6,-0.6,-0.6,-0.41038623,-0.54821813,-0.35896513,1.0,1.0,1.0,1.0,1.0,1.0,1.0,1.0,1.0,1.0,1.0,1.0,1.0,0.76509744,0.6760251,0.8767904
0.8232421875,1.0,1.0,1.0,1.0,1.0,1.0,1.0,1.0,1.0,1.0,1.0,1.0,1.0,0.9069989,0.65969235,0.98203915,-0.6,-0.6,-0.6,-0.6,-0.6,-0.6,-0.6,-0.6,-0.6,-0.6,-0.6,-0.6,-0.6,-0.4122086,-0.5356804,-0.35844412,1.0,1.0,1.0,1.0,1.0,1.0,1.0,1.0,1.0,1.0,1.0,1.0,1.0,0.7629593,0.6796644,0.8783159
0.8251953125,1.0,1.0,1.0,1.0,1.0,1.0,1.0,1.0,1.0,1.0,1.0,1.0,1.0,0.9092786,0.6596751,0.972852,-0.6,-0.6,-0.6,-0.6,-0.6,-0.6,-0.6,-0.6,-0.6,-0.6,-0.6,-0.6,-0.6,-0.41364333,-0.5226215,-0.3564284,1.0,1.0,1.0,1.0,1.0,1.0,1.0,1.0,1.0,1.0,1.0,1.0,1.0,0.7601795,0.6823351,0.87974215
0.8271484375,1.0,1.0,1.0,1.0,1.0,1.0,1.0,1.0,1.0,1.0,1.0,1.0,1.0,0.9128785,0.6603381,0.96476525,-0.6,-0.6,-0.6,-0.6,-0.6,-0.6,-0.6,-0.6,-0.6,-0.6,-0.6,-0.6,-0.6,-0.41460916,-0.5095414,-0.3530592,1.0,1.0,1.0,1.0,1.0,1.0,1.0,1.0,1.0,1.0,1.0,1.0,1.0,0.75667185,0.6838478,0.8809657
0.8291015625,1.0,1.0,1.0,1.0,1.0,1.0,1.0,1.0,1.0,1.0,1.0,1.0,1.0,0.91775745,0.6615216,0.95773166,-0.6,-0.6,-0.6,-0.6,-0.6,-0.6,-0.6,-0.6,-0.6,-0.6,-0.6,-0.6,-0.6,-0.41508463,-0.49692264,-0.3485863,1.0,1.0,1.0,1.0,1.0,1.0,1.0,1.0,1.0,1.0,1.0,1.0,1.0,0.75238407,0.68397975,0.8818457
0.8310546875,1.0,1.0,1.0,1.0,1.0,1.0,1.0,1.0,1.0,1.0,1.0,1.0,1.0,0.92373335,0.6629998,0.95162684,-0.6,-0.6,-0.6,-0.6,-0.6,-0.6,-0.6,-0.6,-0.6,-0.6,-0.6,-0.6,-0.6,-0.41509834,-0.48519668,-0.34333935,1.0,1.0,1.0,1.0,1.0,1.0,1.0,1.0,1.0,1.0,1.0,1.0,1.0,0.7473155,0.68249744,0.8822147
0.8330078125,1.0,1.0,1.0,1.0,1.0,1.0,1.0,1.0,1.0,1.0,1.0,1.0,1.0,0.9304801,0.6645274,0.94626933,-0.6,-0.6,-0.6,-0.6,-0.6,-0.6,-0.6,-0.6,-0.6,-0.6,-0.6,-0.6,-0.6,-0.41471502,-0.47471908,-0.3377001,1.0,1.0,1.0,1.0,1.0,1.0,1.0,1.0,1.0,1.0,1.0,1.0,1.0,0.7415379,0.6791845,0.8818834
0.8349609375,1.0,1.0,1.0,1.0,1.0,1.0,1.0,1.0,1.0,1.0,1.0,1.0,1.0,0.9375393,0.6658929,0.9414411,-0.6,-0.6,-0.6,-0.6,-0.6,-0.6,-0.6,-0.6,-0.6,-0.6,-0.6,-0.6,-0.6,-0.41402158,-0.4657639,-0.33207324,1.0,1.0,1.0,1.0,1.0,1.0,1.0,1.0,1.0,1.0,1.0,1.0,1.0,0.7352288,0.67387474,0.88064975
0.8369140625,1.0,1.0,1.0,1.0,1.0,1.0,1.0,1.0,1.0,1.0,1.0,1.0,1.0,0.93690616,0.66696155,0.94434816,-0.6,-0.6,-0.6,-0.6,-0.6,-0.6,-0.6,-0.6,-0.6,-0.6,-0.6,-0.6,-0.6,-0.41311082,-0.4585308,-0.32686397,1.0,1.0,1.0,1.0,1.0,1.0,1.0,1.0,1.0,1.0,1.0,1.0,1.0,0.7286929,0.6664841,0.87830806
0.8388671875,1.0,1.0,1.0,1.0,1.0,1.0,1.0,1.0,1.0,1.0,1.0,1.0,1.0,0.93242526,0.66769564,0.95028514,-0.6,-0.6,-0.6,-0.6,-0.6,-0.6,-0.6,-0.6,-0.6,-0.6,-0.6,-0.6,-0.6,-0.41206512,-0.45315686,-0.32246372,1.0,1.0,1.0,1.0,1.0,1.0,1.0,1.0,1.0,1.0,1.0,1.0,1.0,0.7223497,0.65704036,0.87466216
0.8408203125,1.0,1.0,1.0,1.0,1.0,1.0,1.0,1.0,1.0,1.0,1.0,1.0,1.0,0.9277634,0.6681439,0.9547231,-0.6,-0.6,-0.6,-0.6,-0.6,-0.6,-0.6,-0.6,-0.6,-0.6,-0.6,-0.6,-0.6,-0.41094485,-0.4497275,-0.3192391,1.0,1.0,1.0,1.0,1.0,1.0,1.0,1.0,1.0,1.0,1.0,1.0,1.0,0.716693,0.6456956,0.8695379
0.8427734375,1.0,1.0,1.0,1.0,1.0,1.0,1.0,1.0,1.0,1.0,1.0,1.0,1.0,0.92269886,0.66840845,0.9570915,-0.6,-0.6,-0.6,-0.6,-0.6,-0.6,-0.6,-0.6,-0.6,-0.6,-0.6,-0.6,-0.6,-0.4097775,-0.4482853,-0.31752095,1.0,1.0,1.0,1.0,1.0,1.0,1.0,1.0,1.0,1.0,1.0,1.0,1.0,0.712221,0.6327276,0.8628019
0.8447265625,1.0,1.0,1.0,1.0,1.0,1.0,1.0,1.0,1.0,1.0,1.0,1.0,1.0,0.9170278,0.6685987,0.9569261,-0.6,-0.6,-0.6,-0.6,-0.6,-0.6,-0.6,-0.6,-0.6,-0.6,-0.6,-0.6,-0.6,-0.40855113,-0.44883308,-0.31758592,1.0,1.0,1.0,1.0,1.0,1.0,1.0,1.0,1.0,1.0,1.0,1.0,1.0,0.7093624,0.6185218,0.85438097
0.8466796875,1.0,1.0,1.0,1.0,1.0,1.0,1.0,1.0,1.0,1.0,1.0,1.0,1.0,0.9105748,0.6687932,0.9539114,-0.6,-0.6,-0.6,-0.6,-0.6,-0.6,-0.6,-0.6,-0.6,-0.6,-0.6,-0.6,-0.6,-0.40721223,-0.45132777,-0.31962743,1.0,1.0,1.0,1.0,1.0,1.0,1.0,1.0,1.0,1.0,1.0,1.0,1.0,0.70841426,0.60354,0.84428126
0.8486328125,1.0,1.0,1.0,1.0,1.0,1.0,1.0,1.0,1.0,1.0,1.0,1.0,1.0,0.9032059,0.6690192,0.94790906,-0.6,-0.6,-0.6,-0.6,-0.6,-0.6,-0.6,-0.6,-0.6,-0.6,-0.6,-0.6,-0.6,-0.40566453,-0.45566317,-0.32372013,1.0,1.0,1.0,1.0,1.0,1.0,1.0,1.0,1.0,1.0,1.0,1.0,1.0,0.70950055,0.5882824,0.83260876
0.8505859375,1.0,1.0,1.0,1.0,1.0,1.0,1.0,1.0,1.0,1.0,1.0,1.0,1.0,0.8948434,0.66925293,0.93897027,-0.6,-0.6,-0.6,-0.6,-0.6,-0.6,-0.6,-0.6,-0.6,-0.6,-0.6,-0.6,-0.6,-0.4037706,-0.46164212,-0.32978472,1.0,1.0,1.0,1.0,1.0,1.0,1.0,1.0,1.0,1.0,1.0,1.0,1.0,0.7125509,0.5732427,0.8195779
0.8525390625,1.0,1.0,1.0,1.0,1.0,1.0,1.0,1.0,1.0,1.0,1.0,1.0,1.0,0.8854797,0.66943514,0.92733216,-0.6,-0.6,-0.6,-0.6,-0.6,-0.6,-0.6,-0.6,-0.6,-0.6,-0.6,-0.6,-0.6,-0.4013553,-0.46894875,-0.33756545,1.0,1.0,1.0,1.0,1.0,1.0,1.0,1.0,1.0,1.0,1.0,1.0,1.0,0.7173022,0.55886966,0.80550045
0.8544921875,1.0,1.0,1.0,1.0,1.0,1.0,1.0,1.0,1.0,1.0,1.0,1.0,1.0,0.8751846,0.66949606,0.91340435,-0.6,-0.6,-0.6,-0.6,-0.6,-0.6,-0.6,-0.6,-0.6,-0.6,-0.6,-0.6,-0.6,-0.39821336,-0.47713563,-0.346629,1.0,1.0,1.0,1.0,1.0,1.0,1.0,1.0,1.0,1.0,1.0,1.0,1.0,0.72331613,0.5455376,0.79076403
0.8564453125,1.0,1.0,1.0,1.0,1.0,1.0,1.0,1.0,1.0,1.0,1.0,1.0,1.0,0.8641052,0.6693779,0.8977416,-0.6,-0.6,-0.6,-0.6,-0.6,-0.6,-0.6,-0.6,-0.6,-0.6,-0.6,-0.6,-0.6,-0.3941233,-0.48564383,-0.35638604,1.0,1.0,1.0,1.0,1.0,1.0,1.0,1.0,1.0,1.0,1.0,1.0,1.0,0.7300198,0.5335342,0.77578926
0.8583984375,1.0,1.0,1.0,1.0,1.0,1.0,1.0,1.0,1.0,1.0,1.0,1.0,1.0,0.8524566,0.6690527,0.8810111,-0.6,-0.6,-0.6,-0.6,-0.6,-0.6,-0.6,-0.6,-0.6,-0.6,-0.6,-0.6,-0.6,-0.38887045,-0.49385408,-0.36613587,1.0,1.0,1.0,1.0,1.0,1.0,1.0,1.0,1.0,1.0,1.0,1.0,1.0,0.73675656,0.52306396,0.7609893
0.8603515625,1.0,1.0,1.0,1.0,1.0,1.0,1.0,1.0,1.0,1.0,1.0,1.0,1.0,0.8405041,0.66853553,0.8639475,-0.6,-0.6,-0.6,-0.6,-0.6,-0.6,-0.6,-0.6,-0.6,-0.6,-0.6,-0.6,-0.6,-0.38227263,-0.5011586,-0.37512323,1.0,1.0,1.0,1.0,1.0,1.0,1.0,1.0,1.0,1.0,1.0,1.0,1.0,0.74285066,0.514258,0.7467331
0.8623046875,1.0,1.0,1.0,1.0,1.0,1.0,1.0,1.0,1.0,1.0,1.0,1.0,1.0,0.828539,0.66788685,0.84730196,-0.6,-0.6,-0.6,-0.6,-0.6,-0.6,-0.6,-0.6,-0.6,-0.6,-0.6,-0.6,-0.6,-0.38260314,-0.5070336,-0.37420937,1.0,1.0,1.0,1.0,1.0,1.0,1.0,1.0,1.0,1.0,1.0,1.0,1.0,0.7333212,0.50718397,0.7476771
0.8642578125,1.0,1.0,1.0,1.0,1.0,1.0,1.0,1.0,1.0,1.0,1.0,1.0,1.0,0.816852,0.66720587,0.8317824,-0.6,-0.6,-0.6,-0.6,-0.6,-0.6,-0.6,-0.6,-0.6,-0.6,-0.6,-0.6,-0.6,-0.38790378,-0.51109326,-0.3646423,1.0,1.0,1.0,1.0,1.0,1.0,1.0,1.0,1.0,1.0,1.0,1.0,1.0,0.7209759,0.5018469,0.7507192
0.8662109375,1.0,1.0,1.0,1.0,1.0,1.0,1.0,1.0,1.0,1.0,1.0,1.0,1.0,0.80571,0.6666179,0.8179927,-0.6,-0.6,-0.6,-0.6,-0.6,-0.6,-0.6,-0.6,-0.6,-0.6,-0.6,-0.6,-0.6,-0.39048174,-0.51312184,-0.3536239,1.0,1.0,1.0,1.0,1.0,1.0,1.0,1.0,1.0,1.0,1.0,1.0,1.0,0.709845,0.4981855,0.7516242
0.8681640625,1.0,1.0,1.0,1.0,1.0,1.0,1.0,1.0,1.0,1.0,1.0,1.0,1.0,0.7953364,0.666253,0.80638736,-0.6,-0.6,-0.6,-0.6,-0.6,-0.6,-0.6,-0.6,-0.6,-0.6,-0.6,-0.6,-0.6,-0.3899645,-0.51307845,-0.34129193,1.0,1.0,1.0,1.0,1.0,1.0,1.0,1.0,1.0,1.0,1.0,1.0,1.0,0.7000088,0.496069,0.7502374
0.8701171875,1.0,1.0,1.0,1.0,1.0,1.0,1.0,1.0,1.0,1.0,1.0,1.0,1.0,0.78589535,0.6662272,0.7972436,-0.6,-0.6,-0.6,-0.6,-0.6,-0.6,-0.6,-0.6,-0.6,-0.6,-0.6,-0.6,-0.6,-0.38617674,-0.5110905,-0.327858,1.0,1.0,1.0,1.0,1.0,1.0,1.0,1.0,1.0,1.0,1.0,1.0,1.0,0.69148946,0.49529946,0.74661845
0.8720703125,1.0,1.0,1.0,1.0,1.0,1.0,1.0,1.0,1.0,1.0,1.0,1.0,1.0,0.7774875,0.666626,0.7906586,-0.6,-0.6,-0.6,-0.6,-0.6,-0.6,-0.6,-0.6,-0.6,-0.6,-0.6,-0.6,-0.6,-0.3791509,-0.50743425,-0.31359574,1.0,1.0,1.0,1.0,1.0,1.0,1.0,1.0,1.0,1.0,1.0,1.0,1.0,0.6842587,0.4956253,0.74102294
0.8740234375,1.0,1.0,1.0,1.0,1.0,1.0,1.0,1.0,1.0,1.0,1.0,1.0,1.0,0.7701487,0.6674957,0.7865642,-0.6,-0.6,-0.6,-0.6,-0.6,-0.6,-0.6,-0.6,-0.6,-0.6,-0.6,-0.6,-0.6,-0.36911997,-0.50250447,-0.29882923,1.0,1.0,1.0,1.0,1.0,1.0,1.0,1.0,1.0,1.0,1.0,1.0,1.0,0.67824304,0.49676237,0.7338606
0.8759765625,1.0,1.0,1.0,1.0,1.0,1.0,1.0,1.0,1.0,1.0,1.0,1.0,1.0,0.7638581,0.66884035,0.7847548,-0.6,-0.6,-0.6,-0.6,-0.6,-0.6,-0.6,-0.6,-0.6,-0.6,-0.6,-0.6,-0.6,-0.3564956,-0.4967812,-0.2839245,1.0,1.0,1.0,1.0,1.0,1.0,1.0,1.0,1.0,1.0,1.0,1.0,1.0,0.6733301,0.49842033,0.7256221
0.8779296875,1.0,1.0,1.0,1.0,1.0,1.0,1.0,1.0,1.0,1.0,1.0,1.0,1.0,0.7585497,0.67062706,0.7849185,-0.6,-0.6,-0.6,-0.6,-0.6,-0.6,-0.6,-0.6,-0.6,-0.6,-0.6,-0.6,-0.6,-0.3418356,-0.4907867,-0.2692745,1.0,1.0,1.0,1.0,1.0,1.0,1.0,1.0,1.0,1.0,1.0,1.0,1.0,0.66937995,0.5003288,0.71680856
0.8798828125,1.0,1.0,1.0,1.0,1.0,1.0,1.0,1.0,1.0,1.0,1.0,1.0,1.0,0.7541265,0.6727952,0.78666747,-0.6,-0.6,-0.6,-0.6,-0.6,-0.6,-0.6,-0.6,-0.6,-0.6,-0.6,-0.6,-0.6,-0.3258007,-0.48504058,-0.25528154,1.0,1.0,1.0,1.0,1.0,1.0,1.0,1.0,1.0,1.0,1.0,1.0,1.0,0.6662389,0.50225663,0.7078804
0.8818359375,1.0,1.0,1.0,1.0,1.0,1.0,1.0,1.0,1.0,1.0,1.0,1.0,1.0,0.75047463,0.6752719,0.7895622,-0.6,-0.6,-0.6,-0.6,-0.6,-0.6,-0.6,-0.6,-0.6,-0.6,-0.6,-0.6,-0.6,-0.30910912,-0.48001978,-0.2423344,1.0,1.0,1.0,1.0,1.0,1.0,1.0,1.0,1.0,1.0,1.0,1.0,1.0,0.66375774,0.50402176,0.6992438
0.8837890625,1.0,1.0,1.0,1.0,1.0,1.0,1.0,1.0,1.0,1.0,1.0,1.0,1.0,0.7474748,0.6779879,0.7931304,-0.6,-0.6,-0.6,-0.6,-0.6,-0.6,-0.6,-0.6,-0.6,-0.6,-0.6,-0.6,-0.6,-0.29248914,-0.4761252,-0.23079023,1.0,1.0,1.0,1.0,1.0,1.0,1.0,1.0,1.0,1.0,1.0,1.0,1.0,0.6618098,0.5054826,0.69126666
0.8857421875,1.0,1.0,1.0,1.0,1.0,1.0,1.0,1.0,1.0,1.0,1.0,1.0,1.0,0.7450136,0.680888,0.7968767,-0.6,-0.6,-0.6,-0.6,-0.6,-0.6,-0.6,-0.6,-0.6,-0.6,-0.6,-0.6,-0.6,-0.27663776,-0.4736639,-0.22096363,1.0,1.0,1.0,1.0,1.0,1.0,1.0,1.0,1.0,1.0,1.0,1.0,1.0,0.66030407,0.50651574,0.6843017
0.8876953125,1.0,1.0,1.0,1.0,1.0,1.0,1.0,1.0,1.0,1.0,1.0,1.0,1.0,0.742992,0.6839329,0.8002944,-0.6,-0.6,-0.6,-0.6,-0.6,-0.6,-0.6,-0.6,-0.6,-0.6,-0.6,-0.6,-0.6,-0.26218507,-0.47283408,-0.21312359,1.0,1.0,1.0,1.0,1.0,1.0,1.0,1.0,1.0,1.0,1.0,1.0,1.0,0.65919673,0.50698954,0.6786878
0.8896484375,1.0,1.0,1.0,1.0,1.0,1.0,1.0,1.0,1.0,1.0,1.0,1.0,1.0,0.7413335,0.68709415,0.8028904,-0.6,-0.6,-0.6,-0.6,-0.6,-0.6,-0.6,-0.6,-0.6,-0.6,-0.6,-0.6,-0.6,-0.24966946,-0.47372052,-0.20749062,1.0,1.0,1.0,1.0,1.0,1.0,1.0,1.0,1.0,1.0,1.0,1.0,1.0,0.65849566,0.50675416,0.6747258
0.8916015625,1.0,1.0,1.0,1.0,1.0,1.0,1.0,1.0,1.0,1.0,1.0,1.0,1.0,0.73999256,0.6903421,0.8042249,-0.6,-0.6,-0.6,-0.6,-0.6,-0.6,-0.6,-0.6,-0.6,-0.6,-0.6,-0.6,-0.6,-0.2395207,-0.4762899,-0.20422459,1.0,1.0,1.0,1.0,1.0,1.0,1.0,1.0,1.0,1.0,1.0,1.0,1.0,0.6582632,0.50565875,0.67263883
0.8935546875,1.0,1.0,1.0,1.0,1.0,1.0,1.0,1.0,1.0,1.0,1.0,1.0,1.0,0.73895836,0.6936426,0.80397075,-0.6,-0.6,-0.6,-0.6,-0.6,-0.6,-0.6,-0.6,-0.6,-0.6,-0.6,-0.6,-0.6,-0.23204789,-0.48039433,-0.20340207,1.0,1.0,1.0,1.0,1.0,1.0,1.0,1.0,1.0,1.0,1.0,1.0,1.0,0.6586125,0.5035992,0.6725448
0.8955078125,1.0,1.0,1.0,1.0,1.0,1.0,1.0,1.0,1.0,1.0,1.0,1.0,1.0,0.73825485,0.6969596,0.80196846,-0.6,-0.6,-0.6,-0.6,-0.6,-0.6,-0.6,-0.6,-0.6,-0.6,-0.6,-0.6,-0.6,-0.22743383,-0.4857827,-0.20498964,1.0,1.0,1.0,1.0,1.0,1.0,1.0,1.0,1.0,1.0,1.0,1.0,1.0,0.6596998,0.50057703,0.6744507
0.8974609375,1.0,1.0,1.0,1.0,1.0,1.0,1.0,1.0,1.0,1.0,1.0,1.0,1.0,0.737933,0.7002695,0.79826194,-0.6,-0.6,-0.6,-0.6,-0.6,-0.6,-0.6,-0.6,-0.6,-0.6,-0.6,-0.6,-0.6,-0.2257308,-0.49212328,-0.20882949,1.0,1.0,1.0,1.0,1.0,1.0,1.0,1.0,1.0,1.0,1.0,1.0,1.0,0.66170835,0.4967423,0.6782725
0.8994140625,1.0,1.0,1.0,1.0,1.0,1.0,1.0,1.0,1.0,1.0,1.0,1.0,1.0,0.7380608,0.7035782,0.7930963,-0.6,-0.6,-0.6,-0.6,-0.6,-0.6,-0.6,-0.6,-0.6,-0.6,-0.6,-0.6,-0.6,-0.22686127,-0.49903104,-0.21464577,1.0,1.0,1.0,1.0,1.0,1.0,1.0,1.0,1.0,1.0,1.0,1.0,1.0,0.6648279,0.49239972,0.68387336
0.9013671875,1.0,1.0,1.0,1.0,1.0,1.0,1.0,1.0,1.0,1.0,1.0,1.0,1.0,0.73870915,0.7069326,0.7868796,-0.6,-0.6,-0.6,-0.6,-0.6,-0.6,-0.6,-0.6,-0.6,-0.6,-0.6,-0.6,-0.6,-0.23062155,-0.5061028,-0.22207138,1.0,1.0,1.0,1.0,1.0,1.0,1.0,1.0,1.0,1.0,1.0,1.0,1.0,0.66923326,0.4879716,0.6911032
0.9033203125,1.0,1.0,1.0,1.0,1.0,1.0,1.0,1.0,1.0,1.0,1.0,1.0,1.0,0.73993963,0.71042264,0.78012204,-0.6,-0.6,-0.6,-0.6,-0.6,-0.6,-0.6,-0.6,-0.6,-0.6,-0.6,-0.6,-0.6,-0.23668894,-0.5129441,-0.23068431,1.0,1.0,1.0,1.0,1.0,1.0,1.0,1.0,1.0,1.0,1.0,1.0,1.0,0.6750606,0.4839326,0.6998285
0.9052734375,1.0,1.0,1.0,1.0,1.0,1.0,1.0,1.0,1.0,1.0,1.0,1.0,1.0,0.74179465,0.71416795,0.773368,-0.6,-0.6,-0.6,-0.6,-0.6,-0.6,-0.6,-0.6,-0.6,-0.6,-0.6,-0.6,-0.6,-0.24463329,-0.51919043,-0.2400417,1.0,1.0,1.0,1.0,1.0,1.0,1.0,1.0,1.0,1.0,1.0,1.0,1.0,0.6823869,0.48073566,0.70993984
0.9072265625,1.0,1.0,1.0,1.0,1.0,1.0,1.0,1.0,1.0,1.0,1.0,1.0,1.0,0.74429303,0.71829456,0.76713526,-0.6,-0.6,-0.6,-0.6,-0.6,-0.6,-0.6,-0.6,-0.6,-0.6,-0.6,-0.6,-0.6,-0.2539281,-0.5245167,-0.24970523,1.0,1.0,1.0,1.0,1.0,1.0,1.0,1.0,1.0,1.0,1.0,1.0,1.0,0.6912115,0.47874865,0.7213386
0.9091796875,1.0,1.0,1.0,1.0,1.0,1.0,1.0,1.0,1.0,1.0,1.0,1.0,1.0,0.7474272,0.7229091,0.7618674,-0.6,-0.6,-0.6,-0.6,-0.6,-0.6,-0.6,-0.6,-0.6,-0.6,-0.6,-0.6,-0.6,-0.26396367,-0.5286361,-0.25925806,1.0,1.0,1.0,1.0,1.0,1.0,1.0,1.0,1.0,1.0,1.0,1.0,1.0,0.70144355,0.47821268,0.73391473
0.9111328125,1.0,1.0,1.0,1.0,1.0,1.0,1.0,1.0,1.0,1.0,1.0,1.0,1.0,0.7511616,0.72807664,0.7579019,-0.6,-0.6,-0.6,-0.6,-0.6,-0.6,-0.6,-0.6,-0.6,-0.6,-0.6,-0.6,-0.6,-0.2740653,-0.53129554,-0.26831684,1.0,1.0,1.0,1.0,1.0,1.0,1.0,1.0,1.0,1.0,1.0,1.0,1.0,0.71289814,0.47922525,0.7475179
0.9130859375,1.0,1.0,1.0,1.0,1.0,1.0,1.0,1.0,1.0,1.0,1.0,1.0,1.0,0.7554315,0.73381,0.7554522,-0.6,-0.6,-0.6,-0.6,-0.6,-0.6,-0.6,-0.6,-0.6,-0.6,-0.6,-0.6,-0.6,-0.28351757,-0.53226984,-0.27654073,1.0,1.0,1.0,1.0,1.0,1.0,1.0,1.0,1.0,1.0,1.0,1.0,1.0,0.72530705,0.48174372,0.7619469
0.9150390625,1.0,1.0,1.0,1.0,1.0,1.0,1.0,1.0,1.0,1.0,1.0,1.0,1.0,0.75460374,0.74006915,0.76014024,-0.6,-0.6,-0.6,-0.6,-0.6,-0.6,-0.6,-0.6,-0.6,-0.6,-0.6,-0.6,-0.6,-0.291603,-0.5313605,-0.28363737,1.0,1.0,1.0,1.0,1.0,1.0,1.0,1.0,1.0,1.0,1.0,1.0,1.0,0.7383372,0.48560753,0.77695197
0.9169921875,1.0,1.0,1.0,1.0,1.0,1.0,1.0,1.0,1.0,1.0,1.0,1.0,1.0,0.7553195,0.74677765,0.765161,-0.6,-0.6,-0.6,-0.6,-0.6,-0.6,-0.6,-0.6,-0.6,-0.6,-0.6,-0.6,-0.6,-0.29764804,-0.52840245,-0.2893668,1.0,1.0,1.0,1.0,1.0,1.0,1.0,1.0,1.0,1.0,1.0,1.0,1.0,0.7516227,0.49056688,0.7922577
0.9189453125,1.0,1.0,1.0,1.0,1.0,1.0,1.0,1.0,1.0,1.0,1.0,1.0,1.0,0.7574557,0.75384504,0.7703425,-0.6,-0.6,-0.6,-0.6,-0.6,-0.6,-0.6,-0.6,-0.6,-0.6,-0.6,-0.6,-0.6,-0.30107364,-0.5232793,-0.29354492,1.0,1.0,1.0,1.0,1.0,1.0,1.0,1.0,1.0,1.0,1.0,1.0,1.0,0.76479566,0.4963172,0.8076063
0.9208984375,1.0,1.0,1.0,1.0,1.0,1.0,1.0,1.0,1.0,1.0,1.0,1.0,1.0,0.761196,0.7607784,0.7755207,-0.6,-0.6,-0.6,-0.6,-0.6,-0.6,-0.6,-0.6,-0.6,-0.6,-0.6,-0.6,-0.6,-0.3014424,-0.51594174,-0.29604343,1.0,1.0,1.0,1.0,1.0,1.0,1.0,1.0,1.0,1.0,1.0,1.0,1.0,0.77751654,0.5025315,0.8228109
0.9228515625,1.0,1.0,1.0,1.0,1.0,1.0,1.0,1.0,1.0,1.0,1.0,1.0,1.0,0.76879257,0.764987,0.7805294,-0.6,-0.6,-0.6,-0.6,-0.6,-0.6,-0.6,-0.6,-0.6,-0.6,-0.6,-0.6,-0.6,-0.298493,-0.50642776,-0.29679248,1.0,1.0,1.0,1.0,1.0,1.0,1.0,1.0,1.0,1.0,1.0,1.0,1.0,0.78949475,0.50888616,0.8378135
0.9248046875,1.0,1.0,1.0,1.0,1.0,1.0,1.0,1.0,1.0,1.0,1.0,1.0,1.0,0.7766391,0.7697309,0.78520995,-0.6,-0.6,-0.6,-0.6,-0.6,-0.6,-0.6,-0.6,-0.6,-0.6,-0.6,-0.6,-0.6,-0.29578188,-0.4948772,-0.29215935,1.0,1.0,1.0,1.0,1.0,1.0,1.0,1.0,1.0,1.0,1.0,1.0,1.0,0.8005003,0.5150804,0.8527177
0.9267578125,1.0,1.0,1.0,1.0,1.0,1.0,1.0,1.0,1.0,1.0,1.0,1.0,1.0,0.7847662,0.7746289,0.7894086,-0.6,-0.6,-0.6,-0.6,-0.6,-0.6,-0.6,-0.6,-0.6,-0.6,-0.6,-0.6,-0.6,-0.29306576,-0.4815357,-0.28257182,1.0,1.0,1.0,1.0,1.0,1.0,1.0,1.0,1.0,1.0,1.0,1.0,1.0,0.8103657,0.5208485,0.8677795
0.9287109375,1.0,1.0,1.0,1.0,1.0,1.0,1.0,1.0,1.0,1.0,1.0,1.0,1.0,0.7929663,0.7792826,0.7931955,-0.6,-0.6,-0.6,-0.6,-0.6,-0.6,-0.6,-0.6,-0.6,-0.6,-0.6,-0.6,-0.6,-0.28876987,-0.46674964,-0.2700394,1.0,1.0,1.0,1.0,1.0,1.0,1.0,1.0,1.0,1.0,1.0,1.0,1.0,0.81897634,0.5259605,0.8833439
0.9306640625,1.0,1.0,1.0,1.0,1.0,1.0,1.0,1.0,1.0,1.0,1.0,1.0,1.0,0.79570204,0.7832863,0.80189204,-0.6,-0.6,-0.6,-0.6,-0.6,-0.6,-0.6,-0.6,-0.6,-0.6,-0.6,-0.6,-0.6,-0.28310195,-0.45095637,-0.2550126,1.0,1.0,1.0,1.0,1.0,1.0,1.0,1.0,1.0,1.0,1.0,1.0,1.0,0.8262529,0.53021514,0.8997338
0.9326171875,1.0,1.0,1.0,1.0,1.0,1.0,1.0,1.0,1.0,1.0,1.0,1.0,1.0,0.7974045,0.78623456,0.8107206,-0.6,-0.6,-0.6,-0.6,-0.6,-0.6,-0.6,-0.6,-0.6,-0.6,-0.6,-0.6,-0.6,-0.27636084,-0.43467185,-0.23802814,1.0,1.0,1.0,1.0,1.0,1.0,1.0,1.0,1.0,1.0,1.0,1.0,1.0,0.8321261,0.5334257,0.91712314
0.9345703125,1.0,1.0,1.0,1.0,1.0,1.0,1.0,1.0,1.0,1.0,1.0,1.0,1.0,0.797836,0.7877341,0.81940687,-0.6,-0.6,-0.6,-0.6,-0.6,-0.6,-0.6,-0.6,-0.6,-0.6,-0.6,-0.6,-0.6,-0.26893863,-0.41848013,-0.21965054,1.0,1.0,1.0,1.0,1.0,1.0,1.0,1.0,1.0,1.0,1.0,1.0,1.0,0.83651584,0.5354071,0.93540895
0.9365234375,1.0,1.0,1.0,1.0,1.0,1.0,1.0,1.0,1.0,1.0,1.0,1.0,1.0,0.7967579,0.7874219,0.8275184,-0.6,-0.6,-0.6,-0.6,-0.6,-0.6,-0.6,-0.6,-0.6,-0.6,-0.6,-0.6,-0.6,-0.2613062,-0.40301827,-0.2004143,1.0,1.0,1.0,1.0,1.0,1.0,1.0,1.0,1.0,1.0,1.0,1.0,1.0,0.8393183,0.5359732,0.9541066
0.9384765625,1.0,1.0,1.0,1.0,1.0,1.0,1.0,1.0,1.0,1.0,1.0,1.0,1.0,0.79397196,0.7849977,0.8344633,-0.6,-0.6,-0.6,-0.6,-0.6,-0.6,-0.6,-0.6,-0.6,-0.6,-0.6,-0.6,-0.6,-0.25398144,-0.3889499,-0.18078566,1.0,1.0,1.0,1.0,1.0,1.0,1.0,1.0,1.0,1.0,1.0,1.0,1.0,0.8404052,0.5349582,0.9722793
0.9404296875,1.0,1.0,1.0,1.0,1.0,1.0,1.0,1.0,1.0,1.0,1.0,1.0,1.0,0.7893679,0.78026587,0.8395217,-0.6,-0.6,-0.6,-0.6,-0.6,-0.6,-0.6,-0.6,-0.6,-0.6,-0.6,-0.6,-0.6,-0.24748197,-0.37691996,-0.1611459,1.0,1.0,1.0,1.0,1.0,1.0,1.0,1.0,1.0,1.0,1.0,1.0,1.0,0.8396426,0.53225833,0.98852634
0.9423828125,1.0,1.0,1.0,1.0,1.0,1.0,1.0,1.0,1.0,1.0,1.0,1.0,1.0,0.7829574,0.7731786,0.8419155,-0.6,-0.6,-0.6,-0.6,-0.6,-0.6,-0.6,-0.6,-0.6,-0.6,-0.6,-0.6,-0.6,-0.24227676,-0.3674846,-0.14178964,1.0,1.0,1.0,1.0,1.0,1.0,1.0,1.0,1.0,1.0,1.0,1.0,1.0,0.8369132,0.52788395,1.0010511
0.9443359375,1.0,1.0,1.0,1.0,1.0,1.0,1.0,1.0,1.0,1.0,1.0,1.0,1.0,0.7748844,0.76386094,0.8409217,-0.6,-0.6,-0.6,-0.6,-0.6,-0.6,-0.6,-0.6,-0.6,-0.6,-0.6,-0.6,-0.6,-0.23874745,-0.36102673,-0.12293759,1.0,1.0,1.0,1.0,1.0,1.0,1.0,1.0,1.0,1.0,1.0,1.0,1.0,0.8321428,0.5219989,1.0078396
0.9462890625,1.0,1.0,1.0,1.0,1.0,1.0,1.0,1.0,1.0,1.0,1.0,1.0,1.0,0.76540995,0.7526073,0.83600736,-0.6,-0.6,-0.6,-0.6,-0.6,-0.6,-0.6,-0.6,-0.6,-0.6,-0.6,-0.6,-0.6,-0.23717162,-0.35766414,-0.10475069,1.0,1.0,1.0,1.0,1.0,1.0,1.0,1.0,1.0,1.0,1.0,1.0,1.0,0.8253191,0.5149238,1.0069424
0.9482421875,1.0,1.0,1.0,1.0,1.0,1.0,1.0,1.0,1.0,1.0,1.0,1.0,1.0,0.7548726,0.7398451,0.82696086,-0.6,-0.6,-0.6,-0.6,-0.6,-0.6,-0.6,-0.6,-0.6,-0.6,-0.6,-0.6,-0.6,-0.23772302,-0.35718825,-0.08734891,1.0,1.0,1.0,1.0,1.0,1.0,1.0,1.0,1.0,1.0,1.0,1.0,1.0,0.8165003,0.5070971,0.99684024
0.9501953125,1.0,1.0,1.0,1.0,1.0,1.0,1.0,1.0,1.0,1.0,1.0,1.0,1.0,0.7436427,0.7260817,0.81397074,-0.6,-0.6,-0.6,-0.6,-0.6,-0.6,-0.6,-0.6,-0.6,-0.6,-0.6,-0.6,-0.6,-0.24048212,-0.35905454,-0.070830315,1.0,1.0,1.0,1.0,1.0,1.0,1.0,1.0,1.0,1.0,1.0,1.0,1.0,0.8058131,0.49901024,0.97681993
0.9521484375,1.0,1.0,1.0,1.0,1.0,1.0,1.0,1.0,1.0,1.0,1.0,1.0,1.0,0.73207796,0.71184975,0.7976121,-0.6,-0.6,-0.6,-0.6,-0.6,-0.6,-0.6,-0.6,-0.6,-0.6,-0.6,-0.6,-0.6,-0.24544582,-0.36246356,-0.055290103,1.0,1.0,1.0,1.0,1.0,1.0,1.0,1.0,1.0,1.0,1.0,1.0,1.0,0.79344547,0.4911375,0.94723755
0.9541015625,1.0,1.0,1.0,1.0,1.0,1.0,1.0,1.0,1.0,1.0,1.0,1.0,1.0,0.7204927,0.6976638,0.7787326,-0.6,-0.6,-0.6,-0.6,-0.6,-0.6,-0.6,-0.6,-0.6,-0.6,-0.6,-0.6,-0.6,-0.2525306,-0.36652055,-0.040837497,1.0,1.0,1.0,1.0,1.0,1.0,1.0,1.0,1.0,1.0,1.0,1.0,1.0,0.7796327,0.48388886,0.909546
0.9560546875,1.0,1.0,1.0,1.0,1.0,1.0,1.0,1.0,1.0,1.0,1.0,1.0,1.0,0.7091419,0.68399036,0.7582781,-0.6,-0.6,-0.6,-0.6,-0.6,-0.6,-0.6,-0.6,-0.6,-0.6,-0.6,-0.6,-0.6,-0.2615694,-0.3704351,-0.027605474,1.0,1.0,1.0,1.0,1.0,1.0,1.0,1.0,1.0,1.0,1.0,1.0,1.0,0.76464015,0.477584,0.8660422
0.9580078125,1.0,1.0,1.0,1.0,1.0,1.0,1.0,1.0,1.0,1.0,1.0,1.0,1.0,0.69821703,0.67122644,0.73713017,-0.6,-0.6,-0.6,-0.6,-0.6,-0.6,-0.6,-0.6,-0.6,-0.6,-0.6,-0.6,-0.6,-0.27230743,-0.3736712,-0.0157547,1.0,1.0,1.0,1.0,1.0,1.0,1.0,1.0,1.0,1.0,1.0,1.0,1.0,0.7487437,0.47244766,0.8194165
0.9599609375,1.0,1.0,1.0,1.0,1.0,1.0,1.0,1.0,1.0,1.0,1.0,1.0,1.0,0.68785053,0.65968025,0.7160159,-0.6,-0.6,-0.6,-0.6,-0.6,-0.6,-0.6,-0.6,-0.6,-0.6,-0.6,-0.6,-0.6,-0.28440294,-0.37599918,-0.005466521,1.0,1.0,1.0,1.0,1.0,1.0,1.0,1.0,1.0,1.0,1.0,1.0,1.0,0.73220617,0.46861067,0.77227676
0.9619140625,1.0,1.0,1.0,1.0,1.0,1.0,1.0,1.0,1.0,1.0,1.0,1.0,1.0,0.67812014,0.6495522,0.6954836,-0.6,-0.6,-0.6,-0.6,-0.6,-0.6,-0.6,-0.6,-0.6,-0.6,-0.6,-0.6,-0.6,-0.29743716,-0.3774462,0.0030688643,1.0,1.0,1.0,1.0,1.0,1.0,1.0,1.0,1.0,1.0,1.0,1.0,1.0,0.71525526,0.46611282,0.7267775
0.9638671875,1.0,1.0,1.0,1.0,1.0,1.0,1.0,1.0,1.0,1.0,1.0,1.0,1.0,0.66905075,0.6409233,0.67591035,-0.6,-0.6,-0.6,-0.6,-0.6,-0.6,-0.6,-0.6,-0.6,-0.6,-0.6,-0.6,-0.6,-0.31093076,-0.378199,0.00966996,1.0,1.0,1.0,1.0,1.0,1.0,1.0,1.0,1.0,1.0,1.0,1.0,1.0,0.6844162,0.4649042,0.69806826
0.9658203125,1.0,1.0,1.0,1.0,1.0,1.0,1.0,1.0,1.0,1.0,1.0,1.0,1.0,0.6575196,0.6337498,0.6606143,-0.6,-0.6,-0.6,-0.6,-0.6,-0.6,-0.6,-0.6,-0.6,-0.6,-0.6,-0.6,-0.6,-0.32436606,-0.37850395,0.014183134,1.0,1.0,1.0,1.0,1.0,1.0,1.0,1.0,1.0,1.0,1.0,1.0,1.0,0.64599913,0.4648492,0.6807683
0.9677734375,1.0,1.0,1.0,1.0,1.0,1.0,1.0,1.0,1.0,1.0,1.0,1.0,1.0,0.6404074,0.62787825,0.6527321,-0.6,-0.6,-0.6,-0.6,-0.6,-0.6,-0.6,-0.6,-0.6,-0.6,-0.6,-0.6,-0.6,-0.33720997,-0.37858757,0.016501993,1.0,1.0,1.0,1.0,1.0,1.0,1.0,1.0,1.0,1.0,1.0,1.0,1.0,0.6117529,0.46573982,0.6634369
0.9697265625,1.0,1.0,1.0,1.0,1.0,1.0,1.0,1.0,1.0,1.0,1.0,1.0,1.0,0.62457645,0.62307876,0.6452837,-0.6,-0.6,-0.6,-0.6,-0.6,-0.6,-0.6,-0.6,-0.6,-0.6,-0.6,-0.6,-0.6,-0.34893295,-0.37860695,0.016586632,1.0,1.0,1.0,1.0,1.0,1.0,1.0,1.0,1.0,1.0,1.0,1.0,1.0,0.58150756,0.46732405,0.64614093
0.9716796875,1.0,1.0,1.0,1.0,1.0,1.0,1.0,1.0,1.0,1.0,1.0,1.0,1.0,0.61909676,0.60997534,0.6381285,-0.6,-0.6,-0.6,-0.6,-0.6,-0.6,-0.6,-0.6,-0.6,-0.6,-0.6,-0.6,-0.6,-0.35901943,-0.3786228,0.01448375,1.0,1.0,1.0,1.0,1.0,1.0,1.0,1.0,1.0,1.0,1.0,1.0,1.0,0.55488765,0.46934983,0.62897205
0.9736328125,1.0,1.0,1.0,1.0,1.0,1.0,1.0,1.0,1.0,1.0,1.0,1.0,1.0,0.6157179,0.5965286,0.63113713,-0.6,-0.6,-0.6,-0.6,-0.6,-0.6,-0.6,-0.6,-0.6,-0.6,-0.6,-0.6,-0.6,-0.36697426,-0.378597,0.0103473365,1.0,1.0,1.0,1.0,1.0,1.0,1.0,1.0,1.0,1.0,1.0,1.0,1.0,0.5314603,0.47162223,0.6120857
0.9755859375,1.0,1.0,1.0,1.0,1.0,1.0,1.0,1.0,1.0,1.0,1.0,1.0,1.0,0.61283296,0.5841575,0.62422854,-0.6,-0.6,-0.6,-0.6,-0.6,-0.6,-0.6,-0.6,-0.6,-0.6,-0.6,-0.6,-0.6,-0.37231818,-0.37839904,0.0044559836,1.0,1.0,1.0,1.0,1.0,1.0,1.0,1.0,1.0,1.0,1.0,1.0,1.0,0.5108233,0.47406718,0.5957341
0.9775390625,1.0,1.0,1.0,1.0,1.0,1.0,1.0,1.0,1.0,1.0,1.0,1.0,1.0,0.6104986,0.5727927,0.6174075,-0.6,-0.6,-0.6,-0.6,-0.6,-0.6,-0.6,-0.6,-0.6,-0.6,-0.6,-0.6,-0.6,-0.37458077,-0.3778213,-0.0027726293,1.0,1.0,1.0,1.0,1.0,1.0,1.0,1.0,1.0,1.0,1.0,1.0,1.0,0.49264702,0.47679088,0.58028305
0.9794921875,1.0,1.0,1.0,1.0,1.0,1.0,1.0,1.0,1.0,1.0,1.0,1.0,1.0,0.60898495,0.56238633,0.61079484,-0.6,-0.6,-0.6,-0.6,-0.6,-0.6,-0.6,-0.6,-0.6,-0.6,-0.6,-0.6,-0.6,-0.37328938,-0.37659064,-0.0107785165,1.0,1.0,1.0,1.0,1.0,1.0,1.0,1.0,1.0,1.0,1.0,1.0,1.0,0.48012862,0.47668928,0.56620914
0.9814453125,1.0,1.0,1.0,1.0,1.0,1.0,1.0,1.0,1.0,1.0,1.0,1.0,1.0,0.6046452,0.5529363,0.60881,-0.6,-0.6,-0.6,-0.6,-0.6,-0.6,-0.6,-0.6,-0.6,-0.6,-0.6,-0.6,-0.6,-0.36795762,-0.37437508,-0.01887101,1.0,1.0,1.0,1.0,1.0,1.0,1.0,1.0,1.0,1.0,1.0,1.0,1.0,0.48467568,0.4628055,0.5540803
0.9833984375,1.0,1.0,1.0,1.0,1.0,1.0,1.0,1.0,1.0,1.0,1.0,1.0,1.0,0.5993559,0.5445151,0.61075556,-0.6,-0.6,-0.6,-0.6,-0.6,-0.6,-0.6,-0.6,-0.6,-0.6,-0.6,-0.6,-0.6,-0.35807225,-0.37078682,-0.026253432,1.0,1.0,1.0,1.0,1.0,1.0,1.0,1.0,1.0,1.0,1.0,1.0,1.0,0.4912957,0.45096108,0.5445268
0.9853515625,1.0,1.0,1.0,1.0,1.0,1.0,1.0,1.0,1.0,1.0,1.0,1.0,1.0,0.59546167,0.537301,0.6158627,-0.6,-0.6,-0.6,-0.6,-0.6,-0.6,-0.6,-0.6,-0.6,-0.6,-0.6,-0.6,-0.6,-0.3430868,-0.3653908,-0.032063484,1.0,1.0,1.0,1.0,1.0,1.0,1.0,1.0,1.0,1.0,1.0,1.0,1.0,0.50110245,0.44124523,0.5382101
0.9873046875,1.0,1.0,1.0,1.0,1.0,1.0,1.0,1.0,1.0,1.0,1.0,1.0,1.0,0.59362274,0.5315963,0.6253904,-0.6,-0.6,-0.6,-0.6,-0.6,-0.6,-0.6,-0.6,-0.6,-0.6,-0.6,-0.6,-0.6,-0.32243332,-0.35772148,-0.035421073,1.0,1.0,1.0,1.0,1.0,1.0,1.0,1.0,1.0,1.0,1.0,1.0,1.0,0.5154126,0.43387517,0.5357939
0.9892578125,1.0,1.0,1.0,1.0,1.0,1.0,1.0,1.0,1.0,1.0,1.0,1.0,1.0,0.59460014,0.52782136,0.64072376,-0.6,-0.6,-0.6,-0.6,-0.6,-0.6,-0.6,-0.6,-0.6,-0.6,-0.6,-0.6,-0.6,-0.29558286,-0.3473179,-0.03548637,1.0,1.0,1.0,1.0,1.0,1.0,1.0,1.0,1.0,1.0,1.0,1.0,1.0,0.5356616,0.42918125,0.5379187
0.9912109375,1.0,1.0,1.0,1.0,1.0,1.0,1.0,1.0,1.0,1.0,1.0,1.0,1.0,0.5992161,0.5264856,0.6632201,-0.6,-0.6,-0.6,-0.6,-0.6,-0.6,-0.6,-0.6,-0.6,-0.6,-0.6,-0.6,-0.6,-0.26218036,-0.33377126,-0.031527013,1.0,1.0,1.0,1.0,1.0,1.0,1.0,1.0,1.0,1.0,1.0,1.0,1.0,0.5451741,0.4275651,0.56326413
0.9931640625,1.0,1.0,1.0,1.0,1.0,1.0,1.0,1.0,1.0,1.0,1.0,1.0,1.0,0.6082899,0.5281351,0.6939959,-0.6,-0.6,-0.6,-0.6,-0.6,-0.6,-0.6,-0.6,-0.6,-0.6,-0.6,-0.6,-0.6,-0.22226867,-0.31678107,-0.022999763,1.0,1.0,1.0,1.0,1.0,1.0,1.0,1.0,1.0,1.0,1.0,1.0,1.0,0.55805856,0.4294325,0.5993964
0.9951171875,1.0,1.0,1.0,1.0,1.0,1.0,1.0,1.0,1.0,1.0,1.0,1.0,1.0,0.62253964,0.5332936,0.73364353,-0.6,-0.6,-0.6,-0.6,-0.6,-0.6,-0.6,-0.6,-0.6,-0.6,-0.6,-0.6,-0.6,-0.17656773,-0.2962108,-0.009645015,1.0,1.0,1.0,1.0,1.0,1.0,1.0,1.0,1.0,1.0,1.0,1.0,1.0,0.5769128,0.43511418,0.6446613
0.9970703125,1.0,1.0,1.0,1.0,1.0,1.0,1.0,1.0,1.0,1.0,1.0,1.0,1.0,0.6424436,0.5424069,0.78186387,-0.6,-0.6,-0.6,-0.6,-0.6,-0.6,-0.6,-0.6,-0.6,-0.6,-0.6,-0.6,-0.6,-0.12670448,-0.2721282,0.008416057,1.0,1.0,1.0,1.0,1.0,1.0,1.0,1.0,1.0,1.0,1.0,1.0,1.0,0.60181534,0.44478345,0.6986473
0.9990234375,1.0,1.0,1.0,1.0,1.0,1.0,1.0,1.0,1.0,1.0,1.0,1.0,1.0,0.66807413,0.5557999,0.83707136,-0.6,-0.6,-0.6,-0.6,-0.6,-0.6,-0.6,-0.6,-0.6,-0.6,-0.6,-0.6,-0.6,-0.07521683,-0.24481627,0.030610114,1.0,1.0,1.0,1.0,1.0,1.0,1.0,1.0,1.0,1.0,1.0,1.0,1.0,0.6324449,0.45840055,0.7595285
