x,exact_density,piecewise_density,fixed_mc_density,fine_hllc_density,dkan_fv_density,dkan_fv_min_density,dkan_fv_max_density,legacy_dkan_fv_density,legacy_dkan_fv_min_density,legacy_dkan_fv_max_density,dkan_tv2_density,dkan_tv2_min_density,dkan_tv2_max_density,fno_density,fno_min_density,fno_max_density,exact_velocity,piecewise_velocity,fixed_mc_velocity,fine_hllc_velocity,dkan_fv_velocity,dkan_fv_min_velocity,dkan_fv_max_velocity,legacy_dkan_fv_velocity,legacy_dkan_fv_min_velocity,legacy_dkan_fv_max_velocity,dkan_tv2_velocity,dkan_tv2_min_velocity,dkan_tv2_max_velocity,fno_velocity,fno_min_velocity,fno_max_velocity,exact_pressure,piecewise_pressure,fixed_mc_pressure,fine_hllc_pressure,dkan_fv_pressure,dkan_fv_min_pressure,dkan_fv_max_pressure,legacy_dkan_fv_pressure,legacy_dkan_fv_min_pressure,legacy_dkan_fv_max_pressure,dkan_tv2_pressure,dkan_tv2_min_pressure,dkan_tv2_max_pressure,fno_pressure,fno_min_pressure,fno_max_pressure
0.0009765625,1.061685,1.0616849999999998,1.0616849999999998,1.0616849999999998,1.0616849999999998,1.0616849999999998,1.0616849999999998,1.0616849999999998,1.0616849999999998,1.0616849999999998,1.0616849999999998,1.0616849999999998,1.0616849999999998,1.0572648,1.0346411,1.1874127,-0.112639,-0.11263900000000002,-0.11263900000000002,-0.11263900000000002,-0.11263900000000002,-0.11263900000000002,-0.11263900000000002,-0.11263900000000002,-0.11263900000000002,-0.11263900000000002,-0.11263900000000002,-0.11263900000000002,-0.11263900000000002,-0.11287519,-0.13739365,-0.08799091,1.2383,1.2382999999999997,1.2382999999999997,1.2382999999999997,1.2382999999999997,1.2382999999999997,1.2382999999999997,1.2382999999999997,1.2382999999999997,1.2382999999999997,1.2382999999999997,1.2382999999999997,1.2382999999999997,1.1458127,1.0195935,1.1868045
0.0029296875,1.061685,1.0616849999999998,1.0616849999999998,1.0616849999999998,1.0616849999999998,1.0616849999999998,1.0616849999999998,1.0616849999999998,1.0616849999999998,1.0616849999999998,1.0616849999999998,1.0616849999999998,1.0616849999999998,1.0581075,1.0490283,1.2031437,-0.112639,-0.11263900000000002,-0.11263900000000002,-0.11263900000000002,-0.11263900000000002,-0.11263900000000002,-0.11263900000000002,-0.11263900000000002,-0.11263900000000002,-0.11263900000000002,-0.11263900000000002,-0.11263900000000002,-0.11263900000000002,-0.11000636,-0.12461707,-0.081400454,1.2383,1.2382999999999997,1.2382999999999997,1.2382999999999997,1.2382999999999997,1.2382999999999997,1.2382999999999997,1.2382999999999997,1.2382999999999997,1.2382999999999997,1.2382999999999997,1.2382999999999997,1.2382999999999997,1.184501,1.0606797,1.1999527
0.0048828125,1.061685,1.0616849999999998,1.0616849999999998,1.0616849999999998,1.0616849999999998,1.0616849999999998,1.0616849999999998,1.0616849999999998,1.0616849999999998,1.0616849999999998,1.0616849999999998,1.0616849999999998,1.0616849999999998,1.0611256,1.0574679,1.214129,-0.112639,-0.11263900000000002,-0.11263900000000002,-0.11263900000000002,-0.11263900000000002,-0.11263900000000002,-0.11263900000000002,-0.11263900000000002,-0.11263900000000002,-0.11263900000000002,-0.11263900000000002,-0.11263900000000002,-0.11263900000000002,-0.10785061,-0.113414615,-0.07657352,1.2383,1.2382999999999997,1.2382999999999997,1.2382999999999997,1.2382999999999997,1.2382999999999997,1.2382999999999997,1.2382999999999997,1.2382999999999997,1.2382999999999997,1.2382999999999997,1.2382999999999997,1.2382999999999997,1.207381,1.0970982,1.2171881
0.0068359375,1.061685,1.0616849999999998,1.0616849999999998,1.0616849999999998,1.0616849999999998,1.0616849999999998,1.0616849999999998,1.0616849999999998,1.0616849999999998,1.0616849999999998,1.0616849999999998,1.0616849999999998,1.0616849999999998,1.0707611,1.0556339,1.220856,-0.112639,-0.11263900000000002,-0.11263900000000002,-0.11263900000000002,-0.11263900000000002,-0.11263900000000002,-0.11263900000000002,-0.11263900000000002,-0.11263900000000002,-0.11263900000000002,-0.11263900000000002,-0.11263900000000002,-0.11263900000000002,-0.10394192,-0.10634446,-0.07335636,1.2383,1.2382999999999997,1.2382999999999997,1.2382999999999997,1.2382999999999997,1.2382999999999997,1.2382999999999997,1.2382999999999997,1.2382999999999997,1.2382999999999997,1.2382999999999997,1.2382999999999997,1.2382999999999997,1.2095164,1.1282138,1.2441217
0.0087890625,1.061685,1.0616849999999998,1.0616849999999998,1.0616849999999998,1.0616849999999998,1.0616849999999998,1.0616849999999998,1.0616849999999998,1.0616849999999998,1.0616849999999998,1.0616849999999998,1.0616849999999998,1.0616849999999998,1.0779144,1.0529243,1.2239301,-0.112639,-0.11263900000000002,-0.11263900000000002,-0.11263900000000002,-0.11263900000000002,-0.11263900000000002,-0.11263900000000002,-0.11263900000000002,-0.11263900000000002,-0.11263900000000002,-0.11263900000000002,-0.11263900000000002,-0.11263900000000002,-0.09625727,-0.10537359,-0.071578234,1.2383,1.2382999999999997,1.2382999999999997,1.2382999999999997,1.2382999999999997,1.2382999999999997,1.2382999999999997,1.2382999999999997,1.2382999999999997,1.2382999999999997,1.2382999999999997,1.2382999999999997,1.2382999999999997,1.2070704,1.1537608,1.2657436
0.0107421875,1.061685,1.0616849999999998,1.0616849999999998,1.0616849999999998,1.0616849999999998,1.0616849999999998,1.0616849999999998,1.0616849999999998,1.0616849999999998,1.0616849999999998,1.0616849999999998,1.0616849999999998,1.0616849999999998,1.0827053,1.049662,1.22399,-0.112639,-0.11263900000000002,-0.11263900000000002,-0.11263900000000002,-0.11263900000000002,-0.11263900000000002,-0.11263900000000002,-0.11263900000000002,-0.11263900000000002,-0.11263900000000002,-0.11263900000000002,-0.11263900000000002,-0.11263900000000002,-0.09033087,-0.10480055,-0.07106951,1.2383,1.2382999999999997,1.2382999999999997,1.2382999999999997,1.2382999999999997,1.2382999999999997,1.2382999999999997,1.2382999999999997,1.2382999999999997,1.2382999999999997,1.2382999999999997,1.2382999999999997,1.2382999999999997,1.2009437,1.173817,1.2825805
0.0126953125,1.061685,1.0616849999999998,1.0616849999999998,1.0616849999999998,1.0616849999999998,1.0616849999999998,1.0616849999999998,1.0616849999999998,1.0616849999999998,1.0616849999999998,1.0616849999999998,1.0616849999999998,1.0616849999999998,1.0853701,1.0461525,1.2216452,-0.112639,-0.11263900000000002,-0.11263900000000002,-0.11263900000000002,-0.11263900000000002,-0.11263900000000002,-0.11263900000000002,-0.11263900000000002,-0.11263900000000002,-0.11263900000000002,-0.11263900000000002,-0.11263900000000002,-0.11263900000000002,-0.086057246,-0.104492396,-0.07166797,1.2383,1.2382999999999997,1.2382999999999997,1.2382999999999997,1.2382999999999997,1.2382999999999997,1.2382999999999997,1.2382999999999997,1.2382999999999997,1.2382999999999997,1.2382999999999997,1.2382999999999997,1.2382999999999997,1.1921272,1.1887486,1.2951627
0.0146484375,1.061685,1.0616849999999998,1.0616849999999998,1.0616849999999998,1.0616849999999998,1.0616849999999998,1.0616849999999998,1.0616849999999998,1.0616849999999998,1.0616849999999998,1.0616849999999998,1.0616849999999998,1.0616849999999998,1.0862286,1.0426742,1.217442,-0.112639,-0.11263900000000002,-0.11263900000000002,-0.11263900000000002,-0.11263900000000002,-0.11263900000000002,-0.11263900000000002,-0.11263900000000002,-0.11263900000000002,-0.11263900000000002,-0.11263900000000002,-0.11263900000000002,-0.11263900000000002,-0.08326942,-0.10434285,-0.07322177,1.2383,1.2382999999999997,1.2382999999999997,1.2382999999999997,1.2382999999999997,1.2382999999999997,1.2382999999999997,1.2382999999999997,1.2382999999999997,1.2382999999999997,1.2382999999999997,1.2382999999999997,1.2382999999999997,1.1991389,1.1816126,1.3039759
0.0166015625,1.061685,1.0616849999999998,1.0616849999999998,1.0616849999999998,1.0616849999999998,1.0616849999999998,1.0616849999999998,1.0616849999999998,1.0616849999999998,1.0616849999999998,1.0616849999999998,1.0616849999999998,1.0616849999999998,1.0856498,1.0394735,1.2118465,-0.112639,-0.11263900000000002,-0.11263900000000002,-0.11263900000000002,-0.11263900000000002,-0.11263900000000002,-0.11263900000000002,-0.11263900000000002,-0.11263900000000002,-0.11263900000000002,-0.11263900000000002,-0.11263900000000002,-0.11263900000000002,-0.08175969,-0.10428557,-0.075590104,1.2383,1.2382999999999997,1.2382999999999997,1.2382999999999997,1.2382999999999997,1.2382999999999997,1.2382999999999997,1.2382999999999997,1.2382999999999997,1.2382999999999997,1.2382999999999997,1.2382999999999997,1.2382999999999997,1.2057118,1.1703256,1.3094409
0.0185546875,1.061685,1.0616849999999998,1.0616849999999998,1.0616849999999998,1.0616849999999998,1.0616849999999998,1.0616849999999998,1.0616849999999998,1.0616849999999998,1.0616849999999998,1.0616849999999998,1.0616849999999998,1.0616849999999998,1.084015,1.0367626,1.2052453,-0.112639,-0.11263900000000002,-0.11263900000000002,-0.11263900000000002,-0.11263900000000002,-0.11263900000000002,-0.11263900000000002,-0.11263900000000002,-0.11263900000000002,-0.11263900000000002,-0.11263900000000002,-0.11263900000000002,-0.11263900000000002,-0.0813016,-0.104298085,-0.07864472,1.2383,1.2382999999999997,1.2382999999999997,1.2382999999999997,1.2382999999999997,1.2382999999999997,1.2382999999999997,1.2382999999999997,1.2382999999999997,1.2382999999999997,1.2382999999999997,1.2382999999999997,1.2382999999999997,1.2092581,1.1590772,1.3119191
0.0205078125,1.061685,1.0616849999999998,1.0616849999999998,1.0616849999999998,1.0616849999999998,1.0616849999999998,1.0616849999999998,1.0616849999999998,1.0616849999999998,1.0616849999999998,1.0616849999999998,1.0616849999999998,1.0616849999999998,1.0816872,1.0347137,1.1979598,-0.112639,-0.11263900000000002,-0.11263900000000002,-0.11263900000000002,-0.11263900000000002,-0.11263900000000002,-0.11263900000000002,-0.11263900000000002,-0.11263900000000002,-0.11263900000000002,-0.11263900000000002,-0.11263900000000002,-0.11263900000000002,-0.08227074,-0.10439664,-0.08167085,1.2383,1.2382999999999997,1.2382999999999997,1.2382999999999997,1.2382999999999997,1.2382999999999997,1.2382999999999997,1.2382999999999997,1.2382999999999997,1.2382999999999997,1.2382999999999997,1.2382999999999997,1.2382999999999997,1.2105633,1.1485301,1.3117347
0.0224609375,1.061685,1.0616849999999998,1.0616849999999998,1.0616849999999998,1.0616849999999998,1.0616849999999998,1.0616849999999998,1.0616849999999998,1.0616849999999998,1.0616849999999998,1.0616849999999998,1.0616849999999998,1.0616849999999998,1.0789851,1.0334533,1.1902659,-0.112639,-0.11263900000000002,-0.11263900000000002,-0.11263900000000002,-0.11263900000000002,-0.11263900000000002,-0.11263900000000002,-0.11263900000000002,-0.11263900000000002,-0.11263900000000002,-0.11263900000000002,-0.11263900000000002,-0.11263900000000002,-0.08636588,-0.10462543,-0.08266464,1.2383,1.2382999999999997,1.2382999999999997,1.2382999999999997,1.2382999999999997,1.2382999999999997,1.2382999999999997,1.2382999999999997,1.2382999999999997,1.2382999999999997,1.2382999999999997,1.2382999999999997,1.2382999999999997,1.2103521,1.1391834,1.3092077
0.0244140625,1.061685,1.0616849999999998,1.0616849999999998,1.0616849999999998,1.0616849999999998,1.0616849999999998,1.0616849999999998,1.0616849999999998,1.0616849999999998,1.0616849999999998,1.0616849999999998,1.0616849999999998,1.0616849999999998,1.0761651,1.0330528,1.1824144,-0.112639,-0.11263900000000002,-0.11263900000000002,-0.11263900000000002,-0.11263900000000002,-0.11263900000000002,-0.11263900000000002,-0.11263900000000002,-0.11263900000000002,-0.11263900000000002,-0.11263900000000002,-0.11263900000000002,-0.11263900000000002,-0.09083727,-0.10504311,-0.08411041,1.2383,1.2382999999999997,1.2382999999999997,1.2382999999999997,1.2382999999999997,1.2382999999999997,1.2382999999999997,1.2382999999999997,1.2382999999999997,1.2382999999999997,1.2382999999999997,1.2382999999999997,1.2382999999999997,1.2092469,1.1313677,1.304683
0.0263671875,1.061685,1.0616849999999998,1.0616849999999998,1.0616849999999998,1.0616849999999998,1.0616849999999998,1.0616849999999998,1.0616849999999998,1.0616849999999998,1.0616849999999998,1.0616849999999998,1.0616849999999998,1.0616849999999998,1.073413,1.033524,1.1746475,-0.112639,-0.11263900000000002,-0.11263900000000002,-0.11263900000000002,-0.11263900000000002,-0.11263900000000002,-0.11263900000000002,-0.11263900000000002,-0.11263900000000002,-0.11263900000000002,-0.11263900000000002,-0.11263900000000002,-0.11263900000000002,-0.095594615,-0.1057072,-0.08586705,1.2383,1.2382999999999997,1.2382999999999997,1.2382999999999997,1.2382999999999997,1.2382999999999997,1.2382999999999997,1.2382999999999997,1.2382999999999997,1.2382999999999997,1.2382999999999997,1.2382999999999997,1.2382999999999997,1.2077453,1.1252549,1.2985525
0.0283203125,1.061685,1.0616849999999998,1.0616849999999998,1.0616849999999998,1.0616849999999998,1.0616849999999998,1.0616849999999998,1.0616849999999998,1.0616849999999998,1.0616849999999998,1.0616849999999998,1.0616849999999998,1.0616849999999998,1.0708431,1.0348176,1.1672012,-0.112639,-0.11263900000000002,-0.11263900000000002,-0.11263900000000002,-0.11263900000000002,-0.11263900000000002,-0.11263900000000002,-0.11263900000000002,-0.11263900000000002,-0.11263900000000002,-0.11263900000000002,-0.11263900000000002,-0.11263900000000002,-0.100543916,-0.10665941,-0.08781654,1.2383,1.2382999999999997,1.2382999999999997,1.2382999999999997,1.2382999999999997,1.2382999999999997,1.2382999999999997,1.2382999999999997,1.2382999999999997,1.2382999999999997,1.2382999999999997,1.2382999999999997,1.2382999999999997,1.2062135,1.1208801,1.2912618
0.0302734375,1.061685,1.0616849999999998,1.0616849999999998,1.0616849999999998,1.0616849999999998,1.0616849999999998,1.0616849999999998,1.0616849999999998,1.0616849999999998,1.0616849999999998,1.0616849999999998,1.0616849999999998,1.0616849999999998,1.0685091,1.036831,1.1603009,-0.112639,-0.11263900000000002,-0.11263900000000002,-0.11263900000000002,-0.11263900000000002,-0.11263900000000002,-0.11263900000000002,-0.11263900000000002,-0.11263900000000002,-0.11263900000000002,-0.11263900000000002,-0.11263900000000002,-0.11263900000000002,-0.10558158,-0.107915014,-0.089853436,1.2383,1.2382999999999997,1.2382999999999997,1.2382999999999997,1.2382999999999997,1.2382999999999997,1.2382999999999997,1.2382999999999997,1.2382999999999997,1.2382999999999997,1.2382999999999997,1.2382999999999997,1.2382999999999997,1.2048981,1.1181664,1.2832983
0.0322265625,1.061685,1.0616849999999998,1.0616849999999998,1.0616849999999998,1.0616849999999998,1.0616849999999998,1.0616849999999998,1.0616849999999998,1.0616849999999998,1.0616849999999998,1.0616849999999998,1.0616849999999998,1.0616849999999998,1.0664197,1.0394179,1.1541438,-0.112639,-0.11263900000000002,-0.11263900000000002,-0.11263900000000002,-0.11263900000000002,-0.11263900000000002,-0.11263900000000002,-0.11263900000000002,-0.11263900000000002,-0.11263900000000002,-0.11263900000000002,-0.11263900000000002,-0.11263900000000002,-0.10945213,-0.11059329,-0.0918746,1.2383,1.2382999999999997,1.2382999999999997,1.2382999999999997,1.2382999999999997,1.2382999999999997,1.2382999999999997,1.2382999999999997,1.2382999999999997,1.2382999999999997,1.2382999999999997,1.2382999999999997,1.2382999999999997,1.2039402,1.1169517,1.2751628
0.0341796875,1.061685,1.0616849999999998,1.0616849999999998,1.0616849999999998,1.0616849999999998,1.0616849999999998,1.0616849999999998,1.0616849999999998,1.0616849999999998,1.0616849999999998,1.0616849999999998,1.0616849999999998,1.0616849999999998,1.064559,1.0424013,1.1488782,-0.112639,-0.11263900000000002,-0.11263900000000002,-0.11263900000000002,-0.11263900000000002,-0.11263900000000002,-0.11263900000000002,-0.11263900000000002,-0.11263900000000002,-0.11263900000000002,-0.11263900000000002,-0.11263900000000002,-0.11263900000000002,-0.11120951,-0.115459025,-0.09377512,1.2383,1.2382999999999997,1.2382999999999997,1.2382999999999997,1.2382999999999997,1.2382999999999997,1.2382999999999997,1.2382999999999997,1.2382999999999997,1.2382999999999997,1.2382999999999997,1.2382999999999997,1.2382999999999997,1.2033994,1.1170148,1.2673287
0.0361328125,1.061685,1.0616849999999998,1.0616849999999998,1.0616849999999998,1.0616849999999998,1.0616849999999998,1.0616849999999998,1.0616849999999998,1.0616849999999998,1.0616849999999998,1.0616849999999998,1.0616849999999998,1.0616849999999998,1.0629067,1.0455904,1.1445837,-0.112639,-0.11263900000000002,-0.11263900000000002,-0.11263900000000002,-0.11263900000000002,-0.11263900000000002,-0.11263900000000002,-0.11263900000000002,-0.11263900000000002,-0.11263900000000002,-0.11263900000000002,-0.11263900000000002,-0.11263900000000002,-0.113089025,-0.12006256,-0.09545004,1.2383,1.2382999999999997,1.2382999999999997,1.2382999999999997,1.2382999999999997,1.2382999999999997,1.2382999999999997,1.2382999999999997,1.2382999999999997,1.2382999999999997,1.2382999999999997,1.2382999999999997,1.2382999999999997,1.2032765,1.1180942,1.26019
0.0380859375,1.061685,1.0616849999999998,1.0616849999999998,1.0616849999999998,1.0616849999999998,1.0616849999999998,1.0616849999999998,1.0616849999999998,1.0616849999999998,1.0616849999999998,1.0616849999999998,1.0616849999999998,1.0616849999999998,1.0614523,1.048795,1.1412575,-0.112639,-0.11263900000000002,-0.11263900000000002,-0.11263900000000002,-0.11263900000000002,-0.11263900000000002,-0.11263900000000002,-0.11263900000000002,-0.11263900000000002,-0.11263900000000002,-0.11263900000000002,-0.11263900000000002,-0.11263900000000002,-0.11496481,-0.124302596,-0.096803844,1.2383,1.2382999999999997,1.2382999999999997,1.2382999999999997,1.2382999999999997,1.2382999999999997,1.2382999999999997,1.2382999999999997,1.2382999999999997,1.2382999999999997,1.2382999999999997,1.2382999999999997,1.2382999999999997,1.203528,1.1199087,1.2540237
0.0400390625,1.061685,1.0616849999999998,1.0616849999999998,1.0616849999999998,1.0616849999999998,1.0616849999999998,1.0616849999999998,1.0616849999999998,1.0616849999999998,1.0616849999999998,1.0616849999999998,1.0616849999999998,1.0616849999999998,1.0601985,1.0518435,1.1388162,-0.112639,-0.11263900000000002,-0.11263900000000002,-0.11263900000000002,-0.11263900000000002,-0.11263900000000002,-0.11263900000000002,-0.11263900000000002,-0.11263900000000002,-0.11263900000000002,-0.11263900000000002,-0.11263900000000002,-0.11263900000000002,-0.11670038,-0.1281015,-0.0977602,1.2383,1.2382999999999997,1.2382999999999997,1.2382999999999997,1.2382999999999997,1.2382999999999997,1.2382999999999997,1.2382999999999997,1.2382999999999997,1.2382999999999997,1.2382999999999997,1.2382999999999997,1.2382999999999997,1.2040817,1.1221752,1.248967
0.0419921875,1.061685,1.0616849999999998,1.0616849999999998,1.0616849999999998,1.0616849999999998,1.0616849999999998,1.0616849999999998,1.0616849999999998,1.0616849999999998,1.0616849999999998,1.0616849999999998,1.0616849999999998,1.0616849999999998,1.0591574,1.0545961,1.1371081,-0.112639,-0.11263900000000002,-0.11263900000000002,-0.11263900000000002,-0.11263900000000002,-0.11263900000000002,-0.11263900000000002,-0.11263900000000002,-0.11263900000000002,-0.11263900000000002,-0.11263900000000002,-0.11263900000000002,-0.11263900000000002,-0.118168324,-0.13141018,-0.09827435,1.2383,1.2382999999999997,1.2382999999999997,1.2382999999999997,1.2382999999999997,1.2382999999999997,1.2382999999999997,1.2382999999999997,1.2382999999999997,1.2382999999999997,1.2382999999999997,1.2382999999999997,1.2382999999999997,1.2048429,1.1246254,1.2450173
0.0439453125,1.061685,1.0616849999999998,1.0616849999999998,1.0616849999999998,1.0616849999999998,1.0616849999999998,1.0616849999999998,1.0616849999999998,1.0616849999999998,1.0616849999999998,1.0616849999999998,1.0616849999999998,1.0616849999999998,1.0583384,1.0569578,1.1359375,-0.112639,-0.11263900000000002,-0.11263900000000002,-0.11263900000000002,-0.11263900000000002,-0.11263900000000002,-0.11263900000000002,-0.11263900000000002,-0.11263900000000002,-0.11263900000000002,-0.11263900000000002,-0.11263900000000002,-0.11263900000000002,-0.11926943,-0.13420561,-0.098340034,1.2383,1.2382999999999997,1.2382999999999997,1.2382999999999997,1.2382999999999997,1.2382999999999997,1.2382999999999997,1.2382999999999997,1.2382999999999997,1.2382999999999997,1.2382999999999997,1.2382999999999997,1.2382999999999997,1.2057031,1.1270269,1.2420574
0.0458984375,1.061685,1.0616849999999998,1.0616849999999998,1.0616849999999998,1.0616849999999998,1.0616849999999998,1.0616849999999998,1.0616849999999998,1.0616849999999998,1.0616849999999998,1.0616849999999998,1.0616849999999998,1.0616849999999998,1.0588852,1.0577339,1.1350945,-0.112639,-0.11263900000000002,-0.11263900000000002,-0.11263900000000002,-0.11263900000000002,-0.11263900000000002,-0.11263900000000002,-0.11263900000000002,-0.11263900000000002,-0.11263900000000002,-0.11263900000000002,-0.11263900000000002,-0.11263900000000002,-0.11994797,-0.13648641,-0.097991586,1.2383,1.2382999999999997,1.2382999999999997,1.2382999999999997,1.2382999999999997,1.2382999999999997,1.2382999999999997,1.2382999999999997,1.2382999999999997,1.2382999999999997,1.2382999999999997,1.2382999999999997,1.2382999999999997,1.2065468,1.1291976,1.2398952
0.0478515625,1.061685,1.0616849999999998,1.0616849999999998,1.0616849999999998,1.0616849999999998,1.0616849999999998,1.0616849999999998,1.0616849999999998,1.0616849999999998,1.0616849999999998,1.0616849999999998,1.0616849999999998,1.0616849999999998,1.0603867,1.0573072,1.1343812,-0.112639,-0.11263900000000002,-0.11263900000000002,-0.11263900000000002,-0.11263900000000002,-0.11263900000000002,-0.11263900000000002,-0.11263900000000002,-0.11263900000000002,-0.11263900000000002,-0.11263900000000002,-0.11263900000000002,-0.11263900000000002,-0.120197535,-0.1382657,-0.09730145,1.2383,1.2382999999999997,1.2382999999999997,1.2382999999999997,1.2382999999999997,1.2382999999999997,1.2382999999999997,1.2382999999999997,1.2382999999999997,1.2382999999999997,1.2382999999999997,1.2382999999999997,1.2382999999999997,1.2072614,1.1310171,1.2383074
0.0498046875,1.061685,1.0616849999999998,1.0616849999999998,1.0616849999999998,1.0616849999999998,1.0616849999999998,1.0616849999999998,1.0616849999999998,1.0616849999999998,1.0616849999999998,1.0616849999999998,1.0616849999999998,1.0616849999999998,1.0615181,1.056989,1.1336309,-0.112639,-0.11263900000000002,-0.11263900000000002,-0.11263900000000002,-0.11263900000000002,-0.11263900000000002,-0.11263900000000002,-0.11263900000000002,-0.11263900000000002,-0.11263900000000002,-0.11263900000000002,-0.11263900000000002,-0.11263900000000002,-0.1200594,-0.13956475,-0.096372515,1.2383,1.2382999999999997,1.2382999999999997,1.2382999999999997,1.2382999999999997,1.2382999999999997,1.2382999999999997,1.2382999999999997,1.2382999999999997,1.2382999999999997,1.2382999999999997,1.2382999999999997,1.2382999999999997,1.2077465,1.1324315,1.2370784
0.0517578125,1.061685,1.0616849999999998,1.0616849999999998,1.0616849999999998,1.0616849999999998,1.0616849999999998,1.0616849999999998,1.0616849999999998,1.0616849999999998,1.0616849999999998,1.0616849999999998,1.0616849999999998,1.0616849999999998,1.0623715,1.0566778,1.1327199,-0.112639,-0.11263900000000002,-0.11263900000000002,-0.11263900000000002,-0.11263900000000002,-0.11263900000000002,-0.11263900000000002,-0.11263900000000002,-0.11263900000000002,-0.11263900000000002,-0.11263900000000002,-0.11263900000000002,-0.11263900000000002,-0.1196112,-0.14041033,-0.09532535,1.2383,1.2382999999999997,1.2382999999999997,1.2382999999999997,1.2382999999999997,1.2382999999999997,1.2382999999999997,1.2382999999999997,1.2382999999999997,1.2382999999999997,1.2382999999999997,1.2382999999999997,1.2382999999999997,1.207925,1.1334496,1.2360278
0.0537109375,1.061685,1.0616849999999998,1.0616849999999998,1.0616849999999998,1.0616849999999998,1.0616849999999998,1.0616849999999998,1.0616849999999998,1.0616849999999998,1.0616849999999998,1.0616849999999998,1.0616849999999998,1.0616849999999998,1.0630603,1.0562508,1.1315669,-0.112639,-0.11263900000000002,-0.11263900000000002,-0.11263900000000002,-0.11263900000000002,-0.11263900000000002,-0.11263900000000002,-0.11263900000000002,-0.11263900000000002,-0.11263900000000002,-0.11263900000000002,-0.11263900000000002,-0.11263900000000002,-0.118950844,-0.14083254,-0.0942879,1.2383,1.2382999999999997,1.2382999999999997,1.2382999999999997,1.2382999999999997,1.2382999999999997,1.2382999999999997,1.2382999999999997,1.2382999999999997,1.2382999999999997,1.2382999999999997,1.2382999999999997,1.2382999999999997,1.2077502,1.134131,1.2350205
0.0556640625,1.061685,1.0616849999999998,1.0616849999999998,1.0616849999999998,1.0616849999999998,1.0616849999999998,1.0616849999999998,1.0616849999999998,1.0616849999999998,1.0616849999999998,1.0616849999999998,1.0616849999999998,1.0616849999999998,1.0637038,1.0555799,1.1301312,-0.112639,-0.11263900000000002,-0.11263900000000002,-0.11263900000000002,-0.11263900000000002,-0.11263900000000002,-0.11263900000000002,-0.11263900000000002,-0.11263900000000002,-0.11263900000000002,-0.11263900000000002,-0.11263900000000002,-0.11263900000000002,-0.118181825,-0.1408656,-0.09338248,1.2383,1.2382999999999997,1.2382999999999997,1.2382999999999997,1.2382999999999997,1.2382999999999997,1.2382999999999997,1.2382999999999997,1.2382999999999997,1.2382999999999997,1.2382999999999997,1.2382999999999997,1.2382999999999997,1.2072129,1.1345721,1.2339691
0.0576171875,1.061685,1.0616849999999998,1.0616849999999998,1.0616849999999998,1.0616849999999998,1.0616849999999998,1.0616849999999998,1.0616849999999998,1.0616849999999998,1.0616849999999998,1.0616849999999998,1.0616849999999998,1.0616849999999998,1.0644097,1.054549,1.1284059,-0.112639,-0.11263900000000002,-0.11263900000000002,-0.11263900000000002,-0.11263900000000002,-0.11263900000000002,-0.11263900000000002,-0.11263900000000002,-0.11263900000000002,-0.11263900000000002,-0.11263900000000002,-0.11263900000000002,-0.11263900000000002,-0.11739835,-0.14054954,-0.09271696,1.2383,1.2382999999999997,1.2382999999999997,1.2382999999999997,1.2382999999999997,1.2382999999999997,1.2382999999999997,1.2382999999999997,1.2382999999999997,1.2382999999999997,1.2382999999999997,1.2382999999999997,1.2382999999999997,1.2063451,1.1348878,1.2328254
0.0595703125,1.061685,1.0616849999999998,1.0616849999999998,1.0616849999999998,1.0616849999999998,1.0616849999999998,1.0616849999999998,1.0616849999999998,1.0616849999999998,1.0616849999999998,1.0616849999999998,1.0616849999999998,1.0616849999999998,1.0652643,1.0530716,1.1264129,-0.112639,-0.11263900000000002,-0.11263900000000002,-0.11263900000000002,-0.11263900000000002,-0.11263900000000002,-0.11263900000000002,-0.11263900000000002,-0.11263900000000002,-0.11263900000000002,-0.11263900000000002,-0.11263900000000002,-0.11263900000000002,-0.11667913,-0.13993064,-0.09237754,1.2383,1.2382999999999997,1.2382999999999997,1.2382999999999997,1.2382999999999997,1.2382999999999997,1.2382999999999997,1.2382999999999997,1.2382999999999997,1.2382999999999997,1.2382999999999997,1.2382999999999997,1.2382999999999997,1.2052194,1.1351953,1.2315722
0.0615234375,1.061685,1.0616849999999998,1.0616849999999998,1.0616849999999998,1.0616849999999998,1.0616849999999998,1.0616849999999998,1.0616849999999998,1.0616849999999998,1.0616849999999998,1.0616849999999998,1.0616849999999998,1.0616849999999998,1.0663207,1.0511036,1.1241984,-0.112639,-0.11263900000000002,-0.11263900000000002,-0.11263900000000002,-0.11263900000000002,-0.11263900000000002,-0.11263900000000002,-0.11263900000000002,-0.11263900000000002,-0.11263900000000002,-0.11263900000000002,-0.11263900000000002,-0.11263900000000002,-0.11608526,-0.1390633,-0.09242433,1.2383,1.2382999999999997,1.2382999999999997,1.2382999999999997,1.2382999999999997,1.2382999999999997,1.2382999999999997,1.2382999999999997,1.2382999999999997,1.2382999999999997,1.2382999999999997,1.2382999999999997,1.2382999999999997,1.2039449,1.1356031,1.2302147
0.0634765625,1.061685,1.0616849999999998,1.0616849999999998,1.0616849999999998,1.0616849999999998,1.0616849999999998,1.0616849999999998,1.0616849999999998,1.0616849999999998,1.0616849999999998,1.0616849999999998,1.0616849999999998,1.0616849999999998,1.0675957,1.0486484,1.1218326,-0.112639,-0.11263900000000002,-0.11263900000000002,-0.11263900000000002,-0.11263900000000002,-0.11263900000000002,-0.11263900000000002,-0.11263900000000002,-0.11263900000000002,-0.11263900000000002,-0.11263900000000002,-0.11263900000000002,-0.11263900000000002,-0.11566314,-0.13800856,-0.092890024,1.2383,1.2382999999999997,1.2382999999999997,1.2382999999999997,1.2382999999999997,1.2382999999999997,1.2382999999999997,1.2382999999999997,1.2382999999999997,1.2382999999999997,1.2382999999999997,1.2382999999999997,1.2382999999999997,1.2026588,1.1362028,1.228778
0.0654296875,1.061685,1.0616849999999998,1.0616849999999998,1.0616849999999998,1.0616849999999998,1.0616849999999998,1.0616849999999998,1.0616849999999998,1.0616849999999998,1.0616849999999998,1.0616849999999998,1.0616849999999998,1.0616849999999998,1.0690719,1.0457511,1.1194086,-0.112639,-0.11263900000000002,-0.11263900000000002,-0.11263900000000002,-0.11263900000000002,-0.11263900000000002,-0.11263900000000002,-0.11263900000000002,-0.11263900000000002,-0.11263900000000002,-0.11263900000000002,-0.11263900000000002,-0.11263900000000002,-0.115448475,-0.13683268,-0.09378016,1.2383,1.2382999999999997,1.2382999999999997,1.2382999999999997,1.2382999999999997,1.2382999999999997,1.2382999999999997,1.2382999999999997,1.2382999999999997,1.2382999999999997,1.2382999999999997,1.2382999999999997,1.2382999999999997,1.2015119,1.1370672,1.2273043
0.0673828125,1.061685,1.0616849999999998,1.0616849999999998,1.0616849999999998,1.0616849999999998,1.0616849999999998,1.0616849999999998,1.0616849999999998,1.0616849999999998,1.0616849999999998,1.0616849999999998,1.0616849999999998,1.0616849999999998,1.0707023,1.0424905,1.1170381,-0.112639,-0.11263900000000002,-0.11263900000000002,-0.11263900000000002,-0.11263900000000002,-0.11263900000000002,-0.11263900000000002,-0.11263900000000002,-0.11263900000000002,-0.11263900000000002,-0.11263900000000002,-0.11263900000000002,-0.11263900000000002,-0.1154685,-0.1356028,-0.09507576,1.2383,1.2382999999999997,1.2382999999999997,1.2382999999999997,1.2382999999999997,1.2382999999999997,1.2382999999999997,1.2382999999999997,1.2382999999999997,1.2382999999999997,1.2382999999999997,1.2382999999999997,1.2382999999999997,1.200654,1.1382523,1.2258552
0.0693359375,1.061685,1.0616849999999998,1.0616849999999998,1.0616849999999998,1.0616849999999998,1.0616849999999998,1.0616849999999998,1.0616849999999998,1.0616849999999998,1.0616849999999998,1.0616849999999998,1.0616849999999998,1.0616849999999998,1.0724213,1.0389651,1.1148463,-0.112639,-0.11263900000000002,-0.11263900000000002,-0.11263900000000002,-0.11263900000000002,-0.11263900000000002,-0.11263900000000002,-0.11263900000000002,-0.11263900000000002,-0.11263900000000002,-0.11263900000000002,-0.11263900000000002,-0.11263900000000002,-0.115742505,-0.13438219,-0.09673536,1.2383,1.2382999999999997,1.2382999999999997,1.2382999999999997,1.2382999999999997,1.2382999999999997,1.2382999999999997,1.2382999999999997,1.2382999999999997,1.2382999999999997,1.2382999999999997,1.2382999999999997,1.2382999999999997,1.2002189,1.1398002,1.2245096
0.0712890625,1.061685,1.0616849999999998,1.0616849999999998,1.0616849999999998,1.0616849999999998,1.0616849999999998,1.0616849999999998,1.0616849999999998,1.0616849999999998,1.0616849999999998,1.0616849999999998,1.0616849999999998,1.0616849999999998,1.0741554,1.0352883,1.1129602,-0.112639,-0.11263900000000002,-0.11263900000000002,-0.11263900000000002,-0.11263900000000002,-0.11263900000000002,-0.11263900000000002,-0.11263900000000002,-0.11263900000000002,-0.11263900000000002,-0.11263900000000002,-0.11263900000000002,-0.11263900000000002,-0.116279334,-0.13322195,-0.098700196,1.2383,1.2382999999999997,1.2382999999999997,1.2382999999999997,1.2382999999999997,1.2382999999999997,1.2382999999999997,1.2382999999999997,1.2382999999999997,1.2382999999999997,1.2382999999999997,1.2382999999999997,1.2382999999999997,1.2003152,1.1417408,1.2233583
0.0732421875,1.061685,1.0616849999999998,1.0616849999999998,1.0616849999999998,1.0616849999999998,1.0616849999999998,1.0616849999999998,1.0616849999999998,1.0616849999999998,1.0616849999999998,1.0616849999999998,1.0616849999999998,1.0616849999999998,1.075835,1.0315857,1.111496,-0.112639,-0.11263900000000002,-0.11263900000000002,-0.11263900000000002,-0.11263900000000002,-0.11263900000000002,-0.11263900000000002,-0.11263900000000002,-0.11263900000000002,-0.11263900000000002,-0.11263900000000002,-0.11263900000000002,-0.11263900000000002,-0.11707455,-0.13215679,-0.10089815,1.2383,1.2382999999999997,1.2382999999999997,1.2382999999999997,1.2382999999999997,1.2382999999999997,1.2382999999999997,1.2382999999999997,1.2382999999999997,1.2382999999999997,1.2382999999999997,1.2382999999999997,1.2382999999999997,1.2010243,1.1440921,1.2224967
0.0751953125,1.061685,1.0616849999999998,1.0616849999999998,1.0616849999999998,1.0616849999999998,1.0616849999999998,1.0616849999999998,1.0616849999999998,1.0616849999999998,1.0616849999999998,1.0616849999999998,1.0616849999999998,1.0616849999999998,1.0774002,1.0279964,1.1105443,-0.112639,-0.11263900000000002,-0.11263900000000002,-0.11263900000000002,-0.11263900000000002,-0.11263900000000002,-0.11263900000000002,-0.11263900000000002,-0.11263900000000002,-0.11263900000000002,-0.11263900000000002,-0.11263900000000002,-0.11263900000000002,-0.11810699,-0.13119999,-0.10324803,1.2383,1.2382999999999997,1.2382999999999997,1.2382999999999997,1.2382999999999997,1.2382999999999997,1.2382999999999997,1.2382999999999997,1.2382999999999997,1.2382999999999997,1.2382999999999997,1.2382999999999997,1.2382999999999997,1.2023995,1.1468543,1.2220101
0.0771484375,1.061685,1.0616849999999998,1.0616849999999998,1.0616849999999998,1.0616849999999998,1.0616849999999998,1.0616849999999998,1.0616849999999998,1.0616849999999998,1.0616849999999998,1.0616849999999998,1.0616849999999998,1.0616849999999998,1.0788083,1.0246725,1.1101571,-0.112639,-0.11263900000000002,-0.11263900000000002,-0.11263900000000002,-0.11263900000000002,-0.11263900000000002,-0.11263900000000002,-0.11263900000000002,-0.11263900000000002,-0.11263900000000002,-0.11263900000000002,-0.11263900000000002,-0.11263900000000002,-0.11933574,-0.1303438,-0.105665326,1.2383,1.2382999999999997,1.2382999999999997,1.2382999999999997,1.2382999999999997,1.2382999999999997,1.2382999999999997,1.2382999999999997,1.2382999999999997,1.2382999999999997,1.2382999999999997,1.2382999999999997,1.2382999999999997,1.2044654,1.1500031,1.2219594
0.0791015625,1.061685,1.0616849999999998,1.0616849999999998,1.0616849999999998,1.0616849999999998,1.0616849999999998,1.0616849999999998,1.0616849999999998,1.0616849999999998,1.0616849999999998,1.0616849999999998,1.0616849999999998,1.0616849999999998,1.0800318,1.0217718,1.1103383,-0.112639,-0.11263900000000002,-0.11263900000000002,-0.11263900000000002,-0.11263900000000002,-0.11263900000000002,-0.11263900000000002,-0.11263900000000002,-0.11263900000000002,-0.11263900000000002,-0.11263900000000002,-0.11263900000000002,-0.11263900000000002,-0.12070161,-0.12956107,-0.10806641,1.2383,1.2382999999999997,1.2382999999999997,1.2382999999999997,1.2382999999999997,1.2382999999999997,1.2382999999999997,1.2382999999999997,1.2382999999999997,1.2382999999999997,1.2382999999999997,1.2382999999999997,1.2382999999999997,1.207216,1.1534798,1.2223635
0.0810546875,1.061685,1.0616849999999998,1.0616849999999998,1.0616849999999998,1.0616849999999998,1.0616849999999998,1.0616849999999998,1.0616849999999998,1.0616849999999998,1.0616849999999998,1.0616849999999998,1.0616849999999998,1.0616849999999998,1.0810561,1.0194465,1.1110414,-0.112639,-0.11263900000000002,-0.11263900000000002,-0.11263900000000002,-0.11263900000000002,-0.11263900000000002,-0.11263900000000002,-0.11263900000000002,-0.11263900000000002,-0.11263900000000002,-0.11263900000000002,-0.11263900000000002,-0.11263900000000002,-0.12212789,-0.12881058,-0.11037302,1.2383,1.2382999999999997,1.2382999999999997,1.2382999999999997,1.2382999999999997,1.2382999999999997,1.2382999999999997,1.2382999999999997,1.2382999999999997,1.2382999999999997,1.2382999999999997,1.2382999999999997,1.2382999999999997,1.210606,1.1571846,1.2231895
0.0830078125,1.061685,1.0616849999999998,1.0616849999999998,1.0616849999999998,1.0616849999999998,1.0616849999999998,1.0616849999999998,1.0616849999999998,1.0616849999999998,1.0616849999999998,1.0616849999999998,1.0616849999999998,1.0616849999999998,1.0818766,1.0178281,1.112175,-0.112639,-0.11263900000000002,-0.11263900000000002,-0.11263900000000002,-0.11263900000000002,-0.11263900000000002,-0.11263900000000002,-0.11263900000000002,-0.11263900000000002,-0.11263900000000002,-0.11263900000000002,-0.11263900000000002,-0.11263900000000002,-0.12352866,-0.1280424,-0.11251733,1.2383,1.2382999999999997,1.2382999999999997,1.2382999999999997,1.2382999999999997,1.2382999999999997,1.2382999999999997,1.2382999999999997,1.2382999999999997,1.2382999999999997,1.2382999999999997,1.2382999999999997,1.2382999999999997,1.2145474,1.1609747,1.2243518
0.0849609375,1.061685,1.0616849999999998,1.0616849999999998,1.0616849999999998,1.0616849999999998,1.0616849999999998,1.0616849999999998,1.0616849999999998,1.0616849999999998,1.0616849999999998,1.0616849999999998,1.0616849999999998,1.0616849999999998,1.0824949,1.0170147,1.1136129,-0.112639,-0.11263900000000002,-0.11263900000000002,-0.11263900000000002,-0.11263900000000002,-0.11263900000000002,-0.11263900000000002,-0.11263900000000002,-0.11263900000000002,-0.11263900000000002,-0.11263900000000002,-0.11263900000000002,-0.11263900000000002,-0.12481657,-0.12720293,-0.114444554,1.2383,1.2382999999999997,1.2382999999999997,1.2382999999999997,1.2382999999999997,1.2382999999999997,1.2382999999999997,1.2382999999999997,1.2382999999999997,1.2382999999999997,1.2382999999999997,1.2382999999999997,1.2382999999999997,1.2189101,1.1646689,1.2257179
0.0869140625,1.061685,1.0616849999999998,1.0616849999999998,1.0616849999999998,1.0616849999999998,1.0616849999999998,1.0616849999999998,1.0616849999999998,1.0616849999999998,1.0616849999999998,1.0616849999999998,1.0616849999999998,1.0616849999999998,1.0829165,1.017062,1.11521,-0.112639,-0.11263900000000002,-0.11263900000000002,-0.11263900000000002,-0.11263900000000002,-0.11263900000000002,-0.11263900000000002,-0.11263900000000002,-0.11263900000000002,-0.11263900000000002,-0.11263900000000002,-0.11263900000000002,-0.11263900000000002,-0.12591374,-0.12624043,-0.11611575,1.2383,1.2382999999999997,1.2382999999999997,1.2382999999999997,1.2382999999999997,1.2382999999999997,1.2382999999999997,1.2382999999999997,1.2382999999999997,1.2382999999999997,1.2382999999999997,1.2382999999999997,1.2382999999999997,1.2235262,1.1680603,1.2271237
0.0888671875,1.061685,1.0616849999999998,1.0616849999999998,1.0616849999999998,1.0616849999999998,1.0616849999999998,1.0616849999999998,1.0616849999999998,1.0616849999999998,1.0616849999999998,1.0616849999999998,1.0616849999999998,1.0616849999999998,1.0831519,1.0179769,1.1168177,-0.112639,-0.11263900000000002,-0.11263900000000002,-0.11263900000000002,-0.11263900000000002,-0.11263900000000002,-0.11263900000000002,-0.11263900000000002,-0.11263900000000002,-0.11263900000000002,-0.11263900000000002,-0.11263900000000002,-0.11263900000000002,-0.12510735,-0.12676033,-0.11750877,1.2383,1.2382999999999997,1.2382999999999997,1.2382999999999997,1.2382999999999997,1.2382999999999997,1.2382999999999997,1.2382999999999997,1.2382999999999997,1.2382999999999997,1.2382999999999997,1.2382999999999997,1.2382999999999997,1.2282037,1.1709377,1.2283984
0.0908203125,1.061685,1.0616849999999998,1.0616849999999998,1.0616849999999998,1.0616849999999998,1.0616849999999998,1.0616849999999998,1.0616849999999998,1.0616849999999998,1.0616849999999998,1.0616849999999998,1.0616849999999998,1.0616849999999998,1.0832171,1.0197204,1.1182982,-0.112639,-0.11263900000000002,-0.11263900000000002,-0.11263900000000002,-0.11263900000000002,-0.11263900000000002,-0.11263900000000002,-0.11263900000000002,-0.11263900000000002,-0.11263900000000002,-0.11263900000000002,-0.11263900000000002,-0.11263900000000002,-0.12376323,-0.12732115,-0.11861795,1.2383,1.2382999999999997,1.2382999999999997,1.2382999999999997,1.2382999999999997,1.2382999999999997,1.2382999999999997,1.2382999999999997,1.2382999999999997,1.2382999999999997,1.2382999999999997,1.2382999999999997,1.2382999999999997,1.229386,1.1731045,1.2327437
0.0927734375,1.061685,1.0616849999999998,1.0616849999999998,1.0616849999999998,1.0616849999999998,1.0616849999999998,1.0616849999999998,1.0616849999999998,1.0616849999999998,1.0616849999999998,1.0616849999999998,1.0616849999999998,1.0616849999999998,1.0831348,1.0222099,1.1195346,-0.112639,-0.11263900000000002,-0.11263900000000002,-0.11263900000000002,-0.11263900000000002,-0.11263900000000002,-0.11263900000000002,-0.11263900000000002,-0.11263900000000002,-0.11263900000000002,-0.11263900000000002,-0.11263900000000002,-0.11263900000000002,-0.12217754,-0.12758687,-0.1194514,1.2383,1.2382999999999997,1.2382999999999997,1.2382999999999997,1.2382999999999997,1.2382999999999997,1.2382999999999997,1.2382999999999997,1.2382999999999997,1.2382999999999997,1.2382999999999997,1.2382999999999997,1.2382999999999997,1.2299682,1.174407,1.2369598
0.0947265625,1.061685,1.0616849999999998,1.0616849999999998,1.0616849999999998,1.0616849999999998,1.0616849999999998,1.0616849999999998,1.0616849999999998,1.0616849999999998,1.0616849999999998,1.0616849999999998,1.0616849999999998,1.0616849999999998,1.0829333,1.0253291,1.1204362,-0.112639,-0.11263900000000002,-0.11263900000000002,-0.11263900000000002,-0.11263900000000002,-0.11263900000000002,-0.11263900000000002,-0.11263900000000002,-0.11263900000000002,-0.11263900000000002,-0.11263900000000002,-0.11263900000000002,-0.11263900000000002,-0.12033087,-0.12757275,-0.12003034,1.2383,1.2382999999999997,1.2382999999999997,1.2382999999999997,1.2382999999999997,1.2382999999999997,1.2382999999999997,1.2382999999999997,1.2382999999999997,1.2382999999999997,1.2382999999999997,1.2382999999999997,1.2382999999999997,1.2300786,1.1747503,1.2406954
0.0966796875,1.061685,1.0616849999999998,1.0616849999999998,1.0616849999999998,1.0616849999999998,1.0616849999999998,1.0616849999999998,1.0616849999999998,1.0616849999999998,1.0616849999999998,1.0616849999999998,1.0616849999999998,1.0616849999999998,1.0826473,1.02894,1.1209387,-0.112639,-0.11263900000000002,-0.11263900000000002,-0.11263900000000002,-0.11263900000000002,-0.11263900000000002,-0.11263900000000002,-0.11263900000000002,-0.11263900000000002,-0.11263900000000002,-0.11263900000000002,-0.11263900000000002,-0.11263900000000002,-0.12038371,-0.12731236,-0.118216455,1.2383,1.2382999999999997,1.2382999999999997,1.2382999999999997,1.2382999999999997,1.2382999999999997,1.2382999999999997,1.2382999999999997,1.2382999999999997,1.2382999999999997,1.2382999999999997,1.2382999999999997,1.2382999999999997,1.2297087,1.174109,1.2438393
0.0986328125,1.061685,1.0616849999999998,1.0616849999999998,1.0616849999999998,1.0616849999999998,1.0616849999999998,1.0616849999999998,1.0616849999999998,1.0616849999999998,1.0616849999999998,1.0616849999999998,1.0616849999999998,1.0616849999999998,1.0823131,1.0328966,1.1210036,-0.112639,-0.11263900000000002,-0.11263900000000002,-0.11263900000000002,-0.11263900000000002,-0.11263900000000002,-0.11263900000000002,-0.11263900000000002,-0.11263900000000002,-0.11263900000000002,-0.11263900000000002,-0.11263900000000002,-0.11263900000000002,-0.12054697,-0.12685105,-0.11584249,1.2383,1.2382999999999997,1.2382999999999997,1.2382999999999997,1.2382999999999997,1.2382999999999997,1.2382999999999997,1.2382999999999997,1.2382999999999997,1.2382999999999997,1.2382999999999997,1.2382999999999997,1.2382999999999997,1.2289052,1.1725327,1.2463338
0.1005859375,1.061685,1.0616849999999998,1.0616849999999998,1.0616849999999998,1.0616849999999998,1.0616849999999998,1.0616849999999998,1.0616849999999998,1.0616849999999998,1.0616849999999998,1.0616849999999998,1.0616849999999998,1.0616849999999998,1.0819647,1.0370593,1.1206146,-0.112639,-0.11263900000000002,-0.11263900000000002,-0.11263900000000002,-0.11263900000000002,-0.11263900000000002,-0.11263900000000002,-0.11263900000000002,-0.11263900000000002,-0.11263900000000002,-0.11263900000000002,-0.11263900000000002,-0.11263900000000002,-0.12055746,-0.12623835,-0.11323261,1.2383,1.2382999999999997,1.2382999999999997,1.2382999999999997,1.2382999999999997,1.2382999999999997,1.2382999999999997,1.2382999999999997,1.2382999999999997,1.2382999999999997,1.2382999999999997,1.2382999999999997,1.2382999999999997,1.2277601,1.1701369,1.2481799
0.1025390625,1.061685,1.0616849999999998,1.0616849999999998,1.0616849999999998,1.0616849999999998,1.0616849999999998,1.0616849999999998,1.0616849999999998,1.0616849999999998,1.0616849999999998,1.0616849999999998,1.0616849999999998,1.0616849999999998,1.0816323,1.041304,1.1197767,-0.112639,-0.11263900000000002,-0.11263900000000002,-0.11263900000000002,-0.11263900000000002,-0.11263900000000002,-0.11263900000000002,-0.11263900000000002,-0.11263900000000002,-0.11263900000000002,-0.11263900000000002,-0.11263900000000002,-0.11263900000000002,-0.12045264,-0.12552202,-0.110426486,1.2383,1.2382999999999997,1.2382999999999997,1.2382999999999997,1.2382999999999997,1.2382999999999997,1.2382999999999997,1.2382999999999997,1.2382999999999997,1.2382999999999997,1.2382999999999997,1.2382999999999997,1.2382999999999997,1.226395,1.1670907,1.2494335
0.1044921875,1.061685,1.0616849999999998,1.0616849999999998,1.0616849999999998,1.0616849999999998,1.0616849999999998,1.0616849999999998,1.0616849999999998,1.0616849999999998,1.0616849999999998,1.0616849999999998,1.0616849999999998,1.0616849999999998,1.0813375,1.0455269,1.1185137,-0.112639,-0.11263900000000002,-0.11263900000000002,-0.11263900000000002,-0.11263900000000002,-0.11263900000000002,-0.11263900000000002,-0.11263900000000002,-0.11263900000000002,-0.11263900000000002,-0.11263900000000002,-0.11263900000000002,-0.11263900000000002,-0.120268255,-0.12474376,-0.10747948,1.2383,1.2382999999999997,1.2382999999999997,1.2382999999999997,1.2382999999999997,1.2382999999999997,1.2382999999999997,1.2382999999999997,1.2382999999999997,1.2382999999999997,1.2382999999999997,1.2382999999999997,1.2382999999999997,1.224945,1.1635983,1.2501969
0.1064453125,1.061685,1.0616849999999998,1.0616849999999998,1.0616849999999998,1.0616849999999998,1.0616849999999998,1.0616849999999998,1.0616849999999998,1.0616849999999998,1.0616849999999998,1.0616849999999998,1.0616849999999998,1.0616849999999998,1.0810943,1.0496436,1.1168706,-0.112639,-0.11263900000000002,-0.11263900000000002,-0.11263900000000002,-0.11263900000000002,-0.11263900000000002,-0.11263900000000002,-0.11263900000000002,-0.11263900000000002,-0.11263900000000002,-0.11263900000000002,-0.11263900000000002,-0.11263900000000002,-0.12003556,-0.123936564,-0.104460925,1.2383,1.2382999999999997,1.2382999999999997,1.2382999999999997,1.2382999999999997,1.2382999999999997,1.2382999999999997,1.2382999999999997,1.2382999999999997,1.2382999999999997,1.2382999999999997,1.2382999999999997,1.2382999999999997,1.2235416,1.1598809,1.2506065
0.1083984375,1.061685,1.0616849999999998,1.0616849999999998,1.0616849999999998,1.0616849999999998,1.0616849999999998,1.0616849999999998,1.0616849999999998,1.0616849999999998,1.0616849999999998,1.0616849999999998,1.0616849999999998,1.0616849999999998,1.0809104,1.0535837,1.1149126,-0.112639,-0.11263900000000002,-0.11263900000000002,-0.11263900000000002,-0.11263900000000002,-0.11263900000000002,-0.11263900000000002,-0.11263900000000002,-0.11263900000000002,-0.11263900000000002,-0.11263900000000002,-0.11263900000000002,-0.11263900000000002,-0.11978063,-0.12312499,-0.101451844,1.2383,1.2382999999999997,1.2382999999999997,1.2382999999999997,1.2382999999999997,1.2382999999999997,1.2382999999999997,1.2382999999999997,1.2382999999999997,1.2382999999999997,1.2382999999999997,1.2382999999999997,1.2382999999999997,1.2223023,1.1561589,1.2508168
0.1103515625,1.061685,1.0616849999999998,1.0616849999999998,1.0616849999999998,1.0616849999999998,1.0616849999999998,1.0616849999999998,1.0616849999999998,1.0616849999999998,1.0616849999999998,1.0616849999999998,1.0616849999999998,1.0616849999999998,1.080787,1.057286,1.1127231,-0.112639,-0.11263900000000002,-0.11263900000000002,-0.11263900000000002,-0.11263900000000002,-0.11263900000000002,-0.11263900000000002,-0.11263900000000002,-0.11263900000000002,-0.11263900000000002,-0.11263900000000002,-0.11263900000000002,-0.11263900000000002,-0.11952314,-0.12232527,-0.09853977,1.2383,1.2382999999999997,1.2382999999999997,1.2382999999999997,1.2382999999999997,1.2382999999999997,1.2382999999999997,1.2382999999999997,1.2382999999999997,1.2382999999999997,1.2382999999999997,1.2382999999999997,1.2382999999999997,1.2213186,1.15264,1.2509873
0.1123046875,1.061685,1.0616849999999998,1.0616849999999998,1.0616849999999998,1.0616849999999998,1.0616849999999998,1.0616849999999998,1.0616849999999998,1.0616849999999998,1.0616849999999998,1.0616849999999998,1.0616849999999998,1.0616849999999998,1.0807228,1.0606934,1.110403,-0.112639,-0.11263900000000002,-0.11263900000000002,-0.11263900000000002,-0.11263900000000002,-0.11263900000000002,-0.11263900000000002,-0.11263900000000002,-0.11263900000000002,-0.11263900000000002,-0.11263900000000002,-0.11263900000000002,-0.11263900000000002,-0.11927509,-0.12154794,-0.09581384,1.2383,1.2382999999999997,1.2382999999999997,1.2382999999999997,1.2382999999999997,1.2382999999999997,1.2382999999999997,1.2382999999999997,1.2382999999999997,1.2382999999999997,1.2382999999999997,1.2382999999999997,1.2382999999999997,1.220651,1.1495073,1.25127
0.1142578125,1.061685,1.0616849999999998,1.0616849999999998,1.0616849999999998,1.0616849999999998,1.0616849999999998,1.0616849999999998,1.0616849999999998,1.0616849999999998,1.0616849999999998,1.0616849999999998,1.0616849999999998,1.0616849999999998,1.0807137,1.0637529,1.1080599,-0.112639,-0.11263900000000002,-0.11263900000000002,-0.11263900000000002,-0.11263900000000002,-0.11263900000000002,-0.11263900000000002,-0.11263900000000002,-0.11263900000000002,-0.11263900000000002,-0.11263900000000002,-0.11263900000000002,-0.11263900000000002,-0.11903989,-0.1207993,-0.093357325,1.2383,1.2382999999999997,1.2382999999999997,1.2382999999999997,1.2382999999999997,1.2382999999999997,1.2382999999999997,1.2382999999999997,1.2382999999999997,1.2382999999999997,1.2382999999999997,1.2382999999999997,1.2382999999999997,1.2203245,1.1469144,1.2518
0.1162109375,1.061685,1.0616849999999998,1.0616849999999998,1.0616849999999998,1.0616849999999998,1.0616849999999998,1.0616849999999998,1.0616849999999998,1.0616849999999998,1.0616849999999998,1.0616849999999998,1.0616849999999998,1.0616849999999998,1.080755,1.0664185,1.1058031,-0.112639,-0.11263900000000002,-0.11263900000000002,-0.11263900000000002,-0.11263900000000002,-0.11263900000000002,-0.11263900000000002,-0.11263900000000002,-0.11263900000000002,-0.11263900000000002,-0.11263900000000002,-0.11263900000000002,-0.11263900000000002,-0.118813634,-0.12008309,-0.09124124,1.2383,1.2382999999999997,1.2382999999999997,1.2382999999999997,1.2382999999999997,1.2382999999999997,1.2382999999999997,1.2382999999999997,1.2382999999999997,1.2382999999999997,1.2382999999999997,1.2382999999999997,1.2382999999999997,1.2203308,1.144982,1.252688
0.1181640625,1.061685,1.0616849999999998,1.0616849999999998,1.0616849999999998,1.0616849999999998,1.0616849999999998,1.0616849999999998,1.0616849999999998,1.0616849999999998,1.0616849999999998,1.0616849999999998,1.0616849999999998,1.0616849999999998,1.08084,1.068656,1.1037297,-0.112639,-0.11263900000000002,-0.11263900000000002,-0.11263900000000002,-0.11263900000000002,-0.11263900000000002,-0.11263900000000002,-0.11263900000000002,-0.11263900000000002,-0.11263900000000002,-0.11263900000000002,-0.11263900000000002,-0.11263900000000002,-0.118585765,-0.11940175,-0.089517176,1.2383,1.2382999999999997,1.2382999999999997,1.2382999999999997,1.2382999999999997,1.2382999999999997,1.2382999999999997,1.2382999999999997,1.2382999999999997,1.2382999999999997,1.2382999999999997,1.2382999999999997,1.2382999999999997,1.2206279,1.1437984,1.2540132
0.1201171875,1.061685,1.0616849999999998,1.0616849999999998,1.0616849999999998,1.0616849999999998,1.0616849999999998,1.0616849999999998,1.0616849999999998,1.0616849999999998,1.0616849999999998,1.0616849999999998,1.0616849999999998,1.0616849999999998,1.0809608,1.0704486,1.1019179,-0.112639,-0.11263900000000002,-0.11263900000000002,-0.11263900000000002,-0.11263900000000002,-0.11263900000000002,-0.11263900000000002,-0.11263900000000002,-0.11263900000000002,-0.11263900000000002,-0.11263900000000002,-0.11263900000000002,-0.11263900000000002,-0.11834288,-0.11875728,-0.088213205,1.2383,1.2382999999999997,1.2382999999999997,1.2382999999999997,1.2382999999999997,1.2382999999999997,1.2382999999999997,1.2382999999999997,1.2382999999999997,1.2382999999999997,1.2382999999999997,1.2382999999999997,1.2382999999999997,1.2211436,1.1434155,1.2558196
0.1220703125,1.061685,1.0616849999999998,1.0616849999999998,1.0616849999999998,1.0616849999999998,1.0616849999999998,1.0616849999999998,1.0616849999999998,1.0616849999999998,1.0616849999999998,1.0616849999999998,1.0616849999999998,1.0616849999999998,1.0811064,1.0718071,1.1004146,-0.112639,-0.11263900000000002,-0.11263900000000002,-0.11263900000000002,-0.11263900000000002,-0.11263900000000002,-0.11263900000000002,-0.11263900000000002,-0.11263900000000002,-0.11263900000000002,-0.11263900000000002,-0.11263900000000002,-0.11263900000000002,-0.11807126,-0.11815089,-0.08733201,1.2383,1.2382999999999997,1.2382999999999997,1.2382999999999997,1.2382999999999997,1.2382999999999997,1.2382999999999997,1.2382999999999997,1.2382999999999997,1.2382999999999997,1.2382999999999997,1.2382999999999997,1.2382999999999997,1.2217829,1.1438501,1.2581174
0.1240234375,1.061685,1.0616849999999998,1.0616849999999998,1.0616849999999998,1.0616849999999998,1.0616849999999998,1.0616849999999998,1.0616849999999998,1.0616849999999998,1.0616849999999998,1.0616849999999998,1.0616849999999998,1.0616849999999998,1.0812614,1.0727764,1.0992345,-0.112639,-0.11263900000000002,-0.11263900000000002,-0.11263900000000002,-0.11263900000000002,-0.11263900000000002,-0.11263900000000002,-0.11263900000000002,-0.11263900000000002,-0.11263900000000002,-0.11263900000000002,-0.11263900000000002,-0.11263900000000002,-0.117583275,-0.117762,-0.08685097,1.2383,1.2382999999999997,1.2382999999999997,1.2382999999999997,1.2382999999999997,1.2382999999999997,1.2382999999999997,1.2382999999999997,1.2382999999999997,1.2382999999999997,1.2382999999999997,1.2382999999999997,1.2382999999999997,1.222435,1.145082,1.2608805
0.1259765625,1.061685,1.0616849999999998,1.0616849999999998,1.0616849999999998,1.0616849999999998,1.0616849999999998,1.0616849999999998,1.0616849999999998,1.0616849999999998,1.0616849999999998,1.0616849999999998,1.0616849999999998,1.0616849999999998,1.0814043,1.0734422,1.0983561,-0.112639,-0.11263900000000002,-0.11263900000000002,-0.11263900000000002,-0.11263900000000002,-0.11263900000000002,-0.11263900000000002,-0.11263900000000002,-0.11263900000000002,-0.11263900000000002,-0.11263900000000002,-0.11263900000000002,-0.11263900000000002,-0.11705321,-0.11741489,-0.08672562,1.2383,1.2382999999999997,1.2382999999999997,1.2382999999999997,1.2382999999999997,1.2382999999999997,1.2382999999999997,1.2382999999999997,1.2382999999999997,1.2382999999999997,1.2382999999999997,1.2382999999999997,1.2382999999999997,1.222979,1.1470504,1.264055
0.1279296875,1.061685,1.0616849999999998,1.0616849999999998,1.0616849999999998,1.0616849999999998,1.0616849999999998,1.0616849999999998,1.0616849999999998,1.0616849999999998,1.0616849999999998,1.0616849999999998,1.0616849999999998,1.0616849999999998,1.0815076,1.0739293,1.0977278,-0.112639,-0.11263900000000002,-0.11263900000000002,-0.11263900000000002,-0.11263900000000002,-0.11263900000000002,-0.11263900000000002,-0.11263900000000002,-0.11263900000000002,-0.11263900000000002,-0.11263900000000002,-0.11263900000000002,-0.11263900000000002,-0.116556436,-0.11704105,-0.08689377,1.2383,1.2382999999999997,1.2382999999999997,1.2382999999999997,1.2382999999999997,1.2382999999999997,1.2382999999999997,1.2382999999999997,1.2382999999999997,1.2382999999999997,1.2382999999999997,1.2382999999999997,1.2382999999999997,1.2232949,1.1496559,1.267561
0.1298828125,1.061685,1.0616849999999998,1.0616849999999998,1.0616849999999998,1.0616849999999998,1.0616849999999998,1.0616849999999998,1.0616849999999998,1.0616849999999998,1.0616849999999998,1.0616849999999998,1.0616849999999998,1.0616849999999998,1.0815369,1.0743943,1.0972751,-0.112639,-0.11263900000000002,-0.11263900000000002,-0.11263900000000002,-0.11263900000000002,-0.11263900000000002,-0.11263900000000002,-0.11263900000000002,-0.11263900000000002,-0.11263900000000002,-0.11263900000000002,-0.11263900000000002,-0.11263900000000002,-0.11608565,-0.1166656,-0.08728048,1.2383,1.2382999999999997,1.2382999999999997,1.2382999999999997,1.2382999999999997,1.2382999999999997,1.2382999999999997,1.2382999999999997,1.2382999999999997,1.2382999999999997,1.2382999999999997,1.2382999999999997,1.2382999999999997,1.2232728,1.1527623,1.2713006
0.1318359375,1.061685,1.0616849999999998,1.0616849999999998,1.0616849999999998,1.0616849999999998,1.0616849999999998,1.0616849999999998,1.0616849999999998,1.0616849999999998,1.0616849999999998,1.0616849999999998,1.0616849999999998,1.0616849999999998,1.081452,1.0750057,1.0969126,-0.112639,-0.11263900000000002,-0.11263900000000002,-0.11263900000000002,-0.11263900000000002,-0.11263900000000002,-0.11263900000000002,-0.11263900000000002,-0.11263900000000002,-0.11263900000000002,-0.11263900000000002,-0.11263900000000002,-0.11263900000000002,-0.11563042,-0.11632553,-0.087803364,1.2383,1.2382999999999997,1.2382999999999997,1.2382999999999997,1.2382999999999997,1.2382999999999997,1.2382999999999997,1.2382999999999997,1.2382999999999997,1.2382999999999997,1.2382999999999997,1.2382999999999997,1.2382999999999997,1.2228212,1.1562003,1.2751609
0.1337890625,1.061685,1.0616849999999998,1.0616849999999998,1.0616849999999998,1.0616849999999998,1.0616849999999998,1.0616849999999998,1.0616849999999998,1.0616849999999998,1.0616849999999998,1.0616849999999998,1.0616849999999998,1.0616849999999998,1.0812109,1.0759226,1.0965542,-0.112639,-0.11263900000000002,-0.11263900000000002,-0.11263900000000002,-0.11263900000000002,-0.11263900000000002,-0.11263900000000002,-0.11263900000000002,-0.11263900000000002,-0.11263900000000002,-0.11263900000000002,-0.11263900000000002,-0.11263900000000002,-0.11517912,-0.116068244,-0.08837739,1.2383,1.2382999999999997,1.2382999999999997,1.2382999999999997,1.2382999999999997,1.2382999999999997,1.2382999999999997,1.2382999999999997,1.2382999999999997,1.2382999999999997,1.2382999999999997,1.2382999999999997,1.2382999999999997,1.2218746,1.1597779,1.2790202
0.1357421875,1.061685,1.0616849999999998,1.0616849999999998,1.0616849999999998,1.0616849999999998,1.0616849999999998,1.0616849999999998,1.0616849999999998,1.0616849999999998,1.0616849999999998,1.0616849999999998,1.0616849999999998,1.0616849999999998,1.0807711,1.0772692,1.0961227,-0.112639,-0.11263900000000002,-0.11263900000000002,-0.11263900000000002,-0.11263900000000002,-0.11263900000000002,-0.11263900000000002,-0.11263900000000002,-0.11263900000000002,-0.11263900000000002,-0.11263900000000002,-0.11263900000000002,-0.11263900000000002,-0.11472154,-0.11594623,-0.08891961,1.2383,1.2382999999999997,1.2382999999999997,1.2382999999999997,1.2382999999999997,1.2382999999999997,1.2382999999999997,1.2382999999999997,1.2382999999999997,1.2382999999999997,1.2382999999999997,1.2382999999999997,1.2382999999999997,1.220401,1.1632944,1.2827525
0.1376953125,1.061685,1.0616849999999998,1.0616849999999998,1.0616849999999998,1.0616849999999998,1.0616849999999998,1.0616849999999998,1.0616849999999998,1.0616849999999998,1.0616849999999998,1.0616849999999998,1.0616849999999998,1.0616849999999998,1.0800955,1.0791136,1.0955577,-0.112639,-0.11263900000000002,-0.11263900000000002,-0.11263900000000002,-0.11263900000000002,-0.11263900000000002,-0.11263900000000002,-0.11263900000000002,-0.11263900000000002,-0.11263900000000002,-0.11263900000000002,-0.11263900000000002,-0.11263900000000002,-0.11425111,-0.11601135,-0.089353204,1.2383,1.2382999999999997,1.2382999999999997,1.2382999999999997,1.2382999999999997,1.2382999999999997,1.2382999999999997,1.2382999999999997,1.2382999999999997,1.2382999999999997,1.2382999999999997,1.2382999999999997,1.2382999999999997,1.2184026,1.1665529,1.2862337
0.1396484375,1.061685,1.0616849999999998,1.0616849999999998,1.0616849999999998,1.0616849999999998,1.0616849999999998,1.0616849999999998,1.0616849999999998,1.0616849999999998,1.0616849999999998,1.0616849999999998,1.0616849999999998,1.0616849999999998,1.0814553,1.079154,1.0948154,-0.112639,-0.11263900000000002,-0.11263900000000002,-0.11263900000000002,-0.11263900000000002,-0.11263900000000002,-0.11263900000000002,-0.11263900000000002,-0.11263900000000002,-0.11263900000000002,-0.11263900000000002,-0.11263900000000002,-0.11263900000000002,-0.113767,-0.11630887,-0.0896112,1.2383,1.2382999999999997,1.2382999999999997,1.2382999999999997,1.2382999999999997,1.2382999999999997,1.2382999999999997,1.2382999999999997,1.2382999999999997,1.2382999999999997,1.2382999999999997,1.2382999999999997,1.2382999999999997,1.2159158,1.1693777,1.2893485
0.1416015625,1.061685,1.0616849999999998,1.0616849999999998,1.0616849999999998,1.0616849999999998,1.0616849999999998,1.0616849999999998,1.0616849999999998,1.0616849999999998,1.0616849999999998,1.0616849999999998,1.0616849999999998,1.0616849999999998,1.0842193,1.077927,1.0938702,-0.112639,-0.11263900000000002,-0.11263900000000002,-0.11263900000000002,-0.11263900000000002,-0.11263900000000002,-0.11263900000000002,-0.11263900000000002,-0.11263900000000002,-0.11263900000000002,-0.11263900000000002,-0.11263900000000002,-0.11263900000000002,-0.11327374,-0.11687046,-0.089639604,1.2383,1.2382999999999997,1.2382999999999997,1.2382999999999997,1.2382999999999997,1.2382999999999997,1.2382999999999997,1.2382999999999997,1.2382999999999997,1.2382999999999997,1.2382999999999997,1.2382999999999997,1.2382999999999997,1.2130092,1.171627,1.2919965
0.1435546875,1.061685,1.0616849999999998,1.0616849999999998,1.0616849999999998,1.0616849999999998,1.0616849999999998,1.0616849999999998,1.0616849999999998,1.0616849999999998,1.0616849999999998,1.0616849999999998,1.0616849999999998,1.0616849999999998,1.0872622,1.0764062,1.0927109,-0.112639,-0.11263900000000002,-0.11263900000000002,-0.11263900000000002,-0.11263900000000002,-0.11263900000000002,-0.11263900000000002,-0.11263900000000002,-0.11263900000000002,-0.11263900000000002,-0.11263900000000002,-0.11263900000000002,-0.11263900000000002,-0.112779796,-0.1177094,-0.089398354,1.2383,1.2382999999999997,1.2382999999999997,1.2382999999999997,1.2382999999999997,1.2382999999999997,1.2382999999999997,1.2382999999999997,1.2382999999999997,1.2382999999999997,1.2382999999999997,1.2382999999999997,1.2382999999999997,1.209773,1.1732042,1.2940948
0.1455078125,1.061685,1.0616849999999998,1.0616849999999998,1.0616849999999998,1.0616849999999998,1.0616849999999998,1.0616849999999998,1.0616849999999998,1.0616849999999998,1.0616849999999998,1.0616849999999998,1.0616849999999998,1.0616849999999998,1.0903836,1.0745965,1.091337,-0.112639,-0.11263900000000002,-0.11263900000000002,-0.11263900000000002,-0.11263900000000002,-0.11263900000000002,-0.11263900000000002,-0.11263900000000002,-0.11263900000000002,-0.11263900000000002,-0.11263900000000002,-0.11263900000000002,-0.11263900000000002,-0.11229399,-0.11881605,-0.088862866,1.2383,1.2382999999999997,1.2382999999999997,1.2382999999999997,1.2382999999999997,1.2382999999999997,1.2382999999999997,1.2382999999999997,1.2382999999999997,1.2382999999999997,1.2382999999999997,1.2382999999999997,1.2382999999999997,1.2063146,1.1740649,1.2955807
0.1474609375,1.061685,1.0616849999999998,1.0616849999999998,1.0616849999999998,1.0616849999999998,1.0616849999999998,1.0616849999999998,1.0616849999999998,1.0616849999999998,1.0616849999999998,1.0616849999999998,1.0616849999999998,1.0616849999999998,1.089758,1.0725143,1.0933474,-0.112639,-0.11263900000000002,-0.11263900000000002,-0.11263900000000002,-0.11263900000000002,-0.11263900000000002,-0.11263900000000002,-0.11263900000000002,-0.11263900000000002,-0.11263900000000002,-0.11263900000000002,-0.11263900000000002,-0.11263900000000002,-0.11182284,-0.12015498,-0.08802435,1.2383,1.2382999999999997,1.2382999999999997,1.2382999999999997,1.2382999999999997,1.2382999999999997,1.2382999999999997,1.2382999999999997,1.2382999999999997,1.2382999999999997,1.2382999999999997,1.2382999999999997,1.2382999999999997,1.2027471,1.1742173,1.2964122
0.1494140625,1.061685,1.0616849999999998,1.0616849999999998,1.0616849999999998,1.0616849999999998,1.0616849999999998,1.0616849999999998,1.0616849999999998,1.0616849999999998,1.0616849999999998,1.0616849999999998,1.0616849999999998,1.0616849999999998,1.0879914,1.0701877,1.0959024,-0.112639,-0.11263900000000002,-0.11263900000000002,-0.11263900000000002,-0.11263900000000002,-0.11263900000000002,-0.11263900000000002,-0.11263900000000002,-0.11263900000000002,-0.11263900000000002,-0.11263900000000002,-0.11263900000000002,-0.11263900000000002,-0.111365914,-0.12166375,-0.08688936,1.2383,1.2382999999999997,1.2382999999999997,1.2382999999999997,1.2382999999999997,1.2382999999999997,1.2382999999999997,1.2382999999999997,1.2382999999999997,1.2382999999999997,1.2382999999999997,1.2382999999999997,1.2382999999999997,1.1991833,1.1737195,1.2965654
0.1513671875,1.061685,1.0616849999999998,1.0616849999999998,1.0616849999999998,1.0616849999999998,1.0616849999999998,1.0616849999999998,1.0616849999999998,1.0616849999999998,1.0616849999999998,1.0616849999999998,1.0616849999999998,1.0616849999999998,1.0860633,1.0676553,1.0978061,-0.112639,-0.11263900000000002,-0.11263900000000002,-0.11263900000000002,-0.11263900000000002,-0.11263900000000002,-0.11263900000000002,-0.11263900000000002,-0.11263900000000002,-0.11263900000000002,-0.11263900000000002,-0.11263900000000002,-0.11263900000000002,-0.110913485,-0.12325469,-0.08548024,1.2383,1.2382999999999997,1.2382999999999997,1.2382999999999997,1.2382999999999997,1.2382999999999997,1.2382999999999997,1.2382999999999997,1.2382999999999997,1.2382999999999997,1.2382999999999997,1.2382999999999997,1.2382999999999997,1.19573,1.172669,1.296034
0.1533203125,1.061685,1.0616849999999998,1.0616849999999998,1.0616849999999998,1.0616849999999998,1.0616849999999998,1.0616849999999998,1.0616849999999998,1.0616849999999998,1.0616849999999998,1.0616849999999998,1.0616849999999998,1.0616849999999998,1.0840081,1.0649651,1.0988466,-0.112639,-0.11263900000000002,-0.11263900000000002,-0.11263900000000002,-0.11263900000000002,-0.11263900000000002,-0.11263900000000002,-0.11263900000000002,-0.11263900000000002,-0.11263900000000002,-0.11263900000000002,-0.11263900000000002,-0.11263900000000002,-0.11044586,-0.12481719,-0.08383334,1.2383,1.2382999999999997,1.2382999999999997,1.2382999999999997,1.2382999999999997,1.2382999999999997,1.2382999999999997,1.2382999999999997,1.2382999999999997,1.2382999999999997,1.2382999999999997,1.2382999999999997,1.2382999999999997,1.1924798,1.1711918,1.2948296
0.1552734375,1.061685,1.0616849999999998,1.0616849999999998,1.0616849999999998,1.0616849999999998,1.0616849999999998,1.0616849999999998,1.0616849999999998,1.0616849999999998,1.0616849999999998,1.0616849999999998,1.0616849999999998,1.0616849999999998,1.081868,1.0621722,1.0988582,-0.112639,-0.11263900000000002,-0.11263900000000002,-0.11263900000000002,-0.11263900000000002,-0.11263900000000002,-0.11263900000000002,-0.11263900000000002,-0.11263900000000002,-0.11263900000000002,-0.11263900000000002,-0.11263900000000002,-0.11263900000000002,-0.10993263,-0.1262238,-0.08199698,1.2383,1.2382999999999997,1.2382999999999997,1.2382999999999997,1.2382999999999997,1.2382999999999997,1.2382999999999997,1.2382999999999997,1.2382999999999997,1.2382999999999997,1.2382999999999997,1.2382999999999997,1.2382999999999997,1.1895102,1.1694273,1.292979
0.1572265625,1.061685,1.0616849999999998,1.0616849999999998,1.0616849999999998,1.0616849999999998,1.0616849999999998,1.0616849999999998,1.0616849999999998,1.0616849999999998,1.0616849999999998,1.0616849999999998,1.0616849999999998,1.0616849999999998,1.0796914,1.0593349,1.097736,-0.112639,-0.11263900000000002,-0.11263900000000002,-0.11263900000000002,-0.11263900000000002,-0.11263900000000002,-0.11263900000000002,-0.11263900000000002,-0.11263900000000002,-0.11263900000000002,-0.11263900000000002,-0.11263900000000002,-0.11263900000000002,-0.109334916,-0.12733799,-0.08002925,1.2383,1.2382999999999997,1.2382999999999997,1.2382999999999997,1.2382999999999997,1.2382999999999997,1.2382999999999997,1.2382999999999997,1.2382999999999997,1.2382999999999997,1.2382999999999997,1.2382999999999997,1.2382999999999997,1.1868793,1.1675129,1.2905259
0.1591796875,1.061685,1.0616849999999998,1.0616849999999998,1.0616849999999998,1.0616849999999998,1.0616849999999998,1.0616849999999998,1.0616849999999998,1.0616849999999998,1.0616849999999998,1.0616849999999998,1.0616849999999998,1.0616849999999998,1.0775266,1.0565137,1.0954409,-0.112639,-0.11263900000000002,-0.11263900000000002,-0.11263900000000002,-0.11263900000000002,-0.11263900000000002,-0.11263900000000002,-0.11263900000000002,-0.11263900000000002,-0.11263900000000002,-0.11263900000000002,-0.11263900000000002,-0.11263900000000002,-0.108608514,-0.12802383,-0.07799384,1.2383,1.2382999999999997,1.2382999999999997,1.2382999999999997,1.2382999999999997,1.2382999999999997,1.2382999999999997,1.2382999999999997,1.2382999999999997,1.2382999999999997,1.2382999999999997,1.2382999999999997,1.2382999999999997,1.184623,1.1655717,1.2875308
0.1611328125,1.061685,1.0616849999999998,1.0616849999999998,1.0616849999999998,1.0616849999999998,1.0616849999999998,1.0616849999999998,1.0616849999999998,1.0616849999999998,1.0616849999999998,1.0616849999999998,1.0616849999999998,1.0616849999999998,1.0754175,1.0537641,1.0920013,-0.112639,-0.11263900000000002,-0.11263900000000002,-0.11263900000000002,-0.11263900000000002,-0.11263900000000002,-0.11263900000000002,-0.11263900000000002,-0.11263900000000002,-0.11263900000000002,-0.11263900000000002,-0.11263900000000002,-0.11263900000000002,-0.10770723,-0.12815687,-0.07595587,1.2383,1.2382999999999997,1.2382999999999997,1.2382999999999997,1.2382999999999997,1.2382999999999997,1.2382999999999997,1.2382999999999997,1.2382999999999997,1.2382999999999997,1.2382999999999997,1.2382999999999997,1.2382999999999997,1.1827523,1.1637003,1.2840714
0.1630859375,1.061685,1.0616849999999998,1.0616849999999998,1.0616849999999998,1.0616849999999998,1.0616849999999998,1.0616849999999998,1.0616849999999998,1.0616849999999998,1.0616849999999998,1.0616849999999998,1.0616849999999998,1.0616849999999998,1.0733974,1.0511334,1.0875108,-0.112639,-0.11263900000000002,-0.11263900000000002,-0.11263900000000002,-0.11263900000000002,-0.11263900000000002,-0.11263900000000002,-0.11263900000000002,-0.11263900000000002,-0.11263900000000002,-0.11263900000000002,-0.11263900000000002,-0.11263900000000002,-0.10658699,-0.1276345,-0.073978215,1.2383,1.2382999999999997,1.2382999999999997,1.2382999999999997,1.2382999999999997,1.2382999999999997,1.2382999999999997,1.2382999999999997,1.2382999999999997,1.2382999999999997,1.2382999999999997,1.2382999999999997,1.2382999999999997,1.1812532,1.1619622,1.2802417
0.1650390625,1.061685,1.0616849999999998,1.0616849999999998,1.0616849999999998,1.0616849999999998,1.0616849999999998,1.0616849999999998,1.0616849999999998,1.0616849999999998,1.0616849999999998,1.0616849999999998,1.0616849999999998,1.0616849999999998,1.0714833,1.048654,1.0821178,-0.112639,-0.11263900000000002,-0.11263900000000002,-0.11263900000000002,-0.11263900000000002,-0.11263900000000002,-0.11263900000000002,-0.11263900000000002,-0.11263900000000002,-0.11263900000000002,-0.11263900000000002,-0.11263900000000002,-0.11263900000000002,-0.10520911,-0.12638494,-0.07211706,1.2383,1.2382999999999997,1.2382999999999997,1.2382999999999997,1.2382999999999997,1.2382999999999997,1.2382999999999997,1.2382999999999997,1.2382999999999997,1.2382999999999997,1.2382999999999997,1.2382999999999997,1.2382999999999997,1.1800861,1.1603816,1.276147
0.1669921875,1.061685,1.0616849999999998,1.0616849999999998,1.0616849999999998,1.0616849999999998,1.0616849999999998,1.0616849999999998,1.0616849999999998,1.0616849999999998,1.0616849999999998,1.0616849999999998,1.0616849999999998,1.0616849999999998,1.0696721,1.046341,1.0760132,-0.112639,-0.11263900000000002,-0.11263900000000002,-0.11263900000000002,-0.11263900000000002,-0.11263900000000002,-0.11263900000000002,-0.11263900000000002,-0.11263900000000002,-0.11263900000000002,-0.11263900000000002,-0.11263900000000002,-0.11263900000000002,-0.10354298,-0.124373406,-0.07041827,1.2383,1.2382999999999997,1.2382999999999997,1.2382999999999997,1.2382999999999997,1.2382999999999997,1.2382999999999997,1.2382999999999997,1.2382999999999997,1.2382999999999997,1.2382999999999997,1.2382999999999997,1.2382999999999997,1.1791862,1.1589453,1.2718976
0.1689453125,1.061685,1.0616849999999998,1.0616849999999998,1.0616849999999998,1.0616849999999998,1.0616849999999998,1.0616849999999998,1.0616849999999998,1.0616849999999998,1.0616849999999998,1.0616849999999998,1.0616849999999998,1.0616849999999998,1.0679421,1.0441895,1.0694131,-0.112639,-0.11263900000000002,-0.11263900000000002,-0.11263900000000002,-0.11263900000000002,-0.11263900000000002,-0.11263900000000002,-0.11263900000000002,-0.11263900000000002,-0.11263900000000002,-0.11263900000000002,-0.11263900000000002,-0.11263900000000002,-0.10156822,-0.12160528,-0.06891373,1.2383,1.2382999999999997,1.2382999999999997,1.2382999999999997,1.2382999999999997,1.2382999999999997,1.2382999999999997,1.2382999999999997,1.2382999999999997,1.2382999999999997,1.2382999999999997,1.2382999999999997,1.2382999999999997,1.1784686,1.1576078,1.2676013
0.1708984375,1.061685,1.0616849999999998,1.0616849999999998,1.0616849999999998,1.0616849999999998,1.0616849999999998,1.0616849999999998,1.0616849999999998,1.0616849999999998,1.0616849999999998,1.0616849999999998,1.0616849999999998,1.0616849999999998,1.0625417,1.0421748,1.0662525,-0.112639,-0.11263900000000002,-0.11263900000000002,-0.11263900000000002,-0.11263900000000002,-0.11263900000000002,-0.11263900000000002,-0.11263900000000002,-0.11263900000000002,-0.11263900000000002,-0.11263900000000002,-0.11263900000000002,-0.11263900000000002,-0.099276036,-0.11812484,-0.06761807,1.2383,1.2382999999999997,1.2382999999999997,1.2382999999999997,1.2382999999999997,1.2382999999999997,1.2382999999999997,1.2382999999999997,1.2382999999999997,1.2382999999999997,1.2382999999999997,1.2382999999999997,1.2382999999999997,1.177833,1.1562965,1.2633547
0.1728515625,1.061685,1.0616849999999998,1.0616849999999998,1.0616849999999998,1.0616849999999998,1.0616849999999998,1.0616849999999998,1.0616849999999998,1.0616849999999998,1.0616849999999998,1.0616849999999998,1.0616849999999998,1.0616849999999998,1.0556153,1.0402542,1.0645511,-0.112639,-0.11263900000000002,-0.11263900000000002,-0.11263900000000002,-0.11263900000000002,-0.11263900000000002,-0.11263900000000002,-0.11263900000000002,-0.11263900000000002,-0.11263900000000002,-0.11263900000000002,-0.11263900000000002,-0.11263900000000002,-0.09666842,-0.114011824,-0.066525936,1.2383,1.2382999999999997,1.2382999999999997,1.2382999999999997,1.2382999999999997,1.2382999999999997,1.2382999999999997,1.2382999999999997,1.2382999999999997,1.2382999999999997,1.2382999999999997,1.2382999999999997,1.2382999999999997,1.1771704,1.1549236,1.2592343
0.1748046875,1.061685,1.0616849999999998,1.0616849999999998,1.0616849999999998,1.0616849999999998,1.0616849999999998,1.0616849999999998,1.0616849999999998,1.0616849999999998,1.0616849999999998,1.0616849999999998,1.0616849999999998,1.0616849999999998,1.0488278,1.0383724,1.062778,-0.112639,-0.11263900000000002,-0.11263900000000002,-0.11263900000000002,-0.11263900000000002,-0.11263900000000002,-0.11263900000000002,-0.11263900000000002,-0.11263900000000002,-0.11263900000000002,-0.11263900000000002,-0.11263900000000002,-0.11263900000000002,-0.09375745,-0.10937515,-0.06561035,1.2383,1.2382999999999997,1.2382999999999997,1.2382999999999997,1.2382999999999997,1.2382999999999997,1.2382999999999997,1.2382999999999997,1.2382999999999997,1.2382999999999997,1.2382999999999997,1.2382999999999997,1.2382999999999997,1.1763711,1.1533964,1.2552931
0.1767578125,1.061685,1.0616849999999998,1.0616849999999998,1.0616849999999998,1.0616849999999998,1.0616849999999998,1.0616849999999998,1.0616849999999998,1.0616849999999998,1.0616849999999998,1.0616849999999998,1.0616849999999998,1.0616849999999998,1.0423416,1.0364654,1.0608739,-0.112639,-0.11263900000000002,-0.11263900000000002,-0.11263900000000002,-0.11263900000000002,-0.11263900000000002,-0.11263900000000002,-0.11263900000000002,-0.11263900000000002,-0.11263900000000002,-0.11263900000000002,-0.11263900000000002,-0.11263900000000002,-0.09056321,-0.10434514,-0.06482303,1.2383,1.2382999999999997,1.2382999999999997,1.2382999999999997,1.2382999999999997,1.2382999999999997,1.2382999999999997,1.2382999999999997,1.2382999999999997,1.2382999999999997,1.2382999999999997,1.2382999999999997,1.2382999999999997,1.1753304,1.1516298,1.2515575
0.1787109375,1.061685,1.0616849999999998,1.0616849999999998,1.0616849999999998,1.0616849999999998,1.0616849999999998,1.0616849999999998,1.0616849999999998,1.0616849999999998,1.0616849999999998,1.0616849999999998,1.0616849999999998,1.0616849999999998,1.0362824,1.0344666,1.0587847,-0.112639,-0.11263900000000002,-0.11263900000000002,-0.11263900000000002,-0.11263900000000002,-0.11263900000000002,-0.11263900000000002,-0.11263900000000002,-0.11263900000000002,-0.11263900000000002,-0.11263900000000002,-0.11263900000000002,-0.11263900000000002,-0.087112576,-0.09906435,-0.06409702,1.2383,1.2382999999999997,1.2382999999999997,1.2382999999999997,1.2382999999999997,1.2382999999999997,1.2382999999999997,1.2382999999999997,1.2382999999999997,1.2382999999999997,1.2382999999999997,1.2382999999999997,1.2382999999999997,1.1739559,1.149554,1.2480322
0.1806640625,1.061685,1.0616849999999998,1.0616849999999998,1.0616849999999998,1.0616849999999998,1.0616849999999998,1.0616849999999998,1.0616849999999998,1.0616849999999998,1.0616849999999998,1.0616849999999998,1.0616849999999998,1.0616849999999998,1.032312,1.0307378,1.0564668,-0.112639,-0.11263900000000002,-0.11263900000000002,-0.11263900000000002,-0.11263900000000002,-0.11263900000000002,-0.11263900000000002,-0.11263900000000002,-0.11263900000000002,-0.11263900000000002,-0.11263900000000002,-0.11263900000000002,-0.11263900000000002,-0.08343744,-0.093679845,-0.063350916,1.2383,1.2382999999999997,1.2382999999999997,1.2382999999999997,1.2382999999999997,1.2382999999999997,1.2382999999999997,1.2382999999999997,1.2382999999999997,1.2382999999999997,1.2382999999999997,1.2382999999999997,1.2382999999999997,1.1721704,1.1471237,1.2447041
0.1826171875,1.061685,1.0616849999999998,1.0616849999999998,1.0616849999999998,1.0616849999999998,1.0616849999999998,1.0616849999999998,1.0616849999999998,1.0616849999999998,1.0616849999999998,1.0616849999999998,1.0616849999999998,1.0616849999999998,1.0299453,1.025758,1.0538887,-0.112639,-0.11263900000000002,-0.11263900000000002,-0.11263900000000002,-0.11263900000000002,-0.11263900000000002,-0.11263900000000002,-0.11263900000000002,-0.11263900000000002,-0.11263900000000002,-0.11263900000000002,-0.11263900000000002,-0.11263900000000002,-0.0795733,-0.08833471,-0.06249544,1.2383,1.2382999999999997,1.2382999999999997,1.2382999999999997,1.2382999999999997,1.2382999999999997,1.2382999999999997,1.2382999999999997,1.2382999999999997,1.2382999999999997,1.2382999999999997,1.2382999999999997,1.2382999999999997,1.1699146,1.14432,1.2415508
0.1845703125,1.061685,1.0616849999999998,1.0616849999999998,1.0616849999999998,1.0616849999999998,1.0616849999999998,1.0616849999999998,1.0616849999999998,1.0616849999999998,1.0616849999999998,1.0616849999999998,1.0616849999999998,1.0616849999999998,1.0273201,1.0213592,1.0510324,-0.112639,-0.11263900000000002,-0.11263900000000002,-0.11263900000000002,-0.11263900000000002,-0.11263900000000002,-0.11263900000000002,-0.11263900000000002,-0.11263900000000002,-0.11263900000000002,-0.11263900000000002,-0.11263900000000002,-0.11263900000000002,-0.07555911,-0.08316037,-0.061441272,1.2383,1.2382999999999997,1.2382999999999997,1.2382999999999997,1.2382999999999997,1.2382999999999997,1.2382999999999997,1.2382999999999997,1.2382999999999997,1.2382999999999997,1.2382999999999997,1.2382999999999997,1.2382999999999997,1.167149,1.141151,1.2385439
0.1865234375,1.061685,1.0616849999999998,1.0616849999999998,1.0616849999999998,1.0616849999999998,1.0616849999999998,1.0616849999999998,1.0616849999999998,1.0616849999999998,1.0616849999999998,1.0616849999999998,1.0616849999999998,1.0616849999999998,1.0244043,1.0175271,1.0478928,-0.112639,-0.11263900000000002,-0.11263900000000002,-0.11263900000000002,-0.11263900000000002,-0.11263900000000002,-0.11263900000000002,-0.11263900000000002,-0.11263900000000002,-0.11263900000000002,-0.11263900000000002,-0.11263900000000002,-0.11263900000000002,-0.07143596,-0.0782707,-0.06010613,1.2383,1.2382999999999997,1.2382999999999997,1.2382999999999997,1.2382999999999997,1.2382999999999997,1.2382999999999997,1.2382999999999997,1.2382999999999997,1.2382999999999997,1.2382999999999997,1.2382999999999997,1.2382999999999997,1.163853,1.137649,1.2356559
0.1884765625,1.061685,1.0593757204875986,1.0611076801218995,1.0616849999999998,1.061107832830707,1.0611078174544815,1.061129550252588,1.061107680196177,1.061107680129792,1.061107680668591,1.061107746034141,1.0611077199399266,1.061115230536716,1.0211809,1.014222,1.0444763,-0.112639,-0.10985757366865696,-0.11194477839107451,-0.11263900000000002,-0.11194494969103785,-0.11196931054460448,-0.1119449324428739,-0.11194477847439462,-0.11194477900432186,-0.11194477839992795,-0.11194485232764463,-0.11195324795340943,-0.11194482305665358,-0.067246705,-0.07375538,-0.05842197,1.2383,1.234532715109487,1.2373584862826887,1.2382999999999997,1.2373587242413515,1.237358700281332,1.2373925653104112,1.2373584863984317,1.2373584862949873,1.2373584871345717,1.237358588990511,1.2373585483291736,1.2373702517097425,1.1600261,1.1338645,1.2328585
0.1904296875,1.061685,1.0593757204875986,1.059953040365699,1.0616849999999998,1.059953484846907,1.0599534400921646,1.0600166965638433,1.059953040581894,1.0599530403886714,1.0599530419569245,1.0599532322128697,1.0599531562618616,1.0599750169468396,1.0176504,1.0113847,1.0408006,-0.112639,-0.10985757366865696,-0.1105540664617653,-0.11263900000000002,-0.11055458995812094,-0.11062903431180682,-0.11055453724737568,-0.11055406671639342,-0.11055406833586282,-0.11055406648882156,-0.11055429241354199,-0.11057994928026123,-0.11055420296075905,-0.063034534,-0.06967592,-0.056340933,1.2383,1.234532715109487,1.2354748441724077,1.2382999999999997,1.2354755583240091,1.2354754864162028,1.235577119924716,1.2354748445197703,1.2354748442093177,1.2354748467290433,1.2354751524148444,1.2354750303837339,1.2355101539863682,1.1556872,1.1298621,1.2301226
0.1923828125,1.061685,1.0593757204875986,1.0587984006094984,1.0616849999999998,1.058799136863107,1.0587990627298478,1.0589038428750985,1.0587984009676112,1.0587984006475508,1.0587984032452578,1.0587987183915986,1.0587985925837968,1.0588348033569632,1.0138319,1.00894,1.0368937,-0.112639,-0.10985757366865696,-0.10916032133693546,-0.11263900000000002,-0.10916119856622629,-0.10928594095569881,-0.10916111023820319,-0.10916032176361902,-0.1091603244773846,-0.10916032138227397,-0.10916069996717,-0.10920369291474191,-0.10916055007002712,-0.058841586,-0.06606135,-0.053837985,1.2383,1.234532715109487,1.2335903802601953,1.2382999999999997,1.233591571021032,1.2335914511235266,1.2337609112777708,1.23359038083938,1.2335903803217383,1.2335903845230736,1.2335908942169411,1.2335906907449203,1.2336492549172,1.1508758,1.1257113,1.2274162
0.1943359375,1.061685,1.0593757204875986,1.0576437608532978,1.0616849999999998,1.0576424274096736,1.0574527922588648,1.057642561673901,1.0576437602047124,1.0576437560796212,1.0576437607843805,1.0576431853117856,1.0575778311098758,1.0576434131648096,1.009762,1.0068034,1.0327941,-0.112639,-0.10985757366865696,-0.10776353308247971,-0.11263900000000002,-0.10776195564351256,-0.10776211447577236,-0.107537580279447,-0.10776353231521626,-0.10776353300095184,-0.10776352743531627,-0.10776285222808014,-0.10776312177385847,-0.1076855346603828,-0.05470875,-0.062906384,-0.05091259,1.2383,1.234532715109487,1.2317050918545447,1.2382999999999997,1.231702947538864,1.231397983821174,1.231703163449718,1.2317050908115525,1.2317050841779793,1.2317050917437187,1.2317041663242145,1.231599068726703,1.2317045327354874,1.1456497,1.1214856,1.2247022
0.1962890625,1.061685,1.046633464973643,1.0524387279453917,1.0616849999999998,1.0527303412711644,1.0525033889734596,1.0527656620719377,1.0524387367324355,1.0524387280359522,1.0524388486779983,1.0525515982481923,1.052457475678345,1.0525645942148536,1.0054954,1.0048844,1.0285492,-0.112639,-0.09443410865871903,-0.10144036591452024,-0.11263900000000002,-0.101784442442728,-0.10182610475142073,-0.10151667634861983,-0.1014403762852852,-0.10144050840719135,-0.10144036602140277,-0.10157356496126534,-0.1015888997599491,-0.10146249222606477,-0.0506728,-0.060171664,-0.047586203,1.2383,1.2138050080875098,1.2231970139442225,1.2382999999999997,1.223663136073545,1.2233003740712138,1.22371959035277,1.2231970279904072,1.2231970140889845,1.2231972069365957,1.2233774346092807,1.2232269822950887,1.2233982078930357,1.140085,1.1172539,1.2219363
0.1982421875,1.061685,1.046633464973643,1.0485685526308925,1.0615592765704458,1.0489794181033938,1.048659656093943,1.0490291829673977,1.048568565011304,1.0485685527584867,1.0485687227358056,1.0487275800353113,1.04859496704847,1.0487458905633666,1.0030917,1.0010996,1.0242141,-0.112639,-0.09443410865871903,-0.09677814757267554,-0.11248765154692673,-0.09726888173667601,-0.09732829435985442,-0.0968869939401785,-0.0967781623655256,-0.09677835082408809,-0.09677814772513268,-0.09696813413981961,-0.0969900056288234,-0.0968097082913995,-0.04676673,-0.057785034,-0.043898433,1.2383,1.2138050080875098,1.216937968546178,1.2380946980631589,1.2175977434913108,1.2170842727948008,1.2176776499206567,1.216937988428381,1.2169379687510868,1.2169382417245245,1.2171933495115799,1.216980388318057,1.2172227532850328,1.134269,1.1130792,1.2190661
0.2001953125,1.061685,1.046633464973643,1.0446983773163936,1.0591777115701428,1.0449931880937269,1.0447637473329983,1.0450288961763545,1.0446983861997847,1.044698377407947,1.0446984993727966,1.0448124852077882,1.0447173306125452,1.0448256236712774,1.0013373,0.99665093,1.0198493,-0.112639,-0.09443410865871903,-0.09208138605027423,-0.10961881307876854,-0.09243745157735908,-0.09248056531999806,-0.09216035575849592,-0.09208139678245288,-0.09208153350871197,-0.09208138616088153,-0.09221922671505675,-0.09223509585400139,-0.09210428344030988,-0.043016613,-0.055647075,-0.039901674,1.2383,1.2138050080875098,1.210669738808441,1.234208391582056,1.2111449758487391,1.2107751203059283,1.21120253393131,1.210669753129328,1.210669738956034,1.2106699355751842,1.210853687815149,1.2107002932487025,1.2108748673244387,1.1282992,1.1090139,1.2160336
0.2021484375,1.061685,1.046633464973643,1.0408282020018944,1.0546913086907383,1.0398309124262874,1.0397101186788824,1.0406070674941714,1.0408281719510482,1.040827789107972,1.0408282016921864,1.0404421964032804,1.0403977514450746,1.0407640865552121,0.9995416,0.9922277,1.0155169,-0.112639,-0.09443410865871903,-0.08734969601523823,-0.10419964908648391,-0.08613944761852957,-0.08708154113308648,-0.08599270222685694,-0.08734965958234765,-0.08734969563975588,-0.08734919543284297,-0.08688153892291292,-0.08727195927322218,-0.08682761268146763,-0.039441586,-0.05363807,-0.035654873,1.2383,1.2138050080875098,1.2043922222789318,1.2268963116995923,1.2027859742044793,1.2025913807536692,1.2040361126279993,1.204392173887811,1.2043915573924584,1.2043922217802063,1.2037705887358756,1.2036990075508758,1.2042889753989332,1.122273,1.1050957,1.2127739
0.2041015625,1.055594578069109,1.028414317971606,1.0356121954269406,1.0493904871476942,1.0362198085704786,1.036183997612473,1.0365596470656313,1.035612198705103,1.0356121955177717,1.0356123538768933,1.0358589969329157,1.0358219669800708,1.0358868983019016,0.9976372,0.987902,1.0112764,-0.10529166824576108,-0.07208229664864714,-0.08090160932100172,-0.09777197405100886,-0.08163547391254265,-0.08204554977242766,-0.08159224592789827,-0.08090161328263226,-0.08090180080635291,-0.08090160943077032,-0.08119979571780196,-0.08123349730464055,-0.08115506506670223,-0.03605151,-0.051627606,-0.031217992,1.228366404380445,1.1843345530313916,1.1959126285246457,1.2182724188960545,1.1968845329012912,1.1968272578606283,1.1974280225107767,1.195912633768815,1.1959126286699506,1.1959128820015241,1.1963074254771127,1.1962481927231652,1.1963520556890963,1.1162816,1.1013465,1.2092211
0.2060546875,1.04932419880626,1.028414317971606,1.0308136104567176,1.0437756989141707,1.0315414474465472,1.0314985508434127,1.0319485272307336,1.0308136143835054,1.0308136105655208,1.0308138002579716,1.0311092447218826,1.0310648879305608,1.0311426667250614,0.9955748,0.9837315,1.0071805,-0.09769172350039934,-0.07208229664864714,-0.07503575259390675,-0.09093549297652499,-0.07592394393205947,-0.07642016369209127,-0.07587163126826778,-0.0750357573892133,-0.07503598437496763,-0.07503575272677478,-0.07539667112505434,-0.07543746061502879,-0.07534253231805865,-0.032845348,-0.04948491,-0.026647717,1.2181632196696652,1.1843345530313916,1.1881974832054114,1.209156571063622,1.189364598849776,1.1892958214565124,1.190017225736898,1.1881974895030503,1.188197483379906,1.1881977876017238,1.1886715837860815,1.188600453438641,1.1887251783587969,1.1104054,1.0977683,1.2053077
0.2080078125,1.0430836525499818,1.028414317971606,1.0260150254864946,1.0380347412048736,1.025512867647007,1.025232010383935,1.0255424633749686,1.026015022777279,1.0260148945365855,1.0260150254114278,1.0258110580240707,1.025787999123325,1.0258416611822065,0.9933266,0.97975326,1.0032715,-0.0900917787550376,-0.07208229664864714,-0.06911502764124214,-0.08391533554174418,-0.06849585458755955,-0.06853236366852847,-0.06814928613815938,-0.06911502430234726,-0.06911502754872827,-0.06911486625576502,-0.06886360381514334,-0.06890133367334257,-0.06883517359352026,-0.029812485,-0.047089368,-0.021994144,1.208032764832514,1.1843345530313916,1.1804680177722515,1.1998560583403306,1.1796611914504709,1.1792098642444926,1.1797087478191195,1.1804680134197287,1.1804678073931014,1.180468017651652,1.1801403184338084,1.1801032697821974,1.1801894879040706,1.104706,1.0943441,1.2009722
0.2099609375,1.036872832719546,1.028414317971606,1.0212164405162716,1.03224137955417,1.0203831482223917,1.0199170872061245,1.0204322600555702,1.021216436020537,1.021216223214974,1.0212164403917041,1.0208779722075554,1.0208397077361364,1.0209287557935864,0.99088866,0.9759797,0.99958,-0.08249183400967586,-0.07208229664864714,-0.06313866100353704,-0.07679962376724106,-0.06210166589247503,-0.06216283034691773,-0.06152093483697771,-0.06313865541336088,-0.06313866084864482,-0.06313839080236082,-0.06271765644415606,-0.06278084152044236,-0.06267004353150282,-0.026932001,-0.04433942,-0.01729986,1.1979746073299244,1.1843345530313916,1.172724030359193,1.1904914557075676,1.1713829635988064,1.170632712300645,1.1714620143688022,1.1727240231251246,1.1727236807005272,1.172724030158752,1.1721793661652473,1.1721177863102978,1.1722610918770666,1.0992255,1.0910373,1.1961617
0.2119140625,1.030691632988371,1.0082447852118586,1.0159222158796197,1.0264264448748506,1.0163139784834798,1.0163095998717737,1.0163605511150258,1.0159222196550952,1.0159222173776683,1.0159229818511226,1.0160574674796616,1.0160345334819256,1.0161114103230084,0.9882811,0.9723964,0.9961231,-0.07489188926431412,-0.04697207807978454,-0.05652855650754474,-0.06962519559650933,-0.057011274219160205,-0.057068634820008506,-0.057005881086293536,-0.0565285611613623,-0.0565295006770793,-0.056528558354105425,-0.05669525140065635,-0.056761722497796395,-0.056666988831574436,-0.02417484,-0.041159213,-0.012599647,1.1879883166831955,1.1519467879353007,1.1642047439826753,1.1811131096875938,1.164828410759326,1.164821440748326,1.1649025457985018,1.164204749993503,1.164204746367676,1.1642059634640187,1.1644200685757964,1.1643835577604011,1.1645059440463246,1.0939832,1.0877984,1.19084
0.2138671875,1.024539947283723,1.0082447852118586,1.010803928767779,1.0206046193096916,1.0112596684506312,1.0112545747865334,1.0113138466598866,1.0108039331598113,1.0108039305104675,1.0108048198268191,1.0109612677294386,1.0109345884784031,1.0110240197483313,0.9855458,0.96896595,0.9929063,-0.06729194451895237,-0.04697207807978454,-0.05017370088846358,-0.06240961108512075,-0.0507410931751757,-0.050808510605626245,-0.05073475442981435,-0.05017370635897427,-0.05017481074909169,-0.0501737030590751,-0.05036964446519008,-0.05044777627818926,-0.05033642349967204,-0.021506816,-0.03750229,-0.007920951,1.1780734644666313,1.1519467879353007,1.156036886417589,1.1717448722205877,1.1567639840442845,1.1567558582140975,1.156850412555639,1.1560368934253664,1.1560368891981634,1.15603830816084,1.156287923350844,1.1562453572545501,1.156388040911887,1.0889785,1.0845659,1.1849905
0.2158203125,1.018417669786407,1.0082447852118586,1.005685641655938,1.0147840861469075,1.0052552151027474,1.0052040461114455,1.0052600258496789,1.0056856375078522,1.005684800088952,1.0056856400100438,1.005537041765479,1.0054777751792805,1.0055622391720183,0.98274034,0.9656323,0.98992443,-0.05969199977359063,-0.04697207807978454,-0.043754161089226105,-0.05516273168663133,-0.0432123378137214,-0.043218396171959564,-0.043147895150597866,-0.04375415586982799,-0.04375415901825207,-0.04375310217266424,-0.04356715517032481,-0.04359886880358018,-0.043492555561582984,-0.018890947,-0.033352017,-0.0032849312,1.1682296243001793,1.1519467879353007,1.1478525344534931,1.1624001041393988,1.147164309475262,1.1470824856229294,1.1471720022095226,1.1478525278215335,1.1478511889560052,1.1478525318220372,1.1476149459218918,1.1475201837768672,1.1476552337174137,1.0841929,1.0812758,1.1786224
0.2177734375,1.0123246949304645,1.0082447852118586,1.0005673545440974,1.0089702447619,1.0001502788105756,1.0001006969610764,1.0001549403394483,1.0005673505246755,1.0005665390805405,1.0005673529492547,1.000423363872855,1.000365935596814,1.0004477797150872,0.9799307,0.96232885,0.9871642,-0.05209205502822889,-0.04697207807978454,-0.037268944456401824,-0.047890882779605015,-0.03673868612671162,-0.03674461510691475,-0.03667561974731899,-0.03726893934835215,-0.03726894242960908,-0.03726790813034108,-0.03708592874761576,-0.03711696559682327,-0.03701292128992575,-0.01628989,-0.028719872,0.0012925863,1.1584563718421002,1.1519467879353007,1.1396514349647893,1.1530874161393794,1.1389832988471693,1.13890386352313,1.138990767023591,1.1396514285264023,1.139650128739477,1.1396514324101399,1.1394207812561763,1.1393287851343858,1.139459893098709,1.0795938,1.0778681,1.1717706
0.2197265625,1.006260917402876,0.9874680210768794,0.9952820415203224,1.003166837458962,0.995610138490931,0.9955094356152994,0.9956573055974065,0.9952820503371619,0.9952820444390779,0.9952831193573786,0.9954115971909346,0.9953479718634538,0.9954236548763062,0.97718245,0.95898575,0.98460513,-0.04449211028286715,-0.020686975415695988,-0.030575409325353086,-0.04059855832588552,-0.030986917060218555,-0.03104605297239807,-0.030860641750671297,-0.030575420387307334,-0.030576761620735842,-0.030575412987338742,-0.030737933819588448,-0.030753057745976392,-0.030658122652930078,-0.013667494,-0.023641795,0.005801022,1.148753284781656,1.1188530598419149,1.131227702298361,1.1438128551420068,1.1317462723463094,1.1315871146982086,1.1318208162539756,1.1312277162346256,1.1312277069118677,1.1312294059722385,1.1314324781405738,1.131331913188811,1.1314515359970727,1.0751426,1.0742902,1.1644961
0.2216796875,1.00022623214325,0.9874680210768794,0.990072694558027,0.9973766477299486,0.9904398242802557,0.9903271410735509,0.9904926027215394,0.9900727044237806,0.9900726978240185,0.9900739006222534,0.9902176630936304,0.9901464684441905,0.9902311552471025,0.97455305,0.95553774,0.9822209,-0.036892165537505406,-0.020686975415695988,-0.024000462981857554,-0.033289098283538626,-0.024465811170686566,-0.024532681103819273,-0.02432301844575965,-0.02400047549163983,-0.02400199227027868,-0.02400046712313695,-0.02418425627516567,-0.024201359093291,-0.024094001351317982,-0.010988444,-0.018173665,0.010235131,1.1391199428318013,1.1188530598419149,1.1229822546060606,1.1345807544418003,1.1235637470391802,1.1233852785609022,1.1236473351390812,1.1229822702334638,1.1229822597794072,1.1229841650174057,1.1232118788066054,1.1230991110806225,1.1232332491425596,1.0707971,1.0705025,1.1568803
0.2236328125,0.9942205343435251,0.9874680210768794,0.9848633475957317,0.991601744793413,0.9844904639998873,0.9844368583837321,0.9846049132442913,0.9848633375753563,0.9848621226293551,0.9848633442785537,0.984716107027706,0.9847024034172442,0.9847884174816971,0.9720846,0.9519295,0.9799792,-0.02929222079214385,-0.020686975415695988,-0.017355961452162113,-0.025965103426277687,-0.01687794688939509,-0.017024702514290457,-0.016809197910633775,-0.01735594861150092,-0.01735595720134753,-0.01735439171081919,-0.017167251064875894,-0.01725993457072357,-0.01714968500722067,-0.008217782,-0.012386918,0.014596015,1.129555927721911,1.1188530598419149,1.1147195054959795,1.1253943785079443,1.1141275633688008,1.1140424585734223,1.1143092578697336,1.1147194895901267,1.114717561043932,1.1147195002304537,1.1144857760245042,1.114464022218842,1.1146005632908444,1.0665174,1.0664799,1.1490202
0.2255859375,0.9882437194476612,0.9874680210768794,0.9796540006334363,0.9858437928166157,0.9793316575364435,0.9792853176048395,0.9794305943743759,0.9796539919712187,0.9796529416985303,0.9796539977658674,0.9795267169952465,0.9795148707668646,0.9795892265181759,0.9698002,0.94811714,0.9778417,-0.02169227604678211,-0.020686975415695988,-0.010640795149317568,-0.01862858464391234,-0.010223223521021514,-0.010351418107366388,-0.010163170968670815,-0.010640783931747772,-0.010640791435816479,-0.01063942382739187,-0.010475941450133676,-0.0105569071393305,-0.010460596414540719,-0.005320579,-0.0063630342,0.018891662,1.120060823190504,1.1188530598419149,1.1064391789653003,1.1162562309586381,1.105926401220005,1.1058526788518601,1.1060837954732912,1.1064391651865142,1.10643749454205,1.106439174403926,1.106236706547734,1.106217861993293,1.106336142922925,1.0622679,1.0622084,1.1410221
0.2275390625,0.9822956831513422,0.9665700095134957,0.9743933297326988,0.9801040948351244,0.9746920278256052,0.9745900845202379,0.9747657599243136,0.9743933470729553,0.97439333260833,0.9743945488932796,0.9745219070364627,0.9744503765555572,0.9745222539324071,0.96770096,0.94406873,0.97576374,-0.014092331301420366,0.0061995191606052024,-0.003870212797608312,-0.01128112390271422,-0.004251416677048946,-0.004345478955535845,-0.004121341062457122,-0.0038702349343391223,-0.003871769187287775,-0.0038702164686656737,-0.0040343341110505165,-0.004034776844600081,-0.003943035033663159,-0.00018912554,-0.002259642,0.023138702,1.1106342149780097,1.085844464129774,1.098129003691416,1.107168266475879,1.0985972778873159,1.0984374659613834,1.0987128602656746,1.098129030877682,1.098129008199866,1.0981309151058147,1.0983305835110706,1.0982184413645564,1.098331127350411,1.0580178,1.0576817,1.1329907
0.2294921875,0.9763763214016692,0.9665700095134957,0.9691777829198968,0.97438365709028,0.9694940672489298,0.9693861218997522,0.9695721404202088,0.9691778012810833,0.9691777859648345,0.9691790738601318,0.9693139303785369,0.9692381884481533,0.9693142976984281,0.96576923,0.93976337,0.9736961,-0.006492386556058624,0.0061995191606052024,0.0028248787092875816,-0.003923995177876926,0.0024168745919738773,0.0023162018230457786,0.002556093255046026,0.0028248550157825452,0.0028232128660297864,0.0028248747800616748,0.0026492169969070524,0.0026487431360328697,0.0027469355156540796,0.006046891,0.0010032654,0.027362406,1.101275690819531,1.085844464129774,1.08994369007913,1.098131991710267,1.0904405858621833,1.0902710065018435,1.090563232118119,1.089943718927188,1.0899436948631642,1.0899457183309234,1.0901575912888402,1.0900385946532571,1.0901581683687722,1.0537412,1.0528959,1.1250248
0.2314453125,0.9704855303968571,0.9665700095134957,0.9639622361070946,0.9686833484684683,0.9636322049313504,0.9635507384211693,0.9637448419709854,0.9639622169478653,0.9639608890579857,0.963962232929813,0.9638201711935818,0.9638197879086559,0.9638992051388107,0.9639699,0.93518746,0.97158605,0.0011075581893031188,0.0061995191606052024,0.009592418206078236,0.003441750329836646,0.010023063392343694,0.009876054430085872,0.010129411355143399,0.00959244319767238,0.009592422350573355,0.009594175320129444,0.009777757180898896,0.009674642147889238,0.009778257291253476,0.012260705,0.004507661,0.03159684,1.091984840437632,1.085844464129774,1.0817408113615459,1.0891485558331906,1.0812211290026676,1.08109283706121,1.0813985005337214,1.0817407811946118,1.0817386903809842,1.0817408063587952,1.0815171181397905,1.0815165146073418,1.081641565405499,1.0494151,1.0478442,1.117208
0.2333984375,0.9646232065859303,0.9665700095134957,0.9587466892942926,0.9630037721954174,0.9584617380480973,0.9583913992882911,0.9585589896630073,0.9587466727520788,0.9587455262425857,0.9587466865510053,0.9586240294454016,0.9586236985144917,0.9586922679114614,0.9622568,0.9303345,0.9693824,0.008707502934664862,0.0061995191606052024,0.01643358803598426,0.010815245606624621,0.016809441862480286,0.01668114079495115,0.016902253854012766,0.016433609848861497,0.01643359165333507,0.01643512165988601,0.0165953503348202,0.016505353177249084,0.016595786818423938,0.018376738,0.008292258,0.035881788,1.0827612555351436,1.085844464129774,1.0735200808780796,1.0802188358354403,1.0730704013528838,1.0729593919211295,1.0732238795203701,1.073520054774502,1.0735182455845695,1.0735200765491781,1.0733265188869439,1.0733259966515802,1.073434203067062,1.0450206,1.0425136,1.1096051
0.2353515625,0.9587892466684241,0.9457436465744631,0.9535244260362852,0.9573455017421453,0.9538207421098669,0.9536945584186484,0.9538581096430645,0.9535244531436683,0.9535244291890943,0.9535257854435982,0.9536396265206601,0.9535737539941994,0.953652322107785,0.9605783,0.9252054,0.96703935,0.016307447680026604,0.03345898985605309,0.02326890144543617,0.01819577960185688,0.02288409223141467,0.022835582069142518,0.02304793074442535,0.023268866231645917,0.02326713551262964,0.02326889734978587,0.023119268566866007,0.023102780593853397,0.023204825376143955,0.024331927,0.012392402,0.04025978,1.073604529787992,1.0532323381343058,1.0653442119591257,1.0713435048254454,1.0658047970394735,1.065608667687901,1.0658628760353808,1.065344254096637,1.0653442168600609,1.0653463251112851,1.0655232829508074,1.0654208898206323,1.065543016819175,1.0405399,1.0368853,1.1022576
0.2373046875,0.9529835475940744,0.9457436465744631,0.9483372397284038,0.9517089275084254,0.9486435739086996,0.9485131240915537,0.9486822047953518,0.9483372677522565,0.9483372429878058,0.9483386450957195,0.9484563350090752,0.9483882354080194,0.9484694598194451,0.958881,0.9198103,0.9645206,0.023907392425388346,0.03345898985605309,0.030043714573540287,0.025582767755145792,0.02964153990368481,0.029590841301746204,0.029812770824367625,0.03004367777019057,0.03004186892617865,0.030043710293011287,0.029887327974057746,0.0298700959030735,0.029976746230788647,0.030080318,0.016838491,0.04477121,1.064514258838029,1.0532323381343058,1.0572740179065514,1.0625230704831496,1.0577511911036752,1.057547998439332,1.0578113616310807,1.0572740615617884,1.0572740229840105,1.0572762071710464,1.057459538534298,1.0573534575427221,1.057479983135085,1.0359582,1.0309366,1.0951804
0.2392578125,0.9472060065625212,0.9457436465744631,0.9431500534205224,0.9460944233878943,0.9428265534968342,0.9427857578896579,0.9429643132004725,0.9431500238263251,0.9431485693020379,0.9431500499784765,0.9430242845162112,0.9430104242439133,0.9430962001467932,0.9571156,0.91417205,0.96180445,0.03150733717075009,0.03345898985605309,0.03689304864933265,0.0329757241629232,0.037322729983766435,0.03713971778363659,0.03737693674844497,0.036893087943663416,0.036893053219582764,0.03689501922254532,0.037060063277739884,0.03696455757033434,0.037078471730901126,0.035595894,0.021651983,0.049449757,1.0554900402859004,1.0532323381343058,1.0491862215925776,1.0537578999351391,1.0486811357788761,1.0486174359727214,1.048896230810141,1.0491861753898493,1.0491839045726767,1.0491862162188244,1.0489898647834972,1.0489682247777905,1.049102144411232,1.0312637,1.0246463,1.0883644
0.2412109375,0.9414565210230003,0.9457436465744631,0.937962867112641,0.9405022387091887,0.9376837167824517,0.9376485139697781,0.9378025905871777,0.9379628415756026,0.9379615864564966,0.9379628641424758,0.9378543402519056,0.9378423801267088,0.9379163967488403,0.9552375,0.9083299,0.95888495,0.03910728191611183,0.03345898985605309,0.04381814003531667,0.04037424670742578,0.04419301359746835,0.04403334958188805,0.04424030362943199,0.043818174319036465,0.043818144022792015,0.04381985933081675,0.043963855246359054,0.04388053003531902,0.04397991575021668,0.04087469,0.02684462,0.054320216,1.0465314736839124,1.0532323381343058,1.0410805309815196,1.045048245371046,1.0406437080113398,1.0405886178300663,1.040829731819702,1.0410804910227922,1.041078527091988,1.0410805263339944,1.0409107110955633,1.0408919957289464,1.0410078163927616,1.0264444,1.0180006,1.0817764
0.2431640625,0.9357349886740403,0.9250725190504444,0.9327871101152407,0.9349326026817528,0.9330796413368508,0.932930728672209,0.9330821195933576,0.9327871498508062,0.9327871138267294,0.9327885859543348,0.932888103204921,0.932828750689689,0.9329144422334424,0.9532093,0.90234077,0.9557725,0.04670722666147339,0.060995357411332676,0.05071241277269435,0.047778007763060966,0.05032578174690652,0.05032250733432107,0.05052256550485161,0.050712360238747,0.050710461585316786,0.05071240786577646,0.050578905386078864,0.0505440913713846,0.050657362689475585,0.0459356,0.03241688,0.059397593,1.0376381605289249,1.021145550949991,1.0330487855164063,1.0363942682058065,1.0334995095428396,1.0332700759928297,1.0335033277337597,1.033048846743657,1.0330487912353195,1.0330510595885463,1.033204399184699,1.0331129475688765,1.033244982183379,1.0214877,1.0109977,1.0753634
0.2451171875,0.9300413074631627,0.9250725190504444,0.9276440494053765,0.9293856876308028,0.9279428289316513,0.9277907355750752,0.9279453601223426,0.9276440899896716,0.9276440531961405,0.9276455567675751,0.9277471996514446,0.9276865793994022,0.9277741012670084,0.9510004,0.8962795,0.9524905,0.05430717140683513,0.060995357411332676,0.05754870557000093,0.05518674194775616,0.0571494362494311,0.05714605483089083,0.057352651680306496,0.05754865131835081,0.057546690584722525,0.05754870050264152,0.0574108332947827,0.05737488120378491,0.0574918555824106,0.050818846,0.038357526,0.06468861,1.0288097042552657,1.021145550949991,1.025117667294865,1.027796051696541,1.0255790111308312,1.0253441720018286,1.0255829192758787,1.025117729964872,1.0251176731485385,1.0251199949531187,1.0252769477139798,1.0251833412383065,1.025318486936158,1.0163789,1.0036527,1.0690581
0.2470703125,0.9243753755865769,0.9250725190504444,0.9225009886955123,0.9238615850516909,0.9221835279141809,0.9221808384602393,0.9223451309410549,0.9225009455736752,0.9224993870851634,0.92250098466773,0.9223913889578075,0.9223628053128621,0.9224557995043325,0.94858766,0.8902364,0.94907033,0.06190711615219687,0.060995357411332676,0.06446122477642316,0.062600230949804,0.06489048737228492,0.06467193484217414,0.0648941252477193,0.06446128306463896,0.06446123022081636,0.06446338969270854,0.0646093894273498,0.0645223104447592,0.0646480366024414,0.055582553,0.044645354,0.07019442,1.0200457102276554,1.021145550949991,1.0171690143724919,1.0192536060133417,1.0166776684774377,1.0166735056187772,1.0169277960062195,1.0171689476358319,1.0171665356709965,1.0171690081389742,1.0169993904528074,1.0169551511510906,1.017099077524658,1.0110979,0.99599576,1.0627826
0.2490234375,0.9187370914888725,0.9250725190504444,0.9173579279856481,0.9183604162991128,0.9170840780190946,0.917081758025838,0.9172234810134385,0.9173578907876244,0.9173565463947043,0.9173579245111778,0.9172633843876047,0.9172387273884647,0.9173189466083539,0.9455435,0.88431096,0.945956,0.06950706089755862,0.060995357411332676,0.07145125245549751,0.0700182936305256,0.07182569930253738,0.07163505964788144,0.07182887248446462,0.07145130330277497,0.07145125720487214,0.07145314100317192,0.07158050071634607,0.0715045397235465,0.07161421308265857,0.06029865,0.051249787,0.07591388,1.011345785734144,1.021145550949991,1.0092025318304938,1.0107668760591417,1.0087777128642883,1.0087741136769814,1.008993972873433,1.009202474129302,1.0092003887201888,1.0092025264409312,1.0090558737097923,1.0090176242194613,1.009142063798337,1.0056192,0.9880715,1.0564561
0.2509765625,0.9131263538627237,0.9045991608955496,0.9122351940033364,0.9128821991127375,0.9124855024612877,0.9123575066838748,0.9125273113379655,0.9122352470637521,0.9122351987995334,0.9122367806839975,0.9123216101622765,0.912270657180153,0.9123612778133183,0.94193774,0.8786044,0.9431004,0.07710700564292036,0.08875783338547376,0.07839679154330248,0.07744078574722874,0.07806001024772254,0.07800377587054402,0.07823220101240522,0.07839672013277986,0.07839465613778016,0.07839678508841613,0.07828050072987591,0.07822712707879617,0.07834906583934778,0.065045446,0.058133885,0.081844985,1.0027095399790837,0.9896471904913713,1.0013240284834262,1.0023357571916442,1.001706276038213,1.001510818086494,1.0017701185922248,1.0013241095166938,1.0013240358081241,1.0013264516434048,1.0014559997991586,1.0013781870315095,1.0015165770033567,0.99991316,0.97993463,1.05
0.2529296875,0.9075430616485792,0.9045991608955496,0.9071445052648118,0.9074269866013548,0.9073982853921344,0.9072685143689958,0.9074406741397355,0.9071445590611524,0.9071445101275301,0.9071461139520431,0.9072321199782659,0.9071804603004564,0.9072723378023634,0.938267,0.87320966,0.94002557,0.0847069503882821,0.08875783338547376,0.0852847715009505,0.08486760071922651,0.08493948878194676,0.08488183523248943,0.08511602572238648,0.08528469828740803,0.08528258217937738,0.08528476488308692,0.08516554472135124,0.08511082370646084,0.08523584082418822,0.06990175,0.06525548,0.087984964,0.9941365840760978,0.9896471904913713,0.9935438100332886,0.9939601113231225,0.9939322020779785,0.9937336023619708,0.9939970707600322,0.9935438923692643,0.99354381747574,0.9935462721484848,0.9936779028762976,0.9935988392337286,0.9937394538513883,0.99394906,0.9716453,1.0433447
0.2548828125,0.9019871140343638,0.9045991608955496,0.9020538165262874,0.9019947697832261,0.9017831551985774,0.9017379467938583,0.9019215584604543,0.9020537591514679,0.9020521008307896,0.902053811340106,0.9019603737696752,0.9019174806961211,0.9020154697976128,0.93453276,0.86820215,0.93674725,0.09230689513364385,0.08875783338547376,0.09225049529462952,0.0922986656367116,0.09262312921466091,0.09243255410278242,0.0926853918447182,0.09225057426191455,0.09225050243258028,0.09225285668009246,0.09237911765643354,0.09230327568897688,0.0924381681659513,0.07493867,0.072568774,0.094328105,0.9856265310410836,0.9896471904913713,0.9857461817507577,0.9856397750470447,0.9853309730364795,0.9852616160821306,0.9855432971792037,0.9857460937400743,0.9857435499413563,0.9857461737953626,0.9856028413084216,0.9855370416771252,0.9856873588973858,0.98770016,0.9632649,1.0364358
0.2568359375,0.8964584104551703,0.9045991608955496,0.8969631277877628,0.8965855564274615,0.8967297005301988,0.8966907113106392,0.8968490640688734,0.8969630783058259,0.8969616481153683,0.8969631233150289,0.8968825396719807,0.8968455472703957,0.896930056303976,0.93072164,0.8636316,0.93329114,0.09990683987900559,0.08875783338547376,0.09929528662313487,0.09973393078870148,0.09962031423448553,0.09945408951634048,0.09967461990121812,0.09929535550459864,0.09929529284941581,0.0992973464083671,0.09940747960092887,0.09934132556628408,0.09945898634942206,0.08021422,0.0800249,0.1008634,0.977178995785216,0.9896471904913713,0.9779308472088066,0.9773745610353769,0.9775719230176759,0.9775119684236718,0.977755464422618,0.9779307711280306,0.9779285721430507,0.9779308403317706,0.9778069369819288,0.9777500568984546,0.9778799978870403,0.9811499,0.9548525,1.0292379
0.2587890625,0.8909568505929594,0.8843470091422483,0.8918966092415396,0.8911993270906033,0.8921067886305498,0.8920037005190945,0.8921833274020804,0.8918966737906839,0.8918966159172849,0.891898311034633,0.8919691712941178,0.891927659144908,0.8920203626576725,0.9268113,0.85951495,0.9296886,0.10750678462436733,0.1167183514171296,0.10628828223724537,0.10717335959506344,0.1060003491975909,0.10589552941033326,0.1061415567148217,0.10628819378799288,0.10628595033878172,0.1062882730897234,0.10618886128100292,0.10611873112274486,0.10624573720647126,0.08757308,0.08576858,0.10757224,0.9687935951079855,0.9587689495287337,0.9702094811725682,0.9691642589936138,0.9705275587946699,0.9703715528007443,0.9706433823613807,0.9702095788633693,0.9702094912758612,0.9702120567213517,0.9703192972110264,0.9702564727967444,0.9703967685423949,0.97429794,0.94646406,1.0217367
0.2607421875,0.8854823343762572,0.8843470091422483,0.8868635425086787,0.8858360450154497,0.8870753959364635,0.8869714867478484,0.8871525443247215,0.8868636075719447,0.886863549237595,0.8868652578562297,0.8869366825041758,0.8868948397186095,0.8869882815971845,0.92277586,0.85583454,0.9259733,0.11510672936972907,0.1167183514171296,0.11322193102105257,0.11461692229614595,0.11292841344626416,0.11282156112228675,0.11307235948299624,0.11322184085601356,0.11321955388721802,0.11322192169608201,0.11312058155593177,0.11304909119009333,0.11317856069932511,0.09516089,0.09162207,0.11442858,0.9604699476902437,0.9587689495287337,0.9625867601145645,0.9610086415679958,0.9629080754066871,0.9627504815338719,0.9630250777562995,0.9625868587998523,0.962586770320708,0.9625893618822656,0.9626976940332653,0.9626342301033342,0.9627759539405513,0.96716446,0.9381521,1.01394
0.2626953125,0.8800347619798468,0.8843470091422483,0.8818304757758179,0.8804956892090725,0.8816038504669305,0.8815213227613277,0.8817150049203295,0.8818304061758925,0.8818286408224132,0.8818304685777152,0.8817522359557457,0.8816970390183456,0.8817969963087068,0.9185947,0.8525385,0.92217463,0.12270667411509062,0.1167183514171296,0.12023472770911069,0.12206459269773089,0.12055246238133412,0.12039660049086497,0.12066820898415875,0.1202348252649754,0.12023473779844743,0.12023729970647246,0.12034440354466133,0.12028165652540065,0.1204217897963957,0.102736264,0.0977754,0.121400714,0.9522076740872605,0.9587689495287337,0.9549467898198967,0.9529074734670453,0.9546022530642954,0.9544767779671971,0.9547712447943497,0.9549466840131179,0.954944000296974,0.9549467788772406,0.9548278464330102,0.954743931229774,0.954895893478692,0.9597919,0.929965,1.005874
0.2646484375,0.874614033824471,0.8843470091422483,0.876797409042957,0.8751782083395215,0.8766020015350494,0.8765308420808635,0.8766978443817207,0.8767973490304719,0.8767958268557172,0.8767974028363982,0.8767299468149539,0.8766823532957905,0.8767685413967689,0.914258,0.849546,0.91831297,0.13030661886045236,0.1167183514171296,0.12732803529592593,0.1295163449485267,0.12760515781366524,0.1274692202151231,0.12770610523604076,0.12732812038531607,0.12732804409596601,0.12733027862214094,0.12742369474312032,0.12736896696392322,0.12749118980477558,0.11024974,0.104212046,0.12845449,0.9440063967218147,0.9587689495287337,0.947289273241979,0.94486052067434,0.946991494860719,0.9468830494140841,0.9471375516096303,0.947289181794045,0.9472868622802411,0.9472892637843309,0.9471864716736543,0.947113944886224,0.9472452839921425,0.9522424,0.9219498,0.99757826
0.2666015625,0.8692200505765262,0.864334627032663,0.871790402520714,0.8698835807906622,0.8719655225250353,0.8718878778002211,0.8720683682274485,0.8717904747882971,0.8717904120668828,0.8717922313121738,0.8718508607179755,0.8718186643743272,0.8719103781989596,0.9097697,0.8467551,0.9143966,0.1379065636058141,0.14485618431974667,0.13436610911751984,0.1369721478330546,0.13412178456679413,0.1339783416697652,0.13423010109930852,0.13436600827073114,0.13436355711056755,0.13436609579618694,0.13428174774138715,0.13419871043733028,0.13432667200196027,0.11765738,0.11090262,0.13555609,0.9358657398772872,0.9285321033091797,0.9397274050884414,0.9368675575769492,0.9399900194415373,0.9398735840326369,0.9401442397364546,0.9397275134670167,0.939727419404683,0.9397301476975878,0.9398180720713213,0.9397697886822362,0.9399073258718822,0.9445931,0.91414976,0.9891006
0.2685546875,0.8638527131477559,0.864334627032663,0.86681988552868,0.864611783697206,0.8669951002821523,0.8669174135474502,0.8670980016295105,0.8668199578353636,0.8668198950800137,0.8668217153096123,0.8668803764370122,0.8668481626734453,0.8669399261200901,0.9051467,0.84405166,0.9104196,0.14550650835117585,0.14485618431974667,0.14133944186236594,0.14443195770667985,0.14109218558932982,0.1409470217691919,0.14120180176690886,0.14133933980535823,0.14133685922990744,0.14133942838116945,0.14125406813873265,0.14117003444880985,0.14129953148703048,0.12492381,0.11780961,0.14267297,0.9277853296907722,0.9285321033091797,0.9322681220457479,0.9289283724998763,0.9325314601962101,0.9324147039169833,0.9326861053903529,0.9322682307230946,0.9322681364014557,0.9322708722155342,0.9323590389545389,0.9323106224758312,0.9324485387478482,0.93692976,0.9066041,0.9804902
0.2705078125,0.858511922694954,0.864334627032663,0.861849368536646,0.8593628117547606,0.8616612146324557,0.8615507142900577,0.8617446383290812,0.8618492908903032,0.8618474036311834,0.8618493582799712,0.8617844105331379,0.8617204632619044,0.8618190031987876,0.9004157,0.84132,0.90636367,0.1531064530965376,0.14485618431974667,0.14839320877625528,0.15189571085890186,0.1486619077387723,0.14854275748733,0.14881976584916864,0.14839331963730246,0.1483932234204171,0.1483960142136554,0.1484859607873128,0.14843656499028599,0.14857728325637867,0.13202421,0.1248925,0.14977361,0.9197647941462185,0.9285321033091797,0.9247917840569776,0.9210427735695702,0.924508324394219,0.9243418406159636,0.9246340078385381,0.9247916670854988,0.9247888239948434,0.924791768605659,0.9246939256329707,0.9245975869674311,0.9247460394224694,0.92933744,0.89934427,0.9717952
0.2724609375,0.8531975806196564,0.864334627032663,0.8568788515446119,0.8541366739724676,0.8567166706910084,0.8566214239836352,0.8567885784538992,0.8568787846166881,0.8568771578776824,0.8568788427037841,0.8568228604425263,0.8567677405496977,0.8568526778840917,0.89560753,0.83845097,0.9022025,0.16070639784189933,0.14485618431974667,0.1555288095882275,0.159363316455313,0.15576311656723746,0.15565921856997583,0.15590076336309736,0.15552890626248006,0.15552882235838844,0.15553125601545895,0.15560969139259764,0.15556661736737254,0.15568932501989474,0.1389462,0.13211212,0.15682702,0.9118037630675716,0.9285321033091797,0.9172980943290687,0.9132105955185222,0.91705317850558,0.916909333854239,0.9171617716293562,0.9172979932624022,0.9172955367517959,0.9172980809786923,0.9172135420425898,0.9171303031808129,0.9172585697057994,0.9218952,0.89238983,0.96305954
0.2744140625,0.8479095885678372,0.8445828732059759,0.8519323083586431,0.8489333998498124,0.8520794618244761,0.8520246031651931,0.8521972303988568,0.8519323836478523,0.851932321390106,0.8519342852084232,0.8519831114253716,0.8519590681927791,0.8520466541239183,0.89075327,0.8353489,0.89790547,0.16830634258726107,0.17314293875935494,0.16260991421929608,0.16683464958542127,0.16240076189116404,0.16223342696519907,0.16247872521572018,0.16260980719067905,0.1626071040021599,0.16260989569420375,0.16253769858193723,0.1624473859108574,0.16257187452722846,0.14568986,0.13943318,0.16380262,0.903901868111939,0.8989632217165423,0.9098972405664572,0.9054317074137417,0.910115907726351,0.9100343905790599,0.9102908987771193,0.9098973524485553,0.9098972599316152,0.9099001782252033,0.9099727346108079,0.9099370062634692,0.9100671574190334,0.914668,0.88574356,0.95432246
0.2763671875,0.8426478484296106,0.8445828732059759,0.8470326849235317,0.8437530598020535,0.847177865341061,0.8471237422321372,0.8472940548626845,0.8470327592032556,0.8470326977802674,0.8470346352675133,0.8470828068176893,0.8470590859591505,0.8471454975294148,0.88588053,0.8319359,0.8934458,0.1759062873326228,0.17314293875935494,0.16961162130642782,0.17430954340138577,0.16940289281626636,0.16923589658735014,0.16948069821649028,0.16961151449484155,0.16960881678775266,0.1696116028189004,0.16953955207362997,0.16944942240252855,0.1695736587414259,0.15226749,0.14682618,0.1706719,0.8960587427627813,0.8989632217165423,0.9026120832855665,0.8977060201994019,0.902828297573899,0.9027476948375387,0.9030013256689259,0.9026121939126467,0.9026121024334992,0.902614987991635,0.9026867304873277,0.9026514029174345,0.9027800941189265,0.9077044,0.8793889,0.9456196
0.2783203125,0.8374122623389206,0.8445828732059759,0.8421330614884202,0.8385957457733806,0.8419760064034394,0.8418503134518485,0.8420345563760605,0.8421329811331728,0.8421309516209532,0.8421330475801001,0.8420788399998731,0.8420110216589074,0.8421045010464319,0.8810126,0.8281533,0.88880557,0.18350623207798455,0.17314293875935494,0.17669480180838845,0.18178777957960024,0.17692331843354644,0.17683811770693023,0.17710626428425325,0.17669491870423518,0.17669482204135123,0.1766978711205559,0.1767736849496878,0.17673635117910147,0.1768723635233952,0.15870321,0.154268,0.17741108,0.8882740223231013,0.8989632217165423,0.8953101227887662,0.8900334936032784,0.8950756640726247,0.8948880114500053,0.8951630720949321,0.8953100028354269,0.8953069732026607,0.8953101020265949,0.8952291805615029,0.895127937904696,0.8952674878172349,0.9010336,0.8732881,0.9369824
0.2802734375,0.8322027326732444,0.8445828732059759,0.8372334380533087,0.8334615869070151,0.8370981592549271,0.8369898941105139,0.8371485910505129,0.837233368839623,0.837231620727014,0.8372334260734303,0.8371867345809697,0.8371283195116632,0.8372088376255422,0.8761695,0.82396257,0.8839803,0.1911061768233463,0.17314293875935494,0.18386088611138035,0.18926907688355196,0.18406003771747984,0.18398578668073498,0.18421946736526576,0.18386098798832481,0.18386090374479078,0.18386356107420695,0.18392963367251983,0.18389709701128915,0.18401563151432535,0.16503134,0.16174148,0.18400425,0.8805473439086703,0.8989632217165423,0.8879910640707683,0.8824141429466431,0.8877886222408861,0.8876265961968001,0.8878640938976271,0.8879909604973626,0.887988344568822,0.887991046143724,0.8879211748238761,0.8878337575708383,0.8879542510444514,0.8946653,0.86738336,0.9284381
0.2822265625,0.8270191620532829,0.8251376395517713,0.8323529135669908,0.8283507615538297,0.8324871379805988,0.8324462214181239,0.8326227368893001,0.8323529848530543,0.8323529297730701,0.8323550665635909,0.8323992530249337,0.8323799671219333,0.8324693748257584,0.87136924,0.8193443,0.8789822,0.19870612156870787,0.20151279899226834,0.19097729457400273,0.19675307888920246,0.19078286842787381,0.19058651495605353,0.1908421300602931,0.19097719129839089,0.1909741754301731,0.1909772710954604,0.1909101640631235,0.19080859503370667,0.19093810203434552,0.17129526,0.16923505,0.19044593,0.8728783464412551,0.870122013250732,0.8807572914406571,0.8748480472753813,0.8809549444756094,0.8808946938584883,0.8811546087546845,0.8807573964167552,0.8807573153057843,0.8807604619491662,0.8808255303340694,0.8807971303421259,0.8809287879487874,0.88859296,0.8616021,0.92000985
0.2841796875,0.8218614533426617,0.8251376395517713,0.8275427308901778,0.8232635025491366,0.8276712388785592,0.8276320648937839,0.8278010628242596,0.8275427991402702,0.8275427464060634,0.8275447921937413,0.8275870968170823,0.8275686322730245,0.8276542322310017,0.8666285,0.81429714,0.87383986,0.2063060663140696,0.20151279899226834,0.19798055126208838,0.2042393414590592,0.19779225387547264,0.1976020876352921,0.19784964768305285,0.1979804512425582,0.19797753045859284,0.19798052852377945,0.1979155371134815,0.19781716964854318,0.19794259434237307,0.17754531,0.17674279,0.19674167,0.8652666706418725,0.870122013250732,0.8736712002049287,0.86733536060332,0.8738608535683431,0.8738030414568093,0.8740524371190818,0.873671300932207,0.8736712231041348,0.8736742423897983,0.8737366772063916,0.8737094266670443,0.8738357556630957,0.8827934,0.85586226,0.91171384
0.2861328125,0.816729509647627,0.8251376395517713,0.8227325482133648,0.8182001049650772,0.8225912974667097,0.8224486002733689,0.8226343559152051,0.8227324731956432,0.8227302825124455,0.8227325311589354,0.8226837829935506,0.8226099904810185,0.8227040784683118,0.8619634,0.80883765,0.8685947,0.21390601105943144,0.20151279899226834,0.2050656983386738,0.21172731895693125,0.20527516091437623,0.20521130135756577,0.20548684150161886,0.20506580956434337,0.2050657236245684,0.20506905760855487,0.20513800479002564,0.2051079107076689,0.20524743666957085,0.18426391,0.18383491,0.20290712,0.857711959024056,0.870122013250732,0.866568684197785,0.8598763268501441,0.8663597253030978,0.8661486119476735,0.8664234252275387,0.8665685732243611,0.8665653325534285,0.8665686589692342,0.8664965451387987,0.8663873795901805,0.8665265687221968,0.8772317,0.85008055,0.9035602
0.2880859375,0.8116232343167384,0.8251376395517713,0.8179223655365518,0.8131609388290306,0.8178008838812176,0.8176781582201568,0.8178379159799725,0.8179223010181177,0.8179204169373077,0.8179223508690165,0.8178804253715187,0.8178169606693068,0.8178978803438157,0.8573857,0.8029979,0.86329603,0.2215059558047931,0.20151279899226834,0.21223418059025012,0.21921634622021585,0.21241646927816932,0.2123608952103715,0.2126006796523796,0.2122342773886911,0.2122342025962781,0.2122371041237462,0.21229710757385167,0.2122709173660448,0.212392342225298,0.19180292,0.19021636,0.20896564,0.8502138558871358,0.870122013250732,0.8594494536381132,0.8524712981393575,0.8592692946817546,0.8590872798071194,0.8593242149425447,0.8594493579592779,0.8594465639245633,0.8594494318866138,0.8593872570283876,0.8592931374025259,0.8594131426370805,0.87186223,0.8441804,0.89555055
0.2900390625,0.8065425309405715,0.806101411791472,0.8131235754051046,0.8081464678104839,0.8132706163952648,0.8132283679891399,0.8134444165874376,0.8131236350430477,0.8131235926112835,0.8131259027867532,0.8131743396408815,0.8131539588283143,0.813262057014623,0.85289854,0.79682523,0.8579938,0.22910590055015484,0.2298078454013356,0.21935951680804824,0.2267056122874297,0.21914232812733356,0.21888571569600576,0.2192047236075021,0.21935942870317682,0.21935607850890002,0.21935949138885733,0.2192845259993532,0.2191549687116916,0.21931463216534478,0.19936949,0.19673494,0.21494608,0.8427720073095475,0.8421500680627242,0.8524054338491366,0.8451207569093604,0.8526200642927543,0.8525583973850935,0.8528737344006584,0.8524055209036074,0.8524054589652748,0.8524088311639223,0.852479534312147,0.8524497846967236,0.8526075708933059,0.86662835,0.83809763,0.88768065
0.2919921875,0.8014873033514104,0.806101411791472,0.8084421329960162,0.8031572688442085,0.8085744968100472,0.8085364655089432,0.8087309488054416,0.8084421866810846,0.8084421484847276,0.8084442280656385,0.808487830103037,0.808469483640044,0.8085667918002656,0.8484914,0.7903803,0.8527322,0.23670584529551658,0.2298078454013356,0.2263049015063093,0.23419412172608736,0.22610715363621278,0.22587350216263896,0.22616396471717712,0.22630482128917861,0.22630177102600313,0.22630487836281546,0.2262366239764809,0.2261186629326143,0.22626403509457002,0.20697817,0.20342356,0.22088034,0.8353860611421439,0.8421500680627242,0.8455724570899553,0.8378253450911165,0.8457660804624739,0.8457104491144621,0.8459949240116551,0.8455725356236803,0.8455724797477681,0.8455755218814005,0.8456393047948237,0.8456124669762737,0.8457548098285089,0.86146384,0.83178675,0.87994003
0.2939453125,0.796457455622944,0.806101411791472,0.8037606905869278,0.7981940639114283,0.8036102680018078,0.8034324708163258,0.8036534880213383,0.8037606295774531,0.8037583096810065,0.8037606729850474,0.8037087588938068,0.803619024227958,0.8037296084168538,0.84413534,0.7837343,0.8475436,0.24430579004087832,0.2298078454013356,0.2333311919240331,0.24168063840974185,0.23355861977650152,0.23349326557848937,0.23382754582269363,0.23333128414860246,0.2333312185317978,0.23333479101512647,0.23340969919129181,0.2333781788945284,0.23354537867468125,0.21464741,0.2102986,0.22680235,0.8280556670015288,0.8421500680627242,0.8387236994465738,0.8305859073076498,0.8385031339732475,0.8382424075222982,0.8385665094307985,0.8387236099914117,0.8387202084404752,0.8387236736378112,0.8386475535953547,0.8385159737321839,0.8386781248505552,0.8562907,0.8252222,0.8723143
0.2958984375,0.7914528920699673,0.806101411791472,0.7990792481778394,0.7932577699310579,0.7989502659587681,0.7987978109566829,0.7989873256464666,0.7990791958643026,0.7990772066324897,0.7990792330848293,0.7990347185281625,0.7989577741230415,0.7990525962806758,0.8397815,0.77696747,0.8424454,0.25190573478624007,0.2298078454013356,0.24043981003081924,0.24916360298405282,0.24063715024950538,0.24058044314428112,0.24087048553845006,0.2404398900565714,0.24043983311909622,0.2404429330582231,0.24050793230449474,0.2404805816790206,0.240625661161604,0.22239813,0.2173569,0.23274738,0.8207804762634161,0.8421500680627242,0.8318588835598917,0.823403558839718,0.8316692760998657,0.8314451469395057,0.8317237561489401,0.831858806660056,0.8318558825282135,0.831858861373474,0.8317934251394208,0.8316803136519866,0.8318197055477597,0.8510206,0.8184009,0.86478865
0.2978515625,0.7864735172480716,0.787686100279064,0.7944045518235847,0.7883495735447229,0.7946184244748855,0.794544908141466,0.7948565941503543,0.7944045960725624,0.7944045661215773,0.7944069118454308,0.7944783889331215,0.7944452465487468,0.7945996625276605,0.83536273,0.77016366,0.83743817,0.2595056795316017,0.2576914542848736,0.24750421298940534,0.2566410078896645,0.24718188492783658,0.24682314289027668,0.24729266202409822,0.24750414628369902,0.24750065524697923,0.24750419143506047,0.2473929132640064,0.24721015416705014,0.2474428684877535,0.23025198,0.22457597,0.2387515,0.813560142055987,0.8153416826788519,0.8250652861159367,0.8162797937851879,0.8253748970487411,0.8252684754751586,0.8257196425216407,0.82506535017601,0.8250653068154081,0.8250687027617676,0.8251721795144276,0.825124200034056,0.8253477377957701,0.8455549,0.81133974,0.8573486
0.2998046875,0.7815192359533455,0.787686100279064,0.7899255841272376,0.7834710514435728,0.7900966404843924,0.7900378417735259,0.7902871297162911,0.7899256195177791,0.7899255955628396,0.7899274716838622,0.7899846393963587,0.7899581319607232,0.7900816345903431,0.83079785,0.76340747,0.83250743,0.26710562427696344,0.2576914542848736,0.2542764529150139,0.264110202368268,0.2540157830962257,0.2537256326569524,0.254105372701186,0.25427639897230475,0.2542735758841737,0.2542764354847248,0.25418644685473024,0.2540386458016148,0.25422684513898813,0.23823002,0.23191744,0.24485043,0.8063943192532828,0.8153416826788519,0.8185865375793029,0.8092166563272757,0.818834674393902,0.8187493825591045,0.8191109755555491,0.8185865889195527,0.8185865541686695,0.8185892758132944,0.8186722064299368,0.8186337535894113,0.8188129074870568,0.8397928,0.8040736,0.84998256
0.3017578125,0.7765899532220712,0.787686100279064,0.7854466164308905,0.7786243638735579,0.7852388620585128,0.7850075057296626,0.7853102753019368,0.7854465734477483,0.7854443239224541,0.7854466025419223,0.7853748915878276,0.7852570872806094,0.7854070858642953,0.82600224,0.7567791,0.82762635,0.2747055690223252,0.2576914542848736,0.2611259295190273,0.2715675838976088,0.261446282572764,0.26133614567311747,0.26180322892148267,0.26112599578063855,0.26112595092987195,0.26112946359610795,0.26123650862502384,0.2611868717999274,0.2614181728648199,0.24635044,0.23933187,0.2510775,0.7992826644686033,0.8153416826788519,0.812093132352959,0.8022170104564237,0.8117910521878755,0.8114546162184937,0.8118948925046461,0.8120930698577059,0.8120897991630105,0.8120931121591216,0.8119888462423483,0.8118175534165744,0.8120356563825277,0.83363724,0.79665184,0.8426825
0.3037109375,0.7716855743304205,0.787686100279064,0.7809676487345434,0.7738125571254955,0.7807904740984655,0.7805931715199482,0.7808513758993275,0.7809676120781665,0.7809656936645091,0.7809676368899171,0.7809064811989485,0.7808060167176433,0.7809339367424909,0.8208983,0.75034916,0.8227617,0.2823055137676869,0.2576914542848736,0.2680539716935761,0.279008110877612,0.268330410683077,0.26823537372081685,0.2686384022351428,0.26805402887418395,0.2680539901701132,0.2680570214321737,0.2681493949448059,0.2681065615969936,0.26830615509290573,0.2546277,0.24676526,0.25746158,0.7922248360479262,0.8153416826788519,0.8055848182619016,0.7952849619559155,0.8053265295652364,0.8050388698537778,0.8054153161101691,0.805584764825977,0.8055819682522779,0.8055848009953683,0.805495649713704,0.8053491888587961,0.8055356740902659,0.8270068,0.78913313,0.8354451
0.3056640625,0.7668060047941484,0.7702696702206953,0.7765061955056117,0.769040028336089,0.7769502350549042,0.7767223230338004,0.7772572156344829,0.7765062257524983,0.7765062073346473,0.7765081551434879,0.7766594951287303,0.7765688592352704,0.7768303511375992,0.8154266,0.7441738,0.81787854,0.28990545851304866,0.28454508171294035,0.2749099992131403,0.28642454303651055,0.2742269726033429,0.2737552278977414,0.2745774518777089,0.2749099526604367,0.2749069831600875,0.2749099810071806,0.27467410374162216,0.27441130243890555,0.27481356182457867,0.26307112,0.25416613,0.2640239,0.785220494063336,0.7902171674136051,0.7991663635014125,0.7884265105659923,0.7998043976022278,0.7994769321723944,0.8002454089392501,0.7991664069676704,0.7991663805003163,0.7991691795956675,0.7993866539291723,0.7992564129075663,0.7996321523917764,0.8198474,0.7815819,0.82827085
0.3076171875,0.7619511503682961,0.7702696702206953,0.7723485119823341,0.7643132301010216,0.7726338031886467,0.7724873718729284,0.7728310353045744,0.7723485314156723,0.7723485195823775,0.772349771031116,0.7724470055387672,0.7723887728353479,0.7725567789068234,0.8095555,0.7382902,0.812946,0.29750540325841035,0.28454508171294035,0.28131609844988825,0.29380628155893795,0.28087259847549173,0.2805661823564394,0.2811001926302192,0.28131606822859795,0.2813141404734846,0.2813160866308627,0.2811629480821256,0.28099230443659007,0.2812534910109923,0.27077672,0.26149118,0.2716837,0.7782693003064853,0.7902171674136051,0.7932034280109211,0.7816505379310786,0.7936141476500038,0.7934033453191665,0.793898057454897,0.7932034559902071,0.7932034389531373,0.7932052407347229,0.7933452311822806,0.7932613932534688,0.7935032655899937,0.81214017,0.7740621,0.82116234
0.3095703125,0.7571209170468806,0.7702696702206953,0.7681908284590564,0.7596417123747647,0.767795498145786,0.7675221920204957,0.7679984091946883,0.7681908015301238,0.7681890837850589,0.7681908179276153,0.768054345147765,0.7679022313110182,0.7681350386720517,0.803286,0.7327133,0.80794126,0.3051053480037721,0.28454508171294035,0.2877915412201916,0.30113764737171717,0.28841324457279216,0.28809406316499303,0.2888434249877844,0.28779158354730894,0.28779155777359666,0.2877942835192284,0.2880061049224584,0.287879238431106,0.2882453310512711,0.27772123,0.26870954,0.2804612,0.7713709182820516,0.7902171674136051,0.7872276769944023,0.7749702613823242,0.7866572479566997,0.7862628202977413,0.7869500466969346,0.7872276381422162,0.7872251598344949,0.7872276617999826,0.787030756251535,0.7868112668138908,0.7871471841274269,0.8039088,0.76663357,0.81412244
0.3115234375,0.7523152110625978,0.7702696702206953,0.7640331449357788,0.7550395993047011,0.7636991444934441,0.763468237923228,0.7638705767813639,0.7640331221844867,0.7640316709231182,0.7640331360381409,0.7639178350675183,0.7637893195273403,0.7639860101401109,0.79665166,0.7274351,0.80285054,0.31270529274913383,0.28454508171294035,0.29433745957624796,0.30839542648955837,0.2948687595851486,0.29459600138257774,0.29523633825086826,0.2943374957512833,0.29433747372367997,0.29433980329199294,0.294520832374246,0.2944124095194467,0.29472527088093015,0.28484708,0.27580434,0.28939125,0.7645250132012311,0.7902171674136051,0.7812389012348805,0.7684052849942506,0.7807556725621925,0.7804215486747623,0.7810037099442241,0.7812388683214635,0.7812367688367786,0.781238888363011,0.7810720817585999,0.7808861454465624,0.7811707122856668,0.7952178,0.75934833,0.8071517
0.3134765625,0.7475339388865139,0.7544246320928429,0.759934565064191,0.7505275557744981,0.7609198074356911,0.7602213759385557,0.7611087248103597,0.7599345889136325,0.7599345867210866,0.7599358856430188,0.7602747088294752,0.7600177226297496,0.7604413564003243,0.789714,0.7224247,0.7976706,0.3203052374944956,0.3093986944267388,0.3007332331972166,0.3155455729656986,0.2991865111716075,0.29889038922959643,0.3002825580441036,0.30073319570767926,0.30073115734966865,0.30073319915419744,0.3001987918503957,0.29993712603263073,0.3006025300257545,0.29213235,0.282772,0.29845226,0.7577312519752326,0.7675561451662363,0.775401640353494,0.7619843185649711,0.7768083117472876,0.7758112072374104,0.7770779538494886,0.7754016744131438,0.7754016712819447,0.775403526285993,0.7758873599760738,0.7755203959910909,0.7761252982451262,0.7861683,0.7522465,0.800247
0.3154296875,0.7427770072277661,0.7544246320928429,0.7562612764166257,0.7461351795394897,0.756670943949491,0.7563805334712335,0.7567494965138494,0.7562612863333144,0.7562612854216454,0.7562618255183351,0.7564027094905315,0.7562958536493015,0.7564720021855906,0.7825547,0.7176325,0.7924065,0.3279051822398573,0.3093986944267388,0.30649617748103447,0.32253915199240657,0.30584645518022774,0.30572195318337386,0.30630696620244635,0.30649616174489863,0.3064953061485577,0.3064961631915657,0.3062717886742497,0.3061618838727618,0.3064413116707372,0.29954422,0.2896197,0.30761302,0.7509893032088009,0.7675561451662363,0.7701738402317002,0.7557484658475946,0.770759874000953,0.7703444518998326,0.7708722296919632,0.7701738544191754,0.7701738531148811,0.770174625813057,0.7703761761885939,0.7702233082680237,0.770475301642065,0.7768872,0.74535424,0.79340154
0.3173828125,0.7380443230332553,0.7544246320928429,0.7525879877690602,0.7419035347254033,0.7518262276749638,0.7516801623805073,0.7523662341326314,0.7525879693293814,0.7525869667367932,0.7525879710245927,0.7523249987278411,0.7521961517832485,0.7525236928130198,0.77526724,0.7129955,0.78707004,0.33550512698521895,0.3093986944267388,0.3123153781977436,0.32930797141132456,0.31353669497158654,0.31267065678250006,0.31377116176058767,0.31231540773183786,0.3123154050166857,0.31231701354636915,0.31273674443584537,0.3124183656470043,0.3129432930961379,0.30704075,0.2963617,0.31683266,0.7442988371937437,0.7675561451662363,0.7649358954004655,0.7497546768580703,0.7638440055833554,0.7636345875548625,0.7646180850147855,0.7649358689748729,0.7649344321759589,0.7649358714042517,0.7645589835305341,0.7643743025497929,0.7648437537881356,0.7675167,0.73868287,0.78660494
0.3193359375,0.7333357934873455,0.7544246320928429,0.7489146991214949,0.7378871983748365,0.748281549311226,0.7481601446666553,0.7487303848289513,0.7489146837950434,0.7489138504732247,0.748914685204047,0.748696111323524,0.7485890180022083,0.7488612592793008,0.76794904,0.7084449,0.78167886,0.3431050717305807,0.3093986944267388,0.31819166312966607,0.33576093373479554,0.3192178212070231,0.31849020577687054,0.3194147824944492,0.31819168794854114,0.31819168566687234,0.31819303738898785,0.3185457364155532,0.31827820706246374,0.3187192839855262,0.31457424,0.30301532,0.32606137,0.737659525902488,0.7675561451662363,0.7596876565859964,0.7440784869923952,0.7587776048099342,0.7586030689670047,0.7594227667429234,0.7596876345604836,0.7596864370005282,0.7596876365853508,0.7593735071548596,0.7592195813504067,0.759610857523158,0.7582013,0.73222655,0.77984726
0.3212890625,0.7286513260115604,0.7408833610401725,0.7453799729548941,0.7341546679811906,0.7460842483563201,0.745662494109295,0.7464783406214538,0.745380058978966,0.7453799949548939,0.745381898050894,0.7456839526074577,0.7454618867647202,0.7457591719465101,0.7606953,0.70391345,0.77625465,0.35070501647594243,0.3309634851808262,0.3237719085824751,0.3417830409479753,0.32264780922922687,0.32201972108178817,0.3233207193547928,0.3237717711490801,0.32376883302675696,0.32377187343493025,0.32328646387962395,0.323166402347369,0.3236410561710393,0.3220953,0.30959788,0.33524173,0.7310710429816448,0.7483399098428546,0.7547008761889379,0.7388144503200291,0.7557015468832934,0.7551023420464925,0.7562613291282247,0.7547009984393892,0.7547009074535583,0.7547036119782775,0.7551328323427958,0.7548172829181545,0.7552397084447156,0.74907714,0.7259643,0.77312213
0.3232421875,0.7239908282642794,0.7408833610401725,0.742382231678413,0.7307853428627821,0.7424599832677216,0.7424134218473774,0.7425034908215652,0.7423822411754198,0.7423822341072001,0.742382444207877,0.7424157908529297,0.7423912749147484,0.7424240950236365,0.753595,0.69934356,0.77082366,0.3583049612213042,0.3309634851808262,0.3285566131133816,0.34724008851919724,0.32843121663972286,0.3283610598377582,0.328506306971375,0.3285565977951625,0.3285562703135866,0.32855660919586394,0.3285024862116088,0.32848909334084603,0.3285420269819875,0.32955784,0.3161249,0.3443109,0.7245330637455939,0.7483399098428546,0.750461941838463,0.7340718122874509,0.7505728072200286,0.7505064162167298,0.7506348422625838,0.7504619553804559,0.7504619453017244,0.7504622448889243,0.7505097941750667,0.7504748367582327,0.7505216350344301,0.7402631,0.7198608,0.7664283
0.3251953125,0.7212892931560522,0.7408833610401725,0.739384490401932,0.7278612622458341,0.738951479246256,0.7387091786535859,0.7392107873145853,0.7393844375115673,0.7393833067910291,0.7393844768756249,0.7391975939401331,0.7391513466725638,0.7393341271585376,0.746729,0.69469374,0.7654164,0.3627283318545316,0.3309634851808262,0.33338011560787595,0.35199220488682537,0.33408330874127523,0.3336621036553829,0.33447715511722237,0.3333802014494583,0.3333801375612043,0.33338203662295857,0.3336835270774224,0.33346186120986165,0.33375862950178253,0.3369236,0.3226097,0.35320312,0.7207509087449202,0.7483399098428546,0.7462161541020106,0.7299629539191591,0.7455989785172339,0.7452535609710997,0.7459685907321917,0.7462160787257147,0.746214467287525,0.7462161348250983,0.7459497864425696,0.7458838699360916,0.7461443783264318,0.731855,0.71386904,0.75977284
0.3271484375,0.7212892931560522,0.7408833610401725,0.7363867491254509,0.7254536223381951,0.7360377332903922,0.735842434064085,0.7362467408894323,0.7363867064947368,0.7363857951108898,0.7363867382229711,0.7362361067601695,0.7361988305179796,0.7363461553226837,0.7401679,0.689943,0.7600678,0.3627283318545316,0.3309634851808262,0.33824288989139195,0.35591635705270697,0.33881485529980837,0.33847226955436865,0.33913514744744055,0.3382429597212854,0.33824290774985344,0.33824445258671637,0.3384896953298438,0.33830938694847246,0.338550782578595,0.34416506,0.32906455,0.36185294,0.7207509087449202,0.7483399098428546,0.7419634292816673,0.726584711183024,0.7414645231973669,0.7411853076390016,0.7417633039141014,0.7419633683484151,0.7419620656820731,0.7419634136984533,0.7417481030391241,0.7416948180928168,0.7419054067923986,0.7239216,0.70793504,0.75317
0.3291015625,0.7212892931560522,0.7304427018809946,0.7336673700739041,0.7236071856212758,0.733709637257574,0.7337051196038893,0.7338737420195871,0.7336676216404676,0.7336675834813965,0.733668196241524,0.7336856134539523,0.7336783151226981,0.7337386176498146,0.7339711,0.6850933,0.75481707,0.3627283318545316,0.34783009983268903,0.3426413775069871,0.358932808551363,0.3425707499535705,0.3422966115431881,0.3425782984671658,0.34264095712060527,0.3426399969207135,0.3426410208872242,0.3426108922137373,0.3425223290446452,0.3426230877854345,0.35126728,0.33550173,0.37019876,0.7207509087449202,0.7336184790683744,0.7381578197851706,0.7239969230260149,0.7382176724213925,0.7382112752473716,0.7384500398381708,0.738158176021469,0.7381581219854906,0.7381589896975859,0.7381836535854045,0.738173318711381,0.7382587093907194,0.7165037,0.7020025,0.7466413
0.3310546875,0.7212892931560522,0.7304427018809946,0.7315175912786311,0.722325315588955,0.7315028746658607,0.7314457365736899,0.7315044476251671,0.7315175036880377,0.7315173036231053,0.7315175169742855,0.731511239287879,0.7314927842559136,0.7315137804251304,0.72818524,0.6801693,0.7497066,0.3627283318545316,0.34783009983268903,0.34609544286379434,0.3610303822025708,0.34611991069152925,0.34611729544374936,0.34621491776668045,0.34609558848892735,0.34609556639966277,0.3460959211101908,0.3461060035573959,0.3461017786910881,0.3461366875673617,0.35822722,0.3419348,0.37818623,0.7207509087449202,0.7336184790683744,0.7351324692355127,0.7222019132207114,0.7351116416668974,0.7350307757780504,0.7351138677933465,0.7351323452741434,0.7351320621350069,0.7351323640773212,0.7351234796528499,0.7350973611936251,0.7351270759723577,0.7096152,0.6960188,0.7402123
0.3330078125,0.7212892931560522,0.7304427018809946,0.729367812483358,0.7215557412682367,0.7293518611486,0.729289929177577,0.7293535660789973,0.7293677175439246,0.7293675006935691,0.7293677319448869,0.7293609275613689,0.7293409241545087,0.7293636818997209,0.7228428,0.6752167,0.74478066,0.3627283318545316,0.34783009983268903,0.34956986962491504,0.36229084062376576,0.34959681743593285,0.34959393711022557,0.34970145502940797,0.34957003000988146,0.3495700056817596,0.34957039634398107,0.3495815007061475,0.34957684762299096,0.34961529481854486,0.36505175,0.3483786,0.38577196,0.7207509087449202,0.7336184790683744,0.7321036071389155,0.7211248817796373,0.7320809668716646,0.7319930627287541,0.7320833867469745,0.7321034723888035,0.7321031646071857,0.7321034928284801,0.7320938351629857,0.7320654435047572,0.7320977444826163,0.7032459,0.6899401,0.7339112
0.3349609375,0.7212892931560522,0.7304427018809946,0.727218033688085,0.7211922722614073,0.7272064344519437,0.7271613997531243,0.7272076742159247,0.7272179646515483,0.7272178069657799,0.7272179751234095,0.7272130272207782,0.7271984814637414,0.727215030076429,0.7179601,0.67029816,0.7400827,0.3627283318545316,0.34783009983268903,0.35306483836555425,0.36289717346981953,0.35308484595691647,0.353082707450193,0.35316253262662595,0.3530649574451986,0.35306493938250805,0.3530652294340902,0.3530734739724792,0.35307001925191384,0.35309856448237714,0.3717537,0.35484767,0.39292628,0.7207509087449202,0.7336184790683744,0.7290712023532099,0.7206163669032053,0.7290546771473796,0.7289905159852783,0.7290564434205363,0.7290711039985451,0.729070879347473,0.7290711189175497,0.7290640697510241,0.729043346612685,0.7290669231773526,0.6973643,0.6837367,0.72776693
0.3369140625,0.7212892931560522,0.7236851306779882,0.7253867799810854,0.7210597116723356,0.725595467526205,0.7254830398310029,0.7259100737006344,0.7253868296120699,0.7253868115523243,0.7253885655427473,0.725458826991464,0.72542832769903,0.7255385030699892,0.71353555,0.6654888,0.7356523,0.3627283318545316,0.3586175527147632,0.35562419525440075,0.36305996176006616,0.35529729811230826,0.35480484073440016,0.3554733863201531,0.355624117487932,0.3556213974760722,0.35562414578562934,0.3555113164632902,0.35538651102549085,0.35555909812786257,0.3783483,0.36135367,0.3996352,0.7207509087449202,0.7241343342256654,0.7264781284500125,0.7204309545124667,0.7267735793055764,0.726614412860758,0.7272189266228776,0.726478198719114,0.7264781731495611,0.7264806565030083,0.7265801330153799,0.7265369523956857,0.7266929345541242,0.69192255,0.6773965,0.7218064
0.3388671875,0.7212892931560522,0.7236851306779882,0.724252347112354,0.7210553585475601,0.7241579123493957,0.7240155475547436,0.7242087878472137,0.7242523246534657,0.7242515391144824,0.7242523328258164,0.7242197445804537,0.7241836897618269,0.7242335460435442,0.7095493,0.6608702,0.7315224,0.3627283318545316,0.3586175527147632,0.35761820401254085,0.36315146176073854,0.35777137007455234,0.35768884889165325,0.35800235055320345,0.357618240434415,0.3576182271812063,0.357619514354724,0.35767107834529765,0.35764869474336436,0.3577295570922907,0.38484916,0.36790204,0.40590146,0.7207509087449202,0.7241343342256654,0.7249158876121027,0.720424848554009,0.724783067796734,0.724582822902938,0.7248546235856667,0.7249158560251213,0.7249147512148386,0.7249158675190067,0.7248700338438738,0.724819323670478,0.7248894449839253,0.686861,0.670927,0.71605426
0.3408203125,0.7212892931560522,0.7236851306779882,0.7231179142436225,0.721044917428213,0.7230483517285826,0.7229434830037728,0.7230858276269833,0.7231178976999609,0.7231173190564019,0.7231179037198762,0.7230938985734963,0.7230673398806545,0.7231040650043076,0.70596355,0.65652394,0.7277139,0.3627283318545316,0.3586175527147632,0.3596184692028097,0.3631400823760825,0.35972820305362124,0.35966908274828735,0.35989367184889215,0.359618495297684,0.359618485802269,0.359619408012404,0.35965635118514977,0.35964031449216866,0.3596982474261661,0.39126468,0.37448922,0.4117439,0.7207509087449202,0.7241343342256654,0.7233524912885828,0.7204103028406703,0.723253874214599,0.7231051978074741,0.7233070033107121,0.7233524678354532,0.7233516475210078,0.7233524763695889,0.7233184452548261,0.7232807935983693,0.7233328578388395,0.6821116,0.6643566,0.71053004
0.3427734375,0.7212892931560522,0.7236851306779882,0.7219834813748911,0.7210600968703875,0.7219387911077695,0.721871418452802,0.7219628674067531,0.7219834707464564,0.7219830989983215,0.7219834746139361,0.721968052566539,0.7219509899994823,0.7219745839650712,0.70272636,0.6525269,0.72423285,0.3627283318545316,0.3586175527147632,0.3616250203168886,0.3630838425037139,0.3616910510157935,0.3616554768215977,0.36179061081682484,0.3616250360196263,0.3616250303057068,0.3616255852506934,0.361647815743573,0.36163816575325497,0.3616730261157628,0.39759567,0.38110113,0.41719615,0.7207509087449202,0.7241343342256654,0.7217879340327044,0.7204315470400025,0.7217235697509184,0.7216265352241847,0.7217582453253443,0.7217879187254591,0.7217873833276806,0.7217879242954666,0.721765713136019,0.7217411390906848,0.7217751198128856,0.67760456,0.657733,0.70524657
0.3447265625,0.7212892931560522,0.721367238931143,0.721367238931143,0.7211024893759433,0.721367238931143,0.721367238931143,0.721367238931143,0.721367238931143,0.721367238931143,0.721367238931143,0.721367238931143,0.721367238931143,0.721367238931143,0.6997767,0.64894474,0.72106725,0.3627283318545316,0.3637479133152517,0.3637479133152517,0.3630060749548044,0.3637479133152517,0.3637479133152517,0.3637479133152517,0.3637479133152517,0.3637479133152517,0.3637479133152517,0.3637479133152517,0.3637479133152517,0.3637479133152517,0.40383548,0.3877136,0.42230427,0.7207509087449202,0.7208894230312518,0.7208894230312518,0.7204908647335965,0.7208894230312518,0.7208894230312518,0.7208894230312518,0.7208894230312518,0.7208894230312518,0.7208894230312518,0.7208894230312518,0.7208894230312518,0.7208894230312518,0.6732721,0.6511204,0.70020777
0.3466796875,0.7212892931560522,0.721367238931143,0.721367238931143,0.72115461301497,0.721367238931143,0.721367238931143,0.721367238931143,0.721367238931143,0.721367238931143,0.721367238931143,0.721367238931143,0.721367238931143,0.721367238931143,0.69705206,0.64582837,0.7181852,0.3627283318545316,0.3637479133152517,0.3637479133152517,0.362951191610483,0.3637479133152517,0.3637479133152517,0.3637479133152517,0.3637479133152517,0.3637479133152517,0.3637479133152517,0.3637479133152517,0.3637479133152517,0.3637479133152517,0.40997145,0.39429516,0.42712408,0.7207509087449202,0.7208894230312518,0.7208894230312518,0.7205638078741947,0.7208894230312518,0.7208894230312518,0.7208894230312518,0.7208894230312518,0.7208894230312518,0.7208894230312518,0.7208894230312518,0.7208894230312518,0.7208894230312518,0.6690532,0.6445944,0.6954063
0.3486328125,0.7212892931560522,0.721367238931143,0.721367238931143,0.7211945233852506,0.721367238931143,0.721367238931143,0.721367238931143,0.721367238931143,0.721367238931143,0.721367238931143,0.721367238931143,0.721367238931143,0.721367238931143,0.69449717,0.6432104,0.7155356,0.3627283318545316,0.3637479133152517,0.3637479133152517,0.36291806361961326,0.3637479133152517,0.3637479133152517,0.3637479133152517,0.3637479133152517,0.3637479133152517,0.3637479133152517,0.3637479133152517,0.3637479133152517,0.3637479133152517,0.41598886,0.40081042,0.43171838,0.7207509087449202,0.7208894230312518,0.7208894230312518,0.7206196649803186,0.7208894230312518,0.7208894230312518,0.7208894230312518,0.7208894230312518,0.7208894230312518,0.7208894230312518,0.7208894230312518,0.7208894230312518,0.7208894230312518,0.66489834,0.6382358,0.6908237
0.3505859375,0.7212892931560522,0.721367238931143,0.721367238931143,0.721210098635598,0.721367238931143,0.721367238931143,0.721367238931143,0.721367238931143,0.721367238931143,0.721367238931143,0.721367238931143,0.721367238931143,0.721367238931143,0.69207,0.6411033,0.7130522,0.3627283318545316,0.3637479133152517,0.3637479133152517,0.3628886359106314,0.3637479133152517,0.3637479133152517,0.3637479133152517,0.3637479133152517,0.3637479133152517,0.3637479133152517,0.3637479133152517,0.3637479133152517,0.3637479133152517,0.4218765,0.40722495,0.43615416,0.7207509087449202,0.7208894230312518,0.7208894230312518,0.7206414743345659,0.7208894230312518,0.7208894230312518,0.7208894230312518,0.7208894230312518,0.7208894230312518,0.7208894230312518,0.7208894230312518,0.7208894230312518,0.7208894230312518,0.6607716,0.6321242,0.6864299
0.3525390625,0.7212892931560522,0.7199282981278152,0.7199750319664442,0.7212083065863355,0.7199488925131435,0.7199431669562822,0.7199544142122232,0.7199750287757986,0.7199747555744054,0.7199750306745768,0.719967453127928,0.7199612783770126,0.7199679139204128,0.6897472,0.6394988,0.7106594,0.3627283318545316,0.3639312285066473,0.36390760559953256,0.36284943431952843,0.36392081812886795,0.36391802703375575,0.36392371231473264,0.36390760721222765,0.3639076062525001,0.36390774530049325,0.3639114363240544,0.36391120341415417,0.3639145574120102,0.4276317,0.41350937,0.44049942,0.7207509087449202,0.7188759212130991,0.7188951026829395,0.7206389791613917,0.7188843740070109,0.7188820240030219,0.7188866403370983,0.7188951013733741,0.7188949892408676,0.7188951021527068,0.7188919920300062,0.7188894576666359,0.7188921811574571,0.6566518,0.6263294,0.68218726
0.3544921875,0.7212892931560522,0.7199282981278152,0.7199438760740249,0.7212084306807762,0.7199351629229247,0.7199332544039709,0.7199370034892846,0.7199438750104763,0.7199437839433452,0.7199438756434025,0.7199413497945195,0.7199392915442143,0.7199415033920145,0.68752295,0.63836807,0.7082798,0.3627283318545316,0.3639312285066473,0.36392335386351177,0.36282191025840255,0.36392775831454344,0.36392682790926334,0.3639287230748463,0.36392335440112333,0.3639233540811864,0.36392340043451726,0.36392463087324406,0.3639245532309476,0.3639256713053907,0.43326366,0.4196421,0.44482028,0.7207509087449202,0.7188759212130991,0.7188823150542355,0.720639180071281,0.7188787388145373,0.7188779554782142,0.7188794942600086,0.7188823146177112,0.718882277240001,0.7188823148774903,0.7188812781646027,0.718880433373171,0.7188813412073831,0.65253246,0.6209062,0.67805356
0.3564453125,0.7212892931560522,0.7199282981278152,0.7199127201816056,0.7212221801450667,0.7199214333327058,0.7199195927663459,0.7199233418516595,0.7199127212451542,0.719912720612228,0.7199128123122852,0.7199152464611109,0.719915092863616,0.7199173047114161,0.6854059,0.6376642,0.7058431,0.3627283318545316,0.3639312285066473,0.36393910349057623,0.3628169429776205,0.36393469876493095,0.36393373397294526,0.36393562921045636,0.3639391029529181,0.3639390569155516,0.3639391032728827,0.3639378263792734,0.36393678587762507,0.3639379040272335,0.43879288,0.42561024,0.44917762,0.7207509087449202,0.7188759212130991,0.7188695273541047,0.7206584553050542,0.7188731036081929,0.7188723481606127,0.7188738869461762,0.7188695277906313,0.7188695275308509,0.7188695651685498,0.7188705642490599,0.7188705012059827,0.7188714090441336,0.6484194,0.6158891,0.6739874
0.3583984375,0.7212892931560522,0.7199282981278152,0.7198815642891863,0.7212392662023439,0.7199077037424869,0.7199021820434073,0.7199134292993482,0.7198815674798319,0.7198815655810537,0.7198818406812251,0.7198891431277025,0.7198886823352176,0.7198953178786178,0.6834125,0.63732487,0.703292,0.3627283318545316,0.3639312285066473,0.363954854480903,0.36282175613308065,0.36394163948004554,0.3639387450090352,0.36394443093736556,0.3639548528677891,0.36395471474377034,0.3639548538277658,0.36395102284224634,0.3639479011287755,0.36395125580311977,0.44424793,0.43140882,0.45362324,0.7207509087449202,0.7188759212130991,0.7188567395825377,0.7206823852983502,0.7188674683879762,0.7188652020389089,0.7188698184069072,0.718856740892125,0.7188567401127793,0.718856853026505,0.7188598502833725,0.7188596611532505,0.7188623846795202,0.6443281,0.6112902,0.669952
0.3603515625,0.7212892931560522,0.7198659863429766,0.7198659863429766,0.7212512233237981,0.7198659863429766,0.7198659863429766,0.7198659863429766,0.7198659863429766,0.7198659863429766,0.7198659863429766,0.7198659863429766,0.7198659863429766,0.7198659863429766,0.68155885,0.63727677,0.7005879,0.3627283318545316,0.3644964404213193,0.3644964404213193,0.3628198771883448,0.3644964404213193,0.3644964404213193,0.3644964404213193,0.3644964404213193,0.3644964404213193,0.3644964404213193,0.3644964404213193,0.3644964404213193,0.3644964404213193,0.4496585,0.43703762,0.45819572,0.7207509087449202,0.7187943709214615,0.7187943709214615,0.7206991392881207,0.7187943709214615,0.7187943709214615,0.7187943709214615,0.7187943709214615,0.7187943709214615,0.7187943709214615,0.7187943709214615,0.7187943709214615,0.7187943709214615,0.6402814,0.6070996,0.66591823
0.3623046875,0.7212892931560522,0.7198659863429766,0.7198659863429766,0.7212532422273437,0.7198659863429766,0.7198659863429766,0.7198659863429766,0.7198659863429766,0.7198659863429766,0.7198659863429766,0.7198659863429766,0.7198659863429766,0.7198659863429766,0.679855,0.6374399,0.6977132,0.3627283318545316,0.3644964404213193,0.3644964404213193,0.3628017679470085,0.3644964404213193,0.3644964404213193,0.3644964404213193,0.3644964404213193,0.3644964404213193,0.3644964404213193,0.3644964404213193,0.3644964404213193,0.3644964404213193,0.45504874,0.44249773,0.46291706,0.7207509087449202,0.7187943709214615,0.7187943709214615,0.7207019919668538,0.7187943709214615,0.7187943709214615,0.7187943709214615,0.7187943709214615,0.7187943709214615,0.7187943709214615,0.7187943709214615,0.7187943709214615,0.7187943709214615,0.63630515,0.60328764,0.6618667
0.3642578125,0.7212892931560522,0.7198659863429766,0.7198659863429766,0.7212517747584755,0.7198659863429766,0.7198659863429766,0.7198659863429766,0.7198659863429766,0.7198659863429766,0.7198659863429766,0.7198659863429766,0.7198659863429766,0.7198659863429766,0.6783004,0.6377323,0.6946708,0.3627283318545316,0.3644964404213193,0.3644964404213193,0.362781776796857,0.3644964404213193,0.3644964404213193,0.3644964404213193,0.3644964404213193,0.3644964404213193,0.3644964404213193,0.3644964404213193,0.3644964404213193,0.3644964404213193,0.46043062,0.44778806,0.46778947,0.7207509087449202,0.7187943709214615,0.7187943709214615,0.720699967297122,0.7187943709214615,0.7187943709214615,0.7187943709214615,0.7187943709214615,0.7187943709214615,0.7187943709214615,0.7187943709214615,0.7187943709214615,0.7187943709214615,0.63242763,0.59980917,0.6577877
0.3662109375,0.7212892931560522,0.7198659863429766,0.7198659863429766,0.721252330609094,0.7198659863429766,0.7198659863429766,0.7198659863429766,0.7198659863429766,0.7198659863429766,0.7198659863429766,0.7198659863429766,0.7198659863429766,0.7198659863429766,0.67688215,0.6380753,0.6914834,0.3627283318545316,0.3644964404213193,0.3644964404213193,0.3627689106538545,0.3644964404213193,0.3644964404213193,0.3644964404213193,0.3644964404213193,0.3644964404213193,0.3644964404213193,0.3644964404213193,0.3644964404213193,0.3644964404213193,0.46579978,0.45290208,0.47279406,0.7207509087449202,0.7187943709214615,0.7187943709214615,0.7207007758024883,0.7187943709214615,0.7187943709214615,0.7187943709214615,0.7187943709214615,0.7187943709214615,0.7187943709214615,0.7187943709214615,0.7187943709214615,0.7187943709214615,0.62867564,0.5966081,0.6536804
0.3681640625,0.7212892931560522,0.7202031657498801,0.7202031657498801,0.7212579550763878,0.7202031657498801,0.7202031657498801,0.7202031657498801,0.7202031657498801,0.7202031657498801,0.7202031657498801,0.7202031657498801,0.7202031657498801,0.7202031657498801,0.67557603,0.63839746,0.68818957,0.3627283318545316,0.36438073865472353,0.36438073865472353,0.36276632621692734,0.36438073865472353,0.36438073865472353,0.36438073865472353,0.36438073865472353,0.36438073865472353,0.36438073865472353,0.36438073865472353,0.36438073865472353,0.36438073865472353,0.4711342,0.45782715,0.4778909,0.7207509087449202,0.7192650927353187,0.7192650927353187,0.7207086788728517,0.7192650927353187,0.7192650927353187,0.7192650927353187,0.7192650927353187,0.7192650927353187,0.7192650927353187,0.7192650927353187,0.7192650927353187,0.7192650927353187,0.62507343,0.5936227,0.64955187
0.3701171875,0.7212892931560522,0.7202031657498801,0.7202031657498801,0.7212634598786131,0.7202031657498801,0.7202031657498801,0.7202031657498801,0.7202031657498801,0.7202031657498801,0.7202031657498801,0.7202031657498801,0.7202031657498801,0.7202031657498801,0.67434937,0.6386375,0.68484074,0.3627283318545316,0.36438073865472353,0.36438073865472353,0.3627674353402722,0.36438073865472353,0.36438073865472353,0.36438073865472353,0.36438073865472353,0.36438073865472353,0.36438073865472353,0.36438073865472353,0.36438073865472353,0.36438073865472353,0.47639573,0.46254447,0.48302138,0.7207509087449202,0.7192650927353187,0.7192650927353187,0.7207164104792788,0.7192650927353187,0.7192650927353187,0.7192650927353187,0.7192650927353187,0.7192650927353187,0.7192650927353187,0.7192650927353187,0.7192650927353187,0.7192650927353187,0.62164116,0.59078985,0.6454157
0.3720703125,0.7212892931560522,0.7202031657498801,0.7202031657498801,0.7212667058351805,0.7202031657498801,0.7202031657498801,0.7202031657498801,0.7202031657498801,0.7202031657498801,0.7202031657498801,0.7202031657498801,0.7202031657498801,0.7202031657498801,0.673165,0.6387474,0.68149734,0.3627283318545316,0.36438073865472353,0.36438073865472353,0.36276712618203527,0.36438073865472353,0.36438073865472353,0.36438073865472353,0.36438073865472353,0.36438073865472353,0.36438073865472353,0.36438073865472353,0.36438073865472353,0.36438073865472353,0.48153293,0.4670313,0.48811257,0.7207509087449202,0.7192650927353187,0.7192650927353187,0.7207209839923007,0.7192650927353187,0.7192650927353187,0.7192650927353187,0.7192650927353187,0.7192650927353187,0.7192650927353187,0.7192650927353187,0.7192650927353187,0.7192650927353187,0.6183935,0.5880493,0.6412907
0.3740234375,0.7212892931560522,0.7202031657498801,0.7202031657498801,0.7212689573323434,0.7202031657498801,0.7202031657498801,0.7202031657498801,0.7202031657498801,0.7202031657498801,0.7202031657498801,0.7202031657498801,0.7202031657498801,0.7202031657498801,0.67198664,0.63869363,0.6782245,0.3627283318545316,0.36438073865472353,0.36438073865472353,0.3627662922068786,0.36438073865472353,0.36438073865472353,0.36438073865472353,0.36438073865472353,0.36438073865472353,0.36438073865472353,0.36438073865472353,0.36438073865472353,0.36438073865472353,0.48648667,0.47126442,0.49308336,0.7207509087449202,0.7192650927353187,0.7192650927353187,0.7207241715299805,0.7192650927353187,0.7192650927353187,0.7192650927353187,0.7192650927353187,0.7192650927353187,0.7192650927353187,0.7192650927353187,0.7192650927353187,0.7192650927353187,0.6153386,0.585347,0.6372003
0.3759765625,0.7212892931560522,0.7208835581832682,0.720694424549075,0.7212712543723425,0.7206409695188579,0.7206316602510424,0.7206536394120536,0.7206788192058569,0.7206776776359956,0.7206922749634904,0.7206762267515195,0.7206759698055749,0.7206768208506406,0.6707837,0.6384578,0.6750881,0.3627283318545316,0.36388316190136477,0.3640625771002038,0.3627660440084634,0.3641593700849731,0.3641184548604119,0.36416407437051956,0.36408395648552583,0.36406552198643993,0.3640855204773419,0.3640920032646905,0.3640866943073846,0.36409599215855243,0.49119478,0.47522354,0.49785176,0.7207509087449202,0.7202206284854784,0.7199539610902294,0.7207274246115845,0.7198793821199508,0.7198661851980703,0.7198967503335958,0.7199320710287401,0.7199304697108567,0.7199509458128431,0.7199285117698335,0.719928213851018,0.7199292678691767,0.61247826,0.5826384,0.63317215
0.3779296875,0.7212892931560522,0.7208835581832682,0.7208205136385372,0.7212732784874558,0.7208903522261702,0.7208440917600577,0.7209023955117461,0.7208295351769121,0.7208217563262864,0.7208301951249931,0.7208407625462624,0.7208306904375187,0.7208487824274844,0.669536,0.6380364,0.67215073,0.3627283318545316,0.36388316190136477,0.3639429565062796,0.3627640849157005,0.3638627446518376,0.36384994736118426,0.3639148687956375,0.3639322092770612,0.3639314231009409,0.363941476094219,0.363919698387382,0.36391084376458765,0.3639308330511072,0.49559808,0.47889495,0.50234264,0.7207509087449202,0.7202206284854784,0.7201317403848864,0.7207302992635841,0.7202299663624058,0.7201648852042762,0.7202469225490864,0.7201444223915199,0.7201334872922838,0.7201453501106962,0.7201602200858587,0.7201460463940312,0.7201715060039143,0.6098081,0.5798905,0.6292388
0.3798828125,0.7212892931560522,0.7208835581832682,0.7209466027279993,0.7212730614762162,0.7209644210714049,0.720960197773673,0.7209675241606768,0.7209518045090719,0.7209473192565274,0.720952185032359,0.7209526686605178,0.7209524706274774,0.7209527543091659,0.66823715,0.6374401,0.66946703,0.3627283318545316,0.36388316190136477,0.36382337775415546,0.3627578623780614,0.363791133812596,0.36378956803282547,0.3638047642645332,0.3638162557166466,0.36381573472583567,0.363822396710407,0.3638135748062827,0.3638122457185378,0.36381534370562774,0.4996447,0.482274,0.50649434,0.7207509087449202,0.7202206284854784,0.7203095155552733,0.7207300319192912,0.7203343723875676,0.7203285843233819,0.7203387711937496,0.720316811721821,0.7203105205794993,0.7203173454540663,0.7203179979303311,0.7203177460374456,0.7203180971288653,0.6073189,0.577084,0.62543684
0.3818359375,0.7212892931560522,0.7208835581832682,0.7210726918174615,0.7212720308278554,0.7210446960951835,0.7210264466310637,0.7210763037872886,0.7210740738412319,0.7210728821867685,0.721074174939725,0.7210645747747731,0.7210567261908475,0.7210742508174364,0.6668966,0.63669175,0.66707975,0.3627283318545316,0.36388316190136477,0.3637038408218814,0.3627497021729942,0.3637164070777,0.36369469519097486,0.36373233038275804,0.3637003414796937,0.36370008549459276,0.36370335879801,0.3637074841650281,0.36369989336948566,0.36371367610693417,0.5032944,0.4853661,0.510265,0.7207509087449202,0.7202206284854784,0.7204872866035537,0.7207286270274147,0.7204475744811639,0.7204218212286843,0.720492279947531,0.7204891971760925,0.7204875497789548,0.7204893369391104,0.720475772528002,0.7204646854511064,0.7204894418357943,0.6049979,0.57421476,0.62180805
0.3837890625,0.7212892931560522,0.7212118784655772,0.7212118784655772,0.721271988865821,0.7212118784655772,0.7212118784655772,0.7212118784655772,0.7212118784655772,0.7212118784655772,0.7212118784655772,0.7212118784655772,0.7212118784655772,0.7212118784655772,0.665015,0.63582426,0.66553897,0.3627283318545316,0.3634238482070686,0.3634238482070686,0.362743627470619,0.3634238482070686,0.3634238482070686,0.3634238482070686,0.3634238482070686,0.3634238482070686,0.3634238482070686,0.3634238482070686,0.3634238482070686,0.3634238482070686,0.506521,0.48818678,0.5136354,0.7207509087449202,0.7206872993289709,0.7206872993289709,0.7207285982578778,0.7206872993289709,0.7206872993289709,0.7206872993289709,0.7206872993289709,0.7206872993289709,0.7206872993289709,0.7206872993289709,0.7206872993289709,0.7206872993289709,0.60283107,0.57129395,0.6183972
0.3857421875,0.7212892931560522,0.7212118784655772,0.7212118784655772,0.7212750441092988,0.7212118784655772,0.7212118784655772,0.7212118784655772,0.7212118784655772,0.7212118784655772,0.7212118784655772,0.7212118784655772,0.7212118784655772,0.7212118784655772,0.66327894,0.63487774,0.66420156,0.3627283318545316,0.3634238482070686,0.3634238482070686,0.3627424667911599,0.3634238482070686,0.3634238482070686,0.3634238482070686,0.3634238482070686,0.3634238482070686,0.3634238482070686,0.3634238482070686,0.3634238482070686,0.3634238482070686,0.50931406,0.49075958,0.5166098,0.7207509087449202,0.7206872993289709,0.7206872993289709,0.7207329200333056,0.7206872993289709,0.7206872993289709,0.7206872993289709,0.7206872993289709,0.7206872993289709,0.7206872993289709,0.7206872993289709,0.7206872993289709,0.7206872993289709,0.60080564,0.5683483,0.6152502
0.3876953125,0.7212892931560522,0.7212118784655772,0.7212118784655772,0.721279246135967,0.7212118784655772,0.7212118784655772,0.7212118784655772,0.7212118784655772,0.7212118784655772,0.7212118784655772,0.7212118784655772,0.7212118784655772,0.7212118784655772,0.66185594,0.63389695,0.6629307,0.3627283318545316,0.3634238482070686,0.3634238482070686,0.3627450908040173,0.3634238482070686,0.3634238482070686,0.3634238482070686,0.3634238482070686,0.3634238482070686,0.3634238482070686,0.3634238482070686,0.3634238482070686,0.3634238482070686,0.51167905,0.49311405,0.51921344,0.7207509087449202,0.7206872993289709,0.7206872993289709,0.7207388414603815,0.7206872993289709,0.7206872993289709,0.7206872993289709,0.7206872993289709,0.7206872993289709,0.7206872993289709,0.7206872993289709,0.7206872993289709,0.7206872993289709,0.59891236,0.5654184,0.61241156
0.3896484375,0.7212892931560522,0.7212118784655772,0.7212118784655772,0.721281994016989,0.7212118784655772,0.7212118784655772,0.7212118784655772,0.7212118784655772,0.7212118784655772,0.7212118784655772,0.7212118784655772,0.7212118784655772,0.7212118784655772,0.66070753,0.6329286,0.6617764,0.3627283318545316,0.3634238482070686,0.3634238482070686,0.3627471858755586,0.3634238482070686,0.3634238482070686,0.3634238482070686,0.3634238482070686,0.3634238482070686,0.3634238482070686,0.3634238482070686,0.3634238482070686,0.3634238482070686,0.5136366,0.49528217,0.5214885,0.7207509087449202,0.7206872993289709,0.7206872993289709,0.7207427301098708,0.7206872993289709,0.7206872993289709,0.7206872993289709,0.7206872993289709,0.7206872993289709,0.7206872993289709,0.7206872993289709,0.7206872993289709,0.7206872993289709,0.5971477,0.56255615,0.6099202
0.3916015625,0.7212892931560522,0.7211421479097322,0.7211714361414522,0.721281535206985,0.7211430206439579,0.7211423410653525,0.7211491621868144,0.7211713617157395,0.7211711315059931,0.7211713618085606,0.721161391396096,0.7211591714321662,0.7211649780605055,0.6597754,0.63201845,0.660788,0.3627283318545316,0.3628926826586688,0.3630452689244528,0.3627458641782397,0.3630039553531189,0.36300296726723585,0.3630128848784886,0.36304516072042947,0.3630448260292267,0.36304516085537775,0.363030665142392,0.36302743754232575,0.36303587974291784,0.5152205,0.49729514,0.5234874,0.7207509087449202,0.7205867855104787,0.7206270750543088,0.7207421367692135,0.7205867414564525,0.7205857768412285,0.7205954589425702,0.7206269694134172,0.7206266426504802,0.7206269695451687,0.7206128173725211,0.7206096663097962,0.7206179083518292,0.59551585,0.5598205,0.6078054
0.3935546875,0.7212892931560522,0.7211421479097322,0.7211519106536388,0.721278837304889,0.7211487050364361,0.7211486283716207,0.7211493978779194,0.7211519022575041,0.7211518762870166,0.7211519022679754,0.7211507774829626,0.721150527043759,0.7211511821027703,0.6589853,0.6312101,0.6600092,0.3627283318545316,0.3628926826586688,0.3629435461243757,0.3627424063316567,0.3628912701883899,0.36289001996324877,0.3629025688123175,0.3629434092041425,0.3629429856895732,0.3629434093749046,0.3629250668788053,0.3629209828193424,0.36293166524611176,0.51647514,0.49918056,0.52526623,0.7207509087449202,0.7205867855104787,0.7206002161046664,0.7207384221842131,0.7205962206985309,0.7205961251356505,0.7205970843066907,0.7206002056409506,0.7206001732750944,0.7206002056540005,0.7205988038373764,0.7205984917024407,0.7205993081251628,0.5940281,0.5572728,0.60608286
0.3955078125,0.7212892931560522,0.7211421479097322,0.7211323851658256,0.7212768261485343,0.7211418569983237,0.7211398098173715,0.7211420835245255,0.7211324099743964,0.7211324099434561,0.7211324867109786,0.7211357334142776,0.7211345378594745,0.7211364734022542,0.6582542,0.6305427,0.6594755,0.3627283318545316,0.3628926826586688,0.3628418178157751,0.3627399078506613,0.3628555917006683,0.36285261473243313,0.36285592110935105,0.3628418538927303,0.36284185384773643,0.36284196548407727,0.3628466868609572,0.36284494828239583,0.36284776295029697,0.5174514,0.500959,0.52687764,0.7207509087449202,0.7205867855104787,0.7205733541700065,0.7207356674097011,0.7205867994014726,0.7205838934402606,0.7205871209539145,0.7205733893857532,0.7205733893418335,0.7205734983132687,0.7205781070026482,0.7205764099155454,0.7205791574133245,0.5927029,0.55497146,0.6047529
0.3974609375,0.7212892931560522,0.7211421479097322,0.7211128596780122,0.7212773639924679,0.7211350089602112,0.7211302217568236,0.7211355386774301,0.7211129176912887,0.7211129176189366,0.7211130971349404,0.7211206893455925,0.7211178936161786,0.7211224197607494,0.6574983,0.6300502,0.6592125,0.3627283318545316,0.3628926826586688,0.3627400839982038,0.36273978851391125,0.36281991253532686,0.36280265932418176,0.362821821636508,0.3627402930910687,0.3627402928302955,0.3627409398460384,0.36276830357277057,0.3627582273156222,0.362774540227351,0.5182037,0.5026422,0.52836514,0.7207509087449202,0.7205867855104787,0.7205464892500867,0.7207364574009331,0.7205773777372151,0.7205707018539957,0.7205781164367747,0.7205465701554411,0.7205465700545387,0.7205468204075983,0.7205574083957484,0.7205535095367039,0.7205598215776999,0.59156376,0.5529664,0.6037983
0.3994140625,0.7212892931560522,0.7210556745630704,0.7210556745630704,0.721279651266093,0.7210556745630704,0.7210556745630704,0.7210556745630704,0.7210556745630704,0.7210556745630704,0.7210556745630704,0.7210556745630704,0.7210556745630704,0.7210556745630704,0.65664154,0.6297596,0.6592362,0.3627283318545316,0.36261003920701385,0.36261003920701385,0.3627415137036657,0.36261003920701385,0.36261003920701385,0.36261003920701385,0.36261003920701385,0.36261003920701385,0.36261003920701385,0.36261003920701385,0.36261003920701385,0.36261003920701385,0.51878583,0.50423133,0.52975875,0.7207509087449202,0.7204724330272193,0.7204724330272193,0.7207397083449315,0.7204724330272193,0.7204724330272193,0.7204724330272193,0.7204724330272193,0.7204724330272193,0.7204724330272193,0.7204724330272193,0.7204724330272193,0.7204724330272193,0.59063584,0.55129385,0.60318595
0.4013671875,0.7212892931560522,0.7210556745630704,0.7210556745630704,0.7212827069673762,0.7210556745630704,0.7210556745630704,0.7210556745630704,0.7210556745630704,0.7210556745630704,0.7210556745630704,0.7210556745630704,0.7210556745630704,0.7210556745630704,0.6556234,0.6296907,0.65955395,0.3627283318545316,0.36261003920701385,0.36261003920701385,0.3627435531884507,0.36261003920701385,0.36261003920701385,0.36261003920701385,0.36261003920701385,0.36261003920701385,0.36261003920701385,0.36261003920701385,0.36261003920701385,0.36261003920701385,0.5192469,0.50571615,0.53107184,0.7207509087449202,0.7204724330272193,0.7204724330272193,0.7207440417526162,0.7204724330272193,0.7204724330272193,0.7204724330272193,0.7204724330272193,0.7204724330272193,0.7204724330272193,0.7204724330272193,0.7204724330272193,0.7204724330272193,0.5899434,0.54997313,0.6028696
0.4033203125,0.7212892931560522,0.7210556745630704,0.7210556745630704,0.7212846026396966,0.7210556745630704,0.7210556745630704,0.7210556745630704,0.7210556745630704,0.7210556745630704,0.7210556745630704,0.7210556745630704,0.7210556745630704,0.7210556745630704,0.654405,0.6298551,0.660166,0.3627283318545316,0.36261003920701385,0.36261003920701385,0.36274380205281914,0.36261003920701385,0.36261003920701385,0.36261003920701385,0.36261003920701385,0.36261003920701385,0.36261003920701385,0.36261003920701385,0.36261003920701385,0.36261003920701385,0.519627,0.50707614,0.53230035,0.7207509087449202,0.7204724330272193,0.7204724330272193,0.7207467504772154,0.7204724330272193,0.7204724330272193,0.7204724330272193,0.7204724330272193,0.7204724330272193,0.7204724330272193,0.7204724330272193,0.7204724330272193,0.7204724330272193,0.58950686,0.5490041,0.6027941
0.4052734375,0.7212892931560522,0.7210556745630704,0.7210556745630704,0.7212851994971535,0.7210556745630704,0.7210556745630704,0.7210556745630704,0.7210556745630704,0.7210556745630704,0.7210556745630704,0.7210556745630704,0.7210556745630704,0.7210556745630704,0.6529725,0.6302563,0.66106695,0.3627283318545316,0.36261003920701385,0.36261003920701385,0.36274133548423454,0.36261003920701385,0.36261003920701385,0.36261003920701385,0.36261003920701385,0.36261003920701385,0.36261003920701385,0.36261003920701385,0.36261003920701385,0.36261003920701385,0.51995426,0.50828207,0.5334221,0.7207509087449202,0.7204724330272193,0.7204724330272193,0.7207476370656173,0.7204724330272193,0.7204724330272193,0.7204724330272193,0.7204724330272193,0.7204724330272193,0.7204724330272193,0.7204724330272193,0.7204724330272193,0.7204724330272193,0.5893412,0.5483671,0.6029019
0.4072265625,0.7212892931560522,0.7210785278663892,0.7210613878889001,0.7212843056350839,0.7210731077966691,0.7210721695165858,0.7210735622669451,0.7210614974170378,0.7210614913097566,0.7210623174011165,0.7210654340542627,0.7210649177119678,0.7210660414596927,0.65133774,0.6308908,0.662245,0.3627283318545316,0.36268477644126024,0.3626290540357344,0.3627376387123501,0.36266715597388993,0.36266410562947915,0.36266863345189837,0.3626294101222849,0.36262939026692687,0.362632075966254,0.362642208438152,0.36264052977688305,0.36264418314832175,0.5202413,0.5092988,0.5343993,0.7207509087449202,0.7205147725360845,0.7204829835324665,0.7207464481475213,0.7205047201917028,0.7205029799993629,0.7205055630794525,0.7204831866738711,0.7204831753467217,0.720484707493941,0.720490487915103,0.7204895302629646,0.7204916144596013,0.5894545,0.5480243,0.6031378
0.4091796875,0.7212892931560522,0.7210785278663892,0.7210728145405595,0.7212825095916726,0.7210767211764825,0.7210764084164547,0.7210768726665745,0.7210728510499388,0.7210728490141783,0.721073124377965,0.721074163262347,0.7210739911482488,0.7210743657308236,0.6495359,0.63174903,0.6636804,0.3627283318545316,0.36268477644126024,0.36266620260042437,0.36273359444358505,0.3626789029815694,0.3626778862111715,0.36267939546950995,0.36266632129219134,0.36266631467394717,0.3626672098795383,0.3626705872786647,0.3626700277387231,0.3626712454998206,0.5204835,0.5100891,0.53518057,0.7207509087449202,0.7205147725360845,0.720504176301052,0.7207440117652707,0.7205114217645743,0.720510841704204,0.7205117027255588,0.7205042440135859,0.7205042402379399,0.7205047509443767,0.7205066777204954,0.7205063585077862,0.7205070532300653,0.58984774,0.5479227,0.60345453
0.4111328125,0.7212892931560522,0.7210785278663892,0.7210842411922188,0.7212813776505713,0.7210803345562958,0.7210801830662038,0.7210806473163236,0.7210842046828395,0.7210839313548133,0.7210842067186,0.7210828924704313,0.7210826900019547,0.7210830645845295,0.64762074,0.632818,0.6653428,0.3627283318545316,0.36268477644126024,0.362703349987766,0.3627315964011448,0.3626906498715188,0.36269015738830707,0.3626916666308445,0.36270323129974863,0.36270234273970986,0.3627032379177844,0.3626989654320862,0.36269830722649693,0.3626995249582135,0.52065843,0.51061594,0.5357045,0.7207509087449202,0.7205147725360845,0.7205253686716134,0.7207424926107396,0.7205181232976448,0.720517842338259,0.7205187033542718,0.7205253009603472,0.7205247940387884,0.7205253047359227,0.7205228672936039,0.7205224917892966,0.7205231865016429,0.59051514,0.54799914,0.60381556
0.4130859375,0.7212892931560522,0.7210785278663892,0.7210956678438782,0.7212810570583239,0.7210839479361092,0.7210834934658332,0.7210848862161925,0.7210955583157405,0.7210947383316618,0.7210955644230217,0.7210916216785156,0.7210910142730856,0.7210921380208105,0.6456591,0.63408303,0.6671881,0.3627283318545316,0.36268477644126024,0.362740496197815,0.36273242580992676,0.36270239664374,0.36270091920829106,0.36270544688850104,0.3627401401450114,0.3627374745468157,0.36274015999849335,0.36272734289844166,0.3627253683283724,0.36272902143538227,0.5207273,0.51084554,0.535905,0.7207509087449202,0.7205147725360845,0.7205465606441696,0.7207421274867805,0.7205248247909152,0.7205239819175537,0.7205265649495668,0.7205463575141737,0.7205448367771922,0.7205463688406889,0.7205390566344374,0.7205379301373025,0.7205400142445443,0.5914444,0.5481846,0.6041956
0.4150390625,0.7212892931560522,0.7211944471567178,0.721161823390565,0.7212818139454216,0.7211555172142556,0.7211540694283369,0.7211571114620962,0.7211617505384607,0.7211546210229496,0.7211617780480946,0.7211595752170125,0.7211591015160261,0.7211601966506506,0.64372414,0.6355302,0.66915673,0.3627283318545316,0.3628833681448438,0.3628269125877659,0.36273434399245874,0.36281307773902394,0.3628099014696688,0.3628165753135858,0.3628267527620516,0.3628111116038598,0.3628268131137353,0.36282198044434016,0.362820941214063,0.36282334377625136,0.5206369,0.5107484,0.5357157,0.7207509087449202,0.7206825717170292,0.7206343987937761,0.7207432559546573,0.7206241700563787,0.7206218217124081,0.7206267559617819,0.7206342806265984,0.7206227164126278,0.7206343252476274,0.7206307522200323,0.7206299838685009,0.7206317601961126,0.59261715,0.5484093,0.6045796
0.4169921875,0.7212892931560522,0.7211944471567178,0.7211835725680001,0.7212835091617775,0.7211871591390319,0.721186252427446,0.7211879825519498,0.7211836140018635,0.7211835983560503,0.721187668838352,0.7211848511929135,0.7211844977591092,0.721185120605336,0.64189017,0.63714784,0.6711749,0.3627283318545316,0.3628833681448438,0.36286455019333946,0.36273634596855303,0.36287173040040993,0.3628699151978976,0.3628733788381658,0.36286463314309225,0.3628646018204934,0.36287275079728565,0.36286710997005756,0.36286640240488044,0.3628676493261726,0.5203235,0.51030016,0.5350759,0.7207509087449202,0.7206825717170292,0.7206665141781022,0.7207456915535143,0.7206721157448562,0.7206706996289082,0.720673401762854,0.7206665788902894,0.7206665544543644,0.7206729118005908,0.7206685111576298,0.7206679591585075,0.7206689319305852,0.59400994,0.54860777,0.60496056
0.4189453125,0.7212892931560522,0.7211944471567178,0.7212053217454354,0.7212846378873106,0.7212074238042052,0.7212068923882583,0.7212079063995114,0.7212053460294702,0.7212053368595922,0.7212077225346405,0.7212060711366195,0.7212058639920735,0.7212062290369484,0.6402281,0.63892734,0.6731594,0.3627283318545316,0.3628833681448438,0.3629021855288606,0.36273634919541303,0.3629067965938082,0.36290563088514977,0.3629078552085137,0.36290223879834377,0.3629022186832907,0.3629074518851225,0.36290382939246335,0.3629033750007773,0.36290417576199935,0.51971585,0.509482,0.5339362,0.7207509087449202,0.7206825717170292,0.720698629153805,0.7207473640188895,0.720702038620537,0.7207011766828025,0.720702821372592,0.7206986685417057,0.7206986536684673,0.7207025231504891,0.7206998446411297,0.7206995086597131,0.720700100750059,0.5955956,0.54872274,0.60533637
0.4208984375,0.7212892931560522,0.7211944471567178,0.7212270709228705,0.7212856575132105,0.7212276884693783,0.7212275323490706,0.7212278302470728,0.7212270780570769,0.721227075363134,0.721227776230929,0.7212272910803255,0.7212272302250378,0.7212273374685606,0.6408634,0.638803,0.67502546,0.3627283318545316,0.3628833681448438,0.36293981859453467,0.36273454354193835,0.3629418608166647,0.3629413445281916,0.36294232967404905,0.36293984218732656,0.3629398332784684,0.3629421510432359,0.362940546654152,0.36294034540606057,0.36294070005976037,0.5187401,0.50828147,0.53226423,0.7207509087449202,0.7206825717170292,0.7207307437209206,0.7207488454788832,0.720731961141508,0.720731653368726,0.7207322406394518,0.7207307577851794,0.7207307524743841,0.7207321341530251,0.720731177735687,0.7207310577665944,0.7207312691846672,0.59734446,0.54870814,0.6057083
0.4228515625,0.7212892931560522,0.7212525212858707,0.7212525212858707,0.7212863017713025,0.7212525212858707,0.7212525212858707,0.7212525212858707,0.7212525212858707,0.7212525212858707,0.7212525212858707,0.7212525212858707,0.7212525212858707,0.7212525212858707,0.6429532,0.63767195,0.6766974,0.3627283318545316,0.36298588279049127,0.36298588279049127,0.3627314012559948,0.36298588279049127,0.36298588279049127,0.36298588279049127,0.36298588279049127,0.36298588279049127,0.36298588279049127,0.36298588279049127,0.36298588279049127,0.36298588279049127,0.51732403,0.5066935,0.53004974,0.7207509087449202,0.7207716965134024,0.7207716965134024,0.7207498271115419,0.7207716965134024,0.7207716965134024,0.7207716965134024,0.7207716965134024,0.7207716965134024,0.7207716965134024,0.7207716965134024,0.7207716965134024,0.7207716965134024,0.5992267,0.5485323,0.60608
0.4248046875,0.7212892931560522,0.7212525212858707,0.7212525212858707,0.721286745818868,0.7212525212858707,0.7212525212858707,0.7212525212858707,0.7212525212858707,0.7212525212858707,0.7212525212858707,0.7212525212858707,0.7212525212858707,0.7212525212858707,0.64519465,0.6368833,0.67811894,0.3627283318545316,0.36298588279049127,0.36298588279049127,0.3627286192726566,0.36298588279049127,0.36298588279049127,0.36298588279049127,0.36298588279049127,0.36298588279049127,0.36298588279049127,0.36298588279049127,0.36298588279049127,0.36298588279049127,0.5154013,0.5047228,0.5273095,0.7207509087449202,0.7207716965134024,0.7207716965134024,0.7207505570555414,0.7207716965134024,0.7207716965134024,0.7207716965134024,0.7207716965134024,0.7207716965134024,0.7207716965134024,0.7207716965134024,0.7207716965134024,0.7207716965134024,0.6012151,0.54817957,0.60645735
0.4267578125,0.7212892931560522,0.7212525212858707,0.7212525212858707,0.7212874586162418,0.7212525212858707,0.7212525212858707,0.7212525212858707,0.7212525212858707,0.7212525212858707,0.7212525212858707,0.7212525212858707,0.7212525212858707,0.7212525212858707,0.6475846,0.63647604,0.679262,0.3627283318545316,0.36298588279049127,0.36298588279049127,0.3627274535631894,0.36298588279049127,0.36298588279049127,0.36298588279049127,0.36298588279049127,0.36298588279049127,0.36298588279049127,0.36298588279049127,0.36298588279049127,0.36298588279049127,0.5129168,0.5023858,0.52408946,0.7207509087449202,0.7207716965134024,0.7207716965134024,0.7207516667620076,0.7207716965134024,0.7207716965134024,0.7207716965134024,0.7207716965134024,0.7207716965134024,0.7207716965134024,0.7207716965134024,0.7207716965134024,0.7207716965134024,0.603287,0.5476516,0.6068516
0.4287109375,0.7212892931560522,0.7212525212858707,0.7212525212858707,0.721288166069147,0.7212525212858707,0.7212525212858707,0.7212525212858707,0.7212525212858707,0.7212525212858707,0.7212525212858707,0.7212525212858707,0.7212525212858707,0.7212525212858707,0.65011644,0.6364785,0.6801311,0.3627283318545316,0.36298588279049127,0.36298588279049127,0.36272872253619876,0.36298588279049127,0.36298588279049127,0.36298588279049127,0.36298588279049127,0.36298588279049127,0.36298588279049127,0.36298588279049127,0.36298588279049127,0.36298588279049127,0.50983167,0.49971372,0.5204656,0.7207509087449202,0.7207716965134024,0.7207716965134024,0.7207527571487403,0.7207716965134024,0.7207716965134024,0.7207716965134024,0.7207716965134024,0.7207716965134024,0.7207716965134024,0.7207716965134024,0.7207716965134024,0.7207716965134024,0.60542685,0.54696846,0.6072818
0.4306640625,0.7212892931560522,0.7212303075566046,0.7212454840013228,0.7212882306178756,0.7212345139705916,0.7212344683603668,0.7212346305106451,0.7212454130967411,0.7212441601642215,0.721245463935377,0.7212416809760975,0.7212407994129947,0.7212423033651223,0.6527777,0.6369069,0.6807628,0.3627283318545316,0.3629720621115368,0.3629831744813726,0.36273005072858067,0.36297514214376714,0.3629751087471133,0.36297522747654004,0.3629831225652982,0.36298220517102364,0.36298315978916185,0.36298038990585674,0.36297974442105685,0.36298084562118327,0.5061285,0.49675256,0.5165413,0.7207509087449202,0.7207490687091597,0.7207660004660684,0.720752912472706,0.7207537616418306,0.7207537107562892,0.7207538916610017,0.7207659213607241,0.7207645235149854,0.7207659780793128,0.7207617575851394,0.7207607740606371,0.7207624519594727,0.6076281,0.54616797,0.60777855
0.4326171875,0.7212892931560522,0.7212303075566046,0.7212353663715106,0.7212873303263551,0.7212317096946003,0.721231694491192,0.7212317485412847,0.72123534273665,0.7212349250924769,0.721235359682862,0.7212340986964355,0.7212338048420679,0.7212343061594438,0.6555473,0.6377642,0.68121964,0.3627283318545316,0.3629720621115368,0.36297576628677763,0.3627319147611564,0.3629730887929389,0.3629730776606348,0.36297311723742076,0.36297574898093504,0.36297544317465813,0.3629757613892367,0.36297483807216,0.36297462290621135,0.36297498998055017,0.5018146,0.49356216,0.51244074,0.7207509087449202,0.7207490687091597,0.7207547126320877,0.7207517547428595,0.720750633020354,0.7207506160585004,0.7207506763600949,0.7207546862636026,0.7207542203143995,0.7207547051698253,0.7207532983367093,0.7207529704948773,0.7207535297950705,0.60838634,0.5453038,0.6098927
0.4345703125,0.7212892931560522,0.7212303075566046,0.7212252487416985,0.7212854336111078,0.7212289054186088,0.7212288665719244,0.7212289206220172,0.7212252723765591,0.7212252554303471,0.7212256900207322,0.7212265164167736,0.7212263089537653,0.7212268102711412,0.6583951,0.6390372,0.6815791,0.3627283318545316,0.3629720621115368,0.36296835788433246,0.3627323480042456,0.3629710354261429,0.3629710069814367,0.3629710465585331,0.3629683751906594,0.36296836278201067,0.3629686810051221,0.3629692861217299,0.3629691342100583,0.3629695012920273,0.4969244,0.49021158,0.5083004,0.7207509087449202,0.7207490687091597,0.7207434247822734,0.7207492080452085,0.7207475043976612,0.7207474610579033,0.7207475213595215,0.7207434511507952,0.7207434322445462,0.7207439171006219,0.7207448390793869,0.7207446076207759,0.7207451669215502,0.60916305,0.5444426,0.6122306
0.4365234375,0.7212892931560522,0.7212303075566046,0.7212151311118863,0.7212833873587291,0.7212261011426175,0.721225984602564,0.7212261467528424,0.721215202016468,0.7212151511778321,0.7212164549489876,0.7212189341371116,0.7212183117480868,0.7212198157002144,0.6612799,0.64069563,0.68192106,0.3627283318545316,0.3629720621115368,0.3629609492740285,0.36273190037183894,0.36296898204337913,0.3629688967085879,0.36296901544080784,0.3629610011944627,0.3629609639674752,0.36296191866240884,0.362963734054563,0.36296327830970343,0.3629643795785019,0.49151754,0.48677164,0.50425696,0.7207509087449202,0.7207490687091597,0.7207321369166251,0.7207464752007159,0.7207443757737519,0.7207442457544271,0.7207444266593523,0.7207322160223015,0.7207321593034749,0.7207336138736523,0.7207363798131718,0.7207356854365887,0.7207373633406555,0.61017716,0.5436577,0.61465645
0.4384765625,0.7212892931560522,0.721171580247373,0.7211962831358362,0.7212820536552602,0.721235388234591,0.7212266060227336,0.7212370354755206,0.7211977068991701,0.7211963598341413,0.7211986768351222,0.72121035241936,0.7212050749135562,0.7212131616954293,0.66415095,0.64269197,0.6823142,0.3627283318545316,0.36285283879483576,0.3628990734168767,0.36273091424076376,0.3629518580144891,0.36294000416310174,0.3629540813572115,0.36290099533252623,0.36289917695090135,0.36290230462941164,0.36291806498761603,0.36291094117759326,0.36292185702979746,0.48567414,0.4833073,0.5004351,0.7207509087449202,0.7206798774667356,0.7207100841638828,0.7207447367442671,0.7207527402762315,0.7207431606487461,0.7207545370803956,0.7207116372288804,0.7207101678277116,0.7207126952507249,0.7207254311282892,0.7207196743659054,0.7207284955120894,0.611501,0.5430236,0.61718565
0.4404296875,0.7212892931560522,0.721171580247373,0.7211798145435274,0.7212823666287986,0.7212300292643802,0.7212187520567799,0.7212321444807098,0.7211816427930562,0.7211799130315534,0.7211828882844278,0.7211978808614053,0.7211911040346185,0.7212014882430028,0.66694874,0.6449627,0.68280494,0.3627283318545316,0.36285283879483576,0.3628682506874482,0.3627303253283794,0.3629418292199009,0.36292530586631466,0.36294492837525705,0.3628709297612414,0.36286839500982765,0.3628727548671798,0.3628947240480247,0.36288479382472744,0.36290000994216426,0.47986966,0.4794872,0.49693668,0.7207509087449202,0.7206798774667356,0.7206899464343021,0.720745265682179,0.7207461875314433,0.72073355705797,0.7207485565651405,0.7206919941233726,0.7206900567436157,0.7206933891063119,0.7207101811095863,0.720702590937514,0.7207142214324832,0.6132024,0.5426073,0.61983055
0.4423828125,0.7212892931560522,0.721171580247373,0.7211633459512187,0.7212840386833421,0.72111806786739,0.7211161605991494,0.721128236406464,0.7211616974379139,0.721160574391489,0.7211632571456051,0.7211470557430594,0.7211438030051451,0.7211531663362506,0.6696091,0.64743215,0.68341094,0.3627283318545316,0.36285283879483576,0.362837426550275,0.36272994840500294,0.36277126910919094,0.3627684821484361,0.36278612745169847,0.3628350179937614,0.3628333771630993,0.3628372968013214,0.3628136252964569,0.3628088726660424,0.3628225534716585,0.47649133,0.4730519,0.49383247,0.7207509087449202,0.7206798774667356,0.7206698084306487,0.7207477562204689,0.7206191450390028,0.7206170108954082,0.7206305231188928,0.7206679638677739,0.7206667072620093,0.7206697090638635,0.7206515808348087,0.7206479412305544,0.7206584181774589,0.61533606,0.5424632,0.6225969
0.4443359375,0.7212892931560522,0.721171580247373,0.7211468773589099,0.7212863095086035,0.721102835623131,0.7211009804341123,0.7211127265035148,0.7211452738593521,0.7211441814784533,0.7211467909781925,0.7211310319656674,0.721127868045915,0.7211369757050667,0.6720672,0.6500172,0.68411976,0.3627283318545316,0.36285283879483576,0.3628066010052605,0.36272990297589286,0.36274636666034715,0.36274382922158105,0.3627598947128826,0.36280440808393694,0.3628029141550423,0.36280648287256884,0.3627849306612938,0.36278060353380437,0.36279305949999197,0.47318438,0.46645522,0.4911567,0.7207509087449202,0.7206798774667356,0.720649670152904,0.720751103766418,0.7206014318690852,0.7205993998840934,0.72061226530015,0.7206479138811107,0.7206467174236345,0.7206495755423629,0.7206323150406536,0.7206288496524049,0.7206388251041432,0.6179354,0.54262704,0.6254824
0.4462890625,0.7212892931560522,0.7210985588181346,0.7211125822022217,0.7212882168827748,0.7211029743042974,0.7211023322658205,0.7211032305179188,0.7211123347680848,0.7211120115579103,0.7211125491037162,0.7211090435278181,0.7211085458242089,0.7211097965010056,0.674263,0.6526342,0.6848926,0.3627283318545316,0.36272546582591025,0.362725158876749,0.3627298936082213,0.36272536917678305,0.36272536356864354,0.36272538323007897,0.36272516429257795,0.3627251596012076,0.3627251713669956,0.36272523633147324,0.3627252198502859,0.3627252472253016,0.4699427,0.45976785,0.4889065,0.7207509087449202,0.7205879643904795,0.7205965298680677,0.7207538657496855,0.7205906613677265,0.7205902692108723,0.7205908178629076,0.7205963787353926,0.720596181318743,0.7205965096515133,0.7205943684471102,0.720594064449938,0.7205948283628422,0.62100697,0.5431137,0.6284769
0.4482421875,0.7212892931560522,0.7210985588181346,0.721103233279497,0.7212889402151637,0.7211000306468556,0.7210998166340299,0.721100116051396,0.7211031508014514,0.7211030430647265,0.7211032222466618,0.7211020537213624,0.7211018878201594,0.721102304712425,0.67614627,0.65520465,0.68567294,0.3627283318545316,0.36272546582591025,0.3627253635081966,0.3627297043465593,0.36272543360940296,0.36272543174000743,0.3627254382938705,0.3627253653135193,0.36272536374968906,0.36272536767171787,0.3627253893270231,0.36272538383318353,0.36272539295836786,0.46674514,0.4530397,0.48704362,0.7207509087449202,0.7205879643904795,0.7205908195496785,0.7207551254519008,0.7205888633828954,0.7205887326639439,0.7205889155479558,0.7205907691721201,0.72059070336657,0.720590812810827,0.7205900990760247,0.7205899977436337,0.720590252381269,0.6245265,0.5439167,0.6315649
0.4501953125,0.7212892931560522,0.7210985588181346,0.7210938843567721,0.7212885707493214,0.7210970869894135,0.7210970015848731,0.7210973010022392,0.7210939668348177,0.7210938953896073,0.7210940745715426,0.7210950639149067,0.7210948129238441,0.7210952298161097,0.67768115,0.65766066,0.68639654,0.3627283318545316,0.36272546582591025,0.36272556814495044,0.36272897256879905,0.36272549804254905,0.3627254933580461,0.3627254999119603,0.36272556633958136,0.3627255639813234,0.36272556790345173,0.362725542325539,0.36272553869412544,0.36272554781948885,0.46356,0.4463008,0.48549885,0.7207509087449202,0.7205879643904795,0.7205851092312772,0.7207546975819876,0.7205870653980629,0.7205870132330027,0.7205871961170146,0.7205851596088357,0.7205851159701288,0.720585225414386,0.7205858297049325,0.7205856763996878,0.7205859310373234,0.628439,0.54500914,0.63472843
0.4521484375,0.7212892931560522,0.7210985588181346,0.7210845354340474,0.7212873071026376,0.7210941433319717,0.7210938871183503,0.7210947853704486,0.7210847828681843,0.7210845685325529,0.7210851060783589,0.721088074108451,0.7210873211352635,0.7210885718120602,0.6788493,0.6599506,0.6870023,0.3627283318545316,0.36272546582591025,0.3627257727870104,0.3627285514905339,0.36272556247622106,0.36272554842260596,0.36272556808450196,0.36272576737076384,0.3627257602958119,0.36272577206249546,0.36272569532702104,0.36272568443257414,0.3627257118092014,0.4603483,0.4395674,0.48417884,0.7207509087449202,0.7205879643904795,0.7205793989128638,0.7207530930670426,0.7205852674132295,0.7205851109180481,0.7205856595700845,0.72057955004554,0.7205794191294184,0.7205797474621907,0.7205815603338334,0.7205811004180992,0.7205818643310069,0.6326609,0.54634655,0.637949
0.4541015625,0.7212892931560522,0.721079860972685,0.721079860972685,0.7212855914696132,0.721079860972685,0.721079860972685,0.721079860972685,0.721079860972685,0.721079860972685,0.721079860972685,0.721079860972685,0.721079860972685,0.721079860972685,0.6796519,0.6620418,0.6874397,0.3627283318545316,0.36272587511003035,0.36272587511003035,0.3627291478960183,0.36272587511003035,0.36272587511003035,0.36272587511003035,0.36272587511003035,0.36272587511003035,0.36272587511003035,0.36272587511003035,0.36272587511003035,0.36272587511003035,0.45706648,0.43285093,0.48297325,0.7207509087449202,0.7205765437536527,0.7205765437536527,0.7207508420821956,0.7205765437536527,0.7205765437536527,0.7205765437536527,0.7205765437536527,0.7205765437536527,0.7205765437536527,0.7205765437536527,0.7205765437536527,0.7205765437536527,0.63708645,0.54787076,0.6412089
0.4560546875,0.7212892931560522,0.721079860972685,0.721079860972685,0.7212842023478593,0.721079860972685,0.721079860972685,0.721079860972685,0.721079860972685,0.721079860972685,0.721079860972685,0.721079860972685,0.721079860972685,0.721079860972685,0.68011,0.6639245,0.6876745,0.3627283318545316,0.36272587511003035,0.36272587511003035,0.36273045566124235,0.36272587511003035,0.36272587511003035,0.36272587511003035,0.36272587511003035,0.36272587511003035,0.36272587511003035,0.36272587511003035,0.36272587511003035,0.36272587511003035,0.45366764,0.4261682,0.48176366,0.7207509087449202,0.7205765437536527,0.7205765437536527,0.7207490571419403,0.7205765437536527,0.7205765437536527,0.7205765437536527,0.7205765437536527,0.7205765437536527,0.7205765437536527,0.7205765437536527,0.7205765437536527,0.7205765437536527,0.6415969,0.5495151,0.6444908
0.4580078125,0.7212892931560522,0.721079860972685,0.721079860972685,0.7212835322621056,0.721079860972685,0.721079860972685,0.721079860972685,0.721079860972685,0.721079860972685,0.721079860972685,0.721079860972685,0.721079860972685,0.721079860972685,0.6802644,0.66561335,0.6876916,0.3627283318545316,0.36272587511003035,0.36272587511003035,0.36273155254225553,0.36272587511003035,0.36272587511003035,0.36272587511003035,0.36272587511003035,0.36272587511003035,0.36272587511003035,0.36272587511003035,0.36272587511003035,0.36272587511003035,0.4501036,0.4195488,0.48043144,0.7207509087449202,0.7205765437536527,0.7205765437536527,0.7207483452971908,0.7205765437536527,0.7205765437536527,0.7205765437536527,0.7205765437536527,0.7205765437536527,0.7205765437536527,0.7205765437536527,0.7205765437536527,0.7205765437536527,0.6460721,0.5512111,0.64777714
0.4599609375,0.7212892931560522,0.721079860972685,0.721079860972685,0.721283412928915,0.721079860972685,0.721079860972685,0.721079860972685,0.721079860972685,0.721079860972685,0.721079860972685,0.721079860972685,0.721079860972685,0.721079860972685,0.6801746,0.66714805,0.68749493,0.3627283318545316,0.36272587511003035,0.36272587511003035,0.36273208806540375,0.36272587511003035,0.36272587511003035,0.36272587511003035,0.36272587511003035,0.36272587511003035,0.36272587511003035,0.36272587511003035,0.36272587511003035,0.36272587511003035,0.44632885,0.4130378,0.4788651,0.7207509087449202,0.7205765437536527,0.7205765437536527,0.7207484406953379,0.7205765437536527,0.7205765437536527,0.7205765437536527,0.7205765437536527,0.7205765437536527,0.7205765437536527,0.7205765437536527,0.7205765437536527,0.7205765437536527,0.6504035,0.5528962,0.6510505
0.4619140625,0.7212892931560522,0.7211099453951038,0.7210911367843906,0.7212836429787197,0.7210900028058882,0.7210898587663276,0.7210908428234636,0.7210911190860538,0.721090886529212,0.7210911334371692,0.7210908080001635,0.7210905851656829,0.7210910352977113,0.67991686,0.66859156,0.68710774,0.3627283318545316,0.36278914379354255,0.3627569462440203,0.36273131865154956,0.36275286069760615,0.36275234174477566,0.3627558871502105,0.36275688247979176,0.362756044615028,0.3627569341845263,0.3627557616874195,0.36275495885007214,0.36275658060398036,0.4423061,0.4066918,0.47696644,0.7207509087449202,0.7206345796905418,0.7206011865965134,0.7207490359821057,0.7205948741601282,0.7205940723451446,0.7205995502258736,0.7206010880764949,0.7205997935194647,0.7206011679637844,0.7205993563775527,0.7205981159410189,0.7206006216581278,0.65429485,0.55452114,0.65450555
0.4638671875,0.7212892931560522,0.7211099453951038,0.7211036758581993,0.7212841367976074,0.7210975425523218,0.7210967634910944,0.7211020859230483,0.7211035801338865,0.7211023223126476,0.7211036577542118,0.7211018975756055,0.7211006923393277,0.7211031269511035,0.6795811,0.67002624,0.6865725,0.3627283318545316,0.36278914379354255,0.36277841146365997,0.362729525479339,0.36276576788898984,0.3627641618687751,0.3627751338940184,0.36277821413331535,0.36277562119994927,0.362778374143301,0.3627747456244829,0.3627722610808789,0.3627772799215119,0.43801463,0.4005714,0.4746552,0.7207509087449202,0.7206345796905418,0.7206234486924233,0.7207498743312656,0.7206082603919406,0.7206063311491318,0.7206195114380043,0.7206232116444948,0.7206200968243365,0.7206234038604206,0.7206190450214168,0.720616060418188,0.7206220894002973,0.657499,0.5560583,0.6583249
0.4658203125,0.7212892931560522,0.7211099453951038,0.7211162149320082,0.7212846705651096,0.7211050822987555,0.7211036682158614,0.7211133290226329,0.7211160411817193,0.7211137580960832,0.7211161820712545,0.7211129871510477,0.7211107995129726,0.7211152186044957,0.6792678,0.6715456,0.68594986,0.3627283318545316,0.36278914379354255,0.36279987593680685,0.362727702764063,0.362778674810463,0.3627759817664138,0.36279438003766246,0.36279954504960715,0.36279519716395997,0.36279981335733885,0.3627937289776605,0.36278956282666536,0.3627979785448715,0.43345886,0.39472985,0.4718716,0.7207509087449202,0.7206345796905418,0.720645710655437,0.7207507612809698,0.7206216465757014,0.7206185899128205,0.7206394725432892,0.7206453350812472,0.7206404000186691,0.720645639624473,0.7206387335613332,0.7206340048090102,0.7206435570188848,0.6606613,0.55750686,0.6618459
0.4677734375,0.7212892931560522,0.7211099453951038,0.7211287540058169,0.7212851542245926,0.7211471539234494,0.7211335238112703,0.7211494911071316,0.7211290411787552,0.7211288083177795,0.7211328146424721,0.7211340888535983,0.7211304007271044,0.7211377045624316,0.67908293,0.67324585,0.6853176,0.3627283318545316,0.36278914379354255,0.3628213396635002,0.36272676699111556,0.3628592666827596,0.3628311716598262,0.36286408408810483,0.3628219316165375,0.3628214516174391,0.36282970985895724,0.36283233637252765,0.36282473406352894,0.3628397893320298,0.4286753,0.38920406,0.46857846,0.7207509087449202,0.7206345796905418,0.7206679724855611,0.7207517061731389,0.7207135366407187,0.7206797841084792,0.7207193242347494,0.7206686836219492,0.7206681069801809,0.7206780279727009,0.7206811833391534,0.7206720503176914,0.7206901370143443,0.6637938,0.5588966,0.6650915
0.4697265625,0.7212892931560522,0.7211801735631548,0.7211692183039259,0.721285586344344,0.7211688446506207,0.7211688220467402,0.7211688714180743,0.7211692166863437,0.7211689874822665,0.7211692182599557,0.721169098545516,0.7211690472712284,0.7211691099673808,0.6791313,0.67521286,0.68476707,0.3627283318545316,0.3628975829739558,0.36288522141419133,0.3627272496740146,0.3628812316573546,0.36288099029983073,0.3628815174722558,0.36288520414214803,0.36288275677090276,0.36288522094469156,0.3628839426706091,0.36288339517935614,0.3628840646297967,0.42373598,0.38400906,0.46476132,0.7207509087449202,0.7207546383389657,0.7207210754833974,0.720752699790104,0.7207241910192996,0.7207239678313749,0.7207243794911942,0.7207210889708706,0.7207210758500227,0.7207230000839807,0.7207220740342116,0.7207219787982287,0.7207225015613015,0.6669245,0.5602882,0.6681201
0.4716796875,0.7212892931560522,0.7211801735631548,0.7211765218100785,0.7212856806192691,0.7211814277441059,0.7211810762970298,0.7211817245249592,0.7211765430483524,0.7211765223873909,0.7211795524157681,0.7211780941950929,0.7211779442301015,0.7211787674081196,0.67951035,0.67751163,0.6843979,0.3627283318545316,0.3628975829739558,0.3628934624957637,0.3627290930243538,0.3629001874837257,0.362899705727873,0.3629005943039675,0.3628934916090993,0.36289346328714106,0.36289761681982596,0.362895617909822,0.3628954123392968,0.36289654074251904,0.41874617,0.37913775,0.4604283,0.7207509087449202,0.7207546383389657,0.7207434507253407,0.7207532015213758,0.7207570605855923,0.7207560856145802,0.7207578839036114,0.7207435096438006,0.7207434523269001,0.720751858120801,0.7207478127789595,0.7207473967515637,0.7207496803817718,0.6700974,0.56177145,0.6710199
0.4736328125,0.7212892931560522,0.7211801735631548,0.721183825316231,0.7212853697819925,0.7211839498673328,0.7211839409448483,0.7211839574019596,0.7211838258554251,0.7211838253308878,0.7211839022567842,0.721183865235701,0.7211838614284127,0.7211838823271302,0.6803014,0.680176,0.6843084,0.3627283318545316,0.3628975829739558,0.3629017034104194,0.3627313873322364,0.3629030332986633,0.3629029380292901,0.3629031137492551,0.3629017091676382,0.36290170356691576,0.3629025249394334,0.36290212964864016,0.3629020889965051,0.36290231214153934,0.4138356,0.37456474,0.45560843,0.7207509087449202,0.7207546383389657,0.7207658259476929,0.7207529281250328,0.7207647874283819,0.7207647246039074,0.7207648618249508,0.7207658214518411,0.7207651844098697,0.7207658258254838,0.72076549309529,0.7207653505852835,0.72076552484083,0.67336917,0.5634616,0.673901
0.4755859375,0.7212892931560522,0.7211801735631548,0.7211911288223837,0.7212845767428778,0.7211864719905597,0.7211861902789601,0.7211868055926668,0.7211911086624979,0.7211882520978002,0.7211911282743847,0.721189636276309,0.7211889972461409,0.7211897786267241,0.6832015,0.6815609,0.6845851,0.3627283318545316,0.3628975829739558,0.3629099441581636,0.36273315896699976,0.36290587909369626,0.36290563317894164,0.3629061703050289,0.3629099265602103,0.36290743299983447,0.3629099436798048,0.36290864128324307,0.36290808345869424,0.3629087655441526,0.40914458,0.3702532,0.45034894,0.7207509087449202,0.7207546383389657,0.7207882011504544,0.7207520991217035,0.7207725142688354,0.7207715653023722,0.7207736380323074,0.7207881332404017,0.720778510691989,0.7207881993044797,0.7207831733993887,0.7207810207791866,0.720783652917237,0.67680484,0.56549376,0.67688763
0.4775390625,0.7212892931560522,0.7211947805754599,0.7211947805754599,0.7212832946405856,0.7211947805754599,0.7211947805754599,0.7211947805754599,0.7211947805754599,0.7211947805754599,0.7211947805754599,0.7211947805754599,0.7211947805754599,0.7211947805754599,0.6852891,0.6833121,0.68654436,0.3627283318545316,0.36291406446944535,0.36291406446944535,0.36273360686847134,0.36291406446944535,0.36291406446944535,0.36291406446944535,0.36291406446944535,0.36291406446944535,0.36291406446944535,0.36291406446944535,0.36291406446944535,0.36291406446944535,0.40480703,0.36616254,0.44471028,0.7207509087449202,0.7208067128930594,0.7208067128930594,0.7207506457128098,0.7208067128930594,0.7208067128930594,0.7208067128930594,0.7208067128930594,0.7208067128930594,0.7208067128930594,0.7208067128930594,0.7208067128930594,0.7208067128930594,0.6801098,0.56801677,0.6804712
0.4794921875,0.7212892931560522,0.7211947805754599,0.7211947805754599,0.7212823204804564,0.7211947805754599,0.7211947805754599,0.7211947805754599,0.7211947805754599,0.7211947805754599,0.7211947805754599,0.7211947805754599,0.7211947805754599,0.7211947805754599,0.68644434,0.68553895,0.6901249,0.3627283318545316,0.36291406446944535,0.36291406446944535,0.3627326282604494,0.36291406446944535,0.36291406446944535,0.36291406446944535,0.36291406446944535,0.36291406446944535,0.36291406446944535,0.36291406446944535,0.36291406446944535,0.36291406446944535,0.40093276,0.3622555,0.43875992,0.7207509087449202,0.7208067128930594,0.7208067128930594,0.7207495855923909,0.7208067128930594,0.7208067128930594,0.7208067128930594,0.7208067128930594,0.7208067128930594,0.7208067128930594,0.7208067128930594,0.7208067128930594,0.7208067128930594,0.6836972,0.5711861,0.6844308
0.4814453125,0.7212892931560522,0.7211947805754599,0.7211947805754599,0.7212814256009977,0.7211947805754599,0.7211947805754599,0.7211947805754599,0.7211947805754599,0.7211947805754599,0.7211947805754599,0.7211947805754599,0.7211947805754599,0.7211947805754599,0.6881828,0.68802685,0.69383776,0.3627283318545316,0.36291406446944535,0.36291406446944535,0.3627308057686139,0.36291406446944535,0.36291406446944535,0.36291406446944535,0.36291406446944535,0.36291406446944535,0.36291406446944535,0.36291406446944535,0.36291406446944535,0.36291406446944535,0.3975931,0.35850328,0.4325649,0.7207509087449202,0.7208067128930594,0.7208067128930594,0.7207491462614095,0.7208067128930594,0.7208067128930594,0.7208067128930594,0.7208067128930594,0.7208067128930594,0.7208067128930594,0.7208067128930594,0.7208067128930594,0.7208067128930594,0.68777245,0.5751551,0.6887379
0.4833984375,0.7212892931560522,0.7211947805754599,0.7211947805754599,0.7212818882015122,0.7211947805754599,0.7211947805754599,0.7211947805754599,0.7211947805754599,0.7211947805754599,0.7211947805754599,0.7211947805754599,0.7211947805754599,0.7211947805754599,0.6911452,0.6899608,0.6975655,0.3627283318545316,0.36291406446944535,0.36291406446944535,0.3627281615661332,0.36291406446944535,0.36291406446944535,0.36291406446944535,0.36291406446944535,0.36291406446944535,0.36291406446944535,0.36291406446944535,0.36291406446944535,0.36291406446944535,0.3948132,0.35488847,0.42618573,0.7207509087449202,0.7208067128930594,0.7208067128930594,0.72075001357465,0.7208067128930594,0.7208067128930594,0.7208067128930594,0.7208067128930594,0.7208067128930594,0.7208067128930594,0.7208067128930594,0.7208067128930594,0.7208067128930594,0.69244605,0.5800643,0.6934347
0.4853515625,0.7212892931560522,0.7211595398531454,0.7211840837700313,0.7212828695121087,0.721167169959866,0.7211664975964417,0.7211689867444824,0.7211839895202428,0.7211831155546108,0.7211840339688067,0.7211788716930202,0.7211767834239917,0.7211789848581214,0.6942973,0.69212,0.7011942,0.3627283318545316,0.3628534804226305,0.3628912278639032,0.3627260603660007,0.36286515900674504,0.3628641226835678,0.36286795923269427,0.36289108260231223,0.3628897356092794,0.3628911511082437,0.3628831947427367,0.3628799761625213,0.36288336915984415,0.3925714,0.3514059,0.41967165,0.7207509087449202,0.7207756677653222,0.7207985247636463,0.7207516656896785,0.7207826807243108,0.7207820508827221,0.7207843826096696,0.7207984364755459,0.7207976177915575,0.7207984781125554,0.720793642362879,0.7207916861766004,0.7207937483702165,0.6978086,0.58602864,0.6985485
0.4873046875,0.7212892931560522,0.7211595398531454,0.721167721158774,0.7212837047490535,0.7211622417059639,0.7211620238849278,0.7211628302774019,0.7211676906253067,0.7211674074925655,0.7211677050250077,0.7211660326373974,0.7211653561149884,0.7211660692987306,0.6974943,0.6943387,0.70462847,0.3627283318545316,0.3628534804226305,0.3628660631885393,0.3627250303617859,0.3628575794239462,0.3628572421718416,0.36285849070752946,0.36286601591433143,0.3628655775467599,0.3628660382090308,0.362863448886881,0.36286240143821963,0.3628635056489719,0.39080656,0.34806117,0.41306075,0.7207509087449202,0.7207756677653222,0.7207832868104338,0.720753229474533,0.720778091168324,0.7207778846289966,0.7207786492554374,0.7207832578585186,0.7207829893912665,0.7207832715123537,0.7207816857489876,0.720781044267692,0.7207817205114037,0.70392376,0.5931226,0.7040918
0.4892578125,0.7212892931560522,0.7211595398531454,0.7211513585475168,0.7212841683950653,0.7211573134520618,0.7211566738103214,0.7211575501734139,0.7211513917303708,0.7211513760812088,0.7211516994305202,0.7211531935817745,0.72115315373934,0.7211539288059853,0.7005931,0.69642955,0.70780057,0.3627283318545316,0.3628534804226305,0.36284089737122416,0.3627253411865287,0.3628499997375525,0.36284902202070035,0.3628503615747487,0.3628409480932755,0.362840924172561,0.36284141843182277,0.36284370232793434,0.3628436414266048,0.3628448261569444,0.3894303,0.34486705,0.40638292,0.7207509087449202,0.7207756677653222,0.7207680486745381,0.7207543607949966,0.7207735015957648,0.7207729158753432,0.7207737183616145,0.7207680790602282,0.7207680647302196,0.7207683608226158,0.7207697290226195,0.7207696925387697,0.7207704022696818,0.71006113,0.60136575,0.7108184
0.4912109375,0.7212892931560522,0.7211595398531454,0.7211349959362595,0.7212837048557356,0.7211514342946898,0.7211496685803757,0.7211520877577979,0.7211350875366613,0.7211350443375584,0.7211359369348852,0.7211400615003895,0.7211399515163897,0.7211420910676161,0.70346886,0.6982081,0.7106767,0.3627283318545316,0.3628534804226305,0.36281573041188026,0.36272609824759894,0.36284118323439635,0.3628384492936056,0.36284219501950754,0.36281587224730916,0.36281580535717817,0.36281718746647734,0.36282357395286613,0.3628234036543446,0.3628267165124499,0.38834196,0.34183854,0.3996656,0.7207509087449202,0.7207756677653222,0.7207528103559468,0.7207544150699133,0.7207683975272359,0.7207667232515277,0.7207690171498068,0.7207528972137477,0.7207528562512745,0.7207537026341945,0.7207576136423314,0.7207575093531188,0.720759538120465,0.7164395,0.61071074,0.7184744
0.4931640625,0.7212892931560522,0.7210638796854019,0.7210963438680372,0.7212825830254685,0.7211120617974897,0.7211075823804176,0.7211165165054665,0.7210963653735876,0.7210963563917122,0.721100092666644,0.7211011946395988,0.7211009011037132,0.7211033082425398,0.70602685,0.69951904,0.7132552,0.3627283318545316,0.3627127222202416,0.3627517149060028,0.3627279415759147,0.36276638210099227,0.36276220219549726,0.3627705388980397,0.36275173497435637,0.36275172659273186,0.36275521315766257,0.3627562414745157,0.36275596755893674,0.362758213795001,0.38744137,0.3389881,0.39294058,0.7207509087449202,0.7206848054780476,0.7207084073541928,0.7207536187783211,0.720717023080028,0.7207145677101818,0.7207194649007108,0.7207084191424243,0.7207084142190244,0.720710462250143,0.7207110662935935,0.7207109053927332,0.7207122248583906,0.72319746,0.62103885,0.7268223
0.4951171875,0.7212892931560522,0.7210638796854019,0.7210747010796137,0.7212810796375262,0.7210662327588647,0.7210638327038126,0.7210686461263919,0.7210746894931068,0.7210726813460908,0.7210746943322557,0.7210720876380922,0.7210709488960145,0.7210722457858965,0.7082088,0.70026046,0.7155628,0.3627283318545316,0.3627127222202416,0.36272572017227894,0.36272996172836525,0.3627169521432633,0.3627144671087275,0.3627194509449525,0.3627257081758466,0.36272362897565524,0.3627257131862025,0.36272301425859077,0.3627218352179335,0.3627231780027427,0.38624907,0.33632055,0.38663778,0.7207509087449202,0.7206848054780476,0.7206926728188231,0.7207522554312916,0.7206874533125923,0.720685974018548,0.7206889408100962,0.7206926656774172,0.7206914279445478,0.7206926686600527,0.7206910620089971,0.7206903601380582,0.7206911594843727,0.73029685,0.6321643,0.7357429
0.4970703125,0.7212892931560522,0.7210638796854019,0.72105305829119,0.7212799738798846,0.7210478189813726,0.7210463340787137,0.7210493121203966,0.7210530511226733,0.7210518086916544,0.7210530541166317,0.7210514413673362,0.7210507368330226,0.7210515392126314,0.70999134,0.7003993,0.7176482,0.3627283318545316,0.3627127222202416,0.3626997238780638,0.3627314093984545,0.3626948339996893,0.36269344811846327,0.36269622756227893,0.3626997171876939,0.3626985576259908,0.3626997199819525,0.36269821480119285,0.3626975572563999,0.36269830612051046,0.37964448,0.33383083,0.3858525,0.7207509087449202,0.7206848054780476,0.7206769380885419,0.7207512307997246,0.720674066092818,0.7206732521228856,0.7206748845770693,0.720676934159031,0.7206762531049531,0.7206769358002063,0.7206760517514668,0.7206756655519475,0.7206761053866103,0.7376933,0.6438481,0.745075
0.4990234375,0.7212892931560522,0.7210638796854019,0.7210314155027665,0.7212794431790805,0.7210294052038805,0.7210288354536147,0.7210299781144014,0.7210314127522398,0.7210309360372182,0.7210314139010078,0.7210307950965803,0.7210305247700306,0.7210308326393664,0.7113821,0.699978,0.71957576,0.3627283318545316,0.3627127222202416,0.3626737260232168,0.36273214957039135,0.36267271472640117,0.3626724281079807,0.362673002934162,0.3626737246395464,0.362673484824778,0.3626737252174416,0.3626734139235607,0.3626732779337377,0.36267343280973624,0.37319207,0.33150357,0.3850163,0.7207509087449202,0.7206848054780476,0.7206612031633319,0.7207511076931359,0.7206606787319385,0.7206605300997945,0.7206608281884822,0.7206612024457958,0.7206610780840547,0.7206612027454774,0.7206610413165441,0.7206609707958268,0.7206610511104178,0.74533904,0.65581745,0.75463176
0.5009765625,0.7212892931560522,0.7209863975457567,0.7209863975457567,0.7212791056297505,0.7209863975457567,0.7209863975457567,0.7209863975457567,0.7209863975457567,0.7209863975457567,0.7209863975457567,0.7209863975457567,0.7209863975457567,0.7209863975457567,0.69151396,0.6863008,0.6929252,0.3627283318545316,0.3626455215216159,0.3626455215216159,0.3627316076586119,0.3626455215216159,0.3626455215216159,0.3626455215216159,0.3626455215216159,0.3626455215216159,0.3626455215216159,0.3626455215216159,0.3626455215216159,0.3626455215216159,0.3559377,0.33685777,0.39113095,0.7207509087449202,0.7206497921295417,0.7206497921295417,0.7207514358576049,0.7206497921295417,0.7206497921295417,0.7206497921295417,0.7206497921295417,0.7206497921295417,0.7206497921295417,0.7206497921295417,0.7206497921295417,0.7206497921295417,0.6519595,0.63210195,0.68336576
0.5029296875,0.7212892931560522,0.7209863975457567,0.7209863975457567,0.7212788534592447,0.7209863975457567,0.7209863975457567,0.7209863975457567,0.7209863975457567,0.7209863975457567,0.7209863975457567,0.7209863975457567,0.7209863975457567,0.7209863975457567,0.69221103,0.6867975,0.69347477,0.3627283318545316,0.3626455215216159,0.3626455215216159,0.3627295585218129,0.3626455215216159,0.3626455215216159,0.3626455215216159,0.3626455215216159,0.3626455215216159,0.3626455215216159,0.3626455215216159,0.3626455215216159,0.3626455215216159,0.35385633,0.33502638,0.3919989,0.7207509087449202,0.7206497921295417,0.7206497921295417,0.7207524585500285,0.7206497921295417,0.7206497921295417,0.7206497921295417,0.7206497921295417,0.7206497921295417,0.7206497921295417,0.7206497921295417,0.7206497921295417,0.7206497921295417,0.66208404,0.64243186,0.6884027
0.5048828125,0.7212892931560522,0.7209863975457567,0.7209863975457567,0.7212791880188418,0.7209863975457567,0.7209863975457567,0.7209863975457567,0.7209863975457567,0.7209863975457567,0.7209863975457567,0.7209863975457567,0.7209863975457567,0.7209863975457567,0.6926727,0.6868817,0.6934,0.3627283318545316,0.3626455215216159,0.3626455215216159,0.3627267622875059,0.3626455215216159,0.3626455215216159,0.3626455215216159,0.3626455215216159,0.3626455215216159,0.3626455215216159,0.3626455215216159,0.3626455215216159,0.3626455215216159,0.35211438,0.3335166,0.39268422,0.7207509087449202,0.7206497921295417,0.7206497921295417,0.7207535741532072,0.7206497921295417,0.7206497921295417,0.7206497921295417,0.7206497921295417,0.7206497921295417,0.7206497921295417,0.7206497921295417,0.7206497921295417,0.7206497921295417,0.67182416,0.6521208,0.6932344
0.5068359375,0.7212892931560522,0.7209863975457567,0.7209863975457567,0.7212789982739007,0.7209863975457567,0.7209863975457567,0.7209863975457567,0.7209863975457567,0.7209863975457567,0.7209863975457567,0.7209863975457567,0.7209863975457567,0.7209863975457567,0.69276816,0.6866872,0.69300437,0.3627283318545316,0.3626455215216159,0.3626455215216159,0.36272434613858456,0.3626455215216159,0.3626455215216159,0.3626455215216159,0.3626455215216159,0.3626455215216159,0.3626455215216159,0.3626455215216159,0.3626455215216159,0.3626455215216159,0.3506988,0.33232775,0.39317137,0.7207509087449202,0.7206497921295417,0.7206497921295417,0.7207542514021893,0.7206497921295417,0.7206497921295417,0.7206497921295417,0.7206497921295417,0.7206497921295417,0.7206497921295417,0.7206497921295417,0.7206497921295417,0.7206497921295417,0.6808848,0.6609687,0.697811
0.5087890625,0.7212892931560522,0.7209644219646344,0.7209644219646344,0.7212780099687366,0.7209659978725644,0.7209654719819617,0.7209664888671162,0.7209644232092387,0.7209644220288904,0.7209647167089961,0.7209649660289911,0.7209648751735661,0.7209650212396062,0.691664,0.68633765,0.69331914,0.3627283318545316,0.3626845745036979,0.3626635750646539,0.36272268163443827,0.3626720413621756,0.3626692161084045,0.36267467913939605,0.3626635817510938,0.36266357540985916,0.3626651585314576,0.3626664979621276,0.3626660098564064,0.3626667945719514,0.349581,0.3314572,0.3934413,0.7207509087449202,0.7206707398264033,0.720654595554589,0.7207537751389123,0.7206610905380745,0.7206589231226479,0.7206631141301818,0.7206546006841384,0.7206545958194157,0.7206558103224072,0.720656837876381,0.720656463422507,0.7206570654227894,0.6890151,0.6688154,0.7020746
0.5107421875,0.7212892931560522,0.7209644219646344,0.7209644219646344,0.7212770780841787,0.7209659978725644,0.7209654719819617,0.7209664888671162,0.7209644232092387,0.7209644220288904,0.7209647167089961,0.7209649660289911,0.7209648751735661,0.7209650212396062,0.6901839,0.68593323,0.69373226,0.3627283318545316,0.3626845745036979,0.36267757469068324,0.36272278225130367,0.36267961520745895,0.3626789342748906,0.362680250955099,0.3626775763022251,0.36267757477388335,0.362677956332194,0.36267827915698786,0.36267816151549115,0.36267835064482773,0.34871548,0.33090004,0.39346862,0.7207509087449202,0.7206707398264033,0.7206653584165953,0.7207536341511642,0.7206669132842688,0.7206663944150684,0.7206673977232104,0.7206653596445832,0.7206653584799935,0.7206656492258582,0.7206658952171775,0.7206658055747684,0.7206659496906705,0.6960287,0.6755439,0.7059586
0.5126953125,0.7212892931560522,0.7209644219646344,0.7209644219646344,0.721275117323253,0.7209659978725644,0.7209654719819617,0.7209664888671162,0.7209644232092387,0.7209644220288904,0.7209647167089961,0.7209649660289911,0.7209648751735661,0.7209650212396062,0.6884308,0.68554306,0.6943513,0.3627283318545316,0.3626845745036979,0.36269157431671256,0.36272500293491083,0.3626871890527424,0.36268582277080197,0.3626886524413768,0.36269157085335635,0.36269075413293034,0.36269157413790754,0.36269006035184814,0.36268990671770396,0.3626903131745758,0.34804222,0.33064935,0.39322364,0.7207509087449202,0.7206707398264033,0.720676121222081,0.7207522623293132,0.7206727360139205,0.720671681307286,0.7206738656802528,0.7206761185485483,0.7206754880820765,0.7206761210840527,0.7206749525179471,0.7206748339200398,0.7206751476844463,0.7018127,0.6810814,0.7093914
0.5146484375,0.7212892931560522,0.7209644219646344,0.7209644219646344,0.721272719689169,0.7209596942408442,0.7209582212571889,0.7209612719126525,0.7209644182308214,0.7209635377315494,0.7209644217718664,0.7209627897715641,0.7209626241397191,0.7209630623378391,0.6865095,0.6852058,0.69526523,0.3627283318545316,0.3626845745036979,0.3627055739427419,0.3627285236456566,0.3626994525224978,0.3626975452982359,0.36270149528869366,0.36270556910826124,0.36270442905067724,0.36270557369314893,0.3627034606008364,0.3627032461423889,0.362703813516694,0.34749228,0.33069596,0.39267772,0.7207509087449202,0.7206707398264033,0.7206868839710461,0.7207506548500209,0.7206822194102497,0.7206807661036363,0.7206837760053624,0.7206868802871215,0.7206860115522497,0.7206868837808537,0.7206852735855052,0.7206851101665747,0.7206855425101455,0.7063268,0.68539745,0.71230054
0.5166015625,0.7212892931560522,0.7209913045552285,0.7209913045552285,0.7212703252180265,0.7209913045552285,0.7209913045552285,0.7209913045552285,0.7209913045552285,0.7209913045552285,0.7209913045552285,0.7209913045552285,0.7209913045552285,0.7209913045552285,0.6849354,0.6845236,0.6965319,0.3627283318545316,0.3627965454308335,0.3627965454308335,0.36273219794274153,0.3627965454308335,0.3627965454308335,0.3627965454308335,0.3627965454308335,0.3627965454308335,0.3627965454308335,0.3627965454308335,0.3627965454308335,0.3627965454308335,0.3469957,0.3310288,0.39181024,0.7207509087449202,0.7207530877587407,0.7207530877587407,0.7207493432115711,0.7207530877587407,0.7207530877587407,0.7207530877587407,0.7207530877587407,0.7207530877587407,0.7207530877587407,0.7207530877587407,0.7207530877587407,0.7207530877587407,0.7095962,0.6885031,0.7146194
0.5185546875,0.7212892931560522,0.7209913045552285,0.7209913045552285,0.7212687129392263,0.7209913045552285,0.7209913045552285,0.7209913045552285,0.7209913045552285,0.7209913045552285,0.7209913045552285,0.7209913045552285,0.7209913045552285,0.7209913045552285,0.68473077,0.6825707,0.6981669,0.3627283318545316,0.3627965454308335,0.3627965454308335,0.36273452451164545,0.3627965454308335,0.3627965454308335,0.3627965454308335,0.3627965454308335,0.3627965454308335,0.3627965454308335,0.3627965454308335,0.3627965454308335,0.3627965454308335,0.3464899,0.33163527,0.39061582,0.7207509087449202,0.7207530877587407,0.7207530877587407,0.7207489832913166,0.7207530877587407,0.7207530877587407,0.7207530877587407,0.7207530877587407,0.7207530877587407,0.7207530877587407,0.7207530877587407,0.7207530877587407,0.7207530877587407,0.71170104,0.6904485,0.7162945
0.5205078125,0.7212892931560522,0.7209913045552285,0.7209913045552285,0.7212674208759231,0.7209913045552285,0.7209913045552285,0.7209913045552285,0.7209913045552285,0.7209913045552285,0.7209913045552285,0.7209913045552285,0.7209913045552285,0.7209913045552285,0.6845871,0.68073887,0.7001359,0.3627283318545316,0.3627965454308335,0.3627965454308335,0.36273514442573507,0.3627965454308335,0.3627965454308335,0.3627965454308335,0.3627965454308335,0.3627965454308335,0.3627965454308335,0.3627965454308335,0.3627965454308335,0.3627965454308335,0.3459268,0.33250013,0.38910988,0.7207509087449202,0.7207530877587407,0.7207530877587407,0.7207490620059948,0.7207530877587407,0.7207530877587407,0.7207530877587407,0.7207530877587407,0.7207530877587407,0.7207530877587407,0.7207530877587407,0.7207530877587407,0.7207530877587407,0.712765,0.6913202,0.71729225
0.5224609375,0.7212892931560522,0.7209913045552285,0.7209913045552285,0.7212665290257715,0.7209913045552285,0.7209913045552285,0.7209913045552285,0.7209913045552285,0.7209913045552285,0.7209913045552285,0.7209913045552285,0.7209913045552285,0.7209913045552285,0.68450475,0.6791008,0.70235026,0.3627283318545316,0.3627965454308335,0.3627965454308335,0.3627340303584436,0.3627965454308335,0.3627965454308335,0.3627965454308335,0.3627965454308335,0.3627965454308335,0.3627965454308335,0.3627965454308335,0.3627965454308335,0.3627965454308335,0.3452779,0.33360448,0.38733226,0.7207509087449202,0.7207530877587407,0.7207530877587407,0.7207498939419467,0.7207530877587407,0.7207530877587407,0.7207530877587407,0.7207530877587407,0.7207530877587407,0.7207530877587407,0.7207530877587407,0.7207530877587407,0.7207530877587407,0.71294385,0.6912375,0.71760434
0.5244140625,0.7212892931560522,0.7208731838487592,0.7208731838487592,0.7212658529500047,0.7208731838487592,0.7208731838487592,0.7208731838487592,0.7208731838487592,0.7208731838487592,0.7208731838487592,0.7208731838487592,0.7208731838487592,0.7208731838487592,0.68449336,0.6777074,0.70466983,0.3627283318545316,0.3628546133032855,0.3628546133032855,0.36273145429734244,0.3628546133032855,0.3628546133032855,0.3628546133032855,0.3628546133032855,0.3628546133032855,0.3628546133032855,0.3628546133032855,0.3628546133032855,0.3628546133032855,0.34453624,0.3349241,0.3853475,0.7207509087449202,0.7207955439786307,0.7207955439786307,0.7207512513634051,0.7207955439786307,0.7207955439786307,0.7207955439786307,0.7207955439786307,0.7207955439786307,0.7207955439786307,0.7207955439786307,0.7207955439786307,0.7207955439786307,0.7124143,0.6903483,0.7172513
0.5263671875,0.7212892931560522,0.7208731838487592,0.7208731838487592,0.7212650528027,0.7208731838487592,0.7208731838487592,0.7208731838487592,0.7208731838487592,0.7208731838487592,0.7208731838487592,0.7208731838487592,0.7208731838487592,0.7208731838487592,0.68457294,0.676582,0.7069138,0.3627283318545316,0.3628546133032855,0.3628546133032855,0.36272844338843463,0.3628546133032855,0.3628546133032855,0.3628546133032855,0.3628546133032855,0.3628546133032855,0.3628546133032855,0.3628546133032855,0.3628546133032855,0.3628546133032855,0.34371558,0.33642855,0.3832416,0.7207509087449202,0.7207955439786307,0.7207955439786307,0.7207526879637929,0.7207955439786307,0.7207955439786307,0.7207955439786307,0.7207955439786307,0.7207955439786307,0.7207955439786307,0.7207955439786307,0.7207955439786307,0.7207955439786307,0.71136165,0.68882155,0.7162823
0.5283203125,0.7212892931560522,0.7208731838487592,0.7208731838487592,0.721263481556742,0.7208731838487592,0.7208731838487592,0.7208731838487592,0.7208731838487592,0.7208731838487592,0.7208731838487592,0.7208731838487592,0.7208731838487592,0.7208731838487592,0.6847691,0.6757144,0.7088804,0.3627283318545316,0.3628546133032855,0.3628546133032855,0.36272651752263496,0.3628546133032855,0.3628546133032855,0.3628546133032855,0.3628546133032855,0.3628546133032855,0.3628546133032855,0.3628546133032855,0.3628546133032855,0.3628546133032855,0.34284738,0.33808103,0.38111472,0.7207509087449202,0.7207955439786307,0.7207955439786307,0.720753589657523,0.7207955439786307,0.7207955439786307,0.7207955439786307,0.7207955439786307,0.7207955439786307,0.7207955439786307,0.7207955439786307,0.7207955439786307,0.7207955439786307,0.70996916,0.6868408,0.7147732
0.5302734375,0.7212892931560522,0.7208731838487592,0.7208731838487592,0.7212607095009231,0.7208731838487592,0.7208731838487592,0.7208731838487592,0.7208731838487592,0.7208731838487592,0.7208731838487592,0.7208731838487592,0.7208731838487592,0.7208731838487592,0.68510616,0.6750594,0.71037394,0.3627283318545316,0.3628546133032855,0.3628546133032855,0.36272529881010035,0.3628546133032855,0.3628546133032855,0.3628546133032855,0.3628546133032855,0.3628546133032855,0.3628546133032855,0.3628546133032855,0.3628546133032855,0.3628546133032855,0.34197652,0.33984026,0.3790716,0.7207509087449202,0.7207955439786307,0.7207955439786307,0.7207532707161948,0.7207955439786307,0.7207955439786307,0.7207955439786307,0.7207955439786307,0.7207955439786307,0.7207955439786307,0.7207955439786307,0.7207955439786307,0.7207955439786307,0.70840865,0.6845942,0.7128201
0.5322265625,0.7212892931560522,0.7205188025739139,0.7205200209848123,0.7212574912508529,0.7205195439086021,0.7205195149198667,0.7205197249702441,0.7205200093270284,0.7205199051977226,0.7205200130443689,0.7205198562796563,0.7205198025568421,0.7205199351587399,0.6856023,0.6745391,0.71123517,0.3627283318545316,0.3628309144688848,0.36288159867232045,0.36272540607433396,0.36286175298409934,0.3628605470933105,0.36286928489261844,0.36288111372549164,0.36287678209735763,0.36288126836144496,0.3628747471762978,0.3628725123843346,0.36287802843236217,0.34166306,0.3411569,0.37720978,0.7207509087449202,0.7207834014451324,0.7207960333807174,0.7207530254947457,0.7207910873575744,0.7207907868171198,0.7207929645030463,0.720795912521571,0.7207948329841427,0.7207959510601727,0.7207943258350986,0.7207937688723413,0.720795143598883,0.70683396,0.68226635,0.71053314
0.5341796875,0.7212892931560522,0.7205188025739139,0.72051920871088,0.7212526939372081,0.7205190496854766,0.7205190400225648,0.7205191100393573,0.7205192048249521,0.7205191701151835,0.7205192060640656,0.7205191538091614,0.7205191359015567,0.7205191801021893,0.686265,0.6740517,0.7113672,0.3627283318545316,0.3628309144688848,0.36284780922240956,0.3627272428628752,0.36284119398100734,0.3628407920168703,0.3628437046210452,0.36284764757310384,0.36284620369397397,0.36284769911853687,0.36284552538560066,0.36284478045353075,0.3628466191398347,0.34350714,0.34044734,0.37560847,0.7207509087449202,0.7207834014451324,0.7207876121725912,0.7207515610594214,0.7207859634464009,0.7207858632639143,0.720786589178251,0.7207875718846424,0.7207872120255073,0.720787584731341,0.7207870429699806,0.7207868573096143,0.720787315567465,0.7053766,0.68002695,0.70803016
0.5361328125,0.7212892931560522,0.7205188025739139,0.7205183964369477,0.7212473354434267,0.7205185554623511,0.7205184951084704,0.7205185651252629,0.7205184003228756,0.7205183990837621,0.7205184350326442,0.7205184513386663,0.7205184250456385,0.720518469246271,0.6870924,0.67348456,0.7107526,0.3627283318545316,0.3628309144688848,0.36281401969631394,0.36272954307143657,0.36282063494971134,0.3628181243058087,0.36282103691438905,0.3628141813459823,0.362814129800434,0.36281562522819744,0.3628163035379241,0.3628152097814776,0.36281704847140955,0.345333,0.339907,0.37431931,0.7207509087449202,0.7207834014451324,0.7207791906354097,0.7207500384516623,0.7207808394134096,0.7207802136648666,0.7207809395982314,0.7207792309249251,0.7207792180777287,0.720779590797386,0.7207797598587579,0.7207794872517171,0.720779945525238,0.7041446,0.67802304,0.7054311
0.5380859375,0.7212892931560522,0.7205188025739139,0.7205175841630155,0.721241473699697,0.7205180612392257,0.7205178801775837,0.7205180902279611,0.7205175958207993,0.7205175921034589,0.7205176999501052,0.7205177488681714,0.7205176699890878,0.7205178025909856,0.68807757,0.67273074,0.7094551,0.3627283318545316,0.3628309144688848,0.3627802300940331,0.3627314842490667,0.3628000758902114,0.36279254394690874,0.3628012817858662,0.3627807150441264,0.3627805604071355,0.36278504670002765,0.36278708163326745,0.36278380035729024,0.36278931643797036,0.34710437,0.33959153,0.3733613,0.7207509087449202,0.7207834014451324,0.720770768769172,0.72074907291136,0.7207757152586005,0.7207738379628926,0.7207760158200717,0.7207708896424184,0.7207708510993354,0.7207719692997779,0.7207724765014296,0.7207716586516383,0.7207730335192118,0.7028542,0.6763708,0.70322144
0.5400390625,0.7212892931560522,0.7205171780260493,0.7205171780260493,0.7212354838273836,0.7205171780260493,0.7205171780260493,0.7205171780260493,0.7205171780260493,0.7205171780260493,0.7205171780260493,0.7205171780260493,0.7205171780260493,0.7205171780260493,0.68921405,0.671705,0.707607,0.3627283318545316,0.3627603097908307,0.3627603097908307,0.3627330554252823,0.3627603097908307,0.3627603097908307,0.3627603097908307,0.3627603097908307,0.3627603097908307,0.3627603097908307,0.3627603097908307,0.3627603097908307,0.3627603097908307,0.34878704,0.33954763,0.37271962,0.7207509087449202,0.7207185290368344,0.7207185290368344,0.7207493880285909,0.7207185290368344,0.7207185290368344,0.7207185290368344,0.7207185290368344,0.7207185290368344,0.7207185290368344,0.7207185290368344,0.7207185290368344,0.7207185290368344,0.70041466,0.6751496,0.7026642
0.5419921875,0.7212892931560522,0.7205171780260493,0.7205171780260493,0.7212292066483156,0.7205171780260493,0.7205171780260493,0.7205171780260493,0.7205171780260493,0.7205171780260493,0.7205171780260493,0.7205171780260493,0.7205171780260493,0.7205171780260493,0.69050163,0.6703566,0.7053854,0.3627283318545316,0.3627603097908307,0.3627603097908307,0.36273321400413916,0.3627603097908307,0.3627603097908307,0.3627603097908307,0.3627603097908307,0.3627603097908307,0.3627603097908307,0.3627603097908307,0.3627603097908307,0.3627603097908307,0.35034844,0.33980814,0.37234908,0.7207509087449202,0.7207185290368344,0.7207185290368344,0.7207504299784327,0.7207185290368344,0.7207185290368344,0.7207185290368344,0.7207185290368344,0.7207185290368344,0.7207185290368344,0.7207185290368344,0.7207185290368344,0.7207185290368344,0.69822204,0.67440045,0.7025021
0.5439453125,0.7212892931560522,0.7205171780260493,0.7205171780260493,0.7212223867802683,0.7205171780260493,0.7205171780260493,0.7205171780260493,0.7205171780260493,0.7205171780260493,0.7205171780260493,0.7205171780260493,0.7205171780260493,0.7205171780260493,0.69194907,0.6686766,0.70298374,0.3627283318545316,0.3627603097908307,0.3627603097908307,0.36273251425447306,0.3627603097908307,0.3627603097908307,0.3627603097908307,0.3627603097908307,0.3627603097908307,0.3627603097908307,0.3627603097908307,0.3627603097908307,0.3627603097908307,0.35175717,0.34038684,0.3721806,0.7207509087449202,0.7207185290368344,0.7207185290368344,0.7207523071933815,0.7207185290368344,0.7207185290368344,0.7207185290368344,0.7207185290368344,0.7207185290368344,0.7207185290368344,0.7207185290368344,0.7207185290368344,0.7207185290368344,0.69637865,0.67412484,0.7027339
0.5458984375,0.7212892931560522,0.7205171780260493,0.7205171780260493,0.7212141536206217,0.7205171780260493,0.7205171780260493,0.7205171780260493,0.7205171780260493,0.7205171780260493,0.7205171780260493,0.7205171780260493,0.7205171780260493,0.7205171780260493,0.6935721,0.6667003,0.7005861,0.3627283318545316,0.3627603097908307,0.3627603097908307,0.36273099616896376,0.3627603097908307,0.3627603097908307,0.3627603097908307,0.3627603097908307,0.3627603097908307,0.3627603097908307,0.3627603097908307,0.3627603097908307,0.3627603097908307,0.35298547,0.3412748,0.37212893,0.7207509087449202,0.7207185290368344,0.7207185290368344,0.7207541204161819,0.7207185290368344,0.7207185290368344,0.7207185290368344,0.7207185290368344,0.7207185290368344,0.7207185290368344,0.7207185290368344,0.7207185290368344,0.7207185290368344,0.6949747,0.6742891,0.70332843
0.5478515625,0.7212892931560522,0.7214506182394528,0.7214506182394528,0.7212042291836884,0.7214506182394528,0.7214506182394528,0.7214506182394528,0.7214506182394528,0.7214506182394528,0.7214506182394528,0.7214506182394528,0.7214506182394528,0.7214506182394528,0.6953902,0.664504,0.6983475,0.3627283318545316,0.3627190568320195,0.3627190568320195,0.362729516507121,0.3627190568320195,0.3627190568320195,0.3627190568320195,0.3627190568320195,0.3627190568320195,0.3627190568320195,0.3627190568320195,0.3627190568320195,0.3627190568320195,0.35401323,0.34243917,0.37210184,0.7207509087449202,0.7206791191399476,0.7206791191399476,0.7207551518582166,0.7206791191399476,0.7206791191399476,0.7206791191399476,0.7206791191399476,0.7206791191399476,0.7206791191399476,0.7206791191399476,0.7206791191399476,0.7206791191399476,0.69408303,0.67483044,0.70422614
0.5498046875,0.7212892931560522,0.7214506182394528,0.7214506182394528,0.7211927184357191,0.7214506182394528,0.7214506182394528,0.7214506182394528,0.7214506182394528,0.7214506182394528,0.7214506182394528,0.7214506182394528,0.7214506182394528,0.7214506182394528,0.6963846,0.66219896,0.69741863,0.3627283318545316,0.3627190568320195,0.3627190568320195,0.3627279208984678,0.3627190568320195,0.3627190568320195,0.3627190568320195,0.3627190568320195,0.3627190568320195,0.3627190568320195,0.3627190568320195,0.3627190568320195,0.3627190568320195,0.3548339,0.34382537,0.37200806,0.7207509087449202,0.7206791191399476,0.7206791191399476,0.7207549755179201,0.7206791191399476,0.7206791191399476,0.7206791191399476,0.7206791191399476,0.7206791191399476,0.7206791191399476,0.7206791191399476,0.7206791191399476,0.7206791191399476,0.6937525,0.67566407,0.7053445
0.5517578125,0.7212892931560522,0.7214506182394528,0.7214506182394528,0.7211781285939398,0.7214506182394528,0.7214506182394528,0.7214506182394528,0.7214506182394528,0.7214506182394528,0.7214506182394528,0.7214506182394528,0.7214506182394528,0.7214506182394528,0.6947734,0.6599232,0.69966173,0.3627283318545316,0.3627190568320195,0.3627190568320195,0.36272746043556275,0.3627190568320195,0.3627190568320195,0.3627190568320195,0.3627190568320195,0.3627190568320195,0.3627190568320195,0.3627190568320195,0.3627190568320195,0.3627190568320195,0.35545993,0.34536195,0.37176484,0.7207509087449202,0.7206791191399476,0.7206791191399476,0.7207538051521462,0.7206791191399476,0.7206791191399476,0.7206791191399476,0.7206791191399476,0.7206791191399476,0.7206791191399476,0.7206791191399476,0.7206791191399476,0.7206791191399476,0.6940019,0.676692,0.7065871
0.5537109375,0.7212892931560522,0.7214506182394528,0.7214506182394528,0.7211555537429071,0.7214506182394528,0.7214506182394528,0.7214506182394528,0.7214506182394528,0.7214506182394528,0.7214506182394528,0.7214506182394528,0.7214506182394528,0.7214506182394528,0.69355446,0.65783274,0.7021074,0.3627283318545316,0.3627190568320195,0.3627190568320195,0.36272777959664565,0.3627190568320195,0.3627190568320195,0.3627190568320195,0.3627190568320195,0.3627190568320195,0.3627190568320195,0.3627190568320195,0.3627190568320195,0.3627190568320195,0.35592628,0.3469689,0.37130448,0.7207509087449202,0.7206791191399476,0.7206791191399476,0.720752316466419,0.7206791191399476,0.7206791191399476,0.7206791191399476,0.7206791191399476,0.7206791191399476,0.7206791191399476,0.7206791191399476,0.7206791191399476,0.7206791191399476,0.6948161,0.6778113,0.7078533
0.5556640625,0.7212892931560522,0.7274736546707563,0.7229563773472787,0.7211163301859036,0.7213542695319356,0.7211792455583472,0.7214574411788421,0.7229397418342829,0.7212260317015892,0.7229477420258789,0.7224388866191074,0.7221893309579468,0.7224918643263498,0.6927415,0.6560931,0.704724,0.3627283318545316,0.3627208239013368,0.36271950135966136,0.36272899922422863,0.3627190687891876,0.3627190214161159,0.36271909670349606,0.36271949687790916,0.36271903408179457,0.36271949903325623,0.3627193618464941,0.362719294495955,0.36271937613822786,0.35629016,0.34856638,0.37057874,0.7207509087449202,0.7206974356310423,0.7206836982628063,0.7207503807151275,0.7206903625164381,0.7206899333555455,0.7206910905599163,0.7206837674611943,0.7206837341829683,0.7206908959445973,0.720685850857932,0.7206856304876953,0.7206868889292818,0.69614506,0.6789214,0.7090501
0.5576171875,0.7212892931560522,0.7274736546707563,0.7259678955629304,0.7210620092006389,0.7223764820629002,0.7219841342723493,0.7226077599094796,0.7259306040614592,0.7220890138471472,0.7259485379332158,0.7248078468012328,0.7242484227962328,0.724926605882968,0.6923302,0.654872,0.7074613,0.3627283318545316,0.3627208239013368,0.36272038488286945,0.36273011490727197,0.36271937079036526,0.3627192593934578,0.3627194363989985,0.3627203744045768,0.3627192891831284,0.3627203794438313,0.362720058423514,0.3627199006173987,0.3627200918925407,0.35662675,0.35008383,0.36956263,0.7207509087449202,0.7206974356310423,0.7206928565083534,0.7207492361710333,0.7206934711390262,0.7206934315583914,0.7206935382849902,0.7206928628903827,0.7206928598211982,0.7206935203360169,0.7206930550378926,0.7206930347135883,0.7206931507771244,0.6979058,0.67993104,0.71010053
0.5595703125,0.7212892931560522,0.7274736546707563,0.7289794137785822,0.7210234425377742,0.7233986945938647,0.7227890229863513,0.723758078640117,0.7289214662886355,0.7229519959927051,0.7289493338405527,0.7271768069833582,0.7263075146345188,0.7273613474395862,0.6923067,0.65433115,0.7102542,0.3627283318545316,0.3627208239013368,0.3627212611061561,0.3627312729150801,0.36271967193804566,0.36271949684078264,0.3627197750146981,0.3627212447300259,0.36271954367543746,0.3627212526058026,0.36272075046198665,0.36272050330211714,0.3627208028550762,0.3570209,0.35146648,0.36825636,0.7207509087449202,0.7206974356310423,0.7207020147536755,0.720749340636916,0.720696579761588,0.7206959860100477,0.7206969297612039,0.720701958319349,0.7206961447274176,0.7207019854592048,0.7207002592177136,0.720699412624861,0.7207004389393337,0.6999894,0.6807642,0.710951
0.5615234375,0.7212892931560522,0.7274736546707563,0.7319909319942339,0.7210249465713923,0.7427651724943249,0.7420713389545865,0.7439422158659775,0.7321028064986477,0.7320490048833778,0.7436275771415839,0.735471078279327,0.7351148010341212,0.7371493502943268,0.6926534,0.65462,0.713032,0.3627283318545316,0.3627208239013368,0.36272213011962007,0.3627311746560896,0.3627250635718163,0.36272487723113367,0.36272537889166745,0.36272216102278326,0.36272214616230897,0.36272529470039666,0.3627230870399516,0.36272298949228127,0.36272354527768613,0.357556,0.35268015,0.36668596,0.7207509087449202,0.7206974356310423,0.7207111729987757,0.7207501813538256,0.7207093291035055,0.7207091276650516,0.7207094478457221,0.7207111538526718,0.7207091815121255,0.7207111630602329,0.7207105774094832,0.7207102901913339,0.7207106383824818,0.7022703,0.681365,0.71157414
0.5634765625,0.7212892931560522,0.7541583186287344,0.7368445258353653,0.7210559524365611,0.7357432396972149,0.7330998900941637,0.7358464572554316,0.7366150172298151,0.7366001098443,0.7368192014964124,0.7363691882373601,0.7357588111014594,0.7364999539669491,0.6933521,0.6558677,0.715727,0.3627283318545316,0.36276121853067017,0.3627497407931857,0.36273018578487626,0.3627500887336065,0.3627500560788123,0.36275092813951926,0.36274981321833477,0.3627497487824755,0.36274981792416205,0.36274989084372167,0.3627498495453943,0.36275008380671625,0.35830382,0.35371223,0.36490235,0.7207509087449202,0.7207446409738777,0.7207309013900051,0.7207522737179959,0.7207307956669898,0.7207305419063715,0.7207308055758344,0.7207308793572764,0.7207308779261737,0.7207308989588793,0.7207308557577959,0.7207307971618384,0.7207308683112515,0.704617,0.68170077,0.71196854
0.5654296875,0.7212892931560522,0.7541583186287344,0.748387054364278,0.7212110408340326,0.7464608784808092,0.7418375965919393,0.7466414084670683,0.7479856383055943,0.747959564930592,0.7483427614877348,0.7475556774985694,0.7464881132405037,0.7477843898976393,0.69438523,0.6581748,0.7182866,0.3627283318545316,0.36276121853067017,0.36275745162601614,0.36272813985311253,0.3627572619892605,0.36275680279719374,0.3627572798044365,0.36275741218617924,0.36275740962295994,0.36275744727623954,0.36275736989478924,0.36275726467741043,0.3627573923972318,0.35931545,0.3545709,0.36298007,0.7207509087449202,0.7207446409738777,0.7207400611169342,0.7207549378354574,0.7207393007915338,0.7207374758290425,0.7207393720526974,0.7207399026647252,0.7207398923727008,0.7207400436330694,0.7207397329449583,0.7207393115419952,0.720739823225315,0.70690376,0.68176347,0.712154
0.5673828125,0.7212892931560522,0.7541583186287344,0.7599295828931908,0.7218455775575867,0.7571785172644035,0.7505753030897149,0.757436359678705,0.7593562593813736,0.7593190200168841,0.7598663214790573,0.758742166759779,0.757217415379548,0.7590688258283295,0.6957345,0.6616047,0.72068065,0.3627283318545316,0.36276121853067017,0.36276492822001716,0.36272641401567135,0.36276423217427456,0.3627625406770278,0.3627642976255918,0.3627647835797253,0.36276477417727887,0.3627649122708939,0.36276462841158796,0.3627642420511175,0.3627647109826382,0.3606171,0.35528186,0.36101353,0.7207509087449202,0.7207446409738777,0.7207492208266054,0.7207567963703313,0.7207478059011488,0.720744409741711,0.7207479385144203,0.7207489259554144,0.7207489068025006,0.7207491882900569,0.7207486101158875,0.7207478259071914,0.7207487781228666,0.7090196,0.6815683,0.7121654
0.5693359375,0.7212892931560522,0.7541583186287344,0.7714721114221035,0.7242607223410833,0.7772506390725098,0.7767090491137326,0.7911204847391197,0.7726763595981545,0.7716049900517331,0.7727545797231614,0.773966242019229,0.7732801048220197,0.7771689347934265,0.69738007,0.66617566,0.7229049,0.3627283318545316,0.36276121853067017,0.362772181089017,0.362725627572801,0.36277261795536536,0.3627725772863305,0.36277364049612004,0.36277227267117157,0.3627721912083665,0.3627722786098801,0.3627723704496323,0.3627723184781834,0.36277261182366394,0.35911322,0.35588485,0.36221036,0.7207509087449202,0.7207446409738777,0.7207583805197934,0.7207574022986819,0.7207606614936978,0.7207604477104258,0.7207661363752894,0.7207588558759495,0.720758432971336,0.720758886751992,0.7207593650347411,0.720759094193942,0.7207606292423464,0.71087414,0.6811505,0.7120461
0.5712890625,0.7212892931560522,0.8198138829020579,0.789959635339477,0.7327504686617554,0.7539993293538427,0.7526102313928367,0.7594837921409603,0.7897620643144522,0.7896867767964952,0.7898596594663011,0.777065176821426,0.7768056387519076,0.7795333517854346,0.6992994,0.6718526,0.72497934,0.3627283318545316,0.36278039314401567,0.36278179688447404,0.36272579375322594,0.36278310306829864,0.36278289586273743,0.36278315602837213,0.3627818037358668,0.36278180035102153,0.36278180634759893,0.3627822513464419,0.3627821631927353,0.3627822606486925,0.35739964,0.3564295,0.36407727,0.7207509087449202,0.720770713485278,0.7207662622764296,0.720756685105977,0.7207586252811871,0.7207583302743837,0.7207597900326069,0.7207662203176952,0.7207662043286657,0.7207662410442621,0.7207635238426623,0.7207634687238048,0.7207640480161839,0.7118397,0.68055975,0.7123993
0.5732421875,0.7212892931560522,0.8198138829020579,0.8098624670478642,0.7532366351729316,0.762452560021336,0.7606211794649985,0.7696832512988677,0.8096019902896491,0.8095027315617611,0.8097306593025669,0.7928624704476562,0.7925202966143571,0.7961165013120098,0.70146704,0.6785429,0.7269396,0.3627283318545316,0.36278039314401567,0.36278084955826123,0.36272738261700754,0.36278266121499003,0.3627823704876579,0.36278273572734065,0.3627808589320906,0.36278085430089924,0.36278086250572184,0.3627814742569694,0.3627813526164999,0.3627814871059729,0.35697192,0.35599685,0.36618686,0.7207509087449202,0.720770713485278,0.7207692297490652,0.7207540286595057,0.7207598856412774,0.720759524691016,0.7207613107518955,0.7207691784112136,0.7207691588481252,0.7207692037708301,0.7207658791878638,0.7207658117481802,0.7207665205309172,0.7115863,0.6798552,0.71354645
0.5751953125,0.7212892931560522,0.8198138829020579,0.8297652987562516,0.7897517112137236,0.8242518002055412,0.8240388212170459,0.8250926878676283,0.8297350068126688,0.8297234635955085,0.8297499702762303,0.827788297270784,0.8277485044289011,0.8281667222789694,0.7038553,0.68609434,0.7288274,0.3627283318545316,0.36278039314401567,0.36277994767736693,0.36273014793348823,0.362780195091791,0.36278015714384615,0.36278020471549166,0.36277994902771393,0.3627799483606639,0.36277994954231063,0.3627800360149206,0.362780019073271,0.3627800377973001,0.35757154,0.35502407,0.36850265,0.7207509087449202,0.720770713485278,0.7207721972214239,0.7207503805668259,0.720771384218429,0.720771352813223,0.7207715082130558,0.7207721927546702,0.7207721910525441,0.720772194961135,0.7207719056990628,0.7207718998313367,0.720771961500413,0.7113192,0.67909956,0.71428305
0.5771484375,0.7212892931560522,0.8198138829020579,0.8496681304646388,0.8432281810355894,0.9385518420275116,0.9249958003007752,0.9419852995333505,0.8501564701914617,0.8499152425631333,0.8503425596544667,0.8815395870683654,0.8754389562318179,0.8821810918130659,0.7064356,0.694297,0.73068064,0.3627283318545316,0.36278039314401567,0.36277908804822495,0.36273248455693147,0.3627765475037983,0.36277645898378047,0.36277690341944224,0.36277907263881287,0.3627790667714735,0.3627790802484644,0.3627781181571313,0.3627780993547647,0.3627782983423931,0.35828885,0.35458755,0.3709867,0.7207509087449202,0.720770713485278,0.7207751646935255,0.7207470784618999,0.7207929587955441,0.7207902449397382,0.7207936461575833,0.7207752624568542,0.7207752141642115,0.720775299711094,0.7207815452098675,0.7207803238921713,0.7207816736361096,0.71106505,0.6783539,0.71458775
0.5791015625,1.0490929417725305,0.9133809722958325,0.8788088755554894,0.9094921423959936,0.854325443180227,0.8274626469404963,0.8619236358414326,0.8772522808267323,0.8749361673964238,0.8787412627716572,0.8703562479421182,0.8639216179447097,0.8715208611063993,0.7091804,0.7028899,0.73252654,0.3627283318545316,0.362758086112176,0.3627682014770896,0.3627329094277622,0.3627694077686662,0.3627690260741341,0.36277081341882883,0.3627682761657006,0.3627682047157927,0.3627683877894786,0.36276861026497653,0.3627685534706931,0.36276892682054274,0.35918343,0.3547721,0.37360135,0.7207509087449202,0.7207683807172967,0.7207721622939395,0.7207450196982497,0.7207717903747637,0.7207713823109039,0.7207719057962796,0.7207721386482734,0.7207721034650305,0.7207721612668583,0.7207720338931148,0.7207719361469261,0.7207720515843379,0.7108454,0.67767465,0.71444845
0.5810546875,1.0490929417725305,0.9133809722958325,0.9018569400490515,0.9784227911324612,0.8821713539683939,0.8605726712494347,0.8882805821761476,0.9006053802572714,0.8987431393097574,0.9018025768676201,0.8950607145059825,0.8898870337585415,0.895997106607577,0.7120625,0.7115721,0.73438,0.3627283318545316,0.362758086112176,0.362761371730279,0.3627332645250418,0.36276279723340066,0.3627623480810727,0.36276443630222405,0.3627614605051071,0.36276137558121374,0.3627615930540208,0.3627618567820137,0.3627617895139286,0.3627622309982943,0.36031216,0.35563388,0.37630734,0.7207509087449202,0.7207683807172967,0.7207696412468917,0.7207454496199481,0.7207696539178937,0.7207696499856506,0.7207696678194321,0.7207696420525034,0.7207696412818846,0.7207696432511967,0.7207696456214933,0.7207696450187605,0.7207696489516362,0.7106794,0.6771097,0.71386415
0.5830078125,1.0490929417725305,0.9133809722958325,0.9249050045426135,1.0332887972541966,0.9492528921422168,0.9416967644702615,0.975966971011193,0.926452981677233,0.9249722430096637,0.9287562726784597,0.9333108368580042,0.9321526712059699,0.9397098435626456,0.72001964,0.7150551,0.73624474,0.3627283318545316,0.362758086112176,0.3627548823696577,0.362731462934849,0.3627533107573682,0.36275167662835484,0.36275378979481776,0.36275477999152245,0.36275462829107774,0.36275487791560695,0.3627543305203899,0.3627539170392862,0.362754405963661,0.36172712,0.35719472,0.37906098,0.7207509087449202,0.7207683807172967,0.7207671201838556,0.7207483563912948,0.7207670522277818,0.7207669776665367,0.7207670733173801,0.7207671158634081,0.7207671094348513,0.7207671199961914,0.7207670967228962,0.7207670788629791,0.720767099955382,0.71058506,0.6766958,0.71284705
0.5849609375,1.0490929417725305,0.9133809722958325,0.9479530690361756,1.049560622794579,0.9677741998924925,0.9616229066954882,0.989521599982206,0.949213246422093,0.9480078065343889,0.9510883097986891,0.9547960898772252,0.9538532502633837,0.9600053939174332,0.7279056,0.7181286,0.7381169,0.3627283318545316,0.362758086112176,0.36274870856727864,0.3627286958248786,0.36274848121050934,0.3627482422377692,0.3627485507654406,0.36274869382986097,0.36274867197381194,0.36274870792632513,0.3627486290080193,0.3627485692032611,0.3627486399019839,0.36347213,0.35943907,0.3818112,0.7207509087449202,0.7207683807172967,0.7207645991059974,0.7207526331467377,0.7207650263007443,0.7207648937250544,0.7207654950113699,0.7207646262659598,0.7207646002857269,0.7207646666782476,0.7207647465901457,0.720764726269603,0.7207648588636248,0.7105797,0.6764569,0.71142834
0.5869140625,1.0490929417725305,1.0041983988505547,0.9787923304817719,1.0495497891063221,0.9335245072137731,0.926768217775013,0.9391463520080281,0.9785469322577004,0.9779055341828132,0.978788027409309,0.9608315950388693,0.9592538130758635,0.9672974279214365,0.73492473,0.7212469,0.73998886,0.3627283318545316,0.36272908496513073,0.3627324449400083,0.36272693792738203,0.362731954096568,0.36273187672506174,0.3627320176281271,0.3627324424015569,0.3627324357607821,0.3627324448955074,0.362732255724842,0.3627322387644519,0.3627323246514376,0.36557886,0.36231357,0.38449866,0.7207509087449202,0.7207505448932701,0.7207556513538597,0.7207559114053468,0.7207574904517652,0.7207572620528272,0.7207577649398339,0.7207556613236648,0.7207556515286808,0.7207556873817741,0.7207563810454828,0.7207561183577951,0.7207564451461023,0.7096629,0.67640245,0.7106785
0.5888671875,1.0490929417725305,1.0041983988505547,0.9957297093942938,1.0494809390626472,1.0176170962022735,1.0148988852810676,1.020883820989488,0.9958483615729163,0.995731789967307,0.9961584831283495,1.004413881409088,1.00128759489651,1.0051767527298163,0.74081796,0.7243639,0.7418525,0.3627283318545316,0.36272908496513073,0.3627301859056804,0.36272720321477087,0.36272949738692983,0.36272939715650965,0.362729581279539,0.3627301820916095,0.36273017212705194,0.3627301858387926,0.3627299091337999,0.3627298850489543,0.36273000821812457,0.36806047,0.36572933,0.3870566,0.7207509087449202,0.7207505448932701,0.7207522470472952,0.7207574250215885,0.7207502676364962,0.7207499722064966,0.7207505134610125,0.7207522363168505,0.7207522082706552,0.7207522468591362,0.7207514616843135,0.7207513926931757,0.7207517444135966,0.70763093,0.6765274,0.7108917
0.5908203125,1.0490929417725305,1.0041983988505547,1.0126670883068156,1.0493037723604157,1.027756362729482,1.0258824144647303,1.0300084592090686,1.0127488877148394,1.0126685226643033,1.0129626870731352,1.0186540001211166,1.0164987224935942,1.0191799274421185,0.7437017,0.72742325,0.74539214,0.3627283318545316,0.36272908496513073,0.3627280024383791,0.3627284469696892,0.3627282162752971,0.3627281900608298,0.36272824765343925,0.36272800361477336,0.3627280024590089,0.3627280066886212,0.3627280880397401,0.3627280573395625,0.3627280955114392,0.3709059,0.36956707,0.38941473,0.7207509087449202,0.7207505448932701,0.7207488427387662,0.7207561475756195,0.7207482297064376,0.7207481382104562,0.7207483058393815,0.7207488394154996,0.7207488307294679,0.7207488426804924,0.7207485995083527,0.7207485781414904,0.7207486870708703,0.70543665,0.67681247,0.7112211
0.5927734375,1.0490929417725305,1.0041983988505547,1.0296044672193374,1.0490881201469633,1.0378956292566903,1.036865943648393,1.0391330974286495,1.0296494138567627,1.0296052553612995,1.0297668910179207,1.032894118833145,1.0317098500906783,1.0331831021544204,0.7455357,0.73035884,0.7485357,0.3627283318545316,0.36272908496513073,0.36272589080878676,0.36273068663952235,0.3627269601941818,0.3627268283165023,0.36272711833796484,0.3627258966523851,0.36272589091125895,0.36272591192340664,0.36272631715914394,0.3627261639869855,0.36272635448266655,0.37407386,0.37368396,0.39150408,0.7207509087449202,0.7207505448932701,0.7207454384283695,0.7207525829151689,0.7207461917757175,0.7207460982169731,0.7207463042138808,0.7207454425122892,0.7207454384999812,0.7207454531864425,0.7207457373310778,0.7207456297266419,0.7207457635885348,0.7032019,0.67722577,0.71165746
0.5947265625,1.0490929417725305,1.048880003596007,1.0478546083759321,1.048938672817655,1.0469090648341266,1.0461834152418161,1.0471432533601663,1.0478541785706355,1.0477937265089963,1.0478544872392683,1.0475804587320583,1.04713328727449,1.0476090211168823,0.7473603,0.7331022,0.7502247,0.3627283318545316,0.36273761717895686,0.36271603462075974,0.3627326468399291,0.36272435322839475,0.3627222915085574,0.36273074747320916,0.36271603839864697,0.3627160356855222,0.362716569788881,0.36271844496107786,0.36271819377998626,0.3627223792279563,0.37792203,0.3774892,0.39326322,0.7207509087449202,0.720741146387403,0.7207310875363784,0.7207489662067905,0.7207350942245926,0.720734101866429,0.720738169104731,0.720731089357661,0.7207310880496901,0.7207313455207792,0.7207322492332434,0.7207321282015277,0.7207341440970846,0.7010566,0.677724,0.7121801
0.5966796875,1.0490929417725305,1.048880003596007,1.0485382051893155,1.048923705811284,1.0491228542814506,1.0489780506811042,1.0495715384050208,1.0485384709468035,1.0485382800906156,1.0485758497045152,1.0487077175737944,1.0486900568616024,1.0489842129176226,0.7491896,0.7355905,0.7505214,0.3627283318545316,0.36273761717895686,0.3627304276831567,0.3627329080853647,0.3627333231022973,0.36273260627690684,0.3627355429801482,0.362730429000029,0.3627304280543051,0.3627306142112998,0.36273126750947093,0.3627311800245171,0.3627326367860337,0.38211748,0.38104308,0.39464447,0.7207509087449202,0.720741146387403,0.7207377934587618,0.7207472659826479,0.7207391013052601,0.7207387773832824,0.7207401049988844,0.7207377940532559,0.7207377936263145,0.7207378776687777,0.7207381726544078,0.720738133147779,0.7207387911680535,0.69912714,0.6782551,0.71275777
0.5986328125,1.0490929417725305,1.048880003596007,1.0492218020026987,1.0489294021032816,1.0495369831833006,1.0494589203412872,1.0497788663807375,1.0492219452711309,1.0492218423815867,1.049242095958344,1.0493131852173234,1.0493036644223819,1.049462242369846,0.7495636,0.7377772,0.7510454,0.3627283318545316,0.36273761717895686,0.36274480199060305,0.3627325944230852,0.3627420274253485,0.3627398992380491,0.3627427144635515,0.3627448007290209,0.3627446232910721,0.36274480163503764,0.3627439973652487,0.36274268522399244,0.36274408118890694,0.38610968,0.38459682,0.39561915,0.7207509087449202,0.720741146387403,0.7207444992943722,0.7207479890839451,0.7207431637586448,0.7207421388105755,0.7207434945392109,0.7207444986872933,0.7207444133016996,0.7207444991232727,0.7207441120712426,0.7207434804625755,0.720744152414244,0.6975244,0.6787606,0.71335363
0.6005859375,1.0490929417725305,1.048880003596007,1.049905398816082,1.0489524739063822,1.0499511120851506,1.0499397900014704,1.0499861943564541,1.0499054195954585,1.0499054046725578,1.0499083422121729,1.0499186528608524,1.0499172719831615,1.0499402718220698,0.74755096,0.73963994,0.75295514,0.3627283318545316,0.36273761717895686,0.36275915757973287,0.3627309027068631,0.36275072488196236,0.3627442537755957,0.3627528133911504,0.36275915374640766,0.3627586145912029,0.3627591564993455,0.3627567125389065,0.36275272451200347,0.3627569672735334,0.3897503,0.38799107,0.3961807,0.7207509087449202,0.720741146387403,0.7207512050433793,0.7207510687728691,0.7207472261802471,0.7207441726143011,0.7207482116522871,0.7207512032347582,0.7207509488523585,0.7207512045336361,0.7207500514201396,0.7207481697147499,0.7207501716109324,0.69633573,0.67917925,0.7139301
0.6025390625,1.0490929417725305,1.0502471972227736,1.0502471972227736,1.0489874666056302,1.0502471972227736,1.0502471972227736,1.0502471972227736,1.0502471972227736,1.0502471972227736,1.0502471972227736,1.0502471972227736,1.0502471972227736,1.0502471972227736,0.74472797,0.74118644,0.7549491,0.3627283318545316,0.36276632836635125,0.36276632836635125,0.362728872303977,0.36276632836635125,0.36276632836635125,0.36276632836635125,0.36276632836635125,0.36276632836635125,0.36276632836635125,0.36276632836635125,0.36276632836635125,0.36276632836635125,0.39291114,0.39105767,0.3963459,0.7207509087449202,0.7207545578854594,0.7207545578854594,0.7207543251075654,0.7207545578854594,0.7207545578854594,0.7207545578854594,0.7207545578854594,0.7207545578854594,0.7207545578854594,0.7207545578854594,0.7207545578854594,0.7207545578854594,0.69562024,0.67945164,0.7144545
0.6044921875,1.0490929417725305,1.0502471972227736,1.0502471972227736,1.0490226492437336,1.0502471972227736,1.0502471972227736,1.0502471972227736,1.0502471972227736,1.0502471972227736,1.0502471972227736,1.0502471972227736,1.0502471972227736,1.0502471972227736,0.7424562,0.74136776,0.7570577,0.3627283318545316,0.36276632836635125,0.36276632836635125,0.36272816239375205,0.36276632836635125,0.36276632836635125,0.36276632836635125,0.36276632836635125,0.36276632836635125,0.36276632836635125,0.36276632836635125,0.36276632836635125,0.36276632836635125,0.39549112,0.393635,0.39615294,0.7207509087449202,0.7207545578854594,0.7207545578854594,0.7207562517524723,0.7207545578854594,0.7207545578854594,0.7207545578854594,0.7207545578854594,0.7207545578854594,0.7207545578854594,0.7207545578854594,0.7207545578854594,0.7207545578854594,0.69540757,0.67952514,0.7149038
0.6064453125,1.0490929417725305,1.0502471972227736,1.0502471972227736,1.04904987098054,1.0502471972227736,1.0502471972227736,1.0502471972227736,1.0502471972227736,1.0502471972227736,1.0502471972227736,1.0502471972227736,1.0502471972227736,1.0502471972227736,0.7435177,0.73775995,0.7593101,0.3627283318545316,0.36276632836635125,0.36276632836635125,0.362728843303321,0.36276632836635125,0.36276632836635125,0.36276632836635125,0.36276632836635125,0.36276632836635125,0.36276632836635125,0.36276632836635125,0.36276632836635125,0.36276632836635125,0.3956576,0.39558247,0.39742154,0.7207509087449202,0.7207545578854594,0.7207545578854594,0.7207566483655791,0.7207545578854594,0.7207545578854594,0.7207545578854594,0.7207545578854594,0.7207545578854594,0.7207545578854594,0.7207545578854594,0.7207545578854594,0.7207545578854594,0.6957016,0.6793595,0.7152682
0.6083984375,1.0490929417725305,1.0502471972227736,1.0502471972227736,1.0490653486099233,1.0502471972227736,1.0502471972227736,1.0502471972227736,1.0502471972227736,1.0502471972227736,1.0502471972227736,1.0502471972227736,1.0502471972227736,1.0502471972227736,0.7444652,0.7342006,0.7617341,0.3627283318545316,0.36276632836635125,0.36276632836635125,0.362731244818269,0.36276632836635125,0.36276632836635125,0.36276632836635125,0.36276632836635125,0.36276632836635125,0.36276632836635125,0.36276632836635125,0.36276632836635125,0.36276632836635125,0.39679402,0.3949283,0.39866936,0.7207509087449202,0.7207545578854594,0.7207545578854594,0.7207548502762631,0.7207545578854594,0.7207545578854594,0.7207545578854594,0.7207545578854594,0.7207545578854594,0.7207545578854594,0.7207545578854594,0.7207545578854594,0.7207545578854594,0.6964847,0.6789312,0.7155514
0.6103515625,1.0490929417725305,1.0500053223022396,1.0500053223022396,1.0490702243210364,1.0500053223022396,1.0500053223022396,1.0500053223022396,1.0500053223022396,1.0500053223022396,1.0500053223022396,1.0500053223022396,1.0500053223022396,1.0500053223022396,0.7454127,0.7309861,0.76435864,0.3627283318545316,0.362773310473,0.362773310473,0.3627333718676855,0.362773310473,0.362773310473,0.362773310473,0.362773310473,0.362773310473,0.362773310473,0.362773310473,0.362773310473,0.362773310473,0.3972086,0.39404035,0.39923865,0.7207509087449202,0.7207641742914177,0.7207641742914177,0.7207520211626262,0.7207641742914177,0.7207641742914177,0.7207641742914177,0.7207641742914177,0.7207641742914177,0.7207641742914177,0.7207641742914177,0.7207641742914177,0.7207641742914177,0.6977228,0.6782373,0.7157698
0.6123046875,1.0490929417725305,1.0500053223022396,1.0500053223022396,1.0490716689576212,1.0500053223022396,1.0500053223022396,1.0500053223022396,1.0500053223022396,1.0500053223022396,1.0500053223022396,1.0500053223022396,1.0500053223022396,1.0500053223022396,0.7464886,0.7284076,0.7672177,0.3627283318545316,0.362773310473,0.362773310473,0.3627340215994203,0.362773310473,0.362773310473,0.362773310473,0.362773310473,0.362773310473,0.362773310473,0.362773310473,0.362773310473,0.362773310473,0.39681512,0.3930709,0.39916962,0.7207509087449202,0.7207641742914177,0.7207641742914177,0.7207497482386962,0.7207641742914177,0.7207641742914177,0.7207641742914177,0.7207641742914177,0.7207641742914177,0.7207641742914177,0.7207641742914177,0.7207641742914177,0.7207641742914177,0.6993699,0.67729646,0.71594983
0.6142578125,1.0490929417725305,1.0500053223022396,1.0500053223022396,1.0490740640373826,1.0500053223022396,1.0500053223022396,1.0500053223022396,1.0500053223022396,1.0500053223022396,1.0500053223022396,1.0500053223022396,1.0500053223022396,1.0500053223022396,0.7478296,0.7267456,0.77035624,0.3627283318545316,0.362773310473,0.362773310473,0.3627327374118395,0.362773310473,0.362773310473,0.362773310473,0.362773310473,0.362773310473,0.362773310473,0.362773310473,0.362773310473,0.362773310473,0.39565265,0.39209458,0.39853582,0.7207509087449202,0.7207641742914177,0.7207641742914177,0.7207492342596579,0.7207641742914177,0.7207641742914177,0.7207641742914177,0.7207641742914177,0.7207641742914177,0.7207641742914177,0.7207641742914177,0.7207641742914177,0.7207641742914177,0.7013729,0.67614573,0.7161243
0.6162109375,1.0490929417725305,1.0500053223022396,1.0500053223022396,1.0490783168629683,1.0500053223022396,1.0500053223022396,1.0500053223022396,1.0500053223022396,1.0500053223022396,1.0500053223022396,1.0500053223022396,1.0500053223022396,1.0500053223022396,0.7495757,0.72626156,0.77383566,0.3627283318545316,0.362773310473,0.362773310473,0.36272926071028094,0.362773310473,0.362773310473,0.362773310473,0.362773310473,0.362773310473,0.362773310473,0.362773310473,0.362773310473,0.362773310473,0.3938051,0.39118025,0.39743873,0.7207509087449202,0.7207641742914177,0.7207641742914177,0.720751031845355,0.7207641742914177,0.7207641742914177,0.7207641742914177,0.7207641742914177,0.7207641742914177,0.7207641742914177,0.7207641742914177,0.7207641742914177,0.7207641742914177,0.70367247,0.6748361,0.71632874
0.6181640625,1.0490929417725305,1.049455370009674,1.0496438547731197,1.0490849230512653,1.0496595319727524,1.0496443901264518,1.0498063388131933,1.0496439017810777,1.0496438770448642,1.0496443594117153,1.0496492671486595,1.0496440099927566,1.0497139862045863,0.7518638,0.7271881,0.7777395,0.3627283318545316,0.36276321287014796,0.36276543701502484,0.3627252472469725,0.36276547352802935,0.3627654382619083,0.36276581539579267,0.3627654371245105,0.36276543706689773,0.3627654381903711,0.3627654496208492,0.36276543737654476,0.3627656003462635,0.391392,0.39038837,0.39600092,0.7207509087449202,0.7207563922431112,0.7207626341456345,0.7207549611313449,0.7207626348959341,0.7207626341712561,0.7207626419219779,0.7207626341478842,0.7207626341467003,0.720762634169786,0.7207626344046669,0.7207626341530631,0.7207626375020706,0.706207,0.67342424,0.71659774
0.6201171875,1.0490929417725305,1.049455370009674,1.049518198264156,1.0490902176131123,1.0495291188521465,1.0495185711861896,1.0496313830993462,1.049518231009452,1.0495182137784411,1.0495185497905968,1.0495219684734218,1.049518306388677,1.0495670511515447,0.7548218,0.72971773,0.78217536,0.3627283318545316,0.36276321287014796,0.3627639543405376,0.36272304695946317,0.36276399265942705,0.3627639556490845,0.3627643514523626,0.3627639544554377,0.3627639543949757,0.3627639555740095,0.3627639675697902,0.3627639547199361,0.3627641257526207,0.38976866,0.3885559,0.39435735,0.7207509087449202,0.7207563922431112,0.7207584728775164,0.720757312474739,0.7207585183261627,0.7207584744295209,0.7207589439233265,0.7207584730137937,0.7207584729420827,0.7207584743404779,0.7207584885681466,0.7207584733275024,0.7207586761905203,0.708912,0.671964,0.71696234
0.6220703125,1.0490929417725305,1.049455370009674,1.0493925417551921,1.0490937323355496,1.0493776056104496,1.0492377382700186,1.0493920317077958,1.0493924969692812,1.0493920609706588,1.049392520536224,1.0493873852204565,1.0493257254081447,1.0493923938727248,0.758562,0.7339921,0.7872728,0.3627283318545316,0.36276321287014796,0.362762471310973,0.3627238914898815,0.362762414531651,0.3627618827515571,0.3627624693720692,0.36276247114072313,0.3627624694833097,0.36276247123031086,0.36276245170873817,0.36276221729800506,0.36276247074880996,0.38935855,0.38545007,0.39264572,0.7207509087449202,0.7207563922431112,0.7207543116084753,0.7207584829061368,0.7207542342893927,0.7207535102461006,0.7207543089681421,0.7207543113766345,0.7207543091196256,0.7207543114986322,0.7207542849149381,0.7207539657241192,0.7207543108429405,0.7117218,0.6704988,0.71744835
0.6240234375,1.0490929417725305,1.049455370009674,1.0492668852462284,1.0490943433862912,1.0492552236033477,1.0491460198561382,1.049266487018259,1.049266850278885,1.0492665098657252,1.0492668686791669,1.0492628591961584,1.0492147172744204,1.0492667697845377,0.7631736,0.7400911,0.7931752,0.3627283318545316,0.36276321287014796,0.3627609879262037,0.36272696142810773,0.36276096977994887,0.362760799832426,0.3627609873065424,0.36276098787179295,0.3627609873420941,0.36276098790042455,0.3627609816614604,0.3627609067464019,0.36276098774654,0.38918135,0.3822261,0.3909962,0.7207509087449202,0.7207563922431112,0.7207501503385106,0.7207565675987578,0.7207501814585652,0.7207501514012147,0.7207504728777524,0.7207501504318238,0.720750150382721,0.7207501513402443,0.7207501610823568,0.7207501506466296,0.7207502895530391,0.71456945,0.6690566,0.71807534
0.6259765625,1.0490929417725305,1.0490000702305293,1.0490000702305293,1.049090307474724,1.0490000702305293,1.0490000702305293,1.0490000702305293,1.0490000702305293,1.0490000702305293,1.0490000702305293,1.0490000702305293,1.0490000702305293,1.0490000702305293,0.7687149,0.74802715,0.80002594,0.3627283318545316,0.3627614507635536,0.3627614507635536,0.36273271601982976,0.3627614507635536,0.3627614507635536,0.3627614507635536,0.3627614507635536,0.3627614507635536,0.3627614507635536,0.3627614507635536,0.3627614507635536,0.3627614507635536,0.38924578,0.37902492,0.38952148,0.7207509087449202,0.7207308841598492,0.7207308841598492,0.7207510035548954,0.7207308841598492,0.7207308841598492,0.7207308841598492,0.7207308841598492,0.7207308841598492,0.7207308841598492,0.7207308841598492,0.7207308841598492,0.7207308841598492,0.7173868,0.667649,0.71885633
0.6279296875,1.0490929417725305,1.0490000702305293,1.0490000702305293,1.0490868897341297,1.0490000702305293,1.0490000702305293,1.0490000702305293,1.0490000702305293,1.0490000702305293,1.0490000702305293,1.0490000702305293,1.0490000702305293,1.0490000702305293,0.77520645,0.75774,0.8079501,0.3627283318545316,0.3627614507635536,0.3627614507635536,0.3627367288339002,0.3627614507635536,0.3627614507635536,0.3627614507635536,0.3627614507635536,0.3627614507635536,0.3627614507635536,0.3627614507635536,0.3627614507635536,0.3627614507635536,0.38830847,0.37596917,0.38954562,0.7207509087449202,0.7207308841598492,0.7207308841598492,0.7207467281607455,0.7207308841598492,0.7207308841598492,0.7207308841598492,0.7207308841598492,0.7207308841598492,0.7207308841598492,0.7207308841598492,0.7207308841598492,0.7207308841598492,0.71979773,0.6662732,0.720106
0.6298828125,1.0490929417725305,1.0490000702305293,1.0490000702305293,1.0490853601415522,1.0490000702305293,1.0490000702305293,1.0490000702305293,1.0490000702305293,1.0490000702305293,1.0490000702305293,1.0490000702305293,1.0490000702305293,1.0490000702305293,0.7826256,0.7690972,0.8170347,0.3627283318545316,0.3627614507635536,0.3627614507635536,0.36273664953587526,0.3627614507635536,0.3627614507635536,0.3627614507635536,0.3627614507635536,0.3627614507635536,0.3627614507635536,0.3627614507635536,0.3627614507635536,0.3627614507635536,0.38741136,0.37315995,0.3900597,0.7207509087449202,0.7207308841598492,0.7207308841598492,0.7207443616307422,0.7207308841598492,0.7207308841598492,0.7207308841598492,0.7207308841598492,0.7207308841598492,0.7207308841598492,0.7207308841598492,0.7207308841598492,0.7207308841598492,0.7208994,0.66491777,0.7226622
0.6318359375,1.0490929417725305,1.0490000702305293,1.0490000702305293,1.0490866208067327,1.0490000702305293,1.0490000702305293,1.0490000702305293,1.0490000702305293,1.0490000702305293,1.0490000702305293,1.0490000702305293,1.0490000702305293,1.0490000702305293,0.7909034,0.78189796,0.82731235,0.3627283318545316,0.3627614507635536,0.3627614507635536,0.3627357050347402,0.3627614507635536,0.3627614507635536,0.3627614507635536,0.3627614507635536,0.3627614507635536,0.3627614507635536,0.3627614507635536,0.3627614507635536,0.3627614507635536,0.38684836,0.37067422,0.3907518,0.7207509087449202,0.7207308841598492,0.7207308841598492,0.7207451371065469,0.7207308841598492,0.7207308841598492,0.7207308841598492,0.7207308841598492,0.7207308841598492,0.7207308841598492,0.7207308841598492,0.7207308841598492,0.7207308841598492,0.7221538,0.66357076,0.72499734
0.6337890625,1.0490929417725305,1.0488211204868918,1.0488211204868918,1.0490924748409316,1.0488211204868918,1.0488211204868918,1.0488211204868918,1.0488211204868918,1.0488211204868918,1.0488211204868918,1.0488211204868918,1.0488211204868918,1.0488211204868918,0.79992735,0.79588336,0.8387492,0.3627283318545316,0.3627597815812576,0.3627597815812576,0.36273059585240264,0.3627597815812576,0.3627597815812576,0.3627597815812576,0.3627597815812576,0.3627597815812576,0.3627597815812576,0.3627597815812576,0.3627597815812576,0.3627597815812576,0.38660082,0.3685648,0.39157003,0.7207509087449202,0.7207432394933958,0.7207432394933958,0.7207502613529678,0.7207432394933958,0.7207432394933958,0.7207432394933958,0.7207432394933958,0.7207432394933958,0.7207432394933958,0.7207432394933958,0.7207432394933958,0.7207432394933958,0.72354597,0.6622264,0.7270665
0.6357421875,1.0490929417725305,1.0488211204868918,1.0488211204868918,1.049097959835353,1.0488211204868918,1.0488211204868918,1.0488211204868918,1.0488211204868918,1.0488211204868918,1.0488211204868918,1.0488211204868918,1.0488211204868918,1.0488211204868918,0.81075025,0.8095484,0.8512412,0.3627283318545316,0.3627597815812576,0.3627597815812576,0.36272583157324767,0.3627597815812576,0.3627597815812576,0.3627597815812576,0.3627597815812576,0.3627597815812576,0.3627597815812576,0.3627597815812576,0.3627597815812576,0.3627597815812576,0.38661677,0.36686105,0.39244735,0.7207509087449202,0.7207432394933958,0.7207432394933958,0.7207554334230671,0.7207432394933958,0.7207432394933958,0.7207432394933958,0.7207432394933958,0.7207432394933958,0.7207432394933958,0.7207432394933958,0.7207432394933958,0.7207432394933958,0.72505367,0.66089225,0.7288414
0.6376953125,1.0490929417725305,1.0488211204868918,1.0488211204868918,1.0491006906320703,1.0488211204868918,1.0488211204868918,1.0488211204868918,1.0488211204868918,1.0488211204868918,1.0488211204868918,1.0488211204868918,1.0488211204868918,1.0488211204868918,0.82616985,0.8195943,0.8646152,0.3627283318545316,0.3627597815812576,0.3627597815812576,0.3627236012785799,0.3627597815812576,0.3627597815812576,0.3627597815812576,0.3627597815812576,0.3627597815812576,0.3627597815812576,0.3627597815812576,0.3627597815812576,0.3627597815812576,0.38681692,0.3655687,0.39330482,0.7207509087449202,0.7207432394933958,0.7207432394933958,0.7207579791003133,0.7207432394933958,0.7207432394933958,0.7207432394933958,0.7207432394933958,0.7207432394933958,0.7207432394933958,0.7207432394933958,0.7207432394933958,0.7207432394933958,0.7266465,0.65959173,0.7303136
0.6396484375,1.0490929417725305,1.0488211204868918,1.0488211204868918,1.0491014135937928,1.0488211204868918,1.0488211204868918,1.0488211204868918,1.0488211204868918,1.0488211204868918,1.0488211204868918,1.0488211204868918,1.0488211204868918,1.0488211204868918,0.84180856,0.82988495,0.8786385,0.3627283318545316,0.3627597815812576,0.3627597815812576,0.362725245116904,0.3627597815812576,0.3627597815812576,0.3627597815812576,0.3627597815812576,0.3627597815812576,0.3627597815812576,0.3627597815812576,0.3627597815812576,0.3627597815812576,0.3871041,0.3646707,0.39405712,0.7207509087449202,0.7207432394933958,0.7207432394933958,0.7207587093828318,0.7207432394933958,0.7207432394933958,0.7207432394933958,0.7207432394933958,0.7207432394933958,0.7207432394933958,0.7207432394933958,0.7207432394933958,0.7207432394933958,0.7282887,0.6583637,0.73149145
0.6416015625,1.0490929417725305,1.048903989900314,1.048903989900314,1.0490993885613198,1.048903989900314,1.048903989900314,1.048903989900314,1.048903989900314,1.048903989900314,1.048903989900314,1.048903989900314,1.048903989900314,1.048903989900314,0.85734785,0.8402495,0.8930293,0.3627283318545316,0.36271669411506946,0.36271669411506946,0.3627297501583468,0.36271669411506946,0.36271669411506946,0.36271669411506946,0.36271669411506946,0.36271669411506946,0.36271669411506946,0.36271669411506946,0.36271669411506946,0.36271669411506946,0.38737375,0.36412728,0.3946218,0.7207509087449202,0.7208145324677199,0.7208145324677199,0.7207568115154857,0.7208145324677199,0.7208145324677199,0.7208145324677199,0.7208145324677199,0.7208145324677199,0.7208145324677199,0.7208145324677199,0.7208145324677199,0.7208145324677199,0.7299404,0.6572585,0.7323962
0.6435546875,1.0490929417725305,1.048903989900314,1.048903989900314,1.0490947503777657,1.048903989900314,1.048903989900314,1.048903989900314,1.048903989900314,1.048903989900314,1.048903989900314,1.048903989900314,1.048903989900314,1.048903989900314,0.87250257,0.8505397,0.907474,0.3627283318545316,0.36271669411506946,0.36271669411506946,0.362735355190065,0.36271669411506946,0.36271669411506946,0.36271669411506946,0.36271669411506946,0.36271669411506946,0.36271669411506946,0.36271669411506946,0.36271669411506946,0.36271669411506946,0.38752502,0.36387587,0.39492902,0.7207509087449202,0.7208145324677199,0.7208145324677199,0.7207524671693174,0.7208145324677199,0.7208145324677199,0.7208145324677199,0.7208145324677199,0.7208145324677199,0.7208145324677199,0.7208145324677199,0.7208145324677199,0.7208145324677199,0.73156124,0.6563317,0.7330535
0.6455078125,1.0490929417725305,1.048903989900314,1.048903989900314,1.0490923453874452,1.048903989900314,1.048903989900314,1.048903989900314,1.048903989900314,1.048903989900314,1.048903989900314,1.048903989900314,1.048903989900314,1.048903989900314,0.8870322,0.86063844,0.92164606,0.3627283318545316,0.36271669411506946,0.36271669411506946,0.3627382881261128,0.36271669411506946,0.36271669411506946,0.36271669411506946,0.36271669411506946,0.36271669411506946,0.36271669411506946,0.36271669411506946,0.36271669411506946,0.36271669411506946,0.38747084,0.36383343,0.39493063,0.7207509087449202,0.7208145324677199,0.7208145324677199,0.7207502642896806,0.7208145324677199,0.7208145324677199,0.7208145324677199,0.7208145324677199,0.7208145324677199,0.7208145324677199,0.7208145324677199,0.7208145324677199,0.7208145324677199,0.733113,0.6556366,0.7334868
0.6474609375,1.0490929417725305,1.048903989900314,1.048903989900314,1.0490908442346591,1.048903989900314,1.048903989900314,1.048903989900314,1.048903989900314,1.048903989900314,1.048903989900314,1.048903989900314,1.048903989900314,1.048903989900314,0.90074706,0.8704616,0.9352263,0.3627283318545316,0.36271669411506946,0.36271669411506946,0.36273756588021305,0.36271669411506946,0.36271669411506946,0.36271669411506946,0.36271669411506946,0.36271669411506946,0.36271669411506946,0.36271669411506946,0.36271669411506946,0.36271669411506946,0.38714564,0.36390024,0.39460543,0.7207509087449202,0.7208145324677199,0.7208145324677199,0.7207488824040846,0.7208145324677199,0.7208145324677199,0.7208145324677199,0.7208145324677199,0.7208145324677199,0.7208145324677199,0.7208145324677199,0.7208145324677199,0.7208145324677199,0.7337125,0.65521735,0.7345626
0.6494140625,1.0490929417725305,1.0488964032388295,1.0489020932349429,1.0490918799707942,1.048900742456244,1.0489002233620708,1.048900883747175,1.0489020720738134,1.0489020581289796,1.048902091381647,1.0489015711953107,1.0489015510864756,1.0489016268939024,0.9135084,0.87995476,0.9479219,0.3627283318545316,0.36277920714814793,0.36275297353620356,0.3627352079845898,0.36275437954840745,0.3627542324799035,0.3627549198693676,0.36275299556258633,0.3627529754652785,0.36275301007760796,0.3627535169216703,0.36275345894557653,0.36275353785275244,0.38651177,0.36396778,0.39396173,0.7207509087449202,0.7207548202772575,0.7207831289634301,0.7207501806497417,0.720781567240563,0.7207809670818996,0.7207817305962114,0.7207831044976821,0.7207830883751596,0.7207831268207151,0.7207825253996496,0.7207825021505222,0.7207825897963994,0.7337371,0.6551046,0.7358852
0.6513671875,1.0490929417725305,1.0488964032388295,1.0488982999042007,1.0490958029257944,1.0488970595860412,1.0488965829410288,1.0488971893228423,1.048898280473532,1.0488982676690435,1.0488982982024588,1.0488978205545958,1.0488978020901696,1.0488978716984099,0.9252234,0.88908684,0.95948213,0.3627283318545316,0.36277920714814793,0.3627704625792086,0.3627303696525533,0.3627713593412672,0.3627712655402024,0.362771703960798,0.36277047662775413,0.362770463809583,0.362770485885513,0.3627708091533705,0.36277077217590864,0.3627708225033263,0.3855627,0.36392897,0.39303476,0.7207509087449202,0.7207548202772575,0.7207642565380642,0.7207542503032615,0.720763244365793,0.7207628553954532,0.7207633502386379,0.720764240681503,0.7207642302322921,0.7207642551493434,0.7207638653607481,0.7207638502926953,0.7207639070970943,0.7335598,0.65531266,0.7370648
0.6533203125,1.0490929417725305,1.0488964032388295,1.0488945065734583,1.04909879277115,1.0488933767158382,1.0488929425199867,1.0488934948985094,1.0488944888732505,1.0488944772091071,1.0488945050232705,1.0488940699138805,1.0488940530938635,1.048894116502917,0.9358389,0.8978426,0.96971,0.3627283318545316,0.36277920714814793,0.36278795174871203,0.3627270011550467,0.36278833925336584,0.36278829872048945,0.3627884881687344,0.3627879578193049,0.3627879522803758,0.36278796181972506,0.36278810150873814,0.3627880855302087,0.36278810727745914,0.3843246,0.3636912,0.3918832,0.7207509087449202,0.7207548202772575,0.720745383984368,0.7207572482461245,0.7207449213700574,0.7207447435908135,0.7207449697593388,0.7207453767371108,0.7207453719612884,0.7207453833496518,0.7207452051963885,0.7207451983095203,0.7207452242720261,0.7331771,0.6558406,0.73809433
0.6552734375,1.0490929417725305,1.0488964032388295,1.048890713242716,1.0490997022558761,1.0488944341971949,1.0488940449867914,1.0488958641322315,1.048890771534722,1.0488907183479415,1.0488908099481875,1.048892151291531,1.0488919978600888,1.0488922066848092,0.9453353,0.90621644,0.97846794,0.3627283318545316,0.36277920714814793,0.3628054410447152,0.3627263650700377,0.3628027506277193,0.3628017167256236,0.3628030320434056,0.362805398896833,0.3628053711220799,0.36280543735339515,0.36280440126865354,0.36280436121679854,0.3628045122065742,0.38285583,0.36318883,0.39058328,0.7207509087449202,0.7207548202772575,0.7207265113023404,0.7207582772945063,0.7207295478566123,0.7207292302343488,0.7207307147809493,0.720726558872642,0.720726515468557,0.7207265902206818,0.7207276848492453,0.7207275596386398,0.7207277300539675,0.7325873,0.6566751,0.73897487
0.6572265625,1.0490929417725305,1.048849430314359,1.048849430314359,1.0490986099971762,1.048849430314359,1.048849430314359,1.048849430314359,1.048849430314359,1.048849430314359,1.048849430314359,1.048849430314359,1.048849430314359,1.048849430314359,0.95372427,0.9142096,0.9856812,0.3627283318545316,0.3628649853300935,0.3628649853300935,0.3627274156147751,0.3628649853300935,0.3628649853300935,0.3628649853300935,0.3628649853300935,0.3628649853300935,0.3628649853300935,0.3628649853300935,0.3628649853300935,0.3628649853300935,0.38124466,0.36239314,0.38922352,0.7207509087449202,0.7206629139875155,0.7206629139875155,0.7207574347302229,0.7206629139875155,0.7206629139875155,0.7206629139875155,0.7206629139875155,0.7206629139875155,0.7206629139875155,0.7206629139875155,0.7206629139875155,0.7206629139875155,0.7317968,0.6577953,0.7397145
0.6591796875,1.0490929417725305,1.048849430314359,1.048849430314359,1.049094301218449,1.048849430314359,1.048849430314359,1.048849430314359,1.048849430314359,1.048849430314359,1.048849430314359,1.048849430314359,1.048849430314359,1.048849430314359,0.9610486,0.9218289,0.99133927,0.3627283318545316,0.3628649853300935,0.3628649853300935,0.3627320635014035,0.3628649853300935,0.3628649853300935,0.3628649853300935,0.3628649853300935,0.3628649853300935,0.3628649853300935,0.3628649853300935,0.3628649853300935,0.3628649853300935,0.3796047,0.3613178,0.38789952,0.7207509087449202,0.7206629139875155,0.7206629139875155,0.7207534193836607,0.7206629139875155,0.7206629139875155,0.7206629139875155,0.7206629139875155,0.7206629139875155,0.7206629139875155,0.7206629139875155,0.7206629139875155,0.7206629139875155,0.730825,0.65917826,0.7403255
0.6611328125,1.0490929417725305,1.048849430314359,1.048849430314359,1.0490903327080092,1.048849430314359,1.048849430314359,1.048849430314359,1.048849430314359,1.048849430314359,1.048849430314359,1.048849430314359,1.048849430314359,1.048849430314359,0.96738577,0.9290894,0.9954975,0.3627283318545316,0.3628649853300935,0.3628649853300935,0.3627361514681826,0.3628649853300935,0.3628649853300935,0.3628649853300935,0.3628649853300935,0.3628649853300935,0.3628649853300935,0.3628649853300935,0.3628649853300935,0.3628649853300935,0.37806776,0.3600176,0.38670868,0.7207509087449202,0.7206629139875155,0.7206629139875155,0.7207496424149195,0.7206629139875155,0.7206629139875155,0.7206629139875155,0.7206629139875155,0.7206629139875155,0.7206629139875155,0.7206629139875155,0.7206629139875155,0.7206629139875155,0.72970545,0.66080284,0.7408241
0.6630859375,1.0490929417725305,1.048849430314359,1.048849430314359,1.049088221698839,1.048849430314359,1.048849430314359,1.048849430314359,1.048849430314359,1.048849430314359,1.048849430314359,1.048849430314359,1.048849430314359,1.048849430314359,0.9728497,0.93601596,0.99827915,0.3627283318545316,0.3628649853300935,0.3628649853300935,0.3627368613162437,0.3628649853300935,0.3628649853300935,0.3628649853300935,0.3628649853300935,0.3628649853300935,0.3628649853300935,0.3628649853300935,0.3628649853300935,0.3628649853300935,0.37677383,0.35858154,0.38574576,0.7207509087449202,0.7206629139875155,0.7206629139875155,0.7207476473133102,0.7206629139875155,0.7206629139875155,0.7206629139875155,0.7206629139875155,0.7206629139875155,0.7206629139875155,0.7206629139875155,0.7206629139875155,0.7206629139875155,0.72848815,0.6626527,0.7412288
0.6650390625,1.0490929417725305,1.0492410918144865,1.0492410918144865,1.0490893411764928,1.0492410918144865,1.0492410918144865,1.0492410918144865,1.0492410918144865,1.0492410918144865,1.0492410918144865,1.0492410918144865,1.0492410918144865,1.0492410918144865,0.97759086,0.94264686,0.9998758,0.3627283318545316,0.36253230489369875,0.36253230489369875,0.3627352971602592,0.36253230489369875,0.36253230489369875,0.36253230489369875,0.36253230489369875,0.36253230489369875,0.36253230489369875,0.36253230489369875,0.36253230489369875,0.36253230489369875,0.37585992,0.35712177,0.38509727,0.7207509087449202,0.7210045444361778,0.7210045444361778,0.7207486491249705,0.7210045444361778,0.7210045444361778,0.7210045444361778,0.7210045444361778,0.7210045444361778,0.7210045444361778,0.7210045444361778,0.7210045444361778,0.7210045444361778,0.7272369,0.6647149,0.74156076
0.6669921875,1.0490929417725305,1.0492410918144865,1.0492410918144865,1.049095600090484,1.0492410918144865,1.0492410918144865,1.0492410918144865,1.0492410918144865,1.0492410918144865,1.0492410918144865,1.0492410918144865,1.0492410918144865,1.0492410918144865,0.98179215,0.9490353,1.0005444,0.3627283318545316,0.36253230489369875,0.36253230489369875,0.3627281579921381,0.36253230489369875,0.36253230489369875,0.36253230489369875,0.36253230489369875,0.36253230489369875,0.36253230489369875,0.36253230489369875,0.36253230489369875,0.36253230489369875,0.3754471,0.3557605,0.38483745,0.7207509087449202,0.7210045444361778,0.7210045444361778,0.7207546467301897,0.7210045444361778,0.7210045444361778,0.7210045444361778,0.7210045444361778,0.7210045444361778,0.7210045444361778,0.7210045444361778,0.7210045444361778,0.7210045444361778,0.72602534,0.6669777,0.741844
0.6689453125,1.0490929417725305,1.0492410918144865,1.0492410918144865,1.0491015959591552,1.0492410918144865,1.0492410918144865,1.0492410918144865,1.0492410918144865,1.0492410918144865,1.0492410918144865,1.0492410918144865,1.0492410918144865,1.0492410918144865,0.98566,0.95524865,1.0005996,0.3627283318545316,0.36253230489369875,0.36253230489369875,0.3627223503025744,0.36253230489369875,0.36253230489369875,0.36253230489369875,0.36253230489369875,0.36253230489369875,0.36253230489369875,0.36253230489369875,0.36253230489369875,0.36253230489369875,0.37562895,0.3546184,0.3850236,0.7207509087449202,0.7210045444361778,0.7210045444361778,0.7207605038828566,0.7210045444361778,0.7210045444361778,0.7210045444361778,0.7210045444361778,0.7210045444361778,0.7210045444361778,0.7210045444361778,0.7210045444361778,0.7210045444361778,0.72493196,0.6694268,0.742106
0.6708984375,1.0490929417725305,1.0492410918144865,1.0492410918144865,1.0491043616226932,1.0492410918144865,1.0492410918144865,1.0492410918144865,1.0492410918144865,1.0492410918144865,1.0492410918144865,1.0492410918144865,1.0492410918144865,1.0492410918144865,0.9894122,0.9613645,1.000398,0.3627283318545316,0.36253230489369875,0.36253230489369875,0.36272140528243196,0.36253230489369875,0.36253230489369875,0.36253230489369875,0.36253230489369875,0.36253230489369875,0.36253230489369875,0.36253230489369875,0.36253230489369875,0.36253230489369875,0.37646234,0.35380536,0.38569295,0.7207509087449202,0.7210045444361778,0.7210045444361778,0.720763313048846,0.7210045444361778,0.7210045444361778,0.7210045444361778,0.7210045444361778,0.7210045444361778,0.7210045444361778,0.7210045444361778,0.7210045444361778,0.7210045444361778,0.72403246,0.67204165,0.74237597
0.6728515625,1.0490929417725305,1.0491215462052441,1.0492112054121758,1.0491026080853234,1.0491815078941562,1.0491791491390612,1.0491956985512032,1.049211191314049,1.0492111599163074,1.0492112035167243,1.0492001383471028,1.0491983873566377,1.0492067093734159,0.99326324,0.9674666,1.0003165,0.3627283318545316,0.3626386904029417,0.36255889899824495,0.36272398755249713,0.3625862041957191,0.3625731564918826,0.3625883730046231,0.3625589119603129,0.3625589007409567,0.36255894082795487,0.3625690743614243,0.3625630327537105,0.3625706842897529,0.37796116,0.35341483,0.3868608,0.7207509087449202,0.7208561473456503,0.7209674456088272,0.7207616885322526,0.7209382455131625,0.7209359262529227,0.7209521985210304,0.7209674317469129,0.7209674008752368,0.7209674437451338,0.7209565639495437,0.7209548422893216,0.7209630248971399,0.72339314,0.6747938,0.7426837
0.6748046875,1.0490929417725305,1.0491215462052441,1.0491514326075548,1.0490969035005113,1.0491273193967823,1.0491254041808802,1.0491388416493876,1.0491514211604331,1.049151395666708,1.049151431068523,1.0491424465881654,1.0491410248531197,1.0491477820017974,0.99741167,0.97363776,1.0007236,0.3627283318545316,0.3626386904029417,0.36261209175273684,0.3627325410482378,0.3626344299064836,0.3626237557187289,0.3626362041807227,0.3626121023569526,0.3626120931784424,0.3626121259734546,0.3626204161600636,0.36261547355879065,0.3626217332303398,0.3800951,0.3535219,0.38851961,0.7207509087449202,0.7208561473456503,0.7208932470635888,0.7207562190083431,0.720870978505599,0.7208692097941138,0.7208816193357513,0.7208932364922179,0.7208932129488649,0.7208932456422992,0.7208849484962383,0.7208836355246694,0.7208898757414363,0.72306573,0.6776482,0.74305594
0.6767578125,1.0490929417725305,1.0491215462052441,1.0490916598029334,1.0490904929465659,1.049073130899408,1.0490716592226985,1.0490819847475716,1.0490916510068167,1.0490916314171082,1.0490916586203214,1.0490847548292277,1.049083662349601,1.0490888546301786,1.0019512,0.9799532,1.0020294,0.3627283318545316,0.3626386904029417,0.3626652905686252,0.3627408164547659,0.36268266059932003,0.3626743604302092,0.36268404025769757,0.3626652988144515,0.3626652916772522,0.36266531717861644,0.3626717636055273,0.36266792025507605,0.3626727877535037,0.38279134,0.35418335,0.39063966,0.7207509087449202,0.7208561473456503,0.7208190473307985,0.72075005705331,0.7208037105219444,0.7208024923751221,0.7208110390759191,0.7208190400500761,0.7208190238352807,0.7208190463519268,0.7208133319366039,0.7208124276662755,0.7208167254315244,0.7230828,0.68056566,0.7435131
0.6787109375,1.0490929417725305,1.0491215462052441,1.0490318869983124,1.049087914950473,1.0491042266306303,1.049069659872814,1.0491099722783366,1.0490319213396777,1.0490318916154076,1.049031997820853,1.0490588450564806,1.0490428388155846,1.0490631102616184,1.0042679,0.98647463,1.0072553,0.3627283318545316,0.3626386904029417,0.3627184954469457,0.36274466454140936,0.3626514721736606,0.362646149179312,0.3626834974102208,0.362718463627191,0.36271839276186685,0.36271849116887345,0.3626935175005055,0.36268956569900757,0.362708347903031,0.38594002,0.3554384,0.39317068,0.7207509087449202,0.7208561473456503,0.7207448464102532,0.7207476412606629,0.7208116538200989,0.7207797308137078,0.7208169599846957,0.7207448781257865,0.720744850674313,0.7207449487590066,0.7207697430529746,0.7207549608009582,0.7207736820845304,0.7234565,0.68350744,0.7440663
0.6806640625,1.0490929417725305,1.0479546786480167,1.0479546786480167,1.0490863850234993,1.0479546786480167,1.0479546786480167,1.0479546786480167,1.0479546786480167,1.0479546786480167,1.0479546786480167,1.0479546786480167,1.0479546786480167,1.0479546786480167,1.0078584,0.9932477,1.0131918,0.3627283318545316,0.36373099731894865,0.36373099731894865,0.36274361472170746,0.36373099731894865,0.36373099731894865,0.36373099731894865,0.36373099731894865,0.36373099731894865,0.36373099731894865,0.36373099731894865,0.36373099731894865,0.36373099731894865,0.38940132,0.35730958,0.39604455,0.7207509087449202,0.719715154229049,0.719715154229049,0.720746325443672,0.719715154229049,0.719715154229049,0.719715154229049,0.719715154229049,0.719715154229049,0.719715154229049,0.719715154229049,0.719715154229049,0.719715154229049,0.7241796,0.6864396,0.7447152
0.6826171875,1.0490929417725305,1.0479546786480167,1.0479546786480167,1.049090342848201,1.0479546786480167,1.0479546786480167,1.0479546786480167,1.0479546786480167,1.0479546786480167,1.0479546786480167,1.0479546786480167,1.0479546786480167,1.0479546786480167,1.0128123,1.0002986,1.019906,0.3627283318545316,0.36373099731894865,0.36373099731894865,0.3627383838600448,0.36373099731894865,0.36373099731894865,0.36373099731894865,0.36373099731894865,0.36373099731894865,0.36373099731894865,0.36373099731894865,0.36373099731894865,0.36373099731894865,0.39301443,0.35980296,0.39917925,0.7207509087449202,0.719715154229049,0.719715154229049,0.7207499748113196,0.719715154229049,0.719715154229049,0.719715154229049,0.719715154229049,0.719715154229049,0.719715154229049,0.719715154229049,0.719715154229049,0.719715154229049,0.7252263,0.689336,0.7454477
0.6845703125,1.0490929417725305,1.0479546786480167,1.0479546786480167,1.0490980717578222,1.0479546786480167,1.0479546786480167,1.0479546786480167,1.0479546786480167,1.0479546786480167,1.0479546786480167,1.0479546786480167,1.0479546786480167,1.0479546786480167,1.0191215,1.0076371,1.0274302,0.3627283318545316,0.36373099731894865,0.36373099731894865,0.36272999573730985,0.36373099731894865,0.36373099731894865,0.36373099731894865,0.36373099731894865,0.36373099731894865,0.36373099731894865,0.36373099731894865,0.36373099731894865,0.36373099731894865,0.39660645,0.36290547,0.40248337,0.7207509087449202,0.719715154229049,0.719715154229049,0.7207571621905513,0.719715154229049,0.719715154229049,0.719715154229049,0.719715154229049,0.719715154229049,0.719715154229049,0.719715154229049,0.719715154229049,0.719715154229049,0.72655493,0.69217914,0.74624217
0.6865234375,1.0490929417725305,1.0479546786480167,1.0479546786480167,1.049103821959076,1.0479546786480167,1.0479546786480167,1.0479546786480167,1.0479546786480167,1.0479546786480167,1.0479546786480167,1.0479546786480167,1.0479546786480167,1.0479546786480167,1.0266879,1.0152553,1.0357623,0.3627283318545316,0.36373099731894865,0.36373099731894865,0.36272347678963157,0.36373099731894865,0.36373099731894865,0.36373099731894865,0.36373099731894865,0.36373099731894865,0.36373099731894865,0.36373099731894865,0.36373099731894865,0.36373099731894865,0.40000203,0.36658227,0.40586206,0.7207509087449202,0.719715154229049,0.719715154229049,0.7207625076501649,0.719715154229049,0.719715154229049,0.719715154229049,0.719715154229049,0.719715154229049,0.719715154229049,0.719715154229049,0.719715154229049,0.719715154229049,0.7281119,0.69495815,0.7470689
0.6884765625,1.0490929417725305,1.0500268811955011,1.0494176518109974,1.0491052400942185,1.0495467434554269,1.0494498257583988,1.0497091555474622,1.0494176597817142,1.0494176562447584,1.0495433134840335,1.0494550804716383,1.0494315387440536,1.0495182901730733,1.0353369,1.0231304,1.0448635,0.3627283318545316,0.36176925369019924,0.36239509659380326,0.3627211599697865,0.3622624239892656,0.36209555299164353,0.36236202709787807,0.36239508840097373,0.3622659486848847,0.36239509203649073,0.3623566263144931,0.3622916637523192,0.36238082287498263,0.40303215,0.3707716,0.4092229,0.7207509087449202,0.7217011370983024,0.7211224340473775,0.7207637184923298,0.7212450710996697,0.7211529999862782,0.7213993520806562,0.721122441619786,0.7211224382595769,0.7212418127226614,0.7211579920327543,0.7211356269874204,0.7212180411184419,0.7298343,0.6976647,0.74789494
0.6904296875,1.0490929417725305,1.0500268811955011,1.0498238047339998,1.0491017282879878,1.049866835282143,1.0498345293831337,1.049920972646155,1.0498238073909054,1.04982380621192,1.0498656919583453,1.0498362809542134,1.0498284337116852,1.0498573508546918,1.0448389,1.0312244,1.0546511,0.3627283318545316,0.36176925369019924,0.3619777872832782,0.36272487901305894,0.36193359366931516,0.36187799818084776,0.361966772420371,0.3619777845544476,0.36193476784898043,0.36197778576534917,0.36196497347237805,0.36194333413859514,0.361973033015794,0.40554348,0.37537897,0.41248232,0.7207509087449202,0.7217011370983024,0.721508254353093,0.7207604949003347,0.7215491264457122,0.7215184411197865,0.7216005470602028,0.7215082568767509,0.7215082557568934,0.7215480404827911,0.7215201048379937,0.721512651175977,0.7215401178371346,0.7316551,0.7002855,0.74868774
0.6923828125,1.0490929417725305,1.0500268811955011,1.0502299576570024,1.0490928072451773,1.0501869271088593,1.0501327897448474,1.0502192330078686,1.0502299550000969,1.050188070432657,1.0502299561790822,1.0502174814367888,1.0501964115363105,1.050225328679317,1.0549295,1.0394838,1.064991,0.3627283318545316,0.36176925369019924,0.3615608007428187,0.3627354609124822,0.3616049638011033,0.36157180731270305,0.3616605311338649,0.361560803469539,0.3615608022595739,0.36160379033965284,0.36157360494899693,0.36156555137568647,0.3615952294444668,0.40740675,0.38027188,0.41557038,0.7207509087449202,0.7217011370983024,0.7218940015858788,0.7207520698993405,0.7218531364108557,0.7218017221706238,0.7218838166966689,0.7218939990626987,0.7218542222111779,0.7218940001823442,0.7218821532754214,0.7218621436355729,0.7218896055858471,0.73350734,0.70279616,0.7494188
0.6943359375,1.0490929417725305,1.0500268811955011,1.0506361105800048,1.049090638928752,1.0505070189355754,1.05034460684354,1.0506039366326034,1.050636102609288,1.0505104489069688,1.050636106146244,1.050598681919364,1.050535472217929,1.0506222236469487,1.0653323,1.0478375,1.0756888,0.3627283318545316,0.36176925369019924,0.3611441365980977,0.36274264097145714,0.36127653420139616,0.3611771314567755,0.3614431517975984,0.36114414477193535,0.36114414114484583,0.3612730159697125,0.3611825204348624,0.36115837760535136,0.361247349452156,0.40852475,0.3852773,0.41843367,0.7207509087449202,0.7217011370983024,0.7222796758304804,0.7207499616715739,0.722157101036583,0.7220028774239403,0.7222491267889407,0.7222796682623716,0.7221603579502006,0.7222796716206727,0.7222441374151031,0.7221841185630606,0.7222664902961119,0.7353305,0.7051544,0.75006825
0.6962890625,1.0490929417725305,1.051203902032037,1.051203902032037,1.0490901179060563,1.051203902032037,1.051203902032037,1.051203902032037,1.051203902032037,1.051203902032037,1.051203902032037,1.051203902032037,1.051203902032037,1.051203902032037,1.0757743,1.0561965,1.086488,0.3627283318545316,0.3603927766197075,0.3603927766197075,0.3627427810905565,0.3603927766197075,0.3603927766197075,0.3603927766197075,0.3603927766197075,0.3603927766197075,0.3603927766197075,0.3603927766197075,0.3603927766197075,0.3603927766197075,0.40883955,0.39018393,0.42103517,0.7207509087449202,0.7228015403199025,0.7228015403199025,0.7207491718875185,0.7228015403199025,0.7228015403199025,0.7228015403199025,0.7228015403199025,0.7228015403199025,0.7228015403199025,0.7228015403199025,0.7228015403199025,0.7228015403199025,0.73707354,0.7072989,0.75062877
0.6982421875,1.0490929417725305,1.051203902032037,1.051203902032037,1.0490892959505027,1.051203902032037,1.051203902032037,1.051203902032037,1.051203902032037,1.051203902032037,1.051203902032037,1.051203902032037,1.051203902032037,1.051203902032037,1.085998,1.0644512,1.0970738,0.3627283318545316,0.3603927766197075,0.3603927766197075,0.3627424467196393,0.3603927766197075,0.3603927766197075,0.3603927766197075,0.3603927766197075,0.3603927766197075,0.3603927766197075,0.3603927766197075,0.3603927766197075,0.3603927766197075,0.4083374,0.39475247,0.42335135,0.7207509087449202,0.7228015403199025,0.7228015403199025,0.7207484553972868,0.7228015403199025,0.7228015403199025,0.7228015403199025,0.7228015403199025,0.7228015403199025,0.7228015403199025,0.7228015403199025,0.7228015403199025,0.7228015403199025,0.7386966,0.70915294,0.7511092
0.7001953125,1.0490929417725305,1.051203902032037,1.051203902032037,1.0490946770300433,1.051203902032037,1.051203902032037,1.051203902032037,1.051203902032037,1.051203902032037,1.051203902032037,1.051203902032037,1.051203902032037,1.051203902032037,1.0957621,1.0724711,1.1070908,0.3627283318545316,0.3603927766197075,0.3603927766197075,0.3627365750884188,0.3603927766197075,0.3603927766197075,0.3603927766197075,0.3603927766197075,0.3603927766197075,0.3603927766197075,0.3603927766197075,0.3603927766197075,0.3603927766197075,0.40705228,0.3987333,0.4253658,0.7207509087449202,0.7228015403199025,0.7228015403199025,0.7207538804739976,0.7228015403199025,0.7228015403199025,0.7228015403199025,0.7228015403199025,0.7228015403199025,0.7228015403199025,0.7228015403199025,0.7228015403199025,0.7228015403199025,0.74016887,0.7106347,0.75153476
0.7021484375,1.0490929417725305,1.051203902032037,1.051203902032037,1.0491115435022387,1.051203902032037,1.051203902032037,1.051203902032037,1.051203902032037,1.051203902032037,1.051203902032037,1.051203902032037,1.051203902032037,1.051203902032037,1.1048365,1.0801042,1.1161656,0.3627283318545316,0.3603927766197075,0.3603927766197075,0.36271895393336384,0.3603927766197075,0.3603927766197075,0.3603927766197075,0.3603927766197075,0.3603927766197075,0.3603927766197075,0.3603927766197075,0.3603927766197075,0.3603927766197075,0.40506446,0.40188992,0.42706183,0.7207509087449202,0.7228015403199025,0.7228015403199025,0.7207702223542145,0.7228015403199025,0.7228015403199025,0.7228015403199025,0.7228015403199025,0.7228015403199025,0.7228015403199025,0.7228015403199025,0.7228015403199025,0.7228015403199025,0.7414634,0.71167094,0.7519458
0.7041015625,1.0490929417725305,1.0421708340543954,1.0421708340543954,1.0491024711469548,1.0421708340543954,1.0421708340543954,1.0421708340543954,1.0421708340543954,1.0421708340543954,1.0421708340543954,1.0421708340543954,1.0421708340543954,1.0421708340543954,1.1129885,1.0871749,1.1239326,0.3627283318545316,0.36847681344060185,0.36847681344060185,0.3627305525271006,0.36847681344060185,0.36847681344060185,0.36847681344060185,0.36847681344060185,0.36847681344060185,0.36847681344060185,0.36847681344060185,0.36847681344060185,0.36847681344060185,0.40402323,0.4024949,0.42841268,0.7207509087449202,0.7141180800906191,0.7141180800906191,0.7207610967443893,0.7141180800906191,0.7141180800906191,0.7141180800906191,0.7141180800906191,0.7141180800906191,0.7141180800906191,0.7141180800906191,0.7141180800906191,0.7141180800906191,0.7425478,0.71221066,0.7523907
0.7060546875,1.0490929417725305,1.0421708340543954,1.0421708340543954,1.0490823407669043,1.0421708340543954,1.0421708340543954,1.0421708340543954,1.0421708340543954,1.0421708340543954,1.0421708340543954,1.0421708340543954,1.0421708340543954,1.0421708340543954,1.1199675,1.0934832,1.1300558,0.3627283318545316,0.36847681344060185,0.36847681344060185,0.3627590500684352,0.36847681344060185,0.36847681344060185,0.36847681344060185,0.36847681344060185,0.36847681344060185,0.36847681344060185,0.36847681344060185,0.36847681344060185,0.36847681344060185,0.40499058,0.39949247,0.4293724,0.7207509087449202,0.7141180800906191,0.7141180800906191,0.7207412656845203,0.7141180800906191,0.7141180800906191,0.7141180800906191,0.7141180800906191,0.7141180800906191,0.7141180800906191,0.7141180800906191,0.7141180800906191,0.7141180800906191,0.7433707,0.7122322,0.7529109
0.7080078125,1.0490929417725305,1.0421708340543954,1.0421708340543954,1.049158175107364,1.0421708340543954,1.0421708340543954,1.0421708340543954,1.0421708340543954,1.0421708340543954,1.0421708340543954,1.0421708340543954,1.0421708340543954,1.0421708340543954,1.1254886,1.0988016,1.1342454,0.3627283318545316,0.36847681344060185,0.36847681344060185,0.36269223930631145,0.36847681344060185,0.36847681344060185,0.36847681344060185,0.36847681344060185,0.36847681344060185,0.36847681344060185,0.36847681344060185,0.36847681344060185,0.36847681344060185,0.40471682,0.39621288,0.42986637,0.7207509087449202,0.7141180800906191,0.7141180800906191,0.7208145667274105,0.7141180800906191,0.7141180800906191,0.7141180800906191,0.7141180800906191,0.7141180800906191,0.7141180800906191,0.7141180800906191,0.7141180800906191,0.7141180800906191,0.7438511,0.71174246,0.7535215
0.7099609375,1.0490929417725305,1.0421708340543954,1.0421708340543954,1.0491292355175728,1.0421708340543954,1.0421708340543954,1.0421708340543954,1.0421708340543954,1.0421708340543954,1.0421708340543954,1.0421708340543954,1.0421708340543954,1.0421708340543954,1.1292187,1.1028728,1.1362641,0.3627283318545316,0.36847681344060185,0.36847681344060185,0.36269422363028286,0.36847681344060185,0.36847681344060185,0.36847681344060185,0.36847681344060185,0.36847681344060185,0.36847681344060185,0.36847681344060185,0.36847681344060185,0.36847681344060185,0.4031939,0.39279124,0.42978126,0.7207509087449202,0.7141180800906191,0.7141180800906191,0.7207857060934946,0.7141180800906191,0.7141180800906191,0.7141180800906191,0.7141180800906191,0.7141180800906191,0.7141180800906191,0.7141180800906191,0.7141180800906191,0.7141180800906191,0.74386394,0.7107666,0.75418437
0.7119140625,1.0490929417725305,1.0462509009799184,1.0462509009799184,1.0488434897022128,1.046531367867882,1.0464015242430729,1.0473453215515143,1.0462509243181641,1.0462509010659307,1.0462509464436653,1.046371956219085,1.0462945724896133,1.0466287372817213,1.1307689,1.1054083,1.1359288,0.3627283318545316,0.3514341858777596,0.36313844417377794,0.3629347204593889,0.36285496366232844,0.3620331237043936,0.36298618356897977,0.3631384205784392,0.3631383982092055,0.36313844408681817,0.36301606955257343,0.3627565835401482,0.36309429342280414,0.4004698,0.38930967,0.4289541,0.7207509087449202,0.7179956254055674,0.716245552602454,0.7205118775740654,0.7165655169394026,0.7164173919436397,0.7174939073995706,0.716245579228766,0.7162455527005843,0.7162456044714727,0.716383659873491,0.7162953764725718,0.7166765907799421,0.74322873,0.7093317,0.7547817
0.7138671875,1.0490929417725305,1.0462509009799184,1.0462509009799184,1.0492384516739663,1.046531367867882,1.0464015242430729,1.0473453215515143,1.0462509243181641,1.0462509010659307,1.0462509464436653,1.046371956219085,1.0462945724896133,1.0466287372817213,1.1296929,1.106092,1.133107,0.3627283318545316,0.3514341858777596,0.3553356053097657,0.3625835980169522,0.3553873981729915,0.35536342384529274,0.35553755115640884,0.3553356096207151,0.3553356053256535,0.355335613707651,0.35535796357342886,0.35534367180363086,0.3554053725592594,0.39662972,0.38576588,0.42716092,0.7207509087449202,0.7179956254055674,0.7174186378293101,0.720891518845116,0.7176881357161262,0.7175633703878183,0.7184702494902726,0.7174186602548488,0.7174186379119586,0.7174186815150706,0.7175349587611947,0.7174606014292325,0.7177816967701185,0.7416967,0.7074463,0.75509465
0.7158203125,1.0490929417725305,1.0462509009799184,1.0462509009799184,1.0497004516745063,1.046531367867882,1.0464015242430729,1.0473453215515143,1.0462509243181641,1.0462509010659307,1.0462509464436653,1.046371956219085,1.0462945724896133,1.0466287372817213,1.1254927,1.1045876,1.1277084,0.3627283318545316,0.3514341858777596,0.3475327664457535,0.3622831038855546,0.3479198326836546,0.34774066412160576,0.34904197860842406,0.34753279866299097,0.34753276656448884,0.34753282920609646,0.3476998575942843,0.3475930501844575,0.34805416157837055,0.39177057,0.38204825,0.4241025,0.7207509087449202,0.7179956254055674,0.7185662429570437,0.7213385030297575,0.7187874107590904,0.7186850277542419,0.719428915549598,0.7185662613634957,0.7185662430248801,0.7185662788134778,0.7186617111912338,0.7186006851261675,0.7188641787067064,0.73893976,0.705081,0.7547911
0.7177734375,1.0490929417725305,1.0462509009799184,1.0462509009799184,1.0480272911409874,1.0454095003160273,1.0429676392651308,1.045799031190455,1.0462508309651812,1.0462507645886774,1.0462509007218816,1.0458877352624185,1.0451173920745094,1.0461198864508336,1.1176332,1.1005555,1.1196772,0.3627283318545316,0.3514341858777596,0.33972992758174125,0.36395523936343166,0.33956182197763085,0.33907242047273217,0.3396396809804079,0.3397299136045654,0.33972990035369516,0.33972992753022896,0.3396574029456332,0.33950339762329,0.3397037696268802,0.38597304,0.37792128,0.41939116,0.7207509087449202,0.7179956254055674,0.7196883679856548,0.7197221643825726,0.7188788107030336,0.7165292964246922,0.7192536009858417,0.7196883006211648,0.7196882367571908,0.7196883677373856,0.7193389479721283,0.7185977547304964,0.7195623125675289,0.7345399,0.70215034,0.75343055
0.7197265625,1.0490929417725305,0.9853149852035484,1.0310169220358258,1.0488620428249966,1.0319121736728092,1.0316665262189526,1.0323771622183298,1.0310173797150388,1.0310169418597865,1.03102837777033,1.031276490111335,1.0312411905195866,1.0316040294901587,1.1055667,1.0936736,1.1089721,0.3627283318545316,0.2980039331979782,0.33866872405472576,0.362842285841032,0.33913590727579807,0.33900779792400315,0.3393782398369054,0.33866896309993844,0.33866873440875706,0.33867470730500693,0.338804262034683,0.3387858337481626,0.33897519507452456,0.37927136,0.37302554,0.41253877,0.7207509087449202,0.660229145735132,0.7036610466618437,0.7205306825145179,0.7041715571450621,0.7040314875029486,0.7044366778494674,0.7036613076729741,0.7036610579673049,0.703667579776927,0.7038090726673979,0.7037889425261338,0.7039958504146898,0.7279846,0.69849926,0.7504849
0.7216796875,1.0490929417725305,0.9853149852035484,1.0005489641476408,1.0536708753132313,1.0026042526625865,1.0020403035227246,1.0036717576831973,1.0005500148721422,1.000549009658821,1.0005752638365593,1.0011448717812064,1.001063832168984,1.001896825640523,1.0887753,1.0836649,1.0955509,0.3627283318545316,0.2980039331979782,0.31197162793579347,0.357800683822181,0.3135215768738485,0.31309692045700505,0.314324106668064,0.3119724219425437,0.3119716623275114,0.3119915014645405,0.3124216731622319,0.31236050137900406,0.3129888046357001,0.3716248,0.36689174,0.40295497,0.7207509087449202,0.660229145735132,0.6747810663632355,0.7251246461103031,0.6764015878700612,0.6759570299049175,0.6772428984367176,0.6747818950680793,0.6747811022578406,0.6748018088126958,0.6752510173401446,0.6751871117872179,0.6758439155476322,0.71867806,0.6938924,0.74537563
0.7236328125,1.0490929417725305,0.9853149852035484,0.9700810062594559,1.0411779103167467,0.9732963316523638,0.9724140808264963,0.9749663531480649,0.9700826500292457,0.9700810774578558,0.9701221499027888,0.9710132534510778,0.9708864738183814,0.9721896217908872,1.0703286,1.0668367,1.079346,0.3627283318545316,0.2980039331979782,0.28359754609084453,0.36697577151090255,0.286364647886583,0.2856072064815116,0.287794663042474,0.283598965401782,0.2835976075671121,0.2836330700709632,0.2844017222957193,0.28429245022460664,0.2854142816334766,0.36289108,0.35897157,0.3899645,0.7207509087449202,0.660229145735132,0.6455979174911428,0.7131469432357752,0.6483526513602617,0.64759707795363,0.6497822739324488,0.645599326554458,0.6455979785234605,0.6456331861841439,0.6463969279418394,0.6462882823950645,0.6474048120747012,0.7059824,0.6880102,0.73753107
0.7255859375,1.0490929417725305,0.9853149852035484,0.939613048371271,1.02825740547939,0.9334471828264342,0.9302446677646017,0.9351390302460202,0.939609896197767,0.9395341493045156,0.9396129118377303,0.9378253254705746,0.9355694638926247,0.9380684443072417,1.0535718,1.0395184,1.0602497,0.3627283318545316,0.2980039331979782,0.2533833443534221,0.3370405855037387,0.24800199684753185,0.24517880742183995,0.24948564539818097,0.2533806112927733,0.2533149301880048,0.2533832259737551,0.25183036749486126,0.24986225359371106,0.2520419101260693,0.35280728,0.3486836,0.37285557,0.7207509087449202,0.660229145735132,0.6160821083499807,0.7007742698018369,0.6111002049713119,0.6085083235971445,0.6124682674095188,0.6160795642155507,0.6160184276885103,0.61608199815316,0.6146387770176606,0.6128161937729804,0.6148351140513819,0.68930465,0.6804508,0.7264571
0.7275390625,1.0490929417725305,0.77230571319335,0.8444919807537123,0.8938308947290987,0.9764520692049041,0.9661069851272792,0.9834532540397005,0.8448233341474957,0.844620850878137,0.8470214734716892,0.8900497060926007,0.8847822285310611,0.8969835014019418,1.0334408,1.00689,1.0381116,0.3627283318545316,0.06794775911849822,0.150031616745183,0.20609060093276588,0.2712979349450534,0.26298791767275587,0.27682266351128154,0.15038356113489054,0.15016852794407148,0.15271132514142777,0.19596160083566574,0.19089290656917554,0.20254297155634848,0.34098023,0.33547366,0.3509698,0.7207509087449202,0.46670008706200933,0.5295784638053062,0.5757659239350993,0.6422673365758165,0.6336144010031615,0.6481083018086881,0.5298686172554393,0.5296913154006435,0.531792386802593,0.5690989696848056,0.5645661778573066,0.5750519132772546,0.6707443,0.66823316,0.711818
0.7294921875,0.583841,0.77230571319335,0.7963678023801374,0.6627132811601534,0.8055924378884471,0.8048692674886774,0.8060818538852483,0.796390965552563,0.7963768110125177,0.7965446259077519,0.7995525032678938,0.7991842816250948,0.8000372084175237,1.010141,0.9694331,1.0127603,-0.196038,0.06794775911849822,0.09696247623282978,-0.0782489478285563,0.10804706482059408,0.10718726103429566,0.10862807410491243,0.09699063135783517,0.09697342653247931,0.09717736597413457,0.10081821326053154,0.10037397615809963,0.10140235723078948,0.32383046,0.3188813,0.32689452,0.309714,0.46670008706200933,0.48790479319087515,0.37298024704642735,0.49630990470621694,0.4956523965137202,0.4967547478989603,0.4879259481110927,0.48791302080282883,0.4880662796866194,0.4908110198193573,0.490475238176199,0.4912529267557797,0.65838677,0.64270186,0.6935119
0.7314453125,0.583841,0.77230571319335,0.7482436240065625,0.5839858732145874,0.6634044251629044,0.6589032542459101,0.6700554410527627,0.7480305917420903,0.7466173736895706,0.7481607713937809,0.7189538518924714,0.7144960067523631,0.722340395365525,0.9840429,0.9280978,0.98405963,-0.196038,0.06794775911849822,0.03706692597314429,-0.19582151215177837,-0.09184510091166832,-0.09961193010961392,-0.08055969588699999,0.03677984707757308,0.03487126872992229,0.036955294535481346,-0.003999813222333708,-0.010545307143376604,0.0009186791777677995,0.29860026,0.2912871,0.30994475,0.309714,0.46670008706200933,0.4452185869862973,0.3098218878506695,0.36526080276873574,0.36087872362802237,0.3717070323651821,0.4450233362954917,0.4437274522791469,0.4451426529224805,0.4181327959728744,0.41396585847388323,0.42129019631899334,0.6428999,0.61313,0.67171985
0.7333984375,0.583841,0.77230571319335,0.7001194456329876,0.583841,0.6437739205171441,0.6407844906025408,0.6481911591046806,0.6999779613312508,0.699039379704388,0.7000644194889641,0.6806667915204339,0.6777061362015713,0.6829159472517188,0.95199555,0.8842658,0.95566195,-0.196038,0.06794775911849822,-0.031062716804495714,-0.196038,-0.12599937506093337,-0.13150267311681568,-0.11796051619075426,-0.03128196285485992,-0.032738649267660735,-0.031147975555153185,-0.06206203851323327,-0.06693611004257705,-0.05838754284792062,0.27451813,0.2536312,0.28949985,0.309714,0.46670008706200933,0.40131104891979164,0.30971399999999993,0.3463967056803913,0.34341236872378317,0.350792305946042,0.4011760655402871,0.4002802685581129,0.401258552717081,0.38262231236465427,0.37975422446699847,0.38479685601148494,0.6239231,0.58045983,0.6469059
0.7353515625,0.583841,0.6003215582149493,0.6126819768761611,0.583841,0.6129006433183589,0.6128317524067625,0.6131745379103092,0.6126820645281408,0.6126819975429562,0.6126821547729253,0.6127453767351895,0.6127336851810411,0.6128945762821939,0.91678727,0.83959705,0.9256198,-0.196038,-0.17029853799353528,-0.15190267300424184,-0.196038,-0.15144177200945477,-0.15158694348265467,-0.15086492591529777,-0.15190248818714414,-0.1519026294276162,-0.15190229790308674,-0.1517690061174974,-0.1517936535187132,-0.15145455555777093,0.24672532,0.21163288,0.26500213,0.309714,0.3224232059211228,0.33185562214149383,0.30971399999999993,0.3320889370321703,0.3320154367414182,0.3323811063904359,0.33185571567570676,0.33185564419521685,0.33185581197671626,0.33192327451264036,0.33191079908295035,0.3320824642679071,0.60133076,0.546046,0.6197646
0.7373046875,0.583841,0.6003215582149493,0.6044416977686866,0.583841,0.6043033225948518,0.60412999827772,0.6043469177243649,0.6044416423012916,0.6044415851931335,0.6044416846904505,0.604401577453809,0.6043071618999392,0.6044089760323078,0.8789893,0.7957933,0.8945884,-0.196038,-0.17029853799353528,-0.1640829868110177,-0.196038,-0.16433841567320567,-0.16465852277002893,-0.1642579301323461,-0.16408308917570508,-0.16408319456842888,-0.16408301094680883,-0.1641570334780813,-0.16433132706310577,-0.1641433778091337,0.21549425,0.16646606,0.23609562,0.309714,0.3224232059211228,0.3255764967987585,0.30971399999999993,0.3254482023303976,0.3252874825223803,0.3254886232332833,0.3255764453753525,0.32557639243080466,0.32557648467402406,0.32553930089380545,0.32545176215281757,0.325546160282198,0.5753494,0.51141334,0.5911255
0.7392578125,0.583841,0.6003215582149493,0.5962014186612119,0.583841,0.5961285298471459,0.5960372316498292,0.5961514934843448,0.5962013894438853,0.5962013593622905,0.5962014117722803,0.5961802853748691,0.5961305521925343,0.5961841825595853,0.8395431,0.75435036,0.8632374,-0.196038,-0.17029853799353528,-0.17659999617819613,-0.196038,-0.17676097208500555,-0.17696266090020757,-0.1767102523422969,-0.17660006069716142,-0.176600127124648,-0.17660001139063275,-0.1766466652679164,-0.17675650517760202,-0.1766380587824675,0.18123889,0.11953567,0.20276552,0.309714,0.3224232059211228,0.3192605099170851,0.30971399999999993,0.31918178740418973,0.3190831733828182,0.3192065896162669,0.31926047836257065,0.3192604458746513,0.31926050247708565,0.31923768585189577,0.3191839716925253,0.31924189487182975,0.5466351,0.47797388,0.5618447
0.7412109375,0.583841,0.6003215582149493,0.5879611395537374,0.583841,0.5879537370994404,0.5879444650219386,0.5879560692443249,0.5879611365864793,0.5879611335314477,0.5879611388541102,0.5879589932959295,0.5879539424851297,0.5879593890868628,0.7997357,0.7163782,0.8321902,-0.196038,-0.17029853799353528,-0.18946785747703349,-0.196038,-0.18952897004315603,-0.18960551985988208,-0.1895097163494746,-0.18946788197356773,-0.1894679071947263,-0.18946786325288537,-0.1894855762152214,-0.18952727441632067,-0.1894823086968563,0.14447065,0.072262526,0.1654498,0.309714,0.3224232059211228,0.312906111652366,0.30971399999999993,0.31287755141937734,0.3128417765458143,0.31288654942194927,0.3129061002042331,0.3129060884174566,0.3129061089530976,0.3128978310266033,0.31287834385261615,0.31289935806054325,0.5162554,0.4468086,0.5327123
0.7431640625,0.583841,0.583841,0.583841,0.583841,0.583841,0.583841,0.583841,0.583841,0.583841,0.583841,0.583841,0.583841,0.583841,0.7610515,0.6825317,0.80199736,-0.196038,-0.196038,-0.196038,-0.196038,-0.196038,-0.196038,-0.196038,-0.196038,-0.196038,-0.196038,-0.196038,-0.196038,-0.196038,0.10576086,0.025895625,0.12507711,0.309714,0.30971399999999993,0.30971399999999993,0.30971399999999993,0.30971399999999993,0.30971399999999993,0.30971399999999993,0.30971399999999993,0.30971399999999993,0.30971399999999993,0.30971399999999993,0.30971399999999993,0.30971399999999993,0.48554975,0.41857627,0.50439036
0.7451171875,0.583841,0.583841,0.583841,0.583841,0.583841,0.583841,0.583841,0.583841,0.583841,0.583841,0.583841,0.583841,0.583841,0.7249383,0.65304446,0.77312326,-0.196038,-0.196038,-0.196038,-0.196038,-0.196038,-0.196038,-0.196038,-0.196038,-0.196038,-0.196038,-0.196038,-0.196038,-0.196038,0.06571743,-0.018597305,0.082990885,0.309714,0.30971399999999993,0.30971399999999993,0.30971399999999993,0.30971399999999993,0.30971399999999993,0.30971399999999993,0.30971399999999993,0.30971399999999993,0.30971399999999993,0.30971399999999993,0.30971399999999993,0.30971399999999993,0.4558906,0.39354295,0.47738677
0.7470703125,0.583841,0.583841,0.583841,0.583841,0.583841,0.583841,0.583841,0.583841,0.583841,0.583841,0.583841,0.583841,0.583841,0.6925654,0.62782454,0.7459405,-0.196038,-0.196038,-0.196038,-0.196038,-0.196038,-0.196038,-0.196038,-0.196038,-0.196038,-0.196038,-0.196038,-0.196038,-0.196038,0.02496922,-0.060553372,0.04075715,0.309714,0.30971399999999993,0.30971399999999993,0.30971399999999993,0.30971399999999993,0.30971399999999993,0.30971399999999993,0.30971399999999993,0.30971399999999993,0.30971399999999993,0.30971399999999993,0.30971399999999993,0.30971399999999993,0.428425,0.3716819,0.452055
0.7490234375,0.583841,0.583841,0.583841,0.583841,0.583841,0.583841,0.583841,0.583841,0.583841,0.583841,0.583841,0.583841,0.583841,0.6646571,0.6065692,0.7207284,-0.196038,-0.196038,-0.196038,-0.196038,-0.196038,-0.196038,-0.196038,-0.196038,-0.196038,-0.196038,-0.196038,-0.196038,-0.196038,-0.01584372,-0.099574,-9.033084e-05,0.309714,0.30971399999999993,0.30971399999999993,0.30971399999999993,0.30971399999999993,0.30971399999999993,0.30971399999999993,0.30971399999999993,0.30971399999999993,0.30971399999999993,0.30971399999999993,0.30971399999999993,0.30971399999999993,0.40389794,0.35278776,0.42860904
0.7509765625,0.583841,0.583841,0.583841,0.583841,0.583841,0.583841,0.583841,0.583841,0.583841,0.583841,0.583841,0.583841,0.583841,0.6414502,0.58886355,0.6976705,-0.196038,-0.196038,-0.196038,-0.196038,-0.196038,-0.196038,-0.196038,-0.196038,-0.196038,-0.196038,-0.196038,-0.196038,-0.196038,-0.056081235,-0.13545802,-0.038280755,0.309714,0.30971399999999993,0.30971399999999993,0.30971399999999993,0.30971399999999993,0.30971399999999993,0.30971399999999993,0.30971399999999993,0.30971399999999993,0.30971399999999993,0.30971399999999993,0.30971399999999993,0.30971399999999993,0.38261154,0.33657002,0.4071451
0.7529296875,0.583841,0.583841,0.583841,0.583841,0.583841,0.583841,0.583841,0.583841,0.583841,0.583841,0.583841,0.583841,0.583841,0.6227674,0.57425267,0.6768543,-0.196038,-0.196038,-0.196038,-0.196038,-0.196038,-0.196038,-0.196038,-0.196038,-0.196038,-0.196038,-0.196038,-0.196038,-0.196038,-0.09511721,-0.16813469,-0.07294026,0.309714,0.30971399999999993,0.30971399999999993,0.30971399999999993,0.30971399999999993,0.30971399999999993,0.30971399999999993,0.30971399999999993,0.30971399999999993,0.30971399999999993,0.30971399999999993,0.30971399999999993,0.30971399999999993,0.36450505,0.3227146,0.3876661
0.7548828125,0.583841,0.583841,0.583841,0.583841,0.583841,0.583841,0.583841,0.583841,0.583841,0.583841,0.583841,0.583841,0.583841,0.608152,0.56228596,0.6582722,-0.196038,-0.196038,-0.196038,-0.196038,-0.196038,-0.196038,-0.196038,-0.196038,-0.196038,-0.196038,-0.196038,-0.196038,-0.196038,-0.1323587,-0.19761345,-0.103609115,0.309714,0.30971399999999993,0.30971399999999993,0.30971399999999993,0.30971399999999993,0.30971399999999993,0.30971399999999993,0.30971399999999993,0.30971399999999993,0.30971399999999993,0.30971399999999993,0.30971399999999993,0.30971399999999993,0.3492933,0.31091684,0.37010404
0.7568359375,0.583841,0.583841,0.583841,0.583841,0.583841,0.583841,0.583841,0.583841,0.583841,0.583841,0.583841,0.583841,0.583841,0.5970089,0.5525407,0.64182895,-0.196038,-0.196038,-0.196038,-0.196038,-0.196038,-0.196038,-0.196038,-0.196038,-0.196038,-0.196038,-0.196038,-0.196038,-0.196038,-0.16726485,-0.22395322,-0.13016897,0.309714,0.30971399999999993,0.30971399999999993,0.30971399999999993,0.30971399999999993,0.30971399999999993,0.30971399999999993,0.30971399999999993,0.30971399999999993,0.30971399999999993,0.30971399999999993,0.30971399999999993,0.30971399999999993,0.3365987,0.3008943,0.35434246
0.7587890625,0.583841,0.583841,0.583841,0.583841,0.583841,0.583841,0.583841,0.583841,0.583841,0.583841,0.583841,0.583841,0.583841,0.5887125,0.5446337,0.62735593,-0.196038,-0.196038,-0.196038,-0.196038,-0.196038,-0.196038,-0.196038,-0.196038,-0.196038,-0.196038,-0.196038,-0.196038,-0.196038,-0.19936675,-0.24724457,-0.15273485,0.309714,0.30971399999999993,0.30971399999999993,0.30971399999999993,0.30971399999999993,0.30971399999999993,0.30971399999999993,0.30971399999999993,0.30971399999999993,0.30971399999999993,0.30971399999999993,0.30971399999999993,0.30971399999999993,0.32604262,0.2923915,0.340237
0.7607421875,0.583841,0.583841,0.583841,0.583841,0.583841,0.583841,0.583841,0.583841,0.583841,0.583841,0.583841,0.583841,0.583841,0.5826729,0.53822505,0.6146301,-0.196038,-0.196038,-0.196038,-0.196038,-0.196038,-0.196038,-0.196038,-0.196038,-0.196038,-0.196038,-0.196038,-0.196038,-0.196038,-0.22828248,-0.26759985,-0.17155409,0.309714,0.30971399999999993,0.30971399999999993,0.30971399999999993,0.30971399999999993,0.30971399999999993,0.30971399999999993,0.30971399999999993,0.30971399999999993,0.30971399999999993,0.30971399999999993,0.30971399999999993,0.30971399999999993,0.31729165,0.28517878,0.32763293
0.7626953125,0.583841,0.583841,0.583841,0.583841,0.583841,0.583841,0.583841,0.583841,0.583841,0.583841,0.583841,0.583841,0.583841,0.578367,0.5330195,0.6034013,-0.196038,-0.196038,-0.196038,-0.196038,-0.196038,-0.196038,-0.196038,-0.196038,-0.196038,-0.196038,-0.196038,-0.196038,-0.196038,-0.25372675,-0.28514662,-0.18693167,0.309714,0.30971399999999993,0.30971399999999993,0.30971399999999993,0.30971399999999993,0.30971399999999993,0.30971399999999993,0.30971399999999993,0.30971399999999993,0.30971399999999993,0.30971399999999993,0.30971399999999993,0.30971399999999993,0.31006986,0.27905238,0.3163805
0.7646484375,0.583841,0.583841,0.583841,0.583841,0.583841,0.583841,0.583841,0.583841,0.583841,0.583841,0.583841,0.583841,0.583841,0.5753477,0.5287649,0.5934189,-0.196038,-0.196038,-0.196038,-0.196038,-0.196038,-0.196038,-0.196038,-0.196038,-0.196038,-0.196038,-0.196038,-0.196038,-0.196038,-0.27551225,-0.3000218,-0.19918755,0.309714,0.30971399999999993,0.30971399999999993,0.30971399999999993,0.30971399999999993,0.30971399999999993,0.30971399999999993,0.30971399999999993,0.30971399999999993,0.30971399999999993,0.30971399999999993,0.30971399999999993,0.30971399999999993,0.30415493,0.27383426,0.30634555
0.7666015625,0.583841,0.583841,0.583841,0.583841,0.583841,0.583841,0.583841,0.583841,0.583841,0.583841,0.583841,0.583841,0.583841,0.57324106,0.52525103,0.58445793,-0.196038,-0.196038,-0.196038,-0.196038,-0.196038,-0.196038,-0.196038,-0.196038,-0.196038,-0.196038,-0.196038,-0.196038,-0.196038,-0.2935479,-0.31236848,-0.20863783,0.309714,0.30971399999999993,0.30971399999999993,0.30971399999999993,0.30971399999999993,0.30971399999999993,0.30971399999999993,0.30971399999999993,0.30971399999999993,0.30971399999999993,0.30971399999999993,0.30971399999999993,0.30971399999999993,0.2974156,0.2693715,0.29936606
0.7685546875,0.583841,0.583841,0.583841,0.583841,0.583841,0.583841,0.583841,0.583841,0.583841,0.583841,0.583841,0.583841,0.583841,0.57173914,0.52230525,0.57633936,-0.196038,-0.196038,-0.196038,-0.196038,-0.196038,-0.196038,-0.196038,-0.196038,-0.196038,-0.196038,-0.196038,-0.196038,-0.196038,-0.30783173,-0.32233456,-0.21559152,0.309714,0.30971399999999993,0.30971399999999993,0.30971399999999993,0.30971399999999993,0.30971399999999993,0.30971399999999993,0.30971399999999993,0.30971399999999993,0.30971399999999993,0.30971399999999993,0.30971399999999993,0.30971399999999993,0.289502,0.26553676,0.29555398
0.7705078125,0.583841,0.583841,0.583841,0.583841,0.583841,0.583841,0.583841,0.583841,0.583841,0.583841,0.583841,0.583841,0.583841,0.5689404,0.51978886,0.57059205,-0.196038,-0.196038,-0.196038,-0.196038,-0.196038,-0.196038,-0.196038,-0.196038,-0.196038,-0.196038,-0.196038,-0.196038,-0.196038,-0.31844482,-0.3300741,-0.22035494,0.309714,0.30971399999999993,0.30971399999999993,0.30971399999999993,0.30971399999999993,0.30971399999999993,0.30971399999999993,0.30971399999999993,0.30971399999999993,0.30971399999999993,0.30971399999999993,0.30971399999999993,0.30971399999999993,0.28253695,0.2622262,0.2925921
0.7724609375,0.583841,0.583841,0.583841,0.583841,0.583841,0.583841,0.583841,0.583841,0.583841,0.583841,0.583841,0.583841,0.583841,0.56219584,0.5175929,0.5696032,-0.196038,-0.196038,-0.196038,-0.196038,-0.196038,-0.196038,-0.196038,-0.196038,-0.196038,-0.196038,-0.196038,-0.196038,-0.196038,-0.32554445,-0.33574948,-0.22323838,0.309714,0.30971399999999993,0.30971399999999993,0.30971399999999993,0.30971399999999993,0.30971399999999993,0.30971399999999993,0.30971399999999993,0.30971399999999993,0.30971399999999993,0.30971399999999993,0.30971399999999993,0.30971399999999993,0.27646855,0.25935772,0.2903712
0.7744140625,0.583841,0.583841,0.583841,0.583841,0.583841,0.583841,0.583841,0.583841,0.583841,0.583841,0.583841,0.583841,0.583841,0.5560879,0.51563454,0.56862426,-0.196038,-0.196038,-0.196038,-0.196038,-0.196038,-0.196038,-0.196038,-0.196038,-0.196038,-0.196038,-0.196038,-0.196038,-0.196038,-0.32936367,-0.33953127,-0.22455874,0.309714,0.30971399999999993,0.30971399999999993,0.30971399999999993,0.30971399999999993,0.30971399999999993,0.30971399999999993,0.30971399999999993,0.30971399999999993,0.30971399999999993,0.30971399999999993,0.30971399999999993,0.30971399999999993,0.27125362,0.25686833,0.28879598
0.7763671875,0.583841,0.583841,0.583841,0.583841,0.583841,0.583841,0.583841,0.583841,0.583841,0.583841,0.583841,0.583841,0.583841,0.5506319,0.5138549,0.56755465,-0.196038,-0.196038,-0.196038,-0.196038,-0.196038,-0.196038,-0.196038,-0.196038,-0.196038,-0.196038,-0.196038,-0.196038,-0.196038,-0.33020607,-0.34159866,-0.22463897,0.309714,0.30971399999999993,0.30971399999999993,0.30971399999999993,0.30971399999999993,0.30971399999999993,0.30971399999999993,0.30971399999999993,0.30971399999999993,0.30971399999999993,0.30971399999999993,0.30971399999999993,0.30971399999999993,0.26685244,0.2547113,0.2877828
0.7783203125,0.583841,0.583841,0.583841,0.583841,0.583841,0.583841,0.583841,0.583841,0.583841,0.583841,0.583841,0.583841,0.583841,0.54585755,0.51221806,0.5663405,-0.196038,-0.196038,-0.196038,-0.196038,-0.196038,-0.196038,-0.196038,-0.196038,-0.196038,-0.196038,-0.196038,-0.196038,-0.196038,-0.32844082,-0.34213373,-0.22379956,0.309714,0.30971399999999993,0.30971399999999993,0.30971399999999993,0.30971399999999993,0.30971399999999993,0.30971399999999993,0.30971399999999993,0.30971399999999993,0.30971399999999993,0.30971399999999993,0.30971399999999993,0.30971399999999993,0.26322445,0.25285387,0.287259
0.7802734375,0.583841,0.583841,0.583841,0.583841,0.583841,0.583841,0.583841,0.583841,0.583841,0.583841,0.583841,0.583841,0.583841,0.5417941,0.5107116,0.56497365,-0.196038,-0.196038,-0.196038,-0.196038,-0.196038,-0.196038,-0.196038,-0.196038,-0.196038,-0.196038,-0.196038,-0.196038,-0.196038,-0.3244923,-0.34131226,-0.22234622,0.309714,0.30971399999999993,0.30971399999999993,0.30971399999999993,0.30971399999999993,0.30971399999999993,0.30971399999999993,0.30971399999999993,0.30971399999999993,0.30971399999999993,0.30971399999999993,0.30971399999999993,0.30971399999999993,0.26032746,0.2512753,0.28716156
0.7822265625,0.583841,0.583841,0.583841,0.583841,0.583841,0.583841,0.583841,0.583841,0.583841,0.583841,0.583841,0.583841,0.583841,0.5384584,0.50934726,0.56348795,-0.196038,-0.196038,-0.196038,-0.196038,-0.196038,-0.196038,-0.196038,-0.196038,-0.196038,-0.196038,-0.196038,-0.196038,-0.196038,-0.3188223,-0.33929524,-0.22055432,0.309714,0.30971399999999993,0.30971399999999993,0.30971399999999993,0.30971399999999993,0.30971399999999993,0.30971399999999993,0.30971399999999993,0.30971399999999993,0.30971399999999993,0.30971399999999993,0.30971399999999993,0.30971399999999993,0.2581199,0.24996541,0.28743538
0.7841796875,0.583841,0.583841,0.583841,0.583841,0.583841,0.583841,0.583841,0.583841,0.583841,0.583841,0.583841,0.583841,0.583841,0.535852,0.5081597,0.5619519,-0.196038,-0.196038,-0.196038,-0.196038,-0.196038,-0.196038,-0.196038,-0.196038,-0.196038,-0.196038,-0.196038,-0.196038,-0.196038,-0.31190696,-0.33622012,-0.21865496,0.309714,0.30971399999999993,0.30971399999999993,0.30971399999999993,0.30971399999999993,0.30971399999999993,0.30971399999999993,0.30971399999999993,0.30971399999999993,0.30971399999999993,0.30971399999999993,0.30971399999999993,0.30971399999999993,0.25656432,0.24892294,0.28803247
0.7861328125,0.583841,0.583841,0.583841,0.583841,0.583841,0.583841,0.583841,0.583841,0.583841,0.583841,0.583841,0.583841,0.583841,0.5339624,0.5072042,0.5604569,-0.196038,-0.196038,-0.196038,-0.196038,-0.196038,-0.196038,-0.196038,-0.196038,-0.196038,-0.196038,-0.196038,-0.196038,-0.196038,-0.3042082,-0.3321961,-0.21682426,0.309714,0.30971399999999993,0.30971399999999993,0.30971399999999993,0.30971399999999993,0.30971399999999993,0.30971399999999993,0.30971399999999993,0.30971399999999993,0.30971399999999993,0.30971399999999993,0.30971399999999993,0.30971399999999993,0.25563052,0.24815434,0.28890902
0.7880859375,0.583841,0.583841,0.583841,0.583841,0.583841,0.583841,0.583841,0.583841,0.583841,0.583841,0.583841,0.583841,0.583841,0.5327701,0.5065506,0.5591038,-0.196038,-0.196038,-0.196038,-0.196038,-0.196038,-0.196038,-0.196038,-0.196038,-0.196038,-0.196038,-0.196038,-0.196038,-0.196038,-0.29614475,-0.32730648,-0.21517822,0.309714,0.30971399999999993,0.30971399999999993,0.30971399999999993,0.30971399999999993,0.30971399999999993,0.30971399999999993,0.30971399999999993,0.30971399999999993,0.30971399999999993,0.30971399999999993,0.30971399999999993,0.30971399999999993,0.25529802,0.247672,0.29002377
0.7900390625,0.583841,0.583841,0.583841,0.583841,0.583841,0.583841,0.583841,0.583841,0.583841,0.583841,0.583841,0.583841,0.583841,0.5322551,0.50627595,0.5579886,-0.196038,-0.196038,-0.196038,-0.196038,-0.196038,-0.196038,-0.196038,-0.196038,-0.196038,-0.196038,-0.196038,-0.196038,-0.196038,-0.28806844,-0.32161543,-0.213774,0.309714,0.30971399999999993,0.30971399999999993,0.30971399999999993,0.30971399999999993,0.30971399999999993,0.30971399999999993,0.30971399999999993,0.30971399999999993,0.30971399999999993,0.30971399999999993,0.30971399999999993,0.30971399999999993,0.25555524,0.24749191,0.29133692
0.7919921875,0.583841,0.583841,0.583841,0.583841,0.583841,0.583841,0.583841,0.583841,0.583841,0.583841,0.583841,0.583841,0.583841,0.53240424,0.50645554,0.5571899,-0.196038,-0.196038,-0.196038,-0.196038,-0.196038,-0.196038,-0.196038,-0.196038,-0.196038,-0.196038,-0.196038,-0.196038,-0.196038,-0.2802439,-0.3151783,-0.21261445,0.309714,0.30971399999999993,0.30971399999999993,0.30971399999999993,0.30971399999999993,0.30971399999999993,0.30971399999999993,0.30971399999999993,0.30971399999999993,0.30971399999999993,0.30971399999999993,0.30971399999999993,0.30971399999999993,0.25639758,0.2476319,0.292809
0.7939453125,0.583841,0.583841,0.583841,0.583841,0.583841,0.583841,0.583841,0.583841,0.583841,0.583841,0.583841,0.583841,0.583841,0.53321135,0.5071536,0.556759,-0.196038,-0.196038,-0.196038,-0.196038,-0.196038,-0.196038,-0.196038,-0.196038,-0.196038,-0.196038,-0.196038,-0.196038,-0.196038,-0.27284315,-0.30805442,-0.21165624,0.309714,0.30971399999999993,0.30971399999999993,0.30971399999999993,0.30971399999999993,0.30971399999999993,0.30971399999999993,0.30971399999999993,0.30971399999999993,0.30971399999999993,0.30971399999999993,0.30971399999999993,0.30971399999999993,0.2578218,0.24810857,0.2944011
0.7958984375,0.583841,0.583841,0.583841,0.583841,0.583841,0.583841,0.583841,0.583841,0.583841,0.583841,0.583841,0.583841,0.583841,0.5346754,0.5084154,0.55671513,-0.196038,-0.196038,-0.196038,-0.196038,-0.196038,-0.196038,-0.196038,-0.196038,-0.196038,-0.196038,-0.196038,-0.196038,-0.196038,-0.26594523,-0.3003166,-0.21082002,0.309714,0.30971399999999993,0.30971399999999993,0.30971399999999993,0.30971399999999993,0.30971399999999993,0.30971399999999993,0.30971399999999993,0.30971399999999993,0.30971399999999993,0.30971399999999993,0.30971399999999993,0.30971399999999993,0.25982112,0.2489347,0.29607543
0.7978515625,0.583841,0.583841,0.583841,0.583841,0.583841,0.583841,0.583841,0.583841,0.583841,0.583841,0.583841,0.583841,0.583841,0.53679127,0.51026034,0.5570441,-0.196038,-0.196038,-0.196038,-0.196038,-0.196038,-0.196038,-0.196038,-0.196038,-0.196038,-0.196038,-0.196038,-0.196038,-0.196038,-0.2595484,-0.29205826,-0.21000227,0.309714,0.30971399999999993,0.30971399999999993,0.30971399999999993,0.30971399999999993,0.30971399999999993,0.30971399999999993,0.30971399999999993,0.30971399999999993,0.30971399999999993,0.30971399999999993,0.30971399999999993,0.30971399999999993,0.26237807,0.25011665,0.29779562
0.7998046875,0.583841,0.583841,0.583841,0.583841,0.583841,0.583841,0.583841,0.583841,0.583841,0.583841,0.583841,0.583841,0.583841,0.53953993,0.5126796,0.55770004,-0.196038,-0.196038,-0.196038,-0.196038,-0.196038,-0.196038,-0.196038,-0.196038,-0.196038,-0.196038,-0.196038,-0.196038,-0.196038,-0.25358745,-0.28339383,-0.20908746,0.309714,0.30971399999999993,0.30971399999999993,0.30971399999999993,0.30971399999999993,0.30971399999999993,0.30971399999999993,0.30971399999999993,0.30971399999999993,0.30971399999999993,0.30971399999999993,0.30971399999999993,0.30971399999999993,0.26545867,0.2516511,0.29952687
0.8017578125,0.583841,0.583841,0.583841,0.583841,0.583841,0.583841,0.583841,0.583841,0.583841,0.583841,0.583841,0.583841,0.583841,0.54287696,0.5156325,0.5586107,-0.196038,-0.196038,-0.196038,-0.196038,-0.196038,-0.196038,-0.196038,-0.196038,-0.196038,-0.196038,-0.196038,-0.196038,-0.196038,-0.24795648,-0.2744576,-0.20795974,0.309714,0.30971399999999993,0.30971399999999993,0.30971399999999993,0.30971399999999993,0.30971399999999993,0.30971399999999993,0.30971399999999993,0.30971399999999993,0.30971399999999993,0.30971399999999993,0.30971399999999993,0.30971399999999993,0.2690078,0.25352237,0.30123526
0.8037109375,0.583841,0.583841,0.583841,0.583841,0.583841,0.583841,0.583841,0.583841,0.583841,0.583841,0.583841,0.583841,0.583841,0.54672474,0.5190501,0.55968446,-0.196038,-0.196038,-0.196038,-0.196038,-0.196038,-0.196038,-0.196038,-0.196038,-0.196038,-0.196038,-0.196038,-0.196038,-0.196038,-0.24253038,-0.26539627,-0.20651606,0.309714,0.30971399999999993,0.30971399999999993,0.30971399999999993,0.30971399999999993,0.30971399999999993,0.30971399999999993,0.30971399999999993,0.30971399999999993,0.30971399999999993,0.30971399999999993,0.30971399999999993,0.30971399999999993,0.27294677,0.25570104,0.30288678
0.8056640625,0.583841,0.583841,0.583841,0.583841,0.583841,0.583841,0.583841,0.583841,0.583841,0.583841,0.583841,0.583841,0.583841,0.5509682,0.5228372,0.5608178,-0.196038,-0.196038,-0.196038,-0.196038,-0.196038,-0.196038,-0.196038,-0.196038,-0.196038,-0.196038,-0.196038,-0.196038,-0.196038,-0.23718569,-0.25636318,-0.20467785,0.309714,0.30971399999999993,0.30971399999999993,0.30971399999999993,0.30971399999999993,0.30971399999999993,0.30971399999999993,0.30971399999999993,0.30971399999999993,0.30971399999999993,0.30971399999999993,0.30971399999999993,0.30971399999999993,0.27717412,0.25814167,0.30444595
0.8076171875,0.583841,0.583841,0.583841,0.583841,0.583841,0.583841,0.583841,0.583841,0.583841,0.583841,0.583841,0.583841,0.583841,0.55545866,0.52687865,0.56190455,-0.196038,-0.196038,-0.196038,-0.196038,-0.196038,-0.196038,-0.196038,-0.196038,-0.196038,-0.196038,-0.196038,-0.196038,-0.196038,-0.23181763,-0.24751136,-0.20239884,0.309714,0.30971399999999993,0.30971399999999993,0.30971399999999993,0.30971399999999993,0.30971399999999993,0.30971399999999993,0.30971399999999993,0.30971399999999993,0.30971399999999993,0.30971399999999993,0.30971399999999993,0.30971399999999993,0.28157037,0.26078355,0.30587587
0.8095703125,0.583841,0.583841,0.583841,0.583841,0.583841,0.583841,0.583841,0.583841,0.583841,0.583841,0.583841,0.583841,0.583841,0.5600226,0.5310464,0.56284344,-0.196038,-0.196038,-0.196038,-0.196038,-0.196038,-0.196038,-0.196038,-0.196038,-0.196038,-0.196038,-0.196038,-0.196038,-0.196038,-0.22635207,-0.23898676,-0.19967261,0.309714,0.30971399999999993,0.30971399999999993,0.30971399999999993,0.30971399999999993,0.30971399999999993,0.30971399999999993,0.30971399999999993,0.30971399999999993,0.30971399999999993,0.30971399999999993,0.30971399999999993,0.30971399999999993,0.28600585,0.26355204,0.30713728
0.8115234375,0.583841,0.583841,0.583841,0.583841,0.583841,0.583841,0.583841,0.583841,0.583841,0.583841,0.583841,0.583841,0.583841,0.56354606,0.5352083,0.5644775,-0.196038,-0.196038,-0.196038,-0.196038,-0.196038,-0.196038,-0.196038,-0.196038,-0.196038,-0.196038,-0.196038,-0.196038,-0.196038,-0.22074965,-0.23092607,-0.196536,0.309714,0.30971399999999993,0.30971399999999993,0.30971399999999993,0.30971399999999993,0.30971399999999993,0.30971399999999993,0.30971399999999993,0.30971399999999993,0.30971399999999993,0.30971399999999993,0.30971399999999993,0.30971399999999993,0.29035145,0.26636073,0.30819052
0.8134765625,0.583841,0.583841,0.583841,0.583841,0.583841,0.583841,0.583841,0.583841,0.583841,0.583841,0.583841,0.583841,0.583841,0.56394345,0.53923535,0.5686505,-0.196038,-0.196038,-0.196038,-0.196038,-0.196038,-0.196038,-0.196038,-0.196038,-0.196038,-0.196038,-0.196038,-0.196038,-0.196038,-0.21500799,-0.22345212,-0.19306538,0.309714,0.30971399999999993,0.30971399999999993,0.30971399999999993,0.30971399999999993,0.30971399999999993,0.30971399999999993,0.30971399999999993,0.30971399999999993,0.30971399999999993,0.30971399999999993,0.30971399999999993,0.30971399999999993,0.29448947,0.26911613,0.30899742
0.8154296875,0.583841,0.583841,0.583841,0.583841,0.583841,0.583841,0.583841,0.583841,0.583841,0.583841,0.583841,0.583841,0.583841,0.5639912,0.5430104,0.57239664,-0.196038,-0.196038,-0.196038,-0.196038,-0.196038,-0.196038,-0.196038,-0.196038,-0.196038,-0.196038,-0.196038,-0.196038,-0.196038,-0.20915756,-0.21667293,-0.18937168,0.309714,0.30971399999999993,0.30971399999999993,0.30971399999999993,0.30971399999999993,0.30971399999999993,0.30971399999999993,0.30971399999999993,0.30971399999999993,0.30971399999999993,0.30971399999999993,0.30971399999999993,0.30971399999999993,0.2983238,0.2717223,0.30952442
0.8173828125,0.583841,0.583841,0.583841,0.583841,0.583841,0.583841,0.583841,0.583841,0.583841,0.583841,0.583841,0.583841,0.583841,0.56367284,0.54643494,0.5756122,-0.196038,-0.196038,-0.196038,-0.196038,-0.196038,-0.196038,-0.196038,-0.196038,-0.196038,-0.196038,-0.196038,-0.196038,-0.196038,-0.20325744,-0.2106787,-0.18558949,0.309714,0.30971399999999993,0.30971399999999993,0.30971399999999993,0.30971399999999993,0.30971399999999993,0.30971399999999993,0.30971399999999993,0.30971399999999993,0.30971399999999993,0.30971399999999993,0.30971399999999993,0.30971399999999993,0.30178612,0.27408707,0.30974612
0.8193359375,0.583841,0.583841,0.583841,0.583841,0.583841,0.583841,0.583841,0.583841,0.583841,0.583841,0.583841,0.583841,0.583841,0.5630025,0.5494342,0.57824177,-0.196038,-0.196038,-0.196038,-0.196038,-0.196038,-0.196038,-0.196038,-0.196038,-0.196038,-0.196038,-0.196038,-0.196038,-0.196038,-0.19738972,-0.20554018,-0.18186402,0.309714,0.30971399999999993,0.30971399999999993,0.30971399999999993,0.30971399999999993,0.30971399999999993,0.30971399999999993,0.30971399999999993,0.30971399999999993,0.30971399999999993,0.30971399999999993,0.30971399999999993,0.30971399999999993,0.30483794,0.27612814,0.30964863
0.8212890625,0.583841,0.583841,0.583841,0.583841,0.583841,0.583841,0.583841,0.583841,0.583841,0.583841,0.583841,0.583841,0.583841,0.56202495,0.55196136,0.58027565,-0.196038,-0.196038,-0.196038,-0.196038,-0.196038,-0.196038,-0.196038,-0.196038,-0.196038,-0.196038,-0.196038,-0.196038,-0.196038,-0.19165635,-0.20130357,-0.17833677,0.309714,0.30971399999999993,0.30971399999999993,0.30971399999999993,0.30971399999999993,0.30971399999999993,0.30971399999999993,0.30971399999999993,0.30971399999999993,0.30971399999999993,0.30971399999999993,0.30971399999999993,0.30971399999999993,0.30746776,0.2777783,0.3092325
0.8232421875,0.583841,0.583841,0.583841,0.583841,0.583841,0.583841,0.583841,0.583841,0.583841,0.583841,0.583841,0.583841,0.583841,0.56081504,0.55399823,0.58173966,-0.196038,-0.196038,-0.196038,-0.196038,-0.196038,-0.196038,-0.196038,-0.196038,-0.196038,-0.196038,-0.196038,-0.196038,-0.196038,-0.18617478,-0.19798857,-0.17513165,0.309714,0.30971399999999993,0.30971399999999993,0.30971399999999993,0.30971399999999993,0.30971399999999993,0.30971399999999993,0.30971399999999993,0.30971399999999993,0.30971399999999993,0.30971399999999993,0.30971399999999993,0.30971399999999993,0.3085124,0.27899066,0.30968535
0.8251953125,0.583841,0.583841,0.583841,0.583841,0.583841,0.583841,0.583841,0.583841,0.583841,0.583841,0.583841,0.583841,0.583841,0.55947405,0.55555415,0.58268094,-0.196038,-0.196038,-0.196038,-0.196038,-0.196038,-0.196038,-0.196038,-0.196038,-0.196038,-0.196038,-0.196038,-0.196038,-0.196038,-0.1810736,-0.19558406,-0.17234543,0.309714,0.30971399999999993,0.30971399999999993,0.30971399999999993,0.30971399999999993,0.30971399999999993,0.30971399999999993,0.30971399999999993,0.30971399999999993,0.30971399999999993,0.30971399999999993,0.30971399999999993,0.30971399999999993,0.3075193,0.27974176,0.31151378
0.8271484375,0.583841,0.583841,0.583841,0.583841,0.583841,0.583841,0.583841,0.583841,0.583841,0.583841,0.583841,0.583841,0.583841,0.55812603,0.55666417,0.5831538,-0.196038,-0.196038,-0.196038,-0.196038,-0.196038,-0.196038,-0.196038,-0.196038,-0.196038,-0.196038,-0.196038,-0.196038,-0.196038,-0.17649007,-0.19404659,-0.17003793,0.309714,0.30971399999999993,0.30971399999999993,0.30971399999999993,0.30971399999999993,0.30971399999999993,0.30971399999999993,0.30971399999999993,0.30971399999999993,0.30971399999999993,0.30971399999999993,0.30971399999999993,0.30971399999999993,0.3062967,0.2800329,0.312982
0.8291015625,0.583841,0.583841,0.583841,0.583841,0.583841,0.583841,0.583841,0.583841,0.583841,0.583841,0.583841,0.583841,0.583841,0.5573822,0.5569104,0.58320904,-0.196038,-0.196038,-0.196038,-0.196038,-0.196038,-0.196038,-0.196038,-0.196038,-0.196038,-0.196038,-0.196038,-0.196038,-0.196038,-0.17256048,-0.19330105,-0.16823041,0.309714,0.30971399999999993,0.30971399999999993,0.30971399999999993,0.30971399999999993,0.30971399999999993,0.30971399999999993,0.30971399999999993,0.30971399999999993,0.30971399999999993,0.30971399999999993,0.30971399999999993,0.30971399999999993,0.30489826,0.27989003,0.31411958
0.8310546875,0.583841,0.583841,0.583841,0.583841,0.583841,0.583841,0.583841,0.583841,0.583841,0.583841,0.583841,0.583841,0.583841,0.5577758,0.5559738,0.5828896,-0.196038,-0.196038,-0.196038,-0.196038,-0.196038,-0.196038,-0.196038,-0.196038,-0.196038,-0.196038,-0.196038,-0.196038,-0.196038,-0.16941184,-0.1932438,-0.16690513,0.309714,0.30971399999999993,0.30971399999999993,0.30971399999999993,0.30971399999999993,0.30971399999999993,0.30971399999999993,0.30971399999999993,0.30971399999999993,0.30971399999999993,0.30971399999999993,0.30971399999999993,0.30971399999999993,0.30338478,0.27936035,0.31495383
0.8330078125,0.583841,0.583841,0.583841,0.583841,0.583841,0.583841,0.583841,0.583841,0.583841,0.583841,0.583841,0.583841,0.583841,0.5579193,0.55546004,0.58223367,-0.196038,-0.196038,-0.196038,-0.196038,-0.196038,-0.196038,-0.196038,-0.196038,-0.196038,-0.196038,-0.196038,-0.196038,-0.196038,-0.16714945,-0.19374806,-0.16601011,0.309714,0.30971399999999993,0.30971399999999993,0.30971399999999993,0.30971399999999993,0.30971399999999993,0.30971399999999993,0.30971399999999993,0.30971399999999993,0.30971399999999993,0.30971399999999993,0.30971399999999993,0.30971399999999993,0.30181962,0.27850893,0.31550992
0.8349609375,0.583841,0.583841,0.583841,0.583841,0.583841,0.583841,0.583841,0.583841,0.583841,0.583841,0.583841,0.583841,0.583841,0.5578866,0.55549973,0.58127916,-0.196038,-0.196038,-0.196038,-0.196038,-0.196038,-0.196038,-0.196038,-0.196038,-0.196038,-0.196038,-0.196038,-0.196038,-0.196038,-0.16584387,-0.19467193,-0.16546413,0.309714,0.30971399999999993,0.30971399999999993,0.30971399999999993,0.30971399999999993,0.30971399999999993,0.30971399999999993,0.30971399999999993,0.30971399999999993,0.30971399999999993,0.30971399999999993,0.30971399999999993,0.30971399999999993,0.30026683,0.27741235,0.31581202
0.8369140625,0.583841,0.583841,0.583841,0.583841,0.583841,0.583841,0.583841,0.583841,0.583841,0.583841,0.583841,0.583841,0.583841,0.55774605,0.5562014,0.58007395,-0.196038,-0.196038,-0.196038,-0.196038,-0.196038,-0.196038,-0.196038,-0.196038,-0.196038,-0.196038,-0.196038,-0.196038,-0.196038,-0.16551918,-0.19586712,-0.16516376,0.309714,0.30971399999999993,0.30971399999999993,0.30971399999999993,0.30971399999999993,0.30971399999999993,0.30971399999999993,0.30971399999999993,0.30971399999999993,0.30971399999999993,0.30971399999999993,0.30971399999999993,0.30971399999999993,0.2987879,0.27615345,0.31588602
0.8388671875,0.583841,0.583841,0.583841,0.583841,0.583841,0.583841,0.583841,0.583841,0.583841,0.583841,0.583841,0.583841,0.583841,0.5576419,0.55755526,0.5786805,-0.196038,-0.196038,-0.196038,-0.196038,-0.196038,-0.196038,-0.196038,-0.196038,-0.196038,-0.196038,-0.196038,-0.196038,-0.196038,-0.16614363,-0.19718832,-0.16499412,0.309714,0.30971399999999993,0.30971399999999993,0.30971399999999993,0.30971399999999993,0.30971399999999993,0.30971399999999993,0.30971399999999993,0.30971399999999993,0.30971399999999993,0.30971399999999993,0.30971399999999993,0.30971399999999993,0.29743835,0.27481413,0.315761
0.8408203125,0.583841,0.583841,0.583841,0.583841,0.583841,0.583841,0.583841,0.583841,0.583841,0.583841,0.583841,0.583841,0.583841,0.5598627,0.5573602,0.5771791,-0.196038,-0.196038,-0.196038,-0.196038,-0.196038,-0.196038,-0.196038,-0.196038,-0.196038,-0.196038,-0.196038,-0.196038,-0.196038,-0.16762677,-0.19850081,-0.16483417,0.309714,0.30971399999999993,0.30971399999999993,0.30971399999999993,0.30971399999999993,0.30971399999999993,0.30971399999999993,0.30971399999999993,0.30971399999999993,0.30971399999999993,0.30971399999999993,0.30971399999999993,0.30971399999999993,0.29626778,0.27347052,0.31547037
0.8427734375,0.583841,0.583841,0.583841,0.583841,0.583841,0.583841,0.583841,0.583841,0.583841,0.583841,0.583841,0.583841,0.583841,0.5628653,0.5571917,0.575664,-0.196038,-0.196038,-0.196038,-0.196038,-0.196038,-0.196038,-0.196038,-0.196038,-0.196038,-0.196038,-0.196038,-0.196038,-0.196038,-0.16982129,-0.19968799,-0.16456726,0.309714,0.30971399999999993,0.30971399999999993,0.30971399999999993,0.30971399999999993,0.30971399999999993,0.30971399999999993,0.30971399999999993,0.30971399999999993,0.30971399999999993,0.30971399999999993,0.30971399999999993,0.30971399999999993,0.29531628,0.27218863,0.3150514
0.8447265625,0.583841,0.583841,0.583841,0.583841,0.583841,0.583841,0.583841,0.583841,0.583841,0.583841,0.583841,0.583841,0.583841,0.56661063,0.5570677,0.5742373,-0.196038,-0.196038,-0.196038,-0.196038,-0.196038,-0.196038,-0.196038,-0.196038,-0.196038,-0.196038,-0.196038,-0.196038,-0.196038,-0.17253166,-0.20065549,-0.1640918,0.309714,0.30971399999999993,0.30971399999999993,0.30971399999999993,0.30971399999999993,0.30971399999999993,0.30971399999999993,0.30971399999999993,0.30971399999999993,0.30971399999999993,0.30971399999999993,0.30971399999999993,0.30971399999999993,0.2946134,0.2710209,0.3145443
0.8466796875,0.583841,0.583841,0.583841,0.583841,0.583841,0.583841,0.583841,0.583841,0.583841,0.583841,0.583841,0.583841,0.583841,0.5710212,0.5569933,0.57299995,-0.196038,-0.196038,-0.196038,-0.196038,-0.196038,-0.196038,-0.196038,-0.196038,-0.196038,-0.196038,-0.196038,-0.196038,-0.196038,-0.17552784,-0.20133448,-0.16332856,0.309714,0.30971399999999993,0.30971399999999993,0.30971399999999993,0.30971399999999993,0.30971399999999993,0.30971399999999993,0.30971399999999993,0.30971399999999993,0.30971399999999993,0.30971399999999993,0.30971399999999993,0.30971399999999993,0.2941762,0.270005,0.31399152
0.8486328125,0.583841,0.583841,0.583841,0.583841,0.583841,0.583841,0.583841,0.583841,0.583841,0.583841,0.583841,0.583841,0.583841,0.57204175,0.5569637,0.5759835,-0.196038,-0.196038,-0.196038,-0.196038,-0.196038,-0.196038,-0.196038,-0.196038,-0.196038,-0.196038,-0.196038,-0.196038,-0.196038,-0.17856374,-0.20168167,-0.16223067,0.309714,0.30971399999999993,0.30971399999999993,0.30971399999999993,0.30971399999999993,0.30971399999999993,0.30971399999999993,0.30971399999999993,0.30971399999999993,0.30971399999999993,0.30971399999999993,0.30971399999999993,0.30971399999999993,0.29401058,0.26916352,0.31343722
0.8505859375,0.583841,0.583841,0.583841,0.583841,0.583841,0.583841,0.583841,0.583841,0.583841,0.583841,0.583841,0.583841,0.583841,0.5714358,0.55696654,0.58135575,-0.196038,-0.196038,-0.196038,-0.196038,-0.196038,-0.196038,-0.196038,-0.196038,-0.196038,-0.196038,-0.196038,-0.196038,-0.196038,-0.18139449,-0.20167917,-0.16078955,0.309714,0.30971399999999993,0.30971399999999993,0.30971399999999993,0.30971399999999993,0.30971399999999993,0.30971399999999993,0.30971399999999993,0.30971399999999993,0.30971399999999993,0.30971399999999993,0.30971399999999993,0.30971399999999993,0.29410893,0.26850602,0.31292775
0.8525390625,0.583841,0.583841,0.583841,0.583841,0.583841,0.583841,0.583841,0.583841,0.583841,0.583841,0.583841,0.583841,0.583841,0.5712336,0.55698574,0.5869705,-0.196038,-0.196038,-0.196038,-0.196038,-0.196038,-0.196038,-0.196038,-0.196038,-0.196038,-0.196038,-0.196038,-0.196038,-0.196038,-0.18379384,-0.20132989,-0.15903604,0.309714,0.30971399999999993,0.30971399999999993,0.30971399999999993,0.30971399999999993,0.30971399999999993,0.30971399999999993,0.30971399999999993,0.30971399999999993,0.30971399999999993,0.30971399999999993,0.30971399999999993,0.30971399999999993,0.2944541,0.2680299,0.3125118
0.8544921875,0.583841,0.583841,0.583841,0.583841,0.583841,0.583841,0.583841,0.583841,0.583841,0.583841,0.583841,0.583841,0.583841,0.5714652,0.55700475,0.59264684,-0.196038,-0.196038,-0.196038,-0.196038,-0.196038,-0.196038,-0.196038,-0.196038,-0.196038,-0.196038,-0.196038,-0.196038,-0.196038,-0.1855681,-0.20065498,-0.15704075,0.309714,0.30971399999999993,0.30971399999999993,0.30971399999999993,0.30971399999999993,0.30971399999999993,0.30971399999999993,0.30971399999999993,0.30971399999999993,0.30971399999999993,0.30971399999999993,0.30971399999999993,0.30971399999999993,0.2950206,0.2677236,0.3122405
0.8564453125,0.583841,0.583841,0.583841,0.583841,0.583841,0.583841,0.583841,0.583841,0.583841,0.583841,0.583841,0.583841,0.583841,0.57214004,0.5570107,0.59819806,-0.196038,-0.196038,-0.196038,-0.196038,-0.196038,-0.196038,-0.196038,-0.196038,-0.196038,-0.196038,-0.196038,-0.196038,-0.196038,-0.18656594,-0.19968817,-0.1549069,0.309714,0.30971399999999993,0.30971399999999993,0.30971399999999993,0.30971399999999993,0.30971399999999993,0.30971399999999993,0.30971399999999993,0.30971399999999993,0.30971399999999993,0.30971399999999993,0.30971399999999993,0.30971399999999993,0.29577705,0.26756832,0.31216586
0.8583984375,0.583841,0.583841,0.583841,0.583841,0.583841,0.583841,0.583841,0.583841,0.583841,0.583841,0.583841,0.583841,0.583841,0.57324946,0.5569969,0.60344344,-0.196038,-0.196038,-0.196038,-0.196038,-0.196038,-0.196038,-0.196038,-0.196038,-0.196038,-0.196038,-0.196038,-0.196038,-0.196038,-0.1866838,-0.19847056,-0.15276149,0.309714,0.30971399999999993,0.30971399999999993,0.30971399999999993,0.30971399999999993,0.30971399999999993,0.30971399999999993,0.30971399999999993,0.30971399999999993,0.30971399999999993,0.30971399999999993,0.30971399999999993,0.30971399999999993,0.2966895,0.26754022,0.31233805
0.8603515625,0.583841,0.583841,0.583841,0.583841,0.583841,0.583841,0.583841,0.583841,0.583841,0.583841,0.583841,0.583841,0.583841,0.5747689,0.5569653,0.6082201,-0.196038,-0.196038,-0.196038,-0.196038,-0.196038,-0.196038,-0.196038,-0.196038,-0.196038,-0.196038,-0.196038,-0.196038,-0.196038,-0.18586746,-0.19704583,-0.15074226,0.309714,0.30971399999999993,0.30971399999999993,0.30971399999999993,0.30971399999999993,0.30971399999999993,0.30971399999999993,0.30971399999999993,0.30971399999999993,0.30971399999999993,0.30971399999999993,0.30971399999999993,0.30971399999999993,0.297722,0.2676117,0.312801
0.8623046875,0.583841,0.583841,0.583841,0.583841,0.583841,0.583841,0.583841,0.583841,0.583841,0.583841,0.583841,0.583841,0.583841,0.57665855,0.5569273,0.61239356,-0.196038,-0.196038,-0.196038,-0.196038,-0.196038,-0.196038,-0.196038,-0.196038,-0.196038,-0.196038,-0.196038,-0.196038,-0.196038,-0.18411168,-0.19545561,-0.14898518,0.309714,0.30971399999999993,0.30971399999999993,0.30971399999999993,0.30971399999999993,0.30971399999999993,0.30971399999999993,0.30971399999999993,0.30971399999999993,0.30971399999999993,0.30971399999999993,0.30971399999999993,0.30971399999999993,0.2988396,0.26775208,0.31358674
0.8642578125,0.583841,0.583841,0.583841,0.583841,0.583841,0.583841,0.583841,0.583841,0.583841,0.583841,0.583841,0.583841,0.583841,0.5788644,0.5569045,0.615867,-0.196038,-0.196038,-0.196038,-0.196038,-0.196038,-0.196038,-0.196038,-0.196038,-0.196038,-0.196038,-0.196038,-0.196038,-0.196038,-0.18145809,-0.19373527,-0.14760792,0.309714,0.30971399999999993,0.30971399999999993,0.30971399999999993,0.30971399999999993,0.30971399999999993,0.30971399999999993,0.30971399999999993,0.30971399999999993,0.30971399999999993,0.30971399999999993,0.30971399999999993,0.30971399999999993,0.30000705,0.26792926,0.3147106
0.8662109375,0.583841,0.583841,0.583841,0.583841,0.583841,0.583841,0.583841,0.583841,0.583841,0.583841,0.583841,0.583841,0.583841,0.5813178,0.5569254,0.6185871,-0.196038,-0.196038,-0.196038,-0.196038,-0.196038,-0.196038,-0.196038,-0.196038,-0.196038,-0.196038,-0.196038,-0.196038,-0.196038,-0.17799217,-0.19191277,-0.14669785,0.309714,0.30971399999999993,0.30971399999999993,0.30971399999999993,0.30971399999999993,0.30971399999999993,0.30971399999999993,0.30971399999999993,0.30971399999999993,0.30971399999999993,0.30971399999999993,0.30971399999999993,0.30971399999999993,0.30118975,0.26811004,0.31616694
0.8681640625,0.583841,0.583841,0.583841,0.583841,0.583841,0.583841,0.583841,0.583841,0.583841,0.583841,0.583841,0.583841,0.583841,0.58393425,0.55702424,0.62054724,-0.196038,-0.196038,-0.196038,-0.196038,-0.196038,-0.196038,-0.196038,-0.196038,-0.196038,-0.196038,-0.196038,-0.196038,-0.196038,-0.17384028,-0.190007,-0.14630055,0.309714,0.30971399999999993,0.30971399999999993,0.30971399999999993,0.30971399999999993,0.30971399999999993,0.30971399999999993,0.30971399999999993,0.30971399999999993,0.30971399999999993,0.30971399999999993,0.30971399999999993,0.30971399999999993,0.30235273,0.26826233,0.31792715
0.8701171875,0.583841,0.583841,0.583841,0.583841,0.583841,0.583841,0.583841,0.583841,0.583841,0.583841,0.583841,0.583841,0.583841,0.5866152,0.55723584,0.6217845,-0.196038,-0.196038,-0.196038,-0.196038,-0.196038,-0.196038,-0.196038,-0.196038,-0.196038,-0.196038,-0.196038,-0.196038,-0.196038,-0.16916493,-0.18802956,-0.1464169,0.309714,0.30971399999999993,0.30971399999999993,0.30971399999999993,0.30971399999999993,0.30971399999999993,0.30971399999999993,0.30971399999999993,0.30971399999999993,0.30971399999999993,0.30971399999999993,0.30971399999999993,0.30971399999999993,0.30346105,0.26835728,0.31994155
0.8720703125,0.583841,0.583841,0.583841,0.583841,0.583841,0.583841,0.583841,0.583841,0.583841,0.583841,0.583841,0.583841,0.583841,0.58924913,0.55759215,0.62237513,-0.196038,-0.196038,-0.196038,-0.196038,-0.196038,-0.196038,-0.196038,-0.196038,-0.196038,-0.196038,-0.196038,-0.196038,-0.196038,-0.1641579,-0.18598753,-0.1470013,0.309714,0.30971399999999993,0.30971399999999993,0.30971399999999993,0.30971399999999993,0.30971399999999993,0.30971399999999993,0.30971399999999993,0.30971399999999993,0.30971399999999993,0.30971399999999993,0.30971399999999993,0.30971399999999993,0.30447802,0.2683709,0.32214203
0.8740234375,0.583841,0.583841,0.583841,0.583841,0.583841,0.583841,0.583841,0.583841,0.583841,0.583841,0.583841,0.583841,0.583841,0.5917148,0.5581175,0.6224248,-0.196038,-0.196038,-0.196038,-0.196038,-0.196038,-0.196038,-0.196038,-0.196038,-0.196038,-0.196038,-0.196038,-0.196038,-0.196038,-0.15903178,-0.18388772,-0.14796945,0.309714,0.30971399999999993,0.30971399999999993,0.30971399999999993,0.30971399999999993,0.30971399999999993,0.30971399999999993,0.30971399999999993,0.30971399999999993,0.30971399999999993,0.30971399999999993,0.30971399999999993,0.30971399999999993,0.305366,0.2682871,0.32444802
0.8759765625,0.583841,0.583841,0.583841,0.583841,0.583841,0.583841,0.583841,0.583841,0.583841,0.583841,0.583841,0.583841,0.583841,0.5938881,0.55882496,0.6220584,-0.196038,-0.196038,-0.196038,-0.196038,-0.196038,-0.196038,-0.196038,-0.196038,-0.196038,-0.196038,-0.196038,-0.196038,-0.196038,-0.15400746,-0.1817413,-0.14920866,0.309714,0.30971399999999993,0.30971399999999993,0.30971399999999993,0.30971399999999993,0.30971399999999993,0.30971399999999993,0.30971399999999993,0.30971399999999993,0.30971399999999993,0.30971399999999993,0.30971399999999993,0.30971399999999993,0.3060867,0.26809853,0.3267729
0.8779296875,0.583841,0.583841,0.583841,0.583841,0.583841,0.583841,0.583841,0.583841,0.583841,0.583841,0.583841,0.583841,0.583841,0.59564847,0.5597121,0.62140626,-0.196038,-0.196038,-0.196038,-0.196038,-0.196038,-0.196038,-0.196038,-0.196038,-0.196038,-0.196038,-0.196038,-0.196038,-0.196038,-0.15059128,-0.17956793,-0.14930046,0.309714,0.30971399999999993,0.30971399999999993,0.30971399999999993,0.30971399999999993,0.30971399999999993,0.30971399999999993,0.30971399999999993,0.30971399999999993,0.30971399999999993,0.30971399999999993,0.30971399999999993,0.30971399999999993,0.30660194,0.26780745,0.32902953
0.8798828125,0.583841,0.583841,0.583841,0.583841,0.583841,0.583841,0.583841,0.583841,0.583841,0.583841,0.583841,0.583841,0.583841,0.5968873,0.5607607,0.62059414,-0.196038,-0.196038,-0.196038,-0.196038,-0.196038,-0.196038,-0.196038,-0.196038,-0.196038,-0.196038,-0.196038,-0.196038,-0.196038,-0.15198761,-0.17739806,-0.14510474,0.309714,0.30971399999999993,0.30971399999999993,0.30971399999999993,0.30971399999999993,0.30971399999999993,0.30971399999999993,0.30971399999999993,0.30971399999999993,0.30971399999999993,0.30971399999999993,0.30971399999999993,0.30971399999999993,0.30687764,0.26742497,0.33113518
0.8818359375,0.583841,0.583841,0.583841,0.583841,0.583841,0.583841,0.583841,0.583841,0.583841,0.583841,0.583841,0.583841,0.583841,0.5975159,0.5619348,0.6197319,-0.196038,-0.196038,-0.196038,-0.196038,-0.196038,-0.196038,-0.196038,-0.196038,-0.196038,-0.196038,-0.196038,-0.196038,-0.196038,-0.15327907,-0.17527452,-0.14157966,0.309714,0.30971399999999993,0.30971399999999993,0.30971399999999993,0.30971399999999993,0.30971399999999993,0.30971399999999993,0.30971399999999993,0.30971399999999993,0.30971399999999993,0.30971399999999993,0.30971399999999993,0.30971399999999993,0.3068847,0.26696926,0.3330142
0.8837890625,0.583841,0.583841,0.583841,0.583841,0.583841,0.583841,0.583841,0.583841,0.583841,0.583841,0.583841,0.583841,0.583841,0.5974714,0.5631825,0.6189071,-0.196038,-0.196038,-0.196038,-0.196038,-0.196038,-0.196038,-0.196038,-0.196038,-0.196038,-0.196038,-0.196038,-0.196038,-0.196038,-0.15436694,-0.17324969,-0.13883767,0.309714,0.30971399999999993,0.30971399999999993,0.30971399999999993,0.30971399999999993,0.30971399999999993,0.30971399999999993,0.30971399999999993,0.30971399999999993,0.30971399999999993,0.30971399999999993,0.30971399999999993,0.30971399999999993,0.30660397,0.26646206,0.3345994
0.8857421875,0.583841,0.583841,0.583841,0.583841,0.583841,0.583841,0.583841,0.583841,0.583841,0.583841,0.583841,0.583841,0.583841,0.59672064,0.5644361,0.6181801,-0.196038,-0.196038,-0.196038,-0.196038,-0.196038,-0.196038,-0.196038,-0.196038,-0.196038,-0.196038,-0.196038,-0.196038,-0.196038,-0.15517992,-0.17138514,-0.13693753,0.309714,0.30971399999999993,0.30971399999999993,0.30971399999999993,0.30971399999999993,0.30971399999999993,0.30971399999999993,0.30971399999999993,0.30971399999999993,0.30971399999999993,0.30971399999999993,0.30971399999999993,0.30971399999999993,0.30602786,0.26592496,0.33583286
0.8876953125,0.583841,0.583841,0.583841,0.583841,0.583841,0.583841,0.583841,0.583841,0.583841,0.583841,0.583841,0.583841,0.583841,0.59526104,0.56561846,0.6175836,-0.196038,-0.196038,-0.196038,-0.196038,-0.196038,-0.196038,-0.196038,-0.196038,-0.196038,-0.196038,-0.196038,-0.196038,-0.196038,-0.15567714,-0.16974398,-0.1358822,0.309714,0.30971399999999993,0.30971399999999993,0.30971399999999993,0.30971399999999993,0.30971399999999993,0.30971399999999993,0.30971399999999993,0.30971399999999993,0.30971399999999993,0.30971399999999993,0.30971399999999993,0.30971399999999993,0.30516258,0.26537555,0.33666676
0.8896484375,0.583841,0.583841,0.583841,0.583841,0.583841,0.583841,0.583841,0.583841,0.583841,0.583841,0.583841,0.583841,0.583841,0.5931204,0.5666464,0.6171249,-0.196038,-0.196038,-0.196038,-0.196038,-0.196038,-0.196038,-0.196038,-0.196038,-0.196038,-0.196038,-0.196038,-0.196038,-0.196038,-0.15584874,-0.16838795,-0.13562256,0.309714,0.30971399999999993,0.30971399999999993,0.30971399999999993,0.30971399999999993,0.30971399999999993,0.30971399999999993,0.30971399999999993,0.30971399999999993,0.30971399999999993,0.30971399999999993,0.30971399999999993,0.30971399999999993,0.30402803,0.2648253,0.33706477
0.8916015625,0.583841,0.583841,0.583841,0.583841,0.583841,0.583841,0.583841,0.583841,0.583841,0.583841,0.583841,0.583841,0.583841,0.5903537,0.56743824,0.61678773,-0.196038,-0.196038,-0.196038,-0.196038,-0.196038,-0.196038,-0.196038,-0.196038,-0.196038,-0.196038,-0.196038,-0.196038,-0.196038,-0.1557168,-0.1673716,-0.13606486,0.309714,0.30971399999999993,0.30971399999999993,0.30971399999999993,0.30971399999999993,0.30971399999999993,0.30971399999999993,0.30971399999999993,0.30971399999999993,0.30971399999999993,0.30971399999999993,0.30971399999999993,0.30971399999999993,0.30265585,0.26427767,0.33700567
0.8935546875,0.583841,0.583841,0.583841,0.583841,0.583841,0.583841,0.583841,0.583841,0.583841,0.583841,0.583841,0.583841,0.583841,0.5870416,0.56792057,0.61653864,-0.196038,-0.196038,-0.196038,-0.196038,-0.196038,-0.196038,-0.196038,-0.196038,-0.196038,-0.196038,-0.196038,-0.196038,-0.196038,-0.15533164,-0.1667383,-0.13708305,0.309714,0.30971399999999993,0.30971399999999993,0.30971399999999993,0.30971399999999993,0.30971399999999993,0.30971399999999993,0.30971399999999993,0.30971399999999993,0.30971399999999993,0.30971399999999993,0.30971399999999993,0.30971399999999993,0.3010875,0.26372832,0.33648732
0.8955078125,0.583841,0.583841,0.583841,0.583841,0.583841,0.583841,0.583841,0.583841,0.583841,0.583841,0.583841,0.583841,0.583841,0.5832877,0.56803614,0.61633134,-0.196038,-0.196038,-0.196038,-0.196038,-0.196038,-0.196038,-0.196038,-0.196038,-0.196038,-0.196038,-0.196038,-0.196038,-0.196038,-0.15477055,-0.16651809,-0.13853246,0.309714,0.30971399999999993,0.30971399999999993,0.30971399999999993,0.30971399999999993,0.30971399999999993,0.30971399999999993,0.30971399999999993,0.30971399999999993,0.30971399999999993,0.30971399999999993,0.30971399999999993,0.30971399999999993,0.2993699,0.2631676,0.3355324
0.8974609375,0.583841,0.583841,0.583841,0.583841,0.583841,0.583841,0.583841,0.583841,0.583841,0.583841,0.583841,0.583841,0.583841,0.5792167,0.56774914,0.61611325,-0.196038,-0.196038,-0.196038,-0.196038,-0.196038,-0.196038,-0.196038,-0.196038,-0.196038,-0.196038,-0.196038,-0.196038,-0.196038,-0.15413287,-0.16672668,-0.14026296,0.309714,0.30971399999999993,0.30971399999999993,0.30971399999999993,0.30971399999999993,0.30971399999999993,0.30971399999999993,0.30971399999999993,0.30971399999999993,0.30971399999999993,0.30971399999999993,0.30971399999999993,0.30971399999999993,0.29755363,0.26258367,0.3341914
0.8994140625,0.583841,0.583841,0.583841,0.583841,0.583841,0.583841,0.583841,0.583841,0.583841,0.583841,0.583841,0.583841,0.583841,0.57497203,0.56705004,0.6158289,-0.196038,-0.196038,-0.196038,-0.196038,-0.196038,-0.196038,-0.196038,-0.196038,-0.196038,-0.196038,-0.196038,-0.196038,-0.196038,-0.15353462,-0.1673666,-0.14213187,0.309714,0.30971399999999993,0.30971399999999993,0.30971399999999993,0.30971399999999993,0.30971399999999993,0.30971399999999993,0.30971399999999993,0.30971399999999993,0.30971399999999993,0.30971399999999993,0.30971399999999993,0.30971399999999993,0.2956886,0.26196712,0.33254534
0.9013671875,0.583841,0.583841,0.583841,0.583841,0.583841,0.583841,0.583841,0.583841,0.583841,0.583841,0.583841,0.583841,0.583841,0.5707116,0.565957,0.61542726,-0.196038,-0.196038,-0.196038,-0.196038,-0.196038,-0.196038,-0.196038,-0.196038,-0.196038,-0.196038,-0.196038,-0.196038,-0.196038,-0.15310171,-0.1684277,-0.14401224,0.309714,0.30971399999999993,0.30971399999999993,0.30971399999999993,0.30971399999999993,0.30971399999999993,0.30971399999999993,0.30971399999999993,0.30971399999999993,0.30971399999999993,0.30971399999999993,0.30971399999999993,0.30971399999999993,0.2938253,0.2613161,0.33070257
0.9033203125,0.583841,0.583841,0.583841,0.583841,0.583841,0.583841,0.583841,0.583841,0.583841,0.583841,0.583841,0.583841,0.583841,0.5666017,0.564514,0.6148683,-0.196038,-0.196038,-0.196038,-0.196038,-0.196038,-0.196038,-0.196038,-0.196038,-0.196038,-0.196038,-0.196038,-0.196038,-0.196038,-0.15296012,-0.16988897,-0.14579871,0.309714,0.30971399999999993,0.30971399999999993,0.30971399999999993,0.30971399999999993,0.30971399999999993,0.30971399999999993,0.30971399999999993,0.30971399999999993,0.30971399999999993,0.30971399999999993,0.30971399999999993,0.30971399999999993,0.29201293,0.26063934,0.328792
0.9052734375,0.583841,0.583841,0.583841,0.583841,0.583841,0.583841,0.583841,0.583841,0.583841,0.583841,0.583841,0.583841,0.583841,0.56280816,0.5627886,0.6141271,-0.196038,-0.196038,-0.196038,-0.196038,-0.196038,-0.196038,-0.196038,-0.196038,-0.196038,-0.196038,-0.196038,-0.196038,-0.196038,-0.1532284,-0.17171738,-0.14740771,0.309714,0.30971399999999993,0.30971399999999993,0.30971399999999993,0.30971399999999993,0.30971399999999993,0.30971399999999993,0.30971399999999993,0.30971399999999993,0.30971399999999993,0.30971399999999993,0.30971399999999993,0.30971399999999993,0.2903003,0.25995836,0.32695317
0.9072265625,0.583841,0.583841,0.583841,0.583841,0.583841,0.583841,0.583841,0.583841,0.583841,0.583841,0.583841,0.583841,0.583841,0.5608654,0.55948526,0.6132003,-0.196038,-0.196038,-0.196038,-0.196038,-0.196038,-0.196038,-0.196038,-0.196038,-0.196038,-0.196038,-0.196038,-0.196038,-0.196038,-0.1540052,-0.17386723,-0.14877734,0.309714,0.30971399999999993,0.30971399999999993,0.30971399999999993,0.30971399999999993,0.30971399999999993,0.30971399999999993,0.30971399999999993,0.30971399999999993,0.30971399999999993,0.30971399999999993,0.30971399999999993,0.30971399999999993,0.2887366,0.25930706,0.32532266
0.9091796875,0.583841,0.583841,0.583841,0.583841,0.583841,0.583841,0.583841,0.583841,0.583841,0.583841,0.583841,0.583841,0.583841,0.5588408,0.55676496,0.61210907,-0.196038,-0.196038,-0.196038,-0.196038,-0.196038,-0.196038,-0.196038,-0.196038,-0.196038,-0.196038,-0.196038,-0.196038,-0.196038,-0.15536234,-0.17627802,-0.14986408,0.309714,0.30971399999999993,0.30971399999999993,0.30971399999999993,0.30971399999999993,0.30971399999999993,0.30971399999999993,0.30971399999999993,0.30971399999999993,0.30971399999999993,0.30971399999999993,0.30971399999999993,0.30971399999999993,0.28737155,0.25872833,0.32402137
0.9111328125,0.583841,0.583841,0.583841,0.583841,0.583841,0.583841,0.583841,0.583841,0.583841,0.583841,0.583841,0.583841,0.583841,0.5568164,0.5547451,0.6108988,-0.196038,-0.196038,-0.196038,-0.196038,-0.196038,-0.196038,-0.196038,-0.196038,-0.196038,-0.196038,-0.196038,-0.196038,-0.196038,-0.15733418,-0.17887282,-0.15064049,0.309714,0.30971399999999993,0.30971399999999993,0.30971399999999993,0.30971399999999993,0.30971399999999993,0.30971399999999993,0.30971399999999993,0.30971399999999993,0.30971399999999993,0.30971399999999993,0.30971399999999993,0.30971399999999993,0.2862551,0.25827006,0.32314217
0.9130859375,0.583841,0.583841,0.583841,0.583841,0.583841,0.583841,0.583841,0.583841,0.583841,0.583841,0.583841,0.583841,0.583841,0.5548928,0.55348146,0.6096363,-0.196038,-0.196038,-0.196038,-0.196038,-0.196038,-0.196038,-0.196038,-0.196038,-0.196038,-0.196038,-0.196038,-0.196038,-0.196038,-0.15991282,-0.18155909,-0.15109465,0.309714,0.30971399999999993,0.30971399999999993,0.30971399999999993,0.30971399999999993,0.30971399999999993,0.30971399999999993,0.30971399999999993,0.30971399999999993,0.30971399999999993,0.30971399999999993,0.30971399999999993,0.30971399999999993,0.2854352,0.25797978,0.32274038
0.9150390625,0.583841,0.583841,0.583841,0.583841,0.583841,0.583841,0.583841,0.583841,0.583841,0.583841,0.583841,0.583841,0.583841,0.5531657,0.55298066,0.6084042,-0.196038,-0.196038,-0.196038,-0.196038,-0.196038,-0.196038,-0.196038,-0.196038,-0.196038,-0.196038,-0.196038,-0.196038,-0.196038,-0.16304278,-0.1842311,-0.15123028,0.309714,0.30971399999999993,0.30971399999999993,0.30971399999999993,0.30971399999999993,0.30971399999999993,0.30971399999999993,0.30971399999999993,0.30971399999999993,0.30971399999999993,0.30971399999999993,0.30971399999999993,0.30971399999999993,0.28495505,0.25790057,0.32282823
0.9169921875,0.583841,0.583841,0.583841,0.583841,0.583841,0.583841,0.583841,0.583841,0.583841,0.583841,0.583841,0.583841,0.583841,0.55319816,0.55172116,0.60729384,-0.196038,-0.196038,-0.196038,-0.196038,-0.196038,-0.196038,-0.196038,-0.196038,-0.196038,-0.196038,-0.196038,-0.196038,-0.196038,-0.16661984,-0.18677539,-0.15106827,0.309714,0.30971399999999993,0.30971399999999993,0.30971399999999993,0.30971399999999993,0.30971399999999993,0.30971399999999993,0.30971399999999993,0.30971399999999993,0.30971399999999993,0.30971399999999993,0.30971399999999993,0.30971399999999993,0.2848489,0.25806785,0.32337254
0.9189453125,0.583841,0.583841,0.583841,0.583841,0.583841,0.583841,0.583841,0.583841,0.583841,0.583841,0.583841,0.583841,0.583841,0.55404073,0.550634,0.60639715,-0.196038,-0.196038,-0.196038,-0.196038,-0.196038,-0.196038,-0.196038,-0.196038,-0.196038,-0.196038,-0.196038,-0.196038,-0.196038,-0.17049721,-0.18907645,-0.1506482,0.309714,0.30971399999999993,0.30971399999999993,0.30971399999999993,0.30971399999999993,0.30971399999999993,0.30971399999999993,0.30971399999999993,0.30971399999999993,0.30971399999999993,0.30971399999999993,0.30971399999999993,0.30971399999999993,0.28513768,0.25850743,0.32429874
0.9208984375,0.583841,0.583841,0.583841,0.583841,0.583841,0.583841,0.583841,0.583841,0.583841,0.583841,0.583841,0.583841,0.583841,0.55537266,0.54996574,0.60580057,-0.196038,-0.196038,-0.196038,-0.196038,-0.196038,-0.196038,-0.196038,-0.196038,-0.196038,-0.196038,-0.196038,-0.196038,-0.196038,-0.17449084,-0.19102573,-0.15002862,0.309714,0.30971399999999993,0.30971399999999993,0.30971399999999993,0.30971399999999993,0.30971399999999993,0.30971399999999993,0.30971399999999993,0.30971399999999993,0.30971399999999993,0.30971399999999993,0.30971399999999993,0.30971399999999993,0.28582624,0.25923565,0.32549912
0.9228515625,0.583841,0.583841,0.583841,0.583841,0.583841,0.583841,0.583841,0.583841,0.583841,0.583841,0.583841,0.583841,0.583841,0.5570274,0.54976434,0.605579,-0.196038,-0.196038,-0.196038,-0.196038,-0.196038,-0.196038,-0.196038,-0.196038,-0.196038,-0.196038,-0.196038,-0.196038,-0.196038,-0.17839596,-0.19252709,-0.14928481,0.309714,0.30971399999999993,0.30971399999999993,0.30971399999999993,0.30971399999999993,0.30971399999999993,0.30971399999999993,0.30971399999999993,0.30971399999999993,0.30971399999999993,0.30971399999999993,0.30971399999999993,0.30971399999999993,0.28690144,0.26026002,0.32684672
0.9248046875,0.583841,0.583841,0.583841,0.583841,0.583841,0.583841,0.583841,0.583841,0.583841,0.583841,0.583841,0.583841,0.583841,0.558823,0.55006295,0.60579044,-0.196038,-0.196038,-0.196038,-0.196038,-0.196038,-0.196038,-0.196038,-0.196038,-0.196038,-0.196038,-0.196038,-0.196038,-0.196038,-0.18200278,-0.19350415,-0.14850596,0.309714,0.30971399999999993,0.30971399999999993,0.30971399999999993,0.30971399999999993,0.30971399999999993,0.30971399999999993,0.30971399999999993,0.30971399999999993,0.30971399999999993,0.30971399999999993,0.30971399999999993,0.30971399999999993,0.28833187,0.2615797,0.32821077
0.9267578125,0.583841,0.583841,0.583841,0.583841,0.583841,0.583841,0.583841,0.583841,0.583841,0.583841,0.583841,0.583841,0.583841,0.5605791,0.55088043,0.6064722,-0.196038,-0.196038,-0.196038,-0.196038,-0.196038,-0.196038,-0.196038,-0.196038,-0.196038,-0.196038,-0.196038,-0.196038,-0.196038,-0.18511674,-0.19390345,-0.14778838,0.309714,0.30971399999999993,0.30971399999999993,0.30971399999999993,0.30971399999999993,0.30971399999999993,0.30971399999999993,0.30971399999999993,0.30971399999999993,0.30971399999999993,0.30971399999999993,0.30971399999999993,0.30971399999999993,0.29007,0.26318702,0.32947373
0.9287109375,0.583841,0.583841,0.583841,0.583841,0.583841,0.583841,0.583841,0.583841,0.583841,0.583841,0.583841,0.583841,0.583841,0.562134,0.5522201,0.607636,-0.196038,-0.196038,-0.196038,-0.196038,-0.196038,-0.196038,-0.196038,-0.196038,-0.196038,-0.196038,-0.196038,-0.196038,-0.196038,-0.18757775,-0.19369859,-0.14722827,0.309714,0.30971399999999993,0.30971399999999993,0.30971399999999993,0.30971399999999993,0.30971399999999993,0.30971399999999993,0.30971399999999993,0.30971399999999993,0.30971399999999993,0.30971399999999993,0.30971399999999993,0.30971399999999993,0.29205498,0.26506668,0.33054325
0.9306640625,0.583841,0.583841,0.583841,0.583841,0.583841,0.583841,0.583841,0.583841,0.583841,0.583841,0.583841,0.583841,0.583841,0.5633597,0.5540684,0.60926515,-0.196038,-0.196038,-0.196038,-0.196038,-0.196038,-0.196038,-0.196038,-0.196038,-0.196038,-0.196038,-0.196038,-0.196038,-0.196038,-0.18927449,-0.19289017,-0.14691412,0.309714,0.30971399999999993,0.30971399999999993,0.30971399999999993,0.30971399999999993,0.30971399999999993,0.30971399999999993,0.30971399999999993,0.30971399999999993,0.30971399999999993,0.30971399999999993,0.30971399999999993,0.30971399999999993,0.29421592,0.26719603,0.3313589
0.9326171875,0.583841,0.583841,0.583841,0.583841,0.583841,0.583841,0.583841,0.583841,0.583841,0.583841,0.583841,0.583841,0.583841,0.5641725,0.5563931,0.6113124,-0.196038,-0.196038,-0.196038,-0.196038,-0.196038,-0.196038,-0.196038,-0.196038,-0.196038,-0.196038,-0.196038,-0.196038,-0.196038,-0.19015318,-0.19150794,-0.14691904,0.309714,0.30971399999999993,0.30971399999999993,0.30971399999999993,0.30971399999999993,0.30971399999999993,0.30971399999999993,0.30971399999999993,0.30971399999999993,0.30971399999999993,0.30971399999999993,0.30971399999999993,0.30971399999999993,0.29647523,0.26954266,0.33189225
0.9345703125,0.583841,0.583841,0.583841,0.583841,0.583841,0.583841,0.583841,0.583841,0.583841,0.583841,0.583841,0.583841,0.583841,0.564537,0.55914354,0.6136995,-0.196038,-0.196038,-0.196038,-0.196038,-0.196038,-0.196038,-0.196038,-0.196038,-0.196038,-0.196038,-0.196038,-0.196038,-0.196038,-0.18960819,-0.19021946,-0.14729467,0.309714,0.30971399999999993,0.30971399999999993,0.30971399999999993,0.30971399999999993,0.30971399999999993,0.30971399999999993,0.30971399999999993,0.30971399999999993,0.30971399999999993,0.30971399999999993,0.30971399999999993,0.30971399999999993,0.2987494,0.2720645,0.33214113
0.9365234375,0.583841,0.583841,0.583841,0.583841,0.583841,0.583841,0.583841,0.583841,0.583841,0.583841,0.583841,0.583841,0.583841,0.56446624,0.5622507,0.6163203,-0.196038,-0.196038,-0.196038,-0.196038,-0.196038,-0.196038,-0.196038,-0.196038,-0.196038,-0.196038,-0.196038,-0.196038,-0.196038,-0.18727204,-0.18953303,-0.14806566,0.309714,0.30971399999999993,0.30971399999999993,0.30971399999999993,0.30971399999999993,0.30971399999999993,0.30971399999999993,0.30971399999999993,0.30971399999999993,0.30971399999999993,0.30971399999999993,0.30971399999999993,0.30971399999999993,0.3009512,0.27470982,0.3321208
0.9384765625,0.583841,0.583841,0.583841,0.583841,0.583841,0.583841,0.583841,0.583841,0.583841,0.583841,0.583841,0.583841,0.583841,0.56563175,0.5640161,0.6190449,-0.196038,-0.196038,-0.196038,-0.196038,-0.196038,-0.196038,-0.196038,-0.196038,-0.196038,-0.196038,-0.196038,-0.196038,-0.196038,-0.18460318,-0.18819761,-0.14922684,0.309714,0.30971399999999993,0.30971399999999993,0.30971399999999993,0.30971399999999993,0.30971399999999993,0.30971399999999993,0.30971399999999993,0.30971399999999993,0.30971399999999993,0.30971399999999993,0.30971399999999993,0.30971399999999993,0.30298853,0.27741906,0.3318551
0.9404296875,0.583841,0.583841,0.583841,0.583841,0.583841,0.583841,0.583841,0.583841,0.583841,0.583841,0.583841,0.583841,0.583841,0.5691973,0.5632764,0.62172663,-0.196038,-0.196038,-0.196038,-0.196038,-0.196038,-0.196038,-0.196038,-0.196038,-0.196038,-0.196038,-0.196038,-0.196038,-0.196038,-0.18172267,-0.18634966,-0.15074196,0.309714,0.30971399999999993,0.30971399999999993,0.30971399999999993,0.30971399999999993,0.30971399999999993,0.30971399999999993,0.30971399999999993,0.30971399999999993,0.30971399999999993,0.30971399999999993,0.30971399999999993,0.30971399999999993,0.30476674,0.2801289,0.33136952
0.9423828125,0.583841,0.583841,0.583841,0.583841,0.583841,0.583841,0.583841,0.583841,0.583841,0.583841,0.583841,0.583841,0.583841,0.57285994,0.56235987,0.62421066,-0.196038,-0.196038,-0.196038,-0.196038,-0.196038,-0.196038,-0.196038,-0.196038,-0.196038,-0.196038,-0.196038,-0.196038,-0.196038,-0.17876345,-0.18414617,-0.15254846,0.309714,0.30971399999999993,0.30971399999999993,0.30971399999999993,0.30971399999999993,0.30971399999999993,0.30971399999999993,0.30971399999999993,0.30971399999999993,0.30971399999999993,0.30971399999999993,0.30971399999999993,0.30971399999999993,0.30619183,0.28277943,0.33068812
0.9443359375,0.583841,0.583841,0.583841,0.583841,0.583841,0.583841,0.583841,0.583841,0.583841,0.583841,0.583841,0.583841,0.583841,0.5765439,0.5613901,0.62634426,-0.196038,-0.196038,-0.196038,-0.196038,-0.196038,-0.196038,-0.196038,-0.196038,-0.196038,-0.196038,-0.196038,-0.196038,-0.196038,-0.17586535,-0.18175235,-0.15456352,0.309714,0.30971399999999993,0.30971399999999993,0.30971399999999993,0.30971399999999993,0.30971399999999993,0.30971399999999993,0.30971399999999993,0.30971399999999993,0.30971399999999993,0.30971399999999993,0.30971399999999993,0.30971399999999993,0.30717567,0.28532073,0.32983476
0.9462890625,0.583841,0.583841,0.583841,0.583841,0.583841,0.583841,0.583841,0.583841,0.583841,0.583841,0.583841,0.583841,0.583841,0.5801933,0.5604905,0.6279898,-0.196038,-0.196038,-0.196038,-0.196038,-0.196038,-0.196038,-0.196038,-0.196038,-0.196038,-0.196038,-0.196038,-0.196038,-0.196038,-0.17316729,-0.17933333,-0.15669459,0.309714,0.30971399999999993,0.30971399999999993,0.30971399999999993,0.30971399999999993,0.30971399999999993,0.30971399999999993,0.30971399999999993,0.30971399999999993,0.30971399999999993,0.30971399999999993,0.30971399999999993,0.30971399999999993,0.30764726,0.28772053,0.3288367
0.9482421875,0.583841,0.583841,0.583841,0.583841,0.583841,0.583841,0.583841,0.583841,0.583841,0.583841,0.583841,0.583841,0.583841,0.58377516,0.55977273,0.6290373,-0.196038,-0.196038,-0.196038,-0.196038,-0.196038,-0.196038,-0.196038,-0.196038,-0.196038,-0.196038,-0.196038,-0.196038,-0.196038,-0.17080027,-0.17704341,-0.15885201,0.309714,0.30971399999999993,0.30971399999999993,0.30971399999999993,0.30971399999999993,0.30971399999999993,0.30971399999999993,0.30971399999999993,0.30971399999999993,0.30971399999999993,0.30971399999999993,0.30971399999999993,0.30971399999999993,0.30756247,0.28996855,0.32773006
0.9501953125,0.583841,0.583841,0.583841,0.583841,0.583841,0.583841,0.583841,0.583841,0.583841,0.583841,0.583841,0.583841,0.583841,0.5872795,0.55932754,0.6294184,-0.196038,-0.196038,-0.196038,-0.196038,-0.196038,-0.196038,-0.196038,-0.196038,-0.196038,-0.196038,-0.196038,-0.196038,-0.196038,-0.16888076,-0.17502022,-0.16095921,0.309714,0.30971399999999993,0.30971399999999993,0.30971399999999993,0.30971399999999993,0.30971399999999993,0.30971399999999993,0.30971399999999993,0.30971399999999993,0.30971399999999993,0.30971399999999993,0.30971399999999993,0.30971399999999993,0.30691475,0.29207808,0.3265635
0.9521484375,0.583841,0.583841,0.583841,0.583841,0.583841,0.583841,0.583841,0.583841,0.583841,0.583841,0.583841,0.583841,0.583841,0.5907114,0.5592161,0.6291138,-0.196038,-0.196038,-0.196038,-0.196038,-0.196038,-0.196038,-0.196038,-0.196038,-0.196038,-0.196038,-0.196038,-0.196038,-0.196038,-0.16750419,-0.17337763,-0.16295993,0.309714,0.30971399999999993,0.30971399999999993,0.30971399999999993,0.30971399999999993,0.30971399999999993,0.30971399999999993,0.30971399999999993,0.30971399999999993,0.30971399999999993,0.30971399999999993,0.30971399999999993,0.30971399999999993,0.30574137,0.29408273,0.32539856
0.9541015625,0.583841,0.583841,0.583841,0.583841,0.583841,0.583841,0.583841,0.583841,0.583841,0.583841,0.583841,0.583841,0.583841,0.5940809,0.55946404,0.62815756,-0.196038,-0.196038,-0.196038,-0.196038,-0.196038,-0.196038,-0.196038,-0.196038,-0.196038,-0.196038,-0.196038,-0.196038,-0.196038,-0.16673869,-0.17220193,-0.16481966,0.309714,0.30971399999999993,0.30971399999999993,0.30971399999999993,0.30971399999999993,0.30971399999999993,0.30971399999999993,0.30971399999999993,0.30971399999999993,0.30971399999999993,0.30971399999999993,0.30971399999999993,0.30971399999999993,0.30412266,0.2960281,0.3243056
0.9560546875,0.583841,0.583841,0.583841,0.583841,0.583841,0.583841,0.583841,0.583841,0.583841,0.583841,0.583841,0.583841,0.583841,0.5973906,0.56005806,0.6266303,-0.196038,-0.196038,-0.196038,-0.196038,-0.196038,-0.196038,-0.196038,-0.196038,-0.196038,-0.196038,-0.196038,-0.196038,-0.196038,-0.16662285,-0.17154863,-0.16652483,0.309714,0.30971399999999993,0.30971399999999993,0.30971399999999993,0.30971399999999993,0.30971399999999993,0.30971399999999993,0.30971399999999993,0.30971399999999993,0.30971399999999993,0.30971399999999993,0.30971399999999993,0.30971399999999993,0.30217552,0.29796273,0.32335463
0.9580078125,0.583841,0.583841,0.583841,0.583841,0.583841,0.583841,0.583841,0.583841,0.583841,0.583841,0.583841,0.583841,0.583841,0.60062367,0.5609456,0.6246431,-0.196038,-0.196038,-0.196038,-0.196038,-0.196038,-0.196038,-0.196038,-0.196038,-0.196038,-0.196038,-0.196038,-0.196038,-0.196038,-0.16807717,-0.17144352,-0.16716185,0.309714,0.30971399999999993,0.30971399999999993,0.30971399999999993,0.30971399999999993,0.30971399999999993,0.30971399999999993,0.30971399999999993,0.30971399999999993,0.30971399999999993,0.30971399999999993,0.30971399999999993,0.30971399999999993,0.3000387,0.2999266,0.32260537
0.9599609375,0.583841,0.583841,0.583841,0.583841,0.583841,0.583841,0.583841,0.583841,0.583841,0.583841,0.583841,0.583841,0.583841,0.60373795,0.56203747,0.6223204,-0.196038,-0.196038,-0.196038,-0.196038,-0.196038,-0.196038,-0.196038,-0.196038,-0.196038,-0.196038,-0.196038,-0.196038,-0.196038,-0.16948962,-0.17188126,-0.16832721,0.309714,0.30971399999999993,0.30971399999999993,0.30971399999999993,0.30971399999999993,0.30971399999999993,0.30971399999999993,0.30971399999999993,0.30971399999999993,0.30971399999999993,0.30971399999999993,0.30971399999999993,0.30971399999999993,0.30194324,0.29785812,0.32209718
0.9619140625,0.583841,0.583841,0.583841,0.583841,0.583841,0.583841,0.583841,0.583841,0.583841,0.583841,0.583841,0.583841,0.583841,0.6066642,0.563217,0.61977804,-0.196038,-0.196038,-0.196038,-0.196038,-0.196038,-0.196038,-0.196038,-0.196038,-0.196038,-0.196038,-0.196038,-0.196038,-0.196038,-0.17078131,-0.17282778,-0.17005736,0.309714,0.30971399999999993,0.30971399999999993,0.30971399999999993,0.30971399999999993,0.30971399999999993,0.30971399999999993,0.30971399999999993,0.30971399999999993,0.30971399999999993,0.30971399999999993,0.30971399999999993,0.30971399999999993,0.30401555,0.2957696,0.3218444
0.9638671875,0.583841,0.583841,0.583841,0.583841,0.583841,0.583841,0.583841,0.583841,0.583841,0.583841,0.583841,0.583841,0.583841,0.6093115,0.5643475,0.6171084,-0.196038,-0.196038,-0.196038,-0.196038,-0.196038,-0.196038,-0.196038,-0.196038,-0.196038,-0.196038,-0.196038,-0.196038,-0.196038,-0.17225975,-0.17422065,-0.17197469,0.309714,0.30971399999999993,0.30971399999999993,0.30971399999999993,0.30971399999999993,0.30971399999999993,0.30971399999999993,0.30971399999999993,0.30971399999999993,0.30971399999999993,0.30971399999999993,0.30971399999999993,0.30971399999999993,0.30612636,0.293888,0.32183576
0.9658203125,0.583841,0.583841,0.583841,0.583841,0.583841,0.583841,0.583841,0.583841,0.583841,0.583841,0.583841,0.583841,0.583841,0.61157876,0.56528586,0.614371,-0.196038,-0.196038,-0.196038,-0.196038,-0.196038,-0.196038,-0.196038,-0.196038,-0.196038,-0.196038,-0.196038,-0.196038,-0.196038,-0.17481309,-0.17596948,-0.17309043,0.309714,0.30971399999999993,0.30971399999999993,0.30971399999999993,0.30971399999999993,0.30971399999999993,0.30971399999999993,0.30971399999999993,0.30971399999999993,0.30971399999999993,0.30971399999999993,0.30971399999999993,0.30971399999999993,0.30824387,0.29229912,0.32204106
0.9677734375,0.583841,0.583841,0.583841,0.583841,0.583841,0.583841,0.583841,0.583841,0.583841,0.583841,0.583841,0.583841,0.583841,0.6115921,0.5658933,0.61337113,-0.196038,-0.196038,-0.196038,-0.196038,-0.196038,-0.196038,-0.196038,-0.196038,-0.196038,-0.196038,-0.196038,-0.196038,-0.196038,-0.17757067,-0.17795575,-0.17414233,0.309714,0.30971399999999993,0.30971399999999993,0.30971399999999993,0.30971399999999993,0.30971399999999993,0.30971399999999993,0.30971399999999993,0.30971399999999993,0.30971399999999993,0.30971399999999993,0.30971399999999993,0.30971399999999993,0.31033036,0.2910578,0.32242054
0.9697265625,0.583841,0.583841,0.583841,0.583841,0.583841,0.583841,0.583841,0.583841,0.583841,0.583841,0.583841,0.583841,0.583841,0.6087691,0.5660475,0.6146144,-0.196038,-0.196038,-0.196038,-0.196038,-0.196038,-0.196038,-0.196038,-0.196038,-0.196038,-0.196038,-0.196038,-0.196038,-0.196038,-0.18003371,-0.18036553,-0.17513114,0.309714,0.30971399999999993,0.30971399999999993,0.30971399999999993,0.30971399999999993,0.30971399999999993,0.30971399999999993,0.30971399999999993,0.30971399999999993,0.30971399999999993,0.30971399999999993,0.30971399999999993,0.30971399999999993,0.3123526,0.2901906,0.32293764
0.9716796875,0.583841,0.583841,0.583841,0.583841,0.583841,0.583841,0.583841,0.583841,0.583841,0.583841,0.583841,0.583841,0.583841,0.6058819,0.56565356,0.6152702,-0.196038,-0.196038,-0.196038,-0.196038,-0.196038,-0.196038,-0.196038,-0.196038,-0.196038,-0.196038,-0.196038,-0.196038,-0.196038,-0.18203267,-0.18301591,-0.1760366,0.309714,0.30971399999999993,0.30971399999999993,0.30971399999999993,0.30971399999999993,0.30971399999999993,0.30971399999999993,0.30971399999999993,0.30971399999999993,0.30971399999999993,0.30971399999999993,0.30971399999999993,0.30971399999999993,0.31429037,0.2897019,0.32357234
0.9736328125,0.583841,0.583841,0.583841,0.583841,0.583841,0.583841,0.583841,0.583841,0.583841,0.583841,0.583841,0.583841,0.583841,0.60290486,0.5646574,0.6153428,-0.196038,-0.196038,-0.196038,-0.196038,-0.196038,-0.196038,-0.196038,-0.196038,-0.196038,-0.196038,-0.196038,-0.196038,-0.196038,-0.18375981,-0.18533307,-0.17681205,0.309714,0.30971399999999993,0.30971399999999993,0.30971399999999993,0.30971399999999993,0.30971399999999993,0.30971399999999993,0.30971399999999993,0.30971399999999993,0.30971399999999993,0.30971399999999993,0.30971399999999993,0.30971399999999993,0.31614318,0.28958142,0.32433525
0.9755859375,0.583841,0.583841,0.583841,0.583841,0.583841,0.583841,0.583841,0.583841,0.583841,0.583841,0.583841,0.583841,0.583841,0.5998204,0.56306285,0.6148833,-0.196038,-0.196038,-0.196038,-0.196038,-0.196038,-0.196038,-0.196038,-0.196038,-0.196038,-0.196038,-0.196038,-0.196038,-0.196038,-0.18500984,-0.18712872,-0.17737997,0.309714,0.30971399999999993,0.30971399999999993,0.30971399999999993,0.30971399999999993,0.30971399999999993,0.30971399999999993,0.30971399999999993,0.30971399999999993,0.30971399999999993,0.30971399999999993,0.30971399999999993,0.30971399999999993,0.3179342,0.2898139,0.32528126
0.9775390625,0.583841,0.583841,0.583841,0.583841,0.583841,0.583841,0.583841,0.583841,0.583841,0.583841,0.583841,0.583841,0.583841,0.5966309,0.5609522,0.6139854,-0.196038,-0.196038,-0.196038,-0.196038,-0.196038,-0.196038,-0.196038,-0.196038,-0.196038,-0.196038,-0.196038,-0.196038,-0.196038,-0.18557587,-0.18822443,-0.17762992,0.309714,0.30971399999999993,0.30971399999999993,0.30971399999999993,0.30971399999999993,0.30971399999999993,0.30971399999999993,0.30971399999999993,0.30971399999999993,0.30971399999999993,0.30971399999999993,0.30971399999999993,0.30971399999999993,0.31971,0.29038885,0.32652298
0.9794921875,0.583841,0.583841,0.583841,0.583841,0.583841,0.583841,0.583841,0.583841,0.583841,0.583841,0.583841,0.583841,0.583841,0.5933722,0.55850816,0.6127786,-0.196038,-0.196038,-0.196038,-0.196038,-0.196038,-0.196038,-0.196038,-0.196038,-0.196038,-0.196038,-0.196038,-0.196038,-0.196038,-0.18526578,-0.18845996,-0.17742151,0.309714,0.30971399999999993,0.30971399999999993,0.30971399999999993,0.30971399999999993,0.30971399999999993,0.30971399999999993,0.30971399999999993,0.30971399999999993,0.30971399999999993,0.30971399999999993,0.30971399999999993,0.30971399999999993,0.3215413,0.29131296,0.32824075
0.9814453125,0.583841,0.583841,0.583841,0.583841,0.583841,0.583841,0.583841,0.583841,0.583841,0.583841,0.583841,0.583841,0.583841,0.59012234,0.55603164,0.6114221,-0.196038,-0.196038,-0.196038,-0.196038,-0.196038,-0.196038,-0.196038,-0.196038,-0.196038,-0.196038,-0.196038,-0.196038,-0.196038,-0.18392062,-0.18770146,-0.17658904,0.309714,0.30971399999999993,0.30971399999999993,0.30971399999999993,0.30971399999999993,0.30971399999999993,0.30971399999999993,0.30971399999999993,0.30971399999999993,0.30971399999999993,0.30971399999999993,0.30971399999999993,0.30971399999999993,0.3235228,0.29262128,0.33068818
0.9833984375,0.583841,0.583841,0.583841,0.583841,0.583841,0.583841,0.583841,0.583841,0.583841,0.583841,0.583841,0.583841,0.583841,0.58700967,0.5539479,0.6100985,-0.196038,-0.196038,-0.196038,-0.196038,-0.196038,-0.196038,-0.196038,-0.196038,-0.196038,-0.196038,-0.196038,-0.196038,-0.196038,-0.18143257,-0.18584973,-0.1749525,0.309714,0.30971399999999993,0.30971399999999993,0.30971399999999993,0.30971399999999993,0.30971399999999993,0.30971399999999993,0.30971399999999993,0.30971399999999993,0.30971399999999993,0.30971399999999993,0.30971399999999993,0.30971399999999993,0.3257762,0.29438895,0.33418956
0.9853515625,0.583841,0.583841,0.583841,0.583841,0.583841,0.583841,0.583841,0.583841,0.583841,0.583841,0.583841,0.583841,0.583841,0.5842147,0.55279386,0.6090108,-0.196038,-0.196038,-0.196038,-0.196038,-0.196038,-0.196038,-0.196038,-0.196038,-0.196038,-0.196038,-0.196038,-0.196038,-0.196038,-0.17776114,-0.18284932,-0.17233345,0.309714,0.30971399999999993,0.30971399999999993,0.30971399999999993,0.30971399999999993,0.30971399999999993,0.30971399999999993,0.30971399999999993,0.30971399999999993,0.30971399999999993,0.30971399999999993,0.30971399999999993,0.30971399999999993,0.32845414,0.29673934,0.33912805
0.9873046875,0.583841,0.583841,0.583841,0.583841,0.583841,0.583841,0.583841,0.583841,0.583841,0.583841,0.583841,0.583841,0.583841,0.58196497,0.55318564,0.6083809,-0.196038,-0.196038,-0.196038,-0.196038,-0.196038,-0.196038,-0.196038,-0.196038,-0.196038,-0.196038,-0.196038,-0.196038,-0.196038,-0.1729415,-0.1786978,-0.1685752,0.309714,0.30971399999999993,0.30971399999999993,0.30971399999999993,0.30971399999999993,0.30971399999999993,0.30971399999999993,0.30971399999999993,0.30971399999999993,0.30971399999999993,0.30971399999999993,0.30971399999999993,0.30971399999999993,0.33174708,0.2998467,0.3459262
0.9892578125,0.583841,0.583841,0.583841,0.583841,0.583841,0.583841,0.583841,0.583841,0.583841,0.583841,0.583841,0.583841,0.583841,0.580524,0.55576926,0.6084474,-0.196038,-0.196038,-0.196038,-0.196038,-0.196038,-0.196038,-0.196038,-0.196038,-0.196038,-0.196038,-0.196038,-0.196038,-0.196038,-0.16708687,-0.17345497,-0.16356629,0.309714,0.30971399999999993,0.30971399999999993,0.30971399999999993,0.30971399999999993,0.30971399999999993,0.30971399999999993,0.30971399999999993,0.30971399999999993,0.30971399999999993,0.30971399999999993,0.30971399999999993,0.30971399999999993,0.33588654,0.3039327,0.35502025
0.9912109375,0.583841,0.583841,0.583841,0.583841,0.583841,0.583841,0.583841,0.583841,0.583841,0.583841,0.583841,0.583841,0.583841,0.58017355,0.5611612,0.60946065,-0.196038,-0.196038,-0.196038,-0.196038,-0.196038,-0.196038,-0.196038,-0.196038,-0.196038,-0.196038,-0.196038,-0.196038,-0.196038,-0.16037855,-0.16724938,-0.15726566,0.309714,0.30971399999999993,0.30971399999999993,0.30971399999999993,0.30971399999999993,0.30971399999999993,0.30971399999999993,0.30971399999999993,0.30971399999999993,0.30971399999999993,0.30971399999999993,0.30971399999999993,0.30971399999999993,0.3411465,0.30925593,0.36683336
0.9931640625,0.583841,0.583841,0.583841,0.583841,0.583841,0.583841,0.583841,0.583841,0.583841,0.583841,0.583841,0.583841,0.583841,0.5811916,0.56988615,0.61167353,-0.196038,-0.196038,-0.196038,-0.196038,-0.196038,-0.196038,-0.196038,-0.196038,-0.196038,-0.196038,-0.196038,-0.196038,-0.196038,-0.15305203,-0.16028082,-0.14972466,0.309714,0.30971399999999993,0.30971399999999993,0.30971399999999993,0.30971399999999993,0.30971399999999993,0.30971399999999993,0.30971399999999993,0.30971399999999993,0.30971399999999993,0.30971399999999993,0.30971399999999993,0.30971399999999993,0.34783667,0.31609607,0.3817457
0.9951171875,0.583841,0.583841,0.583841,0.583841,0.583841,0.583841,0.583841,0.583841,0.583841,0.583841,0.583841,0.583841,0.583841,0.58383,0.58231515,0.6153286,-0.196038,-0.196038,-0.196038,-0.196038,-0.196038,-0.196038,-0.196038,-0.196038,-0.196038,-0.196038,-0.196038,-0.196038,-0.196038,-0.145376,-0.15281284,-0.14110291,0.309714,0.30971399999999993,0.30971399999999993,0.30971399999999993,0.30971399999999993,0.30971399999999993,0.30971399999999993,0.30971399999999993,0.30971399999999993,0.30971399999999993,0.30971399999999993,0.30971399999999993,0.30971399999999993,0.35629126,0.3247338,0.4000628
0.9970703125,0.583841,0.583841,0.583841,0.583841,0.583841,0.583841,0.583841,0.583841,0.583841,0.583841,0.583841,0.583841,0.583841,0.5986088,0.5882887,0.62064224,-0.196038,-0.196038,-0.196038,-0.196038,-0.196038,-0.196038,-0.196038,-0.196038,-0.196038,-0.196038,-0.196038,-0.196038,-0.196038,-0.13763064,-0.14515826,-0.13167545,0.309714,0.30971399999999993,0.30971399999999993,0.30971399999999993,0.30971399999999993,0.30971399999999993,0.30971399999999993,0.30971399999999993,0.30971399999999993,0.30971399999999993,0.30971399999999993,0.30971399999999993,0.30971399999999993,0.36685082,0.33542693,0.42197722
0.9990234375,0.583841,0.583841,0.583841,0.583841,0.583841,0.583841,0.583841,0.583841,0.583841,0.583841,0.583841,0.583841,0.583841,0.6186666,0.5946915,0.6277913,-0.196038,-0.196038,-0.196038,-0.196038,-0.196038,-0.196038,-0.196038,-0.196038,-0.196038,-0.196038,-0.196038,-0.196038,-0.196038,-0.13008717,-0.13765574,-0.121822596,0.309714,0.30971399999999993,0.30971399999999993,0.30971399999999993,0.30971399999999993,0.30971399999999993,0.30971399999999993,0.30971399999999993,0.30971399999999993,0.30971399999999993,0.30971399999999993,0.30971399999999993,0.30971399999999993,0.37984145,0.3483824,0.44752458
