x,exact_density,piecewise_density,fixed_mc_density,fine_hllc_density,dkan_fv_density,dkan_fv_min_density,dkan_fv_max_density,legacy_dkan_fv_density,legacy_dkan_fv_min_density,legacy_dkan_fv_max_density,dkan_tv2_density,dkan_tv2_min_density,dkan_tv2_max_density,fno_density,fno_min_density,fno_max_density,exact_velocity,piecewise_velocity,fixed_mc_velocity,fine_hllc_velocity,dkan_fv_velocity,dkan_fv_min_velocity,dkan_fv_max_velocity,legacy_dkan_fv_velocity,legacy_dkan_fv_min_velocity,legacy_dkan_fv_max_velocity,dkan_tv2_velocity,dkan_tv2_min_velocity,dkan_tv2_max_velocity,fno_velocity,fno_min_velocity,fno_max_velocity,exact_pressure,piecewise_pressure,fixed_mc_pressure,fine_hllc_pressure,dkan_fv_pressure,dkan_fv_min_pressure,dkan_fv_max_pressure,legacy_dkan_fv_pressure,legacy_dkan_fv_min_pressure,legacy_dkan_fv_max_pressure,dkan_tv2_pressure,dkan_tv2_min_pressure,dkan_tv2_max_pressure,fno_pressure,fno_min_pressure,fno_max_pressure
0.0009765625,1.0,1.0,1.0,1.0,1.0,1.0,1.0,1.0,1.0,1.0,1.0,1.0,1.0,0.95957613,0.9009061,0.98952633,0.0,0.0,0.0,0.0,0.0,0.0,0.0,0.0,0.0,0.0,0.0,0.0,0.0,-0.17712545,-0.18942598,-0.078706264,1.0,1.0,1.0,1.0,1.0,1.0,1.0,1.0,1.0,1.0,1.0,1.0,1.0,0.9141485,0.9124431,0.92651546
0.0029296875,1.0,1.0,1.0,1.0,1.0,1.0,1.0,1.0,1.0,1.0,1.0,1.0,1.0,0.9953569,0.95159817,1.0256171,0.0,0.0,0.0,0.0,0.0,0.0,0.0,0.0,0.0,0.0,0.0,0.0,0.0,-0.1828087,-0.18992037,-0.08782086,1.0,1.0,1.0,1.0,1.0,1.0,1.0,1.0,1.0,1.0,1.0,1.0,1.0,0.9499762,0.9478049,0.9790981
0.0048828125,1.0,1.0,1.0,1.0,1.0,1.0,1.0,1.0,1.0,1.0,1.0,1.0,1.0,1.0246546,0.9935467,1.0539715,0.0,0.0,0.0,0.0,0.0,0.0,0.0,0.0,0.0,0.0,0.0,0.0,0.0,-0.18452576,-0.18839455,-0.095011264,1.0,1.0,1.0,1.0,1.0,1.0,1.0,1.0,1.0,1.0,1.0,1.0,1.0,0.9738378,0.9655799,1.033376
0.0068359375,1.0,1.0,1.0,1.0,1.0,1.0,1.0,1.0,1.0,1.0,1.0,1.0,1.0,1.0469847,1.0259275,1.0747797,0.0,0.0,0.0,0.0,0.0,0.0,0.0,0.0,0.0,0.0,0.0,0.0,0.0,-0.18288592,-0.18504453,-0.10009354,1.0,1.0,1.0,1.0,1.0,1.0,1.0,1.0,1.0,1.0,1.0,1.0,1.0,0.9919212,0.9742691,1.0737134
0.0087890625,1.0,1.0,1.0,1.0,1.0,1.0,1.0,1.0,1.0,1.0,1.0,1.0,1.0,1.0623977,1.048745,1.0886253,0.0,0.0,0.0,0.0,0.0,0.0,0.0,0.0,0.0,0.0,0.0,0.0,0.0,-0.17849758,-0.18006858,-0.10298312,1.0,1.0,1.0,1.0,1.0,1.0,1.0,1.0,1.0,1.0,1.0,1.0,1.0,1.0024899,0.97737026,1.0998628
0.0107421875,1.0,1.0,1.0,1.0,1.0,1.0,1.0,1.0,1.0,1.0,1.0,1.0,1.0,1.0714661,1.0627637,1.0964063,0.0,0.0,0.0,0.0,0.0,0.0,0.0,0.0,0.0,0.0,0.0,0.0,0.0,-0.17195436,-0.17367882,-0.103731155,1.0,1.0,1.0,1.0,1.0,1.0,1.0,1.0,1.0,1.0,1.0,1.0,1.0,1.0066471,0.97643274,1.1127954
0.0126953125,1.0,1.0,1.0,1.0,1.0,1.0,1.0,1.0,1.0,1.0,1.0,1.0,1.0,1.0751694,1.0693563,1.0992297,0.0,0.0,0.0,0.0,0.0,0.0,0.0,0.0,0.0,0.0,0.0,0.0,0.0,-0.16382873,-0.16611099,-0.10253346,1.0,1.0,1.0,1.0,1.0,1.0,1.0,1.0,1.0,1.0,1.0,1.0,1.0,1.0059354,0.9730549,1.114489
0.0146484375,1.0,1.0,1.0,1.0,1.0,1.0,1.0,1.0,1.0,1.0,1.0,1.0,1.0,1.0747072,1.0702826,1.0982894,0.0,0.0,0.0,0.0,0.0,0.0,0.0,0.0,0.0,0.0,0.0,0.0,0.0,-0.15467098,-0.1576325,-0.09971529,1.0,1.0,1.0,1.0,1.0,1.0,1.0,1.0,1.0,1.0,1.0,1.0,1.0,1.002046,0.9687147,1.1076204
0.0166015625,1.0,1.0,1.0,1.0,1.0,1.0,1.0,1.0,1.0,1.0,1.0,1.0,1.0,1.0713005,1.0674381,1.0947453,0.0,0.0,0.0,0.0,0.0,0.0,0.0,0.0,0.0,0.0,0.0,0.0,0.0,-0.14500722,-0.14854553,-0.0957005,1.0,1.0,1.0,1.0,1.0,1.0,1.0,1.0,1.0,1.0,1.0,1.0,1.0,0.99654704,0.9646276,1.0951873
0.0185546875,1.0,1.0,1.0,1.0,1.0,1.0,1.0,1.0,1.0,1.0,1.0,1.0,1.0,1.0660331,1.06261,1.0896276,0.0,0.0,0.0,0.0,0.0,0.0,0.0,0.0,0.0,0.0,0.0,0.0,0.0,-0.13533258,-0.13918418,-0.09096745,1.0,1.0,1.0,1.0,1.0,1.0,1.0,1.0,1.0,1.0,1.0,1.0,1.0,0.99070805,0.9616569,1.0801256
0.0205078125,1.0,1.0,1.0,1.0,1.0,1.0,1.0,1.0,1.0,1.0,1.0,1.0,1.0,1.0597723,1.0572854,1.0837826,0.0,0.0,0.0,0.0,0.0,0.0,0.0,0.0,0.0,0.0,0.0,0.0,0.0,-0.12609455,-0.12990141,-0.08600238,1.0,1.0,1.0,1.0,1.0,1.0,1.0,1.0,1.0,1.0,1.0,1.0,1.0,0.9854389,0.96029043,1.0649868
0.0224609375,1.0,1.0,1.0,1.0,1.0,1.0,1.0,1.0,1.0,1.0,1.0,1.0,1.0,1.0531609,1.0525321,1.0778644,0.0,0.0,0.0,0.0,0.0,0.0,0.0,0.0,0.0,0.0,0.0,0.0,0.0,-0.11767349,-0.12104842,-0.081253946,1.0,1.0,1.0,1.0,1.0,1.0,1.0,1.0,1.0,1.0,1.0,1.0,1.0,0.9813259,0.9606828,1.0517211
0.0244140625,1.0,1.0,1.0,1.0,1.0,1.0,1.0,1.0,1.0,1.0,1.0,1.0,1.0,1.0489826,1.0466611,1.0723637,0.0,0.0,0.0,0.0,0.0,0.0,0.0,0.0,0.0,0.0,0.0,0.0,0.0,-0.11036113,-0.112944424,-0.077091455,1.0,1.0,1.0,1.0,1.0,1.0,1.0,1.0,1.0,1.0,1.0,1.0,1.0,0.97872025,0.96274465,1.0416065
0.0263671875,1.0,1.0,1.0,1.0,1.0,1.0,1.0,1.0,1.0,1.0,1.0,1.0,1.0,1.0469013,1.0406113,1.0676421,0.0,0.0,0.0,0.0,0.0,0.0,0.0,0.0,0.0,0.0,0.0,0.0,0.0,-0.1043458,-0.10584545,-0.07377386,1.0,1.0,1.0,1.0,1.0,1.0,1.0,1.0,1.0,1.0,1.0,1.0,1.0,0.97782505,0.966244,1.0353029
0.0283203125,1.0,1.0,1.0,1.0,1.0,1.0,1.0,1.0,1.0,1.0,1.0,1.0,1.0,1.046307,1.0352733,1.0639628,0.0,0.0,0.0,0.0,0.0,0.0,0.0,0.0,0.0,0.0,0.0,0.0,0.0,-0.0997051,-0.099916905,-0.07143003,1.0,1.0,1.0,1.0,1.0,1.0,1.0,1.0,1.0,1.0,1.0,1.0,1.0,0.9787579,0.970898,1.0329883
0.0302734375,1.0,1.0,1.0,1.0,1.0,1.0,1.0,1.0,1.0,1.0,1.0,1.0,1.0,1.0470988,1.0308558,1.0614976,0.0,0.0,0.0,0.0,0.0,0.0,0.0,0.0,0.0,0.0,0.0,0.0,0.0,-0.09521857,-0.096407205,-0.07005635,1.0,1.0,1.0,1.0,1.0,1.0,1.0,1.0,1.0,1.0,1.0,1.0,1.0,0.9815744,0.9764276,1.0345179
0.0322265625,1.0,1.0,1.0,1.0,1.0,1.0,1.0,1.0,1.0,1.0,1.0,1.0,1.0,1.049144,1.0275192,1.0603172,0.0,0.0,0.0,0.0,0.0,0.0,0.0,0.0,0.0,0.0,0.0,0.0,0.0,-0.09170452,-0.09431684,-0.06953159,1.0,1.0,1.0,1.0,1.0,1.0,1.0,1.0,1.0,1.0,1.0,1.0,1.0,0.98626125,0.982579,1.039558
0.0341796875,1.0,1.0,1.0,1.0,1.0,1.0,1.0,1.0,1.0,1.0,1.0,1.0,1.0,1.0523152,1.0253649,1.0603805,0.0,0.0,0.0,0.0,0.0,0.0,0.0,0.0,0.0,0.0,0.0,0.0,0.0,-0.08923635,-0.093208015,-0.06964868,1.0,1.0,1.0,1.0,1.0,1.0,1.0,1.0,1.0,1.0,1.0,1.0,1.0,0.99271744,0.9891156,1.0476636
0.0361328125,1.0,1.0,1.0,1.0,1.0,1.0,1.0,1.0,1.0,1.0,1.0,1.0,1.0,1.0564809,1.0244224,1.0615278,0.0,0.0,0.0,0.0,0.0,0.0,0.0,0.0,0.0,0.0,0.0,0.0,0.0,-0.087607265,-0.092784464,-0.07015666,1.0,1.0,1.0,1.0,1.0,1.0,1.0,1.0,1.0,1.0,1.0,1.0,1.0,1.0007354,0.9957993,1.0583106
0.0380859375,1.0,1.0,1.0,1.0,1.0,1.0,1.0,1.0,1.0,1.0,1.0,1.0,1.0,1.0614699,1.0246354,1.0634909,0.0,0.0,0.0,0.0,0.0,0.0,0.0,0.0,0.0,0.0,0.0,0.0,0.0,-0.08656895,-0.09270671,-0.07080501,1.0,1.0,1.0,1.0,1.0,1.0,1.0,1.0,1.0,1.0,1.0,1.0,1.0,1.0099902,1.0023712,1.0708934
0.0400390625,1.0,1.0,1.0,1.0,1.0,1.0,1.0,1.0,1.0,1.0,1.0,1.0,1.0,1.0659188,1.0258579,1.0670313,0.0,0.0,0.0,0.0,0.0,0.0,0.0,0.0,0.0,0.0,0.0,0.0,0.0,-0.08585739,-0.09262794,-0.07138327,1.0,1.0,1.0,1.0,1.0,1.0,1.0,1.0,1.0,1.0,1.0,1.0,1.0,1.020045,1.0085475,1.0847073
0.0419921875,1.0,1.0,1.0,1.0,1.0,1.0,1.0,1.0,1.0,1.0,1.0,1.0,1.0,1.0684167,1.0278596,1.072802,0.0,0.0,0.0,0.0,0.0,0.0,0.0,0.0,0.0,0.0,0.0,0.0,0.0,-0.0852153,-0.09223074,-0.07174739,1.0,1.0,1.0,1.0,1.0,1.0,1.0,1.0,1.0,1.0,1.0,1.0,1.0,1.0303671,1.0140296,1.098949
0.0439453125,1.0,1.0,1.0,1.0,1.0,1.0,1.0,1.0,1.0,1.0,1.0,1.0,1.0,1.0705918,1.0303463,1.0783035,0.0,0.0,0.0,0.0,0.0,0.0,0.0,0.0,0.0,0.0,0.0,0.0,0.0,-0.084409684,-0.091263264,-0.071829826,1.0,1.0,1.0,1.0,1.0,1.0,1.0,1.0,1.0,1.0,1.0,1.0,1.0,1.0403649,1.0185337,1.1127366
0.0458984375,1.0,1.0,1.0,1.0,1.0,1.0,1.0,1.0,1.0,1.0,1.0,1.0,1.0,1.0720989,1.032991,1.0829661,0.0,0.0,0.0,0.0,0.0,0.0,0.0,0.0,0.0,0.0,0.0,0.0,0.0,-0.08324543,-0.08956653,-0.07163265,1.0,1.0,1.0,1.0,1.0,1.0,1.0,1.0,1.0,1.0,1.0,1.0,1.0,1.0494305,1.0218282,1.1251684
0.0478515625,1.0,1.0,1.0,1.0,1.0,1.0,1.0,1.0,1.0,1.0,1.0,1.0,1.0,1.0726784,1.0354768,1.0861913,0.0,0.0,0.0,0.0,0.0,0.0,0.0,0.0,0.0,0.0,0.0,0.0,0.0,-0.081575096,-0.08708781,-0.07120451,1.0,1.0,1.0,1.0,1.0,1.0,1.0,1.0,1.0,1.0,1.0,1.0,1.0,1.057,1.0237756,1.1354058
0.0498046875,1.0,1.0,1.0,1.0,1.0,1.0,1.0,1.0,1.0,1.0,1.0,1.0,1.0,1.0721846,1.0375352,1.087439,0.0,0.0,0.0,0.0,0.0,0.0,0.0,0.0,0.0,0.0,0.0,0.0,0.0,-0.07930389,-0.08387977,-0.07061255,1.0,1.0,1.0,1.0,1.0,1.0,1.0,1.0,1.0,1.0,1.0,1.0,1.0,1.0626099,1.0243632,1.1427683
0.0517578125,1.0,1.0,1.0,1.0,1.0,1.0,1.0,1.0,1.0,1.0,1.0,1.0,1.0,1.0705926,1.0389838,1.0863241,0.0,0.0,0.0,0.0,0.0,0.0,0.0,0.0,0.0,0.0,0.0,0.0,0.0,-0.07638937,-0.08008322,-0.069918275,1.0,1.0,1.0,1.0,1.0,1.0,1.0,1.0,1.0,1.0,1.0,1.0,1.0,1.0659505,1.0237137,1.1468214
0.0537109375,1.0,1.0,1.0,1.0,1.0,1.0,1.0,1.0,1.0,1.0,1.0,1.0,1.0,1.0679913,1.039745,1.0827035,0.0,0.0,0.0,0.0,0.0,0.0,0.0,0.0,0.0,0.0,0.0,0.0,0.0,-0.07283971,-0.075900346,-0.06916648,1.0,1.0,1.0,1.0,1.0,1.0,1.0,1.0,1.0,1.0,1.0,1.0,1.0,1.0668982,1.0220743,1.1474448
0.0556640625,1.0,1.0,1.0,1.0,1.0,1.0,1.0,1.0,1.0,1.0,1.0,1.0,1.0,1.0645567,1.0398464,1.0767287,0.0,0.0,0.0,0.0,0.0,0.0,0.0,0.0,0.0,0.0,0.0,0.0,0.0,-0.06871039,-0.071561396,-0.06839216,1.0,1.0,1.0,1.0,1.0,1.0,1.0,1.0,1.0,1.0,1.0,1.0,1.0,1.0655228,1.0197774,1.1448619
0.0576171875,1.0,1.0,1.0,1.0,1.0,1.0,1.0,1.0,1.0,1.0,1.0,1.0,1.0,1.0605168,1.0394073,1.0688431,0.0,0.0,0.0,0.0,0.0,0.0,0.0,0.0,0.0,0.0,0.0,0.0,0.0,-0.067291975,-0.06763771,-0.06410098,1.0,1.0,1.0,1.0,1.0,1.0,1.0,1.0,1.0,1.0,1.0,1.0,1.0,1.0620704,1.0171852,1.139613
0.0595703125,1.0,1.0,1.0,1.0,1.0,1.0,1.0,1.0,1.0,1.0,1.0,1.0,1.0,1.0561122,1.0386075,1.0597172,0.0,0.0,0.0,0.0,0.0,0.0,0.0,0.0,0.0,0.0,0.0,0.0,0.0,-0.06328696,-0.06696883,-0.05915314,1.0,1.0,1.0,1.0,1.0,1.0,1.0,1.0,1.0,1.0,1.0,1.0,1.0,1.0569221,1.0146297,1.1324745
0.0615234375,1.0,1.0,1.0,1.0,1.0,1.0,1.0,1.0,1.0,1.0,1.0,1.0,1.0,1.0501368,1.0376513,1.0515653,0.0,0.0,0.0,0.0,0.0,0.0,0.0,0.0,0.0,0.0,0.0,0.0,0.0,-0.05969265,-0.06648028,-0.054046214,1.0,1.0,1.0,1.0,1.0,1.0,1.0,1.0,1.0,1.0,1.0,1.0,1.0,1.0505452,1.0123637,1.1243277
0.0634765625,1.0,1.0,1.0,1.0,1.0,1.0,1.0,1.0,1.0,1.0,1.0,1.0,1.0,1.0408739,1.0367305,1.0470635,0.0,0.0,0.0,0.0,0.0,0.0,0.0,0.0,0.0,0.0,0.0,0.0,0.0,-0.056599826,-0.06628552,-0.048989892,1.0,1.0,1.0,1.0,1.0,1.0,1.0,1.0,1.0,1.0,1.0,1.0,1.0,1.0434409,1.0105352,1.1160139
0.0654296875,1.0,1.0,1.0,1.0,1.0,1.0,1.0,1.0,1.0,1.0,1.0,1.0,1.0,1.0359966,1.0325823,1.0427582,0.0,0.0,0.0,0.0,0.0,0.0,0.0,0.0,0.0,0.0,0.0,0.0,0.0,-0.054047316,-0.06649521,-0.04420829,1.0,1.0,1.0,1.0,1.0,1.0,1.0,1.0,1.0,1.0,1.0,1.0,1.0,1.0360991,1.009191,1.1082203
0.0673828125,1.0,1.0,1.0,1.0,1.0,1.0,1.0,1.0,1.0,1.0,1.0,1.0,1.0,1.0355436,1.0257332,1.0387785,0.0,0.0,0.0,0.0,0.0,0.0,0.0,0.0,0.0,0.0,0.0,0.0,0.0,-0.052030265,-0.06718987,-0.03991756,1.0,1.0,1.0,1.0,1.0,1.0,1.0,1.0,1.0,1.0,1.0,1.0,1.0,1.0289633,1.0083088,1.101416
0.0693359375,1.0,1.0,1.0,1.0,1.0,1.0,1.0,1.0,1.0,1.0,1.0,1.0,1.0,1.0352468,1.0205972,1.0354081,0.0,0.0,0.0,0.0,0.0,0.0,0.0,0.0,0.0,0.0,0.0,0.0,0.0,-0.050514072,-0.068392456,-0.0362992,1.0,1.0,1.0,1.0,1.0,1.0,1.0,1.0,1.0,1.0,1.0,1.0,1.0,1.0224069,1.00784,1.0958406
0.0712890625,1.0,1.0,1.0,1.0,1.0,1.0,1.0,1.0,1.0,1.0,1.0,1.0,1.0,1.03229,1.0172582,1.0355781,0.0,0.0,0.0,0.0,0.0,0.0,0.0,0.0,0.0,0.0,0.0,0.0,0.0,-0.049446434,-0.070047885,-0.033476412,1.0,1.0,1.0,1.0,1.0,1.0,1.0,1.0,1.0,1.0,1.0,1.0,1.0,1.0167172,1.0077485,1.0915368
0.0732421875,1.0,1.0,1.0,1.0,1.0,1.0,1.0,1.0,1.0,1.0,1.0,1.0,1.0,1.0300368,1.0156423,1.0360105,0.0,0.0,0.0,0.0,0.0,0.0,0.0,0.0,0.0,0.0,0.0,0.0,0.0,-0.048766673,-0.07201448,-0.0315004,1.0,1.0,1.0,1.0,1.0,1.0,1.0,1.0,1.0,1.0,1.0,1.0,1.0,1.0120895,1.0080345,1.0884011
0.0751953125,1.0,1.0,1.0,1.0,1.0,1.0,1.0,1.0,1.0,1.0,1.0,1.0,1.0,1.0286,1.0155565,1.0366466,0.0,0.0,0.0,0.0,0.0,0.0,0.0,0.0,0.0,0.0,0.0,0.0,0.0,-0.048410237,-0.074073166,-0.03034994,1.0,1.0,1.0,1.0,1.0,1.0,1.0,1.0,1.0,1.0,1.0,1.0,1.0,1.0087291,1.0086242,1.0862437
0.0771484375,1.0,1.0,1.0,1.0,1.0,1.0,1.0,1.0,1.0,1.0,1.0,1.0,1.0,1.028049,1.0167333,1.0374233,0.0,0.0,0.0,0.0,0.0,0.0,0.0,0.0,0.0,0.0,0.0,0.0,0.0,-0.048308104,-0.07595694,-0.029944241,1.0,1.0,1.0,1.0,1.0,1.0,1.0,1.0,1.0,1.0,1.0,1.0,1.0,1.009872,1.0063307,1.0848418
0.0791015625,1.0,1.0,1.0,1.0,1.0,1.0,1.0,1.0,1.0,1.0,1.0,1.0,1.0,1.0283837,1.018879,1.0382745,0.0,0.0,0.0,0.0,0.0,0.0,0.0,0.0,0.0,0.0,0.0,0.0,0.0,-0.04838416,-0.077394366,-0.0301629,1.0,1.0,1.0,1.0,1.0,1.0,1.0,1.0,1.0,1.0,1.0,1.0,1.0,1.011476,1.0051368,1.0839784
0.0810546875,1.0,1.0,1.0,1.0,1.0,1.0,1.0,1.0,1.0,1.0,1.0,1.0,1.0,1.0295194,1.0217121,1.0391281,0.0,0.0,0.0,0.0,0.0,0.0,0.0,0.0,0.0,0.0,0.0,0.0,0.0,-0.048552275,-0.07815665,-0.030866772,1.0,1.0,1.0,1.0,1.0,1.0,1.0,1.0,1.0,1.0,1.0,1.0,1.0,1.013502,1.0048977,1.0834668
0.0830078125,1.0,1.0,1.0,1.0,1.0,1.0,1.0,1.0,1.0,1.0,1.0,1.0,1.0,1.031285,1.0249788,1.0398988,0.0,0.0,0.0,0.0,0.0,0.0,0.0,0.0,0.0,0.0,0.0,0.0,0.0,-0.04871595,-0.078093946,-0.031914264,1.0,1.0,1.0,1.0,1.0,1.0,1.0,1.0,1.0,1.0,1.0,1.0,1.0,1.0158448,1.0054148,1.0831445
0.0849609375,1.0,1.0,1.0,1.0,1.0,1.0,1.0,1.0,1.0,1.0,1.0,1.0,1.0,1.0334432,1.0284406,1.0404848,0.0,0.0,0.0,0.0,0.0,0.0,0.0,0.0,0.0,0.0,0.0,0.0,0.0,-0.048773736,-0.07714903,-0.033171058,1.0,1.0,1.0,1.0,1.0,1.0,1.0,1.0,1.0,1.0,1.0,1.0,1.0,1.0183429,1.0064508,1.0828543
0.0869140625,1.0,1.0,1.0,1.0,1.0,1.0,1.0,1.0,1.0,1.0,1.0,1.0,1.0,1.0357184,1.0318509,1.0407718,0.0,0.0,0.0,0.0,0.0,0.0,0.0,0.0,0.0,0.0,0.0,0.0,0.0,-0.048630983,-0.07534993,-0.034515142,1.0,1.0,1.0,1.0,1.0,1.0,1.0,1.0,1.0,1.0,1.0,1.0,1.0,1.0208008,1.0077513,1.0824313
0.0888671875,1.0,1.0,1.0,1.0,1.0,1.0,1.0,1.0,1.0,1.0,1.0,1.0,1.0,1.0378363,1.034944,1.0406449,0.0,0.0,0.0,0.0,0.0,0.0,0.0,0.0,0.0,0.0,0.0,0.0,0.0,-0.048214406,-0.07278651,-0.03583905,1.0,1.0,1.0,1.0,1.0,1.0,1.0,1.0,1.0,1.0,1.0,1.0,1.0,1.0230242,1.0090638,1.0817045
0.0908203125,1.0,1.0,1.0,1.0,1.0,1.0,1.0,1.0,1.0,1.0,1.0,1.0,1.0,1.0395563,1.0374489,1.0400053,0.0,0.0,0.0,0.0,0.0,0.0,0.0,0.0,0.0,0.0,0.0,0.0,0.0,-0.047488183,-0.06958538,-0.037051678,1.0,1.0,1.0,1.0,1.0,1.0,1.0,1.0,1.0,1.0,1.0,1.0,1.0,1.0248532,1.010157,1.0805222
0.0927734375,1.0,1.0,1.0,1.0,1.0,1.0,1.0,1.0,1.0,1.0,1.0,1.0,1.0,1.0391219,1.0387912,1.0406976,0.0,0.0,0.0,0.0,0.0,0.0,0.0,0.0,0.0,0.0,0.0,0.0,0.0,-0.04646504,-0.065887004,-0.038081706,1.0,1.0,1.0,1.0,1.0,1.0,1.0,1.0,1.0,1.0,1.0,1.0,1.0,1.0261893,1.010837,1.0787824
0.0947265625,1.0,1.0,1.0,1.0,1.0,1.0,1.0,1.0,1.0,1.0,1.0,1.0,1.0,1.0397879,1.0369917,1.0411539,0.0,0.0,0.0,0.0,0.0,0.0,0.0,0.0,0.0,0.0,0.0,0.0,0.0,-0.04520905,-0.061829567,-0.038881063,1.0,1.0,1.0,1.0,1.0,1.0,1.0,1.0,1.0,1.0,1.0,1.0,1.0,1.027007,1.0109596,1.0764643
0.0966796875,1.0,1.0,1.0,1.0,1.0,1.0,1.0,1.0,1.0,1.0,1.0,1.0,1.0,1.0393702,1.0346534,1.040889,0.0,0.0,0.0,0.0,0.0,0.0,0.0,0.0,0.0,0.0,0.0,0.0,0.0,-0.0438298,-0.057540238,-0.03942883,1.0,1.0,1.0,1.0,1.0,1.0,1.0,1.0,1.0,1.0,1.0,1.0,1.0,1.0273522,1.0104389,1.0736393
0.0986328125,1.0,1.0,1.0,1.0,1.0,1.0,1.0,1.0,1.0,1.0,1.0,1.0,1.0,1.0379034,1.0318764,1.0399276,0.0,0.0,0.0,0.0,0.0,0.0,0.0,0.0,0.0,0.0,0.0,0.0,0.0,-0.042464733,-0.053132474,-0.039731324,1.0,1.0,1.0,1.0,1.0,1.0,1.0,1.0,1.0,1.0,1.0,1.0,1.0,1.0273257,1.0092462,1.070469
0.1005859375,1.0,1.0,1.0,1.0,1.0,1.0,1.0,1.0,1.0,1.0,1.0,1.0,1.0,1.0355291,1.0288012,1.038334,0.0,0.0,0.0,0.0,0.0,0.0,0.0,0.0,0.0,0.0,0.0,0.0,0.0,-0.041260004,-0.048707455,-0.039818943,1.0,1.0,1.0,1.0,1.0,1.0,1.0,1.0,1.0,1.0,1.0,1.0,1.0,1.0270586,1.0074068,1.0671843
0.1025390625,1.0,1.0,1.0,1.0,1.0,1.0,1.0,1.0,1.0,1.0,1.0,1.0,1.0,1.0324706,1.0255905,1.0361959,0.0,0.0,0.0,0.0,0.0,0.0,0.0,0.0,0.0,0.0,0.0,0.0,0.0,-0.0403471,-0.04435897,-0.039738357,1.0,1.0,1.0,1.0,1.0,1.0,1.0,1.0,1.0,1.0,1.0,1.0,1.0,1.0266875,1.0049924,1.0640545
0.1044921875,1.0,1.0,1.0,1.0,1.0,1.0,1.0,1.0,1.0,1.0,1.0,1.0,1.0,1.0290022,1.0224091,1.0336109,0.0,0.0,0.0,0.0,0.0,0.0,0.0,0.0,0.0,0.0,0.0,0.0,0.0,-0.039825827,-0.040178835,-0.039541095,1.0,1.0,1.0,1.0,1.0,1.0,1.0,1.0,1.0,1.0,1.0,1.0,1.0,1.0263317,1.0021094,1.0613492
0.1064453125,1.0,1.0,1.0,1.0,1.0,1.0,1.0,1.0,1.0,1.0,1.0,1.0,1.0,1.0254166,1.0194048,1.0306826,0.0,0.0,0.0,0.0,0.0,0.0,0.0,0.0,0.0,0.0,0.0,0.0,0.0,-0.039272964,-0.03975153,-0.03625822,1.0,1.0,1.0,1.0,1.0,1.0,1.0,1.0,1.0,1.0,1.0,1.0,1.0,1.0260751,0.99889064,1.0593071
0.1083984375,1.0,1.0,1.0,1.0,1.0,1.0,1.0,1.0,1.0,1.0,1.0,1.0,1.0,1.0219998,1.0166919,1.0275191,0.0,0.0,0.0,0.0,0.0,0.0,0.0,0.0,0.0,0.0,0.0,0.0,0.0,-0.038965136,-0.0401299,-0.03268799,1.0,1.0,1.0,1.0,1.0,1.0,1.0,1.0,1.0,1.0,1.0,1.0,1.0,1.0259583,0.9954861,1.058108
0.1103515625,1.0,1.0,1.0,1.0,1.0,1.0,1.0,1.0,1.0,1.0,1.0,1.0,1.0,1.0190161,1.014342,1.0242391,0.0,0.0,0.0,0.0,0.0,0.0,0.0,0.0,0.0,0.0,0.0,0.0,0.0,-0.038629383,-0.040919274,-0.029551357,1.0,1.0,1.0,1.0,1.0,1.0,1.0,1.0,1.0,1.0,1.0,1.0,1.0,1.0259724,0.99205273,1.0578552
0.1123046875,1.0,1.0,1.0,1.0,1.0,1.0,1.0,1.0,1.0,1.0,1.0,1.0,1.0,1.016697,1.0123767,1.0209731,0.0,0.0,0.0,0.0,0.0,0.0,0.0,0.0,0.0,0.0,0.0,0.0,0.0,-0.038258106,-0.042037725,-0.026911557,1.0,1.0,1.0,1.0,1.0,1.0,1.0,1.0,1.0,1.0,1.0,1.0,1.0,1.0260644,0.98874635,1.0585707
0.1142578125,1.0,1.0,1.0,1.0,1.0,1.0,1.0,1.0,1.0,1.0,1.0,1.0,1.0,1.0152361,1.0107715,1.0178632,0.0,0.0,0.0,0.0,0.0,0.0,0.0,0.0,0.0,0.0,0.0,0.0,0.0,-0.03782499,-0.04337406,-0.024796724,1.0,1.0,1.0,1.0,1.0,1.0,1.0,1.0,1.0,1.0,1.0,1.0,1.0,1.0261468,0.9857103,1.0601915
0.1162109375,1.0,1.0,1.0,1.0,1.0,1.0,1.0,1.0,1.0,1.0,1.0,1.0,1.0,1.0147778,1.0094651,1.0150558,0.0,0.0,0.0,0.0,0.0,0.0,0.0,0.0,0.0,0.0,0.0,0.0,0.0,-0.037289113,-0.044800878,-0.023186803,1.0,1.0,1.0,1.0,1.0,1.0,1.0,1.0,1.0,1.0,1.0,1.0,1.0,1.0261118,0.9830699,1.0625759
0.1181640625,1.0,1.0,1.0,1.0,1.0,1.0,1.0,1.0,1.0,1.0,1.0,1.0,1.0,1.0126874,1.0083747,1.0154016,0.0,0.0,0.0,0.0,0.0,0.0,0.0,0.0,0.0,0.0,0.0,0.0,0.0,-0.036599755,-0.04618615,-0.02200821,1.0,1.0,1.0,1.0,1.0,1.0,1.0,1.0,1.0,1.0,1.0,1.0,1.0,1.0258479,0.9809254,1.0655131
0.1201171875,1.0,1.0,1.0,1.0,1.0,1.0,1.0,1.0,1.0,1.0,1.0,1.0,1.0,1.0108672,1.0074112,1.0171058,0.0,0.0,0.0,0.0,0.0,0.0,0.0,0.0,0.0,0.0,0.0,0.0,0.0,-0.03570348,-0.047402173,-0.021138698,1.0,1.0,1.0,1.0,1.0,1.0,1.0,1.0,1.0,1.0,1.0,1.0,1.0,1.0252526,0.97935146,1.068736
0.1220703125,1.0,1.0,1.0,1.0,1.0,1.0,1.0,1.0,1.0,1.0,1.0,1.0,1.0,1.0096569,1.0064951,1.0197937,0.0,0.0,0.0,0.0,0.0,0.0,0.0,0.0,0.0,0.0,0.0,0.0,0.0,-0.034550548,-0.048332244,-0.020422935,1.0,1.0,1.0,1.0,1.0,1.0,1.0,1.0,1.0,1.0,1.0,1.0,1.0,1.0242449,0.9783972,1.071941
0.1240234375,1.0,1.0,1.0,1.0,1.0,1.0,1.0,1.0,1.0,1.0,1.0,1.0,1.0,1.0090544,1.0055611,1.0232708,0.0,0.0,0.0,0.0,0.0,0.0,0.0,0.0,0.0,0.0,0.0,0.0,0.0,-0.03310266,-0.04887268,-0.019693255,1.0,1.0,1.0,1.0,1.0,1.0,1.0,1.0,1.0,1.0,1.0,1.0,1.0,1.0227679,0.9780849,1.07481
0.1259765625,1.0,1.0,1.0,1.0,1.0,1.0,1.0,1.0,1.0,1.0,1.0,1.0,1.0,1.0089865,1.0045592,1.027257,0.0,0.0,0.0,0.0,0.0,0.0,0.0,0.0,0.0,0.0,0.0,0.0,0.0,-0.031338185,-0.04893589,-0.018793374,1.0,1.0,1.0,1.0,1.0,1.0,1.0,1.0,1.0,1.0,1.0,1.0,1.0,1.020791,0.9784123,1.0770328
0.1279296875,1.0,1.0,1.0,1.0,1.0,1.0,1.0,1.0,1.0,1.0,1.0,1.0,1.0,1.0093107,1.0034436,1.0314107,0.0,0.0,0.0,0.0,0.0,0.0,0.0,0.0,0.0,0.0,0.0,0.0,0.0,-0.029254198,-0.04845211,-0.017595053,1.0,1.0,1.0,1.0,1.0,1.0,1.0,1.0,1.0,1.0,1.0,1.0,1.0,1.0183109,0.97934747,1.0783308
0.1298828125,1.0,1.0,1.0,1.0,1.0,1.0,1.0,1.0,1.0,1.0,1.0,1.0,1.0,1.0098336,1.0021658,1.0353695,0.0,0.0,0.0,0.0,0.0,0.0,0.0,0.0,0.0,0.0,0.0,0.0,0.0,-0.026865125,-0.04737553,-0.016011208,1.0,1.0,1.0,1.0,1.0,1.0,1.0,1.0,1.0,1.0,1.0,1.0,1.0,1.0153539,0.9808293,1.0784783
0.1318359375,1.0,1.0,1.0,1.0,1.0,1.0,1.0,1.0,1.0,1.0,1.0,1.0,1.0,1.010335,1.0006666,1.0387899,0.0,0.0,0.0,0.0,0.0,0.0,0.0,0.0,0.0,0.0,0.0,0.0,0.0,-0.02419722,-0.045689523,-0.013998777,1.0,1.0,1.0,1.0,1.0,1.0,1.0,1.0,1.0,1.0,1.0,1.0,1.0,1.0119764,0.98276603,1.0773208
0.1337890625,1.0,1.0,1.0,1.0,1.0,1.0,1.0,1.0,1.0,1.0,1.0,1.0,1.0,1.0106014,0.9988796,1.041385,0.0,0.0,0.0,0.0,0.0,0.0,0.0,0.0,0.0,0.0,0.0,0.0,0.0,-0.021285325,-0.04341176,-0.011557907,1.0,1.0,1.0,1.0,1.0,1.0,1.0,1.0,1.0,1.0,1.0,1.0,1.0,1.0082673,0.98503596,1.0747904
0.1357421875,1.0,1.0,1.0,1.0,1.0,1.0,1.0,1.0,1.0,1.0,1.0,1.0,1.0,1.010456,0.9967414,1.0429504,0.0,0.0,0.0,0.0,0.0,0.0,0.0,0.0,0.0,0.0,0.0,0.0,0.0,-0.018168658,-0.040598333,-0.008726805,1.0,1.0,1.0,1.0,1.0,1.0,1.0,1.0,1.0,1.0,1.0,1.0,1.0,1.0043453,0.9874945,1.070913
0.1376953125,1.0,1.0,1.0,1.0,1.0,1.0,1.0,1.0,1.0,1.0,1.0,1.0,1.0,1.0097803,0.9942101,1.0433766,0.0,0.0,0.0,0.0,0.0,0.0,0.0,0.0,0.0,0.0,0.0,0.0,0.0,-0.014890462,-0.037341774,-0.0055753887,1.0,1.0,1.0,1.0,1.0,1.0,1.0,1.0,1.0,1.0,1.0,1.0,1.0,1.0003484,0.98998225,1.0658107
0.1396484375,1.0,1.0,1.0,1.0,1.0,1.0,1.0,1.0,1.0,1.0,1.0,1.0,1.0,1.0085244,0.9912824,1.0426478,0.0,0.0,0.0,0.0,0.0,0.0,0.0,0.0,0.0,0.0,0.0,0.0,0.0,-0.011498123,-0.033765852,-0.0021964908,1.0,1.0,1.0,1.0,1.0,1.0,1.0,1.0,1.0,1.0,1.0,1.0,1.0,0.99642146,0.9923369,1.0596904
0.1416015625,1.0,1.0,1.0,1.0,1.0,1.0,1.0,1.0,1.0,1.0,1.0,1.0,1.0,1.0067033,0.9880066,1.0408312,0.0,0.0,0.0,0.0,0.0,0.0,0.0,0.0,0.0,0.0,0.0,0.0,0.0,-0.0080450475,-0.030015796,0.0013035536,1.0,1.0,1.0,1.0,1.0,1.0,1.0,1.0,1.0,1.0,1.0,1.0,1.0,0.9944056,0.99269986,1.0528256
0.1435546875,1.0,1.0,1.0,1.0,1.0,1.0,1.0,1.0,1.0,1.0,1.0,1.0,1.0,1.0043823,0.98448545,1.0380583,0.0,0.0,0.0,0.0,0.0,0.0,0.0,0.0,0.0,0.0,0.0,0.0,0.0,-0.004589826,-0.026246637,0.0048140883,1.0,1.0,1.0,1.0,1.0,1.0,1.0,1.0,1.0,1.0,1.0,1.0,1.0,0.99605757,0.9892963,1.0455302
0.1455078125,1.0,1.0,1.0,1.0,1.0,1.0,1.0,1.0,1.0,1.0,1.0,1.0,1.0,1.0016594,0.98086786,1.0345055,0.0,0.0,0.0,0.0,0.0,0.0,0.0,0.0,0.0,0.0,0.0,0.0,0.0,-0.0011930466,-0.022610813,0.008229852,1.0,1.0,1.0,1.0,1.0,1.0,1.0,1.0,1.0,1.0,1.0,1.0,1.0,0.997196,0.98628867,1.0381262
0.1474609375,1.0,1.0,1.0,1.0,1.0,1.0,1.0,1.0,1.0,1.0,1.0,1.0,1.0,0.99864566,0.9773305,1.0303762,0.0,0.0,0.0,0.0,0.0,0.0,0.0,0.0,0.0,0.0,0.0,0.0,0.0,0.0020888448,-0.019248188,0.011458844,1.0,1.0,1.0,1.0,1.0,1.0,1.0,1.0,1.0,1.0,1.0,1.0,1.0,0.9977671,0.98371625,1.0309134
0.1494140625,1.0,1.0,1.0,1.0,1.0,1.0,1.0,1.0,1.0,1.0,1.0,1.0,1.0,0.99545383,0.9740571,1.0258836,0.0,0.0,0.0,0.0,0.0,0.0,0.0,0.0,0.0,0.0,0.0,0.0,0.0,0.00521031,-0.016275078,0.014426887,1.0,1.0,1.0,1.0,1.0,1.0,1.0,1.0,1.0,1.0,1.0,1.0,1.0,0.9977634,0.98158115,1.0241435
0.1513671875,1.0,1.0,1.0,1.0,1.0,1.0,1.0,1.0,1.0,1.0,1.0,1.0,1.0,0.9921925,0.9712145,1.02124,0.0,0.0,0.0,0.0,0.0,0.0,0.0,0.0,0.0,0.0,0.0,0.0,0.0,0.008143812,-0.01377818,0.017080247,1.0,1.0,1.0,1.0,1.0,1.0,1.0,1.0,1.0,1.0,1.0,1.0,1.0,0.9972268,0.9798556,1.0180007
0.1533203125,1.0,1.0,1.0,1.0,1.0,1.0,1.0,1.0,1.0,1.0,1.0,1.0,1.0,0.9889676,0.9689337,1.0166471,0.0,0.0,0.0,0.0,0.0,0.0,0.0,0.0,0.0,0.0,0.0,0.0,0.0,0.010884345,-0.011808187,0.01938644,1.0,1.0,1.0,1.0,1.0,1.0,1.0,1.0,1.0,1.0,1.0,1.0,1.0,0.99623936,0.97849226,1.0125955
0.1552734375,1.0,1.0,1.0,1.0,1.0,1.0,1.0,1.0,1.0,1.0,1.0,1.0,1.0,0.985886,0.9672978,1.0122904,0.0,0.0,0.0,0.0,0.0,0.0,0.0,0.0,0.0,0.0,0.0,0.0,0.0,0.01345107,-0.010376006,0.021334648,1.0,1.0,1.0,1.0,1.0,1.0,1.0,1.0,1.0,1.0,1.0,1.0,1.0,0.9949129,0.9774326,1.0079647
0.1572265625,1.0,1.0,1.0,1.0,1.0,1.0,1.0,1.0,1.0,1.0,1.0,1.0,1.0,0.9830559,0.96633464,1.0083323,0.0,0.0,0.0,0.0,0.0,0.0,0.0,0.0,0.0,0.0,0.0,0.0,0.0,0.015885144,-0.009451985,0.022935838,1.0,1.0,1.0,1.0,1.0,1.0,1.0,1.0,1.0,1.0,1.0,1.0,1.0,0.99337244,0.97661644,1.0040809
0.1591796875,1.0,1.0,1.0,1.0,1.0,1.0,1.0,1.0,1.0,1.0,1.0,1.0,1.0,0.98058444,0.966018,1.0049082,0.0,0.0,0.0,0.0,0.0,0.0,0.0,0.0,0.0,0.0,0.0,0.0,0.0,0.01824376,-0.008966744,0.024223626,1.0,1.0,1.0,1.0,1.0,1.0,1.0,1.0,1.0,1.0,1.0,1.0,1.0,0.99173695,0.9759856,1.0008672
0.1611328125,1.0,1.0,1.0,1.0,1.0,1.0,1.0,1.0,1.0,1.0,1.0,1.0,1.0,0.97856814,0.96627337,1.0021185,0.0,0.0,0.0,0.0,0.0,0.0,0.0,0.0,0.0,0.0,0.0,0.0,0.0,0.020592272,-0.008817375,0.025253087,1.0,1.0,1.0,1.0,1.0,1.0,1.0,1.0,1.0,1.0,1.0,1.0,1.0,0.99010515,0.97548383,0.9982127
0.1630859375,1.0,1.0,1.0,1.0,1.0,1.0,1.0,1.0,1.0,1.0,1.0,1.0,1.0,0.9770826,0.966987,1.0000205,0.0,0.0,0.0,0.0,0.0,0.0,0.0,0.0,0.0,0.0,0.0,0.0,0.0,0.02299416,-0.008874774,0.026096612,1.0,1.0,1.0,1.0,1.0,1.0,1.0,1.0,1.0,1.0,1.0,1.0,1.0,0.9885443,0.9750565,0.9959875
0.1650390625,1.0,1.0,1.0,1.0,1.0,1.0,1.0,1.0,1.0,1.0,1.0,1.0,1.0,0.9761703,0.9680159,0.9986226,0.0,0.0,0.0,0.0,0.0,0.0,0.0,0.0,0.0,0.0,0.0,0.0,0.0,0.02550137,-0.008995444,0.026835889,1.0,1.0,1.0,1.0,1.0,1.0,1.0,1.0,1.0,1.0,1.0,1.0,1.0,0.9870835,0.9746469,0.99405575
0.1669921875,1.0,1.0,1.0,1.0,1.0,1.0,1.0,1.0,1.0,1.0,1.0,1.0,1.0,0.9758342,0.9692007,0.99787706,0.0,0.0,0.0,0.0,0.0,0.0,0.0,0.0,0.0,0.0,0.0,0.0,0.0,0.027550548,-0.009032071,0.028147012,1.0,1.0,1.0,1.0,1.0,1.0,1.0,1.0,1.0,1.0,1.0,1.0,1.0,0.98571527,0.9741946,0.9922835
0.1689453125,1.0,1.0,1.0,1.0,1.0,1.0,1.0,1.0,1.0,1.0,1.0,1.0,1.0,0.9760365,0.97037476,0.99768186,0.0,0.0,0.0,0.0,0.0,0.0,0.0,0.0,0.0,0.0,0.0,0.0,0.0,0.028306276,-0.008845389,0.030940741,1.0,1.0,1.0,1.0,1.0,1.0,1.0,1.0,1.0,1.0,1.0,1.0,1.0,0.9843989,0.97363526,0.99054515
0.1708984375,1.0,1.0,1.0,1.0,1.0,1.0,1.0,1.0,1.0,1.0,1.0,1.0,1.0,0.9767052,0.97137535,0.9978847,0.0,0.0,0.0,0.0,0.0,0.0,0.0,0.0,0.0,0.0,0.0,0.0,0.0,0.029145598,-0.008314699,0.033869892,1.0,1.0,1.0,1.0,1.0,1.0,1.0,1.0,1.0,1.0,1.0,1.0,1.0,0.9830685,0.97290415,0.98872554
0.1728515625,1.0,1.0,1.0,1.0,1.0,1.0,1.0,1.0,1.0,1.0,1.0,1.0,1.0,0.97774345,0.9720518,0.9982997,0.0,0.0,0.0,0.0,0.0,0.0,0.0,0.0,0.0,0.0,0.0,0.0,0.0,0.030083865,-0.0073455274,0.03690335,1.0,1.0,1.0,1.0,1.0,1.0,1.0,1.0,1.0,1.0,1.0,1.0,1.0,0.98164326,0.97193986,0.9867255
0.1748046875,1.0,1.0,1.0,1.0,1.0,1.0,1.0,1.0,1.0,1.0,1.0,1.0,1.0,0.9790429,0.97227407,0.9987267,0.0,0.0,0.0,0.0,0.0,0.0,0.0,0.0,0.0,0.0,0.0,0.0,0.0,0.031112611,-0.005876839,0.039998665,1.0,1.0,1.0,1.0,1.0,1.0,1.0,1.0,1.0,1.0,1.0,1.0,1.0,0.98003954,0.97069293,0.98446494
0.1767578125,1.0,1.0,1.0,1.0,1.0,1.0,1.0,1.0,1.0,1.0,1.0,1.0,1.0,0.9804925,0.97193867,0.9989765,0.0,0.0,0.0,0.0,0.0,0.0,0.0,0.0,0.0,0.0,0.0,0.0,0.0,0.032206923,-0.0038834512,0.043109432,1.0,1.0,1.0,1.0,1.0,1.0,1.0,1.0,1.0,1.0,1.0,1.0,1.0,0.97818196,0.96913165,0.9818917
0.1787109375,1.0,1.0,1.0,1.0,1.0,1.0,1.0,1.0,1.0,1.0,1.0,1.0,1.0,0.98198813,0.97097707,0.99889326,0.0,0.0,0.0,0.0,0.0,0.0,0.0,0.0,0.0,0.0,0.0,0.0,0.0,0.03333637,-0.0013765693,0.0461922,1.0,1.0,1.0,1.0,1.0,1.0,1.0,1.0,1.0,1.0,1.0,1.0,1.0,0.97601545,0.96724826,0.9789881
0.1806640625,1.0,1.0,1.0,1.0,1.0,1.0,1.0,1.0,1.0,1.0,1.0,1.0,1.0,0.9834357,0.9693613,0.9983709,0.0,0.0,0.0,0.0,0.0,0.0,0.0,0.0,0.0,0.0,0.0,0.0,0.0,0.034474432,0.0016014576,0.04920946,1.0,1.0,1.0,1.0,1.0,1.0,1.0,1.0,1.0,1.0,1.0,1.0,1.0,0.9735095,0.9650617,0.97577935
0.1826171875,1.0,1.0,1.0,1.0,1.0,1.0,1.0,1.0,1.0,1.0,1.0,1.0,1.0,0.9847521,0.96710724,0.997359,0.0,0.0,0.0,0.0,0.0,0.0,0.0,0.0,0.0,0.0,0.0,0.0,0.0,0.035607338,0.004983425,0.05213234,1.0,1.0,1.0,1.0,1.0,1.0,1.0,1.0,1.0,1.0,1.0,1.0,1.0,0.9706639,0.9626165,0.9723333
0.1845703125,1.0,1.0,1.0,1.0,1.0,1.0,1.0,1.0,1.0,1.0,1.0,1.0,1.0,0.98586607,0.9642779,0.9958617,0.0,0.0,0.0,0.0,0.0,0.0,0.0,0.0,0.0,0.0,0.0,0.0,0.0,0.03673771,0.008686811,0.054940075,1.0,1.0,1.0,1.0,1.0,1.0,1.0,1.0,1.0,1.0,1.0,1.0,1.0,0.96750504,0.9599783,0.9687568
0.1865234375,1.0,1.0,1.0,1.0,1.0,1.0,1.0,1.0,1.0,1.0,1.0,1.0,1.0,0.9867149,0.9609793,0.9939273,0.0,0.0,0.0,0.0,0.0,0.0,0.0,0.0,0.0,0.0,0.0,0.0,0.0,0.037886083,0.012622982,0.05762039,1.0,1.0,1.0,1.0,1.0,1.0,1.0,1.0,1.0,1.0,1.0,1.0,1.0,0.9640815,0.9572255,0.9651827
0.1884765625,1.0,0.9998392613843212,0.9999598153460802,1.0,0.9999598605438034,0.9999598356714228,0.9999604024101091,0.9999598153468293,0.9999598153464642,0.9999598153475613,0.9999598597050959,0.9999598261236692,0.9999601842461976,0.9872445,0.9573548,0.991634,0.0,0.0001901821640690214,4.753980898358194e-05,0.0,4.7489119378797225e-05,4.688141237771037e-05,4.751701395026084e-05,4.7539808143446267e-05,4.753980732260475e-05,4.753980855296178e-05,4.7490059995761046e-05,4.712608471120305e-05,4.7527721831703745e-05,0.039088726,0.016704112,0.06016861,1.0,0.9997750489977132,0.9999437636056118,1.0,0.9999438246788781,0.9999437910701603,0.9999445568737615,0.999943763606624,0.9999437636061307,0.9999437636076131,0.9999438235455775,0.9999437781687917,0.9999442620805841,0.9604589,0.95443857,0.96175146
0.1904296875,1.0,0.9998392613843212,0.999879446038241,1.0,0.9998795785803931,0.999879505642231,0.999881167601286,0.9998794460404378,0.999879446039367,0.999879446042584,0.9998795761208868,0.9998794776434798,0.9998805278364404,0.9874095,0.9535732,0.98907727,0.0,0.0001901821640690214,0.00014263089055735752,0.0,0.0001424768404097555,0.0001406299677148908,0.00014256161445170556,0.00014263088800411141,0.000142630885509502,0.000142630889248665,0.00014247969902682909,0.00014137354705228274,0.0001425941566419382,0.040391937,0.020849198,0.06258787,1.0,0.9997750489977132,0.9998312881045777,1.0,0.9998314714187995,0.9998313705406859,0.9998336691349667,0.9998312881076158,0.9998312881061349,0.9998312881105842,0.9998314680171458,0.999831331816633,0.9998327842999781,0.95671225,0.95169145,0.9585903
0.1923828125,1.0,0.9998392613843212,0.9997990767304015,1.0,0.9997992966169825,0.999799175613039,0.9998019327924627,0.9997990767340459,0.9997990767322694,0.9997990767376066,0.9997992925366773,0.9997991291632903,0.9998008714266831,0.98635924,0.9498144,0.98717594,0.0,0.0001901821640690214,0.0002377372600116396,0.0,0.0002374798161038648,0.00023439338229291876,0.00023762148789139437,0.00023773725574473224,0.00023773725157581665,0.00023773725782459242,0.0002374845933371139,0.000235636027212797,0.00023767587140857834,0.041844964,0.024988145,0.064889014,1.0,0.9997750489977132,0.9997188089864721,1.0,0.9997191145495087,0.9997189463976756,0.9997227778805158,0.9997188089915366,0.9997188089890681,0.9997188089964847,0.9997191088793564,0.9997188818492778,0.9997213029661967,0.9529225,0.9490436,0.95579267
0.1943359375,1.0,0.9998392613843212,0.9997187074225622,1.0,0.9997183097961059,0.9997135427334272,0.9997185286105921,0.9997187074159719,0.999718707409533,0.9997187074191842,0.9997183171746248,0.9997154620279638,0.9997186126068456,0.98358214,0.9462547,0.9865258,0.0,0.0001901821640690214,0.00033285892103349443,0.0,0.00033332122168875153,0.00033306681684008117,0.0003388636788126536,0.00033285892869571826,0.00033285892496084593,0.0003328589361819751,0.0003333126430456628,0.00033296915855403385,0.00033663219189993503,0.043492958,0.029063284,0.067089975,1.0,0.9997750489977132,0.9996063262504238,1.0,0.9996057762725371,0.9995991826929043,0.999606078926274,0.9996063262413086,0.9996063262324024,0.9996063262457516,0.9996057864781521,0.9996018373734195,0.9996061951058696,0.9491732,0.9465362,0.95340455
0.1962890625,1.0,0.9929629674185103,0.9970541252804543,1.0,0.9970701904826603,0.9970546358472402,0.9972719628814847,0.997054128352733,0.9970541253250107,0.9970542801696766,0.997062643914072,0.9970546263729544,0.9971910103775471,0.9808454,0.9430508,0.98546284,0.0,0.008344101776979612,0.0035210582688554896,0.0,0.003502667208995321,0.0032717334396890232,0.0035204737750727157,0.003521054751727589,0.003520880952543122,0.003521058217847597,0.0035113062666983674,0.00336437446456556,0.003520484621172577,0.045370206,0.033030868,0.069215,1.0,0.9901691170892727,0.9958548293058992,1.0,0.9958767683765712,0.9958555265516602,0.9961523026877193,0.9958548335014981,0.9958548293667467,0.9958550408274159,0.9958664625970628,0.9958555136132844,0.9960417589414703,0.9455472,0.94419146,0.9514176
0.1982421875,1.0,0.9929629674185103,0.9943266867058249,1.0,0.994357188530255,0.9943276560816386,0.9947402790264018,0.9943266925389357,0.9943266867904208,0.9943269807826626,0.9943428604124274,0.9943276380935052,0.9945865804279888,0.97824615,0.9403278,0.9840157,0.0,0.008344101776979612,0.006732010737392546,0.0,0.006696475612404192,0.006250354475578316,0.006730881365151687,0.006732003941514535,0.0067316681226522205,0.006732010638833884,0.006713167832809005,0.0064293001282192015,0.006730902322224117,0.04749699,0.036862224,0.071293145,1.0,0.9901691170892727,0.9920653838909469,1.0,0.9921074151827438,0.9920667196914819,0.9926352683454727,0.9920653919289792,0.9920653840075203,0.9920657891290842,0.9920876712033369,0.9920666949038264,0.9924234994584284,0.94212496,0.9420157,0.94977146
0.2001953125,1.0,0.9929629674185103,0.9915992481311957,0.9999924398978082,0.9916441865778499,0.9916006763160374,0.9922085951713192,0.9915992567251386,0.9915992482558312,0.9915996813956489,0.991623076910783,0.9916006498140563,0.9919821504784305,0.9758748,0.93817043,0.9822389,0.0,0.008344101776979612,0.009960626945873926,8.945193646289963e-06,0.009907759655868913,0.009244175796616655,0.00995894670143148,0.009960616835176028,0.009960117214291072,0.009960626799241383,0.00993259327064636,0.009510319597971547,0.009958977880689411,0.049879342,0.040543377,0.07335669,1.0,0.9901691170892727,0.9882718152286651,0.9999894162143537,0.988333982648111,0.9882737909830405,0.9891146857808992,0.9882718271175498,0.9882718154010861,0.9882724146078793,0.9883047798736495,0.9882737543201459,0.988801483184905,0.9400037,0.9389782,0.948364
0.2021484375,1.0,0.9929629674185103,0.9888718095565663,0.998560895931552,0.9887803040832761,0.9876310325948355,0.988868901429125,0.988871792057234,0.9888709273260533,0.9888718093027785,0.988823288436759,0.9880921283900749,0.9888689553935254,0.9738084,0.93661845,0.9802078,0.0,0.008344101776979612,0.013207053051056955,0.0017035138418072338,0.01331485892290104,0.013210478913072268,0.014670557830111109,0.013207073665739057,0.01320705335002575,0.013208092343134881,0.013264215033274672,0.013210415341194269,0.014126263083561746,0.05251129,0.044075295,0.07543959,1.0,0.9901691170892727,0.9844740892016771,0.9979862259958014,0.9843477169555873,0.9827601410904703,0.984470073047102,0.9844740650349291,0.9844728708325525,0.9844740888511936,0.984407080417562,0.9833971749576889,0.9844701475725484,0.9381421,0.9361646,0.9470638
0.2041015625,1.0,0.9780197527872867,0.984191426643511,0.9949002877358997,0.9847576609126744,0.9846063967138388,0.9851004403514937,0.9841914277627418,0.9841914270642534,0.9841914836659192,0.9845986963597602,0.9845472377272959,0.9846734345655032,0.97209954,0.93566674,0.978009,0.0,0.026231790916134864,0.01885719733907468,0.006045754295143305,0.018192394651883572,0.017790316528585166,0.018369915634241035,0.018857196024255413,0.018857130351857446,0.018857196844806457,0.018378954092320276,0.01829123447027728,0.018439358410706003,0.05537595,0.047472432,0.07757607,1.0,0.9693772189322014,0.9779179213762024,0.9928685438146183,0.9786950581270565,0.9784874703333791,0.9791654264149221,0.9779179229124796,0.9779179219537214,0.9779179996462305,0.9784769024015554,0.9784062799763651,0.9785794714247964,0.9364116,0.9337195,0.9457305
0.2060546875,0.9947747274781805,0.9780197527872867,0.9800769774060282,0.9903289787480829,0.9807891257911445,0.9805988819984369,0.981220236794311,0.980076978813676,0.9800769779351926,0.9800770491226624,0.9805891973236998,0.980524478206533,0.980683194977012,0.9707614,0.93526834,0.9757257,0.006195588849935985,0.026231790916134864,0.023763273326583637,0.011487623148568668,0.022918356483470306,0.02240746781253148,0.023143947999637253,0.023763271655289367,0.023763188177731896,0.02376327269830896,0.023155434450115947,0.023043958681087367,0.023232199996136106,0.05844769,0.05076012,0.07979828,0.9926922714480295,0.9693772189322014,0.9722264936373536,0.9864878820394054,0.9732068726983666,0.9729450009854881,0.9738002257212736,0.9722264955754687,0.9722264943659318,0.9722265923801574,0.9729316694390101,0.9728425782915466,0.9730610607655329,0.9347879,0.9316491,0.9442329
0.2080078125,0.9893074928676194,0.9780197527872867,0.9759625281685452,0.985405208414855,0.975764670026649,0.9756448932725058,0.9758175259821199,0.9759625277774546,0.9759625082433158,0.975962528021526,0.975820216701903,0.9757941010756999,0.9758381977919897,0.96975726,0.93533957,0.97342575,0.012706005516602652,0.026231790916134864,0.028710715247769827,0.01737120277373361,0.028947187400114826,0.02888400668525872,0.029090386400237877,0.02871071571509099,0.028710715423445686,0.028710739056781304,0.028880790549615166,0.02885929875397835,0.02891200651387476,0.061692044,0.0539708,0.08213438,0.9850625710859484,0.9693772189322014,0.9665255503209349,0.9796282832633785,0.9662530258343609,0.9660880379437138,0.966325830343535,0.9665255497822789,0.9665255228775583,0.9665255501184427,0.9663295365357436,0.9662935647523072,0.966354303550702,0.933239,0.9299257,0.9424653
0.2099609375,0.9838643228523914,0.9780197527872867,0.9718480789310624,0.9803415778355627,0.9707675544186789,0.9701134407308363,0.9710562064547512,0.9718480767952745,0.9718479701172494,0.9718480781281748,0.9710709007637838,0.9709282805309319,0.9711690974233282,0.96899587,0.9357671,0.97115004,0.01921642218326932,0.026231790916134864,0.03370004848732442,0.02344620386227658,0.03500531195931758,0.03465633866100057,0.03579688802962218,0.03370005106446767,0.033700049456126785,0.033700179787259185,0.034638579147912636,0.03451991265338069,0.03481097239262897,0.06506507,0.057140157,0.0846055,0.9774831896070376,0.9693772189322014,0.9608149705705231,0.9725880493430705,0.9593226522928283,0.9584189302824299,0.9597213760010606,0.9608149676214287,0.9608148203204825,0.9608149694618966,0.9597416724255945,0.9595446739241525,0.9598773028168857,0.93172514,0.92848635,0.9403613
0.2119140625,0.9784451379028416,0.9600473735186474,0.966977134571575,0.9752199691651529,0.9673015920042938,0.9671608188464613,0.9677296111326325,0.9669771428428088,0.966977142006566,0.9669777301287206,0.9671810175879603,0.9671574103260488,0.9673761380853372,0.9683385,0.93641484,0.9689073,0.025726838849935985,0.04805111339478056,0.03964250018923333,0.029616288832299824,0.03925326794414798,0.038740198162491545,0.03942211303848749,0.039642490263397785,0.03964178549553336,0.039642491266924935,0.03939788339390149,0.03916387633913609,0.03942620187016188,0.06851421,0.06030239,0.08722289,0.9699538501570181,0.9445337419845288,0.9540599198724485,0.9654819766013989,0.9545042544908666,0.9543114771165109,0.955090324111134,0.9540599312003998,0.9540599300551151,0.9540607355236058,0.9543391383257003,0.9543068092886384,0.9546063348112166,0.93019736,0.9272355,0.93789715
0.2138671875,0.9730498586647283,0.9600473735186474,0.9623572938696233,0.9700732892990118,0.9627383278845411,0.9625730077034865,0.9632409819478672,0.9623573035831361,0.9623573026010753,0.9623579932757932,0.9625967285580379,0.9625690048294984,0.9628258727816277,0.96667725,0.9371331,0.96761626,0.032237255516602656,0.04805111339478056,0.045234787014056824,0.035842667287143436,0.04477303805539746,0.044164464935690505,0.04497333333448103,0.04523477523825713,0.04523393911677885,0.04523477642882034,0.04494458987402341,0.04466700003666052,0.0449781839086364,0.07198158,0.063486576,0.08998619,0.9624742771015515,0.9445337419845288,0.9477121659825155,0.9583561225428269,0.9482351445246232,0.9480082485981326,0.9489249240845506,0.9477121793155968,0.9477121779675883,0.9477131260098753,0.9480408055562524,0.9480027546078281,0.9483552904518456,0.9285991,0.9260503,0.93508685
0.2158203125,0.9676784059590335,0.9600473735186474,0.9577374531676716,0.9649168338085561,0.9574091781954699,0.9569761230292504,0.9575516076787058,0.9577374447991192,0.9577368506032495,0.957737445645201,0.9575311712804747,0.9573337550113646,0.9575550563034894,0.96441907,0.937769,0.9666544,0.03874767218326932,0.04805111339478056,0.05088102489656291,0.04210735927310093,0.051282974451263924,0.05110854574539236,0.051813641805951695,0.05088103513975319,0.05088103410414067,0.05088176244178281,0.051133570341842564,0.05110432297140441,0.051375363764867385,0.07541017,0.06671436,0.092882216,0.9550441960222112,0.9445337419845288,0.94135225737302,0.9512318829226316,0.9409007683965622,0.9403050765358072,0.9410966646483053,0.9413522458642222,0.9413514287000776,0.9413522470277907,0.941068557322896,0.9407970272962364,0.9411014077118597,0.92687225,0.9247914,0.9319687
0.2177734375,0.9623307007817655,0.9600473735186474,0.9531176124657199,0.9597588868197784,0.952740395990285,0.9522427779648397,0.9529040598459362,0.9531176028495257,0.9531169200668265,0.9531176038217474,0.9528805766481169,0.9526537281962604,0.9529080226155534,0.96208435,0.93817985,0.9652991,0.045258088849935985,0.04805111339478056,0.05658199835260439,0.048400695101152,0.057048197258829925,0.056845881043025126,0.05766376451207794,0.05658201023248043,0.05658200903139481,0.05658285374495599,0.056874905978082785,0.05684098325104405,0.05715536146799254,0.07875098,0.069998965,0.095886186,0.9476633337124489,0.9445337419845288,0.9349800172991388,0.9441208013855711,0.9344603328120176,0.9337746464127089,0.9346858197949054,0.9349800040521333,0.9349790634692697,0.9349800053914393,0.9346534669059723,0.9343409204133454,0.9346912792856737,0.92496085,0.92331415,0.92859
0.2197265625,0.957006664303767,0.941061027171673,0.9482310462769332,0.9546046890455682,0.9484319730660974,0.9483339163091903,0.9487370595404678,0.9482310991577787,0.94823105656116,0.9482321551207146,0.9483573049343605,0.9483320074108647,0.9484993617044288,0.95963067,0.93824345,0.9634377,0.051768505516602656,0.07145583077018373,0.0626165335895813,0.05471655922056589,0.062371051572616375,0.06199851141142762,0.062490839279646035,0.06261646896879758,0.06261517857580154,0.06261652102217967,0.06246226511040704,0.062288742890634456,0.062493171466273395,0.08197105,0.0733449,0.09896368,0.9403314181735789,0.9184880336195205,0.9282688433913161,0.9370301326857445,0.9285423225426249,0.9284088614696874,0.9289575285613393,0.9282689153698369,0.9282688573896445,0.9282703526886203,0.9284406952727075,0.9284062632916162,0.9286340393282797,0.92281777,0.92148465,0.9249892
0.2216796875,0.9517062178705227,0.941061027171673,0.9434510335400931,0.9494578384812592,0.9436835808871904,0.9435700925923812,0.9440366798967612,0.9434510947429839,0.9434510454427849,0.9434523168865336,0.9435971619680391,0.943567883283989,0.943761574713368,0.9570312,0.9378706,0.9610133,0.05827892218326932,0.07145583077018373,0.06849447022047757,0.061050704559475935,0.06820743060455575,0.0677718611200948,0.06834749466715573,0.06849439465744264,0.06849288576221085,0.06849445552503503,0.06831408334512475,0.0681111923471539,0.06835022166779217,0.08505748,0.076750755,0.10207452,0.9330481786107706,0.9184880336195205,0.921751588015321,0.9299648484570218,0.9220687678867062,0.9219139809162874,0.9225503131736251,0.921751671496284,0.9217516042506355,0.9217533385040296,0.9219509015782409,0.9219109675615372,0.9221751395697044,0.9204108,0.91919225,0.9211913
0.2236328125,0.9464292830019619,0.941061027171673,0.9386710208032528,0.9443210153033134,0.9384408700660025,0.938091410059731,0.9385531887617247,0.938670960231113,0.9386697506828531,0.938671009023229,0.938526398360362,0.938363680036446,0.9385553753012041,0.9542787,0.9370104,0.95802623,0.06478933884993598,0.07145583077018373,0.07443227151394326,0.06739996877021076,0.07471939601863477,0.0745792552610304,0.07515563414563,0.0744323470621807,0.07443228620650646,0.0744338556660194,0.07461267877059728,0.07457652743452664,0.07481572596451906,0.08801858,0.08021015,0.10517791,0.925813345429043,0.9184880336195205,0.915221161300691,0.9229285773404833,0.9149065811615067,0.9144288646671382,0.9150601071560039,0.9152210785121001,0.9152194253292462,0.9152211452000287,0.915023488605671,0.9148010675055364,0.9150630958163447,0.91720533,0.9163627,0.9177244
0.2255859375,0.9411757813922699,0.941061027171673,0.9338910080664127,0.9391962303953864,0.9336876846674015,0.9333789591897318,0.9337869110233957,0.9338909545548162,0.9338898859965905,0.933890997659518,0.9337632434239301,0.933619492232449,0.9337888426906341,0.95138156,0.93565005,0.95452845,0.07129975551660266,0.07145583077018373,0.08043085670096059,0.07376193192655438,0.0806870695344283,0.08056201801517598,0.0810763155508251,0.080430924117567,0.08043086981209052,0.08043227034269702,0.08059184305257108,0.08055958386597958,0.08077302549532059,0.09088066,0.08371602,0.10823783,0.9186266502292789,0.9184880336195205,0.9086773609995221,0.9159240414916988,0.9083989038672836,0.9079760487132793,0.9085348002249246,0.9086772877171062,0.9086758243605148,0.9086773467476135,0.9085023865793831,0.9083055069115712,0.9085374456993918,0.9130327,0.91296303,0.91475815
0.2275390625,0.9359456349096897,0.9218072716239261,0.9290243260446033,0.9340850683435546,0.9292070514539157,0.929119488397161,0.9294287826195258,0.9290243971888326,0.9290243371279041,0.9290255971625774,0.9291391472934453,0.9291177225256873,0.9292387906577355,0.94835424,0.9338091,0.9506087,0.07781017218326933,0.09557447463541725,0.08653020379013802,0.08013470198029493,0.08630310620751695,0.08602765081664061,0.08641192151618636,0.08653011535219665,0.08652862369133348,0.08653019001271171,0.08638748946362176,0.08626366870982502,0.08641411618972805,0.093683854,0.08726342,0.11123018,0.9114878258042375,0.8922883300684298,0.9020531999969167,0.9089533330048214,0.9023000245183376,0.9021817471937442,0.9025995120777848,0.9020532961018976,0.9020532149687627,0.9020549170825974,0.9022083021735462,0.9021793618668106,0.9023428957143155,0.90900284,0.9086755,0.9115239
0.2294921875,0.9307387655963288,0.9218072716239261,0.9242129564308185,0.9289887760239899,0.9244104370304369,0.9243158032024575,0.9246500731254034,0.9242130333199885,0.9242129684091028,0.9242143301923585,0.9243370495668283,0.9243138947357654,0.9244447391946807,0.94520444,0.93152976,0.946375,0.08432058884993598,0.09557447463541725,0.09254402313318301,0.08651677186241935,0.09229601971256408,0.09199521813349747,0.09241485114048506,0.09254392655230302,0.09254229754670253,0.0925440080871977,0.09238817002316299,0.09225295259032557,0.0924172478469718,0.096476376,0.090852514,0.11414841,0.9043966061345788,0.8922883300684298,0.8955466553913043,0.90201807690585,0.8958139624795425,0.8956858702381508,0.8961383001517902,0.8955467594718783,0.8955466716056388,0.8955485149750341,0.895714628849163,0.8956832869667736,0.8958603911108284,0.9045279,0.9041432,0.9080379
0.2314453125,0.9255550956679718,0.9218072716239261,0.9194015868170337,0.92390834433808,0.9191975887829202,0.9189500439994315,0.9192953458026261,0.9194015073902972,0.9194001677173649,0.9194015744434311,0.9192733982464,0.9191621545474302,0.9192973172542731,0.9419246,0.928865,0.94193536,0.09083100551660266,0.09557447463541725,0.09862078495547709,0.09290691729835285,0.09887977483329584,0.0987556510658475,0.09919420480271483,0.09862088577094993,0.09862080066115202,0.09862258620552353,0.09878351595694507,0.09875314815137455,0.09892477281037051,0.09931141,0.09449057,0.11700821,0.8973527263849091,0.8922883300684298,0.8890266008078702,0.8951195391591522,0.8887498705420812,0.8884140344934955,0.8888824843392298,0.8890264930676025,0.8890246758361284,0.8890265840234057,0.8888527115354982,0.888701800282855,0.8888851586841836,0.89961046,0.89945585,0.90431637
0.2333984375,0.9203945475138768,0.9218072716239261,0.9145902172032488,0.9188445818404662,0.9144140092284314,0.9142001867513436,0.9144984490934597,0.9145901485965859,0.9145889914234034,0.9145902065152662,0.9144794913890307,0.9143834020958577,0.9145001519799786,0.9373808,0.9258679,0.9384855,0.09734142218326933,0.09557447463541725,0.10476148261839587,0.09930413190517558,0.10498753568751175,0.10487919889913885,0.10526196054697727,0.10476157061532068,0.10476149632711605,0.10476305484168692,0.10490351999139294,0.1048770142926324,0.10502680973945923,0.10224615,0.0981939,0.11984952,0.89035592289981,0.8922883300684298,0.8824928230314644,0.8882587108697203,0.8822532880546908,0.8819625952693384,0.8823680769122211,0.8824927297720387,0.8824911567858164,0.8824928085029177,0.8823423058895515,0.8822116791854532,0.8823703917983124,0.89463806,0.8943367,0.90036833
0.2353515625,0.9152570436965894,0.9025700702613944,0.9097582828332496,0.9137981325592864,0.9099224093200398,0.9098524626405903,0.9101372344349998,0.9097583589486826,0.909758295683994,0.9097597502723996,0.9098614168650857,0.9098507150016268,0.909959223338867,0.9327759,0.92258537,0.9348407,0.10385183884993598,0.12007717601459417,0.11091662074307018,0.10570758487864804,0.11070914471446422,0.11043769246672104,0.11079755675185418,0.11091652450646776,0.11091476538816561,0.11091660449522112,0.11078623792577069,0.11066261755168957,0.1107997659274411,0.105342254,0.101986796,0.12273352,0.8834059331999015,0.8663287753173564,0.8759732444513358,0.8814363763309245,0.8761931423033864,0.8760994291527682,0.8764809428788315,0.8759733464349739,0.8759732616694693,0.8759752106063191,0.8761114260009709,0.8760970876648969,0.8762424638408326,0.88971287,0.8887958,0.89619434
0.2373046875,0.9101425069517465,0.9025700702613944,0.9049661411186795,0.9087695421899533,0.905137112879582,0.9050642489123538,0.9053608977720092,0.9049662204086825,0.9049661545053939,0.9049676697607677,0.9050735765934578,0.9050624283840719,0.9051754623120708,0.9281545,0.9190567,0.930936,0.11036225551660266,0.12007717601459417,0.11700748804324135,0.11211658523394932,0.11678906634220129,0.11650329889078649,0.11688214221864618,0.11700738672868703,0.11700553479014494,0.11700747093806982,0.11687022627344745,0.11674008508816709,0.11688446793949872,0.108667985,0.10590197,0.12573731,0.8765024959778998,0.8663287753173564,0.8695469824036415,0.8746531580481115,0.8697765260558815,0.8696787022982928,0.8700769495922877,0.8695470888609959,0.8695470003770829,0.8695490348079102,0.8696912253821347,0.8696762581019293,0.8698280109522691,0.88469183,0.88307065,0.89178616
0.2392578125,0.9050508601878797,0.9025700702613944,0.9001739994041092,0.9037592540005858,0.8999941316087168,0.8997587026991087,0.9000707868474515,0.9001739159884741,0.9001723912234313,0.9001739853208548,0.9000609738267079,0.8999537867714178,0.9000727021017998,0.9235255,0.9153146,0.92672604,0.11687267218326933,0.12007717601459417,0.12316320569298136,0.11853054813675645,0.12339553568865956,0.12329651099406487,0.1236997727185222,0.12316331341701012,0.12316322388027663,0.12316528252179944,0.12330918669938475,0.12329403704806743,0.1234476606921496,0.11229929,0.109978035,0.12894423,0.8696453510946843,0.8663287753173564,0.8631071481590631,0.8679095432727371,0.8628651286908079,0.8625483200971381,0.862968273823005,0.8631070359244212,0.8631049843723412,0.8631071292102295,0.8629550698954561,0.8628108403949349,0.8629708508901599,0.8795658,0.87723356,0.8871297
0.2412109375,0.8999820264862302,0.9025700702613944,0.8953818576895392,0.8987676309839365,0.8952266272372389,0.8950234461394596,0.8952927826451818,0.8953817856997383,0.8953804697889788,0.8953818455353347,0.8952843137603259,0.8951918086232218,0.8952944355580787,0.91888154,0.91139024,0.92219025,0.12338308884993598,0.12007717601459417,0.1293848149421079,0.12494896975734689,0.1295874689556673,0.12950109419734174,0.1298528289608843,0.1293849089088121,0.12938483080672264,0.1293866265408544,0.12951215074996997,0.12949893626130507,0.1296329344541449,0.11631878,0.11425659,0.13243449,0.8628342395753867,0.8663287753173564,0.8566535237997687,0.8612059055756084,0.8564442001176437,0.8561701941747298,0.8565334105305682,0.856653426727056,0.8566516523219935,0.8566535074107585,0.8565219904082536,0.8563972462248667,0.8565356394455362,0.87429845,0.87134385,0.8822096
0.2431640625,0.8949359291005426,0.8834701379073652,0.8905956453649686,0.8937949743324555,0.8907405857995769,0.8906888696912126,0.8909503915480685,0.8905957240422469,0.8905956616908907,0.8905973069125087,0.8906871397825465,0.8906867232384403,0.890783750856722,0.914212,0.90731895,0.9173468,0.12989350551660267,0.14482125009501826,0.13558471659951973,0.1313714146580039,0.1353983309325654,0.13512863935704172,0.13546482812840316,0.13558461540828015,0.13558257959427444,0.1355846956018386,0.1354670525993011,0.13534283469328218,0.13546758823016603,0.120810956,0.11877859,0.13627526,0.8560689036054635,0.8407722318029707,0.850251262751424,0.8545425285730779,0.8504438233850651,0.8503751173625904,0.850722538922664,0.8502513672814901,0.850251284441927,0.8502534702707619,0.850372819112475,0.8503722657173657,0.8505011679359722,0.86882865,0.8654494,0.8770142
0.2451171875,0.8899124914568849,0.8834701379073652,0.8858453070598996,0.8888415326728536,0.8859936136080964,0.8859406964387889,0.8862082919098052,0.8858453875643882,0.8858453237649767,0.885847007195414,0.8859389263545219,0.8859385001365466,0.8860377811355721,0.9095125,0.90314406,0.9122581,0.13640392218326933,0.14482125009501826,0.14172589531776011,0.13779750958536008,0.1415331360785488,0.14125422542255583,0.14160190698014322,0.14172579066573537,0.14172368522610232,0.14172587360194897,0.14160420751523806,0.1414757424592793,0.14160476146165696,0.12585407,0.12358026,0.14051512,0.8493490865268087,0.8407722318029707,0.8439352766149566,0.8479196281985107,0.8441327199037632,0.8440622717947546,0.8444185018358826,0.8439353837956641,0.8439352988554807,0.8439375401118612,0.8440599152699428,0.8440593478428726,0.8441915184171647,0.86307245,0.8595891,0.87153876
0.2470703125,0.8849116371534423,0.8834701379073652,0.8810949687548307,0.8839075224531353,0.8809375307207049,0.8807096343115346,0.8809937060899558,0.8810948832935441,0.8810931639390868,0.8810949510211936,0.8809955851613159,0.8808906437235863,0.8809960376222554,0.904793,0.89891875,0.90702766,0.14291433884993598,0.14482125009501826,0.14793329317817713,0.14422693536858733,0.148140204597474,0.148066368173847,0.14843984630131327,0.1479334054747912,0.1479333164802748,0.1479356647209027,0.1480638985013179,0.14806330383130212,0.14820183967475195,0.13150823,0.12868908,0.1451809,0.8426745328338446,0.8407722318029707,0.8376057828471662,0.8413373668131696,0.8373957169617446,0.8370916133793823,0.8374706721739147,0.8376056688222633,0.8376033748092249,0.8376057591864386,0.8374731793995733,0.8373331538224047,0.837473783113247,0.8569373,0.8537933,0.8657871
0.2490234375,0.8799332899603319,0.8834701379073652,0.8763446304497617,0.8789931219726749,0.8762088215010825,0.8760122338600523,0.8762572794095034,0.8763445567292815,0.8763430735824512,0.8763446151523997,0.8762589003310763,0.8761683759135802,0.8762592906322183,0.90007627,0.894704,0.9017886,0.14942475551660267,0.14482125009501826,0.15420798702879382,0.15065941525068224,0.1543884134976689,0.15432402922138483,0.15464968547519647,0.15420808495360572,0.1542080073486723,0.15421005505922447,0.15432187568439917,0.15432135713616738,0.1544421575447222,0.13780321,0.13412021,0.1502785,0.8360449881696451,0.8407722318029707,0.8312625617885157,0.8347958590563838,0.8310809523484549,0.8308180468648795,0.8311457536117187,0.8312624632094827,0.8312604799446941,0.831262541332882,0.8311479211949291,0.8310268646018175,0.8311484431262937,0.85033846,0.8480859,0.8597723
0.2509765625,0.8749773738194069,0.8645673638208426,0.8716125111116437,0.874098478048686,0.8717404498983795,0.8717051663702293,0.8719385258542034,0.8716125905186206,0.871612532494284,0.8716143685605491,0.8717034470214151,0.871692905465793,0.8717853816494805,0.89539355,0.89056313,0.89668214,0.15593517218326933,0.16973408889731048,0.16044309997982334,0.15709470399578018,0.16027571249699224,0.16001665861818232,0.16032187045542326,0.16044299607322762,0.16044066945285665,0.16044307199994548,0.16032411980530611,0.1602169381289537,0.16033791106175543,0.14472593,0.1398748,0.15579465,0.8294601993220565,0.8156961028946211,0.8249875167987865,0.8282951752514457,0.8251560366949888,0.8251095625033766,0.825416921416875,0.8249876213960203,0.8249875449646373,0.8249899634847884,0.8251072978201032,0.8250934127080152,0.8252152181028183,0.8432172,0.8424826,0.85351545
0.2529296875,0.8700438128440606,0.8645673638208426,0.8669157462511097,0.869223711535096,0.8670453120595553,0.867009579824115,0.8672459069847123,0.8669158266679201,0.8669157679056771,0.8669176273215435,0.8670078386100172,0.8669971629954417,0.8670908152162196,0.89077425,0.88655347,0.89183533,0.16244558884993598,0.16973408889731048,0.16662031372515526,0.1635325818001594,0.1664489631031943,0.16618377755658847,0.16649621382617638,0.16662020735813762,0.16661782564542013,0.16662028508273707,0.16649851642997288,0.1663887973847376,0.16651263420143686,0.15221338,0.14593858,0.16169967,0.8229199142198261,0.8156961028946211,0.8187965757930223,0.8218353470670327,0.8189675966713381,0.8189204327889794,0.81923235262157,0.8187966819426531,0.8187966043769013,0.8187990587918936,0.818918134496616,0.818904043321109,0.8190276563192714,0.8369883,0.8355573,0.8470431
0.2548828125,0.8651325313190364,0.8645673638208426,0.8622189813905756,0.8643689200495253,0.8620807136470527,0.8618666463094091,0.862118845740887,0.8622188955727889,0.862216973983163,0.8622189582816381,0.8621207038988932,0.8620321543946496,0.8621320965120817,0.8862365,0.8827171,0.88733786,0.16895600551660267,0.16973408889731048,0.17286482573480577,0.16997285229639547,0.17304973904216164,0.1729987369038391,0.17333614048673018,0.17286494048541343,0.17286485663474543,0.1728675099305007,0.17299625171023625,0.17298101489282872,0.17311469416326375,0.16014992,0.1522825,0.1679487,0.8164238819287466,0.8156961028946211,0.8125922587331462,0.8154163751836064,0.8124093435434186,0.8121261293686924,0.8124597898863362,0.8125921452079614,0.8125896032067331,0.8125922281631854,0.8124622480886685,0.8123451014321322,0.812477319606646,0.8315939,0.8273961,0.8403864
0.2568359375,0.8602434537002316,0.8645673638208426,0.8575222165300416,0.8595341843178068,0.8574029796783831,0.8572183761350458,0.8574358633481393,0.857522142524041,0.857520485418115,0.8575221966017713,0.857437465753045,0.857361104023021,0.8574472903100543,0.8817787,0.8790735,0.88322526,0.17546642218326933,0.16973408889731048,0.17917774181379179,0.17641534116642615,0.17933895891752882,0.17929449326924435,0.17958864512639808,0.17917784186151153,0.17917776875455138,0.1791800820853124,0.17929232656742156,0.17927904240820658,0.17939558856197246,0.16837454,0.15886356,0.17448293,0.8099718526478019,0.8156961028946211,0.8063743458317992,0.8090382358041335,0.8062162507419057,0.8059714689424897,0.8062598517998509,0.8063742477106605,0.8063720506295325,0.8063743194098263,0.8062619764404368,0.806160726064441,0.8062750028584682,0.82627416,0.81882143,0.8335813
0.2587890625,0.8553765046145021,0.8458960190230929,0.8528503501724258,0.8547195688282112,0.8529638809411141,0.8529426607117647,0.8531438044500942,0.8528504295532523,0.8528503784042193,0.8528523937333681,0.8529409477597016,0.8529216907959978,0.8530059554018481,0.8773784,0.87561256,0.87947476,0.18197683884993598,0.1947730322470734,0.18544078539268158,0.18285989334096872,0.18528963986160416,0.18505018688735975,0.18531788767278237,0.18544067969751746,0.18543806440801397,0.18544074780219086,0.18532016797082407,0.18523363560204434,0.1853458036539115,0.17669716,0.16562751,0.18123145,0.8035635777053228,0.7911413669687934,0.8002332625684645,0.8027008843501642,0.8003815093521253,0.8003538008855005,0.8006164348264514,0.8002333662254862,0.800233299434088,0.8002359310887359,0.8003515641741867,0.8003264190001766,0.8004364475759314,0.8209848,0.8099603,0.8266689
0.2607421875,0.850531608859476,0.8458960190230929,0.8482141294062038,0.8499251245497358,0.8483283340380605,0.8483069878557986,0.8485093254850742,0.848214209258196,0.8482141578055673,0.8482161850967253,0.848305264736489,0.8482858934728581,0.8483706582322347,0.87299514,0.8722953,0.87601113,0.18848725551660267,0.1947730322470734,0.19164528037336698,0.18930636957138167,0.19149157868785732,0.1912480770723393,0.19152030418696064,0.19164517289053595,0.1916425133676097,0.1916452421470924,0.19152262304696271,0.19143462741000827,0.1915486922606175,0.18492219,0.1725118,0.18811545,0.7971988095551629,0.7911413669687934,0.7941752909445225,0.7964042574984999,0.7943247324049463,0.794296800656124,0.7945615507478452,0.7941753954369409,0.7941753281072549,0.794177980971013,0.7942945459205528,0.7942691981148181,0.7943801133191346,0.8156645,0.8009542,0.81969637
0.2626953125,0.8457086914033504,0.8458960190230929,0.8435779086399819,0.845150890876788,0.8434556140750433,0.8432618017058751,0.8434784723604769,0.8435778231315004,0.8435757073301587,0.8435778782288877,0.8434803175406843,0.843410291754672,0.8435010610098375,0.86905646,0.8685783,0.8727256,0.19499767218326933,0.1947730322470734,0.19791797393578087,0.19575464401025255,0.19808442350559688,0.1980533084653255,0.19834831159037702,0.19791809030062554,0.19791801532093883,0.1979209696119239,0.19805079685196994,0.19802256211438238,0.1981461219137099,0.19287497,0.17944983,0.19505437,0.7908773017728604,0.7911413669687934,0.7881041146976793,0.7901482753635506,0.7879437272440559,0.7876895261304354,0.7879737062465634,0.7881040025578775,0.7881012277960876,0.7881040748151558,0.7879761262153118,0.7878842853388471,0.788003331296231,0.81023735,0.7919352,0.8127177
0.2646484375,0.8409076773847042,0.8458960190230929,0.8389416878737599,0.8403968962855849,0.8388362470381535,0.838669144451328,0.8388559551643311,0.8389416141494227,0.8389397899321195,0.838941661653697,0.8388575460554963,0.8387971707036167,0.8388754308136782,0.8658133,0.8640738,0.8694991,0.20150808884993598,0.1947730322470734,0.204259996731858,0.20220460298251014,0.20440510249420255,0.20437797775709057,0.20463514076988054,0.20426009817720875,0.20426003281089816,0.20426260832229703,0.20437578823340993,0.20435117423511467,0.2044588879010083,0.20042574,0.18637678,0.20197317,0.7845988090518315,0.7911413669687934,0.7820195149108828,0.7839328441444493,0.7818809150537642,0.7816612475901868,0.7819068215260335,0.7820194180041931,0.7820170201672199,0.782019480446016,0.7819089127530361,0.7818295482035664,0.7819324221633395,0.80461913,0.7830043,0.80578977
0.2666015625,0.8361284921123031,0.8274775976910671,0.8343345685624117,0.8356631604668068,0.834435938638403,0.8344265225124032,0.8345941786952037,0.8343346486897654,0.8343346061574215,0.8343367510821506,0.8344248161773576,0.8343982676328603,0.8344722278073012,0.86247754,0.8594334,0.86622363,0.20801850551660267,0.21990990620492773,0.21054527090840075,0.20865614382600792,0.21040792538056197,0.2101935938489084,0.21042068181055576,0.2105451623312924,0.21054231347783187,0.21054521996502779,0.210422993486684,0.2103587655787753,0.21045896163661817,0.20750362,0.1932346,0.20880732,0.7783630871995598,0.7671306033599784,0.7760166006732406,0.7777578582508784,0.7761478104531573,0.7761356228236094,0.77635261810894,0.7760167043896913,0.7760166493360361,0.776019425714602,0.776133414247157,0.7760990511937587,0.7761947803178162,0.79872787,0.774222,0.7989677
0.2685546875,0.8313710610649028,0.8274775976910671,0.829763254648182,0.8309496953567084,0.8298647502283667,0.8298553224444561,0.830023186198907,0.8297633348747396,0.8297632922897374,0.8297654398700534,0.8298536139968324,0.8298270325831315,0.829901084326134,0.85896754,0.8546192,0.8628176,0.21452892218326933,0.21990990620492773,0.21677116395682106,0.2151091731175461,0.21663213651669072,0.21641518076974747,0.21664504915036095,0.21677105405000394,0.21676817030760712,0.21677111238956107,0.21664738913338988,0.21658237476694714,0.21668379772828214,0.2140994,0.19997838,0.21550539,0.7721698931337935,0.7671306033599784,0.7700958454237367,0.7716232013570173,0.770227496685096,0.770215268051995,0.7704329932599878,0.770095949489201,0.770095894250286,0.7700986799715513,0.770213052045009,0.7701785733769697,0.7702746245652546,0.7922985,0.765612,0.79249185
0.2705078125,0.8266353098910624,0.8274775976910671,0.8251919407339522,0.8262565055571927,0.82508299398965,0.824912926651355,0.8250931139018783,0.8251918546176676,0.8251895950869002,0.8251919003289917,0.8250949477729304,0.8250439924720303,0.8251234806260498,0.8552199,0.8496103,0.8592313,0.22103933884993598,0.21990990620492773,0.22306603613631593,0.22156360487103197,0.22321696591147702,0.22320294457441603,0.22345264901680614,0.2230661554220908,0.22306609210409,0.22306928526734573,0.22320040374688335,0.223160872946379,0.22327100649706988,0.22025733,0.20658112,0.22202915,0.7660189848787652,0.7671306033599784,0.7641620824068536,0.7655287470625867,0.7640204465168656,0.7637993359480502,0.7640336031953509,0.7641619704546037,0.7641590330345903,0.7641620298798988,0.7640359873644025,0.763969740882453,0.7640730819256408,0.7858117,0.7571742,0.78586084
0.2724609375,0.8219211644089409,0.8274775976910671,0.8206206268197225,0.8215835889568325,0.8205267079078487,0.8203800992188027,0.8205354319055306,0.8206205525820958,0.8206186047251645,0.8206205919881178,0.8205370128171477,0.8204930861588029,0.8205616099222268,0.85119706,0.8444088,0.8554481,0.22754975551660267,0.21990990620492773,0.22943104020341376,0.2280193596624976,0.22956260978108725,0.22955038719627088,0.22976805188361765,0.22943114418988486,0.22943108899289746,0.22943387260775688,0.22954817231905947,0.22951371256250144,0.22960971730028581,0.22605917,0.21303661,0.2283534,0.7599101215613959,0.7671306033599784,0.7582150942410653,0.7594743601260175,0.7580927135671447,0.7579016643233683,0.7581040815778822,0.7582149975082573,0.7582124594184381,0.7582150488549311,0.7581061416167673,0.7580489014962045,0.7581381931650536,0.7788125,0.7489058,0.7795166
0.2744140625,0.8172285506061143,0.8093255077092548,0.8160809641890382,0.8169309376403571,0.8161723903829491,0.8161719923557108,0.8163079815579365,0.8160810477794419,0.8160810149317205,0.8160832070503344,0.8161706938411609,0.8161381645960122,0.8162013409988463,0.84688956,0.8390435,0.8514795,0.23406017218326933,0.24512525642758334,0.23573451441659302,0.23447636471671865,0.23560843174093368,0.23542149468220827,0.23560898058519755,0.23573439912707966,0.23573142102678074,0.23573444443129418,0.23561077112532944,0.23556851284443825,0.23565562802205894,0.23160692,0.21936017,0.23446636,0.7538430634075374,0.7436753171931275,0.7523523758186345,0.7534598983175095,0.7524696709428992,0.7524691603055846,0.7526436179226618,0.7523524830632116,0.7523524409203365,0.7523552533569027,0.7524674944139292,0.7524257616189016,0.7525068120186201,0.77135557,0.74081695,0.7733984
0.2763671875,0.812557394639372,0.8093255077092548,0.8115773265358492,0.8122985392501428,0.8116685552453565,0.8116681580778737,0.8118038535377333,0.8115774099456942,0.8115773771689252,0.8115795645524713,0.8116668623681695,0.8116344033875512,0.8116974433267121,0.8423159,0.8335694,0.8473573,0.24057058884993598,0.24512525642758334,0.24197763859573693,0.24093455401920794,0.24185043544328533,0.24166183728162619,0.24185098916483277,0.24197752228161995,0.24197451771430706,0.2419775679884631,0.24185279561654388,0.2418101618139317,0.24189805113902393,0.23700699,0.22558598,0.2403711,0.7478175717381935,0.7436753171931275,0.7465708597244723,0.7474852140312334,0.7466881515219141,0.7466876408992206,0.7468620934508919,0.7465709669660366,0.7465709248243454,0.7465737371818868,0.7466859750552562,0.7466442434507629,0.7467252915309427,0.7635288,0.7329413,0.76742023
0.2783203125,0.8079076228345295,0.8093255077092548,0.8070736888826604,0.8076863777514758,0.8069755911860226,0.8068301057252186,0.806976018257889,0.8070735991925431,0.8070712823565038,0.8070736344372106,0.8069774115269397,0.806944528001455,0.8070123144785551,0.8375166,0.828059,0.8431283,0.24708100551660267,0.24512525642758334,0.24829043861616773,0.24739386763874388,0.24842878200092175,0.24842817964510208,0.24863401645723754,0.24829056508730876,0.24829051538915084,0.24829383204447034,0.24842621453830407,0.24837698862415822,0.24847259621968912,0.2423599,0.23176259,0.2460866,0.7418334089657735,0.7436753171931275,0.7407765494077281,0.7415501549466016,0.740650139456941,0.7404626536465514,0.7406506898006197,0.7407764338347135,0.7407734484011582,0.7407764792503362,0.74065248522787,0.74061010975061,0.7406974622864947,0.7553952,0.72533315,0.7615295
0.2802734375,0.8032791616862338,0.8093255077092548,0.8025700512294714,0.8030944332948879,0.8024854940226912,0.8023600900161308,0.8024858621455458,0.8025699739193403,0.8025679768777098,0.802570004299163,0.8024870631007492,0.8024587185100058,0.8025171483749008,0.8325477,0.8225876,0.838843,0.25359142218326935,0.24512525642758334,0.2546740874399535,0.25385425040276544,0.254794682636063,0.2547941575654402,0.2549735801984497,0.2546741976877894,0.25467415436474933,0.2546770455692188,0.25479244459093825,0.2547495343322961,0.25483287507779295,0.24775441,0.23794663,0.25164726,0.7358903385903431,0.7436753171931275,0.7349692294833059,0.735654563940547,0.7348600142952523,0.734698032251483,0.7348604897776377,0.7349691296306671,0.7349665502794472,0.7349691688688039,0.7348620409793938,0.7348254297215173,0.734900900014995,0.7470354,0.71805644,0.75566375
0.2822265625,0.7986719378577666,0.7914484964655559,0.7980997589536378,0.7985226820558899,0.7981904220520135,0.7981819558840868,0.7982972534239955,0.798099851554798,0.7980998283832189,0.7981019724676585,0.7981887396705377,0.7981514099760142,0.7982044811359614,0.827472,0.8172161,0.8345483,0.260101838849936,0.27040476217052295,0.2609925931365739,0.2603156507237222,0.26086531823114883,0.2607153830403647,0.26087720200500136,0.2609924631262213,0.26098948541121697,0.2609924956586961,0.2608676797329812,0.26084558436089994,0.26092008072056166,0.25326616,0.24419631,0.25710076,0.7299881251958826,0.7207802613933918,0.729247453620922,0.729798279030676,0.7293627356801174,0.729351970799556,0.7294985697639713,0.7292475713699494,0.7292475419056225,0.7292502682615336,0.729360596506242,0.7293131307684695,0.7293806119515935,0.7385392,0.7111686,0.7497599
0.2841796875,0.7940858781808553,0.7914484964655559,0.7936655839615833,0.7939710965807425,0.793755820942256,0.7937473945654251,0.7938621502054457,0.7936656761275168,0.7936656530648444,0.7936677870720602,0.7937541464679942,0.7937169922235047,0.7937698139483326,0.82235336,0.81197816,0.830282,0.26661225551660267,0.27040476217052295,0.26724984403328506,0.26677802009556556,0.26712175570658797,0.2669708623034688,0.2671337154292656,0.267249713192016,0.26724671644597753,0.26724974593241096,0.267124132300687,0.2671018957182771,0.2671768681831641,0.25895894,0.25056452,0.26250392,0.7241265344465609,0.7207802613933918,0.7236057923711773,0.7239811338288707,0.7237207791438217,0.7237100418388492,0.7238562652338704,0.7236059098186248,0.7236058804297623,0.7236085998028939,0.7237186454497427,0.7236713012977066,0.723738609622019,0.7299985,0.70470685,0.74376184
0.2861328125,0.789520909655475,0.7914484964655559,0.7892314089695286,0.7894396464432154,0.7891342500425337,0.789019764417653,0.7891433227943617,0.7892313097336816,0.7892290368616811,0.7892313345654577,0.789136052963258,0.7891191836535024,0.789176057255301,0.8172511,0.8068782,0.8260706,0.27312267218326935,0.27040476217052295,0.27357740572890743,0.27324131303586685,0.2737169059817814,0.2737038779205562,0.2738813279044291,0.27357754819366814,0.27357751254472185,0.27358081117925953,0.2737143170453251,0.2736568752055061,0.27373854129671576,0.2648859,0.25709403,0.2679182,0.7183053330830108,0.7207802613933918,0.7179515616360536,0.7182029582918125,0.7178274709512155,0.7176812428463909,0.7178390588648424,0.7179514348958752,0.7179485320700767,0.717951466610058,0.7178297736845786,0.7178082277169763,0.7178808675765362,0.7215023,0.6986794,0.73762834
0.2880859375,0.7849769594496568,0.7914484964655559,0.784797233977474,0.7849282986554663,0.7847134928254205,0.7846148178151295,0.7847213126183502,0.7847971484462274,0.7847951894608239,0.7847971698487027,0.7847150467604338,0.7847005071244274,0.7847495264074038,0.8122167,0.8018973,0.8219321,0.279633088849936,0.27040476217052295,0.2799764700104632,0.27970548692061487,0.2800980734517293,0.2800867169596426,0.28024139618182237,0.2799765942001237,0.27997656312415475,0.27997943861518243,0.280095816692279,0.2800457446522357,0.2801169327644958,0.27108917,0.263813,0.2734044,0.7125242889186169,0.7207802613933918,0.7122845483593806,0.7124635792749175,0.7121773437458427,0.7120510149929625,0.7121873547656737,0.7122844388654732,0.7122819310442023,0.7122844662641232,0.7121793331206991,0.7121607191611932,0.7122234741582019,0.7131339,0.6930656,0.7313394
0.2900390625,0.7804539548992959,0.773852107772818,0.7803975141811282,0.7804370176106263,0.7804871795493501,0.7804721690522344,0.7805696629645483,0.7803976264913695,0.7803976104874935,0.7803996155639538,0.7804855156821624,0.7804444259136826,0.7804887967180593,0.8072922,0.7970051,0.81787825,0.28614350551660267,0.2957375746225653,0.28630755441893013,0.2861705015227206,0.28617940541501186,0.2860615467976231,0.2862008562415094,0.2863073938876413,0.28630455080296646,0.28630741676287064,0.28618178313213516,0.2861770944411582,0.28624050488525316,0.27759677,0.2707326,0.27901837,0.7067831708358132,0.6984456586383865,0.7067034525822052,0.7067628207439803,0.7068164453830735,0.7067975300971497,0.7069203832403891,0.706703594114399,0.706703573946482,0.706706100721575,0.7068143486892005,0.706762569557871,0.7068184832289636,0.70496833,0.68782187,0.7249014
0.2919921875,0.7759518235079544,0.773852107772818,0.7760339099089214,0.7759657650228436,0.776122979034686,0.7761080683519787,0.776204913964832,0.7760340214723399,0.776034005574884,0.7760359973183067,0.7761213262316168,0.7760805096953225,0.7761245854498048,0.8025097,0.79217196,0.8139168,0.29265392218326935,0.2957375746225653,0.2925765596928361,0.2926363186020807,0.2924478354958201,0.29232944784565335,0.2924693826059251,0.2925763984410269,0.2925735425955892,0.2925764214189282,0.29245022388554454,0.29244551414893816,0.2925092092131919,0.28441715,0.2778459,0.28480738,0.7010817487823848,0.6984456586383865,0.701201332262324,0.7011005039742549,0.7013138162397109,0.7012949861349561,0.7014172860137392,0.7012014731572024,0.7012014530801008,0.7012039684771872,0.7013117289879308,0.7012601830304319,0.7013158449085063,0.6970733,0.68289036,0.718347
0.2939453125,0.771470492946669,0.773852107772818,0.7716703056367146,0.7715145003824528,0.7715743069650276,0.77148599752681,0.771590377693482,0.7716701853937022,0.7716680558276304,0.7716702025279746,0.7715760883555806,0.7715725755713908,0.7716200804037059,0.7978907,0.78737646,0.8100478,0.299164338849936,0.2957375746225653,0.29891646430806923,0.29910290196706885,0.2990568096040814,0.2990333125624932,0.2991859444651515,0.2989166400755472,0.2989166150292,0.2989197530177597,0.29905420498144636,0.2989898867515489,0.299059341136305,0.29080898,0.28512764,0.29153267,0.6954197937677797,0.6984456586383865,0.6956868745877909,0.695476448107009,0.6955653600321192,0.6954535730936506,0.6955857026896498,0.6956867223886934,0.6956840268622096,0.6956867440766136,0.6955676149611973,0.6955631683883918,0.6956233005406689,0.68950784,0.6782095,0.711733
0.2958984375,0.767009891053759,0.773852107772818,0.7673067013645077,0.7670831818208963,0.7672239655422084,0.7671478566350816,0.7672378159935768,0.7673065977338603,0.767304762381381,0.7673066125009199,0.7672255008219122,0.7672224733520171,0.767263415078561,0.7934467,0.782607,0.8062607,0.30567475551660267,0.2957375746225653,0.3053284778591822,0.3055702179720021,0.30545081946622876,0.3054303369404168,0.30556338514495796,0.3053286310815017,0.30532860924777355,0.3053313447350552,0.3054485490051376,0.305392482075914,0.30545302621274556,0.29705027,0.29253682,0.29889497,0.6897970778594342,0.6984456586383865,0.6901598690743236,0.6898904710182497,0.6900548949440667,0.6899583249001283,0.6900724685359271,0.6901597375919852,0.6901574089704317,0.6901597563278287,0.6900568429287257,0.6900530016304762,0.6901049485732869,0.68232226,0.67371994,0.70513004
0.2978515625,0.7625699458346291,0.7565396622879013,0.7629782347474798,0.762671766805221,0.7630667091426162,0.7630464523040927,0.763129717476823,0.7629783888133395,0.7629783706024557,0.7629801571204751,0.7630585590318633,0.7630211013913293,0.7630650673756114,0.78917867,0.77785826,0.8025285,0.31218517218326935,0.32111530567066027,0.3116702189151936,0.31203823593955593,0.31154147220340456,0.31144980155042995,0.3115709470383292,0.3116699946947408,0.3116674211873566,0.31167002119802917,0.31155333088300013,0.31154386100809855,0.311607836241496,0.30354938,0.3000193,0.30642486,0.6842133741790961,0.6766688060558517,0.6847185832734988,0.6843423900506581,0.6848290708227549,0.6848037743634404,0.6849077530626239,0.6847187756766034,0.6847187529341836,0.68472098400241,0.6848188931092375,0.6847721161211943,0.6848270206167386,0.6755567,0.66936874,0.69861126
0.2998046875,0.7581505854615819,0.7565396622879013,0.7586858531077608,0.7582802122330498,0.7587736035970678,0.7587535125019039,0.7588360963911528,0.7586860059130391,0.7586859878511584,0.7586877597517192,0.7587655201712881,0.7587283690126951,0.7587719752631552,0.7850773,0.7731257,0.7988061,0.318695588849936,0.32111530567066027,0.31794913107625966,0.3185069279941874,0.31781999745735307,0.3177280512705931,0.3178495608762737,0.31794890618205085,0.31794632494156355,0.31794893276497854,0.3178318917776411,0.31782239344153745,0.3178865609409762,0.31031534,0.30751243,0.3140184,0.6786684568991725,0.6766688060558517,0.679355081683407,0.6788320221841965,0.6794649032865866,0.679439759300497,0.6795431112621095,0.6793552729268607,0.6793552503215139,0.6793574679426512,0.6794547869189649,0.6794082918744386,0.6794628654381543,0.66923875,0.6651087,0.6922371
0.3017578125,0.7537517382736151,0.7565396622879013,0.7543934714680417,0.7539084740269952,0.754298818462958,0.7542314099413311,0.7543204899379287,0.7543933066429918,0.754391414846116,0.7543933261256328,0.7543075377367474,0.754300574882772,0.7543476112318462,0.7811241,0.7684019,0.795033,0.32520600551660267,0.32111530567066027,0.3242994953065626,0.32497626825567544,0.3244404095379503,0.3244081431065044,0.3245407852314095,0.32429974065837275,0.3242997116573066,0.32430255671729946,0.32442742727987856,0.32436776510877513,0.3244377943538944,0.31734672,0.31495005,0.3215608,0.6731621012390641,0.6766688060558517,0.6739794795458315,0.673359183635778,0.6738607446313056,0.6737761821722902,0.6738879303586491,0.6739792727906914,0.6739768997354877,0.6739792972295515,0.6738716825401785,0.6738629479794278,0.6739219521551458,0.6633801,0.6608936,0.6860443
0.3037109375,0.7493733327762383,0.7565396622879013,0.7501010898283227,0.7495565066644031,0.750019517948963,0.7499614253422983,0.7500381944076797,0.7501009477822347,0.7500993174332946,0.7501009645723582,0.7500270322117064,0.7500210316300664,0.7500615675157344,0.7772916,0.76367784,0.79113936,0.33171642218326935,0.32111530567066027,0.3307225382389693,0.33144623183419053,0.33084537854570434,0.3308172510301876,0.33093287735814203,0.33072275212506486,0.33072272684330867,0.3307252070310611,0.3308340615883184,0.33078205214087486,0.3308430988274966,0.32462895,0.3222676,0.32894355,0.6676940834615331,0.6766688060558517,0.6685915691281006,0.6679236892901,0.6684889998217196,0.668415950829847,0.668512484189488,0.6685913905218471,0.6685893405487738,0.6685914116334539,0.6684984485210386,0.6684909031808809,0.6685418739377659,0.6579736,0.6566761,0.68003947
0.3056640625,0.7450152976412696,0.7395130546550654,0.745844278818669,0.7452242629749309,0.7459314455944056,0.745907007030736,0.7459798553945249,0.7458445204573069,0.7458444754214112,0.745845973446019,0.7459161688056134,0.745883696060498,0.7459298280921204,0.77354443,0.7589471,0.7870564,0.338226838849936,0.34653135369237065,0.337073434552091,0.3379167941816297,0.3369442692952778,0.336872547841801,0.3369804797420397,0.33707307644598916,0.3370709231357981,0.3370731431887293,0.3369669045270477,0.33694666586363864,0.3370150216527391,0.33213007,0.329407,0.3360821,0.6622641808690554,0.6554450459902894,0.6632888191489718,0.6625253524338637,0.6633966869070685,0.6633664450025999,0.6634565912592839,0.663289118180543,0.6632890624479247,0.6632909162758575,0.6633777824381643,0.6633375980926809,0.6633946853142256,0.6529911,0.6524049,0.67420167
0.3076171875,0.740677561706648,0.7395130546550654,0.7416234627096,0.740911694254699,0.7417098105281524,0.741685601571889,0.7417577655041342,0.7416237020779727,0.7416236574652023,0.7416251414154337,0.7416946772692294,0.7416625096149894,0.7417082082227712,0.76984113,0.75421286,0.78272766,0.34473725551660267,0.34653135369237065,0.3433607712989216,0.34438793105585175,0.3432313679183097,0.3431595141930188,0.3432676451326374,0.3433604125327871,0.34335825525376734,0.3433604793985422,0.3432540448876818,0.3432337689059209,0.34330225072600623,0.33979848,0.33632085,0.34292793,0.6568721718001997,0.6554450459902894,0.6580625938246135,0.6571639849920177,0.6581696815146348,0.6581396583134059,0.6582291526448275,0.6580628906937119,0.658062835364129,0.6580646757859396,0.6581509137592058,0.6581110200165012,0.6581676943969635,0.64838326,0.6480273,0.66849214
0.3095703125,0.7363600539762392,0.7395130546550654,0.7374026466005309,0.7366187505951395,0.7373094475780236,0.7372576876498542,0.7373355773760601,0.7374023882396513,0.7374008346990214,0.737402436392189,0.7373257815742104,0.7373111770171432,0.7373605015472426,0.7661364,0.7494907,0.77811986,0.35124767218326935,0.34653135369237065,0.3497200841699133,0.3508596189370849,0.34986139203818195,0.34982177057197766,0.34993988559963213,0.34972047584594923,0.3497204028465055,0.3497228310249986,0.34983662393721504,0.3497839798539158,0.3498587695463735,0.34756297,0.34297556,0.34947228,0.6515178356260077,0.6554450459902894,0.6528245075259161,0.651839398110785,0.6527086534400679,0.6526443090285403,0.6527411355322265,0.6528241863701347,0.6528222552387575,0.6528242462262043,0.652728958372631,0.6527108033294263,0.6527721184717489,0.6440817,0.64349324,0.66286814
0.3115234375,0.7320627036196388,0.7395130546550654,0.7331818304914619,0.7323453813066467,0.7331015149196802,0.7330569100717486,0.7331240326415767,0.7331816078453309,0.7331802690597877,0.7331816493414594,0.7331155909712086,0.7331030052882271,0.7331455113975319,0.7623833,0.7448074,0.7732297,0.357758088849936,0.34653135369237065,0.35615261623181277,0.3573318355075644,0.3562758033600298,0.3562412632064779,0.35634422943681593,0.3561529576866605,0.3561528940472986,0.35615501088105206,0.35625421171848654,0.3562083187100677,0.35627351720358774,0.35533637,0.3493543,0.3557413,0.6462009527463787,0.6554450459902894,0.6475743554074121,0.6465514027544135,0.6474742771752655,0.6474186948191235,0.6475023361158527,0.6475740779825407,0.6475724098081779,0.6475741296881716,0.6474918171386073,0.647476134308334,0.6475291000931054,0.64000434,0.6387613,0.6572956
0.3134765625,0.7277854399719823,0.7227731334153492,0.7289968549814443,0.7280915352914974,0.7290826950339087,0.7290549060354267,0.7291211429080466,0.7289972756522449,0.7289971522422981,0.7289982994071391,0.7290627591198574,0.7290333331841198,0.7290811021508422,0.7585364,0.740194,0.7680854,0.36426850551660267,0.37198028567053726,0.3625114209388413,0.36380455985799437,0.36238187980776193,0.3623238680526734,0.36242381281637237,0.36251078603060144,0.3625092409052232,0.362510972290166,0.3624119623546894,0.36238428334812123,0.36245636799501274,0.36178508,0.35545817,0.36302263,0.6409213045864723,0.6347683046250348,0.6424085520062377,0.6412998100433484,0.6425138091925419,0.6424797348213687,0.6425609524402509,0.6424090678452647,0.6424089165163358,0.642410323203424,0.6424893641845291,0.6424532822247145,0.6425118560417695,0.63606244,0.63380337,0.6517557
0.3154296875,0.723528192533749,0.7227731334153492,0.7248477072707142,0.723857161197709,0.7249326590116808,0.7249051575862624,0.7249707090099126,0.7248481235882241,0.724848001455379,0.7248491367488419,0.7249129294034409,0.7248838079805303,0.7249310826124853,0.75455576,0.73567736,0.7627418,0.37077892218326935,0.37198028567053726,0.36880593031266384,0.37027777230339487,0.3686762669327807,0.36861820038526516,0.3687182395294954,0.36880529480560575,0.3688037482229169,0.3688054812408427,0.36870637788155053,0.3686786727426786,0.3687508254324884,0.3676653,0.36130697,0.37052613,0.6356786735931099,0.6347683046250348,0.6373179503898955,0.6360844312531899,0.6374223470352033,0.6373885512449067,0.6374691048515018,0.6373184620116793,0.6373183119199404,0.6373197071066529,0.6373981018817807,0.6373623149144597,0.6374204098528111,0.6321695,0.6286084,0.6462454
0.3173828125,0.7192908909705685,0.7227731334153492,0.7206985595599842,0.7196422072835558,0.7206068216654195,0.7205657321399281,0.7206365199722077,0.7206981099860097,0.7206970158916348,0.7206982418751263,0.7206281273231955,0.7206085239912523,0.7206595750368522,0.7504102,0.73126906,0.7572718,0.377289338849936,0.37198028567053726,0.37517291617145276,0.3767514539134002,0.3753145881360715,0.37526872072539014,0.3753780548953861,0.3751736103661567,0.375173406713873,0.37517529977922465,0.3752816823295824,0.37523311604539855,0.37531195888477653,0.37344387,0.3669383,0.37776256,0.6304728432311908,0.6347683046250348,0.6322157288698012,0.6309050775769545,0.6321027282769153,0.6320521132841699,0.6321393105899489,0.6322151751092008,0.6322138274630885,0.6322153375630059,0.6321289726036812,0.6321048252147485,0.632167709352919,0.6282478,0.6231845,0.6407714
0.3193359375,0.7150734651130293,0.7227731334153492,0.7165494118492541,0.7154466211288804,0.7164703579503879,0.7164349496035095,0.7164959500675002,0.7165490244349181,0.7165480816137811,0.7165491380885934,0.7164887178149031,0.716471824906817,0.7165158174598947,0.74608004,0.7269609,0.7517553,0.38379975551660267,0.37198028567053726,0.38161363753085986,0.38322558599261797,0.38173714654233354,0.38169715998910003,0.38179247523177307,0.381614242737045,0.38161406519086977,0.38161571558456164,0.3817084597749561,0.3816661200349842,0.3817348544104928,0.3791753,0.37240568,0.38466993,0.625303597980116,0.6347683046250348,0.6271016855923367,0.6257615598513366,0.6270040739046071,0.6269603520815088,0.6270356742129272,0.6271012072437031,0.6271000431221657,0.6271013475742987,0.627026744110656,0.627005885266758,0.6270602055026595,0.62423474,0.6175584,0.6353435
0.3212890625,0.7108758449564824,0.7063198729692248,0.7124362150512407,0.7112703494567361,0.712520801441042,0.7124902920685593,0.7125533793305492,0.7124369931636344,0.7124366925523347,0.7124374176445891,0.7124983418490054,0.7124701960431866,0.7125192318214519,0.741559,0.722722,0.7462686,0.39031017218326935,0.3974573683851185,0.3879792336061937,0.3897001497611847,0.38784922075474393,0.3877991553970235,0.3878961113888228,0.38797803747390924,0.38797738495311535,0.38797849958020986,0.38788373908559315,0.38785163304521364,0.38792699967744904,0.38490194,0.3777743,0.39121872,0.620170723330217,0.6146314380928385,0.6220709744898373,0.6206536884470618,0.6221737431035627,0.6221366761600144,0.6222133224717261,0.6220719198829353,0.6220715546454546,0.6220724356197803,0.6221464561911922,0.6221122604273438,0.6221718361310647,0.620084,0.61177325,0.6299675
0.3232421875,0.706697960660848,0.7063198729692248,0.7083586536632301,0.7071133382369925,0.708442301454296,0.7084121306239652,0.7084745178486979,0.7083594231414299,0.7083591258658131,0.7083598429122024,0.7084200910813683,0.7083922575907791,0.7084407492517273,0.7368544,0.71850204,0.7408752,0.396820588849936,0.3974573683851185,0.39427980363373993,0.39617512639008023,0.39414975832149,0.3940996804192657,0.3941966606821675,0.39427860720357305,0.39427795452027076,0.39427906942495744,0.39418428528693017,0.3941521712157647,0.39422755668360404,0.39065212,0.38311583,0.39741808,0.6150740057791951,0.6146314380928385,0.6171141198930311,0.6155812734361118,0.6172159724159758,0.6171792358933068,0.6172551989645395,0.6171150568588715,0.6171146948771269,0.6171155679984247,0.6171889287438899,0.6171550378052623,0.6172140824426032,0.61576575,0.6058844,0.62464166
0.3251953125,0.702539742550424,0.7063198729692248,0.7042810922752195,0.7029755330184919,0.7041907270884551,0.704155923533455,0.704223320808898,0.7042802610035226,0.7042798075227578,0.7042805821520705,0.7042147210812689,0.7041924039417614,0.7042447897602303,0.7319871,0.7142372,0.7356212,0.40333100551660267,0.3974573683851185,0.4006533302161294,0.4026504973693226,0.4007954846284637,0.40074420690259666,0.4008502441939009,0.4006546377320123,0.40065413259376115,0.4006553510179168,0.4007577358721353,0.400710433694903,0.40079284642091667,0.3964397,0.3885018,0.40331602,0.6100132328285713,0.6146314380928385,0.612145887115187,0.610544125004616,0.6120355956427753,0.6119931160918597,0.6120753772097376,0.6121448725670116,0.6121443191038622,0.6121452645215578,0.6120648810684116,0.6120376423082139,0.6121015802735992,0.6112632,0.5999528,0.61935514
0.3271484375,0.6984011211136895,0.7063198729692248,0.700203530887209,0.6988568792882247,0.7001256618931062,0.7000956711641972,0.7001537483754767,0.7002028145683125,0.70020242379735,0.7002030913066812,0.7001463378652567,0.7001271068619587,0.7001722484827032,0.7269905,0.7098574,0.7305321,0.40984142218326935,0.3974573683851185,0.40710108791776173,0.40912624500308237,0.40722502268413463,0.40718031761030926,0.4072727626949572,0.40710222787127126,0.40710178746815706,0.4071028497471377,0.4071921125235658,0.40715087306755715,0.4072227226489625,0.40226424,0.39399713,0.40899482,0.6049881929801406,0.6146314380928385,0.6071660773773949,0.6055420539404178,0.607070806861602,0.6070341129039538,0.6071051703757953,0.6071652010010519,0.6071647229143524,0.6071655395751027,0.6070961037492555,0.6070725747793709,0.607127804755629,0.606569,0.5940395,0.6140894
0.3291015625,0.6942820270031141,0.6901526423112645,0.6961619034349666,0.6947573226843738,0.6962453849472712,0.6962126267235752,0.6962753981558414,0.696162900065652,0.6961627178123407,0.6961633699758529,0.696222084435633,0.6961937770061647,0.6962438358302391,0.7219095,0.7052955,0.72561324,0.416351838849936,0.42295830230111237,0.41347243281657886,0.415602352738563,0.41334172916211365,0.4132947463451822,0.41339301366200903,0.4134708722470183,0.4134701364418481,0.413471157627191,0.4133782066849821,0.41334415426708443,0.4134225259456918,0.40811282,0.3996543,0.4145608,0.5999986757324381,0.5950265755004825,0.6022684272278803,0.60057487196792,0.6023689179841273,0.6023294858842921,0.6024050451803595,0.6022696269487651,0.6022694075565102,0.602270192615522,0.6023408705037163,0.6023067955570665,0.6023670532799377,0.60168165,0.58819973,0.60882163
0.3310546875,0.6901823910349613,0.6901526423112645,0.6921557293524986,0.6906768090142745,0.6922382344791554,0.6922058593901029,0.6922678966583146,0.69215671432676,0.6921565342050526,0.6921571787409707,0.6922152064863603,0.692187230135799,0.6922367034803342,0.716797,0.7004958,0.7208538,0.42286225551660267,0.42295830230111237,0.41977804450842066,0.42207880511393064,0.41964737954132564,0.4196004105852312,0.4196986488836872,0.41977648440188225,0.4197757488150168,0.4197767696973844,0.4196838462859377,0.41964980393018714,0.419728152431717,0.41396272,0.405509,0.42013186,0.5950444715772093,0.5950265755004825,0.5974433021012124,0.5956423917755711,0.597542837778197,0.5975037804487623,0.5975786216124471,0.597444490419858,0.5974442731127241,0.597445050710474,0.5975150568667713,0.5974813057738013,0.5975409907965732,0.5966021,0.5824787,0.603529
0.3330078125,0.686102144189097,0.6901526423112645,0.6881495552700304,0.6866152841249324,0.6880603964550764,0.68802834214706,0.6880953824576548,0.6881484908617752,0.6881479889945294,0.6881486855095339,0.6880852815577552,0.6880620509224549,0.6881155140822522,0.71171075,0.6954232,0.7162301,0.42937267218326935,0.42295830230111237,0.42615707447959,0.4285555873217848,0.4262999606007391,0.4262438875386297,0.42635133995836105,0.4261587800843252,0.42615846818092085,0.4261595842767907,0.42626007595290527,0.4262116245953468,0.4262973088103285,0.4197858,0.41157776,0.42582384,0.5901253719958942,0.5950265755004825,0.5926070405526647,0.5907444267494393,0.5924992225448696,0.5924604585248372,0.592541531102125,0.5926057534177605,0.5926051465348827,0.5926059887954801,0.5925293161772535,0.5925012233110241,0.592565875874515,0.59133166,0.57691014,0.5981935
0.3349609375,0.682041217608795,0.6901526423112645,0.6841433811875623,0.6825726937079677,0.684066553363555,0.684038932283842,0.6840967006737251,0.6841424639908708,0.6841420315337049,0.6841426317181308,0.6840879967653095,0.6840679790120301,0.6841140480208421,0.70670754,0.69007,0.71171075,0.435883088849936,0.42295830230111237,0.43261081248783023,0.43503268460125016,0.4327353908393885,0.43268650284171023,0.4327801859906635,0.432612299581537,0.4326120276372219,0.4326130007458614,0.4327006169803774,0.4326583736924429,0.4327330788578125,0.42555404,0.41785765,0.43173897,0.5852411694561147,0.5950265755004825,0.5877594469458581,0.5858807905878063,0.5876663136055563,0.5876328293412928,0.5877028597218868,0.5877583351134139,0.5877578108855085,0.5877585384336532,0.5876923084646342,0.5876680418645243,0.5877238887697862,0.5858714,0.5715157,0.5928059
0.3369140625,0.6779995426005413,0.6742704803094802,0.6801730536286311,0.6785489831283242,0.6802556420537426,0.6802209783526868,0.6802857944533821,0.6801745173576241,0.6801738983366212,0.6801757754775118,0.6802328348730554,0.6802031686339125,0.6802541095092011,0.7018353,0.6844611,0.70725864,0.44239350551660267,0.4484791022335555,0.43898693535718825,0.44151008175745154,0.4388552093588374,0.43880712517874215,0.43891049300080376,0.4389846004760069,0.4389825935821704,0.4389855879120025,0.43889158291376645,0.43885765342899463,0.4389388991444327,0.4312453,0.42432842,0.4379564,0.5803916574081704,0.575945442552538,0.5829927437206626,0.5810512970256474,0.5830912375075549,0.5830498986432047,0.5831271956562567,0.582994489384241,0.5829937511313545,0.5829959898343522,0.5830640384585146,0.583028658996638,0.5830894098596138,0.5802221,0.5663061,0.5873661
0.3388671875,0.6739770506338466,0.6742704803094802,0.6762380047491972,0.6745440973618287,0.6763195861799339,0.676285345130744,0.6763493709336621,0.6762394506310541,0.6762388391577272,0.6762406934107819,0.6762970570854631,0.6762677525645137,0.6763180723215912,0.6971263,0.6786544,0.7028332,0.44890392218326935,0.4484791022335555,0.4452966348751656,0.44798776301345455,0.44516500625862776,0.4451169575746726,0.44522024905583196,0.44529430172189816,0.44529229631319883,0.4452952884271558,0.4452013529440627,0.44516744852381923,0.4452486341982709,0.43684888,0.43095624,0.44452602,0.5755766302815527,0.575945442552538,0.5782972587695643,0.5762557598156035,0.5783947684378972,0.5783538426198911,0.578430367301006,0.5782989869911406,0.5782982561145948,0.5783004724493253,0.5783678411543864,0.5783328151930336,0.57839295905135,0.5743869,0.56128234,0.58188194
0.3408203125,0.6699736733410435,0.6742704803094802,0.6723029558697633,0.6705579810845331,0.6722147722007032,0.6721825770204755,0.672251784316362,0.6723013929752906,0.6723000496196369,0.6723020539340531,0.6722391245342317,0.6722164085728762,0.6722708006173065,0.69259113,0.6727369,0.69838977,0.455414338849936,0.4484791022335555,0.4516801968558942,0.4544657121956097,0.451824183784875,0.45176374553608206,0.4518767617209848,0.45168274843243517,0.4516816693518159,0.4516849416000798,0.45178441734397196,0.4517326958076039,0.4518215115606212,0.44236973,0.43769908,0.45146528,0.5707958834814473,0.575945442552538,0.5735908787158994,0.5714939929536142,0.57348522631544,0.573446652046159,0.5735295710198058,0.5735890062685925,0.5735873968414004,0.5735897981395796,0.5735144032782364,0.5734871868952953,0.5735523543190599,0.56837463,0.5564358,0.5763668
0.3427734375,0.6659893425171032,0.6742704803094802,0.6683679069903293,0.6665905788705808,0.6682919208035413,0.6682641788304011,0.6683238134381282,0.668366560273952,0.6683654027299905,0.6683671298095194,0.6683129047451707,0.6682933308342524,0.6683401994221884,0.6882151,0.66681606,0.6938811,0.46192475551660267,0.4484791022335555,0.4581389259060059,0.46094391306986454,0.4582644699872097,0.45821177362435295,0.4583103122814926,0.45814115069706757,0.4581402098166162,0.4581430629802713,0.4582297975474473,0.4581847009350627,0.45826214008000293,0.44783044,0.44451234,0.45875853,0.5660492133852691,0.575945442552538,0.5688734111233135,0.5667658110040338,0.568782148745466,0.5687488285022315,0.5688204535582326,0.568871793701025,0.5688704034759867,0.5688724777201353,0.5688073516999923,0.5687838422857868,0.5688401337399824,0.56220365,0.55174845,0.5708335
0.3447265625,0.6620239901194317,0.658672251275793,0.6644685809275246,0.6626418353790928,0.6645505394938821,0.6645142090041936,0.6645831065647684,0.6644712660943047,0.6644693375755176,0.6644734305228173,0.6645293085754554,0.6644972527623018,0.6645490186372569,0.6839601,0.6610076,0.6892593,0.46843517218326935,0.47401598872910927,0.4645189181071755,0.4674223495873748,0.46438573613452166,0.46433282404131637,0.46444476881731295,0.464514554213452,0.46451103664160703,0.4645176884103702,0.4644202330434662,0.46438820721445295,0.46447232288351314,0.45327082,0.45135403,0.46635893,0.5613364173391828,0.5573795917190068,0.5642355176313659,0.5620710293444345,0.5643323490970983,0.5642894263491227,0.5643708247572143,0.5642386901460821,0.5642364116087107,0.5642412474067577,0.564307265887876,0.5642693930376255,0.5643305522958084,0.5559053,0.54719293,0.5652918
0.3466796875,0.6580775482676833,0.658672251275793,0.6606043611597036,0.6587116954141126,0.6606852857613014,0.6606494136062044,0.6607174419757621,0.6606070124512227,0.6606051082620519,0.6606091495739526,0.6606643226857916,0.6606326712791888,0.6606837840913484,0.67976975,0.65542305,0.68447965,0.474945588849936,0.47401598872910927,0.4708317807471705,0.4739010058804607,0.47069874637783293,0.47064589286390185,0.4707577136633999,0.47082742169343306,0.47082390802274454,0.47083055241424393,0.47073320507597866,0.47070121472115195,0.47078523718972864,0.45874527,0.45818925,0.4741925,0.5566572936546478,0.5573795917190068,0.5596675561798933,0.5574094642203048,0.5597633801204247,0.5597209039822819,0.5598014554406364,0.5596706956849751,0.5596684408555124,0.5596732263376523,0.5597385579014682,0.5597010791159991,0.5597616020148397,0.54952496,0.5427331,0.5597456
0.3486328125,0.6541499492435645,0.658672251275793,0.6567401413918824,0.6548001038348312,0.656652648240173,0.6566178819454411,0.6566914320938599,0.6567372748983004,0.6567349643079542,0.6567393336481578,0.6566753128626693,0.6566542717988241,0.656709533374912,0.6755778,0.65015846,0.67950743,0.48145600551660267,0.47401598872910927,0.47721893240063534,0.4803798660112085,0.47736449892657584,0.4772999675947932,0.4774223520378884,0.47722370090806376,0.4772202761049787,0.47722754468226747,0.47732678699141445,0.47726985200596617,0.47736179738144785,0.46499133,0.46431673,0.48216426,0.5520116416049654,0.5573795917190068,0.555088940181274,0.5527809326215222,0.5549850898209789,0.554943822277382,0.5550311251642185,0.5550855378729815,0.5550827953748967,0.5550879814519551,0.5550119922231034,0.55498701696136,0.5550526105012229,0.54312116,0.5383275,0.55419505
0.3505859375,0.6502411254906404,0.658672251275793,0.6528759216240614,0.6509070054075415,0.6528005316078155,0.6527705746172003,0.652833950398914,0.6528734516593442,0.6528714606984479,0.6528752256174446,0.6528200609792556,0.6528019305757425,0.6528495476867694,0.671319,0.64528793,0.67432475,0.48796642218326935,0.47401598872910927,0.48368169216541784,0.4868589136191846,0.48380861966250877,0.48375235178477644,0.48385906373549314,0.48368585016191706,0.4836828638360869,0.48368920181505753,0.48377573697501514,0.4837260922952858,0.48380626407708105,0.471742,0.47004968,0.49016583,0.5473992614218326,0.5573795917190068,0.5504994804501959,0.5481852520939686,0.5504097747818748,0.5503741281530257,0.5504495399162446,0.5504965415357138,0.5504941725658705,0.550498652299582,0.5504330129484625,0.5504114394351993,0.5504680988997014,0.53676176,0.533934,0.54864085
0.3525390625,0.6463510096141397,0.6433567221669118,0.6490472763815843,0.6470323447382657,0.6491289063438441,0.6490910650666261,0.6491658612251684,0.6490521313272071,0.6490480171620095,0.6490554435427974,0.6491101564388747,0.6490747923768724,0.6491273915849307,0.66693884,0.64085853,0.66893727,0.494476838849936,0.4995652020753282,0.49006465595267296,0.4933381316682414,0.48992949740250347,0.489868320652745,0.4899921487499602,0.49005661644104764,0.4900511316709305,0.49006342925498075,0.4899605394905978,0.48993200515020857,0.4900190926327233,0.47842932,0.47600168,0.49808508,0.5428199542919057,0.5393205285658934,0.545988259203612,0.54362224063041,0.5460837988060404,0.5460395100137668,0.5461270491919797,0.5459939415583631,0.5459891262333921,0.5459978182520917,0.5460618543610578,0.5460204644189065,0.5460820259773511,0.530519,0.529516,0.5430904
0.3544921875,0.6424795343807637,0.6433567221669118,0.6452535735718026,0.6431760663731111,0.6453341438633021,0.64529679381864,0.6453706190187254,0.6452583654934599,0.6452543047358648,0.6452616347118723,0.6453156373582499,0.645280732371095,0.6453326487680721,0.66240317,0.63689005,0.6633799,0.5009872555166027,0.4995652020753282,0.49637973420264186,0.4998175024349778,0.49624476765207687,0.4961836777269012,0.49630733003040006,0.4963717061183682,0.49636622914380163,0.49637850924863197,0.4962757656648592,0.4962472718396172,0.49633423563493484,0.48504448,0.48221564,0.5058147,0.5382735223533749,0.5393205285658934,0.5415457014911099,0.5390917167359842,0.5416402129635886,0.5415964007773565,0.5416829979160532,0.5415513226966367,0.5415465591905705,0.5415551576722856,0.5416185046701544,0.5415775601376562,0.5416384592129241,0.525048,0.5244636,0.5375631
0.3564453125,0.6386266327184903,0.6433567221669118,0.6414598707620209,0.6393381150444728,0.641372743886519,0.6413333004854052,0.6414131333729005,0.6414546888872396,0.641451153629016,0.6414590800978812,0.6413927563989681,0.6413743606483991,0.6414305018559305,0.65770376,0.6333743,0.65771735,0.5074976721832694,0.4995652020753282,0.5027695093469697,0.506297007748351,0.502917228128924,0.5028487450065957,0.5029841154243727,0.5027782938057259,0.5027708496937113,0.5027842869555801,0.5028832944743477,0.5028192982136293,0.5029144866334285,0.4915798,0.4887135,0.51326066,0.5337597686925423,0.5393205285658934,0.537092728887785,0.5345934996657659,0.5369902798547759,0.5369438980845487,0.5370377729440065,0.5370866358835812,0.5370824790092832,0.5370917992023917,0.5370138122687506,0.5369921809918511,0.5370581957828812,0.5205194,0.51865965,0.5320909
0.3583984375,0.6347922377163828,0.6433567221669118,0.6376661679522392,0.6355184359512022,0.6375910945739818,0.6375571079383481,0.6376258964094805,0.6376617029597406,0.6376586567839615,0.6376654866718915,0.6376083384715543,0.637592487666245,0.6376408620637493,0.65204054,0.6302762,0.6528623,0.514008088849936,0.4995652020753282,0.5092353145808247,0.5127766293512018,0.5093641250017952,0.5093044084642565,0.5094224490284155,0.5092429747380156,0.5092364833809043,0.5092482008296979,0.5093345353494609,0.5092787308731296,0.5093617344668051,0.49802643,0.49549294,0.5203484,0.5292784973404128,0.5393205285658934,0.5326291555079696,0.5301274097368184,0.532540660270869,0.5325005960040248,0.5325816846160792,0.5326238923681752,0.5326203016594976,0.5326283524451673,0.532560987462032,0.5325423024631634,0.5325993258245522,0.51593477,0.5131605,0.5267172
0.3603515625,0.6309762826243931,0.6283226287975394,0.6339078723856426,0.6317169749416502,0.6339895008090964,0.6339502407604829,0.6340325928506497,0.6339162707961852,0.6339086874279524,0.6339208294516091,0.6339740058791643,0.6339344958844153,0.6339879860787377,0.64645594,0.627536,0.6479301,0.5205185055166027,0.5251227641374115,0.5156202924589738,0.5192563491813165,0.5154825647325063,0.5154098718983932,0.5155488019037288,0.5156061205864529,0.5155984282543484,0.5156189171018352,0.515508705857897,0.5154851201414856,0.5155753680079059,0.50437456,0.50252706,0.52702737,0.5248295132692873,0.5217597814493103,0.5282424735587572,0.5256932685732606,0.5283371117863328,0.5282915951360169,0.528387069827084,0.5282522107161841,0.5282434185249479,0.5282574960218037,0.5283191476697661,0.5282733407956487,0.5283353556845346,0.511312,0.5080068,0.5214895
0.3623046875,0.6271787008531708,0.6283226287975394,0.6301843766602405,0.6279336785210606,0.6302649185917839,0.6302261811028795,0.630307437068976,0.6301926632861286,0.6301851808541615,0.6301971612648662,0.6302496299027089,0.630210645794506,0.6302634240228128,0.6410718,0.625075,0.6429847,0.5270289221832694,0.5251227641374115,0.5219365582019324,0.5257361494002414,0.5217990641880133,0.5217264946008388,0.5218651889932978,0.5219224103901297,0.5219147311167367,0.5219351851799701,0.5218251609744422,0.5218016152630865,0.5218917100130432,0.510614,0.50976825,0.53327405,0.5204126223893719,0.5217597814493103,0.5239232153015877,0.5212908991722343,0.5240168048387855,0.5239717925615833,0.5240662092887194,0.5239328445615509,0.5239241497966101,0.5239380713006475,0.5239990397840667,0.5239537404982346,0.5240150681965093,0.5066777,0.50322366,0.51645267
0.3642578125,0.6233994259738683,0.6283226287975394,0.6264608809348383,0.6241684936915399,0.6263737696003662,0.6263277831034328,0.6264156667126889,0.6264519184102807,0.6264470535538914,0.6264600111468374,0.6263903053114191,0.6263753860738607,0.6264324691585443,0.6359836,0.622803,0.6381231,0.533539338849936,0.5251227641374115,0.5283279079260625,0.5322160121175421,0.5284784288556174,0.5284060290063733,0.5285579064718499,0.5283433924694273,0.5283294106383782,0.528351797661734,0.5284498533430638,0.5283769964433067,0.5284756353465452,0.5171547,0.5167359,0.53909373,0.5160276315453877,0.5217597814493103,0.5195937809623882,0.516920125765768,0.519492312359169,0.5194387443004495,0.5195411154594634,0.5195833415398684,0.5195776749984274,0.5195927678481934,0.5195115738426771,0.5194941953037036,0.5195606871183897,0.50206316,0.49882016,0.5116418
0.3662109375,0.6196383917179452,0.6283226287975394,0.6227373852094362,0.6204213677079212,0.6226623261889112,0.6226227021670993,0.6226984266141065,0.6227296626975632,0.6227254709197908,0.6227366357612064,0.6226765740968654,0.6226637190147465,0.6227129043526921,0.6312624,0.62062794,0.63345045,0.5400497555166027,0.5251227641374115,0.5347956884665933,0.5386959189048042,0.5349269486377879,0.5348638137284674,0.5349962542835405,0.5348091918218905,0.5347969989148738,0.5348165215804558,0.5349020300408256,0.5348384961188675,0.5349245126322857,0.5246189,0.522735,0.54452,0.5116743485131913,0.5217597814493103,0.5152539880054763,0.5125807735529369,0.5151663395739698,0.5151200678099673,0.5152084955444144,0.5152449704192704,0.5152400756564122,0.515253112875886,0.5151829775682506,0.5151679660531366,0.5152254015240021,0.49750033,0.49478894,0.5070781
0.3681640625,0.6158955319769808,0.6135687563636948,0.6190491158230439,0.6166922478650763,0.6191311105291605,0.619090482489369,0.6191820739320177,0.6190627177690508,0.6190501441487981,0.619068546086952,0.6191196173581205,0.6190751098668157,0.6191295890019112,0.62694764,0.6184674,0.62906706,0.5465601721832694,0.550684244744553,0.5411815999593416,0.5451758502915575,0.5410406082362867,0.5409529943477351,0.5411104643874363,0.5411582085263384,0.5411481858113046,0.541179831499039,0.541060368749362,0.5410432241962128,0.5411368985789733,0.5320958,0.5286113,0.5496125,0.5073525819964108,0.5046889815458392,0.5109897306171847,0.5082726684371632,0.5110838941425723,0.5110372371181434,0.5111424185343619,0.5110053515660878,0.5109909115870586,0.5110120449680522,0.5110706955687613,0.5110195829651555,0.5110821468505665,0.4930215,0.4911047,0.50276875
0.3701171875,0.6121707808024714,0.6135687563636948,0.6153955428501445,0.6129810814133227,0.61547641946337,0.6154363454340095,0.6155266879211371,0.6154089593178461,0.6153965571534847,0.6154147081598749,0.6154650830150435,0.6154211824349892,0.6154749186839089,0.6230459,0.61625606,0.6250536,0.553070588849936,0.550684244744553,0.5474978909050798,0.5516557854354562,0.5473571772620454,0.5472697360295532,0.5474268956711383,0.5474745456274027,0.5474645426864693,0.5474961259345329,0.5473768988186465,0.5473597880651158,0.5474532777212863,0.5395298,0.5343712,0.5544517,0.5030621416230728,0.5046889815458392,0.5067917083187844,0.5039956368955575,0.5068847985405751,0.506838673327624,0.506942655850192,0.5068071512160485,0.5067928758276639,0.5068137683248107,0.5068717504084642,0.5068212204017415,0.5068830711647891,0.48865813,0.48772553,0.4987081
0.3720703125,0.6084640724056466,0.6135687563636948,0.611741969877245,0.609287815640567,0.6116544814645758,0.611600103475662,0.6116978316133789,0.6117274565906963,0.6117212377711423,0.6117408726528972,0.6116667446866598,0.6116561049352873,0.6117142342131253,0.6195324,0.6139536,0.62145835,0.5595810055166027,0.550684244744553,0.5538896287909487,0.5581357020655194,0.554043710917538,0.553967358348289,0.5541395021135219,0.5539151861329817,0.5538915609186484,0.5539261376073037,0.5540221106202714,0.5539384712894434,0.5540408513052983,0.5468788,0.54002863,0.5591341,0.49880283794225977,0.5046889815458392,0.5025837481021,0.49974950603847135,0.5024828021268005,0.5024200567287781,0.5025328211686285,0.5025670027679306,0.5025598274860841,0.5025824821374788,0.5024969520410956,0.5024846753744403,0.5025517467368731,0.48459467,0.48444226,0.49488214
0.3740234375,0.6047753411572663,0.6135687563636948,0.6080883969043457,0.6056123980883693,0.6080130139976728,0.6079661601259624,0.6080503659180218,0.608075891777186,0.60807053343681,0.6080874514995991,0.6080235803949552,0.6080144128336717,0.6080644989398489,0.61635447,0.61154664,0.6182898,0.5660914221832694,0.550684244744553,0.5603581735388083,0.5646155766619437,0.5604925453648043,0.5604259605130996,0.5605760802987434,0.5603804619207577,0.5603598585389888,0.560390012582969,0.5604737085022321,0.56040076862269,0.5604900516029226,0.5541159,0.54560477,0.5637655,0.49457448242075314,0.5046889815458392,0.4983656708373714,0.49553410382620233,0.49827847384633805,0.4982242747757558,0.49832168014581607,0.4983512061980181,0.49834500818639166,0.4983645772950403,0.49829069648459723,0.49828009194930245,0.498338028035444,0.4816445,0.48040584,0.4912718
0.3759765625,0.6011045215874329,0.599094045014344,0.6044698618535228,0.6019547768143199,0.6045526601508117,0.6045106881784708,0.6046135124057883,0.6044902971134621,0.6044713639820456,0.6044975600884904,0.6045460330966872,0.6044955163568225,0.6045511237117964,0.613435,0.60904944,0.6155135,0.572601838849936,0.5762445564326456,0.5667437705338995,0.5710953847282387,0.5665986604295649,0.5664920377167076,0.5666722144294916,0.5667079525433784,0.5666952229156874,0.5667411375891479,0.5666102733658349,0.5666013527899695,0.5666988048801728,0.5612283,0.5511285,0.5684541,0.49037688743970204,0.4880999861097596,0.49422177320604,0.49134925934238927,0.49431595593612143,0.49426821362276696,0.4943851718857402,0.4942450187052836,0.4942234819165434,0.49425328040365213,0.49430841787615926,0.4942509556447553,0.49431420828928424,0.4788018,0.47657883,0.48785633
0.3779296875,0.5974515483853972,0.599094045014344,0.600885983960737,0.5983149005983246,0.6009676222326734,0.6009262382984154,0.6010276219319716,0.6009061329174504,0.6008874650440544,0.6009132941363382,0.6009610880252747,0.6009112790378746,0.6009661073195622,0.61067635,0.6064994,0.6130554,0.5791122555166027,0.5762445564326456,0.5730587392155088,0.5775751009804471,0.5729139627073171,0.5728075849058014,0.572987347652965,0.5730230035975562,0.5730103032401471,0.5730561123265513,0.5729255489582737,0.5729166488811429,0.5730138769685771,0.56821454,0.55663466,0.5733038,0.48620986629129215,0.4880999861097596,0.4901429995737385,0.48719480301002854,0.49023607430773986,0.4901888936511997,0.49030447597442933,0.4901659716060158,0.49014468818247686,0.49017413611121313,0.49022862492818975,0.49017183870150305,0.49023434722084375,0.47599328,0.47298554,0.4846144
0.3798828125,0.5938163563993618,0.599094045014344,0.5973021060679511,0.5946927190220452,0.5972137761903459,0.59714885852404,0.5972585522219929,0.5972803055712214,0.5972725573720881,0.597300503585377,0.5972208459840356,0.5972154152756244,0.5972747376411756,0.60796463,0.60394955,0.6108101,0.5856226721832694,0.5762445564326456,0.5794494889011418,0.5840546993314386,0.5796080615439941,0.5795276723072087,0.5797246337391125,0.5794886214960722,0.579452365311789,0.579502530451559,0.5795953678956167,0.5794986165681049,0.579605118578146,0.5750799,0.56216276,0.5784075,0.4820732331754218,0.4880999861097596,0.4860545258668509,0.4830705666769051,0.4859535753446977,0.4858793783589627,0.48600474976282637,0.48602961105580567,0.4860207558980093,0.48605269447376676,0.48596165549742265,0.4859554486785165,0.48602324765934424,0.47315127,0.46963966,0.48152402
0.3818359375,0.5901988806362907,0.599094045014344,0.5937182281751653,0.5910881824142411,0.5936421214835452,0.5935861871955763,0.5936807013584972,0.5936994444552423,0.5936927684604595,0.5937168474458991,0.5936482129513787,0.5936435337503932,0.5936946470215035,0.60517484,0.6014574,0.6086515,0.592133088849936,0.5762445564326456,0.5859173919077603,0.5905341526528486,0.5860556855294069,0.585985577530149,0.5861573464450633,0.5859515205473097,0.5859199005178962,0.5859636508596883,0.5860446154055535,0.5859602374782873,0.5860531189735982,0.5818323,0.56775343,0.58384,0.4779668031963901,0.4880999861097596,0.48195617642688543,0.47897638356784267,0.4818689757784807,0.48180488513836506,0.481913179950779,0.4819346550547745,0.4819270059937767,0.48195459447126,0.48187595535754,0.4818705939506803,0.4819291583698746,0.470218,0.46653908,0.47856188
0.3837890625,0.5865990562617123,0.584897733221408,0.5901692037638993,0.5875012417203604,0.5902531630974461,0.5902098267943251,0.5903252222250123,0.5901976615305461,0.5901717026845413,0.5902070535354369,0.590251605113768,0.5901947305207023,0.5902519331370353,0.6021786,0.5990729,0.6064457,0.5986435055166027,0.6017977379687828,0.5923012180848781,0.5970134324006804,0.5921512310401816,0.5920225368417463,0.5922286427630222,0.5922503756409974,0.5922335970278053,0.5922967533346234,0.5921540138724823,0.5921534279641325,0.5922556119358914,0.5884783,0.57344425,0.5896517,0.4738903923595895,0.4719850393969319,0.4779306676031876,0.4749120881662224,0.4780252595693415,0.47797643580830573,0.4781064400498626,0.4779627298640733,0.47793348306450206,0.4779733113374364,0.4780235043305495,0.47795942763725924,0.4780238738847422,0.46714884,0.46366292,0.4757016
0.3857421875,0.5830168185995287,0.584897733221408,0.5866548900689051,0.5839318483913496,0.5867376320608483,0.5866949240986455,0.5868086463900553,0.5866829352212324,0.5866573527572437,0.5866921910497409,0.5867360966666579,0.5866800467086317,0.5867364199338565,0.59885424,0.5968267,0.6040626,0.6051539221832694,0.6017977379687828,0.5986132686022734,0.6034925082460888,0.5984636932249007,0.5983353519600549,0.5985408925225513,0.5985625657459089,0.5985458331890394,0.5986088161116373,0.598466468422531,0.5984658841216248,0.5985677876665393,0.5950222,0.579265,0.5958649,0.46984381756820986,0.4719850393969319,0.4739692738807048,0.4708775161179825,0.4740627074612783,0.4740144816029595,0.4741428937914543,0.47400094350345395,0.4739720548635765,0.4740113953947639,0.4740609737174107,0.4739976817161132,0.47406133874598594,0.4639141,0.46097142,0.47291365
0.3876953125,0.5794521031318216,0.584897733221408,0.5831405763739109,0.5803799543770761,0.5830510290301937,0.5829741739243761,0.5830972496308949,0.5831102245678199,0.5831002074672234,0.5831379111347266,0.5830526907072705,0.5830523408520367,0.5831133506544006,0.59509844,0.5947225,0.60138714,0.611664338849936,0.6017977379687828,0.6050013986328272,0.609971347838739,0.6051652803849145,0.6050806851803426,0.6053059740559715,0.6050569402267915,0.6050062755948049,0.6050752720601723,0.6051622388698118,0.6050512194489974,0.6051628792394709,0.6014657,0.5852331,0.60247135,0.465826896619949,0.4719850393969319,0.4699984180720242,0.46687250423691784,0.46989705070756277,0.469810045927696,0.46994937309174617,0.46996406060678114,0.4699527213481538,0.4699954011185123,0.4698989317788168,0.46989853573175394,0.46996759928977044,0.4605002,0.45841068,0.47016475
0.3896484375,0.5759048454986566,0.584897733221408,0.5796262626789168,0.5768455122594196,0.579549108697144,0.5794828903461885,0.5795889323617665,0.5796001115660339,0.5795914808332309,0.5796239663091205,0.5795505403979357,0.5795502389627036,0.5796028050018975,0.5927358,0.590838,0.5983279,0.6181747555166027,0.6017977379687828,0.6114669920024232,0.6164499167563411,0.6116099205591656,0.6115361420530433,0.6117326210960023,0.6115154329490473,0.6114712455020411,0.6115314210241378,0.6116072679719682,0.6115104435681373,0.6116078264557538,0.60781187,0.5913493,0.60943335,0.46183944820372874,0.4719850393969319,0.46601792806931774,0.4628968906400421,0.4659303681456971,0.46585521499015037,0.46597556351449654,0.46598825042393743,0.4659784556992819,0.46601532205101953,0.4659319929865245,0.4659316508870575,0.4659913071004155,0.45690984,0.45592055,0.46742028
0.3916015625,0.572374981497892,0.5709795354543907,0.5761466389668015,0.5733284754942536,0.5762320840363047,0.5761873528121065,0.57631632244582,0.5761835314145903,0.5761512061539107,0.5761966116882856,0.5762304984827034,0.5761722227899856,0.5762366142668436,0.5908191,0.586041,0.5948237,0.6246851721832694,0.6273366454484051,0.6178473195002689,0.6229281785960018,0.6176917157850809,0.6175383546812004,0.6177731699039348,0.6177801291321334,0.617756308750604,0.6178390010443584,0.6176946028109473,0.6176834670863767,0.6178007240494408,0.61406845,0.59759754,0.61668706,0.4578812918964244,0.4563369518456543,0.46210897579225857,0.4589505149805036,0.4622043193957583,0.46215440690041865,0.46229831109008584,0.46215014279495864,0.46211407221435036,0.46216473836879607,0.4622025502117297,0.4621375240036372,0.4622093742830378,0.45344475,0.45316097,0.46464646
0.3935546875,0.5688624470849831,0.5709795354543907,0.572701903291861,0.5698287986826347,0.5727860506855189,0.5727419988057172,0.5728690097450388,0.5727382354447299,0.5727064011159463,0.5727511170650059,0.5727844892121206,0.5727270985670625,0.5727905121143028,0.58891094,0.5807243,0.59084827,0.631195588849936,0.6273366454484051,0.6241545110665369,0.6294060950862196,0.6239994357109733,0.6238465949349543,0.6240806133017299,0.6240875488986735,0.6240638093998089,0.6241462208671078,0.6240023129376886,0.6239912150092167,0.6241080738774079,0.62025106,0.6039446,0.6241481,0.45395224815959684,0.4563369518456543,0.458263258691224,0.4550332187012636,0.45835736965343327,0.4583081024474924,0.45845014618335106,0.45830389347013784,0.4582682892247059,0.45831830034639687,0.4583556233421536,0.4582914378197159,0.45836235918901974,0.4509397,0.44928527,0.46181408
0.3955078125,0.5653671783727896,0.5709795354543907,0.5692571676169205,0.5663464377824987,0.5691660659166027,0.5690762507595253,0.5692137584353805,0.5692178328168905,0.5692038866034789,0.5692522980730869,0.5691677564369553,0.5691612357759366,0.5692298900945748,0.58641034,0.57495636,0.5869478,0.6377060055166027,0.6273366454484051,0.6305380358229093,0.6358836260779387,0.6307080162718391,0.6306190232677371,0.6308756495233747,0.6306114212688442,0.6305471201962775,0.6306374426262864,0.6307048615497163,0.6305889253847929,0.6307170300208698,0.62638307,0.61034334,0.63171846,0.4500521383362359,0.4563369518456543,0.45440831831457523,0.4511448452253915,0.4543061773902206,0.4542054724642316,0.4543596498576365,0.4543642179377289,0.45434858178730836,0.45440285887148546,0.4543080728188316,0.4543007617749003,0.45437773613575644,0.44837958,0.44532594,0.45890164
0.3974609375,0.5618891116313826,0.5709795354543907,0.5658124319419799,0.5628813502055628,0.5657339411791367,0.5656565588671788,0.5657750317643587,0.565778542141352,0.5657665264607925,0.5658082364746191,0.5657353976857837,0.5657297796604801,0.56578893036594,0.5815532,0.56885266,0.5848729,0.6442164221832694,0.6273366454484051,0.6369992879469348,0.6423607293183397,0.63714753857991,0.6370699229760366,0.637293735884489,0.637063292782031,0.6370072111597835,0.6370859876353228,0.6371447872060321,0.6370436725952001,0.6371553998604962,0.6324923,0.61673653,0.63929355,0.4461807846475123,0.4563369518456543,0.4505439862050032,0.4472852400310546,0.450455759730647,0.45036877432541217,0.4505019476644177,0.4505058934457219,0.4504923873771095,0.45053927047280035,0.450457396942428,0.45045108189334815,0.4505175700997836,0.44575748,0.44133404,0.45589772
0.3994140625,0.5584281832878486,0.5573398478218841,0.5624022588324864,0.5594334948015578,0.562489480808662,0.5624433014442137,0.5625865284080539,0.5624470619049016,0.5624110670355442,0.5624664303896497,0.5624878622820549,0.5624280492463758,0.5624999684648337,0.5763507,0.56256527,0.58264226,0.650726838849936,0.6528524624749742,0.6433740054725766,0.6488373600003807,0.6432120685773006,0.6430319483811592,0.6432977992330071,0.6432908175198913,0.6432548592544859,0.6433576498247253,0.643215073087139,0.6431926005081052,0.6433261175903209,0.63860476,0.6230618,0.64677083,0.44233801018953334,0.4411492987864335,0.4467499396481032,0.44345425061539917,0.4468463304449495,0.4467952974159846,0.446953572807419,0.4467994531803082,0.4467596740419945,0.4468208575271225,0.44684454183168115,0.44677844177840803,0.44685792017182785,0.44308206,0.4373653,0.45280138
0.4013671875,0.5549843299260991,0.5573398478218841,0.5590273181587515,0.5560028317846373,0.5591131279726094,0.5590676962724676,0.5592086043285038,0.559071395849636,0.5590359837531115,0.5590904507500616,0.5591115356506628,0.5590526910144491,0.5591234458289955,0.57090104,0.5562659,0.5802266,0.6572372555166027,0.6528524624749742,0.6496739024683109,0.6553134701721246,0.6495126732231046,0.6493333395343334,0.649598029307193,0.6495910781037263,0.6495552769585994,0.6496576183164807,0.6495156646081646,0.6494932901931544,0.6496262239052887,0.64473754,0.62925565,0.65405667,0.43852363893011237,0.4411492987864335,0.44301841793341495,0.4396517264047376,0.44311346623144887,0.44306314397291463,0.44321921496325506,0.4430672418571398,0.44302801674972164,0.4430883480914848,0.44311170252934856,0.44304652309511566,0.44312489454077814,0.440372,0.4334761,0.4496209
0.4033203125,0.5515574882866744,0.5573398478218841,0.5556523774850166,0.5525893226808599,0.5555594262862508,0.5554560040629036,0.5556086389671819,0.5556046314986037,0.5555839907844792,0.5556429907103859,0.5555611511266518,0.5555482497427219,0.5556248930138685,0.56531996,0.5501266,0.577611,0.6637476721832694,0.6528524624749742,0.6560503285296004,0.6617890081395574,0.6562271591862702,0.656133529455156,0.6564239795118464,0.656141153255968,0.6560681832739438,0.6561804218544002,0.6562238773055805,0.6561026089143933,0.6562484254635298,0.65089273,0.635257,0.6610737,0.43473749570554127,0.4411492987864335,0.43927791358276563,0.4358775186940714,0.43917469896427935,0.4390598489691448,0.43922934644185235,0.43922489648181334,0.4392019764835126,0.43926749066132886,0.43917661432017363,0.4391622878689914,0.4392473950743165,0.43765008,0.42971832,0.44637096
0.4052734375,0.5481475952665492,0.5573398478218841,0.5522774368112817,0.549192930362953,0.5521973562200141,0.5521082544880749,0.552239754603673,0.5522363020343949,0.5522185193633457,0.5522693497884945,0.5521988422281666,0.5521877272509851,0.5522537580128429,0.5597323,0.54430115,0.57479465,0.670258088849936,0.6528524624749742,0.6625046866526868,0.6682639179825908,0.6626589121869505,0.6625772524557664,0.6628305639302449,0.6625839016714115,0.6625202592502727,0.6626181501837243,0.6626560499076277,0.6625502844974998,0.6626774594295584,0.65705407,0.6410105,0.66776645,0.4309794062173723,0.4411492987864335,0.4355282619187954,0.43213148068622337,0.43543911099622906,0.43533991097644026,0.43548631228895146,0.4354824686660704,0.43546267169461916,0.43551925915754663,0.4354407653650004,0.43542839104775427,0.4355019016874096,0.43493745,0.4261345,0.44306883
0.4072265625,0.5447545879189433,0.5439800100645115,0.5489369748508341,0.5458136191992845,0.549026222966654,0.5489785226418781,0.5491363999679023,0.5489883105392565,0.5489542608695118,0.5490174680437259,0.5490245668421723,0.5489630827100106,0.5490427207658043,0.5542625,0.5389091,0.57179064,0.6767685055166027,0.6783339515169949,0.6688711231214918,0.6747381392348896,0.668702179131643,0.668493693134849,0.66879246757318,0.6687739395016438,0.6687187495067417,0.6688383969203092,0.6687053136251468,0.6686709553106175,0.6688216960476585,0.66318846,0.64646876,0.67410606,0.42724919702921216,0.4264166780360054,0.43184770255451965,0.4284134676576875,0.4319453817928884,0.43189317607670724,0.43206595839184697,0.4319038886066212,0.4318666220443549,0.43193580008404836,0.43194356927412253,0.4318762774287502,0.43196343742565596,0.4322492,0.4227518,0.43973142
0.4091796875,0.5413784034531228,0.5439800100645115,0.5456323316599523,0.542451355299097,0.5457200011835333,0.5456731445669051,0.545828229409085,0.5456827593390728,0.5456493119290388,0.5457114011148927,0.5457183743520537,0.5456579777316334,0.5457362071748683,0.5490248,0.5340275,0.5686263,0.6832789221832694,0.6783339515169949,0.6751605713905173,0.6812116066883002,0.6749926158373221,0.6747853487411214,0.6750823761101248,0.6750639564389095,0.6750090892928649,0.6751280367098104,0.6749957319977536,0.6749615746265987,0.6751114335648405,0.6692507,0.65159476,0.6800917,0.4235466955635163,0.4264166780360054,0.4282291975766,0.42472333722678757,0.42832537024056244,0.4282739697275139,0.4284440871222309,0.4282845170307059,0.4282478252569928,0.4283159363164323,0.4283235856774011,0.4282573317193717,0.42834314739033125,0.42959166,0.41957772,0.43637323
0.4111328125,0.5380189792342102,0.5439800100645115,0.5423276884690706,0.5391061068062273,0.5422326468259682,0.5421153177021593,0.5422834436097611,0.542273020332577,0.5422419700733295,0.5423092803312323,0.542234410457508,0.5422150780748027,0.5422998858223568,0.54411316,0.5296889,0.5653418,0.689789338849936,0.6783339515169949,0.681526668456344,0.6876842502139398,0.6817110335487357,0.6816124881371295,0.6819387218338675,0.6816327077177559,0.6815623721578322,0.6816929451295092,0.6817076118062707,0.6815805943126053,0.6817451211027162,0.6751925,0.6563646,0.6857499,0.4198717300983975,0.4264166780360054,0.4246019539175278,0.42106094966428226,0.42449743366694426,0.42436839300849566,0.424553297387024,0.42454183456850414,0.4245076870581859,0.424581710491569,0.42449937325453896,0.4244781119574011,0.42457137924522526,0.4269606,0.41659692,0.4330059
0.4130859375,0.5346762527829877,0.5439800100645115,0.5390230452781888,0.535777844189798,0.5389411692818904,0.5388400931788992,0.5389849294395016,0.5389759500471396,0.5389492010260978,0.5390071871282629,0.5389426886063119,0.5389260342425705,0.538999093994045,0.5395937,0.52588516,0.56198776,0.6962997555166027,0.6783339515169949,0.6879708240746036,0.6941559944733444,0.688131616821886,0.688045672053274,0.6883301832290879,0.6880633064047064,0.6880019633986881,0.6881158414637496,0.6881286326411308,0.6880178559163606,0.688161345224971,0.6809698,0.66076875,0.6911305,0.4162241297644386,0.4264166780360054,0.4209658108519497,0.41742616818255796,0.4208755373076733,0.42076408672270604,0.4209237863853027,0.42091388601609747,0.420884393068079,0.4209483266584205,0.42087721251118493,0.42085884934431544,0.4209394035997181,0.42434117,0.41377163,0.4296396
0.4150390625,0.5313501617757059,0.53090270229483,0.535752842070657,0.5324665405010207,0.5358443042448864,0.5357950162481494,0.5359677074670528,0.5358087451924946,0.535786311423635,0.5358517107396875,0.5358426070354327,0.535779343539428,0.5358667752515488,0.5354996,0.52257633,0.5586192,0.7028101721832694,0.7037663546280273,0.6943254983608237,0.7006267584279577,0.6941489582500217,0.6939108610802514,0.6942440863570236,0.6942175871027089,0.694134664885882,0.6942608888883147,0.6941522336516169,0.6941055939785128,0.6942743390752788,0.68655014,0.6648129,0.6963011,0.41260372454151595,0.4121351016071818,0.4173976311772057,0.4138188591666417,0.41749676696470306,0.41744334456897103,0.41763051304943444,0.4174582253259884,0.4174339093607273,0.41750479456698064,0.4174949274213674,0.4174263567882486,0.417521122251305,0.4217092,0.41104528,0.42628464
0.4169921875,0.5280406440438901,0.53090270229483,0.5325194155534391,0.5291721715988403,0.532609050709607,0.5325607472735479,0.5327299888699307,0.5325742019730535,0.5325522163337211,0.5326163092547241,0.5326073874030465,0.5325453876376585,0.5326310728428922,0.53183085,0.5197016,0.55529004,0.709320588849936,0.7037663546280273,0.700600294431281,0.707096454622014,0.7004251915090971,0.7001890313276292,0.700519545295503,0.7004932617633957,0.7004110144685712,0.7005362110328147,0.7004284402537342,0.7003821801318664,0.7005495517126737,0.6919162,0.6685182,0.70133877,0.40901034525562985,0.4121351016071818,0.41389139397735814,0.41023889235435396,0.4139887736207246,0.41393629757407424,0.4141201505030253,0.413950914725599,0.4139270295063776,0.4139966590190781,0.4139869666637693,0.4139196107245784,0.4140126974693456,0.41903338,0.40834966,0.4229535
0.4189453125,0.5247476375741447,0.53090270229483,0.529285989036221,0.5258947163789149,0.529188697309064,0.5290574286975045,0.5292411267901151,0.529226522799792,0.5291808187442097,0.5292503864367258,0.5291905026940824,0.52916479406089,0.5292577984351267,0.5285572,0.5171901,0.55204695,0.7158310055166027,0.7037663546280273,0.7069517563966408,0.7135649882780463,0.7071442118571525,0.707040490856981,0.7074039901133159,0.7070693797986444,0.7070221746760376,0.7071597997618814,0.707140639930641,0.7070075137248005,0.7071915063639088,0.69706744,0.67192024,0.70632255,0.40544382357574055,0.4121351016071818,0.41037666753860674,0.4066861410137389,0.41027070477597116,0.41012772453965285,0.4103278079603678,0.410311902360335,0.4102621236980659,0.41033789279989585,0.4102726711356712,0.4102446699728179,0.41034596528297423,0.41627908,0.4056145,0.4196611
0.4208984375,0.5214710805079605,0.53090270229483,0.5260525625190031,0.5226341570584377,0.5259687569157628,0.5258556841448322,0.5260139188675079,0.5260013392139802,0.5259619704406989,0.5260218949852383,0.5259703120467587,0.5259481670239892,0.5260282795671072,0.5256249,0.5149698,0.548925,0.7223414221832694,0.7037663546280273,0.7133812979571023,0.7200322562749338,0.7135491351704586,0.7134586828296576,0.7137756704290669,0.7134838763516657,0.7134427095244635,0.7135627287633135,0.713546020227557,0.7134299238442594,0.7135903786656078,0.7020193,0.6750688,0.7113261,0.40190399201061516,0.4121351016071818,0.4068532953214789,0.4031604821867159,0.4067617844785527,0.4066383061953608,0.4068110994387168,0.406797363156793,0.4067543737831846,0.40681980884643687,0.40676348264509776,0.4067393006075831,0.406826780360643,0.41341463,0.40277714,0.41642502
0.4228515625,0.5182109111415226,0.5181125979267676,0.5228535825241852,0.519390479568513,0.5229473544788048,0.5228964622402554,0.5230840206923048,0.5229160524174838,0.5229118106333586,0.5229726761294534,0.522945614408123,0.5228805273402768,0.5229757732255879,0.52296513,0.51297516,0.54594606,0.728851838849936,0.7291297554824611,0.7197195689332452,0.726498146061658,0.7195349971171753,0.7192661148177569,0.7196351603551392,0.7195966017635191,0.7194851677331313,0.7196049504588486,0.7195384215044089,0.7194790734224296,0.7196665265361843,0.7068033,0.67802745,0.7164111,0.39839068390568244,0.3983026281463056,0.40339682332941074,0.3996617970621573,0.40349748080492553,0.4034428525169137,0.40364416943894216,0.4034638810768135,0.40345932787171546,0.403524660561197,0.40349561302858483,0.4034257473887631,0.4035279848869524,0.4104168,0.39979148,0.41326317
0.4248046875,0.5149670679255138,0.5181125979267676,0.5196929261259068,0.5161636740888371,0.5197844882160447,0.5197347953227668,0.5199179337031318,0.5197539238306504,0.519749782009975,0.5198092131273314,0.5197827891525106,0.5197192359505205,0.5198122372361554,0.5205025,0.51114976,0.54311913,0.7353622555166027,0.7291297554824611,0.7259739497478733,0.732962534503534,0.7257915489702074,0.725525827353395,0.7258905341744355,0.725852429115962,0.7257423055099671,0.7258606796166917,0.7257949330883545,0.7257362828540603,0.7259215313836515,0.7114653,0.6808728,0.7216238,0.3949037334398919,0.3983026281463056,0.4000027447066873,0.39618997151470076,0.4001012567165515,0.40004779279715585,0.4002448188546053,0.4000683731441551,0.4000639169880631,0.4001278571591408,0.40009942875044713,0.40003105225781316,0.4001311106299684,0.40727696,0.3966336,0.4101919
0.4267578125,0.5117394894649239,0.5181125979267676,0.5165322697276283,0.5129537357349025,0.5164326942297542,0.5162875697486976,0.51648673618731,0.5164659335746432,0.5164058054229616,0.5164704378826516,0.5164345419933546,0.5164025166476471,0.5165036572977357,0.5181623,0.50944793,0.54044265,0.7418726721832694,0.7291297554824611,0.7323048715644779,0.7394252865864829,0.7325057430765951,0.7323967157858938,0.7327986383287521,0.7324386814479655,0.7324295945012492,0.7325599985722862,0.7325020149174236,0.7323625828743405,0.7325666349605657,0.71606183,0.68369335,0.72699213,0.391442975622586,0.3983026281463056,0.3966004349803647,0.39274489681118074,0.3964930319307812,0.3963364843949065,0.3965513231185619,0.3965288851213774,0.3964640279863752,0.3965337435636325,0.39649502502154144,0.3964604804664221,0.3965695742032892,0.40400428,0.39330477,0.40722448
0.4287109375,0.5085281145188535,0.5181125979267676,0.5133716133293499,0.5097606653866933,0.5132858547824665,0.5131608675629361,0.5133323979567379,0.5133144818842926,0.5132626970273239,0.5133183611810851,0.5132874461530821,0.5132598645976798,0.5133469711185372,0.5158767,0.50783175,0.53790784,0.748383088849936,0.7291297554824611,0.7387137480946937,0.7458862538496832,0.7388889005123175,0.7387938339263402,0.7391442780231955,0.7388304262920538,0.7388225028741788,0.738936207721629,0.7388856497795753,0.7387640711132087,0.7389419941688188,0.7206563,0.6865864,0.73252714,0.3880082462903756,0.3983026281463056,0.39318974212203195,0.38932647045998664,0.3930970018844039,0.39296182804372204,0.3931473349675999,0.3931279602482138,0.39307195775249293,0.39313215540341956,0.39309872286748954,0.3930688945681936,0.39316309440865854,0.40062565,0.38983047,0.40436894
0.4306640625,0.5053328820003208,0.5056174511086027,0.5102454262818741,0.5065844706386302,0.5103414723127966,0.5102890755209258,0.5104916679844427,0.5103561692815676,0.5103036934512064,0.510386143848568,0.5103396900434263,0.5102728546518954,0.5103759968665865,0.513588,0.5062692,0.53550214,0.7548935055166027,0.7543964874413126,0.7450293402166844,0.7523452724016303,0.7448365462079243,0.7445352025949787,0.7449417137340011,0.7448070512599728,0.7447469013796381,0.7449123713769409,0.7448401231114742,0.7447672625091535,0.7449742756142921,0.7253119,0.6896534,0.7382253,0.38459938210402395,0.3849204226142148,0.3898449412807731,0.38593459717021844,0.3899470448592212,0.38989134438346407,0.39010669805061127,0.3899626680850174,0.38990688421978004,0.389994531209059,0.3899451502526062,0.3898741003104729,0.3899837449959753,0.3971818,0.38625702,0.401628
0.4326171875,0.5021537309760713,0.5056174511086027,0.5071601094996931,0.5034251668563862,0.5072533292920272,0.5072024743216526,0.5073991053244759,0.5072675937896187,0.5072166621065305,0.5072966863287298,0.5072515994674942,0.5071867307659016,0.5072868379305812,0.5112522,0.50473064,0.5332118,0.7614039221832694,0.7543964874413126,0.7512551099688938,0.7588021604064416,0.7510657282341582,0.7507697147634109,0.7511690346010241,0.7510367551713817,0.7509776694646051,0.7511402115684893,0.7510692418451187,0.750997670382655,0.7512010201296266,0.73008525,0.69299316,0.7440722,0.3812162205453448,0.3849204226142148,0.3865639125924437,0.38256918989861644,0.38666323972361827,0.38660905386779876,0.3868185517608896,0.38667843812468844,0.3866241711382532,0.3867094348383528,0.3866613966350659,0.3865922787058248,0.386698941918883,0.3937203,0.3826465,0.39899963
0.4345703125,0.4989906006663778,0.5056174511086027,0.5040747927175122,0.5002827783432218,0.503973091809351,0.5038140531061212,0.5040285735535398,0.5039575295309636,0.5039257901591603,0.5040130949671714,0.5039749790129325,0.5039365345623668,0.5040457494544668,0.50884014,0.5031872,0.53102404,0.767914338849936,0.7543964874413126,0.7575570925060944,0.7652567149942541,0.7577663195866973,0.7576521677266308,0.7580936758035255,0.7577983429753409,0.7576840118802827,0.7578636610231979,0.7577624363146105,0.7576168339706243,0.7578415486548225,0.73502076,0.6966939,0.75004745,0.37785859991409565,0.3849204226142148,0.3832749245957855,0.37923017098546274,0.3831662878273051,0.38299638520659596,0.3832255544432356,0.3831496634445212,0.38311575726282576,0.38320902019781367,0.38316830381591754,0.383127235270197,0.3832439015229179,0.39028743,0.3790699,0.396478
0.4365234375,0.4958434304448541,0.5056174511086027,0.5009894759353313,0.49715733963787134,0.500901911020236,0.500764978019371,0.5009496810382925,0.5008885118322609,0.5008611840979527,0.5009363539095023,0.5009035359105577,0.5008704350748764,0.5009644695621469,0.50633895,0.5016116,0.5289278,0.7744247555166027,0.7543964874413126,0.7639366958853168,0.7717087086248603,0.7641190865147776,0.7640195775300564,0.7644044347374992,0.7641470015643219,0.7640473371568199,0.7642039391257031,0.7641157014190966,0.763988775631974,0.764184663942826,0.7401475,0.70082355,0.75612867,0.3745263593248943,0.3849204226142148,0.37997783023987963,0.37591747340406256,0.3798840497382264,0.3797373835077681,0.37993521142334313,0.3798696988527524,0.3798404296410097,0.3799209382691332,0.379885790028215,0.37985033791904915,0.3799510495289278,0.38692236,0.37560079,0.39405498
0.4384765625,0.49271215983825445,0.4934300636693198,0.4979386058801255,0.49404889697887844,0.49803672974804686,0.4979831400848145,0.49820163981924537,0.49810128483892757,0.4979946367331366,0.4981237128122981,0.4980349089214847,0.49796659034609453,0.4980780806111391,0.50375265,0.49997997,0.5269139,0.7809351721832694,0.779526470924158,0.7702208784788417,0.7781578849854781,0.7700199892487416,0.7696825467170907,0.7701296936831363,0.7698878686208263,0.7698419747889631,0.7701061566830636,0.770023716310502,0.7699353552339211,0.7701635777447907,0.7454785,0.7054228,0.7622934,0.3712193387041279,0.37199460480193886,0.37674552446885184,0.37263104216194914,0.37684883973197136,0.37679241582091316,0.3770224565256184,0.37691680582687304,0.37680452070548076,0.3769404180502263,0.3768469226449548,0.37677499031575945,0.37689237591930685,0.3836514,0.3723085,0.39172146
0.4404296875,0.48959672852628444,0.4934300636693198,0.4949329110729217,0.4909575099731507,0.4950271563110176,0.49497568493429955,0.49518554783444363,0.495089159675125,0.4949867271443283,0.49511070111794714,0.49502540745789436,0.4949597893718933,0.4950668726615871,0.5011014,0.49827528,0.52497375,0.787445588849936,0.779526470924158,0.7764057693600714,0.7846039545054802,0.7762104971567291,0.7758824839582417,0.7763171344869739,0.77608206931604,0.7760374579597852,0.7762942555968314,0.776214120030407,0.7761282288017659,0.7763500710655838,0.7510129,0.7104986,0.7685197,0.3679373787868821,0.37199460480193886,0.37358015525059657,0.3693708358931379,0.37367961315086773,0.3736252958508916,0.37384674823978536,0.37374504177707035,0.37363694878961873,0.37376777247297727,0.3736777676381979,0.37360852094588837,0.3737215239343584,0.3804872,0.36925223,0.38946706
0.4423828125,0.48649707634140604,0.4934300636693198,0.4919272162657179,0.4878832535042869,0.4918238241236804,0.4916500600246294,0.49188029101792374,0.4917558030675708,0.49173217093547633,0.4918681771141259,0.4918257427104884,0.4917802531312117,0.4918977293127308,0.49841952,0.49649096,0.523096,0.7939560055166027,0.779526470924158,0.7826662400986062,0.7910465895103718,0.7828831742779164,0.7827646858925522,0.7832479662375745,0.7830259436922975,0.7827901030416793,0.7830755544263428,0.782879147928154,0.7827280994115481,0.7829746208999163,0.7567353,0.7160232,0.7747849,0.3646803211138715,0.37199460480193886,0.37040712044640356,0.366136828676546,0.37029773521309933,0.3701138780690871,0.3703574763396896,0.3702257662882112,0.37020076163401233,0.3703446602440038,0.37029976509447876,0.3702516358688059,0.3703759252356912,0.37742996,0.3664764,0.38727936
0.4443359375,0.4834131432686422,0.4934300636693198,0.4889215214585141,0.4848262199215159,0.4888325444945342,0.4886830069989608,0.48888113864024135,0.4887740070956558,0.4887536698115576,0.48887071368568835,0.4888341955874117,0.48879504827334125,0.4888961456465606,0.49575102,0.49463412,0.521263,0.8004664221832694,0.779526470924158,0.7890036845990375,0.7974854189166001,0.7891927001530614,0.7890894621050254,0.7895105207072192,0.7893170898568498,0.7891116081457376,0.7893603127714681,0.7891891920766816,0.789057583933962,0.7892723747398926,0.7626178,0.7219364,0.7810626,0.36144800802837757,0.37199460480193886,0.3672262786813639,0.3629290121204091,0.3671318974144903,0.3669732615331064,0.36718344394823016,0.36706980074697343,0.36704822618015315,0.3671723857902737,0.36713364885544325,0.36709212164655985,0.3671993622997185,0.37447092,0.36400676,0.38514256
0.4462890625,0.4803448694453878,0.48157189265097233,0.4859494107709561,0.4817865215781978,0.48604976111289316,0.48599523703916525,0.48623251220482017,0.48613259341143145,0.48600087462596697,0.48624281947131853,0.48604789897097,0.4859782071456111,0.48609952636619025,0.49314404,0.4927257,0.51944566,0.806976838849936,0.804458258977982,0.7952444652479848,0.803920022200966,0.795034925102962,0.7946535472854883,0.7951487653230579,0.7948620293137644,0.7946320458979659,0.7951369934829322,0.7950388126275678,0.7949310430642119,0.7951843270876924,0.7686193,0.72815204,0.7873199,0.358240282673201,0.3595401839656605,0.3641088173636513,0.3597473977818547,0.3642134585475329,0.3641566041586956,0.3644040019078384,0.3642998262119192,0.36416248280821745,0.36441474782033473,0.3642115168607115,0.36413884590477164,0.3642653485289124,0.3715981,0.36184883,0.3830361
0.4482421875,0.4772921951612099,0.48157189265097233,0.48303106535763357,0.47876429385249797,0.4831255489923525,0.48307421251889304,0.4832976160434537,0.4832035387279821,0.483079520519661,0.483307320723916,0.4831237957154441,0.48305817823130803,0.48317240485675167,0.4907998,0.4906436,0.51760256,0.8134872555166027,0.804458258977982,0.8013684386364116,0.8103499221773446,0.8011687865073249,0.8008053944092218,0.8012772552468969,0.8010040462429793,0.8007849065946325,0.8012660389133118,0.8011724906226594,0.801069804957865,0.8013111387883834,0.7746837,0.7345679,0.7935163,0.3550569889876107,0.3595401839656605,0.3610648897455854,0.3565920200564253,0.3611636380025815,0.361109985356772,0.36134345171128174,0.361245142088947,0.36111553294655224,0.3613535925474509,0.3611618056597323,0.36109322717653,0.36121260590126963,0.3688015,0.3599872,0.380935
0.4501953125,0.47425506085765845,0.48157189265097233,0.4801127199443111,0.47575969889000136,0.48000795772058835,0.4798171720151442,0.48006487893380895,0.4799214837173769,0.4798064115918309,0.48005899349168313,0.4800099017311915,0.47995600454834314,0.48008265754306984,0.48889947,0.48828554,0.5156816,0.8199976721832694,0.804458258977982,0.807566860665364,0.8167745758799078,0.8077910211621054,0.807669214288141,0.8081994981826037,0.8079761239488532,0.8076818073277716,0.8082225461984778,0.8077868606574016,0.8076311753965039,0.8079022220424449,0.78074,0.7410749,0.7996037,0.3518979717043108,0.3595401839656605,0.3580136279825313,0.3534629397806275,0.35790386279879816,0.35770394125044713,0.35796350350332834,0.35781325192516783,0.3576926646059379,0.3579573370079456,0.3579058997342419,0.35784942500321754,0.3579821309269277,0.36607715,0.3583861,0.3788118
0.4521484375,0.4712334071280718,0.48157189265097233,0.47719437453098856,0.47277293046685964,0.4771043027780553,0.47694027034047126,0.47715324211202204,0.47702995474709886,0.47693101881682387,0.4771481819665782,0.47710597418628364,0.47705963483260433,0.47716852768390033,0.48707068,0.4860911,0.51362693,0.826508088849936,0.804458258977982,0.8138410972364127,0.823193362555765,0.8140362170386081,0.8139301920528047,0.8143917450246115,0.8141973305145599,0.8139411536345822,0.8144118042926362,0.8140325956450173,0.8138970809685921,0.81413300723101,0.78670347,0.74756646,0.805529,0.3487630763464113,0.3595401839656605,0.3549548975156833,0.35036024894854684,0.354860278832088,0.35468794716514135,0.35491168958409,0.3547821721471789,0.3546782268415533,0.3549063740026385,0.3548620346811922,0.35481335329913627,0.3549277466319651,0.36342695,0.35699195,0.37664032
0.4541015625,0.46822717471738146,0.47008330036273976,0.4743091580876605,0.46980422060327176,0.47441335224164544,0.47435776164192134,0.47462372019700455,0.47450478343945296,0.47435257917327417,0.4747501947887203,0.47441141877237625,0.47433969965721773,0.4744759558238562,0.4853553,0.48406368,0.5113884,0.8330185055166027,0.8290870292532008,0.8200187883714661,0.8296055673281746,0.8197966779128759,0.8193485341947,0.8199151681352532,0.8196018545745516,0.8190792984205734,0.8199262158760426,0.8198007985968284,0.8196632729023549,0.8199536728627987,0.79248154,0.75394434,0.811239,0.34565214922440407,0.34758886990543675,0.351956080282042,0.347284077171992,0.3520638178417227,0.3520063378972366,0.35228131141920466,0.3521583506975198,0.3520009791574655,0.3524120516425296,0.35206181870480013,0.3519876614705855,0.3521285459284312,0.36085573,0.35573718,0.3744003
0.4560546875,0.4652363045219205,0.47008330036273976,0.47149191960438,0.4668538489155482,0.47158600753980057,0.47153580890046437,0.4717759710439069,0.4716685704505371,0.471531129100718,0.4718901783459731,0.47158426160565,0.471519498821776,0.4716425389436737,0.48378432,0.48218918,0.50893027,0.8395289221832694,0.8290870292532008,0.8260462209034269,0.8360103583358575,0.8258433064987226,0.8254338690630822,0.8259515571355774,0.8256653141839425,0.8251878712642701,0.8259616500438408,0.8258470711239723,0.8257214271862455,0.8259867338946771,0.7979833,0.76012325,0.81668484,0.34256503743315186,0.34758886990543675,0.34904633502361276,0.3442346008685534,0.3491438271664052,0.3490918132502185,0.3493406401071261,0.3492293709004713,0.34908696410750284,0.3494589501182161,0.34914201813310414,0.3490749128927337,0.3492024002060261,0.3583649,0.3545466,0.3720824
0.4580078125,0.4622607375892284,0.47008330036273976,0.4686746811210995,0.4639221563036249,0.4685679564811431,0.46835247947561637,0.4686248971684428,0.46847430476179425,0.4682229332894987,0.46863020549985396,0.46856993690714327,0.46850383249226374,0.4686433978111436,0.48237184,0.48043835,0.50623554,0.846039338849936,0.8290870292532008,0.8321461161288868,0.8424067537691059,0.8323791507431948,0.8322548068171314,0.8328499712134039,0.8325837279329803,0.832243216316156,0.8331332401427789,0.8323748254910801,0.8322144126396759,0.8325192173511016,0.80313325,0.76603234,0.82182765,0.33950158884887993,0.34758886990543675,0.3461296556830936,0.3412120567677918,0.34601879653927414,0.3457949409306886,0.34607794437085965,0.34592150837187313,0.34566033747014097,0.3460834583170162,0.3460208537795206,0.3459521834955758,0.3460971615148018,0.3559466,0.3533462,0.36969116
0.4599609375,0.4593004151178568,0.47008330036273976,0.46585744263781903,0.4610095656786134,0.46576588518837,0.4655810307344313,0.46581473374013055,0.46568554279917473,0.46546989502676694,0.465819287677113,0.46576758416578956,0.46571087419116547,0.46583060516082164,0.4811122,0.47877267,0.5033056,0.8525497555166027,0.8290870292532008,0.8383197886862095,0.8487935726224967,0.838522195045528,0.8384141954877984,0.8389310960216516,0.838699873796548,0.8384041283153096,0.8391770862896117,0.8385184383858557,0.8383791101433045,0.8386438463148177,0.80788505,0.77161396,0.8266413,0.3364616521261774,0.34758886990543675,0.34320591646043624,0.3382167624323992,0.34311054792170187,0.3429179756043006,0.3431614307498853,0.34302685498155194,0.34280218486945674,0.3431661742228333,0.3431123176887671,0.343053243413606,0.34317796266118966,0.35357946,0.3520741,0.3672462
0.4619140625,0.45635527845717977,0.45903398478472834,0.46305866211876107,0.4581166145137623,0.4631823560237716,0.4631172715057513,0.4634368082346996,0.4632582140578619,0.4630926510181945,0.4637484371642897,0.4631800607091597,0.46309549116751464,0.4632591755125111,0.47998,0.47715107,0.500155,0.8590601721832694,0.8532223697897727,0.8444083265785298,0.8551693580809071,0.8441399090812639,0.8435881947830223,0.8442811255183922,0.8439753669986554,0.8429133322357382,0.8443345559059589,0.8441448886404769,0.8439732818732115,0.8443283920387447,0.81223285,0.7768235,0.83111286,0.3334450766950102,0.3362117343878936,0.3403375437708312,0.3352491485688515,0.3404639115348549,0.3403974217654993,0.34072382223409586,0.3405414027718532,0.340372268729405,0.34104205942687704,0.3404615667245436,0.3403751703389917,0.3405423848941695,0.35122952,0.35069114,0.36478138
0.4638671875,0.45342526910719366,0.45903398478472834,0.4603755438960726,0.4552440079151307,0.46047710109183626,0.4604236643348901,0.46068601561349776,0.460539383297396,0.46040345001895927,0.46094187430116157,0.46047521655504065,0.46040578188487036,0.46054017268663894,0.47893503,0.4755373,0.4968065,0.865570588849936,0.8532223697897727,0.8502672323218448,0.8615322532465511,0.8500442609242643,0.8495858929142326,0.850161570416965,0.8499075674099935,0.8490250932898791,0.8502059539204978,0.850048397576971,0.8499058351397388,0.8502008337670818,0.8162136,0.78162575,0.83523846,0.33045171275773183,0.3362117343878936,0.33758859835884314,0.33230981180744384,0.337692609675404,0.3376378827652804,0.33790654382346513,0.33775639239666183,0.3376171797431227,0.3381684973832039,0.3376906796823092,0.33761956800330367,0.337757200781946,0.34918964,0.3488554,0.36234164
0.4658203125,0.45051032871833074,0.45903398478472834,0.4576924256733841,0.45239270831790435,0.4575709526588418,0.45732106906824976,0.45763486860201846,0.45749645663514993,0.45701503535144966,0.45765904703540833,0.4575732067617033,0.4574955124431578,0.4576562578801978,0.47793,0.47390622,0.49328837,0.8720810055166027,0.8532223697897727,0.8561948310820552,0.8678797915356634,0.85646479618377,0.8563227296980639,0.8570205955796912,0.8566304291961295,0.8562689984425834,0.8577021139525164,0.8564597852958747,0.8562751964374911,0.8566325288404393,0.81990135,0.7859939,0.83901715,0.32748141128611463,0.3362117343878936,0.33483325754930776,0.3293996040129201,0.33470854255932636,0.3344519478839347,0.3347741660087753,0.33463205172058114,0.3341376179910886,0.3347989894029736,0.334710856943108,0.334631082213292,0.33479612587388735,0.34759712,0.3464198,0.35997915
0.4677734375,0.4476103990912588,0.45903398478472834,0.4550093074506956,0.4495640923699671,0.4549055293644637,0.45469204622246623,0.45496013469625346,0.4548418851485055,0.4544305923220125,0.45498079106635125,0.45490745511300973,0.4548410784966055,0.45497840820633056,0.47692242,0.47224787,0.48963538,0.8785914221832694,0.8532223697897727,0.8621923380748662,0.8742085301231348,0.8624256911444846,0.8623028935533736,0.8629060594771965,0.8625688527732805,0.8622564487682901,0.8634949838988226,0.8624213599801179,0.8622618062912272,0.8625706675173519,0.8233905,0.7899076,0.8424413,0.3245340240183756,0.3362117343878936,0.33207140820426884,0.32651978855797587,0.3319646335791913,0.3317449550431495,0.3320208168471447,0.33189914676582344,0.331475856377837,0.332042069411329,0.3319666150229832,0.33189831673618375,0.33203961779608715,0.34597385,0.34390262,0.35774928
0.4697265625,0.4447254221766921,0.4486183545812319,0.45236900909592576,0.44676023513438756,0.45256516751893944,0.4524809526761095,0.4529496694294156,0.45253282943033074,0.45242266641531687,0.45316588271771585,0.45256152752314044,0.45243935235976035,0.45267690641174274,0.47588596,0.47056884,0.4858936,0.885101838849936,0.8764535810501287,0.8681156367951623,0.8805133853574547,0.8676753135937917,0.8668133160904204,0.8678643066261605,0.8677478776763371,0.8663292398059157,0.8679951525252195,0.8676834809350797,0.8674246602645295,0.867957691070002,0.82677424,0.7933525,0.84548926,0.32160940345622074,0.3255525243278675,0.32934398620513594,0.3236723234263184,0.3295455241673704,0.3294590040763196,0.32994046913987907,0.3295123016393466,0.3293991185345167,0.33016249571875206,0.3295417846661139,0.3294162626309251,0.32966031175886806,0.34440473,0.34131515,0.35570636
0.4716796875,0.441855340075196,0.4486183545812319,0.4498685727527965,0.4439844440707595,0.44999084865579697,0.4499383530973862,0.45023052899980953,0.44997069061758893,0.44990202019329045,0.45036530615931886,0.44998857965420935,0.44991242142354554,0.4500605014079342,0.47482094,0.46889174,0.482125,0.8916122555166027,0.8764535810501287,0.8736588184542918,0.8867863835657301,0.8733816743425322,0.8728388642531263,0.8735006395530973,0.8734273531197613,0.8725338848250274,0.8735829932820666,0.8733868157703154,0.8732238704129999,0.8735594160456871,0.8301215,0.7963207,0.8481207,0.3187074028618911,0.3255525243278675,0.3268177388153214,0.32086039261331356,0.3269434665969023,0.32688949076943596,0.32718987309784725,0.3269227404438694,0.3268521318587773,0.32732840922382334,0.3269411336667064,0.3268628269345523,0.32701507948511316,0.34298643,0.3387099,0.35390186
0.4736328125,0.4390000950369921,0.4486183545812319,0.44736813640966727,0.4412422890466451,0.4471951315635324,0.44685601437020206,0.44726940609991084,0.44722365262298064,0.4466653218365856,0.4473208125367351,0.44719834191210406,0.44709658178086326,0.4473060961192257,0.47375873,0.46725315,0.47841153,0.8981226721832694,0.8764535810501287,0.8792639641727675,0.8930142398218561,0.8796605114248379,0.879490227958812,0.8804386983437378,0.8795951167154484,0.8793724055232709,0.8808768078097119,0.8796531501381887,0.879406132465584,0.8798865362000128,0.8334588,0.79880905,0.85027814,0.31582787625521597,0.3255525243278675,0.3242859003975327,0.3180894311693173,0.32410767786104044,0.323758251459527,0.3241841959057004,0.32413706103023515,0.3235617142443039,0.3242371520688327,0.32411098528744153,0.3240061433114924,0.3242219922559619,0.34181443,0.33618414,0.35238305
0.4755859375,0.4361596294617687,0.4486183545812319,0.44486770006653803,0.4385436269764558,0.44472227058665875,0.44443720552550037,0.444784706451521,0.44474624565402726,0.44427690761130734,0.44482791917958514,0.4447249692354737,0.44463942872438744,0.444815548422396,0.47275943,0.46570143,0.47485355,0.904633088849936,0.8764535810501287,0.8849321187815758,0.8991736207949796,0.8852701944664988,0.8851250245435649,0.8859335188217856,0.8852144451039609,0.8850245742894242,0.8863068935861091,0.8852639189826168,0.8850533287698393,0.8854628734036716,0.8367609,0.8008168,0.85189295,0.3129706784106805,0.3255525243278675,0.32174837667648626,0.31536913345229517,0.3215977709399418,0.3213025005433431,0.3216624315693433,0.3216226007494591,0.32113642956640676,0.3217071818927897,0.32160056582669105,0.3215119714014729,0.321694371142696,0.34097087,0.3338741,0.3511932
0.4775390625,0.4333338858984816,0.43903049403969435,0.4422199331530206,0.4359064789681073,0.44281462574439684,0.44262073186207596,0.44331201259554515,0.4425422194864149,0.44245037225566275,0.44293195625300597,0.44279901236614905,0.44247178760764283,0.4428035903858278,0.47156492,0.46429607,0.47190174,0.9111435055166027,0.8979839722527081,0.8906136722915242,0.90522190833609,0.8893218551112121,0.8882440713323754,0.8897426584695529,0.8899131569278669,0.8890673943738553,0.8901126903226076,0.889355726817906,0.8893457950016259,0.8900661591640071,0.839952,0.8023429,0.852898,0.3101356648544899,0.31596590240595,0.3192315905286528,0.3127173012726809,0.3198134863156499,0.31962379715645645,0.32029994378510773,0.31954697845296715,0.3194571060208742,0.31992825720927753,0.319798212684991,0.31947806155341224,0.3198026911078781,0.3405177,0.33194166,0.35037228
0.4794921875,0.43052280704516416,0.43903049403969435,0.4400936404108031,0.4333642170329953,0.44026216122528955,0.4402072166111368,0.44040310805813365,0.4401849681929027,0.44015894101456027,0.4402954097189847,0.4402577367894426,0.4401650095827761,0.4402590340842403,0.46866238,0.46310762,0.47126696,0.9176539221832694,0.8979839722527081,0.8955153358407616,0.9110803165109793,0.8951458265055298,0.8948369947825461,0.8952662704383956,0.8953150496855843,0.8950729571757623,0.8953721200533674,0.8951555241858528,0.8951526806957382,0.8953588127666731,0.8429154,0.80338216,0.8532407,0.3073226918616513,0.31596590240595,0.3170555301775457,0.3101669576859243,0.3172205690125208,0.3171667623058859,0.3173585851475673,0.31714497392753105,0.317119484392287,0.3172531276866991,0.31721623630167306,0.3171254276534325,0.31721750670337623,0.34049496,0.33055517,0.34995684
0.4814453125,0.4277263357487332,0.43903049403969435,0.4379673476685856,0.4309774040603548,0.43754883293796776,0.43719879709249093,0.4376852856987802,0.43774053875931335,0.4374662616281585,0.4378051762200681,0.4375598208481691,0.43755659906821015,0.43779010517261435,0.46625063,0.46221867,0.47091946,0.924164338849936,0.8979839722527081,0.900464593676126,0.9166060890372435,0.9013982319930139,0.901093631899651,0.9021804777458917,0.9009703458872474,0.9008261599820001,0.901582646151207,0.9013736969221176,0.9008597749564271,0.9013808907556372,0.8455106,0.80392337,0.8528942,0.3045316164530588,0.31596590240595,0.314875199228743,0.3077778524395782,0.31446239805726106,0.314117023532422,0.31459700473882285,0.31465150565834143,0.31438093597042027,0.31471525985460014,0.31447323791256315,0.3144700595548978,0.31470039507695546,0.34092402,0.32986856,0.34997833
0.4833984375,0.4263194281784952,0.43903049403969435,0.4358410549263681,0.42884636441203905,0.4354963562511233,0.43520805841260773,0.4356087419867845,0.43565424972014644,0.43542834855862833,0.43570748666848624,0.4355054061550168,0.4355027526204993,0.4356950737957442,0.4644065,0.46172428,0.47088867,0.9274526200489499,0.8979839722527081,0.9054621423776016,0.9215553485931777,0.9062305050294415,0.9059798540676102,0.9068740801216255,0.9058783961467212,0.9057597331065839,0.9063822436419605,0.9062103164767257,0.9057873983137167,0.9062162359025345,0.8475934,0.8039508,0.85186315,0.30313017805064685,0.31596590240595,0.3126905351786732,0.3056499033611099,0.31235285856363265,0.31207035471691563,0.31246296612847435,0.3125075482620636,0.3122862241375334,0.3125597001269176,0.3123617254222142,0.3123591255660163,0.31254754047458433,0.34181392,0.33000213,0.3504582
0.4853515625,0.4263194281784952,0.43160801264349186,0.43412704206199276,0.4271298902989502,0.4343780170533125,0.4342828469473326,0.43461938852602183,0.43467019447386984,0.43432514815626294,0.43487447131889473,0.43437335985888764,0.43422494695424463,0.4343881106178823,0.46316442,0.4617299,0.4711566,0.9274526200489499,0.9158797713692436,0.9105653636858827,0.9255810859345466,0.9099730410829644,0.9094040289319766,0.9101975701509346,0.9092843388579894,0.9088033800287266,0.9100977593221259,0.9099840262302362,0.9099492337178446,0.910334218251775,0.84903765,0.8034483,0.85018516,0.30313017805064685,0.3081238443493208,0.3104993815098236,0.30393620322520737,0.31074748071001856,0.31065340828113863,0.3109860289928193,0.3110362335252794,0.3106952226758649,0.3112380671172803,0.31074287743473655,0.31059617181134186,0.3107574573433541,0.34316936,0.33102667,0.35140136
0.4873046875,0.4263194281784952,0.43160801264349186,0.4324476891163255,0.4259647962462403,0.43233676160229645,0.4322300787121632,0.4323788254876689,0.4322076231779961,0.4321173356060227,0.4323601289317994,0.4323388200185442,0.4323323003847882,0.4324044164928196,0.4625097,0.462346,0.47165528,0.9274526200489499,0.9158797713692436,0.9141014228768873,0.9282232159380754,0.9143580217047492,0.9142607035341359,0.9146049260626088,0.9146569121479842,0.9143039571770274,0.914865988539389,0.9143532589530898,0.9142015059559926,0.9143683441997895,0.84792364,0.8024057,0.8497517,0.30313017805064685,0.3081238443493208,0.308916233945587,0.3027806981992062,0.3088076923949835,0.30870329342303954,0.3088488528597767,0.30868131728451614,0.3085929525143735,0.3088305580585022,0.3088097066400319,0.30880332689650825,0.3088738934368042,0.34499466,0.33295497,0.35278866
0.4892578125,0.4263194281784952,0.43160801264349186,0.43076833617065824,0.42552798643076434,0.4306844261005066,0.4306037268360056,0.4307162449292557,0.4305867405593028,0.4305184433783516,0.4307021020961783,0.43068598317003315,0.4306810514546637,0.430735603003366,0.46367922,0.46238238,0.4722768,0.9274526200489499,0.9158797713692436,0.9176650527638778,0.9294780852712963,0.9178661598193155,0.9177898904889976,0.9180596454814741,0.9181003812506808,0.9178237892898546,0.9182642011022256,0.9178624272810971,0.9177434949430832,0.9178742494637433,0.8451594,0.80082405,0.8496859,0.30313017805064685,0.3081238443493208,0.3073309066363473,0.3023526465368427,0.3072477009171519,0.30716767247657895,0.30727925347512075,0.307150826579016,0.3070830909389014,0.30726522911780474,0.3072492449799124,0.3072443544527108,0.3072984490640112,0.34729594,0.3357397,0.35457134
0.4912109375,0.4263194281784952,0.43160801264349186,0.42908898322499095,0.425434806491221,0.42903284581785184,0.4289788564997768,0.4290541332097102,0.4289674923627987,0.4289218002706984,0.4290446713897268,0.4290338875265025,0.42903058811663325,0.4290670841235373,0.46582028,0.4626924,0.47289282,0.9274526200489499,0.9158797713692436,0.921256577062433,0.9296937558203227,0.9213995248435805,0.9213453144203563,0.9215370380434369,0.9215659874166898,0.9213694092052664,0.9216824004261334,0.9213968719055392,0.9213123362847128,0.9214052746158481,0.8419832,0.7987189,0.8488318,0.30313017805064685,0.3081238443493208,0.30574337398908297,0.3022110402497951,0.3056863178970236,0.30563144173846957,0.3057079540684207,0.30561989051822636,0.30557344476374637,0.30569833728517265,0.30568737668510354,0.30568402317531307,0.30572111692748355,0.35007727,0.33927974,0.35667118
0.4931640625,0.4263194281784952,0.4255956704743563,0.4260350190696466,0.425383090806407,0.42661774866338315,0.42643199159968687,0.4266335865161023,0.4266788636377641,0.4261836990648867,0.4266831820683097,0.42634401361845664,0.42628446922453594,0.42662247925414004,0.46883237,0.46334338,0.47338226,0.9274526200489499,0.9265085648042934,0.9255531028862566,0.9296473241512724,0.9241114515582546,0.9240771459116097,0.92458621357054,0.9239858250537392,0.9239697357340827,0.9251907582902079,0.9247881710611467,0.9241044966579641,0.9249453173618178,0.8384917,0.7961191,0.84721065,0.30313017805064685,0.30327406917043076,0.3035672254371451,0.30219300524739356,0.304234408327559,0.30399722800223805,0.3042449648196724,0.30426456068936925,0.30372829499871035,0.3042780207201234,0.3039210458016186,0.3038374496597677,0.3042323917915304,0.35333368,0.34343362,0.3589885
0.4951171875,0.4263194281784952,0.4255956704743563,0.4257421200061197,0.4254822290329277,0.4253828063111277,0.42537752702688775,0.4255429725832257,0.4254191253987299,0.4253993381618633,0.42566753238192073,0.4255487932138511,0.42538947388277815,0.4256169794693635,0.47274143,0.4642564,0.47365725,0.9274526200489499,0.9265085648042934,0.9261898583876288,0.9293005556314922,0.9270315041908851,0.9266584662512968,0.9270430094127152,0.9269501086270534,0.9263653169443555,0.9269954779325446,0.9266420628455769,0.9264842716519786,0.9270158733204787,0.8347887,0.79306054,0.844859,0.30313017805064685,0.30327406917043076,0.30337180520585855,0.30229849129399755,0.3030390859346872,0.3030355613518826,0.30318379884445334,0.30306686127588,0.3030501228679242,0.3033013946748898,0.30319352607463107,0.3030452611078183,0.3032536698705083,0.35704342,0.34803814,0.36141694
0.4970703125,0.4263194281784952,0.4255956704743563,0.4254492209425929,0.4256188793006343,0.42525497774468074,0.42524969846044103,0.42531689676591283,0.4252346060865537,0.4252331666097052,0.4253996609441795,0.4253462227596562,0.4252534008810951,0.4253660708909631,0.47368237,0.46538672,0.47753304,0.9274526200489499,0.9265085648042934,0.9268274906333025,0.9289047836726927,0.9273101631471197,0.9271510285541835,0.9273216752868045,0.9273523341139195,0.9269486432422014,0.9273577269044198,0.9270833746370131,0.9270307723426039,0.9273125007718505,0.83098686,0.78957796,0.84181356,0.30313017805064685,0.30327406917043076,0.30317631583135407,0.3024472998542507,0.3029537380403357,0.3029502129119294,0.30303287605900303,0.302943663750155,0.30293917397864034,0.30312259474255066,0.3030582980610388,0.30295440894848447,0.30308618302582535,0.36116073,0.35292926,0.3638636
0.4990234375,0.4263194281784952,0.4255956704743563,0.42515632187906605,0.4257126436533511,0.42511659060975426,0.4250908209485999,0.4251324284624736,0.4250669950575471,0.42505008677437756,0.42513178950643826,0.4251173278794119,0.42511516231256274,0.4251436523054613,0.47347924,0.46672752,0.4831548,0.9274526200489499,0.9265085648042934,0.9274660014353003,0.9286768199763867,0.9276120280931149,0.9275774709017599,0.9276441147753471,0.9277202591044666,0.927532704636589,0.9277549088225479,0.9275779181370671,0.9275251069767961,0.9276093181142717,0.8272053,0.78569466,0.83810544,0.30313017805064685,0.30327406917043076,0.30298075717072925,0.3025486642570252,0.3028719025814204,0.30286132555791795,0.3028819119538997,0.3028282027515323,0.30282043868184727,0.302943736837023,0.30291864530471396,0.3028635418127172,0.30292303688036193,0.36561292,0.35795987,0.3662657
0.5009765625,0.4263194281784952,0.42500987234730264,0.42500987234730264,0.425777325567759,0.42500987234730264,0.42500987234730264,0.42500987234730264,0.42500987234730264,0.42500987234730264,0.42500987234730264,0.42500987234730264,0.42500987234730264,0.42500987234730264,0.44425645,0.4433375,0.45695373,0.9274526200489499,0.9305986750590493,0.9305986750590493,0.9286261457542279,0.9305986750590493,0.9305986750590493,0.9305986750590493,0.9305986750590493,0.9305986750590493,0.9305986750590493,0.9305986750590493,0.9305986750590493,0.9305986750590493,0.8584955,0.81020665,0.86331666,0.30313017805064685,0.30243857859052603,0.30243857859052603,0.30261605616930265,0.30243857859052603,0.30243857859052603,0.30243857859052603,0.30243857859052603,0.30243857859052603,0.30243857859052603,0.30243857859052603,0.30243857859052603,0.30243857859052603,0.31856754,0.31742945,0.32394347
0.5029296875,0.4263194281784952,0.42500987234730264,0.42500987234730264,0.42583790205993566,0.42500987234730264,0.42500987234730264,0.42500987234730264,0.42500987234730264,0.42500987234730264,0.42500987234730264,0.42500987234730264,0.42500987234730264,0.42500987234730264,0.45003107,0.44643202,0.4594966,0.9274526200489499,0.9305986750590493,0.9305986750590493,0.9286390308855795,0.9305986750590493,0.9305986750590493,0.9305986750590493,0.9305986750590493,0.9305986750590493,0.9305986750590493,0.9305986750590493,0.9305986750590493,0.9305986750590493,0.85463154,0.8088114,0.8624655,0.30313017805064685,0.30243857859052603,0.30243857859052603,0.3026654033616363,0.30243857859052603,0.30243857859052603,0.30243857859052603,0.30243857859052603,0.30243857859052603,0.30243857859052603,0.30243857859052603,0.30243857859052603,0.30243857859052603,0.3225627,0.3209671,0.3259159
0.5048828125,0.4263194281784952,0.42500987234730264,0.42500987234730264,0.42589215299530564,0.42500987234730264,0.42500987234730264,0.42500987234730264,0.42500987234730264,0.42500987234730264,0.42500987234730264,0.42500987234730264,0.42500987234730264,0.42500987234730264,0.45610875,0.44814888,0.4614021,0.9274526200489499,0.9305986750590493,0.9305986750590493,0.9286316357992639,0.9305986750590493,0.9305986750590493,0.9305986750590493,0.9305986750590493,0.9305986750590493,0.9305986750590493,0.9305986750590493,0.9305986750590493,0.9305986750590493,0.8513349,0.8081392,0.86183393,0.30313017805064685,0.30243857859052603,0.30243857859052603,0.30269996347089556,0.30243857859052603,0.30243857859052603,0.30243857859052603,0.30243857859052603,0.30243857859052603,0.30243857859052603,0.30243857859052603,0.30243857859052603,0.30243857859052603,0.3259001,0.32403523,0.32757294
0.5068359375,0.4263194281784952,0.42500987234730264,0.42500987234730264,0.4259312252535844,0.42500987234730264,0.42500987234730264,0.42500987234730264,0.42500987234730264,0.42500987234730264,0.42500987234730264,0.42500987234730264,0.42500987234730264,0.42500987234730264,0.4613552,0.44947296,0.46265367,0.9274526200489499,0.9305986750590493,0.9305986750590493,0.9285653608988667,0.9305986750590493,0.9305986750590493,0.9305986750590493,0.9305986750590493,0.9305986750590493,0.9305986750590493,0.9305986750590493,0.9305986750590493,0.9305986750590493,0.8487513,0.80820084,0.86152625,0.30313017805064685,0.30243857859052603,0.30243857859052603,0.30272673558779145,0.30243857859052603,0.30243857859052603,0.30243857859052603,0.30243857859052603,0.30243857859052603,0.30243857859052603,0.30243857859052603,0.30243857859052603,0.30243857859052603,0.32845616,0.32659465,0.32886234
0.5087890625,0.4263194281784952,0.4251387235855125,0.42507539819149315,0.42595457862801966,0.425098453574296,0.425083751138878,0.42512564827234045,0.4251259420111797,0.4250754060680093,0.4251293481350658,0.425089885765257,0.42508359613817537,0.425102043484998,0.4632402,0.45042992,0.465577,0.9274526200489499,0.9302767017406197,0.9304426962507768,0.9284283903573984,0.9302333676970523,0.9299864859173071,0.9303668540543428,0.9299838194387801,0.9299528998736891,0.9304426247330254,0.9303111554295682,0.9302007755809432,0.9303682613859685,0.847015,0.80899656,0.8616549,0.30313017805064685,0.3021462619856625,0.3021601228235704,0.302750069828004,0.30221615557413867,0.30218042430653064,0.30228223875125104,0.3022829524807108,0.30216014196756835,0.3022912286250272,0.3021953336318435,0.30218004759282857,0.3022248796589748,0.3297408,0.32861918,0.33014235
0.5107421875,0.4263194281784952,0.4251387235855125,0.4251176151208394,0.42597038569619383,0.4251216402801835,0.42511907343296135,0.42512638810822356,0.42512643939106903,0.42511761649597307,0.4251270340544283,0.4251201444561104,0.4251190463719261,0.4251222670302458,0.4631632,0.45100802,0.46861976,0.9274526200489499,0.9302767017406197,0.9303320277492292,0.9282567921116869,0.9303711038311099,0.9303461850689984,0.9304171945999032,0.9304176924357707,0.9303320410990966,0.9304234652102104,0.9303565825187348,0.9303459223608761,0.9303771882284378,0.8462317,0.8105098,0.86232686,0.30313017805064685,0.3021462619856625,0.3021508827855511,0.3027776817958199,0.30212964181891344,0.30210458695976156,0.3021431872297367,0.3021043163320509,0.3021011781960934,0.3021508755289466,0.3021375353874773,0.30212633440420955,0.3021433300319232,0.33017626,0.33008975,0.3309138
0.5126953125,0.4263194281784952,0.4251387235855125,0.42515983205018565,0.4259891137440325,0.4251521469225847,0.42514308202323653,0.4251570477343907,0.4251429841102901,0.4251418487356614,0.4251598294246803,0.425155002858931,0.425150950285684,0.4251570994012916,0.46244526,0.45117623,0.4703868,0.9274526200489499,0.9302767017406197,0.9302213812256953,0.9280920536927508,0.9302911445975602,0.9302466561500977,0.9303734363814514,0.9303743252611151,0.9302214050588453,0.930384632522642,0.9302652189366223,0.9302461871352649,0.9303020075491496,0.84646344,0.8126998,0.86362696,0.30313017805064685,0.3021462619856625,0.30214164066529126,0.3028126517041887,0.3021229640518823,0.30210093321438314,0.3021348742382892,0.30210069524580585,0.3020979358104534,0.3021416342848555,0.3021299047254167,0.30212005587673174,0.302134999799861,0.3307746,0.33014807,0.33099392
0.5146484375,0.4263194281784952,0.4251387235855125,0.4252020489795319,0.4260260938357733,0.42518265356498586,0.4251597759382495,0.4251950220358201,0.4251595288295112,0.4251566634168945,0.42520204235338743,0.4251898612617516,0.42517963354112226,0.4251951524306571,0.46113706,0.45090258,0.47085276,0.9274526200489499,0.9302767017406197,0.9301107566736286,0.9279615163827283,0.9302111968380803,0.9301471450091152,0.930329681599336,0.9303309614616523,0.9301107909858981,0.9303458025413414,0.9301738703350576,0.9301464697613505,0.9302268370134638,0.8477186,0.8154985,0.86560214,0.30313017805064685,0.3021462619856625,0.3021323964634111,0.30285740283022805,0.3021162851977266,0.3020972791434078,0.3021265595624994,0.30209707383975715,0.30209469316838944,0.30213239095953853,0.3021222726440296,0.30211377638817943,0.30212666787646697,0.32978088,0.32964808,0.33133203
0.5166015625,0.4263194281784952,0.42534760778207265,0.42534760778207265,0.426087812994645,0.42534760778207265,0.42534760778207265,0.42534760778207265,0.42534760778207265,0.42534760778207265,0.42534760778207265,0.42534760778207265,0.42534760778207265,0.42534760778207265,0.45932004,0.4501698,0.47007272,0.9274526200489499,0.9297136819187117,0.9297136819187117,0.9278709595025391,0.9297136819187117,0.9297136819187117,0.9297136819187117,0.9297136819187117,0.9297136819187117,0.9297136819187117,0.9297136819187117,0.9297136819187117,0.9297136819187117,0.8499464,0.8188083,0.8682518,0.30313017805064685,0.3021603150277081,0.3021603150277081,0.3029109281466791,0.3021603150277081,0.3021603150277081,0.3021603150277081,0.3021603150277081,0.3021603150277081,0.3021603150277081,0.3021603150277081,0.3021603150277081,0.3021603150277081,0.32868105,0.3280397,0.33112743
0.5185546875,0.4263194281784952,0.42534760778207265,0.42534760778207265,0.42616377120895915,0.42534760778207265,0.42534760778207265,0.42534760778207265,0.42534760778207265,0.42534760778207265,0.42534760778207265,0.42534760778207265,0.42534760778207265,0.42534760778207265,0.45710206,0.44898283,0.4681809,0.9274526200489499,0.9297136819187117,0.9297136819187117,0.9278073934188491,0.9297136819187117,0.9297136819187117,0.9297136819187117,0.9297136819187117,0.9297136819187117,0.9297136819187117,0.9297136819187117,0.9297136819187117,0.9297136819187117,0.85303915,0.8225043,0.8715279,0.30313017805064685,0.3021603150277081,0.3021603150277081,0.3029676836394973,0.3021603150277081,0.3021603150277081,0.3021603150277081,0.3021603150277081,0.3021603150277081,0.3021603150277081,0.3021603150277081,0.3021603150277081,0.3021603150277081,0.32726488,0.32570377,0.33043522
0.5205078125,0.4263194281784952,0.42534760778207265,0.42534760778207265,0.42623448880568127,0.42534760778207265,0.42534760778207265,0.42534760778207265,0.42534760778207265,0.42534760778207265,0.42534760778207265,0.42534760778207265,0.42534760778207265,0.42534760778207265,0.45460913,0.44737047,0.46538055,0.9274526200489499,0.9297136819187117,0.9297136819187117,0.9277520571387305,0.9297136819187117,0.9297136819187117,0.9297136819187117,0.9297136819187117,0.9297136819187117,0.9297136819187117,0.9297136819187117,0.9297136819187117,0.9297136819187117,0.8568405,0.8264407,0.8753426,0.30313017805064685,0.3021603150277081,0.3021603150277081,0.30302004412149747,0.3021603150277081,0.3021603150277081,0.3021603150277081,0.3021603150277081,0.3021603150277081,0.3021603150277081,0.3021603150277081,0.3021603150277081,0.3021603150277081,0.32543206,0.32296047,0.3293469
0.5224609375,0.4263194281784952,0.42534760778207265,0.42534760778207265,0.42628746751189456,0.42534760778207265,0.42534760778207265,0.42534760778207265,0.42534760778207265,0.42534760778207265,0.42534760778207265,0.42534760778207265,0.42534760778207265,0.42534760778207265,0.4519729,0.44538486,0.46192396,0.9274526200489499,0.9297136819187117,0.9297136819187117,0.9276920296497208,0.9297136819187117,0.9297136819187117,0.9297136819187117,0.9297136819187117,0.9297136819187117,0.9297136819187117,0.9297136819187117,0.9297136819187117,0.9297136819187117,0.86116064,0.83046246,0.8795819,0.30313017805064685,0.3021603150277081,0.3021603150277081,0.3030622406680592,0.3021603150277081,0.3021603150277081,0.3021603150277081,0.3021603150277081,0.3021603150277081,0.3021603150277081,0.3021603150277081,0.3021603150277081,0.3021603150277081,0.32323,0.32001626,0.32798642
0.5244140625,0.4263194281784952,0.4254905999060613,0.4254905999060613,0.42629759666982403,0.4254905999060613,0.4254905999060613,0.4254905999060613,0.4254905999060613,0.4254905999060613,0.4254905999060613,0.4254905999060613,0.4254905999060613,0.4254905999060613,0.44931698,0.44309756,0.45808807,0.9274526200489499,0.9296296811417925,0.9296296811417925,0.9276248472278323,0.9296296811417925,0.9296296811417925,0.9296296811417925,0.9296296811417925,0.9296296811417925,0.9296296811417925,0.9296296811417925,0.9296296811417925,0.9296296811417925,0.8657949,0.8344178,0.88412154,0.30313017805064685,0.3021292933946602,0.3021292933946602,0.30309219022972983,0.3021292933946602,0.3021292933946602,0.3021292933946602,0.3021292933946602,0.3021292933946602,0.3021292933946602,0.3021292933946602,0.3021292933946602,0.3021292933946602,0.3207218,0.31707728,0.32649803
0.5263671875,0.4263194281784952,0.4254905999060613,0.4254905999060613,0.42629430740386387,0.4254905999060613,0.4254905999060613,0.4254905999060613,0.4254905999060613,0.4254905999060613,0.4254905999060613,0.4254905999060613,0.4254905999060613,0.4254905999060613,0.44674575,0.44059741,0.45414943,0.9274526200489499,0.9296296811417925,0.9296296811417925,0.9275566867004145,0.9296296811417925,0.9296296811417925,0.9296296811417925,0.9296296811417925,0.9296296811417925,0.9296296811417925,0.9296296811417925,0.9296296811417925,0.9296296811417925,0.87054574,0.8381728,0.8888346,0.30313017805064685,0.3021292933946602,0.3021292933946602,0.3031108288315097,0.3021292933946602,0.3021292933946602,0.3021292933946602,0.3021292933946602,0.3021292933946602,0.3021292933946602,0.3021292933946602,0.3021292933946602,0.3021292933946602,0.31798518,0.31433052,0.32502824
0.5283203125,0.4263194281784952,0.4254905999060613,0.4254905999060613,0.42628638191302276,0.4254905999060613,0.4254905999060613,0.4254905999060613,0.4254905999060613,0.4254905999060613,0.4254905999060613,0.4254905999060613,0.4254905999060613,0.4254905999060613,0.4443367,0.437987,0.45036182,0.9274526200489499,0.9296296811417925,0.9296296811417925,0.9274963968230017,0.9296296811417925,0.9296296811417925,0.9296296811417925,0.9296296811417925,0.9296296811417925,0.9296296811417925,0.9296296811417925,0.9296296811417925,0.9296296811417925,0.8752407,0.84162414,0.89359796,0.30313017805064685,0.3021292933946602,0.3021292933946602,0.30312087804583143,0.3021292933946602,0.3021292933946602,0.3021292933946602,0.3021292933946602,0.3021292933946602,0.3021292933946602,0.3021292933946602,0.3021292933946602,0.3021292933946602,0.31511027,0.31192705,0.32370687
0.5302734375,0.4263194281784952,0.4254905999060613,0.4254905999060613,0.42628408234626713,0.4254905999060613,0.4254905999060613,0.4254905999060613,0.4254905999060613,0.4254905999060613,0.4254905999060613,0.4254905999060613,0.4254905999060613,0.4254905999060613,0.4421378,0.43537965,0.44693935,0.9274526200489499,0.9296296811417925,0.9296296811417925,0.9274503499569682,0.9296296811417925,0.9296296811417925,0.9296296811417925,0.9296296811417925,0.9296296811417925,0.9296296811417925,0.9296296811417925,0.9296296811417925,0.9296296811417925,0.8797474,0.84470856,0.8982892,0.30313017805064685,0.3021292933946602,0.3021292933946602,0.3031256795957714,0.3021292933946602,0.3021292933946602,0.3021292933946602,0.3021292933946602,0.3021292933946602,0.3021292933946602,0.3021292933946602,0.3021292933946602,0.3021292933946602,0.3121947,0.30996996,0.32263154
0.5322265625,0.4263194281784952,0.42609970562358324,0.42609970562358324,0.426291634750384,0.42609970562358324,0.42609970562358324,0.42609970562358324,0.42609970562358324,0.42609970562358324,0.42609970562358324,0.42609970562358324,0.42609970562358324,0.42609970562358324,0.44016892,0.43289447,0.44404504,0.9274526200489499,0.9289306187228895,0.9289306187228895,0.9274198512698215,0.9289306187228895,0.9289306187228895,0.9289306187228895,0.9289306187228895,0.9289306187228895,0.9289306187228895,0.9289306187228895,0.9289306187228895,0.9289306187228895,0.8839766,0.84740746,0.9027859,0.30313017805064685,0.3023973792214669,0.3023973792214669,0.30312847416416866,0.3023973792214669,0.3023973792214669,0.3023973792214669,0.3023973792214669,0.3023973792214669,0.3023973792214669,0.3023973792214669,0.3023973792214669,0.3023973792214669,0.30933782,0.3085077,0.3218576
0.5341796875,0.4263194281784952,0.42609970562358324,0.42609970562358324,0.42631450827808703,0.42609970562358324,0.42609970562358324,0.42609970562358324,0.42609970562358324,0.42609970562358324,0.42609970562358324,0.42609970562358324,0.42609970562358324,0.42609970562358324,0.43842864,0.43064952,0.44178465,0.9274526200489499,0.9289306187228895,0.9289306187228895,0.927400310863712,0.9289306187228895,0.9289306187228895,0.9289306187228895,0.9289306187228895,0.9289306187228895,0.9289306187228895,0.9289306187228895,0.9289306187228895,0.9289306187228895,0.8878797,0.8497467,0.90696466,0.30313017805064685,0.3023973792214669,0.3023973792214669,0.30313237706421603,0.3023973792214669,0.3023973792214669,0.3023973792214669,0.3023973792214669,0.3023973792214669,0.3023973792214669,0.3023973792214669,0.3023973792214669,0.3023973792214669,0.30753326,0.30663338,0.32139564
0.5361328125,0.4263194281784952,0.42609970562358324,0.42609970562358324,0.426338321773378,0.42609970562358324,0.42609970562358324,0.42609970562358324,0.42609970562358324,0.42609970562358324,0.42609970562358324,0.42609970562358324,0.42609970562358324,0.42609970562358324,0.4369021,0.42875254,0.44020617,0.9274526200489499,0.9289306187228895,0.9289306187228895,0.9273867481733088,0.9289306187228895,0.9289306187228895,0.9289306187228895,0.9289306187228895,0.9289306187228895,0.9289306187228895,0.9289306187228895,0.9289306187228895,0.9289306187228895,0.89143753,0.85178816,0.9107077,0.30313017805064685,0.3023973792214669,0.3023973792214669,0.30313897535229106,0.3023973792214669,0.3023973792214669,0.3023973792214669,0.3023973792214669,0.3023973792214669,0.3023973792214669,0.3023973792214669,0.3023973792214669,0.3023973792214669,0.30698913,0.30416268,0.32121557
0.5380859375,0.4263194281784952,0.42609970562358324,0.42609970562358324,0.42635151585876324,0.42609970562358324,0.42609970562358324,0.42609970562358324,0.42609970562358324,0.42609970562358324,0.42609970562358324,0.42609970562358324,0.42609970562358324,0.42609970562358324,0.43556845,0.4272902,0.43930283,0.9274526200489499,0.9289306187228895,0.9289306187228895,0.9273766229159194,0.9289306187228895,0.9289306187228895,0.9289306187228895,0.9289306187228895,0.9289306187228895,0.9289306187228895,0.9289306187228895,0.9289306187228895,0.9289306187228895,0.8946476,0.8536204,0.9139111,0.30313017805064685,0.3023973792214669,0.3023973792214669,0.3031481046119928,0.3023973792214669,0.3023973792214669,0.3023973792214669,0.3023973792214669,0.3023973792214669,0.3023973792214669,0.3023973792214669,0.3023973792214669,0.3023973792214669,0.3067766,0.30198804,0.32125384
0.5400390625,0.4263194281784952,0.42612158271298267,0.42612158271298267,0.42635269512250856,0.42612158271298267,0.42612158271298267,0.42612158271298267,0.42612158271298267,0.42612158271298267,0.42612158271298267,0.42612158271298267,0.42612158271298267,0.42612158271298267,0.43440744,0.4263176,0.43901953,0.9274526200489499,0.928703843669128,0.928703843669128,0.9273712360561618,0.928703843669128,0.928703843669128,0.928703843669128,0.928703843669128,0.928703843669128,0.928703843669128,0.928703843669128,0.928703843669128,0.928703843669128,0.8975127,0.85534143,0.9164977,0.30313017805064685,0.30250590297925317,0.30250590297925317,0.3031584058249178,0.30250590297925317,0.30250590297925317,0.30250590297925317,0.30250590297925317,0.30250590297925317,0.30250590297925317,0.30250590297925317,0.30250590297925317,0.30250590297925317,0.30676916,0.30014873,0.3214239
0.5419921875,0.4263194281784952,0.42612158271298267,0.42612158271298267,0.42635295676993346,0.42612158271298267,0.42612158271298267,0.42612158271298267,0.42612158271298267,0.42612158271298267,0.42612158271298267,0.42612158271298267,0.42612158271298267,0.42612158271298267,0.43340093,0.42585167,0.43926275,0.9274526200489499,0.928703843669128,0.928703843669128,0.9273728712457004,0.928703843669128,0.928703843669128,0.928703843669128,0.928703843669128,0.928703843669128,0.928703843669128,0.928703843669128,0.928703843669128,0.928703843669128,0.9000354,0.8570429,0.91842747,0.30313017805064685,0.30250590297925317,0.30250590297925317,0.3031686731736163,0.30250590297925317,0.30250590297925317,0.30250590297925317,0.30250590297925317,0.30250590297925317,0.30250590297925317,0.30250590297925317,0.30250590297925317,0.30250590297925317,0.30682808,0.29865828,0.3216262
0.5439453125,0.4263194281784952,0.42612158271298267,0.42612158271298267,0.42635532358223216,0.42612158271298267,0.42612158271298267,0.42612158271298267,0.42612158271298267,0.42612158271298267,0.42612158271298267,0.42612158271298267,0.42612158271298267,0.42612158271298267,0.43253213,0.42586753,0.43991107,0.9274526200489499,0.928703843669128,0.928703843669128,0.927380325469572,0.928703843669128,0.928703843669128,0.928703843669128,0.928703843669128,0.928703843669128,0.928703843669128,0.928703843669128,0.928703843669128,0.928703843669128,0.9022161,0.8587972,0.9197042,0.30313017805064685,0.30250590297925317,0.30250590297925317,0.30317779688219393,0.30250590297925317,0.30250590297925317,0.30250590297925317,0.30250590297925317,0.30250590297925317,0.30250590297925317,0.30250590297925317,0.30250590297925317,0.30250590297925317,0.30681902,0.297505,0.32175776
0.5458984375,0.4263194281784952,0.42612158271298267,0.42612158271298267,0.42636519505170134,0.42612158271298267,0.42612158271298267,0.42612158271298267,0.42612158271298267,0.42612158271298267,0.42612158271298267,0.42612158271298267,0.42612158271298267,0.42612158271298267,0.43178195,0.42630082,0.4408257,0.9274526200489499,0.928703843669128,0.928703843669128,0.9273926481342335,0.928703843669128,0.928703843669128,0.928703843669128,0.928703843669128,0.928703843669128,0.928703843669128,0.928703843669128,0.928703843669128,0.928703843669128,0.90405715,0.8606465,0.9203758,0.30313017805064685,0.30250590297925317,0.30250590297925317,0.303185544324649,0.30250590297925317,0.30250590297925317,0.30250590297925317,0.30250590297925317,0.30250590297925317,0.30250590297925317,0.30250590297925317,0.30250590297925317,0.30250590297925317,0.30662632,0.2966547,0.32172135
0.5478515625,0.4263194281784952,0.4260845221678876,0.42610602894633187,0.42637963206365,0.4261069404252135,0.426106893280101,0.42612158271298267,0.4261090929920616,0.42610879442111255,0.42612158271298267,0.4261069235114392,0.4261065720775973,0.4261142763893315,0.43112543,0.42705336,0.44186234,0.9274526200489499,0.9285471993897543,0.92857664767873,0.9273985264259188,0.9285786330125669,0.9285785303238494,0.9286118013829764,0.9285833215831476,0.9285826712596146,0.928619717387645,0.9285785961719789,0.9285778306988011,0.9285952883816371,0.90556705,0.862599,0.920529,0.30313017805064685,0.3025767896924695,0.30255449495702014,0.30318721278700356,0.30255307785813135,0.3025294954936274,0.3025531511558269,0.3025497312062444,0.30252442561806814,0.30255019540251915,0.3025531041544032,0.30254123892419127,0.3025536505374132,0.30616426,0.2960557,0.32143265
0.5498046875,0.4263194281784952,0.4260845221678876,0.42609169109403566,0.4263877482324669,0.4260920753032473,0.4260920554305032,0.4260983865258491,0.4260929826594442,0.42609285680495507,0.4260992495246844,0.42609206817370426,0.42609192003629587,0.4260952413718223,0.43053064,0.42800158,0.4428809,0.9274526200489499,0.9285471993897543,0.9285570158163883,0.9274020439690959,0.9285578392258118,0.928557796636019,0.9285717718086465,0.9285597838001629,0.9285595140792272,0.9285761454492069,0.9285578239463037,0.9285575064690782,0.9285648402942842,0.9067639,0.8646319,0.92027795,0.30313017805064685,0.3025767896924695,0.3025693581304092,0.3031844883993496,0.3025687694398597,0.3025588386081728,0.30256879988914975,0.30256737917596643,0.30255589977057307,0.30256757201201856,0.30256878036384305,0.3025637801189803,0.3025690073419962,0.30538276,0.29564467,0.32082763
0.5517578125,0.4263194281784952,0.4260845221678876,0.42607735324173956,0.4263872133171536,0.42607662579027,0.4260642063753005,0.42607666341679334,0.42607490782625734,0.42605965829414544,0.42607514611578884,0.4260766392891565,0.4260703820665886,0.42607691976857287,0.4299593,0.42900798,0.44375566,0.9274526200489499,0.9285471993897543,0.9285373826327895,0.9273977573620017,0.9285358691124428,0.9285096546344458,0.9285359473975286,0.9285322947318547,0.9284978713392971,0.9285327905166485,0.9285358971979915,0.9285226799709659,0.928536480758187,0.90767753,0.8666967,0.91975033,0.30313017805064685,0.3025767896924695,0.3025842212381058,0.30317627375117406,0.30258530664800465,0.30258525050653595,0.30260407680780643,0.3025878699722892,0.3025875144275194,0.30261234841024964,0.3025852865066989,0.30258486801128576,0.30259474974459766,0.3042684,0.29535353,0.31986803
0.5537109375,0.4263194281784952,0.4260845221678876,0.42606301538944336,0.4263744273033887,0.42606244715281966,0.42605391305741813,0.4260624765441529,0.4260611051937873,0.42605759813973787,0.426061291329694,0.4260624576972505,0.426058188843808,0.42606267678908444,0.42993313,0.42937252,0.4443847,0.9274526200489499,0.9285471993897543,0.9285177481278013,0.9273839075704177,0.9285164525627783,0.9284955578143744,0.9285165195743539,0.9285133929166607,0.9284950499009982,0.928513817304839,0.9285164766038433,0.9285059817491113,0.9285169761280266,0.90834856,0.86873114,0.91907144,0.30313017805064685,0.3025767896924695,0.3025990842801034,0.3031623936505278,0.30260000463853337,0.30259995703414433,0.3026147471057773,0.30260217817436597,0.30260187669501737,0.3026144840123197,0.3025999875599891,0.3025996327025411,0.30260738956250977,0.30284184,0.2951155,0.31854647
0.5556640625,0.4263194281784952,0.42600687989461344,0.42603708307795257,0.42634461673294666,0.4260771581276288,0.42605187219982743,0.42609361072722507,0.4260422691729433,0.42604013738707935,0.42608077754283225,0.42606705707561804,0.4260463762870872,0.4260764144786423,0.43064845,0.42873758,0.4446984,0.9274526200489499,0.9285467917509169,0.9285413402554605,0.9273687563922973,0.9285774062622467,0.9285546506875191,0.9285922110061675,0.9285460079241383,0.9285440892553158,0.9285806632629922,0.9285683163426002,0.9285497043913098,0.9285767370684767,0.9088242,0.87066984,0.91835,0.30313017805064685,0.3026248099319999,0.3026106185721557,0.30314690854064447,0.30257178727090617,0.30255584522146495,0.30259628846359493,0.3026055934426033,0.3025682801750791,0.30260765906278464,0.3025815748528085,0.3025725078424075,0.3026016138019761,0.30115333,0.29487062,0.3168881
0.5576171875,0.4263194281784952,0.42600687989461344,0.42601694762239317,0.42631140855710925,0.4260185366716559,0.4260175340382155,0.4260191890474226,0.4260171532605767,0.4260170687313551,0.42601868018811084,0.4260181361464069,0.4260173161151896,0.4260185071846089,0.43104854,0.4280352,0.44466543,0.9274526200489499,0.9285467917509169,0.9285449744998774,0.9273619432592678,0.9285493510607761,0.9285465896106603,0.9285511478252422,0.9285455408705854,0.928545308059438,0.9285497463323169,0.9285482479368552,0.9285459894059743,0.9285492698478223,0.90915394,0.8724576,0.91766906,0.30313017805064685,0.3026248099319999,0.30262007947928127,0.30313514008608133,0.3026171789048517,0.30261598808842227,0.3026190090643007,0.3026197041173722,0.3026169169366266,0.3026198584128965,0.30261791000476895,0.302617232729125,0.3026194068504672,0.2992764,0.29456997,0.31495038
0.5595703125,0.4263194281784952,0.42600687989461344,0.4259968121668337,0.4262934400312326,0.4259719522420183,0.4259617461314261,0.4259876379684019,0.4259935950546256,0.42596970699489917,0.42599491747435375,0.4259782182702721,0.42597241355293475,0.42599104727116305,0.4310619,0.4272659,0.44429675,0.9274526200489499,0.9285467917509169,0.9285486090878519,0.9273677005175542,0.9285291105955908,0.9285211049337772,0.9285414137141081,0.9285460859245281,0.9285273494591584,0.9285471230956248,0.9285340254711338,0.9285294724382998,0.9285440876849985,0.90938413,0.8740592,0.9170811,0.30313017805064685,0.3026248099319999,0.3026295403841558,0.30313056080183154,0.30265229880629424,0.3026379390607303,0.3026616421373235,0.302632485545453,0.30263127491345526,0.30265435425106424,0.30264656247501476,0.30263481795734476,0.3026518764923095,0.29730302,0.29417828,0.31281835
0.5615234375,0.4263194281784952,0.42600687989461344,0.4259766767112743,0.4262951111658801,0.4259598725371508,0.42595297367237994,0.42597047537200894,0.4259745020903082,0.4259583548526115,0.42597539598566553,0.42596410808615676,0.42596018436226785,0.4259727799050139,0.4306572,0.42645234,0.44364458,0.9274526200489499,0.9285467917509169,0.9285522440194321,0.9273827778366646,0.9285312908044674,0.9285226880942439,0.9285445117286659,0.9285495325659947,0.9285293983140657,0.9285506471339882,0.9285365722891031,0.9285316796359347,0.928547385218008,0.9095534,0.87546504,0.9166101,0.30313017805064685,0.3026248099319999,0.30263900128677923,0.30313395151924366,0.30265797461841776,0.30264600313120027,0.3026657639976682,0.302641456621703,0.3026404473367777,0.30265968820874245,0.3026531923329644,0.3026434011167809,0.3026576225422093,0.29533675,0.29367518,0.31059587
0.5634765625,0.4263194281784952,0.42592343852341236,0.42592676293621795,0.4263112958537846,0.4259309004959897,0.42592913369573454,0.4259309670976416,0.42593067638850907,0.42593038343864664,0.42593099023518743,0.4259293629018272,0.4259280200403277,0.42593088908350546,0.4298476,0.4256371,0.44279793,0.9274526200489499,0.9285762819440296,0.9285792936028278,0.927409126241421,0.9285783871889667,0.928578345191676,0.9285795012926139,0.9285785285054832,0.9285783306017372,0.9285787132324909,0.928578724027159,0.9285783627906102,0.9285794037314025,0.90969265,0.8766916,0.91625965,0.30313017805064685,0.30265247685739816,0.30264339495874465,0.3031453846239922,0.3026434297001881,0.3026416438760656,0.30264349701896337,0.3026432031796615,0.30264290707549724,0.3026435204056392,0.30264341678963796,0.302642466440599,0.3026434951250937,0.29348668,0.29305443,0.30839518
0.5654296875,0.4263194281784952,0.42592343852341236,0.4259245466610142,0.42634513310616334,0.42592434772951393,0.42592433523523965,0.42592467917605226,0.42592438977141905,0.42592433089470405,0.42592444472795277,0.4259244216561592,0.42592433915854266,0.42592461692760925,0.42869028,0.4248777,0.44187465,0.9274526200489499,0.9285762819440296,0.9285772858355195,0.927440165477035,0.9285766469772017,0.9285766255751089,0.928577214728771,0.92857671899296,0.9285766181399792,0.9285768131308336,0.928576884388904,0.9285766378271766,0.9285772481308944,0.90982413,0.8777747,0.91602194,0.30313017805064685,0.30265247685739816,0.30264944955801865,0.30315806053345146,0.30265111018126173,0.302649553162436,0.3026511688749503,0.3026509126832367,0.3026506545168454,0.302651189265254,0.302650493062788,0.30264950449464895,0.30265113697060386,0.2923227,0.29186028,0.3063246
0.5673828125,0.4263194281784952,0.42592343852341236,0.4259223303858105,0.42636922662135185,0.4259194998951409,0.42591944578776325,0.4259209352488577,0.42591968196071645,0.4259194269907531,0.4259199199540451,0.42592055175811583,0.42591949931554257,0.4259215906092179,0.42728326,0.424238,0.44101113,0.9274526200489499,0.9285762819440296,0.928575278047316,0.9274591889341195,0.9285752705060092,0.9285750797409885,0.9285752776971504,0.928575246308597,0.9285752146781421,0.9285752801953673,0.9285752733085109,0.9285751728948052,0.9285752777036482,0.90996695,0.87875676,0.9158881,0.30313017805064685,0.30265247685739816,0.3026555041566059,0.30316052835155044,0.30265700910571114,0.30265671991958787,0.3026570200069283,0.3026569724242738,0.30265692447486114,0.30265702379403275,0.3026564498386342,0.3026561488194797,0.30265699187819073,0.2914974,0.2905552,0.30447707
0.5693359375,0.4263194281784952,0.42592343852341236,0.42592011411060676,0.4263697789502344,0.4259190059730049,0.4259190059730049,0.4259190059730049,0.4259190059730049,0.4259190059730049,0.4259190059730049,0.42591941777754716,0.4259190265360588,0.4259195265164945,0.42575783,0.4237788,0.44035205,0.9274526200489499,0.9285762819440296,0.9285732702382179,0.9274748530175231,0.928574823041743,0.9285733319302145,0.928574879250978,0.9285746339036403,0.9285743866652127,0.9285748987781778,0.9285742459901303,0.9285733029505902,0.928574849393404,0.9101404,0.8796716,0.9158541,0.30313017805064685,0.30265247685739816,0.3026615587545063,0.30315526231284895,0.30265835844177413,0.30265822152812427,0.3026619904696815,0.3026588191416516,0.3026581739640509,0.30265942136145807,0.30265954773755355,0.3026582834550638,0.3026617876730944,0.29060328,0.28965187,0.3029223
0.5712890625,0.4263194281784952,0.4259190059730049,0.4259190059730049,0.426360516222057,0.4259190059730049,0.4259190059730049,0.4259190059730049,0.4259190059730049,0.4259190059730049,0.4259190059730049,0.4259190059730049,0.4259190059730049,0.4259190059730049,0.42426887,0.42354938,0.4400407,0.9274526200489499,0.9285722663258329,0.9285722663258329,0.9274764750697465,0.9285722663258329,0.9285722663258329,0.9285722663258329,0.9285722663258329,0.9285722663258329,0.9285722663258329,0.9285722663258329,0.9285722663258329,0.9285722663258329,0.91036856,0.8805299,0.9159237,0.30313017805064685,0.3026787710377864,0.3026787710377864,0.30314102715924096,0.3026787710377864,0.3026787710377864,0.3026787710377864,0.3026787710377864,0.3026787710377864,0.3026787710377864,0.3026787710377864,0.3026787710377864,0.3026787710377864,0.28966972,0.28920564,0.30170232
0.5732421875,0.4263194281784952,0.4259190059730049,0.4259190059730049,0.4263365384150356,0.4259190059730049,0.4259190059730049,0.4259190059730049,0.4259190059730049,0.4259190059730049,0.4259190059730049,0.4259190059730049,0.4259190059730049,0.4259190059730049,0.42358202,0.42298165,0.44020966,0.9274526200489499,0.9285722663258329,0.9285722663258329,0.9274685672048125,0.9285722663258329,0.9285722663258329,0.9285722663258329,0.9285722663258329,0.9285722663258329,0.9285722663258329,0.9285722663258329,0.9285722663258329,0.9285722663258329,0.91068363,0.881312,0.91610694,0.30313017805064685,0.3026787710377864,0.3026787710377864,0.30312443330032535,0.3026787710377864,0.3026787710377864,0.3026787710377864,0.3026787710377864,0.3026787710377864,0.3026787710377864,0.3026787710377864,0.3026787710377864,0.3026787710377864,0.28924122,0.28872803,0.3008316
0.5751953125,0.4263194281784952,0.4259190059730049,0.4259190059730049,0.4263030230623544,0.4259190059730049,0.4259190059730049,0.4259190059730049,0.4259190059730049,0.4259190059730049,0.4259190059730049,0.4259190059730049,0.4259190059730049,0.4259190059730049,0.42388958,0.42205873,0.44097283,0.9274526200489499,0.9285722663258329,0.9285722663258329,0.9274544577825753,0.9285722663258329,0.9285722663258329,0.9285722663258329,0.9285722663258329,0.9285722663258329,0.9285722663258329,0.9285722663258329,0.9285722663258329,0.9285722663258329,0.9111254,0.88196707,0.91641474,0.30313017805064685,0.3026787710377864,0.3026787710377864,0.30310957162553864,0.3026787710377864,0.3026787710377864,0.3026787710377864,0.3026787710377864,0.3026787710377864,0.3026787710377864,0.3026787710377864,0.3026787710377864,0.3026787710377864,0.28974867,0.28780845,0.30030087
0.5771484375,0.4263194281784952,0.4259190059730049,0.4259190059730049,0.4262751890011168,0.4259190059730049,0.4259190059730049,0.4259190059730049,0.4259190059730049,0.4259190059730049,0.4259190059730049,0.4259190059730049,0.4259190059730049,0.4259190059730049,0.4244678,0.42164618,0.44241735,0.9274526200489499,0.9285722663258329,0.9285722663258329,0.9274506901392757,0.9285722663258329,0.9285722663258329,0.9285722663258329,0.9285722663258329,0.9285722663258329,0.9285722663258329,0.9285722663258329,0.9285722663258329,0.9285722663258329,0.9117389,0.8824239,0.9168545,0.30313017805064685,0.3026787710377864,0.3026787710377864,0.30310351151559795,0.3026787710377864,0.3026787710377864,0.3026787710377864,0.3026787710377864,0.3026787710377864,0.3026787710377864,0.3026787710377864,0.3026787710377864,0.3026787710377864,0.29068333,0.28693846,0.30008286
0.5791015625,0.4263194281784952,0.4259458191827631,0.4259303637362741,0.426269964942243,0.42592880355450674,0.42592872009406496,0.42593015242670285,0.4259269440837173,0.42592383865708794,0.42592887079594294,0.4259295364440506,0.4259293309020787,0.42593015634784953,0.42530078,0.421862,0.4445961,0.9274526200489499,0.9285175961022847,0.9285484510677691,0.9274573907169489,0.9285517227453115,0.9285488941793371,0.9285518977612696,0.9285556220587079,0.9285515817405436,0.9285621342195218,0.92855018588405,0.9285488859567739,0.9285506169027564,0.9125682,0.88260794,0.9174268,0.30313017805064685,0.30272172612889126,0.3027042668617424,0.303104711311474,0.3027023791229742,0.3027022781401304,0.3027040111882616,0.30270012925767825,0.3026963718432666,0.30270246048165134,0.30270326588142005,0.3027030171863045,0.30270401593264346,0.29196838,0.2861421,0.30013835
0.5810546875,0.4263194281784952,0.4259458191827631,0.42594066736726677,0.4262738001926638,0.4259387164997564,0.4259386121399519,0.42594040314358095,0.4259363913981397,0.4259325083403808,0.4259388005791477,0.4259396329124654,0.4259393759006457,0.42594040804662353,0.42636743,0.4227865,0.44752088,0.9274526200489499,0.9285175961022847,0.9285278808419826,0.9274750207172668,0.928531932319914,0.9285284295682222,0.9285321490509236,0.9285367610396535,0.9285317577066768,0.9285448254058767,0.9285300291487023,0.9285284193858279,0.9285305629002907,0.9136493,0.8824612,0.9181216,0.30313017805064685,0.30272172612889126,0.3027159063911973,0.3031116720577893,0.30271357732538545,0.30271345273414313,0.3027155909448481,0.3027108014721909,0.3027061656236752,0.3027136777045999,0.30271467139567887,0.30271436455910056,0.3027155967983999,0.29350245,0.2854396,0.30042136
0.5830078125,0.4263194281784952,0.4259458191827631,0.4259509709982594,0.4262903117339003,0.42595174046397416,0.425951075213982,0.4259517816258117,0.4259526575359782,0.4259517073011845,0.4259541891006785,0.42595137901033553,0.4259510732801125,0.425951480381537,0.42764848,0.42445445,0.45115763,0.9274526200489499,0.9285175961022847,0.9285073116113718,0.9274997554954142,0.9285057050599966,0.9285056191192204,0.928507094021204,0.928503790332118,0.9285005926412512,0.928505774299772,0.9285064597307673,0.9285062480800291,0.9285070980588951,0.9150028,0.88195956,0.918921,0.30313017805064685,0.30272172612889126,0.30272754584856365,0.3031218761568425,0.3027284713822573,0.3027276712020143,0.30272852089279073,0.30272957446012144,0.3027284314931866,0.30273141666426007,0.30272803661632464,0.3027276688759046,0.30272815854827884,0.29516914,0.28484857,0.30088168
0.5849609375,0.4263194281784952,0.4259458191827631,0.4259612746292521,0.42631173237654824,0.42596401621281504,0.42596164594678654,0.4259641628712238,0.4259672837132171,0.4259638980547772,0.425972740632905,0.4259627283642008,0.4259616390564667,0.4259630895467909,0.42912948,0.4268502,0.45542473,0.9274526200489499,0.9285175961022847,0.9284867433758643,0.9275165631523643,0.9284810276138238,0.9284807218566354,0.9284859692340484,0.9284742154956183,0.9284628390867344,0.9284812739528657,0.9284837125624794,0.9284829595556363,0.9284859835993278,0.91662896,0.88112223,0.91980207,0.30313017805064685,0.30272172612889126,0.30273918523384674,0.30312848778674745,0.3027424764422599,0.3027396309923869,0.30274265250217103,0.30274639899454886,0.30274233459635047,0.3027529498721549,0.3027409304101233,0.30273962272071037,0.302741364001498,0.296849,0.2843841,0.30146578
0.5869140625,0.4263194281784952,0.42600143502094634,0.42597856348476215,0.42632563391973516,0.4259729496193914,0.4259550477187871,0.4259735792174013,0.4259687264513932,0.42596262000886526,0.4259730826429981,0.4259754314638512,0.4259554840869432,0.4259755867116311,0.43079862,0.42990243,0.46019337,0.9274526200489499,0.9284082492392016,0.9284532507220078,0.9275186505874591,0.928464730471496,0.9284634429963743,0.9285013399493358,0.9284733665942118,0.9284644584490608,0.9284858542020693,0.9284596553298124,0.9284593378644699,0.9285004475376456,0.9185064,0.88001394,0.9207413,0.30313017805064685,0.3027718027320768,0.30275263055513335,0.3031282376301076,0.30274716277968766,0.3027297265912394,0.3027477759947521,0.3027430494966207,0.30273710191850745,0.3027472923418735,0.3027495800417428,0.30273015161013445,0.30274973124952864,0.2984302,0.28405842,0.30211475
0.5888671875,0.4263194281784952,0.42600143502094634,0.42599381117555163,0.42632913786088744,0.42598706303822953,0.4259655440890516,0.4259878198454466,0.42598198658631914,0.42597464634746285,0.4259872229390297,0.42599004633514176,0.4259660686246516,0.42599023295047167,0.43348244,0.43264043,0.4652916,0.9274526200489499,0.9284082492392016,0.9284232491965543,0.9275156339336187,0.9284369599318681,0.9284354222439284,0.928480684619324,0.9284472744552981,0.9284366350434806,0.9284621890598079,0.928430898473147,0.9284305193111878,0.9284796187547516,0.9205928,0.878736,0.9217218,0.30313017805064685,0.3027718027320768,0.30276541204477025,0.30312537842028714,0.30275899351706653,0.3027385254369695,0.30275971335998303,0.3027541650009682,0.3027471832300688,0.30275914560795725,0.3027618311001836,0.3027390243609617,0.3027620086004138,0.29981717,0.2838787,0.30276334
0.5908203125,0.4263194281784952,0.42600143502094634,0.42600905886634105,0.42632634315123435,0.42601504185704403,0.42601437086143035,0.42603412085125014,0.42601954270863235,0.42601490008681103,0.4260260506646414,0.42601239682526143,0.4260122313695615,0.4260336557908241,0.43740335,0.43462586,0.4705096,0.9274526200489499,0.9284082492392016,0.9283932498187265,0.9275031673476454,0.9283810911046146,0.928342320797032,0.9283824546939153,0.9283719446386193,0.9283587197501718,0.928381379208037,0.9283864663316326,0.9283432658021927,0.9283868025725132,0.9227369,0.8774129,0.92283237,0.30313017805064685,0.3027718027320768,0.3027781933810448,0.3031184302754875,0.3027838907436793,0.30278325178266075,0.3028020587381638,0.3027881767079399,0.3027837557418508,0.30279437392481234,0.30278137198886157,0.30278121443205,0.30280161588687643,0.3009354,0.2838438,0.3033386
0.5927734375,0.4263194281784952,0.42600143502094634,0.4260243065571305,0.42631474013201587,0.4260306855691203,0.4260299701595071,0.4260510274246966,0.42603548433744065,0.4260305344149466,0.42604242306281587,0.426027865459531,0.4260276890521211,0.4260505315813665,0.44142535,0.43670166,0.4756073,0.9274526200489499,0.9284082492392016,0.9283632525882936,0.9274862239581166,0.9283502250457342,0.9283086844796933,0.9283516860721908,0.9283404250142551,0.928326255158749,0.9283505337359591,0.9283559843687844,0.9283096970054708,0.928356344636489,0.9237937,0.8761771,0.9251634,0.30313017805064685,0.3027718027320768,0.3027909745639734,0.3031098413474886,0.3027971631961481,0.3027964691391731,0.30281689776162374,0.3028018187275185,0.3027970165534626,0.3028085503120872,0.3027944272555014,0.30279425611295613,0.30281641672480303,0.30173096,0.2839396,0.30376202
0.5947265625,0.4263194281784952,0.4260678007090788,0.42604445118093026,0.4262986194530034,0.42604094316362023,0.4260394789365457,0.4260423334655648,0.4260581616146042,0.42603832660464647,0.4260585970870633,0.4260425910416177,0.4260395712035429,0.4260431204479804,0.445266,0.4387838,0.48032627,0.9274526200489499,0.9282776071565589,0.9283270082758658,0.92747595922249,0.9283364232146067,0.9283326918553954,0.9283403530039668,0.9283005729976321,0.928299624186046,0.9283434457274433,0.928332000563073,0.9283305797249405,0.9283401053709064,0.924912,0.87515235,0.9275286,0.30313017805064685,0.3028239763832961,0.3028046110770894,0.303104331461433,0.3028006323050026,0.3027989715830125,0.30280220917889444,0.3028146012830961,0.30279766460975144,0.3028149771969162,0.3028025013201752,0.30279907623204383,0.30280310176957753,0.30216864,0.28413704,0.30395508
0.5966796875,0.4263194281784952,0.4260678007090788,0.4260600175330293,0.42628319888688687,0.426057881527083,0.42605698996998354,0.42605872807171447,0.4260633393897321,0.426056288323563,0.42606349787984055,0.42605888490787913,0.42605704615067974,0.42605920725952073,0.44861937,0.44075724,0.4844026,0.9274526200489499,0.9282776071565589,0.9282940735946948,0.9274769331829636,0.9282996839241714,0.9282974604244282,0.928302025661388,0.9282884547267488,0.9282881043666894,0.9283038685917857,0.9282970484858988,0.9282962018131167,0.928301878098562,0.9261217,0.8744433,0.929883,0.30313017805064685,0.3028239763832961,0.3028175213274391,0.3031034153615971,0.3028151641729606,0.3028141803080968,0.3028160983641053,0.3028195201108117,0.3028134060157422,0.3028196596334978,0.3028162714381198,0.3028142423055142,0.30281662716397295,0.3022283,0.2843908,0.30384785
0.5986328125,0.4263194281784952,0.4260678007090788,0.4260755838851283,0.42627427885393787,0.4260787398493041,0.42607748907351173,0.4260800571313424,0.426073579133155,0.4260734065754103,0.42608109381898424,0.4260772573469484,0.4260767810700753,0.426079974123959,0.4511827,0.44248578,0.48758596,0.9274526200489499,0.9282776071565589,0.928261141320012,0.927482819452102,0.928252923113402,0.9282494929153084,0.9282561801490807,0.9282633915522456,0.9282467933990141,0.9282637778702173,0.9282567835700257,0.9282497090656356,0.9282580238072875,0.9274576,0.87412715,0.93219876,0.30313017805064685,0.3028239763832961,0.3028304313929446,0.3031042620881913,0.30283387624072444,0.3028325109755865,0.3028353140977806,0.3028298372627383,0.302829682739098,0.30283644567533197,0.3028322580378109,0.30283173816449005,0.30283522349252634,0.3019014,0.28464305,0.30338976
0.6005859375,0.4263194281784952,0.4260678007090788,0.4260911502372273,0.42627439371402576,0.4260936382963078,0.4260926522255242,0.42609467679844354,0.42607612269882383,0.4260757012940011,0.4260954940891215,0.42609246953987,0.42609209405873877,0.42609461135813353,0.45268792,0.4438294,0.48965955,0.9274526200489499,0.9282776071565589,0.9282282114515528,0.9274952672938894,0.9282214066374032,0.9282185663690209,0.9282241035206164,0.9282580105583156,0.9282163311162644,0.9282589233133,0.9282246031634754,0.9282187453456571,0.9282256301007711,0.92895126,0.8742498,0.9344636,0.30313017805064685,0.3028239763832961,0.3028433412736261,0.3031079135589141,0.3028462321571177,0.3028450864393881,0.30284743879360615,0.30283194677162284,0.3028315858669319,0.3028483884033524,0.3028448741764039,0.30284443790366977,0.30284736275849655,0.30119014,0.28483003,0.30255932
0.6025390625,0.4263194281784952,0.42612596583773854,0.42612596583773854,0.42628096838645907,0.42612596583773854,0.42612596583773854,0.42612596583773854,0.42612596583773854,0.42612596583773854,0.42612596583773854,0.42612596583773854,0.42612596583773854,0.42612596583773854,0.45293418,0.44466823,0.4904617,0.9274526200489499,0.9281528638594115,0.9281528638594115,0.927511429730407,0.9281528638594115,0.9281528638594115,0.9281528638594115,0.9281528638594115,0.9281528638594115,0.9281528638594115,0.9281528638594115,0.9281528638594115,0.9281528638594115,0.93062854,0.87482786,0.9366764,0.30313017805064685,0.3028738057094341,0.3028738057094341,0.30311412244044933,0.3028738057094341,0.3028738057094341,0.3028738057094341,0.3028738057094341,0.3028738057094341,0.3028738057094341,0.3028738057094341,0.3028738057094341,0.3028738057094341,0.3001082,0.28489104,0.3013713
0.6044921875,0.4263194281784952,0.42612596583773854,0.42612596583773854,0.42629534479303144,0.42612596583773854,0.42612596583773854,0.42612596583773854,0.42612596583773854,0.42612596583773854,0.42612596583773854,0.42612596583773854,0.42612596583773854,0.42612596583773854,0.45181343,0.44492653,0.48990422,0.9274526200489499,0.9281528638594115,0.9281528638594115,0.9275243381861468,0.9281528638594115,0.9281528638594115,0.9281528638594115,0.9281528638594115,0.9281528638594115,0.9281528638594115,0.9281528638594115,0.9281528638594115,0.9281528638594115,0.9325038,0.87585115,0.9388367,0.30313017805064685,0.3028738057094341,0.3028738057094341,0.3031208674235373,0.3028738057094341,0.3028738057094341,0.3028738057094341,0.3028738057094341,0.3028738057094341,0.3028738057094341,0.3028738057094341,0.3028738057094341,0.3028738057094341,0.29868296,0.2847783,0.29987872
0.6064453125,0.4263194281784952,0.42612596583773854,0.42612596583773854,0.42630936993644347,0.42612596583773854,0.42612596583773854,0.42612596583773854,0.42612596583773854,0.42612596583773854,0.42612596583773854,0.42612596583773854,0.42612596583773854,0.42612596583773854,0.44932637,0.4445922,0.48798627,0.9274526200489499,0.9281528638594115,0.9281528638594115,0.9275271731380168,0.9281528638594115,0.9281528638594115,0.9281528638594115,0.9281528638594115,0.9281528638594115,0.9281528638594115,0.9281528638594115,0.9281528638594115,0.9281528638594115,0.934579,0.87729,0.9409343,0.30313017805064685,0.3028738057094341,0.3028738057094341,0.30312496014908713,0.3028738057094341,0.3028738057094341,0.3028738057094341,0.3028738057094341,0.3028738057094341,0.3028738057094341,0.3028738057094341,0.3028738057094341,0.3028738057094341,0.2969584,0.28446501,0.29816866
0.6083984375,0.4263194281784952,0.42612596583773854,0.42612596583773854,0.42632046607170965,0.42612596583773854,0.42612596583773854,0.42612596583773854,0.42612596583773854,0.42612596583773854,0.42612596583773854,0.42612596583773854,0.42612596583773854,0.42612596583773854,0.44558513,0.44372553,0.48480028,0.9274526200489499,0.9281528638594115,0.9281528638594115,0.927523955871838,0.9281528638594115,0.9281528638594115,0.9281528638594115,0.9281528638594115,0.9281528638594115,0.9281528638594115,0.9281528638594115,0.9281528638594115,0.9281528638594115,0.93684316,0.87910306,0.94294286,0.30313017805064685,0.3028738057094341,0.3028738057094341,0.30312719740919997,0.3028738057094341,0.3028738057094341,0.3028738057094341,0.3028738057094341,0.3028738057094341,0.3028738057094341,0.3028738057094341,0.3028738057094341,0.3028738057094341,0.2949971,0.28395104,0.29635364
0.6103515625,0.4263194281784952,0.4261322641954192,0.4261322641954192,0.42632378963020445,0.4261322641954192,0.4261322641954192,0.4261322641954192,0.4261322641954192,0.4261322641954192,0.4261322641954192,0.4261322641954192,0.4261322641954192,0.4261322641954192,0.4424548,0.44080535,0.4805282,0.9274526200489499,0.9280407520294994,0.9280407520294994,0.9275150754656606,0.9280407520294994,0.9280407520294994,0.9280407520294994,0.9280407520294994,0.9280407520294994,0.9280407520294994,0.9280407520294994,0.9280407520294994,0.9280407520294994,0.9392742,0.881243,0.94481695,0.30313017805064685,0.30292056165138903,0.30292056165138903,0.30312674880361035,0.30292056165138903,0.30292056165138903,0.30292056165138903,0.30292056165138903,0.30292056165138903,0.30292056165138903,0.30292056165138903,0.30292056165138903,0.30292056165138903,0.29288122,0.2832636,0.29456016
0.6123046875,0.4263194281784952,0.4261322641954192,0.4261322641954192,0.4263230790479039,0.4261322641954192,0.4261322641954192,0.4261322641954192,0.4261322641954192,0.4261322641954192,0.4261322641954192,0.4261322641954192,0.4261322641954192,0.4261322641954192,0.4409604,0.43528685,0.4754286,0.9274526200489499,0.9280407520294994,0.9280407520294994,0.9275017354924981,0.9280407520294994,0.9280407520294994,0.9280407520294994,0.9280407520294994,0.9280407520294994,0.9280407520294994,0.9280407520294994,0.9280407520294994,0.9280407520294994,0.9418391,0.88366055,0.9464989,0.30313017805064685,0.30292056165138903,0.30292056165138903,0.30312366671522595,0.30292056165138903,0.30292056165138903,0.30292056165138903,0.30292056165138903,0.30292056165138903,0.30292056165138903,0.30292056165138903,0.30292056165138903,0.30292056165138903,0.2907093,0.28245473,0.29291505
0.6142578125,0.4263194281784952,0.4261322641954192,0.4261322641954192,0.4263182862523611,0.4261322641954192,0.4261322641954192,0.4261322641954192,0.4261322641954192,0.4261322641954192,0.4261322641954192,0.4261322641954192,0.4261322641954192,0.4261322641954192,0.4394491,0.42938706,0.4698163,0.9274526200489499,0.9280407520294994,0.9280407520294994,0.9274840317696064,0.9280407520294994,0.9280407520294994,0.9280407520294994,0.9280407520294994,0.9280407520294994,0.9280407520294994,0.9280407520294994,0.9280407520294994,0.9280407520294994,0.9444972,0.8863032,0.94792914,0.30313017805064685,0.30292056165138903,0.30292056165138903,0.30311787159700154,0.30292056165138903,0.30292056165138903,0.30292056165138903,0.30292056165138903,0.30292056165138903,0.30292056165138903,0.30292056165138903,0.30292056165138903,0.30292056165138903,0.28859222,0.2815947,0.29153368
0.6162109375,0.4263194281784952,0.4261322641954192,0.4261322641954192,0.42631079770591973,0.4261322641954192,0.4261322641954192,0.4261322641954192,0.4261322641954192,0.4261322641954192,0.4261322641954192,0.4261322641954192,0.4261322641954192,0.4261322641954192,0.43812582,0.4234908,0.46403652,0.9274526200489499,0.9280407520294994,0.9280407520294994,0.9274658310817225,0.9280407520294994,0.9280407520294994,0.9280407520294994,0.9280407520294994,0.9280407520294994,0.9280407520294994,0.9280407520294994,0.9280407520294994,0.9280407520294994,0.9471997,0.88911295,0.9490602,0.30313017805064685,0.30292056165138903,0.30292056165138903,0.3031108677092208,0.30292056165138903,0.30292056165138903,0.30292056165138903,0.30292056165138903,0.30292056165138903,0.30292056165138903,0.30292056165138903,0.30292056165138903,0.30292056165138903,0.28664556,0.2807638,0.29050982
0.6181640625,0.4263194281784952,0.4261206083320499,0.4261293502295769,0.4263061558681398,0.4261322641954192,0.4261301828448647,0.4261322641954192,0.4261322641954192,0.4261322641954192,0.4261322641954192,0.42613118131151756,0.42612979172695054,0.4261322101226791,0.43716878,0.41797903,0.45843866,0.9274526200489499,0.9279377363892981,0.9279872084227242,0.9274560195215276,0.9279825021938604,0.9279779023791666,0.927987784645448,0.9279672420150712,0.927960123643282,0.9279684209257948,0.9279842511085187,0.927978075064752,0.9279875139672613,0.9498677,0.89202106,0.9498917,0.30313017805064685,0.3029649234888681,0.30294793970400374,0.3031062976875577,0.30294897193553,0.302947628037923,0.3029504244915972,0.30295379086911495,0.30295341858835945,0.3029560387296532,0.30294858833953797,0.3029477744419047,0.3029503783829984,0.28498065,0.2800429,0.28990838
0.6201171875,0.4263194281784952,0.4261206083320499,0.42612352229789224,0.42630540834412467,0.4261278001404642,0.42612444496164276,0.4261285176841156,0.4261301806373185,0.4261299967342786,0.42613129106085196,0.42612621041460413,0.4261240115438004,0.42612842498768894,0.43671307,0.4132015,0.45335075,0.9274526200489499,0.9279377363892981,0.9279542272926437,0.9274569334729617,0.9279567004825648,0.9279553131910457,0.9279572396488553,0.9279554509372593,0.9279546165689317,0.9279555891217748,0.9279561202083244,0.9279548030949226,0.9279566545895707,0.9503555,0.8949472,0.9525143,0.30313017805064685,0.3029649234888681,0.30295926227359943,0.3031055436082953,0.3029577032425017,0.30295764474680986,0.30295877566497753,0.30295783880981,0.30295782381767533,0.3029579293336339,0.3029582458500286,0.3029577321725288,0.3029590042475808,0.28369567,0.27950522,0.2897614
0.6220703125,0.4263194281784952,0.4261206083320499,0.42611769436620756,0.42630656855442733,0.42612333608550906,0.42611870707842076,0.42612477117281183,0.4261280970792177,0.4261277292731379,0.42613031792628475,0.4261212395176906,0.4261182313606502,0.42612463985269866,0.43684357,0.40945664,0.44905862,0.9274526200489499,0.9279377363892981,0.9279212452604095,0.9274603555312732,0.9279319765745511,0.9279228408621576,0.9279354982131468,0.9279436597441422,0.9279427571811967,0.9279491094694289,0.9279279886518107,0.9279220913351549,0.9279352337338466,0.9505526,0.89780104,0.95500636,0.30313017805064685,0.3029649234888681,0.3029705846577828,0.30310712492975594,0.30296631744930624,0.30296498191678345,0.3029699231123057,0.3029618867268069,0.3029598199324452,0.30296222901892506,0.3029679032256305,0.3029650858838486,0.3029702338708708,0.28286678,0.27921024,0.29006797
0.6240234375,0.4263194281784952,0.4261206083320499,0.4261118664345229,0.4263110465784995,0.4260990329068072,0.42609688027585296,0.42610909844327133,0.42609189141624415,0.4260885601456436,0.4260924431253639,0.4261038020843873,0.42609715836513284,0.42611039869679845,0.4375969,0.40697968,0.44578916,0.9274526200489499,0.9279377363892981,0.9278882623259852,0.9274681109030068,0.927880839885284,0.9278792226604541,0.9278850040849451,0.9278845879698512,0.9278841734715224,0.927887090771837,0.9278825820318648,0.927880977623879,0.9278865346367469,0.95050335,0.9004897,0.95730746,0.30313017805064685,0.3029649234888681,0.30298190685654636,0.3031137603887104,0.3029865838601433,0.3029833666445748,0.30298675932600894,0.3029861772050885,0.3029859056631358,0.30298622217646615,0.3029849560597355,0.3029826809148392,0.3029864970718403,0.28254074,0.27919838,0.2907968
0.6259765625,0.4263194281784952,0.4260550503523251,0.4260550503523251,0.42631605441781184,0.4260550503523251,0.4260550503523251,0.4260550503523251,0.4260550503523251,0.4260550503523251,0.4260550503523251,0.4260550503523251,0.4260550503523251,0.4260550503523251,0.43896866,0.40593734,0.4436994,0.9274526200489499,0.9278434989798944,0.9278434989798944,0.9274757451130589,0.9278434989798944,0.9278434989798944,0.9278434989798944,0.9278434989798944,0.9278434989798944,0.9278434989798944,0.9278434989798944,0.9278434989798944,0.9278434989798944,0.95025814,0.9029286,0.9593613,0.30313017805064685,0.3030058727887391,0.3030058727887391,0.30312424618868583,0.3030058727887391,0.3030058727887391,0.3030058727887391,0.3030058727887391,0.3030058727887391,0.3030058727887391,0.3030058727887391,0.3030058727887391,0.3030058727887391,0.2827304,0.27948982,0.29189125
0.6279296875,0.4263194281784952,0.4260550503523251,0.4260550503523251,0.4263173628105079,0.4260550503523251,0.4260550503523251,0.4260550503523251,0.4260550503523251,0.4260550503523251,0.4260550503523251,0.4260550503523251,0.4260550503523251,0.4260550503523251,0.44092172,0.40642822,0.44287118,0.9274526200489499,0.9278434989798944,0.9278434989798944,0.9274760732461311,0.9278434989798944,0.9278434989798944,0.9278434989798944,0.9278434989798944,0.9278434989798944,0.9278434989798944,0.9278434989798944,0.9278434989798944,0.9278434989798944,0.9498646,0.9050517,0.96112,0.30313017805064685,0.3030058727887391,0.3030058727887391,0.30313422927842715,0.3030058727887391,0.3030058727887391,0.3030058727887391,0.3030058727887391,0.3030058727887391,0.3030058727887391,0.3030058727887391,0.3030058727887391,0.3030058727887391,0.2834129,0.28008398,0.29327613
0.6298828125,0.4263194281784952,0.4260550503523251,0.4260550503523251,0.42631730994767125,0.4260550503523251,0.4260550503523251,0.4260550503523251,0.4260550503523251,0.4260550503523251,0.4260550503523251,0.4260550503523251,0.4260550503523251,0.4260550503523251,0.44331065,0.40848222,0.44339406,0.9274526200489499,0.9278434989798944,0.9278434989798944,0.927473254595788,0.9278434989798944,0.9278434989798944,0.9278434989798944,0.9278434989798944,0.9278434989798944,0.9278434989798944,0.9278434989798944,0.9278434989798944,0.9278434989798944,0.9493624,0.9068223,0.9625473,0.30313017805064685,0.3030058727887391,0.3030058727887391,0.30314242522184776,0.3030058727887391,0.3030058727887391,0.3030058727887391,0.3030058727887391,0.3030058727887391,0.3030058727887391,0.3030058727887391,0.3030058727887391,0.3030058727887391,0.28453204,0.28096277,0.29486462
0.6318359375,0.4263194281784952,0.4260550503523251,0.4260550503523251,0.42631601880737036,0.4260550503523251,0.4260550503523251,0.4260550503523251,0.4260550503523251,0.4260550503523251,0.4260550503523251,0.4260550503523251,0.4260550503523251,0.4260550503523251,0.44495153,0.4120607,0.4463032,0.9274526200489499,0.9278434989798944,0.9278434989798944,0.9274629010438438,0.9278434989798944,0.9278434989798944,0.9278434989798944,0.9278434989798944,0.9278434989798944,0.9278434989798944,0.9278434989798944,0.9278434989798944,0.9278434989798944,0.9487809,0.90823674,0.9636221,0.30313017805064685,0.3030058727887391,0.3030058727887391,0.3031444160330116,0.3030058727887391,0.3030058727887391,0.3030058727887391,0.3030058727887391,0.3030058727887391,0.3030058727887391,0.3030058727887391,0.3030058727887391,0.3030058727887391,0.28600365,0.28209364,0.29656515
0.6337890625,0.4263194281784952,0.4258416283429549,0.42594212592100067,0.42631119613719315,0.4259464373210683,0.42594530647496054,0.4259681806231797,0.4259578165410567,0.4259556783937293,0.42595820166159787,0.4259448351246187,0.42594381242164586,0.4259676971414866,0.4476632,0.41705248,0.44954875,0.9274526200489499,0.9277587945344746,0.9277888093657762,0.9274530700155919,0.9277907973502725,0.9277902759215699,0.9278008225631729,0.9277960441098552,0.9277950582688562,0.9277962216773057,0.9277900585829597,0.9277895870152042,0.9278005996547586,0.9481381,0.9093244,0.9643433,0.30313017805064685,0.30304248917914317,0.3030295895948395,0.3031418714461551,0.303028736572182,0.30302443458830286,0.3030289603133374,0.3030264851581946,0.30302640896081834,0.30302690819763645,0.30302905357134485,0.30302453024693315,0.30302925591601265,0.2877238,0.28343427,0.2982868
0.6357421875,0.4263194281784952,0.4258416283429549,0.42587512753563683,0.4263063597580011,0.4258809665717006,0.42587943503876413,0.42591041406513236,0.4258963777316132,0.42589348198564697,0.42589689930991576,0.42587879667730355,0.4258774116052973,0.42590975927388175,0.4512603,0.4232678,0.45301268,0.9274526200489499,0.9277587945344746,0.9277688010522128,0.9274445902882893,0.9277712458216841,0.9277706045844908,0.9277835742895376,0.9277776980601992,0.9277764857248069,0.927777916422849,0.9277703373077075,0.9277697573864994,0.9277833001736039,0.947438,0.9101399,0.9647299,0.30313017805064685,0.30304248917914317,0.3030381893347618,0.30313578713555556,0.30303714023607087,0.30303184939404465,0.3030374154064511,0.30303437131050426,0.30303427759832313,0.30303489159018626,0.3030375301007746,0.30303196704091206,0.30303777895644646,0.28957787,0.2849362,0.29994386
0.6376953125,0.4263194281784952,0.4258416283429549,0.425808129150273,0.426305959852188,0.42580699813220185,0.42580129416893514,0.4258072947892885,0.4258040129990107,0.4258039119695807,0.42580457390341026,0.42580741843955205,0.4258014210016399,0.4258076867272371,0.45551723,0.43043175,0.4565582,0.9274526200489499,0.9277587945344746,0.9277487864422702,0.9274413563879732,0.9277482473834346,0.9277455287521135,0.927748388774577,0.9277468246139684,0.9277467764611319,0.9277470919528593,0.9277484477080578,0.9277455892040948,0.9277485755776812,0.9466711,0.9107505,0.96482193,0.30313017805064685,0.30304248917914317,0.3030467890064659,0.3031299385482848,0.3030470201605199,0.3030469595306462,0.3030481859185333,0.30304763025277887,0.3030475156169044,0.3030476509008542,0.3030469342593802,0.3030468794275543,0.30304815999687895,0.2914497,0.28654715,0.30145898
0.6396484375,0.4263194281784952,0.4258416283429549,0.42574113076490916,0.4263082812515755,0.42573211134684885,0.42568662451457245,0.42573447706880646,0.425708306100139,0.42570750043072536,0.42571277908903316,0.4257354631303453,0.4256876359548114,0.4257376026176394,0.46002948,0.43818116,0.46018377,0.9274526200489499,0.9277587945344746,0.9277287655329759,0.9274425198250624,0.9277248689730782,0.927705215281456,0.9277258910258666,0.9277145838614103,0.9277142357499608,0.9277165165143246,0.9277263170264822,0.9277056523444573,0.927727241326009,0.94581604,0.91122055,0.96467745,0.30313017805064685,0.30304248917914317,0.3030553886099197,0.3031260973582997,0.30305705953987316,0.3030566212684239,0.3030654863535112,0.30306146966783254,0.3030606410093058,0.30306161892474837,0.303056438591528,0.3030560422318819,0.30306529897651774,0.29322955,0.28821245,0.30276492
0.6416015625,0.4263194281784952,0.4255190632694143,0.4256140643266934,0.4263141373273534,0.42563577236513406,0.4256307318300238,0.42568667693030937,0.4256323722758043,0.42561557848708553,0.42580517001099477,0.42563042254102584,0.4256277052543183,0.42565256743162133,0.46325353,0.44607142,0.4650042,0.9274526200489499,0.9276833674189846,0.9277094662125736,0.927449142457269,0.9277188411499369,0.9277166644055667,0.9277408212890951,0.9277173728342483,0.9277101201561521,0.9277919651943691,0.9277165308380915,0.9277153573605108,0.9277260936916217,0.944847,0.91159654,0.9643656,0.30313017805064685,0.3030746702895817,0.3030636210184987,0.3031260977569188,0.3030596580247577,0.3030503648890622,0.3030605782202006,0.3030602787420198,0.30302873247777323,0.3030633445956596,0.3030606346836887,0.30305659192708123,0.3030611307486836,0.29482093,0.28987518,0.30380642
0.6435546875,0.4263194281784952,0.4255190632694143,0.4255507302885073,0.4263207807545423,0.42554010826844646,0.4255152000154987,0.42554257466656,0.4255417719755183,0.42545721983992674,0.42554998939051675,0.4255427260056112,0.4255318902282197,0.4255440556086519,0.466047,0.45360157,0.469735,0.9274526200489499,0.9276833674189846,0.9276920683115949,0.9274580521353611,0.9276880120341017,0.9276784994158239,0.927688953906442,0.9276886473746092,0.9276563521085917,0.9276917853881919,0.9276890116997027,0.9276848736360112,0.9276895194459012,0.9437419,0.9118984,0.96396005,0.30313017805064685,0.3030746702895817,0.30307098721210446,0.3031286998203075,0.3030727020119214,0.30307230384129497,0.30307672314449985,0.3030724334262286,0.30307110682143457,0.30308608327454367,0.30307227940940107,0.30307206476074416,0.3030740287156354,0.29614547,0.291476,0.30454245
0.6455078125,0.4263194281784952,0.4255190632694143,0.4254873962503213,0.4263257850310592,0.42548016023750773,0.425463192049116,0.42548184041587783,0.42548129360061765,0.42542369435555416,0.4254868915301906,0.42548194351221047,0.425474561882012,0.4254828492744463,0.46822837,0.46025902,0.47416115,0.9274526200489499,0.9276833674189846,0.9276746652312414,0.927469173014461,0.9276715385173627,0.9276642060692672,0.927672264539519,0.9276720282557149,0.9276471357007987,0.9276744471428394,0.927672309088306,0.92766911936965,0.9276727004748087,0.9424925,0.9121175,0.9635304,0.30313017805064685,0.3030746702895817,0.30307835335417144,0.3031330144043553,0.30307967433024197,0.3030793676040925,0.3030827719648346,0.30307946742834846,0.30307844549381,0.30308998244704244,0.3030793487832657,0.3030791834311606,0.3030806963413375,0.29714644,0.29295385,0.3049482
0.6474609375,0.4263194281784952,0.4255190632694143,0.4254240622121352,0.42632687856171464,0.42542021220656895,0.4254111840827332,0.4254211061651956,0.42542081522571695,0.4253901688711816,0.4254237936698644,0.42542116101880967,0.42541723353580424,0.42542164294024065,0.46963477,0.46557888,0.47810695,0.9274526200489499,0.9276833674189846,0.9276572569692002,0.9274762158029052,0.927655060357897,0.9276499092278899,0.9276555704073592,0.9276554044116299,0.9276379178402946,0.9276571037543512,0.927655601704103,0.9276533608572642,0.9276558766641525,0.94111013,0.91222465,0.9631362,0.30313017805064685,0.3030746702895817,0.30308571944467655,0.3031355869487715,0.3030866466023633,0.30308643131947177,0.303088820750392,0.3030865013834486,0.30308578411500725,0.3030938816050843,0.30308641810963677,0.30308630205341924,0.30308736392478763,0.29779008,0.29424763,0.30501878
0.6494140625,0.4263194281784952,0.4253349560374663,0.4253349560374663,0.4263244671772148,0.4253349560374663,0.4253349560374663,0.4253349560374663,0.4253349560374663,0.4253349560374663,0.4253349560374663,0.4253349560374663,0.4253349560374663,0.4253349560374663,0.4701419,0.4692026,0.48144287,0.9274526200489499,0.9276195994798457,0.9276195994798457,0.9274773474572177,0.9276195994798457,0.9276195994798457,0.9276195994798457,0.9276195994798457,0.9276195994798457,0.9276195994798457,0.9276195994798457,0.9276195994798457,0.9276195994798457,0.9396291,0.91218317,0.9628222,0.30313017805064685,0.3031014184543181,0.3031014184543181,0.30313517791471306,0.3031014184543181,0.3031014184543181,0.3031014184543181,0.3031014184543181,0.3031014184543181,0.3031014184543181,0.3031014184543181,0.3031014184543181,0.3031014184543181,0.29806498,0.29529977,0.30477026
0.6513671875,0.4263194281784952,0.4253349560374663,0.4253349560374663,0.4263186641573956,0.4253349560374663,0.4253349560374663,0.4253349560374663,0.4253349560374663,0.4253349560374663,0.4253349560374663,0.4253349560374663,0.4253349560374663,0.4253349560374663,0.47091636,0.4696811,0.48408547,0.9274526200489499,0.9276195994798457,0.9276195994798457,0.9274755576460584,0.9276195994798457,0.9276195994798457,0.9276195994798457,0.9276195994798457,0.9276195994798457,0.9276195994798457,0.9276195994798457,0.9276195994798457,0.9276195994798457,0.93810475,0.9119661,0.96261775,0.30313017805064685,0.3031014184543181,0.3031014184543181,0.303133099330689,0.3031014184543181,0.3031014184543181,0.3031014184543181,0.3031014184543181,0.3031014184543181,0.3031014184543181,0.3031014184543181,0.3031014184543181,0.3031014184543181,0.2979798,0.29606202,0.30424032
0.6533203125,0.4263194281784952,0.4253349560374663,0.4253349560374663,0.426310819117499,0.4253349560374663,0.4253349560374663,0.4253349560374663,0.4253349560374663,0.4253349560374663,0.4253349560374663,0.4253349560374663,0.4253349560374663,0.4253349560374663,0.47066218,0.46825138,0.4859938,0.9274526200489499,0.9276195994798457,0.9276195994798457,0.9274694623634095,0.9276195994798457,0.9276195994798457,0.9276195994798457,0.9276195994798457,0.9276195994798457,0.9276195994798457,0.9276195994798457,0.9276195994798457,0.9276195994798457,0.93660724,0.9115703,0.962535,0.30313017805064685,0.3031014184543181,0.3031014184543181,0.3031288117533779,0.3031014184543181,0.3031014184543181,0.3031014184543181,0.3031014184543181,0.3031014184543181,0.3031014184543181,0.3031014184543181,0.3031014184543181,0.3031014184543181,0.2975589,0.29650155,0.30348447
0.6552734375,0.4263194281784952,0.4253349560374663,0.4253349560374663,0.42630286400082495,0.4253349560374663,0.4253349560374663,0.4253349560374663,0.4253349560374663,0.4253349560374663,0.4253349560374663,0.4253349560374663,0.4253349560374663,0.4253349560374663,0.46852255,0.46592113,0.48716244,0.9274526200489499,0.9276195994798457,0.9276195994798457,0.927462204211816,0.9276195994798457,0.9276195994798457,0.9276195994798457,0.9276195994798457,0.9276195994798457,0.9276195994798457,0.9276195994798457,0.9276195994798457,0.9276195994798457,0.9352143,0.9110272,0.9625721,0.30313017805064685,0.3031014184543181,0.3031014184543181,0.30312399282407565,0.3031014184543181,0.3031014184543181,0.3031014184543181,0.3031014184543181,0.3031014184543181,0.3031014184543181,0.3031014184543181,0.3031014184543181,0.3031014184543181,0.29683754,0.29660788,0.30257148
0.6572265625,0.4263194281784952,0.4253611162071302,0.42534149607988225,0.4262968515010738,0.425348502142046,0.42534633656803955,0.42535000338351764,0.4253464482330961,0.4253451375162493,0.4253494127238267,0.4253468419112659,0.4253440627668504,0.42534837213469556,0.4646926,0.46282008,0.48761338,0.9274526200489499,0.927564537822704,0.9276058334305902,0.9274588725419151,0.927591086932145,0.9275879271525523,0.9275956450233457,0.9275954099900622,0.927589170357245,0.9275981688025519,0.927594581374864,0.9275913605697683,0.9276004309606232,0.934005,0.9104041,0.9627155,0.30313017805064685,0.30312383912474616,0.30310702367028447,0.30312138847172715,0.30311302825788156,0.3031111722436416,0.3031143149010754,0.30311126794673077,0.3031101445897803,0.3031138086747412,0.30311160535047893,0.30310922346903885,0.3031129168346389,0.29639763,0.29585698,0.30157763
0.6591796875,0.4263194281784952,0.4253611162071302,0.4253545761647142,0.4262934269200075,0.4253569115187688,0.42535618966076666,0.4253574119325927,0.42535622688245217,0.42535578997683654,0.425357215046029,0.4253563581085088,0.42535543172703694,0.42535686818298535,0.45945168,0.45912316,0.4873893,0.9274526200489499,0.927564537822704,0.9275783026020387,0.9274596560228868,0.9275733873508908,0.9275723341301942,0.9275749066493919,0.9275748283085798,0.9275727485169395,0.9275757478685726,0.9275745521160428,0.9275734785598068,0.9275765018822246,0.9330535,0.9097992,0.9629445,0.30313017805064685,0.30312383912474616,0.30311823400549703,0.3031216257582643,0.30312023551578293,0.30311961684933775,0.30312066439386454,0.30311964875009206,0.3031192743011393,0.3031204956528818,0.3031197612170539,0.3031189672638653,0.30312019837497817,0.29591623,0.29466143,0.30058128
0.6611328125,0.4263194281784952,0.4253611162071302,0.42536765624954614,0.42629100050994245,0.42536532089549156,0.4253648204816677,0.4253660427534937,0.4253660055318082,0.42536501736823135,0.42536644243742383,0.42536587430575157,0.425365364231275,0.42536680068722343,0.45503002,0.45314103,0.4865475,0.9274526200489499,0.927564537822704,0.9275507734666372,0.9274626915781289,0.9275556884694703,0.9275541692361974,0.9275567416510014,0.9275542475733939,0.9275533280575687,0.9275563272790743,0.9275545237534029,0.9275525740829518,0.9275555972641792,0.93242526,0.90932846,0.9632373,0.30313017805064685,0.30312383912474616,0.30312944421175914,0.30312396473096587,0.30312744272038494,0.3031270138452862,0.3031280613818623,0.3031280294813834,0.3031271825851404,0.3031284039269724,0.30312791701537567,0.3031274798609136,0.3031287109612734,0.2952356,0.29329637,0.2996599
0.6630859375,0.4263194281784952,0.4253611162071302,0.4253807363343781,0.4262864398598639,0.42537373027221437,0.42537222903074273,0.4253758958462208,0.4253757841811643,0.42537281969043367,0.42537709489801107,0.42537539050299444,0.4253738602795648,0.42537816964741,0.4507443,0.44614172,0.485156,0.9274526200489499,0.927564537822704,0.927523246024229,0.9274696589049436,0.9275379902878416,0.9275334327836948,0.9275411497149452,0.927533667784438,0.9275309093694567,0.9275399066436161,0.9275344962868833,0.9275286475627015,0.9275377166828424,0.93217504,0.90910983,0.9635749,0.30313017805064685,0.30312383912474616,0.30314065428908266,0.3031283768781221,0.3031346498716907,0.30313336325534246,0.30313650584122054,0.30313641014060966,0.30313386947151966,0.3031375334672859,0.3031360727454488,0.30313476129244865,0.303138454561271,0.29444623,0.2918091,0.29888582
0.6650390625,0.4263194281784952,0.4256173494277825,0.42544579371470875,0.4262744169980298,0.42543346983842256,0.42543210882995264,0.425436759710283,0.4254222161815521,0.4254180149563941,0.42544136104139385,0.4254385372533308,0.4254336985253034,0.42544011691434414,0.4464574,0.4388524,0.48329002,0.9274526200489499,0.9275161400601722,0.9275309563006745,0.9274780229710404,0.9275327239373711,0.927532252054858,0.9275329191556488,0.9275343381599468,0.9275315920755314,0.9275349408048421,0.9275319970961468,0.9275317705220796,0.9275326911354501,0.93234265,0.90924716,0.9639436,0.30313017805064685,0.3031439165750214,0.3031380862370677,0.3031329730442458,0.30313738696909653,0.3031373097442031,0.30313757363947597,0.30313674842588584,0.30313651004425474,0.3031378347232056,0.3031376744989007,0.30313739994500344,0.3031377641303078,0.2936471,0.2902506,0.2983237
0.6669921875,0.4263194281784952,0.4256173494277825,0.42556016419009124,0.4262519837221783,0.42553489740215494,0.4255321070209802,0.42554164239802356,0.4255118248107843,0.42550321133052255,0.4255510761877422,0.42554528677112446,0.4255353662629896,0.42554852544042854,0.4423369,0.43166068,0.4810272,0.9274526200489499,0.9275161400601722,0.9275210774797045,0.9274814039697556,0.927523962126936,0.9275231920337775,0.9275242807189182,0.9275265965673714,0.9275221149952051,0.9275275801322476,0.9275227759566845,0.9275224062046652,0.9275239085951247,0.9329519,0.90981746,0.9643347,0.30313017805064685,0.3031439165750214,0.3031419731331882,0.30313466810914286,0.30314083400207764,0.3031407082000877,0.30314113809447574,0.3031397937931693,0.3031394054611548,0.3031415634086869,0.30314130239789333,0.3031408551402726,0.3031414484104804,0.29293323,0.2886762,0.2980254
0.6689453125,0.4263194281784952,0.4256173494277825,0.4256745346654738,0.42622387099115505,0.4256363249658874,0.42563210521200784,0.42564652508576417,0.4256014334400166,0.425588407704651,0.42566079133409057,0.4256520362889182,0.4256370340006759,0.425656933966513,0.4385203,0.42491275,0.47844264,0.9274526200489499,0.9275161400601722,0.9275112039672287,0.9274811366346093,0.9275152044923148,0.9275141364776194,0.9275156463412237,0.9275188582347165,0.9275126428003617,0.927520222406644,0.9275135594423719,0.9275130466571571,0.9275151302503973,0.93400824,0.9108647,0.9647442,0.30313017805064685,0.3031439165750214,0.30314586001270527,0.3031341581895906,0.30314428102199775,0.30314410664327657,0.30314470253551035,0.3031428391502563,0.30314230086883714,0.30314529207888774,0.3031449302824196,0.3031443103224189,0.30314513267573395,0.292385,0.28714582,0.29802486
0.6708984375,0.4263194281784952,0.4256173494277825,0.42578890514085627,0.4262002502041218,0.42586470550466515,0.42584447051705926,0.4258730766481893,0.425933923278777,0.42581616914790343,0.4259597637195624,0.42583353739775653,0.42582382138984437,0.4258632989221611,0.4351138,0.41888902,0.47560108,0.9274526200489499,0.9275161400601722,0.92750133575897,0.9274769163591385,0.9274926920331249,0.9274917376370658,0.9274949991838347,0.9274848016256204,0.9274818566290564,0.9274982264142075,0.9274962458463332,0.9274928524016117,0.9274973537799185,0.93549705,0.91239846,0.9651705,0.30313017805064685,0.3031439165750214,0.3031497468756323,0.30313214995910753,0.30315316423140176,0.30315225196589557,0.30315354163218244,0.30315628480900075,0.3031509760375807,0.30315744978307757,0.3031517590614548,0.30315132102856196,0.3031531008176685,0.2920597,0.285721,0.2983331
0.6728515625,0.4263194281784952,0.42627608001019013,0.42608267897603425,0.42619348439684535,0.42596158731822825,0.42594126781654174,0.42602344471299164,0.4258762490416083,0.42576057031298215,0.42598635608505514,0.426007695179272,0.42596383434447843,0.42604545726679094,0.4321924,0.41378856,0.47255078,0.9274526200489499,0.9274855679042688,0.927492880440393,0.9274659513733667,0.9275038990525875,0.9274982696192821,0.9275057486188151,0.9275116680862058,0.9275016447342264,0.9275222042287403,0.9274997027762071,0.927496266725209,0.9275036945296738,0.9373845,0.9143994,0.96561456,0.30313017805064685,0.30315493428046225,0.30315235361961756,0.3031278647098174,0.303147952628389,0.3031472141283484,0.3031502007945279,0.3031448510562483,0.30314064676085245,0.303148852833501,0.30314962838864423,0.3031480342951678,0.30315100082494795,0.29198775,0.28446034,0.29893398
0.6748046875,0.4263194281784952,0.42627608001019013,0.42621161299880483,0.4261950631105238,0.426279295669514,0.42624472125079227,0.42629065300136115,0.42632699443406985,0.4262654514764508,0.42639165161557613,0.426253524256085,0.4262324176085987,0.42627803972223804,0.42980045,0.40972558,0.46931893,0.9274526200489499,0.9274855679042688,0.9274880046789341,0.9274520109571165,0.9274833023982274,0.9274825134893414,0.9274857042832627,0.9274799894042933,0.9274754997197656,0.9274842641076139,0.9274850927014684,0.927483389642071,0.9274865591113509,0.9396193,0.91682625,0.96608233,0.30313017805064685,0.30315493428046225,0.30315407406119355,0.3031224771382986,0.3031559055798738,0.3031549699834914,0.3031562129132019,0.30315719632422766,0.30315553095107767,0.3031589459659687,0.3031552081961191,0.30315463704220824,0.30315587159349966,0.29217318,0.28341416,0.29978305
0.6767578125,0.4263194281784952,0.42627608001019013,0.4263405470215754,0.4262085580224038,0.42638091090751074,0.42636029177592294,0.4263876840747396,0.42640935699971744,0.42637265465190183,0.4264479165759261,0.42636554162049617,0.42635295425798986,0.42638016189876066,0.42795277,0.4067327,0.46590978,0.9274526200489499,0.9274855679042688,0.9274831318665335,0.9274427125751327,0.9274794635307416,0.9274788480423057,0.9274813373442722,0.9274768787206631,0.9274733754795164,0.9274802138162144,0.9274808602347316,0.9274795315955541,0.9274820042027128,0.9421357,0.9196224,0.9665855,0.30313017805064685,0.30315493428046225,0.3031557944987189,0.30311867910158163,0.3031572614850999,0.30315651210299865,0.3031575076490848,0.3031582953294203,0.3031569614196647,0.30315969673622245,0.30315670290350416,0.3031562454279663,0.30315723426312247,0.29259643,0.28261897,0.30080938
0.6787109375,0.4263194281784952,0.42627608001019013,0.426469481044346,0.4262556610018956,0.4264825261455075,0.42647586230105367,0.42648471514811803,0.426491719565365,0.4264798578273528,0.4265041815362762,0.4264775589849074,0.426473490907381,0.4264822840752834,0.42663285,0.40476844,0.46230796,0.9274526200489499,0.9274855679042688,0.9274782620005162,0.9274423729718541,0.9274756264925801,0.9274751842631481,0.9274769727720716,0.9274737692384809,0.9274712517997316,0.9274761655610381,0.9274766299913696,0.9274756753966734,0.9274774518688343,0.94485724,0.9227202,0.9671447,0.30313017805064685,0.30315493428046225,0.30315751493219745,0.30311841060407785,0.3031586173878138,0.30315805421925557,0.30315880238267723,0.30315939433296313,0.30315839188545535,0.3031604475057068,0.3031581976078358,0.3031578538101881,0.30315859693020797,0.29321957,0.28209376,0.30192
0.6806640625,0.4263194281784952,0.4266488216099473,0.4266488216099473,0.42633166865674277,0.4266488216099473,0.4266488216099473,0.4266488216099473,0.4266488216099473,0.4266488216099473,0.4266488216099473,0.4266488216099473,0.4266488216099473,0.4266488216099473,0.42579275,0.40372598,0.45848584,0.9274526200489499,0.9274771177072315,0.9274771177072315,0.927443811617365,0.9274771177072315,0.9274771177072315,0.9274771177072315,0.9274771177072315,0.9274771177072315,0.9274771177072315,0.9274771177072315,0.9274771177072315,0.9274771177072315,0.9476998,0.92604136,0.96778774,0.30313017805064685,0.3031576801486915,0.3031576801486915,0.3031192891571008,0.3031576801486915,0.3031576801486915,0.3031576801486915,0.3031576801486915,0.3031576801486915,0.3031576801486915,0.3031576801486915,0.3031576801486915,0.3031576801486915,0.29399243,0.28183883,0.30300823
0.6826171875,0.4263194281784952,0.4266488216099473,0.4266488216099473,0.42642111303599384,0.4266488216099473,0.4266488216099473,0.4266488216099473,0.4266488216099473,0.4266488216099473,0.4266488216099473,0.4266488216099473,0.4266488216099473,0.4266488216099473,0.4253522,0.40344346,0.4544138,0.9274526200489499,0.9274771177072315,0.9274771177072315,0.9274503985161686,0.9274771177072315,0.9274771177072315,0.9274771177072315,0.9274771177072315,0.9274771177072315,0.9274771177072315,0.9274771177072315,0.9274771177072315,0.9274771177072315,0.9505768,0.9294965,0.96854484,0.30313017805064685,0.3031576801486915,0.3031576801486915,0.30312283651126504,0.3031576801486915,0.3031576801486915,0.3031576801486915,0.3031576801486915,0.3031576801486915,0.3031576801486915,0.3031576801486915,0.3031576801486915,0.3031576801486915,0.29485792,0.28183678,0.3039644
0.6845703125,0.4263194281784952,0.4266488216099473,0.4266488216099473,0.42649814047265583,0.4266488216099473,0.4266488216099473,0.4266488216099473,0.4266488216099473,0.4266488216099473,0.4266488216099473,0.4266488216099473,0.4266488216099473,0.4266488216099473,0.42520082,0.40371677,0.45007518,0.9274526200489499,0.9274771177072315,0.9274771177072315,0.9274628137270371,0.9274771177072315,0.9274771177072315,0.9274771177072315,0.9274771177072315,0.9274771177072315,0.9274771177072315,0.9274771177072315,0.9274771177072315,0.9274771177072315,0.95340085,0.9329809,0.96944225,0.30313017805064685,0.3031576801486915,0.3031576801486915,0.3031286423458207,0.3031576801486915,0.3031576801486915,0.3031576801486915,0.3031576801486915,0.3031576801486915,0.3031576801486915,0.3031576801486915,0.3031576801486915,0.3031576801486915,0.29575709,0.28205624,0.30468747
0.6865234375,0.4263194281784952,0.4266488216099473,0.4266488216099473,0.4265285132358002,0.4266488216099473,0.4266488216099473,0.4266488216099473,0.4266488216099473,0.4266488216099473,0.4266488216099473,0.4266488216099473,0.4266488216099473,0.4266488216099473,0.4252031,0.4043164,0.44547954,0.9274526200489499,0.9274771177072315,0.9274771177072315,0.9274771424895093,0.9274771177072315,0.9274771177072315,0.9274771177072315,0.9274771177072315,0.9274771177072315,0.9274771177072315,0.9274771177072315,0.9274771177072315,0.9274771177072315,0.95608735,0.9363731,0.97049177,0.30313017805064685,0.3031576801486915,0.3031576801486915,0.3031345941241753,0.3031576801486915,0.3031576801486915,0.3031576801486915,0.3031576801486915,0.3031576801486915,0.3031576801486915,0.3031576801486915,0.3031576801486915,0.3031576801486915,0.29663387,0.28245735,0.30509725
0.6884765625,0.4263194281784952,0.4265306825207005,0.4266192868376356,0.42652880624692635,0.4265748461896844,0.4265713636497362,0.4265864579182002,0.42656034591442255,0.42655909093446065,0.42657095080912055,0.4265891727976463,0.4265756708484952,0.426601879180194,0.42520976,0.4050093,0.4406774,0.9274526200489499,0.9274737579107378,0.9274762779325567,0.9274834506846028,0.9274750141136843,0.9274749150648547,0.9274753443575416,0.9274746016927461,0.927474565996932,0.9274749033229209,0.9274754215675924,0.9274750375680213,0.9274757829188046,0.95855606,0.9395366,0.9716829,0.30313017805064685,0.30315954483907714,0.3031581463214685,0.30313724857962565,0.3031588477663061,0.3031586644884685,0.3031589027342074,0.30315907663652,0.30315890925042327,0.30315909644493794,0.3031586216372027,0.3031584210814788,0.3031588347500117,0.29743788,0.28299758,0.30514282
0.6904296875,0.4263194281784952,0.4265306825207005,0.4265602172930122,0.42652324960945637,0.4265454037436951,0.42654424289704573,0.42654927431986706,0.4265405703186078,0.4265401519919539,0.42654410528350717,0.4265501792796824,0.42654567862996534,0.42655441474053163,0.4250745,0.40558702,0.435769,0.9274526200489499,0.9274737579107378,0.927474598034334,0.9274816933642884,0.9274741766739566,0.9274741436533016,0.9274742867724376,0.9274740391844473,0.9274740272847626,0.9274741397388286,0.9274743125137176,0.9274741844931584,0.927474432988537,0.960731,0.9423251,0.9729769,0.30313017805064685,0.30315954483907714,0.3031590786666613,0.30313841201748465,0.3031593124815166,0.30315925138892197,0.303159330804146,0.30315938877157156,0.30315933297621733,0.3031593953743764,0.30315923710517145,0.30315917025328876,0.303159308142753,0.2981271,0.28363773,0.30480853
0.6923828125,0.4263194281784952,0.4265306825207005,0.42650114774838876,0.42650204673939307,0.42651596129770586,0.4265120907215339,0.4265171221443552,0.42652079472279314,0.4265172597578938,0.42652121304944707,0.42651118576171854,0.4265069503008693,0.4265156864114356,0.42467824,0.4058953,0.43091005,0.9274526200489499,0.9274737579107378,0.9274729176707863,0.9274732099634577,0.9274733391186117,0.9274732290029316,0.927473372143646,0.9274734766239872,0.9274733760586144,0.927473488524752,0.9274732032570538,0.9274730827578116,0.9274733312983203,0.9625406,0.9445945,0.97430766,0.30313017805064685,0.30315954483907714,0.30316001101137247,0.30313942584751796,0.30315977719660764,0.3031597588739829,0.3031598382891845,0.3031597009065692,0.3031596943037654,0.303159756701912,0.30315985257293027,0.30315978153537015,0.30315991942478776,0.2986687,0.28434578,0.3041141
0.6943359375,0.4263194281784952,0.4265306825207005,0.42644207820376534,0.42646458253365727,0.42648651885171657,0.42647490712320074,0.42649000139166476,0.4265010191269784,0.4264904142322804,0.4265022741069403,0.42647219224375466,0.42645948586120697,0.4264856941929058,0.42395526,0.40586233,0.42630833,0.9274526200489499,0.9274737579107378,0.9274712368417202,0.9274583534956037,0.9274725014476259,0.9274721710489755,0.9274726005358687,0.9274729140113586,0.9274726122822602,0.9274729497168939,0.9274720937975451,0.927471732226528,0.9274724779834822,0.963917,0.9462153,0.97558665,0.30313017805064685,0.30315954483907714,0.30316094335560184,0.30313980052901,0.30316024191157886,0.30316018694371827,0.3031604251892562,0.3031600130415127,0.3031599932331049,0.30316018042750703,0.30316046804047914,0.30316025492786314,0.30316066859597557,0.29903835,0.2850984,0.30311066
0.6962890625,0.4263194281784952,0.42558336204755365,0.4262938524024138,0.42641541899822255,0.4263606786622995,0.4263488326662302,0.4263661602215307,0.4262979025967253,0.42629528048405296,0.4264886377739046,0.42632928727691477,0.4263284009776602,0.42636481844811214,0.42221257,0.40551493,0.42291853,0.9274526200489499,0.9274565994227373,0.9274694754381138,0.9274429214780175,0.9274675759739506,0.9274674201929812,0.9274679126401563,0.9274693602987679,0.9274639405357252,0.9274694348402104,0.9274684681659677,0.9274674583246014,0.9274684933578787,0.9647989,0.94708717,0.976714,0.30313017805064685,0.3031689508663088,0.30316189635058627,0.30313945491363964,0.3031629103367408,0.3031627305919365,0.3031629935109802,0.30316195780609995,0.3031619180195446,0.3031648519185835,0.3031624340206177,0.30316242057238396,0.30316297315163043,0.29921967,0.2858802,0.3018734
0.6982421875,0.4263194281784952,0.42558336204755365,0.4258201921658403,0.42635688002205524,0.4259762184756727,0.4259485603805444,0.4259890168495518,0.42582964858123157,0.42582352645850724,0.42627497809542875,0.4259029257007892,0.4259008563645383,0.4259858840697811,0.418893,0.40497574,0.4216728,0.9274526200489499,0.9274565994227373,0.9274608962020661,0.9274302850211287,0.9274606132223289,0.9274605900195423,0.9274606633697801,0.9274608790453762,0.9274600719500184,0.9274608901526017,0.927460746125179,0.9274605956989803,0.9274607498782004,0.9651345,0.9471501,0.9775902,0.30313017805064685,0.3031689508663088,0.30316659936420737,0.3031379976037082,0.3031667276740243,0.30316670492911046,0.30316673819889617,0.3031666071407868,0.3031666021061969,0.303166973361987,0.30316666740096987,0.30316666569923023,0.30316673562262314,0.29920402,0.28667933,0.30049306
0.7001953125,0.4263194281784952,0.42558336204755365,0.42534653192926697,0.42629183480468125,0.42559175828904594,0.4255482880948588,0.42561187347757307,0.42536139456573796,0.4253517724329617,0.4260613184169529,0.4254765641246637,0.4254733117514165,0.42560694969145013,0.41661528,0.40443748,0.420411,0.9274526200489499,0.9274565994227373,0.9274522978585722,0.9274286069787415,0.9274536378910424,0.927453400462023,0.927453747741391,0.9274523791190111,0.9274523265113126,0.9274561994843029,0.927453008608184,0.9274529908361682,0.9274537208532355,0.9648913,0.94639015,0.9781258,0.30313017805064685,0.3031689508663088,0.3031713023652638,0.3031376645786045,0.3031705450030324,0.30317048287884885,0.3031706792573139,0.30317125646319437,0.3031690948028361,0.30317128618038547,0.3031709007711431,0.30317049808557667,0.3031709108158409,0.29899162,0.2874828,0.2990662
0.7021484375,0.4263194281784952,0.42558336204755365,0.4248728716926935,0.4262201641116561,0.4244047927631965,0.42436639764155903,0.4244877670485812,0.4248445024465198,0.42350851390392835,0.4248628688146927,0.4246246710878469,0.4243757959808712,0.4246308790965996,0.41561106,0.40411782,0.41938975,0.9274526200489499,0.9274565994227373,0.9274436803437277,0.92743309205435,0.9274445134387836,0.9274443656257233,0.9274445818566501,0.9274437307835489,0.9274436981278298,0.9274461137906277,0.9274441218667531,0.9274441108170588,0.9274445651082135,0.96406066,0.94483876,0.97824883,0.30313017805064685,0.3031689508663088,0.3031760053537136,0.30313655677302354,0.3031756204266459,0.3031755888522188,0.30317568866097644,0.3031759820241243,0.30317488336687726,0.30317599712779764,0.30317580124470944,0.3031755965809919,0.3031758063498968,0.2976876,0.28827065,0.29859376
0.7041015625,0.4263194281784952,0.4212485626292366,0.4244747605161674,0.4261421214302509,0.42448967754699174,0.42448570744924013,0.42451001426435253,0.42455688329838165,0.42454869291084674,0.4245853227640996,0.42448267032761117,0.4244816393653167,0.4245093600814053,0.41605118,0.40420836,0.41888875,0.9274526200489499,0.9274381757638294,0.9274434880548751,0.9274433079642779,0.9274434978961704,0.9274434952770234,0.9274435113119113,0.9274435422256166,0.9274435368239231,0.9274435609802878,0.9274434932733449,0.9274434925931823,0.9274435108803795,0.9626657,0.9425651,0.97791016,0.30313017805064685,0.303179961001248,0.30317670329022517,0.30313538766733056,0.30317669950241116,0.30317669433840067,0.3031767005105201,0.3031766824371591,0.30317667521565433,0.3031766845169071,0.3031767012817226,0.3031766945045144,0.3031767015435102,0.29644296,0.28901243,0.29803547
0.7060546875,0.4263194281784952,0.4212485626292366,0.4223239619248802,0.42605915632223895,0.42235448987605523,0.4223463650051108,0.42239610930568294,0.42249202756175597,0.42247526579772166,0.42255022940038617,0.422340149485287,0.42233803960383937,0.4223947705094233,0.4180251,0.40483296,0.41916263,0.9274526200489499,0.9274381757638294,0.9274399555456025,0.9274547028303797,0.9274399913297768,0.927439981806492,0.9274400401067988,0.9274401524842113,0.9274401328498808,0.9274402206483617,0.9274399745209392,0.9274399720477825,0.9274400385379097,0.9607619,0.9396665,0.9770851,0.30313017805064685,0.303179961001248,0.30317887509810476,0.30313436541649263,0.3031788555468944,0.30317882889229736,0.30317886075035727,0.30317876746275474,0.3031787301881777,0.30317877819759875,0.30317886473100225,0.3031788297497112,0.3031788660822471,0.2954037,0.28966525,0.29735613
0.7080078125,0.4263194281784952,0.4212485626292366,0.420173163333593,0.4259774940095747,0.42021930220511866,0.4202070225609815,0.42028220434701336,0.42042717182513034,0.42040183868459663,0.42051513603667273,0.4201976286429628,0.4201944398423621,0.4202801809374413,0.42039824,0.40602767,0.42153,0.9274526200489499,0.9274381757638294,0.9274363868716405,0.9274639269726973,0.9274364491287643,0.9274364325606582,0.9274365339832545,0.9274367294465421,0.9274366952989535,0.927436847985198,0.9274364198854161,0.9274364155826292,0.9274365312540864,0.9584348,0.93625855,0.9757755,0.30313017805064685,0.303179961001248,0.3031810469038547,0.3031338696577119,0.3031810115892791,0.3031809634441377,0.30318102098808775,0.3031808524863895,0.30318078515879693,0.3031808718763129,0.3031810281781689,0.30318096499285035,0.30318103061886875,0.2946229,0.29017687,0.29660788
0.7099609375,0.4263194281784952,0.4212485626292366,0.4180223647423058,0.42590534378059064,0.4179307808887808,0.41780592259989763,0.41795515550161394,0.4175181678316785,0.41734356231578795,0.4175684531237814,0.41797380206108553,0.4178099389886766,0.4179801317054282,0.42268524,0.40774682,0.42647207,0.9274526200489499,0.9274381757638294,0.9274327814747682,0.9274669968008421,0.9274326714138411,0.9274325212876183,0.9274327007107507,0.9274321749571595,0.9274319645759286,0.9274322355130017,0.9274327231205565,0.9274325261182121,0.9274327307271942,0.9557941,0.9324671,0.97401,0.30313017805064685,0.303179961001248,0.30318321870744225,0.30313281415096793,0.3031832773609411,0.30318326175058785,0.3031833573245473,0.30318354161273026,0.303183509408278,0.30318365343617854,0.30318324980867983,0.30318324575495453,0.3031833547523118,0.29413235,0.29049167,0.29585096
0.7119140625,0.4263194281784952,0.40837697331725603,0.41517599733081595,0.42584750008927463,0.4153546312852929,0.415266167204252,0.4154444030990252,0.41547856928412075,0.4153272361459721,0.4155089827204946,0.4153446585236854,0.4152238102438001,0.4153513164806882,0.4260053,0.40988865,0.4326741,0.9274526200489499,0.9274279266327294,0.9274313342442239,0.9274653678950925,0.9274314511947406,0.9274313932904439,0.9274315099298059,0.9274315322770709,0.9274314332658476,0.927431552166663,0.927431444668288,0.927431365556897,0.9274314490254751,0.9529648,0.92842543,0.9718423,0.30313017805064685,0.30318632533263123,0.30318457893111606,0.30313144510529977,0.30318452256411366,0.30318449423709026,0.30318455047848825,0.30318448345613025,0.3031844738593303,0.3031845312085055,0.30318452571096605,0.30318452361008275,0.3031845638440037,0.29394114,0.29056153,0.29514715
0.7138671875,0.4263194281784952,0.40837697331725603,0.41064331465510934,0.42578248531678664,0.4108997584786565,0.41077276096995147,0.4110286333458545,0.41107768173179876,0.4108604304892236,0.4111213427364143,0.41088544175412645,0.41071195404819955,0.4108949998023476,0.43023956,0.41233093,0.43989083,0.9274526200489499,0.9274279266327294,0.927429075040971,0.9274609841522451,0.927429233427607,0.927429155015231,0.92742931294959,0.9274293432017005,0.9274292091504137,0.9274293701249041,0.9274292245904217,0.9274291174539001,0.9274292304903201,0.9500778,0.92427135,0.969345,0.30313017805064685,0.30318632533263123,0.30318574319900593,0.3031295195284133,0.3031856668457591,0.3031856284747241,0.3031857046578309,0.3031856138711213,0.30318560087155033,0.30318567855522327,0.303185671108402,0.3031856682626012,0.30318572276240374,0.29403606,0.29035702,0.29455248
0.7158203125,0.4263194281784952,0.40837697331725603,0.4061106319794027,0.4256201602873026,0.4064448856720201,0.40627935473565086,0.40661286359268384,0.4066767941794767,0.4063936248324751,0.406733702752334,0.40642622498456754,0.40620009785259886,0.40643868312400694,0.43518975,0.41495866,0.44782215,0.9274526200489499,0.9274279266327294,0.9274267654068719,0.9274562969314579,0.927426967044433,0.9274268672298493,0.9274270682514602,0.9274271067477993,0.9274269361430147,0.9274271410055928,0.9274269557961691,0.9274268194094217,0.9274269633057841,0.9472593,0.92014754,0.9666008,0.30313017805064685,0.30318632533263123,0.3031869074660387,0.30312765023317323,0.3031868111265785,0.3031867627115471,0.3031868588363322,0.3031867442853073,0.30318672788297046,0.3031868259011101,0.30318681650501006,0.30318681291429295,0.30318688167995494,0.29411095,0.28987733,0.29438284
0.7177734375,0.4263194281784952,0.40837697331725603,0.4015779493036961,0.4251174358401429,0.4008086178330546,0.4004219932314606,0.4011896103591698,0.40027484807362784,0.40014386505978117,0.4009266018013533,0.40085156800664473,0.40082289386198133,0.4013720311244256,0.44060528,0.41767904,0.45612633,0.9274526200489499,0.9274279266327294,0.9274244036342602,0.9274545841355271,0.9274239075447485,0.9274236575171401,0.9274241534587084,0.9274235622324323,0.9274234773546605,0.9274239837481804,0.9274239352905799,0.9274239167677293,0.9274242710380286,0.944618,0.9161966,0.9636934,0.30313017805064685,0.30318632533263123,0.3031880717321853,0.3031272972801725,0.30318830079153164,0.303188187355518,0.3031884159044191,0.3031884597151412,0.3031882656632031,0.3031884987137758,0.30318828800362646,0.3031881330418916,0.30318829654101326,0.29385003,0.2891549,0.29492941
0.7197265625,0.4263194281784952,0.3849871012235838,0.3955374374640256,0.42380593064274985,0.3964482699117901,0.3964270844455798,0.3976263888545309,0.39696609633220525,0.39579968068246163,0.39748252827862546,0.39641057579290156,0.39602040977959635,0.3968500956670125,0.4462102,0.42041838,0.46442991,0.9274526200489499,0.9274195420740879,0.927422645477027,0.9274548293823779,0.9274229275821149,0.9274229210352297,0.9274232905548138,0.927423087387279,0.9274227268326882,0.927423246347401,0.927422915933122,0.9274227952259201,0.9274230516248406,0.94223785,0.9125557,0.9606997,0.30313017805064685,0.30318927514095684,0.3031885052202995,0.3031277929438924,0.3031884124558927,0.3031882924694757,0.30318841461354235,0.3031883597174708,0.3031883071210662,0.3031884785119455,0.3031884162948784,0.30318837153164635,0.3031884560316271,0.29377896,0.28825438,0.29561085
0.7216796875,0.4263194281784952,0.3849871012235838,0.38850387997039776,0.4209896377931461,0.3896638894318019,0.3896369082440889,0.39116430712508127,0.390323377956306,0.3888378652333531,0.39098109051967495,0.38961588330876873,0.3891189793303661,0.39017564291515433,0.4517247,0.4231081,0.47233725,0.9274526200489499,0.9274195420740879,0.9274205952699582,0.9274582084930111,0.9274209608063192,0.9274209523288663,0.9274214303947299,0.9274211676523026,0.9274207007372921,0.927421373246283,0.9274209457220459,0.9274207893684115,0.9274211213765626,0.94017076,0.90934694,0.95768905,0.30313017805064685,0.30318927514095684,0.30318901850090546,0.3031289933200171,0.30318890755266714,0.3031887640463071,0.30318891013326293,0.3031888444763707,0.30318878156992807,0.30318898655713666,0.3031889121441773,0.30318885860638095,0.30318895967018933,0.29388928,0.28726482,0.29635537
0.7236328125,0.4263194281784952,0.3849871012235838,0.3814703224767699,0.4157717668372117,0.3815327866588727,0.38153133377604825,0.3816135811412813,0.3815682987927474,0.38148830691308616,0.38160371529467824,0.3815302016254648,0.3815034443431949,0.3815603435571907,0.45687863,0.4256659,0.47944337,0.9274526200489499,0.9274195420740879,0.9274184694593709,0.9274645164281554,0.9274184875814989,0.9274184871600555,0.92741851101282,0.9274184978816449,0.9274184746776295,0.9274185081521438,0.9274184868316458,0.9274184790694363,0.9274184955744287,0.9384364,0.90666795,0.9547248,0.30313017805064685,0.30318927514095684,0.3031895317808342,0.3031307745631799,0.30318952849413255,0.30318952424293855,0.30318952857057946,0.3031895266255771,0.3031895247620535,0.30318953083454026,0.30318952863015025,0.30318952704416074,0.3031895300380483,0.2941574,0.28628847,0.29709223
0.7255859375,0.4263194281784952,0.3849871012235838,0.37443676498314205,0.4071731326513012,0.37230345889187055,0.3695441277734418,0.3723530784286183,0.3710906318130766,0.3698810708013566,0.37382255206543435,0.37239174416720017,0.37136232275497766,0.37330557144117793,0.4614184,0.42797855,0.4853513,0.9274526200489499,0.9274195420740879,0.9274162637847725,0.9274702963583631,0.9274155327532296,0.9274145746794805,0.9274155498517755,0.9274151133996816,0.9274146924364339,0.9274160541644128,0.9274155631725605,0.9274152075790617,0.9274158771931313,0.93702686,0.9045838,0.9518709,0.30313017805064685,0.30318927514095684,0.3031900450600474,0.303132192269749,0.3031902520587874,0.3031902472441105,0.30319051980180467,0.3031903697416655,0.303190104658301,0.30319048710760493,0.3031902434923011,0.30319015482191425,0.303190343378988,0.2945484,0.28542754,0.29775867
0.7275390625,0.4263194281784952,0.35210851336823323,0.3653772458046269,0.39433718345857594,0.37120356755622497,0.3702508914363599,0.37318067531278903,0.3697845869904634,0.3694843551479492,0.3761182246985383,0.3695150435172581,0.3690383980340364,0.370160454077858,0.4651096,0.42989242,0.48969537,0.9274526200489499,0.9274106735857881,0.9274137294859016,0.9274726081786864,0.9274149622092629,0.9274147632968772,0.9274153717752223,0.92741466556203,0.9274146025045379,0.9274159723491219,0.9274146089546972,0.9274145086510781,0.9274147443609517,0.93591166,0.90312195,0.94919777,0.30313017805064685,0.30319043157227643,0.3031903027260526,0.3031323654414842,0.3031901840734734,0.30319014380978104,0.30319020347466213,0.3031902129709203,0.30319008398670116,0.3031902190851206,0.3031902184601542,0.3031902053164129,0.3031902281670047,0.29501963,0.28477263,0.29830563
0.7294921875,0.4263194281784952,0.35210851336823323,0.35653142418036443,0.37679242540437485,0.36355632738251603,0.36240766827813037,0.3659401625365351,0.36184543643876155,0.361483441389091,0.3694820198122286,0.3615204429199055,0.3609457427018036,0.3622986262930804,0.46774155,0.43121302,0.49216834,0.9274526200489499,0.9274106735857881,0.9274117174922447,0.927472085548838,0.9274132823737684,0.9274130306450798,0.9274137997483354,0.927412906849369,0.9274128269392525,0.9274145561253297,0.9274128351146534,0.9274127079468358,0.9274130066655687,0.93505013,0.9022713,0.94678676,0.30313017805064685,0.30319043157227643,0.3031903886236849,0.30313184567244544,0.3031902583325903,0.3031902141194479,0.3031902796368298,0.3031902900645693,0.30319014842832437,0.3031902967785068,0.30319029609223785,0.30319028165923667,0.3031903067512254,0.2955244,0.28439268,0.29870105
0.7314453125,0.4263194281784952,0.35210851336823323,0.34768560255610204,0.3547206643386899,0.3428815741334785,0.34125137205023137,0.3436670925707552,0.3440515786851837,0.3388292485658685,0.34429913149230756,0.3442738277406973,0.343741661683007,0.3446668404417697,0.46913272,0.43171704,0.49254754,0.9274526200489499,0.9274106735857881,0.9274096031202499,0.9274682997980788,0.9274084398929282,0.9274080377200579,0.9274086323191123,0.9274087261852691,0.9274074330327368,0.9274087865103975,0.9274087803482106,0.927408650540386,0.9274088759559292,0.93439686,0.9019861,0.9447297,0.30313017805064685,0.30319043157227643,0.30319047452071063,0.30313058743213833,0.3031905651632074,0.3031905503420439,0.3031905959218473,0.3031905430875572,0.3031905384167285,0.3031906416224127,0.30319053889416,0.30319053147879166,0.30319054893507347,0.29601434,0.28432888,0.29892954
0.7333984375,0.2655737117053071,0.35210851336823323,0.3388397809318396,0.32919204722792894,0.33079258440071346,0.3280618435733774,0.3321084011876875,0.33275245135852427,0.32400456039629755,0.3331671254435852,0.333124739295072,0.33223331141898754,0.33378307229532334,0.46914017,0.4311749,0.49071875,0.9274526200489499,0.9274106735857881,0.9274073783517874,0.9274614042127295,0.9274053091922965,0.9274045839743976,0.9274056543831761,0.9274058223479041,0.9274034838849646,0.9274059301489579,0.927405919142326,0.927405687009977,0.9274060897796172,0.9339105,0.90219474,0.94312394,0.30313017805064685,0.30319043157227643,0.3031905604170821,0.30312848624808486,0.30319071871572845,0.3031906928319692,0.3031907724327596,0.30319068016269224,0.3031906720055295,0.3031908522443804,0.30319067283931866,0.3031906598890745,0.3031906903748281,0.29644203,0.2845914,0.29898894
0.7353515625,0.2655737117053071,0.3142205282294843,0.327844078090994,0.3023993131875822,0.3492330738755834,0.3338064775151167,0.34946137647814257,0.3285371978489277,0.32796291995600974,0.32912944346335743,0.3391856731858662,0.3336958367966492,0.34142798635390625,0.4676737,0.42938402,0.4866913,0.9274526200489499,0.9274025878197123,0.9274049551044125,0.9274535650925796,0.9274084197420851,0.9274059655410882,0.9274084544354523,0.9274050744500435,0.9274049756031687,0.9274051760282892,0.9274068466614162,0.9274059471198178,0.9274072057567727,0.9335567,0.90280867,0.9420657,0.30313017805064685,0.303189962319125,0.3031903006748704,0.30312602343172684,0.30319070219316724,0.3031904126023319,0.3031907064788986,0.3031903136862726,0.3031903029057971,0.3031903248040408,0.30319051358165244,0.3031904105253615,0.30319055567476644,0.29676202,0.2851602,0.29888624
0.7373046875,0.2655737117053071,0.3142205282294843,0.3187617115166542,0.27816875207230446,0.3303235034443046,0.32198467823400323,0.3304469120986385,0.3191363764379474,0.318825951321526,0.31945651398124586,0.3248923949734741,0.3219248715474935,0.3261044742382795,0.46470892,0.42620763,0.48060524,0.9274526200489499,0.9274025878197123,0.9274033993980189,0.9274483152599682,0.9274054287781238,0.9274039797591784,0.9274054496734099,0.9274034674662475,0.9274034110803168,0.9274035255015731,0.927404493472964,0.9274039690955775,0.9274047049087983,0.9333112,0.9037367,0.94163966,0.30313017805064685,0.303189962319125,0.303190075104454,0.30312415806047,0.30319029731911656,0.30319013704909825,0.30319029969099626,0.3031900823054258,0.303190076339128,0.30319008845839374,0.30319019293467725,0.3031901358996285,0.30319021623052367,0.29693285,0.28598905,0.2986325
0.7392578125,0.2655737117053071,0.3142205282294843,0.3096793449423144,0.2636885382754998,0.29150417055438477,0.29131017174974144,0.3046128308153632,0.3090903704715615,0.30858711321576726,0.30957835976082193,0.3000418906755223,0.2981364981422813,0.3047068471204205,0.46029866,0.42161173,0.47272894,0.9274526200489499,0.9274025878197123,0.9274017524391993,0.9274478738280268,0.9273980400288602,0.9273979979045277,0.927400762101698,0.9274016389817136,0.927401541693286,0.9274017330165166,0.9273998399341241,0.9273994471790369,0.9274007807787003,0.93316007,0.9048934,0.9419087,0.30313017805064685,0.303189962319125,0.30318984953371086,0.30312354895963245,0.3031894954488665,0.3031894916694142,0.30318975082913485,0.3031898380594619,0.30318982825513247,0.30318984756634365,0.303189661779103,0.3031896246586417,0.3031897526607384,0.29691887,0.28701264,0.29824
0.7412109375,0.2655737117053071,0.3142205282294843,0.30059697836797467,0.2623883999283825,0.28582136504366457,0.28566365259141474,0.29647812635345416,0.3001181681595007,0.2997090422575667,0.30051488187957953,0.2927621540830747,0.2912131541834702,0.2965545574533741,0.45457646,0.4156917,0.463443,0.9274526200489499,0.9274025878197123,0.9274000059565335,0.9274496951309705,0.9273968169582089,0.9273967811399573,0.9273991489443537,0.927399907538524,0.9273998231947719,0.9273999891041218,0.9273983550678528,0.9273980181581326,0.9273991650642011,0.93309855,0.906211,0.94290566,0.30313017805064685,0.303189962319125,0.3031896239626114,0.30312348023308816,0.3031893543093316,0.3031893514310905,0.3031895487941443,0.3031896152243973,0.3031896077579103,0.30318962246436293,0.3031894809780989,0.30318945270901554,0.30318955018900184,0.29669362,0.2881561,0.29772106
0.7431640625,0.2655737117053071,0.27944958077351495,0.2894056342936425,0.26242472541639705,0.29272952226633936,0.29249797449503206,0.29987363424538876,0.29171409777221324,0.2899406967403469,0.2949557016767158,0.29266784284380404,0.2913488033641293,0.2949563304600978,0.44774953,0.40867817,0.453215,0.9274526200489499,0.9273979639646167,0.9273985934681206,0.9274535324555637,0.927398902653951,0.9273988813432406,0.9273995439966525,0.9273988089473028,0.9273986437179997,0.9273991058351657,0.9273988969805239,0.9273987750770001,0.9273991058921209,0.9331305,0.90764403,0.9446255,0.30313017805064685,0.3031886270097504,0.3031892189458695,0.30312434618042533,0.30318942836967894,0.30318941378085545,0.30318987848924883,0.30318936439217326,0.3031892526578415,0.303189568631612,0.3031894244835253,0.3031893413765522,0.3031895686712289,0.29624343,0.28934616,0.2970902
0.7451171875,0.2655737117053071,0.27944958077351495,0.28276826528022414,0.2626259227615225,0.28119582747633703,0.27781614926716264,0.2813053662068839,0.28167619621158696,0.28014268468335923,0.2825151423032919,0.28122500627433294,0.2801423872236469,0.2818490067098763,0.44007987,0.4009173,0.44256225,0.9274526200489499,0.9273979639646167,0.9273981787245259,0.9274609999103773,0.9273980399305422,0.9273977362998311,0.9273980496494513,0.9273980824955206,0.9273979461018191,0.9273981564865181,0.9273980425201935,0.9273979460752174,0.9273980977725943,0.9332658,0.90917265,0.9470229,0.30313017805064685,0.3031886270097504,0.3031888243217951,0.3031268582758357,0.30318872689852916,0.3031885175043642,0.303188733685202,0.30318875666065476,0.30318866164913605,0.3031888086390973,0.30318872870635505,0.30318866163070646,0.30318876736744593,0.29557163,0.29052034,0.29636765
0.7470703125,0.2655737117053071,0.27944958077351495,0.27613089626680576,0.2631122552968241,0.2750229336092402,0.272641562949557,0.2751001161996759,0.2753614084406155,0.2742808738057813,0.2759525421179043,0.27504349341675194,0.2742806642113207,0.2754831732433101,0.43185648,0.3928268,0.43200755,0.9274526200489499,0.9273979639646167,0.9273977440425154,0.9274717399593194,0.9273976309232022,0.9273973846815174,0.9273976388328149,0.9273976655769288,0.9273975546503441,0.9273977258944905,0.9273976330305893,0.9273975546287425,0.9273976780226244,0.93351674,0.91079915,0.95001256,0.30313017805064685,0.3031886270097504,0.30318842969770043,0.303130917936006,0.30318835988975096,0.30318820984984945,0.30318836475269323,0.3031883812155907,0.3031883131357618,0.3031884184603747,0.3031883611851358,0.3031883131225561,0.3031883888874659,0.29470062,0.2916339,0.29558417
0.7490234375,0.2655737117053071,0.27944958077351495,0.2694935272533874,0.26382815347863664,0.2688500397421433,0.26746697663195135,0.2688948661924679,0.2690466206696441,0.2684190629282034,0.2693899419325167,0.2688619805591709,0.26841894119899445,0.269117339776744,0.42203322,0.38483918,0.42336497,0.9274526200489499,0.9273979639646167,0.9273972879488969,0.9274846438600722,0.9273972031339506,0.9273970194579404,0.9273972090554603,0.9273972290873618,0.9273971461016148,0.9273972743231846,0.9273972047115082,0.9273971460854801,0.9273972384147113,0.9338956,0.91254365,0.9534744,0.30313017805064685,0.3031886270097504,0.30318803507358383,0.30313586009303817,0.3031879928809535,0.30318790219532066,0.303187995820165,0.30318800577050664,0.30318796462236985,0.30318802828163055,0.3031879936638972,0.30318796461438824,0.30318801040746557,0.29367316,0.29266235,0.29478422
0.7509765625,0.2655737117053071,0.26112157612213727,0.261739384605461,0.26465139923695336,0.26178070784820556,0.261747524456301,0.26190691358162327,0.2617944216284573,0.26174777704621854,0.2617948413027384,0.2617799410372388,0.261744499536342,0.2618282174722971,0.4130407,0.37734482,0.41486052,0.9274526200489499,0.9273998070662351,0.9273952517035997,0.927497595925095,0.9273953938097016,0.9273952796992031,0.927395827539771,0.9273954409599742,0.9273952805679145,0.9273954424028068,0.9273953911731313,0.9273952692957196,0.9273955571346595,0.93440855,0.9144337,0.9572642,0.30313017805064685,0.30318680532753395,0.3031883817131513,0.30314068621582135,0.3031883368347421,0.30318819977112593,0.30318837287300404,0.30318832194112244,0.30318832148534236,0.3031883725986831,0.3031883376675243,0.30318828523771546,0.30318837615816724,0.2935995,0.2925497,0.29402536
0.7529296875,0.2655737117053071,0.26112157612213727,0.26132751228324513,0.26539560896006603,0.26129982979054245,0.2612152844097269,0.261322059386848,0.26129064291176596,0.261290361771433,0.261321890176542,0.2613003434781812,0.2612680030331325,0.2613240857845634,0.40532225,0.3706509,0.40655154,0.9274526200489499,0.9273998070662351,0.9273982862188225,0.9275061637788646,0.9273983415646022,0.9273982971199047,0.9273985106693298,0.9273983599345778,0.9273982974581864,0.9273983604967629,0.9273983405374766,0.9273982930688068,0.9273984052105294,0.9350538,0.9164945,0.96122384,0.30313017805064685,0.30318680532753395,0.3031873307896476,0.30314376810772253,0.30318731026159734,0.3031872475666696,0.30318732674603305,0.3031873034490349,0.30318730324055426,0.3031873266205546,0.30318731064252424,0.3031872866603526,0.3031873282487154,0.2933736,0.29140466,0.29445204
0.7548828125,0.2655737117053071,0.26112157612213727,0.2609156399610294,0.26577663168624216,0.2609018655467812,0.2608597969689753,0.26091292667741606,0.2608972942866973,0.2608971543952703,0.2609128424807769,0.26090212115043676,0.26088602900541735,0.26091393498406906,0.39859518,0.36496255,0.39904553,0.9274526200489499,0.9273998070662351,0.9274013303144045,0.9275069596741727,0.9274012831070662,0.9274011388997919,0.927401321015899,0.9274012674394528,0.9274012669599777,0.9274013207273513,0.9274012839831103,0.9274012288262952,0.9274013244714192,0.93581927,0.9187416,0.9651936,0.30313017805064685,0.30318680532753395,0.3031862798651783,0.30314394401569955,0.3031862948246777,0.30318628281189997,0.30318634051263427,0.3031862997892272,0.3031862829033405,0.3031862999411542,0.3031862945470831,0.3031862817168434,0.30318631202371943,0.29289398,0.2903202,0.29523295
0.7568359375,0.2655737117053071,0.26112157612213727,0.26050376763881355,0.26579333746131906,0.26050390130301987,0.260503793967984,0.2605043095282236,0.2605039456616285,0.2605037947850116,0.2605039470191074,0.26050389882269226,0.2605037841835746,0.26050405497770207,0.3911042,0.36038417,0.39425257,0.9274526200489499,0.9273998070662351,0.927404384035788,0.9275062350937121,0.9274042336369482,0.9274037743032867,0.9274043544102178,0.9274041837247174,0.9274041821972847,0.9274043534908989,0.9274042364278091,0.9274040607225303,0.9274043654196299,0.93668354,0.9211751,0.96902204,0.30313017805064685,0.30318680532753395,0.3031852289397389,0.3031435362633851,0.3031852793868522,0.30318523887680965,0.3031854334578763,0.30318529612853456,0.3031852391851695,0.30318529664086985,0.30318527845073495,0.30318523518400936,0.3031853373862518,0.2926392,0.28938007,0.29595548
0.7587890625,0.2655737117053071,0.2602978314777057,0.2602978314777057,0.26579229934270365,0.2602978314777057,0.2602978314777057,0.2602978314777057,0.2602978314777057,0.2602978314777057,0.2602978314777057,0.2602978314777057,0.2602978314777057,0.2602978314777057,0.38415992,0.35693562,0.39086923,0.9274526200489499,0.927405914520434,0.927405914520434,0.9275017067119579,0.927405914520434,0.927405914520434,0.927405914520434,0.927405914520434,0.927405914520434,0.927405914520434,0.927405914520434,0.927405914520434,0.927405914520434,0.93761694,0.92377746,0.9725752,0.30313017805064685,0.30318470347665394,0.30318470347665394,0.303142075491946,0.30318470347665394,0.30318470347665394,0.30318470347665394,0.30318470347665394,0.30318470347665394,0.30318470347665394,0.30318470347665394,0.30318470347665394,0.30318470347665394,0.2926387,0.28866327,0.2966296
0.7607421875,0.2655737117053071,0.2602978314777057,0.2602978314777057,0.2657855211941661,0.2602978314777057,0.2602978314777057,0.2602978314777057,0.2602978314777057,0.2602978314777057,0.2602978314777057,0.2602978314777057,0.2602978314777057,0.2602978314777057,0.3778269,0.3545721,0.3887212,0.9274526200489499,0.927405914520434,0.927405914520434,0.927491991318307,0.927405914520434,0.927405914520434,0.927405914520434,0.927405914520434,0.927405914520434,0.927405914520434,0.927405914520434,0.927405914520434,0.927405914520434,0.93858624,0.9265127,0.9757409,0.30313017805064685,0.30318470347665394,0.30318470347665394,0.30313918070927953,0.30318470347665394,0.30318470347665394,0.30318470347665394,0.30318470347665394,0.30318470347665394,0.30318470347665394,0.30318470347665394,0.30318470347665394,0.30318470347665394,0.292891,0.28823718,0.29726067
0.7626953125,0.2655737117053071,0.2602978314777057,0.2602978314777057,0.2657705619016513,0.2602978314777057,0.2602978314777057,0.2602978314777057,0.2602978314777057,0.2602978314777057,0.2602978314777057,0.2602978314777057,0.2602978314777057,0.2602978314777057,0.37216297,0.35320374,0.3875561,0.9274526200489499,0.927405914520434,0.927405914520434,0.9274781420477454,0.927405914520434,0.927405914520434,0.927405914520434,0.927405914520434,0.927405914520434,0.927405914520434,0.927405914520434,0.927405914520434,0.927405914520434,0.9395549,0.9293277,0.9784341,0.30313017805064685,0.30318470347665394,0.30318470347665394,0.30313507327859646,0.30318470347665394,0.30318470347665394,0.30318470347665394,0.30318470347665394,0.30318470347665394,0.30318470347665394,0.30318470347665394,0.30318470347665394,0.30318470347665394,0.29336053,0.28815088,0.2978502
0.7646484375,0.2655737117053071,0.2602978314777057,0.2602978314777057,0.2657491856479979,0.2602978314777057,0.2602978314777057,0.2602978314777057,0.2602978314777057,0.2602978314777057,0.2602978314777057,0.2602978314777057,0.2602978314777057,0.2602978314777057,0.36722383,0.35270905,0.38706878,0.9274526200489499,0.927405914520434,0.927405914520434,0.9274624829079751,0.927405914520434,0.927405914520434,0.927405914520434,0.927405914520434,0.927405914520434,0.927405914520434,0.927405914520434,0.927405914520434,0.927405914520434,0.9404849,0.93215394,0.9805949,0.30313017805064685,0.30318470347665394,0.30318470347665394,0.3031302904963118,0.30318470347665394,0.30318470347665394,0.30318470347665394,0.30318470347665394,0.30318470347665394,0.30318470347665394,0.30318470347665394,0.30318470347665394,0.30318470347665394,0.2939804,0.2884298,0.2983979
0.7666015625,0.2655737117053071,0.26050745069268794,0.26035023628145126,0.2657227444621933,0.26037291449773237,0.26036528919436314,0.26043299998303465,0.26043304798919037,0.26038705787926897,0.26046645967159854,0.2603650098663643,0.26036448685078756,0.26039412204408197,0.36306095,0.35294396,0.38692823,0.9274526200489499,0.9274139361784888,0.927407921145932,0.9274488441715275,0.9274087892641416,0.9274084973857191,0.9274110885952176,0.9274110904318769,0.9274093305937878,0.927412368559431,0.9274084866933848,0.9274084666729268,0.9274096009485387,0.9413346,0.9349078,0.9821881,0.30313017805064685,0.3031827474711231,0.3031842144758997,0.30312581123581506,0.30318400286034386,0.3031834421887364,0.3031840740137798,0.30318344174077955,0.3031831299683787,0.303183870885218,0.30318407662025254,0.30318380496787006,0.30318408150062925,0.29465914,0.28907114,0.29890245
0.7685546875,0.2655737117053071,0.26050745069268794,0.26045504588894236,0.26569318674138265,0.2604626052943694,0.26046006352657963,0.2604826337894702,0.2604826497915221,0.26046731975488163,0.26049378701899145,0.26045997041724667,0.2604597960787211,0.26046967447648595,0.3597148,0.35374612,0.386807,0.9274526200489499,0.9274139361784888,0.9274119319744721,0.9274433109025799,0.9274122211311563,0.9274121239072419,0.9274129871649298,0.9274129877769163,0.9274124014566519,0.9274134136936204,0.9274121203457264,0.9274121136771144,0.927412491521001,0.94205856,0.9374913,0.9831983,0.30313017805064685,0.3031827474711231,0.303183236473134,0.30312368145820506,0.30318316593450323,0.3031829790437547,0.30318318965235097,0.3031829788944357,0.3031828749702367,0.3031831219427336,0.3031831905211766,0.3031830999702563,0.30318319214797135,0.29529408,0.29004356,0.2993628
0.7705078125,0.2655737117053071,0.26050745069268794,0.2605598554964335,0.26566150353836726,0.2605522960910065,0.2605322675959057,0.26055483785879624,0.2605322515938538,0.2605211143663844,0.26054758163049424,0.2605549309681292,0.2605452269088899,0.26055510530665477,0.3572064,0.35493636,0.38640785,0.9274526200489499,0.9274139361784888,0.9274159395763188,0.9274441206960615,0.9274156506354446,0.9274148850112518,0.9274157477905393,0.9274148843994984,0.927414458608551,0.9274154704275533,0.9274157513494617,0.9274153804170573,0.9274157580132049,0.94260645,0.9397955,0.9836267,0.30313017805064685,0.3031827474711231,0.30318225846869384,0.3031234718133433,0.3031823290074366,0.30318230528955314,0.3031825158983977,0.30318251604771684,0.3031823729992673,0.3031826199719811,0.3031823044207262,0.3031823027939289,0.3031823949717726,0.29578683,0.29128903,0.29977757
0.7724609375,0.2655737117053071,0.26050745069268794,0.2606646651039246,0.2656286495924029,0.2606419868876435,0.2605819014023412,0.26064961219101274,0.2605818533961855,0.26054844171377733,0.2606278435061069,0.2606498915190116,0.2606207793412939,0.2606504145345883,0.35631943,0.35552824,0.38548893,0.9274526200489499,0.9274139361784888,0.9274199439553646,0.9274452350338344,0.9274190777794459,0.927416782134597,0.9274193690384898,0.9274167803000355,0.9274155033042922,0.9274185375082391,0.9274193797074869,0.9274182676381657,0.9274193996841252,0.94292545,0.94170284,0.9834881,0.30313017805064685,0.3031827474711231,0.3031812804625809,0.3031241449206087,0.30318149207914485,0.3031814209253874,0.3031820527526654,0.3031820532006233,0.30318162405481996,0.30318236497361156,0.30318141831890255,0.30318141343850313,0.3031816899724195,0.29606086,0.2927299,0.30014428
0.7744140625,0.2655737117053071,0.2613372057850112,0.2609369481340499,0.265596529166558,0.260866810647213,0.2607591220709192,0.2608929736233615,0.26093310113870405,0.2609292362216529,0.2609347010200145,0.2608997574690609,0.2607624218839622,0.26090931536938156,0.35768673,0.35463926,0.383882,0.9274526200489499,0.927423375295275,0.9274198591466922,0.9274475668041092,0.9274192316982076,0.9274182676614834,0.9274194657910935,0.9274198247402957,0.9274197901725912,0.9274198390492876,0.9274195264817988,0.9274182972134984,0.9274196119848312,0.94309556,0.9429673,0.98281014,0.30313017805064685,0.30318047751416666,0.303181401164806,0.3031266396530569,0.30318159985415216,0.30318152573823326,0.30318190492021835,0.3031814120627879,0.3031814075305554,0.3031814230115394,0.3031815065205808,0.30318147944443274,0.3031818955723296,0.29607704,0.2942777,0.30045876
0.7763671875,0.2655737117053071,0.2613372057850112,0.26120378656802407,0.26556706937668717,0.26110439374226035,0.2609517867358929,0.2611414696662357,0.2611983349364449,0.26119285790776336,0.26120060215090474,0.26115108315003754,0.2609564629476824,0.2611646277859246,0.3588241,0.35446426,0.38150463,0.9274526200489499,0.927423375295275,0.9274222044430802,0.927451148457032,0.9274213212293813,0.9274199638400691,0.9274216507680372,0.9274221560168086,0.9274221073629016,0.9274221761564824,0.9274217361994387,0.9274200054570191,0.9274218565548313,0.9438664,0.942696,0.9816344,0.30313017805064685,0.30318047751416666,0.30318078539785653,0.3031312607037392,0.30318105159814746,0.30318095229902076,0.303181460319938,0.3031807999987708,0.3031807939265696,0.3031808146677049,0.3031809265515676,0.3031808902754478,0.303181447795813,0.29584348,0.2958427,0.30071473
0.7783203125,0.2655737117053071,0.2613372057850112,0.2614706250019983,0.2655407630226243,0.26139127705318155,0.2612694468019811,0.26142087575404677,0.2614662728188282,0.26146190036047273,0.26146808279671685,0.26142855045506064,0.261273179946812,0.2614393634998337,0.35952836,0.3548979,0.3783637,0.9274526200489499,0.927423375295275,0.9274245449525808,0.9274540879274218,0.9274238436922634,0.9274227661533113,0.9274241053290754,0.9274245064999428,0.9274244678668794,0.9274245224917101,0.9274241731596882,0.9274227991863814,0.9274242687208814,0.9439348,0.9420979,0.9800168,0.30313017805064685,0.30318047751416666,0.3031801696303337,0.3031368128382579,0.30318037364667116,0.30318029754365705,0.30318068689174016,0.30318018082049786,0.3031801761667531,0.3031801920627927,0.30318027781076684,0.30318025000868953,0.3031806772932293,0.29734793,0.29541156,0.30090374
0.7802734375,0.2655737117053071,0.2613372057850112,0.2617374634359725,0.2655203965396904,0.26198634169738977,0.2618935040964008,0.2623684675312514,0.2617511142460676,0.2617454371724087,0.2617648286501557,0.26186943206588564,0.26183551648490494,0.2623567583615881,0.35963142,0.35581493,0.37455103,0.9274526200489499,0.927423375295275,0.9274268806898345,0.9274549686065816,0.9274290810037665,0.9274282607225695,0.92743245122441,0.9274270014840731,0.9274269512499189,0.9274271228283599,0.9274280479354103,0.9274277480687911,0.9274323480992991,0.94326234,0.9411911,0.9780288,0.30313017805064685,0.30318047751416666,0.30317955386223894,0.303141617089661,0.30317888495486256,0.3031778579184605,0.30317913447352485,0.30317951717311936,0.3031794803130774,0.30317953243132273,0.3031791991716614,0.30317788938911544,0.30317929032619423,0.29872832,0.29487282,0.30101568
0.7822265625,0.2655737117053071,0.26264215816448166,0.26214136648603104,0.26551399419098787,0.2611586874202022,0.26108734668870787,0.2614439084051266,0.26210212662170496,0.2621015538042185,0.26212842426353317,0.26162029723223895,0.2611069055104773,0.26170309679947923,0.35903066,0.3570838,0.37023064,0.9274526200489499,0.9274326439374255,0.9274297673650213,0.9274558121584304,0.9274235273578598,0.9274230725157387,0.9274253433413286,0.9274295190889793,0.9274295154641333,0.9274296854860069,0.9274264644159735,0.9274231972402832,0.9274269901440733,0.941869,0.94002795,0.9757565,0.30313017805064685,0.30317782133106863,0.30317885908612113,0.30314487521258093,0.3031815084502386,0.3031807394770749,0.303181700789146,0.3031789648793234,0.3031788939791875,0.30317896642367614,0.3031802639218712,0.3031800406890639,0.30318164805738707,0.2999418,0.29433176,0.30104002
0.7841796875,0.2655737117053071,0.26264215816448166,0.26247522760499814,0.26551431112062196,0.2612919013381007,0.26120599398094574,0.2616353598435963,0.2624279755938572,0.26242728581628744,0.2624596427896029,0.26184776442161917,0.2612295463983668,0.2619474703237903,0.35858333,0.35771325,0.36562067,0.9274526200489499,0.9274326439374255,0.927431686299597,0.927454508597846,0.9274242996807819,0.9274237608198174,0.9274264505170033,0.9274313926176169,0.9274313883297095,0.9274315894481171,0.9274277778320497,0.9274239085895569,0.9274284001513089,0.93984115,0.9386966,0.9732994,0.30313017805064685,0.30317782133106863,0.30317816724951596,0.30314620484533605,0.3031812324010783,0.3031803427464608,0.30318145492534176,0.30317828964577237,0.3031782076186571,0.303178291432494,0.3031797925583197,0.3031795342916713,0.3031813939179467,0.30096573,0.29388836,0.3009675
0.7861328125,0.2655737117053071,0.26264215816448166,0.2628090887239652,0.26551445855515055,0.26377863524417416,0.2634972259590473,0.26384902257649323,0.2628478041858426,0.26282185798630414,0.262848369348183,0.2633231943962743,0.26324150136435354,0.2638297251392674,0.360216,0.35576957,0.36096996,0.9274526200489499,0.9274326439374255,0.9274336003587128,0.9274526566154175,0.927439596295447,0.9274378605295732,0.9274400298739947,0.927433840633443,0.9274336796147465,0.9274338441404122,0.927436785225614,0.9274362799714193,0.9274399110268343,0.93733,0.9373133,0.97076833,0.30313017805064685,0.30317782133106863,0.3031774754125251,0.3031455529638356,0.3031749553501829,0.3031747723980455,0.30317568679452855,0.30317737478268936,0.30317737331371053,0.30317744222245885,0.30317613914050456,0.30317482255632555,0.30317635147846417,0.30079207,0.29361787,0.30179337
0.7880859375,0.2655737117053071,0.26264215816448166,0.2631429498429323,0.26551518289272547,0.2643394086554496,0.2639921384501564,0.2644262694117798,0.2631907262565219,0.2631587076184865,0.2631914236892377,0.2637773766077942,0.26367656417030355,0.26440245560981507,0.35653394,0.35338482,0.36191815,0.9274526200489499,0.9274326439374255,0.9274355095609251,0.927450727396817,0.927442961268239,0.9274408053796976,0.927443499623279,0.9274358084175675,0.9274356081428095,0.9274358127794272,0.927439469275677,0.9274388413377307,0.9274433520627023,0.9360138,0.93453896,0.9682828,0.30313017805064685,0.30317782133106863,0.3031767835751501,0.30314356993160935,0.3031735891066175,0.30317335719372407,0.30317451629646536,0.30317665601529303,0.3031766541531938,0.303176741502935,0.30317508969698015,0.3031734207751182,0.30317535885973707,0.30051285,0.29355943,0.30242983
0.7900390625,0.2655737117053071,0.2640080947367478,0.2635406967126898,0.265517397626033,0.2631255528626697,0.262944969273141,0.26333295740574164,0.263470093211815,0.26302624752568615,0.2635247734765549,0.2631663526691556,0.26313325644147517,0.2634305421674076,0.35255155,0.35081264,0.36366087,0.9274526200489499,0.9274387023057182,0.9274368456212712,0.9274499840630176,0.9274343580774199,0.9274332735682169,0.9274356018267935,0.9274364231180023,0.9274337618755597,0.9274367503537094,0.9274346028978001,0.9274344043087743,0.9274361863389066,0.9349381,0.93170094,0.96596694,0.30313017805064685,0.3031749428207917,0.3031762315144009,0.3031409297693115,0.30317776626535414,0.30317699950875554,0.3031784338670821,0.30317649252949086,0.30317629038124144,0.30317813338851024,0.30317761543202276,0.3031766387463031,0.3031777377858947,0.30013496,0.29371172,0.30288678
0.7919921875,0.2655737117053071,0.2640080947367478,0.2638522953953951,0.26552074065151743,0.2637279861464317,0.26367391281645625,0.26379009065064063,0.26383115412552566,0.2636982504973118,0.2638475273962428,0.26374020310039087,0.26373029287961736,0.2638193110965954,0.34922746,0.3483357,0.36544168,0.9274526200489499,0.9274387023057182,0.9274380841417919,0.9274513899338057,0.9274373366398942,0.9274370112637675,0.9274377101775213,0.9274379570638804,0.9274371577277138,0.9274380554836376,0.9274374101346472,0.9274373505172613,0.9274378858678003,0.9342185,0.9290496,0.96394277,0.30313017805064685,0.3031749428207917,0.3031753723853685,0.30313770611853696,0.3031758342585118,0.3031756035081702,0.30317603516887687,0.30317545093612286,0.30317539010095207,0.3031759447418165,0.3031757888662127,0.30317549493910123,0.30317582568780566,0.29966846,0.29403841,0.30317935
0.7939453125,0.2655737117053071,0.2640080947367478,0.2641638940781005,0.2655252032222827,0.2644629463980353,0.26431354081303704,0.2645930312864134,0.26421475389628424,0.2641753645134852,0.2645344818222151,0.2644335559186102,0.26424324481957584,0.2644573970610682,0.34672004,0.34622198,0.36726904,0.9274526200489499,0.9274387023057182,0.9274393197404797,0.927455242032201,0.9274410437211322,0.9274401829135387,0.927441792419897,0.9274396132132298,0.9274393859373765,0.9274414555317468,0.9274408744632996,0.9274397775629869,0.9274410117657477,0.9339622,0.9267893,0.96232104,0.30313017805064685,0.3031749428207917,0.3031745132561746,0.30313469753436584,0.3031734340874039,0.30317296465925025,0.30317397323671824,0.3031743297219996,0.3031731759425758,0.30317447186363866,0.30317354014674397,0.3031734541129031,0.3031742269088458,0.2991261,0.29447803,0.30332413
0.7958984375,0.2655737117053071,0.2640080947367478,0.2644754927608058,0.26553083246237913,0.2647158935398545,0.2645957900775719,0.2648204655709806,0.2645163777133663,0.26448471356070835,0.2647733991017781,0.2646922672588346,0.26453928086341244,0.2647114325648305,0.34513617,0.34468699,0.36914328,0.9274526200489499,0.9274387023057182,0.927440552427662,0.9274595300268406,0.9274420418262106,0.9274412980657485,0.9274426888563173,0.9274408059206813,0.9274406096048897,0.9274423976999904,0.9274418955699041,0.9274409478895072,0.9274420142129568,0.93423986,0.92507005,0.9611908,0.30313017805064685,0.3031749428207917,0.3031736541268198,0.30313264930756056,0.30317273666992506,0.3031723375849099,0.30317319502849216,0.30317349809497257,0.3031725172077302,0.3031736189368947,0.3031728268364254,0.303172753694632,0.30317341068822,0.29852027,0.2949592,0.30333987
0.7978515625,0.2655737117053071,0.2651349476261243,0.26480745521051846,0.2655370849611392,0.26419972336787656,0.26385683095688406,0.26421203545960326,0.26478652535021174,0.26375075308739315,0.26479783367202825,0.26422308431164165,0.2642101006094668,0.2644852031256183,0.3445294,0.3438682,0.3710394,0.9274526200489499,0.9274425436726161,0.9274407475639763,0.9274660290483018,0.9274372636329065,0.9274352908590652,0.9274373343732257,0.9274406278457238,0.9274346795189897,0.9274406925313785,0.9274373978498659,0.9274373232567931,0.9274389021904923,0.9350774,0.9239733,0.9606085,0.30313017805064685,0.3031709482986631,0.30317283652838345,0.30313241647155503,0.3031767329999742,0.30317665406103356,0.3031789314534683,0.3031729707201656,0.30317289821686977,0.3031796115712743,0.30317658322135,0.30317490264719277,0.3031766664663197,0.2978611,0.29541537,0.3032474
0.7998046875,0.2655737117053071,0.2651349476261243,0.265025783487589,0.26554412423329415,0.2653088089449088,0.26530307510780005,0.26546849661408006,0.26503553068671415,0.2650302643130785,0.2655178979049416,0.265297929571263,0.2651758587959761,0.2653039761825937,0.34490082,0.3438143,0.3728956,0.9274526200489499,0.9274425436726161,0.9274419454629478,0.927470678718246,0.9274435415638344,0.9274435092620859,0.9274444406086825,0.927442000488226,0.9274419707587855,0.9274447185199409,0.927443480273358,0.9274427922257439,0.927443514338411,0.93645203,0.92350805,0.9605893,0.30313017805064685,0.3031709482986631,0.30317157770860786,0.30313336641326205,0.30316981504253765,0.3031688205169121,0.303169850752544,0.30317151700362366,0.3031685128484946,0.30317154980228966,0.3031698827986483,0.3031698451407023,0.3031706430483584,0.29715618,0.29579735,0.3030715
0.8017578125,0.2655737117053071,0.2651349476261243,0.26524411176465956,0.26555125790063755,0.2654466890455402,0.26544258501496465,0.265560986515871,0.2652510883847618,0.2652473189441563,0.26559634580570135,0.26543890206428516,0.26535152912629295,0.2654432299650101,0.34619674,0.34449044,0.37461066,0.9274526200489499,0.9274425436726161,0.9274431413898849,0.9274752269665079,0.9274442954179924,0.9274442720559187,0.9274449457629034,0.927443181163115,0.9274431596740539,0.9274451468415151,0.927444251090215,0.9274437535370581,0.9274442757273259,0.93829477,0.92362034,0.96109986,0.30313017805064685,0.3031709482986631,0.30317031888868035,0.3031351765530093,0.30316902006423874,0.30316828724582956,0.3031690463772363,0.3031702741580759,0.3031680605396786,0.30317029832584685,0.3031690699904796,0.30316904224213825,0.303169630182175,0.29641184,0.2960792,0.3028416
0.8037109375,0.2655737117053071,0.2651349476261243,0.2654624400417301,0.26555804706989633,0.26558456914617157,0.2655820949221292,0.26565347641766196,0.2654666460828094,0.265464373575234,0.265674793706461,0.2655798745573073,0.2655271994566098,0.2655824837474265,0.34830576,0.34579352,0.37604937,0.9274526200489499,0.9274425436726161,0.9274443353496538,0.9274795414217641,0.9274450484894131,0.9274450340483625,0.9274454505653752,0.9274443599205989,0.92744434664511,0.9274455749101417,0.927445021088757,0.927444713576383,0.9274450363177973,0.9404986,0.9242089,0.96205735,0.30313017805064685,0.3031709482986631,0.30316906006860145,0.30313698732443045,0.3031682250858796,0.30316775397471996,0.3031682420018669,0.3031690313123805,0.3031676082308432,0.3031690468492544,0.3031682571822478,0.3031682393435127,0.30316861731589373,0.2962561,0.29563662,0.3025903
0.8056640625,0.2655737117053071,0.26575472095331215,0.26572251626776544,0.2655637824524363,0.26574079810644824,0.26574068515952926,0.2657409211558104,0.26572489867502386,0.2657216480950573,0.26572990299558275,0.2657340815571145,0.2657321503906473,0.26574045886118425,0.3510527,0.34757283,0.3770542,0.9274526200489499,0.9274482726538951,0.9274465251780396,0.9274809239699172,0.9274480741321994,0.9274480658361343,0.9274480831702913,0.9274469062335269,0.9274465343732987,0.9274472738428339,0.9274475042165929,0.9274473421440008,0.9274480453911141,0.9429308,0.92514706,0.9633328,0.30313017805064685,0.30316487226040656,0.3031700808926363,0.3031375142019162,0.30316533524739,0.3031653077602072,0.3031653604778547,0.30316888691608834,0.30316776903407333,0.30317004044752593,0.3031670815450198,0.30316542330952334,0.3031675778750566,0.29633594,0.29484367,0.30235282
0.8076171875,0.2655737117053071,0.26575472095331215,0.26574398605812993,0.26556827072920963,0.2657580045321385,0.2657579360371371,0.2657580791536183,0.2657483625552911,0.2657444978756411,0.2657513973520508,0.26575284189722814,0.265751383086727,0.2657577443996103,0.35419494,0.34964746,0.37746197,0.9274526200489499,0.9274482726538951,0.9274476902090033,0.9274807728818479,0.92744826518035,0.9274482621867276,0.9274482684417328,0.9274478437557576,0.9274476992116114,0.9274479764017702,0.9274480535668571,0.9274479935098118,0.9274482545114993,0.9454452,0.9263015,0.9647645,0.30313017805064685,0.30316487226040656,0.3031666084711859,0.30313728045193206,0.30316493746598844,0.3031649279256543,0.3031649462230541,0.3031661701898672,0.3031657821920041,0.30316658597867063,0.30316555244763316,0.30316496847384355,0.3031657270578949,0.29632786,0.29405314,0.30216333
0.8095703125,0.2655737117053071,0.26575472095331215,0.26576545584849437,0.2655717841700449,0.2657593619022668,0.2657593208858127,0.2657593995512398,0.2657646617127416,0.2657629936058886,0.2657657452393971,0.2657616007520447,0.26575947498402147,0.26576224447420044,0.3574239,0.35181627,0.3771196,0.9274526200489499,0.9274482726538951,0.927448855051734,0.9274782495289406,0.9274483388231711,0.9274483358107234,0.927448341588294,0.9274487280592043,0.9274486055494608,0.9274488519846191,0.927448528773139,0.9274483484027347,0.9274485827887371,0.94789386,0.92754996,0.96617544,0.30313017805064685,0.30316487226040656,0.3031631360495912,0.30313653180223465,0.3031647179314112,0.3031647095212562,0.30316472709380554,0.3031635340418019,0.3031631495312954,0.3031639066691607,0.3031641358321882,0.30316397038883613,0.30316468857736645,0.29623225,0.2932925,0.3020523
0.8115234375,0.2655737117053071,0.26575472095331215,0.26578692563885886,0.26557398939022525,0.2657607192723951,0.2657605626180072,0.26576086306534247,0.26578096087019204,0.26577458985972646,0.2657869926031532,0.2657703596068613,0.2657612055684326,0.2657731058616739,0.36037797,0.35386157,0.3758993,0.9274526200489499,0.9274482726538951,0.9274500197062766,0.9274724631364538,0.9274484124652402,0.9274484031790843,0.9274484209889858,0.9274496122541903,0.9274492346422495,0.9274500045733183,0.9274490039480984,0.9274484422927476,0.9274491720194978,0.95013773,0.92878735,0.9673964,0.30313017805064685,0.30316487226040656,0.3031596636278524,0.30313502579651397,0.3031644983968334,0.30316447281945763,0.3031645262619563,0.30316089789365347,0.303159713083779,0.3031620311462754,0.3031627192167193,0.30316221371974045,0.30316440868088845,0.2960378,0.2925946,0.30204266
0.8134765625,0.2655737117053071,0.2657976605340411,0.2657976605340411,0.2655749756774857,0.2657971656518801,0.2657968266865453,0.2657973942920286,0.2657968708996895,0.26579681124053023,0.26579730132177953,0.26579717483511556,0.2657971365597828,0.26579751935821716,0.3626668,0.35555127,0.3737093,0.9274526200489499,0.9274506019629919,0.9274497738982086,0.9274652382466737,0.9274500744173045,0.9274498352748868,0.9274504693151948,0.9274504178063975,0.9274499163608432,0.9274504873099757,0.9274500688407393,0.9274498064434066,0.9274502108847997,0.95205355,0.92993057,0.96828675,0.30313017805064685,0.3031579274169288,0.30315800906878354,0.303133110410123,0.30315798872259075,0.3031579561443811,0.3031580080128212,0.3031579603937402,0.30315795465985285,0.30315800176192065,0.3031579891001431,0.30315797581207937,0.3031580085088556,0.29572588,0.29199433,0.30214846
0.8154296875,0.2655737117053071,0.2657976605340411,0.2657976605340411,0.2655751344676038,0.26579782549476144,0.2657977492813786,0.2657979384832064,0.2657979237454916,0.26579778027146156,0.26579794363187803,0.26579782243368294,0.2657977075926491,0.2657978351921272,0.3639093,0.35664353,0.37050107,0.9274526200489499,0.9274506019629919,0.9274503259413974,0.9274599430779227,0.9274504251723885,0.9274503458935872,0.9274505561592258,0.9274505390738865,0.927450372745253,0.9274505621280479,0.9274504233310189,0.9274503365211224,0.9274504706060552,0.95354044,0.9309118,0.96875155,0.30313017805064685,0.3031579274169288,0.3031579546342218,0.30313147631057363,0.3031579417539049,0.3031579267175556,0.30315795100143245,0.30315792867883085,0.3031579260323773,0.30315794777215993,0.30315794199291735,0.30315793709190864,0.3031579527079217,0.29528078,0.29152337,0.302373
0.8173828125,0.2655737117053071,0.2657976605340411,0.2657976605340411,0.26557481634492974,0.26579782549476144,0.2657977492813786,0.2657979384832064,0.2657979237454916,0.26579778027146156,0.26579794363187803,0.26579782243368294,0.2657977075926491,0.2657978351921272,0.36377898,0.35689807,0.36627322,0.9274526200489499,0.9274506019629919,0.9274508779845863,0.9274595600850442,0.9274507778111175,0.9274506461787392,0.9274508575253521,0.9274506633482801,0.9274506401805012,0.9274508304966297,0.9274507796699762,0.9274507323220464,0.927450867135999,0.95452464,0.9316747,0.9687495,0.30313017805064685,0.3031579274169288,0.30315790019962774,0.3031309010431901,0.30315790698170164,0.3031579005516175,0.303157917841111,0.3031579164246576,0.3031579026352538,0.30315791833595385,0.30315790685585076,0.30315790038627166,0.30315791128520836,0.2947013,0.29120585,0.30271062
0.8193359375,0.2655737117053071,0.2657976605340411,0.2657976605340411,0.2655736916314345,0.26579782549476144,0.2657977492813786,0.2657979384832064,0.2657979237454916,0.26579778027146156,0.26579794363187803,0.26579782243368294,0.2657977075926491,0.2657978351921272,0.36107174,0.35609403,0.3620472,0.9274526200489499,0.9274506019629919,0.9274514300277751,0.9274620242508461,0.9274511304498467,0.9274507361982525,0.9274513691571169,0.9274507876226737,0.9274507182329543,0.9274512882480065,0.9274511360089337,0.9274509940380377,0.9274513977508756,0.9549662,0.9321692,0.96829367,0.30313017805064685,0.3031579274169288,0.30315784576500127,0.30313066947792744,0.30315787220948515,0.3031578501017747,0.3031579089646655,0.3031579041704827,0.30315785749832536,0.3031579106395298,0.3031578717187706,0.3031578480645917,0.30315788547850087,0.2940101,0.29105482,0.30314824
0.8212890625,0.2655737117053071,0.26579757078594146,0.26579757078594146,0.2655724617117913,0.26579757078594146,0.26579757078594146,0.26579757078594146,0.26579757078594146,0.26579757078594146,0.26579757078594146,0.26579757078594146,0.26579757078594146,0.26579757078594146,0.35498783,0.35405004,0.3586168,0.9274526200489499,0.927452019208846,0.927452019208846,0.9274677465349448,0.927452019208846,0.927452019208846,0.927452019208846,0.927452019208846,0.927452019208846,0.927452019208846,0.927452019208846,0.927452019208846,0.927452019208846,0.95486546,0.9323509,0.96744704,0.30313017805064685,0.30315481743470685,0.30315481743470685,0.3031315074805938,0.30315481743470685,0.30315481743470685,0.30315481743470685,0.30315481743470685,0.30315481743470685,0.30315481743470685,0.30315481743470685,0.30315481743470685,0.30315481743470685,0.29325643,0.2910714,0.30366936
0.8232421875,0.2655737117053071,0.26579757078594146,0.26579757078594146,0.2655719380410249,0.26579757078594146,0.26579757078594146,0.26579757078594146,0.26579757078594146,0.26579757078594146,0.26579757078594146,0.26579757078594146,0.26579757078594146,0.26579757078594146,0.35064632,0.34815443,0.35353598,0.9274526200489499,0.927452019208846,0.927452019208846,0.9274783800281889,0.927452019208846,0.927452019208846,0.927452019208846,0.927452019208846,0.927452019208846,0.927452019208846,0.927452019208846,0.927452019208846,0.927452019208846,0.9542686,0.9321871,0.9663149,0.30313017805064685,0.30315481743470685,0.30315481743470685,0.3031342175484937,0.30315481743470685,0.30315481743470685,0.30315481743470685,0.30315481743470685,0.30315481743470685,0.30315481743470685,0.30315481743470685,0.30315481743470685,0.30315481743470685,0.2925127,0.29124627,0.30425665
0.8251953125,0.2655737117053071,0.26579757078594146,0.26579757078594146,0.26557234912641176,0.26579757078594146,0.26579757078594146,0.26579757078594146,0.26579757078594146,0.26579757078594146,0.26579757078594146,0.26579757078594146,0.26579757078594146,0.26579757078594146,0.34584385,0.3407404,0.346989,0.9274526200489499,0.927452019208846,0.927452019208846,0.9274929775236229,0.927452019208846,0.927452019208846,0.927452019208846,0.927452019208846,0.927452019208846,0.927452019208846,0.927452019208846,0.927452019208846,0.927452019208846,0.9532703,0.93166804,0.965032,0.30313017805064685,0.30315481743470685,0.30315481743470685,0.30313863180393774,0.30315481743470685,0.30315481743470685,0.30315481743470685,0.30315481743470685,0.30315481743470685,0.30315481743470685,0.30315481743470685,0.30315481743470685,0.30315481743470685,0.2918662,0.2915629,0.30489504
0.8271484375,0.2655737117053071,0.26579757078594146,0.26579757078594146,0.26557392312004025,0.26579757078594146,0.26579757078594146,0.26579757078594146,0.26579757078594146,0.26579757078594146,0.26579757078594146,0.26579757078594146,0.26579757078594146,0.26579757078594146,0.33926827,0.3329429,0.33969662,0.9274526200489499,0.927452019208846,0.927452019208846,0.9275097651643261,0.927452019208846,0.927452019208846,0.927452019208846,0.927452019208846,0.927452019208846,0.927452019208846,0.927452019208846,0.927452019208846,0.927452019208846,0.9520129,0.9308189,0.9637531,0.30313017805064685,0.30315481743470685,0.30315481743470685,0.30314405399146993,0.30315481743470685,0.30315481743470685,0.30315481743470685,0.30315481743470685,0.30315481743470685,0.30315481743470685,0.30315481743470685,0.30315481743470685,0.30315481743470685,0.2920025,0.29140556,0.30557233
0.8291015625,0.2655737117053071,0.26580019190835413,0.26580019190835413,0.26557634349424547,0.26580019190835413,0.26580019190835413,0.26580019190835413,0.26580019190835413,0.26580019190835413,0.26580019190835413,0.26580019190835413,0.26580019190835413,0.26580019190835413,0.3307333,0.3249781,0.33235508,0.9274526200489499,0.9274406634730147,0.9274406634730147,0.9275256834602384,0.9274406634730147,0.9274406634730147,0.9274406634730147,0.9274406634730147,0.9274406634730147,0.9274406634730147,0.9274406634730147,0.9274406634730147,0.9274406634730147,0.95067585,0.9297092,0.9626361,0.30313017805064685,0.30315865196206454,0.30315865196206454,0.30314934904415547,0.30315865196206454,0.30315865196206454,0.30315865196206454,0.30315865196206454,0.30315865196206454,0.30315865196206454,0.30315865196206454,0.30315865196206454,0.30315865196206454,0.29254693,0.2912082,0.30627742
0.8310546875,0.2655737117053071,0.26580019190835413,0.26580019190835413,0.26557845693991466,0.26580019190835413,0.26580019190835413,0.26580019190835413,0.26580019190835413,0.26580019190835413,0.26580019190835413,0.26580019190835413,0.26580019190835413,0.26580019190835413,0.32176772,0.3170703,0.3240558,0.9274526200489499,0.9274406634730147,0.9274406634730147,0.9275336430031199,0.9274406634730147,0.9274406634730147,0.9274406634730147,0.9274406634730147,0.9274406634730147,0.9274406634730147,0.9274406634730147,0.9274406634730147,0.9274406634730147,0.94946074,0.9284575,0.961833,0.30313017805064685,0.30315865196206454,0.30315865196206454,0.30315210379899854,0.30315865196206454,0.30315865196206454,0.30315865196206454,0.30315865196206454,0.30315865196206454,0.30315865196206454,0.30315865196206454,0.30315865196206454,0.30315865196206454,0.2931805,0.2913292,0.30699804
0.8330078125,0.2655737117053071,0.26580019190835413,0.26580019190835413,0.26558014544499264,0.26580019190835413,0.26580019190835413,0.26580019190835413,0.26580019190835413,0.26580019190835413,0.26580019190835413,0.26580019190835413,0.26580019190835413,0.26580019190835413,0.31274202,0.3094398,0.31510112,0.9274526200489499,0.9274406634730147,0.9274406634730147,0.9275331466967244,0.9274406634730147,0.9274406634730147,0.9274406634730147,0.9274406634730147,0.9274406634730147,0.9274406634730147,0.9274406634730147,0.9274406634730147,0.9274406634730147,0.9485712,0.92722595,0.9614761,0.30313017805064685,0.30315865196206454,0.30315865196206454,0.30315239031041497,0.30315865196206454,0.30315865196206454,0.30315865196206454,0.30315865196206454,0.30315865196206454,0.30315865196206454,0.30315865196206454,0.30315865196206454,0.30315865196206454,0.29388893,0.2917927,0.30771574
0.8349609375,0.2655737117053071,0.26580019190835413,0.26580019190835413,0.265582308687668,0.26580019190835413,0.26580019190835413,0.26580019190835413,0.26580019190835413,0.26580019190835413,0.26580019190835413,0.26580019190835413,0.26580019190835413,0.26580019190835413,0.30398706,0.3022917,0.30583274,0.9274526200489499,0.9274406634730147,0.9274406634730147,0.9275302823789032,0.9274406634730147,0.9274406634730147,0.9274406634730147,0.9274406634730147,0.9274406634730147,0.9274406634730147,0.9274406634730147,0.9274406634730147,0.9274406634730147,0.9481909,0.9262049,0.9616717,0.30313017805064685,0.30315865196206454,0.30315865196206454,0.3031519848043991,0.30315865196206454,0.30315865196206454,0.30315865196206454,0.30315865196206454,0.30315865196206454,0.30315865196206454,0.30315865196206454,0.30315865196206454,0.30315865196206454,0.2946572,0.29259008,0.30840397
0.8369140625,0.2655737117053071,0.26580724018406565,0.2658059738264148,0.26558400816807415,0.26580598029236413,0.2658058488809112,0.2658060767046258,0.2658060794897019,0.265805769605072,0.2658061471865771,0.26580598017237933,0.2658058953129841,0.26580602837797135,0.29580593,0.29577935,0.29660302,0.9274526200489499,0.9274380807183351,0.9274319002769001,0.9275224448120364,0.9274287396779024,0.9274284921294823,0.9274290770906427,0.927428484978515,0.9274283111599209,0.9274293374557696,0.9274300930936432,0.9274287983272667,0.9274301262394722,0.94846606,0.9255916,0.9624959,0.30313017805064685,0.3031676741093855,0.3031656349869737,0.3031496368599914,0.3031648950314615,0.3031648814785647,0.30316491350426594,0.30316488108705997,0.30316487157074806,0.30316493800372246,0.3031651816207574,0.3031649087623878,0.3031652354364725,0.2954657,0.29368126,0.30902663
0.8388671875,0.2655737117053071,0.26580724018406565,0.26580681806484874,0.2655840764103222,0.26580636732404284,0.2658062975803371,0.265806462385828,0.2658062955656397,0.26580624659436924,0.26580652779411945,0.26580654207598775,0.2658063756881733,0.2658065945627671,0.28833607,0.28775084,0.29013127,0.9274526200489499,0.9274380807183351,0.9274360205777333,0.9275079952368077,0.9274306285915949,0.9274295701170673,0.927432071308392,0.9274295395407391,0.9274287963214656,0.9274330378044168,0.9274326001999608,0.9274307286476581,0.9274335389315627,0.9494951,0.9255645,0.9639927,0.30313017805064685,0.3031676741093855,0.30316699440236616,0.3031445089783163,0.3031655182411204,0.3031652371391301,0.3031659013874324,0.3031652290188911,0.30316503164012276,0.3031661588611734,0.303166062607507,0.3031655456333995,0.3031663075723035,0.2962889,0.2950012,0.30954227
0.8408203125,0.2655737117053071,0.26580724018406565,0.26580766230328257,0.2655823539122479,0.26580768445892217,0.2658076577903663,0.26580772080859,0.26580765701998754,0.2658076382943828,0.26580774230434656,0.2658076840477931,0.2658076599102918,0.26580769906692964,0.2818167,0.2795814,0.28538334,0.9274526200489499,0.9274380807183351,0.9274401408523938,0.9274873356013816,0.9274414272605553,0.927441243382879,0.9274415621655914,0.9274415660626147,0.9274411093726064,0.9274416607876098,0.9274408945090321,0.9274408336621023,0.927441403389442,0.9513254,0.92625976,0.96617544,0.30313017805064685,0.3031676741093855,0.30316835381595353,0.3031368471048515,0.30316866646513874,0.3031686400714288,0.30316868582933343,0.30316868638871,0.30316861852256144,0.30316869998548013,0.30316853369358543,0.30316852986731807,0.30316866066349435,0.2970957,0.2964686,0.30991054
0.8427734375,0.2655737117053071,0.26580724018406565,0.2658085065417165,0.2655782787421366,0.2658089286609334,0.2658089286609334,0.2658089286609334,0.2658089286609334,0.2658089210327246,0.2658089286609334,0.26580877179358176,0.2658087303720117,0.26580892082791685,0.2763288,0.27235273,0.28164417,0.9274526200489499,0.9274380807183351,0.9274442611008807,0.9274611271476377,0.9274515271835325,0.9274499309457207,0.9274526982907244,0.9274527321206816,0.927448838104914,0.9274535544258118,0.9274487349557214,0.9274478239280316,0.9274513923513459,0.9539579,0.9277525,0.9690275,0.30313017805064685,0.3031676741093855,0.303169713227736,0.30312736607481705,0.303171616682023,0.30317124146018837,0.3031718919697719,0.3031718999220501,0.3031709810380293,0.30317209321812433,0.30317086851480035,0.30317067354098576,0.30317158136079914,0.29799536,0.29785246,0.31010088
0.8447265625,0.2655737117053071,0.2658089286609334,0.2658089286609334,0.26557271667700655,0.2658089286609334,0.2658089286609334,0.2658089286609334,0.2658089286609334,0.2658089286609334,0.2658089286609334,0.2658089286609334,0.2658089286609334,0.2658089286609334,0.27193382,0.26626712,0.27896503,0.9274526200489499,0.9274667070002136,0.9274667070002136,0.9274309439734827,0.9274667070002136,0.9274667070002136,0.9274667070002136,0.9274667070002136,0.9274667070002136,0.9274667070002136,0.9274667070002136,0.9274667070002136,0.9274667070002136,0.95735204,0.9300469,0.97250366,0.30313017805064685,0.3031698683329853,0.3031698683329853,0.30311698228010886,0.3031698683329853,0.3031698683329853,0.3031698683329853,0.3031698683329853,0.3031698683329853,0.3031698683329853,0.3031698683329853,0.3031698683329853,0.3031698683329853,0.29949504,0.29852724,0.31010067
0.8466796875,0.2655737117053071,0.2658089286609334,0.2658089286609334,0.2655662696984761,0.2658089286609334,0.2658089286609334,0.2658089286609334,0.2658089286609334,0.2658089286609334,0.2658089286609334,0.2658089286609334,0.2658089286609334,0.2658089286609334,0.26865226,0.2614698,0.27736643,0.9274526200489499,0.9274667070002136,0.9274667070002136,0.9274002517361769,0.9274667070002136,0.9274667070002136,0.9274667070002136,0.9274667070002136,0.9274667070002136,0.9274667070002136,0.9274667070002136,0.9274667070002136,0.9274667070002136,0.96143353,0.9330783,0.9765296,0.30313017805064685,0.3031698683329853,0.3031698683329853,0.30310694358677553,0.3031698683329853,0.3031698683329853,0.3031698683329853,0.3031698683329853,0.3031698683329853,0.3031698683329853,0.3031698683329853,0.3031698683329853,0.3031698683329853,0.30088824,0.2990942,0.30991924
0.8486328125,0.2655737117053071,0.2658089286609334,0.2658089286609334,0.26556031188726476,0.2658089286609334,0.2658089286609334,0.2658089286609334,0.2658089286609334,0.2658089286609334,0.2658089286609334,0.2658089286609334,0.2658089286609334,0.2658089286609334,0.26646733,0.2580505,0.2768374,0.9274526200489499,0.9274667070002136,0.9274667070002136,0.9273761368776317,0.9274667070002136,0.9274667070002136,0.9274667070002136,0.9274667070002136,0.9274667070002136,0.9274667070002136,0.9274667070002136,0.9274667070002136,0.9274667070002136,0.966099,0.9367198,0.9810014,0.30313017805064685,0.3031698683329853,0.3031698683329853,0.30309945531625637,0.3031698683329853,0.3031698683329853,0.3031698683329853,0.3031698683329853,0.3031698683329853,0.3031698683329853,0.3031698683329853,0.3031698683329853,0.3031698683329853,0.30210418,0.29953513,0.30958796
0.8505859375,0.2655737117053071,0.2658089286609334,0.2658089286609334,0.2655567704944136,0.2658089286609334,0.2658089286609334,0.2658089286609334,0.2658089286609334,0.2658089286609334,0.2658089286609334,0.2658089286609334,0.2658089286609334,0.2658089286609334,0.26532552,0.25604734,0.27733263,0.9274526200489499,0.9274667070002136,0.9274667070002136,0.9273689057710958,0.9274667070002136,0.9274667070002136,0.9274667070002136,0.9274667070002136,0.9274667070002136,0.9274667070002136,0.9274667070002136,0.9274667070002136,0.9274667070002136,0.9712168,0.94079614,0.98578584,0.30313017805064685,0.3031698683329853,0.3031698683329853,0.3030976272506589,0.3031698683329853,0.3031698683329853,0.3031698683329853,0.3031698683329853,0.3031698683329853,0.3031698683329853,0.3031698683329853,0.3031698683329853,0.3031698683329853,0.3030811,0.29983926,0.3091558
0.8525390625,0.2655737117053071,0.2658061737449405,0.26580734026198866,0.26555450034207095,0.2658073553293275,0.26580734869687767,0.2658073947777662,0.26580742510554833,0.26580736701688906,0.2658075793724653,0.2658073497300241,0.26580734473462014,0.2658073937661492,0.26513672,0.25544903,0.27876753,0.9274526200489499,0.9275344295855664,0.9275033417945552,0.9273686184343201,0.9275025075939592,0.9275003235384541,0.9275028747983783,0.9274986444468537,0.927490103495734,0.92750186051421,0.9275028175984044,0.9275003795464355,0.9275030941680803,0.97662926,0.94509816,0.99072087,0.30313017805064685,0.303178171982696,0.3031717588214642,0.30309814696273923,0.30317156624314867,0.30317106204534455,0.3031716510136687,0.3031706744199975,0.3031687026995551,0.30317141686231186,0.303171637808841,0.3031710749750156,0.30317170165597984,0.30376515,0.30000058,0.30868024
0.8544921875,0.2655737117053071,0.2658061737449405,0.2658065625839565,0.2655520129247285,0.2658065959287774,0.26580658125081386,0.265806683230267,0.2658067503472592,0.2658066217939718,0.265807091748138,0.2658065835372218,0.2658065724821275,0.2658066809915048,0.26577374,0.2561942,0.28101426,0.9274526200489499,0.9275344295855664,0.9275240669582445,0.927371834994282,0.9275227456567918,0.9275192863030012,0.9275233272767475,0.9275166267689239,0.9275030986615733,0.9275217207386696,0.9275232366769468,0.9275193750147527,0.9275236747393484,0.9821503,0.9493967,0.9956219,0.30313017805064685,0.303178171982696,0.30317603427370265,0.3030994195918508,0.3031757412133176,0.30317497393861736,0.30317587021477294,0.3031743840604166,0.30317138354280027,0.3031755138896173,0.3031758501200288,0.3031749936146504,0.3031759472808482,0.3041109,0.30001396,0.3082168
0.8564453125,0.2655737117053071,0.2658061737449405,0.26580578490592444,0.2655508218736642,0.2658058365282274,0.26580581380475005,0.26580597168276787,0.2658060755889702,0.26580587657105453,0.2658066041238107,0.26580581734441955,0.2658058002296349,0.2658059682168605,0.26707307,0.25816748,0.28389838,0.9274526200489499,0.9275344295855664,0.9275447922432065,0.9273825411047033,0.9275429838352635,0.9275382491690726,0.9275437798732192,0.9275346091822911,0.9275160938750919,0.9275415810744909,0.9275436558732063,0.9275383705849444,0.9275442554302031,0.98756635,0.9534522,1.00029,0.30313017805064685,0.303178171982696,0.30318030968027193,0.3031028542358758,0.30317991613993867,0.3031788857936579,0.30318008937140184,0.30317809366645465,0.30317406436809025,0.30317961087498585,0.3031800623868863,0.30317891221592075,0.30318019286068226,0.30408558,0.29987198,0.30780795
0.8583984375,0.2655737117053071,0.2658061737449405,0.2658050072278923,0.26555139883049245,0.26580490719342953,0.26580464528896086,0.26580495122732034,0.26580444393798425,0.265803419735348,0.2658048295978465,0.2658049443680964,0.26580465200524744,0.26580497753337934,0.26883942,0.26119545,0.2871991,0.9274526200489499,0.9275344295855664,0.9275655176494425,0.9274018950029611,0.9275694815945845,0.9275677367162746,0.9275798597815754,0.9275878384989239,0.9275725563833259,0.9276284236560339,0.927568008518499,0.927566694317822,0.9275795936427593,0.99263763,0.9570247,1.0045267,0.30313017805064685,0.303178171982696,0.30318458504117146,0.303109057716332,0.30318546420374354,0.30318507720783194,0.30318776596864006,0.3031895355473451,0.3031861461588954,0.3031985366761605,0.30318513749077597,0.30318484601445106,0.30318770694225017,0.3036729,0.2995627,0.3074732
0.8603515625,0.2655737117053071,0.2658027072366764,0.2658043033039651,0.26555480417646177,0.2658045407892112,0.2658044435284137,0.2658049141478483,0.2658043282286035,0.26580430762409724,0.2658045703139225,0.2658044525352769,0.2658044409263516,0.26580462720622117,0.27085227,0.26504636,0.29065531,0.9274526200489499,0.9276325098571203,0.9275844190214269,0.9274294721777903,0.9275635788046379,0.9275308152659079,0.9275721137981506,0.9275822317896243,0.9275609879036146,0.9275840399133743,0.92757132341244,0.9275559953986873,0.9275723421387804,0.9971051,0.959882,1.0081499,0.30313017805064685,0.30320407131796717,0.3031915266679013,0.30311826339680065,0.30318662509291866,0.3031789190667197,0.30318863251201256,0.3031910122381802,0.30318601571462944,0.3031914375029785,0.30318844661473443,0.30318484147821995,0.30318868621729766,0.30288038,0.29907006,0.30720294
0.8623046875,0.2655737117053071,0.2658027072366764,0.265803239259106,0.2655612664398962,0.26580370167186196,0.26580351229321997,0.26580442864669185,0.2658032877904186,0.26580324767093044,0.26580375916007803,0.2658035298306818,0.26580350722668744,0.26580386993632643,0.27287814,0.26943576,0.2939793,0.9274526200489499,0.9276325098571203,0.9276164795143845,0.9274640683030738,0.9275888619483222,0.9275454436271504,0.9276001725614405,0.9276135809809787,0.9275854284757811,0.927615977117961,0.9275991251382893,0.9275788123900465,0.9276004751596133,1.0007075,0.961813,1.0110124,0.30313017805064685,0.30320407131796717,0.3031998897952667,0.3031301549180707,0.3031932204112533,0.30318273508171906,0.3031959518311916,0.3031991898314457,0.30319239125244396,0.30319976847215857,0.30319569888785997,0.30319079351099915,0.30319602490591846,0.30174306,0.29837668,0.30695888
0.8642578125,0.2655737117053071,0.2658027072366764,0.26580217521424687,0.2655702251455472,0.26580275168546635,0.26580251559479784,0.26580365797548827,0.2658022357162651,0.2658021857009271,0.26580282335369265,0.26580253745803983,0.26580250927855736,0.26580296145394655,0.27468514,0.27404138,0.29688025,0.9274526200489499,0.9276325098571203,0.9276485402640278,0.9275033783523448,0.9276201250381925,0.9275754527438642,0.9276317623252702,0.9276455580130659,0.9276165924006542,0.927648023357005,0.927630684650195,0.9276097852312674,0.9276320736631617,1.0032077,0.9626428,1.0130196,0.30313017805064685,0.30320407131796717,0.30320825281334607,0.30314376141488486,0.303201272364263,0.30319029798913966,0.30320413117979195,0.30320752020273334,0.3032004045327975,0.3032081258316459,0.3032038664389896,0.3031987322713212,0.3032042076627798,0.3003257,0.29747012,0.3066827
0.8662109375,0.2655737117053071,0.2658027072366764,0.26580111116938776,0.2655805863916443,0.2657998348001663,0.2657978281766773,0.26580035753027426,0.2658009772114185,0.26579967611901256,0.2658010879507509,0.2658003091227072,0.26579937035021156,0.2658003715151094,0.27852422,0.27606058,0.2990964,0.9274526200489499,0.9276325098571203,0.9276806012703599,0.9275424289775944,0.9277574756286563,0.9277259920619318,0.9278783339161927,0.9276886693814467,0.9276819996975251,0.9277670328770776,0.9277289076011829,0.9277251497695242,0.9277854491377878,1.0044348,0.962253,1.0141411,0.30313017805064685,0.30320407131796717,0.3032166157221383,0.3031572318777931,0.3032351662112381,0.30322756903477693,0.30326432879605325,0.3032185626693651,0.30321695318266617,0.3032374724067452,0.30322827257784407,0.3032273657826295,0.3032419162759306,0.29872057,0.2963511,0.30631444
0.8681640625,0.2655737117053071,0.26579766138606753,0.26579766138606753,0.2655898043197976,0.26579766138606753,0.26579766138606753,0.26579766138606753,0.26579766138606753,0.26579766138606753,0.26579766138606753,0.26579766138606753,0.26579766138606753,0.26579766138606753,0.28255382,0.27682847,0.30042994,0.9274526200489499,0.9277909173107017,0.9277909173107017,0.9275701918601745,0.9277909173107017,0.9277909173107017,0.9277909173107017,0.9277909173107017,0.9277909173107017,0.9277909173107017,0.9277909173107017,0.9277909173107017,0.9277909173107017,1.0043254,0.96060157,1.0144205,0.30313017805064685,0.30324507530480127,0.30324507530480127,0.3031668590549476,0.30324507530480127,0.30324507530480127,0.30324507530480127,0.30324507530480127,0.30324507530480127,0.30324507530480127,0.30324507530480127,0.30324507530480127,0.30324507530480127,0.29704213,0.29504293,0.30581638
0.8701171875,0.2655737117053071,0.26579766138606753,0.26579766138606753,0.2655948421623946,0.26579766138606753,0.26579766138606753,0.26579766138606753,0.26579766138606753,0.26579766138606753,0.26579766138606753,0.26579766138606753,0.26579766138606753,0.26579766138606753,0.28583738,0.2768629,0.30077288,0.9274526200489499,0.9277909173107017,0.9277909173107017,0.9275740702531299,0.9277909173107017,0.9277909173107017,0.9277909173107017,0.9277909173107017,0.9277909173107017,0.9277909173107017,0.9277909173107017,0.9277909173107017,0.9277909173107017,1.0029553,0.957736,1.0139745,0.30313017805064685,0.30324507530480127,0.30324507530480127,0.303168470396054,0.30324507530480127,0.30324507530480127,0.30324507530480127,0.30324507530480127,0.30324507530480127,0.30324507530480127,0.30324507530480127,0.30324507530480127,0.30324507530480127,0.29541922,0.29359812,0.30519503
0.8720703125,0.2655737117053071,0.26579766138606753,0.26579766138606753,0.26559798012502456,0.26579766138606753,0.26579766138606753,0.26579766138606753,0.26579766138606753,0.26579766138606753,0.26579766138606753,0.26579766138606753,0.26579766138606753,0.26579766138606753,0.288147,0.27609545,0.30011696,0.9274526200489499,0.9277909173107017,0.9277909173107017,0.927572664777885,0.9277909173107017,0.9277909173107017,0.9277909173107017,0.9277909173107017,0.9277909173107017,0.9277909173107017,0.9277909173107017,0.9277909173107017,0.9277909173107017,1.0005391,0.95379305,1.0129857,0.30313017805064685,0.30324507530480127,0.30324507530480127,0.30316828416495695,0.30324507530480127,0.30324507530480127,0.30324507530480127,0.30324507530480127,0.30324507530480127,0.30324507530480127,0.30324507530480127,0.30324507530480127,0.30324507530480127,0.2939859,0.29209858,0.3045102
0.8740234375,0.2655737117053071,0.26579766138606753,0.26579766138606753,0.26559944916814615,0.26579766138606753,0.26579766138606753,0.26579766138606753,0.26579766138606753,0.26579766138606753,0.26579766138606753,0.26579766138606753,0.26579766138606753,0.26579766138606753,0.28934103,0.27451277,0.29853958,0.9274526200489499,0.9277909173107017,0.9277909173107017,0.9275670371172271,0.9277909173107017,0.9277909173107017,0.9277909173107017,0.9277909173107017,0.9277909173107017,0.9277909173107017,0.9277909173107017,0.9277909173107017,0.9277909173107017,0.9973967,0.9489826,1.011685,0.30313017805064685,0.30324507530480127,0.30324507530480127,0.30316631411067796,0.30324507530480127,0.30324507530480127,0.30324507530480127,0.30324507530480127,0.30324507530480127,0.30324507530480127,0.30324507530480127,0.30324507530480127,0.30324507530480127,0.29287192,0.29064652,0.30386618
0.8759765625,0.2655737117053071,0.265798575067696,0.2657978898064747,0.2655987438002283,0.26579766138606753,0.26579766138606753,0.26579766138606753,0.26579766138606753,0.26579766138606753,0.26579766138606753,0.26579774627133906,0.2657976656247299,0.2657977686856986,0.289372,0.27214774,0.29617646,0.9274526200489499,0.928025137109983,0.92791166649351,0.927552048348751,0.9279920725524439,0.9279843736800639,0.9279996099991581,0.9279957761683236,0.9279645269054584,0.9279992948335573,0.927958298847814,0.9279573543227242,0.9279905805035219,0.99389696,0.9435551,1.0103264,0.30313017805064685,0.30330589601034735,0.3032766122816797,0.3031608334941944,0.3032965700908259,0.3032946348737964,0.3032984647251981,0.30329750104316333,0.30328964608608244,0.3032983855043836,0.30328819972407906,0.30328793740900056,0.30329619975182875,0.29219168,0.2893482,0.30338985
0.8779296875,0.2655737117053071,0.265798575067696,0.26579834664728885,0.26559467994279196,0.26579772524148976,0.2657976904794129,0.26579776074804834,0.26579770816072157,0.2657976919329304,0.2657978522797208,0.2657979784791028,0.26579773677254953,0.2657979987118159,0.28827897,0.2690682,0.29319146,0.9274526200489499,0.928025137109983,0.927987313636168,0.9275262302410133,0.9280026462195776,0.928000826794266,0.9280044274966645,0.9280035214716247,0.9279961365350908,0.9280043530155629,0.9279963883142468,0.9279958050464401,0.9280023617012458,0.990404,0.9377692,1.0091585,0.30313017805064685,0.30330589601034735,0.30329613491956053,0.3031521972125404,0.3032992988349783,0.30329888093382185,0.3032997079734753,0.3032994998701842,0.3032978036328682,0.303299690866047,0.3032980295486544,0.3032978604661181,0.3032992401242994,0.2920342,0.28829575,0.30320534
0.8798828125,0.2655737117053071,0.265798575067696,0.26579880348810314,0.2655881646175553,0.26579858951102453,0.26579857101531207,0.2657986084028502,0.26579858042293186,0.26579857178867905,0.26579865710372325,0.2657986802185353,0.26579859348167056,0.2657986809001584,0.2861664,0.26536807,0.28975323,0.9274526200489499,0.928025137109983,0.928062960518789,0.9274894265162716,0.9280300561488736,0.9280271546293188,0.9280330198083816,0.9280286304520924,0.9280272759514653,0.928040659767118,0.9280439743196411,0.9280306667362808,0.9280441463383451,0.9872428,0.9318664,1.0083954,0.30313017805064685,0.30330589601034735,0.30331565694903223,0.30314213825555675,0.3033071485030636,0.30330639863437187,0.30330791443038807,0.3033067800460971,0.30330642998888235,0.30330988889535715,0.3033107477099967,0.30330730639030967,0.3033107917054417,0.29245335,0.28755367,0.30341518
0.8818359375,0.2655737117053071,0.265798575067696,0.2657992603289173,0.26558218887475243,0.2658003241322022,0.26580026973381793,0.26580037738999146,0.265800350301063,0.2658001295012724,0.265800375163107,0.2657998946201837,0.26579985265473416,0.26580030439183405,0.2831777,0.2611635,0.2860183,0.9274526200489499,0.928025137109983,0.9281386071413753,0.9274498729164192,0.9280757729999959,0.9280693558583122,0.9280823275769966,0.9280726198592619,0.9280696241801989,0.9280992245069897,0.928101886316762,0.9280769389714018,0.9281032420599109,0.9846784,0.92606187,1.0081941,0.30313017805064685,0.30330589601034735,0.3033351783700977,0.3031338826629954,0.3033205663899256,0.303319012546744,0.30332215350645697,0.30331980289077576,0.30331907751815934,0.3033262448824846,0.3033266064452418,0.30332083753961886,0.3033269938273446,0.29346183,0.28715423,0.30408597
0.8837890625,0.2655737117053071,0.26582040864485756,0.2658105284556136,0.26557830529550375,0.26580973690587384,0.2658094997456817,0.26580977737915146,0.26581001109094327,0.2658097597908602,0.26581013445958135,0.2658099829783207,0.265809791316433,0.26581003106047857,0.27947265,0.25659043,0.28211907,0.9274526200489499,0.9283294073671163,0.9282115159298316,0.9274210069351576,0.928186127141034,0.9281785202490972,0.9281874253164349,0.9281949215856771,0.9281868611742059,0.9281988786101713,0.9281940198783942,0.9281878723529342,0.9281955621047929,0.98290217,0.9205482,1.00864,0.30313017805064685,0.30340453814971224,0.30336537678502656,0.3031298030402616,0.30335749787486455,0.3033551372216849,0.303357900738536,0.3033602270598576,0.30335772566789415,0.30336145504466683,0.3033599472326444,0.3033580394676694,0.30336042583241674,0.29502964,0.2871,0.30523637
0.8857421875,0.2655737117053071,0.26582040864485756,0.2658171152484429,0.2655764671996146,0.2658165220691842,0.26581634434376794,0.26581655239944346,0.2658167275406639,0.26581653921895837,0.26581681999185625,0.26581670647335276,0.2658165628438993,0.2658167425056288,0.275215,0.2518026,0.278155,0.9274526200489499,0.9283294073671163,0.9282901111951151,0.9274092875801673,0.9282740276050091,0.9282692087058411,0.9282748499879285,0.9282795988110629,0.9282744926086844,0.9282821055534413,0.9282790275870184,0.9282751331817096,0.9282800045746001,0.98201644,0.9154992,1.0097432,0.30313017805064685,0.30340453814971224,0.30339148452567855,0.3031294102423277,0.303386455187599,0.303384948317008,0.3033867123468326,0.30338819730411537,0.3033866005943035,0.3033889811624315,0.3033880186823452,0.3033868009015575,0.30338832418637757,0.29708707,0.28736955,0.3068269
0.8876953125,0.2655737117053071,0.26582040864485756,0.2658237020412722,0.26557482901583684,0.26582460467977587,0.2658245585263418,0.2658248751238304,0.26582429201464775,0.2658241513320383,0.2658245785830332,0.2658243240726907,0.26582426924252045,0.2658245426330551,0.2705697,0.24696526,0.2741922,0.9274526200489499,0.9283294073671163,0.9283687025654055,0.9274124533516236,0.9283919463257864,0.9283907578368154,0.9283989104748159,0.9283838949329433,0.9283802722299793,0.9283912743132025,0.9283847204556732,0.9283833085305667,0.928390348571487,0.98203003,0.91107345,1.0114421,0.30313017805064685,0.30340453814971224,0.3034175916095592,0.30313009201764,0.3034248788226757,0.3034245062165316,0.30342706217000465,0.30342235460999967,0.30342121884685536,0.3034246681383356,0.3034226134217772,0.3034221707654598,0.30342437790673205,0.29953158,0.28792402,0.30876005
0.8896484375,0.2655737117053071,0.26582040864485756,0.26583028883410154,0.26557414639049143,0.26583077092459634,0.2658307462744936,0.2658309153661502,0.2658306039331754,0.2658305287959543,0.2658307569865785,0.26583062105506605,0.2658305917708024,0.2658307377860429,0.2657068,0.24224631,0.27027217,0.9274526200489499,0.9283294073671163,0.9284472900409924,0.9274238033137966,0.9284655155417406,0.9284645836426506,0.9284709761626662,0.9284592024144488,0.9284563618417399,0.9284649886138915,0.9284598497095958,0.9284587426144189,0.9284642627360583,0.982867,0.9074112,1.0136116,0.30313017805064685,0.30340453814971224,0.3034436980367174,0.30313281539912146,0.3034493182664282,0.3034490308954296,0.30345100216479626,0.3034473714779558,0.3034464955257313,0.30344915577697046,0.30344757108540743,0.3034472296886652,0.30344893193701516,0.30223647,0.28871202,0.31089085
0.8916015625,0.2655737117053071,0.2658512694103304,0.2658512694103304,0.2655751448696594,0.2658512694103304,0.2658512694103304,0.2658512694103304,0.2658512694103304,0.2658512694103304,0.2658512694103304,0.2658512694103304,0.2658512694103304,0.2658512694103304,0.26080427,0.23780546,0.26642528,0.9274526200489499,0.928653855396711,0.928653855396711,0.9274421960188247,0.928653855396711,0.928653855396711,0.928653855396711,0.928653855396711,0.928653855396711,0.928653855396711,0.928653855396711,0.928653855396711,0.928653855396711,0.98438597,0.90462995,1.0160756,0.30313017805064685,0.30351475200587585,0.30351475200587585,0.30313894103640254,0.30351475200587585,0.30351475200587585,0.30351475200587585,0.30351475200587585,0.30351475200587585,0.30351475200587585,0.30351475200587585,0.30351475200587585,0.30351475200587585,0.30505976,0.28967395,0.31304923
0.8935546875,0.2655737117053071,0.2658512694103304,0.2658512694103304,0.26557845268066915,0.2658512694103304,0.2658512694103304,0.2658512694103304,0.2658512694103304,0.2658512694103304,0.2658512694103304,0.2658512694103304,0.2658512694103304,0.2658512694103304,0.2560447,0.23378465,0.26268393,0.9274526200489499,0.928653855396711,0.928653855396711,0.9274686323970164,0.928653855396711,0.928653855396711,0.928653855396711,0.928653855396711,0.928653855396711,0.928653855396711,0.928653855396711,0.928653855396711,0.928653855396711,0.9864037,0.90281904,1.0186206,0.30313017805064685,0.30351475200587585,0.30351475200587585,0.30314795022716284,0.30351475200587585,0.30351475200587585,0.30351475200587585,0.30351475200587585,0.30351475200587585,0.30351475200587585,0.30351475200587585,0.30351475200587585,0.30351475200587585,0.30785185,0.29074585,0.31506467
0.8955078125,0.2655737117053071,0.2658512694103304,0.2658512694103304,0.26558244804231756,0.2658512694103304,0.2658512694103304,0.2658512694103304,0.2658512694103304,0.2658512694103304,0.2658512694103304,0.2658512694103304,0.2658512694103304,0.2658512694103304,0.25160503,0.2303007,0.259092,0.9274526200489499,0.928653855396711,0.928653855396711,0.927500501218756,0.928653855396711,0.928653855396711,0.928653855396711,0.928653855396711,0.928653855396711,0.928653855396711,0.928653855396711,0.928653855396711,0.928653855396711,0.9887166,0.902037,1.0210063,0.30313017805064685,0.30351475200587585,0.30351475200587585,0.30315756339974875,0.30351475200587585,0.30351475200587585,0.30351475200587585,0.30351475200587585,0.30351475200587585,0.30351475200587585,0.30351475200587585,0.30351475200587585,0.30351475200587585,0.31046268,0.2918635,0.31678987
0.8974609375,0.2655737117053071,0.2658512694103304,0.2658512694103304,0.2655846183463381,0.2658512694103304,0.2658512694103304,0.2658512694103304,0.2658512694103304,0.2658512694103304,0.2658512694103304,0.2658512694103304,0.2658512694103304,0.2658512694103304,0.24764179,0.22744177,0.25570643,0.9274526200489499,0.928653855396711,0.928653855396711,0.92752803632872,0.928653855396711,0.928653855396711,0.928653855396711,0.928653855396711,0.928653855396711,0.928653855396711,0.928653855396711,0.928653855396711,0.928653855396711,0.99111664,0.90231085,1.0229833,0.30313017805064685,0.30351475200587585,0.30351475200587585,0.3031636698893784,0.30351475200587585,0.30351475200587585,0.30351475200587585,0.30351475200587585,0.30351475200587585,0.30351475200587585,0.30351475200587585,0.30351475200587585,0.30351475200587585,0.3127477,0.29296705,0.31811598
0.8994140625,0.2655737117053071,0.2658373700325003,0.2658373700325003,0.26558416669922,0.2658373700325003,0.2658373700325003,0.2658373700325003,0.2658373700325003,0.2658373700325003,0.2658373700325003,0.2658373700325003,0.2658373700325003,0.2658373700325003,0.24427603,0.22526729,0.25259376,0.9274526200489499,0.9287098108675605,0.9287098108675605,0.9275443588486263,0.9287098108675605,0.9287098108675605,0.9287098108675605,0.9287098108675605,0.9287098108675605,0.9287098108675605,0.9287098108675605,0.9287098108675605,0.9287098108675605,0.99340403,0.903638,1.0243084,0.30313017805064685,0.3035348315938974,0.3035348315938974,0.303164024803668,0.3035348315938974,0.3035348315938974,0.3035348315938974,0.3035348315938974,0.3035348315938974,0.3035348315938974,0.3035348315938974,0.3035348315938974,0.3035348315938974,0.31457555,0.2940062,0.31897885
0.9013671875,0.2655737117053071,0.2658373700325003,0.2658373700325003,0.26558208821274143,0.2658373700325003,0.2658373700325003,0.2658373700325003,0.2658373700325003,0.2658373700325003,0.2658373700325003,0.2658373700325003,0.2658373700325003,0.2658373700325003,0.24158324,0.2238116,0.24982381,0.9274526200489499,0.9287098108675605,0.9287098108675605,0.9275514136373714,0.9287098108675605,0.9287098108675605,0.9287098108675605,0.9287098108675605,0.9287098108675605,0.9287098108675605,0.9287098108675605,0.9287098108675605,0.9287098108675605,0.99539816,0.90599096,1.0247664,0.30313017805064685,0.3035348315938974,0.3035348315938974,0.30316158441457847,0.3035348315938974,0.3035348315938974,0.3035348315938974,0.3035348315938974,0.3035348315938974,0.3035348315938974,0.3035348315938974,0.3035348315938974,0.3035348315938974,0.31583598,0.2949474,0.31935754
0.9033203125,0.2655737117053071,0.2658373700325003,0.2658373700325003,0.2655810726639965,0.2658373700325003,0.2658373700325003,0.2658373700325003,0.2658373700325003,0.2658373700325003,0.2658373700325003,0.2658373700325003,0.2658373700325003,0.2658373700325003,0.23958904,0.22308972,0.24746108,0.9274526200489499,0.9287098108675605,0.9287098108675605,0.9275458246524105,0.9287098108675605,0.9287098108675605,0.9287098108675605,0.9287098108675605,0.9287098108675605,0.9287098108675605,0.9287098108675605,0.9287098108675605,0.9287098108675605,0.9969431,0.9093245,1.0241935,0.30313017805064685,0.3035348315938974,0.3035348315938974,0.30315837277891866,0.3035348315938974,0.3035348315938974,0.3035348315938974,0.3035348315938974,0.3035348315938974,0.3035348315938974,0.3035348315938974,0.3035348315938974,0.3035348315938974,0.3164481,0.29578134,0.31926495
0.9052734375,0.2655737117053071,0.2658373700325003,0.2658373700325003,0.26558008488801643,0.2658373700325003,0.2658373700325003,0.2658373700325003,0.2658373700325003,0.2658373700325003,0.2658373700325003,0.2658373700325003,0.2658373700325003,0.2658373700325003,0.23827156,0.2231026,0.24556054,0.9274526200489499,0.9287098108675605,0.9287098108675605,0.9275299825983422,0.9287098108675605,0.9287098108675605,0.9287098108675605,0.9287098108675605,0.9287098108675605,0.9287098108675605,0.9287098108675605,0.9287098108675605,0.9287098108675605,0.9979147,0.9135809,1.0224999,0.30313017805064685,0.3035348315938974,0.3035348315938974,0.30315289817396573,0.3035348315938974,0.3035348315938974,0.3035348315938974,0.3035348315938974,0.3035348315938974,0.3035348315938974,0.3035348315938974,0.3035348315938974,0.3035348315938974,0.31636944,0.29652992,0.3187369
0.9072265625,0.2655737117053071,0.265752093911062,0.26581605100214073,0.26557830973885294,0.2658062368528485,0.265804310584088,0.26580677827133187,0.2658110295529561,0.2658078243397967,0.2658145966812383,0.26580867354178744,0.2658069503399113,0.2658108470127345,0.23756889,0.22383897,0.24416193,0.9274526200489499,0.9285432681682163,0.9286681852105418,0.9275038389783158,0.9286860497795543,0.9286850642081115,0.928689556296537,0.9286773255247338,0.9286708324088127,0.9286831600081616,0.9286816141830913,0.9286776578008521,0.9286847509838162,0.99822223,0.91868806,1.01969,0.30313017805064685,0.30347201390478584,0.3035191274480551,0.30314478527382294,0.3035232710487717,0.3035230424590825,0.3035240843285865,0.3035212475423623,0.3035197414743932,0.3035226008032636,0.3035222422652617,0.3035213246120747,0.303522969810815,0.3156012,0.29724708,0.3178197
0.9091796875,0.2655737117053071,0.265752093911062,0.2657734129414216,0.26557549845726813,0.26577957324485046,0.26577923339856935,0.26578078235627695,0.26577656488559004,0.2657743258130088,0.26577857678545297,0.2657780437446586,0.26577667946537886,0.2657791253917897,0.23738992,0.22527261,0.24328607,0.9274526200489499,0.9285432681682163,0.9285849138624769,0.9274709425909413,0.9286339792429185,0.9286312725058073,0.9286436092664843,0.9286100186470156,0.9285921848153736,0.928626042830358,0.9286217973427726,0.9286109312474305,0.9286304122743806,0.99780715,0.9245409,1.0158702,0.30313017805064685,0.30347201390478584,0.3034877186035437,0.30313493239299255,0.3035036297891933,0.3035027520213618,0.30350675272161176,0.30349585965801806,0.3034900764368832,0.30350105609395867,0.30349967933210037,0.3034961556011802,0.30350247305720235,0.31419134,0.29800877,0.31655848
0.9111328125,0.2655737117053071,0.265752093911062,0.26573077488070246,0.26557150848677624,0.26575290963685244,0.2657516885258068,0.26575725412846585,0.26574210021822403,0.26573405494477936,0.2657493292311093,0.2657474139475297,0.26574251191802317,0.2657513004436681,0.2376264,0.22735077,0.24292968,0.9274526200489499,0.9285432681682163,0.92850161579166,0.9274414090367595,0.9285818982575667,0.9285774696526008,0.9285976541007953,0.9285426943109486,0.9285135133845167,0.9285689130802723,0.9285619667135885,0.9285441875354248,0.9285760621860976,0.99663484,0.9309634,1.0112423,0.30313017805064685,0.30347201390478584,0.303456309021634,0.30312438652009965,0.3034839882413094,0.3034824612759594,0.3034894208901582,0.3034704712919387,0.303460410741601,0.30347951103774995,0.30347711601846394,0.3034709861168227,0.30348197598961796,0.31223336,0.2988871,0.31498745
0.9130859375,0.2655737117053071,0.265752093911062,0.2656881368199833,0.26556932879258555,0.2656696559096967,0.2656660285754173,0.2656706754485401,0.26567868098747793,0.26567264528788914,0.26568539820522163,0.2656742444102724,0.265670999468879,0.2656783372481116,0.23816444,0.22997916,0.24305901,0.9274526200489499,0.9285432681682163,0.9284182909852255,0.9274220701498611,0.9282710223525579,0.9282421148471482,0.9282791472748448,0.9283429429532557,0.9282948451677143,0.9283964691080449,0.9283075886001411,0.9282817294489089,0.928340203793052,0.99468434,0.9376651,1.0060793,0.30313017805064685,0.30347201390478584,0.3034248987019712,0.30311690692589266,0.3033771610012139,0.30336779102989886,0.30337979461339043,0.3034004738022213,0.30338488296551147,0.3034178247818186,0.3033890136880695,0.3033806316020129,0.3033995858944641,0.30986044,0.29991573,0.31312412
0.9150390625,0.2655737117053071,0.2653412354679373,0.2656493793002809,0.2655700122272482,0.2656954188853837,0.26569326816187855,0.26570253484375833,0.265665593910391,0.26565925880513336,0.26568403413251496,0.2656827812552029,0.2656726515334623,0.26569456455604223,0.23889421,0.2330109,0.24360652,0.9274526200489499,0.9267708966914352,0.928100689270991,0.9274166028286076,0.9283563520445992,0.9283444108182374,0.9283958598223252,0.9281907408554338,0.9281555586927676,0.928293139532291,0.9282861827462645,0.9282299335626967,0.9283516086685897,0.9919399,0.94422364,1.0006847,0.30313017805064685,0.302877947290093,0.3033235285200706,0.3031161981360643,0.30340498067188304,0.3034011758170613,0.3034175694384804,0.3033522158195596,0.3033410076932154,0.3033848396811274,0.30338262316523473,0.3033647020761639,0.30340346927573913,0.30723506,0.30106172,0.31096965
0.9169921875,0.2655737117053071,0.2653412354679373,0.26544395007871846,0.265570984312468,0.26556503185283786,0.26555937555908404,0.2655837464625076,0.26548659368105343,0.2654699326754835,0.26553509053012225,0.2655317955263257,0.2655051548718337,0.2655627850099934,0.23971699,0.23624986,0.24447463,0.9274526200489499,0.9267708966914352,0.9272145039303676,0.9274185760201529,0.9277942674158177,0.9277671957342963,0.9278838295008369,0.9274187502604773,0.9273389583105216,0.9276509516476319,0.9276351779587814,0.9275076306779368,0.9277835139020074,0.9883975,0.950132,0.99534893,0.30313017805064685,0.302877947290093,0.30302649523692343,0.30311639543926533,0.3032164769968682,0.3032076028584672,0.30324583772407454,0.3030934086909207,0.3030672658961058,0.3031695012813882,0.30316433153145766,0.30312253227152774,0.3032129519427395,0.3045342,0.30222595,0.3085211
0.9189453125,0.2655737117053071,0.2653412354679373,0.26523852085715616,0.26557210592920677,0.26543464482029205,0.2654254829562896,0.2654649580812569,0.26530759345171595,0.2652806065458338,0.26538614692772955,0.2653808097974486,0.2653376582102051,0.26543100546394466,0.24054891,0.23947442,0.24554925,0.9274526200489499,0.9267708966914352,0.9263269458753727,0.92742283958799,0.9272316305716548,0.9271893983036331,0.9273713409399372,0.9266457179577294,0.9265211923414512,0.927008042928234,0.9269834324061129,0.9267844158734541,0.9272148550470637,0.9840888,0.954911,0.99031043,0.30313017805064685,0.302877947290093,0.302729378440763,0.30311837979653283,0.3030279397279277,0.30301399447282984,0.30307407813297005,0.3028345381881186,0.3027934531879416,0.302954119029252,0.30294599483274215,0.3028803069890437,0.3030224002934917,0.3032803,0.30193427,0.30579314
0.9208984375,0.2655737117053071,0.2653412354679373,0.26503309163559374,0.26557372082209785,0.26466984631323565,0.26461370248422644,0.26468681519449705,0.26490516082858884,0.2647596702813825,0.2649551438452986,0.2647695552927721,0.26467658684176903,0.2648494772562482,0.24247491,0.24132168,0.24671969,0.9274526200489499,0.9267708966914352,0.9254380119140021,0.9274355084938336,0.923690400562349,0.9234198586048917,0.9237721464344807,0.9248230701178296,0.9241229993864927,0.9250634007252979,0.9241705883987643,0.9237228736328327,0.9245552230203532,0.9791144,0.9582467,0.9857378,0.30313017805064685,0.302877947290093,0.30243217793739446,0.30312275322259347,0.30186168898138854,0.3017734843202342,0.3018883463871497,0.3022312952189676,0.3020027906574928,0.30230978557512633,0.30201831750416314,0.30187227815569123,0.3021438458394082,0.30284122,0.29959625,0.304124
0.9228515625,0.2655737117053071,0.26241345567943175,0.26460929052081095,0.2655771090446991,0.2647676804863308,0.26476724847887345,0.26478317461072487,0.2646658917783857,0.2646443730001352,0.26471320178675806,0.2647185560489759,0.2646932773930376,0.2647643173465013,0.24508837,0.24197975,0.24789669,0.9274526200489499,0.9127394122765379,0.9232921353199256,0.9274579103040312,0.9236847410756562,0.9236836708852143,0.9237231215855226,0.9234324884404982,0.923379135786645,0.9235497561668239,0.9235630251825014,0.9235003745096789,0.9236764096455283,0.97365797,0.96007705,0.9817289,0.30313017805064685,0.2982054253312395,0.3017117595832392,0.30313066491948515,0.3018935991103594,0.30189310316658496,0.3019113862567682,0.3017767425050541,0.3017520374147662,0.30183105670542937,0.3018372035682702,0.30180818270573834,0.3018897382287553,0.29977053,0.29765466,0.3047266
0.9248046875,0.2655737117053071,0.26241345567943175,0.2631454006265581,0.26558133425032,0.2634523974146566,0.2634515600831917,0.2634824286505859,0.26325510709830796,0.2632133986745136,0.2633468049566134,0.26335718276873116,0.2633081868228389,0.2634458788632938,0.24721421,0.24247478,0.24901655,0.9274526200489499,0.9127394122765379,0.9162765550512484,0.9274858986530298,0.9173906529509324,0.9173876177884596,0.9174994975428192,0.9166749805468885,0.9165235454840989,0.9170077487303223,0.9170453948349406,0.9168676331825986,0.9173670239700985,0.96796644,0.96058476,0.97831726,0.30313017805064685,0.2982054253312395,0.2993755094116023,0.3031401524984212,0.2997950138847461,0.29979386986708917,0.2998360439048523,0.2995254359462325,0.2994684385482379,0.29965073882013604,0.29966491911132837,0.29959796950921624,0.2997861077828757,0.2967216,0.29620656,0.30513114
0.9267578125,0.2655737117053071,0.26241345567943175,0.2616815107323054,0.2655815983339955,0.2621371143429824,0.26213587168751007,0.26218168269044706,0.2618443224182304,0.26178242434889204,0.26198040812646883,0.26199580948848655,0.26192309625264026,0.2621274403800864,0.24880765,0.24276,0.25003237,0.9274526200489499,0.9127394122765379,0.9091824821368433,0.9274930806449478,0.9110334031668388,0.9110283635438058,0.9112141197288534,0.9098446554271966,0.9095930061185331,0.9103974997158493,0.9104600311307044,0.9101647418947229,0.9109941688855302,0.9622947,0.9601079,0.97547567,0.30313017805064685,0.2982054253312395,0.29703402064259204,0.3031422217698534,0.29769221204129837,0.2976904173168415,0.2977565788087558,0.29726926906885814,0.2971798372649037,0.2974658656357363,0.29748811323647695,0.2973830737932446,0.29767824019987316,0.29530177,0.29383546,0.30542034
0.9287109375,0.2655737117053071,0.26241345567943175,0.26021762083805255,0.26557669885081436,0.2592966304737572,0.2592065367659692,0.2592991424681517,0.25988850142280295,0.2596134078478867,0.26001362669418615,0.2595822744115335,0.2593161861278454,0.2597292622492102,0.24985966,0.24278583,0.25089696,0.9274526200489499,0.9127394122765379,0.902008591863299,0.9274826494313626,0.8985620528825935,0.898223588229137,0.8985714865898564,0.9007797629557903,0.8997502591711342,0.9012473080903521,0.8996336086749286,0.8986354886319834,0.9001840958039258,0.95901835,0.9568397,0.97310877,0.30313017805064685,0.2982054253312395,0.2946872048648656,0.30313649007769117,0.2934228163510251,0.29329906411669593,0.29342626664286464,0.29423551246159385,0.2938578458672095,0.29440725628398595,0.2938150968922007,0.2934496763239385,0.2940169118506721,0.2949326,0.2912154,0.30566895
0.9306640625,0.2655737117053071,0.24247128449609764,0.25742791288359823,0.265545384999998,0.25793645752884914,0.25762511224216933,0.2579557358734586,0.2579033381658317,0.25744799346192804,0.257955954118352,0.2577077930001334,0.25762145293034505,0.25774747288064165,0.2503776,0.24250025,0.25154895,0.9274526200489499,0.8091802110727447,0.882777047686022,0.9273426914303697,0.8838103911816916,0.8831782335845497,0.8838494838945931,0.8837432179454511,0.8828179280788756,0.883849926419109,0.8833462581166449,0.8831707946079804,0.8834268576224876,0.95762277,0.95168984,0.9710388,0.30313017805064685,0.266873910172866,0.2898508915610255,0.30308831579835943,0.290401507083925,0.2900644178940737,0.2904223781243547,0.2903656511701147,0.2898726354543413,0.2904226143988214,0.2901539392145025,0.2900604557631624,0.2901969009625063,0.29502708,0.28889892,0.30590957
0.9326171875,0.2655737117053071,0.24247128449609764,0.24745682729193116,0.2653060303017333,0.24836284179880538,0.24780815432148537,0.24839718777029046,0.24830383690389116,0.24749260250939364,0.24839757659168757,0.24795545695627733,0.24780163495366012,0.2480261499577812,0.2503748,0.24185291,0.25190747,0.9274526200489499,0.8091802110727447,0.834700999556036,0.9262015878975298,0.8378589823488664,0.8359283178251696,0.8379782446483118,0.8376540178434656,0.8348261352735149,0.8379795945955538,0.8364418668632226,0.8359055748963089,0.83668811102785,0.95611155,0.94680274,0.9689914,0.30313017805064685,0.266873910172866,0.2745936268383105,0.30270633638930583,0.27576209516417505,0.2750468435403665,0.2758063710418176,0.27568602781935025,0.2746397841880256,0.2758068722688914,0.27523682163053076,0.275038434823905,0.2753279860169359,0.2954468,0.28684807,0.30612212
0.9345703125,0.2655737117053071,0.24247128449609764,0.23748574170026412,0.2634618094274146,0.23878922606876163,0.2379911964008014,0.23883863966712235,0.2387043356419506,0.23753721155685928,0.23883919906502316,0.2382031209124213,0.23798181697697515,0.23830482703492079,0.24986972,0.24080019,0.25187528,0.9274526200489499,0.8091802110727447,0.7825879057711725,0.9173984500035163,0.7882229757001169,0.7847803550642146,0.7884353847002998,0.7878578609042614,0.7828115869869482,0.7884377888216647,0.785696825800648,0.7847397558859814,0.7861360766009047,0.954556,0.9420115,0.9665835,0.30313017805064685,0.266873910172866,0.2590883716125162,0.2997662836888188,0.26089609244225903,0.2597897143392472,0.26096456173666344,0.26077845508628816,0.25915980943716843,0.26096533683424467,0.2600836340606722,0.2597767040953934,0.26022466267544736,0.29598802,0.28495497,0.30624348
0.9365234375,0.2655737117053071,0.24247128449609764,0.22751465610859706,0.2505137060259247,0.2247966125879744,0.22469357467351914,0.22646067501993447,0.22497362727271708,0.22469240820932784,0.22740733045620962,0.22601876711555852,0.22580668811104695,0.22648023312341023,0.24888994,0.23930684,0.25134742,0.9274526200489499,0.8091802110727447,0.7259069821377792,0.850548635739445,0.7141244041622021,0.71367213216289,0.7213716019356969,0.7149004207061246,0.7136670097401593,0.7254470722402281,0.7194574450584972,0.7185361485381577,0.7214561466957634,0.9529275,0.9370433,0.96331334,0.30313017805064685,0.266873910172866,0.24330252049582624,0.27932600261023394,0.2396805575771318,0.23954300444688176,0.24189951350008054,0.23991682502347692,0.23954144714003522,0.24315973919471268,0.24131070970441879,0.2410280149267623,0.24192556531548082,0.29638335,0.28305683,0.30618498
0.9384765625,0.125,0.1763444607776513,0.19767232597123582,0.19345433488760597,0.23504236483501578,0.2312717713556059,0.24701099270827218,0.21014123139958257,0.2095125647279316,0.2230000703924417,0.22383433873181047,0.2211549633765112,0.23064828632667675,0.24747473,0.23734015,0.25022152,0.0,0.41919756518449364,0.55592264291498,0.5329492589069093,0.7472843944140707,0.7307813318616951,0.7963306146001533,0.6273385232478591,0.6239413108568482,0.692622874678722,0.696599344196289,0.6837217788252288,0.7280004868839935,0.9511219,0.9315436,0.9585457,0.1,0.1685480864707329,0.19894632180753044,0.19331290275260304,0.25128343635845224,0.24613615871080208,0.2674631134590648,0.21676916466137744,0.21588024171284123,0.23475134422748084,0.23590568026840764,0.23219329050740015,0.24528255887419945,0.2962984,0.28095454,0.30584404
0.9404296875,0.125,0.1763444607776513,0.18345374917551283,0.13437113987426194,0.17527350528955765,0.17265359110267753,0.17609888238827562,0.1807243250032076,0.177909544974874,0.18086193916828305,0.17772692492175488,0.1762353622997489,0.17831343605566782,0.24567392,0.23486026,0.24840635,0.0,0.41919756518449364,0.46830488197877795,0.08579650781474464,0.40998362468261296,0.390136451079979,0.41611394309476063,0.44943230000965056,0.4293630062178249,0.4503974678333552,0.4280389711764665,0.41712208708760473,0.4322816724589044,0.948969,0.92509425,0.9514911,0.1,0.1685480864707329,0.17883869988691445,0.1113986769358964,0.1667833684456834,0.1628687952206481,0.16801100583843104,0.1748432219000026,0.1706949868767384,0.17504529411177314,0.1704248467841802,0.16821374768649655,0.17129199977243928,0.29532525,0.27843004,0.30510592
0.9423828125,0.125,0.1763444607776513,0.1692351723797898,0.125,0.1510136473327985,0.14517777829970432,0.1528521780278704,0.1631553694285706,0.15688543597632823,0.16346190551608855,0.15647864909828585,0.15315618756108146,0.15778510492844547,0.24354033,0.23181175,0.24582832,0.0,0.41919756518449364,0.36596441482232384,0.0,0.1984464621571023,0.13590433425181717,0.21716045744915666,0.3142298304877315,0.2566775693917417,0.316930348889651,0.2527843159392849,0.22021161394317035,0.265216776764912,0.94119346,0.91723394,0.9462229,0.1,0.1685480864707329,0.1580730776100741,0.09999999999999998,0.12914390919147678,0.11946089069538025,0.1321479586535235,0.14861601741638436,0.13866585889634875,0.1490971596449982,0.13801281611784968,0.13264265790612553,0.1401068087565794,0.29298162,0.27526352,0.30383196
0.9443359375,0.125,0.1763444607776513,0.1550165955840668,0.125,0.14404832565323333,0.14053548099995125,0.14515501133885333,0.1513569172792445,0.14758279176696132,0.15154143369830206,0.1473379303587541,0.14533800692309815,0.1481243387499808,0.2411177,0.22812802,0.24243928,0.0,0.41919756518449364,0.24485001206121276,0.0,0.12649777050141267,0.0846868708101947,0.13925066630189334,0.207267378450172,0.1665571901666866,0.20920570131757077,0.16384390885502453,0.14134070411344846,0.17252615144969546,0.9265616,0.9074812,0.9425291,0.1,0.1685480864707329,0.13646839380943573,0.09999999999999998,0.1179785923102374,0.11186858047905725,0.11988328776428481,0.13039096743741718,0.12402940630134145,0.13069947770583912,0.12361320283916377,0.12019733620203751,0.12494836613464738,0.28874108,0.27125168,0.30183992
0.9462890625,0.125,0.12872267013031355,0.1315146727280487,0.125,0.13159642187899925,0.1315449091665917,0.13160712557991275,0.13152522343147585,0.1315152254933451,0.13154613864580816,0.13156369619889177,0.131544348086891,0.1315660423741162,0.23822786,0.22375771,0.238424,0.0,0.034003963188277364,0.05824362772740457,0.0,0.05941094817332833,0.058675551902776145,0.05956368213321496,0.05839436591520118,0.05825152570064665,0.05869311067612272,0.05894382257748786,0.05866753874951271,0.0589773195609095,0.90650713,0.8953817,0.9373758,0.1,0.10436390056547103,0.10759969134882692,0.09999999999999998,0.10775679883172469,0.10765780881972761,0.10777736415452192,0.10761997197515472,0.10760075390731691,0.10766017179459073,0.10769391443957119,0.10765673045757289,0.10769842314069941,0.28212348,0.26623234,0.2988815
0.9482421875,0.125,0.12872267013031355,0.12965333766289194,0.125,0.1295966433418863,0.12958922015707663,0.12963236821754737,0.12964602058424368,0.12963151555438746,0.12965295431147128,0.12961933911537835,0.12961771200598624,0.12963275733513807,0.2332351,0.21871161,0.23543648,0.0,0.034003963188277364,0.04219984822130726,0.0,0.04154380972540519,0.041457869821492854,0.04195726709559003,0.042115210872460826,0.041947401560039024,0.042195414195884705,0.041806502817677206,0.04178767283942987,0.041961769244659025,0.8805822,0.880237,0.930053,0.1,0.10436390056547103,0.10544590719380462,0.09999999999999998,0.10535900692984572,0.10534762712310872,0.10541376812099583,0.10543469293176151,0.1054124612119706,0.10544531967301692,0.10539379737338155,0.10539130328981287,0.10541436453454471,0.2728608,0.26011938,0.29463384
0.9501953125,0.125,0.12872267013031355,0.12779200259773515,0.125,0.12776475288075165,0.12776118498044714,0.12778192378488748,0.12778848569659276,0.127781513958482,0.12779181834263637,0.12777566144078747,0.12777487938237933,0.12778211081145438,0.22757457,0.21311234,0.23208681,0.0,0.034003963188277364,0.025688702232718158,0.0,0.025280982764282096,0.025227585758026052,0.02553791989536293,0.025636090942836434,0.025531788255007657,0.025685945929592714,0.02544422119744003,0.025432519206415594,0.02554071809058237,0.86294055,0.8476591,0.91966736,0.1,0.10436390056547103,0.103278384909635,0.09999999999999998,0.10322532697952454,0.10321837929088025,0.1032587614409513,0.10327153762811088,0.103257963483535,0.10327802617501866,0.10324656805911314,0.10324504528520873,0.10325912559263209,0.26109064,0.25294378,0.28872854
0.9521484375,0.125,0.12872267013031355,0.1259306675325784,0.125,0.12593286241961701,0.12593147935222765,0.12593314980381767,0.1259309508089419,0.12593068237380145,0.12593151236257658,0.1259319837661966,0.12593146428777072,0.12593204675877245,0.22144563,0.20721196,0.22828053,0.0,0.034003963188277364,0.008689465843329223,0.0,0.00854501929202506,0.008526106775017792,0.00863603902252504,0.008670823009239572,0.008633866586607518,0.008688489118530844,0.00860284328368926,0.008598697729039904,0.00863703042615625,0.8426404,0.80972624,0.90526736,0.1,0.10436390056547103,0.10109651532155517,0.09999999999999998,0.101077737327678,0.10107527858175613,0.10108957005498384,0.10109409185644122,0.10108928764232887,0.10109638835344956,0.10108525462818349,0.10108471570215578,0.10108969893549576,0.24745508,0.24488884,0.28084275
0.9541015625,0.125,0.125,0.125,0.125,0.125,0.125,0.125,0.125,0.125,0.125,0.125,0.125,0.125,0.21513018,0.20135425,0.22394621,0.0,0.0,0.0,0.0,0.0,0.0,0.0,0.0,0.0,0.0,0.0,0.0,0.0,0.8202733,0.7684643,0.88611996,0.1,0.09999999999999998,0.09999999999999998,0.09999999999999998,0.09999999999999998,0.09999999999999998,0.09999999999999998,0.09999999999999998,0.09999999999999998,0.09999999999999998,0.09999999999999998,0.09999999999999998,0.09999999999999998,0.2362978,0.23299058,0.2708547
0.9560546875,0.125,0.125,0.125,0.125,0.125,0.125,0.125,0.125,0.125,0.125,0.125,0.125,0.125,0.20896336,0.19589241,0.2191019,0.0,0.0,0.0,0.0,0.0,0.0,0.0,0.0,0.0,0.0,0.0,0.0,0.0,0.7968235,0.7265765,0.8620882,0.1,0.09999999999999998,0.09999999999999998,0.09999999999999998,0.09999999999999998,0.09999999999999998,0.09999999999999998,0.09999999999999998,0.09999999999999998,0.09999999999999998,0.09999999999999998,0.09999999999999998,0.09999999999999998,0.22763513,0.2188337,0.25901046
0.9580078125,0.125,0.125,0.125,0.125,0.125,0.125,0.125,0.125,0.125,0.125,0.125,0.125,0.125,0.20328392,0.19110481,0.2139042,0.0,0.0,0.0,0.0,0.0,0.0,0.0,0.0,0.0,0.0,0.0,0.0,0.0,0.77354026,0.6867952,0.8339659,0.1,0.09999999999999998,0.09999999999999998,0.09999999999999998,0.09999999999999998,0.09999999999999998,0.09999999999999998,0.09999999999999998,0.09999999999999998,0.09999999999999998,0.09999999999999998,0.09999999999999998,0.09999999999999998,0.2194058,0.20591235,0.24600197
0.9599609375,0.125,0.125,0.125,0.125,0.125,0.125,0.125,0.125,0.125,0.125,0.125,0.125,0.125,0.1983799,0.18714638,0.20864251,0.0,0.0,0.0,0.0,0.0,0.0,0.0,0.0,0.0,0.0,0.0,0.0,0.0,0.75171447,0.6512959,0.80356514,0.1,0.09999999999999998,0.09999999999999998,0.09999999999999998,0.09999999999999998,0.09999999999999998,0.09999999999999998,0.09999999999999998,0.09999999999999998,0.09999999999999998,0.09999999999999998,0.09999999999999998,0.09999999999999998,0.2120598,0.19477981,0.23287383
0.9619140625,0.125,0.125,0.125,0.125,0.125,0.125,0.125,0.125,0.125,0.125,0.125,0.125,0.125,0.1944475,0.18404627,0.2036727,0.0,0.0,0.0,0.0,0.0,0.0,0.0,0.0,0.0,0.0,0.0,0.0,0.0,0.7324413,0.6213932,0.7734432,0.1,0.09999999999999998,0.09999999999999998,0.09999999999999998,0.09999999999999998,0.09999999999999998,0.09999999999999998,0.09999999999999998,0.09999999999999998,0.09999999999999998,0.09999999999999998,0.09999999999999998,0.09999999999999998,0.20591688,0.18562037,0.2207774
0.9638671875,0.125,0.125,0.125,0.125,0.125,0.125,0.125,0.125,0.125,0.125,0.125,0.125,0.125,0.19157405,0.18173286,0.19932194,0.0,0.0,0.0,0.0,0.0,0.0,0.0,0.0,0.0,0.0,0.0,0.0,0.0,0.71643114,0.5975196,0.7463417,0.1,0.09999999999999998,0.09999999999999998,0.09999999999999998,0.09999999999999998,0.09999999999999998,0.09999999999999998,0.09999999999999998,0.09999999999999998,0.09999999999999998,0.09999999999999998,0.09999999999999998,0.09999999999999998,0.20112926,0.17835009,0.21069415
0.9658203125,0.125,0.125,0.125,0.125,0.125,0.125,0.125,0.125,0.125,0.125,0.125,0.125,0.125,0.18973747,0.1800658,0.19580959,0.0,0.0,0.0,0.0,0.0,0.0,0.0,0.0,0.0,0.0,0.0,0.0,0.0,0.7039059,0.5793654,0.7245606,0.1,0.09999999999999998,0.09999999999999998,0.09999999999999998,0.09999999999999998,0.09999999999999998,0.09999999999999998,0.09999999999999998,0.09999999999999998,0.09999999999999998,0.09999999999999998,0.09999999999999998,0.09999999999999998,0.197677,0.17272954,0.20325252
0.9677734375,0.125,0.125,0.125,0.125,0.125,0.125,0.125,0.125,0.125,0.125,0.125,0.125,0.125,0.18881777,0.17886141,0.19321114,0.0,0.0,0.0,0.0,0.0,0.0,0.0,0.0,0.0,0.0,0.0,0.0,0.0,0.6945797,0.56605816,0.70948565,0.1,0.09999999999999998,0.09999999999999998,0.09999999999999998,0.09999999999999998,0.09999999999999998,0.09999999999999998,0.09999999999999998,0.09999999999999998,0.09999999999999998,0.09999999999999998,0.09999999999999998,0.09999999999999998,0.1953834,0.1684462,0.19867793
0.9697265625,0.125,0.125,0.125,0.125,0.125,0.125,0.125,0.125,0.125,0.125,0.125,0.125,0.125,0.18860944,0.17790909,0.19145945,0.0,0.0,0.0,0.0,0.0,0.0,0.0,0.0,0.0,0.0,0.0,0.0,0.0,0.6876954,0.5563135,0.7013678,0.1,0.09999999999999998,0.09999999999999998,0.09999999999999998,0.09999999999999998,0.09999999999999998,0.09999999999999998,0.09999999999999998,0.09999999999999998,0.09999999999999998,0.09999999999999998,0.09999999999999998,0.09999999999999998,0.19393449,0.16515979,0.19682732
0.9716796875,0.125,0.125,0.125,0.125,0.125,0.125,0.125,0.125,0.125,0.125,0.125,0.125,0.125,0.1888353,0.17698003,0.1903655,0.0,0.0,0.0,0.0,0.0,0.0,0.0,0.0,0.0,0.0,0.0,0.0,0.0,0.6820975,0.5485413,0.6993383,0.1,0.09999999999999998,0.09999999999999998,0.09999999999999998,0.09999999999999998,0.09999999999999998,0.09999999999999998,0.09999999999999998,0.09999999999999998,0.09999999999999998,0.09999999999999998,0.09999999999999998,0.09999999999999998,0.19290161,0.16251981,0.1972517
0.9736328125,0.125,0.125,0.125,0.125,0.125,0.125,0.125,0.125,0.125,0.125,0.125,0.125,0.125,0.18916328,0.17583701,0.18965182,0.0,0.0,0.0,0.0,0.0,0.0,0.0,0.0,0.0,0.0,0.0,0.0,0.0,0.6763294,0.5409267,0.70161617,0.1,0.09999999999999998,0.09999999999999998,0.09999999999999998,0.09999999999999998,0.09999999999999998,0.09999999999999998,0.09999999999999998,0.09999999999999998,0.09999999999999998,0.09999999999999998,0.09999999999999998,0.09999999999999998,0.19177112,0.16017124,0.19926396
0.9755859375,0.125,0.125,0.125,0.125,0.125,0.125,0.125,0.125,0.125,0.125,0.125,0.125,0.125,0.18899797,0.17424777,0.18923037,0.0,0.0,0.0,0.0,0.0,0.0,0.0,0.0,0.0,0.0,0.0,0.0,0.0,0.66873837,0.53150946,0.7058562,0.1,0.09999999999999998,0.09999999999999998,0.09999999999999998,0.09999999999999998,0.09999999999999998,0.09999999999999998,0.09999999999999998,0.09999999999999998,0.09999999999999998,0.09999999999999998,0.09999999999999998,0.09999999999999998,0.18998706,0.15775959,0.20202433
0.9775390625,0.125,0.125,0.125,0.125,0.125,0.125,0.125,0.125,0.125,0.125,0.125,0.125,0.125,0.18809971,0.17200828,0.18867396,0.0,0.0,0.0,0.0,0.0,0.0,0.0,0.0,0.0,0.0,0.0,0.0,0.0,0.6575848,0.51828295,0.7095636,0.1,0.09999999999999998,0.09999999999999998,0.09999999999999998,0.09999999999999998,0.09999999999999998,0.09999999999999998,0.09999999999999998,0.09999999999999998,0.09999999999999998,0.09999999999999998,0.09999999999999998,0.09999999999999998,0.18700974,0.15494615,0.20465888
0.9794921875,0.125,0.125,0.125,0.125,0.125,0.125,0.125,0.125,0.125,0.125,0.125,0.125,0.125,0.18672957,0.16897301,0.18717298,0.0,0.0,0.0,0.0,0.0,0.0,0.0,0.0,0.0,0.0,0.0,0.0,0.0,0.64115447,0.49932802,0.7104571,0.1,0.09999999999999998,0.09999999999999998,0.09999999999999998,0.09999999999999998,0.09999999999999998,0.09999999999999998,0.09999999999999998,0.09999999999999998,0.09999999999999998,0.09999999999999998,0.09999999999999998,0.09999999999999998,0.182389,0.15143809,0.20639203
0.9814453125,0.125,0.125,0.125,0.125,0.125,0.125,0.125,0.125,0.125,0.125,0.125,0.125,0.125,0.18449509,0.16509168,0.18477829,0.0,0.0,0.0,0.0,0.0,0.0,0.0,0.0,0.0,0.0,0.0,0.0,0.0,0.61788523,0.4729947,0.7066767,0.1,0.09999999999999998,0.09999999999999998,0.09999999999999998,0.09999999999999998,0.09999999999999998,0.09999999999999998,0.09999999999999998,0.09999999999999998,0.09999999999999998,0.09999999999999998,0.09999999999999998,0.09999999999999998,0.17584482,0.14703321,0.20664954
0.9833984375,0.125,0.125,0.125,0.125,0.125,0.125,0.125,0.125,0.125,0.125,0.125,0.125,0.125,0.18054885,0.16044231,0.18226548,0.0,0.0,0.0,0.0,0.0,0.0,0.0,0.0,0.0,0.0,0.0,0.0,0.0,0.5865407,0.4381346,0.6968157,0.1,0.09999999999999998,0.09999999999999998,0.09999999999999998,0.09999999999999998,0.09999999999999998,0.09999999999999998,0.09999999999999998,0.09999999999999998,0.09999999999999998,0.09999999999999998,0.09999999999999998,0.09999999999999998,0.16734476,0.14167222,0.20509796
0.9853515625,0.125,0.125,0.125,0.125,0.125,0.125,0.125,0.125,0.125,0.125,0.125,0.125,0.125,0.17543033,0.15525295,0.17932226,0.0,0.0,0.0,0.0,0.0,0.0,0.0,0.0,0.0,0.0,0.0,0.0,0.0,0.54644555,0.39437923,0.6798459,0.1,0.09999999999999998,0.09999999999999998,0.09999999999999998,0.09999999999999998,0.09999999999999998,0.09999999999999998,0.09999999999999998,0.09999999999999998,0.09999999999999998,0.09999999999999998,0.09999999999999998,0.09999999999999998,0.15715727,0.13548079,0.20162503
0.9873046875,0.125,0.125,0.125,0.125,0.125,0.125,0.125,0.125,0.125,0.125,0.125,0.125,0.125,0.1694459,0.14990011,0.17615952,0.0,0.0,0.0,0.0,0.0,0.0,0.0,0.0,0.0,0.0,0.0,0.0,0.0,0.4977585,0.34239858,0.6550395,0.1,0.09999999999999998,0.09999999999999998,0.09999999999999998,0.09999999999999998,0.09999999999999998,0.09999999999999998,0.09999999999999998,0.09999999999999998,0.09999999999999998,0.09999999999999998,0.09999999999999998,0.09999999999999998,0.14585097,0.12877975,0.19629644
0.9892578125,0.125,0.125,0.125,0.125,0.125,0.125,0.125,0.125,0.125,0.125,0.125,0.125,0.125,0.16308816,0.14487682,0.1730375,0.0,0.0,0.0,0.0,0.0,0.0,0.0,0.0,0.0,0.0,0.0,0.0,0.0,0.4416858,0.28403273,0.62196904,0.1,0.09999999999999998,0.09999999999999998,0.09999999999999998,0.09999999999999998,0.09999999999999998,0.09999999999999998,0.09999999999999998,0.09999999999999998,0.09999999999999998,0.09999999999999998,0.09999999999999998,0.09999999999999998,0.13421267,0.12204611,0.18932444
0.9912109375,0.125,0.125,0.125,0.125,0.125,0.125,0.125,0.125,0.125,0.125,0.125,0.125,0.125,0.15695345,0.14073385,0.17024554,0.0,0.0,0.0,0.0,0.0,0.0,0.0,0.0,0.0,0.0,0.0,0.0,0.0,0.3804912,0.22217557,0.5806136,0.1,0.09999999999999998,0.09999999999999998,0.09999999999999998,0.09999999999999998,0.09999999999999998,0.09999999999999998,0.09999999999999998,0.09999999999999998,0.09999999999999998,0.09999999999999998,0.09999999999999998,0.09999999999999998,0.123088606,0.11582851,0.1810624
0.9931640625,0.125,0.125,0.125,0.125,0.125,0.125,0.125,0.125,0.125,0.125,0.125,0.125,0.125,0.15162139,0.13801092,0.1680952,0.0,0.0,0.0,0.0,0.0,0.0,0.0,0.0,0.0,0.0,0.0,0.0,0.0,0.31722096,0.16037033,0.53155077,0.1,0.09999999999999998,0.09999999999999998,0.09999999999999998,0.09999999999999998,0.09999999999999998,0.09999999999999998,0.09999999999999998,0.09999999999999998,0.09999999999999998,0.09999999999999998,0.09999999999999998,0.09999999999999998,0.113202475,0.11065048,0.17201501
0.9951171875,0.125,0.125,0.125,0.125,0.125,0.125,0.125,0.125,0.125,0.125,0.125,0.125,0.125,0.14754272,0.13718179,0.16692205,0.0,0.0,0.0,0.0,0.0,0.0,0.0,0.0,0.0,0.0,0.0,0.0,0.0,0.25519514,0.10219614,0.47616088,0.1,0.09999999999999998,0.09999999999999998,0.09999999999999998,0.09999999999999998,0.09999999999999998,0.09999999999999998,0.09999999999999998,0.09999999999999998,0.09999999999999998,0.09999999999999998,0.09999999999999998,0.09999999999999998,0.10693935,0.10502764,0.16283673
0.9970703125,0.125,0.125,0.125,0.125,0.125,0.125,0.125,0.125,0.125,0.125,0.125,0.125,0.125,0.14497893,0.1386286,0.16709076,0.0,0.0,0.0,0.0,0.0,0.0,0.0,0.0,0.0,0.0,0.0,0.0,0.0,0.19744253,0.05061902,0.41670847,0.1,0.09999999999999998,0.09999999999999998,0.09999999999999998,0.09999999999999998,0.09999999999999998,0.09999999999999998,0.09999999999999998,0.09999999999999998,0.09999999999999998,0.09999999999999998,0.09999999999999998,0.09999999999999998,0.10499728,0.098759204,0.15429215
0.9990234375,0.125,0.125,0.125,0.125,0.125,0.125,0.125,0.125,0.125,0.125,0.125,0.125,0.125,0.14400958,0.14264557,0.16899307,0.0,0.0,0.0,0.0,0.0,0.0,0.0,0.0,0.0,0.0,0.0,0.0,0.0,0.14627065,0.007513851,0.35616434,0.1,0.09999999999999998,0.09999999999999998,0.09999999999999998,0.09999999999999998,0.09999999999999998,0.09999999999999998,0.09999999999999998,0.09999999999999998,0.09999999999999998,0.09999999999999998,0.09999999999999998,0.09999999999999998,0.10501254,0.094374225,0.14717521
