time,x,reference_density,cse_blend,fno_operator_density,fno_operator_absolute_density_error,hllc_piecewise_constant_density,hllc_piecewise_constant_absolute_density_error,hllc_fixed_mc_subcell_density,hllc_fixed_mc_subcell_absolute_density_error,physics_gated_dkan_fv_sod_neighbourhood_density,physics_gated_dkan_fv_sod_neighbourhood_absolute_density_error,sensor_gated_dkan_fv_engineering_tv_trust_0.02_density,sensor_gated_dkan_fv_engineering_tv_trust_0.02_absolute_density_error,hllc_muscl_fine_density,hllc_muscl_fine_absolute_density_error
0.0,0.0009765625,1.0,0.0,0.9508679509162903,0.04913204908370972,1.0,0.0,1.0,0.0,1.0,0.0,1.0,0.0,1.0,0.0
0.0,0.0029296875,1.0,0.0,0.982422411441803,0.01757758855819702,1.0,0.0,1.0,0.0,1.0,0.0,1.0,0.0,1.0,0.0
0.0,0.0048828125,1.0,0.0,1.0137546062469482,0.013754606246948242,1.0,0.0,1.0,0.0,1.0,0.0,1.0,0.0,1.0,0.0
0.0,0.0068359375,1.0,0.0,1.0434259176254272,0.043425917625427246,1.0,0.0,1.0,0.0,1.0,0.0,1.0,0.0,1.0,0.0
0.0,0.0087890625,1.0,0.0,1.0701663494110107,0.07016634941101074,1.0,0.0,1.0,0.0,1.0,0.0,1.0,0.0,1.0,0.0
0.0,0.0107421875,1.0,0.0,1.092966914176941,0.09296691417694092,1.0,0.0,1.0,0.0,1.0,0.0,1.0,0.0,1.0,0.0
0.0,0.0126953125,1.0,0.0,1.11111581325531,0.11111581325531006,1.0,0.0,1.0,0.0,1.0,0.0,1.0,0.0,1.0,0.0
0.0,0.0146484375,1.0,0.0,1.1241800785064697,0.12418007850646973,1.0,0.0,1.0,0.0,1.0,0.0,1.0,0.0,1.0,0.0
0.0,0.0166015625,1.0,0.0,1.1319619417190552,0.13196194171905518,1.0,0.0,1.0,0.0,1.0,0.0,1.0,0.0,1.0,0.0
0.0,0.0185546875,1.0,0.0,1.13444185256958,0.13444185256958008,1.0,0.0,1.0,0.0,1.0,0.0,1.0,0.0,1.0,0.0
0.0,0.0205078125,1.0,0.0,1.1317323446273804,0.13173234462738037,1.0,0.0,1.0,0.0,1.0,0.0,1.0,0.0,1.0,0.0
0.0,0.0224609375,1.0,0.0,1.1240535974502563,0.12405359745025635,1.0,0.0,1.0,0.0,1.0,0.0,1.0,0.0,1.0,0.0
0.0,0.0244140625,1.0,0.0,1.111742615699768,0.11174261569976807,1.0,0.0,1.0,0.0,1.0,0.0,1.0,0.0,1.0,0.0
0.0,0.0263671875,1.0,0.0,1.095289945602417,0.09528994560241699,1.0,0.0,1.0,0.0,1.0,0.0,1.0,0.0,1.0,0.0
0.0,0.0283203125,1.0,0.0,1.075385332107544,0.07538533210754395,1.0,0.0,1.0,0.0,1.0,0.0,1.0,0.0,1.0,0.0
0.0,0.0302734375,1.0,0.0,1.052933692932129,0.052933692932128906,1.0,0.0,1.0,0.0,1.0,0.0,1.0,0.0,1.0,0.0
0.0,0.0322265625,1.0,0.0,1.0290322303771973,0.029032230377197266,1.0,0.0,1.0,0.0,1.0,0.0,1.0,0.0,1.0,0.0
0.0,0.0341796875,1.0,0.0,1.0048949718475342,0.00489497184753418,1.0,0.0,1.0,0.0,1.0,0.0,1.0,0.0,1.0,0.0
0.0,0.0361328125,1.0,0.0,0.9817489981651306,0.018251001834869385,1.0,0.0,1.0,0.0,1.0,0.0,1.0,0.0,1.0,0.0
0.0,0.0380859375,1.0,0.0,0.9607258439064026,0.03927415609359741,1.0,0.0,1.0,0.0,1.0,0.0,1.0,0.0,1.0,0.0
0.0,0.0400390625,1.0,0.0,0.9427719712257385,0.057228028774261475,1.0,0.0,1.0,0.0,1.0,0.0,1.0,0.0,1.0,0.0
0.0,0.0419921875,1.0,0.0,0.9285917282104492,0.07140827178955078,1.0,0.0,1.0,0.0,1.0,0.0,1.0,0.0,1.0,0.0
0.0,0.0439453125,1.0,0.0,0.9186295866966248,0.08137041330337524,1.0,0.0,1.0,0.0,1.0,0.0,1.0,0.0,1.0,0.0
0.0,0.0458984375,1.0,0.0,0.9130923748016357,0.08690762519836426,1.0,0.0,1.0,0.0,1.0,0.0,1.0,0.0,1.0,0.0
0.0,0.0478515625,1.0,0.0,0.9120036959648132,0.08799630403518677,1.0,0.0,1.0,0.0,1.0,0.0,1.0,0.0,1.0,0.0
0.0,0.0498046875,1.0,0.0,0.9152728915214539,0.08472710847854614,1.0,0.0,1.0,0.0,1.0,0.0,1.0,0.0,1.0,0.0
0.0,0.0517578125,1.0,0.0,0.9227496385574341,0.07725036144256592,1.0,0.0,1.0,0.0,1.0,0.0,1.0,0.0,1.0,0.0
0.0,0.0537109375,1.0,0.0,0.9342349171638489,0.06576508283615112,1.0,0.0,1.0,0.0,1.0,0.0,1.0,0.0,1.0,0.0
0.0,0.0556640625,1.0,0.0,0.9494385719299316,0.05056142807006836,1.0,0.0,1.0,0.0,1.0,0.0,1.0,0.0,1.0,0.0
0.0,0.0576171875,1.0,0.0,0.9679022431373596,0.03209775686264038,1.0,0.0,1.0,0.0,1.0,0.0,1.0,0.0,1.0,0.0
0.0,0.0595703125,1.0,0.0,0.9862918257713318,0.013708174228668213,1.0,0.0,1.0,0.0,1.0,0.0,1.0,0.0,1.0,0.0
0.0,0.0615234375,1.0,0.0,0.9970769286155701,0.0029230713844299316,1.0,0.0,1.0,0.0,1.0,0.0,1.0,0.0,1.0,0.0
0.0,0.0634765625,1.0,0.0,1.0132215023040771,0.013221502304077148,1.0,0.0,1.0,0.0,1.0,0.0,1.0,0.0,1.0,0.0
0.0,0.0654296875,1.0,0.0,1.0342860221862793,0.0342860221862793,1.0,0.0,1.0,0.0,1.0,0.0,1.0,0.0,1.0,0.0
0.0,0.0673828125,1.0,0.0,1.0597180128097534,0.05971801280975342,1.0,0.0,1.0,0.0,1.0,0.0,1.0,0.0,1.0,0.0
0.0,0.0693359375,1.0,0.0,1.0888861417770386,0.08888614177703857,1.0,0.0,1.0,0.0,1.0,0.0,1.0,0.0,1.0,0.0
0.0,0.0712890625,1.0,0.0,1.1035027503967285,0.10350275039672852,1.0,0.0,1.0,0.0,1.0,0.0,1.0,0.0,1.0,0.0
0.0,0.0732421875,1.0,0.0,1.1101415157318115,0.11014151573181152,1.0,0.0,1.0,0.0,1.0,0.0,1.0,0.0,1.0,0.0
0.0,0.0751953125,1.0,0.0,1.111891269683838,0.11189126968383789,1.0,0.0,1.0,0.0,1.0,0.0,1.0,0.0,1.0,0.0
0.0,0.0771484375,1.0,0.0,1.1091710329055786,0.10917103290557861,1.0,0.0,1.0,0.0,1.0,0.0,1.0,0.0,1.0,0.0
0.0,0.0791015625,1.0,0.0,1.1027101278305054,0.10271012783050537,1.0,0.0,1.0,0.0,1.0,0.0,1.0,0.0,1.0,0.0
0.0,0.0810546875,1.0,0.0,1.093408226966858,0.09340822696685791,1.0,0.0,1.0,0.0,1.0,0.0,1.0,0.0,1.0,0.0
0.0,0.0830078125,1.0,0.0,1.0821917057037354,0.08219170570373535,1.0,0.0,1.0,0.0,1.0,0.0,1.0,0.0,1.0,0.0
0.0,0.0849609375,1.0,0.0,1.0698869228363037,0.06988692283630371,1.0,0.0,1.0,0.0,1.0,0.0,1.0,0.0,1.0,0.0
0.0,0.0869140625,1.0,0.0,1.0571324825286865,0.05713248252868652,1.0,0.0,1.0,0.0,1.0,0.0,1.0,0.0,1.0,0.0
0.0,0.0888671875,1.0,0.0,1.044338345527649,0.044338345527648926,1.0,0.0,1.0,0.0,1.0,0.0,1.0,0.0,1.0,0.0
0.0,0.0908203125,1.0,0.0,1.0371984243392944,0.037198424339294434,1.0,0.0,1.0,0.0,1.0,0.0,1.0,0.0,1.0,0.0
0.0,0.0927734375,1.0,0.0,1.0307745933532715,0.030774593353271484,1.0,0.0,1.0,0.0,1.0,0.0,1.0,0.0,1.0,0.0
0.0,0.0947265625,1.0,0.0,1.0250396728515625,0.0250396728515625,1.0,0.0,1.0,0.0,1.0,0.0,1.0,0.0,1.0,0.0
0.0,0.0966796875,1.0,0.0,1.0204793214797974,0.020479321479797363,1.0,0.0,1.0,0.0,1.0,0.0,1.0,0.0,1.0,0.0
0.0,0.0986328125,1.0,0.0,1.0174853801727295,0.017485380172729492,1.0,0.0,1.0,0.0,1.0,0.0,1.0,0.0,1.0,0.0
0.0,0.1005859375,1.0,0.0,1.0163302421569824,0.016330242156982422,1.0,0.0,1.0,0.0,1.0,0.0,1.0,0.0,1.0,0.0
0.0,0.1025390625,1.0,0.0,1.0171449184417725,0.01714491844177246,1.0,0.0,1.0,0.0,1.0,0.0,1.0,0.0,1.0,0.0
0.0,0.1044921875,1.0,0.0,1.019910454750061,0.019910454750061035,1.0,0.0,1.0,0.0,1.0,0.0,1.0,0.0,1.0,0.0
0.0,0.1064453125,1.0,0.0,1.024472713470459,0.024472713470458984,1.0,0.0,1.0,0.0,1.0,0.0,1.0,0.0,1.0,0.0
0.0,0.1083984375,1.0,0.0,1.0305795669555664,0.030579566955566406,1.0,0.0,1.0,0.0,1.0,0.0,1.0,0.0,1.0,0.0
0.0,0.1103515625,1.0,0.0,1.0379276275634766,0.03792762756347656,1.0,0.0,1.0,0.0,1.0,0.0,1.0,0.0,1.0,0.0
0.0,0.1123046875,1.0,0.0,1.046203374862671,0.0462033748626709,1.0,0.0,1.0,0.0,1.0,0.0,1.0,0.0,1.0,0.0
0.0,0.1142578125,1.0,0.0,1.0551036596298218,0.05510365962982178,1.0,0.0,1.0,0.0,1.0,0.0,1.0,0.0,1.0,0.0
0.0,0.1162109375,1.0,0.0,1.0643317699432373,0.0643317699432373,1.0,0.0,1.0,0.0,1.0,0.0,1.0,0.0,1.0,0.0
0.0,0.1181640625,1.0,0.0,1.070988416671753,0.07098841667175293,1.0,0.0,1.0,0.0,1.0,0.0,1.0,0.0,1.0,0.0
0.0,0.1201171875,1.0,0.0,1.0792301893234253,0.07923018932342529,1.0,0.0,1.0,0.0,1.0,0.0,1.0,0.0,1.0,0.0
0.0,0.1220703125,1.0,0.0,1.0906734466552734,0.09067344665527344,1.0,0.0,1.0,0.0,1.0,0.0,1.0,0.0,1.0,0.0
0.0,0.1240234375,1.0,0.0,1.097684383392334,0.09768438339233398,1.0,0.0,1.0,0.0,1.0,0.0,1.0,0.0,1.0,0.0
0.0,0.1259765625,1.0,0.0,1.103064775466919,0.10306477546691895,1.0,0.0,1.0,0.0,1.0,0.0,1.0,0.0,1.0,0.0
0.0,0.1279296875,1.0,0.0,1.1063884496688843,0.10638844966888428,1.0,0.0,1.0,0.0,1.0,0.0,1.0,0.0,1.0,0.0
0.0,0.1298828125,1.0,0.0,1.1073191165924072,0.10731911659240723,1.0,0.0,1.0,0.0,1.0,0.0,1.0,0.0,1.0,0.0
0.0,0.1318359375,1.0,0.0,1.1056650876998901,0.10566508769989014,1.0,0.0,1.0,0.0,1.0,0.0,1.0,0.0,1.0,0.0
0.0,0.1337890625,1.0,0.0,1.1014152765274048,0.10141527652740479,1.0,0.0,1.0,0.0,1.0,0.0,1.0,0.0,1.0,0.0
0.0,0.1357421875,1.0,0.0,1.094743013381958,0.09474301338195801,1.0,0.0,1.0,0.0,1.0,0.0,1.0,0.0,1.0,0.0
0.0,0.1376953125,1.0,0.0,1.0859744548797607,0.08597445487976074,1.0,0.0,1.0,0.0,1.0,0.0,1.0,0.0,1.0,0.0
0.0,0.1396484375,1.0,0.0,1.0755325555801392,0.07553255558013916,1.0,0.0,1.0,0.0,1.0,0.0,1.0,0.0,1.0,0.0
0.0,0.1416015625,1.0,0.0,1.0638644695281982,0.06386446952819824,1.0,0.0,1.0,0.0,1.0,0.0,1.0,0.0,1.0,0.0
0.0,0.1435546875,1.0,0.0,1.0513834953308105,0.05138349533081055,1.0,0.0,1.0,0.0,1.0,0.0,1.0,0.0,1.0,0.0
0.0,0.1455078125,1.0,0.0,1.0384278297424316,0.03842782974243164,1.0,0.0,1.0,0.0,1.0,0.0,1.0,0.0,1.0,0.0
0.0,0.1474609375,1.0,0.0,1.0512229204177856,0.051222920417785645,1.0,0.0,1.0,0.0,1.0,0.0,1.0,0.0,1.0,0.0
0.0,0.1494140625,1.0,0.0,1.0632479190826416,0.0632479190826416,1.0,0.0,1.0,0.0,1.0,0.0,1.0,0.0,1.0,0.0
0.0,0.1513671875,1.0,0.0,1.072200059890747,0.07220005989074707,1.0,0.0,1.0,0.0,1.0,0.0,1.0,0.0,1.0,0.0
0.0,0.1533203125,1.0,0.0,1.077864170074463,0.07786417007446289,1.0,0.0,1.0,0.0,1.0,0.0,1.0,0.0,1.0,0.0
0.0,0.1552734375,1.0,0.0,1.0802602767944336,0.0802602767944336,1.0,0.0,1.0,0.0,1.0,0.0,1.0,0.0,1.0,0.0
0.0,0.1572265625,1.0,0.0,1.0796000957489014,0.07960009574890137,1.0,0.0,1.0,0.0,1.0,0.0,1.0,0.0,1.0,0.0
0.0,0.1591796875,1.0,0.0,1.0762313604354858,0.07623136043548584,1.0,0.0,1.0,0.0,1.0,0.0,1.0,0.0,1.0,0.0
0.0,0.1611328125,1.0,0.0,1.0705875158309937,0.07058751583099365,1.0,0.0,1.0,0.0,1.0,0.0,1.0,0.0,1.0,0.0
0.0,0.1630859375,1.0,0.0,1.06315016746521,0.06315016746520996,1.0,0.0,1.0,0.0,1.0,0.0,1.0,0.0,1.0,0.0
0.0,0.1650390625,1.0,0.0,1.0544235706329346,0.05442357063293457,1.0,0.0,1.0,0.0,1.0,0.0,1.0,0.0,1.0,0.0
0.0,0.1669921875,1.0,0.0,1.0449159145355225,0.04491591453552246,1.0,0.0,1.0,0.0,1.0,0.0,1.0,0.0,1.0,0.0
0.0,0.1689453125,1.0,0.0,1.0351217985153198,0.035121798515319824,1.0,0.0,1.0,0.0,1.0,0.0,1.0,0.0,1.0,0.0
0.0,0.1708984375,1.0,0.0,1.0255085229873657,0.025508522987365723,1.0,0.0,1.0,0.0,1.0,0.0,1.0,0.0,1.0,0.0
0.0,0.1728515625,1.0,0.0,1.016495704650879,0.016495704650878906,1.0,0.0,1.0,0.0,1.0,0.0,1.0,0.0,1.0,0.0
0.0,0.1748046875,1.0,0.0,1.00844144821167,0.008441448211669922,1.0,0.0,1.0,0.0,1.0,0.0,1.0,0.0,1.0,0.0
0.0,0.1767578125,1.0,0.0,1.0016227960586548,0.0016227960586547852,1.0,0.0,1.0,0.0,1.0,0.0,1.0,0.0,1.0,0.0
0.0,0.1787109375,1.0,0.0,0.9962098598480225,0.003790140151977539,1.0,0.0,1.0,0.0,1.0,0.0,1.0,0.0,1.0,0.0
0.0,0.1806640625,1.0,0.0,0.9922420978546143,0.007757902145385742,1.0,0.0,1.0,0.0,1.0,0.0,1.0,0.0,1.0,0.0
0.0,0.1826171875,1.0,0.0,0.9896019101142883,0.01039808988571167,1.0,0.0,1.0,0.0,1.0,0.0,1.0,0.0,1.0,0.0
0.0,0.1845703125,1.0,0.0,0.9880071878433228,0.011992812156677246,1.0,0.0,1.0,0.0,1.0,0.0,1.0,0.0,1.0,0.0
0.0,0.1865234375,1.0,0.0,0.9870211482048035,0.012978851795196533,1.0,0.0,1.0,0.0,1.0,0.0,1.0,0.0,1.0,0.0
0.0,0.1884765625,1.0,0.0,0.9860947132110596,0.01390528678894043,1.0,0.0,1.0,0.0,1.0,0.0,1.0,0.0,1.0,0.0
0.0,0.1904296875,1.0,0.0,0.9846320748329163,0.01536792516708374,1.0,0.0,1.0,0.0,1.0,0.0,1.0,0.0,1.0,0.0
0.0,0.1923828125,1.0,0.0,0.9820718169212341,0.01792818307876587,1.0,0.0,1.0,0.0,1.0,0.0,1.0,0.0,1.0,0.0
0.0,0.1943359375,1.0,0.0,0.977968692779541,0.022031307220458984,1.0,0.0,1.0,0.0,1.0,0.0,1.0,0.0,1.0,0.0
0.0,0.1962890625,1.0,0.0,0.9720598459243774,0.02794015407562256,1.0,0.0,1.0,0.0,1.0,0.0,1.0,0.0,1.0,0.0
0.0,0.1982421875,1.0,0.0,0.9642943143844604,0.03570568561553955,1.0,0.0,1.0,0.0,1.0,0.0,1.0,0.0,1.0,0.0
0.0,0.2001953125,1.0,0.0,0.9548237323760986,0.04517626762390137,1.0,0.0,1.0,0.0,1.0,0.0,1.0,0.0,1.0,0.0
0.0,0.2021484375,1.0,0.0,0.9439488053321838,0.05605119466781616,1.0,0.0,1.0,0.0,1.0,0.0,1.0,0.0,1.0,0.0
0.0,0.2041015625,1.0,0.0,0.9320462346076965,0.06795376539230347,1.0,0.0,1.0,0.0,1.0,0.0,1.0,0.0,1.0,0.0
0.0,0.2060546875,1.0,0.0,0.9194978475570679,0.08050215244293213,1.0,0.0,1.0,0.0,1.0,0.0,1.0,0.0,1.0,0.0
0.0,0.2080078125,1.0,0.0,0.9066515564918518,0.0933484435081482,1.0,0.0,1.0,0.0,1.0,0.0,1.0,0.0,1.0,0.0
0.0,0.2099609375,1.0,0.0,0.8938226699829102,0.10617733001708984,1.0,0.0,1.0,0.0,1.0,0.0,1.0,0.0,1.0,0.0
0.0,0.2119140625,1.0,0.0,0.8860095143318176,0.11399048566818237,1.0,0.0,1.0,0.0,1.0,0.0,1.0,0.0,1.0,0.0
0.0,0.2138671875,1.0,0.0,0.8914200067520142,0.10857999324798584,1.0,0.0,1.0,0.0,1.0,0.0,1.0,0.0,1.0,0.0
0.0,0.2158203125,1.0,0.0,0.8986907005310059,0.10130929946899414,1.0,0.0,1.0,0.0,1.0,0.0,1.0,0.0,1.0,0.0
0.0,0.2177734375,1.0,0.0,0.907887876033783,0.09211212396621704,1.0,0.0,1.0,0.0,1.0,0.0,1.0,0.0,1.0,0.0
0.0,0.2197265625,1.0,0.0,0.9190282225608826,0.08097177743911743,1.0,0.0,1.0,0.0,1.0,0.0,1.0,0.0,1.0,0.0
0.0,0.2216796875,1.0,0.0,0.9320228695869446,0.06797713041305542,1.0,0.0,1.0,0.0,1.0,0.0,1.0,0.0,1.0,0.0
0.0,0.2236328125,1.0,0.0,0.946619987487793,0.05338001251220703,1.0,0.0,1.0,0.0,1.0,0.0,1.0,0.0,1.0,0.0
0.0,0.2255859375,1.0,0.0,0.9623618721961975,0.03763812780380249,1.0,0.0,1.0,0.0,1.0,0.0,1.0,0.0,1.0,0.0
0.0,0.2275390625,1.0,0.0,0.9785682559013367,0.02143174409866333,1.0,0.0,1.0,0.0,1.0,0.0,1.0,0.0,1.0,0.0
0.0,0.2294921875,1.0,0.0,0.9943569898605347,0.005643010139465332,1.0,0.0,1.0,0.0,1.0,0.0,1.0,0.0,1.0,0.0
0.0,0.2314453125,1.0,0.0,1.008700966835022,0.008700966835021973,1.0,0.0,1.0,0.0,1.0,0.0,1.0,0.0,1.0,0.0
0.0,0.2333984375,1.0,0.0,1.020522117614746,0.020522117614746094,1.0,0.0,1.0,0.0,1.0,0.0,1.0,0.0,1.0,0.0
0.0,0.2353515625,1.0,0.0,1.0288100242614746,0.02881002426147461,1.0,0.0,1.0,0.0,1.0,0.0,1.0,0.0,1.0,0.0
0.0,0.2373046875,1.0,0.0,1.0327543020248413,0.03275430202484131,1.0,0.0,1.0,0.0,1.0,0.0,1.0,0.0,1.0,0.0
0.0,0.2392578125,1.0,0.0,1.0318646430969238,0.03186464309692383,1.0,0.0,1.0,0.0,1.0,0.0,1.0,0.0,1.0,0.0
0.0,0.2412109375,1.0,0.0,1.0260580778121948,0.026058077812194824,1.0,0.0,1.0,0.0,1.0,0.0,1.0,0.0,1.0,0.0
0.0,0.2431640625,1.0,0.0,1.015686273574829,0.0156862735748291,1.0,0.0,1.0,0.0,1.0,0.0,1.0,0.0,1.0,0.0
0.0,0.2451171875,1.0,0.0,1.0014925003051758,0.0014925003051757812,1.0,0.0,1.0,0.0,1.0,0.0,1.0,0.0,1.0,0.0
0.0,0.2470703125,1.0,0.0,0.984506368637085,0.015493631362915039,1.0,0.0,1.0,0.0,1.0,0.0,1.0,0.0,1.0,0.0
0.0,0.2490234375,1.0,0.0,0.9658957719802856,0.034104228019714355,1.0,0.0,1.0,0.0,1.0,0.0,1.0,0.0,1.0,0.0
0.0,0.2509765625,1.0,0.0,0.9468173384666443,0.05318266153335571,1.0,0.0,1.0,0.0,1.0,0.0,1.0,0.0,1.0,0.0
0.0,0.2529296875,1.0,0.0,0.9282942414283752,0.07170575857162476,1.0,0.0,1.0,0.0,1.0,0.0,1.0,0.0,1.0,0.0
0.0,0.2548828125,1.0,0.0,0.9111419320106506,0.08885806798934937,1.0,0.0,1.0,0.0,1.0,0.0,1.0,0.0,1.0,0.0
0.0,0.2568359375,1.0,0.0,0.895942747592926,0.10405725240707397,1.0,0.0,1.0,0.0,1.0,0.0,1.0,0.0,1.0,0.0
0.0,0.2587890625,1.0,0.0,0.8830636143684387,0.11693638563156128,1.0,0.0,1.0,0.0,1.0,0.0,1.0,0.0,1.0,0.0
0.0,0.2607421875,1.0,0.0,0.8767423629760742,0.12325763702392578,1.0,0.0,1.0,0.0,1.0,0.0,1.0,0.0,1.0,0.0
0.0,0.2626953125,1.0,0.0,0.8751188516616821,0.12488114833831787,1.0,0.0,1.0,0.0,1.0,0.0,1.0,0.0,1.0,0.0
0.0,0.2646484375,1.0,0.0,0.8735124468803406,0.12648755311965942,1.0,0.0,1.0,0.0,1.0,0.0,1.0,0.0,1.0,0.0
0.0,0.2666015625,1.0,0.0,0.8719761371612549,0.12802386283874512,1.0,0.0,1.0,0.0,1.0,0.0,1.0,0.0,1.0,0.0
0.0,0.2685546875,1.0,0.0,0.8705079555511475,0.12949204444885254,1.0,0.0,1.0,0.0,1.0,0.0,1.0,0.0,1.0,0.0
0.0,0.2705078125,1.0,0.0,0.8690422177314758,0.13095778226852417,1.0,0.0,1.0,0.0,1.0,0.0,1.0,0.0,1.0,0.0
0.0,0.2724609375,1.0,0.0,0.8674538135528564,0.13254618644714355,1.0,0.0,1.0,0.0,1.0,0.0,1.0,0.0,1.0,0.0
0.0,0.2744140625,1.0,0.0,0.868111789226532,0.13188821077346802,1.0,0.0,1.0,0.0,1.0,0.0,1.0,0.0,1.0,0.0
0.0,0.2763671875,1.0,0.0,0.8750354051589966,0.12496459484100342,1.0,0.0,1.0,0.0,1.0,0.0,1.0,0.0,1.0,0.0
0.0,0.2783203125,1.0,0.0,0.8828375339508057,0.11716246604919434,1.0,0.0,1.0,0.0,1.0,0.0,1.0,0.0,1.0,0.0
0.0,0.2802734375,1.0,0.0,0.8910759091377258,0.10892409086227417,1.0,0.0,1.0,0.0,1.0,0.0,1.0,0.0,1.0,0.0
0.0,0.2822265625,1.0,0.0,0.8993449807167053,0.10065501928329468,1.0,0.0,1.0,0.0,1.0,0.0,1.0,0.0,1.0,0.0
0.0,0.2841796875,1.0,0.0,0.9073137044906616,0.09268629550933838,1.0,0.0,1.0,0.0,1.0,0.0,1.0,0.0,1.0,0.0
0.0,0.2861328125,1.0,0.0,0.9147445559501648,0.0852554440498352,1.0,0.0,1.0,0.0,1.0,0.0,1.0,0.0,1.0,0.0
0.0,0.2880859375,1.0,0.0,0.9214875102043152,0.07851248979568481,1.0,0.0,1.0,0.0,1.0,0.0,1.0,0.0,1.0,0.0
0.0,0.2900390625,1.0,0.0,0.9274559617042542,0.07254403829574585,1.0,0.0,1.0,0.0,1.0,0.0,1.0,0.0,1.0,0.0
0.0,0.2919921875,1.0,0.0,0.9325968623161316,0.06740313768386841,1.0,0.0,1.0,0.0,1.0,0.0,1.0,0.0,1.0,0.0
0.0,0.2939453125,1.0,0.0,0.9368712902069092,0.06312870979309082,1.0,0.0,1.0,0.0,1.0,0.0,1.0,0.0,1.0,0.0
0.0,0.2958984375,1.0,0.0,0.9402522444725037,0.05974775552749634,1.0,0.0,1.0,0.0,1.0,0.0,1.0,0.0,1.0,0.0
0.0,0.2978515625,1.0,0.0,0.9427390098571777,0.057260990142822266,1.0,0.0,1.0,0.0,1.0,0.0,1.0,0.0,1.0,0.0
0.0,0.2998046875,1.0,0.0,0.9443796277046204,0.05562037229537964,1.0,0.0,1.0,0.0,1.0,0.0,1.0,0.0,1.0,0.0
0.0,0.3017578125,1.0,0.0,0.9452884197235107,0.05471158027648926,1.0,0.0,1.0,0.0,1.0,0.0,1.0,0.0,1.0,0.0
0.0,0.3037109375,1.0,0.0,0.9456496834754944,0.054350316524505615,1.0,0.0,1.0,0.0,1.0,0.0,1.0,0.0,1.0,0.0
0.0,0.3056640625,1.0,0.0,0.9457060098648071,0.05429399013519287,1.0,0.0,1.0,0.0,1.0,0.0,1.0,0.0,1.0,0.0
0.0,0.3076171875,1.0,0.0,0.9457305669784546,0.05426943302154541,1.0,0.0,1.0,0.0,1.0,0.0,1.0,0.0,1.0,0.0
0.0,0.3095703125,1.0,0.0,0.9459895491600037,0.05401045083999634,1.0,0.0,1.0,0.0,1.0,0.0,1.0,0.0,1.0,0.0
0.0,0.3115234375,1.0,0.0,0.9467000961303711,0.053299903869628906,1.0,0.0,1.0,0.0,1.0,0.0,1.0,0.0,1.0,0.0
0.0,0.3134765625,1.0,0.0,0.9479967951774597,0.05200320482254028,1.0,0.0,1.0,0.0,1.0,0.0,1.0,0.0,1.0,0.0
0.0,0.3154296875,1.0,0.0,0.9499080777168274,0.05009192228317261,1.0,0.0,1.0,0.0,1.0,0.0,1.0,0.0,1.0,0.0
0.0,0.3173828125,1.0,0.0,0.9523555040359497,0.04764449596405029,1.0,0.0,1.0,0.0,1.0,0.0,1.0,0.0,1.0,0.0
0.0,0.3193359375,1.0,0.0,0.9551730155944824,0.04482698440551758,1.0,0.0,1.0,0.0,1.0,0.0,1.0,0.0,1.0,0.0
0.0,0.3212890625,1.0,0.0,0.9581459164619446,0.04185408353805542,1.0,0.0,1.0,0.0,1.0,0.0,1.0,0.0,1.0,0.0
0.0,0.3232421875,1.0,0.0,0.9610568284988403,0.03894317150115967,1.0,0.0,1.0,0.0,1.0,0.0,1.0,0.0,1.0,0.0
0.0,0.3251953125,1.0,0.0,0.9637305736541748,0.036269426345825195,1.0,0.0,1.0,0.0,1.0,0.0,1.0,0.0,1.0,0.0
0.0,0.3271484375,1.0,0.0,0.9660610556602478,0.0339389443397522,1.0,0.0,1.0,0.0,1.0,0.0,1.0,0.0,1.0,0.0
0.0,0.3291015625,1.0,0.0,0.9680176377296448,0.031982362270355225,1.0,0.0,1.0,0.0,1.0,0.0,1.0,0.0,1.0,0.0
0.0,0.3310546875,1.0,0.0,0.9696291089057922,0.030370891094207764,1.0,0.0,1.0,0.0,1.0,0.0,1.0,0.0,1.0,0.0
0.0,0.3330078125,1.0,0.0,0.9709550738334656,0.029044926166534424,1.0,0.0,1.0,0.0,1.0,0.0,1.0,0.0,1.0,0.0
0.0,0.3349609375,1.0,0.0,0.9720545411109924,0.02794545888900757,1.0,0.0,1.0,0.0,1.0,0.0,1.0,0.0,1.0,0.0
0.0,0.3369140625,1.0,0.0,0.9729639887809753,0.027036011219024658,1.0,0.0,1.0,0.0,1.0,0.0,1.0,0.0,1.0,0.0
0.0,0.3388671875,1.0,0.0,0.9736957550048828,0.026304244995117188,1.0,0.0,1.0,0.0,1.0,0.0,1.0,0.0,1.0,0.0
0.0,0.3408203125,1.0,0.0,0.9742537140846252,0.025746285915374756,1.0,0.0,1.0,0.0,1.0,0.0,1.0,0.0,1.0,0.0
0.0,0.3427734375,1.0,0.0,0.9746658205986023,0.025334179401397705,1.0,0.0,1.0,0.0,1.0,0.0,1.0,0.0,1.0,0.0
0.0,0.3447265625,1.0,0.0,0.9750223159790039,0.024977684020996094,1.0,0.0,1.0,0.0,1.0,0.0,1.0,0.0,1.0,0.0
0.0,0.3466796875,1.0,0.0,0.9755038022994995,0.02449619770050049,1.0,0.0,1.0,0.0,1.0,0.0,1.0,0.0,1.0,0.0
0.0,0.3486328125,1.0,0.0,0.9763844609260559,0.023615539073944092,1.0,0.0,1.0,0.0,1.0,0.0,1.0,0.0,1.0,0.0
0.0,0.3505859375,1.0,0.0,0.9779977202415466,0.02200227975845337,1.0,0.0,1.0,0.0,1.0,0.0,1.0,0.0,1.0,0.0
0.0,0.3525390625,1.0,0.0,0.9806559085845947,0.019344091415405273,1.0,0.0,1.0,0.0,1.0,0.0,1.0,0.0,1.0,0.0
0.0,0.3544921875,1.0,0.0,0.9845398664474487,0.01546013355255127,1.0,0.0,1.0,0.0,1.0,0.0,1.0,0.0,1.0,0.0
0.0,0.3564453125,1.0,0.0,0.9895868897438049,0.010413110256195068,1.0,0.0,1.0,0.0,1.0,0.0,1.0,0.0,1.0,0.0
0.0,0.3583984375,1.0,0.0,0.9954178929328918,0.004582107067108154,1.0,0.0,1.0,0.0,1.0,0.0,1.0,0.0,1.0,0.0
0.0,0.3603515625,1.0,0.0,0.9957824945449829,0.00421750545501709,1.0,0.0,1.0,0.0,1.0,0.0,1.0,0.0,1.0,0.0
0.0,0.3623046875,1.0,0.0,0.9949654340744019,0.0050345659255981445,1.0,0.0,1.0,0.0,1.0,0.0,1.0,0.0,1.0,0.0
0.0,0.3642578125,1.0,0.0,0.9953806400299072,0.0046193599700927734,1.0,0.0,1.0,0.0,1.0,0.0,1.0,0.0,1.0,0.0
0.0,0.3662109375,1.0,0.0,0.9970766305923462,0.0029233694076538086,1.0,0.0,1.0,0.0,1.0,0.0,1.0,0.0,1.0,0.0
0.0,0.3681640625,1.0,0.0,1.0000035762786865,3.5762786865234375e-06,1.0,0.0,1.0,0.0,1.0,0.0,1.0,0.0,1.0,0.0
0.0,0.3701171875,1.0,0.0,1.000826358795166,0.0008263587951660156,1.0,0.0,1.0,0.0,1.0,0.0,1.0,0.0,1.0,0.0
0.0,0.3720703125,1.0,0.0,0.9905595183372498,0.009440481662750244,1.0,0.0,1.0,0.0,1.0,0.0,1.0,0.0,1.0,0.0
0.0,0.3740234375,1.0,0.0,0.9771416783332825,0.02285832166671753,1.0,0.0,1.0,0.0,1.0,0.0,1.0,0.0,1.0,0.0
0.0,0.3759765625,1.0,0.0,0.9614825248718262,0.03851747512817383,1.0,0.0,1.0,0.0,1.0,0.0,1.0,0.0,1.0,0.0
0.0,0.3779296875,1.0,0.0,0.9447712898254395,0.05522871017456055,1.0,0.0,1.0,0.0,1.0,0.0,1.0,0.0,1.0,0.0
0.0,0.3798828125,1.0,0.0,0.9282975196838379,0.07170248031616211,1.0,0.0,1.0,0.0,1.0,0.0,1.0,0.0,1.0,0.0
0.0,0.3818359375,1.0,0.0,0.9132510423660278,0.08674895763397217,1.0,0.0,1.0,0.0,1.0,0.0,1.0,0.0,1.0,0.0
0.0,0.3837890625,1.0,0.0,0.9005537629127502,0.09944623708724976,1.0,0.0,1.0,0.0,1.0,0.0,1.0,0.0,1.0,0.0
0.0,0.3857421875,1.0,0.0,0.8907677531242371,0.10923224687576294,1.0,0.0,1.0,0.0,1.0,0.0,1.0,0.0,1.0,0.0
0.0,0.3876953125,1.0,0.0,0.8840910792350769,0.1159089207649231,1.0,0.0,1.0,0.0,1.0,0.0,1.0,0.0,1.0,0.0
0.0,0.3896484375,1.0,0.0,0.8804203867912292,0.11957961320877075,1.0,0.0,1.0,0.0,1.0,0.0,1.0,0.0,1.0,0.0
0.0,0.3916015625,1.0,0.0,0.8794455528259277,0.12055444717407227,1.0,0.0,1.0,0.0,1.0,0.0,1.0,0.0,1.0,0.0
0.0,0.3935546875,1.0,0.0,0.880742609500885,0.11925739049911499,1.0,0.0,1.0,0.0,1.0,0.0,1.0,0.0,1.0,0.0
0.0,0.3955078125,1.0,0.0,0.8838464617729187,0.1161535382270813,1.0,0.0,1.0,0.0,1.0,0.0,1.0,0.0,1.0,0.0
0.0,0.3974609375,1.0,0.0,0.888294517993927,0.111705482006073,1.0,0.0,1.0,0.0,1.0,0.0,1.0,0.0,1.0,0.0
0.0,0.3994140625,1.0,0.0,0.8936430215835571,0.10635697841644287,1.0,0.0,1.0,0.0,1.0,0.0,1.0,0.0,1.0,0.0
0.0,0.4013671875,1.0,0.0,0.8994623422622681,0.10053765773773193,1.0,0.0,1.0,0.0,1.0,0.0,1.0,0.0,1.0,0.0
0.0,0.4033203125,1.0,0.0,0.905320405960083,0.09467959403991699,1.0,0.0,1.0,0.0,1.0,0.0,1.0,0.0,1.0,0.0
0.0,0.4052734375,1.0,0.0,0.9107691645622253,0.08923083543777466,1.0,0.0,1.0,0.0,1.0,0.0,1.0,0.0,1.0,0.0
0.0,0.4072265625,1.0,0.0,0.9153413772583008,0.08465862274169922,1.0,0.0,1.0,0.0,1.0,0.0,1.0,0.0,1.0,0.0
0.0,0.4091796875,1.0,0.0,0.9185702800750732,0.08142971992492676,1.0,0.0,1.0,0.0,1.0,0.0,1.0,0.0,1.0,0.0
0.0,0.4111328125,1.0,0.0,0.9200281500816345,0.07997184991836548,1.0,0.0,1.0,0.0,1.0,0.0,1.0,0.0,1.0,0.0
0.0,0.4130859375,1.0,0.0,0.9193790555000305,0.08062094449996948,1.0,0.0,1.0,0.0,1.0,0.0,1.0,0.0,1.0,0.0
0.0,0.4150390625,1.0,0.0,0.9164310097694397,0.0835689902305603,1.0,0.0,1.0,0.0,1.0,0.0,1.0,0.0,1.0,0.0
0.0,0.4169921875,1.0,0.0,0.9262187480926514,0.07378125190734863,1.0,0.0,1.0,0.0,1.0,0.0,1.0,0.0,1.0,0.0
0.0,0.4189453125,1.0,0.0,0.9359716176986694,0.06402838230133057,1.0,0.0,1.0,0.0,1.0,0.0,1.0,0.0,1.0,0.0
0.0,0.4208984375,1.0,0.0,0.9443337321281433,0.05566626787185669,1.0,0.0,1.0,0.0,1.0,0.0,1.0,0.0,1.0,0.0
0.0,0.4228515625,1.0,0.0,0.9513229727745056,0.048677027225494385,1.0,0.0,1.0,0.0,1.0,0.0,1.0,0.0,1.0,0.0
0.0,0.4248046875,1.0,0.0,0.9571354389190674,0.04286456108093262,1.0,0.0,1.0,0.0,1.0,0.0,1.0,0.0,1.0,0.0
0.0,0.4267578125,1.0,0.0,0.9621365666389465,0.03786343336105347,1.0,0.0,1.0,0.0,1.0,0.0,1.0,0.0,1.0,0.0
0.0,0.4287109375,1.0,0.0,0.9668282866477966,0.03317171335220337,1.0,0.0,1.0,0.0,1.0,0.0,1.0,0.0,1.0,0.0
0.0,0.4306640625,1.0,0.0,0.971783459186554,0.028216540813446045,1.0,0.0,1.0,0.0,1.0,0.0,1.0,0.0,1.0,0.0
0.0,0.4326171875,1.0,0.0,0.9775655269622803,0.022434473037719727,1.0,0.0,1.0,0.0,1.0,0.0,1.0,0.0,1.0,0.0
0.0,0.4345703125,1.0,0.0,0.9846444725990295,0.015355527400970459,1.0,0.0,1.0,0.0,1.0,0.0,1.0,0.0,1.0,0.0
0.0,0.4365234375,1.0,0.0,0.9933318495750427,0.006668150424957275,1.0,0.0,1.0,0.0,1.0,0.0,1.0,0.0,1.0,0.0
0.0,0.4384765625,1.0,0.0,1.0037472248077393,0.003747224807739258,1.0,0.0,1.0,0.0,1.0,0.0,1.0,0.0,1.0,0.0
0.0,0.4404296875,1.0,0.0,1.0158162117004395,0.015816211700439453,1.0,0.0,1.0,0.0,1.0,0.0,1.0,0.0,1.0,0.0
0.0,0.4423828125,1.0,0.0,1.0292954444885254,0.02929544448852539,1.0,0.0,1.0,0.0,1.0,0.0,1.0,0.0,1.0,0.0
0.0,0.4443359375,1.0,0.0,1.0438172817230225,0.04381728172302246,1.0,0.0,1.0,0.0,1.0,0.0,1.0,0.0,1.0,0.0
0.0,0.4462890625,1.0,0.0,1.0589367151260376,0.0589367151260376,1.0,0.0,1.0,0.0,1.0,0.0,1.0,0.0,1.0,0.0
0.0,0.4482421875,1.0,0.0,1.0741826295852661,0.07418262958526611,1.0,0.0,1.0,0.0,1.0,0.0,1.0,0.0,1.0,0.0
0.0,0.4501953125,1.0,0.0,1.0891021490097046,0.08910214900970459,1.0,0.0,1.0,0.0,1.0,0.0,1.0,0.0,1.0,0.0
0.0,0.4521484375,1.0,0.0,1.0965604782104492,0.09656047821044922,1.0,0.0,1.0,0.0,1.0,0.0,1.0,0.0,1.0,0.0
0.0,0.4541015625,1.0,0.0,1.1008085012435913,0.10080850124359131,1.0,0.0,1.0,0.0,1.0,0.0,1.0,0.0,1.0,0.0
0.0,0.4560546875,1.0,0.0,1.1034408807754517,0.10344088077545166,1.0,0.0,1.0,0.0,1.0,0.0,1.0,0.0,1.0,0.0
0.0,0.4580078125,1.0,0.0,1.1043813228607178,0.10438132286071777,1.0,0.0,1.0,0.0,1.0,0.0,1.0,0.0,1.0,0.0
0.0,0.4599609375,1.0,0.0,1.1038057804107666,0.1038057804107666,1.0,0.0,1.0,0.0,1.0,0.0,1.0,0.0,1.0,0.0
0.0,0.4619140625,1.0,0.0,1.1021339893341064,0.10213398933410645,1.0,0.0,1.0,0.0,1.0,0.0,1.0,0.0,1.0,0.0
0.0,0.4638671875,1.0,0.0,1.0999763011932373,0.0999763011932373,1.0,0.0,1.0,0.0,1.0,0.0,1.0,0.0,1.0,0.0
0.0,0.4658203125,1.0,0.0,1.0980359315872192,0.09803593158721924,1.0,0.0,1.0,0.0,1.0,0.0,1.0,0.0,1.0,0.0
0.0,0.4677734375,1.0,0.0,1.096970796585083,0.09697079658508301,1.0,0.0,1.0,0.0,1.0,0.0,1.0,0.0,1.0,0.0
0.0,0.4697265625,1.0,0.0,1.0972599983215332,0.0972599983215332,1.0,0.0,1.0,0.0,1.0,0.0,1.0,0.0,1.0,0.0
0.0,0.4716796875,1.0,0.0,1.0991252660751343,0.09912526607513428,1.0,0.0,1.0,0.0,1.0,0.0,1.0,0.0,1.0,0.0
0.0,0.4736328125,1.0,0.0,1.1025499105453491,0.10254991054534912,1.0,0.0,1.0,0.0,1.0,0.0,1.0,0.0,1.0,0.0
0.0,0.4755859375,1.0,0.0,1.1073840856552124,0.1073840856552124,1.0,0.0,1.0,0.0,1.0,0.0,1.0,0.0,1.0,0.0
0.0,0.4775390625,1.0,0.0,1.1135015487670898,0.11350154876708984,1.0,0.0,1.0,0.0,1.0,0.0,1.0,0.0,1.0,0.0
0.0,0.4794921875,1.0,0.0,1.1209437847137451,0.12094378471374512,1.0,0.0,1.0,0.0,1.0,0.0,1.0,0.0,1.0,0.0
0.0,0.4814453125,1.0,0.0,1.1300138235092163,0.1300138235092163,1.0,0.0,1.0,0.0,1.0,0.0,1.0,0.0,1.0,0.0
0.0,0.4833984375,1.0,0.0,1.1412758827209473,0.14127588272094727,1.0,0.0,1.0,0.0,1.0,0.0,1.0,0.0,1.0,0.0
0.0,0.4853515625,1.0,0.0,1.1554489135742188,0.15544891357421875,1.0,0.0,1.0,0.0,1.0,0.0,1.0,0.0,1.0,0.0
0.0,0.4873046875,1.0,0.0,1.173205018043518,0.17320501804351807,1.0,0.0,1.0,0.0,1.0,0.0,1.0,0.0,1.0,0.0
0.0,0.4892578125,1.0,0.0,1.194928526878357,0.19492852687835693,1.0,0.0,1.0,0.0,1.0,0.0,1.0,0.0,1.0,0.0
0.0,0.4912109375,1.0,0.0,1.2205311059951782,0.22053110599517822,1.0,0.0,1.0,0.0,1.0,0.0,1.0,0.0,1.0,0.0
0.0,0.4931640625,1.0,0.5843787315949236,1.249401330947876,0.24940133094787598,1.0,0.0,1.0,0.0,1.0,0.0,1.0,0.0,1.0,0.0
0.0,0.4951171875,1.0,0.5843787315949236,1.2805132865905762,0.28051328659057617,1.0,0.0,1.0,0.0,1.0,0.0,1.0,0.0,1.0,0.0
0.0,0.4970703125,1.0,0.5843787315949236,1.3126311302185059,0.31263113021850586,1.0,0.0,1.0,0.0,1.0,0.0,1.0,0.0,1.0,0.0
0.0,0.4990234375,1.0,0.5843787315949236,1.335360050201416,0.335360050201416,1.0,0.0,1.0,0.0,1.0,0.0,1.0,0.0,1.0,0.0
0.0,0.5009765625,1.0,7.1212489786203e-05,1.576878547668457,0.576878547668457,1.0,0.0,1.0,0.0,1.0,0.0,1.0,0.0,1.0,0.0
0.0,0.5029296875,1.0,7.1212489786203e-05,1.6020147800445557,0.6020147800445557,1.0,0.0,1.0,0.0,1.0,0.0,1.0,0.0,1.0,0.0
0.0,0.5048828125,1.0,7.1212489786203e-05,1.6217734813690186,0.6217734813690186,1.0,0.0,1.0,0.0,1.0,0.0,1.0,0.0,1.0,0.0
0.0,0.5068359375,1.0,7.1212489786203e-05,1.6361199617385864,0.6361199617385864,1.0,0.0,1.0,0.0,1.0,0.0,1.0,0.0,1.0,0.0
0.0,0.5087890625,1.0,0.0,1.6452494859695435,0.6452494859695435,1.0,0.0,1.0,0.0,1.0,0.0,1.0,0.0,1.0,0.0
0.0,0.5107421875,1.0,0.0,1.6496652364730835,0.6496652364730835,1.0,0.0,1.0,0.0,1.0,0.0,1.0,0.0,1.0,0.0
0.0,0.5126953125,1.0,0.0,1.6487095355987549,0.6487095355987549,1.0,0.0,1.0,0.0,1.0,0.0,1.0,0.0,1.0,0.0
0.0,0.5146484375,1.0,0.0,1.6327072381973267,0.6327072381973267,1.0,0.0,1.0,0.0,1.0,0.0,1.0,0.0,1.0,0.0
0.0,0.5166015625,1.0,0.0,1.6138060092926025,0.6138060092926025,1.0,0.0,1.0,0.0,1.0,0.0,1.0,0.0,1.0,0.0
0.0,0.5185546875,1.0,0.0,1.5923964977264404,0.5923964977264404,1.0,0.0,1.0,0.0,1.0,0.0,1.0,0.0,1.0,0.0
0.0,0.5205078125,1.0,0.0,1.5688238143920898,0.5688238143920898,1.0,0.0,1.0,0.0,1.0,0.0,1.0,0.0,1.0,0.0
0.0,0.5224609375,1.0,0.0,1.5434093475341797,0.5434093475341797,1.0,0.0,1.0,0.0,1.0,0.0,1.0,0.0,1.0,0.0
0.0,0.5244140625,1.0,0.0,1.516489028930664,0.5164890289306641,1.0,0.0,1.0,0.0,1.0,0.0,1.0,0.0,1.0,0.0
0.0,0.5263671875,1.0,0.0,1.4884461164474487,0.48844611644744873,1.0,0.0,1.0,0.0,1.0,0.0,1.0,0.0,1.0,0.0
0.0,0.5283203125,1.0,0.0,1.4597302675247192,0.45973026752471924,1.0,0.0,1.0,0.0,1.0,0.0,1.0,0.0,1.0,0.0
0.0,0.5302734375,1.0,0.0,1.4308252334594727,0.43082523345947266,1.0,0.0,1.0,0.0,1.0,0.0,1.0,0.0,1.0,0.0
0.0,0.5322265625,1.0,0.0,1.4021649360656738,0.40216493606567383,1.0,0.0,1.0,0.0,1.0,0.0,1.0,0.0,1.0,0.0
0.0,0.5341796875,1.0,0.0,1.3740086555480957,0.3740086555480957,1.0,0.0,1.0,0.0,1.0,0.0,1.0,0.0,1.0,0.0
0.0,0.5361328125,1.0,0.0,1.3463246822357178,0.3463246822357178,1.0,0.0,1.0,0.0,1.0,0.0,1.0,0.0,1.0,0.0
0.0,0.5380859375,1.0,0.0,1.3226556777954102,0.32265567779541016,1.0,0.0,1.0,0.0,1.0,0.0,1.0,0.0,1.0,0.0
0.0,0.5400390625,1.0,0.0,1.329412579536438,0.329412579536438,1.0,0.0,1.0,0.0,1.0,0.0,1.0,0.0,1.0,0.0
0.0,0.5419921875,1.0,0.0,1.3365906476974487,0.33659064769744873,1.0,0.0,1.0,0.0,1.0,0.0,1.0,0.0,1.0,0.0
0.0,0.5439453125,1.0,0.0,1.3431954383850098,0.34319543838500977,1.0,0.0,1.0,0.0,1.0,0.0,1.0,0.0,1.0,0.0
0.0,0.5458984375,1.0,0.0,1.348192811012268,0.34819281101226807,1.0,0.0,1.0,0.0,1.0,0.0,1.0,0.0,1.0,0.0
0.0,0.5478515625,1.0,0.0,1.350635290145874,0.350635290145874,1.0,0.0,1.0,0.0,1.0,0.0,1.0,0.0,1.0,0.0
0.0,0.5498046875,1.0,0.0,1.3498073816299438,0.34980738162994385,1.0,0.0,1.0,0.0,1.0,0.0,1.0,0.0,1.0,0.0
0.0,0.5517578125,1.0,0.0,1.345357060432434,0.3453570604324341,1.0,0.0,1.0,0.0,1.0,0.0,1.0,0.0,1.0,0.0
0.0,0.5537109375,1.0,0.0,1.3373651504516602,0.33736515045166016,1.0,0.0,1.0,0.0,1.0,0.0,1.0,0.0,1.0,0.0
0.0,0.5556640625,1.0,0.0,1.326309084892273,0.32630908489227295,1.0,0.0,1.0,0.0,1.0,0.0,1.0,0.0,1.0,0.0
0.0,0.5576171875,1.0,0.0,1.312949299812317,0.3129492998123169,1.0,0.0,1.0,0.0,1.0,0.0,1.0,0.0,1.0,0.0
0.0,0.5595703125,1.0,0.0,1.2981772422790527,0.29817724227905273,1.0,0.0,1.0,0.0,1.0,0.0,1.0,0.0,1.0,0.0
0.0,0.5615234375,1.0,0.0,1.282882571220398,0.28288257122039795,1.0,0.0,1.0,0.0,1.0,0.0,1.0,0.0,1.0,0.0
0.0,0.5634765625,1.0,0.0,1.2678582668304443,0.26785826683044434,1.0,0.0,1.0,0.0,1.0,0.0,1.0,0.0,1.0,0.0
0.0,0.5654296875,1.0,0.0,1.2537412643432617,0.2537412643432617,1.0,0.0,1.0,0.0,1.0,0.0,1.0,0.0,1.0,0.0
0.0,0.5673828125,1.0,0.0,1.2368896007537842,0.23688960075378418,1.0,0.0,1.0,0.0,1.0,0.0,1.0,0.0,1.0,0.0
0.0,0.5693359375,1.0,0.0,1.202226996421814,0.20222699642181396,1.0,0.0,1.0,0.0,1.0,0.0,1.0,0.0,1.0,0.0
0.0,0.5712890625,1.0,0.0,1.1732561588287354,0.17325615882873535,1.0,0.0,1.0,0.0,1.0,0.0,1.0,0.0,1.0,0.0
0.0,0.5732421875,1.0,0.0,1.149108648300171,0.1491086483001709,1.0,0.0,1.0,0.0,1.0,0.0,1.0,0.0,1.0,0.0
0.0,0.5751953125,1.0,0.0,1.1287003755569458,0.1287003755569458,1.0,0.0,1.0,0.0,1.0,0.0,1.0,0.0,1.0,0.0
0.0,0.5771484375,1.0,0.0,1.1108425855636597,0.11084258556365967,1.0,0.0,1.0,0.0,1.0,0.0,1.0,0.0,1.0,0.0
0.0,0.5791015625,1.0,0.0,1.0943292379379272,0.09432923793792725,1.0,0.0,1.0,0.0,1.0,0.0,1.0,0.0,1.0,0.0
0.0,0.5810546875,1.0,0.0,1.0780221223831177,0.07802212238311768,1.0,0.0,1.0,0.0,1.0,0.0,1.0,0.0,1.0,0.0
0.0,0.5830078125,1.0,0.0,1.0609287023544312,0.06092870235443115,1.0,0.0,1.0,0.0,1.0,0.0,1.0,0.0,1.0,0.0
0.0,0.5849609375,1.0,0.0,1.0422704219818115,0.04227042198181152,1.0,0.0,1.0,0.0,1.0,0.0,1.0,0.0,1.0,0.0
0.0,0.5869140625,1.0,0.0,1.0215195417404175,0.02151954174041748,1.0,0.0,1.0,0.0,1.0,0.0,1.0,0.0,1.0,0.0
0.0,0.5888671875,1.0,0.0,0.9983901977539062,0.00160980224609375,1.0,0.0,1.0,0.0,1.0,0.0,1.0,0.0,1.0,0.0
0.0,0.5908203125,1.0,0.0,0.9728067517280579,0.02719324827194214,1.0,0.0,1.0,0.0,1.0,0.0,1.0,0.0,1.0,0.0
0.0,0.5927734375,1.0,0.0,0.9448904395103455,0.05510956048965454,1.0,0.0,1.0,0.0,1.0,0.0,1.0,0.0,1.0,0.0
0.0,0.5947265625,1.0,0.0,0.9149968028068542,0.08500319719314575,1.0,0.0,1.0,0.0,1.0,0.0,1.0,0.0,1.0,0.0
0.0,0.5966796875,1.0,0.0,0.8837617039680481,0.1162382960319519,1.0,0.0,1.0,0.0,1.0,0.0,1.0,0.0,1.0,0.0
0.0,0.5986328125,1.0,0.0,0.852081835269928,0.14791816473007202,1.0,0.0,1.0,0.0,1.0,0.0,1.0,0.0,1.0,0.0
0.0,0.6005859375,1.0,0.0,0.8209975361824036,0.17900246381759644,1.0,0.0,1.0,0.0,1.0,0.0,1.0,0.0,1.0,0.0
0.0,0.6025390625,1.0,0.0,0.791524350643158,0.20847564935684204,1.0,0.0,1.0,0.0,1.0,0.0,1.0,0.0,1.0,0.0
0.0,0.6044921875,1.0,0.0,0.7645180225372314,0.23548197746276855,1.0,0.0,1.0,0.0,1.0,0.0,1.0,0.0,1.0,0.0
0.0,0.6064453125,1.0,0.0,0.740599513053894,0.25940048694610596,1.0,0.0,1.0,0.0,1.0,0.0,1.0,0.0,1.0,0.0
0.0,0.6083984375,1.0,0.0,0.7201382517814636,0.2798617482185364,1.0,0.0,1.0,0.0,1.0,0.0,1.0,0.0,1.0,0.0
0.0,0.6103515625,1.0,0.0,0.7032634615898132,0.29673653841018677,1.0,0.0,1.0,0.0,1.0,0.0,1.0,0.0,1.0,0.0
0.0,0.6123046875,1.0,0.0,0.6919819116592407,0.3080180883407593,1.0,0.0,1.0,0.0,1.0,0.0,1.0,0.0,1.0,0.0
0.0,0.6142578125,1.0,0.0,0.6937894821166992,0.3062105178833008,1.0,0.0,1.0,0.0,1.0,0.0,1.0,0.0,1.0,0.0
0.0,0.6162109375,1.0,0.0,0.69837486743927,0.30162513256073,1.0,0.0,1.0,0.0,1.0,0.0,1.0,0.0,1.0,0.0
0.0,0.6181640625,1.0,0.0,0.7056513428688049,0.29434865713119507,1.0,0.0,1.0,0.0,1.0,0.0,1.0,0.0,1.0,0.0
0.0,0.6201171875,1.0,0.0,0.7154906392097473,0.2845093607902527,1.0,0.0,1.0,0.0,1.0,0.0,1.0,0.0,1.0,0.0
0.0,0.6220703125,1.0,0.0,0.7276647090911865,0.2723352909088135,1.0,0.0,1.0,0.0,1.0,0.0,1.0,0.0,1.0,0.0
0.0,0.6240234375,1.0,0.0,0.7417657375335693,0.25823426246643066,1.0,0.0,1.0,0.0,1.0,0.0,1.0,0.0,1.0,0.0
0.0,0.6259765625,1.0,0.0,0.7571524977684021,0.2428475022315979,1.0,0.0,1.0,0.0,1.0,0.0,1.0,0.0,1.0,0.0
0.0,0.6279296875,1.0,0.0,0.772963285446167,0.227036714553833,1.0,0.0,1.0,0.0,1.0,0.0,1.0,0.0,1.0,0.0
0.0,0.6298828125,1.0,0.0,0.7882097959518433,0.21179020404815674,1.0,0.0,1.0,0.0,1.0,0.0,1.0,0.0,1.0,0.0
0.0,0.6318359375,1.0,0.0,0.8019213676452637,0.19807863235473633,1.0,0.0,1.0,0.0,1.0,0.0,1.0,0.0,1.0,0.0
0.0,0.6337890625,1.0,0.0,0.8132857084274292,0.1867142915725708,1.0,0.0,1.0,0.0,1.0,0.0,1.0,0.0,1.0,0.0
0.0,0.6357421875,1.0,0.0,0.8217490911483765,0.17825090885162354,1.0,0.0,1.0,0.0,1.0,0.0,1.0,0.0,1.0,0.0
0.0,0.6376953125,1.0,0.0,0.8270522952079773,0.1729477047920227,1.0,0.0,1.0,0.0,1.0,0.0,1.0,0.0,1.0,0.0
0.0,0.6396484375,1.0,0.0,0.8292266726493835,0.17077332735061646,1.0,0.0,1.0,0.0,1.0,0.0,1.0,0.0,1.0,0.0
0.0,0.6416015625,1.0,0.0,0.8285458087921143,0.17145419120788574,1.0,0.0,1.0,0.0,1.0,0.0,1.0,0.0,1.0,0.0
0.0,0.6435546875,1.0,0.0,0.8254660367965698,0.17453396320343018,1.0,0.0,1.0,0.0,1.0,0.0,1.0,0.0,1.0,0.0
0.0,0.6455078125,1.0,0.0,0.8205530047416687,0.1794469952583313,1.0,0.0,1.0,0.0,1.0,0.0,1.0,0.0,1.0,0.0
0.0,0.6474609375,1.0,0.0,0.8144166469573975,0.18558335304260254,1.0,0.0,1.0,0.0,1.0,0.0,1.0,0.0,1.0,0.0
0.0,0.6494140625,1.0,0.0,0.8076571226119995,0.1923428773880005,1.0,0.0,1.0,0.0,1.0,0.0,1.0,0.0,1.0,0.0
0.0,0.6513671875,1.0,0.0,0.8008303642272949,0.19916963577270508,1.0,0.0,1.0,0.0,1.0,0.0,1.0,0.0,1.0,0.0
0.0,0.6533203125,1.0,0.0,0.7944293022155762,0.20557069778442383,1.0,0.0,1.0,0.0,1.0,0.0,1.0,0.0,1.0,0.0
0.0,0.6552734375,1.0,0.0,0.7888754606246948,0.21112453937530518,1.0,0.0,1.0,0.0,1.0,0.0,1.0,0.0,1.0,0.0
0.0,0.6572265625,1.0,0.0,0.7845232486724854,0.21547675132751465,1.0,0.0,1.0,0.0,1.0,0.0,1.0,0.0,1.0,0.0
0.0,0.6591796875,1.0,0.0,0.7816588878631592,0.21834111213684082,1.0,0.0,1.0,0.0,1.0,0.0,1.0,0.0,1.0,0.0
0.0,0.6611328125,1.0,0.0,0.7805019021034241,0.21949809789657593,1.0,0.0,1.0,0.0,1.0,0.0,1.0,0.0,1.0,0.0
0.0,0.6630859375,1.0,0.0,0.7812008261680603,0.2187991738319397,1.0,0.0,1.0,0.0,1.0,0.0,1.0,0.0,1.0,0.0
0.0,0.6650390625,1.0,0.0,0.7838202118873596,0.21617978811264038,1.0,0.0,1.0,0.0,1.0,0.0,1.0,0.0,1.0,0.0
0.0,0.6669921875,1.0,0.0,0.7883210182189941,0.21167898178100586,1.0,0.0,1.0,0.0,1.0,0.0,1.0,0.0,1.0,0.0
0.0,0.6689453125,1.0,0.0,0.7945371866226196,0.20546281337738037,1.0,0.0,1.0,0.0,1.0,0.0,1.0,0.0,1.0,0.0
0.0,0.6708984375,1.0,0.0,0.8021562099456787,0.1978437900543213,1.0,0.0,1.0,0.0,1.0,0.0,1.0,0.0,1.0,0.0
0.0,0.6728515625,1.0,0.0,0.8107169270515442,0.1892830729484558,1.0,0.0,1.0,0.0,1.0,0.0,1.0,0.0,1.0,0.0
0.0,0.6748046875,1.0,0.0,0.819632351398468,0.18036764860153198,1.0,0.0,1.0,0.0,1.0,0.0,1.0,0.0,1.0,0.0
0.0,0.6767578125,1.0,0.0,0.8282383680343628,0.1717616319656372,1.0,0.0,1.0,0.0,1.0,0.0,1.0,0.0,1.0,0.0
0.0,0.6787109375,1.0,0.0,0.8358641266822815,0.1641358733177185,1.0,0.0,1.0,0.0,1.0,0.0,1.0,0.0,1.0,0.0
0.0,0.6806640625,1.0,0.0,0.8419055938720703,0.1580944061279297,1.0,0.0,1.0,0.0,1.0,0.0,1.0,0.0,1.0,0.0
0.0,0.6826171875,1.0,0.0,0.8458909392356873,0.15410906076431274,1.0,0.0,1.0,0.0,1.0,0.0,1.0,0.0,1.0,0.0
0.0,0.6845703125,1.0,0.0,0.8475229740142822,0.15247702598571777,1.0,0.0,1.0,0.0,1.0,0.0,1.0,0.0,1.0,0.0
0.0,0.6865234375,1.0,0.0,0.8466904163360596,0.15330958366394043,1.0,0.0,1.0,0.0,1.0,0.0,1.0,0.0,1.0,0.0
0.0,0.6884765625,1.0,0.0,0.8434553146362305,0.15654468536376953,1.0,0.0,1.0,0.0,1.0,0.0,1.0,0.0,1.0,0.0
0.0,0.6904296875,1.0,0.0,0.8380233645439148,0.1619766354560852,1.0,0.0,1.0,0.0,1.0,0.0,1.0,0.0,1.0,0.0
0.0,0.6923828125,1.0,0.0,0.8307029008865356,0.16929709911346436,1.0,0.0,1.0,0.0,1.0,0.0,1.0,0.0,1.0,0.0
0.0,0.6943359375,1.0,0.0,0.8218711614608765,0.17812883853912354,1.0,0.0,1.0,0.0,1.0,0.0,1.0,0.0,1.0,0.0
0.0,0.6962890625,1.0,0.0,0.8119402527809143,0.1880597472190857,1.0,0.0,1.0,0.0,1.0,0.0,1.0,0.0,1.0,0.0
0.0,0.6982421875,1.0,0.0,0.8013269305229187,0.1986730694770813,1.0,0.0,1.0,0.0,1.0,0.0,1.0,0.0,1.0,0.0
0.0,0.7001953125,1.0,0.0,0.7904298305511475,0.20957016944885254,1.0,0.0,1.0,0.0,1.0,0.0,1.0,0.0,1.0,0.0
0.0,0.7021484375,1.0,0.0,0.7796054482460022,0.2203945517539978,1.0,0.0,1.0,0.0,1.0,0.0,1.0,0.0,1.0,0.0
0.0,0.7041015625,1.0,0.0,0.7691594362258911,0.2308405637741089,1.0,0.0,1.0,0.0,1.0,0.0,1.0,0.0,1.0,0.0
0.0,0.7060546875,1.0,0.0,0.7593376636505127,0.2406623363494873,1.0,0.0,1.0,0.0,1.0,0.0,1.0,0.0,1.0,0.0
0.0,0.7080078125,1.0,0.0,0.7503295540809631,0.24967044591903687,1.0,0.0,1.0,0.0,1.0,0.0,1.0,0.0,1.0,0.0
0.0,0.7099609375,1.0,0.0,0.7422775030136108,0.25772249698638916,1.0,0.0,1.0,0.0,1.0,0.0,1.0,0.0,1.0,0.0
0.0,0.7119140625,1.0,0.0,0.7352822422981262,0.2647177577018738,1.0,0.0,1.0,0.0,1.0,0.0,1.0,0.0,1.0,0.0
0.0,0.7138671875,1.0,0.0,0.7294135093688965,0.2705864906311035,1.0,0.0,1.0,0.0,1.0,0.0,1.0,0.0,1.0,0.0
0.0,0.7158203125,1.0,0.0,0.7247150540351868,0.27528494596481323,1.0,0.0,1.0,0.0,1.0,0.0,1.0,0.0,1.0,0.0
0.0,0.7177734375,1.0,0.0,0.7212095260620117,0.2787904739379883,1.0,0.0,1.0,0.0,1.0,0.0,1.0,0.0,1.0,0.0
0.0,0.7197265625,1.0,0.0,0.7188992500305176,0.2811007499694824,1.0,0.0,1.0,0.0,1.0,0.0,1.0,0.0,1.0,0.0
0.0,0.7216796875,1.0,0.0,0.7177707552909851,0.2822292447090149,1.0,0.0,1.0,0.0,1.0,0.0,1.0,0.0,1.0,0.0
0.0,0.7236328125,1.0,0.0,0.7177950739860535,0.28220492601394653,1.0,0.0,1.0,0.0,1.0,0.0,1.0,0.0,1.0,0.0
0.0,0.7255859375,1.0,0.0,0.7189297080039978,0.2810702919960022,1.0,0.0,1.0,0.0,1.0,0.0,1.0,0.0,1.0,0.0
0.0,0.7275390625,1.0,0.0,0.7211194038391113,0.27888059616088867,1.0,0.0,1.0,0.0,1.0,0.0,1.0,0.0,1.0,0.0
0.0,0.7294921875,1.0,0.0,0.7242934107780457,0.27570658922195435,1.0,0.0,1.0,0.0,1.0,0.0,1.0,0.0,1.0,0.0
0.0,0.7314453125,1.0,0.0,0.7283614873886108,0.27163851261138916,1.0,0.0,1.0,0.0,1.0,0.0,1.0,0.0,1.0,0.0
0.0,0.7333984375,1.0,0.0,0.7332051992416382,0.2667948007583618,1.0,0.0,1.0,0.0,1.0,0.0,1.0,0.0,1.0,0.0
0.0,0.7353515625,1.0,0.0,0.7386666536331177,0.2613333463668823,1.0,0.0,1.0,0.0,1.0,0.0,1.0,0.0,1.0,0.0
0.0,0.7373046875,1.0,0.0,0.7445418238639832,0.25545817613601685,1.0,0.0,1.0,0.0,1.0,0.0,1.0,0.0,1.0,0.0
0.0,0.7392578125,1.0,0.0,0.750572919845581,0.24942708015441895,1.0,0.0,1.0,0.0,1.0,0.0,1.0,0.0,1.0,0.0
0.0,0.7412109375,1.0,0.0,0.7564519643783569,0.24354803562164307,1.0,0.0,1.0,0.0,1.0,0.0,1.0,0.0,1.0,0.0
0.0,0.7431640625,1.0,0.0,0.7618349194526672,0.23816508054733276,1.0,0.0,1.0,0.0,1.0,0.0,1.0,0.0,1.0,0.0
0.0,0.7451171875,1.0,0.0,0.7663668990135193,0.2336331009864807,1.0,0.0,1.0,0.0,1.0,0.0,1.0,0.0,1.0,0.0
0.0,0.7470703125,1.0,0.0,0.7697238326072693,0.2302761673927307,1.0,0.0,1.0,0.0,1.0,0.0,1.0,0.0,1.0,0.0
0.0,0.7490234375,1.0,0.0,0.7716524600982666,0.2283475399017334,1.0,0.0,1.0,0.0,1.0,0.0,1.0,0.0,1.0,0.0
0.0,0.7509765625,1.0,0.0,0.7720082998275757,0.22799170017242432,1.0,0.0,1.0,0.0,1.0,0.0,1.0,0.0,1.0,0.0
0.0,0.7529296875,1.0,0.0,0.7707793116569519,0.2292206883430481,1.0,0.0,1.0,0.0,1.0,0.0,1.0,0.0,1.0,0.0
0.0,0.7548828125,1.0,0.0,0.7680841684341431,0.23191583156585693,1.0,0.0,1.0,0.0,1.0,0.0,1.0,0.0,1.0,0.0
0.0,0.7568359375,1.0,0.0,0.7641546726226807,0.23584532737731934,1.0,0.0,1.0,0.0,1.0,0.0,1.0,0.0,1.0,0.0
0.0,0.7587890625,1.0,0.0,0.7593032717704773,0.2406967282295227,1.0,0.0,1.0,0.0,1.0,0.0,1.0,0.0,1.0,0.0
0.0,0.7607421875,1.0,0.0,0.7538907527923584,0.2461092472076416,1.0,0.0,1.0,0.0,1.0,0.0,1.0,0.0,1.0,0.0
0.0,0.7626953125,1.0,0.0,0.7482988834381104,0.25170111656188965,1.0,0.0,1.0,0.0,1.0,0.0,1.0,0.0,1.0,0.0
0.0,0.7646484375,1.0,0.0,0.7429155111312866,0.2570844888687134,1.0,0.0,1.0,0.0,1.0,0.0,1.0,0.0,1.0,0.0
0.0,0.7666015625,1.0,0.0,0.7381205558776855,0.26187944412231445,1.0,0.0,1.0,0.0,1.0,0.0,1.0,0.0,1.0,0.0
0.0,0.7685546875,1.0,0.0,0.7342742681503296,0.2657257318496704,1.0,0.0,1.0,0.0,1.0,0.0,1.0,0.0,1.0,0.0
0.0,0.7705078125,1.0,0.0,0.7317009568214417,0.26829904317855835,1.0,0.0,1.0,0.0,1.0,0.0,1.0,0.0,1.0,0.0
0.0,0.7724609375,1.0,0.0,0.730668842792511,0.269331157207489,1.0,0.0,1.0,0.0,1.0,0.0,1.0,0.0,1.0,0.0
0.0,0.7744140625,1.0,0.0,0.7313699126243591,0.26863008737564087,1.0,0.0,1.0,0.0,1.0,0.0,1.0,0.0,1.0,0.0
0.0,0.7763671875,1.0,0.0,0.7338981032371521,0.2661018967628479,1.0,0.0,1.0,0.0,1.0,0.0,1.0,0.0,1.0,0.0
0.0,0.7783203125,1.0,0.0,0.7382347583770752,0.2617652416229248,1.0,0.0,1.0,0.0,1.0,0.0,1.0,0.0,1.0,0.0
0.0,0.7802734375,1.0,0.0,0.7442420125007629,0.25575798749923706,1.0,0.0,1.0,0.0,1.0,0.0,1.0,0.0,1.0,0.0
0.0,0.7822265625,1.0,0.0,0.7516672015190125,0.24833279848098755,1.0,0.0,1.0,0.0,1.0,0.0,1.0,0.0,1.0,0.0
0.0,0.7841796875,1.0,0.0,0.7601566314697266,0.23984336853027344,1.0,0.0,1.0,0.0,1.0,0.0,1.0,0.0,1.0,0.0
0.0,0.7861328125,1.0,0.0,0.7692816853523254,0.23071831464767456,1.0,0.0,1.0,0.0,1.0,0.0,1.0,0.0,1.0,0.0
0.0,0.7880859375,1.0,0.0,0.7785656452178955,0.2214343547821045,1.0,0.0,1.0,0.0,1.0,0.0,1.0,0.0,1.0,0.0
0.0,0.7900390625,1.0,0.0,0.7875177264213562,0.2124822735786438,1.0,0.0,1.0,0.0,1.0,0.0,1.0,0.0,1.0,0.0
0.0,0.7919921875,1.0,0.0,0.7956601977348328,0.20433980226516724,1.0,0.0,1.0,0.0,1.0,0.0,1.0,0.0,1.0,0.0
0.0,0.7939453125,1.0,0.0,0.8025619983673096,0.19743800163269043,1.0,0.0,1.0,0.0,1.0,0.0,1.0,0.0,1.0,0.0
0.0,0.7958984375,1.0,0.0,0.8078597187995911,0.19214028120040894,1.0,0.0,1.0,0.0,1.0,0.0,1.0,0.0,1.0,0.0
0.0,0.7978515625,1.0,0.0,0.8112838268280029,0.18871617317199707,1.0,0.0,1.0,0.0,1.0,0.0,1.0,0.0,1.0,0.0
0.0,0.7998046875,1.0,0.0,0.8126751780509949,0.18732482194900513,1.0,0.0,1.0,0.0,1.0,0.0,1.0,0.0,1.0,0.0
0.0,0.8017578125,1.0,0.0,0.8119974136352539,0.1880025863647461,1.0,0.0,1.0,0.0,1.0,0.0,1.0,0.0,1.0,0.0
0.0,0.8037109375,1.0,0.0,0.8093389868736267,0.1906610131263733,1.0,0.0,1.0,0.0,1.0,0.0,1.0,0.0,1.0,0.0
0.0,0.8056640625,1.0,0.0,0.8049088716506958,0.1950911283493042,1.0,0.0,1.0,0.0,1.0,0.0,1.0,0.0,1.0,0.0
0.0,0.8076171875,1.0,0.0,0.7990179657936096,0.20098203420639038,1.0,0.0,1.0,0.0,1.0,0.0,1.0,0.0,1.0,0.0
0.0,0.8095703125,1.0,0.0,0.7920604348182678,0.20793956518173218,1.0,0.0,1.0,0.0,1.0,0.0,1.0,0.0,1.0,0.0
0.0,0.8115234375,1.0,0.0,0.7844815254211426,0.21551847457885742,1.0,0.0,1.0,0.0,1.0,0.0,1.0,0.0,1.0,0.0
0.0,0.8134765625,1.0,0.0,0.7767484188079834,0.2232515811920166,1.0,0.0,1.0,0.0,1.0,0.0,1.0,0.0,1.0,0.0
0.0,0.8154296875,1.0,0.0,0.7693190574645996,0.2306809425354004,1.0,0.0,1.0,0.0,1.0,0.0,1.0,0.0,1.0,0.0
0.0,0.8173828125,1.0,0.0,0.762610137462616,0.23738986253738403,1.0,0.0,1.0,0.0,1.0,0.0,1.0,0.0,1.0,0.0
0.0,0.8193359375,1.0,0.0,0.756973147392273,0.24302685260772705,1.0,0.0,1.0,0.0,1.0,0.0,1.0,0.0,1.0,0.0
0.0,0.8212890625,1.0,0.0,0.7526743412017822,0.24732565879821777,1.0,0.0,1.0,0.0,1.0,0.0,1.0,0.0,1.0,0.0
0.0,0.8232421875,1.0,0.0,0.7498854398727417,0.2501145601272583,1.0,0.0,1.0,0.0,1.0,0.0,1.0,0.0,1.0,0.0
0.0,0.8251953125,1.0,0.0,0.7486817240715027,0.2513182759284973,1.0,0.0,1.0,0.0,1.0,0.0,1.0,0.0,1.0,0.0
0.0,0.8271484375,1.0,0.0,0.7490434050559998,0.25095659494400024,1.0,0.0,1.0,0.0,1.0,0.0,1.0,0.0,1.0,0.0
0.0,0.8291015625,1.0,0.0,0.7508682012557983,0.24913179874420166,1.0,0.0,1.0,0.0,1.0,0.0,1.0,0.0,1.0,0.0
0.0,0.8310546875,1.0,0.0,0.7539767622947693,0.2460232377052307,1.0,0.0,1.0,0.0,1.0,0.0,1.0,0.0,1.0,0.0
0.0,0.8330078125,1.0,0.0,0.7581223249435425,0.24187767505645752,1.0,0.0,1.0,0.0,1.0,0.0,1.0,0.0,1.0,0.0
0.0,0.8349609375,1.0,0.0,0.762999951839447,0.23700004816055298,1.0,0.0,1.0,0.0,1.0,0.0,1.0,0.0,1.0,0.0
0.0,0.8369140625,1.0,0.0,0.7682560682296753,0.2317439317703247,1.0,0.0,1.0,0.0,1.0,0.0,1.0,0.0,1.0,0.0
0.0,0.8388671875,1.0,0.0,0.7735015153884888,0.22649848461151123,1.0,0.0,1.0,0.0,1.0,0.0,1.0,0.0,1.0,0.0
0.0,0.8408203125,1.0,0.0,0.7783310413360596,0.22166895866394043,1.0,0.0,1.0,0.0,1.0,0.0,1.0,0.0,1.0,0.0
0.0,0.8427734375,1.0,0.0,0.7823492288589478,0.21765077114105225,1.0,0.0,1.0,0.0,1.0,0.0,1.0,0.0,1.0,0.0
0.0,0.8447265625,1.0,0.0,0.7851990461349487,0.21480095386505127,1.0,0.0,1.0,0.0,1.0,0.0,1.0,0.0,1.0,0.0
0.0,0.8466796875,1.0,0.0,0.7865936756134033,0.21340632438659668,1.0,0.0,1.0,0.0,1.0,0.0,1.0,0.0,1.0,0.0
0.0,0.8486328125,1.0,0.0,0.7863417267799377,0.21365827322006226,1.0,0.0,1.0,0.0,1.0,0.0,1.0,0.0,1.0,0.0
0.0,0.8505859375,1.0,0.0,0.7843655347824097,0.21563446521759033,1.0,0.0,1.0,0.0,1.0,0.0,1.0,0.0,1.0,0.0
0.0,0.8525390625,1.0,0.0,0.780709981918335,0.21929001808166504,1.0,0.0,1.0,0.0,1.0,0.0,1.0,0.0,1.0,0.0
0.0,0.8544921875,1.0,0.0,0.7755364179611206,0.2244635820388794,1.0,0.0,1.0,0.0,1.0,0.0,1.0,0.0,1.0,0.0
0.0,0.8564453125,1.0,0.0,0.7691080570220947,0.23089194297790527,1.0,0.0,1.0,0.0,1.0,0.0,1.0,0.0,1.0,0.0
0.0,0.8583984375,1.0,0.0,0.7617626786231995,0.23823732137680054,1.0,0.0,1.0,0.0,1.0,0.0,1.0,0.0,1.0,0.0
0.0,0.8603515625,1.0,0.0,0.7538771033287048,0.24612289667129517,1.0,0.0,1.0,0.0,1.0,0.0,1.0,0.0,1.0,0.0
0.0,0.8623046875,1.0,0.0,0.7458299994468689,0.2541700005531311,1.0,0.0,1.0,0.0,1.0,0.0,1.0,0.0,1.0,0.0
0.0,0.8642578125,1.0,0.0,0.7379630208015442,0.2620369791984558,1.0,0.0,1.0,0.0,1.0,0.0,1.0,0.0,1.0,0.0
0.0,0.8662109375,1.0,0.0,0.7305550575256348,0.26944494247436523,1.0,0.0,1.0,0.0,1.0,0.0,1.0,0.0,1.0,0.0
0.0,0.8681640625,1.0,0.0,0.7238013744354248,0.2761986255645752,1.0,0.0,1.0,0.0,1.0,0.0,1.0,0.0,1.0,0.0
0.0,0.8701171875,1.0,0.0,0.7178096771240234,0.28219032287597656,1.0,0.0,1.0,0.0,1.0,0.0,1.0,0.0,1.0,0.0
0.0,0.8720703125,1.0,0.0,0.7126034498214722,0.28739655017852783,1.0,0.0,1.0,0.0,1.0,0.0,1.0,0.0,1.0,0.0
0.0,0.8740234375,1.0,0.0,0.7081356644630432,0.2918643355369568,1.0,0.0,1.0,0.0,1.0,0.0,1.0,0.0,1.0,0.0
0.0,0.8759765625,1.0,0.0,0.7043032646179199,0.2956967353820801,1.0,0.0,1.0,0.0,1.0,0.0,1.0,0.0,1.0,0.0
0.0,0.8779296875,1.0,0.0,0.7009692192077637,0.29903078079223633,1.0,0.0,1.0,0.0,1.0,0.0,1.0,0.0,1.0,0.0
0.0,0.8798828125,1.0,0.0,0.6979804635047913,0.30201953649520874,1.0,0.0,1.0,0.0,1.0,0.0,1.0,0.0,1.0,0.0
0.0,0.8818359375,1.0,0.0,0.6951870322227478,0.3048129677772522,1.0,0.0,1.0,0.0,1.0,0.0,1.0,0.0,1.0,0.0
0.0,0.8837890625,1.0,0.0,0.6924573183059692,0.30754268169403076,1.0,0.0,1.0,0.0,1.0,0.0,1.0,0.0,1.0,0.0
0.0,0.8857421875,1.0,0.0,0.6896893382072449,0.3103106617927551,1.0,0.0,1.0,0.0,1.0,0.0,1.0,0.0,1.0,0.0
0.0,0.8876953125,1.0,0.0,0.6868184208869934,0.3131815791130066,1.0,0.0,1.0,0.0,1.0,0.0,1.0,0.0,1.0,0.0
0.0,0.8896484375,1.0,0.0,0.6838207244873047,0.3161792755126953,1.0,0.0,1.0,0.0,1.0,0.0,1.0,0.0,1.0,0.0
0.0,0.8916015625,1.0,0.0,0.6807127594947815,0.3192872405052185,1.0,0.0,1.0,0.0,1.0,0.0,1.0,0.0,1.0,0.0
0.0,0.8935546875,1.0,0.0,0.6775496006011963,0.3224503993988037,1.0,0.0,1.0,0.0,1.0,0.0,1.0,0.0,1.0,0.0
0.0,0.8955078125,1.0,0.0,0.6744176745414734,0.3255823254585266,1.0,0.0,1.0,0.0,1.0,0.0,1.0,0.0,1.0,0.0
0.0,0.8974609375,1.0,0.0,0.6714267134666443,0.3285732865333557,1.0,0.0,1.0,0.0,1.0,0.0,1.0,0.0,1.0,0.0
0.0,0.8994140625,1.0,0.0,0.6686975955963135,0.3313024044036865,1.0,0.0,1.0,0.0,1.0,0.0,1.0,0.0,1.0,0.0
0.0,0.9013671875,1.0,0.0,0.666353166103363,0.33364683389663696,1.0,0.0,1.0,0.0,1.0,0.0,1.0,0.0,1.0,0.0
0.0,0.9033203125,1.0,0.0,0.6645044684410095,0.3354955315589905,1.0,0.0,1.0,0.0,1.0,0.0,1.0,0.0,1.0,0.0
0.0,0.9052734375,1.0,0.0,0.6632428765296936,0.3367571234703064,1.0,0.0,1.0,0.0,1.0,0.0,1.0,0.0,1.0,0.0
0.0,0.9072265625,1.0,0.0,0.6626352071762085,0.3373647928237915,1.0,0.0,1.0,0.0,1.0,0.0,1.0,0.0,1.0,0.0
0.0,0.9091796875,1.0,0.0,0.6627196669578552,0.3372803330421448,1.0,0.0,1.0,0.0,1.0,0.0,1.0,0.0,1.0,0.0
0.0,0.9111328125,1.0,0.0,0.6635068655014038,0.3364931344985962,1.0,0.0,1.0,0.0,1.0,0.0,1.0,0.0,1.0,0.0
0.0,0.9130859375,1.0,0.0,0.6649762392044067,0.33502376079559326,1.0,0.0,1.0,0.0,1.0,0.0,1.0,0.0,1.0,0.0
0.0,0.9150390625,1.0,0.0,0.6670750379562378,0.3329249620437622,1.0,0.0,1.0,0.0,1.0,0.0,1.0,0.0,1.0,0.0
0.0,0.9169921875,1.0,0.0,0.6697150468826294,0.3302849531173706,1.0,0.0,1.0,0.0,1.0,0.0,1.0,0.0,1.0,0.0
0.0,0.9189453125,1.0,0.0,0.6727668046951294,0.3272331953048706,1.0,0.0,1.0,0.0,1.0,0.0,1.0,0.0,1.0,0.0
0.0,0.9208984375,1.0,0.0,0.6856285929679871,0.31437140703201294,1.0,0.0,1.0,0.0,1.0,0.0,1.0,0.0,1.0,0.0
0.0,0.9228515625,1.0,0.0,0.6988562345504761,0.3011437654495239,1.0,0.0,1.0,0.0,1.0,0.0,1.0,0.0,1.0,0.0
0.0,0.9248046875,1.0,0.0,0.7111976742744446,0.2888023257255554,1.0,0.0,1.0,0.0,1.0,0.0,1.0,0.0,1.0,0.0
0.0,0.9267578125,1.0,0.0,0.7222018837928772,0.2777981162071228,1.0,0.0,1.0,0.0,1.0,0.0,1.0,0.0,1.0,0.0
0.0,0.9287109375,1.0,0.0,0.731357991695404,0.26864200830459595,1.0,0.0,1.0,0.0,1.0,0.0,1.0,0.0,1.0,0.0
0.0,0.9306640625,1.0,0.0,0.7381155490875244,0.2618844509124756,1.0,0.0,1.0,0.0,1.0,0.0,1.0,0.0,1.0,0.0
0.0,0.9326171875,1.0,0.0,0.7419168949127197,0.2580831050872803,1.0,0.0,1.0,0.0,1.0,0.0,1.0,0.0,1.0,0.0
0.0,0.9345703125,1.0,0.0,0.7422457933425903,0.25775420665740967,1.0,0.0,1.0,0.0,1.0,0.0,1.0,0.0,1.0,0.0
0.0,0.9365234375,1.0,0.0,0.7386839389801025,0.26131606101989746,1.0,0.0,1.0,0.0,1.0,0.0,1.0,0.0,1.0,0.0
0.0,0.9384765625,1.0,0.0,0.7309754490852356,0.2690245509147644,1.0,0.0,1.0,0.0,1.0,0.0,1.0,0.0,1.0,0.0
0.0,0.9404296875,1.0,0.0,0.7190834283828735,0.28091657161712646,1.0,0.0,1.0,0.0,1.0,0.0,1.0,0.0,1.0,0.0
0.0,0.9423828125,1.0,0.0,0.7032214403152466,0.2967785596847534,1.0,0.0,1.0,0.0,1.0,0.0,1.0,0.0,1.0,0.0
0.0,0.9443359375,1.0,0.0,0.6838597655296326,0.31614023447036743,1.0,0.0,1.0,0.0,1.0,0.0,1.0,0.0,1.0,0.0
0.0,0.9462890625,1.0,0.0,0.6617034077644348,0.3382965922355652,1.0,0.0,1.0,0.0,1.0,0.0,1.0,0.0,1.0,0.0
0.0,0.9482421875,1.0,0.0,0.6435873508453369,0.3564126491546631,1.0,0.0,1.0,0.0,1.0,0.0,1.0,0.0,1.0,0.0
0.0,0.9501953125,1.0,0.0,0.6360921859741211,0.3639078140258789,1.0,0.0,1.0,0.0,1.0,0.0,1.0,0.0,1.0,0.0
0.0,0.9521484375,1.0,0.0,0.6290311217308044,0.37096887826919556,1.0,0.0,1.0,0.0,1.0,0.0,1.0,0.0,1.0,0.0
0.0,0.9541015625,1.0,0.0,0.6226401329040527,0.37735986709594727,1.0,0.0,1.0,0.0,1.0,0.0,1.0,0.0,1.0,0.0
0.0,0.9560546875,1.0,0.0,0.6171364784240723,0.38286352157592773,1.0,0.0,1.0,0.0,1.0,0.0,1.0,0.0,1.0,0.0
0.0,0.9580078125,1.0,0.0,0.6127068400382996,0.38729315996170044,1.0,0.0,1.0,0.0,1.0,0.0,1.0,0.0,1.0,0.0
0.0,0.9599609375,1.0,0.0,0.6094908118247986,0.3905091881752014,1.0,0.0,1.0,0.0,1.0,0.0,1.0,0.0,1.0,0.0
0.0,0.9619140625,1.0,0.0,0.607556939125061,0.39244306087493896,1.0,0.0,1.0,0.0,1.0,0.0,1.0,0.0,1.0,0.0
0.0,0.9638671875,1.0,0.0,0.606885552406311,0.39311444759368896,1.0,0.0,1.0,0.0,1.0,0.0,1.0,0.0,1.0,0.0
0.0,0.9658203125,1.0,0.0,0.607368528842926,0.392631471157074,1.0,0.0,1.0,0.0,1.0,0.0,1.0,0.0,1.0,0.0
0.0,0.9677734375,1.0,0.0,0.6088288426399231,0.3911711573600769,1.0,0.0,1.0,0.0,1.0,0.0,1.0,0.0,1.0,0.0
0.0,0.9697265625,1.0,0.0,0.6110567450523376,0.38894325494766235,1.0,0.0,1.0,0.0,1.0,0.0,1.0,0.0,1.0,0.0
0.0,0.9716796875,1.0,0.0,0.6138567924499512,0.38614320755004883,1.0,0.0,1.0,0.0,1.0,0.0,1.0,0.0,1.0,0.0
0.0,0.9736328125,1.0,0.0,0.6170893311500549,0.38291066884994507,1.0,0.0,1.0,0.0,1.0,0.0,1.0,0.0,1.0,0.0
0.0,0.9755859375,1.0,0.0,0.6207059621810913,0.3792940378189087,1.0,0.0,1.0,0.0,1.0,0.0,1.0,0.0,1.0,0.0
0.0,0.9775390625,1.0,0.0,0.6247700452804565,0.37522995471954346,1.0,0.0,1.0,0.0,1.0,0.0,1.0,0.0,1.0,0.0
0.0,0.9794921875,1.0,0.0,0.6294693350791931,0.3705306649208069,1.0,0.0,1.0,0.0,1.0,0.0,1.0,0.0,1.0,0.0
0.0,0.9814453125,1.0,0.0,0.6351215839385986,0.36487841606140137,1.0,0.0,1.0,0.0,1.0,0.0,1.0,0.0,1.0,0.0
0.0,0.9833984375,1.0,0.0,0.6421807408332825,0.35781925916671753,1.0,0.0,1.0,0.0,1.0,0.0,1.0,0.0,1.0,0.0
0.0,0.9853515625,1.0,0.0,0.6451544761657715,0.3548455238342285,1.0,0.0,1.0,0.0,1.0,0.0,1.0,0.0,1.0,0.0
0.0,0.9873046875,1.0,0.0,0.6421891450881958,0.3578108549118042,1.0,0.0,1.0,0.0,1.0,0.0,1.0,0.0,1.0,0.0
0.0,0.9892578125,1.0,0.0,0.642175555229187,0.357824444770813,1.0,0.0,1.0,0.0,1.0,0.0,1.0,0.0,1.0,0.0
0.0,0.9912109375,1.0,0.0,0.6455405950546265,0.35445940494537354,1.0,0.0,1.0,0.0,1.0,0.0,1.0,0.0,1.0,0.0
0.0,0.9931640625,1.0,0.0,0.652709424495697,0.347290575504303,1.0,0.0,1.0,0.0,1.0,0.0,1.0,0.0,1.0,0.0
0.0,0.9951171875,1.0,0.0,0.664054274559021,0.335945725440979,1.0,0.0,1.0,0.0,1.0,0.0,1.0,0.0,1.0,0.0
0.0,0.9970703125,1.0,0.0,0.6798256635665894,0.32017433643341064,1.0,0.0,1.0,0.0,1.0,0.0,1.0,0.0,1.0,0.0
0.0,0.9990234375,1.0,0.0,0.7000650763511658,0.29993492364883423,1.0,0.0,1.0,0.0,1.0,0.0,1.0,0.0,1.0,0.0
0.012499999999999999,0.0009765625,1.0,0.0,0.9806010723114014,0.019398927688598633,1.0,0.0,1.0,0.0,1.0,0.0,1.0,0.0,1.0,0.0
0.012499999999999999,0.0029296875,1.0,0.0,1.0124614238739014,0.012461423873901367,1.0,0.0,1.0,0.0,1.0,0.0,1.0,0.0,1.0,0.0
0.012499999999999999,0.0048828125,1.0,0.0,1.043714165687561,0.043714165687561035,1.0,0.0,1.0,0.0,1.0,0.0,1.0,0.0,1.0,0.0
0.012499999999999999,0.0068359375,1.0,0.0,1.0729551315307617,0.07295513153076172,1.0,0.0,1.0,0.0,1.0,0.0,1.0,0.0,1.0,0.0
0.012499999999999999,0.0087890625,1.0,0.0,1.0989837646484375,0.0989837646484375,1.0,0.0,1.0,0.0,1.0,0.0,1.0,0.0,1.0,0.0
0.012499999999999999,0.0107421875,1.0,0.0,1.1208842992782593,0.12088429927825928,1.0,0.0,1.0,0.0,1.0,0.0,1.0,0.0,1.0,0.0
0.012499999999999999,0.0126953125,1.0,0.0,1.1380449533462524,0.13804495334625244,1.0,0.0,1.0,0.0,1.0,0.0,1.0,0.0,1.0,0.0
0.012499999999999999,0.0146484375,1.0,0.0,1.1501307487487793,0.1501307487487793,1.0,0.0,1.0,0.0,1.0,0.0,1.0,0.0,1.0,0.0
0.012499999999999999,0.0166015625,1.0,0.0,1.1570327281951904,0.15703272819519043,1.0,0.0,1.0,0.0,1.0,0.0,1.0,0.0,1.0,0.0
0.012499999999999999,0.0185546875,1.0,0.0,1.1588115692138672,0.1588115692138672,1.0,0.0,1.0,0.0,1.0,0.0,1.0,0.0,1.0,0.0
0.012499999999999999,0.0205078125,1.0,0.0,1.1556482315063477,0.15564823150634766,1.0,0.0,1.0,0.0,1.0,0.0,1.0,0.0,1.0,0.0
0.012499999999999999,0.0224609375,1.0,0.0,1.1478149890899658,0.14781498908996582,1.0,0.0,1.0,0.0,1.0,0.0,1.0,0.0,1.0,0.0
0.012499999999999999,0.0244140625,1.0,0.0,1.135679006576538,0.13567900657653809,1.0,0.0,1.0,0.0,1.0,0.0,1.0,0.0,1.0,0.0
0.012499999999999999,0.0263671875,1.0,0.0,1.1197330951690674,0.11973309516906738,1.0,0.0,1.0,0.0,1.0,0.0,1.0,0.0,1.0,0.0
0.012499999999999999,0.0283203125,1.0,0.0,1.100635290145874,0.10063529014587402,1.0,0.0,1.0,0.0,1.0,0.0,1.0,0.0,1.0,0.0
0.012499999999999999,0.0302734375,1.0,0.0,1.0792299509048462,0.07922995090484619,1.0,0.0,1.0,0.0,1.0,0.0,1.0,0.0,1.0,0.0
0.012499999999999999,0.0322265625,1.0,0.0,1.0565290451049805,0.05652904510498047,1.0,0.0,1.0,0.0,1.0,0.0,1.0,0.0,1.0,0.0
0.012499999999999999,0.0341796875,1.0,0.0,1.0336419343948364,0.033641934394836426,1.0,0.0,1.0,0.0,1.0,0.0,1.0,0.0,1.0,0.0
0.012499999999999999,0.0361328125,1.0,0.0,1.011680006980896,0.011680006980895996,1.0,0.0,1.0,0.0,1.0,0.0,1.0,0.0,1.0,0.0
0.012499999999999999,0.0380859375,1.0,0.0,0.9916528463363647,0.008347153663635254,1.0,0.0,1.0,0.0,1.0,0.0,1.0,0.0,1.0,0.0
0.012499999999999999,0.0400390625,1.0,0.0,0.9743856191635132,0.025614380836486816,1.0,0.0,1.0,0.0,1.0,0.0,1.0,0.0,1.0,0.0
0.012499999999999999,0.0419921875,1.0,0.0,0.9604738354682922,0.039526164531707764,1.0,0.0,1.0,0.0,1.0,0.0,1.0,0.0,1.0,0.0
0.012499999999999999,0.0439453125,1.0,0.0,0.9502782821655273,0.049721717834472656,1.0,0.0,1.0,0.0,1.0,0.0,1.0,0.0,1.0,0.0
0.012499999999999999,0.0458984375,1.0,0.0,0.9439604878425598,0.056039512157440186,1.0,0.0,1.0,0.0,1.0,0.0,1.0,0.0,1.0,0.0
0.012499999999999999,0.0478515625,1.0,0.0,0.9415513873100281,0.058448612689971924,1.0,0.0,1.0,0.0,1.0,0.0,1.0,0.0,1.0,0.0
0.012499999999999999,0.0498046875,1.0,0.0,0.9430230259895325,0.05697697401046753,1.0,0.0,1.0,0.0,1.0,0.0,1.0,0.0,1.0,0.0
0.012499999999999999,0.0517578125,1.0,0.0,0.9483336210250854,0.05166637897491455,1.0,0.0,1.0,0.0,1.0,0.0,1.0,0.0,1.0,0.0
0.012499999999999999,0.0537109375,1.0,0.0,0.9574187397956848,0.042581260204315186,1.0,0.0,1.0,0.0,1.0,0.0,1.0,0.0,1.0,0.0
0.012499999999999999,0.0556640625,1.0,0.0,0.9701259732246399,0.029874026775360107,1.0,0.0,1.0,0.0,1.0,0.0,1.0,0.0,1.0,0.0
0.012499999999999999,0.0576171875,1.0,0.0,0.9847421646118164,0.015257835388183594,1.0,0.0,1.0,0.0,1.0,0.0,1.0,0.0,1.0,0.0
0.012499999999999999,0.0595703125,1.0,0.0,0.9896756410598755,0.010324358940124512,1.0,0.0,1.0,0.0,1.0,0.0,1.0,0.0,1.0,0.0
0.012499999999999999,0.0615234375,1.0,0.0,0.9998732805252075,0.00012671947479248047,1.0,0.0,1.0,0.0,1.0,0.0,1.0,0.0,1.0,0.0
0.012499999999999999,0.0634765625,1.0,0.0,1.01508367061615,0.015083670616149902,1.0,0.0,1.0,0.0,1.0,0.0,1.0,0.0,1.0,0.0
0.012499999999999999,0.0654296875,1.0,0.0,1.0349081754684448,0.034908175468444824,1.0,0.0,1.0,0.0,1.0,0.0,1.0,0.0,1.0,0.0
0.012499999999999999,0.0673828125,1.0,0.0,1.0588605403900146,0.05886054039001465,1.0,0.0,1.0,0.0,1.0,0.0,1.0,0.0,1.0,0.0
0.012499999999999999,0.0693359375,1.0,0.0,1.0863862037658691,0.08638620376586914,1.0,0.0,1.0,0.0,1.0,0.0,1.0,0.0,1.0,0.0
0.012499999999999999,0.0712890625,1.0,0.0,1.1132193803787231,0.11321938037872314,1.0,0.0,1.0,0.0,1.0,0.0,1.0,0.0,1.0,0.0
0.012499999999999999,0.0732421875,1.0,0.0,1.1204899549484253,0.12048995494842529,1.0,0.0,1.0,0.0,1.0,0.0,1.0,0.0,1.0,0.0
0.012499999999999999,0.0751953125,1.0,0.0,1.123231053352356,0.12323105335235596,1.0,0.0,1.0,0.0,1.0,0.0,1.0,0.0,1.0,0.0
0.012499999999999999,0.0771484375,1.0,0.0,1.121755599975586,0.12175559997558594,1.0,0.0,1.0,0.0,1.0,0.0,1.0,0.0,1.0,0.0
0.012499999999999999,0.0791015625,1.0,0.0,1.1166843175888062,0.11668431758880615,1.0,0.0,1.0,0.0,1.0,0.0,1.0,0.0,1.0,0.0
0.012499999999999999,0.0810546875,1.0,0.0,1.1088162660598755,0.10881626605987549,1.0,0.0,1.0,0.0,1.0,0.0,1.0,0.0,1.0,0.0
0.012499999999999999,0.0830078125,1.0,0.0,1.098983645439148,0.09898364543914795,1.0,0.0,1.0,0.0,1.0,0.0,1.0,0.0,1.0,0.0
0.012499999999999999,0.0849609375,1.0,0.0,1.0898480415344238,0.08984804153442383,1.0,0.0,1.0,0.0,1.0,0.0,1.0,0.0,1.0,0.0
0.012499999999999999,0.0869140625,1.0,0.0,1.0854560136795044,0.0854560136795044,1.0,0.0,1.0,0.0,1.0,0.0,1.0,0.0,1.0,0.0
0.012499999999999999,0.0888671875,1.0,0.0,1.0794767141342163,0.07947671413421631,1.0,0.0,1.0,0.0,1.0,0.0,1.0,0.0,1.0,0.0
0.012499999999999999,0.0908203125,1.0,0.0,1.0725125074386597,0.07251250743865967,1.0,0.0,1.0,0.0,1.0,0.0,1.0,0.0,1.0,0.0
0.012499999999999999,0.0927734375,1.0,0.0,1.0651520490646362,0.06515204906463623,1.0,0.0,1.0,0.0,1.0,0.0,1.0,0.0,1.0,0.0
0.012499999999999999,0.0947265625,1.0,0.0,1.0579594373703003,0.05795943737030029,1.0,0.0,1.0,0.0,1.0,0.0,1.0,0.0,1.0,0.0
0.012499999999999999,0.0966796875,1.0,0.0,1.051469326019287,0.05146932601928711,1.0,0.0,1.0,0.0,1.0,0.0,1.0,0.0,1.0,0.0
0.012499999999999999,0.0986328125,1.0,0.0,1.0461666584014893,0.04616665840148926,1.0,0.0,1.0,0.0,1.0,0.0,1.0,0.0,1.0,0.0
0.012499999999999999,0.1005859375,1.0,0.0,1.042458176612854,0.042458176612854004,1.0,0.0,1.0,0.0,1.0,0.0,1.0,0.0,1.0,0.0
0.012499999999999999,0.1025390625,1.0,0.0,1.0406346321105957,0.0406346321105957,1.0,0.0,1.0,0.0,1.0,0.0,1.0,0.0,1.0,0.0
0.012499999999999999,0.1044921875,1.0,0.0,1.0408387184143066,0.04083871841430664,1.0,0.0,1.0,0.0,1.0,0.0,1.0,0.0,1.0,0.0
0.012499999999999999,0.1064453125,1.0,0.0,1.0430532693862915,0.043053269386291504,1.0,0.0,1.0,0.0,1.0,0.0,1.0,0.0,1.0,0.0
0.012499999999999999,0.1083984375,1.0,0.0,1.0471186637878418,0.0471186637878418,1.0,0.0,1.0,0.0,1.0,0.0,1.0,0.0,1.0,0.0
0.012499999999999999,0.1103515625,1.0,0.0,1.0527747869491577,0.052774786949157715,1.0,0.0,1.0,0.0,1.0,0.0,1.0,0.0,1.0,0.0
0.012499999999999999,0.1123046875,1.0,0.0,1.0597078800201416,0.0597078800201416,1.0,0.0,1.0,0.0,1.0,0.0,1.0,0.0,1.0,0.0
0.012499999999999999,0.1142578125,1.0,0.0,1.0675848722457886,0.06758487224578857,1.0,0.0,1.0,0.0,1.0,0.0,1.0,0.0,1.0,0.0
0.012499999999999999,0.1162109375,1.0,0.0,1.0760658979415894,0.07606589794158936,1.0,0.0,1.0,0.0,1.0,0.0,1.0,0.0,1.0,0.0
0.012499999999999999,0.1181640625,1.0,0.0,1.0847967863082886,0.08479678630828857,1.0,0.0,1.0,0.0,1.0,0.0,1.0,0.0,1.0,0.0
0.012499999999999999,0.1201171875,1.0,0.0,1.0933934450149536,0.09339344501495361,1.0,0.0,1.0,0.0,1.0,0.0,1.0,0.0,1.0,0.0
0.012499999999999999,0.1220703125,1.0,0.0,1.1014342308044434,0.10143423080444336,1.0,0.0,1.0,0.0,1.0,0.0,1.0,0.0,1.0,0.0
0.012499999999999999,0.1240234375,1.0,0.0,1.1084681749343872,0.10846817493438721,1.0,0.0,1.0,0.0,1.0,0.0,1.0,0.0,1.0,0.0
0.012499999999999999,0.1259765625,1.0,0.0,1.1140433549880981,0.11404335498809814,1.0,0.0,1.0,0.0,1.0,0.0,1.0,0.0,1.0,0.0
0.012499999999999999,0.1279296875,1.0,0.0,1.117753267288208,0.11775326728820801,1.0,0.0,1.0,0.0,1.0,0.0,1.0,0.0,1.0,0.0
0.012499999999999999,0.1298828125,1.0,0.0,1.1192868947982788,0.11928689479827881,1.0,0.0,1.0,0.0,1.0,0.0,1.0,0.0,1.0,0.0
0.012499999999999999,0.1318359375,1.0,0.0,1.1184743642807007,0.11847436428070068,1.0,0.0,1.0,0.0,1.0,0.0,1.0,0.0,1.0,0.0
0.012499999999999999,0.1337890625,1.0,0.0,1.1153095960617065,0.11530959606170654,1.0,0.0,1.0,0.0,1.0,0.0,1.0,0.0,1.0,0.0
0.012499999999999999,0.1357421875,1.0,0.0,1.1099451780319214,0.10994517803192139,1.0,0.0,1.0,0.0,1.0,0.0,1.0,0.0,1.0,0.0
0.012499999999999999,0.1376953125,1.0,0.0,1.1026573181152344,0.10265731811523438,1.0,0.0,1.0,0.0,1.0,0.0,1.0,0.0,1.0,0.0
0.012499999999999999,0.1396484375,1.0,0.0,1.0937952995300293,0.0937952995300293,1.0,0.0,1.0,0.0,1.0,0.0,1.0,0.0,1.0,0.0
0.012499999999999999,0.1416015625,1.0,0.0,1.0837279558181763,0.08372795581817627,1.0,0.0,1.0,0.0,1.0,0.0,1.0,0.0,1.0,0.0
0.012499999999999999,0.1435546875,1.0,0.0,1.0728012323379517,0.07280123233795166,1.0,0.0,1.0,0.0,1.0,0.0,1.0,0.0,1.0,0.0
0.012499999999999999,0.1455078125,1.0,0.0,1.0613113641738892,0.06131136417388916,1.0,0.0,1.0,0.0,1.0,0.0,1.0,0.0,1.0,0.0
0.012499999999999999,0.1474609375,1.0,0.0,1.0709537267684937,0.07095372676849365,1.0,0.0,1.0,0.0,1.0,0.0,1.0,0.0,1.0,0.0
0.012499999999999999,0.1494140625,1.0,0.0,1.0831022262573242,0.08310222625732422,1.0,0.0,1.0,0.0,1.0,0.0,1.0,0.0,1.0,0.0
0.012499999999999999,0.1513671875,1.0,0.0,1.0918699502944946,0.09186995029449463,1.0,0.0,1.0,0.0,1.0,0.0,1.0,0.0,1.0,0.0
0.012499999999999999,0.1533203125,1.0,0.0,1.097062349319458,0.09706234931945801,1.0,0.0,1.0,0.0,1.0,0.0,1.0,0.0,1.0,0.0
0.012499999999999999,0.1552734375,1.0,0.0,1.0987279415130615,0.09872794151306152,1.0,0.0,1.0,0.0,1.0,0.0,1.0,0.0,1.0,0.0
0.012499999999999999,0.1572265625,1.0,0.0,1.097118854522705,0.09711885452270508,1.0,0.0,1.0,0.0,1.0,0.0,1.0,0.0,1.0,0.0
0.012499999999999999,0.1591796875,1.0,0.0,1.0926398038864136,0.09263980388641357,1.0,0.0,1.0,0.0,1.0,0.0,1.0,0.0,1.0,0.0
0.012499999999999999,0.1611328125,1.0,0.0,1.0857951641082764,0.08579516410827637,1.0,0.0,1.0,0.0,1.0,0.0,1.0,0.0,1.0,0.0
0.012499999999999999,0.1630859375,1.0,0.0,1.077147364616394,0.07714736461639404,1.0,0.0,1.0,0.0,1.0,0.0,1.0,0.0,1.0,0.0
0.012499999999999999,0.1650390625,1.0,0.0,1.0672794580459595,0.06727945804595947,1.0,0.0,1.0,0.0,1.0,0.0,1.0,0.0,1.0,0.0
0.012499999999999999,0.1669921875,1.0,0.0,1.0567697286605835,0.056769728660583496,1.0,0.0,1.0,0.0,1.0,0.0,1.0,0.0,1.0,0.0
0.012499999999999999,0.1689453125,1.0,0.0,1.046168565750122,0.04616856575012207,1.0,0.0,1.0,0.0,1.0,0.0,1.0,0.0,1.0,0.0
0.012499999999999999,0.1708984375,1.0,0.0,1.0359783172607422,0.03597831726074219,1.0,0.0,1.0,0.0,1.0,0.0,1.0,0.0,1.0,0.0
0.012499999999999999,0.1728515625,1.0,0.0,1.026633858680725,0.026633858680725098,1.0,0.0,1.0,0.0,1.0,0.0,1.0,0.0,1.0,0.0
0.012499999999999999,0.1748046875,1.0,0.0,1.0184860229492188,0.01848602294921875,1.0,0.0,1.0,0.0,1.0,0.0,1.0,0.0,1.0,0.0
0.012499999999999999,0.1767578125,1.0,0.0,1.0117831230163574,0.011783123016357422,1.0,0.0,1.0,0.0,1.0,0.0,1.0,0.0,1.0,0.0
0.012499999999999999,0.1787109375,1.0,0.0,1.0066481828689575,0.0066481828689575195,1.0,0.0,1.0,0.0,1.0,0.0,1.0,0.0,1.0,0.0
0.012499999999999999,0.1806640625,1.0,0.0,1.0030577182769775,0.003057718276977539,1.0,0.0,1.0,0.0,1.0,0.0,1.0,0.0,1.0,0.0
0.012499999999999999,0.1826171875,1.0,0.0,1.0008232593536377,0.0008232593536376953,1.0,0.0,1.0,0.0,1.0,0.0,1.0,0.0,1.0,0.0
0.012499999999999999,0.1845703125,1.0,0.0,0.9995895624160767,0.00041043758392333984,1.0,0.0,1.0,0.0,1.0,0.0,1.0,0.0,1.0,0.0
0.012499999999999999,0.1865234375,1.0,0.0,0.9988542199134827,0.001145780086517334,1.0,0.0,1.0,0.0,1.0,0.0,1.0,0.0,1.0,0.0
0.012499999999999999,0.1884765625,1.0,0.0,0.9980130791664124,0.0019869208335876465,1.0,0.0,1.0,0.0,1.0,0.0,1.0,0.0,1.0,0.0
0.012499999999999999,0.1904296875,1.0,0.0,0.9964304566383362,0.0035695433616638184,1.0,0.0,1.0,0.0,1.0,0.0,1.0,0.0,1.0,0.0
0.012499999999999999,0.1923828125,1.0,0.0,0.993518590927124,0.0064814090728759766,1.0,0.0,1.0,0.0,1.0,0.0,1.0,0.0,1.0,0.0
0.012499999999999999,0.1943359375,1.0,0.0,0.9888189435005188,0.011181056499481201,1.0,0.0,1.0,0.0,1.0,0.0,1.0,0.0,1.0,0.0
0.012499999999999999,0.1962890625,1.0,0.0,0.9820681214332581,0.017931878566741943,1.0,0.0,1.0,0.0,1.0,0.0,1.0,0.0,1.0,0.0
0.012499999999999999,0.1982421875,1.0,0.0,0.9732307195663452,0.026769280433654785,1.0,0.0,1.0,0.0,1.0,0.0,1.0,0.0,1.0,0.0
0.012499999999999999,0.2001953125,1.0,0.0,0.962492823600769,0.03750717639923096,1.0,0.0,1.0,0.0,1.0,0.0,1.0,0.0,1.0,0.0
0.012499999999999999,0.2021484375,1.0,0.0,0.9502090811729431,0.049790918827056885,1.0,0.0,1.0,0.0,1.0,0.0,1.0,0.0,1.0,0.0
0.012499999999999999,0.2041015625,1.0,0.0,0.9368290305137634,0.06317096948623657,1.0,0.0,1.0,0.0,1.0,0.0,1.0,0.0,1.0,0.0
0.012499999999999999,0.2060546875,1.0,0.0,0.9228177070617676,0.07718229293823242,1.0,0.0,1.0,0.0,1.0,0.0,1.0,0.0,1.0,0.0
0.012499999999999999,0.2080078125,1.0,0.0,0.9086061120033264,0.09139388799667358,1.0,0.0,1.0,0.0,1.0,0.0,1.0,0.0,1.0,0.0
0.012499999999999999,0.2099609375,1.0,0.0,0.8945819735527039,0.10541802644729614,1.0,0.0,1.0,0.0,1.0,0.0,1.0,0.0,1.0,0.0
0.012499999999999999,0.2119140625,1.0,0.0,0.8875794410705566,0.11242055892944336,1.0,0.0,1.0,0.0,1.0,0.0,1.0,0.0,1.0,0.0
0.012499999999999999,0.2138671875,1.0,0.0,0.892832338809967,0.10716766119003296,1.0,0.0,1.0,0.0,1.0,0.0,1.0,0.0,1.0,0.0
0.012499999999999999,0.2158203125,1.0,0.0,0.9001619815826416,0.0998380184173584,1.0,0.0,1.0,0.0,1.0,0.0,1.0,0.0,1.0,0.0
0.012499999999999999,0.2177734375,1.0,0.0,0.909598171710968,0.09040182828903198,1.0,0.0,1.0,0.0,1.0,0.0,1.0,0.0,1.0,0.0
0.012499999999999999,0.2197265625,1.0,0.0,0.9211089611053467,0.07889103889465332,1.0,0.0,1.0,0.0,1.0,0.0,1.0,0.0,1.0,0.0
0.012499999999999999,0.2216796875,1.0,0.0,0.9345504641532898,0.0654495358467102,1.0,0.0,1.0,0.0,1.0,0.0,1.0,0.0,1.0,0.0
0.012499999999999999,0.2236328125,1.0,0.0,0.949614942073822,0.05038505792617798,1.0,0.0,1.0,0.0,1.0,0.0,1.0,0.0,1.0,0.0
0.012499999999999999,0.2255859375,1.0,0.0,0.9657951593399048,0.034204840660095215,1.0,0.0,1.0,0.0,1.0,0.0,1.0,0.0,1.0,0.0
0.012499999999999999,0.2275390625,1.0,0.0,0.9823706746101379,0.01762932538986206,1.0,0.0,1.0,0.0,1.0,0.0,1.0,0.0,1.0,0.0
0.012499999999999999,0.2294921875,1.0,0.0,0.9984304308891296,0.0015695691108703613,1.0,0.0,1.0,0.0,1.0,0.0,1.0,0.0,1.0,0.0
0.012499999999999999,0.2314453125,1.0,0.0,1.0129296779632568,0.012929677963256836,1.0,0.0,1.0,0.0,1.0,0.0,1.0,0.0,1.0,0.0
0.012499999999999999,0.2333984375,1.0,0.0,1.0247825384140015,0.024782538414001465,1.0,0.0,1.0,0.0,1.0,0.0,1.0,0.0,1.0,0.0
0.012499999999999999,0.2353515625,1.0,0.0,1.032981514930725,0.0329815149307251,1.0,0.0,1.0,0.0,1.0,0.0,1.0,0.0,1.0,0.0
0.012499999999999999,0.2373046875,1.0,0.0,1.0367287397384644,0.036728739738464355,1.0,0.0,1.0,0.0,1.0,0.0,1.0,0.0,1.0,0.0
0.012499999999999999,0.2392578125,1.0,0.0,1.0355569124221802,0.035556912422180176,1.0,0.0,1.0,0.0,1.0,0.0,1.0,0.0,1.0,0.0
0.012499999999999999,0.2412109375,1.0,0.0,1.0294142961502075,0.02941429615020752,1.0,0.0,1.0,0.0,1.0,0.0,1.0,0.0,1.0,0.0
0.012499999999999999,0.2431640625,1.0,0.0,1.0186898708343506,0.018689870834350586,1.0,0.0,1.0,0.0,1.0,0.0,1.0,0.0,1.0,0.0
0.012499999999999999,0.2451171875,1.0,0.0,1.0041638612747192,0.004163861274719238,1.0,0.0,1.0,0.0,1.0,0.0,1.0,0.0,1.0,0.0
0.012499999999999999,0.2470703125,1.0,0.0,0.9869002103805542,0.0130997896194458,1.0,0.0,1.0,0.0,1.0,0.0,1.0,0.0,1.0,0.0
0.012499999999999999,0.2490234375,1.0,0.0,0.9680923819541931,0.031907618045806885,1.0,0.0,1.0,0.0,1.0,0.0,1.0,0.0,1.0,0.0
0.012499999999999999,0.2509765625,1.0,0.0,0.9489148855209351,0.05108511447906494,1.0,0.0,1.0,0.0,1.0,0.0,1.0,0.0,1.0,0.0
0.012499999999999999,0.2529296875,1.0,0.0,0.9303992986679077,0.06960070133209229,1.0,0.0,1.0,0.0,1.0,0.0,1.0,0.0,1.0,0.0
0.012499999999999999,0.2548828125,1.0,0.0,0.9133630394935608,0.08663696050643921,1.0,0.0,1.0,0.0,1.0,0.0,1.0,0.0,1.0,0.0
0.012499999999999999,0.2568359375,1.0,0.0,0.8983870148658752,0.10161298513412476,1.0,0.0,1.0,0.0,1.0,0.0,1.0,0.0,1.0,0.0
0.012499999999999999,0.2587890625,1.0,0.0,0.8858351111412048,0.11416488885879517,1.0,0.0,1.0,0.0,1.0,0.0,1.0,0.0,1.0,0.0
0.012499999999999999,0.2607421875,1.0,0.0,0.8758968710899353,0.1241031289100647,1.0,0.0,1.0,0.0,1.0,0.0,1.0,0.0,1.0,0.0
0.012499999999999999,0.2626953125,1.0,0.0,0.869870662689209,0.13012933731079102,1.0,0.0,1.0,0.0,1.0,0.0,1.0,0.0,1.0,0.0
0.012499999999999999,0.2646484375,1.0,0.0,0.8682394027709961,0.1317605972290039,1.0,0.0,1.0,0.0,1.0,0.0,1.0,0.0,1.0,0.0
0.012499999999999999,0.2666015625,1.0,0.0,0.8668501377105713,0.1331498622894287,1.0,0.0,1.0,0.0,1.0,0.0,1.0,0.0,1.0,0.0
0.012499999999999999,0.2685546875,1.0,0.0,0.8656957745552063,0.1343042254447937,1.0,0.0,1.0,0.0,1.0,0.0,1.0,0.0,1.0,0.0
0.012499999999999999,0.2705078125,1.0,0.0,0.8651597499847412,0.1348402500152588,1.0,0.0,1.0,0.0,1.0,0.0,1.0,0.0,1.0,0.0
0.012499999999999999,0.2724609375,1.0,0.0,0.8698504567146301,0.13014954328536987,1.0,0.0,1.0,0.0,1.0,0.0,1.0,0.0,1.0,0.0
0.012499999999999999,0.2744140625,1.0,0.0,0.876172661781311,0.12382733821868896,1.0,0.0,1.0,0.0,1.0,0.0,1.0,0.0,1.0,0.0
0.012499999999999999,0.2763671875,1.0,0.0,0.8836917281150818,0.11630827188491821,1.0,0.0,1.0,0.0,1.0,0.0,1.0,0.0,1.0,0.0
0.012499999999999999,0.2783203125,1.0,0.0,0.8919277787208557,0.10807222127914429,1.0,0.0,1.0,0.0,1.0,0.0,1.0,0.0,1.0,0.0
0.012499999999999999,0.2802734375,1.0,0.0,0.9004044532775879,0.09959554672241211,1.0,0.0,1.0,0.0,1.0,0.0,1.0,0.0,1.0,0.0
0.012499999999999999,0.2822265625,1.0,0.0,0.9087005257606506,0.09129947423934937,1.0,0.0,1.0,0.0,1.0,0.0,1.0,0.0,1.0,0.0
0.012499999999999999,0.2841796875,1.0,0.0,0.9164939522743225,0.08350604772567749,1.0,0.0,1.0,0.0,1.0,0.0,1.0,0.0,1.0,0.0
0.012499999999999999,0.2861328125,1.0,0.0,0.9235824942588806,0.07641750574111938,1.0,0.0,1.0,0.0,1.0,0.0,1.0,0.0,1.0,0.0
0.012499999999999999,0.2880859375,1.0,0.0,0.929875910282135,0.07012408971786499,1.0,0.0,1.0,0.0,1.0,0.0,1.0,0.0,1.0,0.0
0.012499999999999999,0.2900390625,1.0,0.0,0.9353630542755127,0.0646369457244873,1.0,0.0,1.0,0.0,1.0,0.0,1.0,0.0,1.0,0.0
0.012499999999999999,0.2919921875,1.0,0.0,0.9400709271430969,0.059929072856903076,1.0,0.0,1.0,0.0,1.0,0.0,1.0,0.0,1.0,0.0
0.012499999999999999,0.2939453125,1.0,0.0,0.9440287947654724,0.05597120523452759,1.0,0.0,1.0,0.0,1.0,0.0,1.0,0.0,1.0,0.0
0.012499999999999999,0.2958984375,1.0,0.0,0.9472551941871643,0.05274480581283569,1.0,0.0,1.0,0.0,1.0,0.0,1.0,0.0,1.0,0.0
0.012499999999999999,0.2978515625,1.0,0.0,0.9497649669647217,0.05023503303527832,1.0,0.0,1.0,0.0,1.0,0.0,1.0,0.0,1.0,0.0
0.012499999999999999,0.2998046875,1.0,0.0,0.9515913128852844,0.048408687114715576,1.0,0.0,1.0,0.0,1.0,0.0,1.0,0.0,1.0,0.0
0.012499999999999999,0.3017578125,1.0,0.0,0.952806830406189,0.047193169593811035,1.0,0.0,1.0,0.0,1.0,0.0,1.0,0.0,1.0,0.0
0.012499999999999999,0.3037109375,1.0,0.0,0.9535374045372009,0.04646259546279907,1.0,0.0,1.0,0.0,1.0,0.0,1.0,0.0,1.0,0.0
0.012499999999999999,0.3056640625,1.0,0.0,0.9539574384689331,0.046042561531066895,1.0,0.0,1.0,0.0,1.0,0.0,1.0,0.0,1.0,0.0
0.012499999999999999,0.3076171875,1.0,0.0,0.9542725086212158,0.04572749137878418,1.0,0.0,1.0,0.0,1.0,0.0,1.0,0.0,1.0,0.0
0.012499999999999999,0.3095703125,1.0,0.0,0.9546874761581421,0.04531252384185791,1.0,0.0,1.0,0.0,1.0,0.0,1.0,0.0,1.0,0.0
0.012499999999999999,0.3115234375,1.0,0.0,0.9553700685501099,0.04462993144989014,1.0,0.0,1.0,0.0,1.0,0.0,1.0,0.0,1.0,0.0
0.012499999999999999,0.3134765625,1.0,0.0,0.9564186930656433,0.04358130693435669,1.0,0.0,1.0,0.0,1.0,0.0,1.0,0.0,1.0,0.0
0.012499999999999999,0.3154296875,1.0,0.0,0.9578415155410767,0.04215848445892334,1.0,0.0,1.0,0.0,1.0,0.0,1.0,0.0,1.0,0.0
0.012499999999999999,0.3173828125,1.0,0.0,0.959555447101593,0.04044455289840698,1.0,0.0,1.0,0.0,1.0,0.0,1.0,0.0,1.0,0.0
0.012499999999999999,0.3193359375,1.0,0.0,0.961405336856842,0.03859466314315796,1.0,0.0,1.0,0.0,1.0,0.0,1.0,0.0,1.0,0.0
0.012499999999999999,0.3212890625,1.0,0.0,0.9632024168968201,0.03679758310317993,1.0,0.0,1.0,0.0,1.0,0.0,1.0,0.0,1.0,0.0
0.012499999999999999,0.3232421875,1.0,0.0,0.9647712707519531,0.035228729248046875,1.0,0.0,1.0,0.0,1.0,0.0,1.0,0.0,1.0,0.0
0.012499999999999999,0.3251953125,1.0,0.0,0.9659912586212158,0.03400874137878418,1.0,0.0,1.0,0.0,1.0,0.0,1.0,0.0,1.0,0.0
0.012499999999999999,0.3271484375,1.0,0.0,0.9668201804161072,0.03317981958389282,1.0,0.0,1.0,0.0,1.0,0.0,1.0,0.0,1.0,0.0
0.012499999999999999,0.3291015625,1.0,0.0,0.9672966003417969,0.032703399658203125,1.0,0.0,1.0,0.0,1.0,0.0,1.0,0.0,1.0,0.0
0.012499999999999999,0.3310546875,1.0,0.0,0.9675185084342957,0.032481491565704346,1.0,0.0,1.0,0.0,1.0,0.0,1.0,0.0,1.0,0.0
0.012499999999999999,0.3330078125,1.0,0.0,0.9676095247268677,0.032390475273132324,1.0,0.0,1.0,0.0,1.0,0.0,1.0,0.0,1.0,0.0
0.012499999999999999,0.3349609375,1.0,0.0,0.9676846861839294,0.03231531381607056,1.0,0.0,1.0,0.0,1.0,0.0,1.0,0.0,1.0,0.0
0.012499999999999999,0.3369140625,1.0,0.0,0.9678287506103516,0.03217124938964844,1.0,0.0,1.0,0.0,1.0,0.0,1.0,0.0,1.0,0.0
0.012499999999999999,0.3388671875,1.0,0.0,0.9680925607681274,0.03190743923187256,1.0,0.0,1.0,0.0,1.0,0.0,1.0,0.0,1.0,0.0
0.012499999999999999,0.3408203125,1.0,0.0,0.9685139060020447,0.03148609399795532,1.0,0.0,1.0,0.0,1.0,0.0,1.0,0.0,1.0,0.0
0.012499999999999999,0.3427734375,1.0,0.0,0.9691493511199951,0.030850648880004883,1.0,0.0,1.0,0.0,1.0,0.0,1.0,0.0,1.0,0.0
0.012499999999999999,0.3447265625,1.0,0.0,0.9701162576675415,0.029883742332458496,1.0,0.0,1.0,0.0,1.0,0.0,1.0,0.0,1.0,0.0
0.012499999999999999,0.3466796875,1.0,0.0,0.9716185331344604,0.02838146686553955,1.0,0.0,1.0,0.0,1.0,0.0,1.0,0.0,1.0,0.0
0.012499999999999999,0.3486328125,1.0,0.0,0.9739444255828857,0.026055574417114258,1.0,0.0,1.0,0.0,1.0,0.0,1.0,0.0,1.0,0.0
0.012499999999999999,0.3505859375,1.0,0.0,0.9774200320243835,0.022579967975616455,1.0,0.0,1.0,0.0,1.0,0.0,1.0,0.0,1.0,0.0
0.012499999999999999,0.3525390625,1.0,0.0,0.9823163151741028,0.017683684825897217,1.0,0.0,1.0,0.0,1.0,0.0,1.0,0.0,1.0,0.0
0.012499999999999999,0.3544921875,1.0,0.0,0.9867719411849976,0.013228058815002441,1.0,0.0,1.0,0.0,1.0,0.0,1.0,0.0,1.0,0.0
0.012499999999999999,0.3564453125,1.0,0.0,0.9842481017112732,0.015751898288726807,1.0,0.0,1.0,0.0,1.0,0.0,1.0,0.0,1.0,0.0
0.012499999999999999,0.3583984375,1.0,0.0,0.9822675585746765,0.017732441425323486,1.0,0.0,1.0,0.0,1.0,0.0,1.0,0.0,1.0,0.0
0.012499999999999999,0.3603515625,1.0,0.0,0.981079638004303,0.01892036199569702,1.0,0.0,1.0,0.0,1.0,0.0,1.0,0.0,1.0,0.0
0.012499999999999999,0.3623046875,1.0,0.0,0.9808624386787415,0.019137561321258545,1.0,0.0,1.0,0.0,1.0,0.0,1.0,0.0,1.0,0.0
0.012499999999999999,0.3642578125,1.0,0.0,0.9817092418670654,0.01829075813293457,1.0,0.0,1.0,0.0,1.0,0.0,1.0,0.0,1.0,0.0
0.012499999999999999,0.3662109375,1.0,0.0,0.9836249351501465,0.016375064849853516,1.0,0.0,1.0,0.0,1.0,0.0,1.0,0.0,1.0,0.0
0.012499999999999999,0.3681640625,1.0,0.0,0.9865274429321289,0.013472557067871094,1.0,0.0,1.0,0.0,1.0,0.0,1.0,0.0,1.0,0.0
0.012499999999999999,0.3701171875,1.0,0.0,0.9902533292770386,0.009746670722961426,1.0,0.0,1.0,0.0,1.0,0.0,1.0,0.0,1.0,0.0
0.012499999999999999,0.3720703125,1.0,0.0,0.9945690631866455,0.005430936813354492,1.0,0.0,1.0,0.0,1.0,0.0,1.0,0.0,1.0,0.0
0.012499999999999999,0.3740234375,1.0,0.0,0.9976562857627869,0.0023437142372131348,1.0,0.0,1.0,0.0,1.0,0.0,1.0,0.0,1.0,0.0
0.012499999999999999,0.3759765625,1.0,0.0,0.981391966342926,0.018608033657073975,1.0,0.0,1.0,0.0,1.0,0.0,1.0,0.0,1.0,0.0
0.012499999999999999,0.3779296875,1.0,0.0,0.9635461568832397,0.036453843116760254,1.0,0.0,1.0,0.0,1.0,0.0,1.0,0.0,1.0,0.0
0.012499999999999999,0.3798828125,1.0,0.0,0.9454628825187683,0.05453711748123169,1.0,0.0,1.0,0.0,1.0,0.0,1.0,0.0,1.0,0.0
0.012499999999999999,0.3818359375,1.0,0.0,0.9284422993659973,0.07155770063400269,1.0,0.0,1.0,0.0,1.0,0.0,1.0,0.0,1.0,0.0
0.012499999999999999,0.3837890625,1.0,0.0,0.9135547876358032,0.08644521236419678,1.0,0.0,1.0,0.0,1.0,0.0,1.0,0.0,1.0,0.0
0.012499999999999999,0.3857421875,1.0,0.0,0.9015250205993652,0.09847497940063477,1.0,0.0,1.0,0.0,1.0,0.0,1.0,0.0,1.0,0.0
0.012499999999999999,0.3876953125,1.0,0.0,0.8927011489868164,0.1072988510131836,1.0,0.0,1.0,0.0,1.0,0.0,1.0,0.0,1.0,0.0
0.012499999999999999,0.3896484375,1.0,0.0,0.8871006369590759,0.11289936304092407,1.0,0.0,1.0,0.0,1.0,0.0,1.0,0.0,1.0,0.0
0.012499999999999999,0.3916015625,1.0,0.0,0.8844984173774719,0.11550158262252808,1.0,0.0,1.0,0.0,1.0,0.0,1.0,0.0,1.0,0.0
0.012499999999999999,0.3935546875,1.0,0.0,0.8845177888870239,0.11548221111297607,1.0,0.0,1.0,0.0,1.0,0.0,1.0,0.0,1.0,0.0
0.012499999999999999,0.3955078125,1.0,0.0,0.8867087364196777,0.11329126358032227,1.0,0.0,1.0,0.0,1.0,0.0,1.0,0.0,1.0,0.0
0.012499999999999999,0.3974609375,1.0,0.0,0.8905976414680481,0.1094023585319519,1.0,0.0,1.0,0.0,1.0,0.0,1.0,0.0,1.0,0.0
0.012499999999999999,0.3994140625,1.0,0.0,0.8957090973854065,0.1042909026145935,1.0,0.0,1.0,0.0,1.0,0.0,1.0,0.0,1.0,0.0
0.012499999999999999,0.4013671875,1.0,0.0,0.901566207408905,0.09843379259109497,1.0,0.0,1.0,0.0,1.0,0.0,1.0,0.0,1.0,0.0
0.012499999999999999,0.4033203125,1.0,0.0,0.90767902135849,0.09232097864151001,1.0,0.0,1.0,0.0,1.0,0.0,1.0,0.0,1.0,0.0
0.012499999999999999,0.4052734375,1.0,0.0,0.9135333299636841,0.08646667003631592,1.0,0.0,1.0,0.0,1.0,0.0,1.0,0.0,1.0,0.0
0.012499999999999999,0.4072265625,1.0,0.0,0.918595552444458,0.08140444755554199,1.0,0.0,1.0,0.0,1.0,0.0,1.0,0.0,1.0,0.0
0.012499999999999999,0.4091796875,1.0,0.0,0.9223365783691406,0.07766342163085938,1.0,0.0,1.0,0.0,1.0,0.0,1.0,0.0,1.0,0.0
0.012499999999999999,0.4111328125,1.0,0.0,0.9242760539054871,0.07572394609451294,1.0,0.0,1.0,0.0,1.0,0.0,1.0,0.0,1.0,0.0
0.012499999999999999,0.4130859375,1.0,0.0,0.9240407943725586,0.0759592056274414,1.0,0.0,1.0,0.0,1.0,0.0,1.0,0.0,1.0,0.0
0.012499999999999999,0.4150390625,1.0,0.0,0.9248651266098022,0.07513487339019775,1.0,0.0,1.0,0.0,1.0,0.0,1.0,0.0,1.0,0.0
0.012499999999999999,0.4169921875,1.0,0.0,0.934227466583252,0.06577253341674805,1.0,0.0,1.0,0.0,1.0,0.0,1.0,0.0,1.0,0.0
0.012499999999999999,0.4189453125,1.0,0.0,0.9425240159034729,0.0574759840965271,1.0,0.0,1.0,0.0,1.0,0.0,1.0,0.0,1.0,0.0
0.012499999999999999,0.4208984375,1.0,0.0,0.9495789408683777,0.050421059131622314,1.0,0.0,1.0,0.0,1.0,0.0,1.0,0.0,1.0,0.0
0.012499999999999999,0.4228515625,1.0,0.0,0.9553667306900024,0.04463326930999756,1.0,0.0,1.0,0.0,1.0,0.0,1.0,0.0,1.0,0.0
0.012499999999999999,0.4248046875,1.0,0.0,0.9600374102592468,0.039962589740753174,1.0,0.0,1.0,0.0,1.0,0.0,1.0,0.0,1.0,0.0
0.012499999999999999,0.4267578125,1.0,0.0,0.9639157056808472,0.03608429431915283,1.0,0.0,1.0,0.0,1.0,0.0,1.0,0.0,1.0,0.0
0.012499999999999999,0.4287109375,1.0,0.0,0.96746826171875,0.03253173828125,1.0,0.0,1.0,0.0,1.0,0.0,1.0,0.0,1.0,0.0
0.012499999999999999,0.4306640625,1.0,0.0,0.9712376594543457,0.028762340545654297,1.0,0.0,1.0,0.0,1.0,0.0,1.0,0.0,1.0,0.0
0.012499999999999999,0.4326171875,1.0,0.0,0.9757571220397949,0.024242877960205078,1.0,0.0,1.0,0.0,1.0,0.0,1.0,0.0,1.0,0.0
0.012499999999999999,0.4345703125,1.0,0.0,0.9814662337303162,0.018533766269683838,1.0,0.0,1.0,0.0,1.0,0.0,1.0,0.0,1.0,0.0
0.012499999999999999,0.4365234375,1.0,0.0,0.9886489510536194,0.011351048946380615,1.0,0.0,1.0,0.0,1.0,0.0,1.0,0.0,1.0,0.0
0.012499999999999999,0.4384765625,1.0,0.0,0.9974049925804138,0.0025950074195861816,1.0,0.0,1.0,0.0,1.0,0.0,1.0,0.0,1.0,0.0
0.012499999999999999,0.4404296875,1.0,0.0,1.007654070854187,0.007654070854187012,1.0,0.0,1.0,0.0,1.0,0.0,1.0,0.0,1.0,0.0
0.012499999999999999,0.4423828125,1.0,0.0,1.0191668272018433,0.01916682720184326,1.0,0.0,1.0,0.0,1.0,0.0,1.0,0.0,1.0,0.0
0.012499999999999999,0.4443359375,1.0,0.0,1.0316065549850464,0.03160655498504639,1.0,0.0,1.0,0.0,1.0,0.0,1.0,0.0,1.0,0.0
0.012499999999999999,0.4462890625,1.0,0.0,1.0445750951766968,0.04457509517669678,1.0,0.0,1.0,0.0,1.0,0.0,1.0,0.0,1.0,0.0
0.012499999999999999,0.4482421875,1.0,0.0,1.0576558113098145,0.05765581130981445,1.0,0.0,1.0,0.0,1.0,0.0,1.0,0.0,1.0,0.0
0.012499999999999999,0.4501953125,1.0,0.0,1.0680813789367676,0.06808137893676758,1.0,0.0,1.0,0.0,1.0,0.0,1.0,0.0,1.0,0.0
0.012499999999999999,0.4521484375,1.0,0.0,1.0721867084503174,0.07218670845031738,1.0,0.0,1.0,0.0,1.0,0.0,1.0,0.0,1.0,0.0
0.012499999999999999,0.4541015625,1.0,0.0,1.0751088857650757,0.07510888576507568,1.0,0.0,1.0,0.0,1.0,0.0,1.0,0.0,1.0,0.0
0.012499999999999999,0.4560546875,1.0,0.0,1.076559066772461,0.07655906677246094,1.0,0.0,1.0,0.0,1.0,0.0,1.0,0.0,1.0,0.0
0.012499999999999999,0.4580078125,1.0,0.0,1.0764755010604858,0.07647550106048584,1.0,0.0,1.0,0.0,1.0,0.0,1.0,0.0,1.0,0.0
0.012499999999999999,0.4599609375,1.0,0.0,1.0750473737716675,0.07504737377166748,1.0,0.0,1.0,0.0,1.0,0.0,1.0,0.0,1.0,0.0
0.012499999999999999,0.4619140625,1.0,0.0,1.072701334953308,0.0727013349533081,1.0,0.0,1.0,0.0,1.0,0.0,1.0,0.0,1.0,0.0
0.012499999999999999,0.4638671875,1.0,0.0,1.0700411796569824,0.07004117965698242,1.0,0.0,1.0,0.0,1.0,0.0,1.0,0.0,1.0,0.0
0.012499999999999999,0.4658203125,1.0,0.0,1.0677396059036255,0.06773960590362549,1.0,0.0,1.0,0.0,1.0,0.0,1.0,0.0,1.0,0.0
0.012499999999999999,0.4677734375,1.0,0.0,1.0664007663726807,0.06640076637268066,1.0,0.0,1.0,0.0,1.0,0.0,1.0,0.0,1.0,0.0
0.012499999999999999,0.4697265625,1.0,0.10793475771094874,1.0664396286010742,0.06643962860107422,1.0,0.0,1.0,0.0,1.0,0.0,1.0,0.0,1.0,0.0
0.012499999999999999,0.4716796875,1.0,0.10793475771094874,1.0680222511291504,0.06802225112915039,1.0,0.0,1.0,0.0,1.0,0.0,1.0,0.0,1.0,0.0
0.012499999999999999,0.4736328125,1.0,0.10793475771094874,1.0710965394973755,0.07109653949737549,1.0,0.0,1.0,0.0,1.0,0.0,1.0,0.0,1.0,0.0
0.012499999999999999,0.4755859375,1.0,0.10793475771094874,1.075503945350647,0.07550394535064697,1.0,0.0,1.0,0.0,1.0,0.0,1.0,0.0,1.0,0.0
0.012499999999999999,0.4775390625,1.0,0.4143149483073348,1.08112633228302,0.08112633228302002,1.044244629034433,0.044244629034432936,1.0110611572586081,0.011061157258608123,1.0110475106983747,0.01104751069837473,1.009914192684098,0.009914192684097989,1.0,0.0
0.012499999999999999,0.4794921875,1.0,0.4143149483073348,1.0880299806594849,0.08802998065948486,1.044244629034433,0.044244629034432936,1.0331834717758248,0.03318347177582481,1.033060773034193,0.03306077303419297,1.0228709016056754,0.022870901605675398,1.0,0.0
0.012499999999999999,0.4814453125,1.0,0.4143149483073348,1.0965523719787598,0.09655237197875977,1.044244629034433,0.044244629034432936,1.055305786293041,0.05530578629304106,1.055074035370011,0.05507403537001099,1.0358276105272526,0.035827610527252585,1.0,0.0
0.012499999999999999,0.4833984375,1.0,0.4143149483073348,1.1073095798492432,0.10730957984924316,1.044244629034433,0.044244629034432936,1.0774281008102577,0.07742810081025775,1.077796197035153,0.07779619703515306,1.1083658113207058,0.10836581132070577,1.0,0.0
0.012499999999999999,0.4853515625,1.0,0.030118236535572225,1.1210945844650269,0.12109458446502686,1.3108212940600046,0.3108212940600046,1.2056920225841683,0.2056920225841683,1.2056793708651266,0.20567937086512655,1.2007351818262273,0.2007351818262273,1.0259752384302592,0.025975238430259173
0.012499999999999999,0.4873046875,1.0,0.030118236535572225,1.1386805772781372,0.1386805772781372,1.3108212940600046,0.3108212940600046,1.2757782035680592,0.27577820356805915,1.2757601641105327,0.2757601641105327,1.2687104906333704,0.2687104906333704,1.2795648492498335,0.2795648492498335
0.012499999999999999,0.4892578125,1.6019442880567492,0.030118236535572225,1.160575270652771,0.44136901740397816,1.3108212940600046,0.2911229939967446,1.34586438455195,0.25607990350479914,1.3458773875355639,0.2560669005211853,1.3509588479160946,0.2509854401406546,1.543078231909355,0.05886605614739415
0.012499999999999999,0.4912109375,1.6019442880567492,0.030118236535572225,1.1868139505386353,0.4151303375181139,1.3108212940600046,0.2911229939967446,1.4159505655358409,0.1859937225209083,1.4159682537287952,0.18597603432795395,1.4228806558643263,0.17906363219242283,1.6351708023157077,0.033226514258958506
0.012499999999999999,0.4931640625,1.6019442880567492,0.08514026990277374,1.216878890991211,0.3850653970655382,1.6049340769055593,0.002989788848810182,1.6049340769055593,0.002989788848810182,1.6049340769055593,0.002989788848810182,1.6049340769055593,0.002989788848810182,1.5983596015387171,0.0035846865180320098
0.012499999999999999,0.4951171875,1.6019442880567492,0.08514026990277374,1.2497786283493042,0.35216565970744496,1.6049340769055593,0.002989788848810182,1.6049340769055593,0.002989788848810182,1.6049340769055593,0.002989788848810182,1.6049340769055593,0.002989788848810182,1.5754904089384179,0.026453879118331303
0.012499999999999999,0.4970703125,1.6019442880567492,0.08514026990277374,1.2831380367279053,0.3188062513288439,1.6049340769055593,0.002989788848810182,1.6049340769055593,0.002989788848810182,1.6049340769055593,0.002989788848810182,1.6049340769055593,0.002989788848810182,1.592352968805779,0.009591319250970232
0.012499999999999999,0.4990234375,1.6019442880567492,0.08514026990277374,1.300843596458435,0.3011006915983141,1.6049340769055593,0.002989788848810182,1.6049340769055593,0.002989788848810182,1.6049340769055593,0.002989788848810182,1.6049340769055593,0.002989788848810182,1.590007898811899,0.011936389244850076
0.012499999999999999,0.5009765625,1.6019442880567492,0.05343026266193096,1.6001018285751343,0.0018424594816148776,1.6049340769055593,0.002989788848810182,1.6049340769055593,0.002989788848810182,1.6049340769055593,0.002989788848810182,1.6049340769055593,0.002989788848810182,1.590007898811899,0.011936389244850076
0.012499999999999999,0.5029296875,1.6019442880567492,0.05343026266193096,1.623379111289978,0.021434823233228872,1.6049340769055593,0.002989788848810182,1.6049340769055593,0.002989788848810182,1.6049340769055593,0.002989788848810182,1.6049340769055593,0.002989788848810182,1.5923529688057765,0.009591319250972674
0.012499999999999999,0.5048828125,1.6019442880567492,0.05343026266193096,1.64204740524292,0.04010311718617077,1.6049340769055593,0.002989788848810182,1.6049340769055593,0.002989788848810182,1.6049340769055593,0.002989788848810182,1.6049340769055593,0.002989788848810182,1.5754904089384156,0.026453879118333523
0.012499999999999999,0.5068359375,1.6019442880567492,0.05343026266193096,1.6560745239257812,0.054130235869032095,1.6049340769055593,0.002989788848810182,1.6049340769055593,0.002989788848810182,1.6049340769055593,0.002989788848810182,1.6049340769055593,0.002989788848810182,1.598359601538717,0.003584686518032232
0.012499999999999999,0.5087890625,1.6019442880567492,0.3739356772744533,1.6655828952789307,0.06363860722218151,1.3108212940600046,0.2911229939967446,1.4159505655358409,0.1859937225209083,1.4159548947106204,0.18598939334612874,1.5019917259302962,0.09995256212645298,1.6351708023157074,0.033226514258958284
0.012499999999999999,0.5107421875,1.6019442880567492,0.3739356772744533,1.6709283590316772,0.06898407097492809,1.3108212940600046,0.2911229939967446,1.34586438455195,0.25607990350479914,1.3458675670245104,0.2560767210322388,1.409115153107782,0.19282913494896725,1.5430782319093557,0.058866056147393486
0.012499999999999999,0.5126953125,1.0,0.3739356772744533,1.6727532148361206,0.6727532148361206,1.3108212940600046,0.3108212940600046,1.2757782035680592,0.27577820356805915,1.275773788421483,0.27577378842148303,1.18802837731602,0.18802837731602007,1.279564849249834,0.27956484924983394
0.012499999999999999,0.5146484375,1.0,0.3739356772744533,1.6719917058944702,0.6719917058944702,1.3108212940600046,0.3108212940600046,1.2056920225841683,0.2056920225841683,1.2056889260834045,0.2056889260834045,1.1441499198859204,0.1441499198859204,1.0259752384302592,0.025975238430259173
0.012499999999999999,0.5166015625,1.0,0.0004962167921617527,1.669808268547058,0.6698082685470581,1.044244629034433,0.044244629034432936,1.0774281008102577,0.07742810081025775,1.0774281228904456,0.07742812289044565,1.077465154292226,0.077465154292226,1.0,0.0
0.012499999999999999,0.5185546875,1.0,0.0004962167921617527,1.6674623489379883,0.6674623489379883,1.044244629034433,0.044244629034432936,1.055305786293041,0.05530578629304106,1.0553057723915023,0.05530577239150225,1.05528245766844,0.05528245766844009,1.0,0.0
0.012499999999999999,0.5205078125,1.0,0.0004962167921617527,1.6520649194717407,0.6520649194717407,1.044244629034433,0.044244629034432936,1.0331834717758248,0.03318347177582481,1.0331834644157623,0.033183464415762254,1.0331711206151688,0.0331711206151688,1.0,0.0
0.012499999999999999,0.5224609375,1.0,0.0004962167921617527,1.6271002292633057,0.6271002292633057,1.044244629034433,0.044244629034432936,1.0110611572586081,0.011061157258608123,1.0110611564400216,0.011061156440021591,1.0110597835618969,0.011059783561896852,1.0,0.0
0.012499999999999999,0.5244140625,1.0,3.6824780213242193e-06,1.5998326539993286,0.5998326539993286,1.0,0.0,1.0,0.0,1.0,0.0,1.0,0.0,1.0,0.0
0.012499999999999999,0.5263671875,1.0,3.6824780213242193e-06,1.5708459615707397,0.5708459615707397,1.0,0.0,1.0,0.0,1.0,0.0,1.0,0.0,1.0,0.0
0.012499999999999999,0.5283203125,1.0,3.6824780213242193e-06,1.5408642292022705,0.5408642292022705,1.0,0.0,1.0,0.0,1.0,0.0,1.0,0.0,1.0,0.0
0.012499999999999999,0.5302734375,1.0,3.6824780213242193e-06,1.5106772184371948,0.5106772184371948,1.0,0.0,1.0,0.0,1.0,0.0,1.0,0.0,1.0,0.0
0.012499999999999999,0.5322265625,1.0,0.0,1.4809906482696533,0.4809906482696533,1.0,0.0,1.0,0.0,1.0,0.0,1.0,0.0,1.0,0.0
0.012499999999999999,0.5341796875,1.0,0.0,1.4522454738616943,0.45224547386169434,1.0,0.0,1.0,0.0,1.0,0.0,1.0,0.0,1.0,0.0
0.012499999999999999,0.5361328125,1.0,0.0,1.4244580268859863,0.42445802688598633,1.0,0.0,1.0,0.0,1.0,0.0,1.0,0.0,1.0,0.0
0.012499999999999999,0.5380859375,1.0,0.0,1.3971531391143799,0.3971531391143799,1.0,0.0,1.0,0.0,1.0,0.0,1.0,0.0,1.0,0.0
0.012499999999999999,0.5400390625,1.0,0.0,1.3694374561309814,0.36943745613098145,1.0,0.0,1.0,0.0,1.0,0.0,1.0,0.0,1.0,0.0
0.012499999999999999,0.5419921875,1.0,0.0,1.3402382135391235,0.34023821353912354,1.0,0.0,1.0,0.0,1.0,0.0,1.0,0.0,1.0,0.0
0.012499999999999999,0.5439453125,1.0,0.0,1.3436908721923828,0.3436908721923828,1.0,0.0,1.0,0.0,1.0,0.0,1.0,0.0,1.0,0.0
0.012499999999999999,0.5458984375,1.0,0.0,1.3493794202804565,0.34937942028045654,1.0,0.0,1.0,0.0,1.0,0.0,1.0,0.0,1.0,0.0
0.012499999999999999,0.5478515625,1.0,0.0,1.3534374237060547,0.3534374237060547,1.0,0.0,1.0,0.0,1.0,0.0,1.0,0.0,1.0,0.0
0.012499999999999999,0.5498046875,1.0,0.0,1.3551125526428223,0.35511255264282227,1.0,0.0,1.0,0.0,1.0,0.0,1.0,0.0,1.0,0.0
0.012499999999999999,0.5517578125,1.0,0.0,1.3539375066757202,0.3539375066757202,1.0,0.0,1.0,0.0,1.0,0.0,1.0,0.0,1.0,0.0
0.012499999999999999,0.5537109375,1.0,0.0,1.3498090505599976,0.34980905055999756,1.0,0.0,1.0,0.0,1.0,0.0,1.0,0.0,1.0,0.0
0.012499999999999999,0.5556640625,1.0,0.0,1.342993974685669,0.34299397468566895,1.0,0.0,1.0,0.0,1.0,0.0,1.0,0.0,1.0,0.0
0.012499999999999999,0.5576171875,1.0,0.0,1.3340593576431274,0.33405935764312744,1.0,0.0,1.0,0.0,1.0,0.0,1.0,0.0,1.0,0.0
0.012499999999999999,0.5595703125,1.0,0.0,1.3237464427947998,0.3237464427947998,1.0,0.0,1.0,0.0,1.0,0.0,1.0,0.0,1.0,0.0
0.012499999999999999,0.5615234375,1.0,0.0,1.3128328323364258,0.3128328323364258,1.0,0.0,1.0,0.0,1.0,0.0,1.0,0.0,1.0,0.0
0.012499999999999999,0.5634765625,1.0,0.0,1.302025556564331,0.30202555656433105,1.0,0.0,1.0,0.0,1.0,0.0,1.0,0.0,1.0,0.0
0.012499999999999999,0.5654296875,1.0,0.0,1.2918850183486938,0.29188501834869385,1.0,0.0,1.0,0.0,1.0,0.0,1.0,0.0,1.0,0.0
0.012499999999999999,0.5673828125,1.0,0.0,1.2827904224395752,0.2827904224395752,1.0,0.0,1.0,0.0,1.0,0.0,1.0,0.0,1.0,0.0
0.012499999999999999,0.5693359375,1.0,0.0,1.2749301195144653,0.27493011951446533,1.0,0.0,1.0,0.0,1.0,0.0,1.0,0.0,1.0,0.0
0.012499999999999999,0.5712890625,1.0,0.0,1.2584664821624756,0.2584664821624756,1.0,0.0,1.0,0.0,1.0,0.0,1.0,0.0,1.0,0.0
0.012499999999999999,0.5732421875,1.0,0.0,1.234615683555603,0.23461568355560303,1.0,0.0,1.0,0.0,1.0,0.0,1.0,0.0,1.0,0.0
0.012499999999999999,0.5751953125,1.0,0.0,1.214658260345459,0.21465826034545898,1.0,0.0,1.0,0.0,1.0,0.0,1.0,0.0,1.0,0.0
0.012499999999999999,0.5771484375,1.0,0.0,1.1973986625671387,0.19739866256713867,1.0,0.0,1.0,0.0,1.0,0.0,1.0,0.0,1.0,0.0
0.012499999999999999,0.5791015625,1.0,0.0,1.1815135478973389,0.18151354789733887,1.0,0.0,1.0,0.0,1.0,0.0,1.0,0.0,1.0,0.0
0.012499999999999999,0.5810546875,1.0,0.0,1.1656558513641357,0.16565585136413574,1.0,0.0,1.0,0.0,1.0,0.0,1.0,0.0,1.0,0.0
0.012499999999999999,0.5830078125,1.0,0.0,1.1485720872879028,0.14857208728790283,1.0,0.0,1.0,0.0,1.0,0.0,1.0,0.0,1.0,0.0
0.012499999999999999,0.5849609375,1.0,0.0,1.1292312145233154,0.12923121452331543,1.0,0.0,1.0,0.0,1.0,0.0,1.0,0.0,1.0,0.0
0.012499999999999999,0.5869140625,1.0,0.0,1.1069395542144775,0.10693955421447754,1.0,0.0,1.0,0.0,1.0,0.0,1.0,0.0,1.0,0.0
0.012499999999999999,0.5888671875,1.0,0.0,1.081412434577942,0.0814124345779419,1.0,0.0,1.0,0.0,1.0,0.0,1.0,0.0,1.0,0.0
0.012499999999999999,0.5908203125,1.0,0.0,1.0527660846710205,0.05276608467102051,1.0,0.0,1.0,0.0,1.0,0.0,1.0,0.0,1.0,0.0
0.012499999999999999,0.5927734375,1.0,0.0,1.0214481353759766,0.021448135375976562,1.0,0.0,1.0,0.0,1.0,0.0,1.0,0.0,1.0,0.0
0.012499999999999999,0.5947265625,1.0,0.0,0.9881430268287659,0.01185697317123413,1.0,0.0,1.0,0.0,1.0,0.0,1.0,0.0,1.0,0.0
0.012499999999999999,0.5966796875,1.0,0.0,0.9537076354026794,0.04629236459732056,1.0,0.0,1.0,0.0,1.0,0.0,1.0,0.0,1.0,0.0
0.012499999999999999,0.5986328125,1.0,0.0,0.9191280603408813,0.08087193965911865,1.0,0.0,1.0,0.0,1.0,0.0,1.0,0.0,1.0,0.0
0.012499999999999999,0.6005859375,1.0,0.0,0.8854562640190125,0.11454373598098755,1.0,0.0,1.0,0.0,1.0,0.0,1.0,0.0,1.0,0.0
0.012499999999999999,0.6025390625,1.0,0.0,0.8537091016769409,0.14629089832305908,1.0,0.0,1.0,0.0,1.0,0.0,1.0,0.0,1.0,0.0
0.012499999999999999,0.6044921875,1.0,0.0,0.8247509598731995,0.17524904012680054,1.0,0.0,1.0,0.0,1.0,0.0,1.0,0.0,1.0,0.0
0.012499999999999999,0.6064453125,1.0,0.0,0.7992052435874939,0.2007947564125061,1.0,0.0,1.0,0.0,1.0,0.0,1.0,0.0,1.0,0.0
0.012499999999999999,0.6083984375,1.0,0.0,0.7774097323417664,0.22259026765823364,1.0,0.0,1.0,0.0,1.0,0.0,1.0,0.0,1.0,0.0
0.012499999999999999,0.6103515625,1.0,0.0,0.7594151496887207,0.2405848503112793,1.0,0.0,1.0,0.0,1.0,0.0,1.0,0.0,1.0,0.0
0.012499999999999999,0.6123046875,1.0,0.0,0.7450087070465088,0.2549912929534912,1.0,0.0,1.0,0.0,1.0,0.0,1.0,0.0,1.0,0.0
0.012499999999999999,0.6142578125,1.0,0.0,0.7337685227394104,0.2662314772605896,1.0,0.0,1.0,0.0,1.0,0.0,1.0,0.0,1.0,0.0
0.012499999999999999,0.6162109375,1.0,0.0,0.7251336574554443,0.27486634254455566,1.0,0.0,1.0,0.0,1.0,0.0,1.0,0.0,1.0,0.0
0.012499999999999999,0.6181640625,1.0,0.0,0.7184921503067017,0.28150784969329834,1.0,0.0,1.0,0.0,1.0,0.0,1.0,0.0,1.0,0.0
0.012499999999999999,0.6201171875,1.0,0.0,0.7254670858383179,0.27453291416168213,1.0,0.0,1.0,0.0,1.0,0.0,1.0,0.0,1.0,0.0
0.012499999999999999,0.6220703125,1.0,0.0,0.7378928661346436,0.26210713386535645,1.0,0.0,1.0,0.0,1.0,0.0,1.0,0.0,1.0,0.0
0.012499999999999999,0.6240234375,1.0,0.0,0.7520310282707214,0.24796897172927856,1.0,0.0,1.0,0.0,1.0,0.0,1.0,0.0,1.0,0.0
0.012499999999999999,0.6259765625,1.0,0.0,0.7673493027687073,0.23265069723129272,1.0,0.0,1.0,0.0,1.0,0.0,1.0,0.0,1.0,0.0
0.012499999999999999,0.6279296875,1.0,0.0,0.7830767035484314,0.2169232964515686,1.0,0.0,1.0,0.0,1.0,0.0,1.0,0.0,1.0,0.0
0.012499999999999999,0.6298828125,1.0,0.0,0.7982577681541443,0.2017422318458557,1.0,0.0,1.0,0.0,1.0,0.0,1.0,0.0,1.0,0.0
0.012499999999999999,0.6318359375,1.0,0.0,0.8118882179260254,0.1881117820739746,1.0,0.0,1.0,0.0,1.0,0.0,1.0,0.0,1.0,0.0
0.012499999999999999,0.6337890625,1.0,0.0,0.8230857253074646,0.1769142746925354,1.0,0.0,1.0,0.0,1.0,0.0,1.0,0.0,1.0,0.0
0.012499999999999999,0.6357421875,1.0,0.0,0.8312265872955322,0.16877341270446777,1.0,0.0,1.0,0.0,1.0,0.0,1.0,0.0,1.0,0.0
0.012499999999999999,0.6376953125,1.0,0.0,0.8360155820846558,0.16398441791534424,1.0,0.0,1.0,0.0,1.0,0.0,1.0,0.0,1.0,0.0
0.012499999999999999,0.6396484375,1.0,0.0,0.8374888300895691,0.1625111699104309,1.0,0.0,1.0,0.0,1.0,0.0,1.0,0.0,1.0,0.0
0.012499999999999999,0.6416015625,1.0,0.0,0.8359611630439758,0.16403883695602417,1.0,0.0,1.0,0.0,1.0,0.0,1.0,0.0,1.0,0.0
0.012499999999999999,0.6435546875,1.0,0.0,0.8319537043571472,0.16804629564285278,1.0,0.0,1.0,0.0,1.0,0.0,1.0,0.0,1.0,0.0
0.012499999999999999,0.6455078125,1.0,0.0,0.8261059522628784,0.17389404773712158,1.0,0.0,1.0,0.0,1.0,0.0,1.0,0.0,1.0,0.0
0.012499999999999999,0.6474609375,1.0,0.0,0.8191037774085999,0.18089622259140015,1.0,0.0,1.0,0.0,1.0,0.0,1.0,0.0,1.0,0.0
0.012499999999999999,0.6494140625,1.0,0.0,0.8116183876991272,0.1883816123008728,1.0,0.0,1.0,0.0,1.0,0.0,1.0,0.0,1.0,0.0
0.012499999999999999,0.6513671875,1.0,0.0,0.8042665719985962,0.1957334280014038,1.0,0.0,1.0,0.0,1.0,0.0,1.0,0.0,1.0,0.0
0.012499999999999999,0.6533203125,1.0,0.0,0.7975881099700928,0.20241189002990723,1.0,0.0,1.0,0.0,1.0,0.0,1.0,0.0,1.0,0.0
0.012499999999999999,0.6552734375,1.0,0.0,0.792037308216095,0.20796269178390503,1.0,0.0,1.0,0.0,1.0,0.0,1.0,0.0,1.0,0.0
0.012499999999999999,0.6572265625,1.0,0.0,0.7879811525344849,0.21201884746551514,1.0,0.0,1.0,0.0,1.0,0.0,1.0,0.0,1.0,0.0
0.012499999999999999,0.6591796875,1.0,0.0,0.7857011556625366,0.21429884433746338,1.0,0.0,1.0,0.0,1.0,0.0,1.0,0.0,1.0,0.0
0.012499999999999999,0.6611328125,1.0,0.0,0.7853964567184448,0.21460354328155518,1.0,0.0,1.0,0.0,1.0,0.0,1.0,0.0,1.0,0.0
0.012499999999999999,0.6630859375,1.0,0.0,0.7871814966201782,0.21281850337982178,1.0,0.0,1.0,0.0,1.0,0.0,1.0,0.0,1.0,0.0
0.012499999999999999,0.6650390625,1.0,0.0,0.7910754084587097,0.20892459154129028,1.0,0.0,1.0,0.0,1.0,0.0,1.0,0.0,1.0,0.0
0.012499999999999999,0.6669921875,1.0,0.0,0.7969840168952942,0.2030159831047058,1.0,0.0,1.0,0.0,1.0,0.0,1.0,0.0,1.0,0.0
0.012499999999999999,0.6689453125,1.0,0.0,0.8046751022338867,0.19532489776611328,1.0,0.0,1.0,0.0,1.0,0.0,1.0,0.0,1.0,0.0
0.012499999999999999,0.6708984375,1.0,0.0,0.8137630224227905,0.18623697757720947,1.0,0.0,1.0,0.0,1.0,0.0,1.0,0.0,1.0,0.0
0.012499999999999999,0.6728515625,1.0,0.0,0.8237071633338928,0.17629283666610718,1.0,0.0,1.0,0.0,1.0,0.0,1.0,0.0,1.0,0.0
0.012499999999999999,0.6748046875,1.0,0.0,0.83384108543396,0.16615891456604004,1.0,0.0,1.0,0.0,1.0,0.0,1.0,0.0,1.0,0.0
0.012499999999999999,0.6767578125,1.0,0.0,0.8434303402900696,0.15656965970993042,1.0,0.0,1.0,0.0,1.0,0.0,1.0,0.0,1.0,0.0
0.012499999999999999,0.6787109375,1.0,0.0,0.851747989654541,0.14825201034545898,1.0,0.0,1.0,0.0,1.0,0.0,1.0,0.0,1.0,0.0
0.012499999999999999,0.6806640625,1.0,0.0,0.8581579327583313,0.1418420672416687,1.0,0.0,1.0,0.0,1.0,0.0,1.0,0.0,1.0,0.0
0.012499999999999999,0.6826171875,1.0,0.0,0.862183690071106,0.13781630992889404,1.0,0.0,1.0,0.0,1.0,0.0,1.0,0.0,1.0,0.0
0.012499999999999999,0.6845703125,1.0,0.0,0.8635489344596863,0.13645106554031372,1.0,0.0,1.0,0.0,1.0,0.0,1.0,0.0,1.0,0.0
0.012499999999999999,0.6865234375,1.0,0.0,0.8621879816055298,0.13781201839447021,1.0,0.0,1.0,0.0,1.0,0.0,1.0,0.0,1.0,0.0
0.012499999999999999,0.6884765625,1.0,0.0,0.8582272529602051,0.14177274703979492,1.0,0.0,1.0,0.0,1.0,0.0,1.0,0.0,1.0,0.0
0.012499999999999999,0.6904296875,1.0,0.0,0.851945161819458,0.148054838180542,1.0,0.0,1.0,0.0,1.0,0.0,1.0,0.0,1.0,0.0
0.012499999999999999,0.6923828125,1.0,0.0,0.8437294960021973,0.15627050399780273,1.0,0.0,1.0,0.0,1.0,0.0,1.0,0.0,1.0,0.0
0.012499999999999999,0.6943359375,1.0,0.0,0.834031879901886,0.165968120098114,1.0,0.0,1.0,0.0,1.0,0.0,1.0,0.0,1.0,0.0
0.012499999999999999,0.6962890625,1.0,0.0,0.8233339190483093,0.17666608095169067,1.0,0.0,1.0,0.0,1.0,0.0,1.0,0.0,1.0,0.0
0.012499999999999999,0.6982421875,1.0,0.0,0.8121122121810913,0.1878877878189087,1.0,0.0,1.0,0.0,1.0,0.0,1.0,0.0,1.0,0.0
0.012499999999999999,0.7001953125,1.0,0.0,0.8008115291595459,0.1991884708404541,1.0,0.0,1.0,0.0,1.0,0.0,1.0,0.0,1.0,0.0
0.012499999999999999,0.7021484375,1.0,0.0,0.7898221611976624,0.21017783880233765,1.0,0.0,1.0,0.0,1.0,0.0,1.0,0.0,1.0,0.0
0.012499999999999999,0.7041015625,1.0,0.0,0.7794656157493591,0.22053438425064087,1.0,0.0,1.0,0.0,1.0,0.0,1.0,0.0,1.0,0.0
0.012499999999999999,0.7060546875,1.0,0.0,0.7699915170669556,0.23000848293304443,1.0,0.0,1.0,0.0,1.0,0.0,1.0,0.0,1.0,0.0
0.012499999999999999,0.7080078125,1.0,0.0,0.7615798711776733,0.23842012882232666,1.0,0.0,1.0,0.0,1.0,0.0,1.0,0.0,1.0,0.0
0.012499999999999999,0.7099609375,1.0,0.0,0.7543512582778931,0.24564874172210693,1.0,0.0,1.0,0.0,1.0,0.0,1.0,0.0,1.0,0.0
0.012499999999999999,0.7119140625,1.0,0.0,0.7483782172203064,0.2516217827796936,1.0,0.0,1.0,0.0,1.0,0.0,1.0,0.0,1.0,0.0
0.012499999999999999,0.7138671875,1.0,0.0,0.743695080280304,0.25630491971969604,1.0,0.0,1.0,0.0,1.0,0.0,1.0,0.0,1.0,0.0
0.012499999999999999,0.7158203125,1.0,0.0,0.7403056025505066,0.2596943974494934,1.0,0.0,1.0,0.0,1.0,0.0,1.0,0.0,1.0,0.0
0.012499999999999999,0.7177734375,1.0,0.0,0.7381883859634399,0.26181161403656006,1.0,0.0,1.0,0.0,1.0,0.0,1.0,0.0,1.0,0.0
0.012499999999999999,0.7197265625,1.0,0.0,0.7373049855232239,0.2626950144767761,1.0,0.0,1.0,0.0,1.0,0.0,1.0,0.0,1.0,0.0
0.012499999999999999,0.7216796875,1.0,0.0,0.7376002073287964,0.2623997926712036,1.0,0.0,1.0,0.0,1.0,0.0,1.0,0.0,1.0,0.0
0.012499999999999999,0.7236328125,1.0,0.0,0.7390103936195374,0.26098960638046265,1.0,0.0,1.0,0.0,1.0,0.0,1.0,0.0,1.0,0.0
0.012499999999999999,0.7255859375,1.0,0.0,0.7414662837982178,0.2585337162017822,1.0,0.0,1.0,0.0,1.0,0.0,1.0,0.0,1.0,0.0
0.012499999999999999,0.7275390625,1.0,0.0,0.7448939681053162,0.25510603189468384,1.0,0.0,1.0,0.0,1.0,0.0,1.0,0.0,1.0,0.0
0.012499999999999999,0.7294921875,1.0,0.0,0.7492157816886902,0.2507842183113098,1.0,0.0,1.0,0.0,1.0,0.0,1.0,0.0,1.0,0.0
0.012499999999999999,0.7314453125,1.0,0.0,0.75434410572052,0.24565589427947998,1.0,0.0,1.0,0.0,1.0,0.0,1.0,0.0,1.0,0.0
0.012499999999999999,0.7333984375,1.0,0.0,0.7601687908172607,0.23983120918273926,1.0,0.0,1.0,0.0,1.0,0.0,1.0,0.0,1.0,0.0
0.012499999999999999,0.7353515625,1.0,0.0,0.7665449380874634,0.23345506191253662,1.0,0.0,1.0,0.0,1.0,0.0,1.0,0.0,1.0,0.0
0.012499999999999999,0.7373046875,1.0,0.0,0.7732785940170288,0.2267214059829712,1.0,0.0,1.0,0.0,1.0,0.0,1.0,0.0,1.0,0.0
0.012499999999999999,0.7392578125,1.0,0.0,0.780118465423584,0.21988153457641602,1.0,0.0,1.0,0.0,1.0,0.0,1.0,0.0,1.0,0.0
0.012499999999999999,0.7412109375,1.0,0.0,0.7867559194564819,0.21324408054351807,1.0,0.0,1.0,0.0,1.0,0.0,1.0,0.0,1.0,0.0
0.012499999999999999,0.7431640625,1.0,0.0,0.7928409576416016,0.20715904235839844,1.0,0.0,1.0,0.0,1.0,0.0,1.0,0.0,1.0,0.0
0.012499999999999999,0.7451171875,1.0,0.0,0.7980107069015503,0.2019892930984497,1.0,0.0,1.0,0.0,1.0,0.0,1.0,0.0,1.0,0.0
0.012499999999999999,0.7470703125,1.0,0.0,0.8019344210624695,0.19806557893753052,1.0,0.0,1.0,0.0,1.0,0.0,1.0,0.0,1.0,0.0
0.012499999999999999,0.7490234375,1.0,0.0,0.8043563365936279,0.19564366340637207,1.0,0.0,1.0,0.0,1.0,0.0,1.0,0.0,1.0,0.0
0.012499999999999999,0.7509765625,1.0,0.0,0.8051372766494751,0.1948627233505249,1.0,0.0,1.0,0.0,1.0,0.0,1.0,0.0,1.0,0.0
0.012499999999999999,0.7529296875,1.0,0.0,0.8042728900909424,0.19572710990905762,1.0,0.0,1.0,0.0,1.0,0.0,1.0,0.0,1.0,0.0
0.012499999999999999,0.7548828125,1.0,0.0,0.8018908500671387,0.19810914993286133,1.0,0.0,1.0,0.0,1.0,0.0,1.0,0.0,1.0,0.0
0.012499999999999999,0.7568359375,1.0,0.0,0.7982268333435059,0.20177316665649414,1.0,0.0,1.0,0.0,1.0,0.0,1.0,0.0,1.0,0.0
0.012499999999999999,0.7587890625,1.0,0.0,0.7935906648635864,0.20640933513641357,1.0,0.0,1.0,0.0,1.0,0.0,1.0,0.0,1.0,0.0
0.012499999999999999,0.7607421875,1.0,0.0,0.7883338332176208,0.21166616678237915,1.0,0.0,1.0,0.0,1.0,0.0,1.0,0.0,1.0,0.0
0.012499999999999999,0.7626953125,1.0,0.0,0.7828264832496643,0.2171735167503357,1.0,0.0,1.0,0.0,1.0,0.0,1.0,0.0,1.0,0.0
0.012499999999999999,0.7646484375,1.0,0.0,0.77744460105896,0.22255539894104004,1.0,0.0,1.0,0.0,1.0,0.0,1.0,0.0,1.0,0.0
0.012499999999999999,0.7666015625,1.0,0.0,0.7725601196289062,0.22743988037109375,1.0,0.0,1.0,0.0,1.0,0.0,1.0,0.0,1.0,0.0
0.012499999999999999,0.7685546875,1.0,0.0,0.7685332894325256,0.23146671056747437,1.0,0.0,1.0,0.0,1.0,0.0,1.0,0.0,1.0,0.0
0.012499999999999999,0.7705078125,1.0,0.0,0.7656978964805603,0.2343021035194397,1.0,0.0,1.0,0.0,1.0,0.0,1.0,0.0,1.0,0.0
0.012499999999999999,0.7724609375,1.0,0.0,0.7643417119979858,0.23565828800201416,1.0,0.0,1.0,0.0,1.0,0.0,1.0,0.0,1.0,0.0
0.012499999999999999,0.7744140625,1.0,0.0,0.7646819353103638,0.23531806468963623,1.0,0.0,1.0,0.0,1.0,0.0,1.0,0.0,1.0,0.0
0.012499999999999999,0.7763671875,1.0,0.0,0.7668416500091553,0.23315834999084473,1.0,0.0,1.0,0.0,1.0,0.0,1.0,0.0,1.0,0.0
0.012499999999999999,0.7783203125,1.0,0.0,0.7708324193954468,0.22916758060455322,1.0,0.0,1.0,0.0,1.0,0.0,1.0,0.0,1.0,0.0
0.012499999999999999,0.7802734375,1.0,0.0,0.7765406966209412,0.22345930337905884,1.0,0.0,1.0,0.0,1.0,0.0,1.0,0.0,1.0,0.0
0.012499999999999999,0.7822265625,1.0,0.0,0.7837318181991577,0.21626818180084229,1.0,0.0,1.0,0.0,1.0,0.0,1.0,0.0,1.0,0.0
0.012499999999999999,0.7841796875,1.0,0.0,0.7920591235160828,0.20794087648391724,1.0,0.0,1.0,0.0,1.0,0.0,1.0,0.0,1.0,0.0
0.012499999999999999,0.7861328125,1.0,0.0,0.8010892868041992,0.19891071319580078,1.0,0.0,1.0,0.0,1.0,0.0,1.0,0.0,1.0,0.0
0.012499999999999999,0.7880859375,1.0,0.0,0.8103280663490295,0.18967193365097046,1.0,0.0,1.0,0.0,1.0,0.0,1.0,0.0,1.0,0.0
0.012499999999999999,0.7900390625,1.0,0.0,0.8192549347877502,0.18074506521224976,1.0,0.0,1.0,0.0,1.0,0.0,1.0,0.0,1.0,0.0
0.012499999999999999,0.7919921875,1.0,0.0,0.8273559212684631,0.17264407873153687,1.0,0.0,1.0,0.0,1.0,0.0,1.0,0.0,1.0,0.0
0.012499999999999999,0.7939453125,1.0,0.0,0.8341558575630188,0.1658441424369812,1.0,0.0,1.0,0.0,1.0,0.0,1.0,0.0,1.0,0.0
0.012499999999999999,0.7958984375,1.0,0.0,0.8392521739006042,0.16074782609939575,1.0,0.0,1.0,0.0,1.0,0.0,1.0,0.0,1.0,0.0
0.012499999999999999,0.7978515625,1.0,0.0,0.8423411250114441,0.1576588749885559,1.0,0.0,1.0,0.0,1.0,0.0,1.0,0.0,1.0,0.0
0.012499999999999999,0.7998046875,1.0,0.0,0.8432453870773315,0.15675461292266846,1.0,0.0,1.0,0.0,1.0,0.0,1.0,0.0,1.0,0.0
0.012499999999999999,0.8017578125,1.0,0.0,0.8419229388237,0.15807706117630005,1.0,0.0,1.0,0.0,1.0,0.0,1.0,0.0,1.0,0.0
0.012499999999999999,0.8037109375,1.0,0.0,0.8384764790534973,0.16152352094650269,1.0,0.0,1.0,0.0,1.0,0.0,1.0,0.0,1.0,0.0
0.012499999999999999,0.8056640625,1.0,0.0,0.8331423997879028,0.16685760021209717,1.0,0.0,1.0,0.0,1.0,0.0,1.0,0.0,1.0,0.0
0.012499999999999999,0.8076171875,1.0,0.0,0.826271653175354,0.173728346824646,1.0,0.0,1.0,0.0,1.0,0.0,1.0,0.0,1.0,0.0
0.012499999999999999,0.8095703125,1.0,0.0,0.8183039426803589,0.1816960573196411,1.0,0.0,1.0,0.0,1.0,0.0,1.0,0.0,1.0,0.0
0.012499999999999999,0.8115234375,1.0,0.0,0.8097336888313293,0.19026631116867065,1.0,0.0,1.0,0.0,1.0,0.0,1.0,0.0,1.0,0.0
0.012499999999999999,0.8134765625,1.0,0.0,0.8010774850845337,0.1989225149154663,1.0,0.0,1.0,0.0,1.0,0.0,1.0,0.0,1.0,0.0
0.012499999999999999,0.8154296875,1.0,0.0,0.7928370237350464,0.2071629762649536,1.0,0.0,1.0,0.0,1.0,0.0,1.0,0.0,1.0,0.0
0.012499999999999999,0.8173828125,1.0,0.0,0.7854684591293335,0.2145315408706665,1.0,0.0,1.0,0.0,1.0,0.0,1.0,0.0,1.0,0.0
0.012499999999999999,0.8193359375,1.0,0.0,0.7793530821800232,0.2206469178199768,1.0,0.0,1.0,0.0,1.0,0.0,1.0,0.0,1.0,0.0
0.012499999999999999,0.8212890625,1.0,0.0,0.7747789621353149,0.22522103786468506,1.0,0.0,1.0,0.0,1.0,0.0,1.0,0.0,1.0,0.0
0.012499999999999999,0.8232421875,1.0,0.0,0.7719280123710632,0.22807198762893677,1.0,0.0,1.0,0.0,1.0,0.0,1.0,0.0,1.0,0.0
0.012499999999999999,0.8251953125,1.0,0.0,0.7708745002746582,0.2291254997253418,1.0,0.0,1.0,0.0,1.0,0.0,1.0,0.0,1.0,0.0
0.012499999999999999,0.8271484375,1.0,0.0,0.7715892791748047,0.2284107208251953,1.0,0.0,1.0,0.0,1.0,0.0,1.0,0.0,1.0,0.0
0.012499999999999999,0.8291015625,1.0,0.0,0.7739475965499878,0.2260524034500122,1.0,0.0,1.0,0.0,1.0,0.0,1.0,0.0,1.0,0.0
0.012499999999999999,0.8310546875,1.0,0.0,0.777738630771637,0.22226136922836304,1.0,0.0,1.0,0.0,1.0,0.0,1.0,0.0,1.0,0.0
0.012499999999999999,0.8330078125,1.0,0.0,0.7826753258705139,0.21732467412948608,1.0,0.0,1.0,0.0,1.0,0.0,1.0,0.0,1.0,0.0
0.012499999999999999,0.8349609375,1.0,0.0,0.7884035706520081,0.21159642934799194,1.0,0.0,1.0,0.0,1.0,0.0,1.0,0.0,1.0,0.0
0.012499999999999999,0.8369140625,1.0,0.0,0.7945157885551453,0.20548421144485474,1.0,0.0,1.0,0.0,1.0,0.0,1.0,0.0,1.0,0.0
0.012499999999999999,0.8388671875,1.0,0.0,0.800565242767334,0.19943475723266602,1.0,0.0,1.0,0.0,1.0,0.0,1.0,0.0,1.0,0.0
0.012499999999999999,0.8408203125,1.0,0.0,0.8060907125473022,0.19390928745269775,1.0,0.0,1.0,0.0,1.0,0.0,1.0,0.0,1.0,0.0
0.012499999999999999,0.8427734375,1.0,0.0,0.8106439113616943,0.18935608863830566,1.0,0.0,1.0,0.0,1.0,0.0,1.0,0.0,1.0,0.0
0.012499999999999999,0.8447265625,1.0,0.0,0.8138231039047241,0.18617689609527588,1.0,0.0,1.0,0.0,1.0,0.0,1.0,0.0,1.0,0.0
0.012499999999999999,0.8466796875,1.0,0.0,0.8153074979782104,0.18469250202178955,1.0,0.0,1.0,0.0,1.0,0.0,1.0,0.0,1.0,0.0
0.012499999999999999,0.8486328125,1.0,0.0,0.8148843050003052,0.18511569499969482,1.0,0.0,1.0,0.0,1.0,0.0,1.0,0.0,1.0,0.0
0.012499999999999999,0.8505859375,1.0,0.0,0.8124679327011108,0.18753206729888916,1.0,0.0,1.0,0.0,1.0,0.0,1.0,0.0,1.0,0.0
0.012499999999999999,0.8525390625,1.0,0.0,0.8081104159355164,0.19188958406448364,1.0,0.0,1.0,0.0,1.0,0.0,1.0,0.0,1.0,0.0
0.012499999999999999,0.8544921875,1.0,0.0,0.801996648311615,0.198003351688385,1.0,0.0,1.0,0.0,1.0,0.0,1.0,0.0,1.0,0.0
0.012499999999999999,0.8564453125,1.0,0.0,0.7944267988204956,0.2055732011795044,1.0,0.0,1.0,0.0,1.0,0.0,1.0,0.0,1.0,0.0
0.012499999999999999,0.8583984375,1.0,0.0,0.7857924103736877,0.21420758962631226,1.0,0.0,1.0,0.0,1.0,0.0,1.0,0.0,1.0,0.0
0.012499999999999999,0.8603515625,1.0,0.0,0.7765350937843323,0.22346490621566772,1.0,0.0,1.0,0.0,1.0,0.0,1.0,0.0,1.0,0.0
0.012499999999999999,0.8623046875,1.0,0.0,0.7671034336090088,0.2328965663909912,1.0,0.0,1.0,0.0,1.0,0.0,1.0,0.0,1.0,0.0
0.012499999999999999,0.8642578125,1.0,0.0,0.7579119205474854,0.24208807945251465,1.0,0.0,1.0,0.0,1.0,0.0,1.0,0.0,1.0,0.0
0.012499999999999999,0.8662109375,1.0,0.0,0.7493029236793518,0.2506970763206482,1.0,0.0,1.0,0.0,1.0,0.0,1.0,0.0,1.0,0.0
0.012499999999999999,0.8681640625,1.0,0.0,0.7415251135826111,0.2584748864173889,1.0,0.0,1.0,0.0,1.0,0.0,1.0,0.0,1.0,0.0
0.012499999999999999,0.8701171875,1.0,0.0,0.7347233891487122,0.26527661085128784,1.0,0.0,1.0,0.0,1.0,0.0,1.0,0.0,1.0,0.0
0.012499999999999999,0.8720703125,1.0,0.0,0.728943943977356,0.27105605602264404,1.0,0.0,1.0,0.0,1.0,0.0,1.0,0.0,1.0,0.0
0.012499999999999999,0.8740234375,1.0,0.0,0.7241437435150146,0.27585625648498535,1.0,0.0,1.0,0.0,1.0,0.0,1.0,0.0,1.0,0.0
0.012499999999999999,0.8759765625,1.0,0.0,0.7202107906341553,0.2797892093658447,1.0,0.0,1.0,0.0,1.0,0.0,1.0,0.0,1.0,0.0
0.012499999999999999,0.8779296875,1.0,0.0,0.7169873714447021,0.28301262855529785,1.0,0.0,1.0,0.0,1.0,0.0,1.0,0.0,1.0,0.0
0.012499999999999999,0.8798828125,1.0,0.0,0.7142916917800903,0.28570830821990967,1.0,0.0,1.0,0.0,1.0,0.0,1.0,0.0,1.0,0.0
0.012499999999999999,0.8818359375,1.0,0.0,0.7119408845901489,0.2880591154098511,1.0,0.0,1.0,0.0,1.0,0.0,1.0,0.0,1.0,0.0
0.012499999999999999,0.8837890625,1.0,0.0,0.7097700238227844,0.2902299761772156,1.0,0.0,1.0,0.0,1.0,0.0,1.0,0.0,1.0,0.0
0.012499999999999999,0.8857421875,1.0,0.0,0.7076453566551208,0.29235464334487915,1.0,0.0,1.0,0.0,1.0,0.0,1.0,0.0,1.0,0.0
0.012499999999999999,0.8876953125,1.0,0.0,0.7054728269577026,0.29452717304229736,1.0,0.0,1.0,0.0,1.0,0.0,1.0,0.0,1.0,0.0
0.012499999999999999,0.8896484375,1.0,0.0,0.7032026648521423,0.29679733514785767,1.0,0.0,1.0,0.0,1.0,0.0,1.0,0.0,1.0,0.0
0.012499999999999999,0.8916015625,1.0,0.0,0.7008282542228699,0.2991717457771301,1.0,0.0,1.0,0.0,1.0,0.0,1.0,0.0,1.0,0.0
0.012499999999999999,0.8935546875,1.0,0.0,0.6983828544616699,0.3016171455383301,1.0,0.0,1.0,0.0,1.0,0.0,1.0,0.0,1.0,0.0
0.012499999999999999,0.8955078125,1.0,0.0,0.6959335207939148,0.3040664792060852,1.0,0.0,1.0,0.0,1.0,0.0,1.0,0.0,1.0,0.0
0.012499999999999999,0.8974609375,1.0,0.0,0.6935732960700989,0.3064267039299011,1.0,0.0,1.0,0.0,1.0,0.0,1.0,0.0,1.0,0.0
0.012499999999999999,0.8994140625,1.0,0.0,0.6914096474647522,0.3085903525352478,1.0,0.0,1.0,0.0,1.0,0.0,1.0,0.0,1.0,0.0
0.012499999999999999,0.9013671875,1.0,0.0,0.6895548105239868,0.3104451894760132,1.0,0.0,1.0,0.0,1.0,0.0,1.0,0.0,1.0,0.0
0.012499999999999999,0.9033203125,1.0,0.0,0.6881133317947388,0.31188666820526123,1.0,0.0,1.0,0.0,1.0,0.0,1.0,0.0,1.0,0.0
0.012499999999999999,0.9052734375,1.0,0.0,0.6871726512908936,0.31282734870910645,1.0,0.0,1.0,0.0,1.0,0.0,1.0,0.0,1.0,0.0
0.012499999999999999,0.9072265625,1.0,0.0,0.6867972016334534,0.31320279836654663,1.0,0.0,1.0,0.0,1.0,0.0,1.0,0.0,1.0,0.0
0.012499999999999999,0.9091796875,1.0,0.0,0.6870255470275879,0.3129744529724121,1.0,0.0,1.0,0.0,1.0,0.0,1.0,0.0,1.0,0.0
0.012499999999999999,0.9111328125,1.0,0.0,0.6878670454025269,0.31213295459747314,1.0,0.0,1.0,0.0,1.0,0.0,1.0,0.0,1.0,0.0
0.012499999999999999,0.9130859375,1.0,0.0,0.6892996430397034,0.31070035696029663,1.0,0.0,1.0,0.0,1.0,0.0,1.0,0.0,1.0,0.0
0.012499999999999999,0.9150390625,1.0,0.0,0.6912673115730286,0.30873268842697144,1.0,0.0,1.0,0.0,1.0,0.0,1.0,0.0,1.0,0.0
0.012499999999999999,0.9169921875,1.0,0.0,0.6936748623847961,0.30632513761520386,1.0,0.0,1.0,0.0,1.0,0.0,1.0,0.0,1.0,0.0
0.012499999999999999,0.9189453125,1.0,0.0,0.6963855028152466,0.3036144971847534,1.0,0.0,1.0,0.0,1.0,0.0,1.0,0.0,1.0,0.0
0.012499999999999999,0.9208984375,1.0,0.0,0.7062785625457764,0.29372143745422363,1.0,0.0,1.0,0.0,1.0,0.0,1.0,0.0,1.0,0.0
0.012499999999999999,0.9228515625,1.0,0.0,0.7195286154747009,0.2804713845252991,1.0,0.0,1.0,0.0,1.0,0.0,1.0,0.0,1.0,0.0
0.012499999999999999,0.9248046875,1.0,0.0,0.7319274544715881,0.26807254552841187,1.0,0.0,1.0,0.0,1.0,0.0,1.0,0.0,1.0,0.0
0.012499999999999999,0.9267578125,1.0,0.0,0.7430753111839294,0.25692468881607056,1.0,0.0,1.0,0.0,1.0,0.0,1.0,0.0,1.0,0.0
0.012499999999999999,0.9287109375,1.0,0.0,0.7525073885917664,0.24749261140823364,1.0,0.0,1.0,0.0,1.0,0.0,1.0,0.0,1.0,0.0
0.012499999999999999,0.9306640625,1.0,0.0,0.7597045302391052,0.24029546976089478,1.0,0.0,1.0,0.0,1.0,0.0,1.0,0.0,1.0,0.0
0.012499999999999999,0.9326171875,1.0,0.0,0.7641206979751587,0.2358793020248413,1.0,0.0,1.0,0.0,1.0,0.0,1.0,0.0,1.0,0.0
0.012499999999999999,0.9345703125,1.0,0.0,0.7652248740196228,0.2347751259803772,1.0,0.0,1.0,0.0,1.0,0.0,1.0,0.0,1.0,0.0
0.012499999999999999,0.9365234375,1.0,0.0,0.7625631093978882,0.23743689060211182,1.0,0.0,1.0,0.0,1.0,0.0,1.0,0.0,1.0,0.0
0.012499999999999999,0.9384765625,1.0,0.0,0.7558262944221497,0.24417370557785034,1.0,0.0,1.0,0.0,1.0,0.0,1.0,0.0,1.0,0.0
0.012499999999999999,0.9404296875,1.0,0.0,0.744912326335907,0.255087673664093,1.0,0.0,1.0,0.0,1.0,0.0,1.0,0.0,1.0,0.0
0.012499999999999999,0.9423828125,1.0,0.0,0.729964554309845,0.27003544569015503,1.0,0.0,1.0,0.0,1.0,0.0,1.0,0.0,1.0,0.0
0.012499999999999999,0.9443359375,1.0,0.0,0.7113831043243408,0.2886168956756592,1.0,0.0,1.0,0.0,1.0,0.0,1.0,0.0,1.0,0.0
0.012499999999999999,0.9462890625,1.0,0.0,0.6898049116134644,0.31019508838653564,1.0,0.0,1.0,0.0,1.0,0.0,1.0,0.0,1.0,0.0
0.012499999999999999,0.9482421875,1.0,0.0,0.6660638451576233,0.3339361548423767,1.0,0.0,1.0,0.0,1.0,0.0,1.0,0.0,1.0,0.0
0.012499999999999999,0.9501953125,1.0,0.0,0.6415956020355225,0.35840439796447754,1.0,0.0,1.0,0.0,1.0,0.0,1.0,0.0,1.0,0.0
0.012499999999999999,0.9521484375,1.0,0.0,0.6333690881729126,0.3666309118270874,1.0,0.0,1.0,0.0,1.0,0.0,1.0,0.0,1.0,0.0
0.012499999999999999,0.9541015625,1.0,0.0,0.6258611679077148,0.37413883209228516,1.0,0.0,1.0,0.0,1.0,0.0,1.0,0.0,1.0,0.0
0.012499999999999999,0.9560546875,1.0,0.0,0.6192811727523804,0.38071882724761963,1.0,0.0,1.0,0.0,1.0,0.0,1.0,0.0,1.0,0.0
0.012499999999999999,0.9580078125,1.0,0.0,0.61380934715271,0.38619065284729004,1.0,0.0,1.0,0.0,1.0,0.0,1.0,0.0,1.0,0.0
0.012499999999999999,0.9599609375,1.0,0.0,0.6095795631408691,0.39042043685913086,1.0,0.0,1.0,0.0,1.0,0.0,1.0,0.0,1.0,0.0
0.012499999999999999,0.9619140625,1.0,0.0,0.6066547632217407,0.3933452367782593,1.0,0.0,1.0,0.0,1.0,0.0,1.0,0.0,1.0,0.0
0.012499999999999999,0.9638671875,1.0,0.0,0.6050128936767578,0.3949871063232422,1.0,0.0,1.0,0.0,1.0,0.0,1.0,0.0,1.0,0.0
0.012499999999999999,0.9658203125,1.0,0.0,0.60454261302948,0.39545738697052,1.0,0.0,1.0,0.0,1.0,0.0,1.0,0.0,1.0,0.0
0.012499999999999999,0.9677734375,1.0,0.0,0.6050655841827393,0.39493441581726074,1.0,0.0,1.0,0.0,1.0,0.0,1.0,0.0,1.0,0.0
0.012499999999999999,0.9697265625,1.0,0.0,0.6063743829727173,0.3936256170272827,1.0,0.0,1.0,0.0,1.0,0.0,1.0,0.0,1.0,0.0
0.012499999999999999,0.9716796875,1.0,0.0,0.6082799434661865,0.3917200565338135,1.0,0.0,1.0,0.0,1.0,0.0,1.0,0.0,1.0,0.0
0.012499999999999999,0.9736328125,1.0,0.0,0.6106565594673157,0.3893434405326843,1.0,0.0,1.0,0.0,1.0,0.0,1.0,0.0,1.0,0.0
0.012499999999999999,0.9755859375,1.0,0.0,0.6134767532348633,0.3865232467651367,1.0,0.0,1.0,0.0,1.0,0.0,1.0,0.0,1.0,0.0
0.012499999999999999,0.9775390625,1.0,0.0,0.6168326735496521,0.3831673264503479,1.0,0.0,1.0,0.0,1.0,0.0,1.0,0.0,1.0,0.0
0.012499999999999999,0.9794921875,1.0,0.0,0.6209482550621033,0.37905174493789673,1.0,0.0,1.0,0.0,1.0,0.0,1.0,0.0,1.0,0.0
0.012499999999999999,0.9814453125,1.0,0.0,0.6261871457099915,0.37381285429000854,1.0,0.0,1.0,0.0,1.0,0.0,1.0,0.0,1.0,0.0
0.012499999999999999,0.9833984375,1.0,0.0,0.6330559849739075,0.36694401502609253,1.0,0.0,1.0,0.0,1.0,0.0,1.0,0.0,1.0,0.0
0.012499999999999999,0.9853515625,1.0,0.0,0.6422093510627747,0.35779064893722534,1.0,0.0,1.0,0.0,1.0,0.0,1.0,0.0,1.0,0.0
0.012499999999999999,0.9873046875,1.0,0.0,0.6406657695770264,0.35933423042297363,1.0,0.0,1.0,0.0,1.0,0.0,1.0,0.0,1.0,0.0
0.012499999999999999,0.9892578125,1.0,0.0,0.6411468982696533,0.3588531017303467,1.0,0.0,1.0,0.0,1.0,0.0,1.0,0.0,1.0,0.0
0.012499999999999999,0.9912109375,1.0,0.0,0.6449189782142639,0.3550810217857361,1.0,0.0,1.0,0.0,1.0,0.0,1.0,0.0,1.0,0.0
0.012499999999999999,0.9931640625,1.0,0.0,0.6524348258972168,0.3475651741027832,1.0,0.0,1.0,0.0,1.0,0.0,1.0,0.0,1.0,0.0
0.012499999999999999,0.9951171875,1.0,0.0,0.6640985012054443,0.33590149879455566,1.0,0.0,1.0,0.0,1.0,0.0,1.0,0.0,1.0,0.0
0.012499999999999999,0.9970703125,1.0,0.0,0.6801888942718506,0.3198111057281494,1.0,0.0,1.0,0.0,1.0,0.0,1.0,0.0,1.0,0.0
0.012499999999999999,0.9990234375,1.0,0.0,0.7007661461830139,0.2992338538169861,1.0,0.0,1.0,0.0,1.0,0.0,1.0,0.0,1.0,0.0
0.024999999999999998,0.0009765625,1.0,0.0,1.0154201984405518,0.015420198440551758,1.0,0.0,1.0,0.0,1.0,0.0,1.0,0.0,1.0,0.0
0.024999999999999998,0.0029296875,1.0,0.0,1.0473214387893677,0.047321438789367676,1.0,0.0,1.0,0.0,1.0,0.0,1.0,0.0,1.0,0.0
0.024999999999999998,0.0048828125,1.0,0.0,1.0781519412994385,0.07815194129943848,1.0,0.0,1.0,0.0,1.0,0.0,1.0,0.0,1.0,0.0
0.024999999999999998,0.0068359375,1.0,0.0,1.106572151184082,0.10657215118408203,1.0,0.0,1.0,0.0,1.0,0.0,1.0,0.0,1.0,0.0
0.024999999999999998,0.0087890625,1.0,0.0,1.1314821243286133,0.13148212432861328,1.0,0.0,1.0,0.0,1.0,0.0,1.0,0.0,1.0,0.0
0.024999999999999998,0.0107421875,1.0,0.0,1.1520811319351196,0.15208113193511963,1.0,0.0,1.0,0.0,1.0,0.0,1.0,0.0,1.0,0.0
0.024999999999999998,0.0126953125,1.0,0.0,1.1678695678710938,0.16786956787109375,1.0,0.0,1.0,0.0,1.0,0.0,1.0,0.0,1.0,0.0
0.024999999999999998,0.0146484375,1.0,0.0,1.1786103248596191,0.17861032485961914,1.0,0.0,1.0,0.0,1.0,0.0,1.0,0.0,1.0,0.0
0.024999999999999998,0.0166015625,1.0,0.0,1.184278964996338,0.1842789649963379,1.0,0.0,1.0,0.0,1.0,0.0,1.0,0.0,1.0,0.0
0.024999999999999998,0.0185546875,1.0,0.0,1.1850067377090454,0.1850067377090454,1.0,0.0,1.0,0.0,1.0,0.0,1.0,0.0,1.0,0.0
0.024999999999999998,0.0205078125,1.0,0.0,1.1810342073440552,0.18103420734405518,1.0,0.0,1.0,0.0,1.0,0.0,1.0,0.0,1.0,0.0
0.024999999999999998,0.0224609375,1.0,0.0,1.1726799011230469,0.17267990112304688,1.0,0.0,1.0,0.0,1.0,0.0,1.0,0.0,1.0,0.0
0.024999999999999998,0.0244140625,1.0,0.0,1.1603386402130127,0.1603386402130127,1.0,0.0,1.0,0.0,1.0,0.0,1.0,0.0,1.0,0.0
0.024999999999999998,0.0263671875,1.0,0.0,1.144505262374878,0.14450526237487793,1.0,0.0,1.0,0.0,1.0,0.0,1.0,0.0,1.0,0.0
0.024999999999999998,0.0283203125,1.0,0.0,1.1258107423782349,0.12581074237823486,1.0,0.0,1.0,0.0,1.0,0.0,1.0,0.0,1.0,0.0
0.024999999999999998,0.0302734375,1.0,0.0,1.105040431022644,0.10504043102264404,1.0,0.0,1.0,0.0,1.0,0.0,1.0,0.0,1.0,0.0
0.024999999999999998,0.0322265625,1.0,0.0,1.0831199884414673,0.08311998844146729,1.0,0.0,1.0,0.0,1.0,0.0,1.0,0.0,1.0,0.0
0.024999999999999998,0.0341796875,1.0,0.0,1.0610531568527222,0.06105315685272217,1.0,0.0,1.0,0.0,1.0,0.0,1.0,0.0,1.0,0.0
0.024999999999999998,0.0361328125,1.0,0.0,1.039831519126892,0.03983151912689209,1.0,0.0,1.0,0.0,1.0,0.0,1.0,0.0,1.0,0.0
0.024999999999999998,0.0380859375,1.0,0.0,1.0203405618667603,0.020340561866760254,1.0,0.0,1.0,0.0,1.0,0.0,1.0,0.0,1.0,0.0
0.024999999999999998,0.0400390625,1.0,0.0,1.0032888650894165,0.003288865089416504,1.0,0.0,1.0,0.0,1.0,0.0,1.0,0.0,1.0,0.0
0.024999999999999998,0.0419921875,1.0,0.0,0.9891729354858398,0.010827064514160156,1.0,0.0,1.0,0.0,1.0,0.0,1.0,0.0,1.0,0.0
0.024999999999999998,0.0439453125,1.0,0.0,0.978288471698761,0.021711528301239014,1.0,0.0,1.0,0.0,1.0,0.0,1.0,0.0,1.0,0.0
0.024999999999999998,0.0458984375,1.0,0.0,0.9707804918289185,0.029219508171081543,1.0,0.0,1.0,0.0,1.0,0.0,1.0,0.0,1.0,0.0
0.024999999999999998,0.0478515625,1.0,0.0,0.9667180776596069,0.033281922340393066,1.0,0.0,1.0,0.0,1.0,0.0,1.0,0.0,1.0,0.0
0.024999999999999998,0.0498046875,1.0,0.0,0.966163694858551,0.033836305141448975,1.0,0.0,1.0,0.0,1.0,0.0,1.0,0.0,1.0,0.0
0.024999999999999998,0.0517578125,1.0,0.0,0.9691981673240662,0.030801832675933838,1.0,0.0,1.0,0.0,1.0,0.0,1.0,0.0,1.0,0.0
0.024999999999999998,0.0537109375,1.0,0.0,0.9758845567703247,0.024115443229675293,1.0,0.0,1.0,0.0,1.0,0.0,1.0,0.0,1.0,0.0
0.024999999999999998,0.0556640625,1.0,0.0,0.9794641137123108,0.02053588628768921,1.0,0.0,1.0,0.0,1.0,0.0,1.0,0.0,1.0,0.0
0.024999999999999998,0.0576171875,1.0,0.0,0.9787042737007141,0.02129572629928589,1.0,0.0,1.0,0.0,1.0,0.0,1.0,0.0,1.0,0.0
0.024999999999999998,0.0595703125,1.0,0.0,0.9827451705932617,0.01725482940673828,1.0,0.0,1.0,0.0,1.0,0.0,1.0,0.0,1.0,0.0
0.024999999999999998,0.0615234375,1.0,0.0,0.9915418028831482,0.008458197116851807,1.0,0.0,1.0,0.0,1.0,0.0,1.0,0.0,1.0,0.0
0.024999999999999998,0.0634765625,1.0,0.0,1.004878282546997,0.00487828254699707,1.0,0.0,1.0,0.0,1.0,0.0,1.0,0.0,1.0,0.0
0.024999999999999998,0.0654296875,1.0,0.0,1.0224382877349854,0.02243828773498535,1.0,0.0,1.0,0.0,1.0,0.0,1.0,0.0,1.0,0.0
0.024999999999999998,0.0673828125,1.0,0.0,1.0438519716262817,0.04385197162628174,1.0,0.0,1.0,0.0,1.0,0.0,1.0,0.0,1.0,0.0
0.024999999999999998,0.0693359375,1.0,0.0,1.0686938762664795,0.06869387626647949,1.0,0.0,1.0,0.0,1.0,0.0,1.0,0.0,1.0,0.0
0.024999999999999998,0.0712890625,1.0,0.0,1.096442461013794,0.09644246101379395,1.0,0.0,1.0,0.0,1.0,0.0,1.0,0.0,1.0,0.0
0.024999999999999998,0.0732421875,1.0,0.0,1.1256234645843506,0.12562346458435059,1.0,0.0,1.0,0.0,1.0,0.0,1.0,0.0,1.0,0.0
0.024999999999999998,0.0751953125,1.0,0.0,1.129279375076294,0.12927937507629395,1.0,0.0,1.0,0.0,1.0,0.0,1.0,0.0,1.0,0.0
0.024999999999999998,0.0771484375,1.0,0.0,1.1290491819381714,0.1290491819381714,1.0,0.0,1.0,0.0,1.0,0.0,1.0,0.0,1.0,0.0
0.024999999999999998,0.0791015625,1.0,0.0,1.1254339218139648,0.12543392181396484,1.0,0.0,1.0,0.0,1.0,0.0,1.0,0.0,1.0,0.0
0.024999999999999998,0.0810546875,1.0,0.0,1.1191083192825317,0.11910831928253174,1.0,0.0,1.0,0.0,1.0,0.0,1.0,0.0,1.0,0.0
0.024999999999999998,0.0830078125,1.0,0.0,1.1210267543792725,0.12102675437927246,1.0,0.0,1.0,0.0,1.0,0.0,1.0,0.0,1.0,0.0
0.024999999999999998,0.0849609375,1.0,0.0,1.1199997663497925,0.11999976634979248,1.0,0.0,1.0,0.0,1.0,0.0,1.0,0.0,1.0,0.0
0.024999999999999998,0.0869140625,1.0,0.0,1.1164788007736206,0.1164788007736206,1.0,0.0,1.0,0.0,1.0,0.0,1.0,0.0,1.0,0.0
0.024999999999999998,0.0888671875,1.0,0.0,1.1109728813171387,0.11097288131713867,1.0,0.0,1.0,0.0,1.0,0.0,1.0,0.0,1.0,0.0
0.024999999999999998,0.0908203125,1.0,0.0,1.1039986610412598,0.10399866104125977,1.0,0.0,1.0,0.0,1.0,0.0,1.0,0.0,1.0,0.0
0.024999999999999998,0.0927734375,1.0,0.0,1.0960761308670044,0.0960761308670044,1.0,0.0,1.0,0.0,1.0,0.0,1.0,0.0,1.0,0.0
0.024999999999999998,0.0947265625,1.0,0.0,1.0877325534820557,0.08773255348205566,1.0,0.0,1.0,0.0,1.0,0.0,1.0,0.0,1.0,0.0
0.024999999999999998,0.0966796875,1.0,0.0,1.0795055627822876,0.0795055627822876,1.0,0.0,1.0,0.0,1.0,0.0,1.0,0.0,1.0,0.0
0.024999999999999998,0.0986328125,1.0,0.0,1.0719377994537354,0.07193779945373535,1.0,0.0,1.0,0.0,1.0,0.0,1.0,0.0,1.0,0.0
0.024999999999999998,0.1005859375,1.0,0.0,1.0655491352081299,0.06554913520812988,1.0,0.0,1.0,0.0,1.0,0.0,1.0,0.0,1.0,0.0
0.024999999999999998,0.1025390625,1.0,0.0,1.0607901811599731,0.060790181159973145,1.0,0.0,1.0,0.0,1.0,0.0,1.0,0.0,1.0,0.0
0.024999999999999998,0.1044921875,1.0,0.0,1.0579880475997925,0.05798804759979248,1.0,0.0,1.0,0.0,1.0,0.0,1.0,0.0,1.0,0.0
0.024999999999999998,0.1064453125,1.0,0.0,1.057303547859192,0.057303547859191895,1.0,0.0,1.0,0.0,1.0,0.0,1.0,0.0,1.0,0.0
0.024999999999999998,0.1083984375,1.0,0.0,1.0587198734283447,0.05871987342834473,1.0,0.0,1.0,0.0,1.0,0.0,1.0,0.0,1.0,0.0
0.024999999999999998,0.1103515625,1.0,0.0,1.0620660781860352,0.062066078186035156,1.0,0.0,1.0,0.0,1.0,0.0,1.0,0.0,1.0,0.0
0.024999999999999998,0.1123046875,1.0,0.0,1.067062258720398,0.06706225872039795,1.0,0.0,1.0,0.0,1.0,0.0,1.0,0.0,1.0,0.0
0.024999999999999998,0.1142578125,1.0,0.0,1.0733660459518433,0.07336604595184326,1.0,0.0,1.0,0.0,1.0,0.0,1.0,0.0,1.0,0.0
0.024999999999999998,0.1162109375,1.0,0.0,1.080603837966919,0.08060383796691895,1.0,0.0,1.0,0.0,1.0,0.0,1.0,0.0,1.0,0.0
0.024999999999999998,0.1181640625,1.0,0.0,1.0883808135986328,0.08838081359863281,1.0,0.0,1.0,0.0,1.0,0.0,1.0,0.0,1.0,0.0
0.024999999999999998,0.1201171875,1.0,0.0,1.0962799787521362,0.09627997875213623,1.0,0.0,1.0,0.0,1.0,0.0,1.0,0.0,1.0,0.0
0.024999999999999998,0.1220703125,1.0,0.0,1.1038622856140137,0.10386228561401367,1.0,0.0,1.0,0.0,1.0,0.0,1.0,0.0,1.0,0.0
0.024999999999999998,0.1240234375,1.0,0.0,1.1106778383255005,0.11067783832550049,1.0,0.0,1.0,0.0,1.0,0.0,1.0,0.0,1.0,0.0
0.024999999999999998,0.1259765625,1.0,0.0,1.1162928342819214,0.11629283428192139,1.0,0.0,1.0,0.0,1.0,0.0,1.0,0.0,1.0,0.0
0.024999999999999998,0.1279296875,1.0,0.0,1.1203287839889526,0.12032878398895264,1.0,0.0,1.0,0.0,1.0,0.0,1.0,0.0,1.0,0.0
0.024999999999999998,0.1298828125,1.0,0.0,1.1225042343139648,0.12250423431396484,1.0,0.0,1.0,0.0,1.0,0.0,1.0,0.0,1.0,0.0
0.024999999999999998,0.1318359375,1.0,0.0,1.1226637363433838,0.12266373634338379,1.0,0.0,1.0,0.0,1.0,0.0,1.0,0.0,1.0,0.0
0.024999999999999998,0.1337890625,1.0,0.0,1.120787501335144,0.12078750133514404,1.0,0.0,1.0,0.0,1.0,0.0,1.0,0.0,1.0,0.0
0.024999999999999998,0.1357421875,1.0,0.0,1.1169757843017578,0.11697578430175781,1.0,0.0,1.0,0.0,1.0,0.0,1.0,0.0,1.0,0.0
0.024999999999999998,0.1376953125,1.0,0.0,1.111417531967163,0.11141753196716309,1.0,0.0,1.0,0.0,1.0,0.0,1.0,0.0,1.0,0.0
0.024999999999999998,0.1396484375,1.0,0.0,1.1043554544448853,0.10435545444488525,1.0,0.0,1.0,0.0,1.0,0.0,1.0,0.0,1.0,0.0
0.024999999999999998,0.1416015625,1.0,0.0,1.0960559844970703,0.09605598449707031,1.0,0.0,1.0,0.0,1.0,0.0,1.0,0.0,1.0,0.0
0.024999999999999998,0.1435546875,1.0,0.0,1.0867923498153687,0.08679234981536865,1.0,0.0,1.0,0.0,1.0,0.0,1.0,0.0,1.0,0.0
0.024999999999999998,0.1455078125,1.0,0.0,1.078460931777954,0.0784609317779541,1.0,0.0,1.0,0.0,1.0,0.0,1.0,0.0,1.0,0.0
0.024999999999999998,0.1474609375,1.0,0.0,1.094174861907959,0.09417486190795898,1.0,0.0,1.0,0.0,1.0,0.0,1.0,0.0,1.0,0.0
0.024999999999999998,0.1494140625,1.0,0.0,1.1067888736724854,0.10678887367248535,1.0,0.0,1.0,0.0,1.0,0.0,1.0,0.0,1.0,0.0
0.024999999999999998,0.1513671875,1.0,0.0,1.1158572435379028,0.11585724353790283,1.0,0.0,1.0,0.0,1.0,0.0,1.0,0.0,1.0,0.0
0.024999999999999998,0.1533203125,1.0,0.0,1.121176838874817,0.1211768388748169,1.0,0.0,1.0,0.0,1.0,0.0,1.0,0.0,1.0,0.0
0.024999999999999998,0.1552734375,1.0,0.0,1.1227798461914062,0.12277984619140625,1.0,0.0,1.0,0.0,1.0,0.0,1.0,0.0,1.0,0.0
0.024999999999999998,0.1572265625,1.0,0.0,1.1209100484848022,0.12091004848480225,1.0,0.0,1.0,0.0,1.0,0.0,1.0,0.0,1.0,0.0
0.024999999999999998,0.1591796875,1.0,0.0,1.1159801483154297,0.11598014831542969,1.0,0.0,1.0,0.0,1.0,0.0,1.0,0.0,1.0,0.0
0.024999999999999998,0.1611328125,1.0,0.0,1.1085281372070312,0.10852813720703125,1.0,0.0,1.0,0.0,1.0,0.0,1.0,0.0,1.0,0.0
0.024999999999999998,0.1630859375,1.0,0.0,1.0991694927215576,0.09916949272155762,1.0,0.0,1.0,0.0,1.0,0.0,1.0,0.0,1.0,0.0
0.024999999999999998,0.1650390625,1.0,0.0,1.0885556936264038,0.08855569362640381,1.0,0.0,1.0,0.0,1.0,0.0,1.0,0.0,1.0,0.0
0.024999999999999998,0.1669921875,1.0,0.0,1.0773358345031738,0.07733583450317383,1.0,0.0,1.0,0.0,1.0,0.0,1.0,0.0,1.0,0.0
0.024999999999999998,0.1689453125,1.0,0.0,1.0661239624023438,0.06612396240234375,1.0,0.0,1.0,0.0,1.0,0.0,1.0,0.0,1.0,0.0
0.024999999999999998,0.1708984375,1.0,0.0,1.0554698705673218,0.05546987056732178,1.0,0.0,1.0,0.0,1.0,0.0,1.0,0.0,1.0,0.0
0.024999999999999998,0.1728515625,1.0,0.0,1.045836091041565,0.04583609104156494,1.0,0.0,1.0,0.0,1.0,0.0,1.0,0.0,1.0,0.0
0.024999999999999998,0.1748046875,1.0,0.0,1.0375765562057495,0.03757655620574951,1.0,0.0,1.0,0.0,1.0,0.0,1.0,0.0,1.0,0.0
0.024999999999999998,0.1767578125,1.0,0.0,1.0309195518493652,0.030919551849365234,1.0,0.0,1.0,0.0,1.0,0.0,1.0,0.0,1.0,0.0
0.024999999999999998,0.1787109375,1.0,0.0,1.025947093963623,0.025947093963623047,1.0,0.0,1.0,0.0,1.0,0.0,1.0,0.0,1.0,0.0
0.024999999999999998,0.1806640625,1.0,0.0,1.0225800275802612,0.02258002758026123,1.0,0.0,1.0,0.0,1.0,0.0,1.0,0.0,1.0,0.0
0.024999999999999998,0.1826171875,1.0,0.0,1.020569086074829,0.0205690860748291,1.0,0.0,1.0,0.0,1.0,0.0,1.0,0.0,1.0,0.0
0.024999999999999998,0.1845703125,1.0,0.0,1.0195021629333496,0.01950216293334961,1.0,0.0,1.0,0.0,1.0,0.0,1.0,0.0,1.0,0.0
0.024999999999999998,0.1865234375,1.0,0.0,1.0188305377960205,0.018830537796020508,1.0,0.0,1.0,0.0,1.0,0.0,1.0,0.0,1.0,0.0
0.024999999999999998,0.1884765625,1.0,0.0,1.0179200172424316,0.01792001724243164,1.0,0.0,1.0,0.0,1.0,0.0,1.0,0.0,1.0,0.0
0.024999999999999998,0.1904296875,1.0,0.0,1.0161153078079224,0.016115307807922363,1.0,0.0,1.0,0.0,1.0,0.0,1.0,0.0,1.0,0.0
0.024999999999999998,0.1923828125,1.0,0.0,1.0128185749053955,0.012818574905395508,1.0,0.0,1.0,0.0,1.0,0.0,1.0,0.0,1.0,0.0
0.024999999999999998,0.1943359375,1.0,0.0,1.0075631141662598,0.007563114166259766,1.0,0.0,1.0,0.0,1.0,0.0,1.0,0.0,1.0,0.0
0.024999999999999998,0.1962890625,1.0,0.0,1.000077247619629,7.724761962890625e-05,1.0,0.0,1.0,0.0,1.0,0.0,1.0,0.0,1.0,0.0
0.024999999999999998,0.1982421875,1.0,0.0,0.9903224110603333,0.009677588939666748,1.0,0.0,1.0,0.0,1.0,0.0,1.0,0.0,1.0,0.0
0.024999999999999998,0.2001953125,1.0,0.0,0.978493332862854,0.021506667137145996,1.0,0.0,1.0,0.0,1.0,0.0,1.0,0.0,1.0,0.0
0.024999999999999998,0.2021484375,1.0,0.0,0.9649748802185059,0.03502511978149414,1.0,0.0,1.0,0.0,1.0,0.0,1.0,0.0,1.0,0.0
0.024999999999999998,0.2041015625,1.0,0.0,0.9502685070037842,0.04973149299621582,1.0,0.0,1.0,0.0,1.0,0.0,1.0,0.0,1.0,0.0
0.024999999999999998,0.2060546875,1.0,0.0,0.9349103569984436,0.0650896430015564,1.0,0.0,1.0,0.0,1.0,0.0,1.0,0.0,1.0,0.0
0.024999999999999998,0.2080078125,1.0,0.0,0.9194110035896301,0.08058899641036987,1.0,0.0,1.0,0.0,1.0,0.0,1.0,0.0,1.0,0.0
0.024999999999999998,0.2099609375,1.0,0.0,0.9042326211929321,0.09576737880706787,1.0,0.0,1.0,0.0,1.0,0.0,1.0,0.0,1.0,0.0
0.024999999999999998,0.2119140625,1.0,0.0,0.8919166326522827,0.10808336734771729,1.0,0.0,1.0,0.0,1.0,0.0,1.0,0.0,1.0,0.0
0.024999999999999998,0.2138671875,1.0,0.0,0.8970530033111572,0.10294699668884277,1.0,0.0,1.0,0.0,1.0,0.0,1.0,0.0,1.0,0.0
0.024999999999999998,0.2158203125,1.0,0.0,0.9044584631919861,0.09554153680801392,1.0,0.0,1.0,0.0,1.0,0.0,1.0,0.0,1.0,0.0
0.024999999999999998,0.2177734375,1.0,0.0,0.9141278266906738,0.08587217330932617,1.0,0.0,1.0,0.0,1.0,0.0,1.0,0.0,1.0,0.0
0.024999999999999998,0.2197265625,1.0,0.0,0.9259853363037109,0.07401466369628906,1.0,0.0,1.0,0.0,1.0,0.0,1.0,0.0,1.0,0.0
0.024999999999999998,0.2216796875,1.0,0.0,0.9398381114006042,0.06016188859939575,1.0,0.0,1.0,0.0,1.0,0.0,1.0,0.0,1.0,0.0
0.024999999999999998,0.2236328125,1.0,0.0,0.9553312659263611,0.044668734073638916,1.0,0.0,1.0,0.0,1.0,0.0,1.0,0.0,1.0,0.0
0.024999999999999998,0.2255859375,1.0,0.0,0.9719153642654419,0.028084635734558105,1.0,0.0,1.0,0.0,1.0,0.0,1.0,0.0,1.0,0.0
0.024999999999999998,0.2275390625,1.0,0.0,0.9888355135917664,0.011164486408233643,1.0,0.0,1.0,0.0,1.0,0.0,1.0,0.0,1.0,0.0
0.024999999999999998,0.2294921875,1.0,0.0,1.0051542520523071,0.005154252052307129,1.0,0.0,1.0,0.0,1.0,0.0,1.0,0.0,1.0,0.0
0.024999999999999998,0.2314453125,1.0,0.0,1.0198067426681519,0.019806742668151855,1.0,0.0,1.0,0.0,1.0,0.0,1.0,0.0,1.0,0.0
0.024999999999999998,0.2333984375,1.0,0.0,1.0316944122314453,0.03169441223144531,1.0,0.0,1.0,0.0,1.0,0.0,1.0,0.0,1.0,0.0
0.024999999999999998,0.2353515625,1.0,0.0,1.0398049354553223,0.039804935455322266,1.0,0.0,1.0,0.0,1.0,0.0,1.0,0.0,1.0,0.0
0.024999999999999998,0.2373046875,1.0,0.0,1.0433478355407715,0.043347835540771484,1.0,0.0,1.0,0.0,1.0,0.0,1.0,0.0,1.0,0.0
0.024999999999999998,0.2392578125,1.0,0.0,1.0418754816055298,0.041875481605529785,1.0,0.0,1.0,0.0,1.0,0.0,1.0,0.0,1.0,0.0
0.024999999999999998,0.2412109375,1.0,0.0,1.0353692770004272,0.035369277000427246,1.0,0.0,1.0,0.0,1.0,0.0,1.0,0.0,1.0,0.0
0.024999999999999998,0.2431640625,1.0,0.0,1.0242596864700317,0.02425968647003174,1.0,0.0,1.0,0.0,1.0,0.0,1.0,0.0,1.0,0.0
0.024999999999999998,0.2451171875,1.0,0.0,1.0093724727630615,0.009372472763061523,1.0,0.0,1.0,0.0,1.0,0.0,1.0,0.0,1.0,0.0
0.024999999999999998,0.2470703125,1.0,0.0,0.991810142993927,0.008189857006072998,1.0,0.0,1.0,0.0,1.0,0.0,1.0,0.0,1.0,0.0
0.024999999999999998,0.2490234375,1.0,0.0,0.9727973937988281,0.027202606201171875,1.0,0.0,1.0,0.0,1.0,0.0,1.0,0.0,1.0,0.0
0.024999999999999998,0.2509765625,1.0,0.0,0.953526496887207,0.04647350311279297,1.0,0.0,1.0,0.0,1.0,0.0,1.0,0.0,1.0,0.0
0.024999999999999998,0.2529296875,1.0,0.0,0.93503737449646,0.06496262550354004,1.0,0.0,1.0,0.0,1.0,0.0,1.0,0.0,1.0,0.0
0.024999999999999998,0.2548828125,1.0,0.0,0.9181479811668396,0.0818520188331604,1.0,0.0,1.0,0.0,1.0,0.0,1.0,0.0,1.0,0.0
0.024999999999999998,0.2568359375,1.0,0.0,0.903437077999115,0.09656292200088501,1.0,0.0,1.0,0.0,1.0,0.0,1.0,0.0,1.0,0.0
0.024999999999999998,0.2587890625,1.0,0.0,0.8912650942802429,0.10873490571975708,1.0,0.0,1.0,0.0,1.0,0.0,1.0,0.0,1.0,0.0
0.024999999999999998,0.2607421875,1.0,0.0,0.8818188309669495,0.11818116903305054,1.0,0.0,1.0,0.0,1.0,0.0,1.0,0.0,1.0,0.0
0.024999999999999998,0.2626953125,1.0,0.0,0.8751602172851562,0.12483978271484375,1.0,0.0,1.0,0.0,1.0,0.0,1.0,0.0,1.0,0.0
0.024999999999999998,0.2646484375,1.0,0.0,0.8712650537490845,0.12873494625091553,1.0,0.0,1.0,0.0,1.0,0.0,1.0,0.0,1.0,0.0
0.024999999999999998,0.2666015625,1.0,0.0,0.8700442314147949,0.12995576858520508,1.0,0.0,1.0,0.0,1.0,0.0,1.0,0.0,1.0,0.0
0.024999999999999998,0.2685546875,1.0,0.0,0.8713446855545044,0.1286553144454956,1.0,0.0,1.0,0.0,1.0,0.0,1.0,0.0,1.0,0.0
0.024999999999999998,0.2705078125,1.0,0.0,0.8749373555183411,0.12506264448165894,1.0,0.0,1.0,0.0,1.0,0.0,1.0,0.0,1.0,0.0
0.024999999999999998,0.2724609375,1.0,0.0,0.8805034756660461,0.11949652433395386,1.0,0.0,1.0,0.0,1.0,0.0,1.0,0.0,1.0,0.0
0.024999999999999998,0.2744140625,1.0,0.0,0.8876306414604187,0.1123693585395813,1.0,0.0,1.0,0.0,1.0,0.0,1.0,0.0,1.0,0.0
0.024999999999999998,0.2763671875,1.0,0.0,0.8958295583724976,0.10417044162750244,1.0,0.0,1.0,0.0,1.0,0.0,1.0,0.0,1.0,0.0
0.024999999999999998,0.2783203125,1.0,0.0,0.9045725464820862,0.09542745351791382,1.0,0.0,1.0,0.0,1.0,0.0,1.0,0.0,1.0,0.0
0.024999999999999998,0.2802734375,1.0,0.0,0.9133456945419312,0.08665430545806885,1.0,0.0,1.0,0.0,1.0,0.0,1.0,0.0,1.0,0.0
0.024999999999999998,0.2822265625,1.0,0.0,0.9217092990875244,0.07829070091247559,1.0,0.0,1.0,0.0,1.0,0.0,1.0,0.0,1.0,0.0
0.024999999999999998,0.2841796875,1.0,0.0,0.9293450713157654,0.07065492868423462,1.0,0.0,1.0,0.0,1.0,0.0,1.0,0.0,1.0,0.0
0.024999999999999998,0.2861328125,1.0,0.0,0.9360805153846741,0.06391948461532593,1.0,0.0,1.0,0.0,1.0,0.0,1.0,0.0,1.0,0.0
0.024999999999999998,0.2880859375,1.0,0.0,0.9418812990188599,0.05811870098114014,1.0,0.0,1.0,0.0,1.0,0.0,1.0,0.0,1.0,0.0
0.024999999999999998,0.2900390625,1.0,0.0,0.946811854839325,0.05318814516067505,1.0,0.0,1.0,0.0,1.0,0.0,1.0,0.0,1.0,0.0
0.024999999999999998,0.2919921875,1.0,0.0,0.9509817361831665,0.049018263816833496,1.0,0.0,1.0,0.0,1.0,0.0,1.0,0.0,1.0,0.0
0.024999999999999998,0.2939453125,1.0,0.0,0.9544967412948608,0.04550325870513916,1.0,0.0,1.0,0.0,1.0,0.0,1.0,0.0,1.0,0.0
0.024999999999999998,0.2958984375,1.0,0.0,0.9574292898178101,0.04257071018218994,1.0,0.0,1.0,0.0,1.0,0.0,1.0,0.0,1.0,0.0
0.024999999999999998,0.2978515625,1.0,0.0,0.9598180651664734,0.04018193483352661,1.0,0.0,1.0,0.0,1.0,0.0,1.0,0.0,1.0,0.0
0.024999999999999998,0.2998046875,1.0,0.0,0.9616861343383789,0.038313865661621094,1.0,0.0,1.0,0.0,1.0,0.0,1.0,0.0,1.0,0.0
0.024999999999999998,0.3017578125,1.0,0.0,0.9630681872367859,0.03693181276321411,1.0,0.0,1.0,0.0,1.0,0.0,1.0,0.0,1.0,0.0
0.024999999999999998,0.3037109375,1.0,0.0,0.9640318155288696,0.03596818447113037,1.0,0.0,1.0,0.0,1.0,0.0,1.0,0.0,1.0,0.0
0.024999999999999998,0.3056640625,1.0,0.0,0.9646846652030945,0.03531533479690552,1.0,0.0,1.0,0.0,1.0,0.0,1.0,0.0,1.0,0.0
0.024999999999999998,0.3076171875,1.0,0.0,0.9651654362678528,0.03483456373214722,1.0,0.0,1.0,0.0,1.0,0.0,1.0,0.0,1.0,0.0
0.024999999999999998,0.3095703125,1.0,0.0,0.9656189680099487,0.03438103199005127,1.0,0.0,1.0,0.0,1.0,0.0,1.0,0.0,1.0,0.0
0.024999999999999998,0.3115234375,1.0,0.0,0.9661657810211182,0.033834218978881836,1.0,0.0,1.0,0.0,1.0,0.0,1.0,0.0,1.0,0.0
0.024999999999999998,0.3134765625,1.0,0.0,0.9668688774108887,0.03313112258911133,1.0,0.0,1.0,0.0,1.0,0.0,1.0,0.0,1.0,0.0
0.024999999999999998,0.3154296875,1.0,0.0,0.9677149653434753,0.03228503465652466,1.0,0.0,1.0,0.0,1.0,0.0,1.0,0.0,1.0,0.0
0.024999999999999998,0.3173828125,1.0,0.0,0.9686115980148315,0.03138840198516846,1.0,0.0,1.0,0.0,1.0,0.0,1.0,0.0,1.0,0.0
0.024999999999999998,0.3193359375,1.0,0.0,0.9694099426269531,0.030590057373046875,1.0,0.0,1.0,0.0,1.0,0.0,1.0,0.0,1.0,0.0
0.024999999999999998,0.3212890625,1.0,0.0,0.969943106174469,0.030056893825531006,1.0,0.0,1.0,0.0,1.0,0.0,1.0,0.0,1.0,0.0
0.024999999999999998,0.3232421875,1.0,0.0,0.9700731039047241,0.02992689609527588,1.0,0.0,1.0,0.0,1.0,0.0,1.0,0.0,1.0,0.0
0.024999999999999998,0.3251953125,1.0,0.0,0.9697311520576477,0.030268847942352295,1.0,0.0,1.0,0.0,1.0,0.0,1.0,0.0,1.0,0.0
0.024999999999999998,0.3271484375,1.0,0.0,0.9689371585845947,0.031062841415405273,1.0,0.0,1.0,0.0,1.0,0.0,1.0,0.0,1.0,0.0
0.024999999999999998,0.3291015625,1.0,0.0,0.9677978157997131,0.032202184200286865,1.0,0.0,1.0,0.0,1.0,0.0,1.0,0.0,1.0,0.0
0.024999999999999998,0.3310546875,1.0,0.0,0.9664791822433472,0.03352081775665283,1.0,0.0,1.0,0.0,1.0,0.0,1.0,0.0,1.0,0.0
0.024999999999999998,0.3330078125,1.0,0.0,0.9651696681976318,0.034830331802368164,1.0,0.0,1.0,0.0,1.0,0.0,1.0,0.0,1.0,0.0
0.024999999999999998,0.3349609375,1.0,0.0,0.9640429019927979,0.03595709800720215,1.0,0.0,1.0,0.0,1.0,0.0,1.0,0.0,1.0,0.0
0.024999999999999998,0.3369140625,1.0,0.0,0.9632337093353271,0.03676629066467285,1.0,0.0,1.0,0.0,1.0,0.0,1.0,0.0,1.0,0.0
0.024999999999999998,0.3388671875,1.0,0.0,0.9628364443778992,0.03716355562210083,1.0,0.0,1.0,0.0,1.0,0.0,1.0,0.0,1.0,0.0
0.024999999999999998,0.3408203125,1.0,0.0,0.9629250168800354,0.0370749831199646,1.0,0.0,1.0,0.0,1.0,0.0,1.0,0.0,1.0,0.0
0.024999999999999998,0.3427734375,1.0,0.0,0.9635894894599915,0.036410510540008545,1.0,0.0,1.0,0.0,1.0,0.0,1.0,0.0,1.0,0.0
0.024999999999999998,0.3447265625,1.0,0.0,0.9649757742881775,0.03502422571182251,1.0,0.0,1.0,0.0,1.0,0.0,1.0,0.0,1.0,0.0
0.024999999999999998,0.3466796875,1.0,0.0,0.9673112034797668,0.032688796520233154,1.0,0.0,1.0,0.0,1.0,0.0,1.0,0.0,1.0,0.0
0.024999999999999998,0.3486328125,1.0,0.0,0.970893144607544,0.029106855392456055,1.0,0.0,1.0,0.0,1.0,0.0,1.0,0.0,1.0,0.0
0.024999999999999998,0.3505859375,1.0,0.0,0.976032018661499,0.023967981338500977,1.0,0.0,1.0,0.0,1.0,0.0,1.0,0.0,1.0,0.0
0.024999999999999998,0.3525390625,1.0,0.0,0.9807320833206177,0.019267916679382324,1.0,0.0,1.0,0.0,1.0,0.0,1.0,0.0,1.0,0.0
0.024999999999999998,0.3544921875,1.0,0.0,0.9785907864570618,0.021409213542938232,1.0,0.0,1.0,0.0,1.0,0.0,1.0,0.0,1.0,0.0
0.024999999999999998,0.3564453125,1.0,0.0,0.97659832239151,0.02340167760848999,1.0,0.0,1.0,0.0,1.0,0.0,1.0,0.0,1.0,0.0
0.024999999999999998,0.3583984375,1.0,0.0,0.9750557541847229,0.0249442458152771,1.0,0.0,1.0,0.0,1.0,0.0,1.0,0.0,1.0,0.0
0.024999999999999998,0.3603515625,1.0,0.0,0.974206805229187,0.02579319477081299,1.0,0.0,1.0,0.0,1.0,0.0,1.0,0.0,1.0,0.0
0.024999999999999998,0.3623046875,1.0,0.0,0.9742111563682556,0.025788843631744385,1.0,0.0,1.0,0.0,1.0,0.0,1.0,0.0,1.0,0.0
0.024999999999999998,0.3642578125,1.0,0.0,0.9751355648040771,0.02486443519592285,1.0,0.0,1.0,0.0,1.0,0.0,1.0,0.0,1.0,0.0
0.024999999999999998,0.3662109375,1.0,0.0,0.9769593477249146,0.02304065227508545,1.0,0.0,1.0,0.0,1.0,0.0,1.0,0.0,1.0,0.0
0.024999999999999998,0.3681640625,1.0,0.0,0.9795850515365601,0.02041494846343994,1.0,0.0,1.0,0.0,1.0,0.0,1.0,0.0,1.0,0.0
0.024999999999999998,0.3701171875,1.0,0.0,0.9828508496284485,0.017149150371551514,1.0,0.0,1.0,0.0,1.0,0.0,1.0,0.0,1.0,0.0
0.024999999999999998,0.3720703125,1.0,0.0,0.9865442514419556,0.013455748558044434,1.0,0.0,1.0,0.0,1.0,0.0,1.0,0.0,1.0,0.0
0.024999999999999998,0.3740234375,1.0,0.0,0.9904229640960693,0.009577035903930664,1.0,0.0,1.0,0.0,1.0,0.0,1.0,0.0,1.0,0.0
0.024999999999999998,0.3759765625,1.0,0.0,0.9942418932914734,0.005758106708526611,1.0,0.0,1.0,0.0,1.0,0.0,1.0,0.0,1.0,0.0
0.024999999999999998,0.3779296875,1.0,0.0,0.9823465943336487,0.01765340566635132,1.0,0.0,1.0,0.0,1.0,0.0,1.0,0.0,1.0,0.0
0.024999999999999998,0.3798828125,1.0,0.0,0.9632671475410461,0.03673285245895386,1.0,0.0,1.0,0.0,1.0,0.0,1.0,0.0,1.0,0.0
0.024999999999999998,0.3818359375,1.0,0.0,0.9448114633560181,0.055188536643981934,1.0,0.0,1.0,0.0,1.0,0.0,1.0,0.0,1.0,0.0
0.024999999999999998,0.3837890625,1.0,0.0,0.9281710982322693,0.07182890176773071,1.0,0.0,1.0,0.0,1.0,0.0,1.0,0.0,1.0,0.0
0.024999999999999998,0.3857421875,1.0,0.0,0.9164302945137024,0.08356970548629761,1.0,0.0,1.0,0.0,1.0,0.0,1.0,0.0,1.0,0.0
0.024999999999999998,0.3876953125,1.0,0.0,0.9103755354881287,0.08962446451187134,1.0,0.0,1.0,0.0,1.0,0.0,1.0,0.0,1.0,0.0
0.024999999999999998,0.3896484375,1.0,0.0,0.9042620658874512,0.09573793411254883,1.0,0.0,1.0,0.0,1.0,0.0,1.0,0.0,1.0,0.0
0.024999999999999998,0.3916015625,1.0,0.0,0.8986059427261353,0.10139405727386475,1.0,0.0,1.0,0.0,1.0,0.0,1.0,0.0,1.0,0.0
0.024999999999999998,0.3935546875,1.0,0.0,0.8938754200935364,0.10612457990646362,1.0,0.0,1.0,0.0,1.0,0.0,1.0,0.0,1.0,0.0
0.024999999999999998,0.3955078125,1.0,0.0,0.8917490839958191,0.10825091600418091,1.0,0.0,1.0,0.0,1.0,0.0,1.0,0.0,1.0,0.0
0.024999999999999998,0.3974609375,1.0,0.0,0.8949629664421082,0.10503703355789185,1.0,0.0,1.0,0.0,1.0,0.0,1.0,0.0,1.0,0.0
0.024999999999999998,0.3994140625,1.0,0.0,0.8996941447257996,0.10030585527420044,1.0,0.0,1.0,0.0,1.0,0.0,1.0,0.0,1.0,0.0
0.024999999999999998,0.4013671875,1.0,0.0,0.905422568321228,0.09457743167877197,1.0,0.0,1.0,0.0,1.0,0.0,1.0,0.0,1.0,0.0
0.024999999999999998,0.4033203125,1.0,0.0,0.9116020202636719,0.08839797973632812,1.0,0.0,1.0,0.0,1.0,0.0,1.0,0.0,1.0,0.0
0.024999999999999998,0.4052734375,1.0,0.0,0.9176567196846008,0.08234328031539917,1.0,0.0,1.0,0.0,1.0,0.0,1.0,0.0,1.0,0.0
0.024999999999999998,0.4072265625,1.0,0.0,0.9229906797409058,0.07700932025909424,1.0,0.0,1.0,0.0,1.0,0.0,1.0,0.0,1.0,0.0
0.024999999999999998,0.4091796875,1.0,0.0,0.927019476890564,0.07298052310943604,1.0,0.0,1.0,0.0,1.0,0.0,1.0,0.0,1.0,0.0
0.024999999999999998,0.4111328125,1.0,0.0,0.9292205572128296,0.07077944278717041,1.0,0.0,1.0,0.0,1.0,0.0,1.0,0.0,1.0,0.0
0.024999999999999998,0.4130859375,1.0,0.0,0.9291933178901672,0.07080668210983276,1.0,0.0,1.0,0.0,1.0,0.0,1.0,0.0,1.0,0.0
0.024999999999999998,0.4150390625,1.0,0.0,0.937184751033783,0.06281524896621704,1.0,0.0,1.0,0.0,1.0,0.0,1.0,0.0,1.0,0.0
0.024999999999999998,0.4169921875,1.0,0.0,0.9448757171630859,0.05512428283691406,1.0,0.0,1.0,0.0,1.0,0.0,1.0,0.0,1.0,0.0
0.024999999999999998,0.4189453125,1.0,0.0,0.9517058730125427,0.048294126987457275,1.0,0.0,1.0,0.0,1.0,0.0,1.0,0.0,1.0,0.0
0.024999999999999998,0.4208984375,1.0,0.0,0.9574316740036011,0.042568325996398926,1.0,0.0,1.0,0.0,1.0,0.0,1.0,0.0,1.0,0.0
0.024999999999999998,0.4228515625,1.0,0.0,0.9619553089141846,0.03804469108581543,1.0,0.0,1.0,0.0,1.0,0.0,1.0,0.0,1.0,0.0
0.024999999999999998,0.4248046875,1.0,0.0,0.9653604626655579,0.03463953733444214,1.0,0.0,1.0,0.0,1.0,0.0,1.0,0.0,1.0,0.0
0.024999999999999998,0.4267578125,1.0,0.0,0.9679183959960938,0.03208160400390625,1.0,0.0,1.0,0.0,1.0,0.0,1.0,0.0,1.0,0.0
0.024999999999999998,0.4287109375,1.0,0.0,0.9700541496276855,0.029945850372314453,1.0,0.0,1.0,0.0,1.0,0.0,1.0,0.0,1.0,0.0
0.024999999999999998,0.4306640625,1.0,0.0,0.9722787141799927,0.027721285820007324,1.0,0.0,1.0,0.0,1.0,0.0,1.0,0.0,1.0,0.0
0.024999999999999998,0.4326171875,1.0,0.0,0.9751010537147522,0.024898946285247803,1.0,0.0,1.0,0.0,1.0,0.0,1.0,0.0,1.0,0.0
0.024999999999999998,0.4345703125,1.0,0.0,0.9789429903030396,0.02105700969696045,1.0,0.0,1.0,0.0,1.0,0.0,1.0,0.0,1.0,0.0
0.024999999999999998,0.4365234375,1.0,0.0,0.9840800166130066,0.015919983386993408,1.0,0.0,1.0,0.0,1.0,0.0,1.0,0.0,1.0,0.0
0.024999999999999998,0.4384765625,1.0,0.0,0.9906176328659058,0.009382367134094238,1.0,0.0,1.0,0.0,1.0,0.0,1.0,0.0,1.0,0.0
0.024999999999999998,0.4404296875,1.0,0.0,0.9984985589981079,0.0015014410018920898,1.0,0.0,1.0,0.0,1.0,0.0,1.0,0.0,1.0,0.0
0.024999999999999998,0.4423828125,1.0,0.0,1.0075346231460571,0.007534623146057129,1.0,0.0,1.0,0.0,1.0,0.0,1.0,0.0,1.0,0.0
0.024999999999999998,0.4443359375,1.0,0.0,1.0174462795257568,0.017446279525756836,1.0,0.0,1.0,0.0,1.0,0.0,1.0,0.0,1.0,0.0
0.024999999999999998,0.4462890625,1.0,0.0,1.0273573398590088,0.02735733985900879,1.0,0.0,1.0,0.0,1.0,0.0,1.0,0.0,1.0,0.0
0.024999999999999998,0.4482421875,1.0,0.0,1.030540943145752,0.030540943145751953,1.0,0.0,1.0,0.0,1.0,0.0,1.0,0.0,1.0,0.0
0.024999999999999998,0.4501953125,1.0,0.0,1.0339570045471191,0.03395700454711914,1.0,0.0,1.0,0.0,1.0,0.0,1.0,0.0,1.0,0.0
0.024999999999999998,0.4521484375,1.0,0.0,1.0370513200759888,0.03705132007598877,1.0,0.0,1.0,0.0,1.0,0.0,1.0,0.0,1.0,0.0
0.024999999999999998,0.4541015625,1.0,0.0,1.039337396621704,0.0393373966217041,1.0,0.0,1.0,0.0,1.0,0.0,1.0,0.0,1.0,0.0
0.024999999999999998,0.4560546875,1.0,0.0,1.0404878854751587,0.04048788547515869,1.0,0.0,1.0,0.0,1.0,0.0,1.0,0.0,1.0,0.0
0.024999999999999998,0.4580078125,1.0,0.0,1.0404026508331299,0.04040265083312988,1.0,0.0,1.0,0.0,1.0,0.0,1.0,0.0,1.0,0.0
0.024999999999999998,0.4599609375,1.0,0.0,1.03923761844635,0.0392376184463501,1.0,0.0,1.0,0.0,1.0,0.0,1.0,0.0,1.0,0.0
0.024999999999999998,0.4619140625,1.0,0.4790192108649389,1.0373879671096802,0.037387967109680176,1.006815406286361,0.006815406286361014,1.0017038515715901,0.0017038515715901426,1.0017017184611974,0.0017017184611973768,1.001425726531055,0.0014257265310551048,1.0,0.0
0.024999999999999998,0.4638671875,1.0,0.4790192108649389,1.0354180335998535,0.035418033599853516,1.006815406286361,0.006815406286361014,1.0051115547147709,0.005111554714770872,1.0050969020772427,0.005096902077242671,1.0032010744037276,0.003201074403727633,1.0,0.0
0.024999999999999998,0.4658203125,1.0,0.4790192108649389,1.0339480638504028,0.03394806385040283,1.006815406286361,0.006815406286361014,1.0085192578579512,0.008519257857951157,1.0084920856932873,0.008492085693287299,1.0049764222763997,0.004976422276399717,1.0,0.0
0.024999999999999998,0.4677734375,1.0,0.4790192108649389,1.033517599105835,0.03351759910583496,1.006815406286361,0.006815406286361014,1.0119269610011319,0.011926961001131886,1.0119709189137165,0.011970918913716488,1.0176584019342618,0.017658401934261825,1.0,0.0
0.024999999999999998,0.4697265625,1.0,0.25837003696836197,1.0344730615615845,0.03447306156158447,1.1921157128172553,0.19211571281725526,1.0958916241979857,0.09589162419798569,1.0958658785955389,0.09586587859553886,1.0769873151544216,0.07698731515442159,1.0,0.0
0.024999999999999998,0.4716796875,1.0,0.25837003696836197,1.0369174480438232,0.03691744804382324,1.1921157128172553,0.19211571281725526,1.160041016610832,0.16004101661083192,1.159992698649584,0.1599926986495841,1.1245624266780627,0.12456242667806272,1.00014358262941,0.00014358262941005506
0.024999999999999998,0.4736328125,1.0,0.25837003696836197,1.0407463312149048,0.040746331214904785,1.1921157128172553,0.19211571281725526,1.2241904090236786,0.2241904090236786,1.224152486363419,0.224152486363419,1.1963448112839,0.1963448112838999,1.106557419672747,0.10655741967274701
0.024999999999999998,0.4755859375,1.6019442880567492,0.25837003696836197,1.045756459236145,0.5561878288206041,1.1921157128172553,0.4098285752394939,1.2883398014365248,0.31360448662022433,1.288451787660479,0.3134925003962701,1.3705682981526366,0.23137598990411257,1.4214838363535107,0.18046045170323843
0.024999999999999998,0.4775390625,1.6019442880567492,0.0670204877494044,1.051792025566101,0.5501522624906481,1.5200105455891326,0.08193374246761653,1.4721126602544954,0.12983162780225377,1.4721097503895484,0.12983453766720077,1.4489656520987715,0.15297863595797767,1.5549625227570796,0.046981765299669576
0.024999999999999998,0.4794921875,1.6019442880567492,0.0670204877494044,1.0588867664337158,0.5430575216230333,1.5200105455891326,0.08193374246761653,1.5040445838109202,0.09789970424582894,1.5040458228020488,0.09789846525470036,1.5139003462876899,0.08804394176905928,1.6194005506871376,0.017456262630388464
0.024999999999999998,0.4814453125,1.6019442880567492,0.0670204877494044,1.0673582553863525,0.5345860326703966,1.5200105455891326,0.08193374246761653,1.535976507367345,0.06596778068940412,1.5359774773223274,0.06596681073442179,1.5436921767525864,0.058252111304162746,1.613670535186735,0.011726247129985934
0.024999999999999998,0.4833984375,1.6019442880567492,0.0670204877494044,1.0778204202651978,0.5241238677915514,1.5200105455891326,0.08193374246761653,1.5679084309237699,0.0340358571329793,1.567909131842606,0.034035156214143214,1.573484007217483,0.028460280839266217,1.5915362378853515,0.010408050171397676
0.024999999999999998,0.4853515625,1.6019442880567492,0.0007604246494135279,1.0910979509353638,0.5108463371213854,1.5838743927019823,0.018069895354766885,1.5838743927019823,0.018069895354766885,1.5838743927019823,0.018069895354766885,1.5838743927019823,0.018069895354766885,1.591003821265752,0.010940466790997139
0.024999999999999998,0.4873046875,1.6019442880567492,0.0007604246494135279,1.1080381870269775,0.4939061010297716,1.5838743927019823,0.018069895354766885,1.5838743927019823,0.018069895354766885,1.5838743927019823,0.018069895354766885,1.5838743927019823,0.018069895354766885,1.6009805517874016,0.0009637362693475371
0.024999999999999998,0.4892578125,1.6019442880567492,0.0007604246494135279,1.1292709112167358,0.4726733768400133,1.5838743927019823,0.018069895354766885,1.5838743927019823,0.018069895354766885,1.5838743927019823,0.018069895354766885,1.5838743927019823,0.018069895354766885,1.6056530454129945,0.003708757356245318
0.024999999999999998,0.4912109375,1.6019442880567492,0.0007604246494135279,1.1549859046936035,0.44695838336314564,1.5838743927019823,0.018069895354766885,1.5838743927019823,0.018069895354766885,1.5838743927019823,0.018069895354766885,1.5838743927019823,0.018069895354766885,1.6038508658441706,0.0019065777874214263
0.024999999999999998,0.4931640625,1.6019442880567492,0.0007949674258770671,1.1848174333572388,0.4171268546995104,1.6171839426052599,0.015239654548510728,1.6171839426052599,0.015239654548510728,1.6171839426052599,0.015239654548510728,1.6171839426052599,0.015239654548510728,1.597436924377107,0.004507363679642218
0.024999999999999998,0.4951171875,1.6019442880567492,0.0007949674258770671,1.217882513999939,0.3840617740568102,1.6171839426052599,0.015239654548510728,1.6171839426052599,0.015239654548510728,1.6171839426052599,0.015239654548510728,1.6171839426052599,0.015239654548510728,1.595195939375603,0.006748348681146155
0.024999999999999998,0.4970703125,1.6019442880567492,0.0007949674258770671,1.25294828414917,0.34899600390757923,1.6171839426052599,0.015239654548510728,1.6171839426052599,0.015239654548510728,1.6171839426052599,0.015239654548510728,1.6171839426052599,0.015239654548510728,1.5985374165727437,0.003406871484005425
0.024999999999999998,0.4990234375,1.6019442880567492,0.0007949674258770671,1.2719669342041016,0.3299773538526476,1.6171839426052599,0.015239654548510728,1.6171839426052599,0.015239654548510728,1.6171839426052599,0.015239654548510728,1.6171839426052599,0.015239654548510728,1.5795867501921665,0.02235753786458261
0.024999999999999998,0.5009765625,1.6019442880567492,0.0008009042183326502,1.6058225631713867,0.003878275114637564,1.6171839426052608,0.015239654548511616,1.6171839426052608,0.015239654548511616,1.6171839426052608,0.015239654548511616,1.6171839426052608,0.015239654548511616,1.5795867501921652,0.022357537864583943
0.024999999999999998,0.5029296875,1.6019442880567492,0.0008009042183326502,1.6265372037887573,0.02459291573200817,1.6171839426052608,0.015239654548511616,1.6171839426052608,0.015239654548511616,1.6171839426052608,0.015239654548511616,1.6171839426052608,0.015239654548511616,1.5985374165727395,0.0034068714840096437
0.024999999999999998,0.5048828125,1.6019442880567492,0.0008009042183326502,1.6435762643814087,0.041631976324659536,1.6171839426052608,0.015239654548511616,1.6171839426052608,0.015239654548511616,1.6171839426052608,0.015239654548511616,1.6171839426052608,0.015239654548511616,1.5951959393755961,0.006748348681153038
0.024999999999999998,0.5068359375,1.6019442880567492,0.0008009042183326502,1.6568883657455444,0.05494407768879528,1.6171839426052608,0.015239654548511616,1.6171839426052608,0.015239654548511616,1.6171839426052608,0.015239654548511616,1.6171839426052608,0.015239654548511616,1.597436924377106,0.004507363679643106
0.024999999999999998,0.5087890625,1.6019442880567492,0.00012061415849504842,1.6665070056915283,0.06456271763477917,1.5838743927019823,0.018069895354766885,1.5838743927019823,0.018069895354766885,1.5838743927019823,0.018069895354766885,1.5838743927019823,0.018069895354766885,1.6038508658441666,0.0019065777874174294
0.024999999999999998,0.5107421875,1.6019442880567492,0.00012061415849504842,1.6726199388504028,0.07067565079365368,1.5838743927019823,0.018069895354766885,1.5838743927019823,0.018069895354766885,1.5838743927019823,0.018069895354766885,1.5838743927019823,0.018069895354766885,1.6056530454129951,0.003708757356245984
0.024999999999999998,0.5126953125,1.6019442880567492,0.00012061415849504842,1.6756433248519897,0.07369903679524059,1.5838743927019823,0.018069895354766885,1.5838743927019823,0.018069895354766885,1.5838743927019823,0.018069895354766885,1.5838743927019823,0.018069895354766885,1.6009805517874018,0.000963736269347315
0.024999999999999998,0.5146484375,1.6019442880567492,0.00012061415849504842,1.6762453317642212,0.07430104370747204,1.5838743927019823,0.018069895354766885,1.5838743927019823,0.018069895354766885,1.5838743927019823,0.018069895354766885,1.5838743927019823,0.018069895354766885,1.591003821265753,0.01094046679099625
0.024999999999999998,0.5166015625,1.6019442880567492,0.0008012918566806987,1.6753251552581787,0.07338086720142956,1.5200105455891326,0.08193374246761653,1.5679084309237699,0.0340358571329793,1.5679087957969902,0.03403549225975899,1.5679750920900861,0.033969195966663035,1.5915362378853513,0.010408050171397898
0.024999999999999998,0.5185546875,1.6019442880567492,0.0008012918566806987,1.6739228963851929,0.07197860832844372,1.5200105455891326,0.08193374246761653,1.535976507367345,0.06596778068940412,1.535977012291139,0.06596727576561023,1.5360687553239751,0.06587553273277402,1.6136705351867344,0.011726247129985268
0.024999999999999998,0.5205078125,1.6019442880567492,0.0008012918566806987,1.673091173171997,0.07114688511524792,1.5200105455891326,0.08193374246761653,1.5040445838109202,0.09789970424582894,1.504045228785288,0.09789905927146125,1.5041624185578641,0.09778186949888501,1.6194005506871396,0.017456262630390462
0.024999999999999998,0.5224609375,1.6019442880567492,0.0008012918566806987,1.6737557649612427,0.07181147690449352,1.5200105455891326,0.08193374246761653,1.4721126602544954,0.12983162780225377,1.4721111454831135,0.12983314257363565,1.471835916384605,0.13010837167214406,1.5549625227570794,0.0469817652996698
0.024999999999999998,0.5244140625,1.6019442880567492,0.014546071186824272,1.6554511785507202,0.05350689049397106,1.1921157128172555,0.4098285752394937,1.2883398014365253,0.3136044866202239,1.2883408012905466,0.31360348676620253,1.2929692142773206,0.30897507377942857,1.421483836353512,0.1804604517032371
0.024999999999999998,0.5263671875,1.0,0.014546071186824272,1.6277711391448975,0.6277711391448975,1.1921157128172555,0.19211571281725548,1.2241904090236786,0.2241904090236786,1.224190070436279,0.22419007043627892,1.2226227193189623,0.22262271931896227,1.106557419672748,0.1065574196727479
0.024999999999999998,0.5283203125,1.0,0.014546071186824272,1.5990866422653198,0.5990866422653198,1.1921157128172555,0.19211571281725548,1.1600410166108324,0.16004101661083237,1.1600405852103783,0.16004058521037834,1.1580435942284786,0.15804359422847858,1.00014358262941,0.00014358262941005506
0.024999999999999998,0.5302734375,1.0,0.014546071186824272,1.5705721378326416,0.5705721378326416,1.1921157128172555,0.19211571281725548,1.0958916241979857,0.09589162419798569,1.095891394331818,0.09589139433181804,1.0948273234442607,0.0948273234442607,1.0,0.0
0.024999999999999998,0.5322265625,1.0,3.948905529870897e-05,1.5432897806167603,0.5432897806167603,1.006815406286361,0.006815406286361014,1.0119269610011319,0.011926961001131886,1.0119269629053527,0.011926962905352667,1.0119274334857062,0.01192743348570624,1.0,0.0
0.024999999999999998,0.5341796875,1.0,3.948905529870897e-05,1.5179616212844849,0.5179616212844849,1.006815406286361,0.006815406286361014,1.0085192578579512,0.008519257857951157,1.0085192566808752,0.008519256680875165,1.008518965796115,0.008518965796115108,1.0,0.0
0.024999999999999998,0.5361328125,1.0,3.948905529870897e-05,1.4947624206542969,0.4947624206542969,1.006815406286361,0.006815406286361014,1.0051115547147709,0.005111554714770872,1.0051115540800306,0.005111554080030611,1.0051113972199128,0.005111397219912828,1.0,0.0
0.024999999999999998,0.5380859375,1.0,3.948905529870897e-05,1.4732041358947754,0.4732041358947754,1.006815406286361,0.006815406286361014,1.0017038515715901,0.0017038515715901426,1.0017038514791856,0.001703851479185614,1.0017038286437099,0.0017038286437098815,1.0,0.0
0.024999999999999998,0.5400390625,1.0,0.0,1.4521554708480835,0.4521554708480835,1.0,0.0,1.0,0.0,1.0,0.0,1.0,0.0,1.0,0.0
0.024999999999999998,0.5419921875,1.0,0.0,1.4300425052642822,0.4300425052642822,1.0,0.0,1.0,0.0,1.0,0.0,1.0,0.0,1.0,0.0
0.024999999999999998,0.5439453125,1.0,0.0,1.405218482017517,0.4052184820175171,1.0,0.0,1.0,0.0,1.0,0.0,1.0,0.0,1.0,0.0
0.024999999999999998,0.5458984375,1.0,0.0,1.3764349222183228,0.37643492221832275,1.0,0.0,1.0,0.0,1.0,0.0,1.0,0.0,1.0,0.0
0.024999999999999998,0.5478515625,1.0,0.0,1.3612828254699707,0.3612828254699707,1.0,0.0,1.0,0.0,1.0,0.0,1.0,0.0,1.0,0.0
0.024999999999999998,0.5498046875,1.0,0.0,1.3656631708145142,0.36566317081451416,1.0,0.0,1.0,0.0,1.0,0.0,1.0,0.0,1.0,0.0
0.024999999999999998,0.5517578125,1.0,0.0,1.367836594581604,0.367836594581604,1.0,0.0,1.0,0.0,1.0,0.0,1.0,0.0,1.0,0.0
0.024999999999999998,0.5537109375,1.0,0.0,1.3675730228424072,0.3675730228424072,1.0,0.0,1.0,0.0,1.0,0.0,1.0,0.0,1.0,0.0
0.024999999999999998,0.5556640625,1.0,0.0,1.3649696111679077,0.3649696111679077,1.0,0.0,1.0,0.0,1.0,0.0,1.0,0.0,1.0,0.0
0.024999999999999998,0.5576171875,1.0,0.0,1.3604047298431396,0.36040472984313965,1.0,0.0,1.0,0.0,1.0,0.0,1.0,0.0,1.0,0.0
0.024999999999999998,0.5595703125,1.0,0.0,1.354447841644287,0.3544478416442871,1.0,0.0,1.0,0.0,1.0,0.0,1.0,0.0,1.0,0.0
0.024999999999999998,0.5615234375,1.0,0.0,1.3477386236190796,0.3477386236190796,1.0,0.0,1.0,0.0,1.0,0.0,1.0,0.0,1.0,0.0
0.024999999999999998,0.5634765625,1.0,0.0,1.3408782482147217,0.3408782482147217,1.0,0.0,1.0,0.0,1.0,0.0,1.0,0.0,1.0,0.0
0.024999999999999998,0.5654296875,1.0,0.0,1.3343470096588135,0.3343470096588135,1.0,0.0,1.0,0.0,1.0,0.0,1.0,0.0,1.0,0.0
0.024999999999999998,0.5673828125,1.0,0.0,1.328462839126587,0.3284628391265869,1.0,0.0,1.0,0.0,1.0,0.0,1.0,0.0,1.0,0.0
0.024999999999999998,0.5693359375,1.0,0.0,1.3233731985092163,0.3233731985092163,1.0,0.0,1.0,0.0,1.0,0.0,1.0,0.0,1.0,0.0
0.024999999999999998,0.5712890625,1.0,0.0,1.319074034690857,0.31907403469085693,1.0,0.0,1.0,0.0,1.0,0.0,1.0,0.0,1.0,0.0
0.024999999999999998,0.5732421875,1.0,0.0,1.3154481649398804,0.31544816493988037,1.0,0.0,1.0,0.0,1.0,0.0,1.0,0.0,1.0,0.0
0.024999999999999998,0.5751953125,1.0,0.0,1.3102281093597412,0.3102281093597412,1.0,0.0,1.0,0.0,1.0,0.0,1.0,0.0,1.0,0.0
0.024999999999999998,0.5771484375,1.0,0.0,1.2956960201263428,0.2956960201263428,1.0,0.0,1.0,0.0,1.0,0.0,1.0,0.0,1.0,0.0
0.024999999999999998,0.5791015625,1.0,0.0,1.2824679613113403,0.28246796131134033,1.0,0.0,1.0,0.0,1.0,0.0,1.0,0.0,1.0,0.0
0.024999999999999998,0.5810546875,1.0,0.0,1.26907479763031,0.26907479763031006,1.0,0.0,1.0,0.0,1.0,0.0,1.0,0.0,1.0,0.0
0.024999999999999998,0.5830078125,1.0,0.0,1.2540546655654907,0.2540546655654907,1.0,0.0,1.0,0.0,1.0,0.0,1.0,0.0,1.0,0.0
0.024999999999999998,0.5849609375,1.0,0.0,1.2361016273498535,0.23610162734985352,1.0,0.0,1.0,0.0,1.0,0.0,1.0,0.0,1.0,0.0
0.024999999999999998,0.5869140625,1.0,0.0,1.2142387628555298,0.21423876285552979,1.0,0.0,1.0,0.0,1.0,0.0,1.0,0.0,1.0,0.0
0.024999999999999998,0.5888671875,1.0,0.0,1.1879644393920898,0.18796443939208984,1.0,0.0,1.0,0.0,1.0,0.0,1.0,0.0,1.0,0.0
0.024999999999999998,0.5908203125,1.0,0.0,1.157342553138733,0.1573425531387329,1.0,0.0,1.0,0.0,1.0,0.0,1.0,0.0,1.0,0.0
0.024999999999999998,0.5927734375,1.0,0.0,1.1229859590530396,0.12298595905303955,1.0,0.0,1.0,0.0,1.0,0.0,1.0,0.0,1.0,0.0
0.024999999999999998,0.5947265625,1.0,0.0,1.0859403610229492,0.08594036102294922,1.0,0.0,1.0,0.0,1.0,0.0,1.0,0.0,1.0,0.0
0.024999999999999998,0.5966796875,1.0,0.0,1.0475084781646729,0.04750847816467285,1.0,0.0,1.0,0.0,1.0,0.0,1.0,0.0,1.0,0.0
0.024999999999999998,0.5986328125,1.0,0.0,1.0090742111206055,0.009074211120605469,1.0,0.0,1.0,0.0,1.0,0.0,1.0,0.0,1.0,0.0
0.024999999999999998,0.6005859375,1.0,0.0,0.9719620943069458,0.0280379056930542,1.0,0.0,1.0,0.0,1.0,0.0,1.0,0.0,1.0,0.0
0.024999999999999998,0.6025390625,1.0,0.0,0.937326967716217,0.06267303228378296,1.0,0.0,1.0,0.0,1.0,0.0,1.0,0.0,1.0,0.0
0.024999999999999998,0.6044921875,1.0,0.0,0.9060682654380798,0.09393173456192017,1.0,0.0,1.0,0.0,1.0,0.0,1.0,0.0,1.0,0.0
0.024999999999999998,0.6064453125,1.0,0.0,0.878764808177948,0.121235191822052,1.0,0.0,1.0,0.0,1.0,0.0,1.0,0.0,1.0,0.0
0.024999999999999998,0.6083984375,1.0,0.0,0.855638861656189,0.14436113834381104,1.0,0.0,1.0,0.0,1.0,0.0,1.0,0.0,1.0,0.0
0.024999999999999998,0.6103515625,1.0,0.0,0.8365577459335327,0.16344225406646729,1.0,0.0,1.0,0.0,1.0,0.0,1.0,0.0,1.0,0.0
0.024999999999999998,0.6123046875,1.0,0.0,0.8210726380348206,0.17892736196517944,1.0,0.0,1.0,0.0,1.0,0.0,1.0,0.0,1.0,0.0
0.024999999999999998,0.6142578125,1.0,0.0,0.8085007071495056,0.19149929285049438,1.0,0.0,1.0,0.0,1.0,0.0,1.0,0.0,1.0,0.0
0.024999999999999998,0.6162109375,1.0,0.0,0.7980375289916992,0.20196247100830078,1.0,0.0,1.0,0.0,1.0,0.0,1.0,0.0,1.0,0.0
0.024999999999999998,0.6181640625,1.0,0.0,0.7888867855072021,0.21111321449279785,1.0,0.0,1.0,0.0,1.0,0.0,1.0,0.0,1.0,0.0
0.024999999999999998,0.6201171875,1.0,0.0,0.780375063419342,0.21962493658065796,1.0,0.0,1.0,0.0,1.0,0.0,1.0,0.0,1.0,0.0
0.024999999999999998,0.6220703125,1.0,0.0,0.7720352411270142,0.22796475887298584,1.0,0.0,1.0,0.0,1.0,0.0,1.0,0.0,1.0,0.0
0.024999999999999998,0.6240234375,1.0,0.0,0.7671024203300476,0.2328975796699524,1.0,0.0,1.0,0.0,1.0,0.0,1.0,0.0,1.0,0.0
0.024999999999999998,0.6259765625,1.0,0.0,0.7814958095550537,0.2185041904449463,1.0,0.0,1.0,0.0,1.0,0.0,1.0,0.0,1.0,0.0
0.024999999999999998,0.6279296875,1.0,0.0,0.7961296439170837,0.20387035608291626,1.0,0.0,1.0,0.0,1.0,0.0,1.0,0.0,1.0,0.0
0.024999999999999998,0.6298828125,1.0,0.0,0.8101733326911926,0.18982666730880737,1.0,0.0,1.0,0.0,1.0,0.0,1.0,0.0,1.0,0.0
0.024999999999999998,0.6318359375,1.0,0.0,0.8226818442344666,0.17731815576553345,1.0,0.0,1.0,0.0,1.0,0.0,1.0,0.0,1.0,0.0
0.024999999999999998,0.6337890625,1.0,0.0,0.8327609896659851,0.1672390103340149,1.0,0.0,1.0,0.0,1.0,0.0,1.0,0.0,1.0,0.0
0.024999999999999998,0.6357421875,1.0,0.0,0.8397383689880371,0.1602616310119629,1.0,0.0,1.0,0.0,1.0,0.0,1.0,0.0,1.0,0.0
0.024999999999999998,0.6376953125,1.0,0.0,0.8432765007019043,0.1567234992980957,1.0,0.0,1.0,0.0,1.0,0.0,1.0,0.0,1.0,0.0
0.024999999999999998,0.6396484375,1.0,0.0,0.843401312828064,0.15659868717193604,1.0,0.0,1.0,0.0,1.0,0.0,1.0,0.0,1.0,0.0
0.024999999999999998,0.6416015625,1.0,0.0,0.8404591083526611,0.15954089164733887,1.0,0.0,1.0,0.0,1.0,0.0,1.0,0.0,1.0,0.0
0.024999999999999998,0.6435546875,1.0,0.0,0.8350313305854797,0.16496866941452026,1.0,0.0,1.0,0.0,1.0,0.0,1.0,0.0,1.0,0.0
0.024999999999999998,0.6455078125,1.0,0.0,0.8278372883796692,0.1721627116203308,1.0,0.0,1.0,0.0,1.0,0.0,1.0,0.0,1.0,0.0
0.024999999999999998,0.6474609375,1.0,0.0,0.8196443319320679,0.18035566806793213,1.0,0.0,1.0,0.0,1.0,0.0,1.0,0.0,1.0,0.0
0.024999999999999998,0.6494140625,1.0,0.0,0.8112002611160278,0.18879973888397217,1.0,0.0,1.0,0.0,1.0,0.0,1.0,0.0,1.0,0.0
0.024999999999999998,0.6513671875,1.0,0.0,0.803184449672699,0.19681555032730103,1.0,0.0,1.0,0.0,1.0,0.0,1.0,0.0,1.0,0.0
0.024999999999999998,0.6533203125,1.0,0.0,0.7961804866790771,0.20381951332092285,1.0,0.0,1.0,0.0,1.0,0.0,1.0,0.0,1.0,0.0
0.024999999999999998,0.6552734375,1.0,0.0,0.7906641960144043,0.2093358039855957,1.0,0.0,1.0,0.0,1.0,0.0,1.0,0.0,1.0,0.0
0.024999999999999998,0.6572265625,1.0,0.0,0.7870020270347595,0.21299797296524048,1.0,0.0,1.0,0.0,1.0,0.0,1.0,0.0,1.0,0.0
0.024999999999999998,0.6591796875,1.0,0.0,0.785454273223877,0.21454572677612305,1.0,0.0,1.0,0.0,1.0,0.0,1.0,0.0,1.0,0.0
0.024999999999999998,0.6611328125,1.0,0.0,0.7861821055412292,0.21381789445877075,1.0,0.0,1.0,0.0,1.0,0.0,1.0,0.0,1.0,0.0
0.024999999999999998,0.6630859375,1.0,0.0,0.78924959897995,0.21075040102005005,1.0,0.0,1.0,0.0,1.0,0.0,1.0,0.0,1.0,0.0
0.024999999999999998,0.6650390625,1.0,0.0,0.7946158051490784,0.20538419485092163,1.0,0.0,1.0,0.0,1.0,0.0,1.0,0.0,1.0,0.0
0.024999999999999998,0.6669921875,1.0,0.0,0.8021181225776672,0.19788187742233276,1.0,0.0,1.0,0.0,1.0,0.0,1.0,0.0,1.0,0.0
0.024999999999999998,0.6689453125,1.0,0.0,0.8114509582519531,0.18854904174804688,1.0,0.0,1.0,0.0,1.0,0.0,1.0,0.0,1.0,0.0
0.024999999999999998,0.6708984375,1.0,0.0,0.8221453428268433,0.17785465717315674,1.0,0.0,1.0,0.0,1.0,0.0,1.0,0.0,1.0,0.0
0.024999999999999998,0.6728515625,1.0,0.0,0.8335771560668945,0.16642284393310547,1.0,0.0,1.0,0.0,1.0,0.0,1.0,0.0,1.0,0.0
0.024999999999999998,0.6748046875,1.0,0.0,0.8449991345405579,0.15500086545944214,1.0,0.0,1.0,0.0,1.0,0.0,1.0,0.0,1.0,0.0
0.024999999999999998,0.6767578125,1.0,0.0,0.8556045889854431,0.14439541101455688,1.0,0.0,1.0,0.0,1.0,0.0,1.0,0.0,1.0,0.0
0.024999999999999998,0.6787109375,1.0,0.0,0.8646140098571777,0.13538599014282227,1.0,0.0,1.0,0.0,1.0,0.0,1.0,0.0,1.0,0.0
0.024999999999999998,0.6806640625,1.0,0.0,0.8713628053665161,0.1286371946334839,1.0,0.0,1.0,0.0,1.0,0.0,1.0,0.0,1.0,0.0
0.024999999999999998,0.6826171875,1.0,0.0,0.8753727674484253,0.12462723255157471,1.0,0.0,1.0,0.0,1.0,0.0,1.0,0.0,1.0,0.0
0.024999999999999998,0.6845703125,1.0,0.0,0.8763954043388367,0.12360459566116333,1.0,0.0,1.0,0.0,1.0,0.0,1.0,0.0,1.0,0.0
0.024999999999999998,0.6865234375,1.0,0.0,0.8744169473648071,0.12558305263519287,1.0,0.0,1.0,0.0,1.0,0.0,1.0,0.0,1.0,0.0
0.024999999999999998,0.6884765625,1.0,0.0,0.8696338534355164,0.13036614656448364,1.0,0.0,1.0,0.0,1.0,0.0,1.0,0.0,1.0,0.0
0.024999999999999998,0.6904296875,1.0,0.0,0.8624065518379211,0.13759344816207886,1.0,0.0,1.0,0.0,1.0,0.0,1.0,0.0,1.0,0.0
0.024999999999999998,0.6923828125,1.0,0.0,0.8532076478004456,0.14679235219955444,1.0,0.0,1.0,0.0,1.0,0.0,1.0,0.0,1.0,0.0
0.024999999999999998,0.6943359375,1.0,0.0,0.8425735831260681,0.15742641687393188,1.0,0.0,1.0,0.0,1.0,0.0,1.0,0.0,1.0,0.0
0.024999999999999998,0.6962890625,1.0,0.0,0.8310609459877014,0.16893905401229858,1.0,0.0,1.0,0.0,1.0,0.0,1.0,0.0,1.0,0.0
0.024999999999999998,0.6982421875,1.0,0.0,0.8192130327224731,0.18078696727752686,1.0,0.0,1.0,0.0,1.0,0.0,1.0,0.0,1.0,0.0
0.024999999999999998,0.7001953125,1.0,0.0,0.8075267672538757,0.19247323274612427,1.0,0.0,1.0,0.0,1.0,0.0,1.0,0.0,1.0,0.0
0.024999999999999998,0.7021484375,1.0,0.0,0.7964293360710144,0.2035706639289856,1.0,0.0,1.0,0.0,1.0,0.0,1.0,0.0,1.0,0.0
0.024999999999999998,0.7041015625,1.0,0.0,0.7862619161605835,0.2137380838394165,1.0,0.0,1.0,0.0,1.0,0.0,1.0,0.0,1.0,0.0
0.024999999999999998,0.7060546875,1.0,0.0,0.7772772312164307,0.22272276878356934,1.0,0.0,1.0,0.0,1.0,0.0,1.0,0.0,1.0,0.0
0.024999999999999998,0.7080078125,1.0,0.0,0.7696430683135986,0.23035693168640137,1.0,0.0,1.0,0.0,1.0,0.0,1.0,0.0,1.0,0.0
0.024999999999999998,0.7099609375,1.0,0.0,0.763455867767334,0.23654413223266602,1.0,0.0,1.0,0.0,1.0,0.0,1.0,0.0,1.0,0.0
0.024999999999999998,0.7119140625,1.0,0.0,0.7587544918060303,0.24124550819396973,1.0,0.0,1.0,0.0,1.0,0.0,1.0,0.0,1.0,0.0
0.024999999999999998,0.7138671875,1.0,0.0,0.7555316090583801,0.24446839094161987,1.0,0.0,1.0,0.0,1.0,0.0,1.0,0.0,1.0,0.0
0.024999999999999998,0.7158203125,1.0,0.0,0.7537447810173035,0.24625521898269653,1.0,0.0,1.0,0.0,1.0,0.0,1.0,0.0,1.0,0.0
0.024999999999999998,0.7177734375,1.0,0.0,0.7533252835273743,0.24667471647262573,1.0,0.0,1.0,0.0,1.0,0.0,1.0,0.0,1.0,0.0
0.024999999999999998,0.7197265625,1.0,0.0,0.7541849613189697,0.24581503868103027,1.0,0.0,1.0,0.0,1.0,0.0,1.0,0.0,1.0,0.0
0.024999999999999998,0.7216796875,1.0,0.0,0.7562236189842224,0.2437763810157776,1.0,0.0,1.0,0.0,1.0,0.0,1.0,0.0,1.0,0.0
0.024999999999999998,0.7236328125,1.0,0.0,0.7593376040458679,0.24066239595413208,1.0,0.0,1.0,0.0,1.0,0.0,1.0,0.0,1.0,0.0
0.024999999999999998,0.7255859375,1.0,0.0,0.7634249329566956,0.23657506704330444,1.0,0.0,1.0,0.0,1.0,0.0,1.0,0.0,1.0,0.0
0.024999999999999998,0.7275390625,1.0,0.0,0.7683908939361572,0.23160910606384277,1.0,0.0,1.0,0.0,1.0,0.0,1.0,0.0,1.0,0.0
0.024999999999999998,0.7294921875,1.0,0.0,0.77414870262146,0.22585129737854004,1.0,0.0,1.0,0.0,1.0,0.0,1.0,0.0,1.0,0.0
0.024999999999999998,0.7314453125,1.0,0.0,0.7806111574172974,0.21938884258270264,1.0,0.0,1.0,0.0,1.0,0.0,1.0,0.0,1.0,0.0
0.024999999999999998,0.7333984375,1.0,0.0,0.7876779437065125,0.21232205629348755,1.0,0.0,1.0,0.0,1.0,0.0,1.0,0.0,1.0,0.0
0.024999999999999998,0.7353515625,1.0,0.0,0.7952181100845337,0.2047818899154663,1.0,0.0,1.0,0.0,1.0,0.0,1.0,0.0,1.0,0.0
0.024999999999999998,0.7373046875,1.0,0.0,0.8030505180358887,0.19694948196411133,1.0,0.0,1.0,0.0,1.0,0.0,1.0,0.0,1.0,0.0
0.024999999999999998,0.7392578125,1.0,0.0,0.8109312653541565,0.1890687346458435,1.0,0.0,1.0,0.0,1.0,0.0,1.0,0.0,1.0,0.0
0.024999999999999998,0.7412109375,1.0,0.0,0.8185533285140991,0.18144667148590088,1.0,0.0,1.0,0.0,1.0,0.0,1.0,0.0,1.0,0.0
0.024999999999999998,0.7431640625,1.0,0.0,0.8255628347396851,0.17443716526031494,1.0,0.0,1.0,0.0,1.0,0.0,1.0,0.0,1.0,0.0
0.024999999999999998,0.7451171875,1.0,0.0,0.83158940076828,0.16841059923171997,1.0,0.0,1.0,0.0,1.0,0.0,1.0,0.0,1.0,0.0
0.024999999999999998,0.7470703125,1.0,0.0,0.8362977504730225,0.16370224952697754,1.0,0.0,1.0,0.0,1.0,0.0,1.0,0.0,1.0,0.0
0.024999999999999998,0.7490234375,1.0,0.0,0.8394321799278259,0.16056782007217407,1.0,0.0,1.0,0.0,1.0,0.0,1.0,0.0,1.0,0.0
0.024999999999999998,0.7509765625,1.0,0.0,0.840856671333313,0.159143328666687,1.0,0.0,1.0,0.0,1.0,0.0,1.0,0.0,1.0,0.0
0.024999999999999998,0.7529296875,1.0,0.0,0.8405752778053284,0.15942472219467163,1.0,0.0,1.0,0.0,1.0,0.0,1.0,0.0,1.0,0.0
0.024999999999999998,0.7548828125,1.0,0.0,0.8387202024459839,0.1612797975540161,1.0,0.0,1.0,0.0,1.0,0.0,1.0,0.0,1.0,0.0
0.024999999999999998,0.7568359375,1.0,0.0,0.8355255722999573,0.16447442770004272,1.0,0.0,1.0,0.0,1.0,0.0,1.0,0.0,1.0,0.0
0.024999999999999998,0.7587890625,1.0,0.0,0.8312910199165344,0.16870898008346558,1.0,0.0,1.0,0.0,1.0,0.0,1.0,0.0,1.0,0.0
0.024999999999999998,0.7607421875,1.0,0.0,0.8263514041900635,0.17364859580993652,1.0,0.0,1.0,0.0,1.0,0.0,1.0,0.0,1.0,0.0
0.024999999999999998,0.7626953125,1.0,0.0,0.8210548162460327,0.17894518375396729,1.0,0.0,1.0,0.0,1.0,0.0,1.0,0.0,1.0,0.0
0.024999999999999998,0.7646484375,1.0,0.0,0.8157554864883423,0.18424451351165771,1.0,0.0,1.0,0.0,1.0,0.0,1.0,0.0,1.0,0.0
0.024999999999999998,0.7666015625,1.0,0.0,0.8108096718788147,0.1891903281211853,1.0,0.0,1.0,0.0,1.0,0.0,1.0,0.0,1.0,0.0
0.024999999999999998,0.7685546875,1.0,0.0,0.806571364402771,0.193428635597229,1.0,0.0,1.0,0.0,1.0,0.0,1.0,0.0,1.0,0.0
0.024999999999999998,0.7705078125,1.0,0.0,0.8033795356750488,0.19662046432495117,1.0,0.0,1.0,0.0,1.0,0.0,1.0,0.0,1.0,0.0
0.024999999999999998,0.7724609375,1.0,0.0,0.8015407919883728,0.1984592080116272,1.0,0.0,1.0,0.0,1.0,0.0,1.0,0.0,1.0,0.0
0.024999999999999998,0.7744140625,1.0,0.0,0.8013026118278503,0.19869738817214966,1.0,0.0,1.0,0.0,1.0,0.0,1.0,0.0,1.0,0.0
0.024999999999999998,0.7763671875,1.0,0.0,0.8028253316879272,0.19717466831207275,1.0,0.0,1.0,0.0,1.0,0.0,1.0,0.0,1.0,0.0
0.024999999999999998,0.7783203125,1.0,0.0,0.8061599731445312,0.19384002685546875,1.0,0.0,1.0,0.0,1.0,0.0,1.0,0.0,1.0,0.0
0.024999999999999998,0.7802734375,1.0,0.0,0.8112310171127319,0.18876898288726807,1.0,0.0,1.0,0.0,1.0,0.0,1.0,0.0,1.0,0.0
0.024999999999999998,0.7822265625,1.0,0.0,0.8178347945213318,0.1821652054786682,1.0,0.0,1.0,0.0,1.0,0.0,1.0,0.0,1.0,0.0
0.024999999999999998,0.7841796875,1.0,0.0,0.8256472945213318,0.1743527054786682,1.0,0.0,1.0,0.0,1.0,0.0,1.0,0.0,1.0,0.0
0.024999999999999998,0.7861328125,1.0,0.0,0.8342433571815491,0.16575664281845093,1.0,0.0,1.0,0.0,1.0,0.0,1.0,0.0,1.0,0.0
0.024999999999999998,0.7880859375,1.0,0.0,0.8431242108345032,0.15687578916549683,1.0,0.0,1.0,0.0,1.0,0.0,1.0,0.0,1.0,0.0
0.024999999999999998,0.7900390625,1.0,0.0,0.8517515659332275,0.14824843406677246,1.0,0.0,1.0,0.0,1.0,0.0,1.0,0.0,1.0,0.0
0.024999999999999998,0.7919921875,1.0,0.0,0.8595793843269348,0.14042061567306519,1.0,0.0,1.0,0.0,1.0,0.0,1.0,0.0,1.0,0.0
0.024999999999999998,0.7939453125,1.0,0.0,0.8660962581634521,0.13390374183654785,1.0,0.0,1.0,0.0,1.0,0.0,1.0,0.0,1.0,0.0
0.024999999999999998,0.7958984375,1.0,0.0,0.8708572387695312,0.12914276123046875,1.0,0.0,1.0,0.0,1.0,0.0,1.0,0.0,1.0,0.0
0.024999999999999998,0.7978515625,1.0,0.0,0.8735247254371643,0.1264752745628357,1.0,0.0,1.0,0.0,1.0,0.0,1.0,0.0,1.0,0.0
0.024999999999999998,0.7998046875,1.0,0.0,0.8738932609558105,0.12610673904418945,1.0,0.0,1.0,0.0,1.0,0.0,1.0,0.0,1.0,0.0
0.024999999999999998,0.8017578125,1.0,0.0,0.8719116449356079,0.1280883550643921,1.0,0.0,1.0,0.0,1.0,0.0,1.0,0.0,1.0,0.0
0.024999999999999998,0.8037109375,1.0,0.0,0.8676859140396118,0.13231408596038818,1.0,0.0,1.0,0.0,1.0,0.0,1.0,0.0,1.0,0.0
0.024999999999999998,0.8056640625,1.0,0.0,0.8614736199378967,0.13852638006210327,1.0,0.0,1.0,0.0,1.0,0.0,1.0,0.0,1.0,0.0
0.024999999999999998,0.8076171875,1.0,0.0,0.8536579012870789,0.14634209871292114,1.0,0.0,1.0,0.0,1.0,0.0,1.0,0.0,1.0,0.0
0.024999999999999998,0.8095703125,1.0,0.0,0.8447191715240479,0.15528082847595215,1.0,0.0,1.0,0.0,1.0,0.0,1.0,0.0,1.0,0.0
0.024999999999999998,0.8115234375,1.0,0.0,0.8351991772651672,0.16480082273483276,1.0,0.0,1.0,0.0,1.0,0.0,1.0,0.0,1.0,0.0
0.024999999999999998,0.8134765625,1.0,0.0,0.8256611824035645,0.17433881759643555,1.0,0.0,1.0,0.0,1.0,0.0,1.0,0.0,1.0,0.0
0.024999999999999998,0.8154296875,1.0,0.0,0.8166519999504089,0.18334800004959106,1.0,0.0,1.0,0.0,1.0,0.0,1.0,0.0,1.0,0.0
0.024999999999999998,0.8173828125,1.0,0.0,0.8086667060852051,0.19133329391479492,1.0,0.0,1.0,0.0,1.0,0.0,1.0,0.0,1.0,0.0
0.024999999999999998,0.8193359375,1.0,0.0,0.8021191358566284,0.19788086414337158,1.0,0.0,1.0,0.0,1.0,0.0,1.0,0.0,1.0,0.0
0.024999999999999998,0.8212890625,1.0,0.0,0.797317385673523,0.20268261432647705,1.0,0.0,1.0,0.0,1.0,0.0,1.0,0.0,1.0,0.0
0.024999999999999998,0.8232421875,1.0,0.0,0.79445481300354,0.20554518699645996,1.0,0.0,1.0,0.0,1.0,0.0,1.0,0.0,1.0,0.0
0.024999999999999998,0.8251953125,1.0,0.0,0.7936038970947266,0.20639610290527344,1.0,0.0,1.0,0.0,1.0,0.0,1.0,0.0,1.0,0.0
0.024999999999999998,0.8271484375,1.0,0.0,0.7947222590446472,0.20527774095535278,1.0,0.0,1.0,0.0,1.0,0.0,1.0,0.0,1.0,0.0
0.024999999999999998,0.8291015625,1.0,0.0,0.7976593375205994,0.20234066247940063,1.0,0.0,1.0,0.0,1.0,0.0,1.0,0.0,1.0,0.0
0.024999999999999998,0.8310546875,1.0,0.0,0.8021674156188965,0.19783258438110352,1.0,0.0,1.0,0.0,1.0,0.0,1.0,0.0,1.0,0.0
0.024999999999999998,0.8330078125,1.0,0.0,0.8079113960266113,0.19208860397338867,1.0,0.0,1.0,0.0,1.0,0.0,1.0,0.0,1.0,0.0
0.024999999999999998,0.8349609375,1.0,0.0,0.8144811391830444,0.18551886081695557,1.0,0.0,1.0,0.0,1.0,0.0,1.0,0.0,1.0,0.0
0.024999999999999998,0.8369140625,1.0,0.0,0.8214079141616821,0.17859208583831787,1.0,0.0,1.0,0.0,1.0,0.0,1.0,0.0,1.0,0.0
0.024999999999999998,0.8388671875,1.0,0.0,0.8281822204589844,0.17181777954101562,1.0,0.0,1.0,0.0,1.0,0.0,1.0,0.0,1.0,0.0
0.024999999999999998,0.8408203125,1.0,0.0,0.8342836499214172,0.16571635007858276,1.0,0.0,1.0,0.0,1.0,0.0,1.0,0.0,1.0,0.0
0.024999999999999998,0.8427734375,1.0,0.0,0.8392131924629211,0.16078680753707886,1.0,0.0,1.0,0.0,1.0,0.0,1.0,0.0,1.0,0.0
0.024999999999999998,0.8447265625,1.0,0.0,0.8425299525260925,0.15747004747390747,1.0,0.0,1.0,0.0,1.0,0.0,1.0,0.0,1.0,0.0
0.024999999999999998,0.8466796875,1.0,0.0,0.8438868522644043,0.1561131477355957,1.0,0.0,1.0,0.0,1.0,0.0,1.0,0.0,1.0,0.0
0.024999999999999998,0.8486328125,1.0,0.0,0.8430619239807129,0.1569380760192871,1.0,0.0,1.0,0.0,1.0,0.0,1.0,0.0,1.0,0.0
0.024999999999999998,0.8505859375,1.0,0.0,0.83997642993927,0.16002357006072998,1.0,0.0,1.0,0.0,1.0,0.0,1.0,0.0,1.0,0.0
0.024999999999999998,0.8525390625,1.0,0.0,0.8347041606903076,0.16529583930969238,1.0,0.0,1.0,0.0,1.0,0.0,1.0,0.0,1.0,0.0
0.024999999999999998,0.8544921875,1.0,0.0,0.8274679183959961,0.1725320816040039,1.0,0.0,1.0,0.0,1.0,0.0,1.0,0.0,1.0,0.0
0.024999999999999998,0.8564453125,1.0,0.0,0.8186219334602356,0.1813780665397644,1.0,0.0,1.0,0.0,1.0,0.0,1.0,0.0,1.0,0.0
0.024999999999999998,0.8583984375,1.0,0.0,0.8086230754852295,0.1913769245147705,1.0,0.0,1.0,0.0,1.0,0.0,1.0,0.0,1.0,0.0
0.024999999999999998,0.8603515625,1.0,0.0,0.7979892492294312,0.20201075077056885,1.0,0.0,1.0,0.0,1.0,0.0,1.0,0.0,1.0,0.0
0.024999999999999998,0.8623046875,1.0,0.0,0.7872493863105774,0.2127506136894226,1.0,0.0,1.0,0.0,1.0,0.0,1.0,0.0,1.0,0.0
0.024999999999999998,0.8642578125,1.0,0.0,0.7768941521644592,0.22310584783554077,1.0,0.0,1.0,0.0,1.0,0.0,1.0,0.0,1.0,0.0
0.024999999999999998,0.8662109375,1.0,0.0,0.7673336267471313,0.23266637325286865,1.0,0.0,1.0,0.0,1.0,0.0,1.0,0.0,1.0,0.0
0.024999999999999998,0.8681640625,1.0,0.0,0.7588673830032349,0.24113261699676514,1.0,0.0,1.0,0.0,1.0,0.0,1.0,0.0,1.0,0.0
0.024999999999999998,0.8701171875,1.0,0.0,0.7516736388206482,0.2483263611793518,1.0,0.0,1.0,0.0,1.0,0.0,1.0,0.0,1.0,0.0
0.024999999999999998,0.8720703125,1.0,0.0,0.7458115220069885,0.2541884779930115,1.0,0.0,1.0,0.0,1.0,0.0,1.0,0.0,1.0,0.0
0.024999999999999998,0.8740234375,1.0,0.0,0.7412325739860535,0.25876742601394653,1.0,0.0,1.0,0.0,1.0,0.0,1.0,0.0,1.0,0.0
0.024999999999999998,0.8759765625,1.0,0.0,0.7378035187721252,0.26219648122787476,1.0,0.0,1.0,0.0,1.0,0.0,1.0,0.0,1.0,0.0
0.024999999999999998,0.8779296875,1.0,0.0,0.7353317737579346,0.26466822624206543,1.0,0.0,1.0,0.0,1.0,0.0,1.0,0.0,1.0,0.0
0.024999999999999998,0.8798828125,1.0,0.0,0.7335913181304932,0.26640868186950684,1.0,0.0,1.0,0.0,1.0,0.0,1.0,0.0,1.0,0.0
0.024999999999999998,0.8818359375,1.0,0.0,0.7323509454727173,0.2676490545272827,1.0,0.0,1.0,0.0,1.0,0.0,1.0,0.0,1.0,0.0
0.024999999999999998,0.8837890625,1.0,0.0,0.7313955426216125,0.26860445737838745,1.0,0.0,1.0,0.0,1.0,0.0,1.0,0.0,1.0,0.0
0.024999999999999998,0.8857421875,1.0,0.0,0.7305445075035095,0.2694554924964905,1.0,0.0,1.0,0.0,1.0,0.0,1.0,0.0,1.0,0.0
0.024999999999999998,0.8876953125,1.0,0.0,0.7296602725982666,0.2703397274017334,1.0,0.0,1.0,0.0,1.0,0.0,1.0,0.0,1.0,0.0
0.024999999999999998,0.8896484375,1.0,0.0,0.7286558747291565,0.2713441252708435,1.0,0.0,1.0,0.0,1.0,0.0,1.0,0.0,1.0,0.0
0.024999999999999998,0.8916015625,1.0,0.0,0.7274909019470215,0.2725090980529785,1.0,0.0,1.0,0.0,1.0,0.0,1.0,0.0,1.0,0.0
0.024999999999999998,0.8935546875,1.0,0.0,0.72617107629776,0.27382892370224,1.0,0.0,1.0,0.0,1.0,0.0,1.0,0.0,1.0,0.0
0.024999999999999998,0.8955078125,1.0,0.0,0.7247399687767029,0.2752600312232971,1.0,0.0,1.0,0.0,1.0,0.0,1.0,0.0,1.0,0.0
0.024999999999999998,0.8974609375,1.0,0.0,0.7232728004455566,0.27672719955444336,1.0,0.0,1.0,0.0,1.0,0.0,1.0,0.0,1.0,0.0
0.024999999999999998,0.8994140625,1.0,0.0,0.7218666076660156,0.2781333923339844,1.0,0.0,1.0,0.0,1.0,0.0,1.0,0.0,1.0,0.0
0.024999999999999998,0.9013671875,1.0,0.0,0.7206282019615173,0.27937179803848267,1.0,0.0,1.0,0.0,1.0,0.0,1.0,0.0,1.0,0.0
0.024999999999999998,0.9033203125,1.0,0.0,0.7196622490882874,0.28033775091171265,1.0,0.0,1.0,0.0,1.0,0.0,1.0,0.0,1.0,0.0
0.024999999999999998,0.9052734375,1.0,0.0,0.7190632820129395,0.28093671798706055,1.0,0.0,1.0,0.0,1.0,0.0,1.0,0.0,1.0,0.0
0.024999999999999998,0.9072265625,1.0,0.0,0.7189046740531921,0.28109532594680786,1.0,0.0,1.0,0.0,1.0,0.0,1.0,0.0,1.0,0.0
0.024999999999999998,0.9091796875,1.0,0.0,0.7192350029945374,0.28076499700546265,1.0,0.0,1.0,0.0,1.0,0.0,1.0,0.0,1.0,0.0
0.024999999999999998,0.9111328125,1.0,0.0,0.7200732231140137,0.27992677688598633,1.0,0.0,1.0,0.0,1.0,0.0,1.0,0.0,1.0,0.0
0.024999999999999998,0.9130859375,1.0,0.0,0.721405029296875,0.278594970703125,1.0,0.0,1.0,0.0,1.0,0.0,1.0,0.0,1.0,0.0
0.024999999999999998,0.9150390625,1.0,0.0,0.7231760621070862,0.2768239378929138,1.0,0.0,1.0,0.0,1.0,0.0,1.0,0.0,1.0,0.0
0.024999999999999998,0.9169921875,1.0,0.0,0.7252873778343201,0.27471262216567993,1.0,0.0,1.0,0.0,1.0,0.0,1.0,0.0,1.0,0.0
0.024999999999999998,0.9189453125,1.0,0.0,0.7275938987731934,0.27240610122680664,1.0,0.0,1.0,0.0,1.0,0.0,1.0,0.0,1.0,0.0
0.024999999999999998,0.9208984375,1.0,0.0,0.7299010753631592,0.2700989246368408,1.0,0.0,1.0,0.0,1.0,0.0,1.0,0.0,1.0,0.0
0.024999999999999998,0.9228515625,1.0,0.0,0.7392023801803589,0.2607976198196411,1.0,0.0,1.0,0.0,1.0,0.0,1.0,0.0,1.0,0.0
0.024999999999999998,0.9248046875,1.0,0.0,0.75155109167099,0.24844890832901,1.0,0.0,1.0,0.0,1.0,0.0,1.0,0.0,1.0,0.0
0.024999999999999998,0.9267578125,1.0,0.0,0.7627941966056824,0.23720580339431763,1.0,0.0,1.0,0.0,1.0,0.0,1.0,0.0,1.0,0.0
0.024999999999999998,0.9287109375,1.0,0.0,0.7725136876106262,0.22748631238937378,1.0,0.0,1.0,0.0,1.0,0.0,1.0,0.0,1.0,0.0
0.024999999999999998,0.9306640625,1.0,0.0,0.7802183032035828,0.21978169679641724,1.0,0.0,1.0,0.0,1.0,0.0,1.0,0.0,1.0,0.0
0.024999999999999998,0.9326171875,1.0,0.0,0.7853643894195557,0.21463561058044434,1.0,0.0,1.0,0.0,1.0,0.0,1.0,0.0,1.0,0.0
0.024999999999999998,0.9345703125,1.0,0.0,0.7873990535736084,0.2126009464263916,1.0,0.0,1.0,0.0,1.0,0.0,1.0,0.0,1.0,0.0
0.024999999999999998,0.9365234375,1.0,0.0,0.7858220338821411,0.2141779661178589,1.0,0.0,1.0,0.0,1.0,0.0,1.0,0.0,1.0,0.0
0.024999999999999998,0.9384765625,1.0,0.0,0.7802619934082031,0.21973800659179688,1.0,0.0,1.0,0.0,1.0,0.0,1.0,0.0,1.0,0.0
0.024999999999999998,0.9404296875,1.0,0.0,0.7705450057983398,0.22945499420166016,1.0,0.0,1.0,0.0,1.0,0.0,1.0,0.0,1.0,0.0
0.024999999999999998,0.9423828125,1.0,0.0,0.7567411661148071,0.24325883388519287,1.0,0.0,1.0,0.0,1.0,0.0,1.0,0.0,1.0,0.0
0.024999999999999998,0.9443359375,1.0,0.0,0.7391784191131592,0.2608215808868408,1.0,0.0,1.0,0.0,1.0,0.0,1.0,0.0,1.0,0.0
0.024999999999999998,0.9462890625,1.0,0.0,0.7184240221977234,0.2815759778022766,1.0,0.0,1.0,0.0,1.0,0.0,1.0,0.0,1.0,0.0
0.024999999999999998,0.9482421875,1.0,0.0,0.6952467560768127,0.30475324392318726,1.0,0.0,1.0,0.0,1.0,0.0,1.0,0.0,1.0,0.0
0.024999999999999998,0.9501953125,1.0,0.0,0.670564591884613,0.32943540811538696,1.0,0.0,1.0,0.0,1.0,0.0,1.0,0.0,1.0,0.0
0.024999999999999998,0.9521484375,1.0,0.0,0.6453790664672852,0.35462093353271484,1.0,0.0,1.0,0.0,1.0,0.0,1.0,0.0,1.0,0.0
0.024999999999999998,0.9541015625,1.0,0.0,0.6319847702980042,0.36801522970199585,1.0,0.0,1.0,0.0,1.0,0.0,1.0,0.0,1.0,0.0
0.024999999999999998,0.9560546875,1.0,0.0,0.6240183115005493,0.3759816884994507,1.0,0.0,1.0,0.0,1.0,0.0,1.0,0.0,1.0,0.0
0.024999999999999998,0.9580078125,1.0,0.0,0.6172165870666504,0.3827834129333496,1.0,0.0,1.0,0.0,1.0,0.0,1.0,0.0,1.0,0.0
0.024999999999999998,0.9599609375,1.0,0.0,0.6117068529129028,0.38829314708709717,1.0,0.0,1.0,0.0,1.0,0.0,1.0,0.0,1.0,0.0
0.024999999999999998,0.9619140625,1.0,0.0,0.6075454354286194,0.3924545645713806,1.0,0.0,1.0,0.0,1.0,0.0,1.0,0.0,1.0,0.0
0.024999999999999998,0.9638671875,1.0,0.0,0.6047019362449646,0.3952980637550354,1.0,0.0,1.0,0.0,1.0,0.0,1.0,0.0,1.0,0.0
0.024999999999999998,0.9658203125,1.0,0.0,0.6030574440956116,0.3969425559043884,1.0,0.0,1.0,0.0,1.0,0.0,1.0,0.0,1.0,0.0
0.024999999999999998,0.9677734375,1.0,0.0,0.6024255752563477,0.39757442474365234,1.0,0.0,1.0,0.0,1.0,0.0,1.0,0.0,1.0,0.0
0.024999999999999998,0.9697265625,1.0,0.0,0.6025938987731934,0.39740610122680664,1.0,0.0,1.0,0.0,1.0,0.0,1.0,0.0,1.0,0.0
0.024999999999999998,0.9716796875,1.0,0.0,0.6033714413642883,0.39662855863571167,1.0,0.0,1.0,0.0,1.0,0.0,1.0,0.0,1.0,0.0
0.024999999999999998,0.9736328125,1.0,0.0,0.6046379804611206,0.3953620195388794,1.0,0.0,1.0,0.0,1.0,0.0,1.0,0.0,1.0,0.0
0.024999999999999998,0.9755859375,1.0,0.0,0.6063776016235352,0.39362239837646484,1.0,0.0,1.0,0.0,1.0,0.0,1.0,0.0,1.0,0.0
0.024999999999999998,0.9775390625,1.0,0.0,0.6087032556533813,0.39129674434661865,1.0,0.0,1.0,0.0,1.0,0.0,1.0,0.0,1.0,0.0
0.024999999999999998,0.9794921875,1.0,0.0,0.6118683218955994,0.38813167810440063,1.0,0.0,1.0,0.0,1.0,0.0,1.0,0.0,1.0,0.0
0.024999999999999998,0.9814453125,1.0,0.0,0.6162734627723694,0.3837265372276306,1.0,0.0,1.0,0.0,1.0,0.0,1.0,0.0,1.0,0.0
0.024999999999999998,0.9833984375,1.0,0.0,0.6224725842475891,0.3775274157524109,1.0,0.0,1.0,0.0,1.0,0.0,1.0,0.0,1.0,0.0
0.024999999999999998,0.9853515625,1.0,0.0,0.6311726570129395,0.36882734298706055,1.0,0.0,1.0,0.0,1.0,0.0,1.0,0.0,1.0,0.0
0.024999999999999998,0.9873046875,1.0,0.0,0.6374426484107971,0.3625573515892029,1.0,0.0,1.0,0.0,1.0,0.0,1.0,0.0,1.0,0.0
0.024999999999999998,0.9892578125,1.0,0.0,0.6384416222572327,0.36155837774276733,1.0,0.0,1.0,0.0,1.0,0.0,1.0,0.0,1.0,0.0
0.024999999999999998,0.9912109375,1.0,0.0,0.6426434516906738,0.35735654830932617,1.0,0.0,1.0,0.0,1.0,0.0,1.0,0.0,1.0,0.0
0.024999999999999998,0.9931640625,1.0,0.0,0.6505381464958191,0.3494618535041809,1.0,0.0,1.0,0.0,1.0,0.0,1.0,0.0,1.0,0.0
0.024999999999999998,0.9951171875,1.0,0.0,0.662573516368866,0.33742648363113403,1.0,0.0,1.0,0.0,1.0,0.0,1.0,0.0,1.0,0.0
0.024999999999999998,0.9970703125,1.0,0.0,0.6790715456008911,0.3209284543991089,1.0,0.0,1.0,0.0,1.0,0.0,1.0,0.0,1.0,0.0
0.024999999999999998,0.9990234375,1.0,0.0,0.7001232504844666,0.29987674951553345,1.0,0.0,1.0,0.0,1.0,0.0,1.0,0.0,1.0,0.0
0.0375,0.0009765625,1.0,0.0,1.0515475273132324,0.05154752731323242,1.0,0.0,1.0,0.0,1.0,0.0,1.0,0.0,1.0,0.0
0.0375,0.0029296875,1.0,0.0,1.0830681324005127,0.0830681324005127,1.0,0.0,1.0,0.0,1.0,0.0,1.0,0.0,1.0,0.0
0.0375,0.0048828125,1.0,0.0,1.1130061149597168,0.1130061149597168,1.0,0.0,1.0,0.0,1.0,0.0,1.0,0.0,1.0,0.0
0.0375,0.0068359375,1.0,0.0,1.1401169300079346,0.14011693000793457,1.0,0.0,1.0,0.0,1.0,0.0,1.0,0.0,1.0,0.0
0.0375,0.0087890625,1.0,0.0,1.1634281873703003,0.1634281873703003,1.0,0.0,1.0,0.0,1.0,0.0,1.0,0.0,1.0,0.0
0.0375,0.0107421875,1.0,0.0,1.1822733879089355,0.18227338790893555,1.0,0.0,1.0,0.0,1.0,0.0,1.0,0.0,1.0,0.0
0.0375,0.0126953125,1.0,0.0,1.196274757385254,0.1962747573852539,1.0,0.0,1.0,0.0,1.0,0.0,1.0,0.0,1.0,0.0
0.0375,0.0146484375,1.0,0.0,1.205295205116272,0.20529520511627197,1.0,0.0,1.0,0.0,1.0,0.0,1.0,0.0,1.0,0.0
0.0375,0.0166015625,1.0,0.0,1.2093900442123413,0.2093900442123413,1.0,0.0,1.0,0.0,1.0,0.0,1.0,0.0,1.0,0.0
0.0375,0.0185546875,1.0,0.0,1.2087548971176147,0.20875489711761475,1.0,0.0,1.0,0.0,1.0,0.0,1.0,0.0,1.0,0.0
0.0375,0.0205078125,1.0,0.0,1.20368230342865,0.2036823034286499,1.0,0.0,1.0,0.0,1.0,0.0,1.0,0.0,1.0,0.0
0.0375,0.0224609375,1.0,0.0,1.1945321559906006,0.19453215599060059,1.0,0.0,1.0,0.0,1.0,0.0,1.0,0.0,1.0,0.0
0.0375,0.0244140625,1.0,0.0,1.1817222833633423,0.18172228336334229,1.0,0.0,1.0,0.0,1.0,0.0,1.0,0.0,1.0,0.0
0.0375,0.0263671875,1.0,0.0,1.1657484769821167,0.1657484769821167,1.0,0.0,1.0,0.0,1.0,0.0,1.0,0.0,1.0,0.0
0.0375,0.0283203125,1.0,0.0,1.1472125053405762,0.14721250534057617,1.0,0.0,1.0,0.0,1.0,0.0,1.0,0.0,1.0,0.0
0.0375,0.0302734375,1.0,0.0,1.1268413066864014,0.12684130668640137,1.0,0.0,1.0,0.0,1.0,0.0,1.0,0.0,1.0,0.0
0.0375,0.0322265625,1.0,0.0,1.1054736375808716,0.10547363758087158,1.0,0.0,1.0,0.0,1.0,0.0,1.0,0.0,1.0,0.0
0.0375,0.0341796875,1.0,0.0,1.084006905555725,0.0840069055557251,1.0,0.0,1.0,0.0,1.0,0.0,1.0,0.0,1.0,0.0
0.0375,0.0361328125,1.0,0.0,1.063315749168396,0.063315749168396,1.0,0.0,1.0,0.0,1.0,0.0,1.0,0.0,1.0,0.0
0.0375,0.0380859375,1.0,0.0,1.0441696643829346,0.04416966438293457,1.0,0.0,1.0,0.0,1.0,0.0,1.0,0.0,1.0,0.0
0.0375,0.0400390625,1.0,0.0,1.0271738767623901,0.027173876762390137,1.0,0.0,1.0,0.0,1.0,0.0,1.0,0.0,1.0,0.0
0.0375,0.0419921875,1.0,0.0,1.01274836063385,0.012748360633850098,1.0,0.0,1.0,0.0,1.0,0.0,1.0,0.0,1.0,0.0
0.0375,0.0439453125,1.0,0.0,1.0011508464813232,0.0011508464813232422,1.0,0.0,1.0,0.0,1.0,0.0,1.0,0.0,1.0,0.0
0.0375,0.0458984375,1.0,0.0,0.9925362467765808,0.0074637532234191895,1.0,0.0,1.0,0.0,1.0,0.0,1.0,0.0,1.0,0.0
0.0375,0.0478515625,1.0,0.0,0.9870311617851257,0.012968838214874268,1.0,0.0,1.0,0.0,1.0,0.0,1.0,0.0,1.0,0.0
0.0375,0.0498046875,1.0,0.0,0.9847881197929382,0.015211880207061768,1.0,0.0,1.0,0.0,1.0,0.0,1.0,0.0,1.0,0.0
0.0375,0.0517578125,1.0,0.0,0.9816558361053467,0.01834416389465332,1.0,0.0,1.0,0.0,1.0,0.0,1.0,0.0,1.0,0.0
0.0375,0.0537109375,1.0,0.0,0.9730254411697388,0.02697455883026123,1.0,0.0,1.0,0.0,1.0,0.0,1.0,0.0,1.0,0.0
0.0375,0.0556640625,1.0,0.0,0.9680598974227905,0.03194010257720947,1.0,0.0,1.0,0.0,1.0,0.0,1.0,0.0,1.0,0.0
0.0375,0.0576171875,1.0,0.0,0.967110276222229,0.032889723777770996,1.0,0.0,1.0,0.0,1.0,0.0,1.0,0.0,1.0,0.0
0.0375,0.0595703125,1.0,0.0,0.9703093767166138,0.02969062328338623,1.0,0.0,1.0,0.0,1.0,0.0,1.0,0.0,1.0,0.0
0.0375,0.0615234375,1.0,0.0,0.9776092171669006,0.022390782833099365,1.0,0.0,1.0,0.0,1.0,0.0,1.0,0.0,1.0,0.0
0.0375,0.0634765625,1.0,0.0,0.9888485670089722,0.011151432991027832,1.0,0.0,1.0,0.0,1.0,0.0,1.0,0.0,1.0,0.0
0.0375,0.0654296875,1.0,0.0,1.003820776939392,0.00382077693939209,1.0,0.0,1.0,0.0,1.0,0.0,1.0,0.0,1.0,0.0
0.0375,0.0673828125,1.0,0.0,1.0223008394241333,0.0223008394241333,1.0,0.0,1.0,0.0,1.0,0.0,1.0,0.0,1.0,0.0
0.0375,0.0693359375,1.0,0.0,1.0480936765670776,0.04809367656707764,1.0,0.0,1.0,0.0,1.0,0.0,1.0,0.0,1.0,0.0
0.0375,0.0712890625,1.0,0.0,1.0720360279083252,0.0720360279083252,1.0,0.0,1.0,0.0,1.0,0.0,1.0,0.0,1.0,0.0
0.0375,0.0732421875,1.0,0.0,1.0955215692520142,0.09552156925201416,1.0,0.0,1.0,0.0,1.0,0.0,1.0,0.0,1.0,0.0
0.0375,0.0751953125,1.0,0.0,1.1239850521087646,0.12398505210876465,1.0,0.0,1.0,0.0,1.0,0.0,1.0,0.0,1.0,0.0
0.0375,0.0771484375,1.0,0.0,1.1313972473144531,0.13139724731445312,1.0,0.0,1.0,0.0,1.0,0.0,1.0,0.0,1.0,0.0
0.0375,0.0791015625,1.0,0.0,1.1353580951690674,0.13535809516906738,1.0,0.0,1.0,0.0,1.0,0.0,1.0,0.0,1.0,0.0
0.0375,0.0810546875,1.0,0.0,1.1420897245407104,0.14208972454071045,1.0,0.0,1.0,0.0,1.0,0.0,1.0,0.0,1.0,0.0
0.0375,0.0830078125,1.0,0.0,1.1454302072525024,0.14543020725250244,1.0,0.0,1.0,0.0,1.0,0.0,1.0,0.0,1.0,0.0
0.0375,0.0849609375,1.0,0.0,1.1457091569900513,0.14570915699005127,1.0,0.0,1.0,0.0,1.0,0.0,1.0,0.0,1.0,0.0
0.0375,0.0869140625,1.0,0.0,1.143306016921997,0.14330601692199707,1.0,0.0,1.0,0.0,1.0,0.0,1.0,0.0,1.0,0.0
0.0375,0.0888671875,1.0,0.0,1.138623595237732,0.13862359523773193,1.0,0.0,1.0,0.0,1.0,0.0,1.0,0.0,1.0,0.0
0.0375,0.0908203125,1.0,0.0,1.1320719718933105,0.13207197189331055,1.0,0.0,1.0,0.0,1.0,0.0,1.0,0.0,1.0,0.0
0.0375,0.0927734375,1.0,0.0,1.1240730285644531,0.12407302856445312,1.0,0.0,1.0,0.0,1.0,0.0,1.0,0.0,1.0,0.0
0.0375,0.0947265625,1.0,0.0,1.1150716543197632,0.11507165431976318,1.0,0.0,1.0,0.0,1.0,0.0,1.0,0.0,1.0,0.0
0.0375,0.0966796875,1.0,0.0,1.1055567264556885,0.10555672645568848,1.0,0.0,1.0,0.0,1.0,0.0,1.0,0.0,1.0,0.0
0.0375,0.0986328125,1.0,0.0,1.096069097518921,0.0960690975189209,1.0,0.0,1.0,0.0,1.0,0.0,1.0,0.0,1.0,0.0
0.0375,0.1005859375,1.0,0.0,1.0871895551681519,0.08718955516815186,1.0,0.0,1.0,0.0,1.0,0.0,1.0,0.0,1.0,0.0
0.0375,0.1025390625,1.0,0.0,1.079493522644043,0.07949352264404297,1.0,0.0,1.0,0.0,1.0,0.0,1.0,0.0,1.0,0.0
0.0375,0.1044921875,1.0,0.0,1.0734848976135254,0.07348489761352539,1.0,0.0,1.0,0.0,1.0,0.0,1.0,0.0,1.0,0.0
0.0375,0.1064453125,1.0,0.0,1.0695254802703857,0.06952548027038574,1.0,0.0,1.0,0.0,1.0,0.0,1.0,0.0,1.0,0.0
0.0375,0.1083984375,1.0,0.0,1.0677860975265503,0.06778609752655029,1.0,0.0,1.0,0.0,1.0,0.0,1.0,0.0,1.0,0.0
0.0375,0.1103515625,1.0,0.0,1.0682406425476074,0.06824064254760742,1.0,0.0,1.0,0.0,1.0,0.0,1.0,0.0,1.0,0.0
0.0375,0.1123046875,1.0,0.0,1.0706955194473267,0.07069551944732666,1.0,0.0,1.0,0.0,1.0,0.0,1.0,0.0,1.0,0.0
0.0375,0.1142578125,1.0,0.0,1.0748395919799805,0.07483959197998047,1.0,0.0,1.0,0.0,1.0,0.0,1.0,0.0,1.0,0.0
0.0375,0.1162109375,1.0,0.0,1.0802900791168213,0.08029007911682129,1.0,0.0,1.0,0.0,1.0,0.0,1.0,0.0,1.0,0.0
0.0375,0.1181640625,1.0,0.0,1.0866272449493408,0.08662724494934082,1.0,0.0,1.0,0.0,1.0,0.0,1.0,0.0,1.0,0.0
0.0375,0.1201171875,1.0,0.0,1.0934083461761475,0.09340834617614746,1.0,0.0,1.0,0.0,1.0,0.0,1.0,0.0,1.0,0.0
0.0375,0.1220703125,1.0,0.0,1.1001824140548706,0.1001824140548706,1.0,0.0,1.0,0.0,1.0,0.0,1.0,0.0,1.0,0.0
0.0375,0.1240234375,1.0,0.0,1.1065058708190918,0.1065058708190918,1.0,0.0,1.0,0.0,1.0,0.0,1.0,0.0,1.0,0.0
0.0375,0.1259765625,1.0,0.0,1.1119672060012817,0.11196720600128174,1.0,0.0,1.0,0.0,1.0,0.0,1.0,0.0,1.0,0.0
0.0375,0.1279296875,1.0,0.0,1.1162177324295044,0.1162177324295044,1.0,0.0,1.0,0.0,1.0,0.0,1.0,0.0,1.0,0.0
0.0375,0.1298828125,1.0,0.0,1.1189979314804077,0.11899793148040771,1.0,0.0,1.0,0.0,1.0,0.0,1.0,0.0,1.0,0.0
0.0375,0.1318359375,1.0,0.0,1.120150089263916,0.12015008926391602,1.0,0.0,1.0,0.0,1.0,0.0,1.0,0.0,1.0,0.0
0.0375,0.1337890625,1.0,0.0,1.119611382484436,0.11961138248443604,1.0,0.0,1.0,0.0,1.0,0.0,1.0,0.0,1.0,0.0
0.0375,0.1357421875,1.0,0.0,1.1173954010009766,0.11739540100097656,1.0,0.0,1.0,0.0,1.0,0.0,1.0,0.0,1.0,0.0
0.0375,0.1376953125,1.0,0.0,1.1135692596435547,0.11356925964355469,1.0,0.0,1.0,0.0,1.0,0.0,1.0,0.0,1.0,0.0
0.0375,0.1396484375,1.0,0.0,1.1082428693771362,0.10824286937713623,1.0,0.0,1.0,0.0,1.0,0.0,1.0,0.0,1.0,0.0
0.0375,0.1416015625,1.0,0.0,1.1015716791152954,0.10157167911529541,1.0,0.0,1.0,0.0,1.0,0.0,1.0,0.0,1.0,0.0
0.0375,0.1435546875,1.0,0.0,1.0937625169754028,0.09376251697540283,1.0,0.0,1.0,0.0,1.0,0.0,1.0,0.0,1.0,0.0
0.0375,0.1455078125,1.0,0.0,1.0997751951217651,0.09977519512176514,1.0,0.0,1.0,0.0,1.0,0.0,1.0,0.0,1.0,0.0
0.0375,0.1474609375,1.0,0.0,1.1162775754928589,0.11627757549285889,1.0,0.0,1.0,0.0,1.0,0.0,1.0,0.0,1.0,0.0
0.0375,0.1494140625,1.0,0.0,1.1297392845153809,0.12973928451538086,1.0,0.0,1.0,0.0,1.0,0.0,1.0,0.0,1.0,0.0
0.0375,0.1513671875,1.0,0.0,1.1397038698196411,0.1397038698196411,1.0,0.0,1.0,0.0,1.0,0.0,1.0,0.0,1.0,0.0
0.0375,0.1533203125,1.0,0.0,1.1459242105484009,0.14592421054840088,1.0,0.0,1.0,0.0,1.0,0.0,1.0,0.0,1.0,0.0
0.0375,0.1552734375,1.0,0.0,1.1483687162399292,0.1483687162399292,1.0,0.0,1.0,0.0,1.0,0.0,1.0,0.0,1.0,0.0
0.0375,0.1572265625,1.0,0.0,1.1472126245498657,0.14721262454986572,1.0,0.0,1.0,0.0,1.0,0.0,1.0,0.0,1.0,0.0
0.0375,0.1591796875,1.0,0.0,1.1428163051605225,0.14281630516052246,1.0,0.0,1.0,0.0,1.0,0.0,1.0,0.0,1.0,0.0
0.0375,0.1611328125,1.0,0.0,1.1356927156448364,0.13569271564483643,1.0,0.0,1.0,0.0,1.0,0.0,1.0,0.0,1.0,0.0
0.0375,0.1630859375,1.0,0.0,1.1264644861221313,0.12646448612213135,1.0,0.0,1.0,0.0,1.0,0.0,1.0,0.0,1.0,0.0
0.0375,0.1650390625,1.0,0.0,1.1158190965652466,0.11581909656524658,1.0,0.0,1.0,0.0,1.0,0.0,1.0,0.0,1.0,0.0
0.0375,0.1669921875,1.0,0.0,1.1044597625732422,0.10445976257324219,1.0,0.0,1.0,0.0,1.0,0.0,1.0,0.0,1.0,0.0
0.0375,0.1689453125,1.0,0.0,1.0930588245391846,0.09305882453918457,1.0,0.0,1.0,0.0,1.0,0.0,1.0,0.0,1.0,0.0
0.0375,0.1708984375,1.0,0.0,1.082219123840332,0.08221912384033203,1.0,0.0,1.0,0.0,1.0,0.0,1.0,0.0,1.0,0.0
0.0375,0.1728515625,1.0,0.0,1.0724389553070068,0.07243895530700684,1.0,0.0,1.0,0.0,1.0,0.0,1.0,0.0,1.0,0.0
0.0375,0.1748046875,1.0,0.0,1.0640869140625,0.0640869140625,1.0,0.0,1.0,0.0,1.0,0.0,1.0,0.0,1.0,0.0
0.0375,0.1767578125,1.0,0.0,1.057381510734558,0.057381510734558105,1.0,0.0,1.0,0.0,1.0,0.0,1.0,0.0,1.0,0.0
0.0375,0.1787109375,1.0,0.0,1.0523781776428223,0.052378177642822266,1.0,0.0,1.0,0.0,1.0,0.0,1.0,0.0,1.0,0.0
0.0375,0.1806640625,1.0,0.0,1.048960566520691,0.04896056652069092,1.0,0.0,1.0,0.0,1.0,0.0,1.0,0.0,1.0,0.0
0.0375,0.1826171875,1.0,0.0,1.0468449592590332,0.0468449592590332,1.0,0.0,1.0,0.0,1.0,0.0,1.0,0.0,1.0,0.0
0.0375,0.1845703125,1.0,0.0,1.0455965995788574,0.04559659957885742,1.0,0.0,1.0,0.0,1.0,0.0,1.0,0.0,1.0,0.0
0.0375,0.1865234375,1.0,0.0,1.0446631908416748,0.044663190841674805,1.0,0.0,1.0,0.0,1.0,0.0,1.0,0.0,1.0,0.0
0.0375,0.1884765625,1.0,0.0,1.0434212684631348,0.043421268463134766,1.0,0.0,1.0,0.0,1.0,0.0,1.0,0.0,1.0,0.0
0.0375,0.1904296875,1.0,0.0,1.0412373542785645,0.04123735427856445,1.0,0.0,1.0,0.0,1.0,0.0,1.0,0.0,1.0,0.0
0.0375,0.1923828125,1.0,0.0,1.0375306606292725,0.03753066062927246,1.0,0.0,1.0,0.0,1.0,0.0,1.0,0.0,1.0,0.0
0.0375,0.1943359375,1.0,0.0,1.0318377017974854,0.03183770179748535,1.0,0.0,1.0,0.0,1.0,0.0,1.0,0.0,1.0,0.0
0.0375,0.1962890625,1.0,0.0,1.0238738059997559,0.02387380599975586,1.0,0.0,1.0,0.0,1.0,0.0,1.0,0.0,1.0,0.0
0.0375,0.1982421875,1.0,0.0,1.0135738849639893,0.013573884963989258,1.0,0.0,1.0,0.0,1.0,0.0,1.0,0.0,1.0,0.0
0.0375,0.2001953125,1.0,0.0,1.0011063814163208,0.0011063814163208008,1.0,0.0,1.0,0.0,1.0,0.0,1.0,0.0,1.0,0.0
0.0375,0.2021484375,1.0,0.0,0.9868448376655579,0.013155162334442139,1.0,0.0,1.0,0.0,1.0,0.0,1.0,0.0,1.0,0.0
0.0375,0.2041015625,1.0,0.0,0.9713055491447449,0.028694450855255127,1.0,0.0,1.0,0.0,1.0,0.0,1.0,0.0,1.0,0.0
0.0375,0.2060546875,1.0,0.0,0.9550661444664001,0.044933855533599854,1.0,0.0,1.0,0.0,1.0,0.0,1.0,0.0,1.0,0.0
0.0375,0.2080078125,1.0,0.0,0.9386987090110779,0.06130129098892212,1.0,0.0,1.0,0.0,1.0,0.0,1.0,0.0,1.0,0.0
0.0375,0.2099609375,1.0,0.0,0.9227322340011597,0.07726776599884033,1.0,0.0,1.0,0.0,1.0,0.0,1.0,0.0,1.0,0.0
0.0375,0.2119140625,1.0,0.0,0.9076473116874695,0.09235268831253052,1.0,0.0,1.0,0.0,1.0,0.0,1.0,0.0,1.0,0.0
0.0375,0.2138671875,1.0,0.0,0.904532790184021,0.095467209815979,1.0,0.0,1.0,0.0,1.0,0.0,1.0,0.0,1.0,0.0
0.0375,0.2158203125,1.0,0.0,0.9120146036148071,0.08798539638519287,1.0,0.0,1.0,0.0,1.0,0.0,1.0,0.0,1.0,0.0
0.0375,0.2177734375,1.0,0.0,0.921904981136322,0.07809501886367798,1.0,0.0,1.0,0.0,1.0,0.0,1.0,0.0,1.0,0.0
0.0375,0.2197265625,1.0,0.0,0.9340912103652954,0.06590878963470459,1.0,0.0,1.0,0.0,1.0,0.0,1.0,0.0,1.0,0.0
0.0375,0.2216796875,1.0,0.0,0.9483419060707092,0.05165809392929077,1.0,0.0,1.0,0.0,1.0,0.0,1.0,0.0,1.0,0.0
0.0375,0.2236328125,1.0,0.0,0.9642658233642578,0.03573417663574219,1.0,0.0,1.0,0.0,1.0,0.0,1.0,0.0,1.0,0.0
0.0375,0.2255859375,1.0,0.0,0.981280505657196,0.018719494342803955,1.0,0.0,1.0,0.0,1.0,0.0,1.0,0.0,1.0,0.0
0.0375,0.2275390625,1.0,0.0,0.9986026287078857,0.0013973712921142578,1.0,0.0,1.0,0.0,1.0,0.0,1.0,0.0,1.0,0.0
0.0375,0.2294921875,1.0,0.0,1.015267252922058,0.015267252922058105,1.0,0.0,1.0,0.0,1.0,0.0,1.0,0.0,1.0,0.0
0.0375,0.2314453125,1.0,0.0,1.0301828384399414,0.030182838439941406,1.0,0.0,1.0,0.0,1.0,0.0,1.0,0.0,1.0,0.0
0.0375,0.2333984375,1.0,0.0,1.0422251224517822,0.04222512245178223,1.0,0.0,1.0,0.0,1.0,0.0,1.0,0.0,1.0,0.0
0.0375,0.2353515625,1.0,0.0,1.0503618717193604,0.05036187171936035,1.0,0.0,1.0,0.0,1.0,0.0,1.0,0.0,1.0,0.0
0.0375,0.2373046875,1.0,0.0,1.053794026374817,0.053794026374816895,1.0,0.0,1.0,0.0,1.0,0.0,1.0,0.0,1.0,0.0
0.0375,0.2392578125,1.0,0.0,1.0520851612091064,0.052085161209106445,1.0,0.0,1.0,0.0,1.0,0.0,1.0,0.0,1.0,0.0
0.0375,0.2412109375,1.0,0.0,1.0452457666397095,0.04524576663970947,1.0,0.0,1.0,0.0,1.0,0.0,1.0,0.0,1.0,0.0
0.0375,0.2431640625,1.0,0.0,1.03375244140625,0.03375244140625,1.0,0.0,1.0,0.0,1.0,0.0,1.0,0.0,1.0,0.0
0.0375,0.2451171875,1.0,0.0,1.0184834003448486,0.018483400344848633,1.0,0.0,1.0,0.0,1.0,0.0,1.0,0.0,1.0,0.0
0.0375,0.2470703125,1.0,0.0,1.000590205192566,0.000590205192565918,1.0,0.0,1.0,0.0,1.0,0.0,1.0,0.0,1.0,0.0
0.0375,0.2490234375,1.0,0.0,0.9813359975814819,0.018664002418518066,1.0,0.0,1.0,0.0,1.0,0.0,1.0,0.0,1.0,0.0
0.0375,0.2509765625,1.0,0.0,0.9619369506835938,0.03806304931640625,1.0,0.0,1.0,0.0,1.0,0.0,1.0,0.0,1.0,0.0
0.0375,0.2529296875,1.0,0.0,0.943444013595581,0.056555986404418945,1.0,0.0,1.0,0.0,1.0,0.0,1.0,0.0,1.0,0.0
0.0375,0.2548828125,1.0,0.0,0.9266775846481323,0.07332241535186768,1.0,0.0,1.0,0.0,1.0,0.0,1.0,0.0,1.0,0.0
0.0375,0.2568359375,1.0,0.0,0.9122145771980286,0.08778542280197144,1.0,0.0,1.0,0.0,1.0,0.0,1.0,0.0,1.0,0.0
0.0375,0.2587890625,1.0,0.0,0.900412917137146,0.099587082862854,1.0,0.0,1.0,0.0,1.0,0.0,1.0,0.0,1.0,0.0
0.0375,0.2607421875,1.0,0.0,0.8914574980735779,0.10854250192642212,1.0,0.0,1.0,0.0,1.0,0.0,1.0,0.0,1.0,0.0
0.0375,0.2626953125,1.0,0.0,0.8854073286056519,0.11459267139434814,1.0,0.0,1.0,0.0,1.0,0.0,1.0,0.0,1.0,0.0
0.0375,0.2646484375,1.0,0.0,0.8822305202484131,0.11776947975158691,1.0,0.0,1.0,0.0,1.0,0.0,1.0,0.0,1.0,0.0
0.0375,0.2666015625,1.0,0.0,0.88182133436203,0.11817866563796997,1.0,0.0,1.0,0.0,1.0,0.0,1.0,0.0,1.0,0.0
0.0375,0.2685546875,1.0,0.0,0.8839983344078064,0.1160016655921936,1.0,0.0,1.0,0.0,1.0,0.0,1.0,0.0,1.0,0.0
0.0375,0.2705078125,1.0,0.0,0.8884928226470947,0.11150717735290527,1.0,0.0,1.0,0.0,1.0,0.0,1.0,0.0,1.0,0.0
0.0375,0.2724609375,1.0,0.0,0.8949360847473145,0.10506391525268555,1.0,0.0,1.0,0.0,1.0,0.0,1.0,0.0,1.0,0.0
0.0375,0.2744140625,1.0,0.0,0.9028635025024414,0.0971364974975586,1.0,0.0,1.0,0.0,1.0,0.0,1.0,0.0,1.0,0.0
0.0375,0.2763671875,1.0,0.0,0.9117341637611389,0.08826583623886108,1.0,0.0,1.0,0.0,1.0,0.0,1.0,0.0,1.0,0.0
0.0375,0.2783203125,1.0,0.0,0.9209756255149841,0.07902437448501587,1.0,0.0,1.0,0.0,1.0,0.0,1.0,0.0,1.0,0.0
0.0375,0.2802734375,1.0,0.0,0.9300397634506226,0.06996023654937744,1.0,0.0,1.0,0.0,1.0,0.0,1.0,0.0,1.0,0.0
0.0375,0.2822265625,1.0,0.0,0.9384661316871643,0.06153386831283569,1.0,0.0,1.0,0.0,1.0,0.0,1.0,0.0,1.0,0.0
0.0375,0.2841796875,1.0,0.0,0.9412136673927307,0.05878633260726929,1.0,0.0,1.0,0.0,1.0,0.0,1.0,0.0,1.0,0.0
0.0375,0.2861328125,1.0,0.0,0.9439767003059387,0.05602329969406128,1.0,0.0,1.0,0.0,1.0,0.0,1.0,0.0,1.0,0.0
0.0375,0.2880859375,1.0,0.0,0.9475221633911133,0.05247783660888672,1.0,0.0,1.0,0.0,1.0,0.0,1.0,0.0,1.0,0.0
0.0375,0.2900390625,1.0,0.0,0.9515497088432312,0.0484502911567688,1.0,0.0,1.0,0.0,1.0,0.0,1.0,0.0,1.0,0.0
0.0375,0.2919921875,1.0,0.0,0.9557616114616394,0.044238388538360596,1.0,0.0,1.0,0.0,1.0,0.0,1.0,0.0,1.0,0.0
0.0375,0.2939453125,1.0,0.0,0.959881603717804,0.040118396282196045,1.0,0.0,1.0,0.0,1.0,0.0,1.0,0.0,1.0,0.0
0.0375,0.2958984375,1.0,0.0,0.9636691212654114,0.03633087873458862,1.0,0.0,1.0,0.0,1.0,0.0,1.0,0.0,1.0,0.0
0.0375,0.2978515625,1.0,0.0,0.9669293165206909,0.03307068347930908,1.0,0.0,1.0,0.0,1.0,0.0,1.0,0.0,1.0,0.0
0.0375,0.2998046875,1.0,0.0,0.9695217609405518,0.030478239059448242,1.0,0.0,1.0,0.0,1.0,0.0,1.0,0.0,1.0,0.0
0.0375,0.3017578125,1.0,0.0,0.9713680148124695,0.028631985187530518,1.0,0.0,1.0,0.0,1.0,0.0,1.0,0.0,1.0,0.0
0.0375,0.3037109375,1.0,0.0,0.9724568724632263,0.02754312753677368,1.0,0.0,1.0,0.0,1.0,0.0,1.0,0.0,1.0,0.0
0.0375,0.3056640625,1.0,0.0,0.972847044467926,0.027152955532073975,1.0,0.0,1.0,0.0,1.0,0.0,1.0,0.0,1.0,0.0
0.0375,0.3076171875,1.0,0.0,0.9726603031158447,0.027339696884155273,1.0,0.0,1.0,0.0,1.0,0.0,1.0,0.0,1.0,0.0
0.0375,0.3095703125,1.0,0.0,0.9720636606216431,0.027936339378356934,1.0,0.0,1.0,0.0,1.0,0.0,1.0,0.0,1.0,0.0
0.0375,0.3115234375,1.0,0.0,0.9712454080581665,0.028754591941833496,1.0,0.0,1.0,0.0,1.0,0.0,1.0,0.0,1.0,0.0
0.0375,0.3134765625,1.0,0.0,0.9703861474990845,0.029613852500915527,1.0,0.0,1.0,0.0,1.0,0.0,1.0,0.0,1.0,0.0
0.0375,0.3154296875,1.0,0.0,0.969635009765625,0.030364990234375,1.0,0.0,1.0,0.0,1.0,0.0,1.0,0.0,1.0,0.0
0.0375,0.3173828125,1.0,0.0,0.9690936803817749,0.030906319618225098,1.0,0.0,1.0,0.0,1.0,0.0,1.0,0.0,1.0,0.0
0.0375,0.3193359375,1.0,0.0,0.9688122868537903,0.031187713146209717,1.0,0.0,1.0,0.0,1.0,0.0,1.0,0.0,1.0,0.0
0.0375,0.3212890625,1.0,0.0,0.9687952399253845,0.03120476007461548,1.0,0.0,1.0,0.0,1.0,0.0,1.0,0.0,1.0,0.0
0.0375,0.3232421875,1.0,0.0,0.9690173864364624,0.030982613563537598,1.0,0.0,1.0,0.0,1.0,0.0,1.0,0.0,1.0,0.0
0.0375,0.3251953125,1.0,0.0,0.9694424271583557,0.030557572841644287,1.0,0.0,1.0,0.0,1.0,0.0,1.0,0.0,1.0,0.0
0.0375,0.3271484375,1.0,0.0,0.9700435400009155,0.029956459999084473,1.0,0.0,1.0,0.0,1.0,0.0,1.0,0.0,1.0,0.0
0.0375,0.3291015625,1.0,0.0,0.9691579341888428,0.030842065811157227,1.0,0.0,1.0,0.0,1.0,0.0,1.0,0.0,1.0,0.0
0.0375,0.3310546875,1.0,0.0,0.9661657810211182,0.033834218978881836,1.0,0.0,1.0,0.0,1.0,0.0,1.0,0.0,1.0,0.0
0.0375,0.3330078125,1.0,0.0,0.9633220434188843,0.03667795658111572,1.0,0.0,1.0,0.0,1.0,0.0,1.0,0.0,1.0,0.0
0.0375,0.3349609375,1.0,0.0,0.9608590006828308,0.03914099931716919,1.0,0.0,1.0,0.0,1.0,0.0,1.0,0.0,1.0,0.0
0.0375,0.3369140625,1.0,0.0,0.9589633941650391,0.04103660583496094,1.0,0.0,1.0,0.0,1.0,0.0,1.0,0.0,1.0,0.0
0.0375,0.3388671875,1.0,0.0,0.9577744603157043,0.042225539684295654,1.0,0.0,1.0,0.0,1.0,0.0,1.0,0.0,1.0,0.0
0.0375,0.3408203125,1.0,0.0,0.9574047327041626,0.0425952672958374,1.0,0.0,1.0,0.0,1.0,0.0,1.0,0.0,1.0,0.0
0.0375,0.3427734375,1.0,0.0,0.9579789638519287,0.04202103614807129,1.0,0.0,1.0,0.0,1.0,0.0,1.0,0.0,1.0,0.0
0.0375,0.3447265625,1.0,0.0,0.9596712589263916,0.0403287410736084,1.0,0.0,1.0,0.0,1.0,0.0,1.0,0.0,1.0,0.0
0.0375,0.3466796875,1.0,0.0,0.9627276659011841,0.03727233409881592,1.0,0.0,1.0,0.0,1.0,0.0,1.0,0.0,1.0,0.0
0.0375,0.3486328125,1.0,0.0,0.9674463868141174,0.03255361318588257,1.0,0.0,1.0,0.0,1.0,0.0,1.0,0.0,1.0,0.0
0.0375,0.3505859375,1.0,0.0,0.9741089344024658,0.02589106559753418,1.0,0.0,1.0,0.0,1.0,0.0,1.0,0.0,1.0,0.0
0.0375,0.3525390625,1.0,0.0,0.9804044961929321,0.01959550380706787,1.0,0.0,1.0,0.0,1.0,0.0,1.0,0.0,1.0,0.0
0.0375,0.3544921875,1.0,0.0,0.9785452485084534,0.02145475149154663,1.0,0.0,1.0,0.0,1.0,0.0,1.0,0.0,1.0,0.0
0.0375,0.3564453125,1.0,0.0,0.976746678352356,0.023253321647644043,1.0,0.0,1.0,0.0,1.0,0.0,1.0,0.0,1.0,0.0
0.0375,0.3583984375,1.0,0.0,0.9753265976905823,0.024673402309417725,1.0,0.0,1.0,0.0,1.0,0.0,1.0,0.0,1.0,0.0
0.0375,0.3603515625,1.0,0.0,0.9745349287986755,0.025465071201324463,1.0,0.0,1.0,0.0,1.0,0.0,1.0,0.0,1.0,0.0
0.0375,0.3623046875,1.0,0.0,0.9745243787765503,0.025475621223449707,1.0,0.0,1.0,0.0,1.0,0.0,1.0,0.0,1.0,0.0
0.0375,0.3642578125,1.0,0.0,0.9753443598747253,0.024655640125274658,1.0,0.0,1.0,0.0,1.0,0.0,1.0,0.0,1.0,0.0
0.0375,0.3662109375,1.0,0.0,0.9769547581672668,0.023045241832733154,1.0,0.0,1.0,0.0,1.0,0.0,1.0,0.0,1.0,0.0
0.0375,0.3681640625,1.0,0.0,0.9792446494102478,0.020755350589752197,1.0,0.0,1.0,0.0,1.0,0.0,1.0,0.0,1.0,0.0
0.0375,0.3701171875,1.0,0.0,0.9820533394813538,0.01794666051864624,1.0,0.0,1.0,0.0,1.0,0.0,1.0,0.0,1.0,0.0
0.0375,0.3720703125,1.0,0.0,0.9851883053779602,0.014811694622039795,1.0,0.0,1.0,0.0,1.0,0.0,1.0,0.0,1.0,0.0
0.0375,0.3740234375,1.0,0.0,0.9884445667266846,0.01155543327331543,1.0,0.0,1.0,0.0,1.0,0.0,1.0,0.0,1.0,0.0
0.0375,0.3759765625,1.0,0.0,0.9916282892227173,0.008371710777282715,1.0,0.0,1.0,0.0,1.0,0.0,1.0,0.0,1.0,0.0
0.0375,0.3779296875,1.0,0.0,0.9945823550224304,0.00541764497756958,1.0,0.0,1.0,0.0,1.0,0.0,1.0,0.0,1.0,0.0
0.0375,0.3798828125,1.0,0.0,0.9811370968818665,0.018862903118133545,1.0,0.0,1.0,0.0,1.0,0.0,1.0,0.0,1.0,0.0
0.0375,0.3818359375,1.0,0.0,0.9759353995323181,0.024064600467681885,1.0,0.0,1.0,0.0,1.0,0.0,1.0,0.0,1.0,0.0
0.0375,0.3837890625,1.0,0.0,0.9710456132888794,0.028954386711120605,1.0,0.0,1.0,0.0,1.0,0.0,1.0,0.0,1.0,0.0
0.0375,0.3857421875,1.0,0.0,0.9648224115371704,0.03517758846282959,1.0,0.0,1.0,0.0,1.0,0.0,1.0,0.0,1.0,0.0
0.0375,0.3876953125,1.0,0.0,0.9577403664588928,0.04225963354110718,1.0,0.0,1.0,0.0,1.0,0.0,1.0,0.0,1.0,0.0
0.0375,0.3896484375,1.0,0.0,0.9503048062324524,0.04969519376754761,1.0,0.0,1.0,0.0,1.0,0.0,1.0,0.0,1.0,0.0
0.0375,0.3916015625,1.0,0.0,0.9430167078971863,0.05698329210281372,1.0,0.0,1.0,0.0,1.0,0.0,1.0,0.0,1.0,0.0
0.0375,0.3935546875,1.0,0.0,0.936339795589447,0.06366020441055298,1.0,0.0,1.0,0.0,1.0,0.0,1.0,0.0,1.0,0.0
0.0375,0.3955078125,1.0,0.0,0.9306703209877014,0.06932967901229858,1.0,0.0,1.0,0.0,1.0,0.0,1.0,0.0,1.0,0.0
0.0375,0.3974609375,1.0,0.0,0.9263153672218323,0.07368463277816772,1.0,0.0,1.0,0.0,1.0,0.0,1.0,0.0,1.0,0.0
0.0375,0.3994140625,1.0,0.0,0.9234848618507385,0.07651513814926147,1.0,0.0,1.0,0.0,1.0,0.0,1.0,0.0,1.0,0.0
0.0375,0.4013671875,1.0,0.0,0.9222907423973083,0.07770925760269165,1.0,0.0,1.0,0.0,1.0,0.0,1.0,0.0,1.0,0.0
0.0375,0.4033203125,1.0,0.0,0.9227558374404907,0.07724416255950928,1.0,0.0,1.0,0.0,1.0,0.0,1.0,0.0,1.0,0.0
0.0375,0.4052734375,1.0,0.0,0.9248234033584595,0.07517659664154053,1.0,0.0,1.0,0.0,1.0,0.0,1.0,0.0,1.0,0.0
0.0375,0.4072265625,1.0,0.0,0.9283597469329834,0.0716402530670166,1.0,0.0,1.0,0.0,1.0,0.0,1.0,0.0,1.0,0.0
0.0375,0.4091796875,1.0,0.0,0.9331536293029785,0.06684637069702148,1.0,0.0,1.0,0.0,1.0,0.0,1.0,0.0,1.0,0.0
0.0375,0.4111328125,1.0,0.0,0.9389154314994812,0.0610845685005188,1.0,0.0,1.0,0.0,1.0,0.0,1.0,0.0,1.0,0.0
0.0375,0.4130859375,1.0,0.0,0.9452767968177795,0.05472320318222046,1.0,0.0,1.0,0.0,1.0,0.0,1.0,0.0,1.0,0.0
0.0375,0.4150390625,1.0,0.0,0.9518088698387146,0.0481911301612854,1.0,0.0,1.0,0.0,1.0,0.0,1.0,0.0,1.0,0.0
0.0375,0.4169921875,1.0,0.0,0.9580554962158203,0.04194450378417969,1.0,0.0,1.0,0.0,1.0,0.0,1.0,0.0,1.0,0.0
0.0375,0.4189453125,1.0,0.0,0.9635864496231079,0.03641355037689209,1.0,0.0,1.0,0.0,1.0,0.0,1.0,0.0,1.0,0.0
0.0375,0.4208984375,1.0,0.0,0.9680648446083069,0.031935155391693115,1.0,0.0,1.0,0.0,1.0,0.0,1.0,0.0,1.0,0.0
0.0375,0.4228515625,1.0,0.0,0.9713091254234314,0.028690874576568604,1.0,0.0,1.0,0.0,1.0,0.0,1.0,0.0,1.0,0.0
0.0375,0.4248046875,1.0,0.0,0.9733372330665588,0.026662766933441162,1.0,0.0,1.0,0.0,1.0,0.0,1.0,0.0,1.0,0.0
0.0375,0.4267578125,1.0,0.0,0.9743713140487671,0.02562868595123291,1.0,0.0,1.0,0.0,1.0,0.0,1.0,0.0,1.0,0.0
0.0375,0.4287109375,1.0,0.0,0.9748011827468872,0.025198817253112793,1.0,0.0,1.0,0.0,1.0,0.0,1.0,0.0,1.0,0.0
0.0375,0.4306640625,1.0,0.0,0.9751126766204834,0.0248873233795166,1.0,0.0,1.0,0.0,1.0,0.0,1.0,0.0,1.0,0.0
0.0375,0.4326171875,1.0,0.0,0.9757987856864929,0.02420121431350708,1.0,0.0,1.0,0.0,1.0,0.0,1.0,0.0,1.0,0.0
0.0375,0.4345703125,1.0,0.0,0.9772796034812927,0.022720396518707275,1.0,0.0,1.0,0.0,1.0,0.0,1.0,0.0,1.0,0.0
0.0375,0.4365234375,1.0,0.0,0.9798458814620972,0.020154118537902832,1.0,0.0,1.0,0.0,1.0,0.0,1.0,0.0,1.0,0.0
0.0375,0.4384765625,1.0,0.0,0.9836390018463135,0.016360998153686523,1.0,0.0,1.0,0.0,1.0,0.0,1.0,0.0,1.0,0.0
0.0375,0.4404296875,1.0,0.0,0.9886595606803894,0.011340439319610596,1.0,0.0,1.0,0.0,1.0,0.0,1.0,0.0,1.0,0.0
0.0375,0.4423828125,1.0,0.0,0.9875208139419556,0.012479186058044434,1.0,0.0,1.0,0.0,1.0,0.0,1.0,0.0,1.0,0.0
0.0375,0.4443359375,1.0,0.0,0.9865394234657288,0.01346057653427124,1.0,0.0,1.0,0.0,1.0,0.0,1.0,0.0,1.0,0.0
0.0375,0.4462890625,1.0,0.31430651343910604,0.9872443675994873,0.012755632400512695,1.0,0.0,1.0,0.0,1.0,0.0,1.0,0.0,1.0,0.0
0.0375,0.4482421875,1.0,0.31430651343910604,0.9892414212226868,0.010758578777313232,1.0,0.0,1.0,0.0,1.0,0.0,1.0,0.0,1.0,0.0
0.0375,0.4501953125,1.0,0.31430651343910604,0.9919994473457336,0.008000552654266357,1.0,0.0,1.0,0.0,1.0,0.0,1.0,0.0,1.0,0.0
0.0375,0.4521484375,1.0,0.31430651343910604,0.994936466217041,0.005063533782958984,1.0,0.0,1.0,0.0,1.0,0.0,1.0,0.0,1.0,0.0
0.0375,0.4541015625,1.0,0.2947530536954468,0.9975249767303467,0.0024750232696533203,1.0883279881472274,0.08832798814722742,1.022081997036807,0.02208199703680691,1.0220121414332637,0.022012141433263688,1.0192745511383552,0.01927455113835519,1.0,0.0
0.0375,0.4560546875,1.0,0.2947530536954468,0.9993892908096313,0.0006107091903686523,1.0883279881472274,0.08832798814722742,1.0662459911104205,0.06624599111042051,1.0658522313590495,0.0658522313590495,1.0504210730953836,0.05042107309538357,1.0,0.0
0.0375,0.4580078125,1.0,0.2947530536954468,1.0003788471221924,0.0003788471221923828,1.0883279881472274,0.08832798814722742,1.1104099851840343,0.11040998518403433,1.1096923212848357,0.10969232128483575,1.0815675950524122,0.08156759505241218,1.0,0.0
0.0375,0.4599609375,1.0,0.2947530536954468,1.00059974193573,0.0005997419357299805,1.0883279881472274,0.08832798814722742,1.154573979257648,0.15457397925764793,1.1557552585117608,0.15575525851176075,1.2020487333027587,0.20204873330275874,1.012045953347758,0.012045953347757932
0.0375,0.4619140625,1.0,0.01212352306349601,1.0003926753997803,0.00039267539978027344,1.4116195678909176,0.4116195678909176,1.3203702265943555,0.32037022659435554,1.3203354340687479,0.32033543406874787,1.3167492458759413,0.31674924587594133,1.2158896160521855,0.21588961605218548
0.0375,0.4638671875,1.6019442880567492,0.01212352306349601,1.0002599954605103,0.6016842925962389,1.4116195678909176,0.19032472016583157,1.3812031207920636,0.2207411672646855,1.381193228086658,0.22075105997009126,1.3801735520872553,0.22177073596949382,1.5181726648460863,0.0837716232106629
0.0375,0.4658203125,1.6019442880567492,0.01212352306349601,1.000748634338379,0.6011956537183702,1.4116195678909176,0.19032472016583157,1.4420360149897715,0.15990827306697764,1.4420619008167197,0.15988238724002946,1.4447300441992954,0.15721424385745375,1.5654336098375796,0.036510678219169534
0.0375,0.4677734375,1.6019442880567492,0.01212352306349601,1.0023164749145508,0.5996278131421984,1.4116195678909176,0.19032472016583157,1.5028689091874796,0.09907537886926954,1.5028877085915446,0.09905657946520452,1.5048254294011785,0.09711885865557068,1.6096794342936978,0.007735146236948598
0.0375,0.4697265625,1.6019442880567492,0.0013205939173587006,1.0052250623703003,0.5967192256864489,1.574991141728891,0.026953146327858057,1.574991141728891,0.026953146327858057,1.574991141728891,0.026953146327858057,1.574991141728891,0.026953146327858057,1.6201345075156608,0.01819021945891164
0.0375,0.4716796875,1.6019442880567492,0.0013205939173587006,1.0094938278198242,0.5924504602369249,1.574991141728891,0.026953146327858057,1.574991141728891,0.026953146327858057,1.574991141728891,0.026953146327858057,1.574991141728891,0.026953146327858057,1.6027849861638517,0.0008406981071025221
0.0375,0.4736328125,1.6019442880567492,0.0013205939173587006,1.0149389505386353,0.5870053375181139,1.574991141728891,0.026953146327858057,1.574991141728891,0.026953146327858057,1.574991141728891,0.026953146327858057,1.574991141728891,0.026953146327858057,1.5908347915673702,0.011109496489378978
0.0375,0.4755859375,1.6019442880567492,0.0013205939173587006,1.0212820768356323,0.5806622112211168,1.574991141728891,0.026953146327858057,1.574991141728891,0.026953146327858057,1.574991141728891,0.026953146327858057,1.574991141728891,0.026953146327858057,1.596874599102883,0.005069688953866169
0.0375,0.4775390625,1.6019442880567492,0.0002914873783209248,1.0283981561660767,0.5735461318906725,1.6425547985341167,0.04061051047736752,1.6425547985341167,0.04061051047736752,1.6425547985341167,0.04061051047736752,1.6425547985341167,0.04061051047736752,1.60637052115728,0.0044262331005309186
0.0375,0.4794921875,1.6019442880567492,0.0002914873783209248,1.0395106077194214,0.5624336803373278,1.6425547985341167,0.04061051047736752,1.6425547985341167,0.04061051047736752,1.6425547985341167,0.04061051047736752,1.6425547985341167,0.04061051047736752,1.605363031134949,0.003418743078199782
0.0375,0.4814453125,1.6019442880567492,0.0002914873783209248,1.0528004169464111,0.549143871110338,1.6425547985341167,0.04061051047736752,1.6425547985341167,0.04061051047736752,1.6425547985341167,0.04061051047736752,1.6425547985341167,0.04061051047736752,1.599765427439149,0.002178860617600087
0.0375,0.4833984375,1.6019442880567492,0.0002914873783209248,1.0682728290557861,0.533671459000963,1.6425547985341167,0.04061051047736752,1.6425547985341167,0.04061051047736752,1.6425547985341167,0.04061051047736752,1.6425547985341167,0.04061051047736752,1.5980758703257147,0.0038684177310344126
0.0375,0.4853515625,1.6019442880567492,0.018889137475972526,1.0858670473098755,0.5160772407468737,1.6109350517827767,0.008990763726027584,1.6109350517827767,0.008990763726027584,1.6109350517827767,0.008990763726027584,1.6109350517827767,0.008990763726027584,1.5999924329283637,0.0019518551283854713
0.0375,0.4873046875,1.6019442880567492,0.018889137475972526,1.1054797172546387,0.4964645708021105,1.6109350517827767,0.008990763726027584,1.6109350517827767,0.008990763726027584,1.6109350517827767,0.008990763726027584,1.6109350517827767,0.008990763726027584,1.6019319630542912,1.2325002457957979e-05
0.0375,0.4892578125,1.6019442880567492,0.018889137475972526,1.1269692182540894,0.4749750698026598,1.6109350517827767,0.008990763726027584,1.6109350517827767,0.008990763726027584,1.6109350517827767,0.008990763726027584,1.6109350517827767,0.008990763726027584,1.6008039022806955,0.0011403857760536873
0.0375,0.4912109375,1.6019442880567492,0.018889137475972526,1.1501344442367554,0.4518098438199938,1.6109350517827767,0.008990763726027584,1.6109350517827767,0.008990763726027584,1.6109350517827767,0.008990763726027584,1.6109350517827767,0.008990763726027584,1.5995976919819503,0.0023465960747988124
0.0375,0.4931640625,1.6019442880567492,0.001426656367667003,1.1746903657913208,0.42725392226542835,1.5515714519160513,0.050372836140697874,1.5515714519160513,0.050372836140697874,1.5515714519160513,0.050372836140697874,1.5515714519160513,0.050372836140697874,1.5999124907537632,0.0020317973029859715
0.0375,0.4951171875,1.6019442880567492,0.001426656367667003,1.2002577781677246,0.40168650988902455,1.5515714519160513,0.050372836140697874,1.5515714519160513,0.050372836140697874,1.5515714519160513,0.050372836140697874,1.5515714519160513,0.050372836140697874,1.6003155575892012,0.0016287304675479675
0.0375,0.4970703125,1.6019442880567492,0.001426656367667003,1.226379632949829,0.37556465510692005,1.5515714519160513,0.050372836140697874,1.5515714519160513,0.050372836140697874,1.5515714519160513,0.050372836140697874,1.5515714519160513,0.050372836140697874,1.598969560959607,0.0029747270971420825
0.0375,0.4990234375,1.6019442880567492,0.001426656367667003,1.2525657415390015,0.3493785465177477,1.5515714519160513,0.050372836140697874,1.5515714519160513,0.050372836140697874,1.5515714519160513,0.050372836140697874,1.5515714519160513,0.050372836140697874,1.577051387667729,0.024892900389020145
0.0375,0.5009765625,1.6019442880567492,0.00020871332963760586,1.5959526300430298,0.00599165801371937,1.5515714519160517,0.05037283614069743,1.5515714519160517,0.05037283614069743,1.5515714519160517,0.05037283614069743,1.5515714519160517,0.05037283614069743,1.5770513876677301,0.024892900389019035
0.0375,0.5029296875,1.6019442880567492,0.00020871332963760586,1.6140116453170776,0.012067357260328482,1.5515714519160517,0.05037283614069743,1.5515714519160517,0.05037283614069743,1.5515714519160517,0.05037283614069743,1.5515714519160517,0.05037283614069743,1.5989695609596009,0.0029747270971482997
0.0375,0.5048828125,1.6019442880567492,0.00020871332963760586,1.6293741464614868,0.02742985840473766,1.5515714519160517,0.05037283614069743,1.5515714519160517,0.05037283614069743,1.5515714519160517,0.05037283614069743,1.5515714519160517,0.05037283614069743,1.6003155575891956,0.0016287304675535186
0.0375,0.5068359375,1.6019442880567492,0.00020871332963760586,1.6419569253921509,0.040012637335401724,1.5515714519160517,0.05037283614069743,1.5515714519160517,0.05037283614069743,1.5515714519160517,0.05037283614069743,1.5515714519160517,0.05037283614069743,1.5999124907537656,0.002031797302983529
0.0375,0.5087890625,1.6019442880567492,0.015762922296248948,1.6517033576965332,0.04975906963978405,1.6109350517827767,0.008990763726027584,1.6109350517827767,0.008990763726027584,1.6109350517827767,0.008990763726027584,1.6109350517827767,0.008990763726027584,1.5995976919819477,0.002346596074801477
0.0375,0.5107421875,1.6019442880567492,0.015762922296248948,1.658653736114502,0.0567094480577528,1.6109350517827767,0.008990763726027584,1.6109350517827767,0.008990763726027584,1.6109350517827767,0.008990763726027584,1.6109350517827767,0.008990763726027584,1.6008039022806955,0.0011403857760536873
0.0375,0.5126953125,1.6019442880567492,0.015762922296248948,1.6630178689956665,0.06107358093891735,1.6109350517827767,0.008990763726027584,1.6109350517827767,0.008990763726027584,1.6109350517827767,0.008990763726027584,1.6109350517827767,0.008990763726027584,1.6019319630542923,1.2325002456847756e-05
0.0375,0.5146484375,1.6019442880567492,0.015762922296248948,1.6652231216430664,0.06327883358631725,1.6109350517827767,0.008990763726027584,1.6109350517827767,0.008990763726027584,1.6109350517827767,0.008990763726027584,1.6109350517827767,0.008990763726027584,1.5999924329283657,0.0019518551283834729
0.0375,0.5166015625,1.6019442880567492,0.0016182184045735936,1.6659213304519653,0.06397704239521618,1.642554798534116,0.04061051047736686,1.642554798534116,0.04061051047736686,1.642554798534116,0.04061051047736686,1.642554798534116,0.04061051047736686,1.5980758703257159,0.0038684177310333023
0.0375,0.5185546875,1.6019442880567492,0.0016182184045735936,1.6659352779388428,0.06399098988209362,1.642554798534116,0.04061051047736686,1.642554798534116,0.04061051047736686,1.642554798534116,0.04061051047736686,1.642554798534116,0.04061051047736686,1.5997654274391486,0.002178860617600531
0.0375,0.5205078125,1.6019442880567492,0.0016182184045735936,1.6661533117294312,0.064209023672682,1.642554798534116,0.04061051047736686,1.642554798534116,0.04061051047736686,1.642554798534116,0.04061051047736686,1.642554798534116,0.04061051047736686,1.605363031134948,0.0034187430781988937
0.0375,0.5224609375,1.6019442880567492,0.0016182184045735936,1.667392611503601,0.06544832344685192,1.642554798534116,0.04061051047736686,1.642554798534116,0.04061051047736686,1.642554798534116,0.04061051047736686,1.642554798534116,0.04061051047736686,1.6063705211572794,0.004426233100530252
0.0375,0.5244140625,1.6019442880567492,0.0005067677021132456,1.6579846143722534,0.05604032631550426,1.5749911417288907,0.0269531463278585,1.5749911417288907,0.0269531463278585,1.5749911417288907,0.0269531463278585,1.5749911417288907,0.0269531463278585,1.5968745991028857,0.005069688953863505
0.0375,0.5263671875,1.6019442880567492,0.0005067677021132456,1.6330020427703857,0.031057754713636587,1.5749911417288907,0.0269531463278585,1.5749911417288907,0.0269531463278585,1.5749911417288907,0.0269531463278585,1.5749911417288907,0.0269531463278585,1.5908347915673695,0.011109496489379644
0.0375,0.5283203125,1.6019442880567492,0.0005067677021132456,1.607372522354126,0.005428234297376822,1.5749911417288907,0.0269531463278585,1.5749911417288907,0.0269531463278585,1.5749911417288907,0.0269531463278585,1.5749911417288907,0.0269531463278585,1.6027849861638517,0.0008406981071025221
0.0375,0.5302734375,1.6019442880567492,0.0005067677021132456,1.5825763940811157,0.019367893975633432,1.5749911417288907,0.0269531463278585,1.5749911417288907,0.0269531463278585,1.5749911417288907,0.0269531463278585,1.5749911417288907,0.0269531463278585,1.6201345075156608,0.01819021945891164
0.0375,0.5322265625,1.6019442880567492,0.22811833270747753,1.559996485710144,0.04194780234660511,1.4116195678909176,0.19032472016583157,1.5028689091874794,0.09907537886926976,1.5028691796308868,0.09907510842586231,1.539683136101544,0.06226115195520521,1.6096794342936984,0.007735146236949264
0.0375,0.5341796875,1.6019442880567492,0.22811833270747753,1.540684461593628,0.061259826463121225,1.4116195678909176,0.19032472016583157,1.4420360149897715,0.15990827306697764,1.442036387376642,0.15990790068010718,1.4927273403019876,0.10921694775476154,1.5654336098375796,0.036510678219169534
0.0375,0.5361328125,1.6019442880567492,0.22811833270747753,1.5251431465148926,0.07680114154185658,1.4116195678909176,0.19032472016583157,1.3812031207920636,0.2207411672646855,1.3812029784781397,0.2207413095786095,1.3618305757720555,0.2401137122846937,1.5181726648460863,0.0837716232106629
0.0375,0.5380859375,1.0,0.22811833270747753,1.5131651163101196,0.5131651163101196,1.4116195678909176,0.4116195678909176,1.3203702265943558,0.32037022659435577,1.3203697260780016,0.3203697260780016,1.2522372193880833,0.2522372193880833,1.2158896160521864,0.21588961605218637
0.0375,0.5400390625,1.0,0.003931438954621493,1.5037615299224854,0.5037615299224854,1.0883279881472274,0.08832798814722742,1.154573979257648,0.15457397925764793,1.1545739969993667,0.1545739969993667,1.1552072011872394,0.1552072011872394,1.012045953347758,0.012045953347757932
0.0375,0.5419921875,1.0,0.003931438954621493,1.4952291250228882,0.4952291250228882,1.0883279881472274,0.08832798814722742,1.1104099851840343,0.11040998518403433,1.1104099744053881,0.11040997440538813,1.110025283160811,0.11002528316081106,1.0,0.0
0.0375,0.5439453125,1.0,0.003931438954621493,1.4853980541229248,0.4853980541229248,1.0883279881472274,0.08832798814722742,1.0662459911104205,0.06624599111042051,1.0662459851965143,0.06624598519651426,1.06603491713389,0.06603491713389009,1.0,0.0
0.0375,0.5458984375,1.0,0.003931438954621493,1.4720741510391235,0.47207415103912354,1.0883279881472274,0.08832798814722742,1.022081997036807,0.02208199703680691,1.0220819959876406,0.0220819959876406,1.0220445511069691,0.022044551106969124,1.0,0.0
0.0375,0.5478515625,1.0,9.709922139569612e-06,1.453585147857666,0.453585147857666,1.0,0.0,1.0,0.0,1.0,0.0,1.0,0.0,1.0,0.0
0.0375,0.5498046875,1.0,9.709922139569612e-06,1.4292612075805664,0.4292612075805664,1.0,0.0,1.0,0.0,1.0,0.0,1.0,0.0,1.0,0.0
0.0375,0.5517578125,1.0,9.709922139569612e-06,1.3996400833129883,0.3996400833129883,1.0,0.0,1.0,0.0,1.0,0.0,1.0,0.0,1.0,0.0
0.0375,0.5537109375,1.0,9.709922139569612e-06,1.387407898902893,0.38740789890289307,1.0,0.0,1.0,0.0,1.0,0.0,1.0,0.0,1.0,0.0
0.0375,0.5556640625,1.0,0.0,1.389217495918274,0.3892174959182739,1.0,0.0,1.0,0.0,1.0,0.0,1.0,0.0,1.0,0.0
0.0375,0.5576171875,1.0,0.0,1.3891843557357788,0.3891843557357788,1.0,0.0,1.0,0.0,1.0,0.0,1.0,0.0,1.0,0.0
0.0375,0.5595703125,1.0,0.0,1.3877099752426147,0.38770997524261475,1.0,0.0,1.0,0.0,1.0,0.0,1.0,0.0,1.0,0.0
0.0375,0.5615234375,1.0,0.0,1.3852808475494385,0.3852808475494385,1.0,0.0,1.0,0.0,1.0,0.0,1.0,0.0,1.0,0.0
0.0375,0.5634765625,1.0,0.0,1.3823723793029785,0.3823723793029785,1.0,0.0,1.0,0.0,1.0,0.0,1.0,0.0,1.0,0.0
0.0375,0.5654296875,1.0,0.0,1.3793723583221436,0.37937235832214355,1.0,0.0,1.0,0.0,1.0,0.0,1.0,0.0,1.0,0.0
0.0375,0.5673828125,1.0,0.0,1.3765360116958618,0.3765360116958618,1.0,0.0,1.0,0.0,1.0,0.0,1.0,0.0,1.0,0.0
0.0375,0.5693359375,1.0,0.0,1.3739756345748901,0.37397563457489014,1.0,0.0,1.0,0.0,1.0,0.0,1.0,0.0,1.0,0.0
0.0375,0.5712890625,1.0,0.0,1.3716777563095093,0.3716777563095093,1.0,0.0,1.0,0.0,1.0,0.0,1.0,0.0,1.0,0.0
0.0375,0.5732421875,1.0,0.0,1.3695337772369385,0.3695337772369385,1.0,0.0,1.0,0.0,1.0,0.0,1.0,0.0,1.0,0.0
0.0375,0.5751953125,1.0,0.0,1.3673739433288574,0.3673739433288574,1.0,0.0,1.0,0.0,1.0,0.0,1.0,0.0,1.0,0.0
0.0375,0.5771484375,1.0,0.0,1.3649967908859253,0.3649967908859253,1.0,0.0,1.0,0.0,1.0,0.0,1.0,0.0,1.0,0.0
0.0375,0.5791015625,1.0,0.0,1.3621870279312134,0.3621870279312134,1.0,0.0,1.0,0.0,1.0,0.0,1.0,0.0,1.0,0.0
0.0375,0.5810546875,1.0,0.0,1.3587136268615723,0.35871362686157227,1.0,0.0,1.0,0.0,1.0,0.0,1.0,0.0,1.0,0.0
0.0375,0.5830078125,1.0,0.0,1.3542985916137695,0.35429859161376953,1.0,0.0,1.0,0.0,1.0,0.0,1.0,0.0,1.0,0.0
0.0375,0.5849609375,1.0,0.0,1.3485795259475708,0.3485795259475708,1.0,0.0,1.0,0.0,1.0,0.0,1.0,0.0,1.0,0.0
0.0375,0.5869140625,1.0,0.0,1.3355971574783325,0.3355971574783325,1.0,0.0,1.0,0.0,1.0,0.0,1.0,0.0,1.0,0.0
0.0375,0.5888671875,1.0,0.0,1.310429573059082,0.31042957305908203,1.0,0.0,1.0,0.0,1.0,0.0,1.0,0.0,1.0,0.0
0.0375,0.5908203125,1.0,0.0,1.2799441814422607,0.27994418144226074,1.0,0.0,1.0,0.0,1.0,0.0,1.0,0.0,1.0,0.0
0.0375,0.5927734375,1.0,0.0,1.2446926832199097,0.24469268321990967,1.0,0.0,1.0,0.0,1.0,0.0,1.0,0.0,1.0,0.0
0.0375,0.5947265625,1.0,0.0,1.205823540687561,0.20582354068756104,1.0,0.0,1.0,0.0,1.0,0.0,1.0,0.0,1.0,0.0
0.0375,0.5966796875,1.0,0.0,1.164912223815918,0.16491222381591797,1.0,0.0,1.0,0.0,1.0,0.0,1.0,0.0,1.0,0.0
0.0375,0.5986328125,1.0,0.0,1.1237213611602783,0.12372136116027832,1.0,0.0,1.0,0.0,1.0,0.0,1.0,0.0,1.0,0.0
0.0375,0.6005859375,1.0,0.0,1.083954095840454,0.0839540958404541,1.0,0.0,1.0,0.0,1.0,0.0,1.0,0.0,1.0,0.0
0.0375,0.6025390625,1.0,0.0,1.0470539331436157,0.04705393314361572,1.0,0.0,1.0,0.0,1.0,0.0,1.0,0.0,1.0,0.0
0.0375,0.6044921875,1.0,0.0,1.0140674114227295,0.014067411422729492,1.0,0.0,1.0,0.0,1.0,0.0,1.0,0.0,1.0,0.0
0.0375,0.6064453125,1.0,0.0,0.9855669736862183,0.014433026313781738,1.0,0.0,1.0,0.0,1.0,0.0,1.0,0.0,1.0,0.0
0.0375,0.6083984375,1.0,0.0,0.9616292119026184,0.03837078809738159,1.0,0.0,1.0,0.0,1.0,0.0,1.0,0.0,1.0,0.0
0.0375,0.6103515625,1.0,0.0,0.9418683052062988,0.05813169479370117,1.0,0.0,1.0,0.0,1.0,0.0,1.0,0.0,1.0,0.0
0.0375,0.6123046875,1.0,0.0,0.9255215525627136,0.07447844743728638,1.0,0.0,1.0,0.0,1.0,0.0,1.0,0.0,1.0,0.0
0.0375,0.6142578125,1.0,0.0,0.9115855693817139,0.08841443061828613,1.0,0.0,1.0,0.0,1.0,0.0,1.0,0.0,1.0,0.0
0.0375,0.6162109375,1.0,0.0,0.8989741206169128,0.10102587938308716,1.0,0.0,1.0,0.0,1.0,0.0,1.0,0.0,1.0,0.0
0.0375,0.6181640625,1.0,0.0,0.8866746425628662,0.11332535743713379,1.0,0.0,1.0,0.0,1.0,0.0,1.0,0.0,1.0,0.0
0.0375,0.6201171875,1.0,0.0,0.8738791942596436,0.12612080574035645,1.0,0.0,1.0,0.0,1.0,0.0,1.0,0.0,1.0,0.0
0.0375,0.6220703125,1.0,0.0,0.8600815534591675,0.13991844654083252,1.0,0.0,1.0,0.0,1.0,0.0,1.0,0.0,1.0,0.0
0.0375,0.6240234375,1.0,0.0,0.8451345562934875,0.15486544370651245,1.0,0.0,1.0,0.0,1.0,0.0,1.0,0.0,1.0,0.0
0.0375,0.6259765625,1.0,0.0,0.8292477130889893,0.17075228691101074,1.0,0.0,1.0,0.0,1.0,0.0,1.0,0.0,1.0,0.0
0.0375,0.6279296875,1.0,0.0,0.8159117102622986,0.18408828973770142,1.0,0.0,1.0,0.0,1.0,0.0,1.0,0.0,1.0,0.0
0.0375,0.6298828125,1.0,0.0,0.8275574445724487,0.17244255542755127,1.0,0.0,1.0,0.0,1.0,0.0,1.0,0.0,1.0,0.0
0.0375,0.6318359375,1.0,0.0,0.837619423866272,0.16238057613372803,1.0,0.0,1.0,0.0,1.0,0.0,1.0,0.0,1.0,0.0
0.0375,0.6337890625,1.0,0.0,0.8453003168106079,0.1546996831893921,1.0,0.0,1.0,0.0,1.0,0.0,1.0,0.0,1.0,0.0
0.0375,0.6357421875,1.0,0.0,0.8499481081962585,0.15005189180374146,1.0,0.0,1.0,0.0,1.0,0.0,1.0,0.0,1.0,0.0
0.0375,0.6376953125,1.0,0.0,0.85120689868927,0.14879310131072998,1.0,0.0,1.0,0.0,1.0,0.0,1.0,0.0,1.0,0.0
0.0375,0.6396484375,1.0,0.0,0.8490886092185974,0.1509113907814026,1.0,0.0,1.0,0.0,1.0,0.0,1.0,0.0,1.0,0.0
0.0375,0.6416015625,1.0,0.0,0.8439569473266602,0.15604305267333984,1.0,0.0,1.0,0.0,1.0,0.0,1.0,0.0,1.0,0.0
0.0375,0.6435546875,1.0,0.0,0.8364459276199341,0.16355407238006592,1.0,0.0,1.0,0.0,1.0,0.0,1.0,0.0,1.0,0.0
0.0375,0.6455078125,1.0,0.0,0.8273520469665527,0.17264795303344727,1.0,0.0,1.0,0.0,1.0,0.0,1.0,0.0,1.0,0.0
0.0375,0.6474609375,1.0,0.0,0.8175287842750549,0.18247121572494507,1.0,0.0,1.0,0.0,1.0,0.0,1.0,0.0,1.0,0.0
0.0375,0.6494140625,1.0,0.0,0.8078019022941589,0.19219809770584106,1.0,0.0,1.0,0.0,1.0,0.0,1.0,0.0,1.0,0.0
0.0375,0.6513671875,1.0,0.0,0.7989103198051453,0.20108968019485474,1.0,0.0,1.0,0.0,1.0,0.0,1.0,0.0,1.0,0.0
0.0375,0.6533203125,1.0,0.0,0.7914724349975586,0.2085275650024414,1.0,0.0,1.0,0.0,1.0,0.0,1.0,0.0,1.0,0.0
0.0375,0.6552734375,1.0,0.0,0.7859700322151184,0.2140299677848816,1.0,0.0,1.0,0.0,1.0,0.0,1.0,0.0,1.0,0.0
0.0375,0.6572265625,1.0,0.0,0.7827479243278503,0.21725207567214966,1.0,0.0,1.0,0.0,1.0,0.0,1.0,0.0,1.0,0.0
0.0375,0.6591796875,1.0,0.0,0.782024085521698,0.217975914478302,1.0,0.0,1.0,0.0,1.0,0.0,1.0,0.0,1.0,0.0
0.0375,0.6611328125,1.0,0.0,0.7839005589485168,0.21609944105148315,1.0,0.0,1.0,0.0,1.0,0.0,1.0,0.0,1.0,0.0
0.0375,0.6630859375,1.0,0.0,0.788371741771698,0.211628258228302,1.0,0.0,1.0,0.0,1.0,0.0,1.0,0.0,1.0,0.0
0.0375,0.6650390625,1.0,0.0,0.7953216433525085,0.20467835664749146,1.0,0.0,1.0,0.0,1.0,0.0,1.0,0.0,1.0,0.0
0.0375,0.6669921875,1.0,0.0,0.8045087456703186,0.1954912543296814,1.0,0.0,1.0,0.0,1.0,0.0,1.0,0.0,1.0,0.0
0.0375,0.6689453125,1.0,0.0,0.8155447840690613,0.18445521593093872,1.0,0.0,1.0,0.0,1.0,0.0,1.0,0.0,1.0,0.0
0.0375,0.6708984375,1.0,0.0,0.8278777599334717,0.17212224006652832,1.0,0.0,1.0,0.0,1.0,0.0,1.0,0.0,1.0,0.0
0.0375,0.6728515625,1.0,0.0,0.8407996296882629,0.15920037031173706,1.0,0.0,1.0,0.0,1.0,0.0,1.0,0.0,1.0,0.0
0.0375,0.6748046875,1.0,0.0,0.853482723236084,0.14651727676391602,1.0,0.0,1.0,0.0,1.0,0.0,1.0,0.0,1.0,0.0
0.0375,0.6767578125,1.0,0.0,0.8650525212287903,0.13494747877120972,1.0,0.0,1.0,0.0,1.0,0.0,1.0,0.0,1.0,0.0
0.0375,0.6787109375,1.0,0.0,0.8746784329414368,0.12532156705856323,1.0,0.0,1.0,0.0,1.0,0.0,1.0,0.0,1.0,0.0
0.0375,0.6806640625,1.0,0.0,0.8816678524017334,0.1183321475982666,1.0,0.0,1.0,0.0,1.0,0.0,1.0,0.0,1.0,0.0
0.0375,0.6826171875,1.0,0.0,0.8855420351028442,0.11445796489715576,1.0,0.0,1.0,0.0,1.0,0.0,1.0,0.0,1.0,0.0
0.0375,0.6845703125,1.0,0.0,0.8860785365104675,0.11392146348953247,1.0,0.0,1.0,0.0,1.0,0.0,1.0,0.0,1.0,0.0
0.0375,0.6865234375,1.0,0.0,0.8833147287368774,0.11668527126312256,1.0,0.0,1.0,0.0,1.0,0.0,1.0,0.0,1.0,0.0
0.0375,0.6884765625,1.0,0.0,0.8775194883346558,0.12248051166534424,1.0,0.0,1.0,0.0,1.0,0.0,1.0,0.0,1.0,0.0
0.0375,0.6904296875,1.0,0.0,0.8691379427909851,0.1308620572090149,1.0,0.0,1.0,0.0,1.0,0.0,1.0,0.0,1.0,0.0
0.0375,0.6923828125,1.0,0.0,0.8587344884872437,0.14126551151275635,1.0,0.0,1.0,0.0,1.0,0.0,1.0,0.0,1.0,0.0
0.0375,0.6943359375,1.0,0.0,0.8469348549842834,0.15306514501571655,1.0,0.0,1.0,0.0,1.0,0.0,1.0,0.0,1.0,0.0
0.0375,0.6962890625,1.0,0.0,0.8343811631202698,0.16561883687973022,1.0,0.0,1.0,0.0,1.0,0.0,1.0,0.0,1.0,0.0
0.0375,0.6982421875,1.0,0.0,0.8216897249221802,0.17831027507781982,1.0,0.0,1.0,0.0,1.0,0.0,1.0,0.0,1.0,0.0
0.0375,0.7001953125,1.0,0.0,0.8094176054000854,0.19058239459991455,1.0,0.0,1.0,0.0,1.0,0.0,1.0,0.0,1.0,0.0
0.0375,0.7021484375,1.0,0.0,0.7980347275733948,0.20196527242660522,1.0,0.0,1.0,0.0,1.0,0.0,1.0,0.0,1.0,0.0
0.0375,0.7041015625,1.0,0.0,0.7879073619842529,0.21209263801574707,1.0,0.0,1.0,0.0,1.0,0.0,1.0,0.0,1.0,0.0
0.0375,0.7060546875,1.0,0.0,0.7792943716049194,0.22070562839508057,1.0,0.0,1.0,0.0,1.0,0.0,1.0,0.0,1.0,0.0
0.0375,0.7080078125,1.0,0.0,0.7723533511161804,0.22764664888381958,1.0,0.0,1.0,0.0,1.0,0.0,1.0,0.0,1.0,0.0
0.0375,0.7099609375,1.0,0.0,0.7671569585800171,0.2328430414199829,1.0,0.0,1.0,0.0,1.0,0.0,1.0,0.0,1.0,0.0
0.0375,0.7119140625,1.0,0.0,0.7637088298797607,0.23629117012023926,1.0,0.0,1.0,0.0,1.0,0.0,1.0,0.0,1.0,0.0
0.0375,0.7138671875,1.0,0.0,0.7619587779045105,0.2380412220954895,1.0,0.0,1.0,0.0,1.0,0.0,1.0,0.0,1.0,0.0
0.0375,0.7158203125,1.0,0.0,0.761817991733551,0.23818200826644897,1.0,0.0,1.0,0.0,1.0,0.0,1.0,0.0,1.0,0.0
0.0375,0.7177734375,1.0,0.0,0.7631677389144897,0.23683226108551025,1.0,0.0,1.0,0.0,1.0,0.0,1.0,0.0,1.0,0.0
0.0375,0.7197265625,1.0,0.0,0.7658702731132507,0.23412972688674927,1.0,0.0,1.0,0.0,1.0,0.0,1.0,0.0,1.0,0.0
0.0375,0.7216796875,1.0,0.0,0.7697775959968567,0.2302224040031433,1.0,0.0,1.0,0.0,1.0,0.0,1.0,0.0,1.0,0.0
0.0375,0.7236328125,1.0,0.0,0.7747439742088318,0.2252560257911682,1.0,0.0,1.0,0.0,1.0,0.0,1.0,0.0,1.0,0.0
0.0375,0.7255859375,1.0,0.0,0.7806326150894165,0.2193673849105835,1.0,0.0,1.0,0.0,1.0,0.0,1.0,0.0,1.0,0.0
0.0375,0.7275390625,1.0,0.0,0.7873238921165466,0.21267610788345337,1.0,0.0,1.0,0.0,1.0,0.0,1.0,0.0,1.0,0.0
0.0375,0.7294921875,1.0,0.0,0.7947172522544861,0.20528274774551392,1.0,0.0,1.0,0.0,1.0,0.0,1.0,0.0,1.0,0.0
0.0375,0.7314453125,1.0,0.0,0.8027235865592957,0.19727641344070435,1.0,0.0,1.0,0.0,1.0,0.0,1.0,0.0,1.0,0.0
0.0375,0.7333984375,1.0,0.0,0.8112500309944153,0.18874996900558472,1.0,0.0,1.0,0.0,1.0,0.0,1.0,0.0,1.0,0.0
0.0375,0.7353515625,1.0,0.0,0.8201760053634644,0.17982399463653564,1.0,0.0,1.0,0.0,1.0,0.0,1.0,0.0,1.0,0.0
0.0375,0.7373046875,1.0,0.0,0.829332709312439,0.17066729068756104,1.0,0.0,1.0,0.0,1.0,0.0,1.0,0.0,1.0,0.0
0.0375,0.7392578125,1.0,0.0,0.838484525680542,0.161515474319458,1.0,0.0,1.0,0.0,1.0,0.0,1.0,0.0,1.0,0.0
0.0375,0.7412109375,1.0,0.0,0.8473259806632996,0.15267401933670044,1.0,0.0,1.0,0.0,1.0,0.0,1.0,0.0,1.0,0.0
0.0375,0.7431640625,1.0,0.0,0.8555008172988892,0.14449918270111084,1.0,0.0,1.0,0.0,1.0,0.0,1.0,0.0,1.0,0.0
0.0375,0.7451171875,1.0,0.0,0.8626362681388855,0.1373637318611145,1.0,0.0,1.0,0.0,1.0,0.0,1.0,0.0,1.0,0.0
0.0375,0.7470703125,1.0,0.0,0.8683937788009644,0.13160622119903564,1.0,0.0,1.0,0.0,1.0,0.0,1.0,0.0,1.0,0.0
0.0375,0.7490234375,1.0,0.0,0.8725212216377258,0.12747877836227417,1.0,0.0,1.0,0.0,1.0,0.0,1.0,0.0,1.0,0.0
0.0375,0.7509765625,1.0,0.0,0.8748882412910461,0.12511175870895386,1.0,0.0,1.0,0.0,1.0,0.0,1.0,0.0,1.0,0.0
0.0375,0.7529296875,1.0,0.0,0.8755032420158386,0.12449675798416138,1.0,0.0,1.0,0.0,1.0,0.0,1.0,0.0,1.0,0.0
0.0375,0.7548828125,1.0,0.0,0.8744973540306091,0.12550264596939087,1.0,0.0,1.0,0.0,1.0,0.0,1.0,0.0,1.0,0.0
0.0375,0.7568359375,1.0,0.0,0.8720957040786743,0.12790429592132568,1.0,0.0,1.0,0.0,1.0,0.0,1.0,0.0,1.0,0.0
0.0375,0.7587890625,1.0,0.0,0.868578314781189,0.13142168521881104,1.0,0.0,1.0,0.0,1.0,0.0,1.0,0.0,1.0,0.0
0.0375,0.7607421875,1.0,0.0,0.8642511367797852,0.13574886322021484,1.0,0.0,1.0,0.0,1.0,0.0,1.0,0.0,1.0,0.0
0.0375,0.7626953125,1.0,0.0,0.8594290018081665,0.1405709981918335,1.0,0.0,1.0,0.0,1.0,0.0,1.0,0.0,1.0,0.0
0.0375,0.7646484375,1.0,0.0,0.8544335961341858,0.1455664038658142,1.0,0.0,1.0,0.0,1.0,0.0,1.0,0.0,1.0,0.0
0.0375,0.7666015625,1.0,0.0,0.8495932817459106,0.15040671825408936,1.0,0.0,1.0,0.0,1.0,0.0,1.0,0.0,1.0,0.0
0.0375,0.7685546875,1.0,0.0,0.8452466130256653,0.15475338697433472,1.0,0.0,1.0,0.0,1.0,0.0,1.0,0.0,1.0,0.0
0.0375,0.7705078125,1.0,0.0,0.8417331576347351,0.1582668423652649,1.0,0.0,1.0,0.0,1.0,0.0,1.0,0.0,1.0,0.0
0.0375,0.7724609375,1.0,0.0,0.8393775820732117,0.16062241792678833,1.0,0.0,1.0,0.0,1.0,0.0,1.0,0.0,1.0,0.0
0.0375,0.7744140625,1.0,0.0,0.8384597897529602,0.1615402102470398,1.0,0.0,1.0,0.0,1.0,0.0,1.0,0.0,1.0,0.0
0.0375,0.7763671875,1.0,0.0,0.8391866087913513,0.16081339120864868,1.0,0.0,1.0,0.0,1.0,0.0,1.0,0.0,1.0,0.0
0.0375,0.7783203125,1.0,0.0,0.8416614532470703,0.1583385467529297,1.0,0.0,1.0,0.0,1.0,0.0,1.0,0.0,1.0,0.0
0.0375,0.7802734375,1.0,0.0,0.8458634614944458,0.1541365385055542,1.0,0.0,1.0,0.0,1.0,0.0,1.0,0.0,1.0,0.0
0.0375,0.7822265625,1.0,0.0,0.8516368269920349,0.1483631730079651,1.0,0.0,1.0,0.0,1.0,0.0,1.0,0.0,1.0,0.0
0.0375,0.7841796875,1.0,0.0,0.8586984872817993,0.14130151271820068,1.0,0.0,1.0,0.0,1.0,0.0,1.0,0.0,1.0,0.0
0.0375,0.7861328125,1.0,0.0,0.8666490912437439,0.1333509087562561,1.0,0.0,1.0,0.0,1.0,0.0,1.0,0.0,1.0,0.0
0.0375,0.7880859375,1.0,0.0,0.8750012516975403,0.12499874830245972,1.0,0.0,1.0,0.0,1.0,0.0,1.0,0.0,1.0,0.0
0.0375,0.7900390625,1.0,0.0,0.8832075595855713,0.11679244041442871,1.0,0.0,1.0,0.0,1.0,0.0,1.0,0.0,1.0,0.0
0.0375,0.7919921875,1.0,0.0,0.8907002806663513,0.10929971933364868,1.0,0.0,1.0,0.0,1.0,0.0,1.0,0.0,1.0,0.0
0.0375,0.7939453125,1.0,0.0,0.8969293832778931,0.10307061672210693,1.0,0.0,1.0,0.0,1.0,0.0,1.0,0.0,1.0,0.0
0.0375,0.7958984375,1.0,0.0,0.9014068245887756,0.09859317541122437,1.0,0.0,1.0,0.0,1.0,0.0,1.0,0.0,1.0,0.0
0.0375,0.7978515625,1.0,0.0,0.9037487506866455,0.09625124931335449,1.0,0.0,1.0,0.0,1.0,0.0,1.0,0.0,1.0,0.0
0.0375,0.7998046875,1.0,0.0,0.9037109613418579,0.09628903865814209,1.0,0.0,1.0,0.0,1.0,0.0,1.0,0.0,1.0,0.0
0.0375,0.8017578125,1.0,0.0,0.9012141823768616,0.09878581762313843,1.0,0.0,1.0,0.0,1.0,0.0,1.0,0.0,1.0,0.0
0.0375,0.8037109375,1.0,0.0,0.8963539600372314,0.10364603996276855,1.0,0.0,1.0,0.0,1.0,0.0,1.0,0.0,1.0,0.0
0.0375,0.8056640625,1.0,0.0,0.8893924355506897,0.1106075644493103,1.0,0.0,1.0,0.0,1.0,0.0,1.0,0.0,1.0,0.0
0.0375,0.8076171875,1.0,0.0,0.8807346224784851,0.11926537752151489,1.0,0.0,1.0,0.0,1.0,0.0,1.0,0.0,1.0,0.0
0.0375,0.8095703125,1.0,0.0,0.8708965182304382,0.12910348176956177,1.0,0.0,1.0,0.0,1.0,0.0,1.0,0.0,1.0,0.0
0.0375,0.8115234375,1.0,0.0,0.8604629039764404,0.13953709602355957,1.0,0.0,1.0,0.0,1.0,0.0,1.0,0.0,1.0,0.0
0.0375,0.8134765625,1.0,0.0,0.8500470519065857,0.1499529480934143,1.0,0.0,1.0,0.0,1.0,0.0,1.0,0.0,1.0,0.0
0.0375,0.8154296875,1.0,0.0,0.8402444124221802,0.15975558757781982,1.0,0.0,1.0,0.0,1.0,0.0,1.0,0.0,1.0,0.0
0.0375,0.8173828125,1.0,0.0,0.831596314907074,0.16840368509292603,1.0,0.0,1.0,0.0,1.0,0.0,1.0,0.0,1.0,0.0
0.0375,0.8193359375,1.0,0.0,0.8245536088943481,0.17544639110565186,1.0,0.0,1.0,0.0,1.0,0.0,1.0,0.0,1.0,0.0
0.0375,0.8212890625,1.0,0.0,0.8194507956504822,0.18054920434951782,1.0,0.0,1.0,0.0,1.0,0.0,1.0,0.0,1.0,0.0
0.0375,0.8232421875,1.0,0.0,0.8164957165718079,0.18350428342819214,1.0,0.0,1.0,0.0,1.0,0.0,1.0,0.0,1.0,0.0
0.0375,0.8251953125,1.0,0.0,0.815760612487793,0.18423938751220703,1.0,0.0,1.0,0.0,1.0,0.0,1.0,0.0,1.0,0.0
0.0375,0.8271484375,1.0,0.0,0.8171918988227844,0.18280810117721558,1.0,0.0,1.0,0.0,1.0,0.0,1.0,0.0,1.0,0.0
0.0375,0.8291015625,1.0,0.0,0.8206127285957336,0.17938727140426636,1.0,0.0,1.0,0.0,1.0,0.0,1.0,0.0,1.0,0.0
0.0375,0.8310546875,1.0,0.0,0.8257356882095337,0.1742643117904663,1.0,0.0,1.0,0.0,1.0,0.0,1.0,0.0,1.0,0.0
0.0375,0.8330078125,1.0,0.0,0.832175076007843,0.16782492399215698,1.0,0.0,1.0,0.0,1.0,0.0,1.0,0.0,1.0,0.0
0.0375,0.8349609375,1.0,0.0,0.8394612073898315,0.16053879261016846,1.0,0.0,1.0,0.0,1.0,0.0,1.0,0.0,1.0,0.0
0.0375,0.8369140625,1.0,0.0,0.8470587730407715,0.15294122695922852,1.0,0.0,1.0,0.0,1.0,0.0,1.0,0.0,1.0,0.0
0.0375,0.8388671875,1.0,0.0,0.8543943762779236,0.14560562372207642,1.0,0.0,1.0,0.0,1.0,0.0,1.0,0.0,1.0,0.0
0.0375,0.8408203125,1.0,0.0,0.8608882427215576,0.13911175727844238,1.0,0.0,1.0,0.0,1.0,0.0,1.0,0.0,1.0,0.0
0.0375,0.8427734375,1.0,0.0,0.8659937977790833,0.13400620222091675,1.0,0.0,1.0,0.0,1.0,0.0,1.0,0.0,1.0,0.0
0.0375,0.8447265625,1.0,0.0,0.8692362308502197,0.13076376914978027,1.0,0.0,1.0,0.0,1.0,0.0,1.0,0.0,1.0,0.0
0.0375,0.8466796875,1.0,0.0,0.8702542185783386,0.12974578142166138,1.0,0.0,1.0,0.0,1.0,0.0,1.0,0.0,1.0,0.0
0.0375,0.8486328125,1.0,0.0,0.868827223777771,0.131172776222229,1.0,0.0,1.0,0.0,1.0,0.0,1.0,0.0,1.0,0.0
0.0375,0.8505859375,1.0,0.0,0.8648972511291504,0.1351027488708496,1.0,0.0,1.0,0.0,1.0,0.0,1.0,0.0,1.0,0.0
0.0375,0.8525390625,1.0,0.0,0.8585752248764038,0.1414247751235962,1.0,0.0,1.0,0.0,1.0,0.0,1.0,0.0,1.0,0.0
0.0375,0.8544921875,1.0,0.0,0.8501359224319458,0.1498640775680542,1.0,0.0,1.0,0.0,1.0,0.0,1.0,0.0,1.0,0.0
0.0375,0.8564453125,1.0,0.0,0.8400007486343384,0.15999925136566162,1.0,0.0,1.0,0.0,1.0,0.0,1.0,0.0,1.0,0.0
0.0375,0.8583984375,1.0,0.0,0.8287026286125183,0.1712973713874817,1.0,0.0,1.0,0.0,1.0,0.0,1.0,0.0,1.0,0.0
0.0375,0.8603515625,1.0,0.0,0.8168438673019409,0.18315613269805908,1.0,0.0,1.0,0.0,1.0,0.0,1.0,0.0,1.0,0.0
0.0375,0.8623046875,1.0,0.0,0.8050364255905151,0.19496357440948486,1.0,0.0,1.0,0.0,1.0,0.0,1.0,0.0,1.0,0.0
0.0375,0.8642578125,1.0,0.0,0.7938493490219116,0.20615065097808838,1.0,0.0,1.0,0.0,1.0,0.0,1.0,0.0,1.0,0.0
0.0375,0.8662109375,1.0,0.0,0.7837555408477783,0.21624445915222168,1.0,0.0,1.0,0.0,1.0,0.0,1.0,0.0,1.0,0.0
0.0375,0.8681640625,1.0,0.0,0.77510005235672,0.22489994764328003,1.0,0.0,1.0,0.0,1.0,0.0,1.0,0.0,1.0,0.0
0.0375,0.8701171875,1.0,0.0,0.7680850625038147,0.2319149374961853,1.0,0.0,1.0,0.0,1.0,0.0,1.0,0.0,1.0,0.0
0.0375,0.8720703125,1.0,0.0,0.762772262096405,0.23722773790359497,1.0,0.0,1.0,0.0,1.0,0.0,1.0,0.0,1.0,0.0
0.0375,0.8740234375,1.0,0.0,0.7590962648391724,0.24090373516082764,1.0,0.0,1.0,0.0,1.0,0.0,1.0,0.0,1.0,0.0
0.0375,0.8759765625,1.0,0.0,0.7568886876106262,0.24311131238937378,1.0,0.0,1.0,0.0,1.0,0.0,1.0,0.0,1.0,0.0
0.0375,0.8779296875,1.0,0.0,0.7559068202972412,0.2440931797027588,1.0,0.0,1.0,0.0,1.0,0.0,1.0,0.0,1.0,0.0
0.0375,0.8798828125,1.0,0.0,0.7558643817901611,0.24413561820983887,1.0,0.0,1.0,0.0,1.0,0.0,1.0,0.0,1.0,0.0
0.0375,0.8818359375,1.0,0.0,0.7564645409584045,0.24353545904159546,1.0,0.0,1.0,0.0,1.0,0.0,1.0,0.0,1.0,0.0
0.0375,0.8837890625,1.0,0.0,0.7574238777160645,0.24257612228393555,1.0,0.0,1.0,0.0,1.0,0.0,1.0,0.0,1.0,0.0
0.0375,0.8857421875,1.0,0.0,0.7584958076477051,0.24150419235229492,1.0,0.0,1.0,0.0,1.0,0.0,1.0,0.0,1.0,0.0
0.0375,0.8876953125,1.0,0.0,0.7594841718673706,0.2405158281326294,1.0,0.0,1.0,0.0,1.0,0.0,1.0,0.0,1.0,0.0
0.0375,0.8896484375,1.0,0.0,0.760247528553009,0.23975247144699097,1.0,0.0,1.0,0.0,1.0,0.0,1.0,0.0,1.0,0.0
0.0375,0.8916015625,1.0,0.0,0.76070237159729,0.23929762840270996,1.0,0.0,1.0,0.0,1.0,0.0,1.0,0.0,1.0,0.0
0.0375,0.8935546875,1.0,0.0,0.7608186602592468,0.23918133974075317,1.0,0.0,1.0,0.0,1.0,0.0,1.0,0.0,1.0,0.0
0.0375,0.8955078125,1.0,0.0,0.7606156468391418,0.23938435316085815,1.0,0.0,1.0,0.0,1.0,0.0,1.0,0.0,1.0,0.0
0.0375,0.8974609375,1.0,0.0,0.7601534724235535,0.23984652757644653,1.0,0.0,1.0,0.0,1.0,0.0,1.0,0.0,1.0,0.0
0.0375,0.8994140625,1.0,0.0,0.7595258951187134,0.24047410488128662,1.0,0.0,1.0,0.0,1.0,0.0,1.0,0.0,1.0,0.0
0.0375,0.9013671875,1.0,0.0,0.758847177028656,0.241152822971344,1.0,0.0,1.0,0.0,1.0,0.0,1.0,0.0,1.0,0.0
0.0375,0.9033203125,1.0,0.0,0.7582388520240784,0.24176114797592163,1.0,0.0,1.0,0.0,1.0,0.0,1.0,0.0,1.0,0.0
0.0375,0.9052734375,1.0,0.0,0.7578195333480835,0.2421804666519165,1.0,0.0,1.0,0.0,1.0,0.0,1.0,0.0,1.0,0.0
0.0375,0.9072265625,1.0,0.0,0.757692813873291,0.24230718612670898,1.0,0.0,1.0,0.0,1.0,0.0,1.0,0.0,1.0,0.0
0.0375,0.9091796875,1.0,0.0,0.757938027381897,0.24206197261810303,1.0,0.0,1.0,0.0,1.0,0.0,1.0,0.0,1.0,0.0
0.0375,0.9111328125,1.0,0.0,0.7586035132408142,0.2413964867591858,1.0,0.0,1.0,0.0,1.0,0.0,1.0,0.0,1.0,0.0
0.0375,0.9130859375,1.0,0.0,0.7596970200538635,0.24030297994613647,1.0,0.0,1.0,0.0,1.0,0.0,1.0,0.0,1.0,0.0
0.0375,0.9150390625,1.0,0.0,0.7611789107322693,0.2388210892677307,1.0,0.0,1.0,0.0,1.0,0.0,1.0,0.0,1.0,0.0
0.0375,0.9169921875,1.0,0.0,0.7629551887512207,0.2370448112487793,1.0,0.0,1.0,0.0,1.0,0.0,1.0,0.0,1.0,0.0
0.0375,0.9189453125,1.0,0.0,0.7648732662200928,0.23512673377990723,1.0,0.0,1.0,0.0,1.0,0.0,1.0,0.0,1.0,0.0
0.0375,0.9208984375,1.0,0.0,0.7667225003242493,0.23327749967575073,1.0,0.0,1.0,0.0,1.0,0.0,1.0,0.0,1.0,0.0
0.0375,0.9228515625,1.0,0.0,0.768242359161377,0.23175764083862305,1.0,0.0,1.0,0.0,1.0,0.0,1.0,0.0,1.0,0.0
0.0375,0.9248046875,1.0,0.0,0.7697731852531433,0.2302268147468567,1.0,0.0,1.0,0.0,1.0,0.0,1.0,0.0,1.0,0.0
0.0375,0.9267578125,1.0,0.0,0.7810627222061157,0.21893727779388428,1.0,0.0,1.0,0.0,1.0,0.0,1.0,0.0,1.0,0.0
0.0375,0.9287109375,1.0,0.0,0.7910772562026978,0.20892274379730225,1.0,0.0,1.0,0.0,1.0,0.0,1.0,0.0,1.0,0.0
0.0375,0.9306640625,1.0,0.0,0.7993466854095459,0.2006533145904541,1.0,0.0,1.0,0.0,1.0,0.0,1.0,0.0,1.0,0.0
0.0375,0.9326171875,1.0,0.0,0.805321455001831,0.19467854499816895,1.0,0.0,1.0,0.0,1.0,0.0,1.0,0.0,1.0,0.0
0.0375,0.9345703125,1.0,0.0,0.8084158301353455,0.19158416986465454,1.0,0.0,1.0,0.0,1.0,0.0,1.0,0.0,1.0,0.0
0.0375,0.9365234375,1.0,0.0,0.8080750703811646,0.19192492961883545,1.0,0.0,1.0,0.0,1.0,0.0,1.0,0.0,1.0,0.0
0.0375,0.9384765625,1.0,0.0,0.8038573265075684,0.19614267349243164,1.0,0.0,1.0,0.0,1.0,0.0,1.0,0.0,1.0,0.0
0.0375,0.9404296875,1.0,0.0,0.7955130338668823,0.20448696613311768,1.0,0.0,1.0,0.0,1.0,0.0,1.0,0.0,1.0,0.0
0.0375,0.9423828125,1.0,0.0,0.783037006855011,0.216962993144989,1.0,0.0,1.0,0.0,1.0,0.0,1.0,0.0,1.0,0.0
0.0375,0.9443359375,1.0,0.0,0.7666876912117004,0.23331230878829956,1.0,0.0,1.0,0.0,1.0,0.0,1.0,0.0,1.0,0.0
0.0375,0.9462890625,1.0,0.0,0.7469683289527893,0.2530316710472107,1.0,0.0,1.0,0.0,1.0,0.0,1.0,0.0,1.0,0.0
0.0375,0.9482421875,1.0,0.0,0.72458416223526,0.27541583776474,1.0,0.0,1.0,0.0,1.0,0.0,1.0,0.0,1.0,0.0
0.0375,0.9501953125,1.0,0.0,0.7003946900367737,0.2996053099632263,1.0,0.0,1.0,0.0,1.0,0.0,1.0,0.0,1.0,0.0
0.0375,0.9521484375,1.0,0.0,0.6753541231155396,0.32464587688446045,1.0,0.0,1.0,0.0,1.0,0.0,1.0,0.0,1.0,0.0
0.0375,0.9541015625,1.0,0.0,0.6504510641098022,0.34954893589019775,1.0,0.0,1.0,0.0,1.0,0.0,1.0,0.0,1.0,0.0
0.0375,0.9560546875,1.0,0.0,0.6337007284164429,0.36629927158355713,1.0,0.0,1.0,0.0,1.0,0.0,1.0,0.0,1.0,0.0
0.0375,0.9580078125,1.0,0.0,0.6252647042274475,0.3747352957725525,1.0,0.0,1.0,0.0,1.0,0.0,1.0,0.0,1.0,0.0
0.0375,0.9599609375,1.0,0.0,0.6181878447532654,0.3818121552467346,1.0,0.0,1.0,0.0,1.0,0.0,1.0,0.0,1.0,0.0
0.0375,0.9619140625,1.0,0.0,0.6125217080116272,0.3874782919883728,1.0,0.0,1.0,0.0,1.0,0.0,1.0,0.0,1.0,0.0
0.0375,0.9638671875,1.0,0.0,0.6082255244255066,0.3917744755744934,1.0,0.0,1.0,0.0,1.0,0.0,1.0,0.0,1.0,0.0
0.0375,0.9658203125,1.0,0.0,0.6051680445671082,0.39483195543289185,1.0,0.0,1.0,0.0,1.0,0.0,1.0,0.0,1.0,0.0
0.0375,0.9677734375,1.0,0.0,0.603148341178894,0.39685165882110596,1.0,0.0,1.0,0.0,1.0,0.0,1.0,0.0,1.0,0.0
0.0375,0.9697265625,1.0,0.0,0.6019387245178223,0.39806127548217773,1.0,0.0,1.0,0.0,1.0,0.0,1.0,0.0,1.0,0.0
0.0375,0.9716796875,1.0,0.0,0.6013370752334595,0.3986629247665405,1.0,0.0,1.0,0.0,1.0,0.0,1.0,0.0,1.0,0.0
0.0375,0.9736328125,1.0,0.0,0.6012156009674072,0.3987843990325928,1.0,0.0,1.0,0.0,1.0,0.0,1.0,0.0,1.0,0.0
0.0375,0.9755859375,1.0,0.0,0.6015596389770508,0.3984403610229492,1.0,0.0,1.0,0.0,1.0,0.0,1.0,0.0,1.0,0.0
0.0375,0.9775390625,1.0,0.0,0.6024910807609558,0.3975089192390442,1.0,0.0,1.0,0.0,1.0,0.0,1.0,0.0,1.0,0.0
0.0375,0.9794921875,1.0,0.0,0.6042817831039429,0.39571821689605713,1.0,0.0,1.0,0.0,1.0,0.0,1.0,0.0,1.0,0.0
0.0375,0.9814453125,1.0,0.0,0.6073601841926575,0.39263981580734253,1.0,0.0,1.0,0.0,1.0,0.0,1.0,0.0,1.0,0.0
0.0375,0.9833984375,1.0,0.0,0.6123146414756775,0.3876853585243225,1.0,0.0,1.0,0.0,1.0,0.0,1.0,0.0,1.0,0.0
0.0375,0.9853515625,1.0,0.0,0.6198912262916565,0.3801087737083435,1.0,0.0,1.0,0.0,1.0,0.0,1.0,0.0,1.0,0.0
0.0375,0.9873046875,1.0,0.0,0.6309683322906494,0.3690316677093506,1.0,0.0,1.0,0.0,1.0,0.0,1.0,0.0,1.0,0.0
0.0375,0.9892578125,1.0,0.0,0.6340223550796509,0.3659776449203491,1.0,0.0,1.0,0.0,1.0,0.0,1.0,0.0,1.0,0.0
0.0375,0.9912109375,1.0,0.0,0.6386996507644653,0.36130034923553467,1.0,0.0,1.0,0.0,1.0,0.0,1.0,0.0,1.0,0.0
0.0375,0.9931640625,1.0,0.0,0.6470344066619873,0.3529655933380127,1.0,0.0,1.0,0.0,1.0,0.0,1.0,0.0,1.0,0.0
0.0375,0.9951171875,1.0,0.0,0.6595274209976196,0.34047257900238037,1.0,0.0,1.0,0.0,1.0,0.0,1.0,0.0,1.0,0.0
0.0375,0.9970703125,1.0,0.0,0.6765527725219727,0.32344722747802734,1.0,0.0,1.0,0.0,1.0,0.0,1.0,0.0,1.0,0.0
0.0375,0.9990234375,1.0,0.0,0.6982406973838806,0.3017593026161194,1.0,0.0,1.0,0.0,1.0,0.0,1.0,0.0,1.0,0.0
0.049999999999999996,0.0009765625,1.0,0.0,1.0840139389038086,0.0840139389038086,1.0,0.0,1.0,0.0,1.0,0.0,1.0,0.0,1.0,0.0
0.049999999999999996,0.0029296875,1.0,0.0,1.1146974563598633,0.11469745635986328,1.0,0.0,1.0,0.0,1.0,0.0,1.0,0.0,1.0,0.0
0.049999999999999996,0.0048828125,1.0,0.0,1.143261194229126,0.14326119422912598,1.0,0.0,1.0,0.0,1.0,0.0,1.0,0.0,1.0,0.0
0.049999999999999996,0.0068359375,1.0,0.0,1.1685712337493896,0.16857123374938965,1.0,0.0,1.0,0.0,1.0,0.0,1.0,0.0,1.0,0.0
0.049999999999999996,0.0087890625,1.0,0.0,1.1897974014282227,0.18979740142822266,1.0,0.0,1.0,0.0,1.0,0.0,1.0,0.0,1.0,0.0
0.049999999999999996,0.0107421875,1.0,0.0,1.2064200639724731,0.20642006397247314,1.0,0.0,1.0,0.0,1.0,0.0,1.0,0.0,1.0,0.0
0.049999999999999996,0.0126953125,1.0,0.0,1.2181930541992188,0.21819305419921875,1.0,0.0,1.0,0.0,1.0,0.0,1.0,0.0,1.0,0.0
0.049999999999999996,0.0146484375,1.0,0.0,1.225089430809021,0.225089430809021,1.0,0.0,1.0,0.0,1.0,0.0,1.0,0.0,1.0,0.0
0.049999999999999996,0.0166015625,1.0,0.0,1.2272511720657349,0.22725117206573486,1.0,0.0,1.0,0.0,1.0,0.0,1.0,0.0,1.0,0.0
0.049999999999999996,0.0185546875,1.0,0.0,1.224945068359375,0.224945068359375,1.0,0.0,1.0,0.0,1.0,0.0,1.0,0.0,1.0,0.0
0.049999999999999996,0.0205078125,1.0,0.0,1.2185204029083252,0.2185204029083252,1.0,0.0,1.0,0.0,1.0,0.0,1.0,0.0,1.0,0.0
0.049999999999999996,0.0224609375,1.0,0.0,1.2083803415298462,0.2083803415298462,1.0,0.0,1.0,0.0,1.0,0.0,1.0,0.0,1.0,0.0
0.049999999999999996,0.0244140625,1.0,0.0,1.194968819618225,0.1949688196182251,1.0,0.0,1.0,0.0,1.0,0.0,1.0,0.0,1.0,0.0
0.049999999999999996,0.0263671875,1.0,0.0,1.178781270980835,0.17878127098083496,1.0,0.0,1.0,0.0,1.0,0.0,1.0,0.0,1.0,0.0
0.049999999999999996,0.0283203125,1.0,0.0,1.16038978099823,0.16038978099822998,1.0,0.0,1.0,0.0,1.0,0.0,1.0,0.0,1.0,0.0
0.049999999999999996,0.0302734375,1.0,0.0,1.1404608488082886,0.14046084880828857,1.0,0.0,1.0,0.0,1.0,0.0,1.0,0.0,1.0,0.0
0.049999999999999996,0.0322265625,1.0,0.0,1.1197450160980225,0.11974501609802246,1.0,0.0,1.0,0.0,1.0,0.0,1.0,0.0,1.0,0.0
0.049999999999999996,0.0341796875,1.0,0.0,1.0990331172943115,0.09903311729431152,1.0,0.0,1.0,0.0,1.0,0.0,1.0,0.0,1.0,0.0
0.049999999999999996,0.0361328125,1.0,0.0,1.0790866613388062,0.07908666133880615,1.0,0.0,1.0,0.0,1.0,0.0,1.0,0.0,1.0,0.0
0.049999999999999996,0.0380859375,1.0,0.0,1.0605688095092773,0.060568809509277344,1.0,0.0,1.0,0.0,1.0,0.0,1.0,0.0,1.0,0.0
0.049999999999999996,0.0400390625,1.0,0.0,1.0439962148666382,0.043996214866638184,1.0,0.0,1.0,0.0,1.0,0.0,1.0,0.0,1.0,0.0
0.049999999999999996,0.0419921875,1.0,0.0,1.0297311544418335,0.029731154441833496,1.0,0.0,1.0,0.0,1.0,0.0,1.0,0.0,1.0,0.0
0.049999999999999996,0.0439453125,1.0,0.0,1.0154651403427124,0.015465140342712402,1.0,0.0,1.0,0.0,1.0,0.0,1.0,0.0,1.0,0.0
0.049999999999999996,0.0458984375,1.0,0.0,1.0011242628097534,0.001124262809753418,1.0,0.0,1.0,0.0,1.0,0.0,1.0,0.0,1.0,0.0
0.049999999999999996,0.0478515625,1.0,0.0,0.9879317283630371,0.01206827163696289,1.0,0.0,1.0,0.0,1.0,0.0,1.0,0.0,1.0,0.0
0.049999999999999996,0.0498046875,1.0,0.0,0.976318359375,0.023681640625,1.0,0.0,1.0,0.0,1.0,0.0,1.0,0.0,1.0,0.0
0.049999999999999996,0.0517578125,1.0,0.0,0.9668246507644653,0.03317534923553467,1.0,0.0,1.0,0.0,1.0,0.0,1.0,0.0,1.0,0.0
0.049999999999999996,0.0537109375,1.0,0.0,0.9599851965904236,0.040014803409576416,1.0,0.0,1.0,0.0,1.0,0.0,1.0,0.0,1.0,0.0
0.049999999999999996,0.0556640625,1.0,0.0,0.9562239050865173,0.043776094913482666,1.0,0.0,1.0,0.0,1.0,0.0,1.0,0.0,1.0,0.0
0.049999999999999996,0.0576171875,1.0,0.0,0.9557902216911316,0.04420977830886841,1.0,0.0,1.0,0.0,1.0,0.0,1.0,0.0,1.0,0.0
0.049999999999999996,0.0595703125,1.0,0.0,0.9587596654891968,0.04124033451080322,1.0,0.0,1.0,0.0,1.0,0.0,1.0,0.0,1.0,0.0
0.049999999999999996,0.0615234375,1.0,0.0,0.9650839567184448,0.034916043281555176,1.0,0.0,1.0,0.0,1.0,0.0,1.0,0.0,1.0,0.0
0.049999999999999996,0.0634765625,1.0,0.0,0.9826021790504456,0.017397820949554443,1.0,0.0,1.0,0.0,1.0,0.0,1.0,0.0,1.0,0.0
0.049999999999999996,0.0654296875,1.0,0.0,1.0097204446792603,0.009720444679260254,1.0,0.0,1.0,0.0,1.0,0.0,1.0,0.0,1.0,0.0
0.049999999999999996,0.0673828125,1.0,0.0,1.03679358959198,0.03679358959197998,1.0,0.0,1.0,0.0,1.0,0.0,1.0,0.0,1.0,0.0
0.049999999999999996,0.0693359375,1.0,0.0,1.0628074407577515,0.06280744075775146,1.0,0.0,1.0,0.0,1.0,0.0,1.0,0.0,1.0,0.0
0.049999999999999996,0.0712890625,1.0,0.0,1.0868743658065796,0.08687436580657959,1.0,0.0,1.0,0.0,1.0,0.0,1.0,0.0,1.0,0.0
0.049999999999999996,0.0732421875,1.0,0.0,1.10828697681427,0.10828697681427002,1.0,0.0,1.0,0.0,1.0,0.0,1.0,0.0,1.0,0.0
0.049999999999999996,0.0751953125,1.0,0.0,1.1265486478805542,0.1265486478805542,1.0,0.0,1.0,0.0,1.0,0.0,1.0,0.0,1.0,0.0
0.049999999999999996,0.0771484375,1.0,0.0,1.131915807723999,0.13191580772399902,1.0,0.0,1.0,0.0,1.0,0.0,1.0,0.0,1.0,0.0
0.049999999999999996,0.0791015625,1.0,0.0,1.1459823846817017,0.14598238468170166,1.0,0.0,1.0,0.0,1.0,0.0,1.0,0.0,1.0,0.0
0.049999999999999996,0.0810546875,1.0,0.0,1.1605020761489868,0.16050207614898682,1.0,0.0,1.0,0.0,1.0,0.0,1.0,0.0,1.0,0.0
0.049999999999999996,0.0830078125,1.0,0.0,1.1650558710098267,0.16505587100982666,1.0,0.0,1.0,0.0,1.0,0.0,1.0,0.0,1.0,0.0
0.049999999999999996,0.0849609375,1.0,0.0,1.1665904521942139,0.16659045219421387,1.0,0.0,1.0,0.0,1.0,0.0,1.0,0.0,1.0,0.0
0.049999999999999996,0.0869140625,1.0,0.0,1.1654030084609985,0.16540300846099854,1.0,0.0,1.0,0.0,1.0,0.0,1.0,0.0,1.0,0.0
0.049999999999999996,0.0888671875,1.0,0.0,1.1618043184280396,0.16180431842803955,1.0,0.0,1.0,0.0,1.0,0.0,1.0,0.0,1.0,0.0
0.049999999999999996,0.0908203125,1.0,0.0,1.1561022996902466,0.15610229969024658,1.0,0.0,1.0,0.0,1.0,0.0,1.0,0.0,1.0,0.0
0.049999999999999996,0.0927734375,1.0,0.0,1.1486084461212158,0.14860844612121582,1.0,0.0,1.0,0.0,1.0,0.0,1.0,0.0,1.0,0.0
0.049999999999999996,0.0947265625,1.0,0.0,1.1396558284759521,0.13965582847595215,1.0,0.0,1.0,0.0,1.0,0.0,1.0,0.0,1.0,0.0
0.049999999999999996,0.0966796875,1.0,0.0,1.129630446434021,0.129630446434021,1.0,0.0,1.0,0.0,1.0,0.0,1.0,0.0,1.0,0.0
0.049999999999999996,0.0986328125,1.0,0.0,1.118999719619751,0.11899971961975098,1.0,0.0,1.0,0.0,1.0,0.0,1.0,0.0,1.0,0.0
0.049999999999999996,0.1005859375,1.0,0.0,1.1083226203918457,0.1083226203918457,1.0,0.0,1.0,0.0,1.0,0.0,1.0,0.0,1.0,0.0
0.049999999999999996,0.1025390625,1.0,0.0,1.098223090171814,0.09822309017181396,1.0,0.0,1.0,0.0,1.0,0.0,1.0,0.0,1.0,0.0
0.049999999999999996,0.1044921875,1.0,0.0,1.0893276929855347,0.08932769298553467,1.0,0.0,1.0,0.0,1.0,0.0,1.0,0.0,1.0,0.0
0.049999999999999996,0.1064453125,1.0,0.0,1.0821776390075684,0.08217763900756836,1.0,0.0,1.0,0.0,1.0,0.0,1.0,0.0,1.0,0.0
0.049999999999999996,0.1083984375,1.0,0.0,1.0771483182907104,0.07714831829071045,1.0,0.0,1.0,0.0,1.0,0.0,1.0,0.0,1.0,0.0
0.049999999999999996,0.1103515625,1.0,0.0,1.0744026899337769,0.07440268993377686,1.0,0.0,1.0,0.0,1.0,0.0,1.0,0.0,1.0,0.0
0.049999999999999996,0.1123046875,1.0,0.0,1.0738911628723145,0.07389116287231445,1.0,0.0,1.0,0.0,1.0,0.0,1.0,0.0,1.0,0.0
0.049999999999999996,0.1142578125,1.0,0.0,1.0753895044326782,0.07538950443267822,1.0,0.0,1.0,0.0,1.0,0.0,1.0,0.0,1.0,0.0
0.049999999999999996,0.1162109375,1.0,0.0,1.0785531997680664,0.0785531997680664,1.0,0.0,1.0,0.0,1.0,0.0,1.0,0.0,1.0,0.0
0.049999999999999996,0.1181640625,1.0,0.0,1.0829670429229736,0.08296704292297363,1.0,0.0,1.0,0.0,1.0,0.0,1.0,0.0,1.0,0.0
0.049999999999999996,0.1201171875,1.0,0.0,1.088184118270874,0.08818411827087402,1.0,0.0,1.0,0.0,1.0,0.0,1.0,0.0,1.0,0.0
0.049999999999999996,0.1220703125,1.0,0.0,1.093753457069397,0.09375345706939697,1.0,0.0,1.0,0.0,1.0,0.0,1.0,0.0,1.0,0.0
0.049999999999999996,0.1240234375,1.0,0.0,1.099244236946106,0.09924423694610596,1.0,0.0,1.0,0.0,1.0,0.0,1.0,0.0,1.0,0.0
0.049999999999999996,0.1259765625,1.0,0.0,1.1042684316635132,0.10426843166351318,1.0,0.0,1.0,0.0,1.0,0.0,1.0,0.0,1.0,0.0
0.049999999999999996,0.1279296875,1.0,0.0,1.108501672744751,0.10850167274475098,1.0,0.0,1.0,0.0,1.0,0.0,1.0,0.0,1.0,0.0
0.049999999999999996,0.1298828125,1.0,0.0,1.1116913557052612,0.11169135570526123,1.0,0.0,1.0,0.0,1.0,0.0,1.0,0.0,1.0,0.0
0.049999999999999996,0.1318359375,1.0,0.0,1.113651156425476,0.11365115642547607,1.0,0.0,1.0,0.0,1.0,0.0,1.0,0.0,1.0,0.0
0.049999999999999996,0.1337890625,1.0,0.0,1.1142441034317017,0.11424410343170166,1.0,0.0,1.0,0.0,1.0,0.0,1.0,0.0,1.0,0.0
0.049999999999999996,0.1357421875,1.0,0.0,1.113363265991211,0.11336326599121094,1.0,0.0,1.0,0.0,1.0,0.0,1.0,0.0,1.0,0.0
0.049999999999999996,0.1376953125,1.0,0.0,1.11093270778656,0.11093270778656006,1.0,0.0,1.0,0.0,1.0,0.0,1.0,0.0,1.0,0.0
0.049999999999999996,0.1396484375,1.0,0.0,1.1069257259368896,0.10692572593688965,1.0,0.0,1.0,0.0,1.0,0.0,1.0,0.0,1.0,0.0
0.049999999999999996,0.1416015625,1.0,0.0,1.1014010906219482,0.10140109062194824,1.0,0.0,1.0,0.0,1.0,0.0,1.0,0.0,1.0,0.0
0.049999999999999996,0.1435546875,1.0,0.0,1.0945926904678345,0.09459269046783447,1.0,0.0,1.0,0.0,1.0,0.0,1.0,0.0,1.0,0.0
0.049999999999999996,0.1455078125,1.0,0.0,1.113935112953186,0.11393511295318604,1.0,0.0,1.0,0.0,1.0,0.0,1.0,0.0,1.0,0.0
0.049999999999999996,0.1474609375,1.0,0.0,1.131178617477417,0.131178617477417,1.0,0.0,1.0,0.0,1.0,0.0,1.0,0.0,1.0,0.0
0.049999999999999996,0.1494140625,1.0,0.0,1.1457027196884155,0.14570271968841553,1.0,0.0,1.0,0.0,1.0,0.0,1.0,0.0,1.0,0.0
0.049999999999999996,0.1513671875,1.0,0.0,1.1419011354446411,0.1419011354446411,1.0,0.0,1.0,0.0,1.0,0.0,1.0,0.0,1.0,0.0
0.049999999999999996,0.1533203125,1.0,0.0,1.1345305442810059,0.13453054428100586,1.0,0.0,1.0,0.0,1.0,0.0,1.0,0.0,1.0,0.0
0.049999999999999996,0.1552734375,1.0,0.0,1.129001498222351,0.12900149822235107,1.0,0.0,1.0,0.0,1.0,0.0,1.0,0.0,1.0,0.0
0.049999999999999996,0.1572265625,1.0,0.0,1.125277042388916,0.12527704238891602,1.0,0.0,1.0,0.0,1.0,0.0,1.0,0.0,1.0,0.0
0.049999999999999996,0.1591796875,1.0,0.0,1.1232974529266357,0.12329745292663574,1.0,0.0,1.0,0.0,1.0,0.0,1.0,0.0,1.0,0.0
0.049999999999999996,0.1611328125,1.0,0.0,1.1230010986328125,0.1230010986328125,1.0,0.0,1.0,0.0,1.0,0.0,1.0,0.0,1.0,0.0
0.049999999999999996,0.1630859375,1.0,0.0,1.1243044137954712,0.12430441379547119,1.0,0.0,1.0,0.0,1.0,0.0,1.0,0.0,1.0,0.0
0.049999999999999996,0.1650390625,1.0,0.0,1.1270689964294434,0.12706899642944336,1.0,0.0,1.0,0.0,1.0,0.0,1.0,0.0,1.0,0.0
0.049999999999999996,0.1669921875,1.0,0.0,1.131075382232666,0.13107538223266602,1.0,0.0,1.0,0.0,1.0,0.0,1.0,0.0,1.0,0.0
0.049999999999999996,0.1689453125,1.0,0.0,1.1218616962432861,0.12186169624328613,1.0,0.0,1.0,0.0,1.0,0.0,1.0,0.0,1.0,0.0
0.049999999999999996,0.1708984375,1.0,0.0,1.1113097667694092,0.11130976676940918,1.0,0.0,1.0,0.0,1.0,0.0,1.0,0.0,1.0,0.0
0.049999999999999996,0.1728515625,1.0,0.0,1.1016623973846436,0.10166239738464355,1.0,0.0,1.0,0.0,1.0,0.0,1.0,0.0,1.0,0.0
0.049999999999999996,0.1748046875,1.0,0.0,1.0933057069778442,0.09330570697784424,1.0,0.0,1.0,0.0,1.0,0.0,1.0,0.0,1.0,0.0
0.049999999999999996,0.1767578125,1.0,0.0,1.0864622592926025,0.08646225929260254,1.0,0.0,1.0,0.0,1.0,0.0,1.0,0.0,1.0,0.0
0.049999999999999996,0.1787109375,1.0,0.0,1.081182599067688,0.08118259906768799,1.0,0.0,1.0,0.0,1.0,0.0,1.0,0.0,1.0,0.0
0.049999999999999996,0.1806640625,1.0,0.0,1.077347755432129,0.0773477554321289,1.0,0.0,1.0,0.0,1.0,0.0,1.0,0.0,1.0,0.0
0.049999999999999996,0.1826171875,1.0,0.0,1.0746833086013794,0.0746833086013794,1.0,0.0,1.0,0.0,1.0,0.0,1.0,0.0,1.0,0.0
0.049999999999999996,0.1845703125,1.0,0.0,1.0727870464324951,0.07278704643249512,1.0,0.0,1.0,0.0,1.0,0.0,1.0,0.0,1.0,0.0
0.049999999999999996,0.1865234375,1.0,0.0,1.071159839630127,0.07115983963012695,1.0,0.0,1.0,0.0,1.0,0.0,1.0,0.0,1.0,0.0
0.049999999999999996,0.1884765625,1.0,0.0,1.069250226020813,0.06925022602081299,1.0,0.0,1.0,0.0,1.0,0.0,1.0,0.0,1.0,0.0
0.049999999999999996,0.1904296875,1.0,0.0,1.0664949417114258,0.06649494171142578,1.0,0.0,1.0,0.0,1.0,0.0,1.0,0.0,1.0,0.0
0.049999999999999996,0.1923828125,1.0,0.0,1.0623699426651,0.0623699426651001,1.0,0.0,1.0,0.0,1.0,0.0,1.0,0.0,1.0,0.0
0.049999999999999996,0.1943359375,1.0,0.0,1.0564384460449219,0.056438446044921875,1.0,0.0,1.0,0.0,1.0,0.0,1.0,0.0,1.0,0.0
0.049999999999999996,0.1962890625,1.0,0.0,1.0484076738357544,0.048407673835754395,1.0,0.0,1.0,0.0,1.0,0.0,1.0,0.0,1.0,0.0
0.049999999999999996,0.1982421875,1.0,0.0,1.0381706953048706,0.038170695304870605,1.0,0.0,1.0,0.0,1.0,0.0,1.0,0.0,1.0,0.0
0.049999999999999996,0.2001953125,1.0,0.0,1.0258374214172363,0.025837421417236328,1.0,0.0,1.0,0.0,1.0,0.0,1.0,0.0,1.0,0.0
0.049999999999999996,0.2021484375,1.0,0.0,1.0117233991622925,0.01172339916229248,1.0,0.0,1.0,0.0,1.0,0.0,1.0,0.0,1.0,0.0
0.049999999999999996,0.2041015625,1.0,0.0,0.9963070154190063,0.0036929845809936523,1.0,0.0,1.0,0.0,1.0,0.0,1.0,0.0,1.0,0.0
0.049999999999999996,0.2060546875,1.0,0.0,0.9801577925682068,0.019842207431793213,1.0,0.0,1.0,0.0,1.0,0.0,1.0,0.0,1.0,0.0
0.049999999999999996,0.2080078125,1.0,0.0,0.9638683199882507,0.03613168001174927,1.0,0.0,1.0,0.0,1.0,0.0,1.0,0.0,1.0,0.0
0.049999999999999996,0.2099609375,1.0,0.0,0.9480060338973999,0.0519939661026001,1.0,0.0,1.0,0.0,1.0,0.0,1.0,0.0,1.0,0.0
0.049999999999999996,0.2119140625,1.0,0.0,0.933091938495636,0.06690806150436401,1.0,0.0,1.0,0.0,1.0,0.0,1.0,0.0,1.0,0.0
0.049999999999999996,0.2138671875,1.0,0.0,0.9196009635925293,0.0803990364074707,1.0,0.0,1.0,0.0,1.0,0.0,1.0,0.0,1.0,0.0
0.049999999999999996,0.2158203125,1.0,0.0,0.9231289029121399,0.07687109708786011,1.0,0.0,1.0,0.0,1.0,0.0,1.0,0.0,1.0,0.0
0.049999999999999996,0.2177734375,1.0,0.0,0.9331678748130798,0.06683212518692017,1.0,0.0,1.0,0.0,1.0,0.0,1.0,0.0,1.0,0.0
0.049999999999999996,0.2197265625,1.0,0.0,0.9456282258033752,0.054371774196624756,1.0,0.0,1.0,0.0,1.0,0.0,1.0,0.0,1.0,0.0
0.049999999999999996,0.2216796875,1.0,0.0,0.96025550365448,0.03974449634552002,1.0,0.0,1.0,0.0,1.0,0.0,1.0,0.0,1.0,0.0
0.049999999999999996,0.2236328125,1.0,0.0,0.9766378998756409,0.02336210012435913,1.0,0.0,1.0,0.0,1.0,0.0,1.0,0.0,1.0,0.0
0.049999999999999996,0.2255859375,1.0,0.0,0.9941738843917847,0.005826115608215332,1.0,0.0,1.0,0.0,1.0,0.0,1.0,0.0,1.0,0.0
0.049999999999999996,0.2275390625,1.0,0.0,1.0120582580566406,0.012058258056640625,1.0,0.0,1.0,0.0,1.0,0.0,1.0,0.0,1.0,0.0
0.049999999999999996,0.2294921875,1.0,0.0,1.0177278518676758,0.01772785186767578,1.0,0.0,1.0,0.0,1.0,0.0,1.0,0.0,1.0,0.0
0.049999999999999996,0.2314453125,1.0,0.0,1.0206372737884521,0.02063727378845215,1.0,0.0,1.0,0.0,1.0,0.0,1.0,0.0,1.0,0.0
0.049999999999999996,0.2333984375,1.0,0.0,1.0233428478240967,0.02334284782409668,1.0,0.0,1.0,0.0,1.0,0.0,1.0,0.0,1.0,0.0
0.049999999999999996,0.2353515625,1.0,0.0,1.0256937742233276,0.025693774223327637,1.0,0.0,1.0,0.0,1.0,0.0,1.0,0.0,1.0,0.0
0.049999999999999996,0.2373046875,1.0,0.0,1.0275200605392456,0.027520060539245605,1.0,0.0,1.0,0.0,1.0,0.0,1.0,0.0,1.0,0.0
0.049999999999999996,0.2392578125,1.0,0.0,1.0286455154418945,0.02864551544189453,1.0,0.0,1.0,0.0,1.0,0.0,1.0,0.0,1.0,0.0
0.049999999999999996,0.2412109375,1.0,0.0,1.0289018154144287,0.02890181541442871,1.0,0.0,1.0,0.0,1.0,0.0,1.0,0.0,1.0,0.0
0.049999999999999996,0.2431640625,1.0,0.0,1.028146743774414,0.028146743774414062,1.0,0.0,1.0,0.0,1.0,0.0,1.0,0.0,1.0,0.0
0.049999999999999996,0.2451171875,1.0,0.0,1.0262768268585205,0.026276826858520508,1.0,0.0,1.0,0.0,1.0,0.0,1.0,0.0,1.0,0.0
0.049999999999999996,0.2470703125,1.0,0.0,1.0150189399719238,0.015018939971923828,1.0,0.0,1.0,0.0,1.0,0.0,1.0,0.0,1.0,0.0
0.049999999999999996,0.2490234375,1.0,0.0,0.9954701662063599,0.004529833793640137,1.0,0.0,1.0,0.0,1.0,0.0,1.0,0.0,1.0,0.0
0.049999999999999996,0.2509765625,1.0,0.0,0.9758610725402832,0.024138927459716797,1.0,0.0,1.0,0.0,1.0,0.0,1.0,0.0,1.0,0.0
0.049999999999999996,0.2529296875,1.0,0.0,0.9572638273239136,0.042736172676086426,1.0,0.0,1.0,0.0,1.0,0.0,1.0,0.0,1.0,0.0
0.049999999999999996,0.2548828125,1.0,0.0,0.9405084848403931,0.059491515159606934,1.0,0.0,1.0,0.0,1.0,0.0,1.0,0.0,1.0,0.0
0.049999999999999996,0.2568359375,1.0,0.0,0.9261755347251892,0.07382446527481079,1.0,0.0,1.0,0.0,1.0,0.0,1.0,0.0,1.0,0.0
0.049999999999999996,0.2587890625,1.0,0.0,0.9146246314048767,0.08537536859512329,1.0,0.0,1.0,0.0,1.0,0.0,1.0,0.0,1.0,0.0
0.049999999999999996,0.2607421875,1.0,0.0,0.9060407876968384,0.09395921230316162,1.0,0.0,1.0,0.0,1.0,0.0,1.0,0.0,1.0,0.0
0.049999999999999996,0.2626953125,1.0,0.0,0.9004794359207153,0.09952056407928467,1.0,0.0,1.0,0.0,1.0,0.0,1.0,0.0,1.0,0.0
0.049999999999999996,0.2646484375,1.0,0.0,0.8978989720344543,0.10210102796554565,1.0,0.0,1.0,0.0,1.0,0.0,1.0,0.0,1.0,0.0
0.049999999999999996,0.2666015625,1.0,0.0,0.8981742858886719,0.10182571411132812,1.0,0.0,1.0,0.0,1.0,0.0,1.0,0.0,1.0,0.0
0.049999999999999996,0.2685546875,1.0,0.0,0.9010929465293884,0.09890705347061157,1.0,0.0,1.0,0.0,1.0,0.0,1.0,0.0,1.0,0.0
0.049999999999999996,0.2705078125,1.0,0.0,0.9063459038734436,0.0936540961265564,1.0,0.0,1.0,0.0,1.0,0.0,1.0,0.0,1.0,0.0
0.049999999999999996,0.2724609375,1.0,0.0,0.9135198593139648,0.08648014068603516,1.0,0.0,1.0,0.0,1.0,0.0,1.0,0.0,1.0,0.0
0.049999999999999996,0.2744140625,1.0,0.0,0.920936644077301,0.07906335592269897,1.0,0.0,1.0,0.0,1.0,0.0,1.0,0.0,1.0,0.0
0.049999999999999996,0.2763671875,1.0,0.0,0.9172335267066956,0.08276647329330444,1.0,0.0,1.0,0.0,1.0,0.0,1.0,0.0,1.0,0.0
0.049999999999999996,0.2783203125,1.0,0.0,0.914898157119751,0.08510184288024902,1.0,0.0,1.0,0.0,1.0,0.0,1.0,0.0,1.0,0.0
0.049999999999999996,0.2802734375,1.0,0.0,0.913924515247345,0.08607548475265503,1.0,0.0,1.0,0.0,1.0,0.0,1.0,0.0,1.0,0.0
0.049999999999999996,0.2822265625,1.0,0.0,0.9142484068870544,0.08575159311294556,1.0,0.0,1.0,0.0,1.0,0.0,1.0,0.0,1.0,0.0
0.049999999999999996,0.2841796875,1.0,0.0,0.915751039981842,0.08424896001815796,1.0,0.0,1.0,0.0,1.0,0.0,1.0,0.0,1.0,0.0
0.049999999999999996,0.2861328125,1.0,0.0,0.9182682037353516,0.08173179626464844,1.0,0.0,1.0,0.0,1.0,0.0,1.0,0.0,1.0,0.0
0.049999999999999996,0.2880859375,1.0,0.0,0.9216030836105347,0.07839691638946533,1.0,0.0,1.0,0.0,1.0,0.0,1.0,0.0,1.0,0.0
0.049999999999999996,0.2900390625,1.0,0.0,0.925540030002594,0.074459969997406,1.0,0.0,1.0,0.0,1.0,0.0,1.0,0.0,1.0,0.0
0.049999999999999996,0.2919921875,1.0,0.0,0.9298602342605591,0.07013976573944092,1.0,0.0,1.0,0.0,1.0,0.0,1.0,0.0,1.0,0.0
0.049999999999999996,0.2939453125,1.0,0.0,0.9343515038490295,0.06564849615097046,1.0,0.0,1.0,0.0,1.0,0.0,1.0,0.0,1.0,0.0
0.049999999999999996,0.2958984375,1.0,0.0,0.9388184547424316,0.06118154525756836,1.0,0.0,1.0,0.0,1.0,0.0,1.0,0.0,1.0,0.0
0.049999999999999996,0.2978515625,1.0,0.0,0.9430873990058899,0.05691260099411011,1.0,0.0,1.0,0.0,1.0,0.0,1.0,0.0,1.0,0.0
0.049999999999999996,0.2998046875,1.0,0.0,0.9470134973526001,0.0529865026473999,1.0,0.0,1.0,0.0,1.0,0.0,1.0,0.0,1.0,0.0
0.049999999999999996,0.3017578125,1.0,0.0,0.9504889249801636,0.049511075019836426,1.0,0.0,1.0,0.0,1.0,0.0,1.0,0.0,1.0,0.0
0.049999999999999996,0.3037109375,1.0,0.0,0.9534525275230408,0.04654747247695923,1.0,0.0,1.0,0.0,1.0,0.0,1.0,0.0,1.0,0.0
0.049999999999999996,0.3056640625,1.0,0.0,0.9558966159820557,0.044103384017944336,1.0,0.0,1.0,0.0,1.0,0.0,1.0,0.0,1.0,0.0
0.049999999999999996,0.3076171875,1.0,0.0,0.957867443561554,0.042132556438446045,1.0,0.0,1.0,0.0,1.0,0.0,1.0,0.0,1.0,0.0
0.049999999999999996,0.3095703125,1.0,0.0,0.959455668926239,0.040544331073760986,1.0,0.0,1.0,0.0,1.0,0.0,1.0,0.0,1.0,0.0
0.049999999999999996,0.3115234375,1.0,0.0,0.960777223110199,0.039222776889801025,1.0,0.0,1.0,0.0,1.0,0.0,1.0,0.0,1.0,0.0
0.049999999999999996,0.3134765625,1.0,0.0,0.9619516730308533,0.03804832696914673,1.0,0.0,1.0,0.0,1.0,0.0,1.0,0.0,1.0,0.0
0.049999999999999996,0.3154296875,1.0,0.0,0.9630810618400574,0.03691893815994263,1.0,0.0,1.0,0.0,1.0,0.0,1.0,0.0,1.0,0.0
0.049999999999999996,0.3173828125,1.0,0.0,0.9642355442047119,0.035764455795288086,1.0,0.0,1.0,0.0,1.0,0.0,1.0,0.0,1.0,0.0
0.049999999999999996,0.3193359375,1.0,0.0,0.9654495120048523,0.034550487995147705,1.0,0.0,1.0,0.0,1.0,0.0,1.0,0.0,1.0,0.0
0.049999999999999996,0.3212890625,1.0,0.0,0.966727077960968,0.03327292203903198,1.0,0.0,1.0,0.0,1.0,0.0,1.0,0.0,1.0,0.0
0.049999999999999996,0.3232421875,1.0,0.0,0.9680556058883667,0.0319443941116333,1.0,0.0,1.0,0.0,1.0,0.0,1.0,0.0,1.0,0.0
0.049999999999999996,0.3251953125,1.0,0.0,0.9694231748580933,0.03057682514190674,1.0,0.0,1.0,0.0,1.0,0.0,1.0,0.0,1.0,0.0
0.049999999999999996,0.3271484375,1.0,0.0,0.9708351492881775,0.02916485071182251,1.0,0.0,1.0,0.0,1.0,0.0,1.0,0.0,1.0,0.0
0.049999999999999996,0.3291015625,1.0,0.0,0.971375048160553,0.02862495183944702,1.0,0.0,1.0,0.0,1.0,0.0,1.0,0.0,1.0,0.0
0.049999999999999996,0.3310546875,1.0,0.0,0.970041811466217,0.02995818853378296,1.0,0.0,1.0,0.0,1.0,0.0,1.0,0.0,1.0,0.0
0.049999999999999996,0.3330078125,1.0,0.0,0.9698284864425659,0.030171513557434082,1.0,0.0,1.0,0.0,1.0,0.0,1.0,0.0,1.0,0.0
0.049999999999999996,0.3349609375,1.0,0.0,0.9678764343261719,0.032123565673828125,1.0,0.0,1.0,0.0,1.0,0.0,1.0,0.0,1.0,0.0
0.049999999999999996,0.3369140625,1.0,0.0,0.9644318222999573,0.035568177700042725,1.0,0.0,1.0,0.0,1.0,0.0,1.0,0.0,1.0,0.0
0.049999999999999996,0.3388671875,1.0,0.0,0.9598397612571716,0.04016023874282837,1.0,0.0,1.0,0.0,1.0,0.0,1.0,0.0,1.0,0.0
0.049999999999999996,0.3408203125,1.0,0.0,0.9545367360115051,0.04546326398849487,1.0,0.0,1.0,0.0,1.0,0.0,1.0,0.0,1.0,0.0
0.049999999999999996,0.3427734375,1.0,0.0,0.9527671337127686,0.047232866287231445,1.0,0.0,1.0,0.0,1.0,0.0,1.0,0.0,1.0,0.0
0.049999999999999996,0.3447265625,1.0,0.0,0.9547797441482544,0.045220255851745605,1.0,0.0,1.0,0.0,1.0,0.0,1.0,0.0,1.0,0.0
0.049999999999999996,0.3466796875,1.0,0.0,0.9585801959037781,0.041419804096221924,1.0,0.0,1.0,0.0,1.0,0.0,1.0,0.0,1.0,0.0
0.049999999999999996,0.3486328125,1.0,0.0,0.9644539952278137,0.03554600477218628,1.0,0.0,1.0,0.0,1.0,0.0,1.0,0.0,1.0,0.0
0.049999999999999996,0.3505859375,1.0,0.0,0.9726348519325256,0.027365148067474365,1.0,0.0,1.0,0.0,1.0,0.0,1.0,0.0,1.0,0.0
0.049999999999999996,0.3525390625,1.0,0.0,0.983180046081543,0.01681995391845703,1.0,0.0,1.0,0.0,1.0,0.0,1.0,0.0,1.0,0.0
0.049999999999999996,0.3544921875,1.0,0.0,0.9844774603843689,0.015522539615631104,1.0,0.0,1.0,0.0,1.0,0.0,1.0,0.0,1.0,0.0
0.049999999999999996,0.3564453125,1.0,0.0,0.9826159477233887,0.017384052276611328,1.0,0.0,1.0,0.0,1.0,0.0,1.0,0.0,1.0,0.0
0.049999999999999996,0.3583984375,1.0,0.0,0.9810999035835266,0.01890009641647339,1.0,0.0,1.0,0.0,1.0,0.0,1.0,0.0,1.0,0.0
0.049999999999999996,0.3603515625,1.0,0.0,0.9801827073097229,0.0198172926902771,1.0,0.0,1.0,0.0,1.0,0.0,1.0,0.0,1.0,0.0
0.049999999999999996,0.3623046875,1.0,0.0,0.9800108075141907,0.019989192485809326,1.0,0.0,1.0,0.0,1.0,0.0,1.0,0.0,1.0,0.0
0.049999999999999996,0.3642578125,1.0,0.0,0.9846097826957703,0.015390217304229736,1.0,0.0,1.0,0.0,1.0,0.0,1.0,0.0,1.0,0.0
0.049999999999999996,0.3662109375,1.0,0.0,0.9959732890129089,0.0040267109870910645,1.0,0.0,1.0,0.0,1.0,0.0,1.0,0.0,1.0,0.0
0.049999999999999996,0.3681640625,1.0,0.0,1.0067614316940308,0.006761431694030762,1.0,0.0,1.0,0.0,1.0,0.0,1.0,0.0,1.0,0.0
0.049999999999999996,0.3701171875,1.0,0.0,1.0163573026657104,0.01635730266571045,1.0,0.0,1.0,0.0,1.0,0.0,1.0,0.0,1.0,0.0
0.049999999999999996,0.3720703125,1.0,0.0,1.0242252349853516,0.024225234985351562,1.0,0.0,1.0,0.0,1.0,0.0,1.0,0.0,1.0,0.0
0.049999999999999996,0.3740234375,1.0,0.0,1.0299519300460815,0.029951930046081543,1.0,0.0,1.0,0.0,1.0,0.0,1.0,0.0,1.0,0.0
0.049999999999999996,0.3759765625,1.0,0.0,1.0332720279693604,0.03327202796936035,1.0,0.0,1.0,0.0,1.0,0.0,1.0,0.0,1.0,0.0
0.049999999999999996,0.3779296875,1.0,0.0,1.018147587776184,0.018147587776184082,1.0,0.0,1.0,0.0,1.0,0.0,1.0,0.0,1.0,0.0
0.049999999999999996,0.3798828125,1.0,0.0,0.9984090328216553,0.0015909671783447266,1.0,0.0,1.0,0.0,1.0,0.0,1.0,0.0,1.0,0.0
0.049999999999999996,0.3818359375,1.0,0.0,1.0000280141830444,2.8014183044433594e-05,1.0,0.0,1.0,0.0,1.0,0.0,1.0,0.0,1.0,0.0
0.049999999999999996,0.3837890625,1.0,0.0,1.0016428232192993,0.0016428232192993164,1.0,0.0,1.0,0.0,1.0,0.0,1.0,0.0,1.0,0.0
0.049999999999999996,0.3857421875,1.0,0.0,1.003196120262146,0.003196120262145996,1.0,0.0,1.0,0.0,1.0,0.0,1.0,0.0,1.0,0.0
0.049999999999999996,0.3876953125,1.0,0.0,1.0048372745513916,0.0048372745513916016,1.0,0.0,1.0,0.0,1.0,0.0,1.0,0.0,1.0,0.0
0.049999999999999996,0.3896484375,1.0,0.0,0.9967634081840515,0.0032365918159484863,1.0,0.0,1.0,0.0,1.0,0.0,1.0,0.0,1.0,0.0
0.049999999999999996,0.3916015625,1.0,0.0,0.987218976020813,0.012781023979187012,1.0,0.0,1.0,0.0,1.0,0.0,1.0,0.0,1.0,0.0
0.049999999999999996,0.3935546875,1.0,0.0,0.9780129194259644,0.021987080574035645,1.0,0.0,1.0,0.0,1.0,0.0,1.0,0.0,1.0,0.0
0.049999999999999996,0.3955078125,1.0,0.0,0.9695817828178406,0.030418217182159424,1.0,0.0,1.0,0.0,1.0,0.0,1.0,0.0,1.0,0.0
0.049999999999999996,0.3974609375,1.0,0.0,0.9622927904129028,0.03770720958709717,1.0,0.0,1.0,0.0,1.0,0.0,1.0,0.0,1.0,0.0
0.049999999999999996,0.3994140625,1.0,0.0,0.9564346075057983,0.04356539249420166,1.0,0.0,1.0,0.0,1.0,0.0,1.0,0.0,1.0,0.0
0.049999999999999996,0.4013671875,1.0,0.0,0.952216386795044,0.047783613204956055,1.0,0.0,1.0,0.0,1.0,0.0,1.0,0.0,1.0,0.0
0.049999999999999996,0.4033203125,1.0,0.0,0.9497681260108948,0.050231873989105225,1.0,0.0,1.0,0.0,1.0,0.0,1.0,0.0,1.0,0.0
0.049999999999999996,0.4052734375,1.0,0.0,0.9491384625434875,0.05086153745651245,1.0,0.0,1.0,0.0,1.0,0.0,1.0,0.0,1.0,0.0
0.049999999999999996,0.4072265625,1.0,0.0,0.9502807259559631,0.049719274044036865,1.0,0.0,1.0,0.0,1.0,0.0,1.0,0.0,1.0,0.0
0.049999999999999996,0.4091796875,1.0,0.0,0.9530342817306519,0.046965718269348145,1.0,0.0,1.0,0.0,1.0,0.0,1.0,0.0,1.0,0.0
0.049999999999999996,0.4111328125,1.0,0.0,0.957109808921814,0.042890191078186035,1.0,0.0,1.0,0.0,1.0,0.0,1.0,0.0,1.0,0.0
0.049999999999999996,0.4130859375,1.0,0.0,0.9620896577835083,0.0379103422164917,1.0,0.0,1.0,0.0,1.0,0.0,1.0,0.0,1.0,0.0
0.049999999999999996,0.4150390625,1.0,0.0,0.9674541354179382,0.03254586458206177,1.0,0.0,1.0,0.0,1.0,0.0,1.0,0.0,1.0,0.0
0.049999999999999996,0.4169921875,1.0,0.0,0.9726378917694092,0.02736210823059082,1.0,0.0,1.0,0.0,1.0,0.0,1.0,0.0,1.0,0.0
0.049999999999999996,0.4189453125,1.0,0.0,0.977105975151062,0.02289402484893799,1.0,0.0,1.0,0.0,1.0,0.0,1.0,0.0,1.0,0.0
0.049999999999999996,0.4208984375,1.0,0.0,0.9804360270500183,0.01956397294998169,1.0,0.0,1.0,0.0,1.0,0.0,1.0,0.0,1.0,0.0
0.049999999999999996,0.4228515625,1.0,0.0,0.9823883771896362,0.01761162281036377,1.0,0.0,1.0,0.0,1.0,0.0,1.0,0.0,1.0,0.0
0.049999999999999996,0.4248046875,1.0,0.0,0.9829418659210205,0.017058134078979492,1.0,0.0,1.0,0.0,1.0,0.0,1.0,0.0,1.0,0.0
0.049999999999999996,0.4267578125,1.0,0.0,0.982291579246521,0.017708420753479004,1.0,0.0,1.0,0.0,1.0,0.0,1.0,0.0,1.0,0.0
0.049999999999999996,0.4287109375,1.0,0.0,0.980804979801178,0.01919502019882202,1.0,0.0,1.0,0.0,1.0,0.0,1.0,0.0,1.0,0.0
0.049999999999999996,0.4306640625,1.0,0.030303802849734152,0.9789485335350037,0.021051466464996338,1.0,0.0,1.0,0.0,1.0,0.0,1.0,0.0,1.0,0.0
0.049999999999999996,0.4326171875,1.0,0.030303802849734152,0.977206289768219,0.022793710231781006,1.0,0.0,1.0,0.0,1.0,0.0,1.0,0.0,1.0,0.0
0.049999999999999996,0.4345703125,1.0,0.030303802849734152,0.976006031036377,0.023993968963623047,1.0,0.0,1.0,0.0,1.0,0.0,1.0,0.0,1.0,0.0
0.049999999999999996,0.4365234375,1.0,0.030303802849734152,0.9703664183616638,0.02963358163833618,1.0,0.0,1.0,0.0,1.0,0.0,1.0,0.0,1.0,0.0
0.049999999999999996,0.4384765625,1.0,0.45161425770344754,0.9614034295082092,0.03859657049179077,1.0260035674843921,0.026003567484392143,1.006500891871098,0.006500891871098036,1.006497413204421,0.006497413204421099,1.0055263659271345,0.005526365927134513,1.0,0.0
0.049999999999999996,0.4404296875,1.0,0.45161425770344754,0.9543735384941101,0.04562646150588989,1.0260035674843921,0.026003567484392143,1.019502675613294,0.019502675613294107,1.019479827588946,0.019479827588946064,1.0127805245518537,0.012780524551853745,1.0,0.0
0.049999999999999996,0.4423828125,1.0,0.45161425770344754,0.9495495557785034,0.05045044422149658,1.0260035674843921,0.026003567484392143,1.0325044593554902,0.03250445935549018,1.0324622419734713,0.03246224197347125,1.0200836209045039,0.020083620904503885,1.0,0.0
0.049999999999999996,0.4443359375,1.0,0.45161425770344754,0.9469871520996094,0.053012847900390625,1.0260035674843921,0.026003567484392143,1.0455062430976862,0.04550624309768625,1.0455747871707302,0.04557478717073016,1.0656726962820073,0.06567269628200734,1.0,0.0
0.049999999999999996,0.4462890625,1.0,0.3070885796384,0.9465131163597107,0.05348688364028931,1.2795382649282838,0.2795382649282838,1.1825861886162023,0.18258618861620235,1.1813607131217814,0.18136071312178137,1.1339314502574365,0.13393145025743647,1.0,0.0
0.049999999999999996,0.4482421875,1.0,0.3070885796384,0.9477503299713135,0.05224967002868652,1.2795382649282838,0.2795382649282838,1.24722090615759,0.24722090615759007,1.245495500879811,0.24549550087981098,1.1787175841937103,0.1787175841937103,1.0561231912818616,0.056123191281861606
0.049999999999999996,0.4501953125,1.6019442880567492,0.3070885796384,0.9501771330833435,0.6517671549734056,1.2795382649282838,0.32240602312846534,1.3118556236989776,0.2900886643577716,1.312618919101642,0.2893253689551072,1.3421605447489335,0.2597837433078156,1.3426562168288991,0.25928807122785
0.049999999999999996,0.4521484375,1.6019442880567492,0.3070885796384,0.9532154202461243,0.6487288678106249,1.2795382649282838,0.32240602312846534,1.3764903412403653,0.22545394681638387,1.378677926609901,0.2232663614468482,1.463343480513055,0.1386008075436942,1.5777288517502113,0.024215436306537885
0.049999999999999996,0.4541015625,1.6019442880567492,0.0017877710153969334,0.9563309550285339,0.6456133330282152,1.5430813078154932,0.05886298024125591,1.4764002504451832,0.12554403761156596,1.476399640508332,0.1255446475484172,1.4761908368678398,0.12575345118890935,1.5711771905212188,0.030767097535530308
0.049999999999999996,0.4560546875,1.6019442880567492,0.0017877710153969334,0.9673393368721008,0.6346049511846483,1.5430813078154932,0.05886298024125591,1.5208542886920566,0.08108999936469252,1.520854723478837,0.08108956457791217,1.5210035668589328,0.08094072119781637,1.5968648243371057,0.005079463719643407
0.049999999999999996,0.4580078125,1.6019442880567492,0.0017877710153969334,0.9808170795440674,0.6211272085126818,1.5430813078154932,0.05886298024125591,1.5653083269389299,0.036635961117819305,1.5653085302512135,0.03663575780553563,1.565378131464711,0.0365661565920381,1.6173294292408227,0.015385141184073525
0.049999999999999996,0.4599609375,1.6019442880567492,0.0017877710153969334,0.9928216934204102,0.609122594636339,1.5430813078154932,0.05886298024125591,1.6097623651858033,0.007818077129054135,1.6097623370235903,0.007818048966841129,1.6097526960704893,0.007808408013740165,1.609601346964212,0.0076570589074629325
0.049999999999999996,0.4619140625,1.6019442880567492,0.0005593014345036178,1.0033423900604248,0.5986018979963244,1.6351705709032711,0.03322628284652196,1.6351705709032711,0.03322628284652196,1.6351705709032711,0.03322628284652196,1.6351705709032711,0.03322628284652196,1.5953518169268652,0.006592471129883926
0.049999999999999996,0.4638671875,1.6019442880567492,0.0005593014345036178,1.012548804283142,0.5893954837736071,1.6351705709032711,0.03322628284652196,1.6351705709032711,0.03322628284652196,1.6351705709032711,0.03322628284652196,1.6351705709032711,0.03322628284652196,1.5956471079133019,0.006297180143447267
0.049999999999999996,0.4658203125,1.6019442880567492,0.0005593014345036178,1.0207501649856567,0.5811941230710924,1.6351705709032711,0.03322628284652196,1.6351705709032711,0.03322628284652196,1.6351705709032711,0.03322628284652196,1.6351705709032711,0.03322628284652196,1.6020627551333109,0.0001184670765617124
0.049999999999999996,0.4677734375,1.6019442880567492,0.0005593014345036178,1.028336524963379,0.5736077630933702,1.6351705709032711,0.03322628284652196,1.6351705709032711,0.03322628284652196,1.6351705709032711,0.03322628284652196,1.6351705709032711,0.03322628284652196,1.605855350654084,0.003911062597334869
0.049999999999999996,0.4697265625,1.6019442880567492,0.01381951265447671,1.035712480545044,0.5662318075117052,1.5983858497855477,0.003558438271201503,1.6095792395354729,0.007634951478723728,1.609579215753931,0.007634927697181881,1.609436291043335,0.007492002986585922,1.6035375865356953,0.0015932984789461813
0.049999999999999996,0.4716796875,1.6019442880567492,0.01381951265447671,1.0432405471801758,0.5587037408765734,1.5983858497855477,0.003558438271201503,1.6021169797021895,0.0001726916454403149,1.6021169717750088,0.00017268371825962525,1.6020693302048103,0.00012504214806119407,1.5995315614815642,0.002412726575184987
0.049999999999999996,0.4736328125,1.6019442880567492,0.01381951265447671,1.0512011051177979,0.5507431829389513,1.5983858497855477,0.003558438271201503,1.5946547198689058,0.0072895681878433205,1.5946547277960865,0.007289560260662631,1.594702369366285,0.0072419186904642,1.599709410756075,0.0022348773006741762
0.049999999999999996,0.4755859375,1.6019442880567492,0.01381951265447671,1.0597772598266602,0.542167028230089,1.5983858497855477,0.003558438271201503,1.5871924600356224,0.014751828021126734,1.5871924838171643,0.014751804239584887,1.5873354085277602,0.014608879528988927,1.6023814917213168,0.0004372036645676758
0.049999999999999996,0.4775390625,1.6019442880567492,0.0,1.0690664052963257,0.5328778827604235,1.5754724922370031,0.026471795819746013,1.5754724922370031,0.026471795819746013,1.5754724922370031,0.026471795819746013,1.5754724922370031,0.026471795819746013,1.602795166364923,0.0008508783081737636
0.049999999999999996,0.4794921875,1.6019442880567492,0.0,1.0791082382202148,0.5228360498365343,1.5754724922370031,0.026471795819746013,1.5754724922370031,0.026471795819746013,1.5754724922370031,0.026471795819746013,1.5754724922370031,0.026471795819746013,1.6015398508463972,0.0004044372103519933
0.049999999999999996,0.4814453125,1.6019442880567492,0.0,1.0899375677108765,0.5120067203458727,1.5754724922370031,0.026471795819746013,1.5754724922370031,0.026471795819746013,1.5754724922370031,0.026471795819746013,1.5754724922370031,0.026471795819746013,1.6004386890402138,0.0015055990165353528
0.049999999999999996,0.4833984375,1.6019442880567492,0.0,1.1013896465301514,0.5005546415265978,1.5754724922370031,0.026471795819746013,1.5754724922370031,0.026471795819746013,1.5754724922370031,0.026471795819746013,1.5754724922370031,0.026471795819746013,1.6006150120378069,0.0013292760189422825
0.049999999999999996,0.4853515625,1.6019442880567492,0.0,1.1119694709777832,0.48997481707896595,1.5923823274145046,0.009561960642244571,1.5923823274145046,0.009561960642244571,1.5923823274145046,0.009561960642244571,1.5923823274145046,0.009561960642244571,1.6010273036431286,0.0009169844136205363
0.049999999999999996,0.4873046875,1.6019442880567492,0.0,1.1242090463638306,0.4777352416929186,1.5923823274145046,0.009561960642244571,1.5923823274145046,0.009561960642244571,1.5923823274145046,0.009561960642244571,1.5923823274145046,0.009561960642244571,1.6008101115732871,0.001134176483462035
0.049999999999999996,0.4892578125,1.6019442880567492,0.0,1.1379460096359253,0.46399827842082386,1.5923823274145046,0.009561960642244571,1.5923823274145046,0.009561960642244571,1.5923823274145046,0.009561960642244571,1.5923823274145046,0.009561960642244571,1.6001170859092573,0.0018272021474918798
0.049999999999999996,0.4912109375,1.6019442880567492,0.0,1.1529492139816284,0.44899507407512074,1.5923823274145046,0.009561960642244571,1.5923823274145046,0.009561960642244571,1.5923823274145046,0.009561960642244571,1.5923823274145046,0.009561960642244571,1.5999605390519163,0.001983749004832891
0.049999999999999996,0.4931640625,1.6019442880567492,0.0,1.1689437627792358,0.4330005252775133,1.5899656194314713,0.011978668625277855,1.5899656194314713,0.011978668625277855,1.5899656194314713,0.011978668625277855,1.5899656194314713,0.011978668625277855,1.6005038910450509,0.0014403970116982912
0.049999999999999996,0.4951171875,1.6019442880567492,0.0,1.1856279373168945,0.4163163507398546,1.5899656194314713,0.011978668625277855,1.5899656194314713,0.011978668625277855,1.5899656194314713,0.011978668625277855,1.5899656194314713,0.011978668625277855,1.6008121523792724,0.00113213567747672
0.049999999999999996,0.4970703125,1.6019442880567492,0.0,1.2026761770248413,0.39926811103190785,1.5899656194314713,0.011978668625277855,1.5899656194314713,0.011978668625277855,1.5899656194314713,0.011978668625277855,1.5899656194314713,0.011978668625277855,1.5988672950693932,0.0030769929873559754
0.049999999999999996,0.4990234375,1.6019442880567492,0.0,1.21973717212677,0.38220711592997914,1.5899656194314713,0.011978668625277855,1.5899656194314713,0.011978668625277855,1.5899656194314713,0.011978668625277855,1.5899656194314713,0.011978668625277855,1.576954770992358,0.02498951706439123
0.049999999999999996,0.5009765625,1.6019442880567492,0.0,1.5750946998596191,0.026849588197130014,1.5899656194314713,0.011978668625277855,1.5899656194314713,0.011978668625277855,1.5899656194314713,0.011978668625277855,1.5899656194314713,0.011978668625277855,1.57695477099236,0.024989517064389233
0.049999999999999996,0.5029296875,1.6019442880567492,0.0,1.5911195278167725,0.010824760239976694,1.5899656194314713,0.011978668625277855,1.5899656194314713,0.011978668625277855,1.5899656194314713,0.011978668625277855,1.5899656194314713,0.011978668625277855,1.5988672950693879,0.0030769929873613044
0.049999999999999996,0.5048828125,1.6019442880567492,0.0,1.605304479598999,0.0033601915422498685,1.5899656194314713,0.011978668625277855,1.5899656194314713,0.011978668625277855,1.5899656194314713,0.011978668625277855,1.5899656194314713,0.011978668625277855,1.6008121523792664,0.0011321356774827152
0.049999999999999996,0.5068359375,1.6019442880567492,0.0,1.6175308227539062,0.015586534697157095,1.5899656194314713,0.011978668625277855,1.5899656194314713,0.011978668625277855,1.5899656194314713,0.011978668625277855,1.5899656194314713,0.011978668625277855,1.6005038910450522,0.0014403970116969589
0.049999999999999996,0.5087890625,1.6019442880567492,0.0,1.627677321434021,0.02573303337727184,1.5923823274145041,0.009561960642245015,1.5923823274145041,0.009561960642245015,1.5923823274145041,0.009561960642245015,1.5923823274145041,0.009561960642245015,1.5999605390519132,0.0019837490048359996
0.049999999999999996,0.5107421875,1.6019442880567492,0.0,1.6356791257858276,0.03373483772907848,1.5923823274145041,0.009561960642245015,1.5923823274145041,0.009561960642245015,1.5923823274145041,0.009561960642245015,1.5923823274145041,0.009561960642245015,1.600117085909258,0.0018272021474912137
0.049999999999999996,0.5126953125,1.6019442880567492,0.0,1.6415976285934448,0.03965334053669567,1.5923823274145041,0.009561960642245015,1.5923823274145041,0.009561960642245015,1.5923823274145041,0.009561960642245015,1.5923823274145041,0.009561960642245015,1.6008101115732876,0.0011341764834615908
0.049999999999999996,0.5146484375,1.6019442880567492,0.0,1.6456769704818726,0.043732682425123404,1.5923823274145041,0.009561960642245015,1.5923823274145041,0.009561960642245015,1.5923823274145041,0.009561960642245015,1.5923823274145041,0.009561960642245015,1.6010273036431353,0.000916984413613875
0.049999999999999996,0.5166015625,1.6019442880567492,0.0,1.648362398147583,0.04641811009083385,1.5754724922370031,0.026471795819746013,1.5754724922370031,0.026471795819746013,1.5754724922370031,0.026471795819746013,1.5754724922370031,0.026471795819746013,1.6006150120378078,0.0013292760189413944
0.049999999999999996,0.5185546875,1.6019442880567492,0.0,1.6502710580825806,0.04832677002583141,1.5754724922370031,0.026471795819746013,1.5754724922370031,0.026471795819746013,1.5754724922370031,0.026471795819746013,1.5754724922370031,0.026471795819746013,1.6004386890402116,0.0015055990165375732
0.049999999999999996,0.5205078125,1.6019442880567492,0.0,1.6488726139068604,0.0469283258501112,1.5754724922370031,0.026471795819746013,1.5754724922370031,0.026471795819746013,1.5754724922370031,0.026471795819746013,1.5754724922370031,0.026471795819746013,1.6015398508463976,0.0004044372103515492
0.049999999999999996,0.5224609375,1.6019442880567492,0.0,1.6306540966033936,0.0287098085466444,1.5754724922370031,0.026471795819746013,1.5754724922370031,0.026471795819746013,1.5754724922370031,0.026471795819746013,1.5754724922370031,0.026471795819746013,1.6027951663649223,0.0008508783081730975
0.049999999999999996,0.5244140625,1.6019442880567492,0.02031817293093324,1.6097991466522217,0.007854858595472525,1.5983858497855468,0.003558438271202391,1.5871924600356215,0.014751828021127622,1.5871924677349472,0.014751820321802,1.5874092370156627,0.014535051041086433,1.6023814917213175,0.0004372036645683419
0.049999999999999996,0.5263671875,1.6019442880567492,0.02031817293093324,1.587417483329773,0.014526804726976206,1.5983858497855468,0.003558438271202391,1.594654719868905,0.007289568187844209,1.594654722435347,0.007289565621402261,1.594726978862252,0.007217309194497146,1.5997094107560748,0.0022348773006743983
0.049999999999999996,0.5283203125,1.6019442880567492,0.02031817293093324,1.5649210214614868,0.03702326659526234,1.5983858497855468,0.003558438271202391,1.6021169797021886,0.00017269164543942672,1.6021169771357466,0.00017268907899747887,1.6020447207088415,0.00010043265209236374,1.5995315614815624,0.0024127265751867633
0.049999999999999996,0.5302734375,1.6019442880567492,0.02031817293093324,1.5438668727874756,0.05807741526927357,1.5983858497855468,0.003558438271202391,1.609579239535472,0.00763495147872284,1.6095792318361464,0.007634943779397219,1.6093624625554308,0.007418174498681651,1.6035375865356958,0.0015932984789466254
0.049999999999999996,0.5322265625,1.6019442880567492,0.0008842438770960881,1.5257627964019775,0.07618149165477162,1.6351705709032711,0.03322628284652196,1.6351705709032711,0.03322628284652196,1.6351705709032711,0.03322628284652196,1.6351705709032711,0.03322628284652196,1.6058553506540854,0.003911062597336201
0.049999999999999996,0.5341796875,1.6019442880567492,0.0008842438770960881,1.5118730068206787,0.09007128123607044,1.6351705709032711,0.03322628284652196,1.6351705709032711,0.03322628284652196,1.6351705709032711,0.03322628284652196,1.6351705709032711,0.03322628284652196,1.6020627551333109,0.0001184670765617124
0.049999999999999996,0.5361328125,1.6019442880567492,0.0008842438770960881,1.503038763999939,0.09890552405681019,1.6351705709032711,0.03322628284652196,1.6351705709032711,0.03322628284652196,1.6351705709032711,0.03322628284652196,1.6351705709032711,0.03322628284652196,1.5956471079132994,0.00629718014344971
0.049999999999999996,0.5380859375,1.6019442880567492,0.0008842438770960881,1.4995218515396118,0.10242243651713734,1.6351705709032711,0.03322628284652196,1.6351705709032711,0.03322628284652196,1.6351705709032711,0.03322628284652196,1.6351705709032711,0.03322628284652196,1.5953518169268652,0.006592471129883926
0.049999999999999996,0.5400390625,1.6019442880567492,0.0003242284506631941,1.5008792877197266,0.10106500033702259,1.543081307815493,0.058862980241256135,1.6097623651858028,0.007818077129053691,1.6097623267632502,0.007818038706500996,1.6097606116042475,0.007816323547498394,1.6096013469642139,0.007657058907464709
0.049999999999999996,0.5419921875,1.6019442880567492,0.0003242284506631941,1.5059020519256592,0.09604223613108998,1.543081307815493,0.058862980241256135,1.5653083269389296,0.03663596111781953,1.5653086043239834,0.03663568373276571,1.565320986621321,0.036623301435428246,1.6173294292408231,0.01538514118407397
0.049999999999999996,0.5439453125,1.6019442880567492,0.0003242284506631941,1.5126687288284302,0.08927555922831898,1.543081307815493,0.058862980241256135,1.5208542886920564,0.08108999936469274,1.520854881884717,0.0810894061720322,1.5208813616383943,0.08106292641835489,1.5968648243371053,0.005079463719643851
0.049999999999999996,0.5458984375,1.6019442880567492,0.0003242284506631941,1.518770694732666,0.08317359332408314,1.543081307815493,0.058862980241256135,1.4764002504451832,0.12554403761156596,1.4763994182900215,0.12554486976672763,1.4763622713980094,0.1255820166587398,1.5711771905212182,0.030767097535530974
0.049999999999999996,0.5478515625,1.6019442880567492,0.0832646783628517,1.5217344760894775,0.08020981196727162,1.279538264928285,0.3224060231284642,1.3764903412403664,0.22545394681638276,1.3764905249508606,0.2254537631058886,1.4000398939943632,0.20190439406238592,1.5777288517502126,0.024215436306536553
0.049999999999999996,0.5498046875,1.6019442880567492,0.0832646783628517,1.5195670127868652,0.08237727526988392,1.279538264928285,0.3224060231284642,1.3118556236989787,0.2900886643577705,1.311855687799506,0.29008860025724315,1.3200725671848208,0.28187172087192836,1.3426562168288998,0.25928807122784936
0.049999999999999996,0.5517578125,1.0,0.0832646783628517,1.511248230934143,0.5112482309341431,1.279538264928285,0.27953826492828493,1.2472209061575912,0.24722090615759118,1.247220761260363,0.24722076126036296,1.228646763554093,0.22864676355409297,1.056123191281862,0.05612319128186205
0.049999999999999996,0.5537109375,1.0,0.0832646783628517,1.496946096420288,0.4969460964202881,1.279538264928285,0.27953826492828493,1.1825861886162035,0.18258618861620346,1.18258608570241,0.18258608570240997,1.1693938349798627,0.1693938349798627,1.0,0.0
0.049999999999999996,0.5556640625,1.0,0.0003605410087638175,1.4778409004211426,0.4778409004211426,1.0260035674843921,0.026003567484392143,1.0455062430976862,0.04550624309768625,1.0455062464063285,0.0455062464063285,1.0455215729341263,0.045521572934126286,1.0,0.0
0.049999999999999996,0.5576171875,1.0,0.0003605410087638175,1.45564603805542,0.4556460380554199,1.0260035674843921,0.026003567484392143,1.0325044593554902,0.03250445935549018,1.032504457317645,0.03250445731764495,1.0324950174660232,0.032495017466023235,1.0,0.0
0.049999999999999996,0.5595703125,1.0,0.0003605410087638175,1.4320497512817383,0.4320497512817383,1.0260035674843921,0.026003567484392143,1.019502675613294,0.019502675613294107,1.0195026745104134,0.01950267451041343,1.0194975656678142,0.019497565667814243,1.0,0.0
0.049999999999999996,0.5615234375,1.0,0.0003605410087638175,1.4184226989746094,0.4184226989746094,1.0260035674843921,0.026003567484392143,1.006500891871098,0.006500891871098036,1.0065008917031817,0.006500891703181688,1.0065001138696048,0.006500113869604807,1.0,0.0
0.049999999999999996,0.5634765625,1.0,8.953905708780605e-07,1.4206143617630005,0.4206143617630005,1.0,0.0,1.0,0.0,1.0,0.0,1.0,0.0,1.0,0.0
0.049999999999999996,0.5654296875,1.0,8.953905708780605e-07,1.4222936630249023,0.42229366302490234,1.0,0.0,1.0,0.0,1.0,0.0,1.0,0.0,1.0,0.0
0.049999999999999996,0.5673828125,1.0,8.953905708780605e-07,1.4236066341400146,0.42360663414001465,1.0,0.0,1.0,0.0,1.0,0.0,1.0,0.0,1.0,0.0
0.049999999999999996,0.5693359375,1.0,8.953905708780605e-07,1.4245824813842773,0.42458248138427734,1.0,0.0,1.0,0.0,1.0,0.0,1.0,0.0,1.0,0.0
0.049999999999999996,0.5712890625,1.0,0.0,1.4251435995101929,0.42514359951019287,1.0,0.0,1.0,0.0,1.0,0.0,1.0,0.0,1.0,0.0
0.049999999999999996,0.5732421875,1.0,0.0,1.4251360893249512,0.42513608932495117,1.0,0.0,1.0,0.0,1.0,0.0,1.0,0.0,1.0,0.0
0.049999999999999996,0.5751953125,1.0,0.0,1.424371600151062,0.424371600151062,1.0,0.0,1.0,0.0,1.0,0.0,1.0,0.0,1.0,0.0
0.049999999999999996,0.5771484375,1.0,0.0,1.4226773977279663,0.4226773977279663,1.0,0.0,1.0,0.0,1.0,0.0,1.0,0.0,1.0,0.0
0.049999999999999996,0.5791015625,1.0,0.0,1.419940710067749,0.419940710067749,1.0,0.0,1.0,0.0,1.0,0.0,1.0,0.0,1.0,0.0
0.049999999999999996,0.5810546875,1.0,0.0,1.4161127805709839,0.4161127805709839,1.0,0.0,1.0,0.0,1.0,0.0,1.0,0.0,1.0,0.0
0.049999999999999996,0.5830078125,1.0,0.0,1.4111627340316772,0.41116273403167725,1.0,0.0,1.0,0.0,1.0,0.0,1.0,0.0,1.0,0.0
0.049999999999999996,0.5849609375,1.0,0.0,1.4049888849258423,0.4049888849258423,1.0,0.0,1.0,0.0,1.0,0.0,1.0,0.0,1.0,0.0
0.049999999999999996,0.5869140625,1.0,0.0,1.3973338603973389,0.39733386039733887,1.0,0.0,1.0,0.0,1.0,0.0,1.0,0.0,1.0,0.0
0.049999999999999996,0.5888671875,1.0,0.0,1.3877698183059692,0.38776981830596924,1.0,0.0,1.0,0.0,1.0,0.0,1.0,0.0,1.0,0.0
0.049999999999999996,0.5908203125,1.0,0.0,1.3758041858673096,0.37580418586730957,1.0,0.0,1.0,0.0,1.0,0.0,1.0,0.0,1.0,0.0
0.049999999999999996,0.5927734375,1.0,0.0,1.3610872030258179,0.36108720302581787,1.0,0.0,1.0,0.0,1.0,0.0,1.0,0.0,1.0,0.0
0.049999999999999996,0.5947265625,1.0,0.0,1.3336673974990845,0.3336673974990845,1.0,0.0,1.0,0.0,1.0,0.0,1.0,0.0,1.0,0.0
0.049999999999999996,0.5966796875,1.0,0.0,1.2923989295959473,0.29239892959594727,1.0,0.0,1.0,0.0,1.0,0.0,1.0,0.0,1.0,0.0
0.049999999999999996,0.5986328125,1.0,0.0,1.2507025003433228,0.25070250034332275,1.0,0.0,1.0,0.0,1.0,0.0,1.0,0.0,1.0,0.0
0.049999999999999996,0.6005859375,1.0,0.0,1.2104429006576538,0.2104429006576538,1.0,0.0,1.0,0.0,1.0,0.0,1.0,0.0,1.0,0.0
0.049999999999999996,0.6025390625,1.0,0.0,1.1732078790664673,0.17320787906646729,1.0,0.0,1.0,0.0,1.0,0.0,1.0,0.0,1.0,0.0
0.049999999999999996,0.6044921875,1.0,0.0,1.1401125192642212,0.1401125192642212,1.0,0.0,1.0,0.0,1.0,0.0,1.0,0.0,1.0,0.0
0.049999999999999996,0.6064453125,1.0,0.0,1.1116904020309448,0.11169040203094482,1.0,0.0,1.0,0.0,1.0,0.0,1.0,0.0,1.0,0.0
0.049999999999999996,0.6083984375,1.0,0.0,1.0878843069076538,0.08788430690765381,1.0,0.0,1.0,0.0,1.0,0.0,1.0,0.0,1.0,0.0
0.049999999999999996,0.6103515625,1.0,0.0,1.0681233406066895,0.06812334060668945,1.0,0.0,1.0,0.0,1.0,0.0,1.0,0.0,1.0,0.0
0.049999999999999996,0.6123046875,1.0,0.0,1.051464319229126,0.05146431922912598,1.0,0.0,1.0,0.0,1.0,0.0,1.0,0.0,1.0,0.0
0.049999999999999996,0.6142578125,1.0,0.0,1.0367571115493774,0.03675711154937744,1.0,0.0,1.0,0.0,1.0,0.0,1.0,0.0,1.0,0.0
0.049999999999999996,0.6162109375,1.0,0.0,1.0227910280227661,0.022791028022766113,1.0,0.0,1.0,0.0,1.0,0.0,1.0,0.0,1.0,0.0
0.049999999999999996,0.6181640625,1.0,0.0,1.0084089040756226,0.008408904075622559,1.0,0.0,1.0,0.0,1.0,0.0,1.0,0.0,1.0,0.0
0.049999999999999996,0.6201171875,1.0,0.0,0.9925994873046875,0.0074005126953125,1.0,0.0,1.0,0.0,1.0,0.0,1.0,0.0,1.0,0.0
0.049999999999999996,0.6220703125,1.0,0.0,0.9745942950248718,0.025405704975128174,1.0,0.0,1.0,0.0,1.0,0.0,1.0,0.0,1.0,0.0
0.049999999999999996,0.6240234375,1.0,0.0,0.9539786577224731,0.046021342277526855,1.0,0.0,1.0,0.0,1.0,0.0,1.0,0.0,1.0,0.0
0.049999999999999996,0.6259765625,1.0,0.0,0.9308033585548401,0.06919664144515991,1.0,0.0,1.0,0.0,1.0,0.0,1.0,0.0,1.0,0.0
0.049999999999999996,0.6279296875,1.0,0.0,0.9056383967399597,0.09436160326004028,1.0,0.0,1.0,0.0,1.0,0.0,1.0,0.0,1.0,0.0
0.049999999999999996,0.6298828125,1.0,0.0,0.8795083165168762,0.12049168348312378,1.0,0.0,1.0,0.0,1.0,0.0,1.0,0.0,1.0,0.0
0.049999999999999996,0.6318359375,1.0,0.0,0.8638218641281128,0.1361781358718872,1.0,0.0,1.0,0.0,1.0,0.0,1.0,0.0,1.0,0.0
0.049999999999999996,0.6337890625,1.0,0.0,0.8674837946891785,0.13251620531082153,1.0,0.0,1.0,0.0,1.0,0.0,1.0,0.0,1.0,0.0
0.049999999999999996,0.6357421875,1.0,0.0,0.8682795763015747,0.1317204236984253,1.0,0.0,1.0,0.0,1.0,0.0,1.0,0.0,1.0,0.0
0.049999999999999996,0.6376953125,1.0,0.0,0.8659083843231201,0.13409161567687988,1.0,0.0,1.0,0.0,1.0,0.0,1.0,0.0,1.0,0.0
0.049999999999999996,0.6396484375,1.0,0.0,0.8603879809379578,0.13961201906204224,1.0,0.0,1.0,0.0,1.0,0.0,1.0,0.0,1.0,0.0
0.049999999999999996,0.6416015625,1.0,0.0,0.8520805835723877,0.1479194164276123,1.0,0.0,1.0,0.0,1.0,0.0,1.0,0.0,1.0,0.0
0.049999999999999996,0.6435546875,1.0,0.0,0.8416453003883362,0.15835469961166382,1.0,0.0,1.0,0.0,1.0,0.0,1.0,0.0,1.0,0.0
0.049999999999999996,0.6455078125,1.0,0.0,0.8299332857131958,0.1700667142868042,1.0,0.0,1.0,0.0,1.0,0.0,1.0,0.0,1.0,0.0
0.049999999999999996,0.6474609375,1.0,0.0,0.8178691864013672,0.1821308135986328,1.0,0.0,1.0,0.0,1.0,0.0,1.0,0.0,1.0,0.0
0.049999999999999996,0.6494140625,1.0,0.0,0.8063490986824036,0.19365090131759644,1.0,0.0,1.0,0.0,1.0,0.0,1.0,0.0,1.0,0.0
0.049999999999999996,0.6513671875,1.0,0.0,0.7961620688438416,0.20383793115615845,1.0,0.0,1.0,0.0,1.0,0.0,1.0,0.0,1.0,0.0
0.049999999999999996,0.6533203125,1.0,0.0,0.7879475355148315,0.21205246448516846,1.0,0.0,1.0,0.0,1.0,0.0,1.0,0.0,1.0,0.0
0.049999999999999996,0.6552734375,1.0,0.0,0.7821747064590454,0.2178252935409546,1.0,0.0,1.0,0.0,1.0,0.0,1.0,0.0,1.0,0.0
0.049999999999999996,0.6572265625,1.0,0.0,0.7791476845741272,0.2208523154258728,1.0,0.0,1.0,0.0,1.0,0.0,1.0,0.0,1.0,0.0
0.049999999999999996,0.6591796875,1.0,0.0,0.7790194749832153,0.22098052501678467,1.0,0.0,1.0,0.0,1.0,0.0,1.0,0.0,1.0,0.0
0.049999999999999996,0.6611328125,1.0,0.0,0.7818135023117065,0.21818649768829346,1.0,0.0,1.0,0.0,1.0,0.0,1.0,0.0,1.0,0.0
0.049999999999999996,0.6630859375,1.0,0.0,0.7874374985694885,0.21256250143051147,1.0,0.0,1.0,0.0,1.0,0.0,1.0,0.0,1.0,0.0
0.049999999999999996,0.6650390625,1.0,0.0,0.7956866025924683,0.20431339740753174,1.0,0.0,1.0,0.0,1.0,0.0,1.0,0.0,1.0,0.0
0.049999999999999996,0.6669921875,1.0,0.0,0.8062345385551453,0.19376546144485474,1.0,0.0,1.0,0.0,1.0,0.0,1.0,0.0,1.0,0.0
0.049999999999999996,0.6689453125,1.0,0.0,0.8186099529266357,0.18139004707336426,1.0,0.0,1.0,0.0,1.0,0.0,1.0,0.0,1.0,0.0
0.049999999999999996,0.6708984375,1.0,0.0,0.8321844339370728,0.16781556606292725,1.0,0.0,1.0,0.0,1.0,0.0,1.0,0.0,1.0,0.0
0.049999999999999996,0.6728515625,1.0,0.0,0.8461772203445435,0.15382277965545654,1.0,0.0,1.0,0.0,1.0,0.0,1.0,0.0,1.0,0.0
0.049999999999999996,0.6748046875,1.0,0.0,0.8596974611282349,0.14030253887176514,1.0,0.0,1.0,0.0,1.0,0.0,1.0,0.0,1.0,0.0
0.049999999999999996,0.6767578125,1.0,0.0,0.871818482875824,0.12818151712417603,1.0,0.0,1.0,0.0,1.0,0.0,1.0,0.0,1.0,0.0
0.049999999999999996,0.6787109375,1.0,0.0,0.8816731572151184,0.11832684278488159,1.0,0.0,1.0,0.0,1.0,0.0,1.0,0.0,1.0,0.0
0.049999999999999996,0.6806640625,1.0,0.0,0.8885520100593567,0.11144798994064331,1.0,0.0,1.0,0.0,1.0,0.0,1.0,0.0,1.0,0.0
0.049999999999999996,0.6826171875,1.0,0.0,0.8919795751571655,0.10802042484283447,1.0,0.0,1.0,0.0,1.0,0.0,1.0,0.0,1.0,0.0
0.049999999999999996,0.6845703125,1.0,0.0,0.8917596936225891,0.10824030637741089,1.0,0.0,1.0,0.0,1.0,0.0,1.0,0.0,1.0,0.0
0.049999999999999996,0.6865234375,1.0,0.0,0.887976884841919,0.11202311515808105,1.0,0.0,1.0,0.0,1.0,0.0,1.0,0.0,1.0,0.0
0.049999999999999996,0.6884765625,1.0,0.0,0.8809639811515808,0.11903601884841919,1.0,0.0,1.0,0.0,1.0,0.0,1.0,0.0,1.0,0.0
0.049999999999999996,0.6904296875,1.0,0.0,0.8712449669837952,0.12875503301620483,1.0,0.0,1.0,0.0,1.0,0.0,1.0,0.0,1.0,0.0
0.049999999999999996,0.6923828125,1.0,0.0,0.8594679236412048,0.14053207635879517,1.0,0.0,1.0,0.0,1.0,0.0,1.0,0.0,1.0,0.0
0.049999999999999996,0.6943359375,1.0,0.0,0.8463437557220459,0.1536562442779541,1.0,0.0,1.0,0.0,1.0,0.0,1.0,0.0,1.0,0.0
0.049999999999999996,0.6962890625,1.0,0.0,0.8325924277305603,0.1674075722694397,1.0,0.0,1.0,0.0,1.0,0.0,1.0,0.0,1.0,0.0
0.049999999999999996,0.6982421875,1.0,0.0,0.8188999891281128,0.1811000108718872,1.0,0.0,1.0,0.0,1.0,0.0,1.0,0.0,1.0,0.0
0.049999999999999996,0.7001953125,1.0,0.0,0.8058783411979675,0.19412165880203247,1.0,0.0,1.0,0.0,1.0,0.0,1.0,0.0,1.0,0.0
0.049999999999999996,0.7021484375,1.0,0.0,0.7940363883972168,0.2059636116027832,1.0,0.0,1.0,0.0,1.0,0.0,1.0,0.0,1.0,0.0
0.049999999999999996,0.7041015625,1.0,0.0,0.7837623357772827,0.21623766422271729,1.0,0.0,1.0,0.0,1.0,0.0,1.0,0.0,1.0,0.0
0.049999999999999996,0.7060546875,1.0,0.0,0.7753187417984009,0.22468125820159912,1.0,0.0,1.0,0.0,1.0,0.0,1.0,0.0,1.0,0.0
0.049999999999999996,0.7080078125,1.0,0.0,0.7688527703285217,0.23114722967147827,1.0,0.0,1.0,0.0,1.0,0.0,1.0,0.0,1.0,0.0
0.049999999999999996,0.7099609375,1.0,0.0,0.764412522315979,0.235587477684021,1.0,0.0,1.0,0.0,1.0,0.0,1.0,0.0,1.0,0.0
0.049999999999999996,0.7119140625,1.0,0.0,0.7619674801826477,0.2380325198173523,1.0,0.0,1.0,0.0,1.0,0.0,1.0,0.0,1.0,0.0
0.049999999999999996,0.7138671875,1.0,0.0,0.7614286541938782,0.23857134580612183,1.0,0.0,1.0,0.0,1.0,0.0,1.0,0.0,1.0,0.0
0.049999999999999996,0.7158203125,1.0,0.0,0.7626640200614929,0.23733597993850708,1.0,0.0,1.0,0.0,1.0,0.0,1.0,0.0,1.0,0.0
0.049999999999999996,0.7177734375,1.0,0.0,0.7655103206634521,0.23448967933654785,1.0,0.0,1.0,0.0,1.0,0.0,1.0,0.0,1.0,0.0
0.049999999999999996,0.7197265625,1.0,0.0,0.7697889804840088,0.2302110195159912,1.0,0.0,1.0,0.0,1.0,0.0,1.0,0.0,1.0,0.0
0.049999999999999996,0.7216796875,1.0,0.0,0.7753130793571472,0.22468692064285278,1.0,0.0,1.0,0.0,1.0,0.0,1.0,0.0,1.0,0.0
0.049999999999999996,0.7236328125,1.0,0.0,0.7819011211395264,0.21809887886047363,1.0,0.0,1.0,0.0,1.0,0.0,1.0,0.0,1.0,0.0
0.049999999999999996,0.7255859375,1.0,0.0,0.7893885970115662,0.21061140298843384,1.0,0.0,1.0,0.0,1.0,0.0,1.0,0.0,1.0,0.0
0.049999999999999996,0.7275390625,1.0,0.0,0.7976372838020325,0.20236271619796753,1.0,0.0,1.0,0.0,1.0,0.0,1.0,0.0,1.0,0.0
0.049999999999999996,0.7294921875,1.0,0.0,0.8065364956855774,0.1934635043144226,1.0,0.0,1.0,0.0,1.0,0.0,1.0,0.0,1.0,0.0
0.049999999999999996,0.7314453125,1.0,0.0,0.8159966468811035,0.18400335311889648,1.0,0.0,1.0,0.0,1.0,0.0,1.0,0.0,1.0,0.0
0.049999999999999996,0.7333984375,1.0,0.0,0.8259310126304626,0.17406898736953735,1.0,0.0,1.0,0.0,1.0,0.0,1.0,0.0,1.0,0.0
0.049999999999999996,0.7353515625,1.0,0.0,0.8362299203872681,0.16377007961273193,1.0,0.0,1.0,0.0,1.0,0.0,1.0,0.0,1.0,0.0
0.049999999999999996,0.7373046875,1.0,0.0,0.846734344959259,0.15326565504074097,1.0,0.0,1.0,0.0,1.0,0.0,1.0,0.0,1.0,0.0
0.049999999999999996,0.7392578125,1.0,0.0,0.8572162985801697,0.14278370141983032,1.0,0.0,1.0,0.0,1.0,0.0,1.0,0.0,1.0,0.0
0.049999999999999996,0.7412109375,1.0,0.0,0.8673737049102783,0.13262629508972168,1.0,0.0,1.0,0.0,1.0,0.0,1.0,0.0,1.0,0.0
0.049999999999999996,0.7431640625,1.0,0.0,0.8768515586853027,0.12314844131469727,1.0,0.0,1.0,0.0,1.0,0.0,1.0,0.0,1.0,0.0
0.049999999999999996,0.7451171875,1.0,0.0,0.885277509689331,0.11472249031066895,1.0,0.0,1.0,0.0,1.0,0.0,1.0,0.0,1.0,0.0
0.049999999999999996,0.7470703125,1.0,0.0,0.892318069934845,0.10768193006515503,1.0,0.0,1.0,0.0,1.0,0.0,1.0,0.0,1.0,0.0
0.049999999999999996,0.7490234375,1.0,0.0,0.8977259993553162,0.10227400064468384,1.0,0.0,1.0,0.0,1.0,0.0,1.0,0.0,1.0,0.0
0.049999999999999996,0.7509765625,1.0,0.0,0.9013779759407043,0.09862202405929565,1.0,0.0,1.0,0.0,1.0,0.0,1.0,0.0,1.0,0.0
0.049999999999999996,0.7529296875,1.0,0.0,0.9032813906669617,0.09671860933303833,1.0,0.0,1.0,0.0,1.0,0.0,1.0,0.0,1.0,0.0
0.049999999999999996,0.7548828125,1.0,0.0,0.9035583734512329,0.09644162654876709,1.0,0.0,1.0,0.0,1.0,0.0,1.0,0.0,1.0,0.0
0.049999999999999996,0.7568359375,1.0,0.0,0.9024107456207275,0.09758925437927246,1.0,0.0,1.0,0.0,1.0,0.0,1.0,0.0,1.0,0.0
0.049999999999999996,0.7587890625,1.0,0.0,0.9000832438468933,0.09991675615310669,1.0,0.0,1.0,0.0,1.0,0.0,1.0,0.0,1.0,0.0
0.049999999999999996,0.7607421875,1.0,0.0,0.896838366985321,0.10316163301467896,1.0,0.0,1.0,0.0,1.0,0.0,1.0,0.0,1.0,0.0
0.049999999999999996,0.7626953125,1.0,0.0,0.8929409384727478,0.1070590615272522,1.0,0.0,1.0,0.0,1.0,0.0,1.0,0.0,1.0,0.0
0.049999999999999996,0.7646484375,1.0,0.0,0.8886644244194031,0.11133557558059692,1.0,0.0,1.0,0.0,1.0,0.0,1.0,0.0,1.0,0.0
0.049999999999999996,0.7666015625,1.0,0.0,0.8842966556549072,0.11570334434509277,1.0,0.0,1.0,0.0,1.0,0.0,1.0,0.0,1.0,0.0
0.049999999999999996,0.7685546875,1.0,0.0,0.8801475763320923,0.11985242366790771,1.0,0.0,1.0,0.0,1.0,0.0,1.0,0.0,1.0,0.0
0.049999999999999996,0.7705078125,1.0,0.0,0.8765487670898438,0.12345123291015625,1.0,0.0,1.0,0.0,1.0,0.0,1.0,0.0,1.0,0.0
0.049999999999999996,0.7724609375,1.0,0.0,0.8738373517990112,0.12616264820098877,1.0,0.0,1.0,0.0,1.0,0.0,1.0,0.0,1.0,0.0
0.049999999999999996,0.7744140625,1.0,0.0,0.8723310828208923,0.12766891717910767,1.0,0.0,1.0,0.0,1.0,0.0,1.0,0.0,1.0,0.0
0.049999999999999996,0.7763671875,1.0,0.0,0.8722891807556152,0.12771081924438477,1.0,0.0,1.0,0.0,1.0,0.0,1.0,0.0,1.0,0.0
0.049999999999999996,0.7783203125,1.0,0.0,0.8738815784454346,0.12611842155456543,1.0,0.0,1.0,0.0,1.0,0.0,1.0,0.0,1.0,0.0
0.049999999999999996,0.7802734375,1.0,0.0,0.8771582841873169,0.1228417158126831,1.0,0.0,1.0,0.0,1.0,0.0,1.0,0.0,1.0,0.0
0.049999999999999996,0.7822265625,1.0,0.0,0.8820346593856812,0.11796534061431885,1.0,0.0,1.0,0.0,1.0,0.0,1.0,0.0,1.0,0.0
0.049999999999999996,0.7841796875,1.0,0.0,0.8882872462272644,0.1117127537727356,1.0,0.0,1.0,0.0,1.0,0.0,1.0,0.0,1.0,0.0
0.049999999999999996,0.7861328125,1.0,0.0,0.895563542842865,0.10443645715713501,1.0,0.0,1.0,0.0,1.0,0.0,1.0,0.0,1.0,0.0
0.049999999999999996,0.7880859375,1.0,0.0,0.9034026265144348,0.09659737348556519,1.0,0.0,1.0,0.0,1.0,0.0,1.0,0.0,1.0,0.0
0.049999999999999996,0.7900390625,1.0,0.0,0.9112629294395447,0.08873707056045532,1.0,0.0,1.0,0.0,1.0,0.0,1.0,0.0,1.0,0.0
0.049999999999999996,0.7919921875,1.0,0.0,0.9185584187507629,0.08144158124923706,1.0,0.0,1.0,0.0,1.0,0.0,1.0,0.0,1.0,0.0
0.049999999999999996,0.7939453125,1.0,0.0,0.9247009754180908,0.07529902458190918,1.0,0.0,1.0,0.0,1.0,0.0,1.0,0.0,1.0,0.0
0.049999999999999996,0.7958984375,1.0,0.0,0.9291506409645081,0.07084935903549194,1.0,0.0,1.0,0.0,1.0,0.0,1.0,0.0,1.0,0.0
0.049999999999999996,0.7978515625,1.0,0.0,0.9314634799957275,0.06853652000427246,1.0,0.0,1.0,0.0,1.0,0.0,1.0,0.0,1.0,0.0
0.049999999999999996,0.7998046875,1.0,0.0,0.9313360452651978,0.06866395473480225,1.0,0.0,1.0,0.0,1.0,0.0,1.0,0.0,1.0,0.0
0.049999999999999996,0.8017578125,1.0,0.0,0.9286401867866516,0.07135981321334839,1.0,0.0,1.0,0.0,1.0,0.0,1.0,0.0,1.0,0.0
0.049999999999999996,0.8037109375,1.0,0.0,0.9234369993209839,0.07656300067901611,1.0,0.0,1.0,0.0,1.0,0.0,1.0,0.0,1.0,0.0
0.049999999999999996,0.8056640625,1.0,0.0,0.9159753918647766,0.08402460813522339,1.0,0.0,1.0,0.0,1.0,0.0,1.0,0.0,1.0,0.0
0.049999999999999996,0.8076171875,1.0,0.0,0.9066685438156128,0.09333145618438721,1.0,0.0,1.0,0.0,1.0,0.0,1.0,0.0,1.0,0.0
0.049999999999999996,0.8095703125,1.0,0.0,0.8960610032081604,0.1039389967918396,1.0,0.0,1.0,0.0,1.0,0.0,1.0,0.0,1.0,0.0
0.049999999999999996,0.8115234375,1.0,0.0,0.8847828507423401,0.11521714925765991,1.0,0.0,1.0,0.0,1.0,0.0,1.0,0.0,1.0,0.0
0.049999999999999996,0.8134765625,1.0,0.0,0.8735019564628601,0.1264980435371399,1.0,0.0,1.0,0.0,1.0,0.0,1.0,0.0,1.0,0.0
0.049999999999999996,0.8154296875,1.0,0.0,0.8628739714622498,0.13712602853775024,1.0,0.0,1.0,0.0,1.0,0.0,1.0,0.0,1.0,0.0
0.049999999999999996,0.8173828125,1.0,0.0,0.8534960746765137,0.14650392532348633,1.0,0.0,1.0,0.0,1.0,0.0,1.0,0.0,1.0,0.0
0.049999999999999996,0.8193359375,1.0,0.0,0.8458667397499084,0.15413326025009155,1.0,0.0,1.0,0.0,1.0,0.0,1.0,0.0,1.0,0.0
0.049999999999999996,0.8212890625,1.0,0.0,0.8403564095497131,0.15964359045028687,1.0,0.0,1.0,0.0,1.0,0.0,1.0,0.0,1.0,0.0
0.049999999999999996,0.8232421875,1.0,0.0,0.8371933102607727,0.1628066897392273,1.0,0.0,1.0,0.0,1.0,0.0,1.0,0.0,1.0,0.0
0.049999999999999996,0.8251953125,1.0,0.0,0.8364577889442444,0.16354221105575562,1.0,0.0,1.0,0.0,1.0,0.0,1.0,0.0,1.0,0.0
0.049999999999999996,0.8271484375,1.0,0.0,0.8380851149559021,0.1619148850440979,1.0,0.0,1.0,0.0,1.0,0.0,1.0,0.0,1.0,0.0
0.049999999999999996,0.8291015625,1.0,0.0,0.8418751358985901,0.1581248641014099,1.0,0.0,1.0,0.0,1.0,0.0,1.0,0.0,1.0,0.0
0.049999999999999996,0.8310546875,1.0,0.0,0.8475015163421631,0.15249848365783691,1.0,0.0,1.0,0.0,1.0,0.0,1.0,0.0,1.0,0.0
0.049999999999999996,0.8330078125,1.0,0.0,0.854526937007904,0.14547306299209595,1.0,0.0,1.0,0.0,1.0,0.0,1.0,0.0,1.0,0.0
0.049999999999999996,0.8349609375,1.0,0.0,0.8624191880226135,0.13758081197738647,1.0,0.0,1.0,0.0,1.0,0.0,1.0,0.0,1.0,0.0
0.049999999999999996,0.8369140625,1.0,0.0,0.8705741763114929,0.12942582368850708,1.0,0.0,1.0,0.0,1.0,0.0,1.0,0.0,1.0,0.0
0.049999999999999996,0.8388671875,1.0,0.0,0.8783504366874695,0.12164956331253052,1.0,0.0,1.0,0.0,1.0,0.0,1.0,0.0,1.0,0.0
0.049999999999999996,0.8408203125,1.0,0.0,0.8851057887077332,0.11489421129226685,1.0,0.0,1.0,0.0,1.0,0.0,1.0,0.0,1.0,0.0
0.049999999999999996,0.8427734375,1.0,0.0,0.8902444243431091,0.10975557565689087,1.0,0.0,1.0,0.0,1.0,0.0,1.0,0.0,1.0,0.0
0.049999999999999996,0.8447265625,1.0,0.0,0.8932610750198364,0.10673892498016357,1.0,0.0,1.0,0.0,1.0,0.0,1.0,0.0,1.0,0.0
0.049999999999999996,0.8466796875,1.0,0.0,0.8937835097312927,0.10621649026870728,1.0,0.0,1.0,0.0,1.0,0.0,1.0,0.0,1.0,0.0
0.049999999999999996,0.8486328125,1.0,0.0,0.8916014432907104,0.10839855670928955,1.0,0.0,1.0,0.0,1.0,0.0,1.0,0.0,1.0,0.0
0.049999999999999996,0.8505859375,1.0,0.0,0.8866884112358093,0.11331158876419067,1.0,0.0,1.0,0.0,1.0,0.0,1.0,0.0,1.0,0.0
0.049999999999999996,0.8525390625,1.0,0.0,0.8792054653167725,0.12079453468322754,1.0,0.0,1.0,0.0,1.0,0.0,1.0,0.0,1.0,0.0
0.049999999999999996,0.8544921875,1.0,0.0,0.8694952130317688,0.1305047869682312,1.0,0.0,1.0,0.0,1.0,0.0,1.0,0.0,1.0,0.0
0.049999999999999996,0.8564453125,1.0,0.0,0.8580573797225952,0.14194262027740479,1.0,0.0,1.0,0.0,1.0,0.0,1.0,0.0,1.0,0.0
0.049999999999999996,0.8583984375,1.0,0.0,0.8455155491828918,0.15448445081710815,1.0,0.0,1.0,0.0,1.0,0.0,1.0,0.0,1.0,0.0
0.049999999999999996,0.8603515625,1.0,0.0,0.8325628638267517,0.1674371361732483,1.0,0.0,1.0,0.0,1.0,0.0,1.0,0.0,1.0,0.0
0.049999999999999996,0.8623046875,1.0,0.0,0.81989985704422,0.18010014295578003,1.0,0.0,1.0,0.0,1.0,0.0,1.0,0.0,1.0,0.0
0.049999999999999996,0.8642578125,1.0,0.0,0.8081705570220947,0.19182944297790527,1.0,0.0,1.0,0.0,1.0,0.0,1.0,0.0,1.0,0.0
0.049999999999999996,0.8662109375,1.0,0.0,0.7979080080986023,0.2020919919013977,1.0,0.0,1.0,0.0,1.0,0.0,1.0,0.0,1.0,0.0
0.049999999999999996,0.8681640625,1.0,0.0,0.7894948720932007,0.21050512790679932,1.0,0.0,1.0,0.0,1.0,0.0,1.0,0.0,1.0,0.0
0.049999999999999996,0.8701171875,1.0,0.0,0.7831497192382812,0.21685028076171875,1.0,0.0,1.0,0.0,1.0,0.0,1.0,0.0,1.0,0.0
0.049999999999999996,0.8720703125,1.0,0.0,0.7789257764816284,0.22107422351837158,1.0,0.0,1.0,0.0,1.0,0.0,1.0,0.0,1.0,0.0
0.049999999999999996,0.8740234375,1.0,0.0,0.7767294645309448,0.22327053546905518,1.0,0.0,1.0,0.0,1.0,0.0,1.0,0.0,1.0,0.0
0.049999999999999996,0.8759765625,1.0,0.0,0.7763460278511047,0.22365397214889526,1.0,0.0,1.0,0.0,1.0,0.0,1.0,0.0,1.0,0.0
0.049999999999999996,0.8779296875,1.0,0.0,0.7774693965911865,0.22253060340881348,1.0,0.0,1.0,0.0,1.0,0.0,1.0,0.0,1.0,0.0
0.049999999999999996,0.8798828125,1.0,0.0,0.7797381281852722,0.22026187181472778,1.0,0.0,1.0,0.0,1.0,0.0,1.0,0.0,1.0,0.0
0.049999999999999996,0.8818359375,1.0,0.0,0.7827711701393127,0.21722882986068726,1.0,0.0,1.0,0.0,1.0,0.0,1.0,0.0,1.0,0.0
0.049999999999999996,0.8837890625,1.0,0.0,0.7861976027488708,0.21380239725112915,1.0,0.0,1.0,0.0,1.0,0.0,1.0,0.0,1.0,0.0
0.049999999999999996,0.8857421875,1.0,0.0,0.7896869778633118,0.21031302213668823,1.0,0.0,1.0,0.0,1.0,0.0,1.0,0.0,1.0,0.0
0.049999999999999996,0.8876953125,1.0,0.0,0.7929617762565613,0.20703822374343872,1.0,0.0,1.0,0.0,1.0,0.0,1.0,0.0,1.0,0.0
0.049999999999999996,0.8896484375,1.0,0.0,0.7958118915557861,0.20418810844421387,1.0,0.0,1.0,0.0,1.0,0.0,1.0,0.0,1.0,0.0
0.049999999999999996,0.8916015625,1.0,0.0,0.7980965971946716,0.20190340280532837,1.0,0.0,1.0,0.0,1.0,0.0,1.0,0.0,1.0,0.0
0.049999999999999996,0.8935546875,1.0,0.0,0.7997454404830933,0.20025455951690674,1.0,0.0,1.0,0.0,1.0,0.0,1.0,0.0,1.0,0.0
0.049999999999999996,0.8955078125,1.0,0.0,0.800753116607666,0.19924688339233398,1.0,0.0,1.0,0.0,1.0,0.0,1.0,0.0,1.0,0.0
0.049999999999999996,0.8974609375,1.0,0.0,0.8011745810508728,0.1988254189491272,1.0,0.0,1.0,0.0,1.0,0.0,1.0,0.0,1.0,0.0
0.049999999999999996,0.8994140625,1.0,0.0,0.8011154532432556,0.19888454675674438,1.0,0.0,1.0,0.0,1.0,0.0,1.0,0.0,1.0,0.0
0.049999999999999996,0.9013671875,1.0,0.0,0.800719141960144,0.19928085803985596,1.0,0.0,1.0,0.0,1.0,0.0,1.0,0.0,1.0,0.0
0.049999999999999996,0.9033203125,1.0,0.0,0.8001495599746704,0.1998504400253296,1.0,0.0,1.0,0.0,1.0,0.0,1.0,0.0,1.0,0.0
0.049999999999999996,0.9052734375,1.0,0.0,0.7995797395706177,0.20042026042938232,1.0,0.0,1.0,0.0,1.0,0.0,1.0,0.0,1.0,0.0
0.049999999999999996,0.9072265625,1.0,0.0,0.7991719841957092,0.20082801580429077,1.0,0.0,1.0,0.0,1.0,0.0,1.0,0.0,1.0,0.0
0.049999999999999996,0.9091796875,1.0,0.0,0.7990652322769165,0.2009347677230835,1.0,0.0,1.0,0.0,1.0,0.0,1.0,0.0,1.0,0.0
0.049999999999999996,0.9111328125,1.0,0.0,0.7993610501289368,0.20063894987106323,1.0,0.0,1.0,0.0,1.0,0.0,1.0,0.0,1.0,0.0
0.049999999999999996,0.9130859375,1.0,0.0,0.8001120686531067,0.1998879313468933,1.0,0.0,1.0,0.0,1.0,0.0,1.0,0.0,1.0,0.0
0.049999999999999996,0.9150390625,1.0,0.0,0.8013067245483398,0.19869327545166016,1.0,0.0,1.0,0.0,1.0,0.0,1.0,0.0,1.0,0.0
0.049999999999999996,0.9169921875,1.0,0.0,0.8028626441955566,0.19713735580444336,1.0,0.0,1.0,0.0,1.0,0.0,1.0,0.0,1.0,0.0
0.049999999999999996,0.9189453125,1.0,0.0,0.8046205639839172,0.19537943601608276,1.0,0.0,1.0,0.0,1.0,0.0,1.0,0.0,1.0,0.0
0.049999999999999996,0.9208984375,1.0,0.0,0.8063466548919678,0.19365334510803223,1.0,0.0,1.0,0.0,1.0,0.0,1.0,0.0,1.0,0.0
0.049999999999999996,0.9228515625,1.0,0.0,0.8077427744865417,0.19225722551345825,1.0,0.0,1.0,0.0,1.0,0.0,1.0,0.0,1.0,0.0
0.049999999999999996,0.9248046875,1.0,0.0,0.8084665536880493,0.19153344631195068,1.0,0.0,1.0,0.0,1.0,0.0,1.0,0.0,1.0,0.0
0.049999999999999996,0.9267578125,1.0,0.0,0.8081591129302979,0.19184088706970215,1.0,0.0,1.0,0.0,1.0,0.0,1.0,0.0,1.0,0.0
0.049999999999999996,0.9287109375,1.0,0.0,0.8081493973731995,0.19185060262680054,1.0,0.0,1.0,0.0,1.0,0.0,1.0,0.0,1.0,0.0
0.049999999999999996,0.9306640625,1.0,0.0,0.8170111179351807,0.18298888206481934,1.0,0.0,1.0,0.0,1.0,0.0,1.0,0.0,1.0,0.0
0.049999999999999996,0.9326171875,1.0,0.0,0.8238643407821655,0.17613565921783447,1.0,0.0,1.0,0.0,1.0,0.0,1.0,0.0,1.0,0.0
0.049999999999999996,0.9345703125,1.0,0.0,0.8280855417251587,0.1719144582748413,1.0,0.0,1.0,0.0,1.0,0.0,1.0,0.0,1.0,0.0
0.049999999999999996,0.9365234375,1.0,0.0,0.829059362411499,0.17094063758850098,1.0,0.0,1.0,0.0,1.0,0.0,1.0,0.0,1.0,0.0
0.049999999999999996,0.9384765625,1.0,0.0,0.8262709975242615,0.17372900247573853,1.0,0.0,1.0,0.0,1.0,0.0,1.0,0.0,1.0,0.0
0.049999999999999996,0.9404296875,1.0,0.0,0.8193897008895874,0.1806102991104126,1.0,0.0,1.0,0.0,1.0,0.0,1.0,0.0,1.0,0.0
0.049999999999999996,0.9423828125,1.0,0.0,0.8083359599113464,0.19166404008865356,1.0,0.0,1.0,0.0,1.0,0.0,1.0,0.0,1.0,0.0
0.049999999999999996,0.9443359375,1.0,0.0,0.7933021783828735,0.20669782161712646,1.0,0.0,1.0,0.0,1.0,0.0,1.0,0.0,1.0,0.0
0.049999999999999996,0.9462890625,1.0,0.0,0.7747378349304199,0.22526216506958008,1.0,0.0,1.0,0.0,1.0,0.0,1.0,0.0,1.0,0.0
0.049999999999999996,0.9482421875,1.0,0.0,0.7532967925071716,0.24670320749282837,1.0,0.0,1.0,0.0,1.0,0.0,1.0,0.0,1.0,0.0
0.049999999999999996,0.9501953125,1.0,0.0,0.729785144329071,0.27021485567092896,1.0,0.0,1.0,0.0,1.0,0.0,1.0,0.0,1.0,0.0
0.049999999999999996,0.9521484375,1.0,0.0,0.7051040530204773,0.2948959469795227,1.0,0.0,1.0,0.0,1.0,0.0,1.0,0.0,1.0,0.0
0.049999999999999996,0.9541015625,1.0,0.0,0.6801986694335938,0.31980133056640625,1.0,0.0,1.0,0.0,1.0,0.0,1.0,0.0,1.0,0.0
0.049999999999999996,0.9560546875,1.0,0.0,0.6559978723526001,0.3440021276473999,1.0,0.0,1.0,0.0,1.0,0.0,1.0,0.0,1.0,0.0
0.049999999999999996,0.9580078125,1.0,0.0,0.6380813121795654,0.36191868782043457,1.0,0.0,1.0,0.0,1.0,0.0,1.0,0.0,1.0,0.0
0.049999999999999996,0.9599609375,1.0,0.0,0.6290901303291321,0.3709098696708679,1.0,0.0,1.0,0.0,1.0,0.0,1.0,0.0,1.0,0.0
0.049999999999999996,0.9619140625,1.0,0.0,0.6216095089912415,0.37839049100875854,1.0,0.0,1.0,0.0,1.0,0.0,1.0,0.0,1.0,0.0
0.049999999999999996,0.9638671875,1.0,0.0,0.6155927777290344,0.3844072222709656,1.0,0.0,1.0,0.0,1.0,0.0,1.0,0.0,1.0,0.0
0.049999999999999996,0.9658203125,1.0,0.0,0.6108943819999695,0.3891056180000305,1.0,0.0,1.0,0.0,1.0,0.0,1.0,0.0,1.0,0.0
0.049999999999999996,0.9677734375,1.0,0.0,0.6072933673858643,0.39270663261413574,1.0,0.0,1.0,0.0,1.0,0.0,1.0,0.0,1.0,0.0
0.049999999999999996,0.9697265625,1.0,0.0,0.6045399308204651,0.3954600691795349,1.0,0.0,1.0,0.0,1.0,0.0,1.0,0.0,1.0,0.0
0.049999999999999996,0.9716796875,1.0,0.0,0.6024083495140076,0.39759165048599243,1.0,0.0,1.0,0.0,1.0,0.0,1.0,0.0,1.0,0.0
0.049999999999999996,0.9736328125,1.0,0.0,0.6007511615753174,0.3992488384246826,1.0,0.0,1.0,0.0,1.0,0.0,1.0,0.0,1.0,0.0
0.049999999999999996,0.9755859375,1.0,0.0,0.5995400547981262,0.4004599452018738,1.0,0.0,1.0,0.0,1.0,0.0,1.0,0.0,1.0,0.0
0.049999999999999996,0.9775390625,1.0,0.0,0.5988917350769043,0.4011082649230957,1.0,0.0,1.0,0.0,1.0,0.0,1.0,0.0,1.0,0.0
0.049999999999999996,0.9794921875,1.0,0.0,0.599082350730896,0.400917649269104,1.0,0.0,1.0,0.0,1.0,0.0,1.0,0.0,1.0,0.0
0.049999999999999996,0.9814453125,1.0,0.0,0.6005546450614929,0.3994453549385071,1.0,0.0,1.0,0.0,1.0,0.0,1.0,0.0,1.0,0.0
0.049999999999999996,0.9833984375,1.0,0.0,0.6039171814918518,0.3960828185081482,1.0,0.0,1.0,0.0,1.0,0.0,1.0,0.0,1.0,0.0
0.049999999999999996,0.9853515625,1.0,0.0,0.6099370121955872,0.39006298780441284,1.0,0.0,1.0,0.0,1.0,0.0,1.0,0.0,1.0,0.0
0.049999999999999996,0.9873046875,1.0,0.0,0.6195076704025269,0.38049232959747314,1.0,0.0,1.0,0.0,1.0,0.0,1.0,0.0,1.0,0.0
0.049999999999999996,0.9892578125,1.0,0.0,0.6278892755508423,0.3721107244491577,1.0,0.0,1.0,0.0,1.0,0.0,1.0,0.0,1.0,0.0
0.049999999999999996,0.9912109375,1.0,0.0,0.6330214738845825,0.3669785261154175,1.0,0.0,1.0,0.0,1.0,0.0,1.0,0.0,1.0,0.0
0.049999999999999996,0.9931640625,1.0,0.0,0.6417970061302185,0.3582029938697815,1.0,0.0,1.0,0.0,1.0,0.0,1.0,0.0,1.0,0.0
0.049999999999999996,0.9951171875,1.0,0.0,0.6547708511352539,0.3452291488647461,1.0,0.0,1.0,0.0,1.0,0.0,1.0,0.0,1.0,0.0
0.049999999999999996,0.9970703125,1.0,0.0,0.6723707318305969,0.3276292681694031,1.0,0.0,1.0,0.0,1.0,0.0,1.0,0.0,1.0,0.0
0.049999999999999996,0.9990234375,1.0,0.0,0.6947653293609619,0.3052346706390381,1.0,0.0,1.0,0.0,1.0,0.0,1.0,0.0,1.0,0.0
0.06249999999999999,0.0009765625,1.0,0.0,1.1091071367263794,0.1091071367263794,1.0,0.0,1.0,0.0,1.0,0.0,1.0,0.0,1.0,0.0
0.06249999999999999,0.0029296875,1.0,0.0,1.1385608911514282,0.13856089115142822,1.0,0.0,1.0,0.0,1.0,0.0,1.0,0.0,1.0,0.0
0.06249999999999999,0.0048828125,1.0,0.0,1.165334939956665,0.16533493995666504,1.0,0.0,1.0,0.0,1.0,0.0,1.0,0.0,1.0,0.0
0.06249999999999999,0.0068359375,1.0,0.0,1.188403844833374,0.18840384483337402,1.0,0.0,1.0,0.0,1.0,0.0,1.0,0.0,1.0,0.0
0.06249999999999999,0.0087890625,1.0,0.0,1.2070821523666382,0.20708215236663818,1.0,0.0,1.0,0.0,1.0,0.0,1.0,0.0,1.0,0.0
0.06249999999999999,0.0107421875,1.0,0.0,1.2210056781768799,0.22100567817687988,1.0,0.0,1.0,0.0,1.0,0.0,1.0,0.0,1.0,0.0
0.06249999999999999,0.0126953125,1.0,0.0,1.2300745248794556,0.23007452487945557,1.0,0.0,1.0,0.0,1.0,0.0,1.0,0.0,1.0,0.0
0.06249999999999999,0.0146484375,1.0,0.0,1.2343910932540894,0.23439109325408936,1.0,0.0,1.0,0.0,1.0,0.0,1.0,0.0,1.0,0.0
0.06249999999999999,0.0166015625,1.0,0.0,1.2342063188552856,0.23420631885528564,1.0,0.0,1.0,0.0,1.0,0.0,1.0,0.0,1.0,0.0
0.06249999999999999,0.0185546875,1.0,0.0,1.2298767566680908,0.22987675666809082,1.0,0.0,1.0,0.0,1.0,0.0,1.0,0.0,1.0,0.0
0.06249999999999999,0.0205078125,1.0,0.0,1.2218252420425415,0.2218252420425415,1.0,0.0,1.0,0.0,1.0,0.0,1.0,0.0,1.0,0.0
0.06249999999999999,0.0224609375,1.0,0.0,1.205588459968567,0.2055884599685669,1.0,0.0,1.0,0.0,1.0,0.0,1.0,0.0,1.0,0.0
0.06249999999999999,0.0244140625,1.0,0.0,1.1792185306549072,0.17921853065490723,1.0,0.0,1.0,0.0,1.0,0.0,1.0,0.0,1.0,0.0
0.06249999999999999,0.0263671875,1.0,0.0,1.1537224054336548,0.15372240543365479,1.0,0.0,1.0,0.0,1.0,0.0,1.0,0.0,1.0,0.0
0.06249999999999999,0.0283203125,1.0,0.0,1.129503607749939,0.12950360774993896,1.0,0.0,1.0,0.0,1.0,0.0,1.0,0.0,1.0,0.0
0.06249999999999999,0.0302734375,1.0,0.0,1.1068364381790161,0.10683643817901611,1.0,0.0,1.0,0.0,1.0,0.0,1.0,0.0,1.0,0.0
0.06249999999999999,0.0322265625,1.0,0.0,1.085880994796753,0.08588099479675293,1.0,0.0,1.0,0.0,1.0,0.0,1.0,0.0,1.0,0.0
0.06249999999999999,0.0341796875,1.0,0.0,1.066694736480713,0.06669473648071289,1.0,0.0,1.0,0.0,1.0,0.0,1.0,0.0,1.0,0.0
0.06249999999999999,0.0361328125,1.0,0.0,1.0492417812347412,0.04924178123474121,1.0,0.0,1.0,0.0,1.0,0.0,1.0,0.0,1.0,0.0
0.06249999999999999,0.0380859375,1.0,0.0,1.033400058746338,0.03340005874633789,1.0,0.0,1.0,0.0,1.0,0.0,1.0,0.0,1.0,0.0
0.06249999999999999,0.0400390625,1.0,0.0,1.0189807415008545,0.018980741500854492,1.0,0.0,1.0,0.0,1.0,0.0,1.0,0.0,1.0,0.0
0.06249999999999999,0.0419921875,1.0,0.0,1.0057717561721802,0.005771756172180176,1.0,0.0,1.0,0.0,1.0,0.0,1.0,0.0,1.0,0.0
0.06249999999999999,0.0439453125,1.0,0.0,0.9936075210571289,0.006392478942871094,1.0,0.0,1.0,0.0,1.0,0.0,1.0,0.0,1.0,0.0
0.06249999999999999,0.0458984375,1.0,0.0,0.9824467301368713,0.017553269863128662,1.0,0.0,1.0,0.0,1.0,0.0,1.0,0.0,1.0,0.0
0.06249999999999999,0.0478515625,1.0,0.0,0.9724223017692566,0.027577698230743408,1.0,0.0,1.0,0.0,1.0,0.0,1.0,0.0,1.0,0.0
0.06249999999999999,0.0498046875,1.0,0.0,0.9638329148292542,0.03616708517074585,1.0,0.0,1.0,0.0,1.0,0.0,1.0,0.0,1.0,0.0
0.06249999999999999,0.0517578125,1.0,0.0,0.9570731520652771,0.0429268479347229,1.0,0.0,1.0,0.0,1.0,0.0,1.0,0.0,1.0,0.0
0.06249999999999999,0.0537109375,1.0,0.0,0.952532947063446,0.047467052936553955,1.0,0.0,1.0,0.0,1.0,0.0,1.0,0.0,1.0,0.0
0.06249999999999999,0.0556640625,1.0,0.0,0.9505072832107544,0.049492716789245605,1.0,0.0,1.0,0.0,1.0,0.0,1.0,0.0,1.0,0.0
0.06249999999999999,0.0576171875,1.0,0.0,0.9511510729789734,0.04884892702102661,1.0,0.0,1.0,0.0,1.0,0.0,1.0,0.0,1.0,0.0
0.06249999999999999,0.0595703125,1.0,0.0,0.9544907212257385,0.045509278774261475,1.0,0.0,1.0,0.0,1.0,0.0,1.0,0.0,1.0,0.0
0.06249999999999999,0.0615234375,1.0,0.0,0.9707951545715332,0.029204845428466797,1.0,0.0,1.0,0.0,1.0,0.0,1.0,0.0,1.0,0.0
0.06249999999999999,0.0634765625,1.0,0.0,0.996807336807251,0.0031926631927490234,1.0,0.0,1.0,0.0,1.0,0.0,1.0,0.0,1.0,0.0
0.06249999999999999,0.0654296875,1.0,0.0,1.0237250328063965,0.023725032806396484,1.0,0.0,1.0,0.0,1.0,0.0,1.0,0.0,1.0,0.0
0.06249999999999999,0.0673828125,1.0,0.0,1.0505245923995972,0.05052459239959717,1.0,0.0,1.0,0.0,1.0,0.0,1.0,0.0,1.0,0.0
0.06249999999999999,0.0693359375,1.0,0.0,1.0762479305267334,0.0762479305267334,1.0,0.0,1.0,0.0,1.0,0.0,1.0,0.0,1.0,0.0
0.06249999999999999,0.0712890625,1.0,0.0,1.1000698804855347,0.10006988048553467,1.0,0.0,1.0,0.0,1.0,0.0,1.0,0.0,1.0,0.0
0.06249999999999999,0.0732421875,1.0,0.0,1.1213427782058716,0.12134277820587158,1.0,0.0,1.0,0.0,1.0,0.0,1.0,0.0,1.0,0.0
0.06249999999999999,0.0751953125,1.0,0.0,1.1317187547683716,0.13171875476837158,1.0,0.0,1.0,0.0,1.0,0.0,1.0,0.0,1.0,0.0
0.06249999999999999,0.0771484375,1.0,0.0,1.1327446699142456,0.1327446699142456,1.0,0.0,1.0,0.0,1.0,0.0,1.0,0.0,1.0,0.0
0.06249999999999999,0.0791015625,1.0,0.0,1.131233811378479,0.131233811378479,1.0,0.0,1.0,0.0,1.0,0.0,1.0,0.0,1.0,0.0
0.06249999999999999,0.0810546875,1.0,0.0,1.1455227136611938,0.14552271366119385,1.0,0.0,1.0,0.0,1.0,0.0,1.0,0.0,1.0,0.0
0.06249999999999999,0.0830078125,1.0,0.0,1.165523886680603,0.16552388668060303,1.0,0.0,1.0,0.0,1.0,0.0,1.0,0.0,1.0,0.0
0.06249999999999999,0.0849609375,1.0,0.0,1.1816682815551758,0.18166828155517578,1.0,0.0,1.0,0.0,1.0,0.0,1.0,0.0,1.0,0.0
0.06249999999999999,0.0869140625,1.0,0.0,1.1824347972869873,0.1824347972869873,1.0,0.0,1.0,0.0,1.0,0.0,1.0,0.0,1.0,0.0
0.06249999999999999,0.0888671875,1.0,0.0,1.1799421310424805,0.17994213104248047,1.0,0.0,1.0,0.0,1.0,0.0,1.0,0.0,1.0,0.0
0.06249999999999999,0.0908203125,1.0,0.0,1.1753323078155518,0.17533230781555176,1.0,0.0,1.0,0.0,1.0,0.0,1.0,0.0,1.0,0.0
0.06249999999999999,0.0927734375,1.0,0.0,1.1688240766525269,0.16882407665252686,1.0,0.0,1.0,0.0,1.0,0.0,1.0,0.0,1.0,0.0
0.06249999999999999,0.0947265625,1.0,0.0,1.160635232925415,0.16063523292541504,1.0,0.0,1.0,0.0,1.0,0.0,1.0,0.0,1.0,0.0
0.06249999999999999,0.0966796875,1.0,0.0,1.1510200500488281,0.15102005004882812,1.0,0.0,1.0,0.0,1.0,0.0,1.0,0.0,1.0,0.0
0.06249999999999999,0.0986328125,1.0,0.0,1.1403112411499023,0.14031124114990234,1.0,0.0,1.0,0.0,1.0,0.0,1.0,0.0,1.0,0.0
0.06249999999999999,0.1005859375,1.0,0.0,1.1289565563201904,0.12895655632019043,1.0,0.0,1.0,0.0,1.0,0.0,1.0,0.0,1.0,0.0
0.06249999999999999,0.1025390625,1.0,0.0,1.117523193359375,0.117523193359375,1.0,0.0,1.0,0.0,1.0,0.0,1.0,0.0,1.0,0.0
0.06249999999999999,0.1044921875,1.0,0.0,1.1066570281982422,0.10665702819824219,1.0,0.0,1.0,0.0,1.0,0.0,1.0,0.0,1.0,0.0
0.06249999999999999,0.1064453125,1.0,0.0,1.0970021486282349,0.09700214862823486,1.0,0.0,1.0,0.0,1.0,0.0,1.0,0.0,1.0,0.0
0.06249999999999999,0.1083984375,1.0,0.0,1.0890997648239136,0.08909976482391357,1.0,0.0,1.0,0.0,1.0,0.0,1.0,0.0,1.0,0.0
0.06249999999999999,0.1103515625,1.0,0.0,1.083307147026062,0.08330714702606201,1.0,0.0,1.0,0.0,1.0,0.0,1.0,0.0,1.0,0.0
0.06249999999999999,0.1123046875,1.0,0.0,1.0797569751739502,0.0797569751739502,1.0,0.0,1.0,0.0,1.0,0.0,1.0,0.0,1.0,0.0
0.06249999999999999,0.1142578125,1.0,0.0,1.0783683061599731,0.07836830615997314,1.0,0.0,1.0,0.0,1.0,0.0,1.0,0.0,1.0,0.0
0.06249999999999999,0.1162109375,1.0,0.0,1.0788925886154175,0.07889258861541748,1.0,0.0,1.0,0.0,1.0,0.0,1.0,0.0,1.0,0.0
0.06249999999999999,0.1181640625,1.0,0.0,1.080971121788025,0.0809711217880249,1.0,0.0,1.0,0.0,1.0,0.0,1.0,0.0,1.0,0.0
0.06249999999999999,0.1201171875,1.0,0.0,1.0841902494430542,0.0841902494430542,1.0,0.0,1.0,0.0,1.0,0.0,1.0,0.0,1.0,0.0
0.06249999999999999,0.1220703125,1.0,0.0,1.0881245136260986,0.08812451362609863,1.0,0.0,1.0,0.0,1.0,0.0,1.0,0.0,1.0,0.0
0.06249999999999999,0.1240234375,1.0,0.0,1.092369556427002,0.09236955642700195,1.0,0.0,1.0,0.0,1.0,0.0,1.0,0.0,1.0,0.0
0.06249999999999999,0.1259765625,1.0,0.0,1.0965631008148193,0.09656310081481934,1.0,0.0,1.0,0.0,1.0,0.0,1.0,0.0,1.0,0.0
0.06249999999999999,0.1279296875,1.0,0.0,1.1003940105438232,0.10039401054382324,1.0,0.0,1.0,0.0,1.0,0.0,1.0,0.0,1.0,0.0
0.06249999999999999,0.1298828125,1.0,0.0,1.103594422340393,0.10359442234039307,1.0,0.0,1.0,0.0,1.0,0.0,1.0,0.0,1.0,0.0
0.06249999999999999,0.1318359375,1.0,0.0,1.1059198379516602,0.10591983795166016,1.0,0.0,1.0,0.0,1.0,0.0,1.0,0.0,1.0,0.0
0.06249999999999999,0.1337890625,1.0,0.0,1.1071267127990723,0.10712671279907227,1.0,0.0,1.0,0.0,1.0,0.0,1.0,0.0,1.0,0.0
0.06249999999999999,0.1357421875,1.0,0.0,1.1069716215133667,0.1069716215133667,1.0,0.0,1.0,0.0,1.0,0.0,1.0,0.0,1.0,0.0
0.06249999999999999,0.1376953125,1.0,0.0,1.1052378416061401,0.10523784160614014,1.0,0.0,1.0,0.0,1.0,0.0,1.0,0.0,1.0,0.0
0.06249999999999999,0.1396484375,1.0,0.0,1.1017919778823853,0.10179197788238525,1.0,0.0,1.0,0.0,1.0,0.0,1.0,0.0,1.0,0.0
0.06249999999999999,0.1416015625,1.0,0.0,1.0966392755508423,0.09663927555084229,1.0,0.0,1.0,0.0,1.0,0.0,1.0,0.0,1.0,0.0
0.06249999999999999,0.1435546875,1.0,0.0,1.0995649099349976,0.09956490993499756,1.0,0.0,1.0,0.0,1.0,0.0,1.0,0.0,1.0,0.0
0.06249999999999999,0.1455078125,1.0,0.0,1.118778109550476,0.11877810955047607,1.0,0.0,1.0,0.0,1.0,0.0,1.0,0.0,1.0,0.0
0.06249999999999999,0.1474609375,1.0,0.0,1.1363717317581177,0.13637173175811768,1.0,0.0,1.0,0.0,1.0,0.0,1.0,0.0,1.0,0.0
0.06249999999999999,0.1494140625,1.0,0.0,1.1452140808105469,0.14521408081054688,1.0,0.0,1.0,0.0,1.0,0.0,1.0,0.0,1.0,0.0
0.06249999999999999,0.1513671875,1.0,0.0,1.134072184562683,0.1340721845626831,1.0,0.0,1.0,0.0,1.0,0.0,1.0,0.0,1.0,0.0
0.06249999999999999,0.1533203125,1.0,0.0,1.1248699426651,0.1248699426651001,1.0,0.0,1.0,0.0,1.0,0.0,1.0,0.0,1.0,0.0
0.06249999999999999,0.1552734375,1.0,0.0,1.1178035736083984,0.11780357360839844,1.0,0.0,1.0,0.0,1.0,0.0,1.0,0.0,1.0,0.0
0.06249999999999999,0.1572265625,1.0,0.0,1.1129205226898193,0.11292052268981934,1.0,0.0,1.0,0.0,1.0,0.0,1.0,0.0,1.0,0.0
0.06249999999999999,0.1591796875,1.0,0.0,1.1101946830749512,0.11019468307495117,1.0,0.0,1.0,0.0,1.0,0.0,1.0,0.0,1.0,0.0
0.06249999999999999,0.1611328125,1.0,0.0,1.1095647811889648,0.10956478118896484,1.0,0.0,1.0,0.0,1.0,0.0,1.0,0.0,1.0,0.0
0.06249999999999999,0.1630859375,1.0,0.0,1.1109379529953003,0.11093795299530029,1.0,0.0,1.0,0.0,1.0,0.0,1.0,0.0,1.0,0.0
0.06249999999999999,0.1650390625,1.0,0.0,1.1141668558120728,0.11416685581207275,1.0,0.0,1.0,0.0,1.0,0.0,1.0,0.0,1.0,0.0
0.06249999999999999,0.1669921875,1.0,0.0,1.1190286874771118,0.11902868747711182,1.0,0.0,1.0,0.0,1.0,0.0,1.0,0.0,1.0,0.0
0.06249999999999999,0.1689453125,1.0,0.0,1.1252065896987915,0.1252065896987915,1.0,0.0,1.0,0.0,1.0,0.0,1.0,0.0,1.0,0.0
0.06249999999999999,0.1708984375,1.0,0.0,1.1322766542434692,0.13227665424346924,1.0,0.0,1.0,0.0,1.0,0.0,1.0,0.0,1.0,0.0
0.06249999999999999,0.1728515625,1.0,0.0,1.1265896558761597,0.12658965587615967,1.0,0.0,1.0,0.0,1.0,0.0,1.0,0.0,1.0,0.0
0.06249999999999999,0.1748046875,1.0,0.0,1.118270993232727,0.11827099323272705,1.0,0.0,1.0,0.0,1.0,0.0,1.0,0.0,1.0,0.0
0.06249999999999999,0.1767578125,1.0,0.0,1.1111634969711304,0.11116349697113037,1.0,0.0,1.0,0.0,1.0,0.0,1.0,0.0,1.0,0.0
0.06249999999999999,0.1787109375,1.0,0.0,1.1053398847579956,0.1053398847579956,1.0,0.0,1.0,0.0,1.0,0.0,1.0,0.0,1.0,0.0
0.06249999999999999,0.1806640625,1.0,0.0,1.1007200479507446,0.10072004795074463,1.0,0.0,1.0,0.0,1.0,0.0,1.0,0.0,1.0,0.0
0.06249999999999999,0.1826171875,1.0,0.0,1.0970916748046875,0.0970916748046875,1.0,0.0,1.0,0.0,1.0,0.0,1.0,0.0,1.0,0.0
0.06249999999999999,0.1845703125,1.0,0.0,1.0941389799118042,0.0941389799118042,1.0,0.0,1.0,0.0,1.0,0.0,1.0,0.0,1.0,0.0
0.06249999999999999,0.1865234375,1.0,0.0,1.0914721488952637,0.09147214889526367,1.0,0.0,1.0,0.0,1.0,0.0,1.0,0.0,1.0,0.0
0.06249999999999999,0.1884765625,1.0,0.0,1.088657021522522,0.08865702152252197,1.0,0.0,1.0,0.0,1.0,0.0,1.0,0.0,1.0,0.0
0.06249999999999999,0.1904296875,1.0,0.0,1.0852434635162354,0.08524346351623535,1.0,0.0,1.0,0.0,1.0,0.0,1.0,0.0,1.0,0.0
0.06249999999999999,0.1923828125,1.0,0.0,1.080796718597412,0.08079671859741211,1.0,0.0,1.0,0.0,1.0,0.0,1.0,0.0,1.0,0.0
0.06249999999999999,0.1943359375,1.0,0.0,1.074934720993042,0.07493472099304199,1.0,0.0,1.0,0.0,1.0,0.0,1.0,0.0,1.0,0.0
0.06249999999999999,0.1962890625,1.0,0.0,1.067371129989624,0.06737112998962402,1.0,0.0,1.0,0.0,1.0,0.0,1.0,0.0,1.0,0.0
0.06249999999999999,0.1982421875,1.0,0.0,1.0537663698196411,0.05376636981964111,1.0,0.0,1.0,0.0,1.0,0.0,1.0,0.0,1.0,0.0
0.06249999999999999,0.2001953125,1.0,0.0,1.0408681631088257,0.040868163108825684,1.0,0.0,1.0,0.0,1.0,0.0,1.0,0.0,1.0,0.0
0.06249999999999999,0.2021484375,1.0,0.0,1.0300437211990356,0.030043721199035645,1.0,0.0,1.0,0.0,1.0,0.0,1.0,0.0,1.0,0.0
0.06249999999999999,0.2041015625,1.0,0.0,1.0199686288833618,0.019968628883361816,1.0,0.0,1.0,0.0,1.0,0.0,1.0,0.0,1.0,0.0
0.06249999999999999,0.2060546875,1.0,0.0,1.005300760269165,0.005300760269165039,1.0,0.0,1.0,0.0,1.0,0.0,1.0,0.0,1.0,0.0
0.06249999999999999,0.2080078125,1.0,0.0,0.9905052781105042,0.00949472188949585,1.0,0.0,1.0,0.0,1.0,0.0,1.0,0.0,1.0,0.0
0.06249999999999999,0.2099609375,1.0,0.0,0.9761368036270142,0.02386319637298584,1.0,0.0,1.0,0.0,1.0,0.0,1.0,0.0,1.0,0.0
0.06249999999999999,0.2119140625,1.0,0.0,0.9627171754837036,0.03728282451629639,1.0,0.0,1.0,0.0,1.0,0.0,1.0,0.0,1.0,0.0
0.06249999999999999,0.2138671875,1.0,0.0,0.9507204294204712,0.04927957057952881,1.0,0.0,1.0,0.0,1.0,0.0,1.0,0.0,1.0,0.0
0.06249999999999999,0.2158203125,1.0,0.0,0.9405648112297058,0.05943518877029419,1.0,0.0,1.0,0.0,1.0,0.0,1.0,0.0,1.0,0.0
0.06249999999999999,0.2177734375,1.0,0.0,0.9480002522468567,0.05199974775314331,1.0,0.0,1.0,0.0,1.0,0.0,1.0,0.0,1.0,0.0
0.06249999999999999,0.2197265625,1.0,0.0,0.9605880379676819,0.039411962032318115,1.0,0.0,1.0,0.0,1.0,0.0,1.0,0.0,1.0,0.0
0.06249999999999999,0.2216796875,1.0,0.0,0.9755188822746277,0.024481117725372314,1.0,0.0,1.0,0.0,1.0,0.0,1.0,0.0,1.0,0.0
0.06249999999999999,0.2236328125,1.0,0.0,0.9923850893974304,0.00761491060256958,1.0,0.0,1.0,0.0,1.0,0.0,1.0,0.0,1.0,0.0
0.06249999999999999,0.2255859375,1.0,0.0,1.0035028457641602,0.0035028457641601562,1.0,0.0,1.0,0.0,1.0,0.0,1.0,0.0,1.0,0.0
0.06249999999999999,0.2275390625,1.0,0.0,1.005039930343628,0.00503993034362793,1.0,0.0,1.0,0.0,1.0,0.0,1.0,0.0,1.0,0.0
0.06249999999999999,0.2294921875,1.0,0.0,1.0067042112350464,0.006704211235046387,1.0,0.0,1.0,0.0,1.0,0.0,1.0,0.0,1.0,0.0
0.06249999999999999,0.2314453125,1.0,0.0,1.0083682537078857,0.008368253707885742,1.0,0.0,1.0,0.0,1.0,0.0,1.0,0.0,1.0,0.0
0.06249999999999999,0.2333984375,1.0,0.0,1.0098782777786255,0.009878277778625488,1.0,0.0,1.0,0.0,1.0,0.0,1.0,0.0,1.0,0.0
0.06249999999999999,0.2353515625,1.0,0.0,1.01105797290802,0.01105797290802002,1.0,0.0,1.0,0.0,1.0,0.0,1.0,0.0,1.0,0.0
0.06249999999999999,0.2373046875,1.0,0.0,1.0117205381393433,0.011720538139343262,1.0,0.0,1.0,0.0,1.0,0.0,1.0,0.0,1.0,0.0
0.06249999999999999,0.2392578125,1.0,0.0,1.011682391166687,0.011682391166687012,1.0,0.0,1.0,0.0,1.0,0.0,1.0,0.0,1.0,0.0
0.06249999999999999,0.2412109375,1.0,0.0,1.0107828378677368,0.010782837867736816,1.0,0.0,1.0,0.0,1.0,0.0,1.0,0.0,1.0,0.0
0.06249999999999999,0.2431640625,1.0,0.0,1.0088982582092285,0.008898258209228516,1.0,0.0,1.0,0.0,1.0,0.0,1.0,0.0,1.0,0.0
0.06249999999999999,0.2451171875,1.0,0.0,1.0059558153152466,0.005955815315246582,1.0,0.0,1.0,0.0,1.0,0.0,1.0,0.0,1.0,0.0
0.06249999999999999,0.2470703125,1.0,0.0,1.0019373893737793,0.0019373893737792969,1.0,0.0,1.0,0.0,1.0,0.0,1.0,0.0,1.0,0.0
0.06249999999999999,0.2490234375,1.0,0.0,0.996879518032074,0.0031204819679260254,1.0,0.0,1.0,0.0,1.0,0.0,1.0,0.0,1.0,0.0
0.06249999999999999,0.2509765625,1.0,0.0,0.9908656477928162,0.009134352207183838,1.0,0.0,1.0,0.0,1.0,0.0,1.0,0.0,1.0,0.0
0.06249999999999999,0.2529296875,1.0,0.0,0.9784884452819824,0.021511554718017578,1.0,0.0,1.0,0.0,1.0,0.0,1.0,0.0,1.0,0.0
0.06249999999999999,0.2548828125,1.0,0.0,0.9614824652671814,0.038517534732818604,1.0,0.0,1.0,0.0,1.0,0.0,1.0,0.0,1.0,0.0
0.06249999999999999,0.2568359375,1.0,0.0,0.9469917416572571,0.05300825834274292,1.0,0.0,1.0,0.0,1.0,0.0,1.0,0.0,1.0,0.0
0.06249999999999999,0.2587890625,1.0,0.0,0.9353883862495422,0.06461161375045776,1.0,0.0,1.0,0.0,1.0,0.0,1.0,0.0,1.0,0.0
0.06249999999999999,0.2607421875,1.0,0.0,0.9268625378608704,0.07313746213912964,1.0,0.0,1.0,0.0,1.0,0.0,1.0,0.0,1.0,0.0
0.06249999999999999,0.2626953125,1.0,0.0,0.9214691519737244,0.07853084802627563,1.0,0.0,1.0,0.0,1.0,0.0,1.0,0.0,1.0,0.0
0.06249999999999999,0.2646484375,1.0,0.0,0.919157087802887,0.08084291219711304,1.0,0.0,1.0,0.0,1.0,0.0,1.0,0.0,1.0,0.0
0.06249999999999999,0.2666015625,1.0,0.0,0.9197817444801331,0.08021825551986694,1.0,0.0,1.0,0.0,1.0,0.0,1.0,0.0,1.0,0.0
0.06249999999999999,0.2685546875,1.0,0.0,0.919387936592102,0.08061206340789795,1.0,0.0,1.0,0.0,1.0,0.0,1.0,0.0,1.0,0.0
0.06249999999999999,0.2705078125,1.0,0.0,0.9128971099853516,0.08710289001464844,1.0,0.0,1.0,0.0,1.0,0.0,1.0,0.0,1.0,0.0
0.06249999999999999,0.2724609375,1.0,0.0,0.911968469619751,0.08803153038024902,1.0,0.0,1.0,0.0,1.0,0.0,1.0,0.0,1.0,0.0
0.06249999999999999,0.2744140625,1.0,0.0,0.9135331511497498,0.08646684885025024,1.0,0.0,1.0,0.0,1.0,0.0,1.0,0.0,1.0,0.0
0.06249999999999999,0.2763671875,1.0,0.0,0.9150353670120239,0.08496463298797607,1.0,0.0,1.0,0.0,1.0,0.0,1.0,0.0,1.0,0.0
0.06249999999999999,0.2783203125,1.0,0.0,0.9161706566810608,0.08382934331893921,1.0,0.0,1.0,0.0,1.0,0.0,1.0,0.0,1.0,0.0
0.06249999999999999,0.2802734375,1.0,0.0,0.9166843891143799,0.08331561088562012,1.0,0.0,1.0,0.0,1.0,0.0,1.0,0.0,1.0,0.0
0.06249999999999999,0.2822265625,1.0,0.0,0.916400134563446,0.08359986543655396,1.0,0.0,1.0,0.0,1.0,0.0,1.0,0.0,1.0,0.0
0.06249999999999999,0.2841796875,1.0,0.0,0.9152405858039856,0.0847594141960144,1.0,0.0,1.0,0.0,1.0,0.0,1.0,0.0,1.0,0.0
0.06249999999999999,0.2861328125,1.0,0.0,0.9132373929023743,0.08676260709762573,1.0,0.0,1.0,0.0,1.0,0.0,1.0,0.0,1.0,0.0
0.06249999999999999,0.2880859375,1.0,0.0,0.9105333685874939,0.0894666314125061,1.0,0.0,1.0,0.0,1.0,0.0,1.0,0.0,1.0,0.0
0.06249999999999999,0.2900390625,1.0,0.0,0.9073721170425415,0.0926278829574585,1.0,0.0,1.0,0.0,1.0,0.0,1.0,0.0,1.0,0.0
0.06249999999999999,0.2919921875,1.0,0.0,0.9112722873687744,0.08872771263122559,1.0,0.0,1.0,0.0,1.0,0.0,1.0,0.0,1.0,0.0
0.06249999999999999,0.2939453125,1.0,0.0,0.9161006212234497,0.08389937877655029,1.0,0.0,1.0,0.0,1.0,0.0,1.0,0.0,1.0,0.0
0.06249999999999999,0.2958984375,1.0,0.0,0.9212186932563782,0.07878130674362183,1.0,0.0,1.0,0.0,1.0,0.0,1.0,0.0,1.0,0.0
0.06249999999999999,0.2978515625,1.0,0.0,0.9264809489250183,0.07351905107498169,1.0,0.0,1.0,0.0,1.0,0.0,1.0,0.0,1.0,0.0
0.06249999999999999,0.2998046875,1.0,0.0,0.9317445158958435,0.0682554841041565,1.0,0.0,1.0,0.0,1.0,0.0,1.0,0.0,1.0,0.0
0.06249999999999999,0.3017578125,1.0,0.0,0.9368778467178345,0.06312215328216553,1.0,0.0,1.0,0.0,1.0,0.0,1.0,0.0,1.0,0.0
0.06249999999999999,0.3037109375,1.0,0.0,0.9417712092399597,0.05822879076004028,1.0,0.0,1.0,0.0,1.0,0.0,1.0,0.0,1.0,0.0
0.06249999999999999,0.3056640625,1.0,0.0,0.9463493824005127,0.053650617599487305,1.0,0.0,1.0,0.0,1.0,0.0,1.0,0.0,1.0,0.0
0.06249999999999999,0.3076171875,1.0,0.0,0.9505792856216431,0.049420714378356934,1.0,0.0,1.0,0.0,1.0,0.0,1.0,0.0,1.0,0.0
0.06249999999999999,0.3095703125,1.0,0.0,0.9544690251350403,0.04553097486495972,1.0,0.0,1.0,0.0,1.0,0.0,1.0,0.0,1.0,0.0
0.06249999999999999,0.3115234375,1.0,0.0,0.9580573439598083,0.04194265604019165,1.0,0.0,1.0,0.0,1.0,0.0,1.0,0.0,1.0,0.0
0.06249999999999999,0.3134765625,1.0,0.0,0.9613974690437317,0.03860253095626831,1.0,0.0,1.0,0.0,1.0,0.0,1.0,0.0,1.0,0.0
0.06249999999999999,0.3154296875,1.0,0.0,0.9645386934280396,0.03546130657196045,1.0,0.0,1.0,0.0,1.0,0.0,1.0,0.0,1.0,0.0
0.06249999999999999,0.3173828125,1.0,0.0,0.9675134420394897,0.032486557960510254,1.0,0.0,1.0,0.0,1.0,0.0,1.0,0.0,1.0,0.0
0.06249999999999999,0.3193359375,1.0,0.0,0.9751884341239929,0.02481156587600708,1.0,0.0,1.0,0.0,1.0,0.0,1.0,0.0,1.0,0.0
0.06249999999999999,0.3212890625,1.0,0.0,0.984991192817688,0.015008807182312012,1.0,0.0,1.0,0.0,1.0,0.0,1.0,0.0,1.0,0.0
0.06249999999999999,0.3232421875,1.0,0.0,0.9935948848724365,0.0064051151275634766,1.0,0.0,1.0,0.0,1.0,0.0,1.0,0.0,1.0,0.0
0.06249999999999999,0.3251953125,1.0,0.0,0.9889651536941528,0.011034846305847168,1.0,0.0,1.0,0.0,1.0,0.0,1.0,0.0,1.0,0.0
0.06249999999999999,0.3271484375,1.0,0.0,0.9823722243309021,0.0176277756690979,1.0,0.0,1.0,0.0,1.0,0.0,1.0,0.0,1.0,0.0
0.06249999999999999,0.3291015625,1.0,0.0,0.9819457530975342,0.01805424690246582,1.0,0.0,1.0,0.0,1.0,0.0,1.0,0.0,1.0,0.0
0.06249999999999999,0.3310546875,1.0,0.0,0.9839501976966858,0.01604980230331421,1.0,0.0,1.0,0.0,1.0,0.0,1.0,0.0,1.0,0.0
0.06249999999999999,0.3330078125,1.0,0.0,0.986005425453186,0.013994574546813965,1.0,0.0,1.0,0.0,1.0,0.0,1.0,0.0,1.0,0.0
0.06249999999999999,0.3349609375,1.0,0.0,0.988167941570282,0.011832058429718018,1.0,0.0,1.0,0.0,1.0,0.0,1.0,0.0,1.0,0.0
0.06249999999999999,0.3369140625,1.0,0.0,0.9904387593269348,0.009561240673065186,1.0,0.0,1.0,0.0,1.0,0.0,1.0,0.0,1.0,0.0
0.06249999999999999,0.3388671875,1.0,0.0,0.9927423596382141,0.007257640361785889,1.0,0.0,1.0,0.0,1.0,0.0,1.0,0.0,1.0,0.0
0.06249999999999999,0.3408203125,1.0,0.0,0.9949263334274292,0.005073666572570801,1.0,0.0,1.0,0.0,1.0,0.0,1.0,0.0,1.0,0.0
0.06249999999999999,0.3427734375,1.0,0.0,0.9923535585403442,0.007646441459655762,1.0,0.0,1.0,0.0,1.0,0.0,1.0,0.0,1.0,0.0
0.06249999999999999,0.3447265625,1.0,0.0,0.9882610440254211,0.011738955974578857,1.0,0.0,1.0,0.0,1.0,0.0,1.0,0.0,1.0,0.0
0.06249999999999999,0.3466796875,1.0,0.0,0.9852073192596436,0.014792680740356445,1.0,0.0,1.0,0.0,1.0,0.0,1.0,0.0,1.0,0.0
0.06249999999999999,0.3486328125,1.0,0.0,0.9836406707763672,0.016359329223632812,1.0,0.0,1.0,0.0,1.0,0.0,1.0,0.0,1.0,0.0
0.06249999999999999,0.3505859375,1.0,0.0,0.9839080572128296,0.01609194278717041,1.0,0.0,1.0,0.0,1.0,0.0,1.0,0.0,1.0,0.0
0.06249999999999999,0.3525390625,1.0,0.0,0.9863277673721313,0.013672232627868652,1.0,0.0,1.0,0.0,1.0,0.0,1.0,0.0,1.0,0.0
0.06249999999999999,0.3544921875,1.0,0.0,0.9939969182014465,0.006003081798553467,1.0,0.0,1.0,0.0,1.0,0.0,1.0,0.0,1.0,0.0
0.06249999999999999,0.3564453125,1.0,0.0,0.997200071811676,0.0027999281883239746,1.0,0.0,1.0,0.0,1.0,0.0,1.0,0.0,1.0,0.0
0.06249999999999999,0.3583984375,1.0,0.0,1.0055819749832153,0.005581974983215332,1.0,0.0,1.0,0.0,1.0,0.0,1.0,0.0,1.0,0.0
0.06249999999999999,0.3603515625,1.0,0.0,1.0154955387115479,0.015495538711547852,1.0,0.0,1.0,0.0,1.0,0.0,1.0,0.0,1.0,0.0
0.06249999999999999,0.3623046875,1.0,0.0,1.0264942646026611,0.026494264602661133,1.0,0.0,1.0,0.0,1.0,0.0,1.0,0.0,1.0,0.0
0.06249999999999999,0.3642578125,1.0,0.0,1.0380367040634155,0.03803670406341553,1.0,0.0,1.0,0.0,1.0,0.0,1.0,0.0,1.0,0.0
0.06249999999999999,0.3662109375,1.0,0.0,1.0495154857635498,0.049515485763549805,1.0,0.0,1.0,0.0,1.0,0.0,1.0,0.0,1.0,0.0
0.06249999999999999,0.3681640625,1.0,0.0,1.0602951049804688,0.06029510498046875,1.0,0.0,1.0,0.0,1.0,0.0,1.0,0.0,1.0,0.0
0.06249999999999999,0.3701171875,1.0,0.0,1.0697602033615112,0.06976020336151123,1.0,0.0,1.0,0.0,1.0,0.0,1.0,0.0,1.0,0.0
0.06249999999999999,0.3720703125,1.0,0.0,1.0760325193405151,0.07603251934051514,1.0,0.0,1.0,0.0,1.0,0.0,1.0,0.0,1.0,0.0
0.06249999999999999,0.3740234375,1.0,0.0,1.0662267208099365,0.06622672080993652,1.0,0.0,1.0,0.0,1.0,0.0,1.0,0.0,1.0,0.0
0.06249999999999999,0.3759765625,1.0,0.0,1.0522032976150513,0.05220329761505127,1.0,0.0,1.0,0.0,1.0,0.0,1.0,0.0,1.0,0.0
0.06249999999999999,0.3779296875,1.0,0.0,1.0346823930740356,0.034682393074035645,1.0,0.0,1.0,0.0,1.0,0.0,1.0,0.0,1.0,0.0
0.06249999999999999,0.3798828125,1.0,0.0,1.0148110389709473,0.014811038970947266,1.0,0.0,1.0,0.0,1.0,0.0,1.0,0.0,1.0,0.0
0.06249999999999999,0.3818359375,1.0,0.0,1.0022058486938477,0.0022058486938476562,1.0,0.0,1.0,0.0,1.0,0.0,1.0,0.0,1.0,0.0
0.06249999999999999,0.3837890625,1.0,0.0,1.002921223640442,0.0029212236404418945,1.0,0.0,1.0,0.0,1.0,0.0,1.0,0.0,1.0,0.0
0.06249999999999999,0.3857421875,1.0,0.0,1.0035920143127441,0.0035920143127441406,1.0,0.0,1.0,0.0,1.0,0.0,1.0,0.0,1.0,0.0
0.06249999999999999,0.3876953125,1.0,0.0,1.0043513774871826,0.004351377487182617,1.0,0.0,1.0,0.0,1.0,0.0,1.0,0.0,1.0,0.0
0.06249999999999999,0.3896484375,1.0,0.0,1.0053423643112183,0.005342364311218262,1.0,0.0,1.0,0.0,1.0,0.0,1.0,0.0,1.0,0.0
0.06249999999999999,0.3916015625,1.0,0.0,1.0067094564437866,0.006709456443786621,1.0,0.0,1.0,0.0,1.0,0.0,1.0,0.0,1.0,0.0
0.06249999999999999,0.3935546875,1.0,0.0,1.0085875988006592,0.00858759880065918,1.0,0.0,1.0,0.0,1.0,0.0,1.0,0.0,1.0,0.0
0.06249999999999999,0.3955078125,1.0,0.0,1.0017037391662598,0.0017037391662597656,1.0,0.0,1.0,0.0,1.0,0.0,1.0,0.0,1.0,0.0
0.06249999999999999,0.3974609375,1.0,0.0,0.991553008556366,0.008446991443634033,1.0,0.0,1.0,0.0,1.0,0.0,1.0,0.0,1.0,0.0
0.06249999999999999,0.3994140625,1.0,0.0,0.9829458594322205,0.01705414056777954,1.0,0.0,1.0,0.0,1.0,0.0,1.0,0.0,1.0,0.0
0.06249999999999999,0.4013671875,1.0,0.0,0.9761883020401001,0.023811697959899902,1.0,0.0,1.0,0.0,1.0,0.0,1.0,0.0,1.0,0.0
0.06249999999999999,0.4033203125,1.0,0.0,0.9714978337287903,0.028502166271209717,1.0,0.0,1.0,0.0,1.0,0.0,1.0,0.0,1.0,0.0
0.06249999999999999,0.4052734375,1.0,0.0,0.9689827561378479,0.0310172438621521,1.0,0.0,1.0,0.0,1.0,0.0,1.0,0.0,1.0,0.0
0.06249999999999999,0.4072265625,1.0,0.0,0.9686158895492554,0.03138411045074463,1.0,0.0,1.0,0.0,1.0,0.0,1.0,0.0,1.0,0.0
0.06249999999999999,0.4091796875,1.0,0.0,0.9702040553092957,0.029795944690704346,1.0,0.0,1.0,0.0,1.0,0.0,1.0,0.0,1.0,0.0
0.06249999999999999,0.4111328125,1.0,0.0,0.9733761548995972,0.026623845100402832,1.0,0.0,1.0,0.0,1.0,0.0,1.0,0.0,1.0,0.0
0.06249999999999999,0.4130859375,1.0,0.0,0.9775987267494202,0.022401273250579834,1.0,0.0,1.0,0.0,1.0,0.0,1.0,0.0,1.0,0.0
0.06249999999999999,0.4150390625,1.0,0.0,0.9822283983230591,0.017771601676940918,1.0,0.0,1.0,0.0,1.0,0.0,1.0,0.0,1.0,0.0
0.06249999999999999,0.4169921875,1.0,0.0,0.98659348487854,0.013406515121459961,1.0,0.0,1.0,0.0,1.0,0.0,1.0,0.0,1.0,0.0
0.06249999999999999,0.4189453125,1.0,0.0,0.9900879263877869,0.009912073612213135,1.0,0.0,1.0,0.0,1.0,0.0,1.0,0.0,1.0,0.0
0.06249999999999999,0.4208984375,1.0,0.0,0.9922566413879395,0.007743358612060547,1.0,0.0,1.0,0.0,1.0,0.0,1.0,0.0,1.0,0.0
0.06249999999999999,0.4228515625,1.0,0.472334260416051,0.992852509021759,0.007147490978240967,1.002379985113313,0.0023799851133130545,1.0005949962783283,0.0005949962783282636,1.0005939569011126,0.0005939569011126355,1.000499605348682,0.0004996053486820973,1.0,0.0
0.06249999999999999,0.4248046875,1.0,0.472334260416051,0.9918583631515503,0.008141636848449707,1.002379985113313,0.0023799851133130545,1.0017849888349848,0.0017849888349847909,1.0017780436102068,0.0017780436102068364,1.0011239944568286,0.0011239944568286475,1.0,0.0
0.06249999999999999,0.4267578125,1.0,0.472334260416051,0.9894683957099915,0.010531604290008545,1.002379985113313,0.0023799851133130545,1.0029749813916413,0.002974981391641318,1.002962130319301,0.0029621303193010373,1.0017519127593362,0.0017519127593361716,1.0,0.0
0.06249999999999999,0.4287109375,1.0,0.472334260416051,0.9860400557518005,0.013959944248199463,1.002379985113313,0.0023799851133130545,1.0041649739482978,0.004164973948297845,1.0041858096226317,0.004185809622631709,1.006147957082766,0.0061479570827660535,1.0,0.0
0.06249999999999999,0.4306640625,1.0,0.2537570713759401,0.9815607666969299,0.01843923330307007,1.1540748928417504,0.15407489284175035,1.0658250031369216,0.06582500313692163,1.0655961516456938,0.06559615164569377,1.0538631237626652,0.05386312376266522,1.0,0.0
0.06249999999999999,0.4326171875,1.0,0.2537570713759401,0.9683468341827393,0.03165316581726074,1.1540748928417504,0.15407489284175035,1.124658262940141,0.12465826294014093,1.124143786990602,0.12414378699060191,1.0977670278587197,0.09776702785871971,1.0,0.0
0.06249999999999999,0.4345703125,1.0,0.2537570713759401,0.9554650783538818,0.044534921646118164,1.1540748928417504,0.15407489284175035,1.1834915227433598,0.18349152274335978,1.1826914223355096,0.1826914223355096,1.141670931954774,0.14167093195477398,1.0017735670888408,0.0017735670888407995
0.06249999999999999,0.4365234375,1.0,0.2537570713759401,0.9435522556304932,0.056447744369506836,1.1540748928417504,0.15407489284175035,1.242324782546579,0.24232478254657908,1.2438682103951963,0.24386821039519635,1.3229984877908425,0.3229984877908425,1.1424504356611316,0.14245043566113158
0.06249999999999999,0.4384765625,1.6019442880567492,0.05269747178170141,0.9331966638565063,0.6687476242002428,1.4730460635390656,0.1288982245176835,1.3861060643686263,0.2158382236881229,1.3860971774035575,0.21584711065319162,1.3703779243022913,0.23156636375445783,1.4545377975366658,0.14740649052008337
0.06249999999999999,0.4404296875,1.6019442880567492,0.05269747178170141,0.9248681664466858,0.6770761216100634,1.4730460635390656,0.1288982245176835,1.4440660638155858,0.15787822424116338,1.4440707519523481,0.15787353610440102,1.4523631226063543,0.1495811654503949,1.6057730858307186,0.0038287977739694945
0.06249999999999999,0.4423828125,1.6019442880567492,0.05269747178170141,0.9188582897186279,0.6830859983381212,1.4730460635390656,0.1288982245176835,1.5020260632625455,0.09991822479420365,1.502029025584235,0.09991526247251414,1.5072687766179904,0.09467551143875874,1.5810235541150082,0.020920733941740988
0.06249999999999999,0.4443359375,1.6019442880567492,0.05269747178170141,0.9152440428733826,0.6867002451833666,1.4730460635390656,0.1288982245176835,1.559986062709505,0.04195822534724414,1.559987299216122,0.04195698884062726,1.5621744306296264,0.0397698574271228,1.5902628178834775,0.011681470173271702
0.06249999999999999,0.4462890625,1.6019442880567492,0.000463058130373688,0.9138797521591187,0.6880645358976305,1.6177548884174273,0.015810600360678162,1.6177548884174273,0.015810600360678162,1.6177548884174273,0.015810600360678162,1.6177548884174273,0.015810600360678162,1.6077360458084775,0.005791757751728355
0.06249999999999999,0.4482421875,1.6019442880567492,0.000463058130373688,0.9178498387336731,0.6840944493230761,1.6177548884174273,0.015810600360678162,1.6177548884174273,0.015810600360678162,1.6177548884174273,0.015810600360678162,1.6177548884174273,0.015810600360678162,1.610802559174566,0.008858271117816896
0.06249999999999999,0.4501953125,1.6019442880567492,0.000463058130373688,0.9341092705726624,0.6678350174840868,1.6177548884174273,0.015810600360678162,1.6177548884174273,0.015810600360678162,1.6177548884174273,0.015810600360678162,1.6177548884174273,0.015810600360678162,1.60336795327146,0.001423665214710823
0.06249999999999999,0.4521484375,1.6019442880567492,0.000463058130373688,0.9508213400840759,0.6511229479726732,1.6177548884174273,0.015810600360678162,1.6177548884174273,0.015810600360678162,1.6177548884174273,0.015810600360678162,1.6177548884174273,0.015810600360678162,1.595954426536048,0.005989861520701245
0.06249999999999999,0.4541015625,1.6019442880567492,0.00019640752603559413,0.9674034714698792,0.63454081658687,1.585365812864865,0.016578475191884046,1.585365812864865,0.016578475191884046,1.585365812864865,0.016578475191884046,1.585365812864865,0.016578475191884046,1.5980299976701406,0.00391429038660851
0.06249999999999999,0.4560546875,1.6019442880567492,0.00019640752603559413,0.9833973050117493,0.6185469830449999,1.585365812864865,0.016578475191884046,1.585365812864865,0.016578475191884046,1.585365812864865,0.016578475191884046,1.585365812864865,0.016578475191884046,1.604529763765108,0.0025854757083587643
0.06249999999999999,0.4580078125,1.6019442880567492,0.00019640752603559413,0.9984956383705139,0.6034486496862352,1.585365812864865,0.016578475191884046,1.585365812864865,0.016578475191884046,1.585365812864865,0.016578475191884046,1.585365812864865,0.016578475191884046,1.6050967589164258,0.003152470859676626
0.06249999999999999,0.4599609375,1.6019442880567492,0.00019640752603559413,1.0125510692596436,0.5893932187971056,1.585365812864865,0.016578475191884046,1.585365812864865,0.016578475191884046,1.585365812864865,0.016578475191884046,1.585365812864865,0.016578475191884046,1.601236054721392,0.000708233335357189
0.06249999999999999,0.4619140625,1.6019442880567492,0.0,1.0235615968704224,0.5783826911863268,1.5787345724294024,0.02320971562734675,1.5787345724294024,0.02320971562734675,1.5787345724294024,0.02320971562734675,1.5787345724294024,0.02320971562734675,1.5997097728808378,0.0022345151759113335
0.06249999999999999,0.4638671875,1.6019442880567492,0.0,1.0306586027145386,0.5712856853422106,1.5787345724294024,0.02320971562734675,1.5787345724294024,0.02320971562734675,1.5787345724294024,0.02320971562734675,1.5787345724294024,0.02320971562734675,1.6013741252198055,0.0005701628369436662
0.06249999999999999,0.4658203125,1.6019442880567492,0.0,1.0371997356414795,0.5647445524152697,1.5787345724294024,0.02320971562734675,1.5787345724294024,0.02320971562734675,1.5787345724294024,0.02320971562734675,1.5787345724294024,0.02320971562734675,1.6030240083235994,0.0010797202668502148
0.06249999999999999,0.4677734375,1.6019442880567492,0.0,1.043082356452942,0.5588619316038073,1.5787345724294024,0.02320971562734675,1.5787345724294024,0.02320971562734675,1.5787345724294024,0.02320971562734675,1.5787345724294024,0.02320971562734675,1.60257287608944,0.0006285880326908355
0.06249999999999999,0.4697265625,1.6019442880567492,0.0,1.0483355522155762,0.553608735841173,1.603196659496691,0.001252371439941946,1.5961242427588307,0.005820045297918464,1.5961242820448396,0.005820006011909573,1.5961242427588307,0.005820045297918464,1.6013507704390304,0.0005935176177187529
0.06249999999999999,0.4716796875,1.6019442880567492,0.0,1.053130030632019,0.5488142574247301,1.603196659496691,0.001252371439941946,1.6008391872507377,0.0011051008060114498,1.6008392013093098,0.0011050867474393655,1.6008391872507377,0.0011051008060114498,1.6012971010824202,0.0006471869743289727
0.06249999999999999,0.4736328125,1.6019442880567492,0.0,1.0577503442764282,0.5441939437803209,1.603196659496691,0.001252371439941946,1.6055541317426445,0.003609843685895342,1.6055541186473081,0.003609830590558971,1.6055541317426445,0.003609843685895342,1.6017741340321796,0.00017015402456954654
0.06249999999999999,0.4755859375,1.6019442880567492,0.0,1.0625392198562622,0.539405068200487,1.603196659496691,0.001252371439941946,1.6102690762345515,0.008324788177802356,1.610269035985307,0.008324747928557752,1.6102690762345515,0.008324788177802356,1.6020466878911996,0.00010239983445048395
0.06249999999999999,0.4775390625,1.6019442880567492,0.0,1.0678380727767944,0.5341062152799547,1.6164541283646578,0.014509840307908695,1.6164541283646578,0.014509840307908695,1.6164541283646578,0.014509840307908695,1.6164541283646578,0.014509840307908695,1.60172943814683,0.00021484990991904596
0.06249999999999999,0.4794921875,1.6019442880567492,0.0,1.0739386081695557,0.5280056798871935,1.6164541283646578,0.014509840307908695,1.6164541283646578,0.014509840307908695,1.6164541283646578,0.014509840307908695,1.6164541283646578,0.014509840307908695,1.6013137529560915,0.000630535100657692
0.06249999999999999,0.4814453125,1.6019442880567492,0.0,1.0810548067092896,0.5208894813474596,1.6164541283646578,0.014509840307908695,1.6164541283646578,0.014509840307908695,1.6164541283646578,0.014509840307908695,1.6164541283646578,0.014509840307908695,1.6011240514860352,0.0008202365707139503
0.06249999999999999,0.4833984375,1.6019442880567492,0.0,1.0893129110336304,0.5126313770231188,1.6164541283646578,0.014509840307908695,1.6164541283646578,0.014509840307908695,1.6164541283646578,0.014509840307908695,1.6164541283646578,0.014509840307908695,1.6011136403485844,0.0008306477081647667
0.06249999999999999,0.4853515625,1.6019442880567492,0.0,1.0987582206726074,0.5031860673841417,1.6018493877758588,9.490028089031988e-05,1.6110951101273099,0.009150822070560727,1.611095104553481,0.009150816496731773,1.6110951101273099,0.009150822070560727,1.6008169243859212,0.0011273636708279966
0.06249999999999999,0.4873046875,1.6019442880567492,0.0,1.1093719005584717,0.4925723874982775,1.6018493877758588,9.490028089031988e-05,1.6049312952263426,0.0029870071695934364,1.6049312934145645,0.0029870053578153755,1.6049312952263426,0.0029870071695934364,1.6005006868770955,0.0014436011796536974
0.06249999999999999,0.4892578125,1.6019442880567492,0.0,1.121095061302185,0.4808492267545641,1.6018493877758588,9.490028089031988e-05,1.598767480325375,0.003176807731374076,1.5987674822756477,0.003176805781101466,1.598767480325375,0.003176807731374076,1.6002141059581096,0.00173018209863951
0.06249999999999999,0.4912109375,1.6019442880567492,0.0,1.1338518857955933,0.4680924022611559,1.6018493877758588,9.490028089031988e-05,1.5926036654244078,0.009340622632341367,1.5926036708597422,0.009340617197006962,1.5926036654244078,0.009340622632341367,1.6002449569695005,0.0016993310872486234
0.06249999999999999,0.4931640625,1.6019442880567492,0.0,1.147555947303772,0.4543883407529772,1.5671436091569193,0.03480067889982985,1.5671436091569193,0.03480067889982985,1.5671436091569193,0.03480067889982985,1.5671436091569193,0.03480067889982985,1.600579943327744,0.0013643447290052624
0.06249999999999999,0.4951171875,1.6019442880567492,0.0,1.1621015071868896,0.4398427808698595,1.5671436091569193,0.03480067889982985,1.5671436091569193,0.03480067889982985,1.5671436091569193,0.03480067889982985,1.5671436091569193,0.03480067889982985,1.600711248653073,0.0012330394036761394
0.06249999999999999,0.4970703125,1.6019442880567492,0.0,1.1773380041122437,0.4246062839445055,1.5671436091569193,0.03480067889982985,1.5671436091569193,0.03480067889982985,1.5671436091569193,0.03480067889982985,1.5671436091569193,0.03480067889982985,1.5988358330566634,0.003108455000085719
0.06249999999999999,0.4990234375,1.6019442880567492,0.0,1.1930466890335083,0.40889759902324085,1.5671436091569193,0.03480067889982985,1.5671436091569193,0.03480067889982985,1.5671436091569193,0.03480067889982985,1.5671436091569193,0.03480067889982985,1.5770911238956675,0.02485316416108163
0.06249999999999999,0.5009765625,1.6019442880567492,0.0,1.5456575155258179,0.056286772530931284,1.5671436091569189,0.034800678899830295,1.5671436091569189,0.034800678899830295,1.5671436091569189,0.034800678899830295,1.5671436091569189,0.034800678899830295,1.5770911238956682,0.024853164161080965
0.06249999999999999,0.5029296875,1.6019442880567492,0.0,1.5645763874053955,0.03736790065135365,1.5671436091569189,0.034800678899830295,1.5671436091569189,0.034800678899830295,1.5671436091569189,0.034800678899830295,1.5671436091569189,0.034800678899830295,1.5988358330566588,0.003108455000090382
0.06249999999999999,0.5048828125,1.6019442880567492,0.0,1.5785105228424072,0.02343376521434193,1.5671436091569189,0.034800678899830295,1.5671436091569189,0.034800678899830295,1.5671436091569189,0.034800678899830295,1.5671436091569189,0.034800678899830295,1.600711248653067,0.0012330394036821346
0.06249999999999999,0.5068359375,1.6019442880567492,0.0,1.5910310745239258,0.010913213532823374,1.5671436091569189,0.034800678899830295,1.5671436091569189,0.034800678899830295,1.5671436091569189,0.034800678899830295,1.5671436091569189,0.034800678899830295,1.6005799433277432,0.0013643447290059285
0.06249999999999999,0.5087890625,1.6019442880567492,0.0,1.601984977722168,4.06896654188138e-05,1.6018493877758595,9.490028088965374e-05,1.5926036654244082,0.009340622632340922,1.5926036832668864,0.009340604789862761,1.5926036654244082,0.009340622632340922,1.6002449569694979,0.001699331087251288
0.06249999999999999,0.5107421875,1.6019442880567492,0.0,1.6081318855285645,0.006187597471815298,1.6018493877758595,9.490028088965374e-05,1.5987674803253757,0.00317680773137341,1.5987674867275017,0.0031768013292474695,1.5987674803253757,0.00317680773137341,1.6002141059581105,0.0017301820986386218
0.06249999999999999,0.5126953125,1.6019442880567492,0.0,1.6075600385665894,0.0056157505098402005,1.6018493877758595,9.490028088965374e-05,1.6049312952263433,0.0029870071695941025,1.6049312892788505,0.002987001222101382,1.6049312952263433,0.0029870071695941025,1.6005006868770961,0.0014436011796530313
0.06249999999999999,0.5146484375,1.6019442880567492,0.0,1.603175401687622,0.0012311136308729154,1.6018493877758595,9.490028088965374e-05,1.6110951101273108,0.009150822070561615,1.6110950918301994,0.009150803773450233,1.6110951101273108,0.009150822070561615,1.6008169243859298,0.0011273636708193369
0.06249999999999999,0.5166015625,1.6019442880567492,0.0,1.5951895713806152,0.006754716676133921,1.6164541283646587,0.014509840307909583,1.6164541283646587,0.014509840307909583,1.6164541283646587,0.014509840307909583,1.6164541283646587,0.014509840307909583,1.6011136403485833,0.000830647708165877
0.06249999999999999,0.5185546875,1.6019442880567492,0.0,1.5837798118591309,0.018164476197618296,1.6164541283646587,0.014509840307909583,1.6164541283646587,0.014509840307909583,1.6164541283646587,0.014509840307909583,1.6164541283646587,0.014509840307909583,1.6011240514860312,0.0008202365707179471
0.06249999999999999,0.5205078125,1.6019442880567492,0.0,1.5691996812820435,0.0327446067747057,1.6164541283646587,0.014509840307909583,1.6164541283646587,0.014509840307909583,1.6164541283646587,0.014509840307909583,1.6164541283646587,0.014509840307909583,1.6013137529560897,0.0006305351006594684
0.06249999999999999,0.5224609375,1.6019442880567492,0.0,1.551900029182434,0.05004425887431507,1.6164541283646587,0.014509840307909583,1.6164541283646587,0.014509840307909583,1.6164541283646587,0.014509840307909583,1.6164541283646587,0.014509840307909583,1.601729438146827,0.00021484990992215458
0.06249999999999999,0.5244140625,1.6019442880567492,0.0,1.5326186418533325,0.06932564620341664,1.6031966594966907,0.001252371439941502,1.6102690762345513,0.008324788177802134,1.6102690731056024,0.008324785048853256,1.6102690762345513,0.008324788177802134,1.6020466878911994,0.0001023998344502619
0.06249999999999999,0.5263671875,1.6019442880567492,0.0,1.5123969316482544,0.08954735640849476,1.6031966594966907,0.001252371439941502,1.6055541317426443,0.00360984368589512,1.6055541307246217,0.003609842667872565,1.6055541317426443,0.00360984368589512,1.6017741340321763,0.0001701540245728772
0.06249999999999999,0.5283203125,1.6019442880567492,0.0,1.4925107955932617,0.10943349246348744,1.6031966594966907,0.001252371439941502,1.600839187250737,0.001105100806012116,1.6008391883436408,0.0011050997131083484,1.600839187250737,0.001105100806012116,1.60129710108242,0.0006471869743291947
0.06249999999999999,0.5302734375,1.6019442880567492,0.0,1.4743605852127075,0.12758370284404164,1.6031966594966907,0.001252371439941502,1.59612424275883,0.00582004529791913,1.5961242458128977,0.005820042243851464,1.59612424275883,0.00582004529791913,1.6013507704390302,0.0005935176177189749
0.06249999999999999,0.5322265625,1.6019442880567492,0.0,1.4593360424041748,0.14260824565257435,1.5787345724294024,0.02320971562734675,1.5787345724294024,0.02320971562734675,1.5787345724294024,0.02320971562734675,1.5787345724294024,0.02320971562734675,1.6025728760894395,0.0006285880326903914
0.06249999999999999,0.5341796875,1.6019442880567492,0.0,1.4486910104751587,0.15325327758159046,1.5787345724294024,0.02320971562734675,1.5787345724294024,0.02320971562734675,1.5787345724294024,0.02320971562734675,1.5787345724294024,0.02320971562734675,1.6030240083236011,0.0010797202668519912
0.06249999999999999,0.5361328125,1.6019442880567492,0.0,1.4434150457382202,0.15852924231852894,1.5787345724294024,0.02320971562734675,1.5787345724294024,0.02320971562734675,1.5787345724294024,0.02320971562734675,1.5787345724294024,0.02320971562734675,1.6013741252198037,0.0005701628369454426
0.06249999999999999,0.5380859375,1.6019442880567492,0.0,1.444114327430725,0.15782996062602406,1.5787345724294024,0.02320971562734675,1.5787345724294024,0.02320971562734675,1.5787345724294024,0.02320971562734675,1.5787345724294024,0.02320971562734675,1.5997097728808376,0.0022345151759115556
0.06249999999999999,0.5400390625,1.6019442880567492,9.672412862571131e-05,1.4508947134017944,0.15104957465495472,1.5853658128648638,0.016578475191885378,1.5853658128648638,0.016578475191885378,1.5853658128648638,0.016578475191885378,1.5853658128648638,0.016578475191885378,1.6012360547213946,0.0007082333353545245
0.06249999999999999,0.5419921875,1.6019442880567492,9.672412862571131e-05,1.4632604122161865,0.13868387584056263,1.5853658128648638,0.016578475191885378,1.5853658128648638,0.016578475191885378,1.5853658128648638,0.016578475191885378,1.5853658128648638,0.016578475191885378,1.6050967589164256,0.003152470859676404
0.06249999999999999,0.5439453125,1.6019442880567492,9.672412862571131e-05,1.4800589084625244,0.12188537959422474,1.5853658128648638,0.016578475191885378,1.5853658128648638,0.016578475191885378,1.5853658128648638,0.016578475191885378,1.5853658128648638,0.016578475191885378,1.6045297637651084,0.0025854757083592084
0.06249999999999999,0.5458984375,1.6019442880567492,9.672412862571131e-05,1.4995172023773193,0.10242708567942982,1.5853658128648638,0.016578475191885378,1.5853658128648638,0.016578475191885378,1.5853658128648638,0.016578475191885378,1.5853658128648638,0.016578475191885378,1.5980299976701389,0.003914290386610286
0.06249999999999999,0.5478515625,1.6019442880567492,0.00184772667396279,1.5194218158721924,0.08252247218455677,1.6177548884174273,0.015810600360678162,1.6177548884174273,0.015810600360678162,1.6177548884174273,0.015810600360678162,1.6177548884174273,0.015810600360678162,1.595954426536048,0.005989861520701245
0.06249999999999999,0.5498046875,1.6019442880567492,0.00184772667396279,1.537471055984497,0.06447323207225208,1.6177548884174273,0.015810600360678162,1.6177548884174273,0.015810600360678162,1.6177548884174273,0.015810600360678162,1.6177548884174273,0.015810600360678162,1.6033679532714604,0.0014236652147112672
0.06249999999999999,0.5517578125,1.6019442880567492,0.00184772667396279,1.5517359972000122,0.05020829085673695,1.6177548884174273,0.015810600360678162,1.6177548884174273,0.015810600360678162,1.6177548884174273,0.015810600360678162,1.6177548884174273,0.015810600360678162,1.610802559174566,0.008858271117816896
0.06249999999999999,0.5537109375,1.6019442880567492,0.00184772667396279,1.5610709190368652,0.04087336901988392,1.6177548884174273,0.015810600360678162,1.6177548884174273,0.015810600360678162,1.6177548884174273,0.015810600360678162,1.6177548884174273,0.015810600360678162,1.6077360458084766,0.0057917577517274665
0.06249999999999999,0.5556640625,1.6019442880567492,0.0034088728713093106,1.5652903318405151,0.03665395621623402,1.473046063539066,0.12889822451768307,1.5599860627095055,0.041958225347243694,1.5599864002439783,0.04195788781277088,1.5601276229738432,0.041816665082905935,1.5902628178834781,0.011681470173271036
0.06249999999999999,0.5576171875,1.6019442880567492,0.0034088728713093106,1.5650219917297363,0.03692229632701283,1.473046063539066,0.12889822451768307,1.5020260632625457,0.09991822479420343,1.5020268719001026,0.09991741615664651,1.5023652017966194,0.09957908626012979,1.5810235541150077,0.020920733941741432
0.06249999999999999,0.5595703125,1.6019442880567492,0.0034088728713093106,1.5613234043121338,0.040620883744615366,1.473046063539066,0.12889822451768307,1.4440660638155864,0.1578782242411627,1.4440673435562275,0.1578769445005217,1.4446027806193957,0.15734150743735342,1.6057730858307186,0.0038287977739694945
0.06249999999999999,0.5615234375,1.6019442880567492,0.0034088728713093106,1.5552399158477783,0.046704372208970835,1.473046063539066,0.12889822451768307,1.3861060643686267,0.21583822368812244,1.386103638455956,0.2158406496007932,1.385088648766406,0.21685563929034313,1.454537797536668,0.14740649052008115
0.06249999999999999,0.5634765625,1.0,0.004817607945246319,1.5474742650985718,0.5474742650985718,1.1540748928417512,0.15407489284175124,1.24232478254658,0.24232478254657996,1.2423250664223309,0.24232506642233087,1.2438563823607245,0.2438563823607245,1.1424504356611327,0.1424504356611327
0.06249999999999999,0.5654296875,1.0,0.004817607945246319,1.5382405519485474,0.5382405519485474,1.1540748928417512,0.15407489284175124,1.183491522743361,0.1834915227433609,1.1834913755844871,0.18349137558448714,1.1826975538921067,0.18269755389210673,1.0017735670888408,0.0017735670888407995
0.06249999999999999,0.5673828125,1.0,0.004817607945246319,1.5272852182388306,0.5272852182388306,1.1540748928417512,0.15407489284175124,1.1246582629401416,0.1246582629401416,1.1246581683148913,0.1246581683148913,1.12414772966876,0.12414772966876009,1.0,0.0
0.06249999999999999,0.5693359375,1.0,0.004817607945246319,1.5140115022659302,0.5140115022659302,1.1540748928417512,0.15407489284175124,1.0658250031369225,0.06582500313692252,1.065824961045296,0.0658249610452959,1.0655979054454139,0.06559790544541388,1.0,0.0
0.06249999999999999,0.5712890625,1.0,3.201124198126384e-05,1.4976630210876465,0.4976630210876465,1.002379985113313,0.0023799851133130545,1.0041649739482978,0.004164973948297845,1.0041649747955068,0.004164974795506815,1.0041651083398893,0.004165108339889256,1.0,0.0
0.06249999999999999,0.5732421875,1.0,3.201124198126384e-05,1.4774978160858154,0.47749781608581543,1.002379985113313,0.0023799851133130545,1.0029749813916413,0.002974981391641318,1.002974980869098,0.002974980869097976,1.0029748985013045,0.0029748985013045015,1.0,0.0
0.06249999999999999,0.5751953125,1.0,3.201124198126384e-05,1.4751160144805908,0.4751160144805908,1.002379985113313,0.0023799851133130545,1.0017849888349848,0.0017849888349847909,1.0017849885525818,0.001784988552581801,1.0017849440377877,0.001784944037787728,1.0,0.0
0.06249999999999999,0.5771484375,1.0,3.201124198126384e-05,1.4745365381240845,0.4745365381240845,1.002379985113313,0.0023799851133130545,1.0005949962783283,0.0005949962783282636,1.0005949962360656,0.0005949962360656258,1.0005949895742707,0.0005949895742707323,1.0,0.0
0.06249999999999999,0.5791015625,1.0,0.0,1.4720100164413452,0.4720100164413452,1.0,0.0,1.0,0.0,1.0,0.0,1.0,0.0,1.0,0.0
0.06249999999999999,0.5810546875,1.0,0.0,1.467767596244812,0.467767596244812,1.0,0.0,1.0,0.0,1.0,0.0,1.0,0.0,1.0,0.0
0.06249999999999999,0.5830078125,1.0,0.0,1.4621613025665283,0.4621613025665283,1.0,0.0,1.0,0.0,1.0,0.0,1.0,0.0,1.0,0.0
0.06249999999999999,0.5849609375,1.0,0.0,1.455524206161499,0.455524206161499,1.0,0.0,1.0,0.0,1.0,0.0,1.0,0.0,1.0,0.0
0.06249999999999999,0.5869140625,1.0,0.0,1.4480040073394775,0.44800400733947754,1.0,0.0,1.0,0.0,1.0,0.0,1.0,0.0,1.0,0.0
0.06249999999999999,0.5888671875,1.0,0.0,1.4394521713256836,0.4394521713256836,1.0,0.0,1.0,0.0,1.0,0.0,1.0,0.0,1.0,0.0
0.06249999999999999,0.5908203125,1.0,0.0,1.429429054260254,0.4294290542602539,1.0,0.0,1.0,0.0,1.0,0.0,1.0,0.0,1.0,0.0
0.06249999999999999,0.5927734375,1.0,0.0,1.4173598289489746,0.4173598289489746,1.0,0.0,1.0,0.0,1.0,0.0,1.0,0.0,1.0,0.0
0.06249999999999999,0.5947265625,1.0,0.0,1.4028079509735107,0.40280795097351074,1.0,0.0,1.0,0.0,1.0,0.0,1.0,0.0,1.0,0.0
0.06249999999999999,0.5966796875,1.0,0.0,1.3857511281967163,0.3857511281967163,1.0,0.0,1.0,0.0,1.0,0.0,1.0,0.0,1.0,0.0
0.06249999999999999,0.5986328125,1.0,0.0,1.3667140007019043,0.3667140007019043,1.0,0.0,1.0,0.0,1.0,0.0,1.0,0.0,1.0,0.0
0.06249999999999999,0.6005859375,1.0,0.0,1.3274496793746948,0.3274496793746948,1.0,0.0,1.0,0.0,1.0,0.0,1.0,0.0,1.0,0.0
0.06249999999999999,0.6025390625,1.0,0.0,1.2905904054641724,0.29059040546417236,1.0,0.0,1.0,0.0,1.0,0.0,1.0,0.0,1.0,0.0
0.06249999999999999,0.6044921875,1.0,0.0,1.2579107284545898,0.25791072845458984,1.0,0.0,1.0,0.0,1.0,0.0,1.0,0.0,1.0,0.0
0.06249999999999999,0.6064453125,1.0,0.0,1.229851245880127,0.22985124588012695,1.0,0.0,1.0,0.0,1.0,0.0,1.0,0.0,1.0,0.0
0.06249999999999999,0.6083984375,1.0,0.0,1.206315279006958,0.206315279006958,1.0,0.0,1.0,0.0,1.0,0.0,1.0,0.0,1.0,0.0
0.06249999999999999,0.6103515625,1.0,0.0,1.1867767572402954,0.1867767572402954,1.0,0.0,1.0,0.0,1.0,0.0,1.0,0.0,1.0,0.0
0.06249999999999999,0.6123046875,1.0,0.0,1.1704181432724,0.1704181432723999,1.0,0.0,1.0,0.0,1.0,0.0,1.0,0.0,1.0,0.0
0.06249999999999999,0.6142578125,1.0,0.0,1.1562488079071045,0.1562488079071045,1.0,0.0,1.0,0.0,1.0,0.0,1.0,0.0,1.0,0.0
0.06249999999999999,0.6162109375,1.0,0.0,1.1431753635406494,0.14317536354064941,1.0,0.0,1.0,0.0,1.0,0.0,1.0,0.0,1.0,0.0
0.06249999999999999,0.6181640625,1.0,0.0,1.1300352811813354,0.13003528118133545,1.0,0.0,1.0,0.0,1.0,0.0,1.0,0.0,1.0,0.0
0.06249999999999999,0.6201171875,1.0,0.0,1.1156281232833862,0.11562812328338623,1.0,0.0,1.0,0.0,1.0,0.0,1.0,0.0,1.0,0.0
0.06249999999999999,0.6220703125,1.0,0.0,1.0987770557403564,0.09877705574035645,1.0,0.0,1.0,0.0,1.0,0.0,1.0,0.0,1.0,0.0
0.06249999999999999,0.6240234375,1.0,0.0,1.0784486532211304,0.07844865322113037,1.0,0.0,1.0,0.0,1.0,0.0,1.0,0.0,1.0,0.0
0.06249999999999999,0.6259765625,1.0,0.0,1.0539370775222778,0.05393707752227783,1.0,0.0,1.0,0.0,1.0,0.0,1.0,0.0,1.0,0.0
0.06249999999999999,0.6279296875,1.0,0.0,1.0250842571258545,0.025084257125854492,1.0,0.0,1.0,0.0,1.0,0.0,1.0,0.0,1.0,0.0
0.06249999999999999,0.6298828125,1.0,0.0,0.9924644231796265,0.007535576820373535,1.0,0.0,1.0,0.0,1.0,0.0,1.0,0.0,1.0,0.0
0.06249999999999999,0.6318359375,1.0,0.0,0.9574134349822998,0.042586565017700195,1.0,0.0,1.0,0.0,1.0,0.0,1.0,0.0,1.0,0.0
0.06249999999999999,0.6337890625,1.0,0.0,0.9217932820320129,0.07820671796798706,1.0,0.0,1.0,0.0,1.0,0.0,1.0,0.0,1.0,0.0
0.06249999999999999,0.6357421875,1.0,0.0,0.9064215421676636,0.09357845783233643,1.0,0.0,1.0,0.0,1.0,0.0,1.0,0.0,1.0,0.0
0.06249999999999999,0.6376953125,1.0,0.0,0.8979933261871338,0.10200667381286621,1.0,0.0,1.0,0.0,1.0,0.0,1.0,0.0,1.0,0.0
0.06249999999999999,0.6396484375,1.0,0.0,0.8869223594665527,0.11307764053344727,1.0,0.0,1.0,0.0,1.0,0.0,1.0,0.0,1.0,0.0
0.06249999999999999,0.6416015625,1.0,0.0,0.8736357688903809,0.12636423110961914,1.0,0.0,1.0,0.0,1.0,0.0,1.0,0.0,1.0,0.0
0.06249999999999999,0.6435546875,1.0,0.0,0.8588009476661682,0.1411990523338318,1.0,0.0,1.0,0.0,1.0,0.0,1.0,0.0,1.0,0.0
0.06249999999999999,0.6455078125,1.0,0.0,0.8432630300521851,0.15673696994781494,1.0,0.0,1.0,0.0,1.0,0.0,1.0,0.0,1.0,0.0
0.06249999999999999,0.6474609375,1.0,0.0,0.8279476165771484,0.17205238342285156,1.0,0.0,1.0,0.0,1.0,0.0,1.0,0.0,1.0,0.0
0.06249999999999999,0.6494140625,1.0,0.0,0.8137574195861816,0.18624258041381836,1.0,0.0,1.0,0.0,1.0,0.0,1.0,0.0,1.0,0.0
0.06249999999999999,0.6513671875,1.0,0.0,0.8014854192733765,0.19851458072662354,1.0,0.0,1.0,0.0,1.0,0.0,1.0,0.0,1.0,0.0
0.06249999999999999,0.6533203125,1.0,0.0,0.7917565107345581,0.2082434892654419,1.0,0.0,1.0,0.0,1.0,0.0,1.0,0.0,1.0,0.0
0.06249999999999999,0.6552734375,1.0,0.0,0.7850035429000854,0.21499645709991455,1.0,0.0,1.0,0.0,1.0,0.0,1.0,0.0,1.0,0.0
0.06249999999999999,0.6572265625,1.0,0.0,0.781470537185669,0.21852946281433105,1.0,0.0,1.0,0.0,1.0,0.0,1.0,0.0,1.0,0.0
0.06249999999999999,0.6591796875,1.0,0.0,0.7812305092811584,0.21876949071884155,1.0,0.0,1.0,0.0,1.0,0.0,1.0,0.0,1.0,0.0
0.06249999999999999,0.6611328125,1.0,0.0,0.7842163443565369,0.21578365564346313,1.0,0.0,1.0,0.0,1.0,0.0,1.0,0.0,1.0,0.0
0.06249999999999999,0.6630859375,1.0,0.0,0.790238618850708,0.209761381149292,1.0,0.0,1.0,0.0,1.0,0.0,1.0,0.0,1.0,0.0
0.06249999999999999,0.6650390625,1.0,0.0,0.7989987730979919,0.20100122690200806,1.0,0.0,1.0,0.0,1.0,0.0,1.0,0.0,1.0,0.0
0.06249999999999999,0.6669921875,1.0,0.0,0.8100800514221191,0.18991994857788086,1.0,0.0,1.0,0.0,1.0,0.0,1.0,0.0,1.0,0.0
0.06249999999999999,0.6689453125,1.0,0.0,0.8229323029518127,0.17706769704818726,1.0,0.0,1.0,0.0,1.0,0.0,1.0,0.0,1.0,0.0
0.06249999999999999,0.6708984375,1.0,0.0,0.836857795715332,0.16314220428466797,1.0,0.0,1.0,0.0,1.0,0.0,1.0,0.0,1.0,0.0
0.06249999999999999,0.6728515625,1.0,0.0,0.8510200381278992,0.14897996187210083,1.0,0.0,1.0,0.0,1.0,0.0,1.0,0.0,1.0,0.0
0.06249999999999999,0.6748046875,1.0,0.0,0.8644862771034241,0.13551372289657593,1.0,0.0,1.0,0.0,1.0,0.0,1.0,0.0,1.0,0.0
0.06249999999999999,0.6767578125,1.0,0.0,0.8763042092323303,0.12369579076766968,1.0,0.0,1.0,0.0,1.0,0.0,1.0,0.0,1.0,0.0
0.06249999999999999,0.6787109375,1.0,0.0,0.8855994343757629,0.11440056562423706,1.0,0.0,1.0,0.0,1.0,0.0,1.0,0.0,1.0,0.0
0.06249999999999999,0.6806640625,1.0,0.0,0.8916710615158081,0.1083289384841919,1.0,0.0,1.0,0.0,1.0,0.0,1.0,0.0,1.0,0.0
0.06249999999999999,0.6826171875,1.0,0.0,0.8940668702125549,0.10593312978744507,1.0,0.0,1.0,0.0,1.0,0.0,1.0,0.0,1.0,0.0
0.06249999999999999,0.6845703125,1.0,0.0,0.8926240801811218,0.10737591981887817,1.0,0.0,1.0,0.0,1.0,0.0,1.0,0.0,1.0,0.0
0.06249999999999999,0.6865234375,1.0,0.0,0.887473464012146,0.112526535987854,1.0,0.0,1.0,0.0,1.0,0.0,1.0,0.0,1.0,0.0
0.06249999999999999,0.6884765625,1.0,0.0,0.879002034664154,0.12099796533584595,1.0,0.0,1.0,0.0,1.0,0.0,1.0,0.0,1.0,0.0
0.06249999999999999,0.6904296875,1.0,0.0,0.8677954077720642,0.1322045922279358,1.0,0.0,1.0,0.0,1.0,0.0,1.0,0.0,1.0,0.0
0.06249999999999999,0.6923828125,1.0,0.0,0.8545673489570618,0.14543265104293823,1.0,0.0,1.0,0.0,1.0,0.0,1.0,0.0,1.0,0.0
0.06249999999999999,0.6943359375,1.0,0.0,0.8400935530662537,0.15990644693374634,1.0,0.0,1.0,0.0,1.0,0.0,1.0,0.0,1.0,0.0
0.06249999999999999,0.6962890625,1.0,0.0,0.8251529335975647,0.1748470664024353,1.0,0.0,1.0,0.0,1.0,0.0,1.0,0.0,1.0,0.0
0.06249999999999999,0.6982421875,1.0,0.0,0.8104800581932068,0.1895199418067932,1.0,0.0,1.0,0.0,1.0,0.0,1.0,0.0,1.0,0.0
0.06249999999999999,0.7001953125,1.0,0.0,0.7967230677604675,0.20327693223953247,1.0,0.0,1.0,0.0,1.0,0.0,1.0,0.0,1.0,0.0
0.06249999999999999,0.7021484375,1.0,0.0,0.7844138741493225,0.2155861258506775,1.0,0.0,1.0,0.0,1.0,0.0,1.0,0.0,1.0,0.0
0.06249999999999999,0.7041015625,1.0,0.0,0.773948609828949,0.22605139017105103,1.0,0.0,1.0,0.0,1.0,0.0,1.0,0.0,1.0,0.0
0.06249999999999999,0.7060546875,1.0,0.0,0.7655848264694214,0.2344151735305786,1.0,0.0,1.0,0.0,1.0,0.0,1.0,0.0,1.0,0.0
0.06249999999999999,0.7080078125,1.0,0.0,0.7594513297080994,0.24054867029190063,1.0,0.0,1.0,0.0,1.0,0.0,1.0,0.0,1.0,0.0
0.06249999999999999,0.7099609375,1.0,0.0,0.7555686235427856,0.24443137645721436,1.0,0.0,1.0,0.0,1.0,0.0,1.0,0.0,1.0,0.0
0.06249999999999999,0.7119140625,1.0,0.0,0.7538712024688721,0.24612879753112793,1.0,0.0,1.0,0.0,1.0,0.0,1.0,0.0,1.0,0.0
0.06249999999999999,0.7138671875,1.0,0.0,0.7542304992675781,0.24576950073242188,1.0,0.0,1.0,0.0,1.0,0.0,1.0,0.0,1.0,0.0
0.06249999999999999,0.7158203125,1.0,0.0,0.7564751505851746,0.24352484941482544,1.0,0.0,1.0,0.0,1.0,0.0,1.0,0.0,1.0,0.0
0.06249999999999999,0.7177734375,1.0,0.0,0.760405957698822,0.23959404230117798,1.0,0.0,1.0,0.0,1.0,0.0,1.0,0.0,1.0,0.0
0.06249999999999999,0.7197265625,1.0,0.0,0.7658094763755798,0.23419052362442017,1.0,0.0,1.0,0.0,1.0,0.0,1.0,0.0,1.0,0.0
0.06249999999999999,0.7216796875,1.0,0.0,0.7724705934524536,0.2275294065475464,1.0,0.0,1.0,0.0,1.0,0.0,1.0,0.0,1.0,0.0
0.06249999999999999,0.7236328125,1.0,0.0,0.7801859378814697,0.21981406211853027,1.0,0.0,1.0,0.0,1.0,0.0,1.0,0.0,1.0,0.0
0.06249999999999999,0.7255859375,1.0,0.0,0.7887754440307617,0.21122455596923828,1.0,0.0,1.0,0.0,1.0,0.0,1.0,0.0,1.0,0.0
0.06249999999999999,0.7275390625,1.0,0.0,0.7980907559394836,0.20190924406051636,1.0,0.0,1.0,0.0,1.0,0.0,1.0,0.0,1.0,0.0
0.06249999999999999,0.7294921875,1.0,0.0,0.8080193400382996,0.19198065996170044,1.0,0.0,1.0,0.0,1.0,0.0,1.0,0.0,1.0,0.0
0.06249999999999999,0.7314453125,1.0,0.0,0.8184748888015747,0.1815251111984253,1.0,0.0,1.0,0.0,1.0,0.0,1.0,0.0,1.0,0.0
0.06249999999999999,0.7333984375,1.0,0.0,0.8293789029121399,0.1706210970878601,1.0,0.0,1.0,0.0,1.0,0.0,1.0,0.0,1.0,0.0
0.06249999999999999,0.7353515625,1.0,0.0,0.8406322002410889,0.15936779975891113,1.0,0.0,1.0,0.0,1.0,0.0,1.0,0.0,1.0,0.0
0.06249999999999999,0.7373046875,1.0,0.0,0.8520864844322205,0.14791351556777954,1.0,0.0,1.0,0.0,1.0,0.0,1.0,0.0,1.0,0.0
0.06249999999999999,0.7392578125,1.0,0.0,0.8635237216949463,0.1364762783050537,1.0,0.0,1.0,0.0,1.0,0.0,1.0,0.0,1.0,0.0
0.06249999999999999,0.7412109375,1.0,0.0,0.8746533989906311,0.1253466010093689,1.0,0.0,1.0,0.0,1.0,0.0,1.0,0.0,1.0,0.0
0.06249999999999999,0.7431640625,1.0,0.0,0.8851326704025269,0.11486732959747314,1.0,0.0,1.0,0.0,1.0,0.0,1.0,0.0,1.0,0.0
0.06249999999999999,0.7451171875,1.0,0.0,0.8946078419685364,0.10539215803146362,1.0,0.0,1.0,0.0,1.0,0.0,1.0,0.0,1.0,0.0
0.06249999999999999,0.7470703125,1.0,0.0,0.9027673602104187,0.0972326397895813,1.0,0.0,1.0,0.0,1.0,0.0,1.0,0.0,1.0,0.0
0.06249999999999999,0.7490234375,1.0,0.0,0.9093868136405945,0.09061318635940552,1.0,0.0,1.0,0.0,1.0,0.0,1.0,0.0,1.0,0.0
0.06249999999999999,0.7509765625,1.0,0.0,0.914360523223877,0.08563947677612305,1.0,0.0,1.0,0.0,1.0,0.0,1.0,0.0,1.0,0.0
0.06249999999999999,0.7529296875,1.0,0.0,0.9177004098892212,0.08229959011077881,1.0,0.0,1.0,0.0,1.0,0.0,1.0,0.0,1.0,0.0
0.06249999999999999,0.7548828125,1.0,0.0,0.9195164442062378,0.08048355579376221,1.0,0.0,1.0,0.0,1.0,0.0,1.0,0.0,1.0,0.0
0.06249999999999999,0.7568359375,1.0,0.0,0.9199775457382202,0.08002245426177979,1.0,0.0,1.0,0.0,1.0,0.0,1.0,0.0,1.0,0.0
0.06249999999999999,0.7587890625,1.0,0.0,0.9192797541618347,0.08072024583816528,1.0,0.0,1.0,0.0,1.0,0.0,1.0,0.0,1.0,0.0
0.06249999999999999,0.7607421875,1.0,0.0,0.9176211953163147,0.0823788046836853,1.0,0.0,1.0,0.0,1.0,0.0,1.0,0.0,1.0,0.0
0.06249999999999999,0.7626953125,1.0,0.0,0.9151979684829712,0.08480203151702881,1.0,0.0,1.0,0.0,1.0,0.0,1.0,0.0,1.0,0.0
0.06249999999999999,0.7646484375,1.0,0.0,0.9122135043144226,0.08778649568557739,1.0,0.0,1.0,0.0,1.0,0.0,1.0,0.0,1.0,0.0
0.06249999999999999,0.7666015625,1.0,0.0,0.9088917374610901,0.09110826253890991,1.0,0.0,1.0,0.0,1.0,0.0,1.0,0.0,1.0,0.0
0.06249999999999999,0.7685546875,1.0,0.0,0.9054930806159973,0.09450691938400269,1.0,0.0,1.0,0.0,1.0,0.0,1.0,0.0,1.0,0.0
0.06249999999999999,0.7705078125,1.0,0.0,0.9023213386535645,0.09767866134643555,1.0,0.0,1.0,0.0,1.0,0.0,1.0,0.0,1.0,0.0
0.06249999999999999,0.7724609375,1.0,0.0,0.899712085723877,0.10028791427612305,1.0,0.0,1.0,0.0,1.0,0.0,1.0,0.0,1.0,0.0
0.06249999999999999,0.7744140625,1.0,0.0,0.8980073928833008,0.10199260711669922,1.0,0.0,1.0,0.0,1.0,0.0,1.0,0.0,1.0,0.0
0.06249999999999999,0.7763671875,1.0,0.0,0.8975203037261963,0.10247969627380371,1.0,0.0,1.0,0.0,1.0,0.0,1.0,0.0,1.0,0.0
0.06249999999999999,0.7783203125,1.0,0.0,0.8984909057617188,0.10150909423828125,1.0,0.0,1.0,0.0,1.0,0.0,1.0,0.0,1.0,0.0
0.06249999999999999,0.7802734375,1.0,0.0,0.9010533690452576,0.09894663095474243,1.0,0.0,1.0,0.0,1.0,0.0,1.0,0.0,1.0,0.0
0.06249999999999999,0.7822265625,1.0,0.0,0.9052096009254456,0.09479039907455444,1.0,0.0,1.0,0.0,1.0,0.0,1.0,0.0,1.0,0.0
0.06249999999999999,0.7841796875,1.0,0.0,0.9108172059059143,0.0891827940940857,1.0,0.0,1.0,0.0,1.0,0.0,1.0,0.0,1.0,0.0
0.06249999999999999,0.7861328125,1.0,0.0,0.9175912141799927,0.08240878582000732,1.0,0.0,1.0,0.0,1.0,0.0,1.0,0.0,1.0,0.0
0.06249999999999999,0.7880859375,1.0,0.0,0.9251161813735962,0.07488381862640381,1.0,0.0,1.0,0.0,1.0,0.0,1.0,0.0,1.0,0.0
0.06249999999999999,0.7900390625,1.0,0.0,0.932871401309967,0.06712859869003296,1.0,0.0,1.0,0.0,1.0,0.0,1.0,0.0,1.0,0.0
0.06249999999999999,0.7919921875,1.0,0.0,0.9402631521224976,0.05973684787750244,1.0,0.0,1.0,0.0,1.0,0.0,1.0,0.0,1.0,0.0
0.06249999999999999,0.7939453125,1.0,0.0,0.9466705918312073,0.053329408168792725,1.0,0.0,1.0,0.0,1.0,0.0,1.0,0.0,1.0,0.0
0.06249999999999999,0.7958984375,1.0,0.0,0.9514981508255005,0.04850184917449951,1.0,0.0,1.0,0.0,1.0,0.0,1.0,0.0,1.0,0.0
0.06249999999999999,0.7978515625,1.0,0.0,0.9542315006256104,0.04576849937438965,1.0,0.0,1.0,0.0,1.0,0.0,1.0,0.0,1.0,0.0
0.06249999999999999,0.7998046875,1.0,0.0,0.9544911980628967,0.04550880193710327,1.0,0.0,1.0,0.0,1.0,0.0,1.0,0.0,1.0,0.0
0.06249999999999999,0.8017578125,1.0,0.0,0.9520780444145203,0.047921955585479736,1.0,0.0,1.0,0.0,1.0,0.0,1.0,0.0,1.0,0.0
0.06249999999999999,0.8037109375,1.0,0.0,0.946994423866272,0.05300557613372803,1.0,0.0,1.0,0.0,1.0,0.0,1.0,0.0,1.0,0.0
0.06249999999999999,0.8056640625,1.0,0.0,0.9394538998603821,0.06054610013961792,1.0,0.0,1.0,0.0,1.0,0.0,1.0,0.0,1.0,0.0
0.06249999999999999,0.8076171875,1.0,0.0,0.9298600554466248,0.07013994455337524,1.0,0.0,1.0,0.0,1.0,0.0,1.0,0.0,1.0,0.0
0.06249999999999999,0.8095703125,1.0,0.0,0.9187754988670349,0.08122450113296509,1.0,0.0,1.0,0.0,1.0,0.0,1.0,0.0,1.0,0.0
0.06249999999999999,0.8115234375,1.0,0.0,0.9068727493286133,0.09312725067138672,1.0,0.0,1.0,0.0,1.0,0.0,1.0,0.0,1.0,0.0
0.06249999999999999,0.8134765625,1.0,0.0,0.8948796987533569,0.10512030124664307,1.0,0.0,1.0,0.0,1.0,0.0,1.0,0.0,1.0,0.0
0.06249999999999999,0.8154296875,1.0,0.0,0.8835194706916809,0.11648052930831909,1.0,0.0,1.0,0.0,1.0,0.0,1.0,0.0,1.0,0.0
0.06249999999999999,0.8173828125,1.0,0.0,0.8734579682350159,0.12654203176498413,1.0,0.0,1.0,0.0,1.0,0.0,1.0,0.0,1.0,0.0
0.06249999999999999,0.8193359375,1.0,0.0,0.8652507066726685,0.13474929332733154,1.0,0.0,1.0,0.0,1.0,0.0,1.0,0.0,1.0,0.0
0.06249999999999999,0.8212890625,1.0,0.0,0.8593159317970276,0.1406840682029724,1.0,0.0,1.0,0.0,1.0,0.0,1.0,0.0,1.0,0.0
0.06249999999999999,0.8232421875,1.0,0.0,0.8559114933013916,0.1440885066986084,1.0,0.0,1.0,0.0,1.0,0.0,1.0,0.0,1.0,0.0
0.06249999999999999,0.8251953125,1.0,0.0,0.8551310896873474,0.1448689103126526,1.0,0.0,1.0,0.0,1.0,0.0,1.0,0.0,1.0,0.0
0.06249999999999999,0.8271484375,1.0,0.0,0.8569076657295227,0.1430923342704773,1.0,0.0,1.0,0.0,1.0,0.0,1.0,0.0,1.0,0.0
0.06249999999999999,0.8291015625,1.0,0.0,0.861023485660553,0.13897651433944702,1.0,0.0,1.0,0.0,1.0,0.0,1.0,0.0,1.0,0.0
0.06249999999999999,0.8310546875,1.0,0.0,0.8671175837516785,0.13288241624832153,1.0,0.0,1.0,0.0,1.0,0.0,1.0,0.0,1.0,0.0
0.06249999999999999,0.8330078125,1.0,0.0,0.8747043609619141,0.12529563903808594,1.0,0.0,1.0,0.0,1.0,0.0,1.0,0.0,1.0,0.0
0.06249999999999999,0.8349609375,1.0,0.0,0.8831899762153625,0.11681002378463745,1.0,0.0,1.0,0.0,1.0,0.0,1.0,0.0,1.0,0.0
0.06249999999999999,0.8369140625,1.0,0.0,0.8919021487236023,0.1080978512763977,1.0,0.0,1.0,0.0,1.0,0.0,1.0,0.0,1.0,0.0
0.06249999999999999,0.8388671875,1.0,0.0,0.9001260995864868,0.09987390041351318,1.0,0.0,1.0,0.0,1.0,0.0,1.0,0.0,1.0,0.0
0.06249999999999999,0.8408203125,1.0,0.0,0.9071530699729919,0.09284693002700806,1.0,0.0,1.0,0.0,1.0,0.0,1.0,0.0,1.0,0.0
0.06249999999999999,0.8427734375,1.0,0.0,0.9123305082321167,0.0876694917678833,1.0,0.0,1.0,0.0,1.0,0.0,1.0,0.0,1.0,0.0
0.06249999999999999,0.8447265625,1.0,0.0,0.915115475654602,0.08488452434539795,1.0,0.0,1.0,0.0,1.0,0.0,1.0,0.0,1.0,0.0
0.06249999999999999,0.8466796875,1.0,0.0,0.9151186943054199,0.08488130569458008,1.0,0.0,1.0,0.0,1.0,0.0,1.0,0.0,1.0,0.0
0.06249999999999999,0.8486328125,1.0,0.0,0.9121397137641907,0.08786028623580933,1.0,0.0,1.0,0.0,1.0,0.0,1.0,0.0,1.0,0.0
0.06249999999999999,0.8505859375,1.0,0.0,0.9061846137046814,0.0938153862953186,1.0,0.0,1.0,0.0,1.0,0.0,1.0,0.0,1.0,0.0
0.06249999999999999,0.8525390625,1.0,0.0,0.8974698185920715,0.10253018140792847,1.0,0.0,1.0,0.0,1.0,0.0,1.0,0.0,1.0,0.0
0.06249999999999999,0.8544921875,1.0,0.0,0.8864124417304993,0.11358755826950073,1.0,0.0,1.0,0.0,1.0,0.0,1.0,0.0,1.0,0.0
0.06249999999999999,0.8564453125,1.0,0.0,0.8736042976379395,0.12639570236206055,1.0,0.0,1.0,0.0,1.0,0.0,1.0,0.0,1.0,0.0
0.06249999999999999,0.8583984375,1.0,0.0,0.8597649335861206,0.1402350664138794,1.0,0.0,1.0,0.0,1.0,0.0,1.0,0.0,1.0,0.0
0.06249999999999999,0.8603515625,1.0,0.0,0.845686137676239,0.154313862323761,1.0,0.0,1.0,0.0,1.0,0.0,1.0,0.0,1.0,0.0
0.06249999999999999,0.8623046875,1.0,0.0,0.8321595191955566,0.16784048080444336,1.0,0.0,1.0,0.0,1.0,0.0,1.0,0.0,1.0,0.0
0.06249999999999999,0.8642578125,1.0,0.0,0.8199065923690796,0.1800934076309204,1.0,0.0,1.0,0.0,1.0,0.0,1.0,0.0,1.0,0.0
0.06249999999999999,0.8662109375,1.0,0.0,0.8095163106918335,0.1904836893081665,1.0,0.0,1.0,0.0,1.0,0.0,1.0,0.0,1.0,0.0
0.06249999999999999,0.8681640625,1.0,0.0,0.8014074563980103,0.19859254360198975,1.0,0.0,1.0,0.0,1.0,0.0,1.0,0.0,1.0,0.0
0.06249999999999999,0.8701171875,1.0,0.0,0.795808732509613,0.20419126749038696,1.0,0.0,1.0,0.0,1.0,0.0,1.0,0.0,1.0,0.0
0.06249999999999999,0.8720703125,1.0,0.0,0.7927637696266174,0.20723623037338257,1.0,0.0,1.0,0.0,1.0,0.0,1.0,0.0,1.0,0.0
0.06249999999999999,0.8740234375,1.0,0.0,0.7921487092971802,0.20785129070281982,1.0,0.0,1.0,0.0,1.0,0.0,1.0,0.0,1.0,0.0
0.06249999999999999,0.8759765625,1.0,0.0,0.7936981320381165,0.20630186796188354,1.0,0.0,1.0,0.0,1.0,0.0,1.0,0.0,1.0,0.0
0.06249999999999999,0.8779296875,1.0,0.0,0.7970399856567383,0.20296001434326172,1.0,0.0,1.0,0.0,1.0,0.0,1.0,0.0,1.0,0.0
0.06249999999999999,0.8798828125,1.0,0.0,0.8017329573631287,0.19826704263687134,1.0,0.0,1.0,0.0,1.0,0.0,1.0,0.0,1.0,0.0
0.06249999999999999,0.8818359375,1.0,0.0,0.8073041439056396,0.19269585609436035,1.0,0.0,1.0,0.0,1.0,0.0,1.0,0.0,1.0,0.0
0.06249999999999999,0.8837890625,1.0,0.0,0.8132866621017456,0.1867133378982544,1.0,0.0,1.0,0.0,1.0,0.0,1.0,0.0,1.0,0.0
0.06249999999999999,0.8857421875,1.0,0.0,0.8192501068115234,0.18074989318847656,1.0,0.0,1.0,0.0,1.0,0.0,1.0,0.0,1.0,0.0
0.06249999999999999,0.8876953125,1.0,0.0,0.8248234987258911,0.1751765012741089,1.0,0.0,1.0,0.0,1.0,0.0,1.0,0.0,1.0,0.0
0.06249999999999999,0.8896484375,1.0,0.0,0.829712986946106,0.17028701305389404,1.0,0.0,1.0,0.0,1.0,0.0,1.0,0.0,1.0,0.0
0.06249999999999999,0.8916015625,1.0,0.0,0.8337118625640869,0.16628813743591309,1.0,0.0,1.0,0.0,1.0,0.0,1.0,0.0,1.0,0.0
0.06249999999999999,0.8935546875,1.0,0.0,0.836702287197113,0.16329771280288696,1.0,0.0,1.0,0.0,1.0,0.0,1.0,0.0,1.0,0.0
0.06249999999999999,0.8955078125,1.0,0.0,0.8386578559875488,0.16134214401245117,1.0,0.0,1.0,0.0,1.0,0.0,1.0,0.0,1.0,0.0
0.06249999999999999,0.8974609375,1.0,0.0,0.8396385312080383,0.16036146879196167,1.0,0.0,1.0,0.0,1.0,0.0,1.0,0.0,1.0,0.0
0.06249999999999999,0.8994140625,1.0,0.0,0.8397784233093262,0.16022157669067383,1.0,0.0,1.0,0.0,1.0,0.0,1.0,0.0,1.0,0.0
0.06249999999999999,0.9013671875,1.0,0.0,0.8392720818519592,0.16072791814804077,1.0,0.0,1.0,0.0,1.0,0.0,1.0,0.0,1.0,0.0
0.06249999999999999,0.9033203125,1.0,0.0,0.8383539319038391,0.1616460680961609,1.0,0.0,1.0,0.0,1.0,0.0,1.0,0.0,1.0,0.0
0.06249999999999999,0.9052734375,1.0,0.0,0.8372771143913269,0.1627228856086731,1.0,0.0,1.0,0.0,1.0,0.0,1.0,0.0,1.0,0.0
0.06249999999999999,0.9072265625,1.0,0.0,0.8362910151481628,0.16370898485183716,1.0,0.0,1.0,0.0,1.0,0.0,1.0,0.0,1.0,0.0
0.06249999999999999,0.9091796875,1.0,0.0,0.8356184363365173,0.16438156366348267,1.0,0.0,1.0,0.0,1.0,0.0,1.0,0.0,1.0,0.0
0.06249999999999999,0.9111328125,1.0,0.0,0.8354374766349792,0.16456252336502075,1.0,0.0,1.0,0.0,1.0,0.0,1.0,0.0,1.0,0.0
0.06249999999999999,0.9130859375,1.0,0.0,0.8358590602874756,0.16414093971252441,1.0,0.0,1.0,0.0,1.0,0.0,1.0,0.0,1.0,0.0
0.06249999999999999,0.9150390625,1.0,0.0,0.8369110822677612,0.16308891773223877,1.0,0.0,1.0,0.0,1.0,0.0,1.0,0.0,1.0,0.0
0.06249999999999999,0.9169921875,1.0,0.0,0.83852618932724,0.16147381067276,1.0,0.0,1.0,0.0,1.0,0.0,1.0,0.0,1.0,0.0
0.06249999999999999,0.9189453125,1.0,0.0,0.8405372500419617,0.15946274995803833,1.0,0.0,1.0,0.0,1.0,0.0,1.0,0.0,1.0,0.0
0.06249999999999999,0.9208984375,1.0,0.0,0.8426773548126221,0.15732264518737793,1.0,0.0,1.0,0.0,1.0,0.0,1.0,0.0,1.0,0.0
0.06249999999999999,0.9228515625,1.0,0.0,0.8445985913276672,0.15540140867233276,1.0,0.0,1.0,0.0,1.0,0.0,1.0,0.0,1.0,0.0
0.06249999999999999,0.9248046875,1.0,0.0,0.8458921313285828,0.15410786867141724,1.0,0.0,1.0,0.0,1.0,0.0,1.0,0.0,1.0,0.0
0.06249999999999999,0.9267578125,1.0,0.0,0.846126914024353,0.15387308597564697,1.0,0.0,1.0,0.0,1.0,0.0,1.0,0.0,1.0,0.0
0.06249999999999999,0.9287109375,1.0,0.0,0.8448848128318787,0.15511518716812134,1.0,0.0,1.0,0.0,1.0,0.0,1.0,0.0,1.0,0.0
0.06249999999999999,0.9306640625,1.0,0.0,0.8418078422546387,0.15819215774536133,1.0,0.0,1.0,0.0,1.0,0.0,1.0,0.0,1.0,0.0
0.06249999999999999,0.9326171875,1.0,0.0,0.8408761620521545,0.15912383794784546,1.0,0.0,1.0,0.0,1.0,0.0,1.0,0.0,1.0,0.0
0.06249999999999999,0.9345703125,1.0,0.0,0.8461666703224182,0.1538333296775818,1.0,0.0,1.0,0.0,1.0,0.0,1.0,0.0,1.0,0.0
0.06249999999999999,0.9365234375,1.0,0.0,0.8484031558036804,0.15159684419631958,1.0,0.0,1.0,0.0,1.0,0.0,1.0,0.0,1.0,0.0
0.06249999999999999,0.9384765625,1.0,0.0,0.8469979763031006,0.15300202369689941,1.0,0.0,1.0,0.0,1.0,0.0,1.0,0.0,1.0,0.0
0.06249999999999999,0.9404296875,1.0,0.0,0.8415394425392151,0.1584605574607849,1.0,0.0,1.0,0.0,1.0,0.0,1.0,0.0,1.0,0.0
0.06249999999999999,0.9423828125,1.0,0.0,0.8318697214126587,0.1681302785873413,1.0,0.0,1.0,0.0,1.0,0.0,1.0,0.0,1.0,0.0
0.06249999999999999,0.9443359375,1.0,0.0,0.8181202411651611,0.18187975883483887,1.0,0.0,1.0,0.0,1.0,0.0,1.0,0.0,1.0,0.0
0.06249999999999999,0.9462890625,1.0,0.0,0.8006935715675354,0.1993064284324646,1.0,0.0,1.0,0.0,1.0,0.0,1.0,0.0,1.0,0.0
0.06249999999999999,0.9482421875,1.0,0.0,0.7802110314369202,0.21978896856307983,1.0,0.0,1.0,0.0,1.0,0.0,1.0,0.0,1.0,0.0
0.06249999999999999,0.9501953125,1.0,0.0,0.7574398517608643,0.24256014823913574,1.0,0.0,1.0,0.0,1.0,0.0,1.0,0.0,1.0,0.0
0.06249999999999999,0.9521484375,1.0,0.0,0.7332355380058289,0.26676446199417114,1.0,0.0,1.0,0.0,1.0,0.0,1.0,0.0,1.0,0.0
0.06249999999999999,0.9541015625,1.0,0.0,0.7084913849830627,0.29150861501693726,1.0,0.0,1.0,0.0,1.0,0.0,1.0,0.0,1.0,0.0
0.06249999999999999,0.9560546875,1.0,0.0,0.6840963363647461,0.3159036636352539,1.0,0.0,1.0,0.0,1.0,0.0,1.0,0.0,1.0,0.0
0.06249999999999999,0.9580078125,1.0,0.0,0.660882294178009,0.33911770582199097,1.0,0.0,1.0,0.0,1.0,0.0,1.0,0.0,1.0,0.0
0.06249999999999999,0.9599609375,1.0,0.0,0.6425836086273193,0.35741639137268066,1.0,0.0,1.0,0.0,1.0,0.0,1.0,0.0,1.0,0.0
0.06249999999999999,0.9619140625,1.0,0.0,0.6330684423446655,0.3669315576553345,1.0,0.0,1.0,0.0,1.0,0.0,1.0,0.0,1.0,0.0
0.06249999999999999,0.9638671875,1.0,0.0,0.6251570582389832,0.37484294176101685,1.0,0.0,1.0,0.0,1.0,0.0,1.0,0.0,1.0,0.0
0.06249999999999999,0.9658203125,1.0,0.0,0.6186949014663696,0.38130509853363037,1.0,0.0,1.0,0.0,1.0,0.0,1.0,0.0,1.0,0.0
0.06249999999999999,0.9677734375,1.0,0.0,0.6134421229362488,0.3865578770637512,1.0,0.0,1.0,0.0,1.0,0.0,1.0,0.0,1.0,0.0
0.06249999999999999,0.9697265625,1.0,0.0,0.6091232895851135,0.3908767104148865,1.0,0.0,1.0,0.0,1.0,0.0,1.0,0.0,1.0,0.0
0.06249999999999999,0.9716796875,1.0,0.0,0.6054840087890625,0.3945159912109375,1.0,0.0,1.0,0.0,1.0,0.0,1.0,0.0,1.0,0.0
0.06249999999999999,0.9736328125,1.0,0.0,0.6023491621017456,0.3976508378982544,1.0,0.0,1.0,0.0,1.0,0.0,1.0,0.0,1.0,0.0
0.06249999999999999,0.9755859375,1.0,0.0,0.5996658802032471,0.40033411979675293,1.0,0.0,1.0,0.0,1.0,0.0,1.0,0.0,1.0,0.0
0.06249999999999999,0.9775390625,1.0,0.0,0.5975337624549866,0.4024662375450134,1.0,0.0,1.0,0.0,1.0,0.0,1.0,0.0,1.0,0.0
0.06249999999999999,0.9794921875,1.0,0.0,0.5962213277816772,0.40377867221832275,1.0,0.0,1.0,0.0,1.0,0.0,1.0,0.0,1.0,0.0
0.06249999999999999,0.9814453125,1.0,0.0,0.5961730480194092,0.4038269519805908,1.0,0.0,1.0,0.0,1.0,0.0,1.0,0.0,1.0,0.0
0.06249999999999999,0.9833984375,1.0,0.0,0.5980081558227539,0.4019918441772461,1.0,0.0,1.0,0.0,1.0,0.0,1.0,0.0,1.0,0.0
0.06249999999999999,0.9853515625,1.0,0.0,0.6025047898292542,0.39749521017074585,1.0,0.0,1.0,0.0,1.0,0.0,1.0,0.0,1.0,0.0
0.06249999999999999,0.9873046875,1.0,0.0,0.6105612516403198,0.3894387483596802,1.0,0.0,1.0,0.0,1.0,0.0,1.0,0.0,1.0,0.0
0.06249999999999999,0.9892578125,1.0,0.0,0.6203054189682007,0.3796945810317993,1.0,0.0,1.0,0.0,1.0,0.0,1.0,0.0,1.0,0.0
0.06249999999999999,0.9912109375,1.0,0.0,0.6257045269012451,0.3742954730987549,1.0,0.0,1.0,0.0,1.0,0.0,1.0,0.0,1.0,0.0
0.06249999999999999,0.9931640625,1.0,0.0,0.6347476840019226,0.3652523159980774,1.0,0.0,1.0,0.0,1.0,0.0,1.0,0.0,1.0,0.0
0.06249999999999999,0.9951171875,1.0,0.0,0.6480405926704407,0.3519594073295593,1.0,0.0,1.0,0.0,1.0,0.0,1.0,0.0,1.0,0.0
0.06249999999999999,0.9970703125,1.0,0.0,0.6660578846931458,0.33394211530685425,1.0,0.0,1.0,0.0,1.0,0.0,1.0,0.0,1.0,0.0
0.06249999999999999,0.9990234375,1.0,0.0,0.688998818397522,0.311001181602478,1.0,0.0,1.0,0.0,1.0,0.0,1.0,0.0,1.0,0.0
0.075,0.0009765625,1.0,0.0,1.1256684064865112,0.12566840648651123,1.0,0.0,1.0,0.0,1.0,0.0,1.0,0.0,1.0,0.0
0.075,0.0029296875,1.0,0.0,1.1537425518035889,0.15374255180358887,1.0,0.0,1.0,0.0,1.0,0.0,1.0,0.0,1.0,0.0
0.075,0.0048828125,1.0,0.0,1.1785888671875,0.1785888671875,1.0,0.0,1.0,0.0,1.0,0.0,1.0,0.0,1.0,0.0
0.075,0.0068359375,1.0,0.0,1.1992688179016113,0.19926881790161133,1.0,0.0,1.0,0.0,1.0,0.0,1.0,0.0,1.0,0.0
0.075,0.0087890625,1.0,0.0,1.2152279615402222,0.21522796154022217,1.0,0.0,1.0,0.0,1.0,0.0,1.0,0.0,1.0,0.0
0.075,0.0107421875,1.0,0.0,1.2262535095214844,0.22625350952148438,1.0,0.0,1.0,0.0,1.0,0.0,1.0,0.0,1.0,0.0
0.075,0.0126953125,1.0,0.0,1.232399344444275,0.2323993444442749,1.0,0.0,1.0,0.0,1.0,0.0,1.0,0.0,1.0,0.0
0.075,0.0146484375,1.0,0.0,1.2339112758636475,0.23391127586364746,1.0,0.0,1.0,0.0,1.0,0.0,1.0,0.0,1.0,0.0
0.075,0.0166015625,1.0,0.0,1.2311662435531616,0.23116624355316162,1.0,0.0,1.0,0.0,1.0,0.0,1.0,0.0,1.0,0.0
0.075,0.0185546875,1.0,0.0,1.2246261835098267,0.22462618350982666,1.0,0.0,1.0,0.0,1.0,0.0,1.0,0.0,1.0,0.0
0.075,0.0205078125,1.0,0.0,1.208543300628662,0.2085433006286621,1.0,0.0,1.0,0.0,1.0,0.0,1.0,0.0,1.0,0.0
0.075,0.0224609375,1.0,0.0,1.1819924116134644,0.18199241161346436,1.0,0.0,1.0,0.0,1.0,0.0,1.0,0.0,1.0,0.0
0.075,0.0244140625,1.0,0.0,1.1559034585952759,0.15590345859527588,1.0,0.0,1.0,0.0,1.0,0.0,1.0,0.0,1.0,0.0
0.075,0.0263671875,1.0,0.0,1.1308473348617554,0.13084733486175537,1.0,0.0,1.0,0.0,1.0,0.0,1.0,0.0,1.0,0.0
0.075,0.0283203125,1.0,0.0,1.1072535514831543,0.1072535514831543,1.0,0.0,1.0,0.0,1.0,0.0,1.0,0.0,1.0,0.0
0.075,0.0302734375,1.0,0.0,1.0854167938232422,0.08541679382324219,1.0,0.0,1.0,0.0,1.0,0.0,1.0,0.0,1.0,0.0
0.075,0.0322265625,1.0,0.0,1.0655125379562378,0.06551253795623779,1.0,0.0,1.0,0.0,1.0,0.0,1.0,0.0,1.0,0.0
0.075,0.0341796875,1.0,0.0,1.0476082563400269,0.047608256340026855,1.0,0.0,1.0,0.0,1.0,0.0,1.0,0.0,1.0,0.0
0.075,0.0361328125,1.0,0.0,1.0316725969314575,0.03167259693145752,1.0,0.0,1.0,0.0,1.0,0.0,1.0,0.0,1.0,0.0
0.075,0.0380859375,1.0,0.0,1.017582654953003,0.01758265495300293,1.0,0.0,1.0,0.0,1.0,0.0,1.0,0.0,1.0,0.0
0.075,0.0400390625,1.0,0.0,1.0051416158676147,0.005141615867614746,1.0,0.0,1.0,0.0,1.0,0.0,1.0,0.0,1.0,0.0
0.075,0.0419921875,1.0,0.0,0.9941178560256958,0.005882143974304199,1.0,0.0,1.0,0.0,1.0,0.0,1.0,0.0,1.0,0.0
0.075,0.0439453125,1.0,0.0,0.9843102097511292,0.01568979024887085,1.0,0.0,1.0,0.0,1.0,0.0,1.0,0.0,1.0,0.0
0.075,0.0458984375,1.0,0.0,0.975618839263916,0.024381160736083984,1.0,0.0,1.0,0.0,1.0,0.0,1.0,0.0,1.0,0.0
0.075,0.0478515625,1.0,0.0,0.9680951833724976,0.03190481662750244,1.0,0.0,1.0,0.0,1.0,0.0,1.0,0.0,1.0,0.0
0.075,0.0498046875,1.0,0.0,0.9619360566139221,0.03806394338607788,1.0,0.0,1.0,0.0,1.0,0.0,1.0,0.0,1.0,0.0
0.075,0.0517578125,1.0,0.0,0.9574245810508728,0.0425754189491272,1.0,0.0,1.0,0.0,1.0,0.0,1.0,0.0,1.0,0.0
0.075,0.0537109375,1.0,0.0,0.9548417925834656,0.045158207416534424,1.0,0.0,1.0,0.0,1.0,0.0,1.0,0.0,1.0,0.0
0.075,0.0556640625,1.0,0.0,0.9543903470039368,0.04560965299606323,1.0,0.0,1.0,0.0,1.0,0.0,1.0,0.0,1.0,0.0
0.075,0.0576171875,1.0,0.0,0.9561585187911987,0.04384148120880127,1.0,0.0,1.0,0.0,1.0,0.0,1.0,0.0,1.0,0.0
0.075,0.0595703125,1.0,0.0,0.9619115591049194,0.038088440895080566,1.0,0.0,1.0,0.0,1.0,0.0,1.0,0.0,1.0,0.0
0.075,0.0615234375,1.0,0.0,0.9861955642700195,0.013804435729980469,1.0,0.0,1.0,0.0,1.0,0.0,1.0,0.0,1.0,0.0
0.075,0.0634765625,1.0,0.0,1.0121843814849854,0.012184381484985352,1.0,0.0,1.0,0.0,1.0,0.0,1.0,0.0,1.0,0.0
0.075,0.0654296875,1.0,0.0,1.0388778448104858,0.03887784481048584,1.0,0.0,1.0,0.0,1.0,0.0,1.0,0.0,1.0,0.0
0.075,0.0673828125,1.0,0.0,1.0652847290039062,0.06528472900390625,1.0,0.0,1.0,0.0,1.0,0.0,1.0,0.0,1.0,0.0
0.075,0.0693359375,1.0,0.0,1.0904968976974487,0.09049689769744873,1.0,0.0,1.0,0.0,1.0,0.0,1.0,0.0,1.0,0.0
0.075,0.0712890625,1.0,0.0,1.1137489080429077,0.11374890804290771,1.0,0.0,1.0,0.0,1.0,0.0,1.0,0.0,1.0,0.0
0.075,0.0732421875,1.0,0.0,1.1247891187667847,0.12478911876678467,1.0,0.0,1.0,0.0,1.0,0.0,1.0,0.0,1.0,0.0
0.075,0.0751953125,1.0,0.0,1.1296418905258179,0.12964189052581787,1.0,0.0,1.0,0.0,1.0,0.0,1.0,0.0,1.0,0.0
0.075,0.0771484375,1.0,0.0,1.131653904914856,0.13165390491485596,1.0,0.0,1.0,0.0,1.0,0.0,1.0,0.0,1.0,0.0
0.075,0.0791015625,1.0,0.0,1.1312435865402222,0.13124358654022217,1.0,0.0,1.0,0.0,1.0,0.0,1.0,0.0,1.0,0.0
0.075,0.0810546875,1.0,0.0,1.1361808776855469,0.13618087768554688,1.0,0.0,1.0,0.0,1.0,0.0,1.0,0.0,1.0,0.0
0.075,0.0830078125,1.0,0.0,1.1543763875961304,0.15437638759613037,1.0,0.0,1.0,0.0,1.0,0.0,1.0,0.0,1.0,0.0
0.075,0.0849609375,1.0,0.0,1.168844223022461,0.16884422302246094,1.0,0.0,1.0,0.0,1.0,0.0,1.0,0.0,1.0,0.0
0.075,0.0869140625,1.0,0.0,1.178719401359558,0.1787194013595581,1.0,0.0,1.0,0.0,1.0,0.0,1.0,0.0,1.0,0.0
0.075,0.0888671875,1.0,0.0,1.1835163831710815,0.18351638317108154,1.0,0.0,1.0,0.0,1.0,0.0,1.0,0.0,1.0,0.0
0.075,0.0908203125,1.0,0.0,1.1831817626953125,0.1831817626953125,1.0,0.0,1.0,0.0,1.0,0.0,1.0,0.0,1.0,0.0
0.075,0.0927734375,1.0,0.0,1.1781007051467896,0.17810070514678955,1.0,0.0,1.0,0.0,1.0,0.0,1.0,0.0,1.0,0.0
0.075,0.0947265625,1.0,0.0,1.1690655946731567,0.16906559467315674,1.0,0.0,1.0,0.0,1.0,0.0,1.0,0.0,1.0,0.0
0.075,0.0966796875,1.0,0.0,1.1571999788284302,0.15719997882843018,1.0,0.0,1.0,0.0,1.0,0.0,1.0,0.0,1.0,0.0
0.075,0.0986328125,1.0,0.0,1.1438361406326294,0.1438361406326294,1.0,0.0,1.0,0.0,1.0,0.0,1.0,0.0,1.0,0.0
0.075,0.1005859375,1.0,0.0,1.1303576231002808,0.13035762310028076,1.0,0.0,1.0,0.0,1.0,0.0,1.0,0.0,1.0,0.0
0.075,0.1025390625,1.0,0.0,1.1180366277694702,0.11803662776947021,1.0,0.0,1.0,0.0,1.0,0.0,1.0,0.0,1.0,0.0
0.075,0.1044921875,1.0,0.0,1.1079083681106567,0.10790836811065674,1.0,0.0,1.0,0.0,1.0,0.0,1.0,0.0,1.0,0.0
0.075,0.1064453125,1.0,0.0,1.1007001399993896,0.10070013999938965,1.0,0.0,1.0,0.0,1.0,0.0,1.0,0.0,1.0,0.0
0.075,0.1083984375,1.0,0.0,1.0968173742294312,0.09681737422943115,1.0,0.0,1.0,0.0,1.0,0.0,1.0,0.0,1.0,0.0
0.075,0.1103515625,1.0,0.0,1.0962287187576294,0.0962287187576294,1.0,0.0,1.0,0.0,1.0,0.0,1.0,0.0,1.0,0.0
0.075,0.1123046875,1.0,0.0,1.090017318725586,0.09001731872558594,1.0,0.0,1.0,0.0,1.0,0.0,1.0,0.0,1.0,0.0
0.075,0.1142578125,1.0,0.0,1.0858643054962158,0.08586430549621582,1.0,0.0,1.0,0.0,1.0,0.0,1.0,0.0,1.0,0.0
0.075,0.1162109375,1.0,0.0,1.0836678743362427,0.08366787433624268,1.0,0.0,1.0,0.0,1.0,0.0,1.0,0.0,1.0,0.0
0.075,0.1181640625,1.0,0.0,1.083182692527771,0.083182692527771,1.0,0.0,1.0,0.0,1.0,0.0,1.0,0.0,1.0,0.0
0.075,0.1201171875,1.0,0.0,1.084079623222351,0.08407962322235107,1.0,0.0,1.0,0.0,1.0,0.0,1.0,0.0,1.0,0.0
0.075,0.1220703125,1.0,0.0,1.085997223854065,0.08599722385406494,1.0,0.0,1.0,0.0,1.0,0.0,1.0,0.0,1.0,0.0
0.075,0.1240234375,1.0,0.0,1.088579535484314,0.08857953548431396,1.0,0.0,1.0,0.0,1.0,0.0,1.0,0.0,1.0,0.0
0.075,0.1259765625,1.0,0.0,1.091494083404541,0.09149408340454102,1.0,0.0,1.0,0.0,1.0,0.0,1.0,0.0,1.0,0.0
0.075,0.1279296875,1.0,0.0,1.0944308042526245,0.09443080425262451,1.0,0.0,1.0,0.0,1.0,0.0,1.0,0.0,1.0,0.0
0.075,0.1298828125,1.0,0.0,1.097082257270813,0.09708225727081299,1.0,0.0,1.0,0.0,1.0,0.0,1.0,0.0,1.0,0.0
0.075,0.1318359375,1.0,0.0,1.0991188287734985,0.09911882877349854,1.0,0.0,1.0,0.0,1.0,0.0,1.0,0.0,1.0,0.0
0.075,0.1337890625,1.0,0.0,1.1001771688461304,0.10017716884613037,1.0,0.0,1.0,0.0,1.0,0.0,1.0,0.0,1.0,0.0
0.075,0.1357421875,1.0,0.0,1.099886178970337,0.09988617897033691,1.0,0.0,1.0,0.0,1.0,0.0,1.0,0.0,1.0,0.0
0.075,0.1376953125,1.0,0.0,1.0979290008544922,0.09792900085449219,1.0,0.0,1.0,0.0,1.0,0.0,1.0,0.0,1.0,0.0
0.075,0.1396484375,1.0,0.0,1.0941214561462402,0.09412145614624023,1.0,0.0,1.0,0.0,1.0,0.0,1.0,0.0,1.0,0.0
0.075,0.1416015625,1.0,0.0,1.0884743928909302,0.08847439289093018,1.0,0.0,1.0,0.0,1.0,0.0,1.0,0.0,1.0,0.0
0.075,0.1435546875,1.0,0.0,1.1010541915893555,0.10105419158935547,1.0,0.0,1.0,0.0,1.0,0.0,1.0,0.0,1.0,0.0
0.075,0.1455078125,1.0,0.0,1.1196345090866089,0.11963450908660889,1.0,0.0,1.0,0.0,1.0,0.0,1.0,0.0,1.0,0.0
0.075,0.1474609375,1.0,0.0,1.1370799541473389,0.13707995414733887,1.0,0.0,1.0,0.0,1.0,0.0,1.0,0.0,1.0,0.0
0.075,0.1494140625,1.0,0.0,1.1476937532424927,0.14769375324249268,1.0,0.0,1.0,0.0,1.0,0.0,1.0,0.0,1.0,0.0
0.075,0.1513671875,1.0,0.0,1.134968638420105,0.13496863842010498,1.0,0.0,1.0,0.0,1.0,0.0,1.0,0.0,1.0,0.0
0.075,0.1533203125,1.0,0.0,1.1241766214370728,0.12417662143707275,1.0,0.0,1.0,0.0,1.0,0.0,1.0,0.0,1.0,0.0
0.075,0.1552734375,1.0,0.0,1.11568021774292,0.11568021774291992,1.0,0.0,1.0,0.0,1.0,0.0,1.0,0.0,1.0,0.0
0.075,0.1572265625,1.0,0.0,1.1096409559249878,0.10964095592498779,1.0,0.0,1.0,0.0,1.0,0.0,1.0,0.0,1.0,0.0
0.075,0.1591796875,1.0,0.0,1.1060913801193237,0.10609138011932373,1.0,0.0,1.0,0.0,1.0,0.0,1.0,0.0,1.0,0.0
0.075,0.1611328125,1.0,0.0,1.1049895286560059,0.10498952865600586,1.0,0.0,1.0,0.0,1.0,0.0,1.0,0.0,1.0,0.0
0.075,0.1630859375,1.0,0.0,1.1062407493591309,0.10624074935913086,1.0,0.0,1.0,0.0,1.0,0.0,1.0,0.0,1.0,0.0
0.075,0.1650390625,1.0,0.0,1.1096950769424438,0.10969507694244385,1.0,0.0,1.0,0.0,1.0,0.0,1.0,0.0,1.0,0.0
0.075,0.1669921875,1.0,0.0,1.1151313781738281,0.11513137817382812,1.0,0.0,1.0,0.0,1.0,0.0,1.0,0.0,1.0,0.0
0.075,0.1689453125,1.0,0.0,1.1222363710403442,0.12223637104034424,1.0,0.0,1.0,0.0,1.0,0.0,1.0,0.0,1.0,0.0
0.075,0.1708984375,1.0,0.0,1.1305837631225586,0.1305837631225586,1.0,0.0,1.0,0.0,1.0,0.0,1.0,0.0,1.0,0.0
0.075,0.1728515625,1.0,0.0,1.1396210193634033,0.13962101936340332,1.0,0.0,1.0,0.0,1.0,0.0,1.0,0.0,1.0,0.0
0.075,0.1748046875,1.0,0.0,1.1345081329345703,0.1345081329345703,1.0,0.0,1.0,0.0,1.0,0.0,1.0,0.0,1.0,0.0
0.075,0.1767578125,1.0,0.0,1.1267627477645874,0.1267627477645874,1.0,0.0,1.0,0.0,1.0,0.0,1.0,0.0,1.0,0.0
0.075,0.1787109375,1.0,0.0,1.1199846267700195,0.11998462677001953,1.0,0.0,1.0,0.0,1.0,0.0,1.0,0.0,1.0,0.0
0.075,0.1806640625,1.0,0.0,1.11416757106781,0.11416757106781006,1.0,0.0,1.0,0.0,1.0,0.0,1.0,0.0,1.0,0.0
0.075,0.1826171875,1.0,0.0,1.109198808670044,0.10919880867004395,1.0,0.0,1.0,0.0,1.0,0.0,1.0,0.0,1.0,0.0
0.075,0.1845703125,1.0,0.0,1.104885220527649,0.10488522052764893,1.0,0.0,1.0,0.0,1.0,0.0,1.0,0.0,1.0,0.0
0.075,0.1865234375,1.0,0.0,1.1009745597839355,0.10097455978393555,1.0,0.0,1.0,0.0,1.0,0.0,1.0,0.0,1.0,0.0
0.075,0.1884765625,1.0,0.0,1.0971713066101074,0.09717130661010742,1.0,0.0,1.0,0.0,1.0,0.0,1.0,0.0,1.0,0.0
0.075,0.1904296875,1.0,0.0,1.093153715133667,0.09315371513366699,1.0,0.0,1.0,0.0,1.0,0.0,1.0,0.0,1.0,0.0
0.075,0.1923828125,1.0,0.0,1.0885894298553467,0.08858942985534668,1.0,0.0,1.0,0.0,1.0,0.0,1.0,0.0,1.0,0.0
0.075,0.1943359375,1.0,0.0,1.0831623077392578,0.08316230773925781,1.0,0.0,1.0,0.0,1.0,0.0,1.0,0.0,1.0,0.0
0.075,0.1962890625,1.0,0.0,1.07660710811615,0.0766071081161499,1.0,0.0,1.0,0.0,1.0,0.0,1.0,0.0,1.0,0.0
0.075,0.1982421875,1.0,0.0,1.068755030632019,0.06875503063201904,1.0,0.0,1.0,0.0,1.0,0.0,1.0,0.0,1.0,0.0
0.075,0.2001953125,1.0,0.0,1.059573769569397,0.05957376956939697,1.0,0.0,1.0,0.0,1.0,0.0,1.0,0.0,1.0,0.0
0.075,0.2021484375,1.0,0.0,1.0491914749145508,0.04919147491455078,1.0,0.0,1.0,0.0,1.0,0.0,1.0,0.0,1.0,0.0
0.075,0.2041015625,1.0,0.0,1.037889838218689,0.037889838218688965,1.0,0.0,1.0,0.0,1.0,0.0,1.0,0.0,1.0,0.0
0.075,0.2060546875,1.0,0.0,1.026070475578308,0.026070475578308105,1.0,0.0,1.0,0.0,1.0,0.0,1.0,0.0,1.0,0.0
0.075,0.2080078125,1.0,0.0,1.014203429222107,0.014203429222106934,1.0,0.0,1.0,0.0,1.0,0.0,1.0,0.0,1.0,0.0
0.075,0.2099609375,1.0,0.0,1.0027780532836914,0.0027780532836914062,1.0,0.0,1.0,0.0,1.0,0.0,1.0,0.0,1.0,0.0
0.075,0.2119140625,1.0,0.0,0.9922658801078796,0.007734119892120361,1.0,0.0,1.0,0.0,1.0,0.0,1.0,0.0,1.0,0.0
0.075,0.2138671875,1.0,0.0,0.9830987453460693,0.016901254653930664,1.0,0.0,1.0,0.0,1.0,0.0,1.0,0.0,1.0,0.0
0.075,0.2158203125,1.0,0.0,0.9756505489349365,0.024349451065063477,1.0,0.0,1.0,0.0,1.0,0.0,1.0,0.0,1.0,0.0
0.075,0.2177734375,1.0,0.0,0.9702182412147522,0.029781758785247803,1.0,0.0,1.0,0.0,1.0,0.0,1.0,0.0,1.0,0.0
0.075,0.2197265625,1.0,0.0,0.978736162185669,0.021263837814331055,1.0,0.0,1.0,0.0,1.0,0.0,1.0,0.0,1.0,0.0
0.075,0.2216796875,1.0,0.0,0.9937921762466431,0.006207823753356934,1.0,0.0,1.0,0.0,1.0,0.0,1.0,0.0,1.0,0.0
0.075,0.2236328125,1.0,0.0,1.0085186958312988,0.008518695831298828,1.0,0.0,1.0,0.0,1.0,0.0,1.0,0.0,1.0,0.0
0.075,0.2255859375,1.0,0.0,1.0087529420852661,0.008752942085266113,1.0,0.0,1.0,0.0,1.0,0.0,1.0,0.0,1.0,0.0
0.075,0.2275390625,1.0,0.0,1.0093307495117188,0.00933074951171875,1.0,0.0,1.0,0.0,1.0,0.0,1.0,0.0,1.0,0.0
0.075,0.2294921875,1.0,0.0,1.0101277828216553,0.010127782821655273,1.0,0.0,1.0,0.0,1.0,0.0,1.0,0.0,1.0,0.0
0.075,0.2314453125,1.0,0.0,1.0109851360321045,0.010985136032104492,1.0,0.0,1.0,0.0,1.0,0.0,1.0,0.0,1.0,0.0
0.075,0.2333984375,1.0,0.0,1.0117127895355225,0.011712789535522461,1.0,0.0,1.0,0.0,1.0,0.0,1.0,0.0,1.0,0.0
0.075,0.2353515625,1.0,0.0,1.0121010541915894,0.012101054191589355,1.0,0.0,1.0,0.0,1.0,0.0,1.0,0.0,1.0,0.0
0.075,0.2373046875,1.0,0.0,1.011935830116272,0.011935830116271973,1.0,0.0,1.0,0.0,1.0,0.0,1.0,0.0,1.0,0.0
0.075,0.2392578125,1.0,0.0,1.0110176801681519,0.011017680168151855,1.0,0.0,1.0,0.0,1.0,0.0,1.0,0.0,1.0,0.0
0.075,0.2412109375,1.0,0.0,1.009182333946228,0.009182333946228027,1.0,0.0,1.0,0.0,1.0,0.0,1.0,0.0,1.0,0.0
0.075,0.2431640625,1.0,0.0,1.0063164234161377,0.006316423416137695,1.0,0.0,1.0,0.0,1.0,0.0,1.0,0.0,1.0,0.0
0.075,0.2451171875,1.0,0.0,1.0023664236068726,0.0023664236068725586,1.0,0.0,1.0,0.0,1.0,0.0,1.0,0.0,1.0,0.0
0.075,0.2470703125,1.0,0.0,0.9973419904708862,0.0026580095291137695,1.0,0.0,1.0,0.0,1.0,0.0,1.0,0.0,1.0,0.0
0.075,0.2490234375,1.0,0.0,0.9913094639778137,0.00869053602218628,1.0,0.0,1.0,0.0,1.0,0.0,1.0,0.0,1.0,0.0
0.075,0.2509765625,1.0,0.0,0.9843831658363342,0.015616834163665771,1.0,0.0,1.0,0.0,1.0,0.0,1.0,0.0,1.0,0.0
0.075,0.2529296875,1.0,0.0,0.9767113924026489,0.023288607597351074,1.0,0.0,1.0,0.0,1.0,0.0,1.0,0.0,1.0,0.0
0.075,0.2548828125,1.0,0.0,0.9684638381004333,0.03153616189956665,1.0,0.0,1.0,0.0,1.0,0.0,1.0,0.0,1.0,0.0
0.075,0.2568359375,1.0,0.0,0.9598211646080017,0.04017883539199829,1.0,0.0,1.0,0.0,1.0,0.0,1.0,0.0,1.0,0.0
0.075,0.2587890625,1.0,0.0,0.9523316025733948,0.047668397426605225,1.0,0.0,1.0,0.0,1.0,0.0,1.0,0.0,1.0,0.0
0.075,0.2607421875,1.0,0.0,0.9480751752853394,0.051924824714660645,1.0,0.0,1.0,0.0,1.0,0.0,1.0,0.0,1.0,0.0
0.075,0.2626953125,1.0,0.0,0.9450734853744507,0.054926514625549316,1.0,0.0,1.0,0.0,1.0,0.0,1.0,0.0,1.0,0.0
0.075,0.2646484375,1.0,0.0,0.9433775544166565,0.056622445583343506,1.0,0.0,1.0,0.0,1.0,0.0,1.0,0.0,1.0,0.0
0.075,0.2666015625,1.0,0.0,0.9429396986961365,0.057060301303863525,1.0,0.0,1.0,0.0,1.0,0.0,1.0,0.0,1.0,0.0
0.075,0.2685546875,1.0,0.0,0.9436159729957581,0.05638402700424194,1.0,0.0,1.0,0.0,1.0,0.0,1.0,0.0,1.0,0.0
0.075,0.2705078125,1.0,0.0,0.9451733231544495,0.05482667684555054,1.0,0.0,1.0,0.0,1.0,0.0,1.0,0.0,1.0,0.0
0.075,0.2724609375,1.0,0.0,0.947311282157898,0.05268871784210205,1.0,0.0,1.0,0.0,1.0,0.0,1.0,0.0,1.0,0.0
0.075,0.2744140625,1.0,0.0,0.9496918320655823,0.050308167934417725,1.0,0.0,1.0,0.0,1.0,0.0,1.0,0.0,1.0,0.0
0.075,0.2763671875,1.0,0.0,0.9519734382629395,0.04802656173706055,1.0,0.0,1.0,0.0,1.0,0.0,1.0,0.0,1.0,0.0
0.075,0.2783203125,1.0,0.0,0.9538458585739136,0.046154141426086426,1.0,0.0,1.0,0.0,1.0,0.0,1.0,0.0,1.0,0.0
0.075,0.2802734375,1.0,0.0,0.9550612568855286,0.044938743114471436,1.0,0.0,1.0,0.0,1.0,0.0,1.0,0.0,1.0,0.0
0.075,0.2822265625,1.0,0.0,0.9554590582847595,0.04454094171524048,1.0,0.0,1.0,0.0,1.0,0.0,1.0,0.0,1.0,0.0
0.075,0.2841796875,1.0,0.0,0.9549813270568848,0.045018672943115234,1.0,0.0,1.0,0.0,1.0,0.0,1.0,0.0,1.0,0.0
0.075,0.2861328125,1.0,0.0,0.9536800980567932,0.04631990194320679,1.0,0.0,1.0,0.0,1.0,0.0,1.0,0.0,1.0,0.0
0.075,0.2880859375,1.0,0.0,0.9517145752906799,0.04828542470932007,1.0,0.0,1.0,0.0,1.0,0.0,1.0,0.0,1.0,0.0
0.075,0.2900390625,1.0,0.0,0.9493417739868164,0.050658226013183594,1.0,0.0,1.0,0.0,1.0,0.0,1.0,0.0,1.0,0.0
0.075,0.2919921875,1.0,0.0,0.9468940496444702,0.053105950355529785,1.0,0.0,1.0,0.0,1.0,0.0,1.0,0.0,1.0,0.0
0.075,0.2939453125,1.0,0.0,0.9447528719902039,0.05524712800979614,1.0,0.0,1.0,0.0,1.0,0.0,1.0,0.0,1.0,0.0
0.075,0.2958984375,1.0,0.0,0.9433141350746155,0.05668586492538452,1.0,0.0,1.0,0.0,1.0,0.0,1.0,0.0,1.0,0.0
0.075,0.2978515625,1.0,0.0,0.9429497718811035,0.057050228118896484,1.0,0.0,1.0,0.0,1.0,0.0,1.0,0.0,1.0,0.0
0.075,0.2998046875,1.0,0.0,0.9439684748649597,0.05603152513504028,1.0,0.0,1.0,0.0,1.0,0.0,1.0,0.0,1.0,0.0
0.075,0.3017578125,1.0,0.0,0.9465854167938232,0.05341458320617676,1.0,0.0,1.0,0.0,1.0,0.0,1.0,0.0,1.0,0.0
0.075,0.3037109375,1.0,0.0,0.9509015083312988,0.04909849166870117,1.0,0.0,1.0,0.0,1.0,0.0,1.0,0.0,1.0,0.0
0.075,0.3056640625,1.0,0.0,0.9568985104560852,0.043101489543914795,1.0,0.0,1.0,0.0,1.0,0.0,1.0,0.0,1.0,0.0
0.075,0.3076171875,1.0,0.0,0.9644508957862854,0.0355491042137146,1.0,0.0,1.0,0.0,1.0,0.0,1.0,0.0,1.0,0.0
0.075,0.3095703125,1.0,0.0,0.9733420610427856,0.026657938957214355,1.0,0.0,1.0,0.0,1.0,0.0,1.0,0.0,1.0,0.0
0.075,0.3115234375,1.0,0.0,0.9832842946052551,0.016715705394744873,1.0,0.0,1.0,0.0,1.0,0.0,1.0,0.0,1.0,0.0
0.075,0.3134765625,1.0,0.0,0.9939333200454712,0.006066679954528809,1.0,0.0,1.0,0.0,1.0,0.0,1.0,0.0,1.0,0.0
0.075,0.3154296875,1.0,0.0,1.0048987865447998,0.004898786544799805,1.0,0.0,1.0,0.0,1.0,0.0,1.0,0.0,1.0,0.0
0.075,0.3173828125,1.0,0.0,1.0157567262649536,0.015756726264953613,1.0,0.0,1.0,0.0,1.0,0.0,1.0,0.0,1.0,0.0
0.075,0.3193359375,1.0,0.0,1.0242208242416382,0.024220824241638184,1.0,0.0,1.0,0.0,1.0,0.0,1.0,0.0,1.0,0.0
0.075,0.3212890625,1.0,0.0,1.0179468393325806,0.017946839332580566,1.0,0.0,1.0,0.0,1.0,0.0,1.0,0.0,1.0,0.0
0.075,0.3232421875,1.0,0.0,1.0105104446411133,0.010510444641113281,1.0,0.0,1.0,0.0,1.0,0.0,1.0,0.0,1.0,0.0
0.075,0.3251953125,1.0,0.0,1.002126693725586,0.0021266937255859375,1.0,0.0,1.0,0.0,1.0,0.0,1.0,0.0,1.0,0.0
0.075,0.3271484375,1.0,0.0,0.9931387305259705,0.006861269474029541,1.0,0.0,1.0,0.0,1.0,0.0,1.0,0.0,1.0,0.0
0.075,0.3291015625,1.0,0.0,0.9941006302833557,0.005899369716644287,1.0,0.0,1.0,0.0,1.0,0.0,1.0,0.0,1.0,0.0
0.075,0.3310546875,1.0,0.0,0.9961611032485962,0.0038388967514038086,1.0,0.0,1.0,0.0,1.0,0.0,1.0,0.0,1.0,0.0
0.075,0.3330078125,1.0,0.0,0.9981046915054321,0.001895308494567871,1.0,0.0,1.0,0.0,1.0,0.0,1.0,0.0,1.0,0.0
0.075,0.3349609375,1.0,0.0,1.000012993812561,1.2993812561035156e-05,1.0,0.0,1.0,0.0,1.0,0.0,1.0,0.0,1.0,0.0
0.075,0.3369140625,1.0,0.0,1.001922845840454,0.0019228458404541016,1.0,0.0,1.0,0.0,1.0,0.0,1.0,0.0,1.0,0.0
0.075,0.3388671875,1.0,0.0,1.0038074254989624,0.0038074254989624023,1.0,0.0,1.0,0.0,1.0,0.0,1.0,0.0,1.0,0.0
0.075,0.3408203125,1.0,0.0,1.0055705308914185,0.005570530891418457,1.0,0.0,1.0,0.0,1.0,0.0,1.0,0.0,1.0,0.0
0.075,0.3427734375,1.0,0.0,1.007063865661621,0.007063865661621094,1.0,0.0,1.0,0.0,1.0,0.0,1.0,0.0,1.0,0.0
0.075,0.3447265625,1.0,0.0,1.0081173181533813,0.008117318153381348,1.0,0.0,1.0,0.0,1.0,0.0,1.0,0.0,1.0,0.0
0.075,0.3466796875,1.0,0.0,1.008583664894104,0.008583664894104004,1.0,0.0,1.0,0.0,1.0,0.0,1.0,0.0,1.0,0.0
0.075,0.3486328125,1.0,0.0,1.0083813667297363,0.008381366729736328,1.0,0.0,1.0,0.0,1.0,0.0,1.0,0.0,1.0,0.0
0.075,0.3505859375,1.0,0.0,1.0075290203094482,0.007529020309448242,1.0,0.0,1.0,0.0,1.0,0.0,1.0,0.0,1.0,0.0
0.075,0.3525390625,1.0,0.0,1.0061564445495605,0.006156444549560547,1.0,0.0,1.0,0.0,1.0,0.0,1.0,0.0,1.0,0.0
0.075,0.3544921875,1.0,0.0,1.012188196182251,0.012188196182250977,1.0,0.0,1.0,0.0,1.0,0.0,1.0,0.0,1.0,0.0
0.075,0.3564453125,1.0,0.0,1.0292448997497559,0.02924489974975586,1.0,0.0,1.0,0.0,1.0,0.0,1.0,0.0,1.0,0.0
0.075,0.3583984375,1.0,0.0,1.0459020137786865,0.04590201377868652,1.0,0.0,1.0,0.0,1.0,0.0,1.0,0.0,1.0,0.0
0.075,0.3603515625,1.0,0.0,1.0599690675735474,0.05996906757354736,1.0,0.0,1.0,0.0,1.0,0.0,1.0,0.0,1.0,0.0
0.075,0.3623046875,1.0,0.0,1.0710738897323608,0.07107388973236084,1.0,0.0,1.0,0.0,1.0,0.0,1.0,0.0,1.0,0.0
0.075,0.3642578125,1.0,0.0,1.0826176404953003,0.08261764049530029,1.0,0.0,1.0,0.0,1.0,0.0,1.0,0.0,1.0,0.0
0.075,0.3662109375,1.0,0.0,1.090725064277649,0.09072506427764893,1.0,0.0,1.0,0.0,1.0,0.0,1.0,0.0,1.0,0.0
0.075,0.3681640625,1.0,0.0,1.094206690788269,0.09420669078826904,1.0,0.0,1.0,0.0,1.0,0.0,1.0,0.0,1.0,0.0
0.075,0.3701171875,1.0,0.0,1.0939881801605225,0.09398818016052246,1.0,0.0,1.0,0.0,1.0,0.0,1.0,0.0,1.0,0.0
0.075,0.3720703125,1.0,0.0,1.0896873474121094,0.08968734741210938,1.0,0.0,1.0,0.0,1.0,0.0,1.0,0.0,1.0,0.0
0.075,0.3740234375,1.0,0.0,1.0810010433197021,0.08100104331970215,1.0,0.0,1.0,0.0,1.0,0.0,1.0,0.0,1.0,0.0
0.075,0.3759765625,1.0,0.0,1.0679192543029785,0.06791925430297852,1.0,0.0,1.0,0.0,1.0,0.0,1.0,0.0,1.0,0.0
0.075,0.3779296875,1.0,0.0,1.050910472869873,0.05091047286987305,1.0,0.0,1.0,0.0,1.0,0.0,1.0,0.0,1.0,0.0
0.075,0.3798828125,1.0,0.0,1.0309745073318481,0.030974507331848145,1.0,0.0,1.0,0.0,1.0,0.0,1.0,0.0,1.0,0.0
0.075,0.3818359375,1.0,0.0,1.0095173120498657,0.009517312049865723,1.0,0.0,1.0,0.0,1.0,0.0,1.0,0.0,1.0,0.0
0.075,0.3837890625,1.0,0.0,1.0049947500228882,0.004994750022888184,1.0,0.0,1.0,0.0,1.0,0.0,1.0,0.0,1.0,0.0
0.075,0.3857421875,1.0,0.0,1.004243016242981,0.004243016242980957,1.0,0.0,1.0,0.0,1.0,0.0,1.0,0.0,1.0,0.0
0.075,0.3876953125,1.0,0.0,1.0035152435302734,0.0035152435302734375,1.0,0.0,1.0,0.0,1.0,0.0,1.0,0.0,1.0,0.0
0.075,0.3896484375,1.0,0.0,1.0029534101486206,0.0029534101486206055,1.0,0.0,1.0,0.0,1.0,0.0,1.0,0.0,1.0,0.0
0.075,0.3916015625,1.0,0.0,1.0027070045471191,0.0027070045471191406,1.0,0.0,1.0,0.0,1.0,0.0,1.0,0.0,1.0,0.0
0.075,0.3935546875,1.0,0.0,1.0029274225234985,0.002927422523498535,1.0,0.0,1.0,0.0,1.0,0.0,1.0,0.0,1.0,0.0
0.075,0.3955078125,1.0,0.0,1.0037535429000854,0.0037535429000854492,1.0,0.0,1.0,0.0,1.0,0.0,1.0,0.0,1.0,0.0
0.075,0.3974609375,1.0,0.0,1.0052889585494995,0.005288958549499512,1.0,0.0,1.0,0.0,1.0,0.0,1.0,0.0,1.0,0.0
0.075,0.3994140625,1.0,0.0,1.0016555786132812,0.00165557861328125,1.0,0.0,1.0,0.0,1.0,0.0,1.0,0.0,1.0,0.0
0.075,0.4013671875,1.0,0.0,0.9933108687400818,0.006689131259918213,1.0,0.0,1.0,0.0,1.0,0.0,1.0,0.0,1.0,0.0
0.075,0.4033203125,1.0,0.0,0.9873795509338379,0.01262044906616211,1.0,0.0,1.0,0.0,1.0,0.0,1.0,0.0,1.0,0.0
0.075,0.4052734375,1.0,0.0,0.9839572906494141,0.016042709350585938,1.0,0.0,1.0,0.0,1.0,0.0,1.0,0.0,1.0,0.0
0.075,0.4072265625,1.0,0.18595842908757293,0.9829546213150024,0.01704537868499756,1.0,0.0,1.0,0.0,1.0,0.0,1.0,0.0,1.0,0.0
0.075,0.4091796875,1.0,0.18595842908757293,0.9840747714042664,0.015925228595733643,1.0,0.0,1.0,0.0,1.0,0.0,1.0,0.0,1.0,0.0
0.075,0.4111328125,1.0,0.18595842908757293,0.9868207573890686,0.013179242610931396,1.0,0.0,1.0,0.0,1.0,0.0,1.0,0.0,1.0,0.0
0.075,0.4130859375,1.0,0.18595842908757293,0.9905363917350769,0.009463608264923096,1.0,0.0,1.0,0.0,1.0,0.0,1.0,0.0,1.0,0.0
0.075,0.4150390625,1.0,0.3811895541783845,0.9944865703582764,0.005513429641723633,1.0611502753241535,0.061150275324153514,1.0152875688310383,0.015287568831038323,1.0152530992595135,0.015253099259513458,1.012829606746255,0.012829606746254996,1.0,0.0
0.075,0.4169921875,1.0,0.3811895541783845,0.9979532361030579,0.0020467638969421387,1.0611502753241535,0.061150275324153514,1.0458627064931152,0.04586270649311519,1.0456647924943132,0.04566479249431321,1.0317498213139822,0.031749821313982185,1.0,0.0
0.075,0.4189453125,1.0,0.3811895541783845,1.0003297328948975,0.00032973289489746094,1.0611502753241535,0.061150275324153514,1.0764378441551918,0.07643784415519184,1.0760764857291125,0.07607648572911252,1.050670035881709,0.05067003588170893,1.0,0.0
0.075,0.4208984375,1.0,0.3811895541783845,1.0011924505233765,0.0011924505233764648,1.0611502753241535,0.061150275324153514,1.1070129818172687,0.1070129818172687,1.1076067238136749,0.10760672381367486,1.149351637354668,0.14935163735466794,1.0,0.0
0.075,0.4228515625,1.0,0.02654281078260424,1.0003372430801392,0.00033724308013916016,1.3564587955524257,0.35645879555242566,1.257674498636057,0.25767449863605707,1.2576061337348055,0.25760613373480545,1.2514483570668846,0.2514483570668846,1.0232402526304776,0.023240252630477576
0.075,0.4248046875,1.0,0.02654281078260424,0.9977825880050659,0.002217411994934082,1.3564587955524257,0.35645879555242566,1.3235306965803029,0.32353069658030287,1.3234966750618353,0.3234966750618353,1.3204322822404966,0.3204322822404966,1.26140541036313,0.26140541036313003
0.075,0.4267578125,1.6019442880567492,0.02654281078260424,0.9883342385292053,0.6136100495275438,1.3564587955524257,0.2454854925043235,1.3893868945245484,0.2125573935322007,1.389447684563685,0.2124966034930642,1.3949231767794856,0.20702111127726353,1.521294114806717,0.08065017325003221
0.075,0.4287109375,1.6019442880567492,0.02654281078260424,0.9762707948684692,0.6256734931882799,1.3564587955524257,0.2454854925043235,1.4552430924687942,0.1467011955879549,1.455284688849377,0.14665959920737226,1.4590313661228356,0.14291292193391358,1.6188256931902625,0.016881405133513327
0.075,0.4306640625,1.6019442880567492,0.0009052300788705287,0.963379979133606,0.6385643089231432,1.5879998588781192,0.013944429178629925,1.5879998588781192,0.013944429178629925,1.5879997116934599,0.013944576363289274,1.5879774628116947,0.013966825245054437,1.5975350849026375,0.0044092031541116405
0.075,0.4326171875,1.6019442880567492,0.0009052300788705287,0.9501767158508301,0.6517675722059191,1.5879998588781192,0.013944429178629925,1.5879998588781192,0.013944429178629925,1.5879999079396723,0.013944380117076882,1.5880073242335941,0.013936963823155013,1.5886855175107133,0.013258770546035858
0.075,0.4345703125,1.6019442880567492,0.0009052300788705287,0.9372456669807434,0.6646986210760057,1.5879998588781192,0.013944429178629925,1.5879998588781192,0.013944429178629925,1.5879999079396723,0.013944380117076882,1.5880073242335941,0.013936963823155013,1.5964992181038506,0.005445069952898507
0.075,0.4365234375,1.6019442880567492,0.0009052300788705287,0.9251942038536072,0.676750084203142,1.5879998588781192,0.013944429178629925,1.5879998588781192,0.013944429178629925,1.5879999079396723,0.013944380117076882,1.5880073242335941,0.013936963823155013,1.6096353257240819,0.007691037667332701
0.075,0.4384765625,1.6019442880567492,0.0005592318793173428,0.9145895838737488,0.6873547041830004,1.5748615378707915,0.027082750185957627,1.5748615378707915,0.027082750185957627,1.5748615378707915,0.027082750185957627,1.5748615378707915,0.027082750185957627,1.608547380904025,0.006603092847275782
0.075,0.4404296875,1.6019442880567492,0.0005592318793173428,0.9058939218521118,0.6960503662046373,1.5748615378707915,0.027082750185957627,1.5748615378707915,0.027082750185957627,1.5748615378707915,0.027082750185957627,1.5748615378707915,0.027082750185957627,1.5985583619006682,0.0033859261560809095
0.075,0.4423828125,1.6019442880567492,0.0005592318793173428,0.8994084596633911,0.702535828393358,1.5748615378707915,0.027082750185957627,1.5748615378707915,0.027082750185957627,1.5748615378707915,0.027082750185957627,1.5748615378707915,0.027082750185957627,1.5967334756481717,0.005210812408577459
0.075,0.4443359375,1.6019442880567492,0.0005592318793173428,0.9024966359138489,0.6994476521429003,1.5748615378707915,0.027082750185957627,1.5748615378707915,0.027082750185957627,1.5748615378707915,0.027082750185957627,1.5748615378707915,0.027082750185957627,1.6019167523710123,2.7535685736879145e-05
0.075,0.4462890625,1.6019442880567492,0.0,0.9160044193267822,0.6859398687299669,1.5905500746501906,0.011394213406558551,1.5837251082375194,0.018219179819229714,1.583725097348392,0.01821919070835709,1.5837251082375194,0.018219179819229714,1.6049762661885403,0.0030319781317911243
0.075,0.4482421875,1.6019442880567492,0.0,0.9311845302581787,0.6707597577985704,1.5905500746501906,0.011394213406558551,1.5882750858459669,0.013669202210782272,1.5882750597014677,0.013669228355281504,1.5882750858459669,0.013669202210782272,1.6030478816778182,0.0011035936210690434
0.075,0.4501953125,1.6019442880567492,0.0,0.9474415183067322,0.654502769750017,1.5905500746501906,0.011394213406558551,1.5928250634544143,0.00911922460233483,1.5928250743770849,0.009119213679664284,1.5928250634544143,0.00911922460233483,1.6002570950632546,0.001687192993494513
0.075,0.4521484375,1.6019442880567492,0.0,0.9642313718795776,0.6377129161771715,1.5905500746501906,0.011394213406558551,1.5973750410628618,0.004569246993887388,1.5973750671738178,0.004569220882931324,1.5973750410628618,0.004569246993887388,1.6007874683016228,0.0011568197551263815
0.075,0.4541015625,1.6019442880567492,0.0,0.9758284091949463,0.6261158788618029,1.6112613587383715,0.009317070681622353,1.6112613587383715,0.009317070681622353,1.6112613587383715,0.009317070681622353,1.6112613587383715,0.009317070681622353,1.6023592323296936,0.0004149442729444175
0.075,0.4560546875,1.6019442880567492,0.0,0.9833146333694458,0.6186296546873034,1.6112613587383715,0.009317070681622353,1.6112613587383715,0.009317070681622353,1.6112613587383715,0.009317070681622353,1.6112613587383715,0.009317070681622353,1.6026965258306705,0.0007522377739213049
0.075,0.4580078125,1.6019442880567492,0.0,0.9913895130157471,0.6105547750410021,1.6112613587383715,0.009317070681622353,1.6112613587383715,0.009317070681622353,1.6112613587383715,0.009317070681622353,1.6112613587383715,0.009317070681622353,1.6020610845628411,0.00011679650609197623
0.075,0.4599609375,1.6019442880567492,0.0,0.9997759461402893,0.6021683419164598,1.6112613587383715,0.009317070681622353,1.6112613587383715,0.009317070681622353,1.6112613587383715,0.009317070681622353,1.6112613587383715,0.009317070681622353,1.6014667626122552,0.0004775254444939758
0.075,0.4619140625,1.6019442880567492,0.0,1.0081881284713745,0.5937561595853746,1.6126852191834096,0.010740931126660413,1.6126852191834096,0.010740931126660413,1.6126852191834096,0.010740931126660413,1.6126852191834096,0.010740931126660413,1.6016044638644185,0.0003398241923306955
0.075,0.4638671875,1.6019442880567492,0.0,1.016357421875,0.5855868661817492,1.6126852191834096,0.010740931126660413,1.6126852191834096,0.010740931126660413,1.6126852191834096,0.010740931126660413,1.6126852191834096,0.010740931126660413,1.602158048165685,0.0002137601089358121
0.075,0.4658203125,1.6019442880567492,0.0,1.0240724086761475,0.5778718793806017,1.6126852191834096,0.010740931126660413,1.6126852191834096,0.010740931126660413,1.6126852191834096,0.010740931126660413,1.6126852191834096,0.010740931126660413,1.6021749620552328,0.00023067399848364367
0.075,0.4677734375,1.6019442880567492,0.0,1.0312219858169556,0.5707223022397936,1.6126852191834096,0.010740931126660413,1.6126852191834096,0.010740931126660413,1.6126852191834096,0.010740931126660413,1.6126852191834096,0.010740931126660413,1.601886479982527,5.7808074222176487e-05
0.075,0.4697265625,1.6019442880567492,0.0,1.0378206968307495,0.5641235912259996,1.5959542688211261,0.005990019235623034,1.60044908351147,0.001495204545279183,1.600449046286694,0.0014952417700551113,1.60044908351147,0.001495204545279183,1.601723776273765,0.0002205117829841008
0.075,0.4716796875,1.6019442880567492,0.0,1.0439999103546143,0.5579443777021349,1.5959542688211261,0.005990019235623034,1.597452540384574,0.004491747672175084,1.5974525279763154,0.0044917600804337265,1.597452540384574,0.004491747672175084,1.6018182709533124,0.00012601710343673744
0.075,0.4736328125,1.6019442880567492,0.0,1.049970269203186,0.5519740188535631,1.5959542688211261,0.005990019235623034,1.5944559972576782,0.007488290799070985,1.5944560096659368,0.007488278390812342,1.5944559972576782,0.007488290799070985,1.6018778036475345,6.648440921463994e-05
0.075,0.4755859375,1.6019442880567492,0.0,1.0559687614440918,0.5459755266126574,1.5959542688211261,0.005990019235623034,1.5914594541307823,0.010484833925966885,1.5914594913555582,0.010484796701190957,1.5914594541307823,0.010484833925966885,1.6017960312699775,0.0001482567867716611
0.075,0.4775390625,1.6019442880567492,0.0,1.0622124671936035,0.5397318208631456,1.5887128741682421,0.013231413888507015,1.5887128741682421,0.013231413888507015,1.5887128741682421,0.013231413888507015,1.5887128741682421,0.013231413888507015,1.6015741630344404,0.00037012502230870936
0.075,0.4794921875,1.6019442880567492,0.0,1.0688693523406982,0.5330749357160509,1.5887128741682421,0.013231413888507015,1.5887128741682421,0.013231413888507015,1.5887128741682421,0.013231413888507015,1.5887128741682421,0.013231413888507015,1.6014664644632763,0.0004778235934728148
0.075,0.4814453125,1.6019442880567492,0.0,1.0760512351989746,0.5258930528577745,1.5887128741682421,0.013231413888507015,1.5887128741682421,0.013231413888507015,1.5887128741682421,0.013231413888507015,1.5887128741682421,0.013231413888507015,1.6012915191129056,0.0006527689438435846
0.075,0.4833984375,1.6019442880567492,0.0,1.0838202238082886,0.5181240642484606,1.5887128741682421,0.013231413888507015,1.5887128741682421,0.013231413888507015,1.5887128741682421,0.013231413888507015,1.5887128741682421,0.013231413888507015,1.6011009117892656,0.0008433762674835421
0.075,0.4853515625,1.6019442880567492,0.0,1.0922095775604248,0.5097347104963244,1.5972602024981413,0.004684085558607887,1.5972602024981413,0.004684085558607887,1.5972602024981413,0.004684085558607887,1.5972602024981413,0.004684085558607887,1.6007478629892495,0.001196425067499618
0.075,0.4873046875,1.6019442880567492,0.0,1.1012502908706665,0.5006939971860827,1.5972602024981413,0.004684085558607887,1.5972602024981413,0.004684085558607887,1.5972602024981413,0.004684085558607887,1.5972602024981413,0.004684085558607887,1.6004765637975267,0.0014677242592224804
0.075,0.4892578125,1.6019442880567492,0.0,1.1109946966171265,0.4909495914396227,1.5972602024981413,0.004684085558607887,1.5972602024981413,0.004684085558607887,1.5972602024981413,0.004684085558607887,1.5972602024981413,0.004684085558607887,1.6002687076522482,0.001675580404500998
0.075,0.4912109375,1.6019442880567492,0.0,1.1215262413024902,0.4804180467542589,1.5972602024981413,0.004684085558607887,1.5972602024981413,0.004684085558607887,1.5972602024981413,0.004684085558607887,1.5972602024981413,0.004684085558607887,1.6003064932714068,0.001637794785342317
0.075,0.4931640625,1.6019442880567492,0.0,1.1329429149627686,0.4690013730939806,1.5831055343149676,0.018838753741781566,1.5831055343149676,0.018838753741781566,1.5831055343149676,0.018838753741781566,1.5831055343149676,0.018838753741781566,1.6005727998799495,0.0013714881767996623
0.075,0.4951171875,1.6019442880567492,0.0,1.1453187465667725,0.4566255414899767,1.5831055343149676,0.018838753741781566,1.5831055343149676,0.018838753741781566,1.5831055343149676,0.018838753741781566,1.5831055343149676,0.018838753741781566,1.6006673228226962,0.0012769652340529625
0.075,0.4970703125,1.6019442880567492,0.0,1.1586583852767944,0.4432859027799547,1.5831055343149676,0.018838753741781566,1.5831055343149676,0.018838753741781566,1.5831055343149676,0.018838753741781566,1.5831055343149676,0.018838753741781566,1.598833911827572,0.003110376229177092
0.075,0.4990234375,1.6019442880567492,0.0,1.1728540658950806,0.4290902221616686,1.5831055343149676,0.018838753741781566,1.5831055343149676,0.018838753741781566,1.5831055343149676,0.018838753741781566,1.5831055343149676,0.018838753741781566,1.577124538523679,0.0248197495330702
0.075,0.5009765625,1.6019442880567492,0.0,1.476238489151001,0.12570579890574818,1.5831055343149676,0.018838753741781566,1.5831055343149676,0.018838753741781566,1.5831055343149676,0.018838753741781566,1.5831055343149676,0.018838753741781566,1.5771245385236776,0.024819749533071533
0.075,0.5029296875,1.6019442880567492,0.0,1.4945874214172363,0.10735686663951283,1.5831055343149676,0.018838753741781566,1.5831055343149676,0.018838753741781566,1.5831055343149676,0.018838753741781566,1.5831055343149676,0.018838753741781566,1.598833911827566,0.003110376229183087
0.075,0.5048828125,1.6019442880567492,0.0,1.5089120864868164,0.09303220156993275,1.5831055343149676,0.018838753741781566,1.5831055343149676,0.018838753741781566,1.5831055343149676,0.018838753741781566,1.5831055343149676,0.018838753741781566,1.6006673228226909,0.0012769652340582915
0.075,0.5068359375,1.6019442880567492,0.0,1.518913984298706,0.0830303037580431,1.5831055343149676,0.018838753741781566,1.5831055343149676,0.018838753741781566,1.5831055343149676,0.018838753741781566,1.5831055343149676,0.018838753741781566,1.6005727998799506,0.001371488176798552
0.075,0.5087890625,1.6019442880567492,0.0,1.5245903730392456,0.07735391501750355,1.5972602024981413,0.004684085558607887,1.5972602024981413,0.004684085558607887,1.5972602024981413,0.004684085558607887,1.5972602024981413,0.004684085558607887,1.6003064932714042,0.0016377947853449815
0.075,0.5107421875,1.6019442880567492,0.0,1.5261443853378296,0.07579990271891957,1.5972602024981413,0.004684085558607887,1.5972602024981413,0.004684085558607887,1.5972602024981413,0.004684085558607887,1.5972602024981413,0.004684085558607887,1.6002687076522482,0.001675580404500998
0.075,0.5126953125,1.6019442880567492,0.0,1.5238831043243408,0.07806118373240833,1.5972602024981413,0.004684085558607887,1.5972602024981413,0.004684085558607887,1.5972602024981413,0.004684085558607887,1.5972602024981413,0.004684085558607887,1.600476563797528,0.0014677242592211481
0.075,0.5146484375,1.6019442880567492,0.0,1.5181291103363037,0.08381517772044544,1.5972602024981413,0.004684085558607887,1.5972602024981413,0.004684085558607887,1.5972602024981413,0.004684085558607887,1.5972602024981413,0.004684085558607887,1.6007478629892566,0.0011964250674925125
0.075,0.5166015625,1.6019442880567492,0.0,1.5091822147369385,0.09276207331981068,1.5887128741682424,0.013231413888506793,1.5887128741682424,0.013231413888506793,1.5887128741682424,0.013231413888506793,1.5887128741682424,0.013231413888506793,1.6011009117892665,0.0008433762674826539
0.075,0.5185546875,1.6019442880567492,0.0,1.4973478317260742,0.10459645633067494,1.5887128741682424,0.013231413888506793,1.5887128741682424,0.013231413888506793,1.5887128741682424,0.013231413888506793,1.5887128741682424,0.013231413888506793,1.6012915191129018,0.0006527689438473594
0.075,0.5205078125,1.6019442880567492,0.0,1.4830033779144287,0.11894091014232044,1.5887128741682424,0.013231413888506793,1.5887128741682424,0.013231413888506793,1.5887128741682424,0.013231413888506793,1.5887128741682424,0.013231413888506793,1.6014664644632703,0.00047782359347881
0.075,0.5224609375,1.6019442880567492,0.0,1.466671347618103,0.13527294043864613,1.5887128741682424,0.013231413888506793,1.5887128741682424,0.013231413888506793,1.5887128741682424,0.013231413888506793,1.5887128741682424,0.013231413888506793,1.601574163034439,0.0003701250223102637
0.075,0.5244140625,1.6019442880567492,0.0,1.449061393737793,0.1528828943189562,1.5959542688211257,0.005990019235623478,1.591459454130782,0.010484833925967108,1.5914595243856422,0.010484763671106956,1.591459454130782,0.010484833925967108,1.6017960312699795,0.0001482567867696627
0.075,0.5263671875,1.6019442880567492,0.0,1.4310623407363892,0.17088194732036,1.5959542688211257,0.005990019235623478,1.5944559972576777,0.007488290799071429,1.5944560206759644,0.0074882673807847855,1.5944559972576777,0.007488290799071429,1.601877803647535,6.648440921419585e-05
0.075,0.5283203125,1.6019442880567492,0.0,1.4136983156204224,0.1882459724363268,1.5959542688211257,0.005990019235623478,1.5974525403845736,0.004491747672175528,1.597452516966287,0.004491771090462171,1.5974525403845736,0.004491747672175528,1.6018182709533113,0.00012601710343784767
0.075,0.5302734375,1.6019442880567492,0.0,1.3980680704116821,0.20387621764506703,1.5959542688211257,0.005990019235623478,1.6004490835114693,0.001495204545279849,1.6004490132566092,0.0014952748001400007,1.6004490835114693,0.001495204545279849,1.6017237762737653,0.00022051178298387875
0.075,0.5322265625,1.6019442880567492,0.0,1.385282278060913,0.21666200999583607,1.612685219183409,0.010740931126659747,1.612685219183409,0.010740931126659747,1.612685219183409,0.010740931126659747,1.612685219183409,0.010740931126659747,1.6018864799825274,5.78080742217324e-05
0.075,0.5341796875,1.6019442880567492,0.0,1.3763995170593262,0.22554477099742298,1.612685219183409,0.010740931126659747,1.612685219183409,0.010740931126659747,1.612685219183409,0.010740931126659747,1.612685219183409,0.010740931126659747,1.6021749620552326,0.00023067399848342163
0.075,0.5361328125,1.6019442880567492,0.0,1.3723472356796265,0.2295970523771227,1.612685219183409,0.010740931126659747,1.612685219183409,0.010740931126659747,1.612685219183409,0.010740931126659747,1.612685219183409,0.010740931126659747,1.6021580481656796,0.00021376010893048303
0.075,0.5380859375,1.6019442880567492,0.0,1.3738343715667725,0.2281099164899767,1.612685219183409,0.010740931126659747,1.612685219183409,0.010740931126659747,1.612685219183409,0.010740931126659747,1.612685219183409,0.010740931126659747,1.6016044638644171,0.00033982419233202776
0.075,0.5400390625,1.6019442880567492,0.0,1.3812570571899414,0.22068723086680775,1.6112613587383708,0.009317070681621686,1.6112613587383708,0.009317070681621686,1.6112613587383708,0.009317070681621686,1.6112613587383708,0.009317070681621686,1.6014667626122603,0.0004775254444888688
0.075,0.5419921875,1.6019442880567492,0.0,1.394608736038208,0.20733555201854115,1.6112613587383708,0.009317070681621686,1.6112613587383708,0.009317070681621686,1.6112613587383708,0.009317070681621686,1.6112613587383708,0.009317070681621686,1.6020610845628398,0.00011679650609064396
0.075,0.5439453125,1.6019442880567492,0.0,1.4134056568145752,0.18853863124217396,1.6112613587383708,0.009317070681621686,1.6112613587383708,0.009317070681621686,1.6112613587383708,0.009317070681621686,1.6112613587383708,0.009317070681621686,1.6026965258306696,0.0007522377739204167
0.075,0.5458984375,1.6019442880567492,0.0,1.4366532564163208,0.16529103164042835,1.6112613587383708,0.009317070681621686,1.6112613587383708,0.009317070681621686,1.6112613587383708,0.009317070681621686,1.6112613587383708,0.009317070681621686,1.602359232329691,0.00041494427294175296
0.075,0.5478515625,1.6019442880567492,0.0,1.4628907442092896,0.1390535438474596,1.59055007465019,0.011394213406559217,1.597375041062861,0.004569246993888054,1.5973760117841957,0.0045682762725534065,1.597375041062861,0.004569246993888054,1.600787468301624,0.0011568197551250492
0.075,0.5498046875,1.6019442880567492,0.0,1.4903485774993896,0.1115957105573595,1.59055007465019,0.011394213406559217,1.5928250634544137,0.009119224602335496,1.592825469524157,0.00911881853259211,1.5928250634544137,0.009119224602335496,1.6002570950632578,0.0016871929934914043
0.075,0.5517578125,1.6019442880567492,0.0,1.5172250270843506,0.08471926097239857,1.59055007465019,0.011394213406559217,1.5882750858459662,0.013669202210782938,1.5882741138776049,0.01367017417914429,1.5882750858459662,0.013669202210782938,1.6030478816778166,0.001103593621067489
0.075,0.5537109375,1.6019442880567492,0.0,1.542020320892334,0.05992396716441517,1.59055007465019,0.011394213406559217,1.5837251082375188,0.01821917981923038,1.583724703414802,0.018219584641947062,1.5837251082375188,0.01821917981923038,1.604976266188542,0.0030319781317929007
0.075,0.5556640625,1.6019442880567492,9.555106793721185e-05,1.563800573348999,0.03814371470775013,1.5748615378707909,0.027082750185958293,1.5748615378707909,0.027082750185958293,1.5748615378707909,0.027082750185958293,1.5748615378707909,0.027082750185958293,1.6019167523710136,2.7535685735546878e-05
0.075,0.5576171875,1.6019442880567492,9.555106793721185e-05,1.5822768211364746,0.019667466920274546,1.5748615378707909,0.027082750185958293,1.5748615378707909,0.027082750185958293,1.5748615378707909,0.027082750185958293,1.5748615378707909,0.027082750185958293,1.5967334756481741,0.005210812408575016
0.075,0.5595703125,1.6019442880567492,9.555106793721185e-05,1.5976691246032715,0.004275163453477671,1.5748615378707909,0.027082750185958293,1.5748615378707909,0.027082750185958293,1.5748615378707909,0.027082750185958293,1.5748615378707909,0.027082750185958293,1.5985583619006698,0.003385926156079355
0.075,0.5615234375,1.6019442880567492,9.555106793721185e-05,1.6104220151901245,0.008477727133375357,1.5748615378707909,0.027082750185958293,1.5748615378707909,0.027082750185958293,1.5748615378707909,0.027082750185958293,1.5748615378707909,0.027082750185958293,1.6085473809040256,0.006603092847276448
0.075,0.5634765625,1.6019442880567492,0.0049749892681271125,1.620911955833435,0.018967667776685904,1.5879998588781197,0.01394442917862948,1.5879998588781197,0.01394442917862948,1.587999859051151,0.013944429005598113,1.5880408871915144,0.013903400865234783,1.6096353257240799,0.007691037667330702
0.075,0.5654296875,1.6019442880567492,0.0049749892681271125,1.6292351484298706,0.02729086037312145,1.5879998588781197,0.01394442917862948,1.5879998588781197,0.01394442917862948,1.587999859051151,0.013944429005598113,1.5880408871915144,0.013903400865234783,1.5964992181038486,0.005445069952900505
0.075,0.5673828125,1.6019442880567492,0.0049749892681271125,1.6351312398910522,0.03318695183430309,1.5879998588781197,0.01394442917862948,1.5879998588781197,0.01394442917862948,1.587999859051151,0.013944429005598113,1.5880408871915144,0.013903400865234783,1.588685517510715,0.013258770546034082
0.075,0.5693359375,1.6019442880567492,0.0049749892681271125,1.6380165815353394,0.0360722934785902,1.5879998588781197,0.01394442917862948,1.5879998588781197,0.01394442917862948,1.5879998583590258,0.01394442969772336,1.5878767739379358,0.014067514118813351,1.5975350849026364,0.004409203154112751
0.075,0.5712890625,1.6019442880567492,0.34119576611963814,1.6371002197265625,0.035155931669813345,1.3564587955524265,0.2454854925043226,1.4552430924687951,0.14670119558795403,1.4552437707297807,0.14670051732696843,1.5039396281238888,0.09800465993286034,1.6188256931902645,0.016881405133515326
0.075,0.5732421875,1.6019442880567492,0.34119576611963814,1.6315264701843262,0.029582182127577017,1.3564587955524265,0.2454854925043226,1.3893868945245493,0.21255739353219982,1.3893878857529034,0.21255640230384576,1.4605532860909565,0.14139100196579268,1.521294114806718,0.0806501732500311
0.075,0.5751953125,1.0,0.34119576611963814,1.6205188035964966,0.6205188035964966,1.3564587955524265,0.35645879555242654,1.3235306965803038,0.32353069658030376,1.3235301418332723,0.32353014183327233,1.2837019887963068,0.2837019887963068,1.261405410363131,0.2614054103631309
0.075,0.5771484375,1.0,0.34119576611963814,1.6034770011901855,0.6034770011901855,1.3564587955524265,0.35645879555242654,1.257674498636058,0.25767449863605796,1.2576733838937497,0.2576733838937497,1.177640279198554,0.17764027919855407,1.0232402526304782,0.023240252630478242
0.075,0.5791015625,1.0,0.0010883198511612438,1.580039620399475,0.5800396203994751,1.061150275324154,0.06115027532415396,1.1070129818172694,0.10701298181726937,1.107012998268618,0.1070129982686181,1.1071338613082935,0.1071338613082935,1.0,0.0
0.075,0.5810546875,1.0,0.0010883198511612438,1.5501201152801514,0.5501201152801514,1.061150275324154,0.06115027532415396,1.0764378441551925,0.0764378441551925,1.0764378341427066,0.07643783414270655,1.0763642754622482,0.07636427546224822,1.0,0.0
0.075,0.5830078125,1.0,0.0010883198511612438,1.5139440298080444,0.5139440298080444,1.061150275324154,0.06115027532415396,1.0458627064931154,0.04586270649311541,1.0458627010093324,0.04586270100933243,1.0458224133294407,0.0458224133294407,1.0,0.0
0.075,0.5849609375,1.0,0.0010883198511612438,1.4786038398742676,0.4786038398742676,1.061150275324154,0.06115027532415396,1.0152875688310385,0.015287568831038545,1.0152875678759588,0.015287567875958752,1.0152805511966334,0.015280551196633407,1.0,0.0
0.075,0.5869140625,1.0,6.15110513990525e-06,1.470558762550354,0.470558762550354,1.0,0.0,1.0,0.0,1.0,0.0,1.0,0.0,1.0,0.0
0.075,0.5888671875,1.0,6.15110513990525e-06,1.4626712799072266,0.46267127990722656,1.0,0.0,1.0,0.0,1.0,0.0,1.0,0.0,1.0,0.0
0.075,0.5908203125,1.0,6.15110513990525e-06,1.4549405574798584,0.4549405574798584,1.0,0.0,1.0,0.0,1.0,0.0,1.0,0.0,1.0,0.0
0.075,0.5927734375,1.0,6.15110513990525e-06,1.4469996690750122,0.4469996690750122,1.0,0.0,1.0,0.0,1.0,0.0,1.0,0.0,1.0,0.0
0.075,0.5947265625,1.0,0.0,1.4382576942443848,0.43825769424438477,1.0,0.0,1.0,0.0,1.0,0.0,1.0,0.0,1.0,0.0
0.075,0.5966796875,1.0,0.0,1.4281489849090576,0.4281489849090576,1.0,0.0,1.0,0.0,1.0,0.0,1.0,0.0,1.0,0.0
0.075,0.5986328125,1.0,0.0,1.4164040088653564,0.41640400886535645,1.0,0.0,1.0,0.0,1.0,0.0,1.0,0.0,1.0,0.0
0.075,0.6005859375,1.0,0.0,1.4032022953033447,0.4032022953033447,1.0,0.0,1.0,0.0,1.0,0.0,1.0,0.0,1.0,0.0
0.075,0.6025390625,1.0,0.0,1.3724076747894287,0.3724076747894287,1.0,0.0,1.0,0.0,1.0,0.0,1.0,0.0,1.0,0.0
0.075,0.6044921875,1.0,0.0,1.3390699625015259,0.3390699625015259,1.0,0.0,1.0,0.0,1.0,0.0,1.0,0.0,1.0,0.0
0.075,0.6064453125,1.0,0.0,1.3105690479278564,0.31056904792785645,1.0,0.0,1.0,0.0,1.0,0.0,1.0,0.0,1.0,0.0
0.075,0.6083984375,1.0,0.0,1.286927580833435,0.28692758083343506,1.0,0.0,1.0,0.0,1.0,0.0,1.0,0.0,1.0,0.0
0.075,0.6103515625,1.0,0.0,1.267844557762146,0.267844557762146,1.0,0.0,1.0,0.0,1.0,0.0,1.0,0.0,1.0,0.0
0.075,0.6123046875,1.0,0.0,1.2527718544006348,0.25277185440063477,1.0,0.0,1.0,0.0,1.0,0.0,1.0,0.0,1.0,0.0
0.075,0.6142578125,1.0,0.0,1.2409666776657104,0.24096667766571045,1.0,0.0,1.0,0.0,1.0,0.0,1.0,0.0,1.0,0.0
0.075,0.6162109375,1.0,0.0,1.2315155267715454,0.2315155267715454,1.0,0.0,1.0,0.0,1.0,0.0,1.0,0.0,1.0,0.0
0.075,0.6181640625,1.0,0.0,1.223340392112732,0.22334039211273193,1.0,0.0,1.0,0.0,1.0,0.0,1.0,0.0,1.0,0.0
0.075,0.6201171875,1.0,0.0,1.2152068614959717,0.21520686149597168,1.0,0.0,1.0,0.0,1.0,0.0,1.0,0.0,1.0,0.0
0.075,0.6220703125,1.0,0.0,1.2057359218597412,0.2057359218597412,1.0,0.0,1.0,0.0,1.0,0.0,1.0,0.0,1.0,0.0
0.075,0.6240234375,1.0,0.0,1.1934489011764526,0.19344890117645264,1.0,0.0,1.0,0.0,1.0,0.0,1.0,0.0,1.0,0.0
0.075,0.6259765625,1.0,0.0,1.1768746376037598,0.17687463760375977,1.0,0.0,1.0,0.0,1.0,0.0,1.0,0.0,1.0,0.0
0.075,0.6279296875,1.0,0.0,1.1547471284866333,0.1547471284866333,1.0,0.0,1.0,0.0,1.0,0.0,1.0,0.0,1.0,0.0
0.075,0.6298828125,1.0,0.0,1.1263079643249512,0.12630796432495117,1.0,0.0,1.0,0.0,1.0,0.0,1.0,0.0,1.0,0.0
0.075,0.6318359375,1.0,0.0,1.091638207435608,0.09163820743560791,1.0,0.0,1.0,0.0,1.0,0.0,1.0,0.0,1.0,0.0
0.075,0.6337890625,1.0,0.0,1.0518718957901,0.0518718957901001,1.0,0.0,1.0,0.0,1.0,0.0,1.0,0.0,1.0,0.0
0.075,0.6357421875,1.0,0.0,1.0090965032577515,0.009096503257751465,1.0,0.0,1.0,0.0,1.0,0.0,1.0,0.0,1.0,0.0
0.075,0.6376953125,1.0,0.0,0.9658744931221008,0.03412550687789917,1.0,0.0,1.0,0.0,1.0,0.0,1.0,0.0,1.0,0.0
0.075,0.6396484375,1.0,0.0,0.943566083908081,0.056433916091918945,1.0,0.0,1.0,0.0,1.0,0.0,1.0,0.0,1.0,0.0
0.075,0.6416015625,1.0,0.0,0.921688437461853,0.07831156253814697,1.0,0.0,1.0,0.0,1.0,0.0,1.0,0.0,1.0,0.0
0.075,0.6435546875,1.0,0.0,0.8991672396659851,0.10083276033401489,1.0,0.0,1.0,0.0,1.0,0.0,1.0,0.0,1.0,0.0
0.075,0.6455078125,1.0,0.0,0.8769928812980652,0.12300711870193481,1.0,0.0,1.0,0.0,1.0,0.0,1.0,0.0,1.0,0.0
0.075,0.6474609375,1.0,0.0,0.8561102151870728,0.14388978481292725,1.0,0.0,1.0,0.0,1.0,0.0,1.0,0.0,1.0,0.0
0.075,0.6494140625,1.0,0.0,0.8373575210571289,0.1626424789428711,1.0,0.0,1.0,0.0,1.0,0.0,1.0,0.0,1.0,0.0
0.075,0.6513671875,1.0,0.0,0.8214209675788879,0.17857903242111206,1.0,0.0,1.0,0.0,1.0,0.0,1.0,0.0,1.0,0.0
0.075,0.6533203125,1.0,0.0,0.8088064789772034,0.19119352102279663,1.0,0.0,1.0,0.0,1.0,0.0,1.0,0.0,1.0,0.0
0.075,0.6552734375,1.0,0.0,0.7998271584510803,0.20017284154891968,1.0,0.0,1.0,0.0,1.0,0.0,1.0,0.0,1.0,0.0
0.075,0.6572265625,1.0,0.0,0.7946122288703918,0.20538777112960815,1.0,0.0,1.0,0.0,1.0,0.0,1.0,0.0,1.0,0.0
0.075,0.6591796875,1.0,0.0,0.7931247353553772,0.2068752646446228,1.0,0.0,1.0,0.0,1.0,0.0,1.0,0.0,1.0,0.0
0.075,0.6611328125,1.0,0.0,0.7951915860176086,0.20480841398239136,1.0,0.0,1.0,0.0,1.0,0.0,1.0,0.0,1.0,0.0
0.075,0.6630859375,1.0,0.0,0.8005242347717285,0.19947576522827148,1.0,0.0,1.0,0.0,1.0,0.0,1.0,0.0,1.0,0.0
0.075,0.6650390625,1.0,0.0,0.8087280988693237,0.19127190113067627,1.0,0.0,1.0,0.0,1.0,0.0,1.0,0.0,1.0,0.0
0.075,0.6669921875,1.0,0.0,0.8192979693412781,0.18070203065872192,1.0,0.0,1.0,0.0,1.0,0.0,1.0,0.0,1.0,0.0
0.075,0.6689453125,1.0,0.0,0.831601619720459,0.16839838027954102,1.0,0.0,1.0,0.0,1.0,0.0,1.0,0.0,1.0,0.0
0.075,0.6708984375,1.0,0.0,0.8448665738105774,0.1551334261894226,1.0,0.0,1.0,0.0,1.0,0.0,1.0,0.0,1.0,0.0
0.075,0.6728515625,1.0,0.0,0.8581967353820801,0.14180326461791992,1.0,0.0,1.0,0.0,1.0,0.0,1.0,0.0,1.0,0.0
0.075,0.6748046875,1.0,0.0,0.8706191182136536,0.12938088178634644,1.0,0.0,1.0,0.0,1.0,0.0,1.0,0.0,1.0,0.0
0.075,0.6767578125,1.0,0.0,0.8811691999435425,0.11883080005645752,1.0,0.0,1.0,0.0,1.0,0.0,1.0,0.0,1.0,0.0
0.075,0.6787109375,1.0,0.0,0.8889882564544678,0.11101174354553223,1.0,0.0,1.0,0.0,1.0,0.0,1.0,0.0,1.0,0.0
0.075,0.6806640625,1.0,0.0,0.893414318561554,0.10658568143844604,1.0,0.0,1.0,0.0,1.0,0.0,1.0,0.0,1.0,0.0
0.075,0.6826171875,1.0,0.0,0.8940483927726746,0.10595160722732544,1.0,0.0,1.0,0.0,1.0,0.0,1.0,0.0,1.0,0.0
0.075,0.6845703125,1.0,0.0,0.8907836675643921,0.10921633243560791,1.0,0.0,1.0,0.0,1.0,0.0,1.0,0.0,1.0,0.0
0.075,0.6865234375,1.0,0.0,0.8838010430335999,0.11619895696640015,1.0,0.0,1.0,0.0,1.0,0.0,1.0,0.0,1.0,0.0
0.075,0.6884765625,1.0,0.0,0.8735352754592896,0.12646472454071045,1.0,0.0,1.0,0.0,1.0,0.0,1.0,0.0,1.0,0.0
0.075,0.6904296875,1.0,0.0,0.8606163263320923,0.13938367366790771,1.0,0.0,1.0,0.0,1.0,0.0,1.0,0.0,1.0,0.0
0.075,0.6923828125,1.0,0.0,0.8458003401756287,0.15419965982437134,1.0,0.0,1.0,0.0,1.0,0.0,1.0,0.0,1.0,0.0
0.075,0.6943359375,1.0,0.0,0.8299038410186768,0.17009615898132324,1.0,0.0,1.0,0.0,1.0,0.0,1.0,0.0,1.0,0.0
0.075,0.6962890625,1.0,0.0,0.8137428760528564,0.18625712394714355,1.0,0.0,1.0,0.0,1.0,0.0,1.0,0.0,1.0,0.0
0.075,0.6982421875,1.0,0.0,0.7980794906616211,0.2019205093383789,1.0,0.0,1.0,0.0,1.0,0.0,1.0,0.0,1.0,0.0
0.075,0.7001953125,1.0,0.0,0.7835812568664551,0.21641874313354492,1.0,0.0,1.0,0.0,1.0,0.0,1.0,0.0,1.0,0.0
0.075,0.7021484375,1.0,0.0,0.770788311958313,0.229211688041687,1.0,0.0,1.0,0.0,1.0,0.0,1.0,0.0,1.0,0.0
0.075,0.7041015625,1.0,0.0,0.7600946426391602,0.23990535736083984,1.0,0.0,1.0,0.0,1.0,0.0,1.0,0.0,1.0,0.0
0.075,0.7060546875,1.0,0.0,0.7517450451850891,0.2482549548149109,1.0,0.0,1.0,0.0,1.0,0.0,1.0,0.0,1.0,0.0
0.075,0.7080078125,1.0,0.0,0.7458469271659851,0.2541530728340149,1.0,0.0,1.0,0.0,1.0,0.0,1.0,0.0,1.0,0.0
0.075,0.7099609375,1.0,0.0,0.7423905730247498,0.25760942697525024,1.0,0.0,1.0,0.0,1.0,0.0,1.0,0.0,1.0,0.0
0.075,0.7119140625,1.0,0.0,0.741274893283844,0.258725106716156,1.0,0.0,1.0,0.0,1.0,0.0,1.0,0.0,1.0,0.0
0.075,0.7138671875,1.0,0.0,0.7423328757286072,0.2576671242713928,1.0,0.0,1.0,0.0,1.0,0.0,1.0,0.0,1.0,0.0
0.075,0.7158203125,1.0,0.0,0.7453545331954956,0.2546454668045044,1.0,0.0,1.0,0.0,1.0,0.0,1.0,0.0,1.0,0.0
0.075,0.7177734375,1.0,0.0,0.7501033544540405,0.24989664554595947,1.0,0.0,1.0,0.0,1.0,0.0,1.0,0.0,1.0,0.0
0.075,0.7197265625,1.0,0.0,0.7563346028327942,0.2436653971672058,1.0,0.0,1.0,0.0,1.0,0.0,1.0,0.0,1.0,0.0
0.075,0.7216796875,1.0,0.0,0.7638060450553894,0.2361939549446106,1.0,0.0,1.0,0.0,1.0,0.0,1.0,0.0,1.0,0.0
0.075,0.7236328125,1.0,0.0,0.7722930312156677,0.22770696878433228,1.0,0.0,1.0,0.0,1.0,0.0,1.0,0.0,1.0,0.0
0.075,0.7255859375,1.0,0.0,0.7815977334976196,0.21840226650238037,1.0,0.0,1.0,0.0,1.0,0.0,1.0,0.0,1.0,0.0
0.075,0.7275390625,1.0,0.0,0.7915600538253784,0.20843994617462158,1.0,0.0,1.0,0.0,1.0,0.0,1.0,0.0,1.0,0.0
0.075,0.7294921875,1.0,0.0,0.802057147026062,0.197942852973938,1.0,0.0,1.0,0.0,1.0,0.0,1.0,0.0,1.0,0.0
0.075,0.7314453125,1.0,0.0,0.8129953145980835,0.1870046854019165,1.0,0.0,1.0,0.0,1.0,0.0,1.0,0.0,1.0,0.0
0.075,0.7333984375,1.0,0.0,0.8242913484573364,0.17570865154266357,1.0,0.0,1.0,0.0,1.0,0.0,1.0,0.0,1.0,0.0
0.075,0.7353515625,1.0,0.0,0.835844874382019,0.16415512561798096,1.0,0.0,1.0,0.0,1.0,0.0,1.0,0.0,1.0,0.0
0.075,0.7373046875,1.0,0.0,0.8475107550621033,0.15248924493789673,1.0,0.0,1.0,0.0,1.0,0.0,1.0,0.0,1.0,0.0
0.075,0.7392578125,1.0,0.0,0.8590825200080872,0.14091747999191284,1.0,0.0,1.0,0.0,1.0,0.0,1.0,0.0,1.0,0.0
0.075,0.7412109375,1.0,0.0,0.8702934384346008,0.12970656156539917,1.0,0.0,1.0,0.0,1.0,0.0,1.0,0.0,1.0,0.0
0.075,0.7431640625,1.0,0.0,0.8808385729789734,0.11916142702102661,1.0,0.0,1.0,0.0,1.0,0.0,1.0,0.0,1.0,0.0
0.075,0.7451171875,1.0,0.0,0.890417218208313,0.10958278179168701,1.0,0.0,1.0,0.0,1.0,0.0,1.0,0.0,1.0,0.0
0.075,0.7470703125,1.0,0.0,0.898780107498169,0.10121989250183105,1.0,0.0,1.0,0.0,1.0,0.0,1.0,0.0,1.0,0.0
0.075,0.7490234375,1.0,0.0,0.9057679772377014,0.09423202276229858,1.0,0.0,1.0,0.0,1.0,0.0,1.0,0.0,1.0,0.0
0.075,0.7509765625,1.0,0.0,0.9113303422927856,0.08866965770721436,1.0,0.0,1.0,0.0,1.0,0.0,1.0,0.0,1.0,0.0
0.075,0.7529296875,1.0,0.0,0.9155169725418091,0.08448302745819092,1.0,0.0,1.0,0.0,1.0,0.0,1.0,0.0,1.0,0.0
0.075,0.7548828125,1.0,0.0,0.9184471964836121,0.08155280351638794,1.0,0.0,1.0,0.0,1.0,0.0,1.0,0.0,1.0,0.0
0.075,0.7568359375,1.0,0.0,0.9202736616134644,0.07972633838653564,1.0,0.0,1.0,0.0,1.0,0.0,1.0,0.0,1.0,0.0
0.075,0.7587890625,1.0,0.0,0.9211463928222656,0.07885360717773438,1.0,0.0,1.0,0.0,1.0,0.0,1.0,0.0,1.0,0.0
0.075,0.7607421875,1.0,0.0,0.9211997389793396,0.0788002610206604,1.0,0.0,1.0,0.0,1.0,0.0,1.0,0.0,1.0,0.0
0.075,0.7626953125,1.0,0.0,0.9205483198165894,0.07945168018341064,1.0,0.0,1.0,0.0,1.0,0.0,1.0,0.0,1.0,0.0
0.075,0.7646484375,1.0,0.0,0.9193049073219299,0.08069509267807007,1.0,0.0,1.0,0.0,1.0,0.0,1.0,0.0,1.0,0.0
0.075,0.7666015625,1.0,0.0,0.9176038503646851,0.08239614963531494,1.0,0.0,1.0,0.0,1.0,0.0,1.0,0.0,1.0,0.0
0.075,0.7685546875,1.0,0.0,0.9156239628791809,0.08437603712081909,1.0,0.0,1.0,0.0,1.0,0.0,1.0,0.0,1.0,0.0
0.075,0.7705078125,1.0,0.0,0.9136040210723877,0.0863959789276123,1.0,0.0,1.0,0.0,1.0,0.0,1.0,0.0,1.0,0.0
0.075,0.7724609375,1.0,0.0,0.9118407964706421,0.08815920352935791,1.0,0.0,1.0,0.0,1.0,0.0,1.0,0.0,1.0,0.0
0.075,0.7744140625,1.0,0.0,0.9106683731079102,0.08933162689208984,1.0,0.0,1.0,0.0,1.0,0.0,1.0,0.0,1.0,0.0
0.075,0.7763671875,1.0,0.0,0.9104236364364624,0.0895763635635376,1.0,0.0,1.0,0.0,1.0,0.0,1.0,0.0,1.0,0.0
0.075,0.7783203125,1.0,0.0,0.9114013314247131,0.08859866857528687,1.0,0.0,1.0,0.0,1.0,0.0,1.0,0.0,1.0,0.0
0.075,0.7802734375,1.0,0.0,0.9138111472129822,0.08618885278701782,1.0,0.0,1.0,0.0,1.0,0.0,1.0,0.0,1.0,0.0
0.075,0.7822265625,1.0,0.0,0.9177431464195251,0.08225685358047485,1.0,0.0,1.0,0.0,1.0,0.0,1.0,0.0,1.0,0.0
0.075,0.7841796875,1.0,0.0,0.9231448769569397,0.0768551230430603,1.0,0.0,1.0,0.0,1.0,0.0,1.0,0.0,1.0,0.0
0.075,0.7861328125,1.0,0.0,0.9298128485679626,0.07018715143203735,1.0,0.0,1.0,0.0,1.0,0.0,1.0,0.0,1.0,0.0
0.075,0.7880859375,1.0,0.0,0.937397301197052,0.062602698802948,1.0,0.0,1.0,0.0,1.0,0.0,1.0,0.0,1.0,0.0
0.075,0.7900390625,1.0,0.0,0.9454163312911987,0.05458366870880127,1.0,0.0,1.0,0.0,1.0,0.0,1.0,0.0,1.0,0.0
0.075,0.7919921875,1.0,0.0,0.9532894492149353,0.0467105507850647,1.0,0.0,1.0,0.0,1.0,0.0,1.0,0.0,1.0,0.0
0.075,0.7939453125,1.0,0.0,0.9603809118270874,0.0396190881729126,1.0,0.0,1.0,0.0,1.0,0.0,1.0,0.0,1.0,0.0
0.075,0.7958984375,1.0,0.0,0.9660531282424927,0.033946871757507324,1.0,0.0,1.0,0.0,1.0,0.0,1.0,0.0,1.0,0.0
0.075,0.7978515625,1.0,0.0,0.9697288870811462,0.03027111291885376,1.0,0.0,1.0,0.0,1.0,0.0,1.0,0.0,1.0,0.0
0.075,0.7998046875,1.0,0.0,0.9709529876708984,0.029047012329101562,1.0,0.0,1.0,0.0,1.0,0.0,1.0,0.0,1.0,0.0
0.075,0.8017578125,1.0,0.0,0.9694415926933289,0.030558407306671143,1.0,0.0,1.0,0.0,1.0,0.0,1.0,0.0,1.0,0.0
0.075,0.8037109375,1.0,0.0,0.9651221632957458,0.03487783670425415,1.0,0.0,1.0,0.0,1.0,0.0,1.0,0.0,1.0,0.0
0.075,0.8056640625,1.0,0.0,0.9581441283226013,0.04185587167739868,1.0,0.0,1.0,0.0,1.0,0.0,1.0,0.0,1.0,0.0
0.075,0.8076171875,1.0,0.0,0.9488760232925415,0.051123976707458496,1.0,0.0,1.0,0.0,1.0,0.0,1.0,0.0,1.0,0.0
0.075,0.8095703125,1.0,0.0,0.9378737211227417,0.0621262788772583,1.0,0.0,1.0,0.0,1.0,0.0,1.0,0.0,1.0,0.0
0.075,0.8115234375,1.0,0.0,0.9258345365524292,0.0741654634475708,1.0,0.0,1.0,0.0,1.0,0.0,1.0,0.0,1.0,0.0
0.075,0.8134765625,1.0,0.0,0.9135358929634094,0.08646410703659058,1.0,0.0,1.0,0.0,1.0,0.0,1.0,0.0,1.0,0.0
0.075,0.8154296875,1.0,0.0,0.9017653465270996,0.09823465347290039,1.0,0.0,1.0,0.0,1.0,0.0,1.0,0.0,1.0,0.0
0.075,0.8173828125,1.0,0.0,0.8912579417228699,0.10874205827713013,1.0,0.0,1.0,0.0,1.0,0.0,1.0,0.0,1.0,0.0
0.075,0.8193359375,1.0,0.0,0.8826343417167664,0.11736565828323364,1.0,0.0,1.0,0.0,1.0,0.0,1.0,0.0,1.0,0.0
0.075,0.8212890625,1.0,0.0,0.8763654828071594,0.12363451719284058,1.0,0.0,1.0,0.0,1.0,0.0,1.0,0.0,1.0,0.0
0.075,0.8232421875,1.0,0.0,0.8727487325668335,0.1272512674331665,1.0,0.0,1.0,0.0,1.0,0.0,1.0,0.0,1.0,0.0
0.075,0.8251953125,1.0,0.0,0.871902346611023,0.12809765338897705,1.0,0.0,1.0,0.0,1.0,0.0,1.0,0.0,1.0,0.0
0.075,0.8271484375,1.0,0.0,0.8737699389457703,0.12623006105422974,1.0,0.0,1.0,0.0,1.0,0.0,1.0,0.0,1.0,0.0
0.075,0.8291015625,1.0,0.0,0.8781277537345886,0.12187224626541138,1.0,0.0,1.0,0.0,1.0,0.0,1.0,0.0,1.0,0.0
0.075,0.8310546875,1.0,0.0,0.8845970034599304,0.11540299654006958,1.0,0.0,1.0,0.0,1.0,0.0,1.0,0.0,1.0,0.0
0.075,0.8330078125,1.0,0.0,0.8926580548286438,0.1073419451713562,1.0,0.0,1.0,0.0,1.0,0.0,1.0,0.0,1.0,0.0
0.075,0.8349609375,1.0,0.0,0.9016709327697754,0.09832906723022461,1.0,0.0,1.0,0.0,1.0,0.0,1.0,0.0,1.0,0.0
0.075,0.8369140625,1.0,0.0,0.9109044671058655,0.08909553289413452,1.0,0.0,1.0,0.0,1.0,0.0,1.0,0.0,1.0,0.0
0.075,0.8388671875,1.0,0.0,0.919580340385437,0.08041965961456299,1.0,0.0,1.0,0.0,1.0,0.0,1.0,0.0,1.0,0.0
0.075,0.8408203125,1.0,0.0,0.9269237518310547,0.07307624816894531,1.0,0.0,1.0,0.0,1.0,0.0,1.0,0.0,1.0,0.0
0.075,0.8427734375,1.0,0.0,0.9322238564491272,0.0677761435508728,1.0,0.0,1.0,0.0,1.0,0.0,1.0,0.0,1.0,0.0
0.075,0.8447265625,1.0,0.0,0.9348911046981812,0.06510889530181885,1.0,0.0,1.0,0.0,1.0,0.0,1.0,0.0,1.0,0.0
0.075,0.8466796875,1.0,0.0,0.9345104098320007,0.06548959016799927,1.0,0.0,1.0,0.0,1.0,0.0,1.0,0.0,1.0,0.0
0.075,0.8486328125,1.0,0.0,0.9308754801750183,0.06912451982498169,1.0,0.0,1.0,0.0,1.0,0.0,1.0,0.0,1.0,0.0
0.075,0.8505859375,1.0,0.0,0.9240109920501709,0.0759890079498291,1.0,0.0,1.0,0.0,1.0,0.0,1.0,0.0,1.0,0.0
0.075,0.8525390625,1.0,0.0,0.9141770005226135,0.08582299947738647,1.0,0.0,1.0,0.0,1.0,0.0,1.0,0.0,1.0,0.0
0.075,0.8544921875,1.0,0.0,0.9018540978431702,0.09814590215682983,1.0,0.0,1.0,0.0,1.0,0.0,1.0,0.0,1.0,0.0
0.075,0.8564453125,1.0,0.0,0.8877130150794983,0.11228698492050171,1.0,0.0,1.0,0.0,1.0,0.0,1.0,0.0,1.0,0.0
0.075,0.8583984375,1.0,0.0,0.8725633025169373,0.12743669748306274,1.0,0.0,1.0,0.0,1.0,0.0,1.0,0.0,1.0,0.0
0.075,0.8603515625,1.0,0.0,0.8572872877120972,0.14271271228790283,1.0,0.0,1.0,0.0,1.0,0.0,1.0,0.0,1.0,0.0
0.075,0.8623046875,1.0,0.0,0.8427605628967285,0.15723943710327148,1.0,0.0,1.0,0.0,1.0,0.0,1.0,0.0,1.0,0.0
0.075,0.8642578125,1.0,0.0,0.8297736048698425,0.17022639513015747,1.0,0.0,1.0,0.0,1.0,0.0,1.0,0.0,1.0,0.0
0.075,0.8662109375,1.0,0.0,0.8189704418182373,0.1810295581817627,1.0,0.0,1.0,0.0,1.0,0.0,1.0,0.0,1.0,0.0
0.075,0.8681640625,1.0,0.0,0.810801088809967,0.18919891119003296,1.0,0.0,1.0,0.0,1.0,0.0,1.0,0.0,1.0,0.0
0.075,0.8701171875,1.0,0.0,0.8055089116096497,0.19449108839035034,1.0,0.0,1.0,0.0,1.0,0.0,1.0,0.0,1.0,0.0
0.075,0.8720703125,1.0,0.0,0.8031324744224548,0.19686752557754517,1.0,0.0,1.0,0.0,1.0,0.0,1.0,0.0,1.0,0.0
0.075,0.8740234375,1.0,0.0,0.8035265207290649,0.19647347927093506,1.0,0.0,1.0,0.0,1.0,0.0,1.0,0.0,1.0,0.0
0.075,0.8759765625,1.0,0.0,0.8063888549804688,0.19361114501953125,1.0,0.0,1.0,0.0,1.0,0.0,1.0,0.0,1.0,0.0
0.075,0.8779296875,1.0,0.0,0.8112975358963013,0.18870246410369873,1.0,0.0,1.0,0.0,1.0,0.0,1.0,0.0,1.0,0.0
0.075,0.8798828125,1.0,0.0,0.8177480101585388,0.18225198984146118,1.0,0.0,1.0,0.0,1.0,0.0,1.0,0.0,1.0,0.0
0.075,0.8818359375,1.0,0.0,0.8251928091049194,0.17480719089508057,1.0,0.0,1.0,0.0,1.0,0.0,1.0,0.0,1.0,0.0
0.075,0.8837890625,1.0,0.0,0.833081066608429,0.16691893339157104,1.0,0.0,1.0,0.0,1.0,0.0,1.0,0.0,1.0,0.0
0.075,0.8857421875,1.0,0.0,0.8408938646316528,0.15910613536834717,1.0,0.0,1.0,0.0,1.0,0.0,1.0,0.0,1.0,0.0
0.075,0.8876953125,1.0,0.0,0.8455830216407776,0.1544169783592224,1.0,0.0,1.0,0.0,1.0,0.0,1.0,0.0,1.0,0.0
0.075,0.8896484375,1.0,0.0,0.8441296815872192,0.15587031841278076,1.0,0.0,1.0,0.0,1.0,0.0,1.0,0.0,1.0,0.0
0.075,0.8916015625,1.0,0.0,0.8439057469367981,0.1560942530632019,1.0,0.0,1.0,0.0,1.0,0.0,1.0,0.0,1.0,0.0
0.075,0.8935546875,1.0,0.0,0.8449336290359497,0.1550663709640503,1.0,0.0,1.0,0.0,1.0,0.0,1.0,0.0,1.0,0.0
0.075,0.8955078125,1.0,0.0,0.8472259640693665,0.15277403593063354,1.0,0.0,1.0,0.0,1.0,0.0,1.0,0.0,1.0,0.0
0.075,0.8974609375,1.0,0.0,0.8507680892944336,0.1492319107055664,1.0,0.0,1.0,0.0,1.0,0.0,1.0,0.0,1.0,0.0
0.075,0.8994140625,1.0,0.0,0.8555033206939697,0.14449667930603027,1.0,0.0,1.0,0.0,1.0,0.0,1.0,0.0,1.0,0.0
0.075,0.9013671875,1.0,0.0,0.861326277256012,0.13867372274398804,1.0,0.0,1.0,0.0,1.0,0.0,1.0,0.0,1.0,0.0
0.075,0.9033203125,1.0,0.0,0.864601194858551,0.13539880514144897,1.0,0.0,1.0,0.0,1.0,0.0,1.0,0.0,1.0,0.0
0.075,0.9052734375,1.0,0.0,0.8628198504447937,0.1371801495552063,1.0,0.0,1.0,0.0,1.0,0.0,1.0,0.0,1.0,0.0
0.075,0.9072265625,1.0,0.0,0.8611320853233337,0.13886791467666626,1.0,0.0,1.0,0.0,1.0,0.0,1.0,0.0,1.0,0.0
0.075,0.9091796875,1.0,0.0,0.8598508834838867,0.14014911651611328,1.0,0.0,1.0,0.0,1.0,0.0,1.0,0.0,1.0,0.0
0.075,0.9111328125,1.0,0.0,0.8592310547828674,0.14076894521713257,1.0,0.0,1.0,0.0,1.0,0.0,1.0,0.0,1.0,0.0
0.075,0.9130859375,1.0,0.0,0.8594453930854797,0.14055460691452026,1.0,0.0,1.0,0.0,1.0,0.0,1.0,0.0,1.0,0.0
0.075,0.9150390625,1.0,0.0,0.8605614900588989,0.13943850994110107,1.0,0.0,1.0,0.0,1.0,0.0,1.0,0.0,1.0,0.0
0.075,0.9169921875,1.0,0.0,0.8625278472900391,0.13747215270996094,1.0,0.0,1.0,0.0,1.0,0.0,1.0,0.0,1.0,0.0
0.075,0.9189453125,1.0,0.0,0.8651680946350098,0.13483190536499023,1.0,0.0,1.0,0.0,1.0,0.0,1.0,0.0,1.0,0.0
0.075,0.9208984375,1.0,0.0,0.8681853413581848,0.13181465864181519,1.0,0.0,1.0,0.0,1.0,0.0,1.0,0.0,1.0,0.0
0.075,0.9228515625,1.0,0.0,0.8711793422698975,0.12882065773010254,1.0,0.0,1.0,0.0,1.0,0.0,1.0,0.0,1.0,0.0
0.075,0.9248046875,1.0,0.0,0.8736760020256042,0.12632399797439575,1.0,0.0,1.0,0.0,1.0,0.0,1.0,0.0,1.0,0.0
0.075,0.9267578125,1.0,0.0,0.8751648664474487,0.12483513355255127,1.0,0.0,1.0,0.0,1.0,0.0,1.0,0.0,1.0,0.0
0.075,0.9287109375,1.0,0.0,0.8751459121704102,0.12485408782958984,1.0,0.0,1.0,0.0,1.0,0.0,1.0,0.0,1.0,0.0
0.075,0.9306640625,1.0,0.0,0.8731738328933716,0.12682616710662842,1.0,0.0,1.0,0.0,1.0,0.0,1.0,0.0,1.0,0.0
0.075,0.9326171875,1.0,0.0,0.8688998818397522,0.1311001181602478,1.0,0.0,1.0,0.0,1.0,0.0,1.0,0.0,1.0,0.0
0.075,0.9345703125,1.0,0.0,0.862102210521698,0.137897789478302,1.0,0.0,1.0,0.0,1.0,0.0,1.0,0.0,1.0,0.0
0.075,0.9365234375,1.0,0.0,0.8650994300842285,0.13490056991577148,1.0,0.0,1.0,0.0,1.0,0.0,1.0,0.0,1.0,0.0
0.075,0.9384765625,1.0,0.0,0.8648744821548462,0.1351255178451538,1.0,0.0,1.0,0.0,1.0,0.0,1.0,0.0,1.0,0.0
0.075,0.9404296875,1.0,0.0,0.8606619834899902,0.13933801651000977,1.0,0.0,1.0,0.0,1.0,0.0,1.0,0.0,1.0,0.0
0.075,0.9423828125,1.0,0.0,0.8522195816040039,0.1477804183959961,1.0,0.0,1.0,0.0,1.0,0.0,1.0,0.0,1.0,0.0
0.075,0.9443359375,1.0,0.0,0.8396084904670715,0.16039150953292847,1.0,0.0,1.0,0.0,1.0,0.0,1.0,0.0,1.0,0.0
0.075,0.9462890625,1.0,0.0,0.8231875896453857,0.17681241035461426,1.0,0.0,1.0,0.0,1.0,0.0,1.0,0.0,1.0,0.0
0.075,0.9482421875,1.0,0.0,0.803555428981781,0.196444571018219,1.0,0.0,1.0,0.0,1.0,0.0,1.0,0.0,1.0,0.0
0.075,0.9501953125,1.0,0.0,0.781463623046875,0.218536376953125,1.0,0.0,1.0,0.0,1.0,0.0,1.0,0.0,1.0,0.0
0.075,0.9521484375,1.0,0.0,0.7577386498451233,0.2422613501548767,1.0,0.0,1.0,0.0,1.0,0.0,1.0,0.0,1.0,0.0
0.075,0.9541015625,1.0,0.0,0.733228862285614,0.266771137714386,1.0,0.0,1.0,0.0,1.0,0.0,1.0,0.0,1.0,0.0
0.075,0.9560546875,1.0,0.0,0.7087717652320862,0.2912282347679138,1.0,0.0,1.0,0.0,1.0,0.0,1.0,0.0,1.0,0.0
0.075,0.9580078125,1.0,0.0,0.6851588487625122,0.3148411512374878,1.0,0.0,1.0,0.0,1.0,0.0,1.0,0.0,1.0,0.0
0.075,0.9599609375,1.0,0.0,0.6630911231040955,0.33690887689590454,1.0,0.0,1.0,0.0,1.0,0.0,1.0,0.0,1.0,0.0
0.075,0.9619140625,1.0,0.0,0.6445945501327515,0.35540544986724854,1.0,0.0,1.0,0.0,1.0,0.0,1.0,0.0,1.0,0.0
0.075,0.9638671875,1.0,0.0,0.6348918080329895,0.3651081919670105,1.0,0.0,1.0,0.0,1.0,0.0,1.0,0.0,1.0,0.0
0.075,0.9658203125,1.0,0.0,0.6267877817153931,0.37321221828460693,1.0,0.0,1.0,0.0,1.0,0.0,1.0,0.0,1.0,0.0
0.075,0.9677734375,1.0,0.0,0.6200315356254578,0.37996846437454224,1.0,0.0,1.0,0.0,1.0,0.0,1.0,0.0,1.0,0.0
0.075,0.9697265625,1.0,0.0,0.6143279075622559,0.38567209243774414,1.0,0.0,1.0,0.0,1.0,0.0,1.0,0.0,1.0,0.0
0.075,0.9716796875,1.0,0.0,0.6093981862068176,0.3906018137931824,1.0,0.0,1.0,0.0,1.0,0.0,1.0,0.0,1.0,0.0
0.075,0.9736328125,1.0,0.0,0.6050387024879456,0.39496129751205444,1.0,0.0,1.0,0.0,1.0,0.0,1.0,0.0,1.0,0.0
0.075,0.9755859375,1.0,0.0,0.6011704802513123,0.39882951974868774,1.0,0.0,1.0,0.0,1.0,0.0,1.0,0.0,1.0,0.0
0.075,0.9775390625,1.0,0.0,0.5978721976280212,0.40212780237197876,1.0,0.0,1.0,0.0,1.0,0.0,1.0,0.0,1.0,0.0
0.075,0.9794921875,1.0,0.0,0.5954002141952515,0.40459978580474854,1.0,0.0,1.0,0.0,1.0,0.0,1.0,0.0,1.0,0.0
0.075,0.9814453125,1.0,0.0,0.5941965579986572,0.4058034420013428,1.0,0.0,1.0,0.0,1.0,0.0,1.0,0.0,1.0,0.0
0.075,0.9833984375,1.0,0.0,0.5948866009712219,0.4051133990287781,1.0,0.0,1.0,0.0,1.0,0.0,1.0,0.0,1.0,0.0
0.075,0.9853515625,1.0,0.0,0.5982611775398254,0.40173882246017456,1.0,0.0,1.0,0.0,1.0,0.0,1.0,0.0,1.0,0.0
0.075,0.9873046875,1.0,0.0,0.6052285432815552,0.3947714567184448,1.0,0.0,1.0,0.0,1.0,0.0,1.0,0.0,1.0,0.0
0.075,0.9892578125,1.0,0.0,0.6120699048042297,0.38793009519577026,1.0,0.0,1.0,0.0,1.0,0.0,1.0,0.0,1.0,0.0
0.075,0.9912109375,1.0,0.0,0.6174443960189819,0.38255560398101807,1.0,0.0,1.0,0.0,1.0,0.0,1.0,0.0,1.0,0.0
0.075,0.9931640625,1.0,0.0,0.6264704465866089,0.3735295534133911,1.0,0.0,1.0,0.0,1.0,0.0,1.0,0.0,1.0,0.0
0.075,0.9951171875,1.0,0.0,0.6397994160652161,0.36020058393478394,1.0,0.0,1.0,0.0,1.0,0.0,1.0,0.0,1.0,0.0
0.075,0.9970703125,1.0,0.0,0.6579430103302002,0.3420569896697998,1.0,0.0,1.0,0.0,1.0,0.0,1.0,0.0,1.0,0.0
0.075,0.9990234375,1.0,0.0,0.6811211109161377,0.3188788890838623,1.0,0.0,1.0,0.0,1.0,0.0,1.0,0.0,1.0,0.0
0.0875,0.0009765625,1.0,0.0,1.1338125467300415,0.1338125467300415,1.0,0.0,1.0,0.0,1.0,0.0,1.0,0.0,1.0,0.0
0.0875,0.0029296875,1.0,0.0,1.1607036590576172,0.1607036590576172,1.0,0.0,1.0,0.0,1.0,0.0,1.0,0.0,1.0,0.0
0.0875,0.0048828125,1.0,0.0,1.1839390993118286,0.1839390993118286,1.0,0.0,1.0,0.0,1.0,0.0,1.0,0.0,1.0,0.0
0.0875,0.0068359375,1.0,0.0,1.202633023262024,0.20263302326202393,1.0,0.0,1.0,0.0,1.0,0.0,1.0,0.0,1.0,0.0
0.0875,0.0087890625,1.0,0.0,1.2163238525390625,0.2163238525390625,1.0,0.0,1.0,0.0,1.0,0.0,1.0,0.0,1.0,0.0
0.0875,0.0107421875,1.0,0.0,1.2249181270599365,0.22491812705993652,1.0,0.0,1.0,0.0,1.0,0.0,1.0,0.0,1.0,0.0
0.0875,0.0126953125,1.0,0.0,1.2285996675491333,0.2285996675491333,1.0,0.0,1.0,0.0,1.0,0.0,1.0,0.0,1.0,0.0
0.0875,0.0146484375,1.0,0.0,1.227739930152893,0.22773993015289307,1.0,0.0,1.0,0.0,1.0,0.0,1.0,0.0,1.0,0.0
0.0875,0.0166015625,1.0,0.0,1.2228285074234009,0.22282850742340088,1.0,0.0,1.0,0.0,1.0,0.0,1.0,0.0,1.0,0.0
0.0875,0.0185546875,1.0,0.0,1.2144207954406738,0.21442079544067383,1.0,0.0,1.0,0.0,1.0,0.0,1.0,0.0,1.0,0.0
0.0875,0.0205078125,1.0,0.0,1.2030941247940063,0.20309412479400635,1.0,0.0,1.0,0.0,1.0,0.0,1.0,0.0,1.0,0.0
0.0875,0.0224609375,1.0,0.0,1.1798046827316284,0.17980468273162842,1.0,0.0,1.0,0.0,1.0,0.0,1.0,0.0,1.0,0.0
0.0875,0.0244140625,1.0,0.0,1.1545101404190063,0.15451014041900635,1.0,0.0,1.0,0.0,1.0,0.0,1.0,0.0,1.0,0.0
0.0875,0.0263671875,1.0,0.0,1.1302189826965332,0.1302189826965332,1.0,0.0,1.0,0.0,1.0,0.0,1.0,0.0,1.0,0.0
0.0875,0.0283203125,1.0,0.0,1.1073728799819946,0.10737287998199463,1.0,0.0,1.0,0.0,1.0,0.0,1.0,0.0,1.0,0.0
0.0875,0.0302734375,1.0,0.0,1.0862789154052734,0.08627891540527344,1.0,0.0,1.0,0.0,1.0,0.0,1.0,0.0,1.0,0.0
0.0875,0.0322265625,1.0,0.0,1.0671210289001465,0.06712102890014648,1.0,0.0,1.0,0.0,1.0,0.0,1.0,0.0,1.0,0.0
0.0875,0.0341796875,1.0,0.0,1.049972414970398,0.04997241497039795,1.0,0.0,1.0,0.0,1.0,0.0,1.0,0.0,1.0,0.0
0.0875,0.0361328125,1.0,0.0,1.0348079204559326,0.03480792045593262,1.0,0.0,1.0,0.0,1.0,0.0,1.0,0.0,1.0,0.0
0.0875,0.0380859375,1.0,0.0,1.0215120315551758,0.02151203155517578,1.0,0.0,1.0,0.0,1.0,0.0,1.0,0.0,1.0,0.0
0.0875,0.0400390625,1.0,0.0,1.0099003314971924,0.009900331497192383,1.0,0.0,1.0,0.0,1.0,0.0,1.0,0.0,1.0,0.0
0.0875,0.0419921875,1.0,0.0,0.999756932258606,0.00024306774139404297,1.0,0.0,1.0,0.0,1.0,0.0,1.0,0.0,1.0,0.0
0.0875,0.0439453125,1.0,0.0,0.9908940196037292,0.009105980396270752,1.0,0.0,1.0,0.0,1.0,0.0,1.0,0.0,1.0,0.0
0.0875,0.0458984375,1.0,0.0,0.9832171201705933,0.01678287982940674,1.0,0.0,1.0,0.0,1.0,0.0,1.0,0.0,1.0,0.0
0.0875,0.0478515625,1.0,0.0,0.976766049861908,0.02323395013809204,1.0,0.0,1.0,0.0,1.0,0.0,1.0,0.0,1.0,0.0
0.0875,0.0498046875,1.0,0.0,0.9717089533805847,0.028291046619415283,1.0,0.0,1.0,0.0,1.0,0.0,1.0,0.0,1.0,0.0
0.0875,0.0517578125,1.0,0.0,0.9682866334915161,0.03171336650848389,1.0,0.0,1.0,0.0,1.0,0.0,1.0,0.0,1.0,0.0
0.0875,0.0537109375,1.0,0.0,0.9667326211929321,0.03326737880706787,1.0,0.0,1.0,0.0,1.0,0.0,1.0,0.0,1.0,0.0
0.0875,0.0556640625,1.0,0.0,0.9672039747238159,0.03279602527618408,1.0,0.0,1.0,0.0,1.0,0.0,1.0,0.0,1.0,0.0
0.0875,0.0576171875,1.0,0.0,0.9697490930557251,0.030250906944274902,1.0,0.0,1.0,0.0,1.0,0.0,1.0,0.0,1.0,0.0
0.0875,0.0595703125,1.0,0.0,0.9795836210250854,0.02041637897491455,1.0,0.0,1.0,0.0,1.0,0.0,1.0,0.0,1.0,0.0
0.0875,0.0615234375,1.0,0.0,1.004076600074768,0.004076600074768066,1.0,0.0,1.0,0.0,1.0,0.0,1.0,0.0,1.0,0.0
0.0875,0.0634765625,1.0,0.0,1.0299947261810303,0.029994726181030273,1.0,0.0,1.0,0.0,1.0,0.0,1.0,0.0,1.0,0.0
0.0875,0.0654296875,1.0,0.0,1.0563514232635498,0.056351423263549805,1.0,0.0,1.0,0.0,1.0,0.0,1.0,0.0,1.0,0.0
0.0875,0.0673828125,1.0,0.0,1.0778615474700928,0.07786154747009277,1.0,0.0,1.0,0.0,1.0,0.0,1.0,0.0,1.0,0.0
0.0875,0.0693359375,1.0,0.0,1.091862678527832,0.09186267852783203,1.0,0.0,1.0,0.0,1.0,0.0,1.0,0.0,1.0,0.0
0.0875,0.0712890625,1.0,0.0,1.1040101051330566,0.10401010513305664,1.0,0.0,1.0,0.0,1.0,0.0,1.0,0.0,1.0,0.0
0.0875,0.0732421875,1.0,0.0,1.1135965585708618,0.11359655857086182,1.0,0.0,1.0,0.0,1.0,0.0,1.0,0.0,1.0,0.0
0.0875,0.0751953125,1.0,0.0,1.120341420173645,0.12034142017364502,1.0,0.0,1.0,0.0,1.0,0.0,1.0,0.0,1.0,0.0
0.0875,0.0771484375,1.0,0.0,1.1243594884872437,0.12435948848724365,1.0,0.0,1.0,0.0,1.0,0.0,1.0,0.0,1.0,0.0
0.0875,0.0791015625,1.0,0.0,1.126023530960083,0.126023530960083,1.0,0.0,1.0,0.0,1.0,0.0,1.0,0.0,1.0,0.0
0.0875,0.0810546875,1.0,0.0,1.1411223411560059,0.14112234115600586,1.0,0.0,1.0,0.0,1.0,0.0,1.0,0.0,1.0,0.0
0.0875,0.0830078125,1.0,0.0,1.1575783491134644,0.15757834911346436,1.0,0.0,1.0,0.0,1.0,0.0,1.0,0.0,1.0,0.0
0.0875,0.0849609375,1.0,0.0,1.1703314781188965,0.17033147811889648,1.0,0.0,1.0,0.0,1.0,0.0,1.0,0.0,1.0,0.0
0.0875,0.0869140625,1.0,0.0,1.1785683631896973,0.17856836318969727,1.0,0.0,1.0,0.0,1.0,0.0,1.0,0.0,1.0,0.0
0.0875,0.0888671875,1.0,0.0,1.181860089302063,0.181860089302063,1.0,0.0,1.0,0.0,1.0,0.0,1.0,0.0,1.0,0.0
0.0875,0.0908203125,1.0,0.0,1.180206298828125,0.180206298828125,1.0,0.0,1.0,0.0,1.0,0.0,1.0,0.0,1.0,0.0
0.0875,0.0927734375,1.0,0.0,1.174023985862732,0.17402398586273193,1.0,0.0,1.0,0.0,1.0,0.0,1.0,0.0,1.0,0.0
0.0875,0.0947265625,1.0,0.0,1.1641017198562622,0.1641017198562622,1.0,0.0,1.0,0.0,1.0,0.0,1.0,0.0,1.0,0.0
0.0875,0.0966796875,1.0,0.0,1.1515229940414429,0.15152299404144287,1.0,0.0,1.0,0.0,1.0,0.0,1.0,0.0,1.0,0.0
0.0875,0.0986328125,1.0,0.0,1.13755464553833,0.13755464553833008,1.0,0.0,1.0,0.0,1.0,0.0,1.0,0.0,1.0,0.0
0.0875,0.1005859375,1.0,0.0,1.1235089302062988,0.12350893020629883,1.0,0.0,1.0,0.0,1.0,0.0,1.0,0.0,1.0,0.0
0.0875,0.1025390625,1.0,0.0,1.110601782798767,0.11060178279876709,1.0,0.0,1.0,0.0,1.0,0.0,1.0,0.0,1.0,0.0
0.0875,0.1044921875,1.0,0.0,1.0998382568359375,0.0998382568359375,1.0,0.0,1.0,0.0,1.0,0.0,1.0,0.0,1.0,0.0
0.0875,0.1064453125,1.0,0.0,1.0919456481933594,0.09194564819335938,1.0,0.0,1.0,0.0,1.0,0.0,1.0,0.0,1.0,0.0
0.0875,0.1083984375,1.0,0.0,1.0873569250106812,0.08735692501068115,1.0,0.0,1.0,0.0,1.0,0.0,1.0,0.0,1.0,0.0
0.0875,0.1103515625,1.0,0.0,1.086228609085083,0.08622860908508301,1.0,0.0,1.0,0.0,1.0,0.0,1.0,0.0,1.0,0.0
0.0875,0.1123046875,1.0,0.0,1.0884836912155151,0.08848369121551514,1.0,0.0,1.0,0.0,1.0,0.0,1.0,0.0,1.0,0.0
0.0875,0.1142578125,1.0,0.0,1.0938613414764404,0.09386134147644043,1.0,0.0,1.0,0.0,1.0,0.0,1.0,0.0,1.0,0.0
0.0875,0.1162109375,1.0,0.0,1.093255877494812,0.09325587749481201,1.0,0.0,1.0,0.0,1.0,0.0,1.0,0.0,1.0,0.0
0.0875,0.1181640625,1.0,0.0,1.0903196334838867,0.09031963348388672,1.0,0.0,1.0,0.0,1.0,0.0,1.0,0.0,1.0,0.0
0.0875,0.1201171875,1.0,0.0,1.0888538360595703,0.08885383605957031,1.0,0.0,1.0,0.0,1.0,0.0,1.0,0.0,1.0,0.0
0.0875,0.1220703125,1.0,0.0,1.0886006355285645,0.08860063552856445,1.0,0.0,1.0,0.0,1.0,0.0,1.0,0.0,1.0,0.0
0.0875,0.1240234375,1.0,0.0,1.0892783403396606,0.08927834033966064,1.0,0.0,1.0,0.0,1.0,0.0,1.0,0.0,1.0,0.0
0.0875,0.1259765625,1.0,0.0,1.0905921459197998,0.0905921459197998,1.0,0.0,1.0,0.0,1.0,0.0,1.0,0.0,1.0,0.0
0.0875,0.1279296875,1.0,0.0,1.0922259092330933,0.09222590923309326,1.0,0.0,1.0,0.0,1.0,0.0,1.0,0.0,1.0,0.0
0.0875,0.1298828125,1.0,0.0,1.093819499015808,0.0938194990158081,1.0,0.0,1.0,0.0,1.0,0.0,1.0,0.0,1.0,0.0
0.0875,0.1318359375,1.0,0.0,1.0949519872665405,0.09495198726654053,1.0,0.0,1.0,0.0,1.0,0.0,1.0,0.0,1.0,0.0
0.0875,0.1337890625,1.0,0.0,1.0951542854309082,0.0951542854309082,1.0,0.0,1.0,0.0,1.0,0.0,1.0,0.0,1.0,0.0
0.0875,0.1357421875,1.0,0.0,1.0939663648605347,0.09396636486053467,1.0,0.0,1.0,0.0,1.0,0.0,1.0,0.0,1.0,0.0
0.0875,0.1376953125,1.0,0.0,1.0910238027572632,0.09102380275726318,1.0,0.0,1.0,0.0,1.0,0.0,1.0,0.0,1.0,0.0
0.0875,0.1396484375,1.0,0.0,1.086142659187317,0.0861426591873169,1.0,0.0,1.0,0.0,1.0,0.0,1.0,0.0,1.0,0.0
0.0875,0.1416015625,1.0,0.0,1.0876599550247192,0.08765995502471924,1.0,0.0,1.0,0.0,1.0,0.0,1.0,0.0,1.0,0.0
0.0875,0.1435546875,1.0,0.0,1.1057689189910889,0.10576891899108887,1.0,0.0,1.0,0.0,1.0,0.0,1.0,0.0,1.0,0.0
0.0875,0.1455078125,1.0,0.0,1.1236571073532104,0.12365710735321045,1.0,0.0,1.0,0.0,1.0,0.0,1.0,0.0,1.0,0.0
0.0875,0.1474609375,1.0,0.0,1.1407581567764282,0.14075815677642822,1.0,0.0,1.0,0.0,1.0,0.0,1.0,0.0,1.0,0.0
0.0875,0.1494140625,1.0,0.0,1.1520607471466064,0.15206074714660645,1.0,0.0,1.0,0.0,1.0,0.0,1.0,0.0,1.0,0.0
0.0875,0.1513671875,1.0,0.0,1.138157844543457,0.13815784454345703,1.0,0.0,1.0,0.0,1.0,0.0,1.0,0.0,1.0,0.0
0.0875,0.1533203125,1.0,0.0,1.1260957717895508,0.12609577178955078,1.0,0.0,1.0,0.0,1.0,0.0,1.0,0.0,1.0,0.0
0.0875,0.1552734375,1.0,0.0,1.1163835525512695,0.11638355255126953,1.0,0.0,1.0,0.0,1.0,0.0,1.0,0.0,1.0,0.0
0.0875,0.1572265625,1.0,0.0,1.1092971563339233,0.10929715633392334,1.0,0.0,1.0,0.0,1.0,0.0,1.0,0.0,1.0,0.0
0.0875,0.1591796875,1.0,0.0,1.1049370765686035,0.10493707656860352,1.0,0.0,1.0,0.0,1.0,0.0,1.0,0.0,1.0,0.0
0.0875,0.1611328125,1.0,0.0,1.1032886505126953,0.10328865051269531,1.0,0.0,1.0,0.0,1.0,0.0,1.0,0.0,1.0,0.0
0.0875,0.1630859375,1.0,0.0,1.1042609214782715,0.10426092147827148,1.0,0.0,1.0,0.0,1.0,0.0,1.0,0.0,1.0,0.0
0.0875,0.1650390625,1.0,0.0,1.1077001094818115,0.10770010948181152,1.0,0.0,1.0,0.0,1.0,0.0,1.0,0.0,1.0,0.0
0.0875,0.1669921875,1.0,0.0,1.1133841276168823,0.11338412761688232,1.0,0.0,1.0,0.0,1.0,0.0,1.0,0.0,1.0,0.0
0.0875,0.1689453125,1.0,0.0,1.1210054159164429,0.12100541591644287,1.0,0.0,1.0,0.0,1.0,0.0,1.0,0.0,1.0,0.0
0.0875,0.1708984375,1.0,0.0,1.13014817237854,0.13014817237854004,1.0,0.0,1.0,0.0,1.0,0.0,1.0,0.0,1.0,0.0
0.0875,0.1728515625,1.0,0.0,1.1402689218521118,0.14026892185211182,1.0,0.0,1.0,0.0,1.0,0.0,1.0,0.0,1.0,0.0
0.0875,0.1748046875,1.0,0.0,1.1436810493469238,0.14368104934692383,1.0,0.0,1.0,0.0,1.0,0.0,1.0,0.0,1.0,0.0
0.0875,0.1767578125,1.0,0.0,1.1345335245132446,0.13453352451324463,1.0,0.0,1.0,0.0,1.0,0.0,1.0,0.0,1.0,0.0
0.0875,0.1787109375,1.0,0.0,1.1260713338851929,0.12607133388519287,1.0,0.0,1.0,0.0,1.0,0.0,1.0,0.0,1.0,0.0
0.0875,0.1806640625,1.0,0.0,1.1183891296386719,0.11838912963867188,1.0,0.0,1.0,0.0,1.0,0.0,1.0,0.0,1.0,0.0
0.0875,0.1826171875,1.0,0.0,1.1115013360977173,0.11150133609771729,1.0,0.0,1.0,0.0,1.0,0.0,1.0,0.0,1.0,0.0
0.0875,0.1845703125,1.0,0.0,1.1053575277328491,0.10535752773284912,1.0,0.0,1.0,0.0,1.0,0.0,1.0,0.0,1.0,0.0
0.0875,0.1865234375,1.0,0.0,1.0998531579971313,0.09985315799713135,1.0,0.0,1.0,0.0,1.0,0.0,1.0,0.0,1.0,0.0
0.0875,0.1884765625,1.0,0.0,1.0948352813720703,0.09483528137207031,1.0,0.0,1.0,0.0,1.0,0.0,1.0,0.0,1.0,0.0
0.0875,0.1904296875,1.0,0.0,1.0901061296463013,0.09010612964630127,1.0,0.0,1.0,0.0,1.0,0.0,1.0,0.0,1.0,0.0
0.0875,0.1923828125,1.0,0.0,1.0854312181472778,0.08543121814727783,1.0,0.0,1.0,0.0,1.0,0.0,1.0,0.0,1.0,0.0
0.0875,0.1943359375,1.0,0.0,1.080558180809021,0.080558180809021,1.0,0.0,1.0,0.0,1.0,0.0,1.0,0.0,1.0,0.0
0.0875,0.1962890625,1.0,0.0,1.0752452611923218,0.07524526119232178,1.0,0.0,1.0,0.0,1.0,0.0,1.0,0.0,1.0,0.0
0.0875,0.1982421875,1.0,0.0,1.0693042278289795,0.06930422782897949,1.0,0.0,1.0,0.0,1.0,0.0,1.0,0.0,1.0,0.0
0.0875,0.2001953125,1.0,0.0,1.0626426935195923,0.06264269351959229,1.0,0.0,1.0,0.0,1.0,0.0,1.0,0.0,1.0,0.0
0.0875,0.2021484375,1.0,0.0,1.0552946329116821,0.05529463291168213,1.0,0.0,1.0,0.0,1.0,0.0,1.0,0.0,1.0,0.0
0.0875,0.2041015625,1.0,0.0,1.0474281311035156,0.047428131103515625,1.0,0.0,1.0,0.0,1.0,0.0,1.0,0.0,1.0,0.0
0.0875,0.2060546875,1.0,0.0,1.039325475692749,0.03932547569274902,1.0,0.0,1.0,0.0,1.0,0.0,1.0,0.0,1.0,0.0
0.0875,0.2080078125,1.0,0.0,1.0313438177108765,0.031343817710876465,1.0,0.0,1.0,0.0,1.0,0.0,1.0,0.0,1.0,0.0
0.0875,0.2099609375,1.0,0.0,1.023871898651123,0.023871898651123047,1.0,0.0,1.0,0.0,1.0,0.0,1.0,0.0,1.0,0.0
0.0875,0.2119140625,1.0,0.0,1.0172922611236572,0.017292261123657227,1.0,0.0,1.0,0.0,1.0,0.0,1.0,0.0,1.0,0.0
0.0875,0.2138671875,1.0,0.0,1.0119545459747314,0.011954545974731445,1.0,0.0,1.0,0.0,1.0,0.0,1.0,0.0,1.0,0.0
0.0875,0.2158203125,1.0,0.0,1.0081541538238525,0.008154153823852539,1.0,0.0,1.0,0.0,1.0,0.0,1.0,0.0,1.0,0.0
0.0875,0.2177734375,1.0,0.0,1.0061118602752686,0.006111860275268555,1.0,0.0,1.0,0.0,1.0,0.0,1.0,0.0,1.0,0.0
0.0875,0.2197265625,1.0,0.0,1.0059497356414795,0.005949735641479492,1.0,0.0,1.0,0.0,1.0,0.0,1.0,0.0,1.0,0.0
0.0875,0.2216796875,1.0,0.0,1.0135588645935059,0.01355886459350586,1.0,0.0,1.0,0.0,1.0,0.0,1.0,0.0,1.0,0.0
0.0875,0.2236328125,1.0,0.0,1.0206973552703857,0.020697355270385742,1.0,0.0,1.0,0.0,1.0,0.0,1.0,0.0,1.0,0.0
0.0875,0.2255859375,1.0,0.0,1.0203086137771606,0.020308613777160645,1.0,0.0,1.0,0.0,1.0,0.0,1.0,0.0,1.0,0.0
0.0875,0.2275390625,1.0,0.0,1.0219100713729858,0.02191007137298584,1.0,0.0,1.0,0.0,1.0,0.0,1.0,0.0,1.0,0.0
0.0875,0.2294921875,1.0,0.0,1.0283209085464478,0.028320908546447754,1.0,0.0,1.0,0.0,1.0,0.0,1.0,0.0,1.0,0.0
0.0875,0.2314453125,1.0,0.0,1.0346674919128418,0.0346674919128418,1.0,0.0,1.0,0.0,1.0,0.0,1.0,0.0,1.0,0.0
0.0875,0.2333984375,1.0,0.0,1.0403804779052734,0.04038047790527344,1.0,0.0,1.0,0.0,1.0,0.0,1.0,0.0,1.0,0.0
0.0875,0.2353515625,1.0,0.0,1.044929027557373,0.04492902755737305,1.0,0.0,1.0,0.0,1.0,0.0,1.0,0.0,1.0,0.0
0.0875,0.2373046875,1.0,0.0,1.0478633642196655,0.04786336421966553,1.0,0.0,1.0,0.0,1.0,0.0,1.0,0.0,1.0,0.0
0.0875,0.2392578125,1.0,0.0,1.0488539934158325,0.04885399341583252,1.0,0.0,1.0,0.0,1.0,0.0,1.0,0.0,1.0,0.0
0.0875,0.2412109375,1.0,0.0,1.0477310419082642,0.04773104190826416,1.0,0.0,1.0,0.0,1.0,0.0,1.0,0.0,1.0,0.0
0.0875,0.2431640625,1.0,0.0,1.0445152521133423,0.044515252113342285,1.0,0.0,1.0,0.0,1.0,0.0,1.0,0.0,1.0,0.0
0.0875,0.2451171875,1.0,0.0,1.0394188165664673,0.039418816566467285,1.0,0.0,1.0,0.0,1.0,0.0,1.0,0.0,1.0,0.0
0.0875,0.2470703125,1.0,0.0,1.032819390296936,0.032819390296936035,1.0,0.0,1.0,0.0,1.0,0.0,1.0,0.0,1.0,0.0
0.0875,0.2490234375,1.0,0.0,1.0252039432525635,0.025203943252563477,1.0,0.0,1.0,0.0,1.0,0.0,1.0,0.0,1.0,0.0
0.0875,0.2509765625,1.0,0.0,1.0171045064926147,0.017104506492614746,1.0,0.0,1.0,0.0,1.0,0.0,1.0,0.0,1.0,0.0
0.0875,0.2529296875,1.0,0.0,1.0090394020080566,0.00903940200805664,1.0,0.0,1.0,0.0,1.0,0.0,1.0,0.0,1.0,0.0
0.0875,0.2548828125,1.0,0.0,1.001473307609558,0.0014733076095581055,1.0,0.0,1.0,0.0,1.0,0.0,1.0,0.0,1.0,0.0
0.0875,0.2568359375,1.0,0.0,0.9947942495346069,0.005205750465393066,1.0,0.0,1.0,0.0,1.0,0.0,1.0,0.0,1.0,0.0
0.0875,0.2587890625,1.0,0.0,0.9893006682395935,0.010699331760406494,1.0,0.0,1.0,0.0,1.0,0.0,1.0,0.0,1.0,0.0
0.0875,0.2607421875,1.0,0.0,0.9851967692375183,0.01480323076248169,1.0,0.0,1.0,0.0,1.0,0.0,1.0,0.0,1.0,0.0
0.0875,0.2626953125,1.0,0.0,0.9825854897499084,0.017414510250091553,1.0,0.0,1.0,0.0,1.0,0.0,1.0,0.0,1.0,0.0
0.0875,0.2646484375,1.0,0.0,0.9806349277496338,0.01936507225036621,1.0,0.0,1.0,0.0,1.0,0.0,1.0,0.0,1.0,0.0
0.0875,0.2666015625,1.0,0.0,0.9800522327423096,0.01994776725769043,1.0,0.0,1.0,0.0,1.0,0.0,1.0,0.0,1.0,0.0
0.0875,0.2685546875,1.0,0.0,0.9824188947677612,0.01758110523223877,1.0,0.0,1.0,0.0,1.0,0.0,1.0,0.0,1.0,0.0
0.0875,0.2705078125,1.0,0.0,0.985480546951294,0.014519453048706055,1.0,0.0,1.0,0.0,1.0,0.0,1.0,0.0,1.0,0.0
0.0875,0.2724609375,1.0,0.0,0.9883474111557007,0.011652588844299316,1.0,0.0,1.0,0.0,1.0,0.0,1.0,0.0,1.0,0.0
0.0875,0.2744140625,1.0,0.0,0.9913961291313171,0.008603870868682861,1.0,0.0,1.0,0.0,1.0,0.0,1.0,0.0,1.0,0.0
0.0875,0.2763671875,1.0,0.0,0.9942766427993774,0.005723357200622559,1.0,0.0,1.0,0.0,1.0,0.0,1.0,0.0,1.0,0.0
0.0875,0.2783203125,1.0,0.0,0.9966877698898315,0.003312230110168457,1.0,0.0,1.0,0.0,1.0,0.0,1.0,0.0,1.0,0.0
0.0875,0.2802734375,1.0,0.0,0.9984025359153748,0.0015974640846252441,1.0,0.0,1.0,0.0,1.0,0.0,1.0,0.0,1.0,0.0
0.0875,0.2822265625,1.0,0.0,0.9992875456809998,0.0007124543190002441,1.0,0.0,1.0,0.0,1.0,0.0,1.0,0.0,1.0,0.0
0.0875,0.2841796875,1.0,0.0,0.999314546585083,0.0006854534149169922,1.0,0.0,1.0,0.0,1.0,0.0,1.0,0.0,1.0,0.0
0.0875,0.2861328125,1.0,0.0,0.9985620975494385,0.0014379024505615234,1.0,0.0,1.0,0.0,1.0,0.0,1.0,0.0,1.0,0.0
0.0875,0.2880859375,1.0,0.0,0.9972107410430908,0.0027892589569091797,1.0,0.0,1.0,0.0,1.0,0.0,1.0,0.0,1.0,0.0
0.0875,0.2900390625,1.0,0.0,0.9955305457115173,0.004469454288482666,1.0,0.0,1.0,0.0,1.0,0.0,1.0,0.0,1.0,0.0
0.0875,0.2919921875,1.0,0.0,0.9938586950302124,0.006141304969787598,1.0,0.0,1.0,0.0,1.0,0.0,1.0,0.0,1.0,0.0
0.0875,0.2939453125,1.0,0.0,0.9925737380981445,0.007426261901855469,1.0,0.0,1.0,0.0,1.0,0.0,1.0,0.0,1.0,0.0
0.0875,0.2958984375,1.0,0.0,0.9920603632926941,0.007939636707305908,1.0,0.0,1.0,0.0,1.0,0.0,1.0,0.0,1.0,0.0
0.0875,0.2978515625,1.0,0.0,0.9926705360412598,0.007329463958740234,1.0,0.0,1.0,0.0,1.0,0.0,1.0,0.0,1.0,0.0
0.0875,0.2998046875,1.0,0.0,0.9946876168251038,0.00531238317489624,1.0,0.0,1.0,0.0,1.0,0.0,1.0,0.0,1.0,0.0
0.0875,0.3017578125,1.0,0.0,0.9982942342758179,0.001705765724182129,1.0,0.0,1.0,0.0,1.0,0.0,1.0,0.0,1.0,0.0
0.0875,0.3037109375,1.0,0.0,1.0035557746887207,0.003555774688720703,1.0,0.0,1.0,0.0,1.0,0.0,1.0,0.0,1.0,0.0
0.0875,0.3056640625,1.0,0.0,1.0104175806045532,0.010417580604553223,1.0,0.0,1.0,0.0,1.0,0.0,1.0,0.0,1.0,0.0
0.0875,0.3076171875,1.0,0.0,1.0187187194824219,0.018718719482421875,1.0,0.0,1.0,0.0,1.0,0.0,1.0,0.0,1.0,0.0
0.0875,0.3095703125,1.0,0.0,1.0282080173492432,0.028208017349243164,1.0,0.0,1.0,0.0,1.0,0.0,1.0,0.0,1.0,0.0
0.0875,0.3115234375,1.0,0.0,1.0385671854019165,0.038567185401916504,1.0,0.0,1.0,0.0,1.0,0.0,1.0,0.0,1.0,0.0
0.0875,0.3134765625,1.0,0.0,1.0494240522384644,0.049424052238464355,1.0,0.0,1.0,0.0,1.0,0.0,1.0,0.0,1.0,0.0
0.0875,0.3154296875,1.0,0.0,1.060363531112671,0.0603635311126709,1.0,0.0,1.0,0.0,1.0,0.0,1.0,0.0,1.0,0.0
0.0875,0.3173828125,1.0,0.0,1.0607606172561646,0.06076061725616455,1.0,0.0,1.0,0.0,1.0,0.0,1.0,0.0,1.0,0.0
0.0875,0.3193359375,1.0,0.0,1.0535157918930054,0.05351579189300537,1.0,0.0,1.0,0.0,1.0,0.0,1.0,0.0,1.0,0.0
0.0875,0.3212890625,1.0,0.0,1.044766902923584,0.044766902923583984,1.0,0.0,1.0,0.0,1.0,0.0,1.0,0.0,1.0,0.0
0.0875,0.3232421875,1.0,0.0,1.034690499305725,0.0346904993057251,1.0,0.0,1.0,0.0,1.0,0.0,1.0,0.0,1.0,0.0
0.0875,0.3251953125,1.0,0.0,1.023603081703186,0.023603081703186035,1.0,0.0,1.0,0.0,1.0,0.0,1.0,0.0,1.0,0.0
0.0875,0.3271484375,1.0,0.0,1.0119529962539673,0.011952996253967285,1.0,0.0,1.0,0.0,1.0,0.0,1.0,0.0,1.0,0.0
0.0875,0.3291015625,1.0,0.0,1.004813313484192,0.0048133134841918945,1.0,0.0,1.0,0.0,1.0,0.0,1.0,0.0,1.0,0.0
0.0875,0.3310546875,1.0,0.0,1.00662100315094,0.006621003150939941,1.0,0.0,1.0,0.0,1.0,0.0,1.0,0.0,1.0,0.0
0.0875,0.3330078125,1.0,0.0,1.0082217454910278,0.008221745491027832,1.0,0.0,1.0,0.0,1.0,0.0,1.0,0.0,1.0,0.0
0.0875,0.3349609375,1.0,0.0,1.0097153186798096,0.00971531867980957,1.0,0.0,1.0,0.0,1.0,0.0,1.0,0.0,1.0,0.0
0.0875,0.3369140625,1.0,0.0,1.0111697912216187,0.011169791221618652,1.0,0.0,1.0,0.0,1.0,0.0,1.0,0.0,1.0,0.0
0.0875,0.3388671875,1.0,0.0,1.01260244846344,0.012602448463439941,1.0,0.0,1.0,0.0,1.0,0.0,1.0,0.0,1.0,0.0
0.0875,0.3408203125,1.0,0.0,1.013971209526062,0.013971209526062012,1.0,0.0,1.0,0.0,1.0,0.0,1.0,0.0,1.0,0.0
0.0875,0.3427734375,1.0,0.0,1.0151814222335815,0.015181422233581543,1.0,0.0,1.0,0.0,1.0,0.0,1.0,0.0,1.0,0.0
0.0875,0.3447265625,1.0,0.0,1.0161069631576538,0.01610696315765381,1.0,0.0,1.0,0.0,1.0,0.0,1.0,0.0,1.0,0.0
0.0875,0.3466796875,1.0,0.0,1.0166246891021729,0.01662468910217285,1.0,0.0,1.0,0.0,1.0,0.0,1.0,0.0,1.0,0.0
0.0875,0.3486328125,1.0,0.0,1.01665198802948,0.01665198802947998,1.0,0.0,1.0,0.0,1.0,0.0,1.0,0.0,1.0,0.0
0.0875,0.3505859375,1.0,0.0,1.0161796808242798,0.016179680824279785,1.0,0.0,1.0,0.0,1.0,0.0,1.0,0.0,1.0,0.0
0.0875,0.3525390625,1.0,0.0,1.0152910947799683,0.015291094779968262,1.0,0.0,1.0,0.0,1.0,0.0,1.0,0.0,1.0,0.0
0.0875,0.3544921875,1.0,0.0,1.0319349765777588,0.03193497657775879,1.0,0.0,1.0,0.0,1.0,0.0,1.0,0.0,1.0,0.0
0.0875,0.3564453125,1.0,0.0,1.0487991571426392,0.04879915714263916,1.0,0.0,1.0,0.0,1.0,0.0,1.0,0.0,1.0,0.0
0.0875,0.3583984375,1.0,0.0,1.0642902851104736,0.06429028511047363,1.0,0.0,1.0,0.0,1.0,0.0,1.0,0.0,1.0,0.0
0.0875,0.3603515625,1.0,0.0,1.0775940418243408,0.07759404182434082,1.0,0.0,1.0,0.0,1.0,0.0,1.0,0.0,1.0,0.0
0.0875,0.3623046875,1.0,0.0,1.088343620300293,0.08834362030029297,1.0,0.0,1.0,0.0,1.0,0.0,1.0,0.0,1.0,0.0
0.0875,0.3642578125,1.0,0.0,1.0965062379837036,0.09650623798370361,1.0,0.0,1.0,0.0,1.0,0.0,1.0,0.0,1.0,0.0
0.0875,0.3662109375,1.0,0.0,1.1021509170532227,0.10215091705322266,1.0,0.0,1.0,0.0,1.0,0.0,1.0,0.0,1.0,0.0
0.0875,0.3681640625,1.0,0.0,1.1052199602127075,0.10521996021270752,1.0,0.0,1.0,0.0,1.0,0.0,1.0,0.0,1.0,0.0
0.0875,0.3701171875,1.0,0.0,1.1054062843322754,0.10540628433227539,1.0,0.0,1.0,0.0,1.0,0.0,1.0,0.0,1.0,0.0
0.0875,0.3720703125,1.0,0.0,1.102178931236267,0.10217893123626709,1.0,0.0,1.0,0.0,1.0,0.0,1.0,0.0,1.0,0.0
0.0875,0.3740234375,1.0,0.0,1.0949536561965942,0.09495365619659424,1.0,0.0,1.0,0.0,1.0,0.0,1.0,0.0,1.0,0.0
0.0875,0.3759765625,1.0,0.0,1.083358883857727,0.08335888385772705,1.0,0.0,1.0,0.0,1.0,0.0,1.0,0.0,1.0,0.0
0.0875,0.3779296875,1.0,0.0,1.0675047636032104,0.06750476360321045,1.0,0.0,1.0,0.0,1.0,0.0,1.0,0.0,1.0,0.0
0.0875,0.3798828125,1.0,0.0,1.0481313467025757,0.048131346702575684,1.0,0.0,1.0,0.0,1.0,0.0,1.0,0.0,1.0,0.0
0.0875,0.3818359375,1.0,0.0,1.0265480279922485,0.026548027992248535,1.0,0.0,1.0,0.0,1.0,0.0,1.0,0.0,1.0,0.0
0.0875,0.3837890625,1.0,0.0,1.0086482763290405,0.008648276329040527,1.0,0.0,1.0,0.0,1.0,0.0,1.0,0.0,1.0,0.0
0.0875,0.3857421875,1.0,0.0,1.006346583366394,0.006346583366394043,1.0,0.0,1.0,0.0,1.0,0.0,1.0,0.0,1.0,0.0
0.0875,0.3876953125,1.0,0.0,1.0039350986480713,0.003935098648071289,1.0,0.0,1.0,0.0,1.0,0.0,1.0,0.0,1.0,0.0
0.0875,0.3896484375,1.0,0.0,1.001560926437378,0.0015609264373779297,1.0,0.0,1.0,0.0,1.0,0.0,1.0,0.0,1.0,0.0
0.0875,0.3916015625,1.0,0.0,0.9993864893913269,0.0006135106086730957,1.0,0.0,1.0,0.0,1.0,0.0,1.0,0.0,1.0,0.0
0.0875,0.3935546875,1.0,0.0,0.9975841045379639,0.002415895462036133,1.0,0.0,1.0,0.0,1.0,0.0,1.0,0.0,1.0,0.0
0.0875,0.3955078125,1.0,0.0,0.9963255524635315,0.003674447536468506,1.0,0.0,1.0,0.0,1.0,0.0,1.0,0.0,1.0,0.0
0.0875,0.3974609375,1.0,0.0,0.9957597851753235,0.004240214824676514,1.0,0.0,1.0,0.0,1.0,0.0,1.0,0.0,1.0,0.0
0.0875,0.3994140625,1.0,0.47690166145388324,0.9959837198257446,0.004016280174255371,1.01283542466627,0.012835424666270079,1.0032088561665675,0.0032088561665675197,1.003205600545887,0.003205600545886922,1.0026529453267785,0.002652945326778511,1.0,0.0
0.0875,0.4013671875,1.0,0.47690166145388324,0.9970090985298157,0.002990901470184326,1.01283542466627,0.012835424666270079,1.0096265684997026,0.009626568499702559,1.0096053887633496,0.009605388763349598,1.0060100399855083,0.006010039985508309,1.0,0.0
0.0875,0.4033203125,1.0,0.47690166145388324,0.9986322522163391,0.0013677477836608887,1.01283542466627,0.012835424666270079,1.0160442808328376,0.0160442808328376,1.0160051769808123,0.016005176980812275,1.009367134644238,0.009367134644238106,1.0,0.0
0.0875,0.4052734375,1.0,0.47690166145388324,0.9949645400047302,0.005035459995269775,1.01283542466627,0.012835424666270079,1.0224619931659726,0.022461993165972638,1.0225255323750313,0.0225255323750313,1.0333115787085552,0.03331157870855517,1.0,0.0
0.0875,0.4072265625,1.0,0.3574629298017447,0.9937632083892822,0.0062367916107177734,1.2214104839990403,0.2214104839990403,1.125403940765521,0.12540394076552097,1.125315530085105,0.125315530085105,1.0886475015014252,0.0886475015014252,1.0,0.0
0.0875,0.4091796875,1.0,0.3574629298017447,0.9946147799491882,0.005385220050811768,1.2214104839990403,0.2214104839990403,1.1894083029212004,0.18940830292120037,1.1892648606731382,0.1892648606731382,1.1297726768408436,0.1297726768408436,1.0,0.0
0.0875,0.4111328125,1.0,0.3574629298017447,0.9969212412834167,0.003078758716583252,1.2214104839990403,0.2214104839990403,1.2534126650768802,0.2534126650768802,1.2534091043498903,0.2534091043498903,1.2519323049583055,0.25193230495830554,1.0828109800979124,0.08281098009791243
0.0875,0.4130859375,1.6019442880567492,0.3574629298017447,0.999965250492096,0.6019790375646532,1.2214104839990403,0.38053380405770887,1.3174170272325596,0.28452726082418955,1.3176524408880277,0.28429184716872147,1.4152894526955868,0.18665483536116234,1.3885411241375394,0.21340316391920977
0.0875,0.4150390625,1.6019442880567492,0.01473019937145072,1.0029975175857544,0.5989467704709948,1.524870321911707,0.07707396614504214,1.4920457808857899,0.10989850717095928,1.4920436908347916,0.10990059722195755,1.4883302381619443,0.11361404989480484,1.5486059668316963,0.05333832122505289
0.0875,0.4169921875,1.6019442880567492,0.01473019937145072,1.0053304433822632,0.596613844674486,1.524870321911707,0.07707396614504214,1.5139288082364013,0.08801547982034785,1.5139296862421305,0.08801460181461862,1.5154896638334086,0.0864546242233406,1.6209811962483123,0.019036908191563118
0.0875,0.4189453125,1.6019442880567492,0.01473019937145072,1.0023131370544434,0.5996311510023058,1.524870321911707,0.07707396614504214,1.5358118355870127,0.06613245246973642,1.5358125322706788,0.06613175578607033,1.5370503498282946,0.06489393822845457,1.613368491776738,0.011424203719988757
0.0875,0.4208984375,1.6019442880567492,0.01473019937145072,0.9972451329231262,0.6046991551336229,1.524870321911707,0.07707396614504214,1.5576948629376242,0.044249425119125,1.557695378299227,0.04424890975752205,1.5586110358231806,0.04333325223356854,1.5916906830086717,0.010253605048077485
0.0875,0.4228515625,1.6019442880567492,0.0003982633217171027,0.9905318021774292,0.61141248587932,1.5686363766129299,0.03330791144381928,1.5686363766129299,0.03330791144381928,1.5686363766129299,0.03330791144381928,1.5686363766129299,0.03330791144381928,1.5903618545799891,0.011582433476760023
0.0875,0.4248046875,1.6019442880567492,0.0003982633217171027,0.9822482466697693,0.6196960413869799,1.5686363766129299,0.03330791144381928,1.5686363766129299,0.03330791144381928,1.5686363766129299,0.03330791144381928,1.5686363766129299,0.03330791144381928,1.6049773929049271,0.003033104848177981
0.0875,0.4267578125,1.6019442880567492,0.0003982633217171027,0.9725539088249207,0.6293903792318285,1.5686363766129299,0.03330791144381928,1.5686363766129299,0.03330791144381928,1.5686363766129299,0.03330791144381928,1.5686363766129299,0.03330791144381928,1.6094859579998948,0.007541669943145646
0.0875,0.4287109375,1.6019442880567492,0.0003982633217171027,0.961701512336731,0.6402427757200182,1.5686363766129299,0.03330791144381928,1.5686363766129299,0.03330791144381928,1.5686363766129299,0.03330791144381928,1.5686363766129299,0.03330791144381928,1.602938598173162,0.000994310116412933
0.0875,0.4306640625,1.6019442880567492,0.00030450017743055715,0.9500407576560974,0.6519035304006517,1.608316235229414,0.006371947172664871,1.60352449361631,0.0015802055595608433,1.6035244943660896,0.001580206309340415,1.6035259527024814,0.0015816646457322836,1.5973883800201407,0.004555908036608436
0.0875,0.4326171875,1.6019442880567492,0.00030450017743055715,0.9380133152008057,0.6639309728559435,1.608316235229414,0.006371947172664871,1.606718988025046,0.004774699968296936,1.6067189882749726,0.00477470021822346,1.6067194743871032,0.004775186330354009,1.599655200143066,0.0022890879136832076
0.0875,0.4345703125,1.6019442880567492,0.00030450017743055715,0.9261313080787659,0.6758129799779833,1.608316235229414,0.006371947172664871,1.609913482433782,0.007969194377032807,1.6099134821838554,0.007969194127106283,1.6099129960717249,0.007968708014975734,1.603854506492341,0.001910218435591915
0.0875,0.4365234375,1.6019442880567492,0.00030450017743055715,0.9149395227432251,0.6870047653135241,1.608316235229414,0.006371947172664871,1.613107976842518,0.0111636887857689,1.6131079760927385,0.011163688035989328,1.6131065177563466,0.011162229699597459,1.603649641979295,0.0017053539225457826
0.0875,0.4384765625,1.6019442880567492,0.0,0.9049633145332336,0.6969809735235155,1.614705224046886,0.012760935990136835,1.614705224046886,0.012760935990136835,1.614705224046886,0.012760935990136835,1.614705224046886,0.012760935990136835,1.6016167897753424,0.0003274982814067684
0.0875,0.4404296875,1.6019442880567492,0.0,0.899336040019989,0.7026082480367601,1.614705224046886,0.012760935990136835,1.614705224046886,0.012760935990136835,1.614705224046886,0.012760935990136835,1.614705224046886,0.012760935990136835,1.6007344033252373,0.0012098847315118455
0.0875,0.4423828125,1.6019442880567492,0.0,0.9073802828788757,0.6945640051778734,1.614705224046886,0.012760935990136835,1.614705224046886,0.012760935990136835,1.614705224046886,0.012760935990136835,1.614705224046886,0.012760935990136835,1.6014668200314846,0.00047746802526460463
0.0875,0.4443359375,1.6019442880567492,0.0,0.9179053902626038,0.6840388977941454,1.614705224046886,0.012760935990136835,1.614705224046886,0.012760935990136835,1.614705224046886,0.012760935990136835,1.614705224046886,0.012760935990136835,1.6025947027280854,0.0006504146713361969
0.0875,0.4462890625,1.6019442880567492,0.0,0.9304415583610535,0.6715027296956957,1.6026479163104788,0.0007036282537296046,1.607019445320188,0.005075157263438879,1.607020211673302,0.0050759236165527355,1.607019445320188,0.005075157263438879,1.6024767605624552,0.0005324725057060942
0.0875,0.4482421875,1.6019442880567492,0.0,0.9444782733917236,0.6574660146650255,1.6026479163104788,0.0007036282537296046,1.6041050926470486,0.0021608045902994366,1.6041075407349736,0.002163252678224481,1.6041050926470486,0.0021608045902994366,1.6017083776523062,0.00023591040444292943
0.0875,0.4501953125,1.6019442880567492,0.0,0.9512442350387573,0.6507000530179918,1.6026479163104788,0.0007036282537296046,1.601190739973909,0.0007535480828402275,1.6011908508332768,0.0007534372234723197,1.601190739973909,0.0007535480828402275,1.6015163297351265,0.000427958321622679
0.0875,0.4521484375,1.6019442880567492,0.0,0.956885039806366,0.6450592482503832,1.6026479163104788,0.0007036282537296046,1.5982763873007695,0.0036679007559796695,1.5982730620003625,0.0036712260563867005,1.5982763873007695,0.0036679007559796695,1.6019549144431384,1.0626386389267495e-05
0.0875,0.4541015625,1.6019442880567492,0.0,0.96384197473526,0.6381023133214891,1.5913904026617693,0.010553885394979812,1.5913904026617693,0.010553885394979812,1.5913904026617693,0.010553885394979812,1.5913904026617693,0.010553885394979812,1.6021807434448128,0.00023645538806360555
0.0875,0.4560546875,1.6019442880567492,0.0,0.9718378186225891,0.63010646943416,1.5913904026617693,0.010553885394979812,1.5913904026617693,0.010553885394979812,1.5913904026617693,0.010553885394979812,1.5913904026617693,0.010553885394979812,1.602062223537484,0.00011793548073479876
0.0875,0.4580078125,1.6019442880567492,0.0,0.9805766940116882,0.6213675940450609,1.5913904026617693,0.010553885394979812,1.5913904026617693,0.010553885394979812,1.5913904026617693,0.010553885394979812,1.5913904026617693,0.010553885394979812,1.601827061298219,0.0001172267585300979
0.0875,0.4599609375,1.6019442880567492,0.0,0.9897562265396118,0.6121880615171373,1.5913904026617693,0.010553885394979812,1.5913904026617693,0.010553885394979812,1.5913904026617693,0.010553885394979812,1.5913904026617693,0.010553885394979812,1.601885486159927,5.88018968221693e-05
0.0875,0.4619140625,1.6019442880567492,0.0,0.9990819096565247,0.6028623784002245,1.5924825697626936,0.00946171829405551,1.5916634444370004,0.010280843619748792,1.59166370167091,0.010280586385839063,1.5916634444370004,0.010280843619748792,1.6019662248668052,2.1936810056022438e-05
0.0875,0.4638671875,1.6019442880567492,0.0,1.008291244506836,0.5936530435499132,1.5924825697626936,0.00946171829405551,1.5922095279874626,0.00973476006928653,1.5922096137320991,0.009734674324650028,1.5922095279874626,0.00973476006928653,1.6020272595270773,8.297147032809704e-05
0.0875,0.4658203125,1.6019442880567492,0.0,1.017186164855957,0.5847581232007921,1.5924825697626936,0.00946171829405551,1.5927556115379247,0.00918867651882449,1.5927555257932882,0.009188762263460992,1.5927556115379247,0.00918867651882449,1.6019615031994534,1.7215142704252173e-05
0.0875,0.4677734375,1.6019442880567492,0.0,1.0256626605987549,0.5762816274579943,1.5924825697626936,0.00946171829405551,1.593301695088387,0.008642592968362228,1.5933014378544772,0.008642850202271957,1.593301695088387,0.008642592968362228,1.6019077183280097,3.6569728739443974e-05
0.0875,0.4697265625,1.6019442880567492,0.0,1.0337181091308594,0.5682261789258898,1.6037650796761793,0.001820791619430162,1.6037650796761793,0.001820791619430162,1.6037650796761793,0.001820791619430162,1.6037650796761793,0.001820791619430162,1.6018705441790142,7.374387773495528e-05
0.0875,0.4716796875,1.6019442880567492,0.0,1.041431188583374,0.5605130994733751,1.6037650796761793,0.001820791619430162,1.6037650796761793,0.001820791619430162,1.6037650796761793,0.001820791619430162,1.6037650796761793,0.001820791619430162,1.6018856735505886,5.861450616051478e-05
0.0875,0.4736328125,1.6019442880567492,0.0,1.0489203929901123,0.5530238950666369,1.6037650796761793,0.001820791619430162,1.6037650796761793,0.001820791619430162,1.6037650796761793,0.001820791619430162,1.6037650796761793,0.001820791619430162,1.6018191659284766,0.00012512212827253677
0.0875,0.4755859375,1.6019442880567492,0.0,1.0563007593154907,0.5456435287412584,1.6037650796761793,0.001820791619430162,1.6037650796761793,0.001820791619430162,1.6037650796761793,0.001820791619430162,1.6037650796761793,0.001820791619430162,1.6017440291238987,0.00020025893285047225
0.0875,0.4775390625,1.6019442880567492,0.0,1.063655972480774,0.5382883155759752,1.608188825871623,0.006244537814873885,1.608188825871623,0.006244537814873885,1.608188825871623,0.006244537814873885,1.608188825871623,0.006244537814873885,1.601602954950342,0.00034133310640704906
0.0875,0.4794921875,1.6019442880567492,0.0,1.0710318088531494,0.5309124792035997,1.608188825871623,0.006244537814873885,1.608188825871623,0.006244537814873885,1.608188825871623,0.006244537814873885,1.608188825871623,0.006244537814873885,1.601507912197895,0.0004363758588541433
0.0875,0.4814453125,1.6019442880567492,0.0,1.0784484148025513,0.5234958732541979,1.608188825871623,0.006244537814873885,1.608188825871623,0.006244537814873885,1.608188825871623,0.006244537814873885,1.608188825871623,0.006244537814873885,1.6013035116478125,0.0006407764089366719
0.0875,0.4833984375,1.6019442880567492,0.0,1.0859233140945435,0.5160209739622057,1.608188825871623,0.006244537814873885,1.608188825871623,0.006244537814873885,1.608188825871623,0.006244537814873885,1.608188825871623,0.006244537814873885,1.601086268338625,0.0008580197181240479
0.0875,0.4853515625,1.6019442880567492,0.0,1.093503475189209,0.5084408128675402,1.5988726601663639,0.0030716278903852867,1.6056808501889368,0.0037365621321876485,1.605681065810224,0.003736777753474918,1.6056808501889368,0.0037365621321876485,1.600741616364168,0.0012026716925812586
0.0875,0.4873046875,1.6019442880567492,0.0,1.1012934446334839,0.5006508434232653,1.5988726601663639,0.0030716278903852867,1.6011420568405548,0.0008022312161943823,1.6011426459864861,0.0008016420702630089,1.6011420568405548,0.0008022312161943823,1.6004913190432437,0.0014529690135054452
0.0875,0.4892578125,1.6019442880567492,0.0,1.1094696521759033,0.49247463588084583,1.5988726601663639,0.0030716278903852867,1.596603263492173,0.005341024564576191,1.5966037466701675,0.0053405413865816875,1.596603263492173,0.005341024564576191,1.6002793502363046,0.001664937820444523
0.0875,0.4912109375,1.6019442880567492,0.0,1.118268370628357,0.4836759174283922,1.5988726601663639,0.0030716278903852867,1.592064470143791,0.009879817912958222,1.5920631821985778,0.009881105858171368,1.592064470143791,0.009879817912958222,1.6003063669695976,0.0016379210871515504
0.0875,0.4931640625,1.6019442880567492,0.0,1.1279429197311401,0.474001368325609,1.571878479084567,0.03006580897218214,1.571878479084567,0.03006580897218214,1.571878479084567,0.03006580897218214,1.571878479084567,0.03006580897218214,1.6005635659731008,0.001380722083648367
0.0875,0.4951171875,1.6019442880567492,0.0,1.1387048959732056,0.4632393920835436,1.571878479084567,0.03006580897218214,1.571878479084567,0.03006580897218214,1.571878479084567,0.03006580897218214,1.571878479084567,0.03006580897218214,1.6006546043002172,0.0012896837565319341
0.0875,0.4970703125,1.6019442880567492,0.0,1.1506633758544922,0.45128091220225697,1.571878479084567,0.03006580897218214,1.571878479084567,0.03006580897218214,1.571878479084567,0.03006580897218214,1.571878479084567,0.03006580897218214,1.598826399810367,0.003117888246382261
0.0875,0.4990234375,1.6019442880567492,0.0,1.1637845039367676,0.4381597841199816,1.571878479084567,0.03006580897218214,1.571878479084567,0.03006580897218214,1.571878479084567,0.03006580897218214,1.571878479084567,0.03006580897218214,1.577119424376597,0.024824863680152243
0.0875,0.5009765625,1.6019442880567492,0.0,1.411820888519287,0.19012339953746205,1.571878479084567,0.03006580897218214,1.571878479084567,0.03006580897218214,1.571878479084567,0.03006580897218214,1.571878479084567,0.03006580897218214,1.5771194243765958,0.024824863680153353
0.0875,0.5029296875,1.6019442880567492,0.0,1.4273144006729126,0.17462988738383656,1.571878479084567,0.03006580897218214,1.571878479084567,0.03006580897218214,1.571878479084567,0.03006580897218214,1.571878479084567,0.03006580897218214,1.59882639981036,0.0031178882463891444
0.0875,0.5048828125,1.6019442880567492,0.0,1.4391239881515503,0.16282029990519886,1.571878479084567,0.03006580897218214,1.571878479084567,0.03006580897218214,1.571878479084567,0.03006580897218214,1.571878479084567,0.03006580897218214,1.60065460430021,0.0012896837565392616
0.0875,0.5068359375,1.6019442880567492,0.0,1.4469393491744995,0.15500493888224964,1.571878479084567,0.03006580897218214,1.571878479084567,0.03006580897218214,1.571878479084567,0.03006580897218214,1.571878479084567,0.03006580897218214,1.6005635659731008,0.001380722083648367
0.0875,0.5087890625,1.6019442880567492,0.0,1.4507288932800293,0.15121539477671986,1.5988726601663643,0.0030716278903848426,1.5920644701437912,0.009879817912958,1.592062655726632,0.009881632330117185,1.5920644701437912,0.009879817912958,1.600306366969595,0.001637921087154215
0.0875,0.5107421875,1.6019442880567492,0.0,1.4506715536117554,0.15127273444499378,1.5988726601663643,0.0030716278903848426,1.5966032634921732,0.005341024564575969,1.5966039441783044,0.005340343878444731,1.5966032634921732,0.005341024564575969,1.6002793502363057,0.0016649378204434129
0.0875,0.5126953125,1.6019442880567492,0.0,1.448215365409851,0.15372892264689808,1.5988726601663643,0.0030716278903848426,1.6011420568405554,0.0008022312161937162,1.6011428868110202,0.0008014012457289166,1.6011420568405554,0.0008022312161937162,1.6004913190432457,0.0014529690135034468
0.0875,0.5146484375,1.6019442880567492,0.0,1.450610876083374,0.15133341197337513,1.5988726601663643,0.0030716278903848426,1.6056808501889375,0.0037365621321883147,1.6056811539495006,0.003736865892751462,1.6056808501889375,0.0037365621321883147,1.600741616364174,0.0012026716925752634
0.0875,0.5166015625,1.6019442880567492,0.0,1.448244571685791,0.15369971637095814,1.6081888258716237,0.006244537814874551,1.6081888258716237,0.006244537814874551,1.6081888258716237,0.006244537814874551,1.6081888258716237,0.006244537814874551,1.6010862683386262,0.0008580197181229376
0.0875,0.5185546875,1.6019442880567492,0.0,1.4409289360046387,0.16101535205211048,1.6081888258716237,0.006244537814874551,1.6081888258716237,0.006244537814874551,1.6081888258716237,0.006244537814874551,1.6081888258716237,0.006244537814874551,1.6013035116478114,0.0006407764089377821
0.0875,0.5205078125,1.6019442880567492,0.0,1.428705096244812,0.17323919181193714,1.6081888258716237,0.006244537814874551,1.6081888258716237,0.006244537814874551,1.6081888258716237,0.006244537814874551,1.6081888258716237,0.006244537814874551,1.6015079121978846,0.0004363758588645794
0.0875,0.5224609375,1.6019442880567492,0.0,1.411926031112671,0.19001825694407826,1.6081888258716237,0.006244537814874551,1.6081888258716237,0.006244537814874551,1.6081888258716237,0.006244537814874551,1.6081888258716237,0.006244537814874551,1.6016029549503374,0.000341333106411712
0.0875,0.5244140625,1.6019442880567492,0.0,1.3913248777389526,0.21061941031779652,1.6037650796761782,0.0018207916194290519,1.6037650796761782,0.0018207916194290519,1.6037650796761782,0.0018207916194290519,1.6037650796761782,0.0018207916194290519,1.6017440291239007,0.00020025893284847385
0.0875,0.5263671875,1.6019442880567492,0.0,1.3680251836776733,0.23391910437907582,1.6037650796761782,0.0018207916194290519,1.6037650796761782,0.0018207916194290519,1.6037650796761782,0.0018207916194290519,1.6037650796761782,0.0018207916194290519,1.6018191659284755,0.000125122128273647
0.0875,0.5283203125,1.6019442880567492,0.0,1.3439050912857056,0.2580391967710436,1.6037650796761782,0.0018207916194290519,1.6037650796761782,0.0018207916194290519,1.6037650796761782,0.0018207916194290519,1.6037650796761782,0.0018207916194290519,1.6018856735505902,5.8614506158960467e-05
0.0875,0.5302734375,1.6019442880567492,0.0,1.3307360410690308,0.2712082469877184,1.6037650796761782,0.0018207916194290519,1.6037650796761782,0.0018207916194290519,1.6037650796761782,0.0018207916194290519,1.6037650796761782,0.0018207916194290519,1.6018705441790144,7.374387773473323e-05
0.0875,0.5322265625,1.6019442880567492,0.0,1.3199667930603027,0.2819774949964464,1.5924825697626914,0.00946171829405773,1.593301695088383,0.008642592968366225,1.593301623559655,0.008642664497094055,1.593301695088383,0.008642592968366225,1.6019077183280117,3.656972873744557e-05
0.0875,0.5341796875,1.6019442880567492,0.0,1.3123910427093506,0.28955324534739857,1.5924825697626914,0.00946171829405773,1.592755611537922,0.009188676518827155,1.5927555876950128,0.009188700361736357,1.592755611537922,0.009188676518827155,1.601961503199452,1.7215142702919906e-05
0.0875,0.5361328125,1.6019442880567492,0.0,1.3087621927261353,0.2931820953306139,1.5924825697626914,0.00946171829405773,1.5922095279874608,0.009734760069288306,1.59220955183037,0.009734736226379104,1.5922095279874608,0.009734760069288306,1.6020272595270693,8.297147032010344e-05
0.0875,0.5380859375,1.6019442880567492,0.0,1.309728980064392,0.29221530799235707,1.5924825697626914,0.00946171829405773,1.591663444437,0.010280843619749236,1.5916635159657277,0.010280772091021406,1.591663444437,0.010280843619749236,1.6019662248668034,2.193681005424608e-05
0.0875,0.5400390625,1.6019442880567492,0.0,1.3157556056976318,0.2861886823591173,1.5913904026617693,0.010553885394979812,1.5913904026617693,0.010553885394979812,1.5913904026617693,0.010553885394979812,1.5913904026617693,0.010553885394979812,1.601885486159932,5.880189681706227e-05
0.0875,0.5419921875,1.6019442880567492,0.0,1.3270472288131714,0.27489705924357777,1.5913904026617693,0.010553885394979812,1.5913904026617693,0.010553885394979812,1.5913904026617693,0.010553885394979812,1.5913904026617693,0.010553885394979812,1.6018270612982168,0.00011722675853231834
0.0875,0.5439453125,1.6019442880567492,0.0,1.3434845209121704,0.25845976714457874,1.5913904026617693,0.010553885394979812,1.5913904026617693,0.010553885394979812,1.5913904026617693,0.010553885394979812,1.5913904026617693,0.010553885394979812,1.6020622235374806,0.00011793548073146809
0.0875,0.5458984375,1.6019442880567492,0.0,1.3645795583724976,0.2373647296842516,1.5913904026617693,0.010553885394979812,1.5913904026617693,0.010553885394979812,1.5913904026617693,0.010553885394979812,1.5913904026617693,0.010553885394979812,1.6021807434448108,0.00023645538806160715
0.0875,0.5478515625,1.6019442880567492,0.0,1.3894795179367065,0.2124647701200426,1.6026479163104803,0.0007036282537311589,1.598276387300771,0.003667900755978115,1.598276345888625,0.00366794216812405,1.598276387300771,0.003667900755978115,1.601954914443137,1.0626386387935227e-05
0.0875,0.5498046875,1.6019442880567492,0.0,1.4170291423797607,0.1849151456769884,1.6026479163104803,0.0007036282537311589,1.6011907399739105,0.0007535480828386731,1.6011907413545148,0.0007535467022343756,1.6011907399739105,0.0007535480828386731,1.60151632973513,0.0004279583216191263
0.0875,0.5517578125,1.6019442880567492,0.0,1.4459173679351807,0.1560269201215685,1.6026479163104803,0.0007036282537311589,1.6041050926470501,0.002160804590300991,1.604105123134694,0.002160835077944956,1.6041050926470501,0.002160804590300991,1.6017083776523027,0.00023591040444648215
0.0875,0.5537109375,1.6019442880567492,0.0,1.474883794784546,0.12706049327220326,1.6026479163104803,0.0007036282537311589,1.6070194453201896,0.005075157263440433,1.6070194548640873,0.005075166807338105,1.6070194453201896,0.005075157263440433,1.6024767605624555,0.0005324725057063162
0.0875,0.5556640625,1.6019442880567492,0.0,1.5029242038726807,0.09902008418406849,1.614705224046886,0.012760935990136835,1.614705224046886,0.012760935990136835,1.614705224046886,0.012760935990136835,1.614705224046886,0.012760935990136835,1.6025947027280847,0.0006504146713355308
0.0875,0.5576171875,1.6019442880567492,0.0,1.529413104057312,0.07253118399943714,1.614705224046886,0.012760935990136835,1.614705224046886,0.012760935990136835,1.614705224046886,0.012760935990136835,1.614705224046886,0.012760935990136835,1.6014668200314832,0.0004774680252659369
0.0875,0.5595703125,1.6019442880567492,0.0,1.554099202156067,0.04784508590068226,1.614705224046886,0.012760935990136835,1.614705224046886,0.012760935990136835,1.614705224046886,0.012760935990136835,1.614705224046886,0.012760935990136835,1.6007344033252395,0.001209884731509625
0.0875,0.5615234375,1.6019442880567492,0.0,1.5769717693328857,0.024972518723863413,1.614705224046886,0.012760935990136835,1.614705224046886,0.012760935990136835,1.614705224046886,0.012760935990136835,1.614705224046886,0.012760935990136835,1.601616789775342,0.0003274982814072125
0.0875,0.5634765625,1.6019442880567492,0.0005006824640597987,1.5980814695358276,0.0038628185209215182,1.608316235229414,0.006371947172664871,1.613107976842518,0.0111636887857689,1.6131079768227243,0.011163688765975177,1.61310557770152,0.011161289644770811,1.603649641979295,0.0017053539225457826
0.0875,0.5654296875,1.6019442880567492,0.0005006824640597987,1.6173733472824097,0.015429059225660513,1.608316235229414,0.006371947172664871,1.609913482433782,0.007969194377032807,1.6099134824271841,0.007969194370434973,1.609912682720116,0.007968394663366851,1.603854506492342,0.0019102184355928031
0.0875,0.5673828125,1.6019442880567492,0.0005006824640597987,1.6345990896224976,0.032654801565748404,1.608316235229414,0.006371947172664871,1.606718988025046,0.004774699968296936,1.606718988031644,0.004774699974894769,1.606719787738712,0.004775499681962891,1.5996552001430675,0.0022890879136816533
0.0875,0.5693359375,1.6019442880567492,0.0005006824640597987,1.6493064165115356,0.04736212845478649,1.608316235229414,0.006371947172664871,1.60352449361631,0.0015802055595608433,1.6035244936361037,0.0015802055793545655,1.603526892757308,0.0015826047005589317,1.597388380020139,0.004555908036610212
0.0875,0.5712890625,1.6019442880567492,5.553471452904869e-05,1.6608967781066895,0.0589524900499403,1.5686363766129292,0.03330791144381995,1.5686363766129292,0.03330791144381995,1.5686363766129292,0.03330791144381995,1.5686363766129292,0.03330791144381995,1.6029385981731648,0.0009943101164155976
0.0875,0.5732421875,1.6019442880567492,5.553471452904869e-05,1.6687127351760864,0.06676844711933727,1.5686363766129292,0.03330791144381995,1.5686363766129292,0.03330791144381995,1.5686363766129292,0.03330791144381995,1.5686363766129292,0.03330791144381995,1.6094859579998964,0.0075416699431472
0.0875,0.5751953125,1.6019442880567492,5.553471452904869e-05,1.6721221208572388,0.07017783280048961,1.5686363766129292,0.03330791144381995,1.5686363766129292,0.03330791144381995,1.5686363766129292,0.03330791144381995,1.5686363766129292,0.03330791144381995,1.6049773929049256,0.0030331048481764267
0.0875,0.5771484375,1.6019442880567492,5.553471452904869e-05,1.6705689430236816,0.06862465496693249,1.5686363766129292,0.03330791144381995,1.5686363766129292,0.03330791144381995,1.5686363766129292,0.03330791144381995,1.5686363766129292,0.03330791144381995,1.5903618545799898,0.011582433476759357
0.0875,0.5791015625,1.6019442880567492,0.0008919687996506794,1.6635903120040894,0.0616460239473402,1.5248703219117077,0.07707396614504147,1.5576948629376237,0.04424942511912544,1.5576952569250495,0.044249031131699645,1.557750340640837,0.044193947415912094,1.5916906830086703,0.010253605048078818
0.0875,0.5810546875,1.6019442880567492,0.0008919687996506794,1.6508164405822754,0.048872152525526236,1.5248703219117077,0.07707396614504147,1.5358118355870132,0.06613245246973598,1.5358123681928624,0.06613191986388678,1.5358868322678652,0.066057455788884,1.6133684917767377,0.011424203719988535
0.0875,0.5830078125,1.6019442880567492,0.0008919687996506794,1.6319820880889893,0.030037800032240103,1.5248703219117077,0.07707396614504147,1.5139288082364022,0.08801547982034696,1.5139294794606748,0.08801480859607436,1.5140233238948928,0.08792096416185635,1.6209811962483127,0.019036908191563562
0.0875,0.5849609375,1.6019442880567492,0.0008919687996506794,1.6069906949996948,0.005046406942945669,1.5248703219117077,0.07707396614504147,1.4920457808857917,0.1098985071709575,1.4920441830682438,0.10990010498850533,1.4918207908432357,0.11012349721351344,1.5486059668316956,0.05333832122505355
0.0875,0.5869140625,1.6019442880567492,0.02653618060831014,1.5760136842727661,0.02593060378398304,1.221410483999041,0.3805338040577082,1.3174170272325605,0.28452726082418867,1.3174182521748996,0.28452603588184955,1.324682564836979,0.27726172321977005,1.38854112413754,0.2134031639192091
0.0875,0.5888671875,1.0,0.02653618060831014,1.5396069288253784,0.5396069288253784,1.221410483999041,0.22141048399904095,1.2534126650768809,0.25341266507688087,1.2534126465491313,0.2534126465491313,1.2533027708747224,0.2533027708747224,1.0828109800979129,0.08281098009791288
0.0875,0.5908203125,1.0,0.02653618060831014,1.4987760782241821,0.49877607822418213,1.221410483999041,0.22141048399904095,1.189408302921201,0.18940830292120103,1.1894075565393376,0.1894075565393376,1.1849812655631295,0.18498126556312955,1.0,0.0
0.0875,0.5927734375,1.0,0.02653618060831014,1.4549518823623657,0.4549518823623657,1.221410483999041,0.22141048399904095,1.1254039407655214,0.12540394076552142,1.1254034807327955,0.1254034807327955,1.1226753347213327,0.12267533472133274,1.0,0.0
0.0875,0.5947265625,1.0,0.0001094229626128874,1.4309544563293457,0.4309544563293457,1.01283542466627,0.012835424666270079,1.0224619931659726,0.022461993165972638,1.022461995827616,0.022461995827615988,1.022464482555063,0.02246448255506306,1.0,0.0
0.0875,0.5966796875,1.0,0.0001094229626128874,1.4262399673461914,0.4262399673461914,1.01283542466627,0.012835424666270079,1.0160442808328376,0.0160442808328376,1.016044279194786,0.016044279194785904,1.0160427487913775,0.01604274879137746,1.0,0.0
0.0875,0.5986328125,1.0,0.0001094229626128874,1.4218417406082153,0.42184174060821533,1.01283542466627,0.012835424666270079,1.0096265684997026,0.009626568499702559,1.009626567612488,0.009626567612488035,1.0096257387033392,0.00962573870333916,1.0,0.0
0.0875,0.6005859375,1.0,0.0001094229626128874,1.4173157215118408,0.4173157215118408,1.01283542466627,0.012835424666270079,1.0032088561665675,0.0032088561665675197,1.0032088560301904,0.003208856030190388,1.0032087286153009,0.00320872861530086,1.0,0.0
0.0875,0.6025390625,1.0,0.0,1.4080922603607178,0.4080922603607178,1.0,0.0,1.0,0.0,1.0,0.0,1.0,0.0,1.0,0.0
0.0875,0.6044921875,1.0,0.0,1.373922348022461,0.37392234802246094,1.0,0.0,1.0,0.0,1.0,0.0,1.0,0.0,1.0,0.0
0.0875,0.6064453125,1.0,0.0,1.3453441858291626,0.3453441858291626,1.0,0.0,1.0,0.0,1.0,0.0,1.0,0.0,1.0,0.0
0.0875,0.6083984375,1.0,0.0,1.3224738836288452,0.3224738836288452,1.0,0.0,1.0,0.0,1.0,0.0,1.0,0.0,1.0,0.0
0.0875,0.6103515625,1.0,0.0,1.3051258325576782,0.3051258325576782,1.0,0.0,1.0,0.0,1.0,0.0,1.0,0.0,1.0,0.0
0.0875,0.6123046875,1.0,0.0,1.2928537130355835,0.2928537130355835,1.0,0.0,1.0,0.0,1.0,0.0,1.0,0.0,1.0,0.0
0.0875,0.6142578125,1.0,0.0,1.2849992513656616,0.2849992513656616,1.0,0.0,1.0,0.0,1.0,0.0,1.0,0.0,1.0,0.0
0.0875,0.6162109375,1.0,0.0,1.280733585357666,0.280733585357666,1.0,0.0,1.0,0.0,1.0,0.0,1.0,0.0,1.0,0.0
0.0875,0.6181640625,1.0,0.0,1.2790919542312622,0.2790919542312622,1.0,0.0,1.0,0.0,1.0,0.0,1.0,0.0,1.0,0.0
0.0875,0.6201171875,1.0,0.0,1.278989553451538,0.2789895534515381,1.0,0.0,1.0,0.0,1.0,0.0,1.0,0.0,1.0,0.0
0.0875,0.6220703125,1.0,0.0,1.2792154550552368,0.2792154550552368,1.0,0.0,1.0,0.0,1.0,0.0,1.0,0.0,1.0,0.0
0.0875,0.6240234375,1.0,0.0,1.2784004211425781,0.2784004211425781,1.0,0.0,1.0,0.0,1.0,0.0,1.0,0.0,1.0,0.0
0.0875,0.6259765625,1.0,0.0,1.2749882936477661,0.2749882936477661,1.0,0.0,1.0,0.0,1.0,0.0,1.0,0.0,1.0,0.0
0.0875,0.6279296875,1.0,0.0,1.2672563791275024,0.26725637912750244,1.0,0.0,1.0,0.0,1.0,0.0,1.0,0.0,1.0,0.0
0.0875,0.6298828125,1.0,0.0,1.253452181816101,0.2534521818161011,1.0,0.0,1.0,0.0,1.0,0.0,1.0,0.0,1.0,0.0
0.0875,0.6318359375,1.0,0.0,1.2321040630340576,0.23210406303405762,1.0,0.0,1.0,0.0,1.0,0.0,1.0,0.0,1.0,0.0
0.0875,0.6337890625,1.0,0.0,1.202460765838623,0.20246076583862305,1.0,0.0,1.0,0.0,1.0,0.0,1.0,0.0,1.0,0.0
0.0875,0.6357421875,1.0,0.0,1.1648988723754883,0.16489887237548828,1.0,0.0,1.0,0.0,1.0,0.0,1.0,0.0,1.0,0.0
0.0875,0.6376953125,1.0,0.0,1.121057391166687,0.12105739116668701,1.0,0.0,1.0,0.0,1.0,0.0,1.0,0.0,1.0,0.0
0.0875,0.6396484375,1.0,0.0,1.073549509048462,0.07354950904846191,1.0,0.0,1.0,0.0,1.0,0.0,1.0,0.0,1.0,0.0
0.0875,0.6416015625,1.0,0.0,1.0253413915634155,0.025341391563415527,1.0,0.0,1.0,0.0,1.0,0.0,1.0,0.0,1.0,0.0
0.0875,0.6435546875,1.0,0.0,0.979107141494751,0.020892858505249023,1.0,0.0,1.0,0.0,1.0,0.0,1.0,0.0,1.0,0.0
0.0875,0.6455078125,1.0,0.0,0.9467111825942993,0.053288817405700684,1.0,0.0,1.0,0.0,1.0,0.0,1.0,0.0,1.0,0.0
0.0875,0.6474609375,1.0,0.0,0.9166971445083618,0.08330285549163818,1.0,0.0,1.0,0.0,1.0,0.0,1.0,0.0,1.0,0.0
0.0875,0.6494140625,1.0,0.0,0.8900787234306335,0.10992127656936646,1.0,0.0,1.0,0.0,1.0,0.0,1.0,0.0,1.0,0.0
0.0875,0.6513671875,1.0,0.0,0.8675563335418701,0.13244366645812988,1.0,0.0,1.0,0.0,1.0,0.0,1.0,0.0,1.0,0.0
0.0875,0.6533203125,1.0,0.0,0.8495322465896606,0.15046775341033936,1.0,0.0,1.0,0.0,1.0,0.0,1.0,0.0,1.0,0.0
0.0875,0.6552734375,1.0,0.0,0.8361566662788391,0.1638433337211609,1.0,0.0,1.0,0.0,1.0,0.0,1.0,0.0,1.0,0.0
0.0875,0.6572265625,1.0,0.0,0.8273773193359375,0.1726226806640625,1.0,0.0,1.0,0.0,1.0,0.0,1.0,0.0,1.0,0.0
0.0875,0.6591796875,1.0,0.0,0.8229867219924927,0.17701327800750732,1.0,0.0,1.0,0.0,1.0,0.0,1.0,0.0,1.0,0.0
0.0875,0.6611328125,1.0,0.0,0.8226578831672668,0.17734211683273315,1.0,0.0,1.0,0.0,1.0,0.0,1.0,0.0,1.0,0.0
0.0875,0.6630859375,1.0,0.0,0.8259682655334473,0.17403173446655273,1.0,0.0,1.0,0.0,1.0,0.0,1.0,0.0,1.0,0.0
0.0875,0.6650390625,1.0,0.0,0.8324043154716492,0.16759568452835083,1.0,0.0,1.0,0.0,1.0,0.0,1.0,0.0,1.0,0.0
0.0875,0.6669921875,1.0,0.0,0.8413490653038025,0.1586509346961975,1.0,0.0,1.0,0.0,1.0,0.0,1.0,0.0,1.0,0.0
0.0875,0.6689453125,1.0,0.0,0.8520625233650208,0.14793747663497925,1.0,0.0,1.0,0.0,1.0,0.0,1.0,0.0,1.0,0.0
0.0875,0.6708984375,1.0,0.0,0.8636691570281982,0.13633084297180176,1.0,0.0,1.0,0.0,1.0,0.0,1.0,0.0,1.0,0.0
0.0875,0.6728515625,1.0,0.0,0.8766778707504272,0.12332212924957275,1.0,0.0,1.0,0.0,1.0,0.0,1.0,0.0,1.0,0.0
0.0875,0.6748046875,1.0,0.0,0.8917959928512573,0.10820400714874268,1.0,0.0,1.0,0.0,1.0,0.0,1.0,0.0,1.0,0.0
0.0875,0.6767578125,1.0,0.0,0.9049511551856995,0.09504884481430054,1.0,0.0,1.0,0.0,1.0,0.0,1.0,0.0,1.0,0.0
0.0875,0.6787109375,1.0,0.0,0.9150418639183044,0.08495813608169556,1.0,0.0,1.0,0.0,1.0,0.0,1.0,0.0,1.0,0.0
0.0875,0.6806640625,1.0,0.0,0.9209569096565247,0.07904309034347534,1.0,0.0,1.0,0.0,1.0,0.0,1.0,0.0,1.0,0.0
0.0875,0.6826171875,1.0,0.0,0.9217928051948547,0.07820719480514526,1.0,0.0,1.0,0.0,1.0,0.0,1.0,0.0,1.0,0.0
0.0875,0.6845703125,1.0,0.0,0.9171165823936462,0.08288341760635376,1.0,0.0,1.0,0.0,1.0,0.0,1.0,0.0,1.0,0.0
0.0875,0.6865234375,1.0,0.0,0.9071553349494934,0.09284466505050659,1.0,0.0,1.0,0.0,1.0,0.0,1.0,0.0,1.0,0.0
0.0875,0.6884765625,1.0,0.0,0.8927956819534302,0.10720431804656982,1.0,0.0,1.0,0.0,1.0,0.0,1.0,0.0,1.0,0.0
0.0875,0.6904296875,1.0,0.0,0.8753547072410583,0.12464529275894165,1.0,0.0,1.0,0.0,1.0,0.0,1.0,0.0,1.0,0.0
0.0875,0.6923828125,1.0,0.0,0.8562021851539612,0.14379781484603882,1.0,0.0,1.0,0.0,1.0,0.0,1.0,0.0,1.0,0.0
0.0875,0.6943359375,1.0,0.0,0.8364237546920776,0.16357624530792236,1.0,0.0,1.0,0.0,1.0,0.0,1.0,0.0,1.0,0.0
0.0875,0.6962890625,1.0,0.0,0.8166890144348145,0.18331098556518555,1.0,0.0,1.0,0.0,1.0,0.0,1.0,0.0,1.0,0.0
0.0875,0.6982421875,1.0,0.0,0.7973381876945496,0.20266181230545044,1.0,0.0,1.0,0.0,1.0,0.0,1.0,0.0,1.0,0.0
0.0875,0.7001953125,1.0,0.0,0.7785695195198059,0.2214304804801941,1.0,0.0,1.0,0.0,1.0,0.0,1.0,0.0,1.0,0.0
0.0875,0.7021484375,1.0,0.0,0.7605921030044556,0.23940789699554443,1.0,0.0,1.0,0.0,1.0,0.0,1.0,0.0,1.0,0.0
0.0875,0.7041015625,1.0,0.0,0.7466270327568054,0.2533729672431946,1.0,0.0,1.0,0.0,1.0,0.0,1.0,0.0,1.0,0.0
0.0875,0.7060546875,1.0,0.0,0.7380350828170776,0.26196491718292236,1.0,0.0,1.0,0.0,1.0,0.0,1.0,0.0,1.0,0.0
0.0875,0.7080078125,1.0,0.0,0.7321068048477173,0.2678931951522827,1.0,0.0,1.0,0.0,1.0,0.0,1.0,0.0,1.0,0.0
0.0875,0.7099609375,1.0,0.0,0.7288109064102173,0.2711890935897827,1.0,0.0,1.0,0.0,1.0,0.0,1.0,0.0,1.0,0.0
0.0875,0.7119140625,1.0,0.0,0.728019118309021,0.271980881690979,1.0,0.0,1.0,0.0,1.0,0.0,1.0,0.0,1.0,0.0
0.0875,0.7138671875,1.0,0.0,0.7295318245887756,0.27046817541122437,1.0,0.0,1.0,0.0,1.0,0.0,1.0,0.0,1.0,0.0
0.0875,0.7158203125,1.0,0.0,0.7331052422523499,0.26689475774765015,1.0,0.0,1.0,0.0,1.0,0.0,1.0,0.0,1.0,0.0
0.0875,0.7177734375,1.0,0.0,0.7384691834449768,0.2615308165550232,1.0,0.0,1.0,0.0,1.0,0.0,1.0,0.0,1.0,0.0
0.0875,0.7197265625,1.0,0.0,0.7453460693359375,0.2546539306640625,1.0,0.0,1.0,0.0,1.0,0.0,1.0,0.0,1.0,0.0
0.0875,0.7216796875,1.0,0.0,0.7534642815589905,0.24653571844100952,1.0,0.0,1.0,0.0,1.0,0.0,1.0,0.0,1.0,0.0
0.0875,0.7236328125,1.0,0.0,0.762569785118103,0.23743021488189697,1.0,0.0,1.0,0.0,1.0,0.0,1.0,0.0,1.0,0.0
0.0875,0.7255859375,1.0,0.0,0.7724356055259705,0.22756439447402954,1.0,0.0,1.0,0.0,1.0,0.0,1.0,0.0,1.0,0.0
0.0875,0.7275390625,1.0,0.0,0.7828695774078369,0.21713042259216309,1.0,0.0,1.0,0.0,1.0,0.0,1.0,0.0,1.0,0.0
0.0875,0.7294921875,1.0,0.0,0.7937137484550476,0.2062862515449524,1.0,0.0,1.0,0.0,1.0,0.0,1.0,0.0,1.0,0.0
0.0875,0.7314453125,1.0,0.0,0.8048375248908997,0.19516247510910034,1.0,0.0,1.0,0.0,1.0,0.0,1.0,0.0,1.0,0.0
0.0875,0.7333984375,1.0,0.0,0.8161215782165527,0.18387842178344727,1.0,0.0,1.0,0.0,1.0,0.0,1.0,0.0,1.0,0.0
0.0875,0.7353515625,1.0,0.0,0.8274364471435547,0.1725635528564453,1.0,0.0,1.0,0.0,1.0,0.0,1.0,0.0,1.0,0.0
0.0875,0.7373046875,1.0,0.0,0.8386204242706299,0.16137957572937012,1.0,0.0,1.0,0.0,1.0,0.0,1.0,0.0,1.0,0.0
0.0875,0.7392578125,1.0,0.0,0.849471926689148,0.15052807331085205,1.0,0.0,1.0,0.0,1.0,0.0,1.0,0.0,1.0,0.0
0.0875,0.7412109375,1.0,0.0,0.859756350517273,0.14024364948272705,1.0,0.0,1.0,0.0,1.0,0.0,1.0,0.0,1.0,0.0
0.0875,0.7431640625,1.0,0.0,0.8692289590835571,0.13077104091644287,1.0,0.0,1.0,0.0,1.0,0.0,1.0,0.0,1.0,0.0
0.0875,0.7451171875,1.0,0.0,0.8776770234107971,0.12232297658920288,1.0,0.0,1.0,0.0,1.0,0.0,1.0,0.0,1.0,0.0
0.0875,0.7470703125,1.0,0.0,0.8849557042121887,0.11504429578781128,1.0,0.0,1.0,0.0,1.0,0.0,1.0,0.0,1.0,0.0
0.0875,0.7490234375,1.0,0.0,0.8910136222839355,0.10898637771606445,1.0,0.0,1.0,0.0,1.0,0.0,1.0,0.0,1.0,0.0
0.0875,0.7509765625,1.0,0.0,0.8958992958068848,0.10410070419311523,1.0,0.0,1.0,0.0,1.0,0.0,1.0,0.0,1.0,0.0
0.0875,0.7529296875,1.0,0.0,0.8997380137443542,0.10026198625564575,1.0,0.0,1.0,0.0,1.0,0.0,1.0,0.0,1.0,0.0
0.0875,0.7548828125,1.0,0.0,0.9026962518692017,0.09730374813079834,1.0,0.0,1.0,0.0,1.0,0.0,1.0,0.0,1.0,0.0
0.0875,0.7568359375,1.0,0.0,0.9049433469772339,0.09505665302276611,1.0,0.0,1.0,0.0,1.0,0.0,1.0,0.0,1.0,0.0
0.0875,0.7587890625,1.0,0.0,0.906618058681488,0.09338194131851196,1.0,0.0,1.0,0.0,1.0,0.0,1.0,0.0,1.0,0.0
0.0875,0.7607421875,1.0,0.0,0.9078148007392883,0.09218519926071167,1.0,0.0,1.0,0.0,1.0,0.0,1.0,0.0,1.0,0.0
0.0875,0.7626953125,1.0,0.0,0.9085860848426819,0.09141391515731812,1.0,0.0,1.0,0.0,1.0,0.0,1.0,0.0,1.0,0.0
0.0875,0.7646484375,1.0,0.0,0.9089626669883728,0.0910373330116272,1.0,0.0,1.0,0.0,1.0,0.0,1.0,0.0,1.0,0.0
0.0875,0.7666015625,1.0,0.0,0.908982515335083,0.09101748466491699,1.0,0.0,1.0,0.0,1.0,0.0,1.0,0.0,1.0,0.0
0.0875,0.7685546875,1.0,0.0,0.9087263941764832,0.09127360582351685,1.0,0.0,1.0,0.0,1.0,0.0,1.0,0.0,1.0,0.0
0.0875,0.7705078125,1.0,0.0,0.9083359241485596,0.09166407585144043,1.0,0.0,1.0,0.0,1.0,0.0,1.0,0.0,1.0,0.0
0.0875,0.7724609375,1.0,0.0,0.9080278277397156,0.09197217226028442,1.0,0.0,1.0,0.0,1.0,0.0,1.0,0.0,1.0,0.0
0.0875,0.7744140625,1.0,0.0,0.9080839157104492,0.09191608428955078,1.0,0.0,1.0,0.0,1.0,0.0,1.0,0.0,1.0,0.0
0.0875,0.7763671875,1.0,0.0,0.9088184833526611,0.09118151664733887,1.0,0.0,1.0,0.0,1.0,0.0,1.0,0.0,1.0,0.0
0.0875,0.7783203125,1.0,0.0,0.9105395674705505,0.08946043252944946,1.0,0.0,1.0,0.0,1.0,0.0,1.0,0.0,1.0,0.0
0.0875,0.7802734375,1.0,0.0,0.9134999513626099,0.08650004863739014,1.0,0.0,1.0,0.0,1.0,0.0,1.0,0.0,1.0,0.0
0.0875,0.7822265625,1.0,0.0,0.9178565740585327,0.08214342594146729,1.0,0.0,1.0,0.0,1.0,0.0,1.0,0.0,1.0,0.0
0.0875,0.7841796875,1.0,0.0,0.9236345291137695,0.07636547088623047,1.0,0.0,1.0,0.0,1.0,0.0,1.0,0.0,1.0,0.0
0.0875,0.7861328125,1.0,0.0,0.9307115077972412,0.06928849220275879,1.0,0.0,1.0,0.0,1.0,0.0,1.0,0.0,1.0,0.0
0.0875,0.7880859375,1.0,0.0,0.9388079643249512,0.06119203567504883,1.0,0.0,1.0,0.0,1.0,0.0,1.0,0.0,1.0,0.0
0.0875,0.7900390625,1.0,0.0,0.9475001096725464,0.05249989032745361,1.0,0.0,1.0,0.0,1.0,0.0,1.0,0.0,1.0,0.0
0.0875,0.7919921875,1.0,0.0,0.9562441110610962,0.04375588893890381,1.0,0.0,1.0,0.0,1.0,0.0,1.0,0.0,1.0,0.0
0.0875,0.7939453125,1.0,0.0,0.9644179940223694,0.035582005977630615,1.0,0.0,1.0,0.0,1.0,0.0,1.0,0.0,1.0,0.0
0.0875,0.7958984375,1.0,0.0,0.9713749885559082,0.028625011444091797,1.0,0.0,1.0,0.0,1.0,0.0,1.0,0.0,1.0,0.0
0.0875,0.7978515625,1.0,0.0,0.9765049815177917,0.023495018482208252,1.0,0.0,1.0,0.0,1.0,0.0,1.0,0.0,1.0,0.0
0.0875,0.7998046875,1.0,0.0,0.979296088218689,0.020703911781311035,1.0,0.0,1.0,0.0,1.0,0.0,1.0,0.0,1.0,0.0
0.0875,0.8017578125,1.0,0.0,0.9793905019760132,0.020609498023986816,1.0,0.0,1.0,0.0,1.0,0.0,1.0,0.0,1.0,0.0
0.0875,0.8037109375,1.0,0.0,0.9766297936439514,0.023370206356048584,1.0,0.0,1.0,0.0,1.0,0.0,1.0,0.0,1.0,0.0
0.0875,0.8056640625,1.0,0.0,0.971077561378479,0.028922438621520996,1.0,0.0,1.0,0.0,1.0,0.0,1.0,0.0,1.0,0.0
0.0875,0.8076171875,1.0,0.0,0.9630300402641296,0.03696995973587036,1.0,0.0,1.0,0.0,1.0,0.0,1.0,0.0,1.0,0.0
0.0875,0.8095703125,1.0,0.0,0.9529950618743896,0.04700493812561035,1.0,0.0,1.0,0.0,1.0,0.0,1.0,0.0,1.0,0.0
0.0875,0.8115234375,1.0,0.0,0.9416529536247253,0.05834704637527466,1.0,0.0,1.0,0.0,1.0,0.0,1.0,0.0,1.0,0.0
0.0875,0.8134765625,1.0,0.0,0.9297950863838196,0.07020491361618042,1.0,0.0,1.0,0.0,1.0,0.0,1.0,0.0,1.0,0.0
0.0875,0.8154296875,1.0,0.0,0.9182476997375488,0.08175230026245117,1.0,0.0,1.0,0.0,1.0,0.0,1.0,0.0,1.0,0.0
0.0875,0.8173828125,1.0,0.0,0.9077979326248169,0.0922020673751831,1.0,0.0,1.0,0.0,1.0,0.0,1.0,0.0,1.0,0.0
0.0875,0.8193359375,1.0,0.0,0.8991233706474304,0.10087662935256958,1.0,0.0,1.0,0.0,1.0,0.0,1.0,0.0,1.0,0.0
0.0875,0.8212890625,1.0,0.0,0.8927485346794128,0.10725146532058716,1.0,0.0,1.0,0.0,1.0,0.0,1.0,0.0,1.0,0.0
0.0875,0.8232421875,1.0,0.0,0.8890158534049988,0.11098414659500122,1.0,0.0,1.0,0.0,1.0,0.0,1.0,0.0,1.0,0.0
0.0875,0.8251953125,1.0,0.0,0.8880782723426819,0.11192172765731812,1.0,0.0,1.0,0.0,1.0,0.0,1.0,0.0,1.0,0.0
0.0875,0.8271484375,1.0,0.0,0.8899051547050476,0.11009484529495239,1.0,0.0,1.0,0.0,1.0,0.0,1.0,0.0,1.0,0.0
0.0875,0.8291015625,1.0,0.0,0.8942874670028687,0.10571253299713135,1.0,0.0,1.0,0.0,1.0,0.0,1.0,0.0,1.0,0.0
0.0875,0.8310546875,1.0,0.0,0.9008517861366272,0.0991482138633728,1.0,0.0,1.0,0.0,1.0,0.0,1.0,0.0,1.0,0.0
0.0875,0.8330078125,1.0,0.0,0.9090707302093506,0.09092926979064941,1.0,0.0,1.0,0.0,1.0,0.0,1.0,0.0,1.0,0.0
0.0875,0.8349609375,1.0,0.0,0.9182863235473633,0.08171367645263672,1.0,0.0,1.0,0.0,1.0,0.0,1.0,0.0,1.0,0.0
0.0875,0.8369140625,1.0,0.0,0.9277390241622925,0.07226097583770752,1.0,0.0,1.0,0.0,1.0,0.0,1.0,0.0,1.0,0.0
0.0875,0.8388671875,1.0,0.0,0.9366110563278198,0.06338894367218018,1.0,0.0,1.0,0.0,1.0,0.0,1.0,0.0,1.0,0.0
0.0875,0.8408203125,1.0,0.0,0.9440850615501404,0.05591493844985962,1.0,0.0,1.0,0.0,1.0,0.0,1.0,0.0,1.0,0.0
0.0875,0.8427734375,1.0,0.0,0.949406087398529,0.05059391260147095,1.0,0.0,1.0,0.0,1.0,0.0,1.0,0.0,1.0,0.0
0.0875,0.8447265625,1.0,0.0,0.9519477486610413,0.04805225133895874,1.0,0.0,1.0,0.0,1.0,0.0,1.0,0.0,1.0,0.0
0.0875,0.8466796875,1.0,0.0,0.9512655138969421,0.04873448610305786,1.0,0.0,1.0,0.0,1.0,0.0,1.0,0.0,1.0,0.0
0.0875,0.8486328125,1.0,0.0,0.9471384286880493,0.052861571311950684,1.0,0.0,1.0,0.0,1.0,0.0,1.0,0.0,1.0,0.0
0.0875,0.8505859375,1.0,0.0,0.9395918846130371,0.06040811538696289,1.0,0.0,1.0,0.0,1.0,0.0,1.0,0.0,1.0,0.0
0.0875,0.8525390625,1.0,0.0,0.9289036393165588,0.07109636068344116,1.0,0.0,1.0,0.0,1.0,0.0,1.0,0.0,1.0,0.0
0.0875,0.8544921875,1.0,0.0,0.9155889749526978,0.08441102504730225,1.0,0.0,1.0,0.0,1.0,0.0,1.0,0.0,1.0,0.0
0.0875,0.8564453125,1.0,0.0,0.9003667831420898,0.09963321685791016,1.0,0.0,1.0,0.0,1.0,0.0,1.0,0.0,1.0,0.0
0.0875,0.8583984375,1.0,0.0,0.8841040134429932,0.11589598655700684,1.0,0.0,1.0,0.0,1.0,0.0,1.0,0.0,1.0,0.0
0.0875,0.8603515625,1.0,0.0,0.8677429556846619,0.13225704431533813,1.0,0.0,1.0,0.0,1.0,0.0,1.0,0.0,1.0,0.0
0.0875,0.8623046875,1.0,0.0,0.852215588092804,0.14778441190719604,1.0,0.0,1.0,0.0,1.0,0.0,1.0,0.0,1.0,0.0
0.0875,0.8642578125,1.0,0.0,0.8383620977401733,0.16163790225982666,1.0,0.0,1.0,0.0,1.0,0.0,1.0,0.0,1.0,0.0
0.0875,0.8662109375,1.0,0.0,0.8268615007400513,0.17313849925994873,1.0,0.0,1.0,0.0,1.0,0.0,1.0,0.0,1.0,0.0
0.0875,0.8681640625,1.0,0.0,0.8181889653205872,0.18181103467941284,1.0,0.0,1.0,0.0,1.0,0.0,1.0,0.0,1.0,0.0
0.0875,0.8701171875,1.0,0.0,0.8126000761985779,0.18739992380142212,1.0,0.0,1.0,0.0,1.0,0.0,1.0,0.0,1.0,0.0
0.0875,0.8720703125,1.0,0.0,0.8101332783699036,0.18986672163009644,1.0,0.0,1.0,0.0,1.0,0.0,1.0,0.0,1.0,0.0
0.0875,0.8740234375,1.0,0.0,0.810634970664978,0.18936502933502197,1.0,0.0,1.0,0.0,1.0,0.0,1.0,0.0,1.0,0.0
0.0875,0.8759765625,1.0,0.0,0.8137872219085693,0.18621277809143066,1.0,0.0,1.0,0.0,1.0,0.0,1.0,0.0,1.0,0.0
0.0875,0.8779296875,1.0,0.0,0.8191438913345337,0.1808561086654663,1.0,0.0,1.0,0.0,1.0,0.0,1.0,0.0,1.0,0.0
0.0875,0.8798828125,1.0,0.0,0.8261678218841553,0.17383217811584473,1.0,0.0,1.0,0.0,1.0,0.0,1.0,0.0,1.0,0.0
0.0875,0.8818359375,1.0,0.0,0.832273542881012,0.16772645711898804,1.0,0.0,1.0,0.0,1.0,0.0,1.0,0.0,1.0,0.0
0.0875,0.8837890625,1.0,0.0,0.827308714389801,0.17269128561019897,1.0,0.0,1.0,0.0,1.0,0.0,1.0,0.0,1.0,0.0
0.0875,0.8857421875,1.0,0.0,0.8234120607376099,0.17658793926239014,1.0,0.0,1.0,0.0,1.0,0.0,1.0,0.0,1.0,0.0
0.0875,0.8876953125,1.0,0.0,0.8205103874206543,0.1794896125793457,1.0,0.0,1.0,0.0,1.0,0.0,1.0,0.0,1.0,0.0
0.0875,0.8896484375,1.0,0.0,0.8185694813728333,0.18143051862716675,1.0,0.0,1.0,0.0,1.0,0.0,1.0,0.0,1.0,0.0
0.0875,0.8916015625,1.0,0.0,0.8175916075706482,0.1824083924293518,1.0,0.0,1.0,0.0,1.0,0.0,1.0,0.0,1.0,0.0
0.0875,0.8935546875,1.0,0.0,0.8176032900810242,0.18239670991897583,1.0,0.0,1.0,0.0,1.0,0.0,1.0,0.0,1.0,0.0
0.0875,0.8955078125,1.0,0.0,0.8186367750167847,0.18136322498321533,1.0,0.0,1.0,0.0,1.0,0.0,1.0,0.0,1.0,0.0
0.0875,0.8974609375,1.0,0.0,0.8207091689109802,0.17929083108901978,1.0,0.0,1.0,0.0,1.0,0.0,1.0,0.0,1.0,0.0
0.0875,0.8994140625,1.0,0.0,0.8238068222999573,0.17619317770004272,1.0,0.0,1.0,0.0,1.0,0.0,1.0,0.0,1.0,0.0
0.0875,0.9013671875,1.0,0.0,0.8278757929801941,0.1721242070198059,1.0,0.0,1.0,0.0,1.0,0.0,1.0,0.0,1.0,0.0
0.0875,0.9033203125,1.0,0.0,0.8328234553337097,0.16717654466629028,1.0,0.0,1.0,0.0,1.0,0.0,1.0,0.0,1.0,0.0
0.0875,0.9052734375,1.0,0.0,0.8385292291641235,0.16147077083587646,1.0,0.0,1.0,0.0,1.0,0.0,1.0,0.0,1.0,0.0
0.0875,0.9072265625,1.0,0.0,0.8448646068572998,0.1551353931427002,1.0,0.0,1.0,0.0,1.0,0.0,1.0,0.0,1.0,0.0
0.0875,0.9091796875,1.0,0.0,0.851712167263031,0.148287832736969,1.0,0.0,1.0,0.0,1.0,0.0,1.0,0.0,1.0,0.0
0.0875,0.9111328125,1.0,0.0,0.8589797019958496,0.1410202980041504,1.0,0.0,1.0,0.0,1.0,0.0,1.0,0.0,1.0,0.0
0.0875,0.9130859375,1.0,0.0,0.866253674030304,0.13374632596969604,1.0,0.0,1.0,0.0,1.0,0.0,1.0,0.0,1.0,0.0
0.0875,0.9150390625,1.0,0.0,0.8675530552864075,0.13244694471359253,1.0,0.0,1.0,0.0,1.0,0.0,1.0,0.0,1.0,0.0
0.0875,0.9169921875,1.0,0.0,0.8699960112571716,0.13000398874282837,1.0,0.0,1.0,0.0,1.0,0.0,1.0,0.0,1.0,0.0
0.0875,0.9189453125,1.0,0.0,0.8734003901481628,0.12659960985183716,1.0,0.0,1.0,0.0,1.0,0.0,1.0,0.0,1.0,0.0
0.0875,0.9208984375,1.0,0.0,0.8774464726448059,0.12255352735519409,1.0,0.0,1.0,0.0,1.0,0.0,1.0,0.0,1.0,0.0
0.0875,0.9228515625,1.0,0.0,0.8816995024681091,0.11830049753189087,1.0,0.0,1.0,0.0,1.0,0.0,1.0,0.0,1.0,0.0
0.0875,0.9248046875,1.0,0.0,0.8856379985809326,0.11436200141906738,1.0,0.0,1.0,0.0,1.0,0.0,1.0,0.0,1.0,0.0
0.0875,0.9267578125,1.0,0.0,0.8886964917182922,0.11130350828170776,1.0,0.0,1.0,0.0,1.0,0.0,1.0,0.0,1.0,0.0
0.0875,0.9287109375,1.0,0.0,0.8903103470802307,0.10968965291976929,1.0,0.0,1.0,0.0,1.0,0.0,1.0,0.0,1.0,0.0
0.0875,0.9306640625,1.0,0.0,0.8899606466293335,0.1100393533706665,1.0,0.0,1.0,0.0,1.0,0.0,1.0,0.0,1.0,0.0
0.0875,0.9326171875,1.0,0.0,0.8872165083885193,0.11278349161148071,1.0,0.0,1.0,0.0,1.0,0.0,1.0,0.0,1.0,0.0
0.0875,0.9345703125,1.0,0.0,0.881772518157959,0.11822748184204102,1.0,0.0,1.0,0.0,1.0,0.0,1.0,0.0,1.0,0.0
0.0875,0.9365234375,1.0,0.0,0.8772311210632324,0.12276887893676758,1.0,0.0,1.0,0.0,1.0,0.0,1.0,0.0,1.0,0.0
0.0875,0.9384765625,1.0,0.0,0.8779132962226868,0.12208670377731323,1.0,0.0,1.0,0.0,1.0,0.0,1.0,0.0,1.0,0.0
0.0875,0.9404296875,1.0,0.0,0.8747445344924927,0.12525546550750732,1.0,0.0,1.0,0.0,1.0,0.0,1.0,0.0,1.0,0.0
0.0875,0.9423828125,1.0,0.0,0.8673847317695618,0.13261526823043823,1.0,0.0,1.0,0.0,1.0,0.0,1.0,0.0,1.0,0.0
0.0875,0.9443359375,1.0,0.0,0.8557997345924377,0.14420026540756226,1.0,0.0,1.0,0.0,1.0,0.0,1.0,0.0,1.0,0.0
0.0875,0.9462890625,1.0,0.0,0.8398208022117615,0.16017919778823853,1.0,0.0,1.0,0.0,1.0,0.0,1.0,0.0,1.0,0.0
0.0875,0.9482421875,1.0,0.0,0.8185383677482605,0.1814616322517395,1.0,0.0,1.0,0.0,1.0,0.0,1.0,0.0,1.0,0.0
0.0875,0.9501953125,1.0,0.0,0.796902596950531,0.203097403049469,1.0,0.0,1.0,0.0,1.0,0.0,1.0,0.0,1.0,0.0
0.0875,0.9521484375,1.0,0.0,0.7755443453788757,0.22445565462112427,1.0,0.0,1.0,0.0,1.0,0.0,1.0,0.0,1.0,0.0
0.0875,0.9541015625,1.0,0.0,0.7523960471153259,0.24760395288467407,1.0,0.0,1.0,0.0,1.0,0.0,1.0,0.0,1.0,0.0
0.0875,0.9560546875,1.0,0.0,0.7279823422431946,0.2720176577568054,1.0,0.0,1.0,0.0,1.0,0.0,1.0,0.0,1.0,0.0
0.0875,0.9580078125,1.0,0.0,0.70413738489151,0.29586261510849,1.0,0.0,1.0,0.0,1.0,0.0,1.0,0.0,1.0,0.0
0.0875,0.9599609375,1.0,0.0,0.6815242171287537,0.31847578287124634,1.0,0.0,1.0,0.0,1.0,0.0,1.0,0.0,1.0,0.0
0.0875,0.9619140625,1.0,0.0,0.6606884002685547,0.3393115997314453,1.0,0.0,1.0,0.0,1.0,0.0,1.0,0.0,1.0,0.0
0.0875,0.9638671875,1.0,0.0,0.642928421497345,0.35707157850265503,1.0,0.0,1.0,0.0,1.0,0.0,1.0,0.0,1.0,0.0
0.0875,0.9658203125,1.0,0.0,0.6336624026298523,0.3663375973701477,1.0,0.0,1.0,0.0,1.0,0.0,1.0,0.0,1.0,0.0
0.0875,0.9677734375,1.0,0.0,0.6258646249771118,0.3741353750228882,1.0,0.0,1.0,0.0,1.0,0.0,1.0,0.0,1.0,0.0
0.0875,0.9697265625,1.0,0.0,0.6192296743392944,0.38077032566070557,1.0,0.0,1.0,0.0,1.0,0.0,1.0,0.0,1.0,0.0
0.0875,0.9716796875,1.0,0.0,0.6134607195854187,0.3865392804145813,1.0,0.0,1.0,0.0,1.0,0.0,1.0,0.0,1.0,0.0
0.0875,0.9736328125,1.0,0.0,0.6083325743675232,0.3916674256324768,1.0,0.0,1.0,0.0,1.0,0.0,1.0,0.0,1.0,0.0
0.0875,0.9755859375,1.0,0.0,0.6037421822547913,0.39625781774520874,1.0,0.0,1.0,0.0,1.0,0.0,1.0,0.0,1.0,0.0
0.0875,0.9775390625,1.0,0.0,0.5997491478919983,0.4002508521080017,1.0,0.0,1.0,0.0,1.0,0.0,1.0,0.0,1.0,0.0
0.0875,0.9794921875,1.0,0.0,0.5965980291366577,0.4034019708633423,1.0,0.0,1.0,0.0,1.0,0.0,1.0,0.0,1.0,0.0
0.0875,0.9814453125,1.0,0.0,0.5947298407554626,0.40527015924453735,1.0,0.0,1.0,0.0,1.0,0.0,1.0,0.0,1.0,0.0
0.0875,0.9833984375,1.0,0.0,0.5947808027267456,0.4052191972732544,1.0,0.0,1.0,0.0,1.0,0.0,1.0,0.0,1.0,0.0
0.0875,0.9853515625,1.0,0.0,0.597561776638031,0.402438223361969,1.0,0.0,1.0,0.0,1.0,0.0,1.0,0.0,1.0,0.0
0.0875,0.9873046875,1.0,0.0,0.6019538044929504,0.39804619550704956,1.0,0.0,1.0,0.0,1.0,0.0,1.0,0.0,1.0,0.0
0.0875,0.9892578125,1.0,0.0,0.6040928363800049,0.3959071636199951,1.0,0.0,1.0,0.0,1.0,0.0,1.0,0.0,1.0,0.0
0.0875,0.9912109375,1.0,0.0,0.6091946959495544,0.39080530405044556,1.0,0.0,1.0,0.0,1.0,0.0,1.0,0.0,1.0,0.0
0.0875,0.9931640625,1.0,0.0,0.6179761290550232,0.3820238709449768,1.0,0.0,1.0,0.0,1.0,0.0,1.0,0.0,1.0,0.0
0.0875,0.9951171875,1.0,0.0,0.6311253905296326,0.36887460947036743,1.0,0.0,1.0,0.0,1.0,0.0,1.0,0.0,1.0,0.0
0.0875,0.9970703125,1.0,0.0,0.6491814851760864,0.3508185148239136,1.0,0.0,1.0,0.0,1.0,0.0,1.0,0.0,1.0,0.0
0.0875,0.9990234375,1.0,0.0,0.6723763942718506,0.3276236057281494,1.0,0.0,1.0,0.0,1.0,0.0,1.0,0.0,1.0,0.0
0.09999999999999999,0.0009765625,1.0,0.0,1.1339877843856812,0.13398778438568115,1.0,0.0,1.0,0.0,1.0,0.0,1.0,0.0,1.0,0.0
0.09999999999999999,0.0029296875,1.0,0.0,1.1600199937820435,0.16001999378204346,1.0,0.0,1.0,0.0,1.0,0.0,1.0,0.0,1.0,0.0
0.09999999999999999,0.0048828125,1.0,0.0,1.1822092533111572,0.18220925331115723,1.0,0.0,1.0,0.0,1.0,0.0,1.0,0.0,1.0,0.0
0.09999999999999999,0.0068359375,1.0,0.0,1.1996912956237793,0.1996912956237793,1.0,0.0,1.0,0.0,1.0,0.0,1.0,0.0,1.0,0.0
0.09999999999999999,0.0087890625,1.0,0.0,1.2120497226715088,0.2120497226715088,1.0,0.0,1.0,0.0,1.0,0.0,1.0,0.0,1.0,0.0
0.09999999999999999,0.0107421875,1.0,0.0,1.2192552089691162,0.2192552089691162,1.0,0.0,1.0,0.0,1.0,0.0,1.0,0.0,1.0,0.0
0.09999999999999999,0.0126953125,1.0,0.0,1.2215638160705566,0.22156381607055664,1.0,0.0,1.0,0.0,1.0,0.0,1.0,0.0,1.0,0.0
0.09999999999999999,0.0146484375,1.0,0.0,1.2194204330444336,0.2194204330444336,1.0,0.0,1.0,0.0,1.0,0.0,1.0,0.0,1.0,0.0
0.09999999999999999,0.0166015625,1.0,0.0,1.2133787870407104,0.21337878704071045,1.0,0.0,1.0,0.0,1.0,0.0,1.0,0.0,1.0,0.0
0.09999999999999999,0.0185546875,1.0,0.0,1.2040457725524902,0.20404577255249023,1.0,0.0,1.0,0.0,1.0,0.0,1.0,0.0,1.0,0.0
0.09999999999999999,0.0205078125,1.0,0.0,1.1920340061187744,0.19203400611877441,1.0,0.0,1.0,0.0,1.0,0.0,1.0,0.0,1.0,0.0
0.09999999999999999,0.0224609375,1.0,0.0,1.1779290437698364,0.17792904376983643,1.0,0.0,1.0,0.0,1.0,0.0,1.0,0.0,1.0,0.0
0.09999999999999999,0.0244140625,1.0,0.0,1.1622684001922607,0.16226840019226074,1.0,0.0,1.0,0.0,1.0,0.0,1.0,0.0,1.0,0.0
0.09999999999999999,0.0263671875,1.0,0.0,1.14553964138031,0.14553964138031006,1.0,0.0,1.0,0.0,1.0,0.0,1.0,0.0,1.0,0.0
0.09999999999999999,0.0283203125,1.0,0.0,1.125813603401184,0.12581360340118408,1.0,0.0,1.0,0.0,1.0,0.0,1.0,0.0,1.0,0.0
0.09999999999999999,0.0302734375,1.0,0.0,1.1055277585983276,0.10552775859832764,1.0,0.0,1.0,0.0,1.0,0.0,1.0,0.0,1.0,0.0
0.09999999999999999,0.0322265625,1.0,0.0,1.0869626998901367,0.08696269989013672,1.0,0.0,1.0,0.0,1.0,0.0,1.0,0.0,1.0,0.0
0.09999999999999999,0.0341796875,1.0,0.0,1.070190668106079,0.0701906681060791,1.0,0.0,1.0,0.0,1.0,0.0,1.0,0.0,1.0,0.0
0.09999999999999999,0.0361328125,1.0,0.0,1.0551936626434326,0.05519366264343262,1.0,0.0,1.0,0.0,1.0,0.0,1.0,0.0,1.0,0.0
0.09999999999999999,0.0380859375,1.0,0.0,1.0418787002563477,0.041878700256347656,1.0,0.0,1.0,0.0,1.0,0.0,1.0,0.0,1.0,0.0
0.09999999999999999,0.0400390625,1.0,0.0,1.030100703239441,0.030100703239440918,1.0,0.0,1.0,0.0,1.0,0.0,1.0,0.0,1.0,0.0
0.09999999999999999,0.0419921875,1.0,0.0,1.0197001695632935,0.019700169563293457,1.0,0.0,1.0,0.0,1.0,0.0,1.0,0.0,1.0,0.0
0.09999999999999999,0.0439453125,1.0,0.0,1.0105565786361694,0.010556578636169434,1.0,0.0,1.0,0.0,1.0,0.0,1.0,0.0,1.0,0.0
0.09999999999999999,0.0458984375,1.0,0.0,1.0026408433914185,0.002640843391418457,1.0,0.0,1.0,0.0,1.0,0.0,1.0,0.0,1.0,0.0
0.09999999999999999,0.0478515625,1.0,0.0,0.996046245098114,0.003953754901885986,1.0,0.0,1.0,0.0,1.0,0.0,1.0,0.0,1.0,0.0
0.09999999999999999,0.0498046875,1.0,0.0,0.9909719824790955,0.009028017520904541,1.0,0.0,1.0,0.0,1.0,0.0,1.0,0.0,1.0,0.0
0.09999999999999999,0.0517578125,1.0,0.0,0.9876693487167358,0.01233065128326416,1.0,0.0,1.0,0.0,1.0,0.0,1.0,0.0,1.0,0.0
0.09999999999999999,0.0537109375,1.0,0.0,0.9863644242286682,0.013635575771331787,1.0,0.0,1.0,0.0,1.0,0.0,1.0,0.0,1.0,0.0
0.09999999999999999,0.0556640625,1.0,0.0,0.9871935844421387,0.012806415557861328,1.0,0.0,1.0,0.0,1.0,0.0,1.0,0.0,1.0,0.0
0.09999999999999999,0.0576171875,1.0,0.0,0.990174412727356,0.009825587272644043,1.0,0.0,1.0,0.0,1.0,0.0,1.0,0.0,1.0,0.0
0.09999999999999999,0.0595703125,1.0,0.0,0.9983029961585999,0.0016970038414001465,1.0,0.0,1.0,0.0,1.0,0.0,1.0,0.0,1.0,0.0
0.09999999999999999,0.0615234375,1.0,0.0,1.0125123262405396,0.01251232624053955,1.0,0.0,1.0,0.0,1.0,0.0,1.0,0.0,1.0,0.0
0.09999999999999999,0.0634765625,1.0,0.0,1.0246473550796509,0.02464735507965088,1.0,0.0,1.0,0.0,1.0,0.0,1.0,0.0,1.0,0.0
0.09999999999999999,0.0654296875,1.0,0.0,1.0388389825820923,0.038838982582092285,1.0,0.0,1.0,0.0,1.0,0.0,1.0,0.0,1.0,0.0
0.09999999999999999,0.0673828125,1.0,0.0,1.0540664196014404,0.05406641960144043,1.0,0.0,1.0,0.0,1.0,0.0,1.0,0.0,1.0,0.0
0.09999999999999999,0.0693359375,1.0,0.0,1.0691428184509277,0.06914281845092773,1.0,0.0,1.0,0.0,1.0,0.0,1.0,0.0,1.0,0.0
0.09999999999999999,0.0712890625,1.0,0.0,1.0829436779022217,0.08294367790222168,1.0,0.0,1.0,0.0,1.0,0.0,1.0,0.0,1.0,0.0
0.09999999999999999,0.0732421875,1.0,0.0,1.0946286916732788,0.09462869167327881,1.0,0.0,1.0,0.0,1.0,0.0,1.0,0.0,1.0,0.0
0.09999999999999999,0.0751953125,1.0,0.0,1.1037746667861938,0.10377466678619385,1.0,0.0,1.0,0.0,1.0,0.0,1.0,0.0,1.0,0.0
0.09999999999999999,0.0771484375,1.0,0.0,1.119728446006775,0.1197284460067749,1.0,0.0,1.0,0.0,1.0,0.0,1.0,0.0,1.0,0.0
0.09999999999999999,0.0791015625,1.0,0.0,1.1386727094650269,0.13867270946502686,1.0,0.0,1.0,0.0,1.0,0.0,1.0,0.0,1.0,0.0
0.09999999999999999,0.0810546875,1.0,0.0,1.1560678482055664,0.1560678482055664,1.0,0.0,1.0,0.0,1.0,0.0,1.0,0.0,1.0,0.0
0.09999999999999999,0.0830078125,1.0,0.0,1.1707382202148438,0.17073822021484375,1.0,0.0,1.0,0.0,1.0,0.0,1.0,0.0,1.0,0.0
0.09999999999999999,0.0849609375,1.0,0.0,1.1816374063491821,0.18163740634918213,1.0,0.0,1.0,0.0,1.0,0.0,1.0,0.0,1.0,0.0
0.09999999999999999,0.0869140625,1.0,0.0,1.1880061626434326,0.18800616264343262,1.0,0.0,1.0,0.0,1.0,0.0,1.0,0.0,1.0,0.0
0.09999999999999999,0.0888671875,1.0,0.0,1.1894758939743042,0.1894758939743042,1.0,0.0,1.0,0.0,1.0,0.0,1.0,0.0,1.0,0.0
0.09999999999999999,0.0908203125,1.0,0.0,1.186104655265808,0.1861046552658081,1.0,0.0,1.0,0.0,1.0,0.0,1.0,0.0,1.0,0.0
0.09999999999999999,0.0927734375,1.0,0.0,1.1783512830734253,0.1783512830734253,1.0,0.0,1.0,0.0,1.0,0.0,1.0,0.0,1.0,0.0
0.09999999999999999,0.0947265625,1.0,0.0,1.1670178174972534,0.16701781749725342,1.0,0.0,1.0,0.0,1.0,0.0,1.0,0.0,1.0,0.0
0.09999999999999999,0.0966796875,1.0,0.0,1.1531658172607422,0.1531658172607422,1.0,0.0,1.0,0.0,1.0,0.0,1.0,0.0,1.0,0.0
0.09999999999999999,0.0986328125,1.0,0.0,1.1380144357681274,0.13801443576812744,1.0,0.0,1.0,0.0,1.0,0.0,1.0,0.0,1.0,0.0
0.09999999999999999,0.1005859375,1.0,0.0,1.1228185892105103,0.12281858921051025,1.0,0.0,1.0,0.0,1.0,0.0,1.0,0.0,1.0,0.0
0.09999999999999999,0.1025390625,1.0,0.0,1.1087477207183838,0.10874772071838379,1.0,0.0,1.0,0.0,1.0,0.0,1.0,0.0,1.0,0.0
0.09999999999999999,0.1044921875,1.0,0.0,1.0967823266983032,0.09678232669830322,1.0,0.0,1.0,0.0,1.0,0.0,1.0,0.0,1.0,0.0
0.09999999999999999,0.1064453125,1.0,0.0,1.087652325630188,0.08765232563018799,1.0,0.0,1.0,0.0,1.0,0.0,1.0,0.0,1.0,0.0
0.09999999999999999,0.1083984375,1.0,0.0,1.081817865371704,0.0818178653717041,1.0,0.0,1.0,0.0,1.0,0.0,1.0,0.0,1.0,0.0
0.09999999999999999,0.1103515625,1.0,0.0,1.0794841051101685,0.07948410511016846,1.0,0.0,1.0,0.0,1.0,0.0,1.0,0.0,1.0,0.0
0.09999999999999999,0.1123046875,1.0,0.0,1.08063542842865,0.0806354284286499,1.0,0.0,1.0,0.0,1.0,0.0,1.0,0.0,1.0,0.0
0.09999999999999999,0.1142578125,1.0,0.0,1.0850820541381836,0.0850820541381836,1.0,0.0,1.0,0.0,1.0,0.0,1.0,0.0,1.0,0.0
0.09999999999999999,0.1162109375,1.0,0.0,1.0925084352493286,0.09250843524932861,1.0,0.0,1.0,0.0,1.0,0.0,1.0,0.0,1.0,0.0
0.09999999999999999,0.1181640625,1.0,0.0,1.1015324592590332,0.1015324592590332,1.0,0.0,1.0,0.0,1.0,0.0,1.0,0.0,1.0,0.0
0.09999999999999999,0.1201171875,1.0,0.0,1.0981464385986328,0.09814643859863281,1.0,0.0,1.0,0.0,1.0,0.0,1.0,0.0,1.0,0.0
0.09999999999999999,0.1220703125,1.0,0.0,1.0960363149642944,0.09603631496429443,1.0,0.0,1.0,0.0,1.0,0.0,1.0,0.0,1.0,0.0
0.09999999999999999,0.1240234375,1.0,0.0,1.0950154066085815,0.09501540660858154,1.0,0.0,1.0,0.0,1.0,0.0,1.0,0.0,1.0,0.0
0.09999999999999999,0.1259765625,1.0,0.0,1.0948392152786255,0.09483921527862549,1.0,0.0,1.0,0.0,1.0,0.0,1.0,0.0,1.0,0.0
0.09999999999999999,0.1279296875,1.0,0.0,1.0951902866363525,0.09519028663635254,1.0,0.0,1.0,0.0,1.0,0.0,1.0,0.0,1.0,0.0
0.09999999999999999,0.1298828125,1.0,0.0,1.09566068649292,0.09566068649291992,1.0,0.0,1.0,0.0,1.0,0.0,1.0,0.0,1.0,0.0
0.09999999999999999,0.1318359375,1.0,0.0,1.0957510471343994,0.09575104713439941,1.0,0.0,1.0,0.0,1.0,0.0,1.0,0.0,1.0,0.0
0.09999999999999999,0.1337890625,1.0,0.0,1.0949097871780396,0.09490978717803955,1.0,0.0,1.0,0.0,1.0,0.0,1.0,0.0,1.0,0.0
0.09999999999999999,0.1357421875,1.0,0.0,1.0926157236099243,0.09261572360992432,1.0,0.0,1.0,0.0,1.0,0.0,1.0,0.0,1.0,0.0
0.09999999999999999,0.1376953125,1.0,0.0,1.088477373123169,0.08847737312316895,1.0,0.0,1.0,0.0,1.0,0.0,1.0,0.0,1.0,0.0
0.09999999999999999,0.1396484375,1.0,0.0,1.0823148488998413,0.08231484889984131,1.0,0.0,1.0,0.0,1.0,0.0,1.0,0.0,1.0,0.0
0.09999999999999999,0.1416015625,1.0,0.0,1.0959187746047974,0.09591877460479736,1.0,0.0,1.0,0.0,1.0,0.0,1.0,0.0,1.0,0.0
0.09999999999999999,0.1435546875,1.0,0.0,1.1132335662841797,0.11323356628417969,1.0,0.0,1.0,0.0,1.0,0.0,1.0,0.0,1.0,0.0
0.09999999999999999,0.1455078125,1.0,0.0,1.1305122375488281,0.13051223754882812,1.0,0.0,1.0,0.0,1.0,0.0,1.0,0.0,1.0,0.0
0.09999999999999999,0.1474609375,1.0,0.0,1.147217035293579,0.1472170352935791,1.0,0.0,1.0,0.0,1.0,0.0,1.0,0.0,1.0,0.0
0.09999999999999999,0.1494140625,1.0,0.0,1.155276894569397,0.15527689456939697,1.0,0.0,1.0,0.0,1.0,0.0,1.0,0.0,1.0,0.0
0.09999999999999999,0.1513671875,1.0,0.0,1.1406201124191284,0.14062011241912842,1.0,0.0,1.0,0.0,1.0,0.0,1.0,0.0,1.0,0.0
0.09999999999999999,0.1533203125,1.0,0.0,1.127684473991394,0.12768447399139404,1.0,0.0,1.0,0.0,1.0,0.0,1.0,0.0,1.0,0.0
0.09999999999999999,0.1552734375,1.0,0.0,1.1170802116394043,0.1170802116394043,1.0,0.0,1.0,0.0,1.0,0.0,1.0,0.0,1.0,0.0
0.09999999999999999,0.1572265625,1.0,0.0,1.1091679334640503,0.10916793346405029,1.0,0.0,1.0,0.0,1.0,0.0,1.0,0.0,1.0,0.0
0.09999999999999999,0.1591796875,1.0,0.0,1.1041042804718018,0.10410428047180176,1.0,0.0,1.0,0.0,1.0,0.0,1.0,0.0,1.0,0.0
0.09999999999999999,0.1611328125,1.0,0.0,1.1019011735916138,0.10190117359161377,1.0,0.0,1.0,0.0,1.0,0.0,1.0,0.0,1.0,0.0
0.09999999999999999,0.1630859375,1.0,0.0,1.1024723052978516,0.10247230529785156,1.0,0.0,1.0,0.0,1.0,0.0,1.0,0.0,1.0,0.0
0.09999999999999999,0.1650390625,1.0,0.0,1.1056610345840454,0.10566103458404541,1.0,0.0,1.0,0.0,1.0,0.0,1.0,0.0,1.0,0.0
0.09999999999999999,0.1669921875,1.0,0.0,1.111245036125183,0.1112450361251831,1.0,0.0,1.0,0.0,1.0,0.0,1.0,0.0,1.0,0.0
0.09999999999999999,0.1689453125,1.0,0.0,1.1189261674880981,0.11892616748809814,1.0,0.0,1.0,0.0,1.0,0.0,1.0,0.0,1.0,0.0
0.09999999999999999,0.1708984375,1.0,0.0,1.1283104419708252,0.1283104419708252,1.0,0.0,1.0,0.0,1.0,0.0,1.0,0.0,1.0,0.0
0.09999999999999999,0.1728515625,1.0,0.0,1.1388859748840332,0.1388859748840332,1.0,0.0,1.0,0.0,1.0,0.0,1.0,0.0,1.0,0.0
0.09999999999999999,0.1748046875,1.0,0.0,1.1491578817367554,0.14915788173675537,1.0,0.0,1.0,0.0,1.0,0.0,1.0,0.0,1.0,0.0
0.09999999999999999,0.1767578125,1.0,0.0,1.1380550861358643,0.13805508613586426,1.0,0.0,1.0,0.0,1.0,0.0,1.0,0.0,1.0,0.0
0.09999999999999999,0.1787109375,1.0,0.0,1.1273789405822754,0.1273789405822754,1.0,0.0,1.0,0.0,1.0,0.0,1.0,0.0,1.0,0.0
0.09999999999999999,0.1806640625,1.0,0.0,1.1173409223556519,0.11734092235565186,1.0,0.0,1.0,0.0,1.0,0.0,1.0,0.0,1.0,0.0
0.09999999999999999,0.1826171875,1.0,0.0,1.1080892086029053,0.10808920860290527,1.0,0.0,1.0,0.0,1.0,0.0,1.0,0.0,1.0,0.0
0.09999999999999999,0.1845703125,1.0,0.0,1.0997123718261719,0.09971237182617188,1.0,0.0,1.0,0.0,1.0,0.0,1.0,0.0,1.0,0.0
0.09999999999999999,0.1865234375,1.0,0.0,1.0922389030456543,0.0922389030456543,1.0,0.0,1.0,0.0,1.0,0.0,1.0,0.0,1.0,0.0
0.09999999999999999,0.1884765625,1.0,0.0,1.0856380462646484,0.08563804626464844,1.0,0.0,1.0,0.0,1.0,0.0,1.0,0.0,1.0,0.0
0.09999999999999999,0.1904296875,1.0,0.0,1.0798171758651733,0.07981717586517334,1.0,0.0,1.0,0.0,1.0,0.0,1.0,0.0,1.0,0.0
0.09999999999999999,0.1923828125,1.0,0.0,1.074628233909607,0.07462823390960693,1.0,0.0,1.0,0.0,1.0,0.0,1.0,0.0,1.0,0.0
0.09999999999999999,0.1943359375,1.0,0.0,1.0698819160461426,0.06988191604614258,1.0,0.0,1.0,0.0,1.0,0.0,1.0,0.0,1.0,0.0
0.09999999999999999,0.1962890625,1.0,0.0,1.0653736591339111,0.06537365913391113,1.0,0.0,1.0,0.0,1.0,0.0,1.0,0.0,1.0,0.0
0.09999999999999999,0.1982421875,1.0,0.0,1.0609214305877686,0.060921430587768555,1.0,0.0,1.0,0.0,1.0,0.0,1.0,0.0,1.0,0.0
0.09999999999999999,0.2001953125,1.0,0.0,1.0564053058624268,0.05640530586242676,1.0,0.0,1.0,0.0,1.0,0.0,1.0,0.0,1.0,0.0
0.09999999999999999,0.2021484375,1.0,0.0,1.0518001317977905,0.05180013179779053,1.0,0.0,1.0,0.0,1.0,0.0,1.0,0.0,1.0,0.0
0.09999999999999999,0.2041015625,1.0,0.0,1.0471898317337036,0.04718983173370361,1.0,0.0,1.0,0.0,1.0,0.0,1.0,0.0,1.0,0.0
0.09999999999999999,0.2060546875,1.0,0.0,1.0427552461624146,0.04275524616241455,1.0,0.0,1.0,0.0,1.0,0.0,1.0,0.0,1.0,0.0
0.09999999999999999,0.2080078125,1.0,0.0,1.0387462377548218,0.03874623775482178,1.0,0.0,1.0,0.0,1.0,0.0,1.0,0.0,1.0,0.0
0.09999999999999999,0.2099609375,1.0,0.0,1.0354417562484741,0.03544175624847412,1.0,0.0,1.0,0.0,1.0,0.0,1.0,0.0,1.0,0.0
0.09999999999999999,0.2119140625,1.0,0.0,1.0331151485443115,0.03311514854431152,1.0,0.0,1.0,0.0,1.0,0.0,1.0,0.0,1.0,0.0
0.09999999999999999,0.2138671875,1.0,0.0,1.0320079326629639,0.03200793266296387,1.0,0.0,1.0,0.0,1.0,0.0,1.0,0.0,1.0,0.0
0.09999999999999999,0.2158203125,1.0,0.0,1.0323091745376587,0.03230917453765869,1.0,0.0,1.0,0.0,1.0,0.0,1.0,0.0,1.0,0.0
0.09999999999999999,0.2177734375,1.0,0.0,1.0341371297836304,0.03413712978363037,1.0,0.0,1.0,0.0,1.0,0.0,1.0,0.0,1.0,0.0
0.09999999999999999,0.2197265625,1.0,0.0,1.0373320579528809,0.03733205795288086,1.0,0.0,1.0,0.0,1.0,0.0,1.0,0.0,1.0,0.0
0.09999999999999999,0.2216796875,1.0,0.0,1.0350279808044434,0.03502798080444336,1.0,0.0,1.0,0.0,1.0,0.0,1.0,0.0,1.0,0.0
0.09999999999999999,0.2236328125,1.0,0.0,1.047362208366394,0.04736220836639404,1.0,0.0,1.0,0.0,1.0,0.0,1.0,0.0,1.0,0.0
0.09999999999999999,0.2255859375,1.0,0.0,1.055645227432251,0.05564522743225098,1.0,0.0,1.0,0.0,1.0,0.0,1.0,0.0,1.0,0.0
0.09999999999999999,0.2275390625,1.0,0.0,1.0632967948913574,0.06329679489135742,1.0,0.0,1.0,0.0,1.0,0.0,1.0,0.0,1.0,0.0
0.09999999999999999,0.2294921875,1.0,0.0,1.0709933042526245,0.07099330425262451,1.0,0.0,1.0,0.0,1.0,0.0,1.0,0.0,1.0,0.0
0.09999999999999999,0.2314453125,1.0,0.0,1.0782060623168945,0.07820606231689453,1.0,0.0,1.0,0.0,1.0,0.0,1.0,0.0,1.0,0.0
0.09999999999999999,0.2333984375,1.0,0.0,1.084413766860962,0.08441376686096191,1.0,0.0,1.0,0.0,1.0,0.0,1.0,0.0,1.0,0.0
0.09999999999999999,0.2353515625,1.0,0.0,1.0891368389129639,0.08913683891296387,1.0,0.0,1.0,0.0,1.0,0.0,1.0,0.0,1.0,0.0
0.09999999999999999,0.2373046875,1.0,0.0,1.0919731855392456,0.0919731855392456,1.0,0.0,1.0,0.0,1.0,0.0,1.0,0.0,1.0,0.0
0.09999999999999999,0.2392578125,1.0,0.0,1.0926350355148315,0.09263503551483154,1.0,0.0,1.0,0.0,1.0,0.0,1.0,0.0,1.0,0.0
0.09999999999999999,0.2412109375,1.0,0.0,1.0909912586212158,0.09099125862121582,1.0,0.0,1.0,0.0,1.0,0.0,1.0,0.0,1.0,0.0
0.09999999999999999,0.2431640625,1.0,0.0,1.0871015787124634,0.08710157871246338,1.0,0.0,1.0,0.0,1.0,0.0,1.0,0.0,1.0,0.0
0.09999999999999999,0.2451171875,1.0,0.0,1.0812253952026367,0.08122539520263672,1.0,0.0,1.0,0.0,1.0,0.0,1.0,0.0,1.0,0.0
0.09999999999999999,0.2470703125,1.0,0.0,1.073797583580017,0.07379758358001709,1.0,0.0,1.0,0.0,1.0,0.0,1.0,0.0,1.0,0.0
0.09999999999999999,0.2490234375,1.0,0.0,1.0653730630874634,0.06537306308746338,1.0,0.0,1.0,0.0,1.0,0.0,1.0,0.0,1.0,0.0
0.09999999999999999,0.2509765625,1.0,0.0,1.056552767753601,0.056552767753601074,1.0,0.0,1.0,0.0,1.0,0.0,1.0,0.0,1.0,0.0
0.09999999999999999,0.2529296875,1.0,0.0,1.0479189157485962,0.04791891574859619,1.0,0.0,1.0,0.0,1.0,0.0,1.0,0.0,1.0,0.0
0.09999999999999999,0.2548828125,1.0,0.0,1.039982795715332,0.03998279571533203,1.0,0.0,1.0,0.0,1.0,0.0,1.0,0.0,1.0,0.0
0.09999999999999999,0.2568359375,1.0,0.0,1.0331573486328125,0.0331573486328125,1.0,0.0,1.0,0.0,1.0,0.0,1.0,0.0,1.0,0.0
0.09999999999999999,0.2587890625,1.0,0.0,1.0277432203292847,0.027743220329284668,1.0,0.0,1.0,0.0,1.0,0.0,1.0,0.0,1.0,0.0
0.09999999999999999,0.2607421875,1.0,0.0,1.0239222049713135,0.023922204971313477,1.0,0.0,1.0,0.0,1.0,0.0,1.0,0.0,1.0,0.0
0.09999999999999999,0.2626953125,1.0,0.0,1.0217573642730713,0.02175736427307129,1.0,0.0,1.0,0.0,1.0,0.0,1.0,0.0,1.0,0.0
0.09999999999999999,0.2646484375,1.0,0.0,1.0200448036193848,0.020044803619384766,1.0,0.0,1.0,0.0,1.0,0.0,1.0,0.0,1.0,0.0
0.09999999999999999,0.2666015625,1.0,0.0,1.0176379680633545,0.017637968063354492,1.0,0.0,1.0,0.0,1.0,0.0,1.0,0.0,1.0,0.0
0.09999999999999999,0.2685546875,1.0,0.0,1.018515706062317,0.018515706062316895,1.0,0.0,1.0,0.0,1.0,0.0,1.0,0.0,1.0,0.0
0.09999999999999999,0.2705078125,1.0,0.0,1.0224679708480835,0.022467970848083496,1.0,0.0,1.0,0.0,1.0,0.0,1.0,0.0,1.0,0.0
0.09999999999999999,0.2724609375,1.0,0.0,1.0291528701782227,0.029152870178222656,1.0,0.0,1.0,0.0,1.0,0.0,1.0,0.0,1.0,0.0
0.09999999999999999,0.2744140625,1.0,0.0,1.0338493585586548,0.033849358558654785,1.0,0.0,1.0,0.0,1.0,0.0,1.0,0.0,1.0,0.0
0.09999999999999999,0.2763671875,1.0,0.0,1.037069320678711,0.03706932067871094,1.0,0.0,1.0,0.0,1.0,0.0,1.0,0.0,1.0,0.0
0.09999999999999999,0.2783203125,1.0,0.0,1.0397568941116333,0.0397568941116333,1.0,0.0,1.0,0.0,1.0,0.0,1.0,0.0,1.0,0.0
0.09999999999999999,0.2802734375,1.0,0.0,1.0417100191116333,0.0417100191116333,1.0,0.0,1.0,0.0,1.0,0.0,1.0,0.0,1.0,0.0
0.09999999999999999,0.2822265625,1.0,0.0,1.0428261756896973,0.042826175689697266,1.0,0.0,1.0,0.0,1.0,0.0,1.0,0.0,1.0,0.0
0.09999999999999999,0.2841796875,1.0,0.0,1.0431060791015625,0.0431060791015625,1.0,0.0,1.0,0.0,1.0,0.0,1.0,0.0,1.0,0.0
0.09999999999999999,0.2861328125,1.0,0.0,1.0426528453826904,0.04265284538269043,1.0,0.0,1.0,0.0,1.0,0.0,1.0,0.0,1.0,0.0
0.09999999999999999,0.2880859375,1.0,0.0,1.0416654348373413,0.04166543483734131,1.0,0.0,1.0,0.0,1.0,0.0,1.0,0.0,1.0,0.0
0.09999999999999999,0.2900390625,1.0,0.0,1.040422797203064,0.040422797203063965,1.0,0.0,1.0,0.0,1.0,0.0,1.0,0.0,1.0,0.0
0.09999999999999999,0.2919921875,1.0,0.0,1.0392649173736572,0.03926491737365723,1.0,0.0,1.0,0.0,1.0,0.0,1.0,0.0,1.0,0.0
0.09999999999999999,0.2939453125,1.0,0.0,1.0385656356811523,0.038565635681152344,1.0,0.0,1.0,0.0,1.0,0.0,1.0,0.0,1.0,0.0
0.09999999999999999,0.2958984375,1.0,0.0,1.0386996269226074,0.03869962692260742,1.0,0.0,1.0,0.0,1.0,0.0,1.0,0.0,1.0,0.0
0.09999999999999999,0.2978515625,1.0,0.0,1.0400052070617676,0.04000520706176758,1.0,0.0,1.0,0.0,1.0,0.0,1.0,0.0,1.0,0.0
0.09999999999999999,0.2998046875,1.0,0.0,1.0427463054656982,0.04274630546569824,1.0,0.0,1.0,0.0,1.0,0.0,1.0,0.0,1.0,0.0
0.09999999999999999,0.3017578125,1.0,0.0,1.047084093093872,0.04708409309387207,1.0,0.0,1.0,0.0,1.0,0.0,1.0,0.0,1.0,0.0
0.09999999999999999,0.3037109375,1.0,0.0,1.05305814743042,0.05305814743041992,1.0,0.0,1.0,0.0,1.0,0.0,1.0,0.0,1.0,0.0
0.09999999999999999,0.3056640625,1.0,0.0,1.0605844259262085,0.060584425926208496,1.0,0.0,1.0,0.0,1.0,0.0,1.0,0.0,1.0,0.0
0.09999999999999999,0.3076171875,1.0,0.0,1.0694674253463745,0.06946742534637451,1.0,0.0,1.0,0.0,1.0,0.0,1.0,0.0,1.0,0.0
0.09999999999999999,0.3095703125,1.0,0.0,1.0794202089309692,0.07942020893096924,1.0,0.0,1.0,0.0,1.0,0.0,1.0,0.0,1.0,0.0
0.09999999999999999,0.3115234375,1.0,0.0,1.090085506439209,0.09008550643920898,1.0,0.0,1.0,0.0,1.0,0.0,1.0,0.0,1.0,0.0
0.09999999999999999,0.3134765625,1.0,0.0,1.1010514497756958,0.1010514497756958,1.0,0.0,1.0,0.0,1.0,0.0,1.0,0.0,1.0,0.0
0.09999999999999999,0.3154296875,1.0,0.0,1.1118688583374023,0.11186885833740234,1.0,0.0,1.0,0.0,1.0,0.0,1.0,0.0,1.0,0.0
0.09999999999999999,0.3173828125,1.0,0.0,1.1047998666763306,0.10479986667633057,1.0,0.0,1.0,0.0,1.0,0.0,1.0,0.0,1.0,0.0
0.09999999999999999,0.3193359375,1.0,0.0,1.0949324369430542,0.0949324369430542,1.0,0.0,1.0,0.0,1.0,0.0,1.0,0.0,1.0,0.0
0.09999999999999999,0.3212890625,1.0,0.0,1.0834100246429443,0.08341002464294434,1.0,0.0,1.0,0.0,1.0,0.0,1.0,0.0,1.0,0.0
0.09999999999999999,0.3232421875,1.0,0.0,1.0704901218414307,0.07049012184143066,1.0,0.0,1.0,0.0,1.0,0.0,1.0,0.0,1.0,0.0
0.09999999999999999,0.3251953125,1.0,0.0,1.0565600395202637,0.05656003952026367,1.0,0.0,1.0,0.0,1.0,0.0,1.0,0.0,1.0,0.0
0.09999999999999999,0.3271484375,1.0,0.0,1.0421406030654907,0.04214060306549072,1.0,0.0,1.0,0.0,1.0,0.0,1.0,0.0,1.0,0.0
0.09999999999999999,0.3291015625,1.0,0.0,1.0278639793395996,0.02786397933959961,1.0,0.0,1.0,0.0,1.0,0.0,1.0,0.0,1.0,0.0
0.09999999999999999,0.3310546875,1.0,0.0,1.014817714691162,0.01481771469116211,1.0,0.0,1.0,0.0,1.0,0.0,1.0,0.0,1.0,0.0
0.09999999999999999,0.3330078125,1.0,0.0,1.0159324407577515,0.015932440757751465,1.0,0.0,1.0,0.0,1.0,0.0,1.0,0.0,1.0,0.0
0.09999999999999999,0.3349609375,1.0,0.0,1.0169806480407715,0.016980648040771484,1.0,0.0,1.0,0.0,1.0,0.0,1.0,0.0,1.0,0.0
0.09999999999999999,0.3369140625,1.0,0.0,1.0180424451828003,0.018042445182800293,1.0,0.0,1.0,0.0,1.0,0.0,1.0,0.0,1.0,0.0
0.09999999999999999,0.3388671875,1.0,0.0,1.0191566944122314,0.019156694412231445,1.0,0.0,1.0,0.0,1.0,0.0,1.0,0.0,1.0,0.0
0.09999999999999999,0.3408203125,1.0,0.0,1.0203112363815308,0.02031123638153076,1.0,0.0,1.0,0.0,1.0,0.0,1.0,0.0,1.0,0.0
0.09999999999999999,0.3427734375,1.0,0.0,1.0214424133300781,0.021442413330078125,1.0,0.0,1.0,0.0,1.0,0.0,1.0,0.0,1.0,0.0
0.09999999999999999,0.3447265625,1.0,0.0,1.022448182106018,0.022448182106018066,1.0,0.0,1.0,0.0,1.0,0.0,1.0,0.0,1.0,0.0
0.09999999999999999,0.3466796875,1.0,0.0,1.0232141017913818,0.023214101791381836,1.0,0.0,1.0,0.0,1.0,0.0,1.0,0.0,1.0,0.0
0.09999999999999999,0.3486328125,1.0,0.0,1.0236461162567139,0.023646116256713867,1.0,0.0,1.0,0.0,1.0,0.0,1.0,0.0,1.0,0.0
0.09999999999999999,0.3505859375,1.0,0.0,1.0257418155670166,0.0257418155670166,1.0,0.0,1.0,0.0,1.0,0.0,1.0,0.0,1.0,0.0
0.09999999999999999,0.3525390625,1.0,0.0,1.0415666103363037,0.04156661033630371,1.0,0.0,1.0,0.0,1.0,0.0,1.0,0.0,1.0,0.0
0.09999999999999999,0.3544921875,1.0,0.0,1.0571339130401611,0.05713391304016113,1.0,0.0,1.0,0.0,1.0,0.0,1.0,0.0,1.0,0.0
0.09999999999999999,0.3564453125,1.0,0.0,1.0712224245071411,0.07122242450714111,1.0,0.0,1.0,0.0,1.0,0.0,1.0,0.0,1.0,0.0
0.09999999999999999,0.3583984375,1.0,0.0,1.0830432176589966,0.08304321765899658,1.0,0.0,1.0,0.0,1.0,0.0,1.0,0.0,1.0,0.0
0.09999999999999999,0.3603515625,1.0,0.0,1.0923792123794556,0.09237921237945557,1.0,0.0,1.0,0.0,1.0,0.0,1.0,0.0,1.0,0.0
0.09999999999999999,0.3623046875,1.0,0.0,1.099480390548706,0.09948039054870605,1.0,0.0,1.0,0.0,1.0,0.0,1.0,0.0,1.0,0.0
0.09999999999999999,0.3642578125,1.0,0.0,1.1047970056533813,0.10479700565338135,1.0,0.0,1.0,0.0,1.0,0.0,1.0,0.0,1.0,0.0
0.09999999999999999,0.3662109375,1.0,0.0,1.10868239402771,0.10868239402770996,1.0,0.0,1.0,0.0,1.0,0.0,1.0,0.0,1.0,0.0
0.09999999999999999,0.3681640625,1.0,0.0,1.111183524131775,0.1111835241317749,1.0,0.0,1.0,0.0,1.0,0.0,1.0,0.0,1.0,0.0
0.09999999999999999,0.3701171875,1.0,0.0,1.1119604110717773,0.11196041107177734,1.0,0.0,1.0,0.0,1.0,0.0,1.0,0.0,1.0,0.0
0.09999999999999999,0.3720703125,1.0,0.0,1.110337734222412,0.11033773422241211,1.0,0.0,1.0,0.0,1.0,0.0,1.0,0.0,1.0,0.0
0.09999999999999999,0.3740234375,1.0,0.0,1.1054749488830566,0.10547494888305664,1.0,0.0,1.0,0.0,1.0,0.0,1.0,0.0,1.0,0.0
0.09999999999999999,0.3759765625,1.0,0.0,1.096632480621338,0.09663248062133789,1.0,0.0,1.0,0.0,1.0,0.0,1.0,0.0,1.0,0.0
0.09999999999999999,0.3779296875,1.0,0.0,1.0834792852401733,0.08347928524017334,1.0,0.0,1.0,0.0,1.0,0.0,1.0,0.0,1.0,0.0
0.09999999999999999,0.3798828125,1.0,0.0,1.0663365125656128,0.06633651256561279,1.0,0.0,1.0,0.0,1.0,0.0,1.0,0.0,1.0,0.0
0.09999999999999999,0.3818359375,1.0,0.0,1.046233057975769,0.04623305797576904,1.0,0.0,1.0,0.0,1.0,0.0,1.0,0.0,1.0,0.0
0.09999999999999999,0.3837890625,1.0,0.40162364939585266,1.0247278213500977,0.024727821350097656,1.0001606102782878,0.0001606102782878427,1.000040152569572,4.015256957190516e-05,1.0000400882728697,4.00882728697205e-05,1.000033890535478,3.389053547797616e-05,1.0,0.0
0.09999999999999999,0.3857421875,1.0,0.40162364939585266,1.0095765590667725,0.009576559066772461,1.0001606102782878,0.0001606102782878427,1.000120457708716,0.00012045770871593753,1.000120062253529,0.00012006225352889643,1.0000819432315737,8.19432315737334e-05,1.0,0.0
0.09999999999999999,0.3876953125,1.0,0.40162364939585266,1.00574791431427,0.0057479143142700195,1.0001606102782878,0.0001606102782878427,1.0002007628478597,0.00020076284785974785,1.0002000362341879,0.00020003623418785033,1.0001299959276693,0.0001299959276692686,1.0,0.0
0.09999999999999999,0.3896484375,1.0,0.40162364939585266,1.0018014907836914,0.0018014907836914062,1.0001606102782878,0.0001606102782878427,1.0002810679870038,0.0002810679870037802,1.000282254352565,0.0002822543525649035,1.0003966114184304,0.0003966114184303926,1.0,0.0
0.09999999999999999,0.3916015625,1.0,0.20537912340245626,0.9979063868522644,0.0020936131477355957,1.1064966239421006,0.10649662394210058,1.027483067833302,0.02748306783330201,1.0273928367909435,0.02739283679094351,1.0247135858289231,0.024713585828923135,1.0,0.0
0.09999999999999999,0.3935546875,1.0,0.20537912340245626,0.9942495226860046,0.005750477313995361,1.1064966239421006,0.10649662394210058,1.0801587719058343,0.08015877190583431,1.0797160693105585,0.07971606931055852,1.0665707999744316,0.0665707999744316,1.0,0.0
0.09999999999999999,0.3955078125,1.0,0.20537912340245626,0.9910272359848022,0.008972764015197754,1.1064966239421006,0.10649662394210058,1.1328344759783668,0.13283447597836684,1.1320393018301735,0.13203930183017354,1.10842801411994,0.10842801411994007,1.0,0.0
0.09999999999999999,0.3974609375,1.0,0.20537912340245626,0.9884273409843445,0.011572659015655518,1.1064966239421006,0.10649662394210058,1.1855101800508991,0.18551018005089914,1.1868382878367267,0.18683828783672674,1.2262740958451077,0.22627409584510771,1.0060896333348235,0.0060896333348234855
0.09999999999999999,0.3994140625,1.0,0.019246467160595276,0.9866014719009399,0.013398528099060059,1.4215662428585465,0.4215662428585465,1.3374781569157626,0.33747815691576255,1.3374715901141054,0.33747159011410544,1.3313633944605507,0.33136339446055074,1.1815930123850575,0.18159301238505754
0.09999999999999999,0.4013671875,1.6019442880567492,0.019246467160595276,0.9856315851211548,0.6163127029355944,1.4215662428585465,0.18037804519820266,1.3935368808776185,0.20840740717913064,1.3935367779872179,0.2084075100695313,1.3934410731478157,0.20850321490893342,1.4944755091234905,0.10746877893325868
0.09999999999999999,0.4033203125,1.6019442880567492,0.019246467160595276,0.9854994416236877,0.6164448464330614,1.4215662428585465,0.18037804519820266,1.4495956048394745,0.15234868321727468,1.449599519032212,0.1523447690245372,1.4532403561268803,0.14870393192986886,1.5636587764412946,0.03828551161545457
0.09999999999999999,0.4052734375,1.6019442880567492,0.019246467160595276,0.9860715866088867,0.6158727014478624,1.4215662428585465,0.18037804519820266,1.5056543288013304,0.09628995925541872,1.5056570843006507,0.09628720375609845,1.5082201476989394,0.09372414035780974,1.6126563936798748,0.010712105623125634
0.09999999999999999,0.4072265625,1.6019442880567492,0.0006972235109283142,0.9871072769165039,0.6148370111402452,1.5549664156369478,0.046977872419801336,1.5549664156369478,0.046977872419801336,1.5549664156369478,0.046977872419801336,1.5549664156369478,0.046977872419801336,1.6204029831205151,0.018458695063765962
0.09999999999999999,0.4091796875,1.6019442880567492,0.0006972235109283142,0.9882886409759521,0.613655647080797,1.5549664156369478,0.046977872419801336,1.5549664156369478,0.046977872419801336,1.5549664156369478,0.046977872419801336,1.5549664156369478,0.046977872419801336,1.5998885505594296,0.0020557374973195763
0.09999999999999999,0.4111328125,1.6019442880567492,0.0006972235109283142,0.9915973544120789,0.6103469336446703,1.5549664156369478,0.046977872419801336,1.5549664156369478,0.046977872419801336,1.5549664156369478,0.046977872419801336,1.5549664156369478,0.046977872419801336,1.5901822882982648,0.011761999758484354
0.09999999999999999,0.4130859375,1.6019442880567492,0.0006972235109283142,0.994748055934906,0.6071962321218431,1.5549664156369478,0.046977872419801336,1.5549664156369478,0.046977872419801336,1.5549664156369478,0.046977872419801336,1.5549664156369478,0.046977872419801336,1.5986820094172938,0.003262278639455385
0.09999999999999999,0.4150390625,1.6019442880567492,0.0006436719837426778,0.9949847459793091,0.6069595420774401,1.6193588466491917,0.017414558592442564,1.6193588466491917,0.017414558592442564,1.6193588466491917,0.017414558592442564,1.6193588466491917,0.017414558592442564,1.6079124634686086,0.0059681754118594554
0.09999999999999999,0.4169921875,1.6019442880567492,0.0006436719837426778,0.9922301173210144,0.6097141707357348,1.6193588466491917,0.017414558592442564,1.6193588466491917,0.017414558592442564,1.6193588466491917,0.017414558592442564,1.6193588466491917,0.017414558592442564,1.6056319883976986,0.0036877003409494513
0.09999999999999999,0.4189453125,1.6019442880567492,0.0006436719837426778,0.986689031124115,0.6152552569326342,1.6193588466491917,0.017414558592442564,1.6193588466491917,0.017414558592442564,1.6193588466491917,0.017414558592442564,1.6193588466491917,0.017414558592442564,1.5996883179436276,0.002255970113121508
0.09999999999999999,0.4208984375,1.6019442880567492,0.0006436719837426778,0.980851948261261,0.6210923397954882,1.6193588466491917,0.017414558592442564,1.6193588466491917,0.017414558592442564,1.6193588466491917,0.017414558592442564,1.6193588466491917,0.017414558592442564,1.5992276301454185,0.002716657911330689
0.09999999999999999,0.4228515625,1.6019442880567492,0.0007718864055625767,0.9753444790840149,0.6265998089727343,1.613649914106591,0.011705626049841822,1.6179316135135415,0.01598732545679238,1.617931529394773,0.01598724133802376,1.6179283085279765,0.015984020471227378,1.6016818102497965,0.00026247780695265455
0.09999999999999999,0.4248046875,1.6019442880567492,0.0007718864055625767,0.9684937000274658,0.6334505880292833,1.613649914106591,0.011705626049841822,1.6150771472422412,0.013132859185492007,1.6150771192026516,0.013132831145902468,1.615076045580386,0.013131757523636933,1.6036721467454589,0.001727858688709727
0.09999999999999999,0.4267578125,1.6019442880567492,0.0007718864055625767,0.9604105949401855,0.6415336931165636,1.613649914106591,0.011705626049841822,1.6122226809709408,0.010278392914191636,1.6122227090105303,0.010278420953781175,1.6122237826327959,0.01027949457604671,1.6028726859645106,0.0009283979077614468
0.09999999999999999,0.4287109375,1.6019442880567492,0.0007718864055625767,0.9512842893600464,0.6506599986967028,1.613649914106591,0.011705626049841822,1.6093682146996404,0.007423926642891265,1.609368298818409,0.007424010761659883,1.6093715196852054,0.007427231628456266,1.6011011534634139,0.000843134593335293
0.09999999999999999,0.4306640625,1.6019442880567492,0.0,0.9413875937461853,0.6605566943105639,1.5915148187127581,0.010429469343991027,1.5918902993000836,0.010053988756665522,1.5918902722365162,0.010054015820232909,1.5918902993000836,0.010053988756665522,1.6010094197076312,0.0009348683491179344
0.09999999999999999,0.4326171875,1.6019442880567492,0.0,0.9310774207115173,0.6708668673452318,1.5915148187127581,0.010429469343991027,1.5916399789085331,0.010304309148216007,1.591639969887344,0.010304318169405136,1.5916399789085331,0.010304309148216007,1.6021979570921245,0.0002536690353753812
0.09999999999999999,0.4345703125,1.6019442880567492,0.0,0.920782744884491,0.6811615431722582,1.5915148187127581,0.010429469343991027,1.591389658516983,0.010554629539766047,1.5913896675381722,0.010554620518576918,1.591389658516983,0.010554629539766047,1.6025137929828503,0.0005695049261011942
0.09999999999999999,0.4365234375,1.6019442880567492,0.0,0.9153261780738831,0.6866181099828661,1.5915148187127581,0.010429469343991027,1.5911393381254326,0.010804949931316532,1.591139365189,0.010804922867749145,1.5911393381254326,0.010804949931316532,1.6020585672853498,0.00011427922860063333
0.09999999999999999,0.4384765625,1.6019442880567492,0.0,0.9162273406982422,0.685716947358507,1.5910141779296576,0.010930110127091552,1.5910141779296576,0.010930110127091552,1.5910141779296576,0.010930110127091552,1.5910141779296576,0.010930110127091552,1.6015898313740535,0.00035445668269562525
0.09999999999999999,0.4404296875,1.6019442880567492,0.0,0.9198892116546631,0.6820550764020861,1.5910141779296576,0.010930110127091552,1.5910141779296576,0.010930110127091552,1.5910141779296576,0.010930110127091552,1.5910141779296576,0.010930110127091552,1.60177706920951,0.00016721884723924774
0.09999999999999999,0.4423828125,1.6019442880567492,0.0,0.9260802268981934,0.6758640611585558,1.5910141779296576,0.010930110127091552,1.5910141779296576,0.010930110127091552,1.5910141779296576,0.010930110127091552,1.5910141779296576,0.010930110127091552,1.602100895632239,0.00015660757548974225
0.09999999999999999,0.4443359375,1.6019442880567492,0.0,0.9344416856765747,0.6675026023801744,1.5910141779296576,0.010930110127091552,1.5910141779296576,0.010930110127091552,1.5910141779296576,0.010930110127091552,1.5910141779296576,0.010930110127091552,1.6021124813678183,0.00016819331106909807
0.09999999999999999,0.4462890625,1.6019442880567492,0.0,0.9377354383468628,0.6642088497098864,1.600953569506848,0.0009907185499011817,1.5982030384624386,0.0037412495943105473,1.5982027536053556,0.00374153445139358,1.5982030384624386,0.0037412495943105473,1.6019351938929183,9.094163830880575e-06
0.09999999999999999,0.4482421875,1.6019442880567492,0.0,0.9402986764907837,0.6616456115659655,1.600953569506848,0.0009907185499011817,1.6000367258253783,0.0019075622313708962,1.6000369205051683,0.0019073675515808297,1.6000367258253783,0.0019075622313708962,1.6018872000984152,5.708795833392344e-05
0.09999999999999999,0.4501953125,1.6019442880567492,0.0,0.9447906017303467,0.6571536863264025,1.600953569506848,0.0009907185499011817,1.6018704131883177,7.387486843146718e-05,1.6018705081406788,7.377991607038226e-05,1.6018704131883177,7.387486843146718e-05,1.6018897158117045,5.457224504468172e-05
0.09999999999999999,0.4521484375,1.6019442880567492,0.0,0.951011598110199,0.6509326899465502,1.600953569506848,0.0009907185499011817,1.6037041005512573,0.0017598124945081839,1.6037040957761892,0.0017598077194400652,1.6037041005512573,0.0017598124945081839,1.6020262567036672,8.196864691800698e-05
0.09999999999999999,0.4541015625,1.6019442880567492,0.0,0.9586941003799438,0.6432501876768053,1.6056836768331746,0.003739388776425434,1.6056836768331746,0.003739388776425434,1.6056836768331746,0.003739388776425434,1.6056836768331746,0.003739388776425434,1.601996698756593,5.241069984385227e-05
0.09999999999999999,0.4560546875,1.6019442880567492,0.0,0.9675349593162537,0.6344093287404955,1.6056836768331746,0.003739388776425434,1.6056836768331746,0.003739388776425434,1.6056836768331746,0.003739388776425434,1.6056836768331746,0.003739388776425434,1.6019579364624488,1.3648405699617783e-05
0.09999999999999999,0.4580078125,1.6019442880567492,0.0,0.9772223234176636,0.6247219646390856,1.6056836768331746,0.003739388776425434,1.6056836768331746,0.003739388776425434,1.6056836768331746,0.003739388776425434,1.6056836768331746,0.003739388776425434,1.6019281976231796,1.6090433569537765e-05
0.09999999999999999,0.4599609375,1.6019442880567492,0.0,0.9874533414840698,0.6144909465726793,1.6056836768331746,0.003739388776425434,1.6056836768331746,0.003739388776425434,1.6056836768331746,0.003739388776425434,1.6056836768331746,0.003739388776425434,1.6019843380109335,4.004995418438462e-05
0.09999999999999999,0.4619140625,1.6019442880567492,0.0,0.9979477524757385,0.6039965355810106,1.6038503061187375,0.0019060180619883127,1.6052253341545653,0.0032810460978160982,1.6052253297341805,0.0032810416774313733,1.6052253341545653,0.0032810460978160982,1.601957522700294,1.323464354485715e-05
0.09999999999999999,0.4638671875,1.6019442880567492,0.0,1.0084649324417114,0.5934793556150377,1.6038503061187375,0.0019060180619883127,1.6043086487973468,0.0023643607405976486,1.6043086473238852,0.0023643592671360736,1.6043086487973468,0.0023643607405976486,1.6019805244234768,3.6236366727671054e-05
0.09999999999999999,0.4658203125,1.6019442880567492,0.0,1.0188233852386475,0.5831209028181017,1.6038503061187375,0.0019060180619883127,1.6033919634401281,0.0014476753833789768,1.6033919649135897,0.0014476768568405518,1.6033919634401281,0.0014476753833789768,1.6019471431109553,2.8550542061633877e-06
0.09999999999999999,0.4677734375,1.6019442880567492,0.0,1.028913974761963,0.5730303132947863,1.6038503061187375,0.0019060180619883127,1.6024752780829097,0.0005309900261605272,1.6024752825032944,0.0005309944465452521,1.6024752780829097,0.0005309900261605272,1.6019449675269337,6.794701845613815e-07
0.09999999999999999,0.4697265625,1.6019442880567492,0.0,1.0386935472488403,0.5632507408079088,1.5974472145996859,0.004497073457063294,1.5974472145996859,0.004497073457063294,1.5974472145996859,0.004497073457063294,1.5974472145996859,0.004497073457063294,1.6019004523099762,4.383574677291335e-05
0.09999999999999999,0.4716796875,1.6019442880567492,0.0,1.0481592416763306,0.5537850463804186,1.5974472145996859,0.004497073457063294,1.5974472145996859,0.004497073457063294,1.5974472145996859,0.004497073457063294,1.5974472145996859,0.004497073457063294,1.6018770213785967,6.726667815248888e-05
0.09999999999999999,0.4736328125,1.6019442880567492,0.0,1.0573126077651978,0.5446316802915514,1.5974472145996859,0.004497073457063294,1.5974472145996859,0.004497073457063294,1.5974472145996859,0.004497073457063294,1.5974472145996859,0.004497073457063294,1.601802263780285,0.00014202427646425875
0.09999999999999999,0.4755859375,1.6019442880567492,0.0,1.0661332607269287,0.5358110273298204,1.5974472145996859,0.004497073457063294,1.5974472145996859,0.004497073457063294,1.5974472145996859,0.004497073457063294,1.5974472145996859,0.004497073457063294,1.6017441455535883,0.00020014250316080506
0.09999999999999999,0.4775390625,1.6019442880567492,0.0,1.0745738744735718,0.5273704135831774,1.595204009844137,0.00674027821261225,1.595204009844137,0.00674027821261225,1.595204009844137,0.00674027821261225,1.595204009844137,0.00674027821261225,1.601611598696376,0.0003326893603732284
0.09999999999999999,0.4794921875,1.6019442880567492,0.0,1.082576870918274,0.5193674171384752,1.595204009844137,0.00674027821261225,1.595204009844137,0.00674027821261225,1.595204009844137,0.00674027821261225,1.595204009844137,0.00674027821261225,1.6015099380123146,0.0004343500444345949
0.09999999999999999,0.4814453125,1.6019442880567492,0.0,1.090104341506958,0.5118399465497911,1.595204009844137,0.00674027821261225,1.595204009844137,0.00674027821261225,1.595204009844137,0.00674027821261225,1.595204009844137,0.00674027821261225,1.6012928153417185,0.0006514727150306321
0.09999999999999999,0.4833984375,1.6019442880567492,0.0,1.0971728563308716,0.5047714317258776,1.595204009844137,0.00674027821261225,1.595204009844137,0.00674027821261225,1.595204009844137,0.00674027821261225,1.595204009844137,0.00674027821261225,1.6010748880781291,0.0008693999786200113
0.09999999999999999,0.4853515625,1.6019442880567492,0.0,1.1038874387741089,0.49805684928264027,1.5985475915248413,0.0033966965319078835,1.5985475915248413,0.0033966965319078835,1.5985475915248413,0.0033966965319078835,1.5985475915248413,0.0033966965319078835,1.600734517659054,0.001209770397695209
0.09999999999999999,0.4873046875,1.6019442880567492,0.0,1.1104602813720703,0.49148400668467884,1.5985475915248413,0.0033966965319078835,1.5985475915248413,0.0033966965319078835,1.5985475915248413,0.0033966965319078835,1.5985475915248413,0.0033966965319078835,1.600486350606151,0.0014579374505980791
0.09999999999999999,0.4892578125,1.6019442880567492,0.0,1.1172053813934326,0.48473890666331654,1.5985475915248413,0.0033966965319078835,1.5985475915248413,0.0033966965319078835,1.5985475915248413,0.0033966965319078835,1.5985475915248413,0.0033966965319078835,1.600273664496992,0.0016706235597572228
0.09999999999999999,0.4912109375,1.6019442880567492,0.0,1.124498963356018,0.4774453247007311,1.5985475915248413,0.0033966965319078835,1.5985475915248413,0.0033966965319078835,1.5985475915248413,0.0033966965319078835,1.5985475915248413,0.0033966965319078835,1.6003010718317798,0.0016432162249693238
0.09999999999999999,0.4931640625,1.6019442880567492,0.0,1.132716417312622,0.4692278707441271,1.5795859814583948,0.02235830659835436,1.5795859814583948,0.02235830659835436,1.5795859814583948,0.02235830659835436,1.5795859814583948,0.02235830659835436,1.6005622469338854,0.0013820411228637752
0.09999999999999999,0.4951171875,1.6019442880567492,0.0,1.142162561416626,0.4597817266401232,1.5795859814583948,0.02235830659835436,1.5795859814583948,0.02235830659835436,1.5795859814583948,0.02235830659835436,1.5795859814583948,0.02235830659835436,1.6006579003744186,0.0012863876823305809
0.09999999999999999,0.4970703125,1.6019442880567492,0.0,1.153014063835144,0.4489302242216051,1.5795859814583948,0.02235830659835436,1.5795859814583948,0.02235830659835436,1.5795859814583948,0.02235830659835436,1.5795859814583948,0.02235830659835436,1.598832104010634,0.0031121840461152406
0.09999999999999999,0.4990234375,1.6019442880567492,0.0,1.1652816534042358,0.4366626346525133,1.5795859814583948,0.02235830659835436,1.5795859814583948,0.02235830659835436,1.5795859814583948,0.02235830659835436,1.5795859814583948,0.02235830659835436,1.577125958423066,0.024818329633683245
0.09999999999999999,0.5009765625,1.6019442880567492,0.0,1.362627387046814,0.2393169010099352,1.5795859814583955,0.022358306598353694,1.5795859814583955,0.022358306598353694,1.5795859814583955,0.022358306598353694,1.5795859814583955,0.022358306598353694,1.577125958423066,0.024818329633683245
0.09999999999999999,0.5029296875,1.6019442880567492,0.0,1.38204026222229,0.21990402583445912,1.5795859814583955,0.022358306598353694,1.5795859814583955,0.022358306598353694,1.5795859814583955,0.022358306598353694,1.5795859814583955,0.022358306598353694,1.598832104010626,0.003112184046123234
0.09999999999999999,0.5048828125,1.6019442880567492,0.0,1.4007564783096313,0.2011878097471178,1.5795859814583955,0.022358306598353694,1.5795859814583955,0.022358306598353694,1.5795859814583955,0.022358306598353694,1.5795859814583955,0.022358306598353694,1.6006579003744148,0.0012863876823343556
0.09999999999999999,0.5068359375,1.6019442880567492,0.0,1.4179126024246216,0.18403168563212757,1.5795859814583955,0.022358306598353694,1.5795859814583955,0.022358306598353694,1.5795859814583955,0.022358306598353694,1.5795859814583955,0.022358306598353694,1.6005622469338872,0.0013820411228619989
0.09999999999999999,0.5087890625,1.6019442880567492,0.0,1.4326326847076416,0.16931160334910755,1.598547591524842,0.0033966965319072173,1.598547591524842,0.0033966965319072173,1.598547591524842,0.0033966965319072173,1.598547591524842,0.0033966965319072173,1.6003010718317778,0.0016432162249713222
0.09999999999999999,0.5107421875,1.6019442880567492,0.0,1.4440767765045166,0.15786751155223255,1.598547591524842,0.0033966965319072173,1.598547591524842,0.0033966965319072173,1.598547591524842,0.0033966965319072173,1.598547591524842,0.0033966965319072173,1.6002736644969917,0.0016706235597574448
0.09999999999999999,0.5126953125,1.6019442880567492,0.0,1.4514836072921753,0.15046068076457386,1.598547591524842,0.0033966965319072173,1.598547591524842,0.0033966965319072173,1.598547591524842,0.0033966965319072173,1.598547591524842,0.0033966965319072173,1.600486350606153,0.0014579374505960807
0.09999999999999999,0.5146484375,1.6019442880567492,0.0,1.4542096853256226,0.1477346027311266,1.598547591524842,0.0033966965319072173,1.598547591524842,0.0033966965319072173,1.598547591524842,0.0033966965319072173,1.598547591524842,0.0033966965319072173,1.6007345176590593,0.00120977039768988
0.09999999999999999,0.5166015625,1.6019442880567492,0.0,1.4517742395401,0.15017004851664906,1.5952040098441367,0.006740278212612472,1.5952040098441367,0.006740278212612472,1.5952040098441367,0.006740278212612472,1.5952040098441367,0.006740278212612472,1.6010748880781285,0.0008693999786206774
0.09999999999999999,0.5185546875,1.6019442880567492,0.0,1.4439245462417603,0.1580197418149889,1.5952040098441367,0.006740278212612472,1.5952040098441367,0.006740278212612472,1.5952040098441367,0.006740278212612472,1.5952040098441367,0.006740278212612472,1.6012928153417152,0.0006514727150339628
0.09999999999999999,0.5205078125,1.6019442880567492,0.0,1.4307149648666382,0.17122932319011097,1.5952040098441367,0.006740278212612472,1.5952040098441367,0.006740278212612472,1.5952040098441367,0.006740278212612472,1.5952040098441367,0.006740278212612472,1.601509938012303,0.0004343500444461412
0.09999999999999999,0.5224609375,1.6019442880567492,0.0,1.4125845432281494,0.18935974482859974,1.5952040098441367,0.006740278212612472,1.5952040098441367,0.006740278212612472,1.5952040098441367,0.006740278212612472,1.5952040098441367,0.006740278212612472,1.6016115986963737,0.00033268936037544883
0.09999999999999999,0.5244140625,1.6019442880567492,0.0,1.3903844356536865,0.21155985240306263,1.597447214599685,0.004497073457064182,1.597447214599685,0.004497073457064182,1.597447214599685,0.004497073457064182,1.597447214599685,0.004497073457064182,1.6017441455535906,0.00020014250315858462
0.09999999999999999,0.5263671875,1.6019442880567492,0.0,1.365326166152954,0.23661812190379505,1.597447214599685,0.004497073457064182,1.597447214599685,0.004497073457064182,1.597447214599685,0.004497073457064182,1.597447214599685,0.004497073457064182,1.6018022637802822,0.00014202427646692328
0.09999999999999999,0.5283203125,1.6019442880567492,0.0,1.3388532400131226,0.2630910480436266,1.597447214599685,0.004497073457064182,1.597447214599685,0.004497073457064182,1.597447214599685,0.004497073457064182,1.597447214599685,0.004497073457064182,1.6018770213785947,6.726667815448728e-05
0.09999999999999999,0.5302734375,1.6019442880567492,0.0,1.312476396560669,0.2894678914960802,1.597447214599685,0.004497073457064182,1.597447214599685,0.004497073457064182,1.597447214599685,0.004497073457064182,1.597447214599685,0.004497073457064182,1.601900452309975,4.383574677424562e-05
0.09999999999999999,0.5322265625,1.6019442880567492,0.0,1.2876235246658325,0.31432076339091664,1.6038503061187368,0.0019060180619876466,1.6024752780829083,0.0005309900261591949,1.6024752785971912,0.0005309905404420334,1.6024752780829083,0.0005309900261591949,1.6019449675269346,6.7947018544956e-07
0.09999999999999999,0.5341796875,1.6019442880567492,0.0,1.2655359506607056,0.3364083373960436,1.6038503061187368,0.0019060180619876466,1.6033919634401272,0.0014476753833780887,1.6033919636115548,0.0014476755548056275,1.6033919634401272,0.0014476753833780887,1.6019471431109555,2.8550542063854323e-06
0.09999999999999999,0.5361328125,1.6019442880567492,0.0,1.2605260610580444,0.3414182269987047,1.6038503061187368,0.0019060180619876466,1.6043086487973464,0.0023643607405972045,1.6043086486259188,0.0023643605691696656,1.6043086487973464,0.0023643607405972045,1.6019805244234682,3.6236366719011315e-05
0.09999999999999999,0.5380859375,1.6019442880567492,0.0,1.2607396841049194,0.3412046039518297,1.6038503061187368,0.0019060180619876466,1.6052253341545653,0.0032810460978160982,1.6052253336402824,0.0032810455835332597,1.6052253341545653,0.0032810460978160982,1.6019575227002916,1.3234643542414659e-05
0.09999999999999999,0.5400390625,1.6019442880567492,0.0,1.265023946762085,0.3369203412946642,1.6056836768331748,0.003739388776425656,1.6056836768331748,0.003739388776425656,1.6056836768331748,0.003739388776425656,1.6056836768331748,0.003739388776425656,1.6019843380109384,4.00499541892696e-05
0.09999999999999999,0.5419921875,1.6019442880567492,0.0,1.2736400365829468,0.3283042514738024,1.6056836768331748,0.003739388776425656,1.6056836768331748,0.003739388776425656,1.6056836768331748,0.003739388776425656,1.6056836768331748,0.003739388776425656,1.601928197623173,1.6090433576199104e-05
0.09999999999999999,0.5439453125,1.6019442880567492,0.0,1.2866233587265015,0.3153209293302477,1.6056836768331748,0.003739388776425656,1.6056836768331748,0.003739388776425656,1.6056836768331748,0.003739388776425656,1.6056836768331748,0.003739388776425656,1.6019579364624468,1.3648405697619381e-05
0.09999999999999999,0.5458984375,1.6019442880567492,0.0,1.3037456274032593,0.2981986606534899,1.6056836768331748,0.003739388776425656,1.6056836768331748,0.003739388776425656,1.6056836768331748,0.003739388776425656,1.6056836768331748,0.003739388776425656,1.601996698756588,5.2410699838745245e-05
0.09999999999999999,0.5478515625,1.6019442880567492,0.0,1.324508547782898,0.2774357402738512,1.6009535695068484,0.0009907185499007376,1.6037041005512578,0.001759812494508628,1.6037041005175825,0.0017598124608333432,1.6037041005512578,0.001759812494508628,1.602026256703666,8.196864691689676e-05
0.09999999999999999,0.5498046875,1.6019442880567492,0.0,1.3481712341308594,0.2537730539258898,1.6009535695068484,0.0009907185499007376,1.6018704131883181,7.387486843102309e-05,1.6018704138579534,7.387419879578694e-05,1.6018704131883181,7.387486843102309e-05,1.6018897158117091,5.4572245040018785e-05
0.09999999999999999,0.5517578125,1.6019442880567492,0.0,1.3738304376602173,0.22811385039653187,1.6009535695068484,0.0009907185499007376,1.6000367258253787,0.0019075622313704521,1.6000367271983247,0.001907560858424473,1.6000367258253787,0.0019075622313704521,1.601887200098414,5.7087958335255706e-05
0.09999999999999999,0.5537109375,1.6019442880567492,0.0,1.400539755821228,0.20140453223552113,1.6009535695068484,0.0009907185499007376,1.598203038462439,0.003741249594310103,1.5982030364535331,0.0037412516032160337,1.598203038462439,0.003741249594310103,1.6019351938929214,9.09416382777195e-06
0.09999999999999999,0.5556640625,1.6019442880567492,0.0,1.4274450540542603,0.1744992340024889,1.591014177929658,0.010930110127091108,1.591014177929658,0.010930110127091108,1.591014177929658,0.010930110127091108,1.591014177929658,0.010930110127091108,1.6021124813678158,0.00016819331106665558
0.09999999999999999,0.5576171875,1.6019442880567492,0.0,1.453891634941101,0.14805265311564808,1.591014177929658,0.010930110127091108,1.591014177929658,0.010930110127091108,1.591014177929658,0.010930110127091108,1.591014177929658,0.010930110127091108,1.6021008956322398,0.00015660757549063042
0.09999999999999999,0.5595703125,1.6019442880567492,0.0,1.479455590248108,0.12248869780864124,1.591014177929658,0.010930110127091108,1.591014177929658,0.010930110127091108,1.591014177929658,0.010930110127091108,1.591014177929658,0.010930110127091108,1.6017770692095101,0.0001672188472390257
0.09999999999999999,0.5615234375,1.6019442880567492,0.0,1.5039029121398926,0.09804137591685658,1.591014177929658,0.010930110127091108,1.591014177929658,0.010930110127091108,1.591014177929658,0.010930110127091108,1.591014177929658,0.010930110127091108,1.601589831374051,0.00035445668269806774
0.09999999999999999,0.5634765625,1.6019442880567492,0.0,1.5270922183990479,0.0748520696577013,1.5915148187127586,0.010429469343990583,1.591139338125433,0.010804949931316088,1.5911393391428423,0.01080494891390682,1.591139338125433,0.010804949931316088,1.6020585672853493,0.00011427922860018924
0.09999999999999999,0.5654296875,1.6019442880567492,0.0,1.5488770008087158,0.053067287248033335,1.5915148187127586,0.010429469343990583,1.5913896585169836,0.010554629539765603,1.59138965885612,0.010554629200629106,1.5913896585169836,0.010554629539765603,1.6025137929828492,0.000569504926100084
0.09999999999999999,0.5673828125,1.6019442880567492,0.0,1.5690370798110962,0.032907208245652964,1.5915148187127586,0.010429469343990583,1.5916399789085336,0.010304309148215562,1.591639978569397,0.010304309487352059,1.5916399789085336,0.010304309148215562,1.6021979570921263,0.00025366903537715757
0.09999999999999999,0.5693359375,1.6019442880567492,0.0,1.5872620344161987,0.014682253640550424,1.5915148187127586,0.010429469343990583,1.591890299300084,0.010053988756665078,1.5918902982826748,0.010053989774074346,1.591890299300084,0.010053988756665078,1.6010094197076286,0.0009348683491205989
0.09999999999999999,0.5712890625,1.6019442880567492,0.0002024444954288883,1.6031728982925415,0.001228610235792349,1.6136499141065908,0.0117056260498416,1.6093682146996398,0.007423926642890599,1.609368254245374,0.007423966188624842,1.6093690815061157,0.007424793449366529,1.6011011534634139,0.000843134593335293
0.09999999999999999,0.5732421875,1.6019442880567492,0.0002024444954288883,1.616373062133789,0.014428774077039908,1.6136499141065908,0.0117056260498416,1.6122226809709406,0.010278392914191414,1.612222694152852,0.010278406096102755,1.6122229699064325,0.010278681849683391,1.6028726859645106,0.0009283979077614468
0.09999999999999999,0.5751953125,1.6019442880567492,0.0002024444954288883,1.6264899969100952,0.02454570885334606,1.6136499141065908,0.0117056260498416,1.615077147242241,0.013132859185491785,1.6150771340603296,0.013132846003580445,1.615076858306749,0.013132570249999809,1.603672146745457,0.0017278586887079506
0.09999999999999999,0.5771484375,1.6019442880567492,0.0002024444954288883,1.6332001686096191,0.031255880552869986,1.6136499141065908,0.0117056260498416,1.6179316135135418,0.0159873254567926,1.6179315739678075,0.015987285911058358,1.6179307467070658,0.01598645865031667,1.6016818102497996,0.0002624778069495459
0.09999999999999999,0.5791015625,1.6019442880567492,0.0013573367220828356,1.6362264156341553,0.03428212757740612,1.619358846649192,0.017414558592442786,1.619358846649192,0.017414558592442786,1.619358846649192,0.017414558592442786,1.619358846649192,0.017414558592442786,1.5992276301454174,0.002716657911331799
0.09999999999999999,0.5810546875,1.6019442880567492,0.0013573367220828356,1.6353163719177246,0.033372083860975454,1.619358846649192,0.017414558592442786,1.619358846649192,0.017414558592442786,1.619358846649192,0.017414558592442786,1.619358846649192,0.017414558592442786,1.5996883179436288,0.002255970113120398
0.09999999999999999,0.5830078125,1.6019442880567492,0.0013573367220828356,1.6302273273468018,0.028283039290052603,1.619358846649192,0.017414558592442786,1.619358846649192,0.017414558592442786,1.619358846649192,0.017414558592442786,1.619358846649192,0.017414558592442786,1.605631988397699,0.0036877003409498954
0.09999999999999999,0.5849609375,1.6019442880567492,0.0013573367220828356,1.6207431554794312,0.018798867422681997,1.619358846649192,0.017414558592442786,1.619358846649192,0.017414558592442786,1.619358846649192,0.017414558592442786,1.619358846649192,0.017414558592442786,1.6079124634686086,0.0059681754118594554
0.09999999999999999,0.5869140625,1.6019442880567492,0.0003380075938459725,1.6067293882369995,0.004785100180250357,1.5549664156369472,0.046977872419802,1.5549664156369472,0.046977872419802,1.5549664156369472,0.046977872419802,1.5549664156369472,0.046977872419802,1.598682009417294,0.003262278639455163
0.09999999999999999,0.5888671875,1.6019442880567492,0.0003380075938459725,1.588227391242981,0.013716896813768198,1.5549664156369472,0.046977872419802,1.5549664156369472,0.046977872419802,1.5549664156369472,0.046977872419802,1.5549664156369472,0.046977872419802,1.5901822882982652,0.01176199975848391
0.09999999999999999,0.5908203125,1.6019442880567492,0.0003380075938459725,1.5655509233474731,0.03639336470927601,1.5549664156369472,0.046977872419802,1.5549664156369472,0.046977872419802,1.5549664156369472,0.046977872419802,1.5549664156369472,0.046977872419802,1.5998885505594302,0.00205573749731891
0.09999999999999999,0.5927734375,1.6019442880567492,0.0003380075938459725,1.5393460988998413,0.06259818915690785,1.5549664156369472,0.046977872419802,1.5549664156369472,0.046977872419802,1.5549664156369472,0.046977872419802,1.5549664156369472,0.046977872419802,1.6204029831205142,0.018458695063765074
0.09999999999999999,0.5947265625,1.6019442880567492,0.039080880604753475,1.5105867385864258,0.09135754947032337,1.4215662428585474,0.18037804519820178,1.505654328801331,0.09628995925541806,1.5056546677574008,0.0962896202993484,1.5108643479260968,0.09107994013065235,1.6126563936798726,0.010712105623123414
0.09999999999999999,0.5966796875,1.6019442880567492,0.039080880604753475,1.4805028438568115,0.12144144419993763,1.4215662428585474,0.18037804519820178,1.4495956048394754,0.1523486832172738,1.4495960863273045,0.15234820172944463,1.4569964482622493,0.14494783979449988,1.5636587764412946,0.03828551161545457
0.09999999999999999,0.5986328125,1.6019442880567492,0.039080880604753475,1.4504557847976685,0.1514885032590807,1.4215662428585474,0.18037804519820178,1.3935368808776194,0.20840740717912976,1.3935368682209928,0.2084074198357564,1.393342338657575,0.2086019493991742,1.4944755091234925,0.10746877893325668
0.09999999999999999,0.6005859375,1.0,0.039080880604753475,1.421797752380371,0.4217977523803711,1.4215662428585474,0.4215662428585474,1.3374781569157637,0.33747815691576366,1.3374773491284915,0.3374773491284915,1.3250618365882685,0.3250618365882685,1.181593012385059,0.1815930123850591
0.09999999999999999,0.6025390625,1.0,0.00512090555673497,1.3957403898239136,0.3957403898239136,1.106496623942101,0.10649662394210102,1.1855101800508996,0.1855101800508996,1.1855103250554422,0.18551032505544218,1.1865265840526626,0.18652658405266265,1.0060896333348237,0.0060896333348237075
0.09999999999999999,0.6044921875,1.0,0.00512090555673497,1.3811089992523193,0.38110899925231934,1.106496623942101,0.10649662394210102,1.1328344759783673,0.13283447597836728,1.1328343891602153,0.13283438916021528,1.1322259273387563,0.13222592733875627,1.0,0.0
0.09999999999999999,0.6064453125,1.0,0.00512090555673497,1.3550392389297485,0.35503923892974854,1.106496623942101,0.10649662394210102,1.0801587719058348,0.08015877190583476,1.0801587235709873,0.0801587235709873,1.0798199705719138,0.07981997057191381,1.0,0.0
0.09999999999999999,0.6083984375,1.0,0.00512090555673497,1.3414623737335205,0.3414623737335205,1.106496623942101,0.10649662394210102,1.0274830678333025,0.027483067833302455,1.0274830579817593,0.027483057981759318,1.0274140138050714,0.027414013805071358,1.0,0.0
0.09999999999999999,0.6103515625,1.0,1.4005328866787898e-05,1.332623839378357,0.33262383937835693,1.0001606102782878,0.0001606102782878427,1.0002810679870038,0.0002810679870037802,1.0002810680769527,0.0002810680769527174,1.000281072016208,0.00028107201620808375,1.0,0.0
0.09999999999999999,0.6123046875,1.0,1.4005328866787898e-05,1.3283629417419434,0.32836294174194336,1.0001606102782878,0.0001606102782878427,1.0002007628478597,0.00020076284785974785,1.0002007627927687,0.000200762792768705,1.0002007603800918,0.0002007603800917579,1.0,0.0
0.09999999999999999,0.6142578125,1.0,1.4005328866787898e-05,1.3282902240753174,0.3282902240753174,1.0001606102782878,0.0001606102782878427,1.000120457708716,0.00012045770871593753,1.000120457678733,0.00012045767873303248,1.0001204563656478,0.00012045636564783635,1.0,0.0
0.09999999999999999,0.6162109375,1.0,1.4005328866787898e-05,1.3317947387695312,0.33179473876953125,1.0001606102782878,0.0001606102782878427,1.000040152569572,4.015256957190516e-05,1.000040152564697,4.015256469691586e-05,1.0000401523512037,4.015235120369276e-05,1.0,0.0
0.09999999999999999,0.6181640625,1.0,0.0,1.3380177021026611,0.33801770210266113,1.0,0.0,1.0,0.0,1.0,0.0,1.0,0.0,1.0,0.0
0.09999999999999999,0.6201171875,1.0,0.0,1.345802903175354,0.345802903175354,1.0,0.0,1.0,0.0,1.0,0.0,1.0,0.0,1.0,0.0
0.09999999999999999,0.6220703125,1.0,0.0,1.3536596298217773,0.35365962982177734,1.0,0.0,1.0,0.0,1.0,0.0,1.0,0.0,1.0,0.0
0.09999999999999999,0.6240234375,1.0,0.0,1.3597832918167114,0.3597832918167114,1.0,0.0,1.0,0.0,1.0,0.0,1.0,0.0,1.0,0.0
0.09999999999999999,0.6259765625,1.0,0.0,1.3622006177902222,0.36220061779022217,1.0,0.0,1.0,0.0,1.0,0.0,1.0,0.0,1.0,0.0
0.09999999999999999,0.6279296875,1.0,0.0,1.3590387105941772,0.35903871059417725,1.0,0.0,1.0,0.0,1.0,0.0,1.0,0.0,1.0,0.0
0.09999999999999999,0.6298828125,1.0,0.0,1.3488731384277344,0.3488731384277344,1.0,0.0,1.0,0.0,1.0,0.0,1.0,0.0,1.0,0.0
0.09999999999999999,0.6318359375,1.0,0.0,1.341225028038025,0.3412250280380249,1.0,0.0,1.0,0.0,1.0,0.0,1.0,0.0,1.0,0.0
0.09999999999999999,0.6337890625,1.0,0.0,1.3299471139907837,0.3299471139907837,1.0,0.0,1.0,0.0,1.0,0.0,1.0,0.0,1.0,0.0
0.09999999999999999,0.6357421875,1.0,0.0,1.3100366592407227,0.31003665924072266,1.0,0.0,1.0,0.0,1.0,0.0,1.0,0.0,1.0,0.0
0.09999999999999999,0.6376953125,1.0,0.0,1.281078815460205,0.2810788154602051,1.0,0.0,1.0,0.0,1.0,0.0,1.0,0.0,1.0,0.0
0.09999999999999999,0.6396484375,1.0,0.0,1.2439522743225098,0.24395227432250977,1.0,0.0,1.0,0.0,1.0,0.0,1.0,0.0,1.0,0.0
0.09999999999999999,0.6416015625,1.0,0.0,1.2007534503936768,0.20075345039367676,1.0,0.0,1.0,0.0,1.0,0.0,1.0,0.0,1.0,0.0
0.09999999999999999,0.6435546875,1.0,0.0,1.1543593406677246,0.1543593406677246,1.0,0.0,1.0,0.0,1.0,0.0,1.0,0.0,1.0,0.0
0.09999999999999999,0.6455078125,1.0,0.0,1.107840657234192,0.1078406572341919,1.0,0.0,1.0,0.0,1.0,0.0,1.0,0.0,1.0,0.0
0.09999999999999999,0.6474609375,1.0,0.0,1.0639593601226807,0.06395936012268066,1.0,0.0,1.0,0.0,1.0,0.0,1.0,0.0,1.0,0.0
0.09999999999999999,0.6494140625,1.0,0.0,1.0248781442642212,0.02487814426422119,1.0,0.0,1.0,0.0,1.0,0.0,1.0,0.0,1.0,0.0
0.09999999999999999,0.6513671875,1.0,0.0,0.9920763969421387,0.007923603057861328,1.0,0.0,1.0,0.0,1.0,0.0,1.0,0.0,1.0,0.0
0.09999999999999999,0.6533203125,1.0,0.0,0.9663965702056885,0.03360342979431152,1.0,0.0,1.0,0.0,1.0,0.0,1.0,0.0,1.0,0.0
0.09999999999999999,0.6552734375,1.0,0.0,0.948133647441864,0.051866352558135986,1.0,0.0,1.0,0.0,1.0,0.0,1.0,0.0,1.0,0.0
0.09999999999999999,0.6572265625,1.0,0.0,0.9371140599250793,0.06288594007492065,1.0,0.0,1.0,0.0,1.0,0.0,1.0,0.0,1.0,0.0
0.09999999999999999,0.6591796875,1.0,0.0,0.9327574968338013,0.06724250316619873,1.0,0.0,1.0,0.0,1.0,0.0,1.0,0.0,1.0,0.0
0.09999999999999999,0.6611328125,1.0,0.0,0.9341532588005066,0.06584674119949341,1.0,0.0,1.0,0.0,1.0,0.0,1.0,0.0,1.0,0.0
0.09999999999999999,0.6630859375,1.0,0.0,0.9401652812957764,0.05983471870422363,1.0,0.0,1.0,0.0,1.0,0.0,1.0,0.0,1.0,0.0
0.09999999999999999,0.6650390625,1.0,0.0,0.9495559930801392,0.05044400691986084,1.0,0.0,1.0,0.0,1.0,0.0,1.0,0.0,1.0,0.0
0.09999999999999999,0.6669921875,1.0,0.0,0.9610937833786011,0.038906216621398926,1.0,0.0,1.0,0.0,1.0,0.0,1.0,0.0,1.0,0.0
0.09999999999999999,0.6689453125,1.0,0.0,0.9736245274543762,0.02637547254562378,1.0,0.0,1.0,0.0,1.0,0.0,1.0,0.0,1.0,0.0
0.09999999999999999,0.6708984375,1.0,0.0,0.9861143231391907,0.013885676860809326,1.0,0.0,1.0,0.0,1.0,0.0,1.0,0.0,1.0,0.0
0.09999999999999999,0.6728515625,1.0,0.0,0.9976701736450195,0.0023298263549804688,1.0,0.0,1.0,0.0,1.0,0.0,1.0,0.0,1.0,0.0
0.09999999999999999,0.6748046875,1.0,0.0,1.0075278282165527,0.007527828216552734,1.0,0.0,1.0,0.0,1.0,0.0,1.0,0.0,1.0,0.0
0.09999999999999999,0.6767578125,1.0,0.0,1.0149884223937988,0.014988422393798828,1.0,0.0,1.0,0.0,1.0,0.0,1.0,0.0,1.0,0.0
0.09999999999999999,0.6787109375,1.0,0.0,1.019331932067871,0.019331932067871094,1.0,0.0,1.0,0.0,1.0,0.0,1.0,0.0,1.0,0.0
0.09999999999999999,0.6806640625,1.0,0.0,1.0197851657867432,0.019785165786743164,1.0,0.0,1.0,0.0,1.0,0.0,1.0,0.0,1.0,0.0
0.09999999999999999,0.6826171875,1.0,0.0,1.0156197547912598,0.015619754791259766,1.0,0.0,1.0,0.0,1.0,0.0,1.0,0.0,1.0,0.0
0.09999999999999999,0.6845703125,1.0,0.0,1.0063579082489014,0.006357908248901367,1.0,0.0,1.0,0.0,1.0,0.0,1.0,0.0,1.0,0.0
0.09999999999999999,0.6865234375,1.0,0.0,0.9919651746749878,0.008034825325012207,1.0,0.0,1.0,0.0,1.0,0.0,1.0,0.0,1.0,0.0
0.09999999999999999,0.6884765625,1.0,0.0,0.9729256629943848,0.027074337005615234,1.0,0.0,1.0,0.0,1.0,0.0,1.0,0.0,1.0,0.0
0.09999999999999999,0.6904296875,1.0,0.0,0.9501766562461853,0.0498233437538147,1.0,0.0,1.0,0.0,1.0,0.0,1.0,0.0,1.0,0.0
0.09999999999999999,0.6923828125,1.0,0.0,0.9249528050422668,0.07504719495773315,1.0,0.0,1.0,0.0,1.0,0.0,1.0,0.0,1.0,0.0
0.09999999999999999,0.6943359375,1.0,0.0,0.8985792398452759,0.10142076015472412,1.0,0.0,1.0,0.0,1.0,0.0,1.0,0.0,1.0,0.0
0.09999999999999999,0.6962890625,1.0,0.0,0.8722500801086426,0.12774991989135742,1.0,0.0,1.0,0.0,1.0,0.0,1.0,0.0,1.0,0.0
0.09999999999999999,0.6982421875,1.0,0.0,0.846867024898529,0.15313297510147095,1.0,0.0,1.0,0.0,1.0,0.0,1.0,0.0,1.0,0.0
0.09999999999999999,0.7001953125,1.0,0.0,0.822995126247406,0.177004873752594,1.0,0.0,1.0,0.0,1.0,0.0,1.0,0.0,1.0,0.0
0.09999999999999999,0.7021484375,1.0,0.0,0.8009384870529175,0.19906151294708252,1.0,0.0,1.0,0.0,1.0,0.0,1.0,0.0,1.0,0.0
0.09999999999999999,0.7041015625,1.0,0.0,0.7808558344841003,0.21914416551589966,1.0,0.0,1.0,0.0,1.0,0.0,1.0,0.0,1.0,0.0
0.09999999999999999,0.7060546875,1.0,0.0,0.7628546357154846,0.23714536428451538,1.0,0.0,1.0,0.0,1.0,0.0,1.0,0.0,1.0,0.0
0.09999999999999999,0.7080078125,1.0,0.0,0.7470309138298035,0.25296908617019653,1.0,0.0,1.0,0.0,1.0,0.0,1.0,0.0,1.0,0.0
0.09999999999999999,0.7099609375,1.0,0.0,0.7334639430046082,0.26653605699539185,1.0,0.0,1.0,0.0,1.0,0.0,1.0,0.0,1.0,0.0
0.09999999999999999,0.7119140625,1.0,0.0,0.7221908569335938,0.27780914306640625,1.0,0.0,1.0,0.0,1.0,0.0,1.0,0.0,1.0,0.0
0.09999999999999999,0.7138671875,1.0,0.0,0.7204105854034424,0.2795894145965576,1.0,0.0,1.0,0.0,1.0,0.0,1.0,0.0,1.0,0.0
0.09999999999999999,0.7158203125,1.0,0.0,0.7241702675819397,0.2758297324180603,1.0,0.0,1.0,0.0,1.0,0.0,1.0,0.0,1.0,0.0
0.09999999999999999,0.7177734375,1.0,0.0,0.7298228740692139,0.27017712593078613,1.0,0.0,1.0,0.0,1.0,0.0,1.0,0.0,1.0,0.0
0.09999999999999999,0.7197265625,1.0,0.0,0.7370593547821045,0.2629406452178955,1.0,0.0,1.0,0.0,1.0,0.0,1.0,0.0,1.0,0.0
0.09999999999999999,0.7216796875,1.0,0.0,0.7455742955207825,0.25442570447921753,1.0,0.0,1.0,0.0,1.0,0.0,1.0,0.0,1.0,0.0
0.09999999999999999,0.7236328125,1.0,0.0,0.7550760507583618,0.24492394924163818,1.0,0.0,1.0,0.0,1.0,0.0,1.0,0.0,1.0,0.0
0.09999999999999999,0.7255859375,1.0,0.0,0.7652950882911682,0.2347049117088318,1.0,0.0,1.0,0.0,1.0,0.0,1.0,0.0,1.0,0.0
0.09999999999999999,0.7275390625,1.0,0.0,0.7759880423545837,0.22401195764541626,1.0,0.0,1.0,0.0,1.0,0.0,1.0,0.0,1.0,0.0
0.09999999999999999,0.7294921875,1.0,0.0,0.7869385480880737,0.21306145191192627,1.0,0.0,1.0,0.0,1.0,0.0,1.0,0.0,1.0,0.0
0.09999999999999999,0.7314453125,1.0,0.0,0.7979527115821838,0.20204728841781616,1.0,0.0,1.0,0.0,1.0,0.0,1.0,0.0,1.0,0.0
0.09999999999999999,0.7333984375,1.0,0.0,0.8088497519493103,0.1911502480506897,1.0,0.0,1.0,0.0,1.0,0.0,1.0,0.0,1.0,0.0
0.09999999999999999,0.7353515625,1.0,0.0,0.8194503784179688,0.18054962158203125,1.0,0.0,1.0,0.0,1.0,0.0,1.0,0.0,1.0,0.0
0.09999999999999999,0.7373046875,1.0,0.0,0.829567015171051,0.17043298482894897,1.0,0.0,1.0,0.0,1.0,0.0,1.0,0.0,1.0,0.0
0.09999999999999999,0.7392578125,1.0,0.0,0.8390048146247864,0.16099518537521362,1.0,0.0,1.0,0.0,1.0,0.0,1.0,0.0,1.0,0.0
0.09999999999999999,0.7412109375,1.0,0.0,0.8475726246833801,0.15242737531661987,1.0,0.0,1.0,0.0,1.0,0.0,1.0,0.0,1.0,0.0
0.09999999999999999,0.7431640625,1.0,0.0,0.8551086187362671,0.1448913812637329,1.0,0.0,1.0,0.0,1.0,0.0,1.0,0.0,1.0,0.0
0.09999999999999999,0.7451171875,1.0,0.0,0.8615078330039978,0.1384921669960022,1.0,0.0,1.0,0.0,1.0,0.0,1.0,0.0,1.0,0.0
0.09999999999999999,0.7470703125,1.0,0.0,0.8667489886283875,0.13325101137161255,1.0,0.0,1.0,0.0,1.0,0.0,1.0,0.0,1.0,0.0
0.09999999999999999,0.7490234375,1.0,0.0,0.8709021210670471,0.12909787893295288,1.0,0.0,1.0,0.0,1.0,0.0,1.0,0.0,1.0,0.0
0.09999999999999999,0.7509765625,1.0,0.0,0.8741209506988525,0.12587904930114746,1.0,0.0,1.0,0.0,1.0,0.0,1.0,0.0,1.0,0.0
0.09999999999999999,0.7529296875,1.0,0.0,0.876614511013031,0.123385488986969,1.0,0.0,1.0,0.0,1.0,0.0,1.0,0.0,1.0,0.0
0.09999999999999999,0.7548828125,1.0,0.0,0.8786077499389648,0.12139225006103516,1.0,0.0,1.0,0.0,1.0,0.0,1.0,0.0,1.0,0.0
0.09999999999999999,0.7568359375,1.0,0.0,0.8803046345710754,0.11969536542892456,1.0,0.0,1.0,0.0,1.0,0.0,1.0,0.0,1.0,0.0
0.09999999999999999,0.7587890625,1.0,0.0,0.8818563222885132,0.11814367771148682,1.0,0.0,1.0,0.0,1.0,0.0,1.0,0.0,1.0,0.0
0.09999999999999999,0.7607421875,1.0,0.0,0.8833497166633606,0.1166502833366394,1.0,0.0,1.0,0.0,1.0,0.0,1.0,0.0,1.0,0.0
0.09999999999999999,0.7626953125,1.0,0.0,0.8848080039024353,0.1151919960975647,1.0,0.0,1.0,0.0,1.0,0.0,1.0,0.0,1.0,0.0
0.09999999999999999,0.7646484375,1.0,0.0,0.8862120509147644,0.1137879490852356,1.0,0.0,1.0,0.0,1.0,0.0,1.0,0.0,1.0,0.0
0.09999999999999999,0.7666015625,1.0,0.0,0.8875311613082886,0.11246883869171143,1.0,0.0,1.0,0.0,1.0,0.0,1.0,0.0,1.0,0.0
0.09999999999999999,0.7685546875,1.0,0.0,0.8887563943862915,0.1112436056137085,1.0,0.0,1.0,0.0,1.0,0.0,1.0,0.0,1.0,0.0
0.09999999999999999,0.7705078125,1.0,0.0,0.8899350166320801,0.11006498336791992,1.0,0.0,1.0,0.0,1.0,0.0,1.0,0.0,1.0,0.0
0.09999999999999999,0.7724609375,1.0,0.0,0.8911886215209961,0.1088113784790039,1.0,0.0,1.0,0.0,1.0,0.0,1.0,0.0,1.0,0.0
0.09999999999999999,0.7744140625,1.0,0.0,0.8927156329154968,0.10728436708450317,1.0,0.0,1.0,0.0,1.0,0.0,1.0,0.0,1.0,0.0
0.09999999999999999,0.7763671875,1.0,0.0,0.894773006439209,0.10522699356079102,1.0,0.0,1.0,0.0,1.0,0.0,1.0,0.0,1.0,0.0
0.09999999999999999,0.7783203125,1.0,0.0,0.8976389765739441,0.10236102342605591,1.0,0.0,1.0,0.0,1.0,0.0,1.0,0.0,1.0,0.0
0.09999999999999999,0.7802734375,1.0,0.0,0.9015690088272095,0.09843099117279053,1.0,0.0,1.0,0.0,1.0,0.0,1.0,0.0,1.0,0.0
0.09999999999999999,0.7822265625,1.0,0.0,0.9067491888999939,0.0932508111000061,1.0,0.0,1.0,0.0,1.0,0.0,1.0,0.0,1.0,0.0
0.09999999999999999,0.7841796875,1.0,0.0,0.9132550954818726,0.08674490451812744,1.0,0.0,1.0,0.0,1.0,0.0,1.0,0.0,1.0,0.0
0.09999999999999999,0.7861328125,1.0,0.0,0.9210248589515686,0.0789751410484314,1.0,0.0,1.0,0.0,1.0,0.0,1.0,0.0,1.0,0.0
0.09999999999999999,0.7880859375,1.0,0.0,0.9298462271690369,0.07015377283096313,1.0,0.0,1.0,0.0,1.0,0.0,1.0,0.0,1.0,0.0
0.09999999999999999,0.7900390625,1.0,0.0,0.939359188079834,0.060640811920166016,1.0,0.0,1.0,0.0,1.0,0.0,1.0,0.0,1.0,0.0
0.09999999999999999,0.7919921875,1.0,0.0,0.9490799903869629,0.05092000961303711,1.0,0.0,1.0,0.0,1.0,0.0,1.0,0.0,1.0,0.0
0.09999999999999999,0.7939453125,1.0,0.0,0.9584357142448425,0.04156428575515747,1.0,0.0,1.0,0.0,1.0,0.0,1.0,0.0,1.0,0.0
0.09999999999999999,0.7958984375,1.0,0.0,0.966815173625946,0.033184826374053955,1.0,0.0,1.0,0.0,1.0,0.0,1.0,0.0,1.0,0.0
0.09999999999999999,0.7978515625,1.0,0.0,0.9736229181289673,0.026377081871032715,1.0,0.0,1.0,0.0,1.0,0.0,1.0,0.0,1.0,0.0
0.09999999999999999,0.7998046875,1.0,0.0,0.9783350825309753,0.021664917469024658,1.0,0.0,1.0,0.0,1.0,0.0,1.0,0.0,1.0,0.0
0.09999999999999999,0.8017578125,1.0,0.0,0.9805517792701721,0.01944822072982788,1.0,0.0,1.0,0.0,1.0,0.0,1.0,0.0,1.0,0.0
0.09999999999999999,0.8037109375,1.0,0.0,0.9800416827201843,0.019958317279815674,1.0,0.0,1.0,0.0,1.0,0.0,1.0,0.0,1.0,0.0
0.09999999999999999,0.8056640625,1.0,0.0,0.9767730236053467,0.02322697639465332,1.0,0.0,1.0,0.0,1.0,0.0,1.0,0.0,1.0,0.0
0.09999999999999999,0.8076171875,1.0,0.0,0.9709358811378479,0.0290641188621521,1.0,0.0,1.0,0.0,1.0,0.0,1.0,0.0,1.0,0.0
0.09999999999999999,0.8095703125,1.0,0.0,0.9629392027854919,0.03706079721450806,1.0,0.0,1.0,0.0,1.0,0.0,1.0,0.0,1.0,0.0
0.09999999999999999,0.8115234375,1.0,0.0,0.9533853530883789,0.046614646911621094,1.0,0.0,1.0,0.0,1.0,0.0,1.0,0.0,1.0,0.0
0.09999999999999999,0.8134765625,1.0,0.0,0.9430185556411743,0.056981444358825684,1.0,0.0,1.0,0.0,1.0,0.0,1.0,0.0,1.0,0.0
0.09999999999999999,0.8154296875,1.0,0.0,0.9326503276824951,0.06734967231750488,1.0,0.0,1.0,0.0,1.0,0.0,1.0,0.0,1.0,0.0
0.09999999999999999,0.8173828125,1.0,0.0,0.9230780005455017,0.07692199945449829,1.0,0.0,1.0,0.0,1.0,0.0,1.0,0.0,1.0,0.0
0.09999999999999999,0.8193359375,1.0,0.0,0.9150084853172302,0.08499151468276978,1.0,0.0,1.0,0.0,1.0,0.0,1.0,0.0,1.0,0.0
0.09999999999999999,0.8212890625,1.0,0.0,0.909004807472229,0.090995192527771,1.0,0.0,1.0,0.0,1.0,0.0,1.0,0.0,1.0,0.0
0.09999999999999999,0.8232421875,1.0,0.0,0.9054502248764038,0.09454977512359619,1.0,0.0,1.0,0.0,1.0,0.0,1.0,0.0,1.0,0.0
0.09999999999999999,0.8251953125,1.0,0.0,0.9045400023460388,0.09545999765396118,1.0,0.0,1.0,0.0,1.0,0.0,1.0,0.0,1.0,0.0
0.09999999999999999,0.8271484375,1.0,0.0,0.9062801599502563,0.09371984004974365,1.0,0.0,1.0,0.0,1.0,0.0,1.0,0.0,1.0,0.0
0.09999999999999999,0.8291015625,1.0,0.0,0.9104963541030884,0.08950364589691162,1.0,0.0,1.0,0.0,1.0,0.0,1.0,0.0,1.0,0.0
0.09999999999999999,0.8310546875,1.0,0.0,0.9168439507484436,0.0831560492515564,1.0,0.0,1.0,0.0,1.0,0.0,1.0,0.0,1.0,0.0
0.09999999999999999,0.8330078125,1.0,0.0,0.9248170852661133,0.07518291473388672,1.0,0.0,1.0,0.0,1.0,0.0,1.0,0.0,1.0,0.0
0.09999999999999999,0.8349609375,1.0,0.0,0.9337722063064575,0.06622779369354248,1.0,0.0,1.0,0.0,1.0,0.0,1.0,0.0,1.0,0.0
0.09999999999999999,0.8369140625,1.0,0.0,0.942953884601593,0.05704611539840698,1.0,0.0,1.0,0.0,1.0,0.0,1.0,0.0,1.0,0.0
0.09999999999999999,0.8388671875,1.0,0.0,0.9515441060066223,0.048455893993377686,1.0,0.0,1.0,0.0,1.0,0.0,1.0,0.0,1.0,0.0
0.09999999999999999,0.8408203125,1.0,0.0,0.9587166905403137,0.04128330945968628,1.0,0.0,1.0,0.0,1.0,0.0,1.0,0.0,1.0,0.0
0.09999999999999999,0.8427734375,1.0,0.0,0.9637069702148438,0.03629302978515625,1.0,0.0,1.0,0.0,1.0,0.0,1.0,0.0,1.0,0.0
0.09999999999999999,0.8447265625,1.0,0.0,0.9658754467964172,0.034124553203582764,1.0,0.0,1.0,0.0,1.0,0.0,1.0,0.0,1.0,0.0
0.09999999999999999,0.8466796875,1.0,0.0,0.9647650718688965,0.035234928131103516,1.0,0.0,1.0,0.0,1.0,0.0,1.0,0.0,1.0,0.0
0.09999999999999999,0.8486328125,1.0,0.0,0.9601433277130127,0.039856672286987305,1.0,0.0,1.0,0.0,1.0,0.0,1.0,0.0,1.0,0.0
0.09999999999999999,0.8505859375,1.0,0.0,0.9520289301872253,0.04797106981277466,1.0,0.0,1.0,0.0,1.0,0.0,1.0,0.0,1.0,0.0
0.09999999999999999,0.8525390625,1.0,0.0,0.9406965970993042,0.0593034029006958,1.0,0.0,1.0,0.0,1.0,0.0,1.0,0.0,1.0,0.0
0.09999999999999999,0.8544921875,1.0,0.0,0.9266665577888489,0.07333344221115112,1.0,0.0,1.0,0.0,1.0,0.0,1.0,0.0,1.0,0.0
0.09999999999999999,0.8564453125,1.0,0.0,0.9106690883636475,0.08933091163635254,1.0,0.0,1.0,0.0,1.0,0.0,1.0,0.0,1.0,0.0
0.09999999999999999,0.8583984375,1.0,0.0,0.8935878276824951,0.10641217231750488,1.0,0.0,1.0,0.0,1.0,0.0,1.0,0.0,1.0,0.0
0.09999999999999999,0.8603515625,1.0,0.0,0.8763847947120667,0.12361520528793335,1.0,0.0,1.0,0.0,1.0,0.0,1.0,0.0,1.0,0.0
0.09999999999999999,0.8623046875,1.0,0.0,0.8600108623504639,0.13998913764953613,1.0,0.0,1.0,0.0,1.0,0.0,1.0,0.0,1.0,0.0
0.09999999999999999,0.8642578125,1.0,0.0,0.8453241586685181,0.15467584133148193,1.0,0.0,1.0,0.0,1.0,0.0,1.0,0.0,1.0,0.0
0.09999999999999999,0.8662109375,1.0,0.0,0.8330173492431641,0.16698265075683594,1.0,0.0,1.0,0.0,1.0,0.0,1.0,0.0,1.0,0.0
0.09999999999999999,0.8681640625,1.0,0.0,0.823574960231781,0.176425039768219,1.0,0.0,1.0,0.0,1.0,0.0,1.0,0.0,1.0,0.0
0.09999999999999999,0.8701171875,1.0,0.0,0.8172564506530762,0.18274354934692383,1.0,0.0,1.0,0.0,1.0,0.0,1.0,0.0,1.0,0.0
0.09999999999999999,0.8720703125,1.0,0.0,0.8141038417816162,0.1858961582183838,1.0,0.0,1.0,0.0,1.0,0.0,1.0,0.0,1.0,0.0
0.09999999999999999,0.8740234375,1.0,0.0,0.813962459564209,0.18603754043579102,1.0,0.0,1.0,0.0,1.0,0.0,1.0,0.0,1.0,0.0
0.09999999999999999,0.8759765625,1.0,0.0,0.8165144324302673,0.18348556756973267,1.0,0.0,1.0,0.0,1.0,0.0,1.0,0.0,1.0,0.0
0.09999999999999999,0.8779296875,1.0,0.0,0.8207796812057495,0.1792203187942505,1.0,0.0,1.0,0.0,1.0,0.0,1.0,0.0,1.0,0.0
0.09999999999999999,0.8798828125,1.0,0.0,0.813710629940033,0.18628937005996704,1.0,0.0,1.0,0.0,1.0,0.0,1.0,0.0,1.0,0.0
0.09999999999999999,0.8818359375,1.0,0.0,0.8078281879425049,0.19217181205749512,1.0,0.0,1.0,0.0,1.0,0.0,1.0,0.0,1.0,0.0
0.09999999999999999,0.8837890625,1.0,0.0,0.8029825091362,0.19701749086380005,1.0,0.0,1.0,0.0,1.0,0.0,1.0,0.0,1.0,0.0
0.09999999999999999,0.8857421875,1.0,0.0,0.7990385293960571,0.20096147060394287,1.0,0.0,1.0,0.0,1.0,0.0,1.0,0.0,1.0,0.0
0.09999999999999999,0.8876953125,1.0,0.0,0.7958979606628418,0.2041020393371582,1.0,0.0,1.0,0.0,1.0,0.0,1.0,0.0,1.0,0.0
0.09999999999999999,0.8896484375,1.0,0.0,0.793509304523468,0.20649069547653198,1.0,0.0,1.0,0.0,1.0,0.0,1.0,0.0,1.0,0.0
0.09999999999999999,0.8916015625,1.0,0.0,0.7918670177459717,0.20813298225402832,1.0,0.0,1.0,0.0,1.0,0.0,1.0,0.0,1.0,0.0
0.09999999999999999,0.8935546875,1.0,0.0,0.7910010814666748,0.2089989185333252,1.0,0.0,1.0,0.0,1.0,0.0,1.0,0.0,1.0,0.0
0.09999999999999999,0.8955078125,1.0,0.0,0.7909596562385559,0.2090403437614441,1.0,0.0,1.0,0.0,1.0,0.0,1.0,0.0,1.0,0.0
0.09999999999999999,0.8974609375,1.0,0.0,0.7917882800102234,0.2082117199897766,1.0,0.0,1.0,0.0,1.0,0.0,1.0,0.0,1.0,0.0
0.09999999999999999,0.8994140625,1.0,0.0,0.7935117483139038,0.2064882516860962,1.0,0.0,1.0,0.0,1.0,0.0,1.0,0.0,1.0,0.0
0.09999999999999999,0.9013671875,1.0,0.0,0.7961227893829346,0.20387721061706543,1.0,0.0,1.0,0.0,1.0,0.0,1.0,0.0,1.0,0.0
0.09999999999999999,0.9033203125,1.0,0.0,0.7995813488960266,0.2004186511039734,1.0,0.0,1.0,0.0,1.0,0.0,1.0,0.0,1.0,0.0
0.09999999999999999,0.9052734375,1.0,0.0,0.803819477558136,0.196180522441864,1.0,0.0,1.0,0.0,1.0,0.0,1.0,0.0,1.0,0.0
0.09999999999999999,0.9072265625,1.0,0.0,0.808757483959198,0.191242516040802,1.0,0.0,1.0,0.0,1.0,0.0,1.0,0.0,1.0,0.0
0.09999999999999999,0.9091796875,1.0,0.0,0.8143170475959778,0.18568295240402222,1.0,0.0,1.0,0.0,1.0,0.0,1.0,0.0,1.0,0.0
0.09999999999999999,0.9111328125,1.0,0.0,0.8204308748245239,0.17956912517547607,1.0,0.0,1.0,0.0,1.0,0.0,1.0,0.0,1.0,0.0
0.09999999999999999,0.9130859375,1.0,0.0,0.8270413279533386,0.17295867204666138,1.0,0.0,1.0,0.0,1.0,0.0,1.0,0.0,1.0,0.0
0.09999999999999999,0.9150390625,1.0,0.0,0.8340862989425659,0.16591370105743408,1.0,0.0,1.0,0.0,1.0,0.0,1.0,0.0,1.0,0.0
0.09999999999999999,0.9169921875,1.0,0.0,0.8414780497550964,0.15852195024490356,1.0,0.0,1.0,0.0,1.0,0.0,1.0,0.0,1.0,0.0
0.09999999999999999,0.9189453125,1.0,0.0,0.8490804433822632,0.15091955661773682,1.0,0.0,1.0,0.0,1.0,0.0,1.0,0.0,1.0,0.0
0.09999999999999999,0.9208984375,1.0,0.0,0.8566918969154358,0.1433081030845642,1.0,0.0,1.0,0.0,1.0,0.0,1.0,0.0,1.0,0.0
0.09999999999999999,0.9228515625,1.0,0.0,0.8640426993370056,0.13595730066299438,1.0,0.0,1.0,0.0,1.0,0.0,1.0,0.0,1.0,0.0
0.09999999999999999,0.9248046875,1.0,0.0,0.8708003759384155,0.12919962406158447,1.0,0.0,1.0,0.0,1.0,0.0,1.0,0.0,1.0,0.0
0.09999999999999999,0.9267578125,1.0,0.0,0.8765798807144165,0.1234201192855835,1.0,0.0,1.0,0.0,1.0,0.0,1.0,0.0,1.0,0.0
0.09999999999999999,0.9287109375,1.0,0.0,0.8809625506401062,0.1190374493598938,1.0,0.0,1.0,0.0,1.0,0.0,1.0,0.0,1.0,0.0
0.09999999999999999,0.9306640625,1.0,0.0,0.8835144639015198,0.11648553609848022,1.0,0.0,1.0,0.0,1.0,0.0,1.0,0.0,1.0,0.0
0.09999999999999999,0.9326171875,1.0,0.0,0.8838160037994385,0.11618399620056152,1.0,0.0,1.0,0.0,1.0,0.0,1.0,0.0,1.0,0.0
0.09999999999999999,0.9345703125,1.0,0.0,0.8815000057220459,0.1184999942779541,1.0,0.0,1.0,0.0,1.0,0.0,1.0,0.0,1.0,0.0
0.09999999999999999,0.9365234375,1.0,0.0,0.8776028156280518,0.12239718437194824,1.0,0.0,1.0,0.0,1.0,0.0,1.0,0.0,1.0,0.0
0.09999999999999999,0.9384765625,1.0,0.0,0.8681004047393799,0.13189959526062012,1.0,0.0,1.0,0.0,1.0,0.0,1.0,0.0,1.0,0.0
0.09999999999999999,0.9404296875,1.0,0.0,0.8569696545600891,0.1430303454399109,1.0,0.0,1.0,0.0,1.0,0.0,1.0,0.0,1.0,0.0
0.09999999999999999,0.9423828125,1.0,0.0,0.8431748151779175,0.15682518482208252,1.0,0.0,1.0,0.0,1.0,0.0,1.0,0.0,1.0,0.0
0.09999999999999999,0.9443359375,1.0,0.0,0.8271609544754028,0.17283904552459717,1.0,0.0,1.0,0.0,1.0,0.0,1.0,0.0,1.0,0.0
0.09999999999999999,0.9462890625,1.0,0.0,0.8095016479492188,0.19049835205078125,1.0,0.0,1.0,0.0,1.0,0.0,1.0,0.0,1.0,0.0
0.09999999999999999,0.9482421875,1.0,0.0,0.7908352017402649,0.2091647982597351,1.0,0.0,1.0,0.0,1.0,0.0,1.0,0.0,1.0,0.0
0.09999999999999999,0.9501953125,1.0,0.0,0.7717944383621216,0.22820556163787842,1.0,0.0,1.0,0.0,1.0,0.0,1.0,0.0,1.0,0.0
0.09999999999999999,0.9521484375,1.0,0.0,0.752949059009552,0.247050940990448,1.0,0.0,1.0,0.0,1.0,0.0,1.0,0.0,1.0,0.0
0.09999999999999999,0.9541015625,1.0,0.0,0.7347676157951355,0.2652323842048645,1.0,0.0,1.0,0.0,1.0,0.0,1.0,0.0,1.0,0.0
0.09999999999999999,0.9560546875,1.0,0.0,0.7176010608673096,0.28239893913269043,1.0,0.0,1.0,0.0,1.0,0.0,1.0,0.0,1.0,0.0
0.09999999999999999,0.9580078125,1.0,0.0,0.701686441898346,0.29831355810165405,1.0,0.0,1.0,0.0,1.0,0.0,1.0,0.0,1.0,0.0
0.09999999999999999,0.9599609375,1.0,0.0,0.6871607303619385,0.3128392696380615,1.0,0.0,1.0,0.0,1.0,0.0,1.0,0.0,1.0,0.0
0.09999999999999999,0.9619140625,1.0,0.0,0.6728861331939697,0.3271138668060303,1.0,0.0,1.0,0.0,1.0,0.0,1.0,0.0,1.0,0.0
0.09999999999999999,0.9638671875,1.0,0.0,0.6533330678939819,0.34666693210601807,1.0,0.0,1.0,0.0,1.0,0.0,1.0,0.0,1.0,0.0
0.09999999999999999,0.9658203125,1.0,0.0,0.638018012046814,0.36198198795318604,1.0,0.0,1.0,0.0,1.0,0.0,1.0,0.0,1.0,0.0
0.09999999999999999,0.9677734375,1.0,0.0,0.6298611164093018,0.37013888359069824,1.0,0.0,1.0,0.0,1.0,0.0,1.0,0.0,1.0,0.0
0.09999999999999999,0.9697265625,1.0,0.0,0.6229402422904968,0.3770597577095032,1.0,0.0,1.0,0.0,1.0,0.0,1.0,0.0,1.0,0.0
0.09999999999999999,0.9716796875,1.0,0.0,0.6169489622116089,0.3830510377883911,1.0,0.0,1.0,0.0,1.0,0.0,1.0,0.0,1.0,0.0
0.09999999999999999,0.9736328125,1.0,0.0,0.6116443872451782,0.3883556127548218,1.0,0.0,1.0,0.0,1.0,0.0,1.0,0.0,1.0,0.0
0.09999999999999999,0.9755859375,1.0,0.0,0.6069052219390869,0.3930947780609131,1.0,0.0,1.0,0.0,1.0,0.0,1.0,0.0,1.0,0.0
0.09999999999999999,0.9775390625,1.0,0.0,0.6027734279632568,0.39722657203674316,1.0,0.0,1.0,0.0,1.0,0.0,1.0,0.0,1.0,0.0
0.09999999999999999,0.9794921875,1.0,0.0,0.5994845032691956,0.40051549673080444,1.0,0.0,1.0,0.0,1.0,0.0,1.0,0.0,1.0,0.0
0.09999999999999999,0.9814453125,1.0,0.0,0.5974817276000977,0.40251827239990234,1.0,0.0,1.0,0.0,1.0,0.0,1.0,0.0,1.0,0.0
0.09999999999999999,0.9833984375,1.0,0.0,0.5974181294441223,0.4025818705558777,1.0,0.0,1.0,0.0,1.0,0.0,1.0,0.0,1.0,0.0
0.09999999999999999,0.9853515625,1.0,0.0,0.5958358645439148,0.4041641354560852,1.0,0.0,1.0,0.0,1.0,0.0,1.0,0.0,1.0,0.0
0.09999999999999999,0.9873046875,1.0,0.0,0.595257043838501,0.404742956161499,1.0,0.0,1.0,0.0,1.0,0.0,1.0,0.0,1.0,0.0
0.09999999999999999,0.9892578125,1.0,0.0,0.5969664454460144,0.4030335545539856,1.0,0.0,1.0,0.0,1.0,0.0,1.0,0.0,1.0,0.0
0.09999999999999999,0.9912109375,1.0,0.0,0.6016718745231628,0.39832812547683716,1.0,0.0,1.0,0.0,1.0,0.0,1.0,0.0,1.0,0.0
0.09999999999999999,0.9931640625,1.0,0.0,0.6101276278495789,0.38987237215042114,1.0,0.0,1.0,0.0,1.0,0.0,1.0,0.0,1.0,0.0
0.09999999999999999,0.9951171875,1.0,0.0,0.6230523586273193,0.37694764137268066,1.0,0.0,1.0,0.0,1.0,0.0,1.0,0.0,1.0,0.0
0.09999999999999999,0.9970703125,1.0,0.0,0.641002357006073,0.358997642993927,1.0,0.0,1.0,0.0,1.0,0.0,1.0,0.0,1.0,0.0
0.09999999999999999,0.9990234375,1.0,0.0,0.6642096042633057,0.33579039573669434,1.0,0.0,1.0,0.0,1.0,0.0,1.0,0.0,1.0,0.0
0.11249999999999999,0.0009765625,1.0,0.0,1.1280313730239868,0.12803137302398682,1.0,0.0,1.0,0.0,1.0,0.0,1.0,0.0,1.0,0.0
0.11249999999999999,0.0029296875,1.0,0.0,1.1533814668655396,0.15338146686553955,1.0,0.0,1.0,0.0,1.0,0.0,1.0,0.0,1.0,0.0
0.11249999999999999,0.0048828125,1.0,0.0,1.1749523878097534,0.17495238780975342,1.0,0.0,1.0,0.0,1.0,0.0,1.0,0.0,1.0,0.0
0.11249999999999999,0.0068359375,1.0,0.0,1.1918928623199463,0.1918928623199463,1.0,0.0,1.0,0.0,1.0,0.0,1.0,0.0,1.0,0.0
0.11249999999999999,0.0087890625,1.0,0.0,1.203798532485962,0.20379853248596191,1.0,0.0,1.0,0.0,1.0,0.0,1.0,0.0,1.0,0.0
0.11249999999999999,0.0107421875,1.0,0.0,1.2106528282165527,0.21065282821655273,1.0,0.0,1.0,0.0,1.0,0.0,1.0,0.0,1.0,0.0
0.11249999999999999,0.0126953125,1.0,0.0,1.212727427482605,0.21272742748260498,1.0,0.0,1.0,0.0,1.0,0.0,1.0,0.0,1.0,0.0
0.11249999999999999,0.0146484375,1.0,0.0,1.21048104763031,0.21048104763031006,1.0,0.0,1.0,0.0,1.0,0.0,1.0,0.0,1.0,0.0
0.11249999999999999,0.0166015625,1.0,0.0,1.2044771909713745,0.2044771909713745,1.0,0.0,1.0,0.0,1.0,0.0,1.0,0.0,1.0,0.0
0.11249999999999999,0.0185546875,1.0,0.0,1.195322871208191,0.19532287120819092,1.0,0.0,1.0,0.0,1.0,0.0,1.0,0.0,1.0,0.0
0.11249999999999999,0.0205078125,1.0,0.0,1.1836225986480713,0.1836225986480713,1.0,0.0,1.0,0.0,1.0,0.0,1.0,0.0,1.0,0.0
0.11249999999999999,0.0224609375,1.0,0.0,1.1699461936950684,0.16994619369506836,1.0,0.0,1.0,0.0,1.0,0.0,1.0,0.0,1.0,0.0
0.11249999999999999,0.0244140625,1.0,0.0,1.1548113822937012,0.15481138229370117,1.0,0.0,1.0,0.0,1.0,0.0,1.0,0.0,1.0,0.0
0.11249999999999999,0.0263671875,1.0,0.0,1.138681173324585,0.13868117332458496,1.0,0.0,1.0,0.0,1.0,0.0,1.0,0.0,1.0,0.0
0.11249999999999999,0.0283203125,1.0,0.0,1.1219761371612549,0.12197613716125488,1.0,0.0,1.0,0.0,1.0,0.0,1.0,0.0,1.0,0.0
0.11249999999999999,0.0302734375,1.0,0.0,1.105093240737915,0.10509324073791504,1.0,0.0,1.0,0.0,1.0,0.0,1.0,0.0,1.0,0.0
0.11249999999999999,0.0322265625,1.0,0.0,1.0884169340133667,0.0884169340133667,1.0,0.0,1.0,0.0,1.0,0.0,1.0,0.0,1.0,0.0
0.11249999999999999,0.0341796875,1.0,0.0,1.072317123413086,0.07231712341308594,1.0,0.0,1.0,0.0,1.0,0.0,1.0,0.0,1.0,0.0
0.11249999999999999,0.0361328125,1.0,0.0,1.0571266412734985,0.057126641273498535,1.0,0.0,1.0,0.0,1.0,0.0,1.0,0.0,1.0,0.0
0.11249999999999999,0.0380859375,1.0,0.0,1.0431125164031982,0.04311251640319824,1.0,0.0,1.0,0.0,1.0,0.0,1.0,0.0,1.0,0.0
0.11249999999999999,0.0400390625,1.0,0.0,1.0304443836212158,0.03044438362121582,1.0,0.0,1.0,0.0,1.0,0.0,1.0,0.0,1.0,0.0
0.11249999999999999,0.0419921875,1.0,0.0,1.0191785097122192,0.01917850971221924,1.0,0.0,1.0,0.0,1.0,0.0,1.0,0.0,1.0,0.0
0.11249999999999999,0.0439453125,1.0,0.0,1.0092586278915405,0.009258627891540527,1.0,0.0,1.0,0.0,1.0,0.0,1.0,0.0,1.0,0.0
0.11249999999999999,0.0458984375,1.0,0.0,1.0005453824996948,0.0005453824996948242,1.0,0.0,1.0,0.0,1.0,0.0,1.0,0.0,1.0,0.0
0.11249999999999999,0.0478515625,1.0,0.0,0.9928862452507019,0.007113754749298096,1.0,0.0,1.0,0.0,1.0,0.0,1.0,0.0,1.0,0.0
0.11249999999999999,0.0498046875,1.0,0.0,0.9862228035926819,0.013777196407318115,1.0,0.0,1.0,0.0,1.0,0.0,1.0,0.0,1.0,0.0
0.11249999999999999,0.0517578125,1.0,0.0,0.9807040691375732,0.019295930862426758,1.0,0.0,1.0,0.0,1.0,0.0,1.0,0.0,1.0,0.0
0.11249999999999999,0.0537109375,1.0,0.0,0.9767377972602844,0.023262202739715576,1.0,0.0,1.0,0.0,1.0,0.0,1.0,0.0,1.0,0.0
0.11249999999999999,0.0556640625,1.0,0.0,0.9749283790588379,0.02507162094116211,1.0,0.0,1.0,0.0,1.0,0.0,1.0,0.0,1.0,0.0
0.11249999999999999,0.0576171875,1.0,0.0,0.9915457367897034,0.00845426321029663,1.0,0.0,1.0,0.0,1.0,0.0,1.0,0.0,1.0,0.0
0.11249999999999999,0.0595703125,1.0,0.0,1.0135631561279297,0.013563156127929688,1.0,0.0,1.0,0.0,1.0,0.0,1.0,0.0,1.0,0.0
0.11249999999999999,0.0615234375,1.0,0.0,1.0289913415908813,0.028991341590881348,1.0,0.0,1.0,0.0,1.0,0.0,1.0,0.0,1.0,0.0
0.11249999999999999,0.0634765625,1.0,0.0,1.038313865661621,0.038313865661621094,1.0,0.0,1.0,0.0,1.0,0.0,1.0,0.0,1.0,0.0
0.11249999999999999,0.0654296875,1.0,0.0,1.049279808998108,0.04927980899810791,1.0,0.0,1.0,0.0,1.0,0.0,1.0,0.0,1.0,0.0
0.11249999999999999,0.0673828125,1.0,0.0,1.0618245601654053,0.06182456016540527,1.0,0.0,1.0,0.0,1.0,0.0,1.0,0.0,1.0,0.0
0.11249999999999999,0.0693359375,1.0,0.0,1.0759224891662598,0.07592248916625977,1.0,0.0,1.0,0.0,1.0,0.0,1.0,0.0,1.0,0.0
0.11249999999999999,0.0712890625,1.0,0.0,1.0915096998214722,0.09150969982147217,1.0,0.0,1.0,0.0,1.0,0.0,1.0,0.0,1.0,0.0
0.11249999999999999,0.0732421875,1.0,0.0,1.1083890199661255,0.10838901996612549,1.0,0.0,1.0,0.0,1.0,0.0,1.0,0.0,1.0,0.0
0.11249999999999999,0.0751953125,1.0,0.0,1.1261484622955322,0.12614846229553223,1.0,0.0,1.0,0.0,1.0,0.0,1.0,0.0,1.0,0.0
0.11249999999999999,0.0771484375,1.0,0.0,1.1441154479980469,0.14411544799804688,1.0,0.0,1.0,0.0,1.0,0.0,1.0,0.0,1.0,0.0
0.11249999999999999,0.0791015625,1.0,0.0,1.1613705158233643,0.16137051582336426,1.0,0.0,1.0,0.0,1.0,0.0,1.0,0.0,1.0,0.0
0.11249999999999999,0.0810546875,1.0,0.0,1.1768227815628052,0.17682278156280518,1.0,0.0,1.0,0.0,1.0,0.0,1.0,0.0,1.0,0.0
0.11249999999999999,0.0830078125,1.0,0.0,1.18934965133667,0.18934965133666992,1.0,0.0,1.0,0.0,1.0,0.0,1.0,0.0,1.0,0.0
0.11249999999999999,0.0849609375,1.0,0.0,1.1979658603668213,0.1979658603668213,1.0,0.0,1.0,0.0,1.0,0.0,1.0,0.0,1.0,0.0
0.11249999999999999,0.0869140625,1.0,0.0,1.201982021331787,0.2019820213317871,1.0,0.0,1.0,0.0,1.0,0.0,1.0,0.0,1.0,0.0
0.11249999999999999,0.0888671875,1.0,0.0,1.201106309890747,0.20110630989074707,1.0,0.0,1.0,0.0,1.0,0.0,1.0,0.0,1.0,0.0
0.11249999999999999,0.0908203125,1.0,0.0,1.1954708099365234,0.19547080993652344,1.0,0.0,1.0,0.0,1.0,0.0,1.0,0.0,1.0,0.0
0.11249999999999999,0.0927734375,1.0,0.0,1.185593843460083,0.185593843460083,1.0,0.0,1.0,0.0,1.0,0.0,1.0,0.0,1.0,0.0
0.11249999999999999,0.0947265625,1.0,0.0,1.1723074913024902,0.17230749130249023,1.0,0.0,1.0,0.0,1.0,0.0,1.0,0.0,1.0,0.0
0.11249999999999999,0.0966796875,1.0,0.0,1.1566684246063232,0.15666842460632324,1.0,0.0,1.0,0.0,1.0,0.0,1.0,0.0,1.0,0.0
0.11249999999999999,0.0986328125,1.0,0.0,1.139861822128296,0.1398618221282959,1.0,0.0,1.0,0.0,1.0,0.0,1.0,0.0,1.0,0.0
0.11249999999999999,0.1005859375,1.0,0.0,1.1230953931808472,0.12309539318084717,1.0,0.0,1.0,0.0,1.0,0.0,1.0,0.0,1.0,0.0
0.11249999999999999,0.1025390625,1.0,0.0,1.1074953079223633,0.10749530792236328,1.0,0.0,1.0,0.0,1.0,0.0,1.0,0.0,1.0,0.0
0.11249999999999999,0.1044921875,1.0,0.0,1.0940145254135132,0.09401452541351318,1.0,0.0,1.0,0.0,1.0,0.0,1.0,0.0,1.0,0.0
0.11249999999999999,0.1064453125,1.0,0.0,1.0833768844604492,0.08337688446044922,1.0,0.0,1.0,0.0,1.0,0.0,1.0,0.0,1.0,0.0
0.11249999999999999,0.1083984375,1.0,0.0,1.076055884361267,0.07605588436126709,1.0,0.0,1.0,0.0,1.0,0.0,1.0,0.0,1.0,0.0
0.11249999999999999,0.1103515625,1.0,0.0,1.0722883939743042,0.0722883939743042,1.0,0.0,1.0,0.0,1.0,0.0,1.0,0.0,1.0,0.0
0.11249999999999999,0.1123046875,1.0,0.0,1.0721068382263184,0.07210683822631836,1.0,0.0,1.0,0.0,1.0,0.0,1.0,0.0,1.0,0.0
0.11249999999999999,0.1142578125,1.0,0.0,1.0753839015960693,0.07538390159606934,1.0,0.0,1.0,0.0,1.0,0.0,1.0,0.0,1.0,0.0
0.11249999999999999,0.1162109375,1.0,0.0,1.0818761587142944,0.08187615871429443,1.0,0.0,1.0,0.0,1.0,0.0,1.0,0.0,1.0,0.0
0.11249999999999999,0.1181640625,1.0,0.0,1.0912652015686035,0.09126520156860352,1.0,0.0,1.0,0.0,1.0,0.0,1.0,0.0,1.0,0.0
0.11249999999999999,0.1201171875,1.0,0.0,1.103184461593628,0.10318446159362793,1.0,0.0,1.0,0.0,1.0,0.0,1.0,0.0,1.0,0.0
0.11249999999999999,0.1220703125,1.0,0.0,1.1079005002975464,0.10790050029754639,1.0,0.0,1.0,0.0,1.0,0.0,1.0,0.0,1.0,0.0
0.11249999999999999,0.1240234375,1.0,0.0,1.1059865951538086,0.1059865951538086,1.0,0.0,1.0,0.0,1.0,0.0,1.0,0.0,1.0,0.0
0.11249999999999999,0.1259765625,1.0,0.0,1.1050440073013306,0.10504400730133057,1.0,0.0,1.0,0.0,1.0,0.0,1.0,0.0,1.0,0.0
0.11249999999999999,0.1279296875,1.0,0.0,1.1047567129135132,0.10475671291351318,1.0,0.0,1.0,0.0,1.0,0.0,1.0,0.0,1.0,0.0
0.11249999999999999,0.1298828125,1.0,0.0,1.1046689748764038,0.10466897487640381,1.0,0.0,1.0,0.0,1.0,0.0,1.0,0.0,1.0,0.0
0.11249999999999999,0.1318359375,1.0,0.0,1.104203701019287,0.10420370101928711,1.0,0.0,1.0,0.0,1.0,0.0,1.0,0.0,1.0,0.0
0.11249999999999999,0.1337890625,1.0,0.0,1.1027270555496216,0.10272705554962158,1.0,0.0,1.0,0.0,1.0,0.0,1.0,0.0,1.0,0.0
0.11249999999999999,0.1357421875,1.0,0.0,1.0996519327163696,0.09965193271636963,1.0,0.0,1.0,0.0,1.0,0.0,1.0,0.0,1.0,0.0
0.11249999999999999,0.1376953125,1.0,0.0,1.094551682472229,0.094551682472229,1.0,0.0,1.0,0.0,1.0,0.0,1.0,0.0,1.0,0.0
0.11249999999999999,0.1396484375,1.0,0.0,1.0872434377670288,0.08724343776702881,1.0,0.0,1.0,0.0,1.0,0.0,1.0,0.0,1.0,0.0
0.11249999999999999,0.1416015625,1.0,0.0,1.1021158695220947,0.10211586952209473,1.0,0.0,1.0,0.0,1.0,0.0,1.0,0.0,1.0,0.0
0.11249999999999999,0.1435546875,1.0,0.0,1.1184496879577637,0.11844968795776367,1.0,0.0,1.0,0.0,1.0,0.0,1.0,0.0,1.0,0.0
0.11249999999999999,0.1455078125,1.0,0.0,1.1348183155059814,0.13481831550598145,1.0,0.0,1.0,0.0,1.0,0.0,1.0,0.0,1.0,0.0
0.11249999999999999,0.1474609375,1.0,0.0,1.1507315635681152,0.15073156356811523,1.0,0.0,1.0,0.0,1.0,0.0,1.0,0.0,1.0,0.0
0.11249999999999999,0.1494140625,1.0,0.0,1.1567267179489136,0.15672671794891357,1.0,0.0,1.0,0.0,1.0,0.0,1.0,0.0,1.0,0.0
0.11249999999999999,0.1513671875,1.0,0.0,1.141974687576294,0.14197468757629395,1.0,0.0,1.0,0.0,1.0,0.0,1.0,0.0,1.0,0.0
0.11249999999999999,0.1533203125,1.0,0.0,1.1288154125213623,0.1288154125213623,1.0,0.0,1.0,0.0,1.0,0.0,1.0,0.0,1.0,0.0
0.11249999999999999,0.1552734375,1.0,0.0,1.1179072856903076,0.11790728569030762,1.0,0.0,1.0,0.0,1.0,0.0,1.0,0.0,1.0,0.0
0.11249999999999999,0.1572265625,1.0,0.0,1.1096550226211548,0.10965502262115479,1.0,0.0,1.0,0.0,1.0,0.0,1.0,0.0,1.0,0.0
0.11249999999999999,0.1591796875,1.0,0.0,1.104245901107788,0.10424590110778809,1.0,0.0,1.0,0.0,1.0,0.0,1.0,0.0,1.0,0.0
0.11249999999999999,0.1611328125,1.0,0.0,1.1017056703567505,0.10170567035675049,1.0,0.0,1.0,0.0,1.0,0.0,1.0,0.0,1.0,0.0
0.11249999999999999,0.1630859375,1.0,0.0,1.1019492149353027,0.10194921493530273,1.0,0.0,1.0,0.0,1.0,0.0,1.0,0.0,1.0,0.0
0.11249999999999999,0.1650390625,1.0,0.0,1.1048153638839722,0.10481536388397217,1.0,0.0,1.0,0.0,1.0,0.0,1.0,0.0,1.0,0.0
0.11249999999999999,0.1669921875,1.0,0.0,1.1100810766220093,0.11008107662200928,1.0,0.0,1.0,0.0,1.0,0.0,1.0,0.0,1.0,0.0
0.11249999999999999,0.1689453125,1.0,0.0,1.1174581050872803,0.11745810508728027,1.0,0.0,1.0,0.0,1.0,0.0,1.0,0.0,1.0,0.0
0.11249999999999999,0.1708984375,1.0,0.0,1.1265779733657837,0.1265779733657837,1.0,0.0,1.0,0.0,1.0,0.0,1.0,0.0,1.0,0.0
0.11249999999999999,0.1728515625,1.0,0.0,1.1369726657867432,0.13697266578674316,1.0,0.0,1.0,0.0,1.0,0.0,1.0,0.0,1.0,0.0
0.11249999999999999,0.1748046875,1.0,0.0,1.1480562686920166,0.1480562686920166,1.0,0.0,1.0,0.0,1.0,0.0,1.0,0.0,1.0,0.0
0.11249999999999999,0.1767578125,1.0,0.0,1.1383497714996338,0.1383497714996338,1.0,0.0,1.0,0.0,1.0,0.0,1.0,0.0,1.0,0.0
0.11249999999999999,0.1787109375,1.0,0.0,1.1260197162628174,0.12601971626281738,1.0,0.0,1.0,0.0,1.0,0.0,1.0,0.0,1.0,0.0
0.11249999999999999,0.1806640625,1.0,0.0,1.11416757106781,0.11416757106781006,1.0,0.0,1.0,0.0,1.0,0.0,1.0,0.0,1.0,0.0
0.11249999999999999,0.1826171875,1.0,0.0,1.1030335426330566,0.10303354263305664,1.0,0.0,1.0,0.0,1.0,0.0,1.0,0.0,1.0,0.0
0.11249999999999999,0.1845703125,1.0,0.0,1.0927987098693848,0.09279870986938477,1.0,0.0,1.0,0.0,1.0,0.0,1.0,0.0,1.0,0.0
0.11249999999999999,0.1865234375,1.0,0.0,1.083580732345581,0.08358073234558105,1.0,0.0,1.0,0.0,1.0,0.0,1.0,0.0,1.0,0.0
0.11249999999999999,0.1884765625,1.0,0.0,1.0754313468933105,0.07543134689331055,1.0,0.0,1.0,0.0,1.0,0.0,1.0,0.0,1.0,0.0
0.11249999999999999,0.1904296875,1.0,0.0,1.069873571395874,0.06987357139587402,1.0,0.0,1.0,0.0,1.0,0.0,1.0,0.0,1.0,0.0
0.11249999999999999,0.1923828125,1.0,0.0,1.0738743543624878,0.07387435436248779,1.0,0.0,1.0,0.0,1.0,0.0,1.0,0.0,1.0,0.0
0.11249999999999999,0.1943359375,1.0,0.0,1.0738564729690552,0.07385647296905518,1.0,0.0,1.0,0.0,1.0,0.0,1.0,0.0,1.0,0.0
0.11249999999999999,0.1962890625,1.0,0.0,1.0702941417694092,0.07029414176940918,1.0,0.0,1.0,0.0,1.0,0.0,1.0,0.0,1.0,0.0
0.11249999999999999,0.1982421875,1.0,0.0,1.0638951063156128,0.06389510631561279,1.0,0.0,1.0,0.0,1.0,0.0,1.0,0.0,1.0,0.0
0.11249999999999999,0.2001953125,1.0,0.0,1.0554745197296143,0.05547451972961426,1.0,0.0,1.0,0.0,1.0,0.0,1.0,0.0,1.0,0.0
0.11249999999999999,0.2021484375,1.0,0.0,1.0458868741989136,0.045886874198913574,1.0,0.0,1.0,0.0,1.0,0.0,1.0,0.0,1.0,0.0
0.11249999999999999,0.2041015625,1.0,0.0,1.0393987894058228,0.039398789405822754,1.0,0.0,1.0,0.0,1.0,0.0,1.0,0.0,1.0,0.0
0.11249999999999999,0.2060546875,1.0,0.0,1.0375345945358276,0.03753459453582764,1.0,0.0,1.0,0.0,1.0,0.0,1.0,0.0,1.0,0.0
0.11249999999999999,0.2080078125,1.0,0.0,1.036513090133667,0.03651309013366699,1.0,0.0,1.0,0.0,1.0,0.0,1.0,0.0,1.0,0.0
0.11249999999999999,0.2099609375,1.0,0.0,1.036537766456604,0.036537766456604004,1.0,0.0,1.0,0.0,1.0,0.0,1.0,0.0,1.0,0.0
0.11249999999999999,0.2119140625,1.0,0.0,1.0377922058105469,0.037792205810546875,1.0,0.0,1.0,0.0,1.0,0.0,1.0,0.0,1.0,0.0
0.11249999999999999,0.2138671875,1.0,0.0,1.0404155254364014,0.04041552543640137,1.0,0.0,1.0,0.0,1.0,0.0,1.0,0.0,1.0,0.0
0.11249999999999999,0.2158203125,1.0,0.0,1.044485092163086,0.04448509216308594,1.0,0.0,1.0,0.0,1.0,0.0,1.0,0.0,1.0,0.0
0.11249999999999999,0.2177734375,1.0,0.0,1.0500068664550781,0.050006866455078125,1.0,0.0,1.0,0.0,1.0,0.0,1.0,0.0,1.0,0.0
0.11249999999999999,0.2197265625,1.0,0.0,1.0485445261001587,0.04854452610015869,1.0,0.0,1.0,0.0,1.0,0.0,1.0,0.0,1.0,0.0
0.11249999999999999,0.2216796875,1.0,0.0,1.0459336042404175,0.04593360424041748,1.0,0.0,1.0,0.0,1.0,0.0,1.0,0.0,1.0,0.0
0.11249999999999999,0.2236328125,1.0,0.0,1.0514615774154663,0.05146157741546631,1.0,0.0,1.0,0.0,1.0,0.0,1.0,0.0,1.0,0.0
0.11249999999999999,0.2255859375,1.0,0.0,1.0712848901748657,0.07128489017486572,1.0,0.0,1.0,0.0,1.0,0.0,1.0,0.0,1.0,0.0
0.11249999999999999,0.2275390625,1.0,0.0,1.0934765338897705,0.09347653388977051,1.0,0.0,1.0,0.0,1.0,0.0,1.0,0.0,1.0,0.0
0.11249999999999999,0.2294921875,1.0,0.0,1.1029210090637207,0.1029210090637207,1.0,0.0,1.0,0.0,1.0,0.0,1.0,0.0,1.0,0.0
0.11249999999999999,0.2314453125,1.0,0.0,1.1115245819091797,0.11152458190917969,1.0,0.0,1.0,0.0,1.0,0.0,1.0,0.0,1.0,0.0
0.11249999999999999,0.2333984375,1.0,0.0,1.118802547454834,0.11880254745483398,1.0,0.0,1.0,0.0,1.0,0.0,1.0,0.0,1.0,0.0
0.11249999999999999,0.2353515625,1.0,0.0,1.1243153810501099,0.12431538105010986,1.0,0.0,1.0,0.0,1.0,0.0,1.0,0.0,1.0,0.0
0.11249999999999999,0.2373046875,1.0,0.0,1.1276986598968506,0.12769865989685059,1.0,0.0,1.0,0.0,1.0,0.0,1.0,0.0,1.0,0.0
0.11249999999999999,0.2392578125,1.0,0.0,1.1286975145339966,0.12869751453399658,1.0,0.0,1.0,0.0,1.0,0.0,1.0,0.0,1.0,0.0
0.11249999999999999,0.2412109375,1.0,0.0,1.1272077560424805,0.12720775604248047,1.0,0.0,1.0,0.0,1.0,0.0,1.0,0.0,1.0,0.0
0.11249999999999999,0.2431640625,1.0,0.0,1.1233155727386475,0.12331557273864746,1.0,0.0,1.0,0.0,1.0,0.0,1.0,0.0,1.0,0.0
0.11249999999999999,0.2451171875,1.0,0.0,1.117310881614685,0.11731088161468506,1.0,0.0,1.0,0.0,1.0,0.0,1.0,0.0,1.0,0.0
0.11249999999999999,0.2470703125,1.0,0.0,1.1096696853637695,0.10966968536376953,1.0,0.0,1.0,0.0,1.0,0.0,1.0,0.0,1.0,0.0
0.11249999999999999,0.2490234375,1.0,0.0,1.1009947061538696,0.10099470615386963,1.0,0.0,1.0,0.0,1.0,0.0,1.0,0.0,1.0,0.0
0.11249999999999999,0.2509765625,1.0,0.0,1.0919420719146729,0.09194207191467285,1.0,0.0,1.0,0.0,1.0,0.0,1.0,0.0,1.0,0.0
0.11249999999999999,0.2529296875,1.0,0.0,1.0831434726715088,0.08314347267150879,1.0,0.0,1.0,0.0,1.0,0.0,1.0,0.0,1.0,0.0
0.11249999999999999,0.2548828125,1.0,0.0,1.0751498937606812,0.07514989376068115,1.0,0.0,1.0,0.0,1.0,0.0,1.0,0.0,1.0,0.0
0.11249999999999999,0.2568359375,1.0,0.0,1.068395733833313,0.06839573383331299,1.0,0.0,1.0,0.0,1.0,0.0,1.0,0.0,1.0,0.0
0.11249999999999999,0.2587890625,1.0,0.0,1.0631831884384155,0.06318318843841553,1.0,0.0,1.0,0.0,1.0,0.0,1.0,0.0,1.0,0.0
0.11249999999999999,0.2607421875,1.0,0.0,1.0596778392791748,0.059677839279174805,1.0,0.0,1.0,0.0,1.0,0.0,1.0,0.0,1.0,0.0
0.11249999999999999,0.2626953125,1.0,0.0,1.0579116344451904,0.05791163444519043,1.0,0.0,1.0,0.0,1.0,0.0,1.0,0.0,1.0,0.0
0.11249999999999999,0.2646484375,1.0,0.0,1.0576151609420776,0.05761516094207764,1.0,0.0,1.0,0.0,1.0,0.0,1.0,0.0,1.0,0.0
0.11249999999999999,0.2666015625,1.0,0.0,1.0527681112289429,0.05276811122894287,1.0,0.0,1.0,0.0,1.0,0.0,1.0,0.0,1.0,0.0
0.11249999999999999,0.2685546875,1.0,0.0,1.0517692565917969,0.051769256591796875,1.0,0.0,1.0,0.0,1.0,0.0,1.0,0.0,1.0,0.0
0.11249999999999999,0.2705078125,1.0,0.0,1.0546036958694458,0.0546036958694458,1.0,0.0,1.0,0.0,1.0,0.0,1.0,0.0,1.0,0.0
0.11249999999999999,0.2724609375,1.0,0.0,1.061062216758728,0.06106221675872803,1.0,0.0,1.0,0.0,1.0,0.0,1.0,0.0,1.0,0.0
0.11249999999999999,0.2744140625,1.0,0.0,1.0707082748413086,0.0707082748413086,1.0,0.0,1.0,0.0,1.0,0.0,1.0,0.0,1.0,0.0
0.11249999999999999,0.2763671875,1.0,0.0,1.0754176378250122,0.07541763782501221,1.0,0.0,1.0,0.0,1.0,0.0,1.0,0.0,1.0,0.0
0.11249999999999999,0.2783203125,1.0,0.0,1.078155755996704,0.0781557559967041,1.0,0.0,1.0,0.0,1.0,0.0,1.0,0.0,1.0,0.0
0.11249999999999999,0.2802734375,1.0,0.0,1.0801246166229248,0.0801246166229248,1.0,0.0,1.0,0.0,1.0,0.0,1.0,0.0,1.0,0.0
0.11249999999999999,0.2822265625,1.0,0.0,1.081244945526123,0.08124494552612305,1.0,0.0,1.0,0.0,1.0,0.0,1.0,0.0,1.0,0.0
0.11249999999999999,0.2841796875,1.0,0.0,1.0815401077270508,0.08154010772705078,1.0,0.0,1.0,0.0,1.0,0.0,1.0,0.0,1.0,0.0
0.11249999999999999,0.2861328125,1.0,0.0,1.0811315774917603,0.08113157749176025,1.0,0.0,1.0,0.0,1.0,0.0,1.0,0.0,1.0,0.0
0.11249999999999999,0.2880859375,1.0,0.0,1.080230951309204,0.0802309513092041,1.0,0.0,1.0,0.0,1.0,0.0,1.0,0.0,1.0,0.0
0.11249999999999999,0.2900390625,1.0,0.0,1.0791243314743042,0.0791243314743042,1.0,0.0,1.0,0.0,1.0,0.0,1.0,0.0,1.0,0.0
0.11249999999999999,0.2919921875,1.0,0.0,1.0781551599502563,0.07815515995025635,1.0,0.0,1.0,0.0,1.0,0.0,1.0,0.0,1.0,0.0
0.11249999999999999,0.2939453125,1.0,0.0,1.0776954889297485,0.07769548892974854,1.0,0.0,1.0,0.0,1.0,0.0,1.0,0.0,1.0,0.0
0.11249999999999999,0.2958984375,1.0,0.0,1.0781161785125732,0.07811617851257324,1.0,0.0,1.0,0.0,1.0,0.0,1.0,0.0,1.0,0.0
0.11249999999999999,0.2978515625,1.0,0.0,1.079750418663025,0.0797504186630249,1.0,0.0,1.0,0.0,1.0,0.0,1.0,0.0,1.0,0.0
0.11249999999999999,0.2998046875,1.0,0.0,1.0828547477722168,0.0828547477722168,1.0,0.0,1.0,0.0,1.0,0.0,1.0,0.0,1.0,0.0
0.11249999999999999,0.3017578125,1.0,0.0,1.0875787734985352,0.08757877349853516,1.0,0.0,1.0,0.0,1.0,0.0,1.0,0.0,1.0,0.0
0.11249999999999999,0.3037109375,1.0,0.0,1.0939453840255737,0.09394538402557373,1.0,0.0,1.0,0.0,1.0,0.0,1.0,0.0,1.0,0.0
0.11249999999999999,0.3056640625,1.0,0.0,1.1018476486206055,0.10184764862060547,1.0,0.0,1.0,0.0,1.0,0.0,1.0,0.0,1.0,0.0
0.11249999999999999,0.3076171875,1.0,0.0,1.1110594272613525,0.11105942726135254,1.0,0.0,1.0,0.0,1.0,0.0,1.0,0.0,1.0,0.0
0.11249999999999999,0.3095703125,1.0,0.0,1.12125563621521,0.12125563621520996,1.0,0.0,1.0,0.0,1.0,0.0,1.0,0.0,1.0,0.0
0.11249999999999999,0.3115234375,1.0,0.0,1.1320358514785767,0.13203585147857666,1.0,0.0,1.0,0.0,1.0,0.0,1.0,0.0,1.0,0.0
0.11249999999999999,0.3134765625,1.0,0.0,1.142946481704712,0.14294648170471191,1.0,0.0,1.0,0.0,1.0,0.0,1.0,0.0,1.0,0.0
0.11249999999999999,0.3154296875,1.0,0.0,1.1535004377365112,0.15350043773651123,1.0,0.0,1.0,0.0,1.0,0.0,1.0,0.0,1.0,0.0
0.11249999999999999,0.3173828125,1.0,0.0,1.1585056781768799,0.15850567817687988,1.0,0.0,1.0,0.0,1.0,0.0,1.0,0.0,1.0,0.0
0.11249999999999999,0.3193359375,1.0,0.0,1.1457531452178955,0.1457531452178955,1.0,0.0,1.0,0.0,1.0,0.0,1.0,0.0,1.0,0.0
0.11249999999999999,0.3212890625,1.0,0.0,1.131514549255371,0.1315145492553711,1.0,0.0,1.0,0.0,1.0,0.0,1.0,0.0,1.0,0.0
0.11249999999999999,0.3232421875,1.0,0.0,1.116064429283142,0.11606442928314209,1.0,0.0,1.0,0.0,1.0,0.0,1.0,0.0,1.0,0.0
0.11249999999999999,0.3251953125,1.0,0.0,1.0997694730758667,0.0997694730758667,1.0,0.0,1.0,0.0,1.0,0.0,1.0,0.0,1.0,0.0
0.11249999999999999,0.3271484375,1.0,0.0,1.0831226110458374,0.0831226110458374,1.0,0.0,1.0,0.0,1.0,0.0,1.0,0.0,1.0,0.0
0.11249999999999999,0.3291015625,1.0,0.0,1.066750407218933,0.0667504072189331,1.0,0.0,1.0,0.0,1.0,0.0,1.0,0.0,1.0,0.0
0.11249999999999999,0.3310546875,1.0,0.0,1.051376223564148,0.05137622356414795,1.0,0.0,1.0,0.0,1.0,0.0,1.0,0.0,1.0,0.0
0.11249999999999999,0.3330078125,1.0,0.0,1.0377510786056519,0.037751078605651855,1.0,0.0,1.0,0.0,1.0,0.0,1.0,0.0,1.0,0.0
0.11249999999999999,0.3349609375,1.0,0.0,1.0265737771987915,0.026573777198791504,1.0,0.0,1.0,0.0,1.0,0.0,1.0,0.0,1.0,0.0
0.11249999999999999,0.3369140625,1.0,0.0,1.0245270729064941,0.02452707290649414,1.0,0.0,1.0,0.0,1.0,0.0,1.0,0.0,1.0,0.0
0.11249999999999999,0.3388671875,1.0,0.0,1.0254133939743042,0.0254133939743042,1.0,0.0,1.0,0.0,1.0,0.0,1.0,0.0,1.0,0.0
0.11249999999999999,0.3408203125,1.0,0.0,1.026463508605957,0.02646350860595703,1.0,0.0,1.0,0.0,1.0,0.0,1.0,0.0,1.0,0.0
0.11249999999999999,0.3427734375,1.0,0.0,1.0276209115982056,0.027620911598205566,1.0,0.0,1.0,0.0,1.0,0.0,1.0,0.0,1.0,0.0
0.11249999999999999,0.3447265625,1.0,0.0,1.0287870168685913,0.02878701686859131,1.0,0.0,1.0,0.0,1.0,0.0,1.0,0.0,1.0,0.0
0.11249999999999999,0.3466796875,1.0,0.0,1.0313730239868164,0.031373023986816406,1.0,0.0,1.0,0.0,1.0,0.0,1.0,0.0,1.0,0.0
0.11249999999999999,0.3486328125,1.0,0.0,1.0430279970169067,0.04302799701690674,1.0,0.0,1.0,0.0,1.0,0.0,1.0,0.0,1.0,0.0
0.11249999999999999,0.3505859375,1.0,0.0,1.055677056312561,0.055677056312561035,1.0,0.0,1.0,0.0,1.0,0.0,1.0,0.0,1.0,0.0
0.11249999999999999,0.3525390625,1.0,0.0,1.0679543018341064,0.06795430183410645,1.0,0.0,1.0,0.0,1.0,0.0,1.0,0.0,1.0,0.0
0.11249999999999999,0.3544921875,1.0,0.0,1.0786553621292114,0.07865536212921143,1.0,0.0,1.0,0.0,1.0,0.0,1.0,0.0,1.0,0.0
0.11249999999999999,0.3564453125,1.0,0.0,1.0870579481124878,0.08705794811248779,1.0,0.0,1.0,0.0,1.0,0.0,1.0,0.0,1.0,0.0
0.11249999999999999,0.3583984375,1.0,0.0,1.0930794477462769,0.09307944774627686,1.0,0.0,1.0,0.0,1.0,0.0,1.0,0.0,1.0,0.0
0.11249999999999999,0.3603515625,1.0,0.0,1.0971858501434326,0.09718585014343262,1.0,0.0,1.0,0.0,1.0,0.0,1.0,0.0,1.0,0.0
0.11249999999999999,0.3623046875,1.0,0.0,1.1001193523406982,0.10011935234069824,1.0,0.0,1.0,0.0,1.0,0.0,1.0,0.0,1.0,0.0
0.11249999999999999,0.3642578125,1.0,0.0,1.102579951286316,0.10257995128631592,1.0,0.0,1.0,0.0,1.0,0.0,1.0,0.0,1.0,0.0
0.11249999999999999,0.3662109375,1.0,0.0,1.1049829721450806,0.10498297214508057,1.0,0.0,1.0,0.0,1.0,0.0,1.0,0.0,1.0,0.0
0.11249999999999999,0.3681640625,1.0,0.054987760884885925,1.1073359251022339,0.10733592510223389,1.0,0.0,1.0,0.0,1.0,0.0,1.0,0.0,1.0,0.0
0.11249999999999999,0.3701171875,1.0,0.054987760884885925,1.1092270612716675,0.10922706127166748,1.0,0.0,1.0,0.0,1.0,0.0,1.0,0.0,1.0,0.0
0.11249999999999999,0.3720703125,1.0,0.054987760884885925,1.1098986864089966,0.10989868640899658,1.0,0.0,1.0,0.0,1.0,0.0,1.0,0.0,1.0,0.0
0.11249999999999999,0.3740234375,1.0,0.054987760884885925,1.1083848476409912,0.10838484764099121,1.0,0.0,1.0,0.0,1.0,0.0,1.0,0.0,1.0,0.0
0.11249999999999999,0.3759765625,1.0,0.43485328473266427,1.1037160158157349,0.10371601581573486,1.0320198228838708,0.03201982288387084,1.0080049557209678,0.008004955720967821,1.0080005545786783,0.00800055457867832,1.006880904143986,0.0068809041439859,1.0,0.0
0.11249999999999999,0.3779296875,1.0,0.43485328473266427,1.09518301486969,0.09518301486968994,1.0320198228838708,0.03201982288387084,1.024014867162903,0.02401486716290302,1.0239879394008007,0.023987939400800684,1.0156927099265032,0.01569270992650318,1.0,0.0
0.11249999999999999,0.3798828125,1.0,0.43485328473266427,1.0826104879379272,0.08261048793792725,1.0320198228838708,0.03201982288387084,1.0400247786048387,0.04002477860483866,1.0399753242229235,0.03997532422292349,1.0247406587896342,0.024740658789634162,1.0,0.0
0.11249999999999999,0.3818359375,1.0,0.43485328473266427,1.066538691520691,0.06653869152069092,1.0320198228838708,0.03201982288387084,1.0560346900467739,0.05603469004677386,1.0561154733330806,0.056115473333080645,1.0810011617559734,0.08100116175597338,1.0,0.0
0.11249999999999999,0.3837890625,1.0,0.1713382078776709,1.0481921434402466,0.04819214344024658,1.2887897080384048,0.28878970803840476,1.1954138121316848,0.19541381213168485,1.1953637401297479,0.1953637401297479,1.1659207450241975,0.1659207450241975,1.0,0.0
0.11249999999999999,0.3857421875,1.0,0.1713382078776709,1.0292267799377441,0.02922677993774414,1.2887897080384048,0.28878970803840476,1.2576644094028315,0.25766440940283153,1.2575962293061103,0.25759622930611026,1.2175054365195912,0.2175054365195912,1.0393083238728675,0.039308323872867534
0.11249999999999999,0.3876953125,1.0,0.1713382078776709,1.0113592147827148,0.011359214782714844,1.2887897080384048,0.28878970803840476,1.319915006673978,0.319915006673978,1.3199570580238345,0.31995705802383445,1.3446838043113545,0.3446838043113545,1.306598248189102,0.3065982481891021
0.11249999999999999,0.3896484375,1.6019442880567492,0.1713382078776709,1.0022709369659424,0.5996733510908068,1.2887897080384048,0.3131545800183444,1.3821656039451247,0.2197786841116245,1.3822418046939264,0.21970248336282272,1.4270488462984758,0.17489544175827332,1.5641569069529901,0.03778738110375901
0.11249999999999999,0.3916015625,1.6019442880567492,0.00181534488781184,0.997149646282196,0.6047946417745531,1.5300246010530432,0.07191968700370599,1.4677647184675933,0.1341795695891559,1.4677623333920766,0.13418195466467253,1.467453306863385,0.1344909811933641,1.569584302311065,0.03235998574568422
0.11249999999999999,0.3935546875,1.6019442880567492,0.00181534488781184,0.9921513795852661,0.609792908471483,1.5300246010530432,0.07191968700370599,1.5092713068578931,0.09267298119885603,1.5092726789730369,0.0926716090837123,1.5094504594990075,0.09249382855774169,1.6007931519590586,0.001151136097690575
0.11249999999999999,0.3955078125,1.6019442880567492,0.00181534488781184,0.9874847531318665,0.6144595349248827,1.5300246010530432,0.07191968700370599,1.5507778952481932,0.05116639280855595,1.5507786902733653,0.05116559778338381,1.5508816991162626,0.05106258894048654,1.6187778697766226,0.01683358171987348
0.11249999999999999,0.3974609375,1.6019442880567492,0.00181534488781184,0.9833617806434631,0.618582507413286,1.5300246010530432,0.07191968700370599,1.592284483638493,0.00965980441825609,1.5922847015736938,0.009659586483055316,1.5923129387335178,0.009631349323231397,1.6084684261269322,0.006524138070183039
0.11249999999999999,0.3994140625,1.6019442880567492,0.0006165386915949601,0.9799725413322449,0.6219717467245043,1.620842415160804,0.018898127104054918,1.620842415160804,0.018898127104054918,1.620842415160804,0.018898127104054918,1.620842415160804,0.018898127104054918,1.5936988479442231,0.008245440112526037
0.11249999999999999,0.4013671875,1.6019442880567492,0.0006165386915949601,0.9850131273269653,0.6169311607297838,1.620842415160804,0.018898127104054918,1.620842415160804,0.018898127104054918,1.620842415160804,0.018898127104054918,1.620842415160804,0.018898127104054918,1.5960377518523374,0.0059065362044117276
0.11249999999999999,0.4033203125,1.6019442880567492,0.0006165386915949601,0.993874192237854,0.6080700958188952,1.620842415160804,0.018898127104054918,1.620842415160804,0.018898127104054918,1.620842415160804,0.018898127104054918,1.620842415160804,0.018898127104054918,1.6037092659484662,0.0017649778917170345
0.11249999999999999,0.4052734375,1.6019442880567492,0.0006165386915949601,1.0035923719406128,0.5983519161161364,1.620842415160804,0.018898127104054918,1.620842415160804,0.018898127104054918,1.620842415160804,0.018898127104054918,1.620842415160804,0.018898127104054918,1.6059962717550165,0.004051983698267314
0.11249999999999999,0.4072265625,1.6019442880567492,0.0023993032899133964,1.0033661127090454,0.5985781753477037,1.5998988094403939,0.0020454786163552896,1.6061651273466537,0.004220839289904577,1.6061651191343076,0.00422083107755844,1.606152149903698,0.004207861846948768,1.6030622105117835,0.0011179224550343925
0.11249999999999999,0.4091796875,1.6019442880567492,0.0023993032899133964,1.003217101097107,0.5987271869596422,1.5998988094403939,0.0020454786163552896,1.6019875820758138,4.329401906466579e-05,1.601987579338365,4.3291281615953636e-05,1.6019832562614953,3.896820474613705e-05,1.599496164564433,0.0024481234923161566
0.11249999999999999,0.4111328125,1.6019442880567492,0.0023993032899133964,1.0042012929916382,0.597742995065111,1.5998988094403939,0.0020454786163552896,1.597810036804974,0.004134251251775245,1.5978100395424226,0.004134248514326533,1.5978143626192924,0.004129925437456716,1.6001286606324163,0.001815627424332833
0.11249999999999999,0.4130859375,1.6019442880567492,0.0023993032899133964,1.0056893825531006,0.5962549055036486,1.5998988094403939,0.0020454786163552896,1.593632491534134,0.008311796522615156,1.5936324997464801,0.00831178831026902,1.5936454689770898,0.008298819079659348,1.6030063189236434,0.0010620308668942702
0.11249999999999999,0.4150390625,1.6019442880567492,0.0,1.0070518255233765,0.5948924625333727,1.5874220529940843,0.014522235062664812,1.5874220529940843,0.014522235062664812,1.5874220529940843,0.014522235062664812,1.5874220529940843,0.014522235062664812,1.6033199719228555,0.0013756838661063142
0.11249999999999999,0.4169921875,1.6019442880567492,0.0,1.0077190399169922,0.594225248139757,1.5874220529940843,0.014522235062664812,1.5874220529940843,0.014522235062664812,1.5874220529940843,0.014522235062664812,1.5874220529940843,0.014522235062664812,1.6018175709978795,0.00012671705886968532
0.11249999999999999,0.4189453125,1.6019442880567492,0.0,1.0072357654571533,0.5947085225995958,1.5874220529940843,0.014522235062664812,1.5874220529940843,0.014522235062664812,1.5874220529940843,0.014522235062664812,1.5874220529940843,0.014522235062664812,1.601039035383462,0.0009052526732871158
0.11249999999999999,0.4208984375,1.6019442880567492,0.0,1.005301833152771,0.5966424549039782,1.5874220529940843,0.014522235062664812,1.5874220529940843,0.014522235062664812,1.5874220529940843,0.014522235062664812,1.5874220529940843,0.014522235062664812,1.6016833875894247,0.00026090046732440975
0.11249999999999999,0.4228515625,1.6019442880567492,0.0,1.001794695854187,0.6001495922025621,1.5950876507721767,0.00685663728457242,1.5911667941422816,0.010777493914467584,1.5911668015874394,0.01077748646930976,1.5911667941422816,0.010777493914467584,1.6024103842680721,0.00046609621132298606
0.11249999999999999,0.4248046875,1.6019442880567492,0.0,0.9945247769355774,0.6074195111211718,1.5950876507721767,0.00685663728457242,1.5937806985622116,0.008163589494537549,1.5937807010439309,0.008163587012818274,1.5937806985622116,0.008163589494537549,1.6022837159594707,0.0003394279027215674
0.11249999999999999,0.4267578125,1.6019442880567492,0.0,0.9832248091697693,0.6187194788869799,1.5950876507721767,0.00685663728457242,1.5963946029821419,0.005549685074607291,1.5963946005004226,0.005549687556326566,1.5963946029821419,0.005549685074607291,1.6017766755291256,0.00016761252762353962
0.11249999999999999,0.4287109375,1.6019442880567492,0.0,0.9722546339035034,0.6296896541532457,1.5950876507721767,0.00685663728457242,1.599008507402072,0.002935780654677256,1.599008499956914,0.0029357880998350794,1.599008507402072,0.002935780654677256,1.6017495100708907,0.00019477798585842976
0.11249999999999999,0.4306640625,1.6019442880567492,0.0,0.9622936844825745,0.6396506035741747,1.6083332883535257,0.006389000296776581,1.6083332883535257,0.006389000296776581,1.6083332883535257,0.006389000296776581,1.6083332883535257,0.006389000296776581,1.6019030648658468,4.122319090238413e-05
0.11249999999999999,0.4326171875,1.6019442880567492,0.0,0.953931987285614,0.6480123007711351,1.6083332883535257,0.006389000296776581,1.6083332883535257,0.006389000296776581,1.6083332883535257,0.006389000296776581,1.6083332883535257,0.006389000296776581,1.6021024423118366,0.0001581542550874726
0.11249999999999999,0.4345703125,1.6019442880567492,0.0,0.9476284980773926,0.6543157899793566,1.6083332883535257,0.006389000296776581,1.6083332883535257,0.006389000296776581,1.6083332883535257,0.006389000296776581,1.6083332883535257,0.006389000296776581,1.6020082286179431,6.394056119396474e-05
0.11249999999999999,0.4365234375,1.6019442880567492,0.0,0.9436761736869812,0.658268114369768,1.6083332883535257,0.006389000296776581,1.6083332883535257,0.006389000296776581,1.6083332883535257,0.006389000296776581,1.6083332883535257,0.006389000296776581,1.6019053171423043,3.89709144448247e-05
0.11249999999999999,0.4384765625,1.6019442880567492,0.0,0.9421835541725159,0.6597607338842333,1.6063835847445096,0.004439296687760441,1.6078458624512717,0.005901574394522546,1.6078458576500578,0.005901569593308675,1.6078458624512717,0.005901574394522546,1.6018776610194794,6.662703726978414e-05
0.11249999999999999,0.4404296875,1.6019442880567492,0.0,0.9403437376022339,0.6616005504545153,1.6063835847445096,0.004439296687760441,1.6068710106467636,0.004926722590014476,1.606871009046359,0.0049267209896097786,1.6068710106467636,0.004926722590014476,1.6019911226303019,4.683457355270093e-05
0.11249999999999999,0.4423828125,1.6019442880567492,0.0,0.9371317028999329,0.6648125851568163,1.6063835847445096,0.004439296687760441,1.6058961588422556,0.003951870785506406,1.6058961604426603,0.003951872385911104,1.6058961588422556,0.003951870785506406,1.6020091103306662,6.482227391702011e-05
0.11249999999999999,0.4443359375,1.6019442880567492,0.0,0.9359130263328552,0.6660312617238939,1.6063835847445096,0.004439296687760441,1.6049213070377475,0.002977018980998336,1.6049213118389614,0.002977023782212207,1.6049213070377475,0.002977018980998336,1.6019949204187862,5.0632362037061895e-05
0.11249999999999999,0.4462890625,1.6019442880567492,0.0,0.9368453025817871,0.665098985474962,1.5979086112242324,0.00403567683251671,1.5990021727426686,0.0029421153140805067,1.5990021687708706,0.0029421192858785084,1.5990021727426686,0.0029421153140805067,1.601940054069242,4.233987507262782e-06
0.11249999999999999,0.4482421875,1.6019442880567492,0.0,0.9399586915969849,0.6619855964597643,1.5979086112242324,0.00403567683251671,1.5982731317303778,0.003671156326371383,1.598273130406445,0.0036711576503041243,1.5982731317303778,0.003671156326371383,1.6019778015219521,3.351346520297227e-05
0.11249999999999999,0.4501953125,1.6019442880567492,0.0,0.9451540112495422,0.6567902768072069,1.5979086112242324,0.00403567683251671,1.5975440907180871,0.0044001973386620374,1.5975440920420199,0.004400196014729296,1.5975440907180871,0.0044001973386620374,1.601945012467124,7.244103747972019e-07
0.11249999999999999,0.4521484375,1.6019442880567492,0.0,0.9522222876548767,0.6497220004018724,1.5979086112242324,0.00403567683251671,1.5968150497057962,0.005129238350952914,1.5968150536775942,0.005129234379154912,1.5968150497057962,0.005129238350952914,1.6019932530064263,4.896494967709941e-05
0.11249999999999999,0.4541015625,1.6019442880567492,0.0,0.9608820080757141,0.641062279981035,1.596450529199651,0.005493758857098241,1.596450529199651,0.005493758857098241,1.596450529199651,0.005493758857098241,1.596450529199651,0.005493758857098241,1.601957538872897,1.3250816147891697e-05
0.11249999999999999,0.4560546875,1.6019442880567492,0.0,0.9708201885223389,0.6311240995344103,1.596450529199651,0.005493758857098241,1.596450529199651,0.005493758857098241,1.596450529199651,0.005493758857098241,1.596450529199651,0.005493758857098241,1.6019741297926506,2.9841735901481314e-05
0.11249999999999999,0.4580078125,1.6019442880567492,0.0,0.98172527551651,0.6202190125402391,1.596450529199651,0.005493758857098241,1.596450529199651,0.005493758857098241,1.596450529199651,0.005493758857098241,1.596450529199651,0.005493758857098241,1.601956437139477,1.2149082727841432e-05
0.11249999999999999,0.4599609375,1.6019442880567492,0.0,0.9933079481124878,0.6086363399442614,1.596450529199651,0.005493758857098241,1.596450529199651,0.005493758857098241,1.596450529199651,0.005493758857098241,1.596450529199651,0.005493758857098241,1.6019873514002003,4.306334345116625e-05
0.11249999999999999,0.4619140625,1.6019442880567492,0.0,1.005309820175171,0.5966344678815783,1.5982281639388562,0.003716124117892905,1.5971755502789382,0.00476873777781095,1.5971757501942756,0.004768537862473554,1.5971755502789382,0.00476873777781095,1.601936303839282,7.984217467171817e-06
0.11249999999999999,0.4638671875,1.6019442880567492,0.0,1.0175089836120605,0.5844353044446886,1.5982281639388562,0.003716124117892905,1.5978772927188836,0.0040669953378655865,1.5978771395346054,0.0040671485221437376,1.5978772927188836,0.0040669953378655865,1.6019632338025434,1.894574579419661e-05
0.11249999999999999,0.4658203125,1.6019442880567492,0.0,1.029723882675171,0.5722204053815783,1.5982281639388562,0.003716124117892905,1.598579035158829,0.0033652528979202234,1.5985785288749352,0.003365759181813921,1.598579035158829,0.0033652528979202234,1.60194448871645,2.0065970085525464e-07
0.11249999999999999,0.4677734375,1.6019442880567492,0.0,1.0418119430541992,0.5601323450025499,1.5982281639388562,0.003716124117892905,1.5992807775987743,0.0026635104579748603,1.5992812371516085,0.0026630509051406293,1.5992807775987743,0.0026635104579748603,1.601943458805486,8.292512632124271e-07
0.11249999999999999,0.4697265625,1.6019442880567492,0.0,1.0536549091339111,0.548289378922838,1.602064468719214,0.00012018066246488601,1.602064468719214,0.00012018066246488601,1.602064468719214,0.00012018066246488601,1.602064468719214,0.00012018066246488601,1.60189264672998,5.1641326769047424e-05
0.11249999999999999,0.4716796875,1.6019442880567492,0.0,1.0651346445083618,0.5368096435483873,1.602064468719214,0.00012018066246488601,1.602064468719214,0.00012018066246488601,1.602064468719214,0.00012018066246488601,1.602064468719214,0.00012018066246488601,1.6018682733588474,7.601469790174953e-05
0.11249999999999999,0.4736328125,1.6019442880567492,0.0,1.0761114358901978,0.5258328521665514,1.602064468719214,0.00012018066246488601,1.602064468719214,0.00012018066246488601,1.602064468719214,0.00012018066246488601,1.602064468719214,0.00012018066246488601,1.6017980432054455,0.00014624485130365628
0.11249999999999999,0.4755859375,1.6019442880567492,0.0,1.0864217281341553,0.5155225599225939,1.602064468719214,0.00012018066246488601,1.602064468719214,0.00012018066246488601,1.602064468719214,0.00012018066246488601,1.602064468719214,0.00012018066246488601,1.6017461245777682,0.00019816347898093944
0.11249999999999999,0.4775390625,1.6019442880567492,0.0,1.0958964824676514,0.5060478055890978,1.6032256904464033,0.0012814023896541293,1.6032256904464033,0.0012814023896541293,1.6032256904464033,0.0012814023896541293,1.6032256904464033,0.0012814023896541293,1.601616139673991,0.0003281483827581866
0.11249999999999999,0.4794921875,1.6019442880567492,0.0,1.104400634765625,0.49754365329112415,1.6032256904464033,0.0012814023896541293,1.6032256904464033,0.0012814023896541293,1.6032256904464033,0.0012814023896541293,1.6032256904464033,0.0012814023896541293,1.6015143946899257,0.0004298933668234195
0.11249999999999999,0.4814453125,1.6019442880567492,0.0,1.1118754148483276,0.4900688732084215,1.6032256904464033,0.0012814023896541293,1.6032256904464033,0.0012814023896541293,1.6032256904464033,0.0012814023896541293,1.6032256904464033,0.0012814023896541293,1.6012978411784613,0.0006464468782878541
0.11249999999999999,0.4833984375,1.6019442880567492,0.0,1.1183772087097168,0.48356707934703236,1.6032256904464033,0.0012814023896541293,1.6032256904464033,0.0012814023896541293,1.6032256904464033,0.0012814023896541293,1.6032256904464033,0.0012814023896541293,1.6010814043378077,0.0008628837189414984
0.11249999999999999,0.4853515625,1.6019442880567492,0.0,1.1241021156311035,0.47784217242564564,1.5983047973634237,0.0036394906933254756,1.5983047973634237,0.0036394906933254756,1.5983047973634237,0.0036394906933254756,1.5983047973634237,0.0036394906933254756,1.6007411829154714,0.0012031051412777494
0.11249999999999999,0.4873046875,1.6019442880567492,0.0,1.1293857097625732,0.4725585782941759,1.5983047973634237,0.0036394906933254756,1.5983047973634237,0.0036394906933254756,1.5983047973634237,0.0036394906933254756,1.5983047973634237,0.0036394906933254756,1.6004909084934054,0.001453379563343793
0.11249999999999999,0.4892578125,1.6019442880567492,0.0,1.1346710920333862,0.4672731960233629,1.5983047973634237,0.0036394906933254756,1.5983047973634237,0.0036394906933254756,1.5983047973634237,0.0036394906933254756,1.5983047973634237,0.0036394906933254756,1.6002752314889321,0.0016690565678170177
0.11249999999999999,0.4912109375,1.6019442880567492,0.0,1.1404470205307007,0.46149726752604847,1.5983047973634237,0.0036394906933254756,1.5983047973634237,0.0036394906933254756,1.5983047973634237,0.0036394906933254756,1.5983047973634237,0.0036394906933254756,1.6003001651321505,0.001644122924598701
0.11249999999999999,0.4931640625,1.6019442880567492,0.0,1.1471740007400513,0.4547702873166979,1.575015805667285,0.026928482389464214,1.575015805667285,0.026928482389464214,1.575015805667285,0.026928482389464214,1.575015805667285,0.026928482389464214,1.6005602211993577,0.0013840668573914527
0.11249999999999999,0.4951171875,1.6019442880567492,0.0,1.1552152633666992,0.44672902469004994,1.575015805667285,0.026928482389464214,1.575015805667285,0.026928482389464214,1.575015805667285,0.026928482389464214,1.575015805667285,0.026928482389464214,1.600654988287649,0.001289299769100083
0.11249999999999999,0.4970703125,1.6019442880567492,0.0,1.164788842201233,0.43715544585551624,1.575015805667285,0.026928482389464214,1.575015805667285,0.026928482389464214,1.575015805667285,0.026928482389464214,1.575015805667285,0.026928482389464214,1.5988279045744607,0.0031163834822884873
0.11249999999999999,0.4990234375,1.6019442880567492,0.0,1.1759427785873413,0.42600150946940785,1.575015805667285,0.026928482389464214,1.575015805667285,0.026928482389464214,1.575015805667285,0.026928482389464214,1.575015805667285,0.026928482389464214,1.577120626341634,0.024823661715115186
0.11249999999999999,0.5009765625,1.6019442880567492,0.0,1.3703694343566895,0.2315748537000597,1.5750158056672856,0.02692848238946355,1.5750158056672856,0.02692848238946355,1.5750158056672856,0.02692848238946355,1.5750158056672856,0.02692848238946355,1.577120626341634,0.024823661715115186
0.11249999999999999,0.5029296875,1.6019442880567492,0.0,1.3894433975219727,0.2125008905347765,1.5750158056672856,0.02692848238946355,1.5750158056672856,0.02692848238946355,1.5750158056672856,0.02692848238946355,1.5750158056672856,0.02692848238946355,1.5988279045744522,0.003116383482296925
0.11249999999999999,0.5048828125,1.6019442880567492,0.0,1.4080324172973633,0.19391187075938587,1.5750158056672856,0.02692848238946355,1.5750158056672856,0.02692848238946355,1.5750158056672856,0.02692848238946355,1.5750158056672856,0.02692848238946355,1.6006549882876417,0.0012892997691074104
0.11249999999999999,0.5068359375,1.6019442880567492,0.0,1.4252517223358154,0.17669256572093373,1.5750158056672856,0.02692848238946355,1.5750158056672856,0.02692848238946355,1.5750158056672856,0.02692848238946355,1.5750158056672856,0.02692848238946355,1.600560221199358,0.0013840668573912307
0.11249999999999999,0.5087890625,1.6019442880567492,0.0,1.4401741027832031,0.16177018527354603,1.5983047973634248,0.0036394906933243654,1.5983047973634248,0.0036394906933243654,1.5983047973634248,0.0036394906933243654,1.5983047973634248,0.0036394906933243654,1.6003001651321467,0.0016441229246024758
0.11249999999999999,0.5107421875,1.6019442880567492,0.0,1.4518835544586182,0.150060733598131,1.5983047973634248,0.0036394906933243654,1.5983047973634248,0.0036394906933243654,1.5983047973634248,0.0036394906933243654,1.5983047973634248,0.0036394906933243654,1.6002752314889317,0.0016690565678174618
0.11249999999999999,0.5126953125,1.6019442880567492,0.0,1.4595268964767456,0.14241739158000355,1.5983047973634248,0.0036394906933243654,1.5983047973634248,0.0036394906933243654,1.5983047973634248,0.0036394906933243654,1.5983047973634248,0.0036394906933243654,1.6004909084934107,0.0014533795633384639
0.11249999999999999,0.5146484375,1.6019442880567492,0.0,1.4623730182647705,0.13957126979197865,1.5983047973634248,0.0036394906933243654,1.5983047973634248,0.0036394906933243654,1.5983047973634248,0.0036394906933243654,1.5983047973634248,0.0036394906933243654,1.6007411829154778,0.00120310514127131
0.11249999999999999,0.5166015625,1.6019442880567492,0.0,1.4598783254623413,0.14206596259440785,1.6032256904464042,0.0012814023896550175,1.6032256904464042,0.0012814023896550175,1.6032256904464042,0.0012814023896550175,1.6032256904464042,0.0012814023896550175,1.6010814043378105,0.0008628837189386118
0.11249999999999999,0.5185546875,1.6019442880567492,0.0,1.4517701864242554,0.15017410163249378,1.6032256904464042,0.0012814023896550175,1.6032256904464042,0.0012814023896550175,1.6032256904464042,0.0012814023896550175,1.6032256904464042,0.0012814023896550175,1.601297841178458,0.0006464468782911847
0.11249999999999999,0.5205078125,1.6019442880567492,0.0,1.4381238222122192,0.16382046584452992,1.6032256904464042,0.0012814023896550175,1.6032256904464042,0.0012814023896550175,1.6032256904464042,0.0012814023896550175,1.6032256904464042,0.0012814023896550175,1.601514394689914,0.00042989336683518786
0.11249999999999999,0.5224609375,1.6019442880567492,0.0,1.4194133281707764,0.1825309598859728,1.6032256904464042,0.0012814023896550175,1.6032256904464042,0.0012814023896550175,1.6032256904464042,0.0012814023896550175,1.6032256904464042,0.0012814023896550175,1.6016161396739856,0.00032814838276351566
0.11249999999999999,0.5244140625,1.6019442880567492,0.0,1.396506428718567,0.20543785933818226,1.6020644687192127,0.00012018066246355374,1.6020644687192127,0.00012018066246355374,1.6020644687192127,0.00012018066246355374,1.6020644687192127,0.00012018066246355374,1.6017461245777735,0.00019816347897561037
0.11249999999999999,0.5263671875,1.6019442880567492,0.0,1.3705936670303345,0.23135062102641468,1.6020644687192127,0.00012018066246355374,1.6020644687192127,0.00012018066246355374,1.6020644687192127,0.00012018066246355374,1.6020644687192127,0.00012018066246355374,1.601798043205441,0.00014624485130809717
0.11249999999999999,0.5283203125,1.6019442880567492,0.0,1.3430676460266113,0.2588766420301378,1.6020644687192127,0.00012018066246355374,1.6020644687192127,0.00012018066246355374,1.6020644687192127,0.00012018066246355374,1.6020644687192127,0.00012018066246355374,1.601868273358847,7.601469790219362e-05
0.11249999999999999,0.5302734375,1.6019442880567492,0.0,1.3153926134109497,0.28655167464579945,1.6020644687192127,0.00012018066246355374,1.6020644687192127,0.00012018066246355374,1.6020644687192127,0.00012018066246355374,1.6020644687192127,0.00012018066246355374,1.6018926467299754,5.164132677371036e-05
0.11249999999999999,0.5322265625,1.6019442880567492,0.0,1.2889758348464966,0.3129684532102526,1.598228163938853,0.0037161241178962356,1.599280777598771,0.002663510457978191,1.5992807790510573,0.0026635090056918997,1.599280777598771,0.002663510457978191,1.6019434588054873,8.292512618801595e-07
0.11249999999999999,0.5341796875,1.6019442880567492,0.0,1.2650693655014038,0.33687492255534535,1.598228163938853,0.0037161241178962356,1.5985790351588256,0.003365252897923554,1.598579033558859,0.0033652544978901577,1.5985790351588256,0.003365252897923554,1.60194448871645,2.0065970085525464e-07
0.11249999999999999,0.5361328125,1.6019442880567492,0.0,1.2447009086608887,0.3572433793958605,1.598228163938853,0.0037161241178962356,1.5978772927188802,0.004066995337868917,1.5978772922347848,0.004066995821964348,1.5978772927188802,0.004066995337868917,1.6019632338025342,1.8945745785092782e-05
0.11249999999999999,0.5380859375,1.6019442880567492,0.0,1.2287555932998657,0.37318869475688343,1.598228163938853,0.0037161241178962356,1.5971755502789349,0.00476873777781428,1.5971755509107106,0.0047687371460385375,1.5971755502789349,0.00476873777781428,1.601936303839282,7.984217467171817e-06
0.11249999999999999,0.5400390625,1.6019442880567492,0.0,1.2313822507858276,0.3705620372709215,1.5964505291996496,0.005493758857099573,1.5964505291996496,0.005493758857099573,1.5964505291996496,0.005493758857099573,1.5964505291996496,0.005493758857099573,1.6019873514002065,4.3063343457383496e-05
0.11249999999999999,0.5419921875,1.6019442880567492,0.0,1.2375051975250244,0.36443909053172474,1.5964505291996496,0.005493758857099573,1.5964505291996496,0.005493758857099573,1.5964505291996496,0.005493758857099573,1.5964505291996496,0.005493758857099573,1.6019564371394721,1.214908272295645e-05
0.11249999999999999,0.5439453125,1.6019442880567492,0.0,1.2472164630889893,0.3547278249677599,1.5964505291996496,0.005493758857099573,1.5964505291996496,0.005493758857099573,1.5964505291996496,0.005493758857099573,1.5964505291996496,0.005493758857099573,1.6019741297926495,2.984173590037109e-05
0.11249999999999999,0.5458984375,1.6019442880567492,0.0,1.2604135274887085,0.34153076056804066,1.5964505291996496,0.005493758857099573,1.5964505291996496,0.005493758857099573,1.5964505291996496,0.005493758857099573,1.5964505291996496,0.005493758857099573,1.601957538872894,1.3250816144783073e-05
0.11249999999999999,0.5478515625,1.6019442880567492,0.0,1.2767926454544067,0.3251516426023424,1.5979086112242322,0.004035676832516932,1.5968150497057954,0.005129238350953802,1.5968154524074243,0.00512883564932487,1.5968150497057954,0.005129238350953802,1.6019932530064265,4.8964949677321457e-05
0.11249999999999999,0.5498046875,1.6019442880567492,0.0,1.2958648204803467,0.3060794675764025,1.5979086112242322,0.004035676832516932,1.5975440907180865,0.004400197338662704,1.5975442249519627,0.004400063104786467,1.5975440907180865,0.004400197338662704,1.6019450124671297,7.244103805703617e-07
0.11249999999999999,0.5517578125,1.6019442880567492,0.0,1.3170009851455688,0.2849433029111803,1.5979086112242322,0.004035676832516932,1.598273131730378,0.003671156326371161,1.5982729974965018,0.0036712905602473977,1.598273131730378,0.003671156326371161,1.6019778015219504,3.351346520119591e-05
0.11249999999999999,0.5537109375,1.6019442880567492,0.0,1.3394994735717773,0.2624448144849718,1.5979086112242322,0.004035676832516932,1.599002172742669,0.0029421153140800627,1.5990017700410402,0.0029425180157089947,1.599002172742669,0.0029421153140800627,1.6019400540692426,4.233987506596648e-06
0.11249999999999999,0.5556640625,1.6019442880567492,0.0,1.3626726865768433,0.2392716014799059,1.6063835847445105,0.004439296687761329,1.6049213070377475,0.002977018980998336,1.6049213071286723,0.0029770190719231593,1.6049213070377475,0.002977018980998336,1.6019949204187822,5.063236203306509e-05
0.11249999999999999,0.5576171875,1.6019442880567492,0.0,1.385920763015747,0.21602352504100208,1.6063835847445105,0.004439296687761329,1.6058961588422562,0.003951870785507072,1.6058961588725644,0.003951870815815273,1.6058961588422562,0.003951870785507072,1.6020091103306657,6.482227391657602e-05
0.11249999999999999,0.5595703125,1.6019442880567492,0.0,1.4087804555892944,0.19316383246745472,1.6063835847445105,0.004439296687761329,1.6068710106467647,0.0049267225900155864,1.6068710106164565,0.004926722559707386,1.6068710106467647,0.0049267225900155864,1.6019911226303016,4.6834573552478886e-05
0.11249999999999999,0.5615234375,1.6019442880567492,0.0,1.4309208393096924,0.17102344874705677,1.6063835847445105,0.004439296687761329,1.6078458624512735,0.005901574394524323,1.6078458623603487,0.005901574303599499,1.6078458624512735,0.005901574394524323,1.6018776610194754,6.662703727378094e-05
0.11249999999999999,0.5634765625,1.6019442880567492,0.0,1.4521057605743408,0.14983852748240833,1.6083332883535277,0.00638900029677858,1.6083332883535277,0.00638900029677858,1.6083332883535277,0.00638900029677858,1.6083332883535277,0.00638900029677858,1.6019053171423059,3.897091444327039e-05
0.11249999999999999,0.5654296875,1.6019442880567492,0.0,1.4721392393112183,0.1298050487455309,1.6083332883535277,0.00638900029677858,1.6083332883535277,0.00638900029677858,1.6083332883535277,0.00638900029677858,1.6083332883535277,0.00638900029677858,1.6020082286179411,6.394056119196634e-05
0.11249999999999999,0.5673828125,1.6019442880567492,0.0,1.4908185005187988,0.11112578753795033,1.6083332883535277,0.00638900029677858,1.6083332883535277,0.00638900029677858,1.6083332883535277,0.00638900029677858,1.6083332883535277,0.00638900029677858,1.6021024423118393,0.00015815425509013714
0.11249999999999999,0.5693359375,1.6019442880567492,0.0,1.5079129934310913,0.09403129462565785,1.6083332883535277,0.00638900029677858,1.6083332883535277,0.00638900029677858,1.6083332883535277,0.00638900029677858,1.6083332883535277,0.00638900029677858,1.601903064865846,4.1223190903050266e-05
0.11249999999999999,0.5712890625,1.6019442880567492,0.0,1.523168921470642,0.07877536658610707,1.5950876507721767,0.00685663728457242,1.5990085074020721,0.0029357806546770338,1.5990055469296267,0.002938741127122446,1.5990085074020721,0.0029357806546770338,1.6017495100708918,0.00019477798585731954
0.11249999999999999,0.5732421875,1.6019442880567492,0.0,1.5363261699676514,0.06561811808909779,1.5950876507721767,0.00685663728457242,1.5963946029821419,0.005549685074607291,1.5963936161579935,0.005550671898755688,1.5963946029821419,0.005549685074607291,1.6017766755291256,0.00016761252762353962
0.11249999999999999,0.5751953125,1.6019442880567492,0.0,1.5471428632736206,0.05480142478312855,1.5950876507721767,0.00685663728457242,1.5937806985622116,0.008163589494537549,1.59378168538636,0.008162602670389152,1.5937806985622116,0.008163589494537549,1.602283715959468,0.0003394279027189029
0.11249999999999999,0.5771484375,1.6019442880567492,0.0,1.5554107427597046,0.046533545297044565,1.5950876507721767,0.00685663728457242,1.5911667941422813,0.010777493914467806,1.5911697546147268,0.010774533442022394,1.5911667941422813,0.010777493914467806,1.6024103842680748,0.0004660962113256506
0.11249999999999999,0.5791015625,1.6019442880567492,0.0,1.5609558820724487,0.040988405984300424,1.5874220529940855,0.014522235062663702,1.5874220529940855,0.014522235062663702,1.5874220529940855,0.014522235062663702,1.5874220529940855,0.014522235062663702,1.6016833875894234,0.000260900467325742
0.11249999999999999,0.5810546875,1.6019442880567492,0.0,1.563632607460022,0.03831168059672718,1.5874220529940855,0.014522235062663702,1.5874220529940855,0.014522235062663702,1.5874220529940855,0.014522235062663702,1.5874220529940855,0.014522235062663702,1.601039035383465,0.0009052526732842292
0.11249999999999999,0.5830078125,1.6019442880567492,0.0,1.5633186101913452,0.03862567786540394,1.5874220529940855,0.014522235062663702,1.5874220529940855,0.014522235062663702,1.5874220529940855,0.014522235062663702,1.5874220529940855,0.014522235062663702,1.6018175709978792,0.00012671705886990736
0.11249999999999999,0.5849609375,1.6019442880567492,0.0,1.5599182844161987,0.042026003640550424,1.5874220529940855,0.014522235062663702,1.5874220529940855,0.014522235062663702,1.5874220529940855,0.014522235062663702,1.5874220529940855,0.014522235062663702,1.6033199719228532,0.0013756838661040938
0.11249999999999999,0.5869140625,1.6019442880567492,0.027498631662881527,1.5533939599990845,0.04855032805766468,1.5998988094403943,0.0020454786163548455,1.5936324915341347,0.00831179652261449,1.5936324977994936,0.008311790257255591,1.5937771980600364,0.008167089996712784,1.6030063189236419,0.0010620308668927159
0.11249999999999999,0.5888671875,1.6019442880567492,0.027498631662881527,1.5438097715377808,0.05813451651896839,1.5998988094403943,0.0020454786163548455,1.5978100368049744,0.004134251251774801,1.5978100388934273,0.004134249163321835,1.597858272313608,0.004086015743141047,1.600128660632417,0.0018156274243321668
0.11249999999999999,0.5908203125,1.6019442880567492,0.027498631662881527,1.5313808917999268,0.0705633962568224,1.5998988094403943,0.0020454786163548455,1.6019875820758143,4.329401906510988e-05,1.6019875799873613,4.329193061214376e-05,1.6019393465671805,4.941489568643931e-06,1.5994961645644339,0.0024481234923152684
0.11249999999999999,0.5927734375,1.6019442880567492,0.027498631662881527,1.5165009498596191,0.08544333819713001,1.5998988094403943,0.0020454786163548455,1.606165127346654,0.004220839289904799,1.606165121081295,0.0042208330245459,1.6060204208207522,0.004076132764003093,1.6030622105117809,0.001117922455031728
0.11249999999999999,0.5947265625,1.6019442880567492,0.0012840097807355682,1.4997373819351196,0.10220690612162953,1.620842415160804,0.018898127104054918,1.620842415160804,0.018898127104054918,1.620842415160804,0.018898127104054918,1.620842415160804,0.018898127104054918,1.6059962717550142,0.004051983698265094
0.11249999999999999,0.5966796875,1.6019442880567492,0.0012840097807355682,1.4818005561828613,0.12014373187388783,1.620842415160804,0.018898127104054918,1.620842415160804,0.018898127104054918,1.620842415160804,0.018898127104054918,1.620842415160804,0.018898127104054918,1.6037092659484644,0.001764977891715258
0.11249999999999999,0.5986328125,1.6019442880567492,0.0012840097807355682,1.4634941816329956,0.13845010642375355,1.620842415160804,0.018898127104054918,1.620842415160804,0.018898127104054918,1.620842415160804,0.018898127104054918,1.620842415160804,0.018898127104054918,1.59603775185234,0.005906536204409063
0.11249999999999999,0.6005859375,1.6019442880567492,0.0012840097807355682,1.4456679821014404,0.15627630595530873,1.620842415160804,0.018898127104054918,1.620842415160804,0.018898127104054918,1.620842415160804,0.018898127104054918,1.620842415160804,0.018898127104054918,1.5936988479442271,0.00824544011252204
0.11249999999999999,0.6025390625,1.6019442880567492,0.00031816213617470593,1.4187668561935425,0.18317743186320667,1.5300246010530427,0.07191968700370643,1.5922844836384926,0.009659804418256535,1.592284783708874,0.009659504347875103,1.5922894707535467,0.0096548173032025,1.6084684261269353,0.006524138070186147
0.11249999999999999,0.6044921875,1.6019442880567492,0.00031816213617470593,1.3882322311401367,0.21371205691661244,1.5300246010530427,0.07191968700370643,1.5507778952481925,0.051166392808556616,1.5507789899015842,0.05116529815516491,1.550796088188074,0.05114819986867514,1.6187778697766246,0.01683358171987548
0.11249999999999999,0.6064453125,1.6019442880567492,0.00031816213617470593,1.3642650842666626,0.23767920379008656,1.5300246010530427,0.07191968700370643,1.509271306857893,0.09267298119885625,1.5092731960942949,0.09267109196245427,1.509302705622602,0.09264158243414711,1.6007931519590586,0.001151136097690575
0.11249999999999999,0.6083984375,1.6019442880567492,0.00031816213617470593,1.3674696683883667,0.23447461966838246,1.5300246010530427,0.07191968700370643,1.4677647184675928,0.13417956958915633,1.4677614345074177,0.13418285354933146,1.4677101396479484,0.13423414840880077,1.5695843023110678,0.03235998574568133
0.11249999999999999,0.6103515625,1.6019442880567492,0.19484271487491808,1.3736810684204102,0.228263219636339,1.2887897080384052,0.31315458001834395,1.3821656039451249,0.21977868411162427,1.3821661911948173,0.21977809686193184,1.433206016360081,0.1687382716966681,1.564156906952991,0.03778738110375812
0.11249999999999999,0.6123046875,1.0,0.19484271487491808,1.3805657625198364,0.3805657625198364,1.2887897080384052,0.2887897080384052,1.3199150066739784,0.31991500667397843,1.319915330747464,0.31991533074746403,1.3480816359134973,0.3480816359134973,1.306598248189102,0.3065982481891021
0.11249999999999999,0.6142578125,1.0,0.19484271487491808,1.3881418704986572,0.3881418704986572,1.2887897080384052,0.2887897080384052,1.257664409402832,0.257664409402832,1.2576638839652023,0.25766388396520234,1.2119963508881468,0.21199635088814683,1.0393083238728675,0.039308323872867534
0.11249999999999999,0.6162109375,1.0,0.19484271487491808,1.3964214324951172,0.3964214324951172,1.2887897080384052,0.2887897080384052,1.1954138121316855,0.19541381213168552,1.1954134262461371,0.1954134262461371,1.1618748289918956,0.16187482899189565,1.0,0.0
0.11249999999999999,0.6181640625,1.0,0.0005595021665125967,1.405350685119629,0.4053506851196289,1.0320198228838715,0.03201982288387151,1.0560346900467752,0.05603469004677519,1.0560346940738399,0.056034694073839875,1.0560616662483842,0.05606166624838416,1.0,0.0
0.11249999999999999,0.6201171875,1.0,0.0005595021665125967,1.414772629737854,0.414772629737854,1.0320198228838715,0.03201982288387151,1.0400247786048393,0.04002477860483933,1.0400247761395274,0.040024776139527374,1.0400082641568889,0.04000826415688885,1.0,0.0
0.11249999999999999,0.6220703125,1.0,0.0005595021665125967,1.4244080781936646,0.42440807819366455,1.0320198228838715,0.03201982288387151,1.0240148671629037,0.024014867162903686,1.0240148658205488,0.024014865820548792,1.0240058750957008,0.024005875095700846,1.0,0.0
0.11249999999999999,0.6240234375,1.0,0.0005595021665125967,1.4338552951812744,0.4338552951812744,1.0320198228838715,0.03201982288387151,1.0080049557209678,0.008004955720967821,1.00800495550157,0.008004955501569988,1.0080034860345124,0.008003486034512397,1.0,0.0
0.11249999999999999,0.6259765625,1.0,1.6833706226330061e-06,1.4426077604293823,0.4426077604293823,1.0,0.0,1.0,0.0,1.0,0.0,1.0,0.0,1.0,0.0
0.11249999999999999,0.6279296875,1.0,1.6833706226330061e-06,1.4500919580459595,0.4500919580459595,1.0,0.0,1.0,0.0,1.0,0.0,1.0,0.0,1.0,0.0
0.11249999999999999,0.6298828125,1.0,1.6833706226330061e-06,1.4556999206542969,0.4556999206542969,1.0,0.0,1.0,0.0,1.0,0.0,1.0,0.0,1.0,0.0
0.11249999999999999,0.6318359375,1.0,1.6833706226330061e-06,1.4588099718093872,0.4588099718093872,1.0,0.0,1.0,0.0,1.0,0.0,1.0,0.0,1.0,0.0
0.11249999999999999,0.6337890625,1.0,0.0,1.4587618112564087,0.4587618112564087,1.0,0.0,1.0,0.0,1.0,0.0,1.0,0.0,1.0,0.0
0.11249999999999999,0.6357421875,1.0,0.0,1.4547945261001587,0.4547945261001587,1.0,0.0,1.0,0.0,1.0,0.0,1.0,0.0,1.0,0.0
0.11249999999999999,0.6376953125,1.0,0.0,1.4164093732833862,0.41640937328338623,1.0,0.0,1.0,0.0,1.0,0.0,1.0,0.0,1.0,0.0
0.11249999999999999,0.6396484375,1.0,0.0,1.3691414594650269,0.36914145946502686,1.0,0.0,1.0,0.0,1.0,0.0,1.0,0.0,1.0,0.0
0.11249999999999999,0.6416015625,1.0,0.0,1.3394142389297485,0.33941423892974854,1.0,0.0,1.0,0.0,1.0,0.0,1.0,0.0,1.0,0.0
0.11249999999999999,0.6435546875,1.0,0.0,1.3060848712921143,0.30608487129211426,1.0,0.0,1.0,0.0,1.0,0.0,1.0,0.0,1.0,0.0
0.11249999999999999,0.6455078125,1.0,0.0,1.2692841291427612,0.26928412914276123,1.0,0.0,1.0,0.0,1.0,0.0,1.0,0.0,1.0,0.0
0.11249999999999999,0.6474609375,1.0,0.0,1.2318058013916016,0.23180580139160156,1.0,0.0,1.0,0.0,1.0,0.0,1.0,0.0,1.0,0.0
0.11249999999999999,0.6494140625,1.0,0.0,1.196319818496704,0.1963198184967041,1.0,0.0,1.0,0.0,1.0,0.0,1.0,0.0,1.0,0.0
0.11249999999999999,0.6513671875,1.0,0.0,1.165016770362854,0.165016770362854,1.0,0.0,1.0,0.0,1.0,0.0,1.0,0.0,1.0,0.0
0.11249999999999999,0.6533203125,1.0,0.0,1.1394158601760864,0.13941586017608643,1.0,0.0,1.0,0.0,1.0,0.0,1.0,0.0,1.0,0.0
0.11249999999999999,0.6552734375,1.0,0.0,1.120314121246338,0.12031412124633789,1.0,0.0,1.0,0.0,1.0,0.0,1.0,0.0,1.0,0.0
0.11249999999999999,0.6572265625,1.0,0.0,1.1078616380691528,0.10786163806915283,1.0,0.0,1.0,0.0,1.0,0.0,1.0,0.0,1.0,0.0
0.11249999999999999,0.6591796875,1.0,0.0,1.1017135381698608,0.10171353816986084,1.0,0.0,1.0,0.0,1.0,0.0,1.0,0.0,1.0,0.0
0.11249999999999999,0.6611328125,1.0,0.0,1.1012182235717773,0.10121822357177734,1.0,0.0,1.0,0.0,1.0,0.0,1.0,0.0,1.0,0.0
0.11249999999999999,0.6630859375,1.0,0.0,1.1055715084075928,0.10557150840759277,1.0,0.0,1.0,0.0,1.0,0.0,1.0,0.0,1.0,0.0
0.11249999999999999,0.6650390625,1.0,0.0,1.113887071609497,0.11388707160949707,1.0,0.0,1.0,0.0,1.0,0.0,1.0,0.0,1.0,0.0
0.11249999999999999,0.6669921875,1.0,0.0,1.12518310546875,0.12518310546875,1.0,0.0,1.0,0.0,1.0,0.0,1.0,0.0,1.0,0.0
0.11249999999999999,0.6689453125,1.0,0.0,1.1348570585250854,0.13485705852508545,1.0,0.0,1.0,0.0,1.0,0.0,1.0,0.0,1.0,0.0
0.11249999999999999,0.6708984375,1.0,0.0,1.1399383544921875,0.1399383544921875,1.0,0.0,1.0,0.0,1.0,0.0,1.0,0.0,1.0,0.0
0.11249999999999999,0.6728515625,1.0,0.0,1.1446245908737183,0.14462459087371826,1.0,0.0,1.0,0.0,1.0,0.0,1.0,0.0,1.0,0.0
0.11249999999999999,0.6748046875,1.0,0.0,1.1479851007461548,0.14798510074615479,1.0,0.0,1.0,0.0,1.0,0.0,1.0,0.0,1.0,0.0
0.11249999999999999,0.6767578125,1.0,0.0,1.1491872072219849,0.14918720722198486,1.0,0.0,1.0,0.0,1.0,0.0,1.0,0.0,1.0,0.0
0.11249999999999999,0.6787109375,1.0,0.0,1.147506833076477,0.14750683307647705,1.0,0.0,1.0,0.0,1.0,0.0,1.0,0.0,1.0,0.0
0.11249999999999999,0.6806640625,1.0,0.0,1.1423568725585938,0.14235687255859375,1.0,0.0,1.0,0.0,1.0,0.0,1.0,0.0,1.0,0.0
0.11249999999999999,0.6826171875,1.0,0.0,1.1333345174789429,0.13333451747894287,1.0,0.0,1.0,0.0,1.0,0.0,1.0,0.0,1.0,0.0
0.11249999999999999,0.6845703125,1.0,0.0,1.1202893257141113,0.12028932571411133,1.0,0.0,1.0,0.0,1.0,0.0,1.0,0.0,1.0,0.0
0.11249999999999999,0.6865234375,1.0,0.0,1.1033899784088135,0.10338997840881348,1.0,0.0,1.0,0.0,1.0,0.0,1.0,0.0,1.0,0.0
0.11249999999999999,0.6884765625,1.0,0.0,1.0831513404846191,0.08315134048461914,1.0,0.0,1.0,0.0,1.0,0.0,1.0,0.0,1.0,0.0
0.11249999999999999,0.6904296875,1.0,0.0,1.0604043006896973,0.060404300689697266,1.0,0.0,1.0,0.0,1.0,0.0,1.0,0.0,1.0,0.0
0.11249999999999999,0.6923828125,1.0,0.0,1.0361982583999634,0.03619825839996338,1.0,0.0,1.0,0.0,1.0,0.0,1.0,0.0,1.0,0.0
0.11249999999999999,0.6943359375,1.0,0.0,1.0026320219039917,0.0026320219039916992,1.0,0.0,1.0,0.0,1.0,0.0,1.0,0.0,1.0,0.0
0.11249999999999999,0.6962890625,1.0,0.0,0.9667779207229614,0.033222079277038574,1.0,0.0,1.0,0.0,1.0,0.0,1.0,0.0,1.0,0.0
0.11249999999999999,0.6982421875,1.0,0.0,0.9322105050086975,0.06778949499130249,1.0,0.0,1.0,0.0,1.0,0.0,1.0,0.0,1.0,0.0
0.11249999999999999,0.7001953125,1.0,0.0,0.8996610045433044,0.10033899545669556,1.0,0.0,1.0,0.0,1.0,0.0,1.0,0.0,1.0,0.0
0.11249999999999999,0.7021484375,1.0,0.0,0.8696163892745972,0.13038361072540283,1.0,0.0,1.0,0.0,1.0,0.0,1.0,0.0,1.0,0.0
0.11249999999999999,0.7041015625,1.0,0.0,0.8423777222633362,0.15762227773666382,1.0,0.0,1.0,0.0,1.0,0.0,1.0,0.0,1.0,0.0
0.11249999999999999,0.7060546875,1.0,0.0,0.818105161190033,0.18189483880996704,1.0,0.0,1.0,0.0,1.0,0.0,1.0,0.0,1.0,0.0
0.11249999999999999,0.7080078125,1.0,0.0,0.7968563437461853,0.2031436562538147,1.0,0.0,1.0,0.0,1.0,0.0,1.0,0.0,1.0,0.0
0.11249999999999999,0.7099609375,1.0,0.0,0.778610110282898,0.22138988971710205,1.0,0.0,1.0,0.0,1.0,0.0,1.0,0.0,1.0,0.0
0.11249999999999999,0.7119140625,1.0,0.0,0.7632763981819153,0.23672360181808472,1.0,0.0,1.0,0.0,1.0,0.0,1.0,0.0,1.0,0.0
0.11249999999999999,0.7138671875,1.0,0.0,0.7506927847862244,0.24930721521377563,1.0,0.0,1.0,0.0,1.0,0.0,1.0,0.0,1.0,0.0
0.11249999999999999,0.7158203125,1.0,0.0,0.7406172752380371,0.2593827247619629,1.0,0.0,1.0,0.0,1.0,0.0,1.0,0.0,1.0,0.0
0.11249999999999999,0.7177734375,1.0,0.0,0.7327253222465515,0.2672746777534485,1.0,0.0,1.0,0.0,1.0,0.0,1.0,0.0,1.0,0.0
0.11249999999999999,0.7197265625,1.0,0.0,0.734522819519043,0.26547718048095703,1.0,0.0,1.0,0.0,1.0,0.0,1.0,0.0,1.0,0.0
0.11249999999999999,0.7216796875,1.0,0.0,0.7429693341255188,0.2570306658744812,1.0,0.0,1.0,0.0,1.0,0.0,1.0,0.0,1.0,0.0
0.11249999999999999,0.7236328125,1.0,0.0,0.7524013519287109,0.24759864807128906,1.0,0.0,1.0,0.0,1.0,0.0,1.0,0.0,1.0,0.0
0.11249999999999999,0.7255859375,1.0,0.0,0.7624931335449219,0.23750686645507812,1.0,0.0,1.0,0.0,1.0,0.0,1.0,0.0,1.0,0.0
0.11249999999999999,0.7275390625,1.0,0.0,0.7729378342628479,0.2270621657371521,1.0,0.0,1.0,0.0,1.0,0.0,1.0,0.0,1.0,0.0
0.11249999999999999,0.7294921875,1.0,0.0,0.7834510207176208,0.21654897928237915,1.0,0.0,1.0,0.0,1.0,0.0,1.0,0.0,1.0,0.0
0.11249999999999999,0.7314453125,1.0,0.0,0.7937695384025574,0.20623046159744263,1.0,0.0,1.0,0.0,1.0,0.0,1.0,0.0,1.0,0.0
0.11249999999999999,0.7333984375,1.0,0.0,0.8036528825759888,0.19634711742401123,1.0,0.0,1.0,0.0,1.0,0.0,1.0,0.0,1.0,0.0
0.11249999999999999,0.7353515625,1.0,0.0,0.8128817677497864,0.18711823225021362,1.0,0.0,1.0,0.0,1.0,0.0,1.0,0.0,1.0,0.0
0.11249999999999999,0.7373046875,1.0,0.0,0.8212608098983765,0.17873919010162354,1.0,0.0,1.0,0.0,1.0,0.0,1.0,0.0,1.0,0.0
0.11249999999999999,0.7392578125,1.0,0.0,0.8286269307136536,0.17137306928634644,1.0,0.0,1.0,0.0,1.0,0.0,1.0,0.0,1.0,0.0
0.11249999999999999,0.7412109375,1.0,0.0,0.834859311580658,0.16514068841934204,1.0,0.0,1.0,0.0,1.0,0.0,1.0,0.0,1.0,0.0
0.11249999999999999,0.7431640625,1.0,0.0,0.8398973345756531,0.16010266542434692,1.0,0.0,1.0,0.0,1.0,0.0,1.0,0.0,1.0,0.0
0.11249999999999999,0.7451171875,1.0,0.0,0.8437547087669373,0.15624529123306274,1.0,0.0,1.0,0.0,1.0,0.0,1.0,0.0,1.0,0.0
0.11249999999999999,0.7470703125,1.0,0.0,0.8465271592140198,0.15347284078598022,1.0,0.0,1.0,0.0,1.0,0.0,1.0,0.0,1.0,0.0
0.11249999999999999,0.7490234375,1.0,0.0,0.8483890295028687,0.15161097049713135,1.0,0.0,1.0,0.0,1.0,0.0,1.0,0.0,1.0,0.0
0.11249999999999999,0.7509765625,1.0,0.0,0.8495747447013855,0.1504252552986145,1.0,0.0,1.0,0.0,1.0,0.0,1.0,0.0,1.0,0.0
0.11249999999999999,0.7529296875,1.0,0.0,0.8503497838973999,0.1496502161026001,1.0,0.0,1.0,0.0,1.0,0.0,1.0,0.0,1.0,0.0
0.11249999999999999,0.7548828125,1.0,0.0,0.8509762287139893,0.14902377128601074,1.0,0.0,1.0,0.0,1.0,0.0,1.0,0.0,1.0,0.0
0.11249999999999999,0.7568359375,1.0,0.0,0.8516799807548523,0.1483200192451477,1.0,0.0,1.0,0.0,1.0,0.0,1.0,0.0,1.0,0.0
0.11249999999999999,0.7587890625,1.0,0.0,0.8526243567466736,0.14737564325332642,1.0,0.0,1.0,0.0,1.0,0.0,1.0,0.0,1.0,0.0
0.11249999999999999,0.7607421875,1.0,0.0,0.8538979887962341,0.14610201120376587,1.0,0.0,1.0,0.0,1.0,0.0,1.0,0.0,1.0,0.0
0.11249999999999999,0.7626953125,1.0,0.0,0.8555172085762024,0.1444827914237976,1.0,0.0,1.0,0.0,1.0,0.0,1.0,0.0,1.0,0.0
0.11249999999999999,0.7646484375,1.0,0.0,0.8574410080909729,0.1425589919090271,1.0,0.0,1.0,0.0,1.0,0.0,1.0,0.0,1.0,0.0
0.11249999999999999,0.7666015625,1.0,0.0,0.8595993518829346,0.14040064811706543,1.0,0.0,1.0,0.0,1.0,0.0,1.0,0.0,1.0,0.0
0.11249999999999999,0.7685546875,1.0,0.0,0.8619273900985718,0.13807260990142822,1.0,0.0,1.0,0.0,1.0,0.0,1.0,0.0,1.0,0.0
0.11249999999999999,0.7705078125,1.0,0.0,0.8643977642059326,0.13560223579406738,1.0,0.0,1.0,0.0,1.0,0.0,1.0,0.0,1.0,0.0
0.11249999999999999,0.7724609375,1.0,0.0,0.8670477271080017,0.1329522728919983,1.0,0.0,1.0,0.0,1.0,0.0,1.0,0.0,1.0,0.0
0.11249999999999999,0.7744140625,1.0,0.0,0.8699899911880493,0.13001000881195068,1.0,0.0,1.0,0.0,1.0,0.0,1.0,0.0,1.0,0.0
0.11249999999999999,0.7763671875,1.0,0.0,0.873403787612915,0.12659621238708496,1.0,0.0,1.0,0.0,1.0,0.0,1.0,0.0,1.0,0.0
0.11249999999999999,0.7783203125,1.0,0.0,0.8775085210800171,0.12249147891998291,1.0,0.0,1.0,0.0,1.0,0.0,1.0,0.0,1.0,0.0
0.11249999999999999,0.7802734375,1.0,0.0,0.8825233578681946,0.11747664213180542,1.0,0.0,1.0,0.0,1.0,0.0,1.0,0.0,1.0,0.0
0.11249999999999999,0.7822265625,1.0,0.0,0.8886224627494812,0.1113775372505188,1.0,0.0,1.0,0.0,1.0,0.0,1.0,0.0,1.0,0.0
0.11249999999999999,0.7841796875,1.0,0.0,0.8958916068077087,0.10410839319229126,1.0,0.0,1.0,0.0,1.0,0.0,1.0,0.0,1.0,0.0
0.11249999999999999,0.7861328125,1.0,0.0,0.9043001532554626,0.09569984674453735,1.0,0.0,1.0,0.0,1.0,0.0,1.0,0.0,1.0,0.0
0.11249999999999999,0.7880859375,1.0,0.0,0.9136835336685181,0.08631646633148193,1.0,0.0,1.0,0.0,1.0,0.0,1.0,0.0,1.0,0.0
0.11249999999999999,0.7900390625,1.0,0.0,0.9237449765205383,0.07625502347946167,1.0,0.0,1.0,0.0,1.0,0.0,1.0,0.0,1.0,0.0
0.11249999999999999,0.7919921875,1.0,0.0,0.9340746402740479,0.06592535972595215,1.0,0.0,1.0,0.0,1.0,0.0,1.0,0.0,1.0,0.0
0.11249999999999999,0.7939453125,1.0,0.0,0.9441819190979004,0.05581808090209961,1.0,0.0,1.0,0.0,1.0,0.0,1.0,0.0,1.0,0.0
0.11249999999999999,0.7958984375,1.0,0.0,0.9535364508628845,0.04646354913711548,1.0,0.0,1.0,0.0,1.0,0.0,1.0,0.0,1.0,0.0
0.11249999999999999,0.7978515625,1.0,0.0,0.9616139531135559,0.03838604688644409,1.0,0.0,1.0,0.0,1.0,0.0,1.0,0.0,1.0,0.0
0.11249999999999999,0.7998046875,1.0,0.0,0.9679414629936218,0.032058537006378174,1.0,0.0,1.0,0.0,1.0,0.0,1.0,0.0,1.0,0.0
0.11249999999999999,0.8017578125,1.0,0.0,0.972135066986084,0.027864933013916016,1.0,0.0,1.0,0.0,1.0,0.0,1.0,0.0,1.0,0.0
0.11249999999999999,0.8037109375,1.0,0.0,0.9739366173744202,0.026063382625579834,1.0,0.0,1.0,0.0,1.0,0.0,1.0,0.0,1.0,0.0
0.11249999999999999,0.8056640625,1.0,0.0,0.97324538230896,0.02675461769104004,1.0,0.0,1.0,0.0,1.0,0.0,1.0,0.0,1.0,0.0
0.11249999999999999,0.8076171875,1.0,0.0,0.970143735408783,0.02985626459121704,1.0,0.0,1.0,0.0,1.0,0.0,1.0,0.0,1.0,0.0
0.11249999999999999,0.8095703125,1.0,0.0,0.9649125337600708,0.0350874662399292,1.0,0.0,1.0,0.0,1.0,0.0,1.0,0.0,1.0,0.0
0.11249999999999999,0.8115234375,1.0,0.0,0.9580238461494446,0.04197615385055542,1.0,0.0,1.0,0.0,1.0,0.0,1.0,0.0,1.0,0.0
0.11249999999999999,0.8134765625,1.0,0.0,0.9501084685325623,0.049891531467437744,1.0,0.0,1.0,0.0,1.0,0.0,1.0,0.0,1.0,0.0
0.11249999999999999,0.8154296875,1.0,0.0,0.9418928623199463,0.05810713768005371,1.0,0.0,1.0,0.0,1.0,0.0,1.0,0.0,1.0,0.0
0.11249999999999999,0.8173828125,1.0,0.0,0.9341216087341309,0.06587839126586914,1.0,0.0,1.0,0.0,1.0,0.0,1.0,0.0,1.0,0.0
0.11249999999999999,0.8193359375,1.0,0.0,0.9274806976318359,0.07251930236816406,1.0,0.0,1.0,0.0,1.0,0.0,1.0,0.0,1.0,0.0
0.11249999999999999,0.8212890625,1.0,0.0,0.9225348234176636,0.07746517658233643,1.0,0.0,1.0,0.0,1.0,0.0,1.0,0.0,1.0,0.0
0.11249999999999999,0.8232421875,1.0,0.0,0.9196898341178894,0.0803101658821106,1.0,0.0,1.0,0.0,1.0,0.0,1.0,0.0,1.0,0.0
0.11249999999999999,0.8251953125,1.0,0.0,0.9191737771034241,0.08082622289657593,1.0,0.0,1.0,0.0,1.0,0.0,1.0,0.0,1.0,0.0
0.11249999999999999,0.8271484375,1.0,0.0,0.9210331439971924,0.07896685600280762,1.0,0.0,1.0,0.0,1.0,0.0,1.0,0.0,1.0,0.0
0.11249999999999999,0.8291015625,1.0,0.0,0.9251386523246765,0.07486134767532349,1.0,0.0,1.0,0.0,1.0,0.0,1.0,0.0,1.0,0.0
0.11249999999999999,0.8310546875,1.0,0.0,0.9311887621879578,0.06881123781204224,1.0,0.0,1.0,0.0,1.0,0.0,1.0,0.0,1.0,0.0
0.11249999999999999,0.8330078125,1.0,0.0,0.9387214183807373,0.061278581619262695,1.0,0.0,1.0,0.0,1.0,0.0,1.0,0.0,1.0,0.0
0.11249999999999999,0.8349609375,1.0,0.0,0.9471302628517151,0.05286973714828491,1.0,0.0,1.0,0.0,1.0,0.0,1.0,0.0,1.0,0.0
0.11249999999999999,0.8369140625,1.0,0.0,0.9556958675384521,0.04430413246154785,1.0,0.0,1.0,0.0,1.0,0.0,1.0,0.0,1.0,0.0
0.11249999999999999,0.8388671875,1.0,0.0,0.9636291861534119,0.036370813846588135,1.0,0.0,1.0,0.0,1.0,0.0,1.0,0.0,1.0,0.0
0.11249999999999999,0.8408203125,1.0,0.0,0.9701328873634338,0.029867112636566162,1.0,0.0,1.0,0.0,1.0,0.0,1.0,0.0,1.0,0.0
0.11249999999999999,0.8427734375,1.0,0.0,0.9744642376899719,0.025535762310028076,1.0,0.0,1.0,0.0,1.0,0.0,1.0,0.0,1.0,0.0
0.11249999999999999,0.8447265625,1.0,0.0,0.9760036468505859,0.023996353149414062,1.0,0.0,1.0,0.0,1.0,0.0,1.0,0.0,1.0,0.0
0.11249999999999999,0.8466796875,1.0,0.0,0.974305272102356,0.025694727897644043,1.0,0.0,1.0,0.0,1.0,0.0,1.0,0.0,1.0,0.0
0.11249999999999999,0.8486328125,1.0,0.0,0.9691397547721863,0.03086024522781372,1.0,0.0,1.0,0.0,1.0,0.0,1.0,0.0,1.0,0.0
0.11249999999999999,0.8505859375,1.0,0.0,0.9605190753936768,0.03948092460632324,1.0,0.0,1.0,0.0,1.0,0.0,1.0,0.0,1.0,0.0
0.11249999999999999,0.8525390625,1.0,0.0,0.948704183101654,0.05129581689834595,1.0,0.0,1.0,0.0,1.0,0.0,1.0,0.0,1.0,0.0
0.11249999999999999,0.8544921875,1.0,0.0,0.9341962933540344,0.06580370664596558,1.0,0.0,1.0,0.0,1.0,0.0,1.0,0.0,1.0,0.0
0.11249999999999999,0.8564453125,1.0,0.0,0.9177042841911316,0.08229571580886841,1.0,0.0,1.0,0.0,1.0,0.0,1.0,0.0,1.0,0.0
0.11249999999999999,0.8583984375,1.0,0.0,0.9000918865203857,0.09990811347961426,1.0,0.0,1.0,0.0,1.0,0.0,1.0,0.0,1.0,0.0
0.11249999999999999,0.8603515625,1.0,0.0,0.8823037147521973,0.11769628524780273,1.0,0.0,1.0,0.0,1.0,0.0,1.0,0.0,1.0,0.0
0.11249999999999999,0.8623046875,1.0,0.0,0.8652775883674622,0.13472241163253784,1.0,0.0,1.0,0.0,1.0,0.0,1.0,0.0,1.0,0.0
0.11249999999999999,0.8642578125,1.0,0.0,0.8498616814613342,0.15013831853866577,1.0,0.0,1.0,0.0,1.0,0.0,1.0,0.0,1.0,0.0
0.11249999999999999,0.8662109375,1.0,0.0,0.8367444276809692,0.16325557231903076,1.0,0.0,1.0,0.0,1.0,0.0,1.0,0.0,1.0,0.0
0.11249999999999999,0.8681640625,1.0,0.0,0.826408326625824,0.17359167337417603,1.0,0.0,1.0,0.0,1.0,0.0,1.0,0.0,1.0,0.0
0.11249999999999999,0.8701171875,1.0,0.0,0.8191156983375549,0.18088430166244507,1.0,0.0,1.0,0.0,1.0,0.0,1.0,0.0,1.0,0.0
0.11249999999999999,0.8720703125,1.0,0.0,0.8149122595787048,0.18508774042129517,1.0,0.0,1.0,0.0,1.0,0.0,1.0,0.0,1.0,0.0
0.11249999999999999,0.8740234375,1.0,0.0,0.8136530518531799,0.18634694814682007,1.0,0.0,1.0,0.0,1.0,0.0,1.0,0.0,1.0,0.0
0.11249999999999999,0.8759765625,1.0,0.0,0.8076855540275574,0.19231444597244263,1.0,0.0,1.0,0.0,1.0,0.0,1.0,0.0,1.0,0.0
0.11249999999999999,0.8779296875,1.0,0.0,0.7996399402618408,0.20036005973815918,1.0,0.0,1.0,0.0,1.0,0.0,1.0,0.0,1.0,0.0
0.11249999999999999,0.8798828125,1.0,0.0,0.7928240299224854,0.20717597007751465,1.0,0.0,1.0,0.0,1.0,0.0,1.0,0.0,1.0,0.0
0.11249999999999999,0.8818359375,1.0,0.0,0.7870795726776123,0.2129204273223877,1.0,0.0,1.0,0.0,1.0,0.0,1.0,0.0,1.0,0.0
0.11249999999999999,0.8837890625,1.0,0.0,0.7822433710098267,0.21775662899017334,1.0,0.0,1.0,0.0,1.0,0.0,1.0,0.0,1.0,0.0
0.11249999999999999,0.8857421875,1.0,0.0,0.7781707644462585,0.22182923555374146,1.0,0.0,1.0,0.0,1.0,0.0,1.0,0.0,1.0,0.0
0.11249999999999999,0.8876953125,1.0,0.0,0.7747555375099182,0.2252444624900818,1.0,0.0,1.0,0.0,1.0,0.0,1.0,0.0,1.0,0.0
0.11249999999999999,0.8896484375,1.0,0.0,0.7719407677650452,0.22805923223495483,1.0,0.0,1.0,0.0,1.0,0.0,1.0,0.0,1.0,0.0
0.11249999999999999,0.8916015625,1.0,0.0,0.7697180509567261,0.23028194904327393,1.0,0.0,1.0,0.0,1.0,0.0,1.0,0.0,1.0,0.0
0.11249999999999999,0.8935546875,1.0,0.0,0.7681213617324829,0.2318786382675171,1.0,0.0,1.0,0.0,1.0,0.0,1.0,0.0,1.0,0.0
0.11249999999999999,0.8955078125,1.0,0.0,0.7672094106674194,0.23279058933258057,1.0,0.0,1.0,0.0,1.0,0.0,1.0,0.0,1.0,0.0
0.11249999999999999,0.8974609375,1.0,0.0,0.767048180103302,0.232951819896698,1.0,0.0,1.0,0.0,1.0,0.0,1.0,0.0,1.0,0.0
0.11249999999999999,0.8994140625,1.0,0.0,0.7676926851272583,0.2323073148727417,1.0,0.0,1.0,0.0,1.0,0.0,1.0,0.0,1.0,0.0
0.11249999999999999,0.9013671875,1.0,0.0,0.769173264503479,0.230826735496521,1.0,0.0,1.0,0.0,1.0,0.0,1.0,0.0,1.0,0.0
0.11249999999999999,0.9033203125,1.0,0.0,0.7714923620223999,0.2285076379776001,1.0,0.0,1.0,0.0,1.0,0.0,1.0,0.0,1.0,0.0
0.11249999999999999,0.9052734375,1.0,0.0,0.7746257185935974,0.2253742814064026,1.0,0.0,1.0,0.0,1.0,0.0,1.0,0.0,1.0,0.0
0.11249999999999999,0.9072265625,1.0,0.0,0.7785328030586243,0.22146719694137573,1.0,0.0,1.0,0.0,1.0,0.0,1.0,0.0,1.0,0.0
0.11249999999999999,0.9091796875,1.0,0.0,0.7831640243530273,0.21683597564697266,1.0,0.0,1.0,0.0,1.0,0.0,1.0,0.0,1.0,0.0
0.11249999999999999,0.9111328125,1.0,0.0,0.7884682416915894,0.21153175830841064,1.0,0.0,1.0,0.0,1.0,0.0,1.0,0.0,1.0,0.0
0.11249999999999999,0.9130859375,1.0,0.0,0.7943883538246155,0.20561164617538452,1.0,0.0,1.0,0.0,1.0,0.0,1.0,0.0,1.0,0.0
0.11249999999999999,0.9150390625,1.0,0.0,0.8008496761322021,0.19915032386779785,1.0,0.0,1.0,0.0,1.0,0.0,1.0,0.0,1.0,0.0
0.11249999999999999,0.9169921875,1.0,0.0,0.8077431917190552,0.19225680828094482,1.0,0.0,1.0,0.0,1.0,0.0,1.0,0.0,1.0,0.0
0.11249999999999999,0.9189453125,1.0,0.0,0.8149108290672302,0.18508917093276978,1.0,0.0,1.0,0.0,1.0,0.0,1.0,0.0,1.0,0.0
0.11249999999999999,0.9208984375,1.0,0.0,0.8221389651298523,0.1778610348701477,1.0,0.0,1.0,0.0,1.0,0.0,1.0,0.0,1.0,0.0
0.11249999999999999,0.9228515625,1.0,0.0,0.8291608095169067,0.17083919048309326,1.0,0.0,1.0,0.0,1.0,0.0,1.0,0.0,1.0,0.0
0.11249999999999999,0.9248046875,1.0,0.0,0.8356659412384033,0.16433405876159668,1.0,0.0,1.0,0.0,1.0,0.0,1.0,0.0,1.0,0.0
0.11249999999999999,0.9267578125,1.0,0.0,0.8415003418922424,0.15849965810775757,1.0,0.0,1.0,0.0,1.0,0.0,1.0,0.0,1.0,0.0
0.11249999999999999,0.9287109375,1.0,0.0,0.8508409261703491,0.14915907382965088,1.0,0.0,1.0,0.0,1.0,0.0,1.0,0.0,1.0,0.0
0.11249999999999999,0.9306640625,1.0,0.0,0.8596789240837097,0.14032107591629028,1.0,0.0,1.0,0.0,1.0,0.0,1.0,0.0,1.0,0.0
0.11249999999999999,0.9326171875,1.0,0.0,0.8676755428314209,0.1323244571685791,1.0,0.0,1.0,0.0,1.0,0.0,1.0,0.0,1.0,0.0
0.11249999999999999,0.9345703125,1.0,0.0,0.8704540729522705,0.1295459270477295,1.0,0.0,1.0,0.0,1.0,0.0,1.0,0.0,1.0,0.0
0.11249999999999999,0.9365234375,1.0,0.0,0.8656640648841858,0.1343359351158142,1.0,0.0,1.0,0.0,1.0,0.0,1.0,0.0,1.0,0.0
0.11249999999999999,0.9384765625,1.0,0.0,0.8578757047653198,0.14212429523468018,1.0,0.0,1.0,0.0,1.0,0.0,1.0,0.0,1.0,0.0
0.11249999999999999,0.9404296875,1.0,0.0,0.8471183776855469,0.15288162231445312,1.0,0.0,1.0,0.0,1.0,0.0,1.0,0.0,1.0,0.0
0.11249999999999999,0.9423828125,1.0,0.0,0.833613932132721,0.16638606786727905,1.0,0.0,1.0,0.0,1.0,0.0,1.0,0.0,1.0,0.0
0.11249999999999999,0.9443359375,1.0,0.0,0.8177545666694641,0.1822454333305359,1.0,0.0,1.0,0.0,1.0,0.0,1.0,0.0,1.0,0.0
0.11249999999999999,0.9462890625,1.0,0.0,0.8000596761703491,0.19994032382965088,1.0,0.0,1.0,0.0,1.0,0.0,1.0,0.0,1.0,0.0
0.11249999999999999,0.9482421875,1.0,0.0,0.7811199426651001,0.2188800573348999,1.0,0.0,1.0,0.0,1.0,0.0,1.0,0.0,1.0,0.0
0.11249999999999999,0.9501953125,1.0,0.0,0.7615456581115723,0.23845434188842773,1.0,0.0,1.0,0.0,1.0,0.0,1.0,0.0,1.0,0.0
0.11249999999999999,0.9521484375,1.0,0.0,0.7419310212135315,0.2580689787864685,1.0,0.0,1.0,0.0,1.0,0.0,1.0,0.0,1.0,0.0
0.11249999999999999,0.9541015625,1.0,0.0,0.722826361656189,0.27717363834381104,1.0,0.0,1.0,0.0,1.0,0.0,1.0,0.0,1.0,0.0
0.11249999999999999,0.9560546875,1.0,0.0,0.706974446773529,0.29302555322647095,1.0,0.0,1.0,0.0,1.0,0.0,1.0,0.0,1.0,0.0
0.11249999999999999,0.9580078125,1.0,0.0,0.6927543878555298,0.3072456121444702,1.0,0.0,1.0,0.0,1.0,0.0,1.0,0.0,1.0,0.0
0.11249999999999999,0.9599609375,1.0,0.0,0.6797134280204773,0.3202865719795227,1.0,0.0,1.0,0.0,1.0,0.0,1.0,0.0,1.0,0.0
0.11249999999999999,0.9619140625,1.0,0.0,0.6679098010063171,0.33209019899368286,1.0,0.0,1.0,0.0,1.0,0.0,1.0,0.0,1.0,0.0
0.11249999999999999,0.9638671875,1.0,0.0,0.6573389768600464,0.3426610231399536,1.0,0.0,1.0,0.0,1.0,0.0,1.0,0.0,1.0,0.0
0.11249999999999999,0.9658203125,1.0,0.0,0.6426562666893005,0.35734373331069946,1.0,0.0,1.0,0.0,1.0,0.0,1.0,0.0,1.0,0.0
0.11249999999999999,0.9677734375,1.0,0.0,0.6313430070877075,0.3686569929122925,1.0,0.0,1.0,0.0,1.0,0.0,1.0,0.0,1.0,0.0
0.11249999999999999,0.9697265625,1.0,0.0,0.6247269511222839,0.37527304887771606,1.0,0.0,1.0,0.0,1.0,0.0,1.0,0.0,1.0,0.0
0.11249999999999999,0.9716796875,1.0,0.0,0.6190650463104248,0.3809349536895752,1.0,0.0,1.0,0.0,1.0,0.0,1.0,0.0,1.0,0.0
0.11249999999999999,0.9736328125,1.0,0.0,0.6141067743301392,0.38589322566986084,1.0,0.0,1.0,0.0,1.0,0.0,1.0,0.0,1.0,0.0
0.11249999999999999,0.9755859375,1.0,0.0,0.6097174286842346,0.3902825713157654,1.0,0.0,1.0,0.0,1.0,0.0,1.0,0.0,1.0,0.0
0.11249999999999999,0.9775390625,1.0,0.0,0.6059277653694153,0.3940722346305847,1.0,0.0,1.0,0.0,1.0,0.0,1.0,0.0,1.0,0.0
0.11249999999999999,0.9794921875,1.0,0.0,0.6027330160140991,0.3972669839859009,1.0,0.0,1.0,0.0,1.0,0.0,1.0,0.0,1.0,0.0
0.11249999999999999,0.9814453125,1.0,0.0,0.5980373024940491,0.4019626975059509,1.0,0.0,1.0,0.0,1.0,0.0,1.0,0.0,1.0,0.0
0.11249999999999999,0.9833984375,1.0,0.0,0.5940865874290466,0.40591341257095337,1.0,0.0,1.0,0.0,1.0,0.0,1.0,0.0,1.0,0.0
0.11249999999999999,0.9853515625,1.0,0.0,0.5912870168685913,0.4087129831314087,1.0,0.0,1.0,0.0,1.0,0.0,1.0,0.0,1.0,0.0
0.11249999999999999,0.9873046875,1.0,0.0,0.5901772975921631,0.4098227024078369,1.0,0.0,1.0,0.0,1.0,0.0,1.0,0.0,1.0,0.0
0.11249999999999999,0.9892578125,1.0,0.0,0.5914142727851868,0.40858572721481323,1.0,0.0,1.0,0.0,1.0,0.0,1.0,0.0,1.0,0.0
0.11249999999999999,0.9912109375,1.0,0.0,0.5957456827163696,0.40425431728363037,1.0,0.0,1.0,0.0,1.0,0.0,1.0,0.0,1.0,0.0
0.11249999999999999,0.9931640625,1.0,0.0,0.6039575338363647,0.39604246616363525,1.0,0.0,1.0,0.0,1.0,0.0,1.0,0.0,1.0,0.0
0.11249999999999999,0.9951171875,1.0,0.0,0.616787314414978,0.383212685585022,1.0,0.0,1.0,0.0,1.0,0.0,1.0,0.0,1.0,0.0
0.11249999999999999,0.9970703125,1.0,0.0,0.634795069694519,0.36520493030548096,1.0,0.0,1.0,0.0,1.0,0.0,1.0,0.0,1.0,0.0
0.11249999999999999,0.9990234375,1.0,0.0,0.6581977605819702,0.3418022394180298,1.0,0.0,1.0,0.0,1.0,0.0,1.0,0.0,1.0,0.0
0.12499999999999999,0.0009765625,1.0,0.0,1.1190696954727173,0.11906969547271729,1.0,0.0,1.0,0.0,1.0,0.0,1.0,0.0,1.0,0.0
0.12499999999999999,0.0029296875,1.0,0.0,1.1437536478042603,0.14375364780426025,1.0,0.0,1.0,0.0,1.0,0.0,1.0,0.0,1.0,0.0
0.12499999999999999,0.0048828125,1.0,0.0,1.1648931503295898,0.16489315032958984,1.0,0.0,1.0,0.0,1.0,0.0,1.0,0.0,1.0,0.0
0.12499999999999999,0.0068359375,1.0,0.0,1.1816563606262207,0.1816563606262207,1.0,0.0,1.0,0.0,1.0,0.0,1.0,0.0,1.0,0.0
0.12499999999999999,0.0087890625,1.0,0.0,1.1936355829238892,0.19363558292388916,1.0,0.0,1.0,0.0,1.0,0.0,1.0,0.0,1.0,0.0
0.12499999999999999,0.0107421875,1.0,0.0,1.2007991075515747,0.2007991075515747,1.0,0.0,1.0,0.0,1.0,0.0,1.0,0.0,1.0,0.0
0.12499999999999999,0.0126953125,1.0,0.0,1.2033954858779907,0.20339548587799072,1.0,0.0,1.0,0.0,1.0,0.0,1.0,0.0,1.0,0.0
0.12499999999999999,0.0146484375,1.0,0.0,1.201858401298523,0.20185840129852295,1.0,0.0,1.0,0.0,1.0,0.0,1.0,0.0,1.0,0.0
0.12499999999999999,0.0166015625,1.0,0.0,1.1967217922210693,0.19672179222106934,1.0,0.0,1.0,0.0,1.0,0.0,1.0,0.0,1.0,0.0
0.12499999999999999,0.0185546875,1.0,0.0,1.1885573863983154,0.18855738639831543,1.0,0.0,1.0,0.0,1.0,0.0,1.0,0.0,1.0,0.0
0.12499999999999999,0.0205078125,1.0,0.0,1.1779292821884155,0.17792928218841553,1.0,0.0,1.0,0.0,1.0,0.0,1.0,0.0,1.0,0.0
0.12499999999999999,0.0224609375,1.0,0.0,1.1653640270233154,0.16536402702331543,1.0,0.0,1.0,0.0,1.0,0.0,1.0,0.0,1.0,0.0
0.12499999999999999,0.0244140625,1.0,0.0,1.1513381004333496,0.1513381004333496,1.0,0.0,1.0,0.0,1.0,0.0,1.0,0.0,1.0,0.0
0.12499999999999999,0.0263671875,1.0,0.0,1.136277675628662,0.1362776756286621,1.0,0.0,1.0,0.0,1.0,0.0,1.0,0.0,1.0,0.0
0.12499999999999999,0.0283203125,1.0,0.0,1.1205698251724243,0.12056982517242432,1.0,0.0,1.0,0.0,1.0,0.0,1.0,0.0,1.0,0.0
0.12499999999999999,0.0302734375,1.0,0.0,1.1045762300491333,0.1045762300491333,1.0,0.0,1.0,0.0,1.0,0.0,1.0,0.0,1.0,0.0
0.12499999999999999,0.0322265625,1.0,0.0,1.088642954826355,0.08864295482635498,1.0,0.0,1.0,0.0,1.0,0.0,1.0,0.0,1.0,0.0
0.12499999999999999,0.0341796875,1.0,0.0,1.0730969905853271,0.07309699058532715,1.0,0.0,1.0,0.0,1.0,0.0,1.0,0.0,1.0,0.0
0.12499999999999999,0.0361328125,1.0,0.0,1.0582249164581299,0.05822491645812988,1.0,0.0,1.0,0.0,1.0,0.0,1.0,0.0,1.0,0.0
0.12499999999999999,0.0380859375,1.0,0.0,1.0442436933517456,0.044243693351745605,1.0,0.0,1.0,0.0,1.0,0.0,1.0,0.0,1.0,0.0
0.12499999999999999,0.0400390625,1.0,0.0,1.031272053718567,0.031272053718566895,1.0,0.0,1.0,0.0,1.0,0.0,1.0,0.0,1.0,0.0
0.12499999999999999,0.0419921875,1.0,0.0,1.0193145275115967,0.01931452751159668,1.0,0.0,1.0,0.0,1.0,0.0,1.0,0.0,1.0,0.0
0.12499999999999999,0.0439453125,1.0,0.0,1.008270263671875,0.008270263671875,1.0,0.0,1.0,0.0,1.0,0.0,1.0,0.0,1.0,0.0
0.12499999999999999,0.0458984375,1.0,0.0,0.9979814291000366,0.002018570899963379,1.0,0.0,1.0,0.0,1.0,0.0,1.0,0.0,1.0,0.0
0.12499999999999999,0.0478515625,1.0,0.0,0.9883275032043457,0.011672496795654297,1.0,0.0,1.0,0.0,1.0,0.0,1.0,0.0,1.0,0.0
0.12499999999999999,0.0498046875,1.0,0.0,0.979346752166748,0.020653247833251953,1.0,0.0,1.0,0.0,1.0,0.0,1.0,0.0,1.0,0.0
0.12499999999999999,0.0517578125,1.0,0.0,0.9713375568389893,0.028662443161010742,1.0,0.0,1.0,0.0,1.0,0.0,1.0,0.0,1.0,0.0
0.12499999999999999,0.0537109375,1.0,0.0,0.9656041860580444,0.034395813941955566,1.0,0.0,1.0,0.0,1.0,0.0,1.0,0.0,1.0,0.0
0.12499999999999999,0.0556640625,1.0,0.0,0.9811877608299255,0.018812239170074463,1.0,0.0,1.0,0.0,1.0,0.0,1.0,0.0,1.0,0.0
0.12499999999999999,0.0576171875,1.0,0.0,0.999883234500885,0.00011676549911499023,1.0,0.0,1.0,0.0,1.0,0.0,1.0,0.0,1.0,0.0
0.12499999999999999,0.0595703125,1.0,0.0,1.0210291147232056,0.021029114723205566,1.0,0.0,1.0,0.0,1.0,0.0,1.0,0.0,1.0,0.0
0.12499999999999999,0.0615234375,1.0,0.0,1.0438276529312134,0.04382765293121338,1.0,0.0,1.0,0.0,1.0,0.0,1.0,0.0,1.0,0.0
0.12499999999999999,0.0634765625,1.0,0.0,1.0674017667770386,0.06740176677703857,1.0,0.0,1.0,0.0,1.0,0.0,1.0,0.0,1.0,0.0
0.12499999999999999,0.0654296875,1.0,0.0,1.0801838636398315,0.08018386363983154,1.0,0.0,1.0,0.0,1.0,0.0,1.0,0.0,1.0,0.0
0.12499999999999999,0.0673828125,1.0,0.0,1.093035101890564,0.09303510189056396,1.0,0.0,1.0,0.0,1.0,0.0,1.0,0.0,1.0,0.0
0.12499999999999999,0.0693359375,1.0,0.0,1.1071475744247437,0.10714757442474365,1.0,0.0,1.0,0.0,1.0,0.0,1.0,0.0,1.0,0.0
0.12499999999999999,0.0712890625,1.0,0.0,1.1223962306976318,0.12239623069763184,1.0,0.0,1.0,0.0,1.0,0.0,1.0,0.0,1.0,0.0
0.12499999999999999,0.0732421875,1.0,0.0,1.1385475397109985,0.13854753971099854,1.0,0.0,1.0,0.0,1.0,0.0,1.0,0.0,1.0,0.0
0.12499999999999999,0.0751953125,1.0,0.0,1.1551759243011475,0.15517592430114746,1.0,0.0,1.0,0.0,1.0,0.0,1.0,0.0,1.0,0.0
0.12499999999999999,0.0771484375,1.0,0.0,1.1716185808181763,0.17161858081817627,1.0,0.0,1.0,0.0,1.0,0.0,1.0,0.0,1.0,0.0
0.12499999999999999,0.0791015625,1.0,0.0,1.1869831085205078,0.1869831085205078,1.0,0.0,1.0,0.0,1.0,0.0,1.0,0.0,1.0,0.0
0.12499999999999999,0.0810546875,1.0,0.0,1.2002222537994385,0.20022225379943848,1.0,0.0,1.0,0.0,1.0,0.0,1.0,0.0,1.0,0.0
0.12499999999999999,0.0830078125,1.0,0.0,1.2094296216964722,0.20942962169647217,1.0,0.0,1.0,0.0,1.0,0.0,1.0,0.0,1.0,0.0
0.12499999999999999,0.0849609375,1.0,0.0,1.2107107639312744,0.21071076393127441,1.0,0.0,1.0,0.0,1.0,0.0,1.0,0.0,1.0,0.0
0.12499999999999999,0.0869140625,1.0,0.0,1.210415244102478,0.21041524410247803,1.0,0.0,1.0,0.0,1.0,0.0,1.0,0.0,1.0,0.0
0.12499999999999999,0.0888671875,1.0,0.0,1.2088583707809448,0.20885837078094482,1.0,0.0,1.0,0.0,1.0,0.0,1.0,0.0,1.0,0.0
0.12499999999999999,0.0908203125,1.0,0.0,1.2054027318954468,0.20540273189544678,1.0,0.0,1.0,0.0,1.0,0.0,1.0,0.0,1.0,0.0
0.12499999999999999,0.0927734375,1.0,0.0,1.1929255723953247,0.1929255723953247,1.0,0.0,1.0,0.0,1.0,0.0,1.0,0.0,1.0,0.0
0.12499999999999999,0.0947265625,1.0,0.0,1.1772198677062988,0.17721986770629883,1.0,0.0,1.0,0.0,1.0,0.0,1.0,0.0,1.0,0.0
0.12499999999999999,0.0966796875,1.0,0.0,1.1593531370162964,0.1593531370162964,1.0,0.0,1.0,0.0,1.0,0.0,1.0,0.0,1.0,0.0
0.12499999999999999,0.0986328125,1.0,0.0,1.140491247177124,0.14049124717712402,1.0,0.0,1.0,0.0,1.0,0.0,1.0,0.0,1.0,0.0
0.12499999999999999,0.1005859375,1.0,0.0,1.121806263923645,0.12180626392364502,1.0,0.0,1.0,0.0,1.0,0.0,1.0,0.0,1.0,0.0
0.12499999999999999,0.1025390625,1.0,0.0,1.1043859720230103,0.10438597202301025,1.0,0.0,1.0,0.0,1.0,0.0,1.0,0.0,1.0,0.0
0.12499999999999999,0.1044921875,1.0,0.0,1.0891541242599487,0.08915412425994873,1.0,0.0,1.0,0.0,1.0,0.0,1.0,0.0,1.0,0.0
0.12499999999999999,0.1064453125,1.0,0.0,1.0768167972564697,0.07681679725646973,1.0,0.0,1.0,0.0,1.0,0.0,1.0,0.0,1.0,0.0
0.12499999999999999,0.1083984375,1.0,0.0,1.0678426027297974,0.06784260272979736,1.0,0.0,1.0,0.0,1.0,0.0,1.0,0.0,1.0,0.0
0.12499999999999999,0.1103515625,1.0,0.0,1.0624771118164062,0.06247711181640625,1.0,0.0,1.0,0.0,1.0,0.0,1.0,0.0,1.0,0.0
0.12499999999999999,0.1123046875,1.0,0.0,1.0607794523239136,0.060779452323913574,1.0,0.0,1.0,0.0,1.0,0.0,1.0,0.0,1.0,0.0
0.12499999999999999,0.1142578125,1.0,0.0,1.0626676082611084,0.0626676082611084,1.0,0.0,1.0,0.0,1.0,0.0,1.0,0.0,1.0,0.0
0.12499999999999999,0.1162109375,1.0,0.0,1.067963719367981,0.06796371936798096,1.0,0.0,1.0,0.0,1.0,0.0,1.0,0.0,1.0,0.0
0.12499999999999999,0.1181640625,1.0,0.0,1.0764237642288208,0.0764237642288208,1.0,0.0,1.0,0.0,1.0,0.0,1.0,0.0,1.0,0.0
0.12499999999999999,0.1201171875,1.0,0.0,1.0877517461776733,0.08775174617767334,1.0,0.0,1.0,0.0,1.0,0.0,1.0,0.0,1.0,0.0
0.12499999999999999,0.1220703125,1.0,0.0,1.1015900373458862,0.10159003734588623,1.0,0.0,1.0,0.0,1.0,0.0,1.0,0.0,1.0,0.0
0.12499999999999999,0.1240234375,1.0,0.0,1.117483139038086,0.11748313903808594,1.0,0.0,1.0,0.0,1.0,0.0,1.0,0.0,1.0,0.0
0.12499999999999999,0.1259765625,1.0,0.0,1.120206356048584,0.12020635604858398,1.0,0.0,1.0,0.0,1.0,0.0,1.0,0.0,1.0,0.0
0.12499999999999999,0.1279296875,1.0,0.0,1.12017822265625,0.12017822265625,1.0,0.0,1.0,0.0,1.0,0.0,1.0,0.0,1.0,0.0
0.12499999999999999,0.1298828125,1.0,0.0,1.120289921760559,0.12028992176055908,1.0,0.0,1.0,0.0,1.0,0.0,1.0,0.0,1.0,0.0
0.12499999999999999,0.1318359375,1.0,0.0,1.1198759078979492,0.11987590789794922,1.0,0.0,1.0,0.0,1.0,0.0,1.0,0.0,1.0,0.0
0.12499999999999999,0.1337890625,1.0,0.0,1.1182188987731934,0.11821889877319336,1.0,0.0,1.0,0.0,1.0,0.0,1.0,0.0,1.0,0.0
0.12499999999999999,0.1357421875,1.0,0.0,1.1146798133850098,0.11467981338500977,1.0,0.0,1.0,0.0,1.0,0.0,1.0,0.0,1.0,0.0
0.12499999999999999,0.1376953125,1.0,0.0,1.108823537826538,0.10882353782653809,1.0,0.0,1.0,0.0,1.0,0.0,1.0,0.0,1.0,0.0
0.12499999999999999,0.1396484375,1.0,0.0,1.1005018949508667,0.1005018949508667,1.0,0.0,1.0,0.0,1.0,0.0,1.0,0.0,1.0,0.0
0.12499999999999999,0.1416015625,1.0,0.0,1.105385661125183,0.1053856611251831,1.0,0.0,1.0,0.0,1.0,0.0,1.0,0.0,1.0,0.0
0.12499999999999999,0.1435546875,1.0,0.0,1.1202936172485352,0.12029361724853516,1.0,0.0,1.0,0.0,1.0,0.0,1.0,0.0,1.0,0.0
0.12499999999999999,0.1455078125,1.0,0.0,1.1351757049560547,0.1351757049560547,1.0,0.0,1.0,0.0,1.0,0.0,1.0,0.0,1.0,0.0
0.12499999999999999,0.1474609375,1.0,0.0,1.1496120691299438,0.14961206912994385,1.0,0.0,1.0,0.0,1.0,0.0,1.0,0.0,1.0,0.0
0.12499999999999999,0.1494140625,1.0,0.0,1.1552737951278687,0.15527379512786865,1.0,0.0,1.0,0.0,1.0,0.0,1.0,0.0,1.0,0.0
0.12499999999999999,0.1513671875,1.0,0.0,1.1412785053253174,0.14127850532531738,1.0,0.0,1.0,0.0,1.0,0.0,1.0,0.0,1.0,0.0
0.12499999999999999,0.1533203125,1.0,0.0,1.1287548542022705,0.1287548542022705,1.0,0.0,1.0,0.0,1.0,0.0,1.0,0.0,1.0,0.0
0.12499999999999999,0.1552734375,1.0,0.0,1.1183664798736572,0.11836647987365723,1.0,0.0,1.0,0.0,1.0,0.0,1.0,0.0,1.0,0.0
0.12499999999999999,0.1572265625,1.0,0.0,1.1105252504348755,0.11052525043487549,1.0,0.0,1.0,0.0,1.0,0.0,1.0,0.0,1.0,0.0
0.12499999999999999,0.1591796875,1.0,0.0,1.1054229736328125,0.1054229736328125,1.0,0.0,1.0,0.0,1.0,0.0,1.0,0.0,1.0,0.0
0.12499999999999999,0.1611328125,1.0,0.0,1.1030827760696411,0.10308277606964111,1.0,0.0,1.0,0.0,1.0,0.0,1.0,0.0,1.0,0.0
0.12499999999999999,0.1630859375,1.0,0.0,1.1034116744995117,0.10341167449951172,1.0,0.0,1.0,0.0,1.0,0.0,1.0,0.0,1.0,0.0
0.12499999999999999,0.1650390625,1.0,0.0,1.1062374114990234,0.10623741149902344,1.0,0.0,1.0,0.0,1.0,0.0,1.0,0.0,1.0,0.0
0.12499999999999999,0.1669921875,1.0,0.0,1.111329197883606,0.11132919788360596,1.0,0.0,1.0,0.0,1.0,0.0,1.0,0.0,1.0,0.0
0.12499999999999999,0.1689453125,1.0,0.0,1.1184009313583374,0.1184009313583374,1.0,0.0,1.0,0.0,1.0,0.0,1.0,0.0,1.0,0.0
0.12499999999999999,0.1708984375,1.0,0.0,1.127102017402649,0.12710201740264893,1.0,0.0,1.0,0.0,1.0,0.0,1.0,0.0,1.0,0.0
0.12499999999999999,0.1728515625,1.0,0.0,1.136999487876892,0.1369994878768921,1.0,0.0,1.0,0.0,1.0,0.0,1.0,0.0,1.0,0.0
0.12499999999999999,0.1748046875,1.0,0.0,1.1472933292388916,0.1472933292388916,1.0,0.0,1.0,0.0,1.0,0.0,1.0,0.0,1.0,0.0
0.12499999999999999,0.1767578125,1.0,0.0,1.1346344947814941,0.13463449478149414,1.0,0.0,1.0,0.0,1.0,0.0,1.0,0.0,1.0,0.0
0.12499999999999999,0.1787109375,1.0,0.0,1.1219450235366821,0.12194502353668213,1.0,0.0,1.0,0.0,1.0,0.0,1.0,0.0,1.0,0.0
0.12499999999999999,0.1806640625,1.0,0.0,1.1095380783081055,0.10953807830810547,1.0,0.0,1.0,0.0,1.0,0.0,1.0,0.0,1.0,0.0
0.12499999999999999,0.1826171875,1.0,0.0,1.0976814031600952,0.09768140316009521,1.0,0.0,1.0,0.0,1.0,0.0,1.0,0.0,1.0,0.0
0.12499999999999999,0.1845703125,1.0,0.0,1.0865910053253174,0.08659100532531738,1.0,0.0,1.0,0.0,1.0,0.0,1.0,0.0,1.0,0.0
0.12499999999999999,0.1865234375,1.0,0.0,1.0764267444610596,0.07642674446105957,1.0,0.0,1.0,0.0,1.0,0.0,1.0,0.0,1.0,0.0
0.12499999999999999,0.1884765625,1.0,0.0,1.0704981088638306,0.07049810886383057,1.0,0.0,1.0,0.0,1.0,0.0,1.0,0.0,1.0,0.0
0.12499999999999999,0.1904296875,1.0,0.0,1.0786093473434448,0.07860934734344482,1.0,0.0,1.0,0.0,1.0,0.0,1.0,0.0,1.0,0.0
0.12499999999999999,0.1923828125,1.0,0.0,1.0822808742523193,0.08228087425231934,1.0,0.0,1.0,0.0,1.0,0.0,1.0,0.0,1.0,0.0
0.12499999999999999,0.1943359375,1.0,0.0,1.0817962884902954,0.08179628849029541,1.0,0.0,1.0,0.0,1.0,0.0,1.0,0.0,1.0,0.0
0.12499999999999999,0.1962890625,1.0,0.0,1.0778144598007202,0.07781445980072021,1.0,0.0,1.0,0.0,1.0,0.0,1.0,0.0,1.0,0.0
0.12499999999999999,0.1982421875,1.0,0.0,1.0711755752563477,0.07117557525634766,1.0,0.0,1.0,0.0,1.0,0.0,1.0,0.0,1.0,0.0
0.12499999999999999,0.2001953125,1.0,0.0,1.0627458095550537,0.06274580955505371,1.0,0.0,1.0,0.0,1.0,0.0,1.0,0.0,1.0,0.0
0.12499999999999999,0.2021484375,1.0,0.0,1.0533217191696167,0.0533217191696167,1.0,0.0,1.0,0.0,1.0,0.0,1.0,0.0,1.0,0.0
0.12499999999999999,0.2041015625,1.0,0.0,1.0436034202575684,0.04360342025756836,1.0,0.0,1.0,0.0,1.0,0.0,1.0,0.0,1.0,0.0
0.12499999999999999,0.2060546875,1.0,0.0,1.0342040061950684,0.03420400619506836,1.0,0.0,1.0,0.0,1.0,0.0,1.0,0.0,1.0,0.0
0.12499999999999999,0.2080078125,1.0,0.0,1.0289045572280884,0.02890455722808838,1.0,0.0,1.0,0.0,1.0,0.0,1.0,0.0,1.0,0.0
0.12499999999999999,0.2099609375,1.0,0.0,1.0308717489242554,0.03087174892425537,1.0,0.0,1.0,0.0,1.0,0.0,1.0,0.0,1.0,0.0
0.12499999999999999,0.2119140625,1.0,0.0,1.0343855619430542,0.0343855619430542,1.0,0.0,1.0,0.0,1.0,0.0,1.0,0.0,1.0,0.0
0.12499999999999999,0.2138671875,1.0,0.0,1.03952157497406,0.03952157497406006,1.0,0.0,1.0,0.0,1.0,0.0,1.0,0.0,1.0,0.0
0.12499999999999999,0.2158203125,1.0,0.0,1.0462772846221924,0.04627728462219238,1.0,0.0,1.0,0.0,1.0,0.0,1.0,0.0,1.0,0.0
0.12499999999999999,0.2177734375,1.0,0.0,1.054565668106079,0.0545656681060791,1.0,0.0,1.0,0.0,1.0,0.0,1.0,0.0,1.0,0.0
0.12499999999999999,0.2197265625,1.0,0.0,1.0555492639541626,0.0555492639541626,1.0,0.0,1.0,0.0,1.0,0.0,1.0,0.0,1.0,0.0
0.12499999999999999,0.2216796875,1.0,0.0,1.0531142950057983,0.05311429500579834,1.0,0.0,1.0,0.0,1.0,0.0,1.0,0.0,1.0,0.0
0.12499999999999999,0.2236328125,1.0,0.0,1.051629900932312,0.05162990093231201,1.0,0.0,1.0,0.0,1.0,0.0,1.0,0.0,1.0,0.0
0.12499999999999999,0.2255859375,1.0,0.0,1.057737112045288,0.057737112045288086,1.0,0.0,1.0,0.0,1.0,0.0,1.0,0.0,1.0,0.0
0.12499999999999999,0.2275390625,1.0,0.0,1.0795400142669678,0.07954001426696777,1.0,0.0,1.0,0.0,1.0,0.0,1.0,0.0,1.0,0.0
0.12499999999999999,0.2294921875,1.0,0.0,1.104376196861267,0.10437619686126709,1.0,0.0,1.0,0.0,1.0,0.0,1.0,0.0,1.0,0.0
0.12499999999999999,0.2314453125,1.0,0.0,1.1309984922409058,0.13099849224090576,1.0,0.0,1.0,0.0,1.0,0.0,1.0,0.0,1.0,0.0
0.12499999999999999,0.2333984375,1.0,0.0,1.1400760412216187,0.14007604122161865,1.0,0.0,1.0,0.0,1.0,0.0,1.0,0.0,1.0,0.0
0.12499999999999999,0.2353515625,1.0,0.0,1.1466776132583618,0.14667761325836182,1.0,0.0,1.0,0.0,1.0,0.0,1.0,0.0,1.0,0.0
0.12499999999999999,0.2373046875,1.0,0.0,1.1509742736816406,0.15097427368164062,1.0,0.0,1.0,0.0,1.0,0.0,1.0,0.0,1.0,0.0
0.12499999999999999,0.2392578125,1.0,0.0,1.1527290344238281,0.15272903442382812,1.0,0.0,1.0,0.0,1.0,0.0,1.0,0.0,1.0,0.0
0.12499999999999999,0.2412109375,1.0,0.0,1.151852011680603,0.15185201168060303,1.0,0.0,1.0,0.0,1.0,0.0,1.0,0.0,1.0,0.0
0.12499999999999999,0.2431640625,1.0,0.0,1.148437738418579,0.1484377384185791,1.0,0.0,1.0,0.0,1.0,0.0,1.0,0.0,1.0,0.0
0.12499999999999999,0.2451171875,1.0,0.0,1.1427870988845825,0.14278709888458252,1.0,0.0,1.0,0.0,1.0,0.0,1.0,0.0,1.0,0.0
0.12499999999999999,0.2470703125,1.0,0.0,1.1353932619094849,0.13539326190948486,1.0,0.0,1.0,0.0,1.0,0.0,1.0,0.0,1.0,0.0
0.12499999999999999,0.2490234375,1.0,0.0,1.1268867254257202,0.12688672542572021,1.0,0.0,1.0,0.0,1.0,0.0,1.0,0.0,1.0,0.0
0.12499999999999999,0.2509765625,1.0,0.0,1.117957592010498,0.11795759201049805,1.0,0.0,1.0,0.0,1.0,0.0,1.0,0.0,1.0,0.0
0.12499999999999999,0.2529296875,1.0,0.0,1.1092751026153564,0.10927510261535645,1.0,0.0,1.0,0.0,1.0,0.0,1.0,0.0,1.0,0.0
0.12499999999999999,0.2548828125,1.0,0.0,1.1014211177825928,0.10142111778259277,1.0,0.0,1.0,0.0,1.0,0.0,1.0,0.0,1.0,0.0
0.12499999999999999,0.2568359375,1.0,0.0,1.094852328300476,0.09485232830047607,1.0,0.0,1.0,0.0,1.0,0.0,1.0,0.0,1.0,0.0
0.12499999999999999,0.2587890625,1.0,0.0,1.0898791551589966,0.08987915515899658,1.0,0.0,1.0,0.0,1.0,0.0,1.0,0.0,1.0,0.0
0.12499999999999999,0.2607421875,1.0,0.0,1.0866608619689941,0.08666086196899414,1.0,0.0,1.0,0.0,1.0,0.0,1.0,0.0,1.0,0.0
0.12499999999999999,0.2626953125,1.0,0.0,1.0852130651474,0.0852130651473999,1.0,0.0,1.0,0.0,1.0,0.0,1.0,0.0,1.0,0.0
0.12499999999999999,0.2646484375,1.0,0.0,1.0771175622940063,0.07711756229400635,1.0,0.0,1.0,0.0,1.0,0.0,1.0,0.0,1.0,0.0
0.12499999999999999,0.2666015625,1.0,0.0,1.0700111389160156,0.07001113891601562,1.0,0.0,1.0,0.0,1.0,0.0,1.0,0.0,1.0,0.0
0.12499999999999999,0.2685546875,1.0,0.0,1.0674538612365723,0.06745386123657227,1.0,0.0,1.0,0.0,1.0,0.0,1.0,0.0,1.0,0.0
0.12499999999999999,0.2705078125,1.0,0.0,1.0696760416030884,0.06967604160308838,1.0,0.0,1.0,0.0,1.0,0.0,1.0,0.0,1.0,0.0
0.12499999999999999,0.2724609375,1.0,0.0,1.0766382217407227,0.07663822174072266,1.0,0.0,1.0,0.0,1.0,0.0,1.0,0.0,1.0,0.0
0.12499999999999999,0.2744140625,1.0,0.0,1.0879943370819092,0.08799433708190918,1.0,0.0,1.0,0.0,1.0,0.0,1.0,0.0,1.0,0.0
0.12499999999999999,0.2763671875,1.0,0.0,1.1030925512313843,0.10309255123138428,1.0,0.0,1.0,0.0,1.0,0.0,1.0,0.0,1.0,0.0
0.12499999999999999,0.2783203125,1.0,0.0,1.1068110466003418,0.1068110466003418,1.0,0.0,1.0,0.0,1.0,0.0,1.0,0.0,1.0,0.0
0.12499999999999999,0.2802734375,1.0,0.0,1.1087510585784912,0.10875105857849121,1.0,0.0,1.0,0.0,1.0,0.0,1.0,0.0,1.0,0.0
0.12499999999999999,0.2822265625,1.0,0.0,1.109840750694275,0.1098407506942749,1.0,0.0,1.0,0.0,1.0,0.0,1.0,0.0,1.0,0.0
0.12499999999999999,0.2841796875,1.0,0.0,1.11011803150177,0.11011803150177002,1.0,0.0,1.0,0.0,1.0,0.0,1.0,0.0,1.0,0.0
0.12499999999999999,0.2861328125,1.0,0.0,1.109715461730957,0.10971546173095703,1.0,0.0,1.0,0.0,1.0,0.0,1.0,0.0,1.0,0.0
0.12499999999999999,0.2880859375,1.0,0.0,1.1088517904281616,0.10885179042816162,1.0,0.0,1.0,0.0,1.0,0.0,1.0,0.0,1.0,0.0
0.12499999999999999,0.2900390625,1.0,0.0,1.1078176498413086,0.1078176498413086,1.0,0.0,1.0,0.0,1.0,0.0,1.0,0.0,1.0,0.0
0.12499999999999999,0.2919921875,1.0,0.0,1.1069568395614624,0.1069568395614624,1.0,0.0,1.0,0.0,1.0,0.0,1.0,0.0,1.0,0.0
0.12499999999999999,0.2939453125,1.0,0.0,1.1066428422927856,0.10664284229278564,1.0,0.0,1.0,0.0,1.0,0.0,1.0,0.0,1.0,0.0
0.12499999999999999,0.2958984375,1.0,0.0,1.1072452068328857,0.10724520683288574,1.0,0.0,1.0,0.0,1.0,0.0,1.0,0.0,1.0,0.0
0.12499999999999999,0.2978515625,1.0,0.0,1.1090950965881348,0.10909509658813477,1.0,0.0,1.0,0.0,1.0,0.0,1.0,0.0,1.0,0.0
0.12499999999999999,0.2998046875,1.0,0.0,1.11244535446167,0.11244535446166992,1.0,0.0,1.0,0.0,1.0,0.0,1.0,0.0,1.0,0.0
0.12499999999999999,0.3017578125,1.0,0.0,1.1174365282058716,0.11743652820587158,1.0,0.0,1.0,0.0,1.0,0.0,1.0,0.0,1.0,0.0
0.12499999999999999,0.3037109375,1.0,0.0,1.1240767240524292,0.1240767240524292,1.0,0.0,1.0,0.0,1.0,0.0,1.0,0.0,1.0,0.0
0.12499999999999999,0.3056640625,1.0,0.0,1.1322345733642578,0.1322345733642578,1.0,0.0,1.0,0.0,1.0,0.0,1.0,0.0,1.0,0.0
0.12499999999999999,0.3076171875,1.0,0.0,1.1416513919830322,0.14165139198303223,1.0,0.0,1.0,0.0,1.0,0.0,1.0,0.0,1.0,0.0
0.12499999999999999,0.3095703125,1.0,0.0,1.1519622802734375,0.1519622802734375,1.0,0.0,1.0,0.0,1.0,0.0,1.0,0.0,1.0,0.0
0.12499999999999999,0.3115234375,1.0,0.0,1.1627235412597656,0.16272354125976562,1.0,0.0,1.0,0.0,1.0,0.0,1.0,0.0,1.0,0.0
0.12499999999999999,0.3134765625,1.0,0.0,1.173439860343933,0.1734398603439331,1.0,0.0,1.0,0.0,1.0,0.0,1.0,0.0,1.0,0.0
0.12499999999999999,0.3154296875,1.0,0.0,1.183591365814209,0.18359136581420898,1.0,0.0,1.0,0.0,1.0,0.0,1.0,0.0,1.0,0.0
0.12499999999999999,0.3173828125,1.0,0.0,1.192652940750122,0.19265294075012207,1.0,0.0,1.0,0.0,1.0,0.0,1.0,0.0,1.0,0.0
0.12499999999999999,0.3193359375,1.0,0.0,1.192226529121399,0.19222652912139893,1.0,0.0,1.0,0.0,1.0,0.0,1.0,0.0,1.0,0.0
0.12499999999999999,0.3212890625,1.0,0.0,1.1759963035583496,0.1759963035583496,1.0,0.0,1.0,0.0,1.0,0.0,1.0,0.0,1.0,0.0
0.12499999999999999,0.3232421875,1.0,0.0,1.1591582298278809,0.15915822982788086,1.0,0.0,1.0,0.0,1.0,0.0,1.0,0.0,1.0,0.0
0.12499999999999999,0.3251953125,1.0,0.0,1.1419508457183838,0.1419508457183838,1.0,0.0,1.0,0.0,1.0,0.0,1.0,0.0,1.0,0.0
0.12499999999999999,0.3271484375,1.0,0.0,1.1247040033340454,0.12470400333404541,1.0,0.0,1.0,0.0,1.0,0.0,1.0,0.0,1.0,0.0
0.12499999999999999,0.3291015625,1.0,0.0,1.1078846454620361,0.10788464546203613,1.0,0.0,1.0,0.0,1.0,0.0,1.0,0.0,1.0,0.0
0.12499999999999999,0.3310546875,1.0,0.0,1.0920933485031128,0.09209334850311279,1.0,0.0,1.0,0.0,1.0,0.0,1.0,0.0,1.0,0.0
0.12499999999999999,0.3330078125,1.0,0.0,1.07801353931427,0.07801353931427002,1.0,0.0,1.0,0.0,1.0,0.0,1.0,0.0,1.0,0.0
0.12499999999999999,0.3349609375,1.0,0.0,1.0663267374038696,0.06632673740386963,1.0,0.0,1.0,0.0,1.0,0.0,1.0,0.0,1.0,0.0
0.12499999999999999,0.3369140625,1.0,0.0,1.0576175451278687,0.05761754512786865,1.0,0.0,1.0,0.0,1.0,0.0,1.0,0.0,1.0,0.0
0.12499999999999999,0.3388671875,1.0,0.0,1.0522915124893188,0.05229151248931885,1.0,0.0,1.0,0.0,1.0,0.0,1.0,0.0,1.0,0.0
0.12499999999999999,0.3408203125,1.0,0.0,1.050508737564087,0.050508737564086914,1.0,0.0,1.0,0.0,1.0,0.0,1.0,0.0,1.0,0.0
0.12499999999999999,0.3427734375,1.0,0.0,1.052127480506897,0.05212748050689697,1.0,0.0,1.0,0.0,1.0,0.0,1.0,0.0,1.0,0.0
0.12499999999999999,0.3447265625,1.0,0.0,1.0566600561141968,0.05666005611419678,1.0,0.0,1.0,0.0,1.0,0.0,1.0,0.0,1.0,0.0
0.12499999999999999,0.3466796875,1.0,0.0,1.0632573366165161,0.06325733661651611,1.0,0.0,1.0,0.0,1.0,0.0,1.0,0.0,1.0,0.0
0.12499999999999999,0.3486328125,1.0,0.0,1.070772409439087,0.07077240943908691,1.0,0.0,1.0,0.0,1.0,0.0,1.0,0.0,1.0,0.0
0.12499999999999999,0.3505859375,1.0,0.0,1.0779445171356201,0.07794451713562012,1.0,0.0,1.0,0.0,1.0,0.0,1.0,0.0,1.0,0.0
0.12499999999999999,0.3525390625,1.0,0.0,1.0836849212646484,0.08368492126464844,1.0,0.0,1.0,0.0,1.0,0.0,1.0,0.0,1.0,0.0
0.12499999999999999,0.3544921875,1.0,0.0,1.0873714685440063,0.08737146854400635,1.0,0.0,1.0,0.0,1.0,0.0,1.0,0.0,1.0,0.0
0.12499999999999999,0.3564453125,1.0,0.0,1.088998794555664,0.08899879455566406,1.0,0.0,1.0,0.0,1.0,0.0,1.0,0.0,1.0,0.0
0.12499999999999999,0.3583984375,1.0,0.0,1.0891159772872925,0.08911597728729248,1.0,0.0,1.0,0.0,1.0,0.0,1.0,0.0,1.0,0.0
0.12499999999999999,0.3603515625,1.0,0.47370677752994705,1.088584065437317,0.0885840654373169,1.003120590439568,0.0031205904395679163,1.000780147609892,0.0007801476098920901,1.0007788086058096,0.0007788086058095889,1.0006438792132901,0.0006438792132901217,1.0,0.0
0.12499999999999999,0.3623046875,1.0,0.47370677752994705,1.0882787704467773,0.08827877044677734,1.003120590439568,0.0031205904395679163,1.0023404428296758,0.002340442829675826,1.0023318410415347,0.0023318410415347213,1.0014650520125148,0.0014650520125147892,1.0,0.0
0.12499999999999999,0.3642578125,1.0,0.47370677752994705,1.0888477563858032,0.08884775638580322,1.003120590439568,0.0031205904395679163,1.00390073804946,0.0039007380494600064,1.00388487347726,0.0038848734772600757,1.0022862248117397,0.002286224811739679,1.0,0.0
0.12499999999999999,0.3662109375,1.0,0.47370677752994705,1.0905712842941284,0.09057128429412842,1.003120590439568,0.0031205904395679163,1.0054610332692437,0.0054610332692437424,1.005486838633667,0.005486838633667057,1.0080872057207273,0.008087205720727297,1.0,0.0
0.12499999999999999,0.3681640625,1.0,0.28870953238078,1.093329906463623,0.09332990646362305,1.1577348861743997,0.15773488617439968,1.0706400067778878,0.07064000677788784,1.0703861697222548,0.07038616972225475,1.0555887466830116,0.055588746683011614,1.0,0.0
0.12499999999999999,0.3701171875,1.0,0.28870953238078,1.096645712852478,0.09664571285247803,1.1577348861743997,0.15773488617439968,1.1287032597088957,0.12870325970889573,1.1281667103900928,0.12816671039009275,1.096888585011801,0.09688858501180109,1.0,0.0
0.12499999999999999,0.3720703125,1.0,0.28870953238078,1.0997655391693115,0.09976553916931152,1.1577348861743997,0.15773488617439968,1.1867665126399036,0.18676651263990363,1.1859472510579305,0.18594725105793053,1.1381884233405908,0.13818842334059078,1.0003085471757576,0.0003085471757575675
0.12499999999999999,0.3740234375,1.0,0.28870953238078,1.1017646789550781,0.10176467895507812,1.1577348861743997,0.15773488617439968,1.2448297655709115,0.24482976557091152,1.2464394135273207,0.24643941352732068,1.3402737896621952,0.34027378966219524,1.1143565364064378,0.11435653640643784
0.12499999999999999,0.3759765625,1.6019442880567492,0.055321497063189576,1.10167396068573,0.5002703273710192,1.4676266138876315,0.13431767416911766,1.3831554507203156,0.2187888373364335,1.3831427622325605,0.21880152582418866,1.3661018582296256,0.23584242982712356,1.4256286543757504,0.17631563368099878
0.12499999999999999,0.3779296875,1.6019442880567492,0.055321497063189576,1.0986425876617432,0.503301700395006,1.4676266138876315,0.13431767416911766,1.4394695594985263,0.16247472855822287,1.4394761069501012,0.16246818110664796,1.4482694711321462,0.15367481692460294,1.6004136687523802,0.0015306193043689298
0.12499999999999999,0.3798828125,1.6019442880567492,0.055321497063189576,1.0921484231948853,0.5097958648618639,1.4676266138876315,0.13431767416911766,1.4957836682767367,0.10616061978001246,1.495787897772655,0.10615639028409407,1.5014681991069667,0.10047608894978244,1.5778018421129716,0.02414244594377757
0.12499999999999999,0.3818359375,1.6019442880567492,0.055321497063189576,1.0822112560272217,0.5197330320295275,1.4676266138876315,0.13431767416911766,1.5520977770549473,0.04984651100180182,1.5520996885952092,0.04984459946153996,1.5546669270817874,0.04727736097496171,1.5911418094703462,0.01080247858640293
0.12499999999999999,0.3837890625,1.6019442880567492,0.00023631202388042427,1.0695089101791382,0.532435377877611,1.6082477564000839,0.006303468343334728,1.6082477564000839,0.006303468343334728,1.6082477564000839,0.006303468343334728,1.6082477564000839,0.006303468343334728,1.6113985360784562,0.009454248021707023
0.12499999999999999,0.3857421875,1.6019442880567492,0.00023631202388042427,1.0552983283996582,0.546645959657091,1.6082477564000839,0.006303468343334728,1.6082477564000839,0.006303468343334728,1.6082477564000839,0.006303468343334728,1.6082477564000839,0.006303468343334728,1.6107953365510337,0.00885104849428453
0.12499999999999999,0.3876953125,1.6019442880567492,0.00023631202388042427,1.041145920753479,0.5607983673032702,1.6082477564000839,0.006303468343334728,1.6082477564000839,0.006303468343334728,1.6082477564000839,0.006303468343334728,1.6082477564000839,0.006303468343334728,1.6013301608776676,0.0006141271790816027
0.12499999999999999,0.3896484375,1.6019442880567492,0.00023631202388042427,1.028586506843567,0.5733577812131823,1.6082477564000839,0.006303468343334728,1.6082477564000839,0.006303468343334728,1.6082477564000839,0.006303468343334728,1.6082477564000839,0.006303468343334728,1.595776257254022,0.006168030802727209
0.12499999999999999,0.3916015625,1.6019442880567492,0.0006317760109640754,1.0188453197479248,0.5830989683088244,1.5824859418528305,0.01945834620391862,1.5824859418528305,0.01945834620391862,1.582485775343596,0.019458512713153242,1.5824450860157193,0.01949920204102984,1.5990593006316631,0.0028849874250860275
0.12499999999999999,0.3935546875,1.6019442880567492,0.0006317760109640754,1.0127009153366089,0.5892433727201403,1.5824859418528305,0.01945834620391862,1.5824859418528305,0.01945834620391862,1.5824859973559087,0.019458290700840486,1.582499560465201,0.01944472759154814,1.6051834979434723,0.0032392098867231045
0.12499999999999999,0.3955078125,1.6019442880567492,0.0006317760109640754,1.0104655027389526,0.5914787853177965,1.5824859418528305,0.01945834620391862,1.5824859418528305,0.01945834620391862,1.5824859973559087,0.019458290700840486,1.582499560465201,0.01944472759154814,1.6050130577696173,0.00306876971286818
0.12499999999999999,0.3974609375,1.6019442880567492,0.0006317760109640754,1.0120322704315186,0.5899120176252306,1.5824859418528305,0.01945834620391862,1.5824859418528305,0.01945834620391862,1.5824859973559087,0.019458290700840486,1.582499560465201,0.01944472759154814,1.6007635165283478,0.0011807715284013476
0.12499999999999999,0.3994140625,1.6019442880567492,0.0,1.0169416666030884,0.5850026214536608,1.5888785980038387,0.013065690052910472,1.5888785980038387,0.013065690052910472,1.5888785980038387,0.013065690052910472,1.5888785980038387,0.013065690052910472,1.5997497160780674,0.0021945719786817808
0.12499999999999999,0.4013671875,1.6019442880567492,0.0,1.0154924392700195,0.5864518487867296,1.5888785980038387,0.013065690052910472,1.5888785980038387,0.013065690052910472,1.5888785980038387,0.013065690052910472,1.5888785980038387,0.013065690052910472,1.6017811592074733,0.0001631288492758287
0.12499999999999999,0.4033203125,1.6019442880567492,0.0,1.0088921785354614,0.5930521095212877,1.5888785980038387,0.013065690052910472,1.5888785980038387,0.013065690052910472,1.5888785980038387,0.013065690052910472,1.5888785980038387,0.013065690052910472,1.603235017997926,0.0012907299411768491
0.12499999999999999,0.4052734375,1.6019442880567492,0.0,1.004686713218689,0.5972575748380602,1.5888785980038387,0.013065690052910472,1.5888785980038387,0.013065690052910472,1.5888785980038387,0.013065690052910472,1.5888785980038387,0.013065690052910472,1.6025371333208323,0.0005928452640830972
0.12499999999999999,0.4072265625,1.6019442880567492,0.0,1.0025900602340698,0.5993542278226793,1.6060174772546036,0.004073189197854488,1.6023356567317413,0.0003913686749921208,1.602335658434575,0.00039137037782577266,1.6023356567317413,0.0003913686749921208,1.6013071123306744,0.0006371757260748012
0.12499999999999999,0.4091796875,1.6019442880567492,0.0,1.0021828413009644,0.5997614467557848,1.6060174772546036,0.004073189197854488,1.6047902037469828,0.0028459156902336247,1.604790204314594,0.002845916257844916,1.6047902037469828,0.0028459156902336247,1.6014580238624572,0.0004862641942919854
0.12499999999999999,0.4111328125,1.6019442880567492,0.0,1.0029455423355103,0.5989987457212389,1.6060174772546036,0.004073189197854488,1.6072447507622245,0.005300462705475351,1.6072447501946132,0.005300462137864059,1.6072447507622245,0.005300462705475351,1.602061638216954,0.00011735016020475442
0.12499999999999999,0.4130859375,1.6019442880567492,0.0,1.0042955875396729,0.5976487005170763,1.6060174772546036,0.004073189197854488,1.609699297777466,0.0077550097207168545,1.6096992960746324,0.007755008017883203,1.609699297777466,0.0077550097207168545,1.6023083460108458,0.00036405795409666375
0.12499999999999999,0.4150390625,1.6019442880567492,0.0,1.0056380033493042,0.596306284707445,1.6109265712850869,0.008982283228337717,1.6109265712850869,0.008982283228337717,1.6109265712850869,0.008982283228337717,1.6109265712850869,0.008982283228337717,1.6020252618807305,8.097382398131181e-05
0.12499999999999999,0.4169921875,1.6019442880567492,0.0,1.0064204931259155,0.5955237949308336,1.6109265712850869,0.008982283228337717,1.6109265712850869,0.008982283228337717,1.6109265712850869,0.008982283228337717,1.6109265712850869,0.008982283228337717,1.6017722287472798,0.00017205930946939674
0.12499999999999999,0.4189453125,1.6019442880567492,0.0,1.0061888694763184,0.5957554185804308,1.6109265712850869,0.008982283228337717,1.6109265712850869,0.008982283228337717,1.6109265712850869,0.008982283228337717,1.6109265712850869,0.008982283228337717,1.601806776233171,0.0001375118235782402
0.12499999999999999,0.4208984375,1.6019442880567492,0.0,1.0046309232711792,0.59731336478557,1.6109265712850869,0.008982283228337717,1.6109265712850869,0.008982283228337717,1.6109265712850869,0.008982283228337717,1.6109265712850869,0.008982283228337717,1.6020582510248575,0.00011396296810839424
0.12499999999999999,0.4228515625,1.6019442880567492,0.0,1.0016014575958252,0.600342830460924,1.6031258583397534,0.0011815702830042518,1.606102546492017,0.0041582584352677365,1.6061025223368648,0.004158234280115636,1.606102546492017,0.0041582584352677365,1.6020698230483683,0.00012553499161915838
0.12499999999999999,0.4248046875,1.6019442880567492,0.0,0.9971222281455994,0.6048220599111498,1.6031258583397534,0.0011815702830042518,1.6041180877238412,0.00217379966709208,1.6041183021794145,0.0021740141226653797,1.6041180877238412,0.00217379966709208,1.6019865593169478,4.227126019862304e-05
0.12499999999999999,0.4267578125,1.6019442880567492,0.0,0.9913628101348877,0.6105814779218615,1.6031258583397534,0.0011815702830042518,1.6021336289556656,0.00018934089891642358,1.6021338212907366,0.00018953323398740451,1.6021336289556656,0.00018934089891642358,1.6018946041393365,4.968391741266842e-05
0.12499999999999999,0.4287109375,1.6019442880567492,0.0,0.9846042394638062,0.617340048592943,1.6031258583397534,0.0011815702830042518,1.60014917018749,0.0017951178692592329,1.6001487875519977,0.0017955005047514128,1.60014917018749,0.0017951178692592329,1.601961614698878,1.732664212883428e-05
0.12499999999999999,0.4306640625,1.6019442880567492,0.0,0.9771987199783325,0.6247455680784166,1.595050901139682,0.00689338691706709,1.595050901139682,0.00689338691706709,1.595050901139682,0.00689338691706709,1.595050901139682,0.00689338691706709,1.6019740168553724,2.9728798623285257e-05
0.12499999999999999,0.4326171875,1.6019442880567492,0.0,0.9695370197296143,0.6324072683271349,1.595050901139682,0.00689338691706709,1.595050901139682,0.00689338691706709,1.595050901139682,0.00689338691706709,1.595050901139682,0.00689338691706709,1.601997322371239,5.3034314489774914e-05
0.12499999999999999,0.4345703125,1.6019442880567492,0.0,0.9620259404182434,0.6399183476385057,1.595050901139682,0.00689338691706709,1.595050901139682,0.00689338691706709,1.595050901139682,0.00689338691706709,1.595050901139682,0.00689338691706709,1.6019233617111974,2.0926345551730563e-05
0.12499999999999999,0.4365234375,1.6019442880567492,0.0,0.9550794363021851,0.6468648517545641,1.595050901139682,0.00689338691706709,1.595050901139682,0.00689338691706709,1.595050901139682,0.00689338691706709,1.595050901139682,0.00689338691706709,1.6019579551975482,1.3667140799089594e-05
0.12499999999999999,0.4384765625,1.6019442880567492,0.0,0.9491126537322998,0.6528316343244494,1.5970827200742217,0.004861567982527459,1.5956692323786803,0.006275055678068853,1.5956692338049405,0.006275054251808632,1.5956692323786803,0.006275055678068853,1.6019466711890986,2.383132349459416e-06
0.12499999999999999,0.4404296875,1.6019442880567492,0.0,0.9445302486419678,0.6574140394147814,1.5970827200742217,0.004861567982527459,1.5966115575090412,0.005332730547707998,1.5966115579844613,0.00533273007228785,1.5966115575090412,0.005332730547707998,1.6019789121643395,3.462410759036416e-05
0.12499999999999999,0.4423828125,1.6019442880567492,0.0,0.9417007565498352,0.660243531506914,1.5970827200742217,0.004861567982527459,1.5975538826394022,0.004390405417346921,1.597553882163982,0.004390405892767069,1.5975538826394022,0.004390405417346921,1.601959210757312,1.492270056280276e-05
0.12499999999999999,0.4443359375,1.6019442880567492,0.0,0.9409213066101074,0.6610229814466417,1.5970827200742217,0.004861567982527459,1.598496207769763,0.003448080286986066,1.5984962063435029,0.003448081713246287,1.598496207769763,0.003448080286986066,1.601968893825778,2.4605769028740454e-05
0.12499999999999999,0.4462890625,1.6019442880567492,0.0,0.9423806667327881,0.6595636213239611,1.6025895021825698,0.0006452141258206368,1.6025895021825698,0.0006452141258206368,1.6025895021825698,0.0006452141258206368,1.6025895021825698,0.0006452141258206368,1.6019470357927479,2.747735998731571e-06
0.12499999999999999,0.4482421875,1.6019442880567492,0.0,0.9461330771446228,0.6558112109121264,1.6025895021825698,0.0006452141258206368,1.6025895021825698,0.0006452141258206368,1.6025895021825698,0.0006452141258206368,1.6025895021825698,0.0006452141258206368,1.601980964297176,3.6676240426913864e-05
0.12499999999999999,0.4501953125,1.6019442880567492,0.0,0.9520958662033081,0.649848421853441,1.6025895021825698,0.0006452141258206368,1.6025895021825698,0.0006452141258206368,1.6025895021825698,0.0006452141258206368,1.6025895021825698,0.0006452141258206368,1.6019256217539855,1.8666302763703513e-05
0.12499999999999999,0.4521484375,1.6019442880567492,0.0,0.9600691199302673,0.6418751681264818,1.6025895021825698,0.0006452141258206368,1.6025895021825698,0.0006452141258206368,1.6025895021825698,0.0006452141258206368,1.6025895021825698,0.0006452141258206368,1.6019740376096872,2.9749552937996526e-05
0.12499999999999999,0.4541015625,1.6019442880567492,0.0,0.9697782397270203,0.6321660483297289,1.6021336400653534,0.00018935200860425994,1.6021336400653534,0.00018935200860425994,1.6021336400653534,0.00018935200860425994,1.6021336400653534,0.00018935200860425994,1.6019511545271152,6.866470366073685e-06
0.12499999999999999,0.4560546875,1.6019442880567492,0.0,0.9809186458587646,0.6210256421979845,1.6021336400653534,0.00018935200860425994,1.6021336400653534,0.00018935200860425994,1.6021336400653534,0.00018935200860425994,1.6021336400653534,0.00018935200860425994,1.6019779182268572,3.3630170108045476e-05
0.12499999999999999,0.4580078125,1.6019442880567492,0.0,0.9931944012641907,0.6087498867925585,1.6021336400653534,0.00018935200860425994,1.6021336400653534,0.00018935200860425994,1.6021336400653534,0.00018935200860425994,1.6021336400653534,0.00018935200860425994,1.60196182254339,1.7534486640879976e-05
0.12499999999999999,0.4599609375,1.6019442880567492,0.0,1.0063366889953613,0.5956075990613878,1.6021336400653534,0.00018935200860425994,1.6021336400653534,0.00018935200860425994,1.6021336400653534,0.00018935200860425994,1.6021336400653534,0.00018935200860425994,1.6019895710518268,4.5282995077666754e-05
0.12499999999999999,0.4619140625,1.6019442880567492,0.0,1.0201044082641602,0.581839879792589,1.6004588412576473,0.0014854467991018971,1.601036823399795,0.0009074646569542377,1.601037023633563,0.000907264423186227,1.601036823399795,0.0009074646569542377,1.6019404286213024,3.859435446784687e-06
0.12499999999999999,0.4638671875,1.6019442880567492,0.0,1.0342785120010376,0.5676657760557116,1.6004588412576473,0.0014854467991018971,1.6006515019716965,0.0012927860850526773,1.6006516786143672,0.0012926094423819645,1.6006515019716965,0.0012927860850526773,1.6019729430307645,2.8654974015385193e-05
0.12499999999999999,0.4658203125,1.6019442880567492,0.0,1.0486506223678589,0.5532936656888903,1.6004588412576473,0.0014854467991018971,1.600266180543598,0.001678107513151117,1.6002659646946076,0.001678323362141576,1.600266180543598,0.001678107513151117,1.6019553938087898,1.110575204066322e-05
0.12499999999999999,0.4677734375,1.6019442880567492,0.0,1.0630114078521729,0.5389328802045763,1.6004588412576473,0.0014854467991018971,1.5998808591154996,0.0020634289412495566,1.5998806980880513,0.002063589968697821,1.5998808591154996,0.0020634289412495566,1.6019519208306239,7.632773874721721e-06
0.12499999999999999,0.4697265625,1.6019442880567492,0.0,1.0771344900131226,0.5248097980436266,1.5990510686405663,0.002893219416182813,1.5990510686405663,0.002893219416182813,1.5990510686405663,0.002893219416182813,1.5990510686405663,0.002893219416182813,1.6018977413789022,4.654667784698141e-05
0.12499999999999999,0.4716796875,1.6019442880567492,0.0,1.0907624959945679,0.5111817920621813,1.5990510686405663,0.002893219416182813,1.5990510686405663,0.002893219416182813,1.5990510686405663,0.002893219416182813,1.5990510686405663,0.002893219416182813,1.6018707981306148,7.348992613431804e-05
0.12499999999999999,0.4736328125,1.6019442880567492,0.0,1.1036072969436646,0.4983369911130846,1.5990510686405663,0.002893219416182813,1.5990510686405663,0.002893219416182813,1.5990510686405663,0.002893219416182813,1.5990510686405663,0.002893219416182813,1.6017992257722695,0.00014506228447963565
0.12499999999999999,0.4755859375,1.6019442880567492,0.0,1.1098830699920654,0.4920612180646837,1.5990510686405663,0.002893219416182813,1.5990510686405663,0.002893219416182813,1.5990510686405663,0.002893219416182813,1.5990510686405663,0.002893219416182813,1.601744878134096,0.00019940992265321533
0.12499999999999999,0.4775390625,1.6019442880567492,0.0,1.1149479150772095,0.4869963729795397,1.5988943592747749,0.003049928781974298,1.5988943592747749,0.003049928781974298,1.5988943592747749,0.003049928781974298,1.5988943592747749,0.003049928781974298,1.601611597725474,0.0003326903312752538
0.12499999999999999,0.4794921875,1.6019442880567492,0.0,1.1197625398635864,0.48218174819316273,1.5988943592747749,0.003049928781974298,1.5988943592747749,0.003049928781974298,1.5988943592747749,0.003049928781974298,1.5988943592747749,0.003049928781974298,1.6015073003123452,0.0004369877444039272
0.12499999999999999,0.4814453125,1.6019442880567492,0.0,1.124820590019226,0.4771236980375231,1.5988943592747749,0.003049928781974298,1.5988943592747749,0.003049928781974298,1.5988943592747749,0.003049928781974298,1.5988943592747749,0.003049928781974298,1.601290539097921,0.000653748958828082
0.12499999999999999,0.4833984375,1.6019442880567492,0.0,1.1306968927383423,0.47124739531840687,1.5988943592747749,0.003049928781974298,1.5988943592747749,0.003049928781974298,1.5988943592747749,0.003049928781974298,1.5988943592747749,0.003049928781974298,1.6010750641558487,0.0008692239009004954
0.12499999999999999,0.4853515625,1.6019442880567492,0.0,1.1380170583724976,0.4639272296842516,1.5989108599874804,0.003033428069268762,1.5989108599874804,0.003033428069268762,1.5989108599874804,0.003033428069268762,1.5989108599874804,0.003033428069268762,1.6007366538621755,0.0012076341945737035
0.12499999999999999,0.4873046875,1.6019442880567492,0.0,1.1474075317382812,0.4545367563184679,1.5989108599874804,0.003033428069268762,1.5989108599874804,0.003033428069268762,1.5989108599874804,0.003033428069268762,1.5989108599874804,0.003033428069268762,1.6004880299395041,0.001456258117245035
0.12499999999999999,0.4892578125,1.6019442880567492,0.0,1.1594254970550537,0.44251879100169544,1.5989108599874804,0.003033428069268762,1.5989108599874804,0.003033428069268762,1.5989108599874804,0.003033428069268762,1.5989108599874804,0.003033428069268762,1.6002738956229101,0.0016703924338390408
0.12499999999999999,0.4912109375,1.6019442880567492,0.0,1.1651597023010254,0.43678458575572376,1.5989108599874804,0.003033428069268762,1.5989108599874804,0.003033428069268762,1.5989108599874804,0.003033428069268762,1.5989108599874804,0.003033428069268762,1.6003010289433544,0.0016432591133948016
0.12499999999999999,0.4931640625,1.6019442880567492,0.0,1.170479655265808,0.43146463279094105,1.5776638137397623,0.024280474316986878,1.5776638137397623,0.024280474316986878,1.5776638137397623,0.024280474316986878,1.5776638137397623,0.024280474316986878,1.6005632080620384,0.00138107999471071
0.12499999999999999,0.4951171875,1.6019442880567492,0.0,1.1771174669265747,0.42482682113017445,1.5776638137397623,0.024280474316986878,1.5776638137397623,0.024280474316986878,1.5776638137397623,0.024280474316986878,1.5776638137397623,0.024280474316986878,1.6006598761298736,0.0012844119268755616
0.12499999999999999,0.4970703125,1.6019442880567492,0.0,1.1853092908859253,0.41663499717082386,1.5776638137397623,0.024280474316986878,1.5776638137397623,0.024280474316986878,1.5776638137397623,0.024280474316986878,1.5776638137397623,0.024280474316986878,1.5988338419819395,0.003110446074809703
0.12499999999999999,0.4990234375,1.6019442880567492,0.0,1.1951282024383545,0.40681608561839466,1.5776638137397623,0.024280474316986878,1.5776638137397623,0.024280474316986878,1.5776638137397623,0.024280474316986878,1.5776638137397623,0.024280474316986878,1.5771271765398143,0.024817111516934887
0.12499999999999999,0.5009765625,1.6019442880567492,0.0,1.3849352598190308,0.2170090282377184,1.5776638137397625,0.024280474316986655,1.5776638137397625,0.024280474316986655,1.5776638137397625,0.024280474316986655,1.5776638137397625,0.024280474316986655,1.5771271765398143,0.024817111516934887
0.12499999999999999,0.5029296875,1.6019442880567492,0.0,1.4033069610595703,0.19863732699717884,1.5776638137397625,0.024280474316986655,1.5776638137397625,0.024280474316986655,1.5776638137397625,0.024280474316986655,1.5776638137397625,0.024280474316986655,1.5988338419819286,0.003110446074820583
0.12499999999999999,0.5048828125,1.6019442880567492,0.0,1.4213275909423828,0.18061669711436634,1.5776638137397625,0.024280474316986655,1.5776638137397625,0.024280474316986655,1.5776638137397625,0.024280474316986655,1.5776638137397625,0.024280474316986655,1.600659876129864,0.0012844119268851095
0.12499999999999999,0.5068359375,1.6019442880567492,0.0,1.4381165504455566,0.16382773761119251,1.5776638137397625,0.024280474316986655,1.5776638137397625,0.024280474316986655,1.5776638137397625,0.024280474316986655,1.5776638137397625,0.024280474316986655,1.6005632080620358,0.0013810799947133745
0.12499999999999999,0.5087890625,1.6019442880567492,0.0,1.4527337551116943,0.14921053294505482,1.5989108599874817,0.00303342806926743,1.5989108599874817,0.00303342806926743,1.5989108599874817,0.00303342806926743,1.5989108599874817,0.00303342806926743,1.6003010289433504,0.0016432591133987984
0.12499999999999999,0.5107421875,1.6019442880567492,0.0,1.464232087135315,0.1377122009214342,1.5989108599874817,0.00303342806926743,1.5989108599874817,0.00303342806926743,1.5989108599874817,0.00303342806926743,1.5989108599874817,0.00303342806926743,1.60027389562291,0.0016703924338392628
0.12499999999999999,0.5126953125,1.6019442880567492,0.0,1.4717193841934204,0.13022490386332874,1.5989108599874817,0.00303342806926743,1.5989108599874817,0.00303342806926743,1.5989108599874817,0.00303342806926743,1.5989108599874817,0.00303342806926743,1.600488029939512,0.0014562581172372635
0.12499999999999999,0.5146484375,1.6019442880567492,0.0,1.4744254350662231,0.127518852990526,1.5989108599874817,0.00303342806926743,1.5989108599874817,0.00303342806926743,1.5989108599874817,0.00303342806926743,1.5989108599874817,0.00303342806926743,1.600736653862185,0.0012076341945641555
0.12499999999999999,0.5166015625,1.6019442880567492,0.0,1.4717826843261719,0.13016160373057728,1.598894359274775,0.003049928781974076,1.598894359274775,0.003049928781974076,1.598894359274775,0.003049928781974076,1.598894359274775,0.003049928781974076,1.6010750641558493,0.0008692239008998293
0.12499999999999999,0.5185546875,1.6019442880567492,0.0,1.463505744934082,0.13843854312266712,1.598894359274775,0.003049928781974076,1.598894359274775,0.003049928781974076,1.598894359274775,0.003049928781974076,1.598894359274775,0.003049928781974076,1.6012905390979186,0.0006537489588305245
0.12499999999999999,0.5205078125,1.6019442880567492,0.0,1.4496618509292603,0.1522824371274889,1.598894359274775,0.003049928781974076,1.598894359274775,0.003049928781974076,1.598894359274775,0.003049928781974076,1.598894359274775,0.003049928781974076,1.6015073003123366,0.0004369877444125869
0.12499999999999999,0.5224609375,1.6019442880567492,0.0,1.4307022094726562,0.1712420785840929,1.598894359274775,0.003049928781974076,1.598894359274775,0.003049928781974076,1.598894359274775,0.003049928781974076,1.598894359274775,0.003049928781974076,1.6016115977254697,0.0003326903312794727
0.12499999999999999,0.5244140625,1.6019442880567492,0.0,1.4074510335922241,0.19449325446452503,1.599051068640565,0.002893219416184145,1.599051068640565,0.002893219416184145,1.599051068640565,0.002893219416184145,1.599051068640565,0.002893219416184145,1.601744878134101,0.0001994099226481083
0.12499999999999999,0.5263671875,1.6019442880567492,0.0,1.381040096282959,0.22090419177379017,1.599051068640565,0.002893219416184145,1.599051068640565,0.002893219416184145,1.599051068640565,0.002893219416184145,1.599051068640565,0.002893219416184145,1.6017992257722646,0.00014506228448452063
0.12499999999999999,0.5283203125,1.6019442880567492,0.0,1.3528143167495728,0.2491299713071764,1.599051068640565,0.002893219416184145,1.599051068640565,0.002893219416184145,1.599051068640565,0.002893219416184145,1.599051068640565,0.002893219416184145,1.6018707981306168,7.348992613231964e-05
0.12499999999999999,0.5302734375,1.6019442880567492,0.0,1.3242131471633911,0.27773114089335804,1.599051068640565,0.002893219416184145,1.599051068640565,0.002893219416184145,1.599051068640565,0.002893219416184145,1.599051068640565,0.002893219416184145,1.6018977413788968,4.654667785231048e-05
0.12499999999999999,0.5322265625,1.6019442880567492,0.0,1.2966513633728027,0.3052929246839464,1.6004588412576441,0.0014854467991050058,1.5998808591154967,0.002063428941252443,1.5998806694079875,0.0020636186487617003,1.5998808591154967,0.002063428941252443,1.6019519208306248,7.6327738756099e-06
0.12499999999999999,0.5341796875,1.6019442880567492,0.0,1.2714096307754517,0.3305346572812975,1.6004588412576441,0.0014854467991050058,1.600266180543595,0.0016781075131542256,1.600265926250462,0.0016783618062872208,1.600266180543595,0.0016781075131542256,1.6019553938087934,1.1105752044215933e-05
0.12499999999999999,0.5361328125,1.6019442880567492,0.0,1.2495523691177368,0.35239191893901234,1.6004588412576441,0.0014854467991050058,1.6006515019716934,0.001292786085055786,1.6006517100756001,0.0012925779811490123,1.6006515019716934,0.001292786085055786,1.6019729430307565,2.8654974007391587e-05
0.12499999999999999,0.5380859375,1.6019442880567492,0.0,1.2318819761276245,0.37006231192912464,1.6004588412576441,0.0014854467991050058,1.6010368233997916,0.0009074646569575684,1.601037059296527,0.0009072287602220896,1.6010368233997916,0.0009074646569575684,1.6019404286213001,3.859435449005133e-06
0.12499999999999999,0.5400390625,1.6019442880567492,0.0,1.2189327478408813,0.3830115402158678,1.6021336400653516,0.00018935200860248358,1.6021336400653516,0.00018935200860248358,1.6021336400653516,0.00018935200860248358,1.6021336400653516,0.00018935200860248358,1.601989571051836,4.528299508677058e-05
0.12499999999999999,0.5419921875,1.6019442880567492,0.0,1.2177338600158691,0.38421042804088,1.6021336400653516,0.00018935200860248358,1.6021336400653516,0.00018935200860248358,1.6021336400653516,0.00018935200860248358,1.6021336400653516,0.00018935200860248358,1.6019618225433865,1.7534486637327262e-05
0.12499999999999999,0.5439453125,1.6019442880567492,0.0,1.2246959209442139,0.3772483671125353,1.6021336400653516,0.00018935200860248358,1.6021336400653516,0.00018935200860248358,1.6021336400653516,0.00018935200860248358,1.6021336400653516,0.00018935200860248358,1.6019779182268532,3.363017010404867e-05
0.12499999999999999,0.5458984375,1.6019442880567492,0.0,1.2345671653747559,0.3673771226819933,1.6021336400653516,0.00018935200860248358,1.6021336400653516,0.00018935200860248358,1.6021336400653516,0.00018935200860248358,1.6021336400653516,0.00018935200860248358,1.6019511545271123,6.866470363187105e-06
0.12499999999999999,0.5478515625,1.6019442880567492,0.0,1.24715256690979,0.3547917211469591,1.6025895021825702,0.0006452141258210808,1.6025895021825702,0.0006452141258210808,1.6025895021825702,0.0006452141258210808,1.6025895021825702,0.0006452141258210808,1.6019740376096863,2.9749552937108348e-05
0.12499999999999999,0.5498046875,1.6019442880567492,0.0,1.2621195316314697,0.33982475642527943,1.6025895021825702,0.0006452141258210808,1.6025895021825702,0.0006452141258210808,1.6025895021825702,0.0006452141258210808,1.6025895021825702,0.0006452141258210808,1.6019256217539912,1.8666302757930353e-05
0.12499999999999999,0.5517578125,1.6019442880567492,0.0,1.279023289680481,0.3229209983762682,1.6025895021825702,0.0006452141258210808,1.6025895021825702,0.0006452141258210808,1.6025895021825702,0.0006452141258210808,1.6025895021825702,0.0006452141258210808,1.6019809642971745,3.667624042535955e-05
0.12499999999999999,0.5537109375,1.6019442880567492,0.0,1.2973437309265137,0.3046005571302355,1.6025895021825702,0.0006452141258210808,1.6025895021825702,0.0006452141258210808,1.6025895021825702,0.0006452141258210808,1.6025895021825702,0.0006452141258210808,1.6019470357927519,2.7477360027283737e-06
0.12499999999999999,0.5556640625,1.6019442880567492,0.0,1.3165345191955566,0.2854097688611925,1.5970827200742228,0.004861567982526349,1.598496207769764,0.003448080286985178,1.5984887848356053,0.003455503221143852,1.598496207769764,0.003448080286985178,1.6019688938257766,2.4605769027408186e-05
0.12499999999999999,0.5576171875,1.6019442880567492,0.0,1.3360744714736938,0.2658698165830553,1.5970827200742228,0.004861567982526349,1.5975538826394033,0.004390405417345811,1.5975514083280171,0.004392879728732035,1.5975538826394033,0.004390405417345811,1.6019592107573102,1.4922700561026403e-05
0.12499999999999999,0.5595703125,1.6019442880567492,0.0,1.3555110692977905,0.24643321875895863,1.5970827200742228,0.004861567982526349,1.5966115575090423,0.005332730547706888,1.5966140318204285,0.005330256236320663,1.5966115575090423,0.005332730547706888,1.6019789121643413,3.462410759214052e-05
0.12499999999999999,0.5615234375,1.6019442880567492,0.0,1.37447988986969,0.2274643981870592,1.5970827200742228,0.004861567982526349,1.5956692323786816,0.00627505567806752,1.5956766553128403,0.006267632743908846,1.5956692323786816,0.00627505567806752,1.6019466711890962,2.3831323470169252e-06
0.12499999999999999,0.5634765625,1.6019442880567492,0.0,1.3927001953125,0.20924409274424915,1.5950509011396834,0.006893386917065758,1.5950509011396834,0.006893386917065758,1.5950509011396834,0.006893386917065758,1.5950509011396834,0.006893386917065758,1.6019579551975498,1.3667140800643907e-05
0.12499999999999999,0.5654296875,1.6019442880567492,0.0,1.4146672487258911,0.18727703933085804,1.5950509011396834,0.006893386917065758,1.5950509011396834,0.006893386917065758,1.5950509011396834,0.006893386917065758,1.5950509011396834,0.006893386917065758,1.601923361711198,2.092634555106443e-05
0.12499999999999999,0.5673828125,1.6019442880567492,0.0,1.4377747774124146,0.1641695106443346,1.5950509011396834,0.006893386917065758,1.5950509011396834,0.006893386917065758,1.5950509011396834,0.006893386917065758,1.5950509011396834,0.006893386917065758,1.6019973223712425,5.303431449332763e-05
0.12499999999999999,0.5693359375,1.6019442880567492,0.0,1.457521677017212,0.14442261103953724,1.5950509011396834,0.006893386917065758,1.5950509011396834,0.006893386917065758,1.5950509011396834,0.006893386917065758,1.5950509011396834,0.006893386917065758,1.6019740168553713,2.9728798622175034e-05
0.12499999999999999,0.5712890625,1.6019442880567492,0.0,1.47287118434906,0.1290731037076891,1.6031258583397539,0.001181570283004696,1.6001491701874904,0.0017951178692587888,1.600149163753144,0.0017951243036051778,1.6001491701874904,0.0017951178692587888,1.601961614698878,1.732664212883428e-05
0.12499999999999999,0.5732421875,1.6019442880567492,0.0,1.482951283454895,0.11899300460185414,1.6031258583397539,0.001181570283004696,1.602133628955666,0.00018934089891686767,1.6021336321899464,0.00018934413319726673,1.602133628955666,0.00018934089891686767,1.6018946041393345,4.968391741466682e-05
0.12499999999999999,0.5751953125,1.6019442880567492,0.0,1.4871593713760376,0.11478491668071156,1.6031258583397539,0.001181570283004696,1.6041180877238417,0.002173799667092524,1.6041180913300974,0.0021738032733482626,1.6041180877238417,0.002173799667092524,1.6019865593169451,4.2271260195958504e-05
0.12499999999999999,0.5771484375,1.6019442880567492,0.0,1.485258936882019,0.11668535117473011,1.6031258583397539,0.001181570283004696,1.6061025464920173,0.004158258435268181,1.6061025460858276,0.004158258029078432,1.6061025464920173,0.004158258435268181,1.602069823048369,0.0001255349916198245
0.12499999999999999,0.5791015625,1.6019442880567492,0.0,1.4864472150802612,0.11549707297648792,1.6109265712850882,0.00898228322833905,1.6109265712850882,0.00898228322833905,1.6109265712850882,0.00898228322833905,1.6109265712850882,0.00898228322833905,1.6020582510248562,0.00011396296810706197
0.12499999999999999,0.5810546875,1.6019442880567492,0.0,1.4887337684631348,0.11321051959361439,1.6109265712850882,0.00898228322833905,1.6109265712850882,0.00898228322833905,1.6109265712850882,0.00898228322833905,1.6109265712850882,0.00898228322833905,1.601806776233172,0.00013751182357713
0.12499999999999999,0.5830078125,1.6019442880567492,0.0,1.4884377717971802,0.11350651625956898,1.6109265712850882,0.00898228322833905,1.6109265712850882,0.00898228322833905,1.6109265712850882,0.00898228322833905,1.6109265712850882,0.00898228322833905,1.6017722287472842,0.00017205930946495585
0.12499999999999999,0.5849609375,1.6019442880567492,0.0,1.485532283782959,0.11641200427379017,1.6109265712850882,0.00898228322833905,1.6109265712850882,0.00898228322833905,1.6109265712850882,0.00898228322833905,1.6109265712850882,0.00898228322833905,1.6020252618807345,8.097382398530861e-05
0.12499999999999999,0.5869140625,1.6019442880567492,0.0,1.480072021484375,0.12187226657237415,1.6060174772546032,0.0040731891978540435,1.609699297777467,0.007755009720717743,1.6096992970861863,0.007755009029437154,1.609699297777467,0.007755009720717743,1.6023083460108478,0.00036405795409866215
0.12499999999999999,0.5888671875,1.6019442880567492,0.0,1.4722175598144531,0.12972672824229603,1.6060174772546032,0.0040731891978540435,1.6072447507622245,0.005300462705475351,1.6072447505317977,0.005300462475048562,1.6072447507622245,0.005300462705475351,1.6020616382169566,0.00011735016020741895
0.12499999999999999,0.5908203125,1.6019442880567492,0.0,1.4622547626495361,0.13968952540721302,1.6060174772546032,0.0040731891978540435,1.604790203746982,0.0028459156902327365,1.6047902039774087,0.0028459159206595253,1.604790203746982,0.0028459156902327365,1.601458023862457,0.00048626419429220746
0.12499999999999999,0.5927734375,1.6019442880567492,0.0,1.4505906105041504,0.15135367755259876,1.6060174772546032,0.0040731891978540435,1.6023356567317395,0.00039136867499034445,1.60233565742302,0.00039136936627093277,1.6023356567317395,0.00039136867499034445,1.6013071123306668,0.0006371757260823507
0.12499999999999999,0.5947265625,1.6019442880567492,0.0,1.437729001045227,0.1642152870115221,1.588878598003838,0.013065690052911139,1.588878598003838,0.013065690052911139,1.588878598003838,0.013065690052911139,1.588878598003838,0.013065690052911139,1.6025371333208258,0.0005928452640766579
0.12499999999999999,0.5966796875,1.6019442880567492,0.0,1.4242311716079712,0.17771311644877796,1.588878598003838,0.013065690052911139,1.588878598003838,0.013065690052911139,1.588878598003838,0.013065690052911139,1.588878598003838,0.013065690052911139,1.6032350179979222,0.0012907299411730744
0.12499999999999999,0.5986328125,1.6019442880567492,0.0,1.4106804132461548,0.19126387481059437,1.588878598003838,0.013065690052911139,1.588878598003838,0.013065690052911139,1.588878598003838,0.013065690052911139,1.588878598003838,0.013065690052911139,1.6017811592074747,0.00016312884927449645
0.12499999999999999,0.6005859375,1.6019442880567492,0.0,1.3976635932922363,0.20428069476451283,1.588878598003838,0.013065690052911139,1.588878598003838,0.013065690052911139,1.588878598003838,0.013065690052911139,1.588878598003838,0.013065690052911139,1.5997497160780674,0.0021945719786817808
0.12499999999999999,0.6025390625,1.6019442880567492,0.0002482301789705616,1.385764718055725,0.21617957000102406,1.5824859418528319,0.019458346203917287,1.5824859418528319,0.019458346203917287,1.5824859464462027,0.019458341610546492,1.5824912927216959,0.01945299533505329,1.6007635165283505,0.001180771528398683
0.12499999999999999,0.6044921875,1.6019442880567492,0.0002482301789705616,1.375567078590393,0.2263772094663561,1.5824859418528319,0.019458346203917287,1.5824859418528319,0.019458346203917287,1.5824859464462027,0.019458341610546492,1.5824912927216959,0.01945299533505329,1.6050130577696184,0.0030687697128692903
0.12499999999999999,0.6064453125,1.6019442880567492,0.0002482301789705616,1.3676518201828003,0.23429246787394886,1.5824859418528319,0.019458346203917287,1.5824859418528319,0.019458346203917287,1.5824859464462027,0.019458341610546492,1.5824912927216959,0.01945299533505329,1.6051834979434707,0.00323920988672155
0.12499999999999999,0.6083984375,1.6019442880567492,0.0002482301789705616,1.3625898361206055,0.2393544519361437,1.5824859418528319,0.019458346203917287,1.5824859418528319,0.019458346203917287,1.5824859280727195,0.01945835998402967,1.58246988924624,0.019474398810509053,1.5990593006316658,0.002884987425083363
0.12499999999999999,0.6103515625,1.6019442880567492,0.002917534971084401,1.360938310623169,0.2410059774335802,1.6082477564000845,0.006303468343335394,1.6082477564000845,0.006303468343335394,1.6082477564000845,0.006303468343335394,1.6082477564000845,0.006303468343335394,1.5957762572540217,0.006168030802727431
0.12499999999999999,0.6123046875,1.6019442880567492,0.002917534971084401,1.357736587524414,0.2442077005323351,1.6082477564000845,0.006303468343335394,1.6082477564000845,0.006303468343335394,1.6082477564000845,0.006303468343335394,1.6082477564000845,0.006303468343335394,1.6013301608776689,0.0006141271790802705
0.12499999999999999,0.6142578125,1.6019442880567492,0.002917534971084401,1.3585004806518555,0.2434438074048937,1.6082477564000845,0.006303468343335394,1.6082477564000845,0.006303468343335394,1.6082477564000845,0.006303468343335394,1.6082477564000845,0.006303468343335394,1.6107953365510337,0.00885104849428453
0.12499999999999999,0.6162109375,1.6019442880567492,0.002917534971084401,1.366588830947876,0.23535545710887318,1.6082477564000845,0.006303468343335394,1.6082477564000845,0.006303468343335394,1.6082477564000845,0.006303468343335394,1.6082477564000845,0.006303468343335394,1.611398536078457,0.009454248021707912
0.12499999999999999,0.6181640625,1.6019442880567492,0.002328746690819923,1.378769040107727,0.2231752479490221,1.4676266138876313,0.13431767416911788,1.5520977770549471,0.04984651100180204,1.5520983042053471,0.04984598385140204,1.5522059248806719,0.04973836317607727,1.591141809470347,0.010802478586402264
0.12499999999999999,0.6201171875,1.6019442880567492,0.002328746690819923,1.3915619850158691,0.21038230304088001,1.4676266138876313,0.13431767416911788,1.4957836682767365,0.10616061978001268,1.4957848346557605,0.10615945340098865,1.496022957396925,0.10592133065982412,1.5778018421129716,0.02414244594377757
0.12499999999999999,0.6220703125,1.6019442880567492,0.002328746690819923,1.404587984085083,0.19735630397166615,1.4676266138876313,0.13431767416911788,1.439469559498526,0.1624747285582231,1.4394713651061743,0.1624729229505748,1.4398399899131784,0.16210429814357075,1.6004136687523802,0.0015306193043689298
0.12499999999999999,0.6240234375,1.6019442880567492,0.002328746690819923,1.417345643043518,0.1845986450132311,1.4676266138876313,0.13431767416911788,1.3831554507203154,0.21878883733643373,1.3831519515832431,0.21879233647350604,1.38243758335975,0.21950670469699918,1.425628654375752,0.17631563368099723
0.12499999999999999,0.6259765625,1.0,0.005005538823445575,1.4292391538619995,0.4292391538619995,1.1577348861743997,0.15773488617439968,1.2448297655709115,0.24482976557091152,1.2448300504541518,0.24483005045415185,1.2464845386714571,0.24648453867145714,1.1143565364064387,0.11435653640643872
0.12499999999999999,0.6279296875,1.0,0.005005538823445575,1.439634084701538,0.4396340847015381,1.1577348861743997,0.15773488617439968,1.1867665126399036,0.18676651263990363,1.1867663676430469,0.18676636764304688,1.1859242837396267,0.18592428373962666,1.0003085471757576,0.0003085471757575675
0.12499999999999999,0.6298828125,1.0,0.005005538823445575,1.4479281902313232,0.44792819023132324,1.1577348861743997,0.15773488617439968,1.1287032597088957,0.12870325970889573,1.1287031647478156,0.12870316474781562,1.1281516686753805,0.12815166867538053,1.0,0.0
0.12499999999999999,0.6318359375,1.0,0.005005538823445575,1.4536277055740356,0.45362770557403564,1.1577348861743997,0.15773488617439968,1.0706400067778878,0.07064000677788784,1.0706399618525844,0.07063996185258437,1.0703790536111344,0.07037905361113439,1.0,0.0
0.12499999999999999,0.6337890625,1.0,3.4250022647401484e-05,1.4564005136489868,0.4564005136489868,1.003120590439568,0.0031205904395679163,1.0054610332692437,0.0054610332692437424,1.0054610342868744,0.005461034286874389,1.0054612231471813,0.005461223147181338,1.0,0.0
0.12499999999999999,0.6357421875,1.0,3.4250022647401484e-05,1.4560881853103638,0.45608818531036377,1.003120590439568,0.0031205904395679163,1.00390073804946,0.0039007380494600064,1.003900737423843,0.0039007374238428927,1.0039006213166675,0.003900621316667463,1.0,0.0
0.12499999999999999,0.6376953125,1.0,3.4250022647401484e-05,1.4526667594909668,0.4526667594909668,1.003120590439568,0.0031205904395679163,1.0023404428296758,0.002340442829675826,1.0023404424904656,0.0023404424904656107,1.00234037953703,0.002340379537030035,1.0,0.0
0.12499999999999999,0.6396484375,1.0,3.4250022647401484e-05,1.4461658000946045,0.4461658000946045,1.003120590439568,0.0031205904395679163,1.000780147609892,0.0007801476098920901,1.0007801475570888,0.0007801475570887728,1.0007801377573928,0.0007801377573928292,1.0,0.0
0.12499999999999999,0.6416015625,1.0,0.0,1.4365941286087036,0.4365941286087036,1.0,0.0,1.0,0.0,1.0,0.0,1.0,0.0,1.0,0.0
0.12499999999999999,0.6435546875,1.0,0.0,1.4239342212677002,0.4239342212677002,1.0,0.0,1.0,0.0,1.0,0.0,1.0,0.0,1.0,0.0
0.12499999999999999,0.6455078125,1.0,0.0,1.3720701932907104,0.37207019329071045,1.0,0.0,1.0,0.0,1.0,0.0,1.0,0.0,1.0,0.0
0.12499999999999999,0.6474609375,1.0,0.0,1.3219430446624756,0.3219430446624756,1.0,0.0,1.0,0.0,1.0,0.0,1.0,0.0,1.0,0.0
0.12499999999999999,0.6494140625,1.0,0.0,1.2934035062789917,0.2934035062789917,1.0,0.0,1.0,0.0,1.0,0.0,1.0,0.0,1.0,0.0
0.12499999999999999,0.6513671875,1.0,0.0,1.2668684720993042,0.2668684720993042,1.0,0.0,1.0,0.0,1.0,0.0,1.0,0.0,1.0,0.0
0.12499999999999999,0.6533203125,1.0,0.0,1.243955373764038,0.24395537376403809,1.0,0.0,1.0,0.0,1.0,0.0,1.0,0.0,1.0,0.0
0.12499999999999999,0.6552734375,1.0,0.0,1.2257843017578125,0.2257843017578125,1.0,0.0,1.0,0.0,1.0,0.0,1.0,0.0,1.0,0.0
0.12499999999999999,0.6572265625,1.0,0.0,1.213020920753479,0.213020920753479,1.0,0.0,1.0,0.0,1.0,0.0,1.0,0.0,1.0,0.0
0.12499999999999999,0.6591796875,1.0,0.0,1.205995798110962,0.20599579811096191,1.0,0.0,1.0,0.0,1.0,0.0,1.0,0.0,1.0,0.0
0.12499999999999999,0.6611328125,1.0,0.0,1.2048259973526,0.2048259973526001,1.0,0.0,1.0,0.0,1.0,0.0,1.0,0.0,1.0,0.0
0.12499999999999999,0.6630859375,1.0,0.0,1.2094736099243164,0.2094736099243164,1.0,0.0,1.0,0.0,1.0,0.0,1.0,0.0,1.0,0.0
0.12499999999999999,0.6650390625,1.0,0.0,1.2197223901748657,0.21972239017486572,1.0,0.0,1.0,0.0,1.0,0.0,1.0,0.0,1.0,0.0
0.12499999999999999,0.6669921875,1.0,0.0,1.235082745552063,0.235082745552063,1.0,0.0,1.0,0.0,1.0,0.0,1.0,0.0,1.0,0.0
0.12499999999999999,0.6689453125,1.0,0.0,1.2546783685684204,0.2546783685684204,1.0,0.0,1.0,0.0,1.0,0.0,1.0,0.0,1.0,0.0
0.12499999999999999,0.6708984375,1.0,0.0,1.276523470878601,0.2765234708786011,1.0,0.0,1.0,0.0,1.0,0.0,1.0,0.0,1.0,0.0
0.12499999999999999,0.6728515625,1.0,0.0,1.2764232158660889,0.27642321586608887,1.0,0.0,1.0,0.0,1.0,0.0,1.0,0.0,1.0,0.0
0.12499999999999999,0.6748046875,1.0,0.0,1.2742847204208374,0.2742847204208374,1.0,0.0,1.0,0.0,1.0,0.0,1.0,0.0,1.0,0.0
0.12499999999999999,0.6767578125,1.0,0.0,1.2694097757339478,0.26940977573394775,1.0,0.0,1.0,0.0,1.0,0.0,1.0,0.0,1.0,0.0
0.12499999999999999,0.6787109375,1.0,0.0,1.261248230934143,0.26124823093414307,1.0,0.0,1.0,0.0,1.0,0.0,1.0,0.0,1.0,0.0
0.12499999999999999,0.6806640625,1.0,0.0,1.2494065761566162,0.2494065761566162,1.0,0.0,1.0,0.0,1.0,0.0,1.0,0.0,1.0,0.0
0.12499999999999999,0.6826171875,1.0,0.0,1.2336698770523071,0.23366987705230713,1.0,0.0,1.0,0.0,1.0,0.0,1.0,0.0,1.0,0.0
0.12499999999999999,0.6845703125,1.0,0.0,1.2140321731567383,0.21403217315673828,1.0,0.0,1.0,0.0,1.0,0.0,1.0,0.0,1.0,0.0
0.12499999999999999,0.6865234375,1.0,0.0,1.1907402276992798,0.19074022769927979,1.0,0.0,1.0,0.0,1.0,0.0,1.0,0.0,1.0,0.0
0.12499999999999999,0.6884765625,1.0,0.0,1.1643298864364624,0.1643298864364624,1.0,0.0,1.0,0.0,1.0,0.0,1.0,0.0,1.0,0.0
0.12499999999999999,0.6904296875,1.0,0.0,1.1356263160705566,0.13562631607055664,1.0,0.0,1.0,0.0,1.0,0.0,1.0,0.0,1.0,0.0
0.12499999999999999,0.6923828125,1.0,0.0,1.1056874990463257,0.10568749904632568,1.0,0.0,1.0,0.0,1.0,0.0,1.0,0.0,1.0,0.0
0.12499999999999999,0.6943359375,1.0,0.0,1.0756924152374268,0.07569241523742676,1.0,0.0,1.0,0.0,1.0,0.0,1.0,0.0,1.0,0.0
0.12499999999999999,0.6962890625,1.0,0.0,1.0468025207519531,0.046802520751953125,1.0,0.0,1.0,0.0,1.0,0.0,1.0,0.0,1.0,0.0
0.12499999999999999,0.6982421875,1.0,0.0,1.0200393199920654,0.02003931999206543,1.0,0.0,1.0,0.0,1.0,0.0,1.0,0.0,1.0,0.0
0.12499999999999999,0.7001953125,1.0,0.0,0.9962102770805359,0.0037897229194641113,1.0,0.0,1.0,0.0,1.0,0.0,1.0,0.0,1.0,0.0
0.12499999999999999,0.7021484375,1.0,0.0,0.9758885502815247,0.024111449718475342,1.0,0.0,1.0,0.0,1.0,0.0,1.0,0.0,1.0,0.0
0.12499999999999999,0.7041015625,1.0,0.0,0.9551603198051453,0.044839680194854736,1.0,0.0,1.0,0.0,1.0,0.0,1.0,0.0,1.0,0.0
0.12499999999999999,0.7060546875,1.0,0.0,0.9196047186851501,0.08039528131484985,1.0,0.0,1.0,0.0,1.0,0.0,1.0,0.0,1.0,0.0
0.12499999999999999,0.7080078125,1.0,0.0,0.8882474899291992,0.11175251007080078,1.0,0.0,1.0,0.0,1.0,0.0,1.0,0.0,1.0,0.0
0.12499999999999999,0.7099609375,1.0,0.0,0.861050546169281,0.138949453830719,1.0,0.0,1.0,0.0,1.0,0.0,1.0,0.0,1.0,0.0
0.12499999999999999,0.7119140625,1.0,0.0,0.8378431797027588,0.1621568202972412,1.0,0.0,1.0,0.0,1.0,0.0,1.0,0.0,1.0,0.0
0.12499999999999999,0.7138671875,1.0,0.0,0.8183412551879883,0.18165874481201172,1.0,0.0,1.0,0.0,1.0,0.0,1.0,0.0,1.0,0.0
0.12499999999999999,0.7158203125,1.0,0.0,0.8021594882011414,0.19784051179885864,1.0,0.0,1.0,0.0,1.0,0.0,1.0,0.0,1.0,0.0
0.12499999999999999,0.7177734375,1.0,0.0,0.7888216972351074,0.21117830276489258,1.0,0.0,1.0,0.0,1.0,0.0,1.0,0.0,1.0,0.0
0.12499999999999999,0.7197265625,1.0,0.0,0.7777759432792664,0.22222405672073364,1.0,0.0,1.0,0.0,1.0,0.0,1.0,0.0,1.0,0.0
0.12499999999999999,0.7216796875,1.0,0.0,0.768416702747345,0.23158329725265503,1.0,0.0,1.0,0.0,1.0,0.0,1.0,0.0,1.0,0.0
0.12499999999999999,0.7236328125,1.0,0.0,0.7601172924041748,0.2398827075958252,1.0,0.0,1.0,0.0,1.0,0.0,1.0,0.0,1.0,0.0
0.12499999999999999,0.7255859375,1.0,0.0,0.7681461572647095,0.23185384273529053,1.0,0.0,1.0,0.0,1.0,0.0,1.0,0.0,1.0,0.0
0.12499999999999999,0.7275390625,1.0,0.0,0.7773656845092773,0.22263431549072266,1.0,0.0,1.0,0.0,1.0,0.0,1.0,0.0,1.0,0.0
0.12499999999999999,0.7294921875,1.0,0.0,0.7864159941673279,0.21358400583267212,1.0,0.0,1.0,0.0,1.0,0.0,1.0,0.0,1.0,0.0
0.12499999999999999,0.7314453125,1.0,0.0,0.7949783205986023,0.2050216794013977,1.0,0.0,1.0,0.0,1.0,0.0,1.0,0.0,1.0,0.0
0.12499999999999999,0.7333984375,1.0,0.0,0.8027762770652771,0.1972237229347229,1.0,0.0,1.0,0.0,1.0,0.0,1.0,0.0,1.0,0.0
0.12499999999999999,0.7353515625,1.0,0.0,0.809584379196167,0.190415620803833,1.0,0.0,1.0,0.0,1.0,0.0,1.0,0.0,1.0,0.0
0.12499999999999999,0.7373046875,1.0,0.0,0.815237283706665,0.18476271629333496,1.0,0.0,1.0,0.0,1.0,0.0,1.0,0.0,1.0,0.0
0.12499999999999999,0.7392578125,1.0,0.0,0.8196403384208679,0.18035966157913208,1.0,0.0,1.0,0.0,1.0,0.0,1.0,0.0,1.0,0.0
0.12499999999999999,0.7412109375,1.0,0.0,0.8227745294570923,0.17722547054290771,1.0,0.0,1.0,0.0,1.0,0.0,1.0,0.0,1.0,0.0
0.12499999999999999,0.7431640625,1.0,0.0,0.8246994018554688,0.17530059814453125,1.0,0.0,1.0,0.0,1.0,0.0,1.0,0.0,1.0,0.0
0.12499999999999999,0.7451171875,1.0,0.0,0.8255500197410583,0.17444998025894165,1.0,0.0,1.0,0.0,1.0,0.0,1.0,0.0,1.0,0.0
0.12499999999999999,0.7470703125,1.0,0.0,0.8255281448364258,0.17447185516357422,1.0,0.0,1.0,0.0,1.0,0.0,1.0,0.0,1.0,0.0
0.12499999999999999,0.7490234375,1.0,0.0,0.8248857855796814,0.1751142144203186,1.0,0.0,1.0,0.0,1.0,0.0,1.0,0.0,1.0,0.0
0.12499999999999999,0.7509765625,1.0,0.0,0.8239050507545471,0.17609494924545288,1.0,0.0,1.0,0.0,1.0,0.0,1.0,0.0,1.0,0.0
0.12499999999999999,0.7529296875,1.0,0.0,0.8228729367256165,0.17712706327438354,1.0,0.0,1.0,0.0,1.0,0.0,1.0,0.0,1.0,0.0
0.12499999999999999,0.7548828125,1.0,0.0,0.8220539689064026,0.1779460310935974,1.0,0.0,1.0,0.0,1.0,0.0,1.0,0.0,1.0,0.0
0.12499999999999999,0.7568359375,1.0,0.0,0.8216662406921387,0.17833375930786133,1.0,0.0,1.0,0.0,1.0,0.0,1.0,0.0,1.0,0.0
0.12499999999999999,0.7587890625,1.0,0.0,0.82186359167099,0.17813640832901,1.0,0.0,1.0,0.0,1.0,0.0,1.0,0.0,1.0,0.0
0.12499999999999999,0.7607421875,1.0,0.0,0.8227253556251526,0.1772746443748474,1.0,0.0,1.0,0.0,1.0,0.0,1.0,0.0,1.0,0.0
0.12499999999999999,0.7626953125,1.0,0.0,0.8242590427398682,0.17574095726013184,1.0,0.0,1.0,0.0,1.0,0.0,1.0,0.0,1.0,0.0
0.12499999999999999,0.7646484375,1.0,0.0,0.8264139890670776,0.17358601093292236,1.0,0.0,1.0,0.0,1.0,0.0,1.0,0.0,1.0,0.0
0.12499999999999999,0.7666015625,1.0,0.0,0.8291027545928955,0.1708972454071045,1.0,0.0,1.0,0.0,1.0,0.0,1.0,0.0,1.0,0.0
0.12499999999999999,0.7685546875,1.0,0.0,0.8322308659553528,0.16776913404464722,1.0,0.0,1.0,0.0,1.0,0.0,1.0,0.0,1.0,0.0
0.12499999999999999,0.7705078125,1.0,0.0,0.8357263207435608,0.1642736792564392,1.0,0.0,1.0,0.0,1.0,0.0,1.0,0.0,1.0,0.0
0.12499999999999999,0.7724609375,1.0,0.0,0.839566171169281,0.160433828830719,1.0,0.0,1.0,0.0,1.0,0.0,1.0,0.0,1.0,0.0
0.12499999999999999,0.7744140625,1.0,0.0,0.843790590763092,0.15620940923690796,1.0,0.0,1.0,0.0,1.0,0.0,1.0,0.0,1.0,0.0
0.12499999999999999,0.7763671875,1.0,0.0,0.8485007882118225,0.1514992117881775,1.0,0.0,1.0,0.0,1.0,0.0,1.0,0.0,1.0,0.0
0.12499999999999999,0.7783203125,1.0,0.0,0.8538413643836975,0.1461586356163025,1.0,0.0,1.0,0.0,1.0,0.0,1.0,0.0,1.0,0.0
0.12499999999999999,0.7802734375,1.0,0.0,0.8599656820297241,0.14003431797027588,1.0,0.0,1.0,0.0,1.0,0.0,1.0,0.0,1.0,0.0
0.12499999999999999,0.7822265625,1.0,0.0,0.8669978976249695,0.13300210237503052,1.0,0.0,1.0,0.0,1.0,0.0,1.0,0.0,1.0,0.0
0.12499999999999999,0.7841796875,1.0,0.0,0.8749954700469971,0.12500452995300293,1.0,0.0,1.0,0.0,1.0,0.0,1.0,0.0,1.0,0.0
0.12499999999999999,0.7861328125,1.0,0.0,0.8839219212532043,0.11607807874679565,1.0,0.0,1.0,0.0,1.0,0.0,1.0,0.0,1.0,0.0
0.12499999999999999,0.7880859375,1.0,0.0,0.8936337828636169,0.10636621713638306,1.0,0.0,1.0,0.0,1.0,0.0,1.0,0.0,1.0,0.0
0.12499999999999999,0.7900390625,1.0,0.0,0.9038820266723633,0.09611797332763672,1.0,0.0,1.0,0.0,1.0,0.0,1.0,0.0,1.0,0.0
0.12499999999999999,0.7919921875,1.0,0.0,0.9143287539482117,0.08567124605178833,1.0,0.0,1.0,0.0,1.0,0.0,1.0,0.0,1.0,0.0
0.12499999999999999,0.7939453125,1.0,0.0,0.9245737791061401,0.07542622089385986,1.0,0.0,1.0,0.0,1.0,0.0,1.0,0.0,1.0,0.0
0.12499999999999999,0.7958984375,1.0,0.0,0.9341912865638733,0.06580871343612671,1.0,0.0,1.0,0.0,1.0,0.0,1.0,0.0,1.0,0.0
0.12499999999999999,0.7978515625,1.0,0.0,0.9427627325057983,0.05723726749420166,1.0,0.0,1.0,0.0,1.0,0.0,1.0,0.0,1.0,0.0
0.12499999999999999,0.7998046875,1.0,0.0,0.9499109983444214,0.05008900165557861,1.0,0.0,1.0,0.0,1.0,0.0,1.0,0.0,1.0,0.0
0.12499999999999999,0.8017578125,1.0,0.0,0.9553248882293701,0.04467511177062988,1.0,0.0,1.0,0.0,1.0,0.0,1.0,0.0,1.0,0.0
0.12499999999999999,0.8037109375,1.0,0.0,0.9587807655334473,0.041219234466552734,1.0,0.0,1.0,0.0,1.0,0.0,1.0,0.0,1.0,0.0
0.12499999999999999,0.8056640625,1.0,0.0,0.9601648449897766,0.03983515501022339,1.0,0.0,1.0,0.0,1.0,0.0,1.0,0.0,1.0,0.0
0.12499999999999999,0.8076171875,1.0,0.0,0.9594965577125549,0.04050344228744507,1.0,0.0,1.0,0.0,1.0,0.0,1.0,0.0,1.0,0.0
0.12499999999999999,0.8095703125,1.0,0.0,0.956947386264801,0.043052613735198975,1.0,0.0,1.0,0.0,1.0,0.0,1.0,0.0,1.0,0.0
0.12499999999999999,0.8115234375,1.0,0.0,0.9528549909591675,0.04714500904083252,1.0,0.0,1.0,0.0,1.0,0.0,1.0,0.0,1.0,0.0
0.12499999999999999,0.8134765625,1.0,0.0,0.947704553604126,0.05229544639587402,1.0,0.0,1.0,0.0,1.0,0.0,1.0,0.0,1.0,0.0
0.12499999999999999,0.8154296875,1.0,0.0,0.9420889616012573,0.057911038398742676,1.0,0.0,1.0,0.0,1.0,0.0,1.0,0.0,1.0,0.0
0.12499999999999999,0.8173828125,1.0,0.0,0.9366437792778015,0.06335622072219849,1.0,0.0,1.0,0.0,1.0,0.0,1.0,0.0,1.0,0.0
0.12499999999999999,0.8193359375,1.0,0.0,0.9319795966148376,0.06802040338516235,1.0,0.0,1.0,0.0,1.0,0.0,1.0,0.0,1.0,0.0
0.12499999999999999,0.8212890625,1.0,0.0,0.9286196827888489,0.07138031721115112,1.0,0.0,1.0,0.0,1.0,0.0,1.0,0.0,1.0,0.0
0.12499999999999999,0.8232421875,1.0,0.0,0.926957905292511,0.07304209470748901,1.0,0.0,1.0,0.0,1.0,0.0,1.0,0.0,1.0,0.0
0.12499999999999999,0.8251953125,1.0,0.0,0.9272350072860718,0.07276499271392822,1.0,0.0,1.0,0.0,1.0,0.0,1.0,0.0,1.0,0.0
0.12499999999999999,0.8271484375,1.0,0.0,0.9295291900634766,0.07047080993652344,1.0,0.0,1.0,0.0,1.0,0.0,1.0,0.0,1.0,0.0
0.12499999999999999,0.8291015625,1.0,0.0,0.9337512850761414,0.06624871492385864,1.0,0.0,1.0,0.0,1.0,0.0,1.0,0.0,1.0,0.0
0.12499999999999999,0.8310546875,1.0,0.0,0.9396482706069946,0.06035172939300537,1.0,0.0,1.0,0.0,1.0,0.0,1.0,0.0,1.0,0.0
0.12499999999999999,0.8330078125,1.0,0.0,0.946807324886322,0.05319267511367798,1.0,0.0,1.0,0.0,1.0,0.0,1.0,0.0,1.0,0.0
0.12499999999999999,0.8349609375,1.0,0.0,0.9546720385551453,0.045327961444854736,1.0,0.0,1.0,0.0,1.0,0.0,1.0,0.0,1.0,0.0
0.12499999999999999,0.8369140625,1.0,0.0,0.9625723361968994,0.037427663803100586,1.0,0.0,1.0,0.0,1.0,0.0,1.0,0.0,1.0,0.0
0.12499999999999999,0.8388671875,1.0,0.0,0.9697701930999756,0.030229806900024414,1.0,0.0,1.0,0.0,1.0,0.0,1.0,0.0,1.0,0.0
0.12499999999999999,0.8408203125,1.0,0.0,0.9755162596702576,0.02448374032974243,1.0,0.0,1.0,0.0,1.0,0.0,1.0,0.0,1.0,0.0
0.12499999999999999,0.8427734375,1.0,0.0,0.9791173934936523,0.020882606506347656,1.0,0.0,1.0,0.0,1.0,0.0,1.0,0.0,1.0,0.0
0.12499999999999999,0.8447265625,1.0,0.0,0.9799950122833252,0.020004987716674805,1.0,0.0,1.0,0.0,1.0,0.0,1.0,0.0,1.0,0.0
0.12499999999999999,0.8466796875,1.0,0.0,0.9766903519630432,0.023309648036956787,1.0,0.0,1.0,0.0,1.0,0.0,1.0,0.0,1.0,0.0
0.12499999999999999,0.8486328125,1.0,0.0,0.9686642289161682,0.03133577108383179,1.0,0.0,1.0,0.0,1.0,0.0,1.0,0.0,1.0,0.0
0.12499999999999999,0.8505859375,1.0,0.0,0.959090530872345,0.04090946912765503,1.0,0.0,1.0,0.0,1.0,0.0,1.0,0.0,1.0,0.0
0.12499999999999999,0.8525390625,1.0,0.0,0.9480039477348328,0.051996052265167236,1.0,0.0,1.0,0.0,1.0,0.0,1.0,0.0,1.0,0.0
0.12499999999999999,0.8544921875,1.0,0.0,0.9355274438858032,0.06447255611419678,1.0,0.0,1.0,0.0,1.0,0.0,1.0,0.0,1.0,0.0
0.12499999999999999,0.8564453125,1.0,0.0,0.9198760986328125,0.0801239013671875,1.0,0.0,1.0,0.0,1.0,0.0,1.0,0.0,1.0,0.0
0.12499999999999999,0.8583984375,1.0,0.0,0.9021027088165283,0.09789729118347168,1.0,0.0,1.0,0.0,1.0,0.0,1.0,0.0,1.0,0.0
0.12499999999999999,0.8603515625,1.0,0.0,0.8840731978416443,0.11592680215835571,1.0,0.0,1.0,0.0,1.0,0.0,1.0,0.0,1.0,0.0
0.12499999999999999,0.8623046875,1.0,0.0,0.8666850328445435,0.13331496715545654,1.0,0.0,1.0,0.0,1.0,0.0,1.0,0.0,1.0,0.0
0.12499999999999999,0.8642578125,1.0,0.0,0.850757896900177,0.149242103099823,1.0,0.0,1.0,0.0,1.0,0.0,1.0,0.0,1.0,0.0
0.12499999999999999,0.8662109375,1.0,0.0,0.8369646668434143,0.1630353331565857,1.0,0.0,1.0,0.0,1.0,0.0,1.0,0.0,1.0,0.0
0.12499999999999999,0.8681640625,1.0,0.0,0.8257834911346436,0.17421650886535645,1.0,0.0,1.0,0.0,1.0,0.0,1.0,0.0,1.0,0.0
0.12499999999999999,0.8701171875,1.0,0.0,0.8174801468849182,0.1825198531150818,1.0,0.0,1.0,0.0,1.0,0.0,1.0,0.0,1.0,0.0
0.12499999999999999,0.8720703125,1.0,0.0,0.8095636367797852,0.19043636322021484,1.0,0.0,1.0,0.0,1.0,0.0,1.0,0.0,1.0,0.0
0.12499999999999999,0.8740234375,1.0,0.0,0.7995432019233704,0.20045679807662964,1.0,0.0,1.0,0.0,1.0,0.0,1.0,0.0,1.0,0.0
0.12499999999999999,0.8759765625,1.0,0.0,0.790833592414856,0.20916640758514404,1.0,0.0,1.0,0.0,1.0,0.0,1.0,0.0,1.0,0.0
0.12499999999999999,0.8779296875,1.0,0.0,0.7833526134490967,0.21664738655090332,1.0,0.0,1.0,0.0,1.0,0.0,1.0,0.0,1.0,0.0
0.12499999999999999,0.8798828125,1.0,0.0,0.7769688367843628,0.2230311632156372,1.0,0.0,1.0,0.0,1.0,0.0,1.0,0.0,1.0,0.0
0.12499999999999999,0.8818359375,1.0,0.0,0.7715261578559875,0.22847384214401245,1.0,0.0,1.0,0.0,1.0,0.0,1.0,0.0,1.0,0.0
0.12499999999999999,0.8837890625,1.0,0.0,0.7668673992156982,0.23313260078430176,1.0,0.0,1.0,0.0,1.0,0.0,1.0,0.0,1.0,0.0
0.12499999999999999,0.8857421875,1.0,0.0,0.7628540396690369,0.23714596033096313,1.0,0.0,1.0,0.0,1.0,0.0,1.0,0.0,1.0,0.0
0.12499999999999999,0.8876953125,1.0,0.0,0.7593836188316345,0.24061638116836548,1.0,0.0,1.0,0.0,1.0,0.0,1.0,0.0,1.0,0.0
0.12499999999999999,0.8896484375,1.0,0.0,0.7563981413841248,0.24360185861587524,1.0,0.0,1.0,0.0,1.0,0.0,1.0,0.0,1.0,0.0
0.12499999999999999,0.8916015625,1.0,0.0,0.7538866996765137,0.24611330032348633,1.0,0.0,1.0,0.0,1.0,0.0,1.0,0.0,1.0,0.0
0.12499999999999999,0.8935546875,1.0,0.0,0.7518816590309143,0.2481183409690857,1.0,0.0,1.0,0.0,1.0,0.0,1.0,0.0,1.0,0.0
0.12499999999999999,0.8955078125,1.0,0.0,0.7504444122314453,0.2495555877685547,1.0,0.0,1.0,0.0,1.0,0.0,1.0,0.0,1.0,0.0
0.12499999999999999,0.8974609375,1.0,0.0,0.7496511936187744,0.2503488063812256,1.0,0.0,1.0,0.0,1.0,0.0,1.0,0.0,1.0,0.0
0.12499999999999999,0.8994140625,1.0,0.0,0.7495759725570679,0.25042402744293213,1.0,0.0,1.0,0.0,1.0,0.0,1.0,0.0,1.0,0.0
0.12499999999999999,0.9013671875,1.0,0.0,0.7502769827842712,0.24972301721572876,1.0,0.0,1.0,0.0,1.0,0.0,1.0,0.0,1.0,0.0
0.12499999999999999,0.9033203125,1.0,0.0,0.7517891526222229,0.2482108473777771,1.0,0.0,1.0,0.0,1.0,0.0,1.0,0.0,1.0,0.0
0.12499999999999999,0.9052734375,1.0,0.0,0.7541225552558899,0.2458774447441101,1.0,0.0,1.0,0.0,1.0,0.0,1.0,0.0,1.0,0.0
0.12499999999999999,0.9072265625,1.0,0.0,0.757265567779541,0.24273443222045898,1.0,0.0,1.0,0.0,1.0,0.0,1.0,0.0,1.0,0.0
0.12499999999999999,0.9091796875,1.0,0.0,0.7611910700798035,0.23880892992019653,1.0,0.0,1.0,0.0,1.0,0.0,1.0,0.0,1.0,0.0
0.12499999999999999,0.9111328125,1.0,0.0,0.7658571004867554,0.23414289951324463,1.0,0.0,1.0,0.0,1.0,0.0,1.0,0.0,1.0,0.0
0.12499999999999999,0.9130859375,1.0,0.0,0.7712036967277527,0.22879630327224731,1.0,0.0,1.0,0.0,1.0,0.0,1.0,0.0,1.0,0.0
0.12499999999999999,0.9150390625,1.0,0.0,0.7776976227760315,0.2223023772239685,1.0,0.0,1.0,0.0,1.0,0.0,1.0,0.0,1.0,0.0
0.12499999999999999,0.9169921875,1.0,0.0,0.7861127853393555,0.21388721466064453,1.0,0.0,1.0,0.0,1.0,0.0,1.0,0.0,1.0,0.0
0.12499999999999999,0.9189453125,1.0,0.0,0.7947381734848022,0.20526182651519775,1.0,0.0,1.0,0.0,1.0,0.0,1.0,0.0,1.0,0.0
0.12499999999999999,0.9208984375,1.0,0.0,0.8035205006599426,0.19647949934005737,1.0,0.0,1.0,0.0,1.0,0.0,1.0,0.0,1.0,0.0
0.12499999999999999,0.9228515625,1.0,0.0,0.8123927712440491,0.18760722875595093,1.0,0.0,1.0,0.0,1.0,0.0,1.0,0.0,1.0,0.0
0.12499999999999999,0.9248046875,1.0,0.0,0.821281909942627,0.17871809005737305,1.0,0.0,1.0,0.0,1.0,0.0,1.0,0.0,1.0,0.0
0.12499999999999999,0.9267578125,1.0,0.0,0.830106794834137,0.16989320516586304,1.0,0.0,1.0,0.0,1.0,0.0,1.0,0.0,1.0,0.0
0.12499999999999999,0.9287109375,1.0,0.0,0.8387680053710938,0.16123199462890625,1.0,0.0,1.0,0.0,1.0,0.0,1.0,0.0,1.0,0.0
0.12499999999999999,0.9306640625,1.0,0.0,0.844344973564148,0.15565502643585205,1.0,0.0,1.0,0.0,1.0,0.0,1.0,0.0,1.0,0.0
0.12499999999999999,0.9326171875,1.0,0.0,0.8460645079612732,0.1539354920387268,1.0,0.0,1.0,0.0,1.0,0.0,1.0,0.0,1.0,0.0
0.12499999999999999,0.9345703125,1.0,0.0,0.8455669283866882,0.15443307161331177,1.0,0.0,1.0,0.0,1.0,0.0,1.0,0.0,1.0,0.0
0.12499999999999999,0.9365234375,1.0,0.0,0.8424991369247437,0.15750086307525635,1.0,0.0,1.0,0.0,1.0,0.0,1.0,0.0,1.0,0.0
0.12499999999999999,0.9384765625,1.0,0.0,0.8366353511810303,0.16336464881896973,1.0,0.0,1.0,0.0,1.0,0.0,1.0,0.0,1.0,0.0
0.12499999999999999,0.9404296875,1.0,0.0,0.8279168605804443,0.17208313941955566,1.0,0.0,1.0,0.0,1.0,0.0,1.0,0.0,1.0,0.0
0.12499999999999999,0.9423828125,1.0,0.0,0.8164749145507812,0.18352508544921875,1.0,0.0,1.0,0.0,1.0,0.0,1.0,0.0,1.0,0.0
0.12499999999999999,0.9443359375,1.0,0.0,0.8026264905929565,0.19737350940704346,1.0,0.0,1.0,0.0,1.0,0.0,1.0,0.0,1.0,0.0
0.12499999999999999,0.9462890625,1.0,0.0,0.7868393063545227,0.2131606936454773,1.0,0.0,1.0,0.0,1.0,0.0,1.0,0.0,1.0,0.0
0.12499999999999999,0.9482421875,1.0,0.0,0.7696753144264221,0.23032468557357788,1.0,0.0,1.0,0.0,1.0,0.0,1.0,0.0,1.0,0.0
0.12499999999999999,0.9501953125,1.0,0.0,0.7517348527908325,0.24826514720916748,1.0,0.0,1.0,0.0,1.0,0.0,1.0,0.0,1.0,0.0
0.12499999999999999,0.9521484375,1.0,0.0,0.7336107492446899,0.26638925075531006,1.0,0.0,1.0,0.0,1.0,0.0,1.0,0.0,1.0,0.0
0.12499999999999999,0.9541015625,1.0,0.0,0.7168839573860168,0.28311604261398315,1.0,0.0,1.0,0.0,1.0,0.0,1.0,0.0,1.0,0.0
0.12499999999999999,0.9560546875,1.0,0.0,0.7032240629196167,0.2967759370803833,1.0,0.0,1.0,0.0,1.0,0.0,1.0,0.0,1.0,0.0
0.12499999999999999,0.9580078125,1.0,0.0,0.6903885006904602,0.3096114993095398,1.0,0.0,1.0,0.0,1.0,0.0,1.0,0.0,1.0,0.0
0.12499999999999999,0.9599609375,1.0,0.0,0.678507387638092,0.32149261236190796,1.0,0.0,1.0,0.0,1.0,0.0,1.0,0.0,1.0,0.0
0.12499999999999999,0.9619140625,1.0,0.0,0.6676440238952637,0.33235597610473633,1.0,0.0,1.0,0.0,1.0,0.0,1.0,0.0,1.0,0.0
0.12499999999999999,0.9638671875,1.0,0.0,0.6578018069267273,0.3421981930732727,1.0,0.0,1.0,0.0,1.0,0.0,1.0,0.0,1.0,0.0
0.12499999999999999,0.9658203125,1.0,0.0,0.6479283571243286,0.3520716428756714,1.0,0.0,1.0,0.0,1.0,0.0,1.0,0.0,1.0,0.0
0.12499999999999999,0.9677734375,1.0,0.0,0.6309638023376465,0.3690361976623535,1.0,0.0,1.0,0.0,1.0,0.0,1.0,0.0,1.0,0.0
0.12499999999999999,0.9697265625,1.0,0.0,0.6246575713157654,0.3753424286842346,1.0,0.0,1.0,0.0,1.0,0.0,1.0,0.0,1.0,0.0
0.12499999999999999,0.9716796875,1.0,0.0,0.6196200847625732,0.38037991523742676,1.0,0.0,1.0,0.0,1.0,0.0,1.0,0.0,1.0,0.0
0.12499999999999999,0.9736328125,1.0,0.0,0.6152734756469727,0.38472652435302734,1.0,0.0,1.0,0.0,1.0,0.0,1.0,0.0,1.0,0.0
0.12499999999999999,0.9755859375,1.0,0.0,0.6114810109138489,0.3885189890861511,1.0,0.0,1.0,0.0,1.0,0.0,1.0,0.0,1.0,0.0
0.12499999999999999,0.9775390625,1.0,0.0,0.608271062374115,0.391728937625885,1.0,0.0,1.0,0.0,1.0,0.0,1.0,0.0,1.0,0.0
0.12499999999999999,0.9794921875,1.0,0.0,0.6026732921600342,0.3973267078399658,1.0,0.0,1.0,0.0,1.0,0.0,1.0,0.0,1.0,0.0
0.12499999999999999,0.9814453125,1.0,0.0,0.597377359867096,0.40262264013290405,1.0,0.0,1.0,0.0,1.0,0.0,1.0,0.0,1.0,0.0
0.12499999999999999,0.9833984375,1.0,0.0,0.592814028263092,0.40718597173690796,1.0,0.0,1.0,0.0,1.0,0.0,1.0,0.0,1.0,0.0
0.12499999999999999,0.9853515625,1.0,0.0,0.5894367098808289,0.41056329011917114,1.0,0.0,1.0,0.0,1.0,0.0,1.0,0.0,1.0,0.0
0.12499999999999999,0.9873046875,1.0,0.0,0.5878298878669739,0.4121701121330261,1.0,0.0,1.0,0.0,1.0,0.0,1.0,0.0,1.0,0.0
0.12499999999999999,0.9892578125,1.0,0.0,0.5886934399604797,0.41130656003952026,1.0,0.0,1.0,0.0,1.0,0.0,1.0,0.0,1.0,0.0
0.12499999999999999,0.9912109375,1.0,0.0,0.5928085446357727,0.4071914553642273,1.0,0.0,1.0,0.0,1.0,0.0,1.0,0.0,1.0,0.0
0.12499999999999999,0.9931640625,1.0,0.0,0.6009834408760071,0.3990165591239929,1.0,0.0,1.0,0.0,1.0,0.0,1.0,0.0,1.0,0.0
0.12499999999999999,0.9951171875,1.0,0.0,0.6139615178108215,0.38603848218917847,1.0,0.0,1.0,0.0,1.0,0.0,1.0,0.0,1.0,0.0
0.12499999999999999,0.9970703125,1.0,0.0,0.632291316986084,0.367708683013916,1.0,0.0,1.0,0.0,1.0,0.0,1.0,0.0,1.0,0.0
0.12499999999999999,0.9990234375,1.0,0.0,0.6561576128005981,0.34384238719940186,1.0,0.0,1.0,0.0,1.0,0.0,1.0,0.0,1.0,0.0
0.13749999999999998,0.0009765625,1.0,0.0,1.1095503568649292,0.1095503568649292,1.0,0.0,1.0,0.0,1.0,0.0,1.0,0.0,1.0,0.0
0.13749999999999998,0.0029296875,1.0,0.0,1.1335256099700928,0.13352560997009277,1.0,0.0,1.0,0.0,1.0,0.0,1.0,0.0,1.0,0.0
0.13749999999999998,0.0048828125,1.0,0.0,1.1542868614196777,0.15428686141967773,1.0,0.0,1.0,0.0,1.0,0.0,1.0,0.0,1.0,0.0
0.13749999999999998,0.0068359375,1.0,0.0,1.171030044555664,0.17103004455566406,1.0,0.0,1.0,0.0,1.0,0.0,1.0,0.0,1.0,0.0
0.13749999999999998,0.0087890625,1.0,0.0,1.1833428144454956,0.1833428144454956,1.0,0.0,1.0,0.0,1.0,0.0,1.0,0.0,1.0,0.0
0.13749999999999998,0.0107421875,1.0,0.0,1.191162347793579,0.1911623477935791,1.0,0.0,1.0,0.0,1.0,0.0,1.0,0.0,1.0,0.0
0.13749999999999998,0.0126953125,1.0,0.0,1.194694995880127,0.19469499588012695,1.0,0.0,1.0,0.0,1.0,0.0,1.0,0.0,1.0,0.0
0.13749999999999998,0.0146484375,1.0,0.0,1.1943254470825195,0.19432544708251953,1.0,0.0,1.0,0.0,1.0,0.0,1.0,0.0,1.0,0.0
0.13749999999999998,0.0166015625,1.0,0.0,1.1905367374420166,0.1905367374420166,1.0,0.0,1.0,0.0,1.0,0.0,1.0,0.0,1.0,0.0
0.13749999999999998,0.0185546875,1.0,0.0,1.1838457584381104,0.18384575843811035,1.0,0.0,1.0,0.0,1.0,0.0,1.0,0.0,1.0,0.0
0.13749999999999998,0.0205078125,1.0,0.0,1.1747558116912842,0.17475581169128418,1.0,0.0,1.0,0.0,1.0,0.0,1.0,0.0,1.0,0.0
0.13749999999999998,0.0224609375,1.0,0.0,1.1637314558029175,0.16373145580291748,1.0,0.0,1.0,0.0,1.0,0.0,1.0,0.0,1.0,0.0
0.13749999999999998,0.0244140625,1.0,0.0,1.1511906385421753,0.1511906385421753,1.0,0.0,1.0,0.0,1.0,0.0,1.0,0.0,1.0,0.0
0.13749999999999998,0.0263671875,1.0,0.0,1.1375101804733276,0.13751018047332764,1.0,0.0,1.0,0.0,1.0,0.0,1.0,0.0,1.0,0.0
0.13749999999999998,0.0283203125,1.0,0.0,1.1230372190475464,0.12303721904754639,1.0,0.0,1.0,0.0,1.0,0.0,1.0,0.0,1.0,0.0
0.13749999999999998,0.0302734375,1.0,0.0,1.1081005334854126,0.1081005334854126,1.0,0.0,1.0,0.0,1.0,0.0,1.0,0.0,1.0,0.0
0.13749999999999998,0.0322265625,1.0,0.0,1.0930145978927612,0.09301459789276123,1.0,0.0,1.0,0.0,1.0,0.0,1.0,0.0,1.0,0.0
0.13749999999999998,0.0341796875,1.0,0.0,1.0780712366104126,0.0780712366104126,1.0,0.0,1.0,0.0,1.0,0.0,1.0,0.0,1.0,0.0
0.13749999999999998,0.0361328125,1.0,0.0,1.0635192394256592,0.06351923942565918,1.0,0.0,1.0,0.0,1.0,0.0,1.0,0.0,1.0,0.0
0.13749999999999998,0.0380859375,1.0,0.0,1.0495346784591675,0.04953467845916748,1.0,0.0,1.0,0.0,1.0,0.0,1.0,0.0,1.0,0.0
0.13749999999999998,0.0400390625,1.0,0.0,1.0361957550048828,0.03619575500488281,1.0,0.0,1.0,0.0,1.0,0.0,1.0,0.0,1.0,0.0
0.13749999999999998,0.0419921875,1.0,0.0,1.0234737396240234,0.023473739624023438,1.0,0.0,1.0,0.0,1.0,0.0,1.0,0.0,1.0,0.0
0.13749999999999998,0.0439453125,1.0,0.0,1.0112558603286743,0.011255860328674316,1.0,0.0,1.0,0.0,1.0,0.0,1.0,0.0,1.0,0.0
0.13749999999999998,0.0458984375,1.0,0.0,0.9994118213653564,0.0005881786346435547,1.0,0.0,1.0,0.0,1.0,0.0,1.0,0.0,1.0,0.0
0.13749999999999998,0.0478515625,1.0,0.0,0.9879005551338196,0.01209944486618042,1.0,0.0,1.0,0.0,1.0,0.0,1.0,0.0,1.0,0.0
0.13749999999999998,0.0498046875,1.0,0.0,0.9768884181976318,0.023111581802368164,1.0,0.0,1.0,0.0,1.0,0.0,1.0,0.0,1.0,0.0
0.13749999999999998,0.0517578125,1.0,0.0,0.9668208956718445,0.03317910432815552,1.0,0.0,1.0,0.0,1.0,0.0,1.0,0.0,1.0,0.0
0.13749999999999998,0.0537109375,1.0,0.0,0.9678364992141724,0.03216350078582764,1.0,0.0,1.0,0.0,1.0,0.0,1.0,0.0,1.0,0.0
0.13749999999999998,0.0556640625,1.0,0.0,0.9823665618896484,0.017633438110351562,1.0,0.0,1.0,0.0,1.0,0.0,1.0,0.0,1.0,0.0
0.13749999999999998,0.0576171875,1.0,0.0,0.9998693466186523,0.00013065338134765625,1.0,0.0,1.0,0.0,1.0,0.0,1.0,0.0,1.0,0.0
0.13749999999999998,0.0595703125,1.0,0.0,1.0197125673294067,0.01971256732940674,1.0,0.0,1.0,0.0,1.0,0.0,1.0,0.0,1.0,0.0
0.13749999999999998,0.0615234375,1.0,0.0,1.041132926940918,0.04113292694091797,1.0,0.0,1.0,0.0,1.0,0.0,1.0,0.0,1.0,0.0
0.13749999999999998,0.0634765625,1.0,0.0,1.0632915496826172,0.06329154968261719,1.0,0.0,1.0,0.0,1.0,0.0,1.0,0.0,1.0,0.0
0.13749999999999998,0.0654296875,1.0,0.0,1.085343599319458,0.08534359931945801,1.0,0.0,1.0,0.0,1.0,0.0,1.0,0.0,1.0,0.0
0.13749999999999998,0.0673828125,1.0,0.0,1.1065037250518799,0.10650372505187988,1.0,0.0,1.0,0.0,1.0,0.0,1.0,0.0,1.0,0.0
0.13749999999999998,0.0693359375,1.0,0.0,1.1261014938354492,0.12610149383544922,1.0,0.0,1.0,0.0,1.0,0.0,1.0,0.0,1.0,0.0
0.13749999999999998,0.0712890625,1.0,0.0,1.1436192989349365,0.14361929893493652,1.0,0.0,1.0,0.0,1.0,0.0,1.0,0.0,1.0,0.0
0.13749999999999998,0.0732421875,1.0,0.0,1.1587104797363281,0.15871047973632812,1.0,0.0,1.0,0.0,1.0,0.0,1.0,0.0,1.0,0.0
0.13749999999999998,0.0751953125,1.0,0.0,1.1711976528167725,0.17119765281677246,1.0,0.0,1.0,0.0,1.0,0.0,1.0,0.0,1.0,0.0
0.13749999999999998,0.0771484375,1.0,0.0,1.1810590028762817,0.18105900287628174,1.0,0.0,1.0,0.0,1.0,0.0,1.0,0.0,1.0,0.0
0.13749999999999998,0.0791015625,1.0,0.0,1.1884022951126099,0.18840229511260986,1.0,0.0,1.0,0.0,1.0,0.0,1.0,0.0,1.0,0.0
0.13749999999999998,0.0810546875,1.0,0.0,1.1934330463409424,0.19343304634094238,1.0,0.0,1.0,0.0,1.0,0.0,1.0,0.0,1.0,0.0
0.13749999999999998,0.0830078125,1.0,0.0,1.1964231729507446,0.19642317295074463,1.0,0.0,1.0,0.0,1.0,0.0,1.0,0.0,1.0,0.0
0.13749999999999998,0.0849609375,1.0,0.0,1.1976819038391113,0.19768190383911133,1.0,0.0,1.0,0.0,1.0,0.0,1.0,0.0,1.0,0.0
0.13749999999999998,0.0869140625,1.0,0.0,1.1975324153900146,0.19753241539001465,1.0,0.0,1.0,0.0,1.0,0.0,1.0,0.0,1.0,0.0
0.13749999999999998,0.0888671875,1.0,0.0,1.1962933540344238,0.19629335403442383,1.0,0.0,1.0,0.0,1.0,0.0,1.0,0.0,1.0,0.0
0.13749999999999998,0.0908203125,1.0,0.0,1.1942635774612427,0.19426357746124268,1.0,0.0,1.0,0.0,1.0,0.0,1.0,0.0,1.0,0.0
0.13749999999999998,0.0927734375,1.0,0.0,1.1917065382003784,0.19170653820037842,1.0,0.0,1.0,0.0,1.0,0.0,1.0,0.0,1.0,0.0
0.13749999999999998,0.0947265625,1.0,0.0,1.1812636852264404,0.18126368522644043,1.0,0.0,1.0,0.0,1.0,0.0,1.0,0.0,1.0,0.0
0.13749999999999998,0.0966796875,1.0,0.0,1.1610811948776245,0.1610811948776245,1.0,0.0,1.0,0.0,1.0,0.0,1.0,0.0,1.0,0.0
0.13749999999999998,0.0986328125,1.0,0.0,1.1400715112686157,0.14007151126861572,1.0,0.0,1.0,0.0,1.0,0.0,1.0,0.0,1.0,0.0
0.13749999999999998,0.1005859375,1.0,0.0,1.119382381439209,0.11938238143920898,1.0,0.0,1.0,0.0,1.0,0.0,1.0,0.0,1.0,0.0
0.13749999999999998,0.1025390625,1.0,0.0,1.1000709533691406,0.10007095336914062,1.0,0.0,1.0,0.0,1.0,0.0,1.0,0.0,1.0,0.0
0.13749999999999998,0.1044921875,1.0,0.0,1.0830315351486206,0.0830315351486206,1.0,0.0,1.0,0.0,1.0,0.0,1.0,0.0,1.0,0.0
0.13749999999999998,0.1064453125,1.0,0.0,1.0689430236816406,0.06894302368164062,1.0,0.0,1.0,0.0,1.0,0.0,1.0,0.0,1.0,0.0
0.13749999999999998,0.1083984375,1.0,0.0,1.0582549571990967,0.05825495719909668,1.0,0.0,1.0,0.0,1.0,0.0,1.0,0.0,1.0,0.0
0.13749999999999998,0.1103515625,1.0,0.0,1.0512028932571411,0.05120289325714111,1.0,0.0,1.0,0.0,1.0,0.0,1.0,0.0,1.0,0.0
0.13749999999999998,0.1123046875,1.0,0.0,1.0478522777557373,0.047852277755737305,1.0,0.0,1.0,0.0,1.0,0.0,1.0,0.0,1.0,0.0
0.13749999999999998,0.1142578125,1.0,0.0,1.0481513738632202,0.048151373863220215,1.0,0.0,1.0,0.0,1.0,0.0,1.0,0.0,1.0,0.0
0.13749999999999998,0.1162109375,1.0,0.0,1.0519744157791138,0.05197441577911377,1.0,0.0,1.0,0.0,1.0,0.0,1.0,0.0,1.0,0.0
0.13749999999999998,0.1181640625,1.0,0.0,1.0591485500335693,0.059148550033569336,1.0,0.0,1.0,0.0,1.0,0.0,1.0,0.0,1.0,0.0
0.13749999999999998,0.1201171875,1.0,0.0,1.0694527626037598,0.06945276260375977,1.0,0.0,1.0,0.0,1.0,0.0,1.0,0.0,1.0,0.0
0.13749999999999998,0.1220703125,1.0,0.0,1.0825905799865723,0.08259057998657227,1.0,0.0,1.0,0.0,1.0,0.0,1.0,0.0,1.0,0.0
0.13749999999999998,0.1240234375,1.0,0.0,1.0981383323669434,0.09813833236694336,1.0,0.0,1.0,0.0,1.0,0.0,1.0,0.0,1.0,0.0
0.13749999999999998,0.1259765625,1.0,0.0,1.1154791116714478,0.11547911167144775,1.0,0.0,1.0,0.0,1.0,0.0,1.0,0.0,1.0,0.0
0.13749999999999998,0.1279296875,1.0,0.0,1.1337476968765259,0.13374769687652588,1.0,0.0,1.0,0.0,1.0,0.0,1.0,0.0,1.0,0.0
0.13749999999999998,0.1298828125,1.0,0.0,1.137422800064087,0.13742280006408691,1.0,0.0,1.0,0.0,1.0,0.0,1.0,0.0,1.0,0.0
0.13749999999999998,0.1318359375,1.0,0.0,1.137224555015564,0.13722455501556396,1.0,0.0,1.0,0.0,1.0,0.0,1.0,0.0,1.0,0.0
0.13749999999999998,0.1337890625,1.0,0.0,1.1354317665100098,0.13543176651000977,1.0,0.0,1.0,0.0,1.0,0.0,1.0,0.0,1.0,0.0
0.13749999999999998,0.1357421875,1.0,0.0,1.131416916847229,0.131416916847229,1.0,0.0,1.0,0.0,1.0,0.0,1.0,0.0,1.0,0.0
0.13749999999999998,0.1376953125,1.0,0.0,1.1248078346252441,0.12480783462524414,1.0,0.0,1.0,0.0,1.0,0.0,1.0,0.0,1.0,0.0
0.13749999999999998,0.1396484375,1.0,0.0,1.115553855895996,0.1155538558959961,1.0,0.0,1.0,0.0,1.0,0.0,1.0,0.0,1.0,0.0
0.13749999999999998,0.1416015625,1.0,0.0,1.1082772016525269,0.10827720165252686,1.0,0.0,1.0,0.0,1.0,0.0,1.0,0.0,1.0,0.0
0.13749999999999998,0.1435546875,1.0,0.0,1.1213997602462769,0.12139976024627686,1.0,0.0,1.0,0.0,1.0,0.0,1.0,0.0,1.0,0.0
0.13749999999999998,0.1455078125,1.0,0.0,1.1343046426773071,0.13430464267730713,1.0,0.0,1.0,0.0,1.0,0.0,1.0,0.0,1.0,0.0
0.13749999999999998,0.1474609375,1.0,0.0,1.1466572284698486,0.14665722846984863,1.0,0.0,1.0,0.0,1.0,0.0,1.0,0.0,1.0,0.0
0.13749999999999998,0.1494140625,1.0,0.0,1.149151086807251,0.14915108680725098,1.0,0.0,1.0,0.0,1.0,0.0,1.0,0.0,1.0,0.0
0.13749999999999998,0.1513671875,1.0,0.0,1.1366254091262817,0.13662540912628174,1.0,0.0,1.0,0.0,1.0,0.0,1.0,0.0,1.0,0.0
0.13749999999999998,0.1533203125,1.0,0.0,1.1254925727844238,0.12549257278442383,1.0,0.0,1.0,0.0,1.0,0.0,1.0,0.0,1.0,0.0
0.13749999999999998,0.1552734375,1.0,0.0,1.1163923740386963,0.11639237403869629,1.0,0.0,1.0,0.0,1.0,0.0,1.0,0.0,1.0,0.0
0.13749999999999998,0.1572265625,1.0,0.0,1.1097179651260376,0.1097179651260376,1.0,0.0,1.0,0.0,1.0,0.0,1.0,0.0,1.0,0.0
0.13749999999999998,0.1591796875,1.0,0.0,1.105646014213562,0.10564601421356201,1.0,0.0,1.0,0.0,1.0,0.0,1.0,0.0,1.0,0.0
0.13749999999999998,0.1611328125,1.0,0.0,1.104184627532959,0.10418462753295898,1.0,0.0,1.0,0.0,1.0,0.0,1.0,0.0,1.0,0.0
0.13749999999999998,0.1630859375,1.0,0.0,1.1052223443984985,0.10522234439849854,1.0,0.0,1.0,0.0,1.0,0.0,1.0,0.0,1.0,0.0
0.13749999999999998,0.1650390625,1.0,0.0,1.1085686683654785,0.10856866836547852,1.0,0.0,1.0,0.0,1.0,0.0,1.0,0.0,1.0,0.0
0.13749999999999998,0.1669921875,1.0,0.0,1.1139756441116333,0.1139756441116333,1.0,0.0,1.0,0.0,1.0,0.0,1.0,0.0,1.0,0.0
0.13749999999999998,0.1689453125,1.0,0.0,1.1211458444595337,0.12114584445953369,1.0,0.0,1.0,0.0,1.0,0.0,1.0,0.0,1.0,0.0
0.13749999999999998,0.1708984375,1.0,0.0,1.1297297477722168,0.1297297477722168,1.0,0.0,1.0,0.0,1.0,0.0,1.0,0.0,1.0,0.0
0.13749999999999998,0.1728515625,1.0,0.0,1.139312982559204,0.1393129825592041,1.0,0.0,1.0,0.0,1.0,0.0,1.0,0.0,1.0,0.0
0.13749999999999998,0.1748046875,1.0,0.0,1.1392102241516113,0.13921022415161133,1.0,0.0,1.0,0.0,1.0,0.0,1.0,0.0,1.0,0.0
0.13749999999999998,0.1767578125,1.0,0.0,1.1273895502090454,0.1273895502090454,1.0,0.0,1.0,0.0,1.0,0.0,1.0,0.0,1.0,0.0
0.13749999999999998,0.1787109375,1.0,0.0,1.1153708696365356,0.11537086963653564,1.0,0.0,1.0,0.0,1.0,0.0,1.0,0.0,1.0,0.0
0.13749999999999998,0.1806640625,1.0,0.0,1.103430151939392,0.10343015193939209,1.0,0.0,1.0,0.0,1.0,0.0,1.0,0.0,1.0,0.0
0.13749999999999998,0.1826171875,1.0,0.0,1.0918151140213013,0.09181511402130127,1.0,0.0,1.0,0.0,1.0,0.0,1.0,0.0,1.0,0.0
0.13749999999999998,0.1845703125,1.0,0.0,1.0807381868362427,0.08073818683624268,1.0,0.0,1.0,0.0,1.0,0.0,1.0,0.0,1.0,0.0
0.13749999999999998,0.1865234375,1.0,0.0,1.082282543182373,0.08228254318237305,1.0,0.0,1.0,0.0,1.0,0.0,1.0,0.0,1.0,0.0
0.13749999999999998,0.1884765625,1.0,0.0,1.0938854217529297,0.09388542175292969,1.0,0.0,1.0,0.0,1.0,0.0,1.0,0.0,1.0,0.0
0.13749999999999998,0.1904296875,1.0,0.0,1.1007187366485596,0.10071873664855957,1.0,0.0,1.0,0.0,1.0,0.0,1.0,0.0,1.0,0.0
0.13749999999999998,0.1923828125,1.0,0.0,1.1027109622955322,0.10271096229553223,1.0,0.0,1.0,0.0,1.0,0.0,1.0,0.0,1.0,0.0
0.13749999999999998,0.1943359375,1.0,0.0,1.1003191471099854,0.10031914710998535,1.0,0.0,1.0,0.0,1.0,0.0,1.0,0.0,1.0,0.0
0.13749999999999998,0.1962890625,1.0,0.0,1.0943442583084106,0.09434425830841064,1.0,0.0,1.0,0.0,1.0,0.0,1.0,0.0,1.0,0.0
0.13749999999999998,0.1982421875,1.0,0.0,1.085739254951477,0.08573925495147705,1.0,0.0,1.0,0.0,1.0,0.0,1.0,0.0,1.0,0.0
0.13749999999999998,0.2001953125,1.0,0.0,1.0754494667053223,0.07544946670532227,1.0,0.0,1.0,0.0,1.0,0.0,1.0,0.0,1.0,0.0
0.13749999999999998,0.2021484375,1.0,0.0,1.0643051862716675,0.06430518627166748,1.0,0.0,1.0,0.0,1.0,0.0,1.0,0.0,1.0,0.0
0.13749999999999998,0.2041015625,1.0,0.0,1.0529733896255493,0.052973389625549316,1.0,0.0,1.0,0.0,1.0,0.0,1.0,0.0,1.0,0.0
0.13749999999999998,0.2060546875,1.0,0.0,1.0419609546661377,0.041960954666137695,1.0,0.0,1.0,0.0,1.0,0.0,1.0,0.0,1.0,0.0
0.13749999999999998,0.2080078125,1.0,0.0,1.0316543579101562,0.03165435791015625,1.0,0.0,1.0,0.0,1.0,0.0,1.0,0.0,1.0,0.0
0.13749999999999998,0.2099609375,1.0,0.0,1.0223735570907593,0.022373557090759277,1.0,0.0,1.0,0.0,1.0,0.0,1.0,0.0,1.0,0.0
0.13749999999999998,0.2119140625,1.0,0.0,1.0268993377685547,0.026899337768554688,1.0,0.0,1.0,0.0,1.0,0.0,1.0,0.0,1.0,0.0
0.13749999999999998,0.2138671875,1.0,0.0,1.0333482027053833,0.0333482027053833,1.0,0.0,1.0,0.0,1.0,0.0,1.0,0.0,1.0,0.0
0.13749999999999998,0.2158203125,1.0,0.0,1.0416035652160645,0.04160356521606445,1.0,0.0,1.0,0.0,1.0,0.0,1.0,0.0,1.0,0.0
0.13749999999999998,0.2177734375,1.0,0.0,1.0515202283859253,0.05152022838592529,1.0,0.0,1.0,0.0,1.0,0.0,1.0,0.0,1.0,0.0
0.13749999999999998,0.2197265625,1.0,0.0,1.0591081380844116,0.05910813808441162,1.0,0.0,1.0,0.0,1.0,0.0,1.0,0.0,1.0,0.0
0.13749999999999998,0.2216796875,1.0,0.0,1.0571377277374268,0.05713772773742676,1.0,0.0,1.0,0.0,1.0,0.0,1.0,0.0,1.0,0.0
0.13749999999999998,0.2236328125,1.0,0.0,1.0561062097549438,0.05610620975494385,1.0,0.0,1.0,0.0,1.0,0.0,1.0,0.0,1.0,0.0
0.13749999999999998,0.2255859375,1.0,0.0,1.0560439825057983,0.05604398250579834,1.0,0.0,1.0,0.0,1.0,0.0,1.0,0.0,1.0,0.0
0.13749999999999998,0.2275390625,1.0,0.0,1.0569196939468384,0.05691969394683838,1.0,0.0,1.0,0.0,1.0,0.0,1.0,0.0,1.0,0.0
0.13749999999999998,0.2294921875,1.0,0.0,1.0773729085922241,0.07737290859222412,1.0,0.0,1.0,0.0,1.0,0.0,1.0,0.0,1.0,0.0
0.13749999999999998,0.2314453125,1.0,0.0,1.1021004915237427,0.10210049152374268,1.0,0.0,1.0,0.0,1.0,0.0,1.0,0.0,1.0,0.0
0.13749999999999998,0.2333984375,1.0,0.0,1.1276201009750366,0.12762010097503662,1.0,0.0,1.0,0.0,1.0,0.0,1.0,0.0,1.0,0.0
0.13749999999999998,0.2353515625,1.0,0.0,1.1522916555404663,0.1522916555404663,1.0,0.0,1.0,0.0,1.0,0.0,1.0,0.0,1.0,0.0
0.13749999999999998,0.2373046875,1.0,0.0,1.1608978509902954,0.1608978509902954,1.0,0.0,1.0,0.0,1.0,0.0,1.0,0.0,1.0,0.0
0.13749999999999998,0.2392578125,1.0,0.0,1.1633663177490234,0.16336631774902344,1.0,0.0,1.0,0.0,1.0,0.0,1.0,0.0,1.0,0.0
0.13749999999999998,0.2412109375,1.0,0.0,1.163123369216919,0.16312336921691895,1.0,0.0,1.0,0.0,1.0,0.0,1.0,0.0,1.0,0.0
0.13749999999999998,0.2431640625,1.0,0.0,1.1602588891983032,0.16025888919830322,1.0,0.0,1.0,0.0,1.0,0.0,1.0,0.0,1.0,0.0
0.13749999999999998,0.2451171875,1.0,0.0,1.155066728591919,0.15506672859191895,1.0,0.0,1.0,0.0,1.0,0.0,1.0,0.0,1.0,0.0
0.13749999999999998,0.2470703125,1.0,0.0,1.1480374336242676,0.14803743362426758,1.0,0.0,1.0,0.0,1.0,0.0,1.0,0.0,1.0,0.0
0.13749999999999998,0.2490234375,1.0,0.0,1.1398093700408936,0.13980937004089355,1.0,0.0,1.0,0.0,1.0,0.0,1.0,0.0,1.0,0.0
0.13749999999999998,0.2509765625,1.0,0.0,1.1310912370681763,0.13109123706817627,1.0,0.0,1.0,0.0,1.0,0.0,1.0,0.0,1.0,0.0
0.13749999999999998,0.2529296875,1.0,0.0,1.1225782632827759,0.12257826328277588,1.0,0.0,1.0,0.0,1.0,0.0,1.0,0.0,1.0,0.0
0.13749999999999998,0.2548828125,1.0,0.0,1.1148817539215088,0.11488175392150879,1.0,0.0,1.0,0.0,1.0,0.0,1.0,0.0,1.0,0.0
0.13749999999999998,0.2568359375,1.0,0.0,1.1084810495376587,0.10848104953765869,1.0,0.0,1.0,0.0,1.0,0.0,1.0,0.0,1.0,0.0
0.13749999999999998,0.2587890625,1.0,0.0,1.1037014722824097,0.10370147228240967,1.0,0.0,1.0,0.0,1.0,0.0,1.0,0.0,1.0,0.0
0.13749999999999998,0.2607421875,1.0,0.0,1.0958635807037354,0.09586358070373535,1.0,0.0,1.0,0.0,1.0,0.0,1.0,0.0,1.0,0.0
0.13749999999999998,0.2626953125,1.0,0.0,1.079770565032959,0.07977056503295898,1.0,0.0,1.0,0.0,1.0,0.0,1.0,0.0,1.0,0.0
0.13749999999999998,0.2646484375,1.0,0.0,1.0671626329421997,0.06716263294219971,1.0,0.0,1.0,0.0,1.0,0.0,1.0,0.0,1.0,0.0
0.13749999999999998,0.2666015625,1.0,0.0,1.058929681777954,0.0589296817779541,1.0,0.0,1.0,0.0,1.0,0.0,1.0,0.0,1.0,0.0
0.13749999999999998,0.2685546875,1.0,0.0,1.0557548999786377,0.055754899978637695,1.0,0.0,1.0,0.0,1.0,0.0,1.0,0.0,1.0,0.0
0.13749999999999998,0.2705078125,1.0,0.0,1.0580551624298096,0.05805516242980957,1.0,0.0,1.0,0.0,1.0,0.0,1.0,0.0,1.0,0.0
0.13749999999999998,0.2724609375,1.0,0.0,1.0659363269805908,0.06593632698059082,1.0,0.0,1.0,0.0,1.0,0.0,1.0,0.0,1.0,0.0
0.13749999999999998,0.2744140625,1.0,0.0,1.0791722536087036,0.07917225360870361,1.0,0.0,1.0,0.0,1.0,0.0,1.0,0.0,1.0,0.0
0.13749999999999998,0.2763671875,1.0,0.0,1.097205638885498,0.09720563888549805,1.0,0.0,1.0,0.0,1.0,0.0,1.0,0.0,1.0,0.0
0.13749999999999998,0.2783203125,1.0,0.0,1.1191753149032593,0.11917531490325928,1.0,0.0,1.0,0.0,1.0,0.0,1.0,0.0,1.0,0.0
0.13749999999999998,0.2802734375,1.0,0.0,1.1244477033615112,0.12444770336151123,1.0,0.0,1.0,0.0,1.0,0.0,1.0,0.0,1.0,0.0
0.13749999999999998,0.2822265625,1.0,0.0,1.1256605386734009,0.12566053867340088,1.0,0.0,1.0,0.0,1.0,0.0,1.0,0.0,1.0,0.0
0.13749999999999998,0.2841796875,1.0,0.0,1.1260931491851807,0.12609314918518066,1.0,0.0,1.0,0.0,1.0,0.0,1.0,0.0,1.0,0.0
0.13749999999999998,0.2861328125,1.0,0.0,1.125880241394043,0.12588024139404297,1.0,0.0,1.0,0.0,1.0,0.0,1.0,0.0,1.0,0.0
0.13749999999999998,0.2880859375,1.0,0.0,1.125239610671997,0.12523961067199707,1.0,0.0,1.0,0.0,1.0,0.0,1.0,0.0,1.0,0.0
0.13749999999999998,0.2900390625,1.0,0.0,1.1244593858718872,0.12445938587188721,1.0,0.0,1.0,0.0,1.0,0.0,1.0,0.0,1.0,0.0
0.13749999999999998,0.2919921875,1.0,0.0,1.1238806247711182,0.12388062477111816,1.0,0.0,1.0,0.0,1.0,0.0,1.0,0.0,1.0,0.0
0.13749999999999998,0.2939453125,1.0,0.0,1.1238740682601929,0.12387406826019287,1.0,0.0,1.0,0.0,1.0,0.0,1.0,0.0,1.0,0.0
0.13749999999999998,0.2958984375,1.0,0.0,1.124807357788086,0.12480735778808594,1.0,0.0,1.0,0.0,1.0,0.0,1.0,0.0,1.0,0.0
0.13749999999999998,0.2978515625,1.0,0.0,1.1270091533660889,0.12700915336608887,1.0,0.0,1.0,0.0,1.0,0.0,1.0,0.0,1.0,0.0
0.13749999999999998,0.2998046875,1.0,0.0,1.1307271718978882,0.13072717189788818,1.0,0.0,1.0,0.0,1.0,0.0,1.0,0.0,1.0,0.0
0.13749999999999998,0.3017578125,1.0,0.0,1.1360933780670166,0.1360933780670166,1.0,0.0,1.0,0.0,1.0,0.0,1.0,0.0,1.0,0.0
0.13749999999999998,0.3037109375,1.0,0.0,1.1430987119674683,0.14309871196746826,1.0,0.0,1.0,0.0,1.0,0.0,1.0,0.0,1.0,0.0
0.13749999999999998,0.3056640625,1.0,0.0,1.1515872478485107,0.15158724784851074,1.0,0.0,1.0,0.0,1.0,0.0,1.0,0.0,1.0,0.0
0.13749999999999998,0.3076171875,1.0,0.0,1.16126549243927,0.16126549243927002,1.0,0.0,1.0,0.0,1.0,0.0,1.0,0.0,1.0,0.0
0.13749999999999998,0.3095703125,1.0,0.0,1.171728253364563,0.171728253364563,1.0,0.0,1.0,0.0,1.0,0.0,1.0,0.0,1.0,0.0
0.13749999999999998,0.3115234375,1.0,0.0,1.1824880838394165,0.1824880838394165,1.0,0.0,1.0,0.0,1.0,0.0,1.0,0.0,1.0,0.0
0.13749999999999998,0.3134765625,1.0,0.0,1.1930102109909058,0.19301021099090576,1.0,0.0,1.0,0.0,1.0,0.0,1.0,0.0,1.0,0.0
0.13749999999999998,0.3154296875,1.0,0.0,1.2027422189712524,0.20274221897125244,1.0,0.0,1.0,0.0,1.0,0.0,1.0,0.0,1.0,0.0
0.13749999999999998,0.3173828125,1.0,0.0,1.2111408710479736,0.21114087104797363,1.0,0.0,1.0,0.0,1.0,0.0,1.0,0.0,1.0,0.0
0.13749999999999998,0.3193359375,1.0,0.0,1.2147104740142822,0.21471047401428223,1.0,0.0,1.0,0.0,1.0,0.0,1.0,0.0,1.0,0.0
0.13749999999999998,0.3212890625,1.0,0.0,1.197684645652771,0.197684645652771,1.0,0.0,1.0,0.0,1.0,0.0,1.0,0.0,1.0,0.0
0.13749999999999998,0.3232421875,1.0,0.0,1.1809521913528442,0.18095219135284424,1.0,0.0,1.0,0.0,1.0,0.0,1.0,0.0,1.0,0.0
0.13749999999999998,0.3251953125,1.0,0.0,1.164597511291504,0.1645975112915039,1.0,0.0,1.0,0.0,1.0,0.0,1.0,0.0,1.0,0.0
0.13749999999999998,0.3271484375,1.0,0.0,1.1487363576889038,0.1487363576889038,1.0,0.0,1.0,0.0,1.0,0.0,1.0,0.0,1.0,0.0
0.13749999999999998,0.3291015625,1.0,0.0,1.1335798501968384,0.13357985019683838,1.0,0.0,1.0,0.0,1.0,0.0,1.0,0.0,1.0,0.0
0.13749999999999998,0.3310546875,1.0,0.0,1.1194638013839722,0.11946380138397217,1.0,0.0,1.0,0.0,1.0,0.0,1.0,0.0,1.0,0.0
0.13749999999999998,0.3330078125,1.0,0.0,1.1068286895751953,0.10682868957519531,1.0,0.0,1.0,0.0,1.0,0.0,1.0,0.0,1.0,0.0
0.13749999999999998,0.3349609375,1.0,0.0,1.0961549282073975,0.09615492820739746,1.0,0.0,1.0,0.0,1.0,0.0,1.0,0.0,1.0,0.0
0.13749999999999998,0.3369140625,1.0,0.0,1.0878689289093018,0.08786892890930176,1.0,0.0,1.0,0.0,1.0,0.0,1.0,0.0,1.0,0.0
0.13749999999999998,0.3388671875,1.0,0.0,1.0822373628616333,0.0822373628616333,1.0,0.0,1.0,0.0,1.0,0.0,1.0,0.0,1.0,0.0
0.13749999999999998,0.3408203125,1.0,0.0,1.0792752504348755,0.07927525043487549,1.0,0.0,1.0,0.0,1.0,0.0,1.0,0.0,1.0,0.0
0.13749999999999998,0.3427734375,1.0,0.0,1.0786820650100708,0.0786820650100708,1.0,0.0,1.0,0.0,1.0,0.0,1.0,0.0,1.0,0.0
0.13749999999999998,0.3447265625,1.0,0.18585257986262368,1.0798289775848389,0.07982897758483887,1.0,0.0,1.0,0.0,1.0,0.0,1.0,0.0,1.0,0.0
0.13749999999999998,0.3466796875,1.0,0.18585257986262368,1.0818195343017578,0.08181953430175781,1.0,0.0,1.0,0.0,1.0,0.0,1.0,0.0,1.0,0.0
0.13749999999999998,0.3486328125,1.0,0.18585257986262368,1.0836448669433594,0.08364486694335938,1.0,0.0,1.0,0.0,1.0,0.0,1.0,0.0,1.0,0.0
0.13749999999999998,0.3505859375,1.0,0.18585257986262368,1.0844194889068604,0.08441948890686035,1.0,0.0,1.0,0.0,1.0,0.0,1.0,0.0,1.0,0.0
0.13749999999999998,0.3525390625,1.0,0.37996567558382266,1.083621859550476,0.08362185955047607,1.0610287123512774,0.06102871235127738,1.0152571780878192,0.015257178087819234,1.0152192988001407,0.015219298800140724,1.0127604188011787,0.01276041880117873,1.0,0.0
0.13749999999999998,0.3544921875,1.0,0.37996567558382266,1.081239938735962,0.08123993873596191,1.0610287123512774,0.06102871235127738,1.0457715342634581,0.04577153426345815,1.0455577517892358,0.04555775178923582,1.0316803670175356,0.03168036701753563,1.0,0.0
0.13749999999999998,0.3564453125,1.0,0.37996567558382266,1.0777548551559448,0.07775485515594482,1.0610287123512774,0.06102871235127738,1.0762858904390966,0.07628589043909662,1.0758962047783305,0.07589620477833048,1.0506003152338923,0.0506003152338923,1.0,0.0
0.13749999999999998,0.3583984375,1.0,0.37996567558382266,1.0739693641662598,0.07396936416625977,1.0610287123512774,0.06102871235127738,1.1068002466147355,0.10680024661473553,1.1074415940374027,0.10744159403740272,1.1490737483525024,0.14907374835250242,1.0,0.0
0.13749999999999998,0.3603515625,1.0,0.027587726140030903,1.0707675218582153,0.07076752185821533,1.3516693420857395,0.3516693420857395,1.2542277419528487,0.2542277419528487,1.2541577737991139,0.25415777379911386,1.2478406050851254,0.2478406050851254,1.0139524513157618,0.013952451315761838
0.13749999999999998,0.3623046875,1.0,0.027587726140030903,1.068890929222107,0.06889092922210693,1.3516693420857395,0.3516693420857395,1.3191888087081092,0.3191888087081092,1.3191514672794882,0.3191514672794882,1.315780046253931,0.3157800462539311,1.225492967721513,0.22549296772151295
0.13749999999999998,0.3642578125,1.6019442880567492,0.027587726140030903,1.0687891244888306,0.5331551635679186,1.3516693420857395,0.25027494597100963,1.3841498754633699,0.21779441259337928,1.384213346225175,0.21773094183157427,1.3899438891840248,0.21200039887272437,1.5076445989657272,0.09429968909102193
0.13749999999999998,0.3662109375,1.6019442880567492,0.027587726140030903,1.0705602169036865,0.5313840711530626,1.3516693420857395,0.25027494597100963,1.4491109422186303,0.1528333458381188,1.449154781039181,0.15278950701756822,1.4531128278198768,0.14883146023687233,1.6160323325813433,0.014088044524594112
0.13749999999999998,0.3681640625,1.6019442880567492,0.0009758926745317715,1.0739667415618896,0.5279775464948595,1.5807172463933623,0.021227041663386848,1.5807172463933623,0.021227041663386848,1.5807164442171773,0.02122784383957188,1.5806549596725892,0.021289328384159978,1.5925660621559166,0.009378225900832593
0.13749999999999998,0.3701171875,1.6019442880567492,0.0009758926745317715,1.0785017013549805,0.5234425867017687,1.5807172463933623,0.021227041663386848,1.5807172463933623,0.021227041663386848,1.580717513785424,0.021226774271325244,1.58073800863362,0.021206279423129137,1.589077264096158,0.01286702396059125
0.13749999999999998,0.3720703125,1.6019442880567492,0.0009758926745317715,1.0834763050079346,0.5184679830488146,1.5807172463933623,0.021227041663386848,1.5807172463933623,0.021227041663386848,1.580717513785424,0.021226774271325244,1.58073800863362,0.021206279423129137,1.5993849015676624,0.0025593864890867124
0.13749999999999998,0.3740234375,1.6019442880567492,0.0009758926745317715,1.0881054401397705,0.5138388479169786,1.5807172463933623,0.021227041663386848,1.5807172463933623,0.021227041663386848,1.580717513785424,0.021226774271325244,1.58073800863362,0.021206279423129137,1.6106081048545793,0.008663816797830126
0.13749999999999998,0.3759765625,1.6019442880567492,0.0007136469701212073,1.0915848016738892,0.51035948638286,1.571464525462242,0.030479762594507243,1.571464525462242,0.030479762594507243,1.571464525462242,0.030479762594507243,1.571464525462242,0.030479762594507243,1.6076033511133039,0.005659063056554725
0.13749999999999998,0.3779296875,1.6019442880567492,0.0007136469701212073,1.0931671857833862,0.5087771022733629,1.571464525462242,0.030479762594507243,1.571464525462242,0.030479762594507243,1.571464525462242,0.030479762594507243,1.571464525462242,0.030479762594507243,1.5977937950410854,0.004150493015663725
0.13749999999999998,0.3798828125,1.6019442880567492,0.0007136469701212073,1.0922688245773315,0.5096754634794176,1.571464525462242,0.030479762594507243,1.571464525462242,0.030479762594507243,1.571464525462242,0.030479762594507243,1.571464525462242,0.030479762594507243,1.5968821640196813,0.00506212403706785
0.13749999999999998,0.3818359375,1.6019442880567492,0.0007136469701212073,1.0886156558990479,0.5133286321577013,1.571464525462242,0.030479762594507243,1.571464525462242,0.030479762594507243,1.571464525462242,0.030479762594507243,1.571464525462242,0.030479762594507243,1.6028952805853858,0.0009509925286366183
0.13749999999999998,0.3837890625,1.6019442880567492,0.0,1.0823942422866821,0.519550045770067,1.5955103814979088,0.006433906558840352,1.5870665801934707,0.014877707863278467,1.5870655076573112,0.014878780399437908,1.5870665801934707,0.014877707863278467,1.605152439996051,0.0032081519393019065
0.13749999999999998,0.3857421875,1.6019442880567492,0.0,1.0743132829666138,0.5276310050901354,1.5955103814979088,0.006433906558840352,1.5926957810630962,0.009248506993652983,1.592696210356475,0.009248077700274138,1.5926957810630962,0.009248506993652983,1.6026877699950233,0.0007434819382741154
0.13749999999999998,0.3876953125,1.6019442880567492,0.0,1.065505027770996,0.5364392602857531,1.5955103814979088,0.006433906558840352,1.5983249819327214,0.0036193061240277213,1.5983255602494888,0.003618727807260358,1.5983249819327214,0.0036193061240277213,1.6001123194615374,0.0018319685952117304
0.13749999999999998,0.3896484375,1.6019442880567492,0.0,1.0572818517684937,0.5446624362882555,1.5955103814979088,0.006433906558840352,1.603954182802347,0.0020098947455977623,1.6039542477283601,0.0020099596716109946,1.603954182802347,0.0020098947455977623,1.6009075399289356,0.0010367481278135138
0.13749999999999998,0.3916015625,1.6019442880567492,0.0,1.0508500337600708,0.5510942542966784,1.6164981324192453,0.014553844362496182,1.6164981324192453,0.014553844362496182,1.6164981324192453,0.014553844362496182,1.6164981324192453,0.014553844362496182,1.602661498965325,0.0007172109085757938
0.13749999999999998,0.3935546875,1.6019442880567492,0.0,1.0470900535583496,0.5548542344983995,1.6164981324192453,0.014553844362496182,1.6164981324192453,0.014553844362496182,1.6164981324192453,0.014553844362496182,1.6164981324192453,0.014553844362496182,1.6027178528932295,0.0007735648364803893
0.13749999999999998,0.3955078125,1.6019442880567492,0.0,1.046451449394226,0.5554928386625231,1.6164981324192453,0.014553844362496182,1.6164981324192453,0.014553844362496182,1.6164981324192453,0.014553844362496182,1.6164981324192453,0.014553844362496182,1.6019268698387088,1.7418218040354816e-05
0.13749999999999998,0.3974609375,1.6019442880567492,0.0,1.0342530012130737,0.5676912868436754,1.6164981324192453,0.014553844362496182,1.6164981324192453,0.014553844362496182,1.6164981324192453,0.014553844362496182,1.6164981324192453,0.014553844362496182,1.6014671184229607,0.00047716963378841015
0.13749999999999998,0.3994140625,1.6019442880567492,0.0,1.0227183103561401,0.579225977700609,1.6100768364656597,0.008132548408910534,1.6139848299487816,0.012040541892032408,1.6139846135164644,0.012040325459715229,1.6139848299487816,0.012040541892032408,1.6016823080445197,0.0002619800122294347
0.13749999999999998,0.4013671875,1.6019442880567492,0.0,1.0136476755142212,0.588296612542528,1.6100768364656597,0.008132548408910534,1.6113795009600336,0.009435212903284418,1.6113794288159278,0.009435140759178617,1.6113795009600336,0.009435212903284418,1.6022289136176002,0.0002846255608510706
0.13749999999999998,0.4033203125,1.6019442880567492,0.0,1.0071008205413818,0.5948434675153673,1.6100768364656597,0.008132548408910534,1.6087741719712858,0.00682988391453665,1.6087742441153916,0.00682995605864245,1.6087741719712858,0.00682988391453665,1.6022055902916588,0.0002613022349096106
0.13749999999999998,0.4052734375,1.6019442880567492,0.0,1.0029646158218384,0.5989796722349108,1.6100768364656597,0.008132548408910534,1.6061688429825378,0.004224554925788659,1.606169059414855,0.004224771358105839,1.6061688429825378,0.004224554925788659,1.6018891418228787,5.514623387048445e-05
0.13749999999999998,0.4072265625,1.6019442880567492,0.0,1.0009725093841553,0.6009717786725939,1.5956555005092625,0.0062887875474866295,1.5962153224815323,0.005728965575216849,1.596215321106712,0.0057289669500371065,1.5962153224815323,0.005728965575216849,1.6017865714921788,0.00015771656457030936
0.13749999999999998,0.4091796875,1.6019442880567492,0.0,1.0007269382476807,0.6012173498090685,1.5956555005092625,0.0062887875474866295,1.5958421078333525,0.006102180223396703,1.595842107375079,0.006102180681670122,1.5958421078333525,0.006102180223396703,1.6019595293696822,1.5241312933067519e-05
0.13749999999999998,0.4111328125,1.6019442880567492,0.0,1.001725435256958,0.6002188527997911,1.5956555005092625,0.0062887875474866295,1.5954688931851726,0.006475394871576556,1.595468893643446,0.006475394413303137,1.5954688931851726,0.006475394871576556,1.602049716725349,0.00010542866859974964
0.13749999999999998,0.4130859375,1.6019442880567492,0.0,1.003398060798645,0.5985462272581041,1.5956555005092625,0.0062887875474866295,1.5950956785369927,0.00684860951975641,1.595095679911813,0.0068486081449361524,1.5950956785369927,0.00684860951975641,1.6020332742991963,8.898624244713105e-05
0.13749999999999998,0.4150390625,1.6019442880567492,0.0,1.0051558017730713,0.5967884862836779,1.5949090712129028,0.007035216843846337,1.5949090712129028,0.007035216843846337,1.5949090712129028,0.007035216843846337,1.5949090712129028,0.007035216843846337,1.601884213211197,6.007484555214937e-05
0.13749999999999998,0.4169921875,1.6019442880567492,0.0,1.0064464807510376,0.5954978073057116,1.5949090712129028,0.007035216843846337,1.5949090712129028,0.007035216843846337,1.5949090712129028,0.007035216843846337,1.5949090712129028,0.007035216843846337,1.6019301521438518,1.4135912897339509e-05
0.13749999999999998,0.4189453125,1.6019442880567492,0.0,1.006811499595642,0.5951327884611071,1.5949090712129028,0.007035216843846337,1.5949090712129028,0.007035216843846337,1.5949090712129028,0.007035216843846337,1.5949090712129028,0.007035216843846337,1.6019602400298065,1.595197305737095e-05
0.13749999999999998,0.4208984375,1.6019442880567492,0.0,1.005928874015808,0.596015414040941,1.5949090712129028,0.007035216843846337,1.5949090712129028,0.007035216843846337,1.5949090712129028,0.007035216843846337,1.5949090712129028,0.007035216843846337,1.6019994378673117,5.514981056253809e-05
0.13749999999999998,0.4228515625,1.6019442880567492,0.0,1.0036380290985107,0.5983062589582384,1.6011919348712715,0.0007523531854776166,1.5993213134185273,0.002622974638221809,1.5993212946974409,0.0026229933593082677,1.5993213134185273,0.002622974638221809,1.6019590360288074,1.4747972058248848e-05
0.13749999999999998,0.4248046875,1.6019442880567492,0.0,0.9999402165412903,0.6020040715154589,1.6011919348712715,0.0007523531854776166,1.6005683943870235,0.0013758936697256807,1.600568412030787,0.0013758760259621194,1.6005683943870235,0.0013758936697256807,1.6019677893739344,2.3501317185203874e-05
0.13749999999999998,0.4267578125,1.6019442880567492,0.0,0.9949783086776733,0.6069659793790758,1.6011919348712715,0.0007523531854776166,1.6018154753555196,0.00012881270122955257,1.6018154815958818,0.0001288064608673256,1.6018154753555196,0.00012881270122955257,1.6019402988834144,3.989173334773e-06
0.13749999999999998,0.4287109375,1.6019442880567492,0.0,0.9890046119689941,0.612939676087755,1.6011919348712715,0.0007523531854776166,1.6030625563240157,0.0011182682672665756,1.6030625511609764,0.0011182631042272462,1.6030625563240157,0.0011182682672665756,1.6019798676762724,3.557961952327382e-05
0.13749999999999998,0.4306640625,1.6019442880567492,0.0,0.9823446273803711,0.6195996606763781,1.604885718960872,0.0029414309041229103,1.604885718960872,0.0029414309041229103,1.604885718960872,0.0029414309041229103,1.604885718960872,0.0029414309041229103,1.6019359397887805,8.348267968694145e-06
0.13749999999999998,0.4326171875,1.6019442880567492,0.0,0.9753682017326355,0.6265760863241137,1.604885718960872,0.0029414309041229103,1.604885718960872,0.0029414309041229103,1.604885718960872,0.0029414309041229103,1.604885718960872,0.0029414309041229103,1.6019643649648074,2.0076908058275222e-05
0.13749999999999998,0.4345703125,1.6019442880567492,0.0,0.9684717655181885,0.6334725225385607,1.604885718960872,0.0029414309041229103,1.604885718960872,0.0029414309041229103,1.604885718960872,0.0029414309041229103,1.604885718960872,0.0029414309041229103,1.6019247760623347,1.951199441441176e-05
0.13749999999999998,0.4365234375,1.6019442880567492,0.0,0.9620710015296936,0.6398732865270556,1.604885718960872,0.0029414309041229103,1.604885718960872,0.0029414309041229103,1.604885718960872,0.0029414309041229103,1.604885718960872,0.0029414309041229103,1.6019701312572625,2.5843200513353537e-05
0.13749999999999998,0.4384765625,1.6019442880567492,0.0,0.9565939903259277,0.6453502977308214,1.6020986037352616,0.0001543156785124289,1.6033678633034605,0.0014235752467113283,1.6033675490126365,0.0014232609558872955,1.6033678633034605,0.0014235752467113283,1.6019523064072807,8.018350531546758e-06
0.13749999999999998,0.4404296875,1.6019442880567492,0.0,0.952467679977417,0.6494766080793322,1.6020986037352616,0.0001543156785124289,1.6025216902579946,0.0005774022012454694,1.6025215854943866,0.0005772974376374584,1.6025216902579946,0.0005774022012454694,1.6019751411218426,3.0853065093428e-05
0.13749999999999998,0.4423828125,1.6019442880567492,0.0,0.9500905871391296,0.6518537009176195,1.6020986037352616,0.0001543156785124289,1.6016755172125285,0.0002687708442206116,1.6016756219761366,0.00026866608061260067,1.6016755172125285,0.0002687708442206116,1.601960131125637,1.584306888791076e-05
0.13749999999999998,0.4443359375,1.6019442880567492,0.0,0.9497935175895691,0.6521507704671801,1.6020986037352616,0.0001543156785124289,1.6008293441670627,0.0011149438896864705,1.6008296584578867,0.0011146295988624377,1.6008293441670627,0.0011149438896864705,1.6019818645905444,3.757653379521386e-05
0.13749999999999998,0.4462890625,1.6019442880567492,0.0,0.9518002867698669,0.6501440012868822,1.598116334597145,0.003827953459604183,1.598116334597145,0.003827953459604183,1.598116334597145,0.003827953459604183,1.598116334597145,0.003827953459604183,1.6019622949857308,1.800692898168421e-05
0.13749999999999998,0.4482421875,1.6019442880567492,0.0,0.9561987519264221,0.645745536130327,1.598116334597145,0.003827953459604183,1.598116334597145,0.003827953459604183,1.598116334597145,0.003827953459604183,1.598116334597145,0.003827953459604183,1.601989369099239,4.5081042489902856e-05
0.13749999999999998,0.4501953125,1.6019442880567492,0.0,0.9629352688789368,0.6390090191778124,1.598116334597145,0.003827953459604183,1.598116334597145,0.003827953459604183,1.598116334597145,0.003827953459604183,1.598116334597145,0.003827953459604183,1.601929434006488,1.4854050261137175e-05
0.13749999999999998,0.4521484375,1.6019442880567492,0.0,0.9718355536460876,0.6301087344106615,1.598116334597145,0.003827953459604183,1.598116334597145,0.003827953459604183,1.598116334597145,0.003827953459604183,1.598116334597145,0.003827953459604183,1.601976090252863,3.180219611387258e-05
0.13749999999999998,0.4541015625,1.6019442880567492,0.0,0.9826468229293823,0.6192974651273668,1.5988224839603462,0.003121804096402947,1.5988224839603462,0.003121804096402947,1.5988224839603462,0.003121804096402947,1.5988224839603462,0.003121804096402947,1.6019524697878482,8.18173109906617e-06
0.13749999999999998,0.4560546875,1.6019442880567492,0.0,0.9950858950614929,0.6068583929952562,1.5988224839603462,0.003121804096402947,1.5988224839603462,0.003121804096402947,1.5988224839603462,0.003121804096402947,1.5988224839603462,0.003121804096402947,1.6019757202948888,3.143223813961704e-05
0.13749999999999998,0.4580078125,1.6019442880567492,0.0,1.008876085281372,0.5930682027753771,1.5988224839603462,0.003121804096402947,1.5988224839603462,0.003121804096402947,1.5988224839603462,0.003121804096402947,1.5988224839603462,0.003121804096402947,1.6019538987886235,9.610731874332146e-06
0.13749999999999998,0.4599609375,1.6019442880567492,0.0,1.023763656616211,0.5781806314405382,1.5988224839603462,0.003121804096402947,1.5988224839603462,0.003121804096402947,1.5988224839603462,0.003121804096402947,1.5988224839603462,0.003121804096402947,1.6019780354379054,3.374738115624609e-05
0.13749999999999998,0.4619140625,1.6019442880567492,0.0,1.0395097732543945,0.5624345148023546,1.600304771412923,0.001639516643826111,1.5998744291669624,0.0020698588897867243,1.599871283689556,0.002073004367193265,1.5998744291669624,0.0020698588897867243,1.6019282050870933,1.608296965582845e-05
0.13749999999999998,0.4638671875,1.6019442880567492,0.0,1.0558720827102661,0.546072205346483,1.600304771412923,0.001639516643826111,1.600161323997603,0.0017829640591462415,1.6001634488973264,0.0017808391594227313,1.600161323997603,0.0017829640591462415,1.6019614341592736,1.7146102524456808e-05
0.13749999999999998,0.4658203125,1.6019442880567492,0.0,1.0711618661880493,0.5307824218686998,1.600304771412923,0.001639516643826111,1.6004482188282432,0.0014960692285059807,1.600449267320712,0.0014950207360371337,1.6004482188282432,0.0014960692285059807,1.601945522442877,1.234386127757503e-06
0.13749999999999998,0.4677734375,1.6019442880567492,0.0,1.080183744430542,0.5217605436262072,1.600304771412923,0.001639516643826111,1.6007351136588837,0.0012091743978654979,1.6007350857440978,0.001209202312651314,1.6007351136588837,0.0012091743978654979,1.601943985642783,3.024139660912084e-07
0.13749999999999998,0.4697265625,1.6019442880567492,0.0,1.0884864330291748,0.5134578550275744,1.6011176426054696,0.0008266454512795285,1.6011176426054696,0.0008266454512795285,1.6011176426054696,0.0008266454512795285,1.6011176426054696,0.0008266454512795285,1.6018928838093147,5.140424743443894e-05
0.13749999999999998,0.4716796875,1.6019442880567492,0.0,1.0960969924926758,0.5058472955640734,1.6011176426054696,0.0008266454512795285,1.6011176426054696,0.0008266454512795285,1.6011176426054696,0.0008266454512795285,1.6011176426054696,0.0008266454512795285,1.6018696604157092,7.462764103993713e-05
0.13749999999999998,0.4736328125,1.6019442880567492,0.0,1.1030949354171753,0.49884935263957386,1.6011176426054696,0.0008266454512795285,1.6011176426054696,0.0008266454512795285,1.6011176426054696,0.0008266454512795285,1.6011176426054696,0.0008266454512795285,1.6018016809071078,0.00014260714964131616
0.13749999999999998,0.4755859375,1.6019442880567492,0.0,1.109602689743042,0.49234159831370716,1.6011176426054696,0.0008266454512795285,1.6011176426054696,0.0008266454512795285,1.6011176426054696,0.0008266454512795285,1.6011176426054696,0.0008266454512795285,1.6017501068313293,0.00019418122541980942
0.13749999999999998,0.4775390625,1.6019442880567492,0.0,1.1157976388931274,0.4861466491636217,1.6011018153711787,0.0008424726855704723,1.6011136857968968,0.00083060225985232,1.6011136857775492,0.0008306022791999546,1.6011136857968968,0.00083060225985232,1.6016190790631324,0.0003252089936167657
0.13749999999999998,0.4794921875,1.6019442880567492,0.0,1.1219357252120972,0.480008562844652,1.6011018153711787,0.0008424726855704723,1.6011057721797515,0.0008385158769976808,1.6011057721733022,0.0008385158834469664,1.6011057721797515,0.0008385158769976808,1.6015158857818097,0.0004284022749394545
0.13749999999999998,0.4814453125,1.6019442880567492,0.0,1.128372311592102,0.4735719764646471,1.6011018153711787,0.0008424726855704723,1.601097858562606,0.0008464294941432637,1.6010978585690552,0.0008464294876939782,1.601097858562606,0.0008464294941432637,1.6012998190227867,0.0006444690339624248
0.13749999999999998,0.4833984375,1.6019442880567492,0.0,1.1355650424957275,0.4663792455610216,1.6011018153711787,0.0008424726855704723,1.6010899449454605,0.0008543431112886246,1.6010899449648082,0.00085434309194099,1.6010899449454605,0.0008543431112886246,1.6010841677265235,0.0008601203302256444
0.13749999999999998,0.4853515625,1.6019442880567492,0.0,1.144049882888794,0.4578944051679552,1.598309653786323,0.003634634270426096,1.598309653786323,0.003634634270426096,1.598309653786323,0.003634634270426096,1.598309653786323,0.003634634270426096,1.6007445806168803,0.0011997074398688579
0.13749999999999998,0.4873046875,1.6019442880567492,0.0,1.1543877124786377,0.44755657557811146,1.598309653786323,0.003634634270426096,1.598309653786323,0.003634634270426096,1.598309653786323,0.003634634270426096,1.598309653786323,0.003634634270426096,1.6004940229080091,0.0014502651487400264
0.13749999999999998,0.4892578125,1.6019442880567492,0.0,1.1670961380004883,0.4348481500562609,1.598309653786323,0.003634634270426096,1.598309653786323,0.003634634270426096,1.598309653786323,0.003634634270426096,1.598309653786323,0.003634634270426096,1.600277631984523,0.001666656072226047
0.13749999999999998,0.4912109375,1.6019442880567492,0.0,1.1825742721557617,0.41937001590098744,1.598309653786323,0.003634634270426096,1.598309653786323,0.003634634270426096,1.598309653786323,0.003634634270426096,1.598309653786323,0.003634634270426096,1.6003020915094681,0.0016421965472810385
0.13749999999999998,0.4931640625,1.6019442880567492,0.0,1.1995606422424316,0.4023836458143175,1.5765212923014207,0.02542299575532847,1.5765212923014207,0.02542299575532847,1.5765212923014207,0.02542299575532847,1.5765212923014207,0.02542299575532847,1.600561555433532,0.0013827326232171977
0.13749999999999998,0.4951171875,1.6019442880567492,0.0,1.2050806283950806,0.3968636596616686,1.5765212923014207,0.02542299575532847,1.5765212923014207,0.02542299575532847,1.5765212923014207,0.02542299575532847,1.5765212923014207,0.02542299575532847,1.6006555771675872,0.001288710889161937
0.13749999999999998,0.4970703125,1.6019442880567492,0.0,1.212125301361084,0.38981898669566517,1.5765212923014207,0.02542299575532847,1.5765212923014207,0.02542299575532847,1.5765212923014207,0.02542299575532847,1.5765212923014207,0.02542299575532847,1.5988274772006412,0.003116810856107932
0.13749999999999998,0.4990234375,1.6019442880567492,0.0,1.2207720279693604,0.3811722600873888,1.5765212923014207,0.02542299575532847,1.5765212923014207,0.02542299575532847,1.5765212923014207,0.02542299575532847,1.5765212923014207,0.02542299575532847,1.5771198999172764,0.02482438813947274
0.13749999999999998,0.5009765625,1.6019442880567492,0.0,1.4052281379699707,0.19671615008677845,1.5765212923014205,0.025422995755328692,1.5765212923014205,0.025422995755328692,1.5765212923014205,0.025422995755328692,1.5765212923014205,0.025422995755328692,1.5771198999172764,0.02482438813947274
0.13749999999999998,0.5029296875,1.6019442880567492,0.0,1.4230042695999146,0.1789400184568346,1.5765212923014205,0.025422995755328692,1.5765212923014205,0.025422995755328692,1.5765212923014205,0.025422995755328692,1.5765212923014205,0.025422995755328692,1.5988274772006315,0.003116810856117702
0.13749999999999998,0.5048828125,1.6019442880567492,0.0,1.440487265586853,0.16145702246989613,1.5765212923014205,0.025422995755328692,1.5765212923014205,0.025422995755328692,1.5765212923014205,0.025422995755328692,1.5765212923014205,0.025422995755328692,1.6006555771675792,0.0012887108891699306
0.13749999999999998,0.5068359375,1.6019442880567492,0.0,1.4568054676055908,0.14513882045115833,1.5765212923014205,0.025422995755328692,1.5765212923014205,0.025422995755328692,1.5765212923014205,0.025422995755328692,1.5765212923014205,0.025422995755328692,1.6005615554335326,0.0013827326232165316
0.13749999999999998,0.5087890625,1.6019442880567492,0.0,1.4710172414779663,0.13092704657878285,1.5983096537863242,0.0036346342704249857,1.5983096537863242,0.0036346342704249857,1.5983096537863242,0.0036346342704249857,1.5983096537863242,0.0036346342704249857,1.6003020915094672,0.0016421965472819267
0.13749999999999998,0.5107421875,1.6019442880567492,0.0,1.482166051864624,0.11977823619212513,1.5983096537863242,0.0036346342704249857,1.5983096537863242,0.0036346342704249857,1.5983096537863242,0.0036346342704249857,1.5983096537863242,0.0036346342704249857,1.600277631984527,0.0016666560722220503
0.13749999999999998,0.5126953125,1.6019442880567492,0.0,1.4893420934677124,0.11260219458903675,1.5983096537863242,0.0036346342704249857,1.5983096537863242,0.0036346342704249857,1.5983096537863242,0.0036346342704249857,1.5983096537863242,0.0036346342704249857,1.6004940229080205,0.0014502651487287022
0.13749999999999998,0.5146484375,1.6019442880567492,0.0,1.491755723953247,0.11018856410350208,1.5983096537863242,0.0036346342704249857,1.5983096537863242,0.0036346342704249857,1.5983096537863242,0.0036346342704249857,1.5983096537863242,0.0036346342704249857,1.6007445806168876,0.0011997074398615304
0.13749999999999998,0.5166015625,1.6019442880567492,0.0,1.4888216257095337,0.11312266234721546,1.601101815371178,0.0008424726855711384,1.6010899449454596,0.0008543431112895128,1.6010899452681147,0.000854342788634499,1.6010899449454596,0.0008543431112895128,1.6010841677265224,0.0008601203302267546
0.13749999999999998,0.5185546875,1.6019442880567492,0.0,1.480232834815979,0.12171145324077015,1.601101815371178,0.0008424726855711384,1.6010978585626052,0.0008464294941439299,1.601097858670157,0.0008464293865921846,1.6010978585626052,0.0008464294941439299,1.6012998190227834,0.0006444690339657555
0.13749999999999998,0.5205078125,1.6019442880567492,0.0,1.4660284519195557,0.1359158361371935,1.601101815371178,0.0008424726855711384,1.6011057721797508,0.000838515876998347,1.601105772072199,0.0008385159845500922,1.6011057721797508,0.000838515876998347,1.6015158857817986,0.0004284022749505567
0.13749999999999998,0.5224609375,1.6019442880567492,0.0,1.4466216564178467,0.15532263163890248,1.601101815371178,0.0008424726855711384,1.6011136857968964,0.000830602259852764,1.6011136854742414,0.0008306025825077779,1.6011136857968964,0.000830602259852764,1.601619079063128,0.0003252089936212066
0.13749999999999998,0.5244140625,1.6019442880567492,0.0,1.422793984413147,0.17915030364360218,1.6011176426054692,0.0008266454512799726,1.6011176426054692,0.0008266454512799726,1.6011176426054692,0.0008266454512799726,1.6011176426054692,0.0008266454512799726,1.6017501068313305,0.0001941812254186992
0.13749999999999998,0.5263671875,1.6019442880567492,0.0,1.3956447839736938,0.2062995040830553,1.6011176426054692,0.0008266454512799726,1.6011176426054692,0.0008266454512799726,1.6011176426054692,0.0008266454512799726,1.6011176426054692,0.0008266454512799726,1.6018016809071036,0.000142607149645535
0.13749999999999998,0.5283203125,1.6019442880567492,0.0,1.3665066957473755,0.23543759230937367,1.6011176426054692,0.0008266454512799726,1.6011176426054692,0.0008266454512799726,1.6011176426054692,0.0008266454512799726,1.6011176426054692,0.0008266454512799726,1.601869660415712,7.462764103705055e-05
0.13749999999999998,0.5302734375,1.6019442880567492,0.0,1.3368315696716309,0.2651127183851183,1.6011176426054692,0.0008266454512799726,1.6011176426054692,0.0008266454512799726,1.6011176426054692,0.0008266454512799726,1.6011176426054692,0.0008266454512799726,1.6018928838093078,5.1404247441322326e-05
0.13749999999999998,0.5322265625,1.6019442880567492,0.0,1.3080652952194214,0.29387899283732777,1.600304771412919,0.0016395166438301079,1.60073511365888,0.0012091743978690506,1.6007351133199803,0.0012091747367688477,1.60073511365888,0.0012091743978690506,1.6019439856427846,3.024139645368962e-07
0.13749999999999998,0.5341796875,1.6019442880567492,0.0,1.2815264463424683,0.3204178417142809,1.600304771412919,0.0016395166438301079,1.6004482188282394,0.0014960692285097554,1.6004482315574777,0.0014960564992714254,1.6004482188282394,0.0014960692285097554,1.6019455224428854,1.234386136195198e-06
0.13749999999999998,0.5361328125,1.6019442880567492,0.0,1.2583118677139282,0.34363242034282093,1.600304771412919,0.0016395166438301079,1.6001613239975987,0.0017829640591504603,1.6001613497949752,0.001782938261774003,1.6001613239975987,0.0017829640591504603,1.6019614341592636,1.71461025144648e-05
0.13749999999999998,0.5380859375,1.6019442880567492,0.0,1.2392451763153076,0.36269911174144154,1.600304771412919,0.0016395166438301079,1.599874429166958,0.002069858889791165,1.599874390979243,0.0020698970775061554,1.599874429166958,0.002069858889791165,1.6019282050870913,1.608296965782685e-05
0.13749999999999998,0.5400390625,1.6019442880567492,0.0,1.2248672246932983,0.3770770633634508,1.5988224839603435,0.0031218040964056115,1.5988224839603435,0.0031218040964056115,1.5988224839603435,0.0031218040964056115,1.5988224839603435,0.0031218040964056115,1.6019780354379174,3.37473811682365e-05
0.13749999999999998,0.5419921875,1.6019442880567492,0.0,1.2154693603515625,0.38647492770518665,1.5988224839603435,0.0031218040964056115,1.5988224839603435,0.0031218040964056115,1.5988224839603435,0.0031218040964056115,1.5988224839603435,0.0031218040964056115,1.6019538987886188,9.610731869669209e-06
0.13749999999999998,0.5439453125,1.6019442880567492,0.0,1.2157526016235352,0.386191686433214,1.5988224839603435,0.0031218040964056115,1.5988224839603435,0.0031218040964056115,1.5988224839603435,0.0031218040964056115,1.5988224839603435,0.0031218040964056115,1.601975720294885,3.143223813584228e-05
0.13749999999999998,0.5458984375,1.6019442880567492,0.0,1.223036766052246,0.37890752200450306,1.5988224839603435,0.0031218040964056115,1.5988224839603435,0.0031218040964056115,1.5988224839603435,0.0031218040964056115,1.5988224839603435,0.0031218040964056115,1.6019524697878462,8.181731097067768e-06
0.13749999999999998,0.5478515625,1.6019442880567492,0.0,1.2326433658599854,0.3693009221967638,1.598116334597145,0.003827953459604183,1.598116334597145,0.003827953459604183,1.598116334597145,0.003827953459604183,1.598116334597145,0.003827953459604183,1.6019760902528588,3.1802196109653735e-05
0.13749999999999998,0.5498046875,1.6019442880567492,0.0,1.244341254234314,0.3576030338224352,1.598116334597145,0.003827953459604183,1.598116334597145,0.003827953459604183,1.598116334597145,0.003827953459604183,1.598116334597145,0.003827953459604183,1.6019294340064922,1.4854050256918327e-05
0.13749999999999998,0.5517578125,1.6019442880567492,0.0,1.2578128576278687,0.3441314304288805,1.598116334597145,0.003827953459604183,1.598116334597145,0.003827953459604183,1.598116334597145,0.003827953459604183,1.598116334597145,0.003827953459604183,1.6019893690992384,4.508104248923672e-05
0.13749999999999998,0.5537109375,1.6019442880567492,0.0,1.2726730108261108,0.3292712772306383,1.598116334597145,0.003827953459604183,1.598116334597145,0.003827953459604183,1.598116334597145,0.003827953459604183,1.598116334597145,0.003827953459604183,1.6019622949857337,1.800692898457079e-05
0.13749999999999998,0.5556640625,1.6019442880567492,0.0,1.2884902954101562,0.3134539926465929,1.6020986037352651,0.0001543156785159816,1.6008293441670662,0.0011149438896829178,1.6008293447959976,0.0011149432607515664,1.6008293441670662,0.0011149438896829178,1.6019818645905433,3.757653379410364e-05
0.13749999999999998,0.5576171875,1.6019442880567492,0.0,1.3053537607192993,0.29659052733744984,1.6020986037352651,0.0001543156785159816,1.601675517212532,0.0002687708442170589,1.601675517422176,0.00026877063457320105,1.601675517212532,0.0002687708442170589,1.6019601311256335,1.5843068884358047e-05
0.13749999999999998,0.5595703125,1.6019442880567492,0.0,1.3313554525375366,0.27058883551921253,1.6020986037352651,0.0001543156785159816,1.6025216902579982,0.0005774022012490221,1.6025216900483543,0.0005774019916051643,1.6025216902579982,0.0005774022012490221,1.6019751411218452,3.0853065096092536e-05
0.13749999999999998,0.5615234375,1.6019442880567492,0.0,1.3584994077682495,0.24344488028849964,1.6020986037352651,0.0001543156785159816,1.603367863303464,0.001423575246714881,1.6033678626745327,0.0014235746177835296,1.603367863303464,0.001423575246714881,1.6019523064072807,8.018350531546758e-06
0.13749999999999998,0.5634765625,1.6019442880567492,0.0,1.38582444190979,0.21611984614695912,1.604885718960873,0.0029414309041237985,1.604885718960873,0.0029414309041237985,1.604885718960873,0.0029414309041237985,1.604885718960873,0.0029414309041237985,1.6019701312572643,2.5843200515129894e-05
0.13749999999999998,0.5654296875,1.6019442880567492,0.0,1.4122341871261597,0.1897101009305895,1.604885718960873,0.0029414309041237985,1.604885718960873,0.0029414309041237985,1.604885718960873,0.0029414309041237985,1.604885718960873,0.0029414309041237985,1.6019247760623365,1.9511994412635403e-05
0.13749999999999998,0.5673828125,1.6019442880567492,0.0,1.4365310668945312,0.1654132211622179,1.604885718960873,0.0029414309041237985,1.604885718960873,0.0029414309041237985,1.604885718960873,0.0029414309041237985,1.604885718960873,0.0029414309041237985,1.601964364964812,2.007690806293816e-05
0.13749999999999998,0.5693359375,1.6019442880567492,0.0,1.4574812650680542,0.14446302298869496,1.604885718960873,0.0029414309041237985,1.604885718960873,0.0029414309041237985,1.604885718960873,0.0029414309041237985,1.604885718960873,0.0029414309041237985,1.6019359397887787,8.348267970470502e-06
0.13749999999999998,0.5712890625,1.6019442880567492,0.0,1.473905324935913,0.12803896312083607,1.6011919348712715,0.0007523531854776166,1.6030625563240157,0.0011182682672665756,1.6030625562069265,0.0011182681501773484,1.6030625563240157,0.0011182682672665756,1.6019798676762724,3.557961952327382e-05
0.13749999999999998,0.5732421875,1.6019442880567492,0.0,1.48478102684021,0.1171632612165392,1.6011919348712715,0.0007523531854776166,1.6018154753555196,0.00012881270122955257,1.6018154754970408,0.0001288125597083134,1.6018154753555196,0.00012881270122955257,1.6019402988834104,3.9891733387698025e-06
0.13749999999999998,0.5751953125,1.6019442880567492,0.0,1.4893659353256226,0.1125783527311266,1.6011919348712715,0.0007523531854776166,1.6005683943870235,0.0013758936697256807,1.6005683947871552,0.0013758932695939752,1.6005683943870235,0.0013758936697256807,1.6019677893739313,2.350131718209525e-05
0.13749999999999998,0.5771484375,1.6019442880567492,0.0,1.4873021841049194,0.11464210395182972,1.6011919348712715,0.0007523531854776166,1.5993213134185273,0.002622974638221809,1.5993213129939639,0.0026229750627853043,1.5993213134185273,0.002622974638221809,1.6019590360288074,1.4747972058248848e-05
0.13749999999999998,0.5791015625,1.6019442880567492,0.0,1.4787036180496216,0.12324067000712757,1.594909071212904,0.007035216843845227,1.594909071212904,0.007035216843845227,1.594909071212904,0.007035216843845227,1.594909071212904,0.007035216843845227,1.6019994378673126,5.514981056342627e-05
0.13749999999999998,0.5810546875,1.6019442880567492,0.0,1.464185357093811,0.13775893096293812,1.594909071212904,0.007035216843845227,1.594909071212904,0.007035216843845227,1.594909071212904,0.007035216843845227,1.594909071212904,0.007035216843845227,1.6019602400298103,1.5951973061145708e-05
0.13749999999999998,0.5830078125,1.6019442880567492,0.0,1.444819688796997,0.15712459925975208,1.594909071212904,0.007035216843845227,1.594909071212904,0.007035216843845227,1.594909071212904,0.007035216843845227,1.594909071212904,0.007035216843845227,1.601930152143856,1.4135912893120661e-05
0.13749999999999998,0.5849609375,1.6019442880567492,0.0,1.4242496490478516,0.1776946390088976,1.594909071212904,0.007035216843845227,1.594909071212904,0.007035216843845227,1.594909071212904,0.007035216843845227,1.594909071212904,0.007035216843845227,1.6018842132112012,6.007484554793052e-05
0.13749999999999998,0.5869140625,1.6019442880567492,0.0,1.4175825119018555,0.1843617761548937,1.5956555005092627,0.0062887875474864074,1.5950956785369936,0.006848609519755522,1.5950957091475146,0.006848578909234515,1.5950956785369936,0.006848609519755522,1.6020332742991998,8.898624245068376e-05
0.13749999999999998,0.5888671875,1.6019442880567492,0.0,1.4087978601455688,0.1931464279111803,1.5956555005092627,0.0062887875474864074,1.595468893185173,0.006475394871576112,1.59546890338868,0.006475384668069184,1.595468893185173,0.006475394871576112,1.6020497167253505,0.00010542866860130395
0.13749999999999998,0.5908203125,1.6019442880567492,0.0,1.3982596397399902,0.20368464831675892,1.5956555005092627,0.0062887875474864074,1.5958421078333525,0.006102180223396703,1.5958420976298455,0.006102190426903631,1.5958421078333525,0.006102180223396703,1.6019595293696807,1.5241312931513207e-05
0.13749999999999998,0.5927734375,1.6019442880567492,0.0,1.386431336402893,0.2155129516538561,1.5956555005092627,0.0062887875474864074,1.5962153224815319,0.005728965575217293,1.5962152918710109,0.0057289961857383,1.5962153224815319,0.005728965575217293,1.60178657149217,0.00015771656457919114
0.13749999999999998,0.5947265625,1.6019442880567492,0.0,1.3738367557525635,0.22810753230418568,1.6100768364656584,0.008132548408909201,1.6061688429825365,0.004224554925787327,1.6061688486690409,0.004224560612291706,1.6061688429825365,0.004224554925787327,1.6018891418228702,5.5146233878922146e-05
0.13749999999999998,0.5966796875,1.6019442880567492,0.0,1.3610187768936157,0.24092551116313343,1.6100768364656584,0.008132548408909201,1.6087741719712845,0.006829883914535317,1.608774173866786,0.006829885810036851,1.6087741719712845,0.006829883914535317,1.602205590291652,0.00026130223490294924
0.13749999999999998,0.5986328125,1.6019442880567492,0.0,1.348507285118103,0.2534370029386461,1.6100768364656584,0.008132548408909201,1.6113795009600322,0.009435212903283086,1.6113794990645307,0.009435211007781552,1.6113795009600322,0.009435212903283086,1.602228913617601,0.00028462556085173674
0.13749999999999998,0.6005859375,1.6019442880567492,0.0,1.3368051052093506,0.26513918284739857,1.6100768364656584,0.008132548408909201,1.6139848299487802,0.012040541892031076,1.6139848242622759,0.012040536205526697,1.6139848299487802,0.012040541892031076,1.6016823080445237,0.0002619800122254379
0.13749999999999998,0.6025390625,1.6019442880567492,0.0,1.3263930082321167,0.27555127982463246,1.6164981324192462,0.01455384436249707,1.6164981324192462,0.01455384436249707,1.6164981324192462,0.01455384436249707,1.6164981324192462,0.01455384436249707,1.6014671184229625,0.0004771696337866338
0.13749999999999998,0.6044921875,1.6019442880567492,0.0,1.317739725112915,0.2842045629438341,1.6164981324192462,0.01455384436249707,1.6164981324192462,0.01455384436249707,1.6164981324192462,0.01455384436249707,1.6164981324192462,0.01455384436249707,1.6019268698387106,1.741821803857846e-05
0.13749999999999998,0.6064453125,1.6019442880567492,0.0,1.3113163709640503,0.29062791709269886,1.6164981324192462,0.01455384436249707,1.6164981324192462,0.01455384436249707,1.6164981324192462,0.01455384436249707,1.6164981324192462,0.01455384436249707,1.6027178528932264,0.0007735648364772807
0.13749999999999998,0.6083984375,1.6019442880567492,0.0,1.3075999021530151,0.294344385903734,1.6164981324192462,0.01455384436249707,1.6164981324192462,0.01455384436249707,1.6164981324192462,0.01455384436249707,1.6164981324192462,0.01455384436249707,1.6026614989653267,0.0007172109085775702
0.13749999999999998,0.6103515625,1.6019442880567492,0.0,1.307081937789917,0.29486235026683216,1.595510381497911,0.006433906558838132,1.6039541828023496,0.002009894745600427,1.6039541942618285,0.002009906205079348,1.6039541828023496,0.002009894745600427,1.6009075399289352,0.0010367481278139579
0.13749999999999998,0.6123046875,1.6019442880567492,0.0,1.3102662563323975,0.2916780317243517,1.595510381497911,0.006433906558838132,1.5983249819327239,0.003619306124025279,1.598325084005969,0.0036192040507800893,1.5983249819327239,0.003619306124025279,1.6001123194615403,0.0018319685952088438
0.13749999999999998,0.6142578125,1.6019442880567492,0.0,1.3176567554473877,0.28428753260936146,1.595510381497911,0.006433906558838132,1.5926957810630982,0.009248506993650984,1.5926958568336287,0.009248431223120468,1.5926957810630982,0.009248506993650984,1.6026877699950248,0.0007434819382756697
0.13749999999999998,0.6162109375,1.6019442880567492,0.0,1.3297306299209595,0.2722136581357897,1.595510381497911,0.006433906558838132,1.5870665801934725,0.01487770786327669,1.5870663908902178,0.014877897166531318,1.5870665801934725,0.01487770786327669,1.605152439996051,0.0032081519393019065
0.13749999999999998,0.6181640625,1.6019442880567492,0.00015214809530028934,1.3468902111053467,0.2550540769514025,1.571464525462241,0.03047976259450813,1.571464525462241,0.03047976259450813,1.571464525462241,0.03047976259450813,1.571464525462241,0.03047976259450813,1.6028952805853838,0.0009509925286346199
0.13749999999999998,0.6201171875,1.6019442880567492,0.00015214809530028934,1.3693920373916626,0.23255225066508656,1.571464525462241,0.03047976259450813,1.571464525462241,0.03047976259450813,1.571464525462241,0.03047976259450813,1.571464525462241,0.03047976259450813,1.5968821640196795,0.005062124037069626
0.13749999999999998,0.6220703125,1.6019442880567492,0.00015214809530028934,1.3972594738006592,0.20468481425608998,1.571464525462241,0.03047976259450813,1.571464525462241,0.03047976259450813,1.571464525462241,0.03047976259450813,1.571464525462241,0.03047976259450813,1.5977937950410843,0.004150493015664836
0.13749999999999998,0.6240234375,1.6019442880567492,0.00015214809530028934,1.4301660060882568,0.17177828196849232,1.571464525462241,0.03047976259450813,1.571464525462241,0.03047976259450813,1.571464525462241,0.03047976259450813,1.571464525462241,0.03047976259450813,1.6076033511133037,0.005659063056554503
0.13749999999999998,0.6259765625,1.6019442880567492,0.0037690091385448633,1.4412195682525635,0.16072471980418568,1.5807172463933605,0.021227041663388624,1.5807172463933605,0.021227041663388624,1.5807172477514908,0.02122704030525835,1.5807974325401677,0.021146855516581464,1.610608104854582,0.00866381679783279
0.13749999999999998,0.6279296875,1.6019442880567492,0.0037690091385448633,1.4463733434677124,0.15557094458903675,1.5807172463933605,0.021227041663388624,1.5807172463933605,0.021227041663388624,1.5807172477514908,0.02122704030525835,1.5807974325401677,0.021146855516581464,1.5993849015676616,0.0025593864890876006
0.13749999999999998,0.6298828125,1.6019442880567492,0.0037690091385448633,1.449318289756775,0.15262599829997425,1.5807172463933605,0.021227041663388624,1.5807172463933605,0.021227041663388624,1.5807172477514908,0.02122704030525835,1.5807974325401677,0.021146855516581464,1.589077264096158,0.01286702396059125
0.13749999999999998,0.6318359375,1.6019442880567492,0.0037690091385448633,1.4498730897903442,0.15207119826640492,1.5807172463933605,0.021227041663388624,1.5807172463933605,0.021227041663388624,1.58071724231897,0.021227045737779227,1.580476687952939,0.021467600103810103,1.5925660621559175,0.009378225900831705
0.13749999999999998,0.6337890625,1.6019442880567492,0.3444634869051144,1.4478614330291748,0.15408285502757435,1.3516693420857395,0.25027494597100963,1.4491109422186301,0.15283334583811903,1.4491116305706764,0.15283265748607278,1.499078941081736,0.10286534697501315,1.6160323325813437,0.014088044524594556
0.13749999999999998,0.6357421875,1.6019442880567492,0.3444634869051144,1.443005919456482,0.15893836860026722,1.3516693420857395,0.25027494597100963,1.3841498754633696,0.2177944125933795,1.3841508720738676,0.2177934159828816,1.4564945898940684,0.14544969816268072,1.5076445989657303,0.09429968909101882
0.13749999999999998,0.6376953125,1.0,0.3444634869051144,1.4348911046981812,0.43489110469818115,1.3516693420857395,0.3516693420857395,1.3191888087081094,0.3191888087081094,1.3191882223773532,0.3191882223773532,1.2766266129317199,0.27662661293171986,1.2254929677215158,0.22549296772151584
0.13749999999999998,0.6396484375,1.0,0.3444634869051144,1.4289169311523438,0.42891693115234375,1.3516693420857395,0.3516693420857395,1.254227741952849,0.2542277419528489,1.254226643321061,0.25422664332106093,1.1744772244354336,0.17447722443543356,1.0139524513157618,0.013952451315761838
0.13749999999999998,0.6416015625,1.0,0.0010740136406690573,1.422819972038269,0.42281997203826904,1.0610287123512774,0.06102871235127738,1.1068002466147355,0.10680024661473553,1.1068002627706606,0.10680026277066057,1.1069197371909183,0.1069197371909183,1.0,0.0
0.13749999999999998,0.6435546875,1.0,0.0010740136406690573,1.4152783155441284,0.4152783155441284,1.0610287123512774,0.06102871235127738,1.0762858904390966,0.07628589043909662,1.0762858806226818,0.07628588062268182,1.0762132874122667,0.07621328741226674,1.0,0.0
0.13749999999999998,0.6455078125,1.0,0.0010740136406690573,1.4068716764450073,0.4068716764450073,1.0610287123512774,0.06102871235127738,1.0457715342634581,0.04577153426345815,1.0457715288781497,0.045771528878149725,1.0457317040713972,0.04573170407139715,1.0,0.0
0.13749999999999998,0.6474609375,1.0,0.0010740136406690573,1.398176908493042,0.398176908493042,1.0610287123512774,0.06102871235127738,1.0152571780878192,0.015257178087819234,1.0152571771336174,0.015257177133617406,1.0152501207305271,0.015250120730527117,1.0,0.0
0.13749999999999998,0.6494140625,1.0,6.172028398291951e-06,1.3897608518600464,0.3897608518600464,1.0,0.0,1.0,0.0,1.0,0.0,1.0,0.0,1.0,0.0
0.13749999999999998,0.6513671875,1.0,6.172028398291951e-06,1.3660391569137573,0.3660391569137573,1.0,0.0,1.0,0.0,1.0,0.0,1.0,0.0,1.0,0.0
0.13749999999999998,0.6533203125,1.0,6.172028398291951e-06,1.3314402103424072,0.3314402103424072,1.0,0.0,1.0,0.0,1.0,0.0,1.0,0.0,1.0,0.0
0.13749999999999998,0.6552734375,1.0,6.172028398291951e-06,1.3033437728881836,0.3033437728881836,1.0,0.0,1.0,0.0,1.0,0.0,1.0,0.0,1.0,0.0
0.13749999999999998,0.6572265625,1.0,0.0,1.2816379070281982,0.28163790702819824,1.0,0.0,1.0,0.0,1.0,0.0,1.0,0.0,1.0,0.0
0.13749999999999998,0.6591796875,1.0,0.0,1.2658531665802002,0.2658531665802002,1.0,0.0,1.0,0.0,1.0,0.0,1.0,0.0,1.0,0.0
0.13749999999999998,0.6611328125,1.0,0.0,1.2552849054336548,0.2552849054336548,1.0,0.0,1.0,0.0,1.0,0.0,1.0,0.0,1.0,0.0
0.13749999999999998,0.6630859375,1.0,0.0,1.24907648563385,0.2490764856338501,1.0,0.0,1.0,0.0,1.0,0.0,1.0,0.0,1.0,0.0
0.13749999999999998,0.6650390625,1.0,0.0,1.2504998445510864,0.2504998445510864,1.0,0.0,1.0,0.0,1.0,0.0,1.0,0.0,1.0,0.0
0.13749999999999998,0.6669921875,1.0,0.0,1.2701361179351807,0.27013611793518066,1.0,0.0,1.0,0.0,1.0,0.0,1.0,0.0,1.0,0.0
0.13749999999999998,0.6689453125,1.0,0.0,1.29582679271698,0.29582679271698,1.0,0.0,1.0,0.0,1.0,0.0,1.0,0.0,1.0,0.0
0.13749999999999998,0.6708984375,1.0,0.0,1.3264713287353516,0.32647132873535156,1.0,0.0,1.0,0.0,1.0,0.0,1.0,0.0,1.0,0.0
0.13749999999999998,0.6728515625,1.0,0.0,1.3604190349578857,0.36041903495788574,1.0,0.0,1.0,0.0,1.0,0.0,1.0,0.0,1.0,0.0
0.13749999999999998,0.6748046875,1.0,0.0,1.3955161571502686,0.39551615715026855,1.0,0.0,1.0,0.0,1.0,0.0,1.0,0.0,1.0,0.0
0.13749999999999998,0.6767578125,1.0,0.0,1.4113832712173462,0.4113832712173462,1.0,0.0,1.0,0.0,1.0,0.0,1.0,0.0,1.0,0.0
0.13749999999999998,0.6787109375,1.0,0.0,1.4045356512069702,0.4045356512069702,1.0,0.0,1.0,0.0,1.0,0.0,1.0,0.0,1.0,0.0
0.13749999999999998,0.6806640625,1.0,0.0,1.3926396369934082,0.3926396369934082,1.0,0.0,1.0,0.0,1.0,0.0,1.0,0.0,1.0,0.0
0.13749999999999998,0.6826171875,1.0,0.0,1.375457763671875,0.375457763671875,1.0,0.0,1.0,0.0,1.0,0.0,1.0,0.0,1.0,0.0
0.13749999999999998,0.6845703125,1.0,0.0,1.353042483329773,0.35304248332977295,1.0,0.0,1.0,0.0,1.0,0.0,1.0,0.0,1.0,0.0
0.13749999999999998,0.6865234375,1.0,0.0,1.3257734775543213,0.3257734775543213,1.0,0.0,1.0,0.0,1.0,0.0,1.0,0.0,1.0,0.0
0.13749999999999998,0.6884765625,1.0,0.0,1.2943651676177979,0.29436516761779785,1.0,0.0,1.0,0.0,1.0,0.0,1.0,0.0,1.0,0.0
0.13749999999999998,0.6904296875,1.0,0.0,1.2598496675491333,0.2598496675491333,1.0,0.0,1.0,0.0,1.0,0.0,1.0,0.0,1.0,0.0
0.13749999999999998,0.6923828125,1.0,0.0,1.2235020399093628,0.2235020399093628,1.0,0.0,1.0,0.0,1.0,0.0,1.0,0.0,1.0,0.0
0.13749999999999998,0.6943359375,1.0,0.0,1.1867291927337646,0.18672919273376465,1.0,0.0,1.0,0.0,1.0,0.0,1.0,0.0,1.0,0.0
0.13749999999999998,0.6962890625,1.0,0.0,1.1509262323379517,0.15092623233795166,1.0,0.0,1.0,0.0,1.0,0.0,1.0,0.0,1.0,0.0
0.13749999999999998,0.6982421875,1.0,0.0,1.117343544960022,0.11734354496002197,1.0,0.0,1.0,0.0,1.0,0.0,1.0,0.0,1.0,0.0
0.13749999999999998,0.7001953125,1.0,0.0,1.0869909524917603,0.08699095249176025,1.0,0.0,1.0,0.0,1.0,0.0,1.0,0.0,1.0,0.0
0.13749999999999998,0.7021484375,1.0,0.0,1.0605989694595337,0.06059896945953369,1.0,0.0,1.0,0.0,1.0,0.0,1.0,0.0,1.0,0.0
0.13749999999999998,0.7041015625,1.0,0.0,1.038625955581665,0.03862595558166504,1.0,0.0,1.0,0.0,1.0,0.0,1.0,0.0,1.0,0.0
0.13749999999999998,0.7060546875,1.0,0.0,1.0212956666946411,0.021295666694641113,1.0,0.0,1.0,0.0,1.0,0.0,1.0,0.0,1.0,0.0
0.13749999999999998,0.7080078125,1.0,0.0,1.0086382627487183,0.008638262748718262,1.0,0.0,1.0,0.0,1.0,0.0,1.0,0.0,1.0,0.0
0.13749999999999998,0.7099609375,1.0,0.0,1.0005253553390503,0.000525355339050293,1.0,0.0,1.0,0.0,1.0,0.0,1.0,0.0,1.0,0.0
0.13749999999999998,0.7119140625,1.0,0.0,0.9759232401847839,0.024076759815216064,1.0,0.0,1.0,0.0,1.0,0.0,1.0,0.0,1.0,0.0
0.13749999999999998,0.7138671875,1.0,0.0,0.9459196925163269,0.054080307483673096,1.0,0.0,1.0,0.0,1.0,0.0,1.0,0.0,1.0,0.0
0.13749999999999998,0.7158203125,1.0,0.0,0.9198455810546875,0.0801544189453125,1.0,0.0,1.0,0.0,1.0,0.0,1.0,0.0,1.0,0.0
0.13749999999999998,0.7177734375,1.0,0.0,0.8972452282905579,0.10275477170944214,1.0,0.0,1.0,0.0,1.0,0.0,1.0,0.0,1.0,0.0
0.13749999999999998,0.7197265625,1.0,0.0,0.8775272965431213,0.12247270345687866,1.0,0.0,1.0,0.0,1.0,0.0,1.0,0.0,1.0,0.0
0.13749999999999998,0.7216796875,1.0,0.0,0.8600121140480042,0.13998788595199585,1.0,0.0,1.0,0.0,1.0,0.0,1.0,0.0,1.0,0.0
0.13749999999999998,0.7236328125,1.0,0.0,0.8439834117889404,0.15601658821105957,1.0,0.0,1.0,0.0,1.0,0.0,1.0,0.0,1.0,0.0
0.13749999999999998,0.7255859375,1.0,0.0,0.8287399411201477,0.1712600588798523,1.0,0.0,1.0,0.0,1.0,0.0,1.0,0.0,1.0,0.0
0.13749999999999998,0.7275390625,1.0,0.0,0.8136500716209412,0.18634992837905884,1.0,0.0,1.0,0.0,1.0,0.0,1.0,0.0,1.0,0.0
0.13749999999999998,0.7294921875,1.0,0.0,0.808042585849762,0.19195741415023804,1.0,0.0,1.0,0.0,1.0,0.0,1.0,0.0,1.0,0.0
0.13749999999999998,0.7314453125,1.0,0.0,0.8130738139152527,0.18692618608474731,1.0,0.0,1.0,0.0,1.0,0.0,1.0,0.0,1.0,0.0
0.13749999999999998,0.7333984375,1.0,0.0,0.8169260621070862,0.18307393789291382,1.0,0.0,1.0,0.0,1.0,0.0,1.0,0.0,1.0,0.0
0.13749999999999998,0.7353515625,1.0,0.0,0.8194183707237244,0.18058162927627563,1.0,0.0,1.0,0.0,1.0,0.0,1.0,0.0,1.0,0.0
0.13749999999999998,0.7373046875,1.0,0.0,0.8204750418663025,0.1795249581336975,1.0,0.0,1.0,0.0,1.0,0.0,1.0,0.0,1.0,0.0
0.13749999999999998,0.7392578125,1.0,0.0,0.8201281428337097,0.17987185716629028,1.0,0.0,1.0,0.0,1.0,0.0,1.0,0.0,1.0,0.0
0.13749999999999998,0.7412109375,1.0,0.0,0.8185116648674011,0.18148833513259888,1.0,0.0,1.0,0.0,1.0,0.0,1.0,0.0,1.0,0.0
0.13749999999999998,0.7431640625,1.0,0.0,0.8158448338508606,0.1841551661491394,1.0,0.0,1.0,0.0,1.0,0.0,1.0,0.0,1.0,0.0
0.13749999999999998,0.7451171875,1.0,0.0,0.8124071359634399,0.18759286403656006,1.0,0.0,1.0,0.0,1.0,0.0,1.0,0.0,1.0,0.0
0.13749999999999998,0.7470703125,1.0,0.0,0.8085132837295532,0.19148671627044678,1.0,0.0,1.0,0.0,1.0,0.0,1.0,0.0,1.0,0.0
0.13749999999999998,0.7490234375,1.0,0.0,0.8044873476028442,0.19551265239715576,1.0,0.0,1.0,0.0,1.0,0.0,1.0,0.0,1.0,0.0
0.13749999999999998,0.7509765625,1.0,0.0,0.8006409406661987,0.19935905933380127,1.0,0.0,1.0,0.0,1.0,0.0,1.0,0.0,1.0,0.0
0.13749999999999998,0.7529296875,1.0,0.0,0.7972536087036133,0.20274639129638672,1.0,0.0,1.0,0.0,1.0,0.0,1.0,0.0,1.0,0.0
0.13749999999999998,0.7548828125,1.0,0.0,0.7945584654808044,0.20544153451919556,1.0,0.0,1.0,0.0,1.0,0.0,1.0,0.0,1.0,0.0
0.13749999999999998,0.7568359375,1.0,0.0,0.7927290797233582,0.20727092027664185,1.0,0.0,1.0,0.0,1.0,0.0,1.0,0.0,1.0,0.0
0.13749999999999998,0.7587890625,1.0,0.0,0.7918709516525269,0.20812904834747314,1.0,0.0,1.0,0.0,1.0,0.0,1.0,0.0,1.0,0.0
0.13749999999999998,0.7607421875,1.0,0.0,0.7920221090316772,0.20797789096832275,1.0,0.0,1.0,0.0,1.0,0.0,1.0,0.0,1.0,0.0
0.13749999999999998,0.7626953125,1.0,0.0,0.7931561470031738,0.20684385299682617,1.0,0.0,1.0,0.0,1.0,0.0,1.0,0.0,1.0,0.0
0.13749999999999998,0.7646484375,1.0,0.0,0.7951973676681519,0.20480263233184814,1.0,0.0,1.0,0.0,1.0,0.0,1.0,0.0,1.0,0.0
0.13749999999999998,0.7666015625,1.0,0.0,0.7980380058288574,0.20196199417114258,1.0,0.0,1.0,0.0,1.0,0.0,1.0,0.0,1.0,0.0
0.13749999999999998,0.7685546875,1.0,0.0,0.801563024520874,0.19843697547912598,1.0,0.0,1.0,0.0,1.0,0.0,1.0,0.0,1.0,0.0
0.13749999999999998,0.7705078125,1.0,0.0,0.8056731224060059,0.19432687759399414,1.0,0.0,1.0,0.0,1.0,0.0,1.0,0.0,1.0,0.0
0.13749999999999998,0.7724609375,1.0,0.0,0.810306966304779,0.18969303369522095,1.0,0.0,1.0,0.0,1.0,0.0,1.0,0.0,1.0,0.0
0.13749999999999998,0.7744140625,1.0,0.0,0.8154515624046326,0.18454843759536743,1.0,0.0,1.0,0.0,1.0,0.0,1.0,0.0,1.0,0.0
0.13749999999999998,0.7763671875,1.0,0.0,0.8211436867713928,0.17885631322860718,1.0,0.0,1.0,0.0,1.0,0.0,1.0,0.0,1.0,0.0
0.13749999999999998,0.7783203125,1.0,0.0,0.8274540305137634,0.17254596948623657,1.0,0.0,1.0,0.0,1.0,0.0,1.0,0.0,1.0,0.0
0.13749999999999998,0.7802734375,1.0,0.0,0.83446204662323,0.16553795337677002,1.0,0.0,1.0,0.0,1.0,0.0,1.0,0.0,1.0,0.0
0.13749999999999998,0.7822265625,1.0,0.0,0.8422260880470276,0.1577739119529724,1.0,0.0,1.0,0.0,1.0,0.0,1.0,0.0,1.0,0.0
0.13749999999999998,0.7841796875,1.0,0.0,0.8507546782493591,0.14924532175064087,1.0,0.0,1.0,0.0,1.0,0.0,1.0,0.0,1.0,0.0
0.13749999999999998,0.7861328125,1.0,0.0,0.8599851727485657,0.14001482725143433,1.0,0.0,1.0,0.0,1.0,0.0,1.0,0.0,1.0,0.0
0.13749999999999998,0.7880859375,1.0,0.0,0.8697768449783325,0.13022315502166748,1.0,0.0,1.0,0.0,1.0,0.0,1.0,0.0,1.0,0.0
0.13749999999999998,0.7900390625,1.0,0.0,0.8799124360084534,0.12008756399154663,1.0,0.0,1.0,0.0,1.0,0.0,1.0,0.0,1.0,0.0
0.13749999999999998,0.7919921875,1.0,0.0,0.8901116251945496,0.10988837480545044,1.0,0.0,1.0,0.0,1.0,0.0,1.0,0.0,1.0,0.0
0.13749999999999998,0.7939453125,1.0,0.0,0.9000547528266907,0.09994524717330933,1.0,0.0,1.0,0.0,1.0,0.0,1.0,0.0,1.0,0.0
0.13749999999999998,0.7958984375,1.0,0.0,0.9094088077545166,0.0905911922454834,1.0,0.0,1.0,0.0,1.0,0.0,1.0,0.0,1.0,0.0
0.13749999999999998,0.7978515625,1.0,0.0,0.9178587198257446,0.08214128017425537,1.0,0.0,1.0,0.0,1.0,0.0,1.0,0.0,1.0,0.0
0.13749999999999998,0.7998046875,1.0,0.0,0.925126850605011,0.07487314939498901,1.0,0.0,1.0,0.0,1.0,0.0,1.0,0.0,1.0,0.0
0.13749999999999998,0.8017578125,1.0,0.0,0.930992066860199,0.06900793313980103,1.0,0.0,1.0,0.0,1.0,0.0,1.0,0.0,1.0,0.0
0.13749999999999998,0.8037109375,1.0,0.0,0.9352983832359314,0.0647016167640686,1.0,0.0,1.0,0.0,1.0,0.0,1.0,0.0,1.0,0.0
0.13749999999999998,0.8056640625,1.0,0.0,0.9379650354385376,0.0620349645614624,1.0,0.0,1.0,0.0,1.0,0.0,1.0,0.0,1.0,0.0
0.13749999999999998,0.8076171875,1.0,0.0,0.9389998316764832,0.061000168323516846,1.0,0.0,1.0,0.0,1.0,0.0,1.0,0.0,1.0,0.0
0.13749999999999998,0.8095703125,1.0,0.0,0.9385175108909607,0.06148248910903931,1.0,0.0,1.0,0.0,1.0,0.0,1.0,0.0,1.0,0.0
0.13749999999999998,0.8115234375,1.0,0.0,0.93675297498703,0.06324702501296997,1.0,0.0,1.0,0.0,1.0,0.0,1.0,0.0,1.0,0.0
0.13749999999999998,0.8134765625,1.0,0.0,0.9340605735778809,0.06593942642211914,1.0,0.0,1.0,0.0,1.0,0.0,1.0,0.0,1.0,0.0
0.13749999999999998,0.8154296875,1.0,0.0,0.9308919310569763,0.06910806894302368,1.0,0.0,1.0,0.0,1.0,0.0,1.0,0.0,1.0,0.0
0.13749999999999998,0.8173828125,1.0,0.0,0.9277502298355103,0.07224977016448975,1.0,0.0,1.0,0.0,1.0,0.0,1.0,0.0,1.0,0.0
0.13749999999999998,0.8193359375,1.0,0.0,0.9251373410224915,0.07486265897750854,1.0,0.0,1.0,0.0,1.0,0.0,1.0,0.0,1.0,0.0
0.13749999999999998,0.8212890625,1.0,0.0,0.9235010147094727,0.07649898529052734,1.0,0.0,1.0,0.0,1.0,0.0,1.0,0.0,1.0,0.0
0.13749999999999998,0.8232421875,1.0,0.0,0.9231944680213928,0.07680553197860718,1.0,0.0,1.0,0.0,1.0,0.0,1.0,0.0,1.0,0.0
0.13749999999999998,0.8251953125,1.0,0.0,0.9244488477706909,0.07555115222930908,1.0,0.0,1.0,0.0,1.0,0.0,1.0,0.0,1.0,0.0
0.13749999999999998,0.8271484375,1.0,0.0,0.9273565411567688,0.0726434588432312,1.0,0.0,1.0,0.0,1.0,0.0,1.0,0.0,1.0,0.0
0.13749999999999998,0.8291015625,1.0,0.0,0.9318599700927734,0.06814002990722656,1.0,0.0,1.0,0.0,1.0,0.0,1.0,0.0,1.0,0.0
0.13749999999999998,0.8310546875,1.0,0.0,0.9377480745315552,0.062251925468444824,1.0,0.0,1.0,0.0,1.0,0.0,1.0,0.0,1.0,0.0
0.13749999999999998,0.8330078125,1.0,0.0,0.9446553587913513,0.05534464120864868,1.0,0.0,1.0,0.0,1.0,0.0,1.0,0.0,1.0,0.0
0.13749999999999998,0.8349609375,1.0,0.0,0.9520763754844666,0.04792362451553345,1.0,0.0,1.0,0.0,1.0,0.0,1.0,0.0,1.0,0.0
0.13749999999999998,0.8369140625,1.0,0.0,0.9593946933746338,0.04060530662536621,1.0,0.0,1.0,0.0,1.0,0.0,1.0,0.0,1.0,0.0
0.13749999999999998,0.8388671875,1.0,0.0,0.9652610421180725,0.03473895788192749,1.0,0.0,1.0,0.0,1.0,0.0,1.0,0.0,1.0,0.0
0.13749999999999998,0.8408203125,1.0,0.0,0.9614947438240051,0.03850525617599487,1.0,0.0,1.0,0.0,1.0,0.0,1.0,0.0,1.0,0.0
0.13749999999999998,0.8427734375,1.0,0.0,0.9570326209068298,0.042967379093170166,1.0,0.0,1.0,0.0,1.0,0.0,1.0,0.0,1.0,0.0
0.13749999999999998,0.8447265625,1.0,0.0,0.9516429305076599,0.04835706949234009,1.0,0.0,1.0,0.0,1.0,0.0,1.0,0.0,1.0,0.0
0.13749999999999998,0.8466796875,1.0,0.0,0.9451383948326111,0.054861605167388916,1.0,0.0,1.0,0.0,1.0,0.0,1.0,0.0,1.0,0.0
0.13749999999999998,0.8486328125,1.0,0.0,0.9373880624771118,0.06261193752288818,1.0,0.0,1.0,0.0,1.0,0.0,1.0,0.0,1.0,0.0
0.13749999999999998,0.8505859375,1.0,0.0,0.9283308982849121,0.07166910171508789,1.0,0.0,1.0,0.0,1.0,0.0,1.0,0.0,1.0,0.0
0.13749999999999998,0.8525390625,1.0,0.0,0.9179846048355103,0.08201539516448975,1.0,0.0,1.0,0.0,1.0,0.0,1.0,0.0,1.0,0.0
0.13749999999999998,0.8544921875,1.0,0.0,0.9064515233039856,0.0935484766960144,1.0,0.0,1.0,0.0,1.0,0.0,1.0,0.0,1.0,0.0
0.13749999999999998,0.8564453125,1.0,0.0,0.8939183354377747,0.10608166456222534,1.0,0.0,1.0,0.0,1.0,0.0,1.0,0.0,1.0,0.0
0.13749999999999998,0.8583984375,1.0,0.0,0.8806412816047668,0.11935871839523315,1.0,0.0,1.0,0.0,1.0,0.0,1.0,0.0,1.0,0.0
0.13749999999999998,0.8603515625,1.0,0.0,0.8669315576553345,0.13306844234466553,1.0,0.0,1.0,0.0,1.0,0.0,1.0,0.0,1.0,0.0
0.13749999999999998,0.8623046875,1.0,0.0,0.8531282544136047,0.14687174558639526,1.0,0.0,1.0,0.0,1.0,0.0,1.0,0.0,1.0,0.0
0.13749999999999998,0.8642578125,1.0,0.0,0.8395720720291138,0.16042792797088623,1.0,0.0,1.0,0.0,1.0,0.0,1.0,0.0,1.0,0.0
0.13749999999999998,0.8662109375,1.0,0.0,0.8265777230262756,0.17342227697372437,1.0,0.0,1.0,0.0,1.0,0.0,1.0,0.0,1.0,0.0
0.13749999999999998,0.8681640625,1.0,0.0,0.8144117593765259,0.18558824062347412,1.0,0.0,1.0,0.0,1.0,0.0,1.0,0.0,1.0,0.0
0.13749999999999998,0.8701171875,1.0,0.0,0.8032738566398621,0.19672614336013794,1.0,0.0,1.0,0.0,1.0,0.0,1.0,0.0,1.0,0.0
0.13749999999999998,0.8720703125,1.0,0.0,0.7932873964309692,0.20671260356903076,1.0,0.0,1.0,0.0,1.0,0.0,1.0,0.0,1.0,0.0
0.13749999999999998,0.8740234375,1.0,0.0,0.7844988703727722,0.21550112962722778,1.0,0.0,1.0,0.0,1.0,0.0,1.0,0.0,1.0,0.0
0.13749999999999998,0.8759765625,1.0,0.0,0.7768831849098206,0.22311681509017944,1.0,0.0,1.0,0.0,1.0,0.0,1.0,0.0,1.0,0.0
0.13749999999999998,0.8779296875,1.0,0.0,0.7703590393066406,0.22964096069335938,1.0,0.0,1.0,0.0,1.0,0.0,1.0,0.0,1.0,0.0
0.13749999999999998,0.8798828125,1.0,0.0,0.7648058533668518,0.2351941466331482,1.0,0.0,1.0,0.0,1.0,0.0,1.0,0.0,1.0,0.0
0.13749999999999998,0.8818359375,1.0,0.0,0.7600830793380737,0.23991692066192627,1.0,0.0,1.0,0.0,1.0,0.0,1.0,0.0,1.0,0.0
0.13749999999999998,0.8837890625,1.0,0.0,0.7560496926307678,0.24395030736923218,1.0,0.0,1.0,0.0,1.0,0.0,1.0,0.0,1.0,0.0
0.13749999999999998,0.8857421875,1.0,0.0,0.752578854560852,0.24742114543914795,1.0,0.0,1.0,0.0,1.0,0.0,1.0,0.0,1.0,0.0
0.13749999999999998,0.8876953125,1.0,0.0,0.7495707273483276,0.25042927265167236,1.0,0.0,1.0,0.0,1.0,0.0,1.0,0.0,1.0,0.0
0.13749999999999998,0.8896484375,1.0,0.0,0.7469623684883118,0.25303763151168823,1.0,0.0,1.0,0.0,1.0,0.0,1.0,0.0,1.0,0.0
0.13749999999999998,0.8916015625,1.0,0.0,0.7447313666343689,0.2552686333656311,1.0,0.0,1.0,0.0,1.0,0.0,1.0,0.0,1.0,0.0
0.13749999999999998,0.8935546875,1.0,0.0,0.7428944110870361,0.25710558891296387,1.0,0.0,1.0,0.0,1.0,0.0,1.0,0.0,1.0,0.0
0.13749999999999998,0.8955078125,1.0,0.0,0.741502046585083,0.258497953414917,1.0,0.0,1.0,0.0,1.0,0.0,1.0,0.0,1.0,0.0
0.13749999999999998,0.8974609375,1.0,0.0,0.7406259179115295,0.25937408208847046,1.0,0.0,1.0,0.0,1.0,0.0,1.0,0.0,1.0,0.0
0.13749999999999998,0.8994140625,1.0,0.0,0.7403451204299927,0.2596548795700073,1.0,0.0,1.0,0.0,1.0,0.0,1.0,0.0,1.0,0.0
0.13749999999999998,0.9013671875,1.0,0.0,0.7407324910163879,0.25926750898361206,1.0,0.0,1.0,0.0,1.0,0.0,1.0,0.0,1.0,0.0
0.13749999999999998,0.9033203125,1.0,0.0,0.7418434619903564,0.25815653800964355,1.0,0.0,1.0,0.0,1.0,0.0,1.0,0.0,1.0,0.0
0.13749999999999998,0.9052734375,1.0,0.0,0.7437117695808411,0.25628823041915894,1.0,0.0,1.0,0.0,1.0,0.0,1.0,0.0,1.0,0.0
0.13749999999999998,0.9072265625,1.0,0.0,0.746347963809967,0.25365203619003296,1.0,0.0,1.0,0.0,1.0,0.0,1.0,0.0,1.0,0.0
0.13749999999999998,0.9091796875,1.0,0.0,0.7497386336326599,0.2502613663673401,1.0,0.0,1.0,0.0,1.0,0.0,1.0,0.0,1.0,0.0
0.13749999999999998,0.9111328125,1.0,0.0,0.7538487911224365,0.24615120887756348,1.0,0.0,1.0,0.0,1.0,0.0,1.0,0.0,1.0,0.0
0.13749999999999998,0.9130859375,1.0,0.0,0.7586166858673096,0.24138331413269043,1.0,0.0,1.0,0.0,1.0,0.0,1.0,0.0,1.0,0.0
0.13749999999999998,0.9150390625,1.0,0.0,0.7639485001564026,0.2360514998435974,1.0,0.0,1.0,0.0,1.0,0.0,1.0,0.0,1.0,0.0
0.13749999999999998,0.9169921875,1.0,0.0,0.7697988748550415,0.2302011251449585,1.0,0.0,1.0,0.0,1.0,0.0,1.0,0.0,1.0,0.0
0.13749999999999998,0.9189453125,1.0,0.0,0.7776330709457397,0.22236692905426025,1.0,0.0,1.0,0.0,1.0,0.0,1.0,0.0,1.0,0.0
0.13749999999999998,0.9208984375,1.0,0.0,0.785646378993988,0.21435362100601196,1.0,0.0,1.0,0.0,1.0,0.0,1.0,0.0,1.0,0.0
0.13749999999999998,0.9228515625,1.0,0.0,0.7937734127044678,0.20622658729553223,1.0,0.0,1.0,0.0,1.0,0.0,1.0,0.0,1.0,0.0
0.13749999999999998,0.9248046875,1.0,0.0,0.7991231679916382,0.20087683200836182,1.0,0.0,1.0,0.0,1.0,0.0,1.0,0.0,1.0,0.0
0.13749999999999998,0.9267578125,1.0,0.0,0.8044390082359314,0.1955609917640686,1.0,0.0,1.0,0.0,1.0,0.0,1.0,0.0,1.0,0.0
0.13749999999999998,0.9287109375,1.0,0.0,0.8092666864395142,0.19073331356048584,1.0,0.0,1.0,0.0,1.0,0.0,1.0,0.0,1.0,0.0
0.13749999999999998,0.9306640625,1.0,0.0,0.8131383657455444,0.18686163425445557,1.0,0.0,1.0,0.0,1.0,0.0,1.0,0.0,1.0,0.0
0.13749999999999998,0.9326171875,1.0,0.0,0.8155990839004517,0.18440091609954834,1.0,0.0,1.0,0.0,1.0,0.0,1.0,0.0,1.0,0.0
0.13749999999999998,0.9345703125,1.0,0.0,0.816223680973053,0.18377631902694702,1.0,0.0,1.0,0.0,1.0,0.0,1.0,0.0,1.0,0.0
0.13749999999999998,0.9365234375,1.0,0.0,0.8146445155143738,0.18535548448562622,1.0,0.0,1.0,0.0,1.0,0.0,1.0,0.0,1.0,0.0
0.13749999999999998,0.9384765625,1.0,0.0,0.8105875253677368,0.18941247463226318,1.0,0.0,1.0,0.0,1.0,0.0,1.0,0.0,1.0,0.0
0.13749999999999998,0.9404296875,1.0,0.0,0.8039173483848572,0.19608265161514282,1.0,0.0,1.0,0.0,1.0,0.0,1.0,0.0,1.0,0.0
0.13749999999999998,0.9423828125,1.0,0.0,0.7946714758872986,0.20532852411270142,1.0,0.0,1.0,0.0,1.0,0.0,1.0,0.0,1.0,0.0
0.13749999999999998,0.9443359375,1.0,0.0,0.7830742001533508,0.21692579984664917,1.0,0.0,1.0,0.0,1.0,0.0,1.0,0.0,1.0,0.0
0.13749999999999998,0.9462890625,1.0,0.0,0.7695139646530151,0.23048603534698486,1.0,0.0,1.0,0.0,1.0,0.0,1.0,0.0,1.0,0.0
0.13749999999999998,0.9482421875,1.0,0.0,0.7552289962768555,0.24477100372314453,1.0,0.0,1.0,0.0,1.0,0.0,1.0,0.0,1.0,0.0
0.13749999999999998,0.9501953125,1.0,0.0,0.7425333261489868,0.2574666738510132,1.0,0.0,1.0,0.0,1.0,0.0,1.0,0.0,1.0,0.0
0.13749999999999998,0.9521484375,1.0,0.0,0.7296352386474609,0.27036476135253906,1.0,0.0,1.0,0.0,1.0,0.0,1.0,0.0,1.0,0.0
0.13749999999999998,0.9541015625,1.0,0.0,0.7168803215026855,0.28311967849731445,1.0,0.0,1.0,0.0,1.0,0.0,1.0,0.0,1.0,0.0
0.13749999999999998,0.9560546875,1.0,0.0,0.704541027545929,0.29545897245407104,1.0,0.0,1.0,0.0,1.0,0.0,1.0,0.0,1.0,0.0
0.13749999999999998,0.9580078125,1.0,0.0,0.692814826965332,0.30718517303466797,1.0,0.0,1.0,0.0,1.0,0.0,1.0,0.0,1.0,0.0
0.13749999999999998,0.9599609375,1.0,0.0,0.681831419467926,0.318168580532074,1.0,0.0,1.0,0.0,1.0,0.0,1.0,0.0,1.0,0.0
0.13749999999999998,0.9619140625,1.0,0.0,0.6716597080230713,0.3283402919769287,1.0,0.0,1.0,0.0,1.0,0.0,1.0,0.0,1.0,0.0
0.13749999999999998,0.9638671875,1.0,0.0,0.6623124480247498,0.33768755197525024,1.0,0.0,1.0,0.0,1.0,0.0,1.0,0.0,1.0,0.0
0.13749999999999998,0.9658203125,1.0,0.0,0.6527923941612244,0.34720760583877563,1.0,0.0,1.0,0.0,1.0,0.0,1.0,0.0,1.0,0.0
0.13749999999999998,0.9677734375,1.0,0.0,0.6356047987937927,0.3643952012062073,1.0,0.0,1.0,0.0,1.0,0.0,1.0,0.0,1.0,0.0
0.13749999999999998,0.9697265625,1.0,0.0,0.6236628293991089,0.3763371706008911,1.0,0.0,1.0,0.0,1.0,0.0,1.0,0.0,1.0,0.0
0.13749999999999998,0.9716796875,1.0,0.0,0.6192517876625061,0.3807482123374939,1.0,0.0,1.0,0.0,1.0,0.0,1.0,0.0,1.0,0.0
0.13749999999999998,0.9736328125,1.0,0.0,0.6154958605766296,0.38450413942337036,1.0,0.0,1.0,0.0,1.0,0.0,1.0,0.0,1.0,0.0
0.13749999999999998,0.9755859375,1.0,0.0,0.6122669577598572,0.3877330422401428,1.0,0.0,1.0,0.0,1.0,0.0,1.0,0.0,1.0,0.0
0.13749999999999998,0.9775390625,1.0,0.0,0.6096022725105286,0.39039772748947144,1.0,0.0,1.0,0.0,1.0,0.0,1.0,0.0,1.0,0.0
0.13749999999999998,0.9794921875,1.0,0.0,0.6057197451591492,0.39428025484085083,1.0,0.0,1.0,0.0,1.0,0.0,1.0,0.0,1.0,0.0
0.13749999999999998,0.9814453125,1.0,0.0,0.5998921394348145,0.40010786056518555,1.0,0.0,1.0,0.0,1.0,0.0,1.0,0.0,1.0,0.0
0.13749999999999998,0.9833984375,1.0,0.0,0.5948359370231628,0.40516406297683716,1.0,0.0,1.0,0.0,1.0,0.0,1.0,0.0,1.0,0.0
0.13749999999999998,0.9853515625,1.0,0.0,0.5910490155220032,0.4089509844779968,1.0,0.0,1.0,0.0,1.0,0.0,1.0,0.0,1.0,0.0
0.13749999999999998,0.9873046875,1.0,0.0,0.5891580581665039,0.4108419418334961,1.0,0.0,1.0,0.0,1.0,0.0,1.0,0.0,1.0,0.0
0.13749999999999998,0.9892578125,1.0,0.0,0.5898983478546143,0.41010165214538574,1.0,0.0,1.0,0.0,1.0,0.0,1.0,0.0,1.0,0.0
0.13749999999999998,0.9912109375,1.0,0.0,0.5940770506858826,0.40592294931411743,1.0,0.0,1.0,0.0,1.0,0.0,1.0,0.0,1.0,0.0
0.13749999999999998,0.9931640625,1.0,0.0,0.60251384973526,0.39748615026474,1.0,0.0,1.0,0.0,1.0,0.0,1.0,0.0,1.0,0.0
0.13749999999999998,0.9951171875,1.0,0.0,0.6159464716911316,0.3840535283088684,1.0,0.0,1.0,0.0,1.0,0.0,1.0,0.0,1.0,0.0
0.13749999999999998,0.9970703125,1.0,0.0,0.6348960399627686,0.36510396003723145,1.0,0.0,1.0,0.0,1.0,0.0,1.0,0.0,1.0,0.0
0.13749999999999998,0.9990234375,1.0,0.0,0.6594995856285095,0.3405004143714905,1.0,0.0,1.0,0.0,1.0,0.0,1.0,0.0,1.0,0.0
0.15,0.0009765625,1.0,0.0,1.0998291969299316,0.09982919692993164,1.0,0.0,1.0,0.0,1.0,0.0,1.0,0.0,1.0,0.0
0.15,0.0029296875,1.0,0.0,1.123079538345337,0.12307953834533691,1.0,0.0,1.0,0.0,1.0,0.0,1.0,0.0,1.0,0.0
0.15,0.0048828125,1.0,0.0,1.1434916257858276,0.14349162578582764,1.0,0.0,1.0,0.0,1.0,0.0,1.0,0.0,1.0,0.0
0.15,0.0068359375,1.0,0.0,1.160300374031067,0.1603003740310669,1.0,0.0,1.0,0.0,1.0,0.0,1.0,0.0,1.0,0.0
0.15,0.0087890625,1.0,0.0,1.173089861869812,0.173089861869812,1.0,0.0,1.0,0.0,1.0,0.0,1.0,0.0,1.0,0.0
0.15,0.0107421875,1.0,0.0,1.1817625761032104,0.18176257610321045,1.0,0.0,1.0,0.0,1.0,0.0,1.0,0.0,1.0,0.0
0.15,0.0126953125,1.0,0.0,1.1864725351333618,0.18647253513336182,1.0,0.0,1.0,0.0,1.0,0.0,1.0,0.0,1.0,0.0
0.15,0.0146484375,1.0,0.0,1.1875455379486084,0.1875455379486084,1.0,0.0,1.0,0.0,1.0,0.0,1.0,0.0,1.0,0.0
0.15,0.0166015625,1.0,0.0,1.1854016780853271,0.18540167808532715,1.0,0.0,1.0,0.0,1.0,0.0,1.0,0.0,1.0,0.0
0.15,0.0185546875,1.0,0.0,1.1804916858673096,0.18049168586730957,1.0,0.0,1.0,0.0,1.0,0.0,1.0,0.0,1.0,0.0
0.15,0.0205078125,1.0,0.0,1.173248052597046,0.1732480525970459,1.0,0.0,1.0,0.0,1.0,0.0,1.0,0.0,1.0,0.0
0.15,0.0224609375,1.0,0.0,1.1640597581863403,0.16405975818634033,1.0,0.0,1.0,0.0,1.0,0.0,1.0,0.0,1.0,0.0
0.15,0.0244140625,1.0,0.0,1.1532706022262573,0.15327060222625732,1.0,0.0,1.0,0.0,1.0,0.0,1.0,0.0,1.0,0.0
0.15,0.0263671875,1.0,0.0,1.1411912441253662,0.1411912441253662,1.0,0.0,1.0,0.0,1.0,0.0,1.0,0.0,1.0,0.0
0.15,0.0283203125,1.0,0.0,1.1281168460845947,0.12811684608459473,1.0,0.0,1.0,0.0,1.0,0.0,1.0,0.0,1.0,0.0
0.15,0.0302734375,1.0,0.0,1.1143360137939453,0.11433601379394531,1.0,0.0,1.0,0.0,1.0,0.0,1.0,0.0,1.0,0.0
0.15,0.0322265625,1.0,0.0,1.1001312732696533,0.10013127326965332,1.0,0.0,1.0,0.0,1.0,0.0,1.0,0.0,1.0,0.0
0.15,0.0341796875,1.0,0.0,1.0857648849487305,0.08576488494873047,1.0,0.0,1.0,0.0,1.0,0.0,1.0,0.0,1.0,0.0
0.15,0.0361328125,1.0,0.0,1.0714563131332397,0.07145631313323975,1.0,0.0,1.0,0.0,1.0,0.0,1.0,0.0,1.0,0.0
0.15,0.0380859375,1.0,0.0,1.057354211807251,0.05735421180725098,1.0,0.0,1.0,0.0,1.0,0.0,1.0,0.0,1.0,0.0
0.15,0.0400390625,1.0,0.0,1.0435165166854858,0.04351651668548584,1.0,0.0,1.0,0.0,1.0,0.0,1.0,0.0,1.0,0.0
0.15,0.0419921875,1.0,0.0,1.0299113988876343,0.029911398887634277,1.0,0.0,1.0,0.0,1.0,0.0,1.0,0.0,1.0,0.0
0.15,0.0439453125,1.0,0.0,1.016454815864563,0.01645481586456299,1.0,0.0,1.0,0.0,1.0,0.0,1.0,0.0,1.0,0.0
0.15,0.0458984375,1.0,0.0,1.0030895471572876,0.0030895471572875977,1.0,0.0,1.0,0.0,1.0,0.0,1.0,0.0,1.0,0.0
0.15,0.0478515625,1.0,0.0,0.9898925423622131,0.010107457637786865,1.0,0.0,1.0,0.0,1.0,0.0,1.0,0.0,1.0,0.0
0.15,0.0498046875,1.0,0.0,0.9771738648414612,0.02282613515853882,1.0,0.0,1.0,0.0,1.0,0.0,1.0,0.0,1.0,0.0
0.15,0.0517578125,1.0,0.0,0.9655138254165649,0.03448617458343506,1.0,0.0,1.0,0.0,1.0,0.0,1.0,0.0,1.0,0.0
0.15,0.0537109375,1.0,0.0,0.9648721814155579,0.03512781858444214,1.0,0.0,1.0,0.0,1.0,0.0,1.0,0.0,1.0,0.0
0.15,0.0556640625,1.0,0.0,0.9780020713806152,0.021997928619384766,1.0,0.0,1.0,0.0,1.0,0.0,1.0,0.0,1.0,0.0
0.15,0.0576171875,1.0,0.0,0.994001567363739,0.005998432636260986,1.0,0.0,1.0,0.0,1.0,0.0,1.0,0.0,1.0,0.0
0.15,0.0595703125,1.0,0.0,1.0122754573822021,0.012275457382202148,1.0,0.0,1.0,0.0,1.0,0.0,1.0,0.0,1.0,0.0
0.15,0.0615234375,1.0,0.0,1.032102346420288,0.032102346420288086,1.0,0.0,1.0,0.0,1.0,0.0,1.0,0.0,1.0,0.0
0.15,0.0634765625,1.0,0.0,1.0526877641677856,0.052687764167785645,1.0,0.0,1.0,0.0,1.0,0.0,1.0,0.0,1.0,0.0
0.15,0.0654296875,1.0,0.0,1.0732308626174927,0.07323086261749268,1.0,0.0,1.0,0.0,1.0,0.0,1.0,0.0,1.0,0.0
0.15,0.0673828125,1.0,0.0,1.0929839611053467,0.09298396110534668,1.0,0.0,1.0,0.0,1.0,0.0,1.0,0.0,1.0,0.0
0.15,0.0693359375,1.0,0.0,1.1113078594207764,0.11130785942077637,1.0,0.0,1.0,0.0,1.0,0.0,1.0,0.0,1.0,0.0
0.15,0.0712890625,1.0,0.0,1.1277059316635132,0.12770593166351318,1.0,0.0,1.0,0.0,1.0,0.0,1.0,0.0,1.0,0.0
0.15,0.0732421875,1.0,0.0,1.1418428421020508,0.14184284210205078,1.0,0.0,1.0,0.0,1.0,0.0,1.0,0.0,1.0,0.0
0.15,0.0751953125,1.0,0.0,1.1535463333129883,0.15354633331298828,1.0,0.0,1.0,0.0,1.0,0.0,1.0,0.0,1.0,0.0
0.15,0.0771484375,1.0,0.0,1.1627929210662842,0.16279292106628418,1.0,0.0,1.0,0.0,1.0,0.0,1.0,0.0,1.0,0.0
0.15,0.0791015625,1.0,0.0,1.1696865558624268,0.16968655586242676,1.0,0.0,1.0,0.0,1.0,0.0,1.0,0.0,1.0,0.0
0.15,0.0810546875,1.0,0.0,1.1744290590286255,0.1744290590286255,1.0,0.0,1.0,0.0,1.0,0.0,1.0,0.0,1.0,0.0
0.15,0.0830078125,1.0,0.0,1.1772886514663696,0.17728865146636963,1.0,0.0,1.0,0.0,1.0,0.0,1.0,0.0,1.0,0.0
0.15,0.0849609375,1.0,0.0,1.1785727739334106,0.17857277393341064,1.0,0.0,1.0,0.0,1.0,0.0,1.0,0.0,1.0,0.0
0.15,0.0869140625,1.0,0.0,1.1786043643951416,0.1786043643951416,1.0,0.0,1.0,0.0,1.0,0.0,1.0,0.0,1.0,0.0
0.15,0.0888671875,1.0,0.0,1.1777034997940063,0.17770349979400635,1.0,0.0,1.0,0.0,1.0,0.0,1.0,0.0,1.0,0.0
0.15,0.0908203125,1.0,0.0,1.1761714220046997,0.1761714220046997,1.0,0.0,1.0,0.0,1.0,0.0,1.0,0.0,1.0,0.0
0.15,0.0927734375,1.0,0.0,1.1742773056030273,0.17427730560302734,1.0,0.0,1.0,0.0,1.0,0.0,1.0,0.0,1.0,0.0
0.15,0.0947265625,1.0,0.0,1.1722410917282104,0.17224109172821045,1.0,0.0,1.0,0.0,1.0,0.0,1.0,0.0,1.0,0.0
0.15,0.0966796875,1.0,0.0,1.161689043045044,0.16168904304504395,1.0,0.0,1.0,0.0,1.0,0.0,1.0,0.0,1.0,0.0
0.15,0.0986328125,1.0,0.0,1.1388922929763794,0.1388922929763794,1.0,0.0,1.0,0.0,1.0,0.0,1.0,0.0,1.0,0.0
0.15,0.1005859375,1.0,0.0,1.1165485382080078,0.11654853820800781,1.0,0.0,1.0,0.0,1.0,0.0,1.0,0.0,1.0,0.0
0.15,0.1025390625,1.0,0.0,1.0956852436065674,0.09568524360656738,1.0,0.0,1.0,0.0,1.0,0.0,1.0,0.0,1.0,0.0
0.15,0.1044921875,1.0,0.0,1.0771620273590088,0.07716202735900879,1.0,0.0,1.0,0.0,1.0,0.0,1.0,0.0,1.0,0.0
0.15,0.1064453125,1.0,0.0,1.0616223812103271,0.06162238121032715,1.0,0.0,1.0,0.0,1.0,0.0,1.0,0.0,1.0,0.0
0.15,0.1083984375,1.0,0.0,1.049481749534607,0.049481749534606934,1.0,0.0,1.0,0.0,1.0,0.0,1.0,0.0,1.0,0.0
0.15,0.1103515625,1.0,0.0,1.0409518480300903,0.04095184803009033,1.0,0.0,1.0,0.0,1.0,0.0,1.0,0.0,1.0,0.0
0.15,0.1123046875,1.0,0.0,1.03609037399292,0.03609037399291992,1.0,0.0,1.0,0.0,1.0,0.0,1.0,0.0,1.0,0.0
0.15,0.1142578125,1.0,0.0,1.0348601341247559,0.03486013412475586,1.0,0.0,1.0,0.0,1.0,0.0,1.0,0.0,1.0,0.0
0.15,0.1162109375,1.0,0.0,1.0371750593185425,0.03717505931854248,1.0,0.0,1.0,0.0,1.0,0.0,1.0,0.0,1.0,0.0
0.15,0.1181640625,1.0,0.0,1.0429213047027588,0.04292130470275879,1.0,0.0,1.0,0.0,1.0,0.0,1.0,0.0,1.0,0.0
0.15,0.1201171875,1.0,0.0,1.0519448518753052,0.051944851875305176,1.0,0.0,1.0,0.0,1.0,0.0,1.0,0.0,1.0,0.0
0.15,0.1220703125,1.0,0.0,1.0640109777450562,0.06401097774505615,1.0,0.0,1.0,0.0,1.0,0.0,1.0,0.0,1.0,0.0
0.15,0.1240234375,1.0,0.0,1.0787361860275269,0.07873618602752686,1.0,0.0,1.0,0.0,1.0,0.0,1.0,0.0,1.0,0.0
0.15,0.1259765625,1.0,0.0,1.0955158472061157,0.09551584720611572,1.0,0.0,1.0,0.0,1.0,0.0,1.0,0.0,1.0,0.0
0.15,0.1279296875,1.0,0.0,1.113470196723938,0.11347019672393799,1.0,0.0,1.0,0.0,1.0,0.0,1.0,0.0,1.0,0.0
0.15,0.1298828125,1.0,0.0,1.131447672843933,0.1314476728439331,1.0,0.0,1.0,0.0,1.0,0.0,1.0,0.0,1.0,0.0
0.15,0.1318359375,1.0,0.0,1.1481175422668457,0.1481175422668457,1.0,0.0,1.0,0.0,1.0,0.0,1.0,0.0,1.0,0.0
0.15,0.1337890625,1.0,0.0,1.146846890449524,0.14684689044952393,1.0,0.0,1.0,0.0,1.0,0.0,1.0,0.0,1.0,0.0
0.15,0.1357421875,1.0,0.0,1.1421259641647339,0.1421259641647339,1.0,0.0,1.0,0.0,1.0,0.0,1.0,0.0,1.0,0.0
0.15,0.1376953125,1.0,0.0,1.1346893310546875,0.1346893310546875,1.0,0.0,1.0,0.0,1.0,0.0,1.0,0.0,1.0,0.0
0.15,0.1396484375,1.0,0.0,1.124625563621521,0.124625563621521,1.0,0.0,1.0,0.0,1.0,0.0,1.0,0.0,1.0,0.0
0.15,0.1416015625,1.0,0.0,1.112892985343933,0.1128929853439331,1.0,0.0,1.0,0.0,1.0,0.0,1.0,0.0,1.0,0.0
0.15,0.1435546875,1.0,0.0,1.123960018157959,0.12396001815795898,1.0,0.0,1.0,0.0,1.0,0.0,1.0,0.0,1.0,0.0
0.15,0.1455078125,1.0,0.0,1.1345325708389282,0.13453257083892822,1.0,0.0,1.0,0.0,1.0,0.0,1.0,0.0,1.0,0.0
0.15,0.1474609375,1.0,0.0,1.1443767547607422,0.1443767547607422,1.0,0.0,1.0,0.0,1.0,0.0,1.0,0.0,1.0,0.0
0.15,0.1494140625,1.0,0.0,1.13795006275177,0.13795006275177002,1.0,0.0,1.0,0.0,1.0,0.0,1.0,0.0,1.0,0.0
0.15,0.1513671875,1.0,0.0,1.1271324157714844,0.12713241577148438,1.0,0.0,1.0,0.0,1.0,0.0,1.0,0.0,1.0,0.0
0.15,0.1533203125,1.0,0.0,1.1177096366882324,0.11770963668823242,1.0,0.0,1.0,0.0,1.0,0.0,1.0,0.0,1.0,0.0
0.15,0.1552734375,1.0,0.0,1.1102814674377441,0.11028146743774414,1.0,0.0,1.0,0.0,1.0,0.0,1.0,0.0,1.0,0.0
0.15,0.1572265625,1.0,0.0,1.105210542678833,0.10521054267883301,1.0,0.0,1.0,0.0,1.0,0.0,1.0,0.0,1.0,0.0
0.15,0.1591796875,1.0,0.0,1.1026465892791748,0.1026465892791748,1.0,0.0,1.0,0.0,1.0,0.0,1.0,0.0,1.0,0.0
0.15,0.1611328125,1.0,0.0,1.1025724411010742,0.10257244110107422,1.0,0.0,1.0,0.0,1.0,0.0,1.0,0.0,1.0,0.0
0.15,0.1630859375,1.0,0.0,1.1048517227172852,0.10485172271728516,1.0,0.0,1.0,0.0,1.0,0.0,1.0,0.0,1.0,0.0
0.15,0.1650390625,1.0,0.0,1.1092675924301147,0.10926759243011475,1.0,0.0,1.0,0.0,1.0,0.0,1.0,0.0,1.0,0.0
0.15,0.1669921875,1.0,0.0,1.1155444383621216,0.11554443836212158,1.0,0.0,1.0,0.0,1.0,0.0,1.0,0.0,1.0,0.0
0.15,0.1689453125,1.0,0.0,1.1233618259429932,0.12336182594299316,1.0,0.0,1.0,0.0,1.0,0.0,1.0,0.0,1.0,0.0
0.15,0.1708984375,1.0,0.0,1.1323546171188354,0.13235461711883545,1.0,0.0,1.0,0.0,1.0,0.0,1.0,0.0,1.0,0.0
0.15,0.1728515625,1.0,0.0,1.139538288116455,0.13953828811645508,1.0,0.0,1.0,0.0,1.0,0.0,1.0,0.0,1.0,0.0
0.15,0.1748046875,1.0,0.0,1.1296011209487915,0.1296011209487915,1.0,0.0,1.0,0.0,1.0,0.0,1.0,0.0,1.0,0.0
0.15,0.1767578125,1.0,0.0,1.1190946102142334,0.1190946102142334,1.0,0.0,1.0,0.0,1.0,0.0,1.0,0.0,1.0,0.0
0.15,0.1787109375,1.0,0.0,1.108237385749817,0.1082373857498169,1.0,0.0,1.0,0.0,1.0,0.0,1.0,0.0,1.0,0.0
0.15,0.1806640625,1.0,0.0,1.0972421169281006,0.09724211692810059,1.0,0.0,1.0,0.0,1.0,0.0,1.0,0.0,1.0,0.0
0.15,0.1826171875,1.0,0.0,1.0863128900527954,0.08631289005279541,1.0,0.0,1.0,0.0,1.0,0.0,1.0,0.0,1.0,0.0
0.15,0.1845703125,1.0,0.0,1.1031321287155151,0.10313212871551514,1.0,0.0,1.0,0.0,1.0,0.0,1.0,0.0,1.0,0.0
0.15,0.1865234375,1.0,0.0,1.118155837059021,0.118155837059021,1.0,0.0,1.0,0.0,1.0,0.0,1.0,0.0,1.0,0.0
0.15,0.1884765625,1.0,0.0,1.1284708976745605,0.12847089767456055,1.0,0.0,1.0,0.0,1.0,0.0,1.0,0.0,1.0,0.0
0.15,0.1904296875,1.0,0.0,1.1335716247558594,0.13357162475585938,1.0,0.0,1.0,0.0,1.0,0.0,1.0,0.0,1.0,0.0
0.15,0.1923828125,1.0,0.0,1.1335605382919312,0.13356053829193115,1.0,0.0,1.0,0.0,1.0,0.0,1.0,0.0,1.0,0.0
0.15,0.1943359375,1.0,0.0,1.1290134191513062,0.12901341915130615,1.0,0.0,1.0,0.0,1.0,0.0,1.0,0.0,1.0,0.0
0.15,0.1962890625,1.0,0.0,1.120800256729126,0.12080025672912598,1.0,0.0,1.0,0.0,1.0,0.0,1.0,0.0,1.0,0.0
0.15,0.1982421875,1.0,0.0,1.1099122762680054,0.10991227626800537,1.0,0.0,1.0,0.0,1.0,0.0,1.0,0.0,1.0,0.0
0.15,0.2001953125,1.0,0.0,1.097320795059204,0.0973207950592041,1.0,0.0,1.0,0.0,1.0,0.0,1.0,0.0,1.0,0.0
0.15,0.2021484375,1.0,0.0,1.0838757753372192,0.08387577533721924,1.0,0.0,1.0,0.0,1.0,0.0,1.0,0.0,1.0,0.0
0.15,0.2041015625,1.0,0.0,1.070246934890747,0.07024693489074707,1.0,0.0,1.0,0.0,1.0,0.0,1.0,0.0,1.0,0.0
0.15,0.2060546875,1.0,0.0,1.056917428970337,0.056917428970336914,1.0,0.0,1.0,0.0,1.0,0.0,1.0,0.0,1.0,0.0
0.15,0.2080078125,1.0,0.0,1.0442150831222534,0.04421508312225342,1.0,0.0,1.0,0.0,1.0,0.0,1.0,0.0,1.0,0.0
0.15,0.2099609375,1.0,0.0,1.032384991645813,0.03238499164581299,1.0,0.0,1.0,0.0,1.0,0.0,1.0,0.0,1.0,0.0
0.15,0.2119140625,1.0,0.0,1.021674633026123,0.021674633026123047,1.0,0.0,1.0,0.0,1.0,0.0,1.0,0.0,1.0,0.0
0.15,0.2138671875,1.0,0.0,1.0240540504455566,0.02405405044555664,1.0,0.0,1.0,0.0,1.0,0.0,1.0,0.0,1.0,0.0
0.15,0.2158203125,1.0,0.0,1.032961368560791,0.032961368560791016,1.0,0.0,1.0,0.0,1.0,0.0,1.0,0.0,1.0,0.0
0.15,0.2177734375,1.0,0.0,1.0436424016952515,0.043642401695251465,1.0,0.0,1.0,0.0,1.0,0.0,1.0,0.0,1.0,0.0
0.15,0.2197265625,1.0,0.0,1.0558158159255981,0.055815815925598145,1.0,0.0,1.0,0.0,1.0,0.0,1.0,0.0,1.0,0.0
0.15,0.2216796875,1.0,0.0,1.0597419738769531,0.059741973876953125,1.0,0.0,1.0,0.0,1.0,0.0,1.0,0.0,1.0,0.0
0.15,0.2236328125,1.0,0.0,1.059027910232544,0.059027910232543945,1.0,0.0,1.0,0.0,1.0,0.0,1.0,0.0,1.0,0.0
0.15,0.2255859375,1.0,0.0,1.0591894388198853,0.059189438819885254,1.0,0.0,1.0,0.0,1.0,0.0,1.0,0.0,1.0,0.0
0.15,0.2275390625,1.0,0.0,1.0601822137832642,0.06018221378326416,1.0,0.0,1.0,0.0,1.0,0.0,1.0,0.0,1.0,0.0
0.15,0.2294921875,1.0,0.0,1.0618969202041626,0.0618969202041626,1.0,0.0,1.0,0.0,1.0,0.0,1.0,0.0,1.0,0.0
0.15,0.2314453125,1.0,0.0,1.0751217603683472,0.07512176036834717,1.0,0.0,1.0,0.0,1.0,0.0,1.0,0.0,1.0,0.0
0.15,0.2333984375,1.0,0.0,1.0975372791290283,0.09753727912902832,1.0,0.0,1.0,0.0,1.0,0.0,1.0,0.0,1.0,0.0
0.15,0.2353515625,1.0,0.0,1.1194349527359009,0.11943495273590088,1.0,0.0,1.0,0.0,1.0,0.0,1.0,0.0,1.0,0.0
0.15,0.2373046875,1.0,0.0,1.1393334865570068,0.13933348655700684,1.0,0.0,1.0,0.0,1.0,0.0,1.0,0.0,1.0,0.0
0.15,0.2392578125,1.0,0.0,1.1559579372406006,0.15595793724060059,1.0,0.0,1.0,0.0,1.0,0.0,1.0,0.0,1.0,0.0
0.15,0.2412109375,1.0,0.0,1.162790060043335,0.16279006004333496,1.0,0.0,1.0,0.0,1.0,0.0,1.0,0.0,1.0,0.0
0.15,0.2431640625,1.0,0.0,1.1603163480758667,0.1603163480758667,1.0,0.0,1.0,0.0,1.0,0.0,1.0,0.0,1.0,0.0
0.15,0.2451171875,1.0,0.0,1.1554698944091797,0.1554698944091797,1.0,0.0,1.0,0.0,1.0,0.0,1.0,0.0,1.0,0.0
0.15,0.2470703125,1.0,0.0,1.148725152015686,0.14872515201568604,1.0,0.0,1.0,0.0,1.0,0.0,1.0,0.0,1.0,0.0
0.15,0.2490234375,1.0,0.0,1.1407148838043213,0.1407148838043213,1.0,0.0,1.0,0.0,1.0,0.0,1.0,0.0,1.0,0.0
0.15,0.2509765625,1.0,0.0,1.1321542263031006,0.13215422630310059,1.0,0.0,1.0,0.0,1.0,0.0,1.0,0.0,1.0,0.0
0.15,0.2529296875,1.0,0.0,1.1237553358078003,0.12375533580780029,1.0,0.0,1.0,0.0,1.0,0.0,1.0,0.0,1.0,0.0
0.15,0.2548828125,1.0,0.0,1.1161516904830933,0.11615169048309326,1.0,0.0,1.0,0.0,1.0,0.0,1.0,0.0,1.0,0.0
0.15,0.2568359375,1.0,0.0,1.1045763492584229,0.10457634925842285,1.0,0.0,1.0,0.0,1.0,0.0,1.0,0.0,1.0,0.0
0.15,0.2587890625,1.0,0.0,1.085279107093811,0.08527910709381104,1.0,0.0,1.0,0.0,1.0,0.0,1.0,0.0,1.0,0.0
0.15,0.2607421875,1.0,0.0,1.066992163658142,0.06699216365814209,1.0,0.0,1.0,0.0,1.0,0.0,1.0,0.0,1.0,0.0
0.15,0.2626953125,1.0,0.0,1.0509488582611084,0.0509488582611084,1.0,0.0,1.0,0.0,1.0,0.0,1.0,0.0,1.0,0.0
0.15,0.2646484375,1.0,0.0,1.0383013486862183,0.03830134868621826,1.0,0.0,1.0,0.0,1.0,0.0,1.0,0.0,1.0,0.0
0.15,0.2666015625,1.0,0.0,1.0303666591644287,0.03036665916442871,1.0,0.0,1.0,0.0,1.0,0.0,1.0,0.0,1.0,0.0
0.15,0.2685546875,1.0,0.0,1.0269352197647095,0.026935219764709473,1.0,0.0,1.0,0.0,1.0,0.0,1.0,0.0,1.0,0.0
0.15,0.2705078125,1.0,0.0,1.0294710397720337,0.02947103977203369,1.0,0.0,1.0,0.0,1.0,0.0,1.0,0.0,1.0,0.0
0.15,0.2724609375,1.0,0.0,1.037834882736206,0.037834882736206055,1.0,0.0,1.0,0.0,1.0,0.0,1.0,0.0,1.0,0.0
0.15,0.2744140625,1.0,0.0,1.051900029182434,0.05190002918243408,1.0,0.0,1.0,0.0,1.0,0.0,1.0,0.0,1.0,0.0
0.15,0.2763671875,1.0,0.0,1.0712281465530396,0.07122814655303955,1.0,0.0,1.0,0.0,1.0,0.0,1.0,0.0,1.0,0.0
0.15,0.2783203125,1.0,0.0,1.0950894355773926,0.09508943557739258,1.0,0.0,1.0,0.0,1.0,0.0,1.0,0.0,1.0,0.0
0.15,0.2802734375,1.0,0.0,1.1224948167800903,0.12249481678009033,1.0,0.0,1.0,0.0,1.0,0.0,1.0,0.0,1.0,0.0
0.15,0.2822265625,1.0,0.0,1.1288797855377197,0.12887978553771973,1.0,0.0,1.0,0.0,1.0,0.0,1.0,0.0,1.0,0.0
0.15,0.2841796875,1.0,0.0,1.1296420097351074,0.12964200973510742,1.0,0.0,1.0,0.0,1.0,0.0,1.0,0.0,1.0,0.0
0.15,0.2861328125,1.0,0.0,1.1298085451126099,0.12980854511260986,1.0,0.0,1.0,0.0,1.0,0.0,1.0,0.0,1.0,0.0
0.15,0.2880859375,1.0,0.0,1.1295853853225708,0.1295853853225708,1.0,0.0,1.0,0.0,1.0,0.0,1.0,0.0,1.0,0.0
0.15,0.2900390625,1.0,0.0,1.129249095916748,0.12924909591674805,1.0,0.0,1.0,0.0,1.0,0.0,1.0,0.0,1.0,0.0
0.15,0.2919921875,1.0,0.0,1.12913179397583,0.12913179397583008,1.0,0.0,1.0,0.0,1.0,0.0,1.0,0.0,1.0,0.0
0.15,0.2939453125,1.0,0.0,1.129597783088684,0.12959778308868408,1.0,0.0,1.0,0.0,1.0,0.0,1.0,0.0,1.0,0.0
0.15,0.2958984375,1.0,0.0,1.131013035774231,0.13101303577423096,1.0,0.0,1.0,0.0,1.0,0.0,1.0,0.0,1.0,0.0
0.15,0.2978515625,1.0,0.0,1.133704423904419,0.13370442390441895,1.0,0.0,1.0,0.0,1.0,0.0,1.0,0.0,1.0,0.0
0.15,0.2998046875,1.0,0.0,1.1379185914993286,0.1379185914993286,1.0,0.0,1.0,0.0,1.0,0.0,1.0,0.0,1.0,0.0
0.15,0.3017578125,1.0,0.0,1.143782377243042,0.143782377243042,1.0,0.0,1.0,0.0,1.0,0.0,1.0,0.0,1.0,0.0
0.15,0.3037109375,1.0,0.0,1.1512755155563354,0.15127551555633545,1.0,0.0,1.0,0.0,1.0,0.0,1.0,0.0,1.0,0.0
0.15,0.3056640625,1.0,0.0,1.1602214574813843,0.16022145748138428,1.0,0.0,1.0,0.0,1.0,0.0,1.0,0.0,1.0,0.0
0.15,0.3076171875,1.0,0.0,1.1702975034713745,0.1702975034713745,1.0,0.0,1.0,0.0,1.0,0.0,1.0,0.0,1.0,0.0
0.15,0.3095703125,1.0,0.0,1.181059718132019,0.18105971813201904,1.0,0.0,1.0,0.0,1.0,0.0,1.0,0.0,1.0,0.0
0.15,0.3115234375,1.0,0.0,1.1919790506362915,0.1919790506362915,1.0,0.0,1.0,0.0,1.0,0.0,1.0,0.0,1.0,0.0
0.15,0.3134765625,1.0,0.0,1.202479600906372,0.20247960090637207,1.0,0.0,1.0,0.0,1.0,0.0,1.0,0.0,1.0,0.0
0.15,0.3154296875,1.0,0.0,1.2119755744934082,0.2119755744934082,1.0,0.0,1.0,0.0,1.0,0.0,1.0,0.0,1.0,0.0
0.15,0.3173828125,1.0,0.0,1.2199023962020874,0.2199023962020874,1.0,0.0,1.0,0.0,1.0,0.0,1.0,0.0,1.0,0.0
0.15,0.3193359375,1.0,0.0,1.2045642137527466,0.20456421375274658,1.0,0.0,1.0,0.0,1.0,0.0,1.0,0.0,1.0,0.0
0.15,0.3212890625,1.0,0.0,1.1876792907714844,0.18767929077148438,1.0,0.0,1.0,0.0,1.0,0.0,1.0,0.0,1.0,0.0
0.15,0.3232421875,1.0,0.0,1.17192542552948,0.17192542552947998,1.0,0.0,1.0,0.0,1.0,0.0,1.0,0.0,1.0,0.0
0.15,0.3251953125,1.0,0.0,1.1572954654693604,0.15729546546936035,1.0,0.0,1.0,0.0,1.0,0.0,1.0,0.0,1.0,0.0
0.15,0.3271484375,1.0,0.0,1.1437546014785767,0.14375460147857666,1.0,0.0,1.0,0.0,1.0,0.0,1.0,0.0,1.0,0.0
0.15,0.3291015625,1.0,0.0,1.1313010454177856,0.13130104541778564,1.0,0.0,1.0,0.0,1.0,0.0,1.0,0.0,1.0,0.0
0.15,0.3310546875,1.0,0.0,1.1200058460235596,0.12000584602355957,1.0,0.0,1.0,0.0,1.0,0.0,1.0,0.0,1.0,0.0
0.15,0.3330078125,1.0,0.0,1.1100142002105713,0.11001420021057129,1.0,0.0,1.0,0.0,1.0,0.0,1.0,0.0,1.0,0.0
0.15,0.3349609375,1.0,0.0,1.1015126705169678,0.10151267051696777,1.0,0.0,1.0,0.0,1.0,0.0,1.0,0.0,1.0,0.0
0.15,0.3369140625,1.0,0.4769360060001833,1.0946629047393799,0.09466290473937988,1.0120664592991266,0.012066459299126642,1.0030166148247817,0.0030166148247816604,1.003013400890112,0.003013400890111928,1.0024859244577449,0.0024859244577448703,1.0,0.0
0.15,0.3388671875,1.0,0.4769360060001833,1.0895193815231323,0.08951938152313232,1.0120664592991266,0.012066459299126642,1.009049844474345,0.009049844474344981,1.0090292042147615,0.0090292042147615,1.0056416896549636,0.005641689654963589,1.0,0.0
0.15,0.3408203125,1.0,0.4769360060001833,1.0859522819519043,0.0859522819519043,1.0120664592991266,0.012066459299126642,1.0150830741239083,0.015083074123908302,1.0150450075394113,0.015045007539411293,1.0087974548521823,0.008797454852182307,1.0,0.0
0.15,0.3427734375,1.0,0.4769360060001833,1.0836061239242554,0.08360612392425537,1.0120664592991266,0.012066459299126642,1.0211163037734716,0.021116303773471623,1.0211782245522218,0.021178224552221847,1.0313407682316158,0.0313407682316158,1.0,0.0
0.15,0.3447265625,1.0,0.35196516712635134,1.0819154977798462,0.08191549777984619,1.2159061650166094,0.21590616501660942,1.121010223605464,0.12101022360546398,1.1209647924979207,0.12096479249792069,1.0861977470715902,0.08619774707159022,1.0,0.0
0.15,0.3466796875,1.0,0.35196516712635134,1.0801968574523926,0.08019685745239258,1.2159061650166094,0.21590616501660942,1.1842741845462277,0.18427418454622768,1.1841996948532583,0.18419969485325827,1.127194997426763,0.127194997426763,1.0,0.0
0.15,0.3486328125,1.0,0.35196516712635134,1.077806830406189,0.07780683040618896,1.2159061650166094,0.21590616501660942,1.2475381454869912,0.24753814548699116,1.247530979098027,0.2475309790980269,1.242046759493119,0.24204675949311905,1.0613563275019124,0.061356327501912444
0.15,0.3505859375,1.6019442880567492,0.35196516712635134,1.0743217468261719,0.5276225412305773,1.2159061650166094,0.38603812304013974,1.3108021064277549,0.2911421816289943,1.3109291936172318,0.29101509443951734,1.4081851560749656,0.19375913198178352,1.3540466416249086,0.24789764643184053
0.15,0.3525390625,1.6019442880567492,0.021611517406816286,1.069674015045166,0.5322702730115831,1.5181781468252358,0.08376614123151338,1.4827733651000767,0.11917092295667242,1.4827704323096427,0.11917385574710648,1.4768277163299917,0.1251165717267575,1.5430155586306191,0.05892872942613003
0.15,0.3544921875,1.6019442880567492,0.021611517406816286,1.064185619354248,0.5377586687025011,1.5181781468252358,0.08376614123151338,1.5063765529168496,0.09556773513989958,1.5063777821293423,0.0955665059274069,1.5088685365445698,0.0930757515121794,1.6221643942064943,0.02022010614974512
0.15,0.3564453125,1.6019442880567492,0.021611517406816286,1.058485984802246,0.5434583032545031,1.5181781468252358,0.08376614123151338,1.529979740733622,0.07196454732312718,1.5299807183304333,0.0719635697263159,1.5319616236569837,0.06998266439976542,1.6096234466759416,0.007679158619192439
0.15,0.3583984375,1.6019442880567492,0.021611517406816286,1.0549960136413574,0.5469482744153917,1.5181781468252358,0.08376614123151338,1.5535829285503948,0.04836135950635434,1.553583654531525,0.04836063352522424,1.555054710769398,0.046889577287351214,1.5902935548867425,0.011650733170006644
0.15,0.3603515625,1.6019442880567492,0.0003161279824690435,1.0531138181686401,0.548830469888109,1.565384522458781,0.03655976559796814,1.565384522458781,0.03655976559796814,1.565384522458781,0.03655976559796814,1.565384522458781,0.03655976559796814,1.591589247049137,0.010355041007612087
0.15,0.3623046875,1.6019442880567492,0.0003161279824690435,1.050964593887329,0.55097969416942,1.565384522458781,0.03655976559796814,1.565384522458781,0.03655976559796814,1.565384522458781,0.03655976559796814,1.565384522458781,0.03655976559796814,1.6067575501427729,0.0048132620860237285
0.15,0.3642578125,1.6019442880567492,0.0003161279824690435,1.0485866069793701,0.553357681077379,1.565384522458781,0.03655976559796814,1.565384522458781,0.03655976559796814,1.565384522458781,0.03655976559796814,1.565384522458781,0.03655976559796814,1.6096512363553508,0.007706948298601635
0.15,0.3662109375,1.6019442880567492,0.0003161279824690435,1.0498584508895874,0.5520858371671618,1.565384522458781,0.03655976559796814,1.565384522458781,0.03655976559796814,1.565384522458781,0.03655976559796814,1.565384522458781,0.03655976559796814,1.6018041228763868,0.00014016518036230607
0.15,0.3681640625,1.6019442880567492,0.00034673278602394075,1.0538417100906372,0.548102577966112,1.6096453669087425,0.007701078851993337,1.601804026428078,0.00014026162867120107,1.601804027699396,0.00014026035735326126,1.601806745277909,0.00013754277884014954,1.597114712427964,0.004829575628785054
0.15,0.3701171875,1.6019442880567492,0.00034673278602394075,1.0591099262237549,0.5428343618329943,1.6096453669087425,0.007701078851993337,1.607031586748521,0.005087298691771824,1.6070315871722936,0.005087299115544397,1.607032493031798,0.0050882049750489156,1.6001937123712653,0.0017505756854838683
0.15,0.3720703125,1.6019442880567492,0.00034673278602394075,1.0650646686553955,0.5368796194013536,1.6096453669087425,0.007701078851993337,1.612259147068964,0.01031485901221485,1.6122591466451914,0.010314858588442277,1.612258240785687,0.010313952728937759,1.6043312471879234,0.00238695913117426
0.15,0.3740234375,1.6019442880567492,0.00034673278602394075,1.0710806846618652,0.5308636033948839,1.6096453669087425,0.007701078851993337,1.617486707389407,0.015542419332657875,1.617486706118089,0.015542418061339935,1.617483988539576,0.015539700482826824,1.603663822091908,0.0017195340351587873
0.15,0.3759765625,1.6019442880567492,0.0,1.0765599012374878,0.5253843868192614,1.6201004875496285,0.018156199492879388,1.6201004875496285,0.018156199492879388,1.6201004875496285,0.018156199492879388,1.6201004875496285,0.018156199492879388,1.6012200136018355,0.0007242744549136315
0.15,0.3779296875,1.6019442880567492,0.0,1.0809634923934937,0.5209807956632555,1.6201004875496285,0.018156199492879388,1.6201004875496285,0.018156199492879388,1.6201004875496285,0.018156199492879388,1.6201004875496285,0.018156199492879388,1.6007836996398006,0.0011605884169485492
0.15,0.3798828125,1.6019442880567492,0.0,1.0838443040847778,0.5180999839719713,1.6201004875496285,0.018156199492879388,1.6201004875496285,0.018156199492879388,1.6201004875496285,0.018156199492879388,1.6201004875496285,0.018156199492879388,1.6017195439436116,0.00022474411313755382
0.15,0.3818359375,1.6019442880567492,0.0,1.0849040746688843,0.5170402133878649,1.6201004875496285,0.018156199492879388,1.6201004875496285,0.018156199492879388,1.6201004875496285,0.018156199492879388,1.6201004875496285,0.018156199492879388,1.6026973030578227,0.0007530150010734982
0.15,0.3837890625,1.6019442880567492,0.0,1.0840885639190674,0.5178557241376818,1.602806414302962,0.0008621262462127355,1.6082821213430845,0.006337833286335304,1.6082822576269125,0.006337969570163304,1.6082821213430845,0.006337833286335304,1.6024021126781152,0.00045782462136600977
0.15,0.3857421875,1.6019442880567492,0.0,1.0816800594329834,0.5202642286237658,1.602806414302962,0.0008621262462127355,1.6046316499830027,0.0026873619262535176,1.6046319238029307,0.0026876357461815825,1.6046316499830027,0.0026873619262535176,1.6016439547327783,0.0003003333239708361
0.15,0.3876953125,1.6019442880567492,0.0,1.078316569328308,0.523627718728441,1.602806414302962,0.0008621262462127355,1.600981178622921,0.0009631094338280466,1.6009808029754058,0.0009634850813433626,1.600981178622921,0.0009631094338280466,1.6015392524101941,0.00040503564655502977
0.15,0.3896484375,1.6019442880567492,0.0,1.0748852491378784,0.5270590389188707,1.602806414302962,0.0008621262462127355,1.5973307072628393,0.004613580793909833,1.5973306728065986,0.004613615250150582,1.5973307072628393,0.004613580793909833,1.6020359578740107,9.166981726149714e-05
0.15,0.3916015625,1.6019442880567492,0.0,1.0723237991333008,0.5296204889234484,1.590896716668975,0.011047571387774235,1.590896716668975,0.011047571387774235,1.590896716668975,0.011047571387774235,1.590896716668975,0.011047571387774235,1.6022010464588912,0.00025675840214200996
0.15,0.3935546875,1.6019442880567492,0.0,1.0620458126068115,0.5398984754499376,1.590896716668975,0.011047571387774235,1.590896716668975,0.011047571387774235,1.590896716668975,0.011047571387774235,1.590896716668975,0.011047571387774235,1.6020346144266986,9.032636994943388e-05
0.15,0.3955078125,1.6019442880567492,0.0,1.0464723110198975,0.5554719770368517,1.590896716668975,0.011047571387774235,1.590896716668975,0.011047571387774235,1.590896716668975,0.011047571387774235,1.590896716668975,0.011047571387774235,1.6018163474564415,0.00012794060030763
0.15,0.3974609375,1.6019442880567492,0.0,1.0327483415603638,0.5691959464963854,1.590896716668975,0.011047571387774235,1.590896716668975,0.011047571387774235,1.590896716668975,0.011047571387774235,1.590896716668975,0.011047571387774235,1.601896552243757,4.773581299222229e-05
0.15,0.3994140625,1.6019442880567492,0.0,1.0213048458099365,0.5806394422468126,1.596867171846605,0.0050771162101441725,1.5939694281002437,0.007974859956505487,1.5939694688414714,0.007974819215277762,1.5939694281002437,0.007974859956505487,1.6019807246320283,3.64365752791862e-05
0.15,0.4013671875,1.6019442880567492,0.0,1.0123902559280396,0.5895540321287096,1.596867171846605,0.0050771162101441725,1.5959012572644846,0.0060430307922645365,1.5959012708448939,0.006043017211855295,1.5959012572644846,0.0060430307922645365,1.6020356907941526,9.140273740348981e-05
0.15,0.4033203125,1.6019442880567492,0.0,1.006069302558899,0.5958749854978502,1.596867171846605,0.0050771162101441725,1.5978330864287253,0.004111201628023808,1.597833072848316,0.00411121520843305,1.5978330864287253,0.004111201628023808,1.6019605144894236,1.622643267440438e-05
0.15,0.4052734375,1.6019442880567492,0.0,1.002233624458313,0.5997106635984362,1.596867171846605,0.0050771162101441725,1.5997649155929663,0.002179372463782858,1.5997648748517386,0.002179413205010583,1.5997649155929663,0.002179372463782858,1.6019349144091342,9.373647614996372e-06
0.15,0.4072265625,1.6019442880567492,0.0,1.0006167888641357,0.6013274991926134,1.6063513499829023,0.004407061926153144,1.6063513499829023,0.004407061926153144,1.6063513499829023,0.004407061926153144,1.6063513499829023,0.004407061926153144,1.6019279366098378,1.6351446911366807e-05
0.15,0.4091796875,1.6019442880567492,0.0,1.0008169412612915,0.6011273467954577,1.6063513499829023,0.004407061926153144,1.6063513499829023,0.004407061926153144,1.6063513499829023,0.004407061926153144,1.6063513499829023,0.004407061926153144,1.6019876170092653,4.332895251613067e-05
0.15,0.4111328125,1.6019442880567492,0.0,1.0023231506347656,0.5996211374219835,1.6063513499829023,0.004407061926153144,1.6063513499829023,0.004407061926153144,1.6063513499829023,0.004407061926153144,1.6063513499829023,0.004407061926153144,1.6019600920223516,1.5803965602412262e-05
0.15,0.4130859375,1.6019442880567492,0.0,1.0045559406280518,0.5973883474286974,1.6063513499829023,0.004407061926153144,1.6063513499829023,0.004407061926153144,1.6063513499829023,0.004407061926153144,1.6063513499829023,0.004407061926153144,1.6019712530630401,2.696500629095766e-05
0.15,0.4150390625,1.6019442880567492,0.0,1.0069169998168945,0.5950272882398546,1.6053634044726226,0.0034191164158734466,1.6053634044726226,0.0034191164158734466,1.6053634044726226,0.0034191164158734466,1.6053634044726226,0.0034191164158734466,1.6019113100600844,3.297799666479584e-05
0.15,0.4169921875,1.6019442880567492,0.0,1.008847713470459,0.5930965745862902,1.6053634044726226,0.0034191164158734466,1.6053634044726226,0.0034191164158734466,1.6053634044726226,0.0034191164158734466,1.6053634044726226,0.0034191164158734466,1.6019618766089319,1.7588552182701278e-05
0.15,0.4189453125,1.6019442880567492,0.0,1.009884238243103,0.5920600498136461,1.6053634044726226,0.0034191164158734466,1.6053634044726226,0.0034191164158734466,1.6053634044726226,0.0034191164158734466,1.6053634044726226,0.0034191164158734466,1.6019559730851394,1.1685028390218122e-05
0.15,0.4208984375,1.6019442880567492,0.0,1.0096988677978516,0.5922454202588976,1.6053634044726226,0.0034191164158734466,1.6053634044726226,0.0034191164158734466,1.6053634044726226,0.0034191164158734466,1.6053634044726226,0.0034191164158734466,1.6019780070739817,3.371901723259185e-05
0.15,0.4228515625,1.6019442880567492,0.0,1.008123517036438,0.5938207710203112,1.5997986727116407,0.002145615345108487,1.601089294086413,0.0008549939703361709,1.6010892356720479,0.0008550523847012936,1.601089294086413,0.0008549939703361709,1.6019527261911717,8.438134422528165e-06
0.15,0.4248046875,1.6019442880567492,0.0,1.0051467418670654,0.5967975461896837,1.5997986727116407,0.002145615345108487,1.600228879836565,0.0017154082201842336,1.6002288603651098,0.0017154276916393485,1.600228879836565,0.0017154082201842336,1.6019882084414983,4.392038474909654e-05
0.15,0.4267578125,1.6019442880567492,0.0,1.0008946657180786,0.6010496223386705,1.5997986727116407,0.002145615345108487,1.5993684655867164,0.0025758224700327403,1.5993684850581715,0.0025758029985776254,1.5993684655867164,0.0025758224700327403,1.6019620162183381,1.7728161588959068e-05
0.15,0.4287109375,1.6019442880567492,0.0,0.9955981969833374,0.6063460910734118,1.5997986727116407,0.002145615345108487,1.5985080513368684,0.003436236719880803,1.5985081097512335,0.0034361783055156803,1.5985080513368684,0.003436236719880803,1.6019838898804537,3.960182370454923e-05
0.15,0.4306640625,1.6019442880567492,0.0,0.9895614981651306,0.6123827898916185,1.598077844211944,0.0038664438448050564,1.598077844211944,0.0038664438448050564,1.598077844211944,0.0038664438448050564,1.598077844211944,0.0038664438448050564,1.601934956777083,9.331279666069392e-06
0.15,0.4326171875,1.6019442880567492,0.0,0.9831377267837524,0.6188065612729967,1.598077844211944,0.0038664438448050564,1.598077844211944,0.0038664438448050564,1.598077844211944,0.0038664438448050564,1.598077844211944,0.0038664438448050564,1.60196710796597,2.2819909220928025e-05
0.15,0.4345703125,1.6019442880567492,0.0,0.9767150282859802,0.6252292597707689,1.598077844211944,0.0038664438448050564,1.598077844211944,0.0038664438448050564,1.598077844211944,0.0038664438448050564,1.598077844211944,0.0038664438448050564,1.601929808104586,1.4479952163082288e-05
0.15,0.4365234375,1.6019442880567492,0.0,0.9707107543945312,0.6312335336622179,1.598077844211944,0.0038664438448050564,1.598077844211944,0.0038664438448050564,1.598077844211944,0.0038664438448050564,1.598077844211944,0.0038664438448050564,1.60196999049089,2.5702434140795205e-05
0.15,0.4384765625,1.6019442880567492,0.0,0.9655663371086121,0.6363779509481371,1.6000023462416606,0.0019419418150885548,1.5992865391716071,0.0026577488851420306,1.5992865502978846,0.0026577377588645756,1.5992865391716071,0.0026577488851420306,1.60194440982926,1.2177251074163564e-07
0.15,0.4404296875,1.6019442880567492,0.0,0.9617312550544739,0.6402130330022753,1.6000023462416606,0.0019419418150885548,1.599763743884976,0.0021805441717730467,1.599763740054837,0.0021805480019121415,1.599763743884976,0.0021805441717730467,1.601964058100193,1.9770043443889662e-05
0.15,0.4423828125,1.6019442880567492,0.0,0.9596346020698547,0.6423096859868944,1.6000023462416606,0.0019419418150885548,1.600240948598345,0.0017033394584040629,1.600240942805063,0.0017033452516861392,1.600240948598345,0.0017033394584040629,1.6019495673682917,5.2793115425942005e-06
0.15,0.4443359375,1.6019442880567492,0.0,0.9596439599990845,0.6423003280576647,1.6000023462416606,0.0019419418150885548,1.600718153311714,0.001226134745035079,1.6007181518088578,0.0012261362478913629,1.600718153311714,0.001226134745035079,1.6019719219548882,2.7633898139090007e-05
0.15,0.4462890625,1.6019442880567492,0.0,0.9620230793952942,0.639921208661455,1.6018954819188957,4.8806137853407705e-05,1.6018954819188957,4.8806137853407705e-05,1.6018954819188957,4.8806137853407705e-05,1.6018954819188957,4.8806137853407705e-05,1.6019526926326972,8.404575948084414e-06
0.15,0.4482421875,1.6019442880567492,0.0,0.9669005274772644,0.6350437605794848,1.6018954819188957,4.8806137853407705e-05,1.6018954819188957,4.8806137853407705e-05,1.6018954819188957,4.8806137853407705e-05,1.6018954819188957,4.8806137853407705e-05,1.601980770145995,3.648208924578178e-05
0.15,0.4501953125,1.6019442880567492,0.0,0.9742627739906311,0.627681514066118,1.6018954819188957,4.8806137853407705e-05,1.6018954819188957,4.8806137853407705e-05,1.6018954819188957,4.8806137853407705e-05,1.6018954819188957,4.8806137853407705e-05,1.6019236636767769,2.062437997230049e-05
0.15,0.4521484375,1.6019442880567492,0.0,0.9839724898338318,0.6179717982229174,1.6018954819188957,4.8806137853407705e-05,1.6018954819188957,4.8806137853407705e-05,1.6018954819188957,4.8806137853407705e-05,1.6018954819188957,4.8806137853407705e-05,1.6019747294295819,3.044137283270132e-05
0.15,0.4541015625,1.6019442880567492,0.0,0.9958094358444214,0.6061348522123278,1.6008273372498354,0.0011169508069137635,1.6012596589608719,0.0006846290958772983,1.6012596481442876,0.0006846399124615932,1.6012596589608719,0.0006846290958772983,1.60195504611771,1.075806096073606e-05
0.15,0.4560546875,1.6019442880567492,0.0,1.0095176696777344,0.5924266183790148,1.6008273372498354,0.0011169508069137635,1.6009714444868475,0.0009728435699016824,1.6009714408813194,0.0009728471754297807,1.6009714444868475,0.0009728435699016824,1.6019811202363168,3.683217956762519e-05
0.15,0.4580078125,1.6019442880567492,0.0,1.0248392820358276,0.5771050060209215,1.6008273372498354,0.0011169508069137635,1.6006832300128233,0.0012610580439258445,1.6006832336183514,0.0012610544383977462,1.6006832300128233,0.0012610580439258445,1.6019615977663348,1.7309709585688893e-05
0.15,0.4599609375,1.6019442880567492,0.0,1.0415252447128296,0.5604190433439196,1.6008273372498354,0.0011169508069137635,1.600395015538799,0.0015492725179502287,1.6003950263553832,0.0015492617013659338,1.600395015538799,0.0015492725179502287,1.6019875471456813,4.325908893210162e-05
0.15,0.4619140625,1.6019442880567492,0.0,1.059320330619812,0.5426239574369371,1.5995897661267011,0.002354521930048037,1.5995897661267011,0.002354521930048037,1.5995897661267011,0.002354521930048037,1.5995897661267011,0.002354521930048037,1.6019387483064618,5.5397502873866244e-06
0.15,0.4638671875,1.6019442880567492,0.0,1.0758709907531738,0.5260732973035753,1.5995897661267011,0.002354521930048037,1.5995897661267011,0.002354521930048037,1.5995897661267011,0.002354521930048037,1.5995897661267011,0.002354521930048037,1.6019714689783515,2.7180921602365515e-05
0.15,0.4658203125,1.6019442880567492,0.0,1.0835189819335938,0.5184253061231554,1.5995897661267011,0.002354521930048037,1.5995897661267011,0.002354521930048037,1.5995897661267011,0.002354521930048037,1.5995897661267011,0.002354521930048037,1.601953781938977,9.493882227928907e-06
0.15,0.4677734375,1.6019442880567492,0.0,1.0907998085021973,0.5111444795545519,1.5995897661267011,0.002354521930048037,1.5995897661267011,0.002354521930048037,1.5995897661267011,0.002354521930048037,1.5995897661267011,0.002354521930048037,1.6019496718168893,5.383760140142968e-06
0.15,0.4697265625,1.6019442880567492,0.0,1.0977511405944824,0.5041931474622667,1.5999117364396649,0.002032551617084266,1.5999117364396649,0.002032551617084266,1.5999117364396649,0.002032551617084266,1.5999117364396649,0.002032551617084266,1.6018956092369143,4.867881983483535e-05
0.15,0.4716796875,1.6019442880567492,0.0,1.1044303178787231,0.497513970178026,1.5999117364396649,0.002032551617084266,1.5999117364396649,0.002032551617084266,1.5999117364396649,0.002032551617084266,1.5999117364396649,0.002032551617084266,1.6018691563431604,7.51317135887497e-05
0.15,0.4736328125,1.6019442880567492,0.0,1.1108858585357666,0.49105842952098255,1.5999117364396649,0.002032551617084266,1.5999117364396649,0.002032551617084266,1.5999117364396649,0.002032551617084266,1.5999117364396649,0.002032551617084266,1.6017978163492126,0.00014647170753656624
0.15,0.4755859375,1.6019442880567492,0.0,1.1171646118164062,0.4847796762403429,1.5999117364396649,0.002032551617084266,1.5999117364396649,0.002032551617084266,1.5999117364396649,0.002032551617084266,1.5999117364396649,0.002032551617084266,1.6017428936404356,0.00020139441631350508
0.15,0.4775390625,1.6019442880567492,0.0,1.123347282409668,0.4785970056470812,1.6003147973788783,0.0016294906778708818,1.6003147973788783,0.0016294906778708818,1.6003147973788783,0.0016294906778708818,1.6003147973788783,0.0016294906778708818,1.6016092146471026,0.00033507340964655796
0.15,0.4794921875,1.6019442880567492,0.0,1.1295925378799438,0.4723517501768053,1.6003147973788783,0.0016294906778708818,1.6003147973788783,0.0016294906778708818,1.6003147973788783,0.0016294906778708818,1.6003147973788783,0.0016294906778708818,1.6015046653051175,0.0004396227516316742
0.15,0.4814453125,1.6019442880567492,0.0,1.136169672012329,0.46577461604442005,1.6003147973788783,0.0016294906778708818,1.6003147973788783,0.0016294906778708818,1.6003147973788783,0.0016294906778708818,1.6003147973788783,0.0016294906778708818,1.6012885757978093,0.0006557122589399
0.15,0.4833984375,1.6019442880567492,0.0,1.1434626579284668,0.45848163012828236,1.6003147973788783,0.0016294906778708818,1.6003147973788783,0.0016294906778708818,1.6003147973788783,0.0016294906778708818,1.6003147973788783,0.0016294906778708818,1.601074055528512,0.000870232528237258
0.15,0.4853515625,1.6019442880567492,0.0,1.1519440412521362,0.4500002468046129,1.598968984050527,0.002975304006222146,1.598968984050527,0.002975304006222146,1.598968984050527,0.002975304006222146,1.598968984050527,0.002975304006222146,1.6007366933435747,0.0012075947131744424
0.15,0.4873046875,1.6019442880567492,0.0,1.1621226072311401,0.439821680825609,1.598968984050527,0.002975304006222146,1.598968984050527,0.002975304006222146,1.598968984050527,0.002975304006222146,1.598968984050527,0.002975304006222146,1.6004892190957662,0.0014550689609829082
0.15,0.4892578125,1.6019442880567492,0.0,1.1744712591171265,0.4274730289396227,1.598968984050527,0.002975304006222146,1.598968984050527,0.002975304006222146,1.598968984050527,0.002975304006222146,1.598968984050527,0.002975304006222146,1.6002763558566775,0.0016679322000716645
0.15,0.4912109375,1.6019442880567492,0.0,1.1893551349639893,0.4125891530927599,1.598968984050527,0.002975304006222146,1.598968984050527,0.002975304006222146,1.598968984050527,0.002975304006222146,1.598968984050527,0.002975304006222146,1.6003044882990924,0.0016397997576567125
0.15,0.4931640625,1.6019442880567492,0.0,1.206967830657959,0.39497645739879017,1.5770468283378287,0.024897459718920434,1.5770468283378287,0.024897459718920434,1.5770468283378287,0.024897459718920434,1.5770468283378287,0.024897459718920434,1.6005672839150011,0.0013770041417480172
0.15,0.4951171875,1.6019442880567492,0.0,1.227285385131836,0.3746589029249132,1.5770468283378287,0.024897459718920434,1.5770468283378287,0.024897459718920434,1.5770468283378287,0.024897459718920434,1.5770468283378287,0.024897459718920434,1.6006639432180698,0.001280344838679337
0.15,0.4970703125,1.6019442880567492,0.0,1.2408334016799927,0.3611108863767565,1.5770468283378287,0.024897459718920434,1.5770468283378287,0.024897459718920434,1.5770468283378287,0.024897459718920434,1.5770468283378287,0.024897459718920434,1.5988376170216734,0.003106671035075781
0.15,0.4990234375,1.6019442880567492,0.0,1.2487210035324097,0.3532232845243395,1.5770468283378287,0.024897459718920434,1.5770468283378287,0.024897459718920434,1.5770468283378287,0.024897459718920434,1.5770468283378287,0.024897459718920434,1.5771310304734039,0.024813257583345294
0.15,0.5009765625,1.6019442880567492,0.0,1.4283887147903442,0.17355557326640492,1.5770468283378296,0.024897459718919546,1.5770468283378296,0.024897459718919546,1.5770468283378296,0.024897459718919546,1.5770468283378296,0.024897459718919546,1.577131030473403,0.024813257583346182
0.15,0.5029296875,1.6019442880567492,0.0,1.4460378885269165,0.15590639952983265,1.5770468283378296,0.024897459718919546,1.5770468283378296,0.024897459718919546,1.5770468283378296,0.024897459718919546,1.5770468283378296,0.024897459718919546,1.59883761702166,0.0031066710350891036
0.15,0.5048828125,1.6019442880567492,0.0,1.4634214639663696,0.13852282409037953,1.5770468283378296,0.024897459718919546,1.5770468283378296,0.024897459718919546,1.5770468283378296,0.024897459718919546,1.5770468283378296,0.024897459718919546,1.6006639432180614,0.0012803448386877747
0.15,0.5068359375,1.6019442880567492,0.0,1.4796615839004517,0.1222827041562975,1.5770468283378296,0.024897459718919546,1.5770468283378296,0.024897459718919546,1.5770468283378296,0.024897459718919546,1.5770468283378296,0.024897459718919546,1.6005672839150031,0.0013770041417460188
0.15,0.5087890625,1.6019442880567492,0.0,1.493807315826416,0.10813697223033314,1.5989689840505275,0.0029753040062217018,1.5989689840505275,0.0029753040062217018,1.5989689840505275,0.0029753040062217018,1.5989689840505275,0.0029753040062217018,1.6003044882990924,0.0016397997576567125
0.15,0.5107421875,1.6019442880567492,0.0,1.5048835277557373,0.09706076030101185,1.5989689840505275,0.0029753040062217018,1.5989689840505275,0.0029753040062217018,1.5989689840505275,0.0029753040062217018,1.5989689840505275,0.0029753040062217018,1.6002763558566784,0.0016679322000707764
0.15,0.5126953125,1.6019442880567492,0.0,1.5119565725326538,0.08998771552409535,1.5989689840505275,0.0029753040062217018,1.5989689840505275,0.0029753040062217018,1.5989689840505275,0.0029753040062217018,1.5989689840505275,0.0029753040062217018,1.6004892190957742,0.0014550689609749146
0.15,0.5146484375,1.6019442880567492,0.0,1.5142104625701904,0.08773382548655873,1.5989689840505275,0.0029753040062217018,1.5989689840505275,0.0029753040062217018,1.5989689840505275,0.0029753040062217018,1.5989689840505275,0.0029753040062217018,1.6007366933435807,0.0012075947131684472
0.15,0.5166015625,1.6019442880567492,0.0,1.5110281705856323,0.09091611747111683,1.600314797378877,0.001629490677872214,1.600314797378877,0.001629490677872214,1.600314797378877,0.001629490677872214,1.600314797378877,0.001629490677872214,1.6010740555285106,0.0008702325282385903
0.15,0.5185546875,1.6019442880567492,0.0,1.5020713806152344,0.09987290744151478,1.600314797378877,0.001629490677872214,1.600314797378877,0.001629490677872214,1.600314797378877,0.001629490677872214,1.600314797378877,0.001629490677872214,1.601288575797807,0.0006557122589421205
0.15,0.5205078125,1.6019442880567492,0.0,1.487344741821289,0.11459954623546009,1.600314797378877,0.001629490677872214,1.600314797378877,0.001629490677872214,1.600314797378877,0.001629490677872214,1.600314797378877,0.001629490677872214,1.601504665305105,0.0004396227516441087
0.15,0.5224609375,1.6019442880567492,0.0,1.4672322273254395,0.1347120607313097,1.600314797378877,0.001629490677872214,1.600314797378877,0.001629490677872214,1.600314797378877,0.001629490677872214,1.600314797378877,0.001629490677872214,1.6016092146470982,0.00033507340965099885
0.15,0.5244140625,1.6019442880567492,0.0,1.4424992799758911,0.15944500808085804,1.5999117364396636,0.0020325516170855984,1.5999117364396636,0.0020325516170855984,1.5999117364396636,0.0020325516170855984,1.5999117364396636,0.0020325516170855984,1.6017428936404385,0.0002013944163106185
0.15,0.5263671875,1.6019442880567492,0.0,1.4142491817474365,0.18769510630931263,1.5999117364396636,0.0020325516170855984,1.5999117364396636,0.0020325516170855984,1.5999117364396636,0.0020325516170855984,1.5999117364396636,0.0020325516170855984,1.6017978163492073,0.0001464717075418953
0.15,0.5283203125,1.6019442880567492,0.0,1.383840799331665,0.21810348872508412,1.5999117364396636,0.0020325516170855984,1.5999117364396636,0.0020325516170855984,1.5999117364396636,0.0020325516170855984,1.5999117364396636,0.0020325516170855984,1.601869156343165,7.513171358408677e-05
0.15,0.5302734375,1.6019442880567492,0.0,1.3527708053588867,0.24917348269786244,1.5999117364396636,0.0020325516170855984,1.5999117364396636,0.0020325516170855984,1.5999117364396636,0.0020325516170855984,1.5999117364396636,0.0020325516170855984,1.601895609236909,4.867881984016442e-05
0.15,0.5322265625,1.6019442880567492,0.0,1.3225353956222534,0.27940889243449574,1.5995897661266982,0.0023545219300509235,1.5995897661266982,0.0023545219300509235,1.5995897661266982,0.0023545219300509235,1.5995897661266982,0.0023545219300509235,1.601949671816889,5.383760139920923e-06
0.15,0.5341796875,1.6019442880567492,0.0,1.294501781463623,0.3074425065931261,1.5995897661266982,0.0023545219300509235,1.5995897661266982,0.0023545219300509235,1.5995897661266982,0.0023545219300509235,1.5995897661266982,0.0023545219300509235,1.6019537819389824,9.493882233257978e-06
0.15,0.5361328125,1.6019442880567492,0.0,1.2698016166687012,0.332142671388048,1.5995897661266982,0.0023545219300509235,1.5995897661266982,0.0023545219300509235,1.5995897661266982,0.0023545219300509235,1.5995897661266982,0.0023545219300509235,1.6019714689783426,2.718092159348373e-05
0.15,0.5380859375,1.6019442880567492,0.0,1.249275803565979,0.35266848449077015,1.5995897661266982,0.0023545219300509235,1.5995897661266982,0.0023545219300509235,1.5995897661266982,0.0023545219300509235,1.5995897661266982,0.0023545219300509235,1.6019387483064589,5.539750290273204e-06
0.15,0.5400390625,1.6019442880567492,0.0,1.233466625213623,0.3684776628431261,1.6008273372498316,0.0011169508069175382,1.6003950155387945,0.0015492725179546696,1.6003950288596427,0.0015492591971064673,1.6003950155387945,0.0015492725179546696,1.6019875471456921,4.3259088942981805e-05
0.15,0.5419921875,1.6019442880567492,0.0,1.2226532697677612,0.3792910182889879,1.6008273372498316,0.0011169508069175382,1.6006832300128193,0.0012610580439298413,1.6006832344531021,0.0012610536036470332,1.6006832300128193,0.0012610580439298413,1.601961597766329,1.7309709579915733e-05
0.15,0.5439453125,1.6019442880567492,0.0,1.216913104057312,0.38503118399943714,1.6008273372498316,0.0011169508069175382,1.600971444486844,0.0009728435699052351,1.6009714400465611,0.0009728480101880432,1.600971444486844,0.0009728435699052351,1.601981120236311,3.683217956185203e-05
0.15,0.5458984375,1.6019442880567492,0.0,1.2207372188568115,0.38120706919993763,1.6008273372498316,0.0011169508069175382,1.6012596589608687,0.0006846290958804069,1.6012596456400205,0.0006846424167286091,1.6012596589608687,0.0006846290958804069,1.6019550461177055,1.0758060956295168e-05
0.15,0.5478515625,1.6019442880567492,0.0,1.2281248569488525,0.3738194311078966,1.6018954819188966,4.880613785251953e-05,1.6018954819188966,4.880613785251953e-05,1.6018954819188966,4.880613785251953e-05,1.6018954819188966,4.880613785251953e-05,1.6019747294295787,3.0441372829592694e-05
0.15,0.5498046875,1.6019442880567492,0.0,1.2373802661895752,0.36456402186717396,1.6018954819188966,4.880613785251953e-05,1.6018954819188966,4.880613785251953e-05,1.6018954819188966,4.880613785251953e-05,1.6018954819188966,4.880613785251953e-05,1.601923663676783,2.062437996608324e-05
0.15,0.5517578125,1.6019442880567492,0.0,1.2482823133468628,0.35366197470988636,1.6018954819188966,4.880613785251953e-05,1.6018954819188966,4.880613785251953e-05,1.6018954819188966,4.880613785251953e-05,1.6018954819188966,4.880613785251953e-05,1.6019807701459936,3.648208924444951e-05
0.15,0.5537109375,1.6019442880567492,0.0,1.260547161102295,0.34139712695445423,1.6018954819188966,4.880613785251953e-05,1.6018954819188966,4.880613785251953e-05,1.6018954819188966,4.880613785251953e-05,1.6018954819188966,4.880613785251953e-05,1.601952692632699,8.40457594986077e-06
0.15,0.5556640625,1.6019442880567492,0.0,1.279736042022705,0.3222082460340441,1.600002346241664,0.0019419418150852241,1.6007181533117174,0.0012261347450317484,1.6007181530016765,0.0012261350550726302,1.6007181533117174,0.0012261347450317484,1.6019719219548882,2.7633898139090007e-05
0.15,0.5576171875,1.6019442880567492,0.0,1.3032408952713013,0.2987033927854479,1.600002346241664,0.0019419418150852241,1.6002409485983484,0.0017033394584007322,1.600240947403188,0.0017033406535611473,1.6002409485983484,0.0017033394584007322,1.6019495673682904,5.279311541261933e-06
0.15,0.5595703125,1.6019442880567492,0.0,1.3290411233901978,0.2729031646665514,1.600002346241664,0.0019419418150852241,1.5997637438849794,0.002180544171769716,1.5997637430948175,0.002180544961931652,1.5997637438849794,0.002180544171769716,1.6019640581001942,1.9770043444999885e-05
0.15,0.5615234375,1.6019442880567492,0.0,1.356323003768921,0.24562128428782826,1.600002346241664,0.0019419418150852241,1.5992865391716105,0.0026577488851387,1.5992865414669735,0.002657746589775689,1.5992865391716105,0.0026577488851387,1.60194440982926,1.2177251074163564e-07
0.15,0.5634765625,1.6019442880567492,0.0,1.3841029405593872,0.21784134749736195,1.5980778442119452,0.003866443844803946,1.5980778442119452,0.003866443844803946,1.5980778442119452,0.003866443844803946,1.5980778442119452,0.003866443844803946,1.6019699904908937,2.5702434144569963e-05
0.15,0.5654296875,1.6019442880567492,0.0,1.4112313985824585,0.19071288947429066,1.5980778442119452,0.003866443844803946,1.5980778442119452,0.003866443844803946,1.5980778442119452,0.003866443844803946,1.5980778442119452,0.003866443844803946,1.6019298081045874,1.447995216175002e-05
0.15,0.5673828125,1.6019442880567492,0.0,1.4364296197891235,0.16551466826762562,1.5980778442119452,0.003866443844803946,1.5980778442119452,0.003866443844803946,1.5980778442119452,0.003866443844803946,1.5980778442119452,0.003866443844803946,1.6019671079659785,2.281990922936572e-05
0.15,0.5693359375,1.6019442880567492,0.0,1.4583555459976196,0.14358874205912953,1.5980778442119452,0.003866443844803946,1.5980778442119452,0.003866443844803946,1.5980778442119452,0.003866443844803946,1.5980778442119452,0.003866443844803946,1.6019349567770815,9.331279667623704e-06
0.15,0.5712890625,1.6019442880567492,0.0,1.4756996631622314,0.1262446248945177,1.5997986727116413,0.002145615345107821,1.5985080513368692,0.003436236719879915,1.5985084570584105,0.0034358309983386626,1.5985080513368692,0.003436236719879915,1.601983889880455,3.96018237058815e-05
0.15,0.5732421875,1.6019442880567492,0.0,1.4873000383377075,0.11464424971904164,1.5997986727116413,0.002145615345107821,1.5993684655867173,0.002575822470031852,1.599368600827231,0.0025756872295181754,1.5993684655867173,0.002575822470031852,1.601962016218336,1.7728161586738622e-05
0.15,0.5751953125,1.6019442880567492,0.0,1.4922735691070557,0.10967071894969349,1.5997986727116413,0.002145615345107821,1.6002288798365654,0.0017154082201837895,1.6002287445960517,0.0017155434606974662,1.6002288798365654,0.0017154082201837895,1.6019882084414987,4.392038474954063e-05
0.15,0.5771484375,1.6019442880567492,0.0,1.4901442527770996,0.11180003527964955,1.5997986727116413,0.002145615345107821,1.6010892940864134,0.0008549939703357268,1.6010888883648722,0.0008553996918769791,1.6010892940864134,0.0008549939703357268,1.6019527261911732,8.438134424082477e-06
0.15,0.5791015625,1.6019442880567492,0.0,1.480943202972412,0.12100108508433705,1.6053634044726235,0.003419116415874335,1.6053634044726235,0.003419116415874335,1.6053634044726235,0.003419116415874335,1.6053634044726235,0.003419116415874335,1.6019780070739813,3.371901723214776e-05
0.15,0.5810546875,1.6019442880567492,0.0,1.4652546644210815,0.1366896236356676,1.6053634044726235,0.003419116415874335,1.6053634044726235,0.003419116415874335,1.6053634044726235,0.003419116415874335,1.6053634044726235,0.003419116415874335,1.6019559730851427,1.1685028393548791e-05
0.15,0.5830078125,1.6019442880567492,0.0,1.444171667098999,0.15777262095775013,1.6053634044726235,0.003419116415874335,1.6053634044726235,0.003419116415874335,1.6053634044726235,0.003419116415874335,1.6053634044726235,0.003419116415874335,1.6019618766089354,1.7588552186253992e-05
0.15,0.5849609375,1.6019442880567492,0.0,1.419172763824463,0.18277152423228626,1.6053634044726235,0.003419116415874335,1.6053634044726235,0.003419116415874335,1.6053634044726235,0.003419116415874335,1.6053634044726235,0.003419116415874335,1.6019113100600844,3.297799666479584e-05
0.15,0.5869140625,1.6019442880567492,0.0,1.3919378519058228,0.2100064361509264,1.6063513499829036,0.004407061926154476,1.6063513499829036,0.004407061926154476,1.6063513499829036,0.004407061926154476,1.6063513499829036,0.004407061926154476,1.601971253063042,2.6965006292956062e-05
0.15,0.5888671875,1.6019442880567492,0.0,1.3641560077667236,0.23778828029002552,1.6063513499829036,0.004407061926154476,1.6063513499829036,0.004407061926154476,1.6063513499829036,0.004407061926154476,1.6063513499829036,0.004407061926154476,1.6019600920223538,1.5803965604632708e-05
0.15,0.5908203125,1.6019442880567492,0.0,1.3501207828521729,0.2518235052045763,1.6063513499829036,0.004407061926154476,1.6063513499829036,0.004407061926154476,1.6063513499829036,0.004407061926154476,1.6063513499829036,0.004407061926154476,1.6019876170092635,4.332895251435431e-05
0.15,0.5927734375,1.6019442880567492,0.0,1.337105393409729,0.26483889464702015,1.6063513499829036,0.004407061926154476,1.6063513499829036,0.004407061926154476,1.6063513499829036,0.004407061926154476,1.6063513499829036,0.004407061926154476,1.6019279366098265,1.6351446922691082e-05
0.15,0.5947265625,1.6019442880567492,0.0,1.3236684799194336,0.27827580813731556,1.596867171846605,0.0050771162101441725,1.5997649155929667,0.002179372463782414,1.5995679539328351,0.0023763341239140257,1.5997649155929667,0.002179372463782414,1.601934914409126,9.373647623212022e-06
0.15,0.5966796875,1.6019442880567492,0.0,1.3103734254837036,0.29157086257304554,1.596867171846605,0.0050771162101441725,1.5978330864287256,0.004111201628023586,1.597767432542015,0.0041768555147341235,1.5978330864287256,0.004111201628023586,1.6019605144894173,1.622643266818713e-05
0.15,0.5986328125,1.6019442880567492,0.0,1.2977436780929565,0.3042006099637926,1.596867171846605,0.0050771162101441725,1.5959012572644844,0.006043030792264759,1.595966911151195,0.005977376905554221,1.5959012572644844,0.006043030792264759,1.6020356907941513,9.140273740215754e-05
0.15,0.6005859375,1.6019442880567492,0.0,1.2862508296966553,0.3156934583600939,1.596867171846605,0.0050771162101441725,1.5939694281002432,0.00797485995650593,1.5941663897603748,0.007777898296374319,1.5939694281002432,0.00797485995650593,1.6019807246320312,3.643657528207278e-05
0.15,0.6025390625,1.6019442880567492,0.0,1.2763214111328125,0.32562287692393665,1.5908967166689745,0.01104757138777468,1.5908967166689745,0.01104757138777468,1.5908967166689745,0.01104757138777468,1.5908967166689745,0.01104757138777468,1.6018965522437583,4.7735812990890025e-05
0.15,0.6044921875,1.6019442880567492,0.0,1.2683467864990234,0.3335975015577257,1.5908967166689745,0.01104757138777468,1.5908967166689745,0.01104757138777468,1.5908967166689745,0.01104757138777468,1.5908967166689745,0.01104757138777468,1.6018163474564429,0.00012794060030629772
0.15,0.6064453125,1.6019442880567492,0.0,1.2626999616622925,0.3392443263944567,1.5908967166689745,0.01104757138777468,1.5908967166689745,0.01104757138777468,1.5908967166689745,0.01104757138777468,1.5908967166689745,0.01104757138777468,1.602034614426696,9.032636994676935e-05
0.15,0.6083984375,1.6019442880567492,0.0,1.2597488164901733,0.3421954715665758,1.5908967166689745,0.01104757138777468,1.5908967166689745,0.01104757138777468,1.5908967166689745,0.01104757138777468,1.5908967166689745,0.01104757138777468,1.6022010464588965,0.000256758402147339
0.15,0.6103515625,1.6019442880567492,0.0,1.2614485025405884,0.3404957855161608,1.6028064143029628,0.0008621262462136237,1.5973307072628404,0.0046135807939087226,1.5973306705615706,0.004613617495178524,1.5973307072628404,0.0046135807939087226,1.6020359578740115,9.166981726238532e-05
0.15,0.6123046875,1.6019442880567492,0.0,1.2707637548446655,0.3311805332120836,1.6028064143029628,0.0008621262462136237,1.600981178622922,0.0009631094338271584,1.600980778499737,0.0009635095570121877,1.600981178622922,0.0009631094338271584,1.6015392524101975,0.0004050356465516991
0.15,0.6142578125,1.6019442880567492,0.0,1.2818855047225952,0.32005878333415394,1.6028064143029628,0.0008621262462136237,1.6046316499830036,0.0026873619262544057,1.6046319416439285,0.0026876535871793727,1.6046316499830036,0.0026873619262544057,1.6016439547327845,0.00030033332396461887
0.15,0.6162109375,1.6019442880567492,0.0,1.2945637702941895,0.3073805177625597,1.6028064143029628,0.0008621262462136237,1.6082821213430851,0.00633783328633597,1.608282266506615,0.006337978449865833,1.6082821213430851,0.00633783328633597,1.602402112678119,0.0004578246213697845
0.15,0.6181640625,1.6019442880567492,0.0,1.3084806203842163,0.29346366767253285,1.6201004875496272,0.018156199492878056,1.6201004875496272,0.018156199492878056,1.6201004875496272,0.018156199492878056,1.6201004875496272,0.018156199492878056,1.602697303057824,0.0007530150010748304
0.15,0.6201171875,1.6019442880567492,0.0,1.3232176303863525,0.2787266576703966,1.6201004875496272,0.018156199492878056,1.6201004875496272,0.018156199492878056,1.6201004875496272,0.018156199492878056,1.6201004875496272,0.018156199492878056,1.601719543943608,0.00022474411314110654
0.15,0.6220703125,1.6019442880567492,0.0,1.345837950706482,0.2561063373502672,1.6201004875496272,0.018156199492878056,1.6201004875496272,0.018156199492878056,1.6201004875496272,0.018156199492878056,1.6201004875496272,0.018156199492878056,1.6007836996397935,0.0011605884169556546
0.15,0.6240234375,1.6019442880567492,0.0,1.3763436079025269,0.2256006801542223,1.6201004875496272,0.018156199492878056,1.6201004875496272,0.018156199492878056,1.6201004875496272,0.018156199492878056,1.6201004875496272,0.018156199492878056,1.6012200136018322,0.0007242744549169622
0.15,0.6259765625,1.6019442880567492,0.0011281039659629692,1.4109909534454346,0.19095333461131458,1.609645366908742,0.007701078851992893,1.617486707389406,0.015542419332656765,1.6174867073559784,0.015542419299229282,1.6174778615421113,0.015533573485362107,1.6036638220919097,0.0017195340351605637
0.15,0.6279296875,1.6019442880567492,0.0011281039659629692,1.4489246606826782,0.15301962737407093,1.609645366908742,0.007701078851992893,1.6122591470689633,0.010314859012214184,1.612259147057821,0.010314859001071763,1.6122561984531985,0.010311910396449298,1.6043312471879234,0.00238695913117426
0.15,0.6298828125,1.6019442880567492,0.0011281039659629692,1.471671223640442,0.13027306441630726,1.609645366908742,0.007701078851992893,1.6070315867485208,0.005087298691771602,1.6070315867596632,0.005087298702914023,1.6070345353642856,0.0050902473075364885,1.6001937123712602,0.0017505756854889754
0.15,0.6318359375,1.6019442880567492,0.0011281039659629692,1.4673302173614502,0.13461407069529896,1.609645366908742,0.007701078851992893,1.6018040264280782,0.00014026162867097902,1.6018040264615057,0.00014026159524349602,1.6018128722753728,0.0001314157813763206,1.5971147124279628,0.004829575628786387
0.15,0.6337890625,1.6019442880567492,5.9903127678180764e-05,1.4601269960403442,0.14181729201640492,1.565384522458782,0.03655976559796725,1.565384522458782,0.03655976559796725,1.565384522458782,0.03655976559796725,1.565384522458782,0.03655976559796725,1.601804122876385,0.00014016518036408243
0.15,0.6357421875,1.6019442880567492,5.9903127678180764e-05,1.4501088857650757,0.15183540229167347,1.565384522458782,0.03655976559796725,1.565384522458782,0.03655976559796725,1.565384522458782,0.03655976559796725,1.565384522458782,0.03655976559796725,1.6096512363553497,0.0077069482986005244
0.15,0.6376953125,1.6019442880567492,5.9903127678180764e-05,1.4372375011444092,0.16470678691233998,1.565384522458782,0.03655976559796725,1.565384522458782,0.03655976559796725,1.565384522458782,0.03655976559796725,1.565384522458782,0.03655976559796725,1.6067575501427702,0.004813262086021064
0.15,0.6396484375,1.6019442880567492,5.9903127678180764e-05,1.421420931816101,0.18052335624064808,1.565384522458782,0.03655976559796725,1.565384522458782,0.03655976559796725,1.565384522458782,0.03655976559796725,1.565384522458782,0.03655976559796725,1.5915892470491357,0.01035504100761342
0.15,0.6416015625,1.6019442880567492,0.0007895463574838148,1.4026296138763428,0.19931467418040638,1.5181781468252344,0.08376614123151471,1.553582928550395,0.04836135950635412,1.5535834561630408,0.04836083189370832,1.5536366980413636,0.04830759001538554,1.590293554886746,0.011650733170003091
0.15,0.6435546875,1.6019442880567492,0.0007895463574838148,1.3834877014160156,0.21845658664073353,1.5181781468252344,0.08376614123151471,1.5299797407336213,0.07196454732312785,1.5299804512099944,0.07196383684675478,1.5300521460355556,0.07189214202119354,1.609623446675942,0.007679158619192883
0.15,0.6455078125,1.6019442880567492,0.0007895463574838148,1.3770811557769775,0.22486313227977162,1.5181781468252344,0.08376614123151471,1.5063765529168476,0.09556773513990158,1.506377446256948,0.09556684179980124,1.5064675940297476,0.09547669402700154,1.6221643942064952,0.02022010614974601
0.15,0.6474609375,1.6019442880567492,0.0007895463574838148,1.3712061643600464,0.23073812369670277,1.5181781468252344,0.08376614123151471,1.4827733651000738,0.11917092295667531,1.4827712336709544,0.11917305438579473,1.482556149194271,0.11938813886247823,1.5430155586306211,0.058928729426128035
0.15,0.6494140625,1.6019442880567492,0.02531289280696807,1.366536021232605,0.23540826682414417,1.2159061650166103,0.38603812304013885,1.3108021064277555,0.29114218162899363,1.3108028377032381,0.291141450353511,1.317805773060626,0.2841385149961231,1.3540466416249124,0.24789764643183676
0.15,0.6513671875,1.0,0.02531289280696807,1.3636584281921387,0.36365842819213867,1.2159061650166103,0.2159061650166103,1.247538145486992,0.24753814548699205,1.2475381042506992,0.24753810425069922,1.2471432119026278,0.24714321190262778,1.0613563275019144,0.06135632750191444
0.15,0.6533203125,1.0,0.02531289280696807,1.3630489110946655,0.3630489110946655,1.2159061650166103,0.2159061650166103,1.1842741845462286,0.18427418454622857,1.1842737559232777,0.18427375592327766,1.1801691210910565,0.18016912109105654,1.0,0.0
0.15,0.6552734375,1.0,0.02531289280696807,1.3650469779968262,0.36504697799682617,1.2159061650166103,0.2159061650166103,1.121010223605465,0.1210102236054651,1.121009962189226,0.121009962189226,1.1185065540121308,0.11850655401213084,1.0,0.0
0.15,0.6572265625,1.0,0.00010376084046403297,1.3698415756225586,0.3698415756225586,1.0120664592991266,0.012066459299126642,1.0211163037734716,0.021116303773471623,1.0211163063369944,0.02111630633699435,1.021118528178868,0.021118528178867946,1.0,0.0
0.15,0.6591796875,1.0,0.00010376084046403297,1.3774592876434326,0.3774592876434326,1.0120664592991266,0.012066459299126642,1.0150830741239083,0.015083074123908302,1.0150830725479503,0.015083072547950271,1.0150817066424638,0.015081706642463777,1.0,0.0
0.15,0.6611328125,1.0,0.00010376084046403297,1.3709988594055176,0.3709988594055176,1.0120664592991266,0.012066459299126642,1.009049844474345,0.009049844474344981,1.0090498436198374,0.009049843619837405,1.0090491030058795,0.009049103005879466,1.0,0.0
0.15,0.6630859375,1.0,0.00010376084046403297,1.3663461208343506,0.3663461208343506,1.0120664592991266,0.012066459299126642,1.0030166148247817,0.0030166148247816604,1.0030166146917245,0.0030166146917245396,1.0030164993692954,0.003016499369295378,1.0,0.0
0.15,0.6650390625,1.0,0.0,1.3646960258483887,0.36469602584838867,1.0,0.0,1.0,0.0,1.0,0.0,1.0,0.0,1.0,0.0
0.15,0.6669921875,1.0,0.0,1.3650723695755005,0.3650723695755005,1.0,0.0,1.0,0.0,1.0,0.0,1.0,0.0,1.0,0.0
0.15,0.6689453125,1.0,0.0,1.3664416074752808,0.36644160747528076,1.0,0.0,1.0,0.0,1.0,0.0,1.0,0.0,1.0,0.0
0.15,0.6708984375,1.0,0.0,1.367721438407898,0.36772143840789795,1.0,0.0,1.0,0.0,1.0,0.0,1.0,0.0,1.0,0.0
0.15,0.6728515625,1.0,0.0,1.3720308542251587,0.3720308542251587,1.0,0.0,1.0,0.0,1.0,0.0,1.0,0.0,1.0,0.0
0.15,0.6748046875,1.0,0.0,1.4125313758850098,0.41253137588500977,1.0,0.0,1.0,0.0,1.0,0.0,1.0,0.0,1.0,0.0
0.15,0.6767578125,1.0,0.0,1.4530916213989258,0.4530916213989258,1.0,0.0,1.0,0.0,1.0,0.0,1.0,0.0,1.0,0.0
0.15,0.6787109375,1.0,0.0,1.4911962747573853,0.49119627475738525,1.0,0.0,1.0,0.0,1.0,0.0,1.0,0.0,1.0,0.0
0.15,0.6806640625,1.0,0.0,1.5006277561187744,0.5006277561187744,1.0,0.0,1.0,0.0,1.0,0.0,1.0,0.0,1.0,0.0
0.15,0.6826171875,1.0,0.0,1.4939415454864502,0.4939415454864502,1.0,0.0,1.0,0.0,1.0,0.0,1.0,0.0,1.0,0.0
0.15,0.6845703125,1.0,0.0,1.4810101985931396,0.48101019859313965,1.0,0.0,1.0,0.0,1.0,0.0,1.0,0.0,1.0,0.0
0.15,0.6865234375,1.0,0.0,1.4616756439208984,0.46167564392089844,1.0,0.0,1.0,0.0,1.0,0.0,1.0,0.0,1.0,0.0
0.15,0.6884765625,1.0,0.0,1.4362025260925293,0.4362025260925293,1.0,0.0,1.0,0.0,1.0,0.0,1.0,0.0,1.0,0.0
0.15,0.6904296875,1.0,0.0,1.4053411483764648,0.40534114837646484,1.0,0.0,1.0,0.0,1.0,0.0,1.0,0.0,1.0,0.0
0.15,0.6923828125,1.0,0.0,1.3703126907348633,0.3703126907348633,1.0,0.0,1.0,0.0,1.0,0.0,1.0,0.0,1.0,0.0
0.15,0.6943359375,1.0,0.0,1.3326902389526367,0.3326902389526367,1.0,0.0,1.0,0.0,1.0,0.0,1.0,0.0,1.0,0.0
0.15,0.6962890625,1.0,0.0,1.2942124605178833,0.2942124605178833,1.0,0.0,1.0,0.0,1.0,0.0,1.0,0.0,1.0,0.0
0.15,0.6982421875,1.0,0.0,1.2565760612487793,0.2565760612487793,1.0,0.0,1.0,0.0,1.0,0.0,1.0,0.0,1.0,0.0
0.15,0.7001953125,1.0,0.0,1.2212629318237305,0.22126293182373047,1.0,0.0,1.0,0.0,1.0,0.0,1.0,0.0,1.0,0.0
0.15,0.7021484375,1.0,0.0,1.1894370317459106,0.18943703174591064,1.0,0.0,1.0,0.0,1.0,0.0,1.0,0.0,1.0,0.0
0.15,0.7041015625,1.0,0.0,1.1619073152542114,0.16190731525421143,1.0,0.0,1.0,0.0,1.0,0.0,1.0,0.0,1.0,0.0
0.15,0.7060546875,1.0,0.0,1.1391490697860718,0.13914906978607178,1.0,0.0,1.0,0.0,1.0,0.0,1.0,0.0,1.0,0.0
0.15,0.7080078125,1.0,0.0,1.1213438510894775,0.12134385108947754,1.0,0.0,1.0,0.0,1.0,0.0,1.0,0.0,1.0,0.0
0.15,0.7099609375,1.0,0.0,1.1084258556365967,0.10842585563659668,1.0,0.0,1.0,0.0,1.0,0.0,1.0,0.0,1.0,0.0
0.15,0.7119140625,1.0,0.0,1.1001232862472534,0.10012328624725342,1.0,0.0,1.0,0.0,1.0,0.0,1.0,0.0,1.0,0.0
0.15,0.7138671875,1.0,0.0,1.0959875583648682,0.09598755836486816,1.0,0.0,1.0,0.0,1.0,0.0,1.0,0.0,1.0,0.0
0.15,0.7158203125,1.0,0.0,1.089011549949646,0.089011549949646,1.0,0.0,1.0,0.0,1.0,0.0,1.0,0.0,1.0,0.0
0.15,0.7177734375,1.0,0.0,1.0620025396347046,0.06200253963470459,1.0,0.0,1.0,0.0,1.0,0.0,1.0,0.0,1.0,0.0
0.15,0.7197265625,1.0,0.0,1.0370475053787231,0.037047505378723145,1.0,0.0,1.0,0.0,1.0,0.0,1.0,0.0,1.0,0.0
0.15,0.7216796875,1.0,0.0,1.0135799646377563,0.013579964637756348,1.0,0.0,1.0,0.0,1.0,0.0,1.0,0.0,1.0,0.0
0.15,0.7236328125,1.0,0.0,0.9909493327140808,0.00905066728591919,1.0,0.0,1.0,0.0,1.0,0.0,1.0,0.0,1.0,0.0
0.15,0.7255859375,1.0,0.0,0.968485414981842,0.03151458501815796,1.0,0.0,1.0,0.0,1.0,0.0,1.0,0.0,1.0,0.0
0.15,0.7275390625,1.0,0.0,0.9455628991127014,0.054437100887298584,1.0,0.0,1.0,0.0,1.0,0.0,1.0,0.0,1.0,0.0
0.15,0.7294921875,1.0,0.0,0.9216660261154175,0.07833397388458252,1.0,0.0,1.0,0.0,1.0,0.0,1.0,0.0,1.0,0.0
0.15,0.7314453125,1.0,0.0,0.8964409232139587,0.10355907678604126,1.0,0.0,1.0,0.0,1.0,0.0,1.0,0.0,1.0,0.0
0.15,0.7333984375,1.0,0.0,0.8697385191917419,0.13026148080825806,1.0,0.0,1.0,0.0,1.0,0.0,1.0,0.0,1.0,0.0
0.15,0.7353515625,1.0,0.0,0.8550008535385132,0.14499914646148682,1.0,0.0,1.0,0.0,1.0,0.0,1.0,0.0,1.0,0.0
0.15,0.7373046875,1.0,0.0,0.8490858674049377,0.15091413259506226,1.0,0.0,1.0,0.0,1.0,0.0,1.0,0.0,1.0,0.0
0.15,0.7392578125,1.0,0.0,0.8415813446044922,0.1584186553955078,1.0,0.0,1.0,0.0,1.0,0.0,1.0,0.0,1.0,0.0
0.15,0.7412109375,1.0,0.0,0.8328546285629272,0.16714537143707275,1.0,0.0,1.0,0.0,1.0,0.0,1.0,0.0,1.0,0.0
0.15,0.7431640625,1.0,0.0,0.8233460187911987,0.17665398120880127,1.0,0.0,1.0,0.0,1.0,0.0,1.0,0.0,1.0,0.0
0.15,0.7451171875,1.0,0.0,0.8135210275650024,0.18647897243499756,1.0,0.0,1.0,0.0,1.0,0.0,1.0,0.0,1.0,0.0
0.15,0.7470703125,1.0,0.0,0.8038312792778015,0.1961687207221985,1.0,0.0,1.0,0.0,1.0,0.0,1.0,0.0,1.0,0.0
0.15,0.7490234375,1.0,0.0,0.7946848273277283,0.20531517267227173,1.0,0.0,1.0,0.0,1.0,0.0,1.0,0.0,1.0,0.0
0.15,0.7509765625,1.0,0.0,0.7864264845848083,0.21357351541519165,1.0,0.0,1.0,0.0,1.0,0.0,1.0,0.0,1.0,0.0
0.15,0.7529296875,1.0,0.0,0.7793288826942444,0.22067111730575562,1.0,0.0,1.0,0.0,1.0,0.0,1.0,0.0,1.0,0.0
0.15,0.7548828125,1.0,0.0,0.7735851407051086,0.22641485929489136,1.0,0.0,1.0,0.0,1.0,0.0,1.0,0.0,1.0,0.0
0.15,0.7568359375,1.0,0.0,0.7693086862564087,0.2306913137435913,1.0,0.0,1.0,0.0,1.0,0.0,1.0,0.0,1.0,0.0
0.15,0.7587890625,1.0,0.0,0.7665337920188904,0.23346620798110962,1.0,0.0,1.0,0.0,1.0,0.0,1.0,0.0,1.0,0.0
0.15,0.7607421875,1.0,0.0,0.7652245163917542,0.23477548360824585,1.0,0.0,1.0,0.0,1.0,0.0,1.0,0.0,1.0,0.0
0.15,0.7626953125,1.0,0.0,0.7652866244316101,0.2347133755683899,1.0,0.0,1.0,0.0,1.0,0.0,1.0,0.0,1.0,0.0
0.15,0.7646484375,1.0,0.0,0.7665847539901733,0.23341524600982666,1.0,0.0,1.0,0.0,1.0,0.0,1.0,0.0,1.0,0.0
0.15,0.7666015625,1.0,0.0,0.7689617276191711,0.23103827238082886,1.0,0.0,1.0,0.0,1.0,0.0,1.0,0.0,1.0,0.0
0.15,0.7685546875,1.0,0.0,0.7722625136375427,0.22773748636245728,1.0,0.0,1.0,0.0,1.0,0.0,1.0,0.0,1.0,0.0
0.15,0.7705078125,1.0,0.0,0.7763510346412659,0.22364896535873413,1.0,0.0,1.0,0.0,1.0,0.0,1.0,0.0,1.0,0.0
0.15,0.7724609375,1.0,0.0,0.7811271548271179,0.21887284517288208,1.0,0.0,1.0,0.0,1.0,0.0,1.0,0.0,1.0,0.0
0.15,0.7744140625,1.0,0.0,0.7865321636199951,0.21346783638000488,1.0,0.0,1.0,0.0,1.0,0.0,1.0,0.0,1.0,0.0
0.15,0.7763671875,1.0,0.0,0.7925474047660828,0.20745259523391724,1.0,0.0,1.0,0.0,1.0,0.0,1.0,0.0,1.0,0.0
0.15,0.7783203125,1.0,0.0,0.7991818189620972,0.20081818103790283,1.0,0.0,1.0,0.0,1.0,0.0,1.0,0.0,1.0,0.0
0.15,0.7802734375,1.0,0.0,0.8064500689506531,0.19354993104934692,1.0,0.0,1.0,0.0,1.0,0.0,1.0,0.0,1.0,0.0
0.15,0.7822265625,1.0,0.0,0.8143519163131714,0.1856480836868286,1.0,0.0,1.0,0.0,1.0,0.0,1.0,0.0,1.0,0.0
0.15,0.7841796875,1.0,0.0,0.8228521943092346,0.17714780569076538,1.0,0.0,1.0,0.0,1.0,0.0,1.0,0.0,1.0,0.0
0.15,0.7861328125,1.0,0.0,0.8318670988082886,0.16813290119171143,1.0,0.0,1.0,0.0,1.0,0.0,1.0,0.0,1.0,0.0
0.15,0.7880859375,1.0,0.0,0.8412591218948364,0.15874087810516357,1.0,0.0,1.0,0.0,1.0,0.0,1.0,0.0,1.0,0.0
0.15,0.7900390625,1.0,0.0,0.8508391380310059,0.14916086196899414,1.0,0.0,1.0,0.0,1.0,0.0,1.0,0.0,1.0,0.0
0.15,0.7919921875,1.0,0.0,0.8603765964508057,0.13962340354919434,1.0,0.0,1.0,0.0,1.0,0.0,1.0,0.0,1.0,0.0
0.15,0.7939453125,1.0,0.0,0.8696169853210449,0.13038301467895508,1.0,0.0,1.0,0.0,1.0,0.0,1.0,0.0,1.0,0.0
0.15,0.7958984375,1.0,0.0,0.8783026337623596,0.12169736623764038,1.0,0.0,1.0,0.0,1.0,0.0,1.0,0.0,1.0,0.0
0.15,0.7978515625,1.0,0.0,0.8861967325210571,0.11380326747894287,1.0,0.0,1.0,0.0,1.0,0.0,1.0,0.0,1.0,0.0
0.15,0.7998046875,1.0,0.0,0.8931020498275757,0.10689795017242432,1.0,0.0,1.0,0.0,1.0,0.0,1.0,0.0,1.0,0.0
0.15,0.8017578125,1.0,0.0,0.8988715410232544,0.1011284589767456,1.0,0.0,1.0,0.0,1.0,0.0,1.0,0.0,1.0,0.0
0.15,0.8037109375,1.0,0.0,0.9034148454666138,0.09658515453338623,1.0,0.0,1.0,0.0,1.0,0.0,1.0,0.0,1.0,0.0
0.15,0.8056640625,1.0,0.0,0.9066985845565796,0.09330141544342041,1.0,0.0,1.0,0.0,1.0,0.0,1.0,0.0,1.0,0.0
0.15,0.8076171875,1.0,0.0,0.9087505340576172,0.09124946594238281,1.0,0.0,1.0,0.0,1.0,0.0,1.0,0.0,1.0,0.0
0.15,0.8095703125,1.0,0.0,0.9096673727035522,0.09033262729644775,1.0,0.0,1.0,0.0,1.0,0.0,1.0,0.0,1.0,0.0
0.15,0.8115234375,1.0,0.0,0.9096256494522095,0.09037435054779053,1.0,0.0,1.0,0.0,1.0,0.0,1.0,0.0,1.0,0.0
0.15,0.8134765625,1.0,0.0,0.9088835716247559,0.09111642837524414,1.0,0.0,1.0,0.0,1.0,0.0,1.0,0.0,1.0,0.0
0.15,0.8154296875,1.0,0.0,0.9077696800231934,0.09223031997680664,1.0,0.0,1.0,0.0,1.0,0.0,1.0,0.0,1.0,0.0
0.15,0.8173828125,1.0,0.0,0.9066591858863831,0.09334081411361694,1.0,0.0,1.0,0.0,1.0,0.0,1.0,0.0,1.0,0.0
0.15,0.8193359375,1.0,0.0,0.9059348702430725,0.09406512975692749,1.0,0.0,1.0,0.0,1.0,0.0,1.0,0.0,1.0,0.0
0.15,0.8212890625,1.0,0.0,0.9059510827064514,0.09404891729354858,1.0,0.0,1.0,0.0,1.0,0.0,1.0,0.0,1.0,0.0
0.15,0.8232421875,1.0,0.0,0.9069986939430237,0.09300130605697632,1.0,0.0,1.0,0.0,1.0,0.0,1.0,0.0,1.0,0.0
0.15,0.8251953125,1.0,0.0,0.9092786908149719,0.09072130918502808,1.0,0.0,1.0,0.0,1.0,0.0,1.0,0.0,1.0,0.0
0.15,0.8271484375,1.0,0.0,0.9128785133361816,0.08712148666381836,1.0,0.0,1.0,0.0,1.0,0.0,1.0,0.0,1.0,0.0
0.15,0.8291015625,1.0,0.0,0.9177574515342712,0.08224254846572876,1.0,0.0,1.0,0.0,1.0,0.0,1.0,0.0,1.0,0.0
0.15,0.8310546875,1.0,0.0,0.9237332940101624,0.07626670598983765,1.0,0.0,1.0,0.0,1.0,0.0,1.0,0.0,1.0,0.0
0.15,0.8330078125,1.0,0.0,0.9304803013801575,0.06951969861984253,1.0,0.0,1.0,0.0,1.0,0.0,1.0,0.0,1.0,0.0
0.15,0.8349609375,1.0,0.0,0.9375396370887756,0.062460362911224365,1.0,0.0,1.0,0.0,1.0,0.0,1.0,0.0,1.0,0.0
0.15,0.8369140625,1.0,0.0,0.9369062185287476,0.06309378147125244,1.0,0.0,1.0,0.0,1.0,0.0,1.0,0.0,1.0,0.0
0.15,0.8388671875,1.0,0.0,0.9324251413345337,0.06757485866546631,1.0,0.0,1.0,0.0,1.0,0.0,1.0,0.0,1.0,0.0
0.15,0.8408203125,1.0,0.0,0.9277634620666504,0.07223653793334961,1.0,0.0,1.0,0.0,1.0,0.0,1.0,0.0,1.0,0.0
0.15,0.8427734375,1.0,0.0,0.9226988554000854,0.07730114459991455,1.0,0.0,1.0,0.0,1.0,0.0,1.0,0.0,1.0,0.0
0.15,0.8447265625,1.0,0.0,0.9170276522636414,0.08297234773635864,1.0,0.0,1.0,0.0,1.0,0.0,1.0,0.0,1.0,0.0
0.15,0.8466796875,1.0,0.0,0.9105746746063232,0.08942532539367676,1.0,0.0,1.0,0.0,1.0,0.0,1.0,0.0,1.0,0.0
0.15,0.8486328125,1.0,0.0,0.9032056331634521,0.09679436683654785,1.0,0.0,1.0,0.0,1.0,0.0,1.0,0.0,1.0,0.0
0.15,0.8505859375,1.0,0.0,0.8948433995246887,0.10515660047531128,1.0,0.0,1.0,0.0,1.0,0.0,1.0,0.0,1.0,0.0
0.15,0.8525390625,1.0,0.0,0.8854795098304749,0.11452049016952515,1.0,0.0,1.0,0.0,1.0,0.0,1.0,0.0,1.0,0.0
0.15,0.8544921875,1.0,0.0,0.8751842379570007,0.12481576204299927,1.0,0.0,1.0,0.0,1.0,0.0,1.0,0.0,1.0,0.0
0.15,0.8564453125,1.0,0.0,0.8641048073768616,0.13589519262313843,1.0,0.0,1.0,0.0,1.0,0.0,1.0,0.0,1.0,0.0
0.15,0.8583984375,1.0,0.0,0.8524564504623413,0.1475435495376587,1.0,0.0,1.0,0.0,1.0,0.0,1.0,0.0,1.0,0.0
0.15,0.8603515625,1.0,0.0,0.8405041694641113,0.15949583053588867,1.0,0.0,1.0,0.0,1.0,0.0,1.0,0.0,1.0,0.0
0.15,0.8623046875,1.0,0.0,0.8285386562347412,0.1714613437652588,1.0,0.0,1.0,0.0,1.0,0.0,1.0,0.0,1.0,0.0
0.15,0.8642578125,1.0,0.0,0.8168518543243408,0.18314814567565918,1.0,0.0,1.0,0.0,1.0,0.0,1.0,0.0,1.0,0.0
0.15,0.8662109375,1.0,0.0,0.8057100176811218,0.19428998231887817,1.0,0.0,1.0,0.0,1.0,0.0,1.0,0.0,1.0,0.0
0.15,0.8681640625,1.0,0.0,0.7953361868858337,0.20466381311416626,1.0,0.0,1.0,0.0,1.0,0.0,1.0,0.0,1.0,0.0
0.15,0.8701171875,1.0,0.0,0.7858952283859253,0.2141047716140747,1.0,0.0,1.0,0.0,1.0,0.0,1.0,0.0,1.0,0.0
0.15,0.8720703125,1.0,0.0,0.7774873971939087,0.2225126028060913,1.0,0.0,1.0,0.0,1.0,0.0,1.0,0.0,1.0,0.0
0.15,0.8740234375,1.0,0.0,0.7701485753059387,0.22985142469406128,1.0,0.0,1.0,0.0,1.0,0.0,1.0,0.0,1.0,0.0
0.15,0.8759765625,1.0,0.0,0.763857901096344,0.236142098903656,1.0,0.0,1.0,0.0,1.0,0.0,1.0,0.0,1.0,0.0
0.15,0.8779296875,1.0,0.0,0.758549690246582,0.24145030975341797,1.0,0.0,1.0,0.0,1.0,0.0,1.0,0.0,1.0,0.0
0.15,0.8798828125,1.0,0.0,0.7541264891624451,0.24587351083755493,1.0,0.0,1.0,0.0,1.0,0.0,1.0,0.0,1.0,0.0
0.15,0.8818359375,1.0,0.0,0.7504745721817017,0.24952542781829834,1.0,0.0,1.0,0.0,1.0,0.0,1.0,0.0,1.0,0.0
0.15,0.8837890625,1.0,0.0,0.747474730014801,0.252525269985199,1.0,0.0,1.0,0.0,1.0,0.0,1.0,0.0,1.0,0.0
0.15,0.8857421875,1.0,0.0,0.7450136542320251,0.25498634576797485,1.0,0.0,1.0,0.0,1.0,0.0,1.0,0.0,1.0,0.0
0.15,0.8876953125,1.0,0.0,0.7429918646812439,0.2570081353187561,1.0,0.0,1.0,0.0,1.0,0.0,1.0,0.0,1.0,0.0
0.15,0.8896484375,1.0,0.0,0.7413334846496582,0.2586665153503418,1.0,0.0,1.0,0.0,1.0,0.0,1.0,0.0,1.0,0.0
0.15,0.8916015625,1.0,0.0,0.7399923801422119,0.2600076198577881,1.0,0.0,1.0,0.0,1.0,0.0,1.0,0.0,1.0,0.0
0.15,0.8935546875,1.0,0.0,0.7389582991600037,0.26104170083999634,1.0,0.0,1.0,0.0,1.0,0.0,1.0,0.0,1.0,0.0
0.15,0.8955078125,1.0,0.0,0.7382547855377197,0.2617452144622803,1.0,0.0,1.0,0.0,1.0,0.0,1.0,0.0,1.0,0.0
0.15,0.8974609375,1.0,0.0,0.7379329204559326,0.2620670795440674,1.0,0.0,1.0,0.0,1.0,0.0,1.0,0.0,1.0,0.0
0.15,0.8994140625,1.0,0.0,0.7380607724189758,0.26193922758102417,1.0,0.0,1.0,0.0,1.0,0.0,1.0,0.0,1.0,0.0
0.15,0.9013671875,1.0,0.0,0.7387090921401978,0.26129090785980225,1.0,0.0,1.0,0.0,1.0,0.0,1.0,0.0,1.0,0.0
0.15,0.9033203125,1.0,0.0,0.7399395108222961,0.26006048917770386,1.0,0.0,1.0,0.0,1.0,0.0,1.0,0.0,1.0,0.0
0.15,0.9052734375,1.0,0.0,0.7417945861816406,0.2582054138183594,1.0,0.0,1.0,0.0,1.0,0.0,1.0,0.0,1.0,0.0
0.15,0.9072265625,1.0,0.0,0.7442931532859802,0.2557068467140198,1.0,0.0,1.0,0.0,1.0,0.0,1.0,0.0,1.0,0.0
0.15,0.9091796875,1.0,0.0,0.7474271655082703,0.25257283449172974,1.0,0.0,1.0,0.0,1.0,0.0,1.0,0.0,1.0,0.0
0.15,0.9111328125,1.0,0.0,0.7511617541313171,0.24883824586868286,1.0,0.0,1.0,0.0,1.0,0.0,1.0,0.0,1.0,0.0
0.15,0.9130859375,1.0,0.0,0.755431592464447,0.24456840753555298,1.0,0.0,1.0,0.0,1.0,0.0,1.0,0.0,1.0,0.0
0.15,0.9150390625,1.0,0.0,0.7546035647392273,0.2453964352607727,1.0,0.0,1.0,0.0,1.0,0.0,1.0,0.0,1.0,0.0
0.15,0.9169921875,1.0,0.0,0.7553194761276245,0.2446805238723755,1.0,0.0,1.0,0.0,1.0,0.0,1.0,0.0,1.0,0.0
0.15,0.9189453125,1.0,0.0,0.7574555277824402,0.24254447221755981,1.0,0.0,1.0,0.0,1.0,0.0,1.0,0.0,1.0,0.0
0.15,0.9208984375,1.0,0.0,0.761195957660675,0.23880404233932495,1.0,0.0,1.0,0.0,1.0,0.0,1.0,0.0,1.0,0.0
0.15,0.9228515625,1.0,0.0,0.7687925100326538,0.2312074899673462,1.0,0.0,1.0,0.0,1.0,0.0,1.0,0.0,1.0,0.0
0.15,0.9248046875,1.0,0.0,0.7766390442848206,0.22336095571517944,1.0,0.0,1.0,0.0,1.0,0.0,1.0,0.0,1.0,0.0
0.15,0.9267578125,1.0,0.0,0.7847662568092346,0.21523374319076538,1.0,0.0,1.0,0.0,1.0,0.0,1.0,0.0,1.0,0.0
0.15,0.9287109375,1.0,0.0,0.7929661870002747,0.20703381299972534,1.0,0.0,1.0,0.0,1.0,0.0,1.0,0.0,1.0,0.0
0.15,0.9306640625,1.0,0.0,0.7957019209861755,0.20429807901382446,1.0,0.0,1.0,0.0,1.0,0.0,1.0,0.0,1.0,0.0
0.15,0.9326171875,1.0,0.0,0.7974045276641846,0.20259547233581543,1.0,0.0,1.0,0.0,1.0,0.0,1.0,0.0,1.0,0.0
0.15,0.9345703125,1.0,0.0,0.7978358864784241,0.20216411352157593,1.0,0.0,1.0,0.0,1.0,0.0,1.0,0.0,1.0,0.0
0.15,0.9365234375,1.0,0.0,0.7967577576637268,0.2032422423362732,1.0,0.0,1.0,0.0,1.0,0.0,1.0,0.0,1.0,0.0
0.15,0.9384765625,1.0,0.0,0.7939718961715698,0.20602810382843018,1.0,0.0,1.0,0.0,1.0,0.0,1.0,0.0,1.0,0.0
0.15,0.9404296875,1.0,0.0,0.7893680334091187,0.21063196659088135,1.0,0.0,1.0,0.0,1.0,0.0,1.0,0.0,1.0,0.0
0.15,0.9423828125,1.0,0.0,0.7829572558403015,0.2170427441596985,1.0,0.0,1.0,0.0,1.0,0.0,1.0,0.0,1.0,0.0
0.15,0.9443359375,1.0,0.0,0.7748842835426331,0.22511571645736694,1.0,0.0,1.0,0.0,1.0,0.0,1.0,0.0,1.0,0.0
0.15,0.9462890625,1.0,0.0,0.7654100060462952,0.23458999395370483,1.0,0.0,1.0,0.0,1.0,0.0,1.0,0.0,1.0,0.0
0.15,0.9482421875,1.0,0.0,0.754872739315033,0.24512726068496704,1.0,0.0,1.0,0.0,1.0,0.0,1.0,0.0,1.0,0.0
0.15,0.9501953125,1.0,0.0,0.7436426877975464,0.2563573122024536,1.0,0.0,1.0,0.0,1.0,0.0,1.0,0.0,1.0,0.0
0.15,0.9521484375,1.0,0.0,0.7320780158042908,0.26792198419570923,1.0,0.0,1.0,0.0,1.0,0.0,1.0,0.0,1.0,0.0
0.15,0.9541015625,1.0,0.0,0.7204927206039429,0.27950727939605713,1.0,0.0,1.0,0.0,1.0,0.0,1.0,0.0,1.0,0.0
0.15,0.9560546875,1.0,0.0,0.7091418504714966,0.2908581495285034,1.0,0.0,1.0,0.0,1.0,0.0,1.0,0.0,1.0,0.0
0.15,0.9580078125,1.0,0.0,0.69821697473526,0.30178302526474,1.0,0.0,1.0,0.0,1.0,0.0,1.0,0.0,1.0,0.0
0.15,0.9599609375,1.0,0.0,0.6878505349159241,0.3121494650840759,1.0,0.0,1.0,0.0,1.0,0.0,1.0,0.0,1.0,0.0
0.15,0.9619140625,1.0,0.0,0.6781201362609863,0.32187986373901367,1.0,0.0,1.0,0.0,1.0,0.0,1.0,0.0,1.0,0.0
0.15,0.9638671875,1.0,0.0,0.6690507531166077,0.33094924688339233,1.0,0.0,1.0,0.0,1.0,0.0,1.0,0.0,1.0,0.0
0.15,0.9658203125,1.0,0.0,0.6575194597244263,0.34248054027557373,1.0,0.0,1.0,0.0,1.0,0.0,1.0,0.0,1.0,0.0
0.15,0.9677734375,1.0,0.0,0.6404072046279907,0.3595927953720093,1.0,0.0,1.0,0.0,1.0,0.0,1.0,0.0,1.0,0.0
0.15,0.9697265625,1.0,0.0,0.6245765089988708,0.37542349100112915,1.0,0.0,1.0,0.0,1.0,0.0,1.0,0.0,1.0,0.0
0.15,0.9716796875,1.0,0.0,0.6190968155860901,0.3809031844139099,1.0,0.0,1.0,0.0,1.0,0.0,1.0,0.0,1.0,0.0
0.15,0.9736328125,1.0,0.0,0.6157178282737732,0.3842821717262268,1.0,0.0,1.0,0.0,1.0,0.0,1.0,0.0,1.0,0.0
0.15,0.9755859375,1.0,0.0,0.6128329038619995,0.3871670961380005,1.0,0.0,1.0,0.0,1.0,0.0,1.0,0.0,1.0,0.0
0.15,0.9775390625,1.0,0.0,0.6104984283447266,0.38950157165527344,1.0,0.0,1.0,0.0,1.0,0.0,1.0,0.0,1.0,0.0
0.15,0.9794921875,1.0,0.0,0.6089847683906555,0.3910152316093445,1.0,0.0,1.0,0.0,1.0,0.0,1.0,0.0,1.0,0.0
0.15,0.9814453125,1.0,0.0,0.6046452522277832,0.3953547477722168,1.0,0.0,1.0,0.0,1.0,0.0,1.0,0.0,1.0,0.0
0.15,0.9833984375,1.0,0.0,0.5993557572364807,0.4006442427635193,1.0,0.0,1.0,0.0,1.0,0.0,1.0,0.0,1.0,0.0
0.15,0.9853515625,1.0,0.0,0.5954614877700806,0.40453851222991943,1.0,0.0,1.0,0.0,1.0,0.0,1.0,0.0,1.0,0.0
0.15,0.9873046875,1.0,0.0,0.5936225652694702,0.4063774347305298,1.0,0.0,1.0,0.0,1.0,0.0,1.0,0.0,1.0,0.0
0.15,0.9892578125,1.0,0.0,0.5946000218391418,0.40539997816085815,1.0,0.0,1.0,0.0,1.0,0.0,1.0,0.0,1.0,0.0
0.15,0.9912109375,1.0,0.0,0.5992159843444824,0.4007840156555176,1.0,0.0,1.0,0.0,1.0,0.0,1.0,0.0,1.0,0.0
0.15,0.9931640625,1.0,0.0,0.6082898378372192,0.39171016216278076,1.0,0.0,1.0,0.0,1.0,0.0,1.0,0.0,1.0,0.0
0.15,0.9951171875,1.0,0.0,0.6225394606590271,0.3774605393409729,1.0,0.0,1.0,0.0,1.0,0.0,1.0,0.0,1.0,0.0
0.15,0.9970703125,1.0,0.0,0.6424435377120972,0.35755646228790283,1.0,0.0,1.0,0.0,1.0,0.0,1.0,0.0,1.0,0.0
0.15,0.9990234375,1.0,0.0,0.6680740714073181,0.3319259285926819,1.0,0.0,1.0,0.0,1.0,0.0,1.0,0.0,1.0,0.0
