x,reference_density,fno_operator_density,hllc_piecewise_constant_density,hllc_fixed_mc_subcell_density,physics_gated_dkan_fv_sod_neighbourhood_density,sensor_gated_dkan_fv_engineering_tv_trust_0.02_density,hllc_muscl_fine_density,reference_velocity,fno_operator_velocity,hllc_piecewise_constant_velocity,hllc_fixed_mc_subcell_velocity,physics_gated_dkan_fv_sod_neighbourhood_velocity,sensor_gated_dkan_fv_engineering_tv_trust_0.02_velocity,hllc_muscl_fine_velocity,reference_pressure,fno_operator_pressure,hllc_piecewise_constant_pressure,hllc_fixed_mc_subcell_pressure,physics_gated_dkan_fv_sod_neighbourhood_pressure,sensor_gated_dkan_fv_engineering_tv_trust_0.02_pressure,hllc_muscl_fine_pressure
0.0009765625,1.0,2.754380702972412,1.0,1.0,1.0,1.0,1.0,-1.5,-0.085656076669693,-1.5,-1.5,-1.5,-1.5,-1.5,0.6,1.4777683019638062,0.5999999999999999,0.5999999999999999,0.5999999999999999,0.5999999999999999,0.5999999999999999
0.0029296875,1.0,2.9079971313476562,1.0,1.0,1.0,1.0,1.0,-1.5,-0.10010460019111633,-1.5,-1.5,-1.5,-1.5,-1.5,0.6,1.5252540111541748,0.5999999999999999,0.5999999999999999,0.5999999999999999,0.5999999999999999,0.5999999999999999
0.0048828125,1.0,3.069835662841797,1.0,1.0,1.0,1.0,1.0,-1.5,-0.11036905646324158,-1.5,-1.5,-1.5,-1.5,-1.5,0.6,1.5814650058746338,0.5999999999999999,0.5999999999999999,0.5999999999999999,0.5999999999999999,0.5999999999999999
0.0068359375,1.0,3.2313036918640137,1.0,1.0,1.0,1.0,1.0,-1.5,-0.11676487326622009,-1.5,-1.5,-1.5,-1.5,-1.5,0.6,1.6537386178970337,0.5999999999999999,0.5999999999999999,0.5999999999999999,0.5999999999999999,0.5999999999999999
0.0087890625,1.0,3.38301682472229,1.0,1.0,1.0,1.0,1.0,-1.5,-0.11992636322975159,-1.5,-1.5,-1.5,-1.5,-1.5,0.6,1.7297046184539795,0.5999999999999999,0.5999999999999999,0.5999999999999999,0.5999999999999999,0.5999999999999999
0.0107421875,1.0,3.515371322631836,1.0,1.0,1.0,1.0,1.0,-1.5,-0.1205289363861084,-1.5,-1.5,-1.5,-1.5,-1.5,0.6,1.7943888902664185,0.5999999999999999,0.5999999999999999,0.5999999999999999,0.5999999999999999,0.5999999999999999
0.0126953125,1.0,3.618959903717041,1.0,1.0,1.0,1.0,1.0,-1.5,-0.1190694272518158,-1.5,-1.5,-1.5,-1.5,-1.5,0.6,1.840545415878296,0.5999999999999999,0.5999999999999999,0.5999999999999999,0.5999999999999999,0.5999999999999999
0.0146484375,1.0,3.6848559379577637,1.0,1.0,1.0,1.0,1.0,-1.5,-0.11579832434654236,-1.5,-1.5,-1.5,-1.5,-1.5,0.6,1.8628404140472412,0.5999999999999999,0.5999999999999999,0.5999999999999999,0.5999999999999999,0.5999999999999999
0.0166015625,1.0,3.7050487995147705,1.0,1.0,1.0,1.0,1.0,-1.5,-0.11077889800071716,-1.5,-1.5,-1.5,-1.5,-1.5,0.6,1.859211802482605,0.5999999999999999,0.5999999999999999,0.5999999999999999,0.5999999999999999,0.5999999999999999
0.0185546875,1.0,3.673382520675659,1.0,1.0,1.0,1.0,1.0,-1.5,-0.10402518510818481,-1.5,-1.5,-1.5,-1.5,-1.5,0.6,1.8312848806381226,0.5999999999999999,0.5999999999999999,0.5999999999999999,0.5999999999999999,0.5999999999999999
0.0205078125,1.0,3.5870141983032227,1.0,1.0,1.0,1.0,1.0,-1.5,-0.09566277265548706,-1.5,-1.5,-1.5,-1.5,-1.5,0.6,1.7838149070739746,0.5999999999999999,0.5999999999999999,0.5999999999999999,0.5999999999999999,0.5999999999999999
0.0224609375,1.0,3.475393533706665,1.0,1.0,1.0,1.0,1.0,-1.5,-0.08604830503463745,-1.5,-1.5,-1.5,-1.5,-1.5,0.6,1.723501205444336,0.5999999999999999,0.5999999999999999,0.5999999999999999,0.5999999999999999,0.5999999999999999
0.0244140625,1.0,3.518291711807251,1.0,1.0,1.0,1.0,1.0,-1.5,-0.0757671594619751,-1.5,-1.5,-1.5,-1.5,-1.5,0.6,1.657638430595398,0.5999999999999999,0.5999999999999999,0.5999999999999999,0.5999999999999999,0.5999999999999999
0.0263671875,1.0,3.509328603744507,1.0,1.0,1.0,1.0,1.0,-1.5,-0.0655134916305542,-1.5,-1.5,-1.5,-1.5,-1.5,0.6,1.5929453372955322,0.5999999999999999,0.5999999999999999,0.5999999999999999,0.5999999999999999,0.5999999999999999
0.0283203125,1.0,3.446807622909546,1.0,1.0,1.0,1.0,1.0,-1.5,-0.0559312105178833,-1.5,-1.5,-1.5,-1.5,-1.5,0.6,1.5347651243209839,0.5999999999999999,0.5999999999999999,0.5999999999999999,0.5999999999999999,0.5999999999999999
0.0302734375,1.0,3.3375346660614014,1.0,1.0,1.0,1.0,1.0,-1.5,-0.04751339554786682,-1.5,-1.5,-1.5,-1.5,-1.5,0.6,1.4866582155227661,0.5999999999999999,0.5999999999999999,0.5999999999999999,0.5999999999999999,0.5999999999999999
0.0322265625,1.0,3.193887710571289,1.0,1.0,1.0,1.0,1.0,-1.5,-0.040607750415802,-1.5,-1.5,-1.5,-1.5,-1.5,0.6,1.4503610134124756,0.5999999999999999,0.5999999999999999,0.5999999999999999,0.5999999999999999,0.5999999999999999
0.0341796875,1.0,3.030211925506592,1.0,1.0,1.0,1.0,1.0,-1.5,-0.035505831241607666,-1.5,-1.5,-1.5,-1.5,-1.5,0.6,1.426026701927185,0.5999999999999999,0.5999999999999999,0.5999999999999999,0.5999999999999999,0.5999999999999999
0.0361328125,1.0,2.860309362411499,1.0,1.0,1.0,1.0,1.0,-1.5,-0.03254768252372742,-1.5,-1.5,-1.5,-1.5,-1.5,0.6,1.4125853776931763,0.5999999999999999,0.5999999999999999,0.5999999999999999,0.5999999999999999,0.5999999999999999
0.0380859375,1.0,2.696342706680298,1.0,1.0,1.0,1.0,1.0,-1.5,-0.03217363357543945,-1.5,-1.5,-1.5,-1.5,-1.5,0.6,1.4081157445907593,0.5999999999999999,0.5999999999999999,0.5999999999999999,0.5999999999999999,0.5999999999999999
0.0400390625,1.0,2.5484979152679443,1.0,1.0,1.0,1.0,1.0,-1.5,-0.03489366173744202,-1.5,-1.5,-1.5,-1.5,-1.5,0.6,1.4101372957229614,0.5999999999999999,0.5999999999999999,0.5999999999999999,0.5999999999999999,0.5999999999999999
0.0419921875,1.0,2.4246604442596436,1.0,1.0,1.0,1.0,1.0,-1.5,-0.06209772825241089,-1.5,-1.5,-1.5,-1.5,-1.5,0.6,1.41579270362854,0.5999999999999999,0.5999999999999999,0.5999999999999999,0.5999999999999999,0.5999999999999999
0.0439453125,1.0,2.329927444458008,1.0,1.0,1.0,1.0,1.0,-1.5,-0.10152626037597656,-1.5,-1.5,-1.5,-1.5,-1.5,0.6,1.421962022781372,0.5999999999999999,0.5999999999999999,0.5999999999999999,0.5999999999999999,0.5999999999999999
0.0458984375,1.0,2.2664377689361572,1.0,1.0,1.0,1.0,1.0,-1.5,-0.14708027243614197,-1.5,-1.5,-1.5,-1.5,-1.5,0.6,1.4254441261291504,0.5999999999999999,0.5999999999999999,0.5999999999999999,0.5999999999999999,0.5999999999999999
0.0478515625,1.0,2.2341487407684326,1.0,1.0,1.0,1.0,1.0,-1.5,-0.19759529829025269,-1.5,-1.5,-1.5,-1.5,-1.5,0.6,1.4234658479690552,0.5999999999999999,0.5999999999999999,0.5999999999999999,0.5999999999999999,0.5999999999999999
0.0498046875,1.0,2.2323286533355713,1.0,1.0,1.0,1.0,1.0,-1.5,-0.25034472346305847,-1.5,-1.5,-1.5,-1.5,-1.5,0.6,1.414562702178955,0.5999999999999999,0.5999999999999999,0.5999999999999999,0.5999999999999999,0.5999999999999999
0.0517578125,1.0,2.2609171867370605,1.0,1.0,1.0,1.0,1.0,-1.5,-0.30141910910606384,-1.5,-1.5,-1.5,-1.5,-1.5,0.6,1.39925217628479,0.5999999999999999,0.5999999999999999,0.5999999999999999,0.5999999999999999,0.5999999999999999
0.0537109375,1.0,2.321157693862915,1.0,1.0,1.0,1.0,1.0,-1.5,-0.34703168272972107,-1.5,-1.5,-1.5,-1.5,-1.5,0.6,1.379643440246582,0.5999999999999999,0.5999999999999999,0.5999999999999999,0.5999999999999999,0.5999999999999999
0.0556640625,1.0,2.415186882019043,1.0,1.0,1.0,1.0,1.0,-1.5,-0.38475194573402405,-1.5,-1.5,-1.5,-1.5,-1.5,0.6,1.3581204414367676,0.5999999999999999,0.5999999999999999,0.5999999999999999,0.5999999999999999,0.5999999999999999
0.0576171875,1.0,2.544820785522461,1.0,1.0,1.0,1.0,1.0,-1.5,-0.4138360917568207,-1.5,-1.5,-1.5,-1.5,-1.5,0.6,1.3362903594970703,0.5999999999999999,0.5999999999999999,0.5999999999999999,0.5999999999999999,0.5999999999999999
0.0595703125,1.0,2.7102255821228027,1.0,1.0,1.0,1.0,1.0,-1.5,-0.4348023235797882,-1.5,-1.5,-1.5,-1.5,-1.5,0.6,1.3148847818374634,0.5999999999999999,0.5999999999999999,0.5999999999999999,0.5999999999999999,0.5999999999999999
0.0615234375,1.0,2.879042148590088,1.0,1.0,1.0,1.0,1.0,-1.5,-0.44888028502464294,-1.5,-1.5,-1.5,-1.5,-1.5,0.6,1.294258713722229,0.5999999999999999,0.5999999999999999,0.5999999999999999,0.5999999999999999,0.5999999999999999
0.0634765625,1.0,2.967787504196167,1.0,1.0,1.0,1.0,1.0,-1.5,-0.45765992999076843,-1.5,-1.5,-1.5,-1.5,-1.5,0.6,1.2748454809188843,0.5999999999999999,0.5999999999999999,0.5999999999999999,0.5999999999999999,0.5999999999999999
0.0654296875,1.0,3.061368942260742,1.0,1.0,1.0,1.0,1.0,-1.5,-0.46291789412498474,-1.5,-1.5,-1.5,-1.5,-1.5,0.6,1.2572953701019287,0.5999999999999999,0.5999999999999999,0.5999999999999999,0.5999999999999999,0.5999999999999999
0.0673828125,1.0,3.1551926136016846,1.0,1.0,1.0,1.0,1.0,-1.5,-0.46648386120796204,-1.5,-1.5,-1.5,-1.5,-1.5,0.6,1.2423657178878784,0.5999999999999999,0.5999999999999999,0.5999999999999999,0.5999999999999999,0.5999999999999999
0.0693359375,1.0,3.244654417037964,1.0,1.0,1.0,1.0,1.0,-1.5,-0.4700956642627716,-1.5,-1.5,-1.5,-1.5,-1.5,0.6,1.2307374477386475,0.5999999999999999,0.5999999999999999,0.5999999999999999,0.5999999999999999,0.5999999999999999
0.0712890625,1.0,3.3247828483581543,1.0,1.0,1.0,1.0,1.0,-1.5,-0.4752756655216217,-1.5,-1.5,-1.5,-1.5,-1.5,0.6,1.2228745222091675,0.5999999999999999,0.5999999999999999,0.5999999999999999,0.5999999999999999,0.5999999999999999
0.0732421875,1.0,3.3902409076690674,1.0,1.0,1.0,1.0,1.0,-1.5,-0.48324623703956604,-1.5,-1.5,-1.5,-1.5,-1.5,0.6,1.2189847230911255,0.5999999999999999,0.5999999999999999,0.5999999999999999,0.5999999999999999,0.5999999999999999
0.0751953125,1.0,3.4355642795562744,1.0,1.0,1.0,1.0,1.0,-1.5,-0.49489256739616394,-1.5,-1.5,-1.5,-1.5,-1.5,0.6,1.2190357446670532,0.5999999999999999,0.5999999999999999,0.5999999999999999,0.5999999999999999,0.5999999999999999
0.0771484375,1.0,3.4555575847625732,1.0,1.0,1.0,1.0,1.0,-1.5,-0.5107283592224121,-1.5,-1.5,-1.5,-1.5,-1.5,0.6,1.222821831703186,0.5999999999999999,0.5999999999999999,0.5999999999999999,0.5999999999999999,0.5999999999999999
0.0791015625,1.0,3.44567608833313,1.0,1.0,1.0,1.0,1.0,-1.5,-0.5308561325073242,-1.5,-1.5,-1.5,-1.5,-1.5,0.6,1.2300450801849365,0.5999999999999999,0.5999999999999999,0.5999999999999999,0.5999999999999999,0.5999999999999999
0.0810546875,1.0,3.4025630950927734,1.0,1.0,1.0,1.0,1.0,-1.5,-0.5549143552780151,-1.5,-1.5,-1.5,-1.5,-1.5,0.6,1.2403773069381714,0.5999999999999999,0.5999999999999999,0.5999999999999999,0.5999999999999999,0.5999999999999999
0.0830078125,1.0,3.3250420093536377,1.0,1.0,1.0,1.0,1.0,-1.5,-0.5820516347885132,-1.5,-1.5,-1.5,-1.5,-1.5,0.6,1.2533990144729614,0.5999999999999999,0.5999999999999999,0.5999999999999999,0.5999999999999999,0.5999999999999999
0.0849609375,1.0,3.2156431674957275,1.0,1.0,1.0,1.0,1.0,-1.5,-0.6109883785247803,-1.5,-1.5,-1.5,-1.5,-1.5,0.6,1.2683478593826294,0.5999999999999999,0.5999999999999999,0.5999999999999999,0.5999999999999999,0.5999999999999999
0.0869140625,1.0,3.0657877922058105,1.0,1.0,1.0,1.0,1.0,-1.5,-0.6402231454849243,-1.5,-1.5,-1.5,-1.5,-1.5,0.6,1.2837070226669312,0.5999999999999999,0.5999999999999999,0.5999999999999999,0.5999999999999999,0.5999999999999999
0.0888671875,1.0,2.761777877807617,1.0,1.0,1.0,1.0,1.0,-1.5,-0.6683361530303955,-1.5,-1.5,-1.5,-1.5,-1.5,0.6,1.2969233989715576,0.5999999999999999,0.5999999999999999,0.5999999999999999,0.5999999999999999,0.5999999999999999
0.0908203125,1.0,2.47619366645813,1.0,1.0,1.0,1.0,1.0,-1.5,-0.6933434009552002,-1.5,-1.5,-1.5,-1.5,-1.5,0.6,1.304750919342041,0.5999999999999999,0.5999999999999999,0.5999999999999999,0.5999999999999999,0.5999999999999999
0.0927734375,1.0,2.219257354736328,1.0,1.0,1.0,1.0,1.0,-1.5,-0.6901055574417114,-1.5,-1.5,-1.5,-1.5,-1.5,0.6,1.304396629333496,0.5999999999999999,0.5999999999999999,0.5999999999999999,0.5999999999999999,0.5999999999999999
0.0947265625,1.0,1.9968273639678955,1.0,1.0,1.0,1.0,1.0,-1.5,-0.6864439249038696,-1.5,-1.5,-1.5,-1.5,-1.5,0.6,1.2947235107421875,0.5999999999999999,0.5999999999999999,0.5999999999999999,0.5999999999999999,0.5999999999999999
0.0966796875,1.0,1.811400055885315,1.0,1.0,1.0,1.0,1.0,-1.5,-0.6821541786193848,-1.5,-1.5,-1.5,-1.5,-1.5,0.6,1.2765965461730957,0.5999999999999999,0.5999999999999999,0.5999999999999999,0.5999999999999999,0.5999999999999999
0.0986328125,1.0,1.663145899772644,1.0,1.0,1.0,1.0,1.0,-1.5,-0.6767464876174927,-1.5,-1.5,-1.5,-1.5,-1.5,0.6,1.2522459030151367,0.5999999999999999,0.5999999999999999,0.5999999999999999,0.5999999999999999,0.5999999999999999
0.1005859375,1.0,1.5507380962371826,1.0,1.0,1.0,1.0,1.0,-1.5,-0.6695758104324341,-1.5,-1.5,-1.5,-1.5,-1.5,0.6,1.2242530584335327,0.5999999999999999,0.5999999999999999,0.5999999999999999,0.5999999999999999,0.5999999999999999
0.1025390625,1.0,1.4718821048736572,1.0,1.0,1.0,1.0,1.0,-1.5,-0.6600687503814697,-1.5,-1.5,-1.5,-1.5,-1.5,0.6,1.1947758197784424,0.5999999999999999,0.5999999999999999,0.5999999999999999,0.5999999999999999,0.5999999999999999
0.1044921875,1.0,1.423555612564087,1.0,1.0,1.0,1.0,1.0,-1.5,-0.6480356454849243,-1.5,-1.5,-1.5,-1.5,-1.5,0.6,1.1652501821517944,0.5999999999999999,0.5999999999999999,0.5999999999999999,0.5999999999999999,0.5999999999999999
0.1064453125,1.0,1.4020599126815796,1.0,1.0,1.0,1.0,1.0,-1.5,-0.6339453458786011,-1.5,-1.5,-1.5,-1.5,-1.5,0.6,1.1364730596542358,0.5999999999999999,0.5999999999999999,0.5999999999999999,0.5999999999999999,0.5999999999999999
0.1083984375,1.0,1.4030660390853882,1.0,1.0,1.0,1.0,1.0,-1.5,-0.6189826726913452,-1.5,-1.5,-1.5,-1.5,-1.5,0.6,1.1088392734527588,0.5999999999999999,0.5999999999999999,0.5999999999999999,0.5999999999999999,0.5999999999999999
0.1103515625,1.0,1.4217917919158936,1.0,1.0,1.0,1.0,1.0,-1.5,-0.6047890186309814,-1.5,-1.5,-1.5,-1.5,-1.5,0.6,1.0825549364089966,0.5999999999999999,0.5999999999999999,0.5999999999999999,0.5999999999999999,0.5999999999999999
0.1123046875,1.0,1.453338384628296,1.0,1.0,1.0,1.0,1.0,-1.5,-0.5930284261703491,-1.5,-1.5,-1.5,-1.5,-1.5,0.6,1.057776689529419,0.5999999999999999,0.5999999999999999,0.5999999999999999,0.5999999999999999,0.5999999999999999
0.1142578125,1.0,1.4930254220962524,1.0,1.0,1.0,1.0,1.0,-1.5,-0.585029125213623,-1.5,-1.5,-1.5,-1.5,-1.5,0.6,1.0346696376800537,0.5999999999999999,0.5999999999999999,0.5999999999999999,0.5999999999999999,0.5999999999999999
0.1162109375,1.0,1.536553978919983,1.0,1.0,1.0,1.0,1.0,-1.5,-0.5816601514816284,-1.5,-1.5,-1.5,-1.5,-1.5,0.6,1.0134402513504028,0.5999999999999999,0.5999999999999999,0.5999999999999999,0.5999999999999999,0.5999999999999999
0.1181640625,1.0,1.5799660682678223,1.0,1.0,1.0,1.0,1.0,-1.5,-0.5833938121795654,-1.5,-1.5,-1.5,-1.5,-1.5,0.6,0.9943524599075317,0.5999999999999999,0.5999999999999999,0.5999999999999999,0.5999999999999999,0.5999999999999999
0.1201171875,1.0,1.6195565462112427,1.0,1.0,1.0,1.0,1.0,-1.5,-0.5903966426849365,-1.5,-1.5,-1.5,-1.5,-1.5,0.6,0.9777218103408813,0.5999999999999999,0.5999999999999999,0.5999999999999999,0.5999999999999999,0.5999999999999999
0.1220703125,1.0,1.6518899202346802,1.0,1.0,1.0,1.0,1.0,-1.5,-0.5908887386322021,-1.5,-1.5,-1.5,-1.5,-1.5,0.6,0.963830292224884,0.5999999999999999,0.5999999999999999,0.5999999999999999,0.5999999999999999,0.5999999999999999
0.1240234375,1.0,1.673919439315796,1.0,1.0,1.0,1.0,1.0,-1.5,-0.5879534482955933,-1.5,-1.5,-1.5,-1.5,-1.5,0.6,0.9527191519737244,0.5999999999999999,0.5999999999999999,0.5999999999999999,0.5999999999999999,0.5999999999999999
0.1259765625,1.0,1.6831215620040894,0.9939043021478464,0.9984760755369616,0.9984760788544207,0.9984761674977584,1.0,-1.5,-0.5907721519470215,-1.4944088871957049,-1.4986086218773458,-1.4986086244886034,-1.4986086942620576,-1.5,0.6,0.9439191818237305,0.5948428542838317,0.5987118804737634,0.5987118829393645,0.5987119488208426,0.5999999999999999
0.1279296875,1.0,1.6776355504989624,0.9939043021478464,0.9954282266108848,0.9954282360052065,0.9954284870238355,1.0,-1.5,-0.5996062755584717,-1.4944088871957049,-1.4958130850712592,-1.4958130932906926,-1.4958133129159528,-1.5,0.6,0.9363573789596558,0.5948428542838317,0.5961333111885572,0.5961333188013938,0.5961335222182899,0.5999999999999999
0.1298828125,1.0,1.6564685106277466,0.9939043021478464,0.992380377684808,0.9923803931559922,0.9923808065499126,1.0,-1.5,-0.6143308877944946,-1.4944088871957049,-1.4930003766764475,-1.4930003905730092,-1.4930007618924632,-1.5,0.6,0.9286291003227234,0.5948428542838317,0.5935516110706102,0.5935516238432532,0.5935519651314439,0.5999999999999999
0.1318359375,1.0,1.6197656393051147,0.9939043021478464,0.9893325287587312,0.9893325005757663,0.9893317475198793,1.0,-1.5,-0.6343517303466797,-1.4944088871957049,-1.4901703379907347,-1.4901703130197597,-1.4901696457885178,-1.5,0.6,0.9195458292961121,0.5948428542838317,0.5909667511843373,0.5909667282902457,0.5909661165542873,0.5999999999999999
0.1337890625,1.0,1.5689842700958252,0.9680001431632337,0.979405744323946,0.979405960983864,0.9795269081344979,0.9998299974725193,-1.5,-0.6585307121276855,-1.470348866372306,-1.4808759956842372,-1.4808761872289409,-1.4809831009614292,-1.499844034579209,0.6,0.9086105823516846,0.5732624286812065,0.5826565624761331,0.5826567371319118,0.582754233858294,0.5998561020025432
0.1357421875,1.0,1.5067824125289917,0.9680001431632337,0.9718020102168045,0.9718023039150784,0.9719662565728122,0.9956512825888283,-1.5,-0.6851953268051147,-1.470348866372306,-1.4738853655120316,-1.4738856314947266,-1.4740340872552629,-1.4960095972547467,0.6,0.8960841298103333,0.5732624286812065,0.5763986116602093,0.5763988503430149,0.57653208714847,0.5963472037218659
0.1376953125,0.9989543050480849,1.4365569353103638,0.9680001431632337,0.9641982761096629,0.9641983784474301,0.9642555069714819,0.9873513697202092,-1.4990412036184713,-0.7123034000396729,-1.470348866372306,-1.4667844781564485,-1.4667845732900275,-1.4668376770321538,-1.4883535929658689,0.5991217999831197,0.8825823664665222,0.5732624286812065,0.5701213648689731,0.5701214488285129,0.57016831743788,0.589400638203554
0.1396484375,0.9871810296748462,1.3618427515029907,0.9680001431632337,0.9565945420025214,0.9565939293065624,0.9562519009741427,0.9774684015701232,-1.4881905091740266,-0.7376857995986938,-1.470348866372306,-1.4595707043960073,-1.4595701321900985,-1.459250592365593,-1.4791677905356608,0.5892597428383307,0.8685254454612732,0.5732624286812065,0.563824361965577,0.5638238612911307,0.563544347725809,0.5811586704546378
0.1416015625,0.9755190209671311,1.285862922668457,0.9330744292907138,0.9466999214152401,0.946699963823745,0.9467723561303756,0.9670011364969564,-1.4773398147295824,-0.7347816228866577,-1.4370449064863553,-1.4500185730734956,-1.4500186124235988,-1.4500857788278596,-1.4693564372036714,0.5795371609581796,0.8538751006126404,0.5445331198915248,0.5556157303436801,0.555615764512189,0.5556740900989043,0.5724650378988474
0.1435546875,0.9639674883871316,1.2114077806472778,0.9330744292907138,0.9376162599988892,0.9376163103026145,0.9377021799345817,0.956330857844677,-1.466489120285138,-0.7262108325958252,-1.4370449064863553,-1.4414113584712105,-1.4414114061454293,-1.4414927796915147,-1.4592664995705789,0.5699524066654806,0.8382647633552551,0.5445331198915248,0.5482343710599469,0.5482344117851681,0.548303929444864,0.5636411717874433
0.1455078125,0.9525256451503992,1.1409066915512085,0.9330744292907138,0.9285325985825384,0.9285325586330143,0.9284643638639739,0.9456054605749624,-1.4556384258406934,-0.7139170169830322,-1.4370449064863553,-1.4326357383152493,-1.4326356997128804,-1.4325697997261306,-1.4490330872711934,0.5605038478917217,0.8213558793067932,0.5445331198915248,0.5408246831463659,0.5408246506819938,0.5407692324350308,0.5548112149421146
0.1474609375,0.9411927082169057,1.0764679908752441,0.9330744292907138,0.9194489371661876,0.9194488844034814,0.9193588172339241,0.9348860983649406,-1.4447877313962492,-0.6982183456420898,-1.4370449064863553,-1.4236867213364897,-1.4236866693922094,-1.4235979906030105,-1.4387121441632247,0.5511898680658989,0.8031924366950989,0.5445331198915248,0.5333858269880166,0.53338578396927,0.5333123485192846,0.5460261123523232
0.1494140625,0.9299678982821235,1.0197887420654297,0.895330851832427,0.9095655002669447,0.909565901751551,0.9096040487201794,0.9242014212139713,-1.4339370369518045,-0.6794427633285522,-1.3998891845915025,-1.4139073777998172,-1.4139077656287224,-1.4139446135423284,-1.4283298986214152,0.5420088660038929,0.7843819856643677,0.5139527279969391,0.5253532497077195,0.5253535697426911,0.5253839775431902,0.537309409926673
0.1513671875,0.9188504397680869,1.0048311948776245,0.895330851832427,0.9000757346439329,0.90007618910074,0.9001193692109873,0.9135671751753148,-1.42308634250736,-0.6581977605819702,-1.3998891845915025,-1.4046111816515254,-1.4046116301828182,-1.4046542452157456,-1.4179008396836108,0.5329592557983592,0.766010046005249,0.5139527279969391,0.5177608039553901,0.5177611677887574,0.517795737003069,0.5286737669119145
0.1533203125,0.9078395608144594,1.0051409006118774,0.895330851832427,0.8905859690209211,0.8905855095176408,0.8905418499178911,0.90299332052288,-1.412235648062916,-0.6355555057525635,-1.3998891845915025,-1.3951168716193376,-1.3951164083748093,-1.3950723911206506,-1.4074342496054195,0.5240394667091497,0.7493644952774048,0.5139527279969391,0.5101365815806888,0.5101362121482214,0.5101011102575744,0.5201269401596236
0.1552734375,0.896934493269608,1.006986379623413,0.895330851832427,0.8810962033979093,0.8810958069597761,0.88105813948065,0.8924867649055355,-1.4013849536184713,-0.6130025386810303,-1.3998891845915025,-1.3854180464011574,-1.3854176382579633,-1.3853788569497347,-1.396936699396409,0.5152479430542641,0.7356718182563782,0.5139527279969391,0.5024795558420497,0.5024792357972571,0.5024488265462305,0.5116740801828198
0.1572265625,0.886134472681668,1.0106860399246216,0.8571563043066196,0.8713815366014372,0.8713821580292891,0.8714199879837542,0.8820525449536091,-1.3905342591740266,-0.5922021865844727,-1.3610007981966492,-1.3755088232066668,-1.3755094463602064,-1.3755473796935151,-1.3864131260198167,0.5065831441013193,0.7259652614593506,0.4835380571737354,0.4947388544764572,0.4947393424351735,0.4947690470864212,0.5033187311332293
0.1591796875,0.8754387382896112,1.016652226448059,0.8571563043066196,0.8618980484048921,0.8618986524145416,0.861935422020966,0.8716944300951233,-1.3796835647295824,-0.5747582912445068,-1.3610007981966492,-1.3658900172675426,-1.36589063639276,-1.365928324538146,-1.375867372938433,0.4980435439595426,0.7210925817489624,0.4835380571737354,0.48727976302040055,0.48728023931721554,0.4873092340462258,0.4950633501670471
0.1611328125,0.8648465330143167,1.0252324342727661,0.8571563043066196,0.852414560208347,0.8524139013202722,0.8523737909425403,0.8614152908185572,-1.368832870285138,-0.5779701471328735,-1.3610007981966492,-1.3560571844057292,-1.3560564939118143,-1.356014457490902,-1.3653024908105236,0.4896276314722893,0.721790611743927,0.4835380571737354,0.4797880641990633,0.47978754232626997,0.4797557725653472,0.4869096245120825
0.1630859375,0.854357103449639,1.0366171598434448,0.8571563043066196,0.842931072011802,0.8429305054623756,0.842896016279218,0.8512173408683787,-1.3579821758406934,-0.5843479633331299,-1.3610007981966492,-1.346003100821336,-1.3460024936959525,-1.3459655328794213,-1.3547209295166407,0.4813339101100789,0.7287898063659668,0.4835380571737354,0.4722626574542606,0.4722622066421201,0.4722347628316057,0.4788586765568329
0.1650390625,0.8439696998534729,1.0508527755737305,0.8194629462600664,0.8334394927738386,0.8334403319568531,0.8334826055832494,0.8411022838569888,-1.3471314813962492,-0.586910605430603,-1.321211126145762,-1.335986534081072,-1.3359874070817341,-1.3360313819885694,-1.344124691586404,0.4731608978641463,0.742938756942749,0.4540308294308844,0.46484150110531786,0.4648421489305177,0.4648747826279456,0.4709111901194455
0.1669921875,0.8336835761388285,1.0679302215576172,0.8194629462600664,0.8241217950979904,0.8241225589567498,0.8241610381433513,0.831071407721793,-1.3362807869518045,-0.585265040397644,-1.321211126145762,-1.3261919467673335,-1.3261927593948,-1.3262336933431653,-1.3335154500963822,0.4651071271405192,0.7652995586395264,0.4540308294308844,0.45764242762564367,0.4576430198212388,0.45767285123885415,0.4630674980548801
0.1689453125,0.8234979898648956,1.0878454446792603,0.8194629462600664,0.8148040974221424,0.8148032348794337,0.8147597845145155,0.8211256740376713,-1.32543009250736,-0.5792899131774902,-1.321211126145762,-1.316173347316842,-1.316172408609901,-1.3161251189197196,-1.3228946120709395,0.457171144654605,0.7970190048217773,0.4540308294308844,0.4504110063610464,0.4504103346175916,0.450376495343884,0.4553276652917426
0.1708984375,0.813412202228111,1.110543966293335,0.8194629462600664,0.8054863997462943,0.8054856592472291,0.8054483567991497,0.8112657934134856,-1.314579398062916,-0.5964820384979248,-1.321211126145762,-1.3059229617534023,-1.305922137024601,-1.3058805895631662,-1.3122633584772734,0.4493515113262923,0.8387691378593445,0.4540308294308844,0.44314611473435794,0.4431455352169242,0.4431163418931269,0.4476915553962558
0.1728515625,0.8034254780532317,1.135690689086914,0.7826147228998351,0.79624402001659,0.7962452882410952,0.7962950253060485,0.8014922679179601,-1.3037287036184713,-0.6256376504898071,-1.2808708716899344,-1.2958164502333798,-1.295817819187194,-1.2958715032023298,-1.3016226951072403,0.44164680217557384,0.8898375034332275,0.42570375875596006,0.4360542021992644,0.4360551638032937,0.4360928753953182,0.44015886568017615
0.1748046875,0.7935370857843999,1.162306785583496,0.7826147228998351,0.7871578219387534,0.7871589387725284,0.7872027386153666,0.7918054287158645,-1.2928780091740266,-0.66194748878479,-1.2808708716899344,-1.2859102370324509,-1.2859114703401118,-1.2859598352809813,-1.2909734908333053,0.43405560621867306,0.9474810361862183,0.42570375875596006,0.4291617657158469,0.4291626161873521,0.42919596949139877,0.4327291557852262
0.1767578125,0.7837462974762117,1.228369116783142,0.7826147228998351,0.7780716238609169,0.778070340013432,0.7780199902484776,0.7822054768353051,-1.2820273147295824,-0.7038130760192871,-1.2808708716899344,-1.2757726574313484,-1.2757712064228885,-1.2757142971838382,-1.2803164963451057,0.4265765263646874,1.007161259651184,0.42570375875596006,0.42223770909489167,0.4222367269051883,0.4221982069993778,0.42540187816802294
0.1787109375,0.7740523887847882,1.3003348112106323,0.7826147228998351,0.7689854257830803,0.7689843245722849,0.7689411374294479,0.7726925092294177,-1.271176620285138,-0.7330276966094971,-1.2808708716899344,-1.2653955100746108,-1.2653942356468442,-1.265344252424487,-1.2696523640004096,0.4192081793127414,1.0635305643081665,0.42570375875596006,0.4152809114822576,0.4152800647503255,0.4152468573326888,0.41817639829522724
0.1806640625,0.7644546389588426,1.371146321296692,0.7467733616373736,0.7600102456013094,0.7600123056701998,0.7600662136821444,0.7632665394726456,-1.2603259258406934,-0.741398811340332,-1.2401475795312935,-1.2552143633528527,-1.255216671678992,-1.2552770716542778,-1.2589816608525797,0.4119491954496469,1.1115103960037231,0.3986577705239135,0.4085234849268836,0.4085250182520606,0.40856514182570836,0.4110520126119822
0.1826171875,0.7549523308307459,1.4380443096160889,0.7467733616373736,0.7511856562920188,0.7511874341430502,0.7512339570603584,0.7539275080375091,-1.2494752313962492,-0.7501001358032227,-1.2401475795312935,-1.2452288400588924,-1.2452308787844046,-1.2452842248513667,-1.2483048833690704,0.40479821874806915,1.1470582485198975,0.3986577705239135,0.4019539648801881,0.40195529393106294,0.4019900721738109,0.40402796002162145
0.1845703125,0.745544750807601,1.498537540435791,0.7467733616373736,0.7423610669827284,0.742359000505465,0.7423049247988137,0.7446752855859626,-1.2386245369518045,-0.7585785388946533,-1.2401475795312935,-1.235005917078912,-1.2350034907789729,-1.234939994407965,-1.2376224738695296,0.3977539066652061,1.167565941810608,0.3986577705239135,0.39535377204952404,0.39535221994004444,0.39531160362038853,0.3971034284337781
0.1865234375,0.7362311888623083,1.5499645471572876,0.7467733616373736,0.7335364776734379,0.7335347062307794,0.7334883510081779,0.7355096768449394,-1.22777384250736,-0.7660852670669556,-1.2401475795312935,-1.2245370265169926,-1.224534895757109,-1.2244791342403598,-1.2269348333544143,0.3908149300419656,1.1719417572021484,0.3986577705239135,0.3887217994358682,0.3887204620110936,0.3886854637221369,0.39027756091242677
0.1884765625,0.7270109385246322,1.588870882987976,0.712018008425511,0.7248403924072854,0.7248438130047123,0.7248987940735205,0.7264304318690067,-1.216923148062916,-0.7717424631118774,-1.199136155615615,-1.2142951838060125,-1.2142991645576058,-1.214363144125188,-1.2162423246592846,0.3839799730026476,1.160467505455017,0.37292264666524233,0.38229875642593525,0.3823012546149326,0.3823414086955599,0.38354946572296106
0.1904296875,0.7178832968722741,1.6109929084777832,0.712018008425511,0.7162921364194358,0.7162950461047575,0.7163418150134925,0.7174372618553768,-1.2060724536184713,-0.7746117115020752,-1.199136155615615,-1.2042494678073727,-1.204252934427988,-1.2043086513875416,-1.205545269245586,0.3772477328551341,1.1345455646514893,0.37292264666524233,0.37605537532421607,0.37605750977676233,0.3760918174872786,0.37691822811025205
0.1923828125,0.7088475645219386,1.546039342880249,0.712018008425511,0.7077438804315862,0.7077404712590998,0.7076856738293942,0.7085298495096672,-1.1952217591740266,-0.7737466096878052,-1.199136155615615,-1.1939610839332149,-1.1939569236528156,-1.1938900477689407,-1.19484394867276,0.3706169199915743,1.096415400505066,0.37292264666524233,0.369782381507225,0.3697798686547798,0.36973947757804254,0.3703829170967065
0.1943359375,0.6999030456204012,1.4696743488311768,0.712018008425511,0.6991956244437366,0.6991927033334744,0.6991457507856369,0.6997078500913712,-1.1843710647295824,-0.7682808637619019,-1.199136155615615,-1.1834211317254377,-1.1834174783311646,-1.183358751206704,-1.18413861506086,0.3640862577895714,1.0488203763961792,0.37292264666524233,0.3634786888537315,0.36347652431939753,0.3634417321037355,0.3639425854250187
0.1962890625,0.6910490478355789,1.3988571166992188,0.6783873137345767,0.6907850132984433,0.6907905725217406,0.6908437583640035,0.6909708901782079,-1.173520370285138,-0.7576537132263184,-1.1578975216453515,-1.1731294115056927,-1.1731361344398545,-1.1732004481922718,-1.1734295022562031,0.35765448251387083,0.9946213364601135,0.34849465056847984,0.35738607416128965,0.35739005671514795,0.3574281577160906,0.3575962684532542
0.1982421875,0.6822848823475982,1.3342970609664917,0.6783873137345767,0.6825198802558656,0.682524555400614,0.6825692831436531,0.6823185705344712,-1.1626696758406934,-0.7419695854187012,-1.1578975216453515,-1.1630363029683668,-1.1630420929700622,-1.163097482691241,-1.1627168300013802,0.3513203432185433,0.9364808797836304,0.34849465056847984,0.3514655383858709,0.3514689025920032,0.35150108794513224,0.35134298672780634
0.2001953125,0.6736098638398612,1.2744673490524292,0.6783873137345767,0.6742547472132878,0.674249234538938,0.6741964940367612,0.6737504710378657,-1.151818981396249,-0.7222650051116943,-1.1578975216453515,-1.152695748238874,-1.1526887528147758,-1.152621820862244,-1.15200080358375,0.34508260164966226,0.8768500089645386,0.34849465056847984,0.3455165092233513,0.34551252303494434,0.34547438596334046,0.3451817504960765
0.2021484375,0.6650233104901185,1.2173470258712769,0.6783873137345767,0.6659896141707101,0.6659848924770143,0.6659397193938892,0.665266154981512,-1.1409682869518045,-0.7003588676452637,-1.1578975216453515,-1.1420985346703998,-1.1420923914766756,-1.14203361430676,-1.1412816126123828,0.3389400321484831,0.8145359754562378,0.34849465056847984,0.3395379258390109,0.339534493140064,0.3395016515360689,0.3391115639543029
0.2041015625,0.6565245439615361,1.1625714302062988,0.6458969440848891,0.6578663708866662,0.657871099608101,0.6579239319363108,0.6568651740673297,-1.13011759250736,-0.6783078908920288,-1.1164753151660558,-1.1317661230751936,-1.1317720688578314,-1.1318384931675032,-1.130559427879349,0.33289142155510953,0.7512167096138,0.32535129608330443,0.33376829837977895,0.33377162028388685,0.33380873410828854,0.3331314299021347
0.2060546875,0.6481128893937598,1.1120049953460693,0.6458969440848891,0.6498867530188148,0.6498906912992887,0.6499346923108619,0.6485470726954816,-1.1192668980629157,-0.6578811407089233,-1.1164753151660558,-1.1216348337336537,-1.1216399065187652,-1.121696578767997,-1.1198343986671246,0.326935569112652,0.6955264210700989,0.32535129608330443,0.3281637577663316,0.3281665369183077,0.3281975869432442,0.32724035349302055
0.2080078125,0.639787675393991,1.0685265064239502,0.6458969440848891,0.6419071351509633,0.641902466015332,0.6418502994181804,0.6403113876537811,-1.1084162036184713,-0.6403696537017822,-1.1164753151660558,-1.1112516580583218,-1.1112454936747682,-1.1111766151040146,-1.1091066561509046,0.32107128637188515,0.6483566761016846,0.32535129608330443,0.3225318712292556,0.322528560081023,0.3224915651321303,0.3214373421448626
0.2099609375,0.6315482340280507,1.0345513820648193,0.6458969440848891,0.6339275172831119,0.6339235194168346,0.6338788526742033,0.6321576442111674,-1.0975655091740266,-0.626663327217102,-1.1164753151660558,-1.1006070841256652,-1.1006016704820525,-1.1005411811175825,-1.0983763221753402,0.3152973970963866,0.6099728345870972,0.32535129608330443,0.31687160611096066,0.3168687553922853,0.316836904817752,0.31572140244560387
0.2119140625,0.6233939008114483,1.011366367340088,0.6145503707917652,0.6260917167603792,0.6260954229968635,0.6261471972163101,0.6240853531682111,-1.0867148147295822,-0.6173614263534546,-1.0749012699186025,-1.0902406566453424,-1.0902455045735693,-1.0903132216393883,-1.0876435173999546,0.3096127371681677,0.5802809596061707,0.303460259729121,0.31141610599712627,0.31141865846517575,0.31145431451702316,0.31009153755761043
0.2138671875,0.6153240147004523,0.9992212653160095,0.6145503707917652,0.6183974861146365,0.6184005462336601,0.618443294524152,0.6160940120438212,-1.075864120285138,-0.6127773523330688,-1.0749012699186025,-1.0800780174450393,-1.0800821191939531,-1.0801394142746379,-1.076908363866303,0.304016154493793,0.5589630007743835,0.303460259729121,0.3061187151914088,0.30612083233229964,0.3061504072676681,0.3045467476390017
0.2158203125,0.6073379180831558,1.0341821908950806,0.6145503707917652,0.6107032554688939,0.6106996097573456,0.6106486810401572,0.6081831106192199,-1.0650134258406934,-0.612889289855957,-1.0749012699186025,-1.0696593007168158,-1.0696542903758752,-1.0695842922319554,-1.0661709807455915,0.29850650891098324,0.5455417633056641,0.303460259729121,0.3007951336049812,0.3007925987219948,0.30075718706784327,0.2990860335994017
0.2177734375,0.5994349567705489,1.0757185220718384,0.6145503707917652,0.6030090248231512,0.6030059041791916,0.6029623103864415,0.6003521371378218,-1.054162731396249,-0.6173299551010132,-1.0749012699186025,-1.0589747040224906,-1.0589703035997504,-1.0589088271924696,-1.0554314776722034,0.29308267209570593,0.5393800735473633,0.303460259729121,0.2954443586761937,0.2954421767312123,0.29541169559250746,0.2937084016262322
0.2197265625,0.5916144799875833,1.08432137966156,0.5843430989189478,0.5954591165598951,0.5954620268761941,0.5955122651506218,0.5926005806852638,-1.0433120369518045,-0.6254459619522095,-1.0331996501474727,-1.0485794531787778,-1.0485834156723153,-1.048651810668156,-1.044689951949901,0.28774352746974663,0.5396309494972229,0.282783013814603,0.2902928915381503,0.2902948560560115,0.29032876724018436,0.2884128653050302
0.2216796875,0.5838758403642434,1.0937339067459106,0.5843430989189478,0.5880484381325969,0.5880508220904624,0.588091974294269,0.5849279287038058,-1.03246134250736,-0.6363965272903442,-1.0331996501474727,-1.0383908573859832,-1.038394184485253,-1.0384516130720869,-1.0339464919197536,0.2824879701087645,0.5451250672340393,0.282783013814603,0.28529252689630635,0.2852941435627909,0.28532205026839413,0.28319844449734544
0.2236328125,0.576218393926615,1.1043145656585693,0.5843430989189478,0.5806377597052986,0.580634906786624,0.5805856593177663,0.577333663366311,-1.0216106480629157,-0.6492581367492676,-1.0331996501474727,-1.0279421875425983,-1.0279381038901327,-1.0278676050019253,-1.0232011822342468,0.27731490665082953,0.554254949092865,0.282783013814603,0.28026712144107346,0.2802651769647711,0.28023161054073564,0.27806416337947615
0.2255859375,0.5686415000879518,1.1130694150924683,0.5843430989189478,0.5732270812780004,0.5732246399225105,0.5731824969131339,0.5698172610572743,-1.0107599536184713,-0.6631124019622803,-1.0331996501474727,-1.0172233569383864,-1.0172197701327654,-1.0171578493919038,-1.0124541054632803,0.2722232552054366,0.5649255514144897,0.282783013814603,0.2752157039897129,0.2752140305611581,0.27518514314562553,0.273009050363392
0.2275390625,0.5611445216397462,1.1452109813690186,0.5552649433733792,0.5659601918035235,0.5659624982263233,0.5660112766559674,0.5623781947204456,-0.9999092591740266,-0.6771154403686523,-0.9913905006195798,-1.0068038287048549,-1.0068070993385545,-1.0068762635772224,-1.0017053401836857,0.2672119452630019,0.5746673345565796,0.26327696222293295,0.270357277751842,0.27035880343296975,0.27039106942579094,0.26803213961849537
0.2294921875,0.5537268247427971,1.180528163909912,0.5552649433733792,0.5588300261834273,0.5588319014473914,0.5588715613186634,0.5550159356158395,-0.9890585647295823,-0.6769689321517944,-0.9913905006195798,-0.9965938300225288,-0.9965965566282481,-0.9966542172014866,-0.9909549601924674,0.2622799176048339,0.5809326767921448,0.26327696222293295,0.26564300507850436,0.2656442513574145,0.26567060846353413,0.26313247189881417
0.2314453125,0.546387778918278,1.214008092880249,0.5552649433733792,0.5516998605633311,0.5516976069098627,0.551649944496379,0.5477299530418676,-0.9782078702851379,-0.6728259325027466,-0.9913905006195798,-0.9861199234192848,-0.9861165615974159,-0.9860454561480356,-0.9802030367793836,0.2574261242135808,0.5815289616584778,0.26327696222293295,0.26090482821103217,0.260903322788815,0.2608714840994278,0.25830909388900164
0.2333984375,0.5391267570388049,1.2439014911651611,0.5552649433733792,0.5445696949432348,0.5445677669099394,0.5445269910225067,0.540519713694213,-0.9673571758406934,-0.6719493865966797,-0.9913905006195798,-0.97537174268928,-0.9753687896477733,-0.9753063310109956,-0.9694496414532612,0.25264952818415326,0.5750517845153809,0.26327696222293295,0.25614180820149235,0.2561405128531696,0.2561131171461701,0.25356105739044354
0.2353515625,0.5319431353195079,1.2685424089431763,0.527301773958178,0.5375819759279168,0.5375838253643059,0.537631607016203,0.5333846822854555,-0.9565064813962489,-0.6742846965789795,-0.9494912687248789,-0.9649322661225992,-0.9649349992557159,-0.9650056053929578,-0.9586948464031412,0.24794910363512207,0.5611709356307983,0.24489705820588806,0.25156481733235153,0.25156601601890854,0.25159698447740014,0.24888741954770588
0.2373046875,0.5248362933090963,1.2400587797164917,0.527301773958178,0.5307285079480909,0.5307300010006893,0.5307685751954764,0.5263243234379553,-0.9456557869518045,-0.6795287132263184,-0.9494912687248789,-0.9547047327132477,-0.9547069957390613,-0.954765458387235,-0.9479387223560055,0.24332383562058466,0.5406425595283508,0.24489705820588806,0.24712530436328708,0.24712627664403394,0.2471513959092744,0.24428724414285202
0.2392578125,0.5178056138809288,1.1783266067504883,0.527301773958178,0.5238750399682651,0.5238732383779935,0.5238266928683858,0.5193381039813796,-0.93480509250736,-0.6872000694274902,-0.9494912687248789,-0.9442096008600465,-0.944206798452622,-0.9441343893578331,-0.9371813350363526,0.23877272004250505,0.5150203108787537,0.24489705820588806,0.24266300418113318,0.24266182489892166,0.24263135663969945,0.23975960333137902
0.2412109375,0.5108504832240831,1.1074190139770508,0.527301773958178,0.5170215719884392,0.5170200310897233,0.5169802207526468,0.5124254941919456,-0.9239543980629156,-0.6967370510101318,-0.9494912687248789,-0.9334362289720116,-0.933433767107424,-0.933370157801174,-0.9264227426391571,0.23429476356352386,0.4861639738082886,0.24489705820588806,0.23817701060647453,0.23817599605641895,0.23814978391874234,0.23530357877183739
0.2431640625,0.5039702908344216,1.0325839519500732,0.5004371995347725,0.5103089843580693,0.5103104857969392,0.5103579603373333,0.5055859664977291,-0.9131037036184713,-0.7076176404953003,-0.9075164338909809,-0.9229801168011447,-0.9229824305709076,-0.9230555834758304,-0.9156629970449536,0.22988898352023432,0.4557678699493408,0.2275974785648897,0.2338699090742249,0.23387086242630742,0.2339010062482119,0.2309182611066817
0.2451171875,0.49716442950566286,0.9588308334350586,0.5004371995347725,0.5037277944758715,0.5037289983473875,0.5037670639976553,0.4988189921330446,-0.9022530091740266,-0.7194676399230957,-0.9075164338909809,-0.9127383390593808,-0.9127402423764177,-0.9128004193571212,-0.9049021486082263,0.22555440783692837,0.42509451508522034,0.2275974785648897,0.2296936767675572,0.22969444483464807,0.22971873025027664,0.22660274805397254
0.2470703125,0.490432295320449,0.8902768492698669,0.5004371995347725,0.4971466045936736,0.49714514627979783,0.4970990353242384,0.4921240384395782,-0.8914023147295823,-0.7321145534515381,-0.9075164338909809,-0.9022254015292288,-0.9022230346601097,-0.9021481886050451,-0.8941402506430257,0.22129007493980699,0.3949548006057739,0.2275974785648897,0.22549574967657363,0.22549481439593522,0.22546524084352762,0.22235614280260102
0.2490234375,0.4837732876414136,0.8297818899154663,0.5004371995347725,0.49056541471147574,0.4905641677149656,0.49052473847986316,0.48550056913558237,-0.8805516202851379,-0.7455545663833618,-0.9075164338909809,-0.8914303909624102,-0.8914283115219788,-0.8913625554881957,-0.8833773598169096,0.21709503367165492,0.3658187985420227,0.2275974785648897,0.22127525466086867,0.22127445015463645,0.2212490117425748,0.21817755414765902
0.2509765625,0.4771868091022509,0.7789003849029541,0.4746522549005954,0.4841232700506172,0.4841245028251038,0.48417245022314825,0.47894804719036516,-0.8697009258406934,-0.7598379850387573,-0.8654787203870016,-0.8809606151276922,-0.880962597303859,-0.881039684019163,-0.8726135325969331,0.21296834320698002,0.337944358587265,0.2113319834303243,0.21722639522295534,0.21722716195306324,0.2172569824810391,0.21406609810783941
0.2529296875,0.47067226559878556,0.7380903959274292,0.4746522549005954,0.4778092599506027,0.4778102419741674,0.4778484366928763,0.47246593760998995,-0.8588502313962489,-0.7675901651382446,-0.8654787203870016,-0.8707075471293,-0.8707091675365513,-0.8707721863145071,-0.8618488217188626,0.2089090729676147,0.311472624540329,0.2113319834303243,0.2133019105769717,0.21330252430778412,0.21332639429857062,0.21002089935703178
0.2548828125,0.46422906628003885,0.7070785164833069,0.4746522549005954,0.47149524985058816,0.4714940558260836,0.4714476155656656,0.4660537081591265,-0.8479995369518045,-0.77681565284729,-0.8654787203870016,-0.8601798720169719,-0.8601778488223072,-0.8600991509563269,-0.8510832758111624,0.20491630253877682,0.28650668263435364,0.2113319834303243,0.20935679585322142,0.20935604566884117,0.20932686747940904,0.20604109133193096
0.2568359375,0.45785662353929885,0.6852253675460815,0.4746522549005954,0.4651812397505736,0.4651802189770269,0.46514051712069154,0.45971082867775026,-0.83714884250736,-0.7878731489181519,-0.8654787203870016,-0.8493664078774485,-0.8493646302062726,-0.8492954836019168,-0.8403169411512613,0.20098912158559137,0.27122294902801514,0.2113319834303243,0.2053902110015804,0.20538956580548132,0.20536447116169998,0.20212581554209366
0.2587890625,0.45155435300518953,0.671793520450592,0.4499251187346561,0.45900414899012365,0.45900550210084157,0.4590542946754912,0.45343677068526567,-0.8262981480629156,-0.8005396127700806,-0.8233897749846185,-0.838885688641287,-0.8388879599314671,-0.8389698527051594,-0.8295498627106217,0.1971266297700713,0.26612550020217896,0.196054305527761,0.20158796255787376,0.20158878673836841,0.20161850569006207,0.19827422119410004
0.2607421875,0.4453216735327366,0.6660701036453247,0.4499251187346561,0.4529514621531453,0.4529525333584322,0.4529911605477921,0.44723100744027605,-0.8154474536184713,-0.8144258260726929,-0.8233897749846185,-0.8286241023207034,-0.8286259481027193,-0.8286925003538042,-0.8187820841097727,0.19332793666855244,0.2629430592060089,0.196054305527761,0.19790372370237624,0.19790437936953448,0.19792802202516369,0.19448546522797558
0.2626953125,0.4391580071944396,0.6673809885978699,0.4499251187346561,0.44689877531616695,0.44689746820964327,0.4468503345259126,0.44109301338010887,-0.8045967591740266,-0.8290330171585083,-0.8233897749846185,-0.8180845552095353,-0.8180822417045265,-0.8179988086925026,-0.8080136483575218,0.18959216168958845,0.26158466935157776,0.196054305527761,0.19419988971866395,0.1941990853641044,0.19417008005470965,0.1907587120720149
0.2646484375,0.4330627792713385,0.6750487089157104,0.4499251187346561,0.4408460884791886,0.44084497126970745,0.44080468518942867,0.43502226285377305,-0.7937460647295823,-0.8438206911087036,-0.8233897749846185,-0.8072555983486399,-0.8072535653862031,-0.8071802507734014,-0.7972445997420929,0.18591843399229718,0.2619669437408447,0.196054305527761,0.19047565350073534,0.190474961810266,0.1904500192705409,0.18709313302833794
0.2666015625,0.42703541824408214,0.6883253455162048,0.4262307602047686,0.4349277181083381,0.43492929661786306,0.4349795263725599,0.4290182294062316,-0.7828953702851379,-0.8582603931427002,-0.7812606553639945,-0.7967667380740302,-0.7967695054356347,-0.7968575551662738,-0.7864749848710472,0.18230589240516087,0.2639677822589874,0.1817184476003621,0.18690838661340445,0.18690932796687987,0.18693928208201613,0.18348790600556328
0.2685546875,0.42107535578399713,0.706315279006958,0.4262307602047686,0.4291297461726251,0.42913098847860853,0.42917051989974786,0.42308038649079044,-0.7720446758406934,-0.8718504905700684,-0.7812606553639945,-0.786499183827724,-0.7865014201855989,-0.7865725765730134,-0.7757048513202711,0.1787536853452795,0.2673915922641754,0.1817184476003621,0.1834530435809942,0.18345378810908622,0.18347747929070699,0.17994221606282182
0.2705078125,0.41518202674415744,0.727899968624115,0.4262307602047686,0.42333177423691204,0.4233302532117662,0.42328185266761115,0.41720820979266904,-0.7611939813962489,-0.8840912580490112,-0.7812606553639945,-0.7759503797674827,-0.77594756637145,-0.7758580307322377,-0.7649342434385675,0.17526097073807476,0.27194342017173767,0.1817184476003621,0.17997910885972368,0.17997819233969584,0.17994902705410423,0.1764552568170383
0.2724609375,0.4093548691504512,0.7516961693763733,0.4262307602047686,0.4175338023011991,0.4175325025108365,0.4174911418791555,0.4114011780825683,-0.7503432869518045,-0.8944590091705322,-0.7812606553639945,-0.7651086093914148,-0.7651061368721944,-0.7650274507936783,-0.7541632007806465,0.171826915937442,0.27722421288490295,0.1817184476003621,0.17648580794398644,0.17648501989792995,0.17645994294959486,0.1730262308624144
0.2744140625,0.4035933241926504,0.7760889530181885,0.40354134324895197,0.4118672737371826,0.41186909760930895,0.41192146157208537,0.4056587740354472,-0.73949259250736,-0.9024038314819336,-0.7391009476253463,-0.7546137178080563,-0.7546170585674847,-0.7547129602413268,-0.7433917566074474,0.16845069764635218,0.2827599346637726,0.16827934270041947,0.17314225922548224,0.17314332375900413,0.17317388607903866,0.16965435008933813
0.2763671875,0.3978968362154798,0.7993679642677307,0.40354134324895197,0.40631665341169554,0.4063180808936426,0.4063590643652688,0.3999804836670897,-0.7286418980629156,-0.9073891639709473,-0.7391009476253463,-0.744342510094434,-0.7443451957087014,-0.7444222925217234,-0.7326199391101582,0.16513150183790068,0.28741973638534546,0.16827934270041947,0.1699046898637469,0.16990552721611332,0.169929567375375,0.1663388351578294
0.2783203125,0.39226485270968386,0.8106396794319153,0.40354134324895197,0.4007660330862084,0.4007642797587486,0.4007139411563247,0.39436579333344,-0.7177912036184713,-0.9089533090591431,-0.7391009476253463,-0.7337867893752384,-0.7337833989858015,-0.7336860471469484,-0.7218477774100053,0.16186852367680013,0.2813296914100647,0.16827934270041947,0.16664949936137438,0.16664846521714716,0.1666187738135699,0.16307891358083013
0.2802734375,0.3866968243030974,0.8160219788551331,0.40354134324895197,0.3952154127607213,0.3952139147341077,0.39517090590212894,0.38881418812914026,-0.7069405091740266,-0.9067718982696533,-0.7391009476253463,-0.722934568084039,-0.7229315880956,-0.7228460220209902,-0.7110753051642148,0.15866096744132038,0.2766827642917633,0.16827934270041947,0.1633759452757001,0.1633750561935622,0.16334952975700612,0.15987381871370276
0.2822265625,0.381192204751713,0.8247957229614258,0.3818257976008717,0.3897928802797582,0.38979495768986094,0.38985027740181144,0.383325152631688,-0.6960898147295823,-0.9007110595703125,-0.6969194560678006,-0.7124357158516388,-0.7124396924040224,-0.71254556911297,-0.7003025596324364,0.1555080464456696,0.27337780594825745,0.15569281609308572,0.16024501894431029,0.16024620508196674,0.16027779003935227,0.1567227901774757
0.2841796875,0.3757504509307493,0.8363723158836365,0.3818257976008717,0.3844814918271672,0.3844831093632568,0.3845261830107903,0.37789817320014363,-0.6852391202851379,-0.890872597694397,-0.6969194560678006,-0.7021629920340955,-0.7021661732458336,-0.7022508764362398,-0.6895295773572533,0.15240898296281777,0.2712499797344208,0.15569281609308572,0.1572143590931185,0.15721528734382198,0.15724000531942647,0.15362507521079918
0.2861328125,0.37037102282572004,0.8498942852020264,0.3818257976008717,0.37917010337457624,0.37916811067750694,0.3791150468035347,0.3725327396187564,-0.6743884258406934,-0.8776187896728516,-0.6969194560678006,-0.6916024690141593,-0.6915984397218484,-0.6914911274198521,-0.6787563906692966,0.14936300814776152,0.27010446786880493,0.15569281609308572,0.15416701500034183,0.1541658650989287,0.15413524326989814,0.15057992964714606
0.2880859375,0.3650533835235036,0.8494393229484558,0.3818257976008717,0.3738587149219852,0.3738570126728622,0.3738116831873504,0.3672283448239053,-0.6635377313962489,-0.8615692853927612,-0.6969194560678006,-0.6807418805535497,-0.6807383384727467,-0.680644003924717,-0.6679830277768816,0.1463693619612286,0.2697463631629944,0.15569281609308572,0.15110227556990663,0.1511012870660828,0.1510749633369627,0.14758661779569257
0.2900390625,0.3597969992034091,0.8395501375198364,0.361050235628224,0.36867162307910867,0.36867394097677486,0.3687332782298864,0.3619844836333318,-0.6526870369518045,-0.8435454368591309,-0.6547239297238223,-0.6702407487498546,-0.6702453859626123,-0.6703640769049597,-0.657209514990765,0.1434272930938185,0.26999619603157043,0.14391586207547624,0.14817320361206693,0.14817449745710998,0.1482076182931853,0.14464441175583034
0.2919921875,0.3546013391282472,0.8257496953010559,0.361050235628224,0.36359069811185224,0.36359249422681134,0.3636384740513298,0.35680065210570744,-0.64183634250736,-0.8244608640670776,-0.6547239297238223,-0.6599684816197313,-0.6599721746969851,-0.660066703576353,-0.6464358779726365,0.1405360588905827,0.27068451046943665,0.14391586207547624,0.1453388934971967,0.1453399012316319,0.14536569815482356,0.14175259107008958
0.2939453125,0.34946587563539855,0.8092314600944519,0.361050235628224,0.3585097731445958,0.3585075542791002,0.3584507522099434,0.3516763476946666,-0.6309856480629156,-0.8051769733428955,-0.6547239297238223,-0.6494050502177166,-0.6494003580327095,-0.6492802201952534,-0.6356621416194638,0.13769492527603924,0.2716280519962311,0.14391586207547624,0.14248880203506586,0.14248755010900546,0.1424555002274973,0.1389104427764062
0.2958984375,0.34439008412788064,0.7912753820419312,0.361050235628224,0.3534288481773394,0.3534269530302097,0.3533784380217366,0.3466110692049387,-0.6201349536184713,-0.7863812446594238,-0.6547239297238223,-0.6385378971323862,-0.6385337716012203,-0.6384281445877972,-0.6248883305869923,0.13490316667962082,0.27260029315948486,0.14391586207547624,0.13962224860346384,0.13962117248789505,0.13959362354044183,0.13611726129255006
0.2978515625,0.33937344306541845,0.7730770707130432,0.3411783978628202,0.3484679395243009,0.3484704543799549,0.34853524318129503,0.34160431632319854,-0.6092842591740266,-0.7685621976852417,-0.6125214217379875,-0.6280360955680552,-0.6280413539006461,-0.6281767951845555,-0.614114470971148,0.1321600659615581,0.27331408858299255,0.13290674519577175,0.13688455246603384,0.13688592379206901,0.13692125115936774,0.13337234802337808
0.2998046875,0.3344154339555118,0.7556391358375549,0.3411783978628202,0.3436082450833138,0.3436101850165231,0.34366016241666136,0.3366555895620941,-0.5984335647295823,-0.7520828247070312,-0.6125214217379875,-0.6177661216729812,-0.6177702918785837,-0.6178777102924154,-0.6033405913424539,0.12946491433919305,0.27343857288360596,0.13290674519577175,0.13423638250199382,0.13423744582020258,0.13426483866088834,0.13067501117765182
0.3017578125,0.329515541344504,0.7397345900535583,0.3411783978628202,0.3387485506423267,0.33874614781056134,0.33868424501719396,0.33176439108699524,-0.5875828702851379,-0.7372815608978271,-0.6125214217379875,-0.6072014812179924,-0.6071961670823037,-0.6070592360214314,-0.5925667219210661,0.12681701131372367,0.2726595401763916,0.13290674519577175,0.13157330013505525,0.13157197560015021,0.13153785103848717,0.12802456606480736
0.3037109375,0.3246732528086507,0.7259081602096558,0.3411783978628202,0.33388885620133957,0.3338868042442416,0.33383394083613055,0.3269302261309585,-0.5767321758406934,-0.7244731187820435,-0.6125214217379875,-0.596329307740942,-0.5963246344336096,-0.5962042188596345,-0.5817928922687847,0.12421566459737804,0.2705031633377075,0.13290674519577175,0.1288946542228983,0.12889351578210462,0.12886418577127276,0.12542033571893907
0.3056640625,0.3198880589451883,0.7144960165023804,0.3221726801003272,0.32914450859688915,0.3291471512865268,0.32921944511722334,0.3221526044545383,-0.5658814813962489,-0.7138396501541138,-0.5703181883855933,-0.5858282397261296,-0.5858340141234331,-0.5859919434825552,-0.5710191285132955,0.12166019004101637,0.2675120532512665,0.12262526473043502,0.12633825386972736,0.12633966030471339,0.1263781332576699,0.12286165156634729
0.3076171875,0.3151594533634031,0.7056477069854736,0.3221726801003272,0.3244966229325145,0.32449865263875016,0.3245541775997119,0.3174310410244644,-0.5550307869518045,-0.7053430080413818,-0.5703181883855933,-0.5755622575746226,-0.5755668188066273,-0.5756915744547145,-0.5602454519159783,0.11914991156216027,0.2637440860271454,0.12262526473043502,0.1238664216657977,0.12386750753958232,0.12389721182531463,0.12034785370628066
0.3095703125,0.31048693267569905,0.6993481516838074,0.3221726801003272,0.31984873726813984,0.3198462168855383,0.3197772689052349,0.3127650553672555,-0.54418009250736,-0.698783278465271,-0.5703181883855933,-0.564997914943845,-0.5649920856970672,-0.5648325842716047,-0.5494718801789961,0.11668416107344645,0.2591944932937622,0.12262526473043502,0.12138051236316469,0.12137915622438877,0.12134205579357735,0.11787829053286422
0.3115234375,0.30586999648866636,0.6954231858253479,0.3221726801003272,0.3152008516037652,0.31519869959049346,0.31513982877913865,0.30815416989776034,-0.5333293980629156,-0.6939448118209839,-0.5703181883855933,-0.5541220131506013,-0.5541168856763566,-0.5539765905285449,-0.538698431088499,0.11426227841150585,0.2545441687107086,0.12262526473043502,0.11887990322799113,0.11887873770511752,0.11884685219334971,0.11545231787239633
0.3134765625,0.30130814739415107,0.6935190558433533,0.3039953125478231,0.3106633897852104,0.31066607074691405,0.3107485250831526,0.30359790828955313,-0.5224787036184713,-0.6906638145446777,-0.5281198655597689,-0.5436229166496135,-0.5436290373932761,-0.543817232393743,-0.5279251262428242,0.1118836112662656,0.250232458114624,0.113032948908611,0.11649516470111221,0.11649655583305607,0.11653933852841944,0.11306929819576395
0.3154296875,0.2968008909603231,0.6900056600570679,0.3039953125478231,0.3062180049602855,0.30622005523281925,0.3062831124039266,0.29909579492879146,-0.5116280091740266,-0.6887232065200806,-0.5281198655597689,-0.5333625688251642,-0.533367384717197,-0.5335154684327004,-0.5171519924386604,0.1095475151106725,0.2466214895248413,0.113032948908611,0.11419031525272098,0.11419138476190846,0.11422427667216033,0.11072860042337951
0.3173828125,0.2923477357227433,0.6695719361305237,0.3039953125478231,0.30177262013536066,0.30177006782961624,0.3016915703726219,0.2946473555957707,-0.5007773147295823,-0.6877021789550781,-0.5281198655597689,-0.5227999325128012,-0.5227937599623684,-0.5226038690441013,-0.5063790602084444,0.10725335313083628,0.2439986616373062,0.113032948908611,0.11187219109182438,0.11187085195453632,0.1118296638619654,0.10842960035368317
0.3193359375,0.2879481931754351,0.6553226113319397,0.3039953125478231,0.29732723531043576,0.2973250563819428,0.29725804233159125,0.2902521185463469,-0.4899266202851379,-0.6869456768035889,-0.5281198655597689,-0.5119214490287173,-0.5119160181897943,-0.5117489511064147,-0.49560636133352676,0.10500049615659432,0.24257992208003998,0.113032948908611,0.109540196801671,0.10953904596824834,0.10950364978963036,0.10617168125080072
0.3212890625,0.28360177776195034,0.647543728351593,0.2866096015009281,0.2929872901794958,0.2929899201480179,0.29308603840472736,0.2859096150711939,-0.4790759258406933,-0.6857033967971802,-0.48593211145594695,-0.5014254810066372,-0.5014317534882736,-0.5016609185381794,-0.4848339275725541,0.10278832259249167,0.24487242102622986,0.10409318636652971,0.10731797990291944,0.10731930900678219,0.10736788100586422,0.10395423410821254
0.3232421875,0.27930800686643903,0.6461879014968872,0.2866096015009281,0.2887354977271174,0.2887375001231933,0.2888106822994994,0.2816193794049135,-0.46822523139624894,-0.6833235025405884,-0.48593211145594695,-0.4911726174971039,-0.4911775329597947,-0.4913571330980725,-0.4740617910569374,0.10061621834917966,0.2528563141822815,0.10409318636652971,0.10517122030813933,0.10517223766795289,0.10520941751123489,0.10177665753891355
0.3251953125,0.2750664008047184,0.6510451436042786,0.2866096015009281,0.2844837052747389,0.2844812061108596,0.2843898684110763,0.27738094853245165,-0.4573745369518045,-0.6793844699859619,-0.48593211145594695,-0.48061328267215375,-0.48060696352923926,-0.4803759396946949,-0.4632899851023353,0.09848357677522955,0.2591080069541931,0.10409318636652971,0.10301195691652432,0.1030106796934785,0.10296399751697549,0.09963835759202774
0.3271484375,0.27087648281534027,0.6618125438690186,0.2866096015009281,0.28023191282236043,0.2802297796216417,0.28015181688840946,0.27319386226781034,-0.44652384250736,-0.6737297773361206,-0.48593211145594695,-0.4697335268097944,-0.4697279654343853,-0.46952465405118327,-0.4525185444853547,0.0963897985893596,0.2624066472053528,0.10409318636652971,0.10083962059001499,0.10083852304351411,0.10079840829948727,0.0975387476988599
0.3291015625,0.26673777905066015,0.6477910876274109,0.26998097292879536,0.2760805769388207,0.2760830897558265,0.2761973019425988,0.2690576634376616,-0.43567314806291557,-0.6664294004440308,-0.4437623159174766,-0.45924243691177397,-0.4592486967845717,-0.45953309935333164,-0.4417475055704142,0.09433429181307605,0.25750547647476196,0.09577122098466945,0.09877121280945916,0.09877244822840936,0.09882859574137251,0.09547724867169557
0.3310546875,0.2626498185679064,0.6281013488769531,0.26998097292879536,0.2720141742654705,0.2720160782607501,0.27210261837249966,0.26497189788024766,-0.4248224536184712,-0.6577193737030029,-0.4437623159174766,-0.44899949488278723,-0.4490043789338917,-0.44922629594683366,-0.4309769070777932,0.09231647170372552,0.25739607214927673,0.09577122098466945,0.09677413665182977,0.09677507779292573,0.09681785165973517,0.0934532886186286
0.3330078125,0.25861213332024835,0.6065592169761658,0.26998097292879536,0.26794777159212024,0.2679453885071997,0.26783707288397196,0.26093611420635876,-0.4139717591740266,-0.647951602935791,-0.4437623159174766,-0.4384456569907585,-0.43843935761496466,-0.4381529209812777,-0.4202067917729728,0.09033576068795766,0.25027701258659363,0.09577122098466945,0.09476529834564322,0.09476411338611326,0.0947102502892296,0.09146630275492798
0.3349609375,0.25462425814786405,0.584514319896698,0.26998097292879536,0.26388136891877,0.26387933519140516,0.26378689851611103,0.2569498634838059,-0.40312106472958226,-0.6375515460968018,-0.4437623159174766,-0.42756655055253356,-0.427561004931268,-0.42730885590380374,-0.40943720882142054,0.08839158829559655,0.2410145252943039,0.09577122098466945,0.09274415412800484,0.09274313595530452,0.09269685469233031,0.08951573319108636
0.3369140625,0.2506857307690105,0.5632588863372803,0.2540783801141263,0.2599105849820815,0.25991295348747173,0.26005027193466085,0.2530126991253787,-0.3922703702851379,-0.6269738674163818,-0.4016212951497698,-0.41708293782797723,-0.41708910064161053,-0.4174462091480957,-0.3986682161830229,0.08648339109392124,0.2310103178024292,0.08803435435879697,0.09082133883323136,0.0908224704449187,0.09088807096234715,0.08760102882608631
0.3388671875,0.24679609177109088,0.5438879132270813,0.2540783801141263,0.25602244840344474,0.2560242328722992,0.25612769072937724,0.2491241772997761,-0.3814196758406933,-0.6166195869445801,-0.4016212951497698,-0.4068534464947489,-0.4068582296636233,-0.4071354287108986,-0.3878998821806919,0.08461061262235141,0.2211633026599884,0.08803435435879697,0.08896608976294433,0.088966946968009,0.08901664100090644,0.08572164548398213
0.3408203125,0.2429548846017235,0.52720046043396,0.2540783801141263,0.2521343118248079,0.2521320708481286,0.25200214611202304,0.2452838580544182,-0.37056898139624894,-0.6067448854446411,-0.4016212951497698,-0.3963084593518015,-0.3963022664610676,-0.3959430339489669,-0.3771322855355951,0.08277270332753943,0.21207711100578308,0.08803435435879697,0.08709979385094509,0.08709871088355776,0.087035917245383,0.08387704636187007
0.3427734375,0.239161655559811,0.5136308073997498,0.2540783801141263,0.24824617524617112,0.24824426324860577,0.24813341168044414,0.24149130699141463,-0.3597182869518045,-0.5974018573760986,-0.4016212951497698,-0.3854331521127551,-0.38542769864898374,-0.38511138039277826,-0.36636551390750816,0.08096912049886647,0.20478907227516174,0.08803435435879697,0.08522193203631402,0.08522100161636807,0.08516705376117846,0.08206670269028292
0.3447265625,0.23541595378660815,0.5032271146774292,0.23887588029970097,0.24444905035135803,0.24445128895996104,0.2445897211493723,0.23774609691706242,-0.34886759250736,-0.5884523391723633,-0.35952622316322563,-0.37496094719562395,-0.3749670318349448,-0.375343080378848,-0.3555996619899083,0.07919932820434075,0.19989801943302155,0.08085225922681592,0.08343702897912356,0.08343806729421167,0.08350226810821978,0.08029009431665711
0.3466796875,0.23171733125679006,0.4957011640071869,0.23887588029970097,0.2407336036502533,0.24073527770316014,0.24083879861734225,0.23404780867293046,-0.33801689806291557,-0.5796356201171875,-0.35952622316322563,-0.36475053692048653,-0.3647552264052397,-0.36504509042613864,-0.3448348307202876,0.07746279722689774,0.19622528553009033,0.08085225922681592,0.08171641740525538,0.08171719811141188,0.08176547169345592,0.07854670984225381
0.3486328125,0.2280653427695223,0.4905560314655304,0.23887588029970097,0.23701815694914863,0.23701604533238524,0.23688546612735675,0.23039603057739277,-0.3271662036184712,-0.5706456899642944,-0.35952622316322563,-0.35422001416399335,-0.3542139127095048,-0.35383639659343685,-0.3340711284825687,0.07575900500110144,0.19364960491657257,0.08085225922681592,0.07998545226833587,0.0799844615236845,0.07992318850317005,0.07683604607015793
0.3505859375,0.22445954593952838,0.48726364970207214,0.23887588029970097,0.23330271024804392,0.23330090920329746,0.23318953530473258,0.22679035651044555,-0.3163155091740266,-0.5611792802810669,-0.35952622316322563,-0.3433540851364377,-0.3433487109214913,-0.3430162162585088,-0.3233086733489999,0.07408743555024355,0.19201526045799255,0.08085225922681592,0.0782436389134382,0.0782427878988666,0.07819015719829939,0.07515760681970235
0.3525390625,0.220899501188158,0.48542582988739014,0.2243548065052887,0.2296739149991093,0.22967607536511642,0.22980999541513697,0.2232303832775845,-0.30546481472958226,-0.5509521961212158,-0.3175068945654698,-0.33289924356551565,-0.33290537945479526,-0.3332855150528815,-0.31254759353229183,0.07244757942384071,0.19123834371566772,0.07419761794175579,0.07658961295471847,0.07659058485521762,0.07665082575098943,0.0735109014417575
0.3544921875,0.2173847717344567,0.48481249809265137,0.2243548065052887,0.22612784266989555,0.22612944006802313,0.22622846200988125,0.21971570801798834,-0.2946141202851378,-0.539700984954834,-0.3175068945654698,-0.3227181370410134,-0.3227228149978229,-0.32301267031522146,-0.30178802285066036,0.07083893363552911,0.18734940886497498,0.07419761794175579,0.07499734911022053,0.07499807169034148,0.07504286022188687,0.07189544341326287
0.3564453125,0.21391492358623349,0.4852404296398163,0.2243548065052887,0.22258177034068183,0.22257974184709617,0.2224539965050742,0.2162459259587433,-0.2837634258406933,-0.5271929502487183,-0.3175068945654698,-0.3122126289262815,-0.3122064984972558,-0.3118262578711769,-0.2910300898389507,0.06926100160135315,0.18615587055683136,0.07419761794175579,0.07339541082039175,0.07339448761618454,0.07333725209496035,0.07031074915806039
0.3583984375,0.21048952553112976,0.4863967299461365,0.2243548065052887,0.21903569801146808,0.21903396874091904,0.21892677209106237,0.21282062821424108,-0.27291273139624894,-0.5132319927215576,-0.3175068945654698,-0.30136696354980474,-0.3013615634347119,-0.30102664634316784,-0.2802739021243064,0.06771329307844899,0.1869504451751709,0.07419761794175579,0.07178332821274289,0.07178253551346925,0.07173339147607741,0.06875633695797206
0.3603515625,0.20710814912768838,0.4877592623233795,0.2105073016659911,0.21557176438101827,0.21557392836134368,0.21570115717536217,0.209439399261054,-0.26206203695180447,-0.4976300895214081,-0.2756218477294755,-0.2909403768447889,-0.2909468029879584,-0.2913243942793284,-0.26951952987509314,0.0661953241041208,0.18752740323543549,0.06804740144271568,0.07025388193356792,0.07025482552780184,0.07031029684485332,0.0672317257904494
0.3623046875,0.20377036869642132,0.4886542856693268,0.2105073016659911,0.21219545590433347,0.21219702437463592,0.2122892408398501,0.20610181442049702,-0.25121134250736,-0.4801476299762726,-0.2756218477294755,-0.28080927007559603,-0.2808140744439481,-0.2810964171441709,-0.2587669926482894,0.06470661693530771,0.18770495057106018,0.06804740144271568,0.0687851252976542,0.0687858129847392,0.06882624133905992,0.06573643424794738
0.3642578125,0.2004757613108787,0.4883931279182434,0.2105073016659911,0.20881914742764873,0.20881713174556385,0.20869862196149364,0.20280743874716356,-0.24036064806291557,-0.4604717791080475,-0.2756218477294755,-0.2703505521454115,-0.27034417761670354,-0.2699691778572637,-0.248016253887392,0.06324669998844197,0.18738001585006714,0.06804740144271568,0.0673073751063594,0.06730648589653312,0.06725419982535914,0.0642699801572189
0.3662109375,0.19722390678871762,0.4864044785499573,0.2105073016659911,0.20544283895096394,0.20544112218242097,0.2053401866872585,0.1995558295874137,-0.2295099536184711,-0.43830224871635437,-0.2756218477294755,-0.25954807087761694,-0.25954245770579254,-0.25921227253622753,-0.2372672284663513,0.06181510777969559,0.18637119233608246,0.06804740144271568,0.06582018795142323,0.06581942503932857,0.06577456591864735,0.06283188186511647
0.3681640625,0.19401438768277063,0.48233479261398315,0.19734433869181053,0.20214329697271016,0.20214556068365133,0.202265072289705,0.19634654558987574,-0.21865925917402662,-0.4135097563266754,-0.23399487392644958,-0.24917232860102073,-0.2491793632417806,-0.249550530353694,-0.2265198118167195,0.06041138086561466,0.18431857228279114,0.06238609197100938,0.06441027605413999,0.0644112323061083,0.06446171152218653,0.06142166233291469
0.3701171875,0.19084678927211354,0.4761039912700653,0.19734433869181053,0.19894399145211042,0.19894556827240004,0.19902881579391138,0.1931791654466023,-0.20780856472958226,-0.3862907588481903,-0.23399487392644958,-0.23913538391819467,-0.2391404395060746,-0.23940723325200988,-0.21577394384300502,0.05903506578414005,0.18072646856307983,0.06238609197100938,0.06306287290234149,0.0630635426450517,0.06309889852468523,0.060038857335653284
0.3720703125,0.18772069955313533,0.4679371118545532,0.19734433869181053,0.19574468593151065,0.1957426101206283,0.19563301861408813,0.19005332057136518,-0.19695787028513778,-0.3572576940059662,-0.23399487392644958,-0.2287703460114744,-0.22876347258544136,-0.2284003860025388,-0.2050297265339803,0.05768571499601382,0.17516793310642242,0.06238609197100938,0.06170719102960128,0.061706303911347946,0.06165946364439788,0.05868302939279752
0.3740234375,0.18463570923060565,0.4583491384983063,0.19734433869181053,0.1925453804109109,0.19254361569056247,0.19245044806953765,0.18696874762195148,-0.1861071758406933,-0.3274553716182709,-0.23399487392644958,-0.2180608602356291,-0.2180548158228412,-0.21773554634253844,-0.19428762160327498,0.05636288682656875,0.16756437718868256,0.06238609197100938,0.06034281776191673,0.06034205793700147,0.06030193932295838,0.0573537896958175
0.3759765625,0.18159141170874338,0.44806498289108276,0.18491285750119307,0.18941594931661898,0.18941836592485709,0.18953151158169382,0.1839253695656462,-0.17525648139624891,-0.29827001690864563,-0.1928944583868177,-0.20778638971050584,-0.20779425667053017,-0.2081623633502547,-0.18354876580837434,0.05506614540790093,0.1583496630191803,0.05721256496339622,0.05905003597255789,0.059051024533646114,0.05909730374181242,0.05605083136175568
0.3779296875,0.17858740308228638,0.43784797191619873,0.18491285750119307,0.18641388810633505,0.18641543465839633,0.1864878442637456,0.18092341838637782,-0.16440578695180444,-0.27119454741477966,-0.1928944583868177,-0.19793837676559078,-0.1979435707292309,-0.19818665579457656,-0.17281546018447336,0.05379506062142423,0.14833223819732666,0.05721256496339622,0.05782690723129464,0.05782754330616816,0.05785732209629139,0.054773979017880635
0.3798828125,0.17562328212755876,0.4282727837562561,0.18491285750119307,0.1834118268960511,0.18340968101016208,0.18330921058033484,0.17796361930573615,-0.15355509250735996,-0.24745580554008484,-0.1928944583868177,-0.18776798180027246,-0.18776053939971377,-0.18741189095960223,-0.16209191949337654,0.052549208040803826,0.13832738995552063,0.05721256496339622,0.05659631013963266,0.056595422206721015,0.05655384461448517,0.05352326229122679
0.3818359375,0.17269865029354,0.4195476770401001,0.18491285750119307,0.18040976568576716,0.18040794841135677,0.18032286357899804,0.1750474662759309,-0.14270439806291557,-0.22768452763557434,-0.1928944583868177,-0.17725911127513513,-0.1772525895193236,-0.1769470935974334,-0.15138541380765894,0.0513281688752694,0.13225127756595612,0.05721256496339622,0.05535787187221601,0.05535711415983371,0.055321634609875533,0.052299024485035595
0.3837890625,0.1698131116929337,0.41150256991386414,0.17332784900953907,0.17746986921373725,0.17747226378411868,0.17758165717890384,0.17217763140492362,-0.1318537036184711,-0.2119143307209015,-0.15289414282621377,-0.1672012422074732,-0.16720941257342598,-0.16758243206639895,-0.14070799634837705,0.05013152991330586,0.12874875962734222,0.05255264620654939,0.05418549702576185,0.05418644478731089,0.0542297372130646,0.05110208245634158
0.3857421875,0.16696627309323597,0.40374553203582764,0.17332784900953907,0.17470852241093845,0.17470979092889202,0.1747677418191077,0.1693585642785673,-0.12100300917402662,-0.20000135898590088,-0.15289414282621377,-0.15773855266759096,-0.15774301497820842,-0.15794680180522658,-0.13007908138604052,0.04895888346672013,0.12643052637577057,0.05255264620654939,0.053098531580741834,0.05309903632622387,0.053122093602037526,0.04993395832886636
0.3876953125,0.1641577439078036,0.39588412642478943,0.17332784900953907,0.17194717560813969,0.17194518483995463,0.17185423871797748,0.16659734269238496,-0.11015231472958224,-0.19205737113952637,-0.15289414282621377,-0.14797193527993316,-0.14796470961828032,-0.14763443445701532,-0.11952918047232179,0.04780982731508299,0.12507100403308868,0.05255264620654939,0.052005107618113146,0.05200431092035072,0.051967910801258774,0.048797204886885125
0.3896484375,0.16138713618692357,0.38770461082458496,0.17332784900953907,0.1691858288053409,0.16918415648519092,0.16910775832216723,0.1639048160074837,-0.09930162028513777,-0.18845078349113464,-0.15289414282621377,-0.1378865084755766,-0.13788022830070099,-0.13759319275541565,-0.1091050471698391,0.04668396465054527,0.12425265461206436,0.05255264620654939,0.050904908902046644,0.050904234434226724,0.0508734192434858,0.04769583727165007
0.3916015625,0.1586540646088807,0.37924376130104065,0.1628220830788028,0.16648445118285954,0.1664860915849703,0.1666358789103631,0.1612970041828468,-0.08845092584069329,-0.1894536018371582,-0.11515244220440424,-0.1283031576590294,-0.12830901065262115,-0.12884296970981704,-0.09887617535281604,0.04558090402302595,0.12353359907865524,0.048478065735902166,0.04986783999822202,0.04986846610329236,0.04992562699411748,0.04663585192171368
0.3935546875,0.15595814647102654,0.3707217276096344,0.1628220830788028,0.1640428724468217,0.1640434158458278,0.1640930343407154,0.15879653578515757,-0.07760023139624891,-0.1950351595878601,-0.11515244220440424,-0.11960125816019442,-0.11960325474758829,-0.11978551009975125,-0.08894183266687158,0.04450025928577186,0.12257038801908493,0.048478065735902166,0.04894259394658583,0.048942802484021206,0.04896184321594425,0.04562574384483682
0.3955078125,0.15329900168084845,0.36238718032836914,0.1628220830788028,0.1616012937107839,0.1616000976195926,0.16149088092248146,0.15643359240294075,-0.06674953695180444,-0.20496511459350586,-0.11515244220440424,-0.11063641060826379,-0.11063188915691825,-0.11021874707079442,-0.0794363918850694,0.043441649541287666,0.12116348743438721,0.048478065735902166,0.048012229022258476,0.04801176779943409,0.047969647349150844,0.04467681423651465
0.3974609375,0.15067625274703741,0.35440629720687866,0.1628220830788028,0.15915971497474607,0.1591587272648205,0.15906853814165128,0.15424540638552448,-0.05589884250735996,-0.21892985701560974,-0.11515244220440424,-0.10139651379329463,-0.10139265424709686,-0.10104003188265755,-0.07052872156244853,0.042404699087634036,0.11710941046476364,0.048478065735902166,0.04707650964808936,0.047076125800798584,0.04704107218876681,0.0438029070273871
0.3994140625,0.1480895247705568,0.34686651825904846,0.15379521912123656,0.15680032677715441,0.15680080367156649,0.1569851598290269,0.15227302834277728,-0.04504814806291557,-0.23643890023231506,-0.08176351752519831,-0.0928207972370432,-0.09282254630227582,-0.09349789767177906,-0.062409635765130034,0.041389037365093743,0.11281485110521317,0.04512489337612577,0.04621006534074714,0.04621023866503188,0.04627722739759532,0.043019100452328964
0.4013671875,0.1455384454357115,0.3398404121398926,0.15379521912123656,0.1547969216732092,0.1547969297124977,0.15480003751225582,0.15055427930234905,-0.034197453618471096,-0.25667473673820496,-0.08176351752519831,-0.08549697908964264,-0.08549701066475188,-0.08550921661327174,-0.05526191827424215,0.040394298903204076,0.10898764431476593,0.04512489337612577,0.0454874638927712,0.04548746690900187,0.04548863290817392,0.04233897035243079
0.4033203125,0.14302264500121611,0.33344215154647827,0.15379521912123656,0.15279351656926393,0.15279324646334577,0.15268882987150587,0.14911310193730587,-0.02334675917402662,-0.27849724888801575,-0.08176351752519831,-0.07798110338657717,-0.07798006151611113,-0.07757702276859288,-0.04921306393548459,0.039420123268154014,0.10565051436424255,0.04512489337612577,0.0447614541319405,0.044761355089544756,0.04472306265662505,0.04177054051223525
0.4052734375,0.14054175629126275,0.3278549611568451,0.15379521912123656,0.1507901114653187,0.15078989663753625,0.15070684927215766,0.14794809009010468,-0.01249606472958224,-0.30061838030815125,-0.08176351752519831,-0.07026551506843612,-0.07026466125323909,-0.06993441403647585,-0.04428266860712501,0.03846615501054483,0.10280979424715042,0.04512489337612577,0.04403190020920028,0.04403182085241246,0.044001140089845514,0.04131199285815547
0.4072265625,0.13809541468659128,0.3233145773410797,0.14679484224724088,0.14895993620425427,0.14895998168485391,0.14903254283097497,0.14702568783720144,-0.0016453702851377632,-0.3218279182910919,-0.05580620600513582,-0.06354192512141688,-0.06354209389789367,-0.06381123388946965,-0.04034925392451851,0.03753204361351418,0.10042592883110046,0.042686554842294604,0.043400645039102397,0.043400660147615434,0.043424762573116345,0.04094920976044588
0.4091796875,0.137727451781669,0.3200342357158661,0.14679484224724088,0.147516540232912,0.1475165224665155,0.1474881774116609,0.1462838096142931,0.0,-0.34115806221961975,-0.05580620600513582,-0.058410009448094116,-0.05840994306719306,-0.05830401657169335,-0.03716300951943314,0.03739210956386194,0.09839170426130295,0.042686554842294604,0.042924979145842104,0.04292497323740142,0.04291554639841539,0.04065730148789692
0.4111328125,0.137727451781669,0.31810861825942993,0.14679484224724088,0.14607314426156975,0.14607312816598972,0.14604744878305068,0.14564730929051428,0.0,-0.357939213514328,-0.05580620600513582,-0.05317667353841527,-0.05317661150916895,-0.0530776307321512,-0.03441152722452644,0.03739210956386194,0.09653063118457794,0.042686554842294604,0.042447728509617,0.042447723125877815,0.04243913345661024,0.04040663340721097
0.4130859375,0.137727451781669,0.31746965646743774,0.14679484224724088,0.14462974829022748,0.14462973667160436,0.14461119996327698,0.14504944735499542,0.0,-0.3717676103115082,-0.05580620600513582,-0.04783888088926188,-0.047838834368308075,-0.04776460388939595,-0.0318130060058541,0.03739210956386194,0.09462925791740417,0.042686554842294604,0.041968845683515825,0.041968841768263654,0.04196259509518537,0.04017110111060884
0.4150390625,0.137727451781669,0.3179238438606262,0.14224805135049845,0.1435065618825384,0.14350659644550062,0.14350776386689215,0.14444897152849595,0.0,-0.3824291527271271,-0.0406667733580377,-0.04471942975553999,-0.044719537541803515,-0.044723178171185825,-0.029191480834563226,0.03739210956386194,0.09249504655599594,0.041321108269697364,0.041564728612462305,0.041564738487350227,0.041565072027681026,0.03993466326319248
0.4169921875,0.137727451781669,0.3192346692085266,0.14224805135049845,0.14266755486117844,0.14266754007613658,0.14266704068681887,0.14383506012787287,0.0,-0.3898346722126007,-0.0406667733580377,-0.04202560318369482,-0.04202555628446257,-0.04202397217937525,-0.026500206238721954,0.03739210956386194,0.09001182019710541,0.041321108269697364,0.041402419496163204,0.041402415566707144,0.04140228284273613,0.039693155391608066
0.4189453125,0.137727451781669,0.3211994171142578,0.14224805135049845,0.14182854783981846,0.14182853631883105,0.14182814717836723,0.14322006219720385,0.0,-0.39397427439689636,-0.0406667733580377,-0.03929990518056832,-0.03929986838648101,-0.039298625601627286,-0.023792351667079777,0.03739210956386194,0.08717048913240433,0.041321108269697364,0.041239691361962275,0.04123968805908789,0.041239576498980614,0.03945138784788549
0.4208984375,0.137727451781669,0.32368382811546326,0.14224805135049845,0.1409895408184585,0.14098953256152552,0.14098925366991558,0.1426262773946833,0.0,-0.3948991000652313,-0.0406667733580377,-0.03654176676023846,-0.03654174031586959,-0.03654084711161874,-0.021165182874880287,0.03739210956386194,0.08406693488359451,0.041321108269697364,0.0410765367293267,0.041076534056250204,0.04107644376863344,0.03921797803756154
0.4228515625,0.137727451781669,0.32660406827926636,0.1400827860763611,0.14090736616392668,0.14090738769896335,0.14090736616392668,0.14207402682952236,0.0,-0.3927343785762787,-0.03438916954481675,-0.0347854100081593,-0.03478546361047028,-0.0347854100081593,-0.018708688003183243,0.03739210956386194,0.08086984604597092,0.04099640047154313,0.0410975457533331,0.04109754967841199,0.0410975457533331,0.03900073604691477
0.4248046875,0.137727451781669,0.32986149191856384,0.1400827860763611,0.14035764610554963,0.1403576433428996,0.14035764610554963,0.1415751759044982,0.0,-0.38775262236595154,-0.03438916954481675,-0.0345217669999759,-0.03452176231778668,-0.0345217669999759,-0.016476997529713766,0.03739210956386194,0.07777058333158493,0.04099640047154313,0.041030116546808645,0.04103011610892784,0.041030116546808645,0.03880419428466568
0.4267578125,0.137727451781669,0.3332519829273224,0.1400827860763611,0.13980792604717257,0.13980791576548432,0.13980792604717257,0.14113240574620856,0.0,-0.3804914653301239,-0.03438916954481675,-0.03425605072092801,-0.034256025586605406,-0.03425605072092801,-0.014484568854975,0.03739210956386194,0.0749320238828659,0.04099640047154313,0.04096268340722494,0.040962681553008605,0.04096268340722494,0.03862936350078483
0.4287109375,0.137727451781669,0.33639925718307495,0.1400827860763611,0.1392582059887955,0.13925819749809712,0.1392582059887955,0.140742085442103,0.0,-0.3718663156032562,-0.03438916954481675,-0.03398823661838178,-0.03398821224105253,-0.03398823661838178,-0.012718293720296779,0.03739210956386194,0.07245397567749023,0.04099640047154313,0.04089524628800489,0.040895244653128875,0.04089524628800489,0.03847486422223721
0.4306640625,0.137727451781669,0.3387555480003357,0.13785029088348197,0.13862899644209764,0.13862913570909685,0.13862899644209764,0.14039802182408093,0.0,-0.36317774653434753,-0.034131792912536686,-0.03454737124826601,-0.03454758043068908,-0.03454737124826601,-0.011153782752673296,0.03739210956386194,0.07036640495061874,0.04079143790804864,0.04079419330409736,0.04079420430653188,0.04079419330409736,0.03833837983172143
0.4326171875,0.137727451781669,0.3396914601325989,0.13785029088348197,0.13810985940302054,0.13811000584058963,0.13810985940302054,0.14009414207844362,0.0,-0.35595467686653137,-0.034131792912536686,-0.03427083972612469,-0.03427104399009301,-0.03427083972612469,-0.009767214569044207,0.03739210956386194,0.06865055859088898,0.04079143790804864,0.04079235743548588,0.04079236770643594,0.04079235743548588,0.03821768969704855
0.4345703125,0.137727451781669,0.33863988518714905,0.13785029088348197,0.1375907223639434,0.1375905698431433,0.1375907223639434,0.13982547311391452,0.0,-0.3516864478588104,-0.034131792912536686,-0.03399222146800075,-0.03399200793190229,-0.03399222146800075,-0.008539803637701819,0.03739210956386194,0.06727330386638641,0.04079143790804864,0.04079051731050911,0.040790506634706396,0.04079051731050911,0.03811104637177324
0.4365234375,0.137727451781669,0.33521589636802673,0.13785029088348197,0.1370715853248663,0.13707145214109806,0.1370715853248663,0.1395878574471224,0.0,-0.3515266478061676,-0.034131792912536686,-0.03371149276434265,-0.03371128860348204,-0.03371149276434265,-0.007456715282648514,0.03739210956386194,0.06621381640434265,0.04079143790804864,0.04078867288080614,0.04078866227048481,0.04078867288080614,0.0380170707106934
0.4384765625,0.137727451781669,0.32926130294799805,0.13592968976374412,0.13676857909758225,0.13676900928576932,0.13676857909758225,0.13937726900819752,0.0,-0.34828290343284607,-0.0319645363825377,-0.03295873753021544,-0.03295916934994964,-0.03295873753021544,-0.0065041946715303405,0.03739210956386194,0.06546883285045624,0.04079080883109174,0.0407925999816364,0.040792628760411155,0.0407925999816364,0.037934497074085125
0.4404296875,0.137727451781669,0.32082846760749817,0.13592968976374412,0.13620931954169016,0.13620982341913557,0.13620931954169016,0.139189398303909,0.0,-0.34301599860191345,-0.0319645363825377,-0.03229729745635799,-0.03229782064816513,-0.03229729745635799,-0.0056678716334874315,0.03739210956386194,0.06384090334177017,0.04079080883109174,0.040791411877248655,0.040791440829808505,0.040791411877248655,0.0378620240643003
0.4423828125,0.137727451781669,0.31015294790267944,0.13592968976374412,0.13565005998579807,0.13564979586809822,0.13565005998579807,0.1390196995537774,0.0,-0.3427582085132599,-0.0319645363825377,-0.03163040339771064,-0.03163012917331941,-0.03163040339771064,-0.004933114391410242,0.03739210956386194,0.06117453798651695,0.04079080883109174,0.04079019973951891,0.040790183649866626,0.04079019973951891,0.03779834342969409
0.4443359375,0.137727451781669,0.2976439595222473,0.13592968976374412,0.13509080042990598,0.13509013048197335,0.13509080042990598,0.13886369346286292,0.0,-0.3470213711261749,-0.0319645363825377,-0.03095798761776356,-0.030957288211463777,-0.03095798761776356,-0.004286536972858922,0.03739210956386194,0.058911290019750595,0.04079080883109174,0.040788963269961814,0.040788921552312424,0.040788963269961814,0.03774226809651385
0.4462890625,0.137727451781669,0.2838856875896454,0.1333762144363453,0.13447760626283006,0.13447909322453477,0.13447760626283006,0.13871719329655197,0.0,-0.35477539896965027,-0.02876722260599159,-0.030321167463874334,-0.030322936374193508,-0.030321167463874334,-0.0037171980435658993,0.03739210956386194,0.0571659617125988,0.04073579892822776,0.04077868067762533,0.040778775134014976,0.04077868067762533,0.03769283306780365
0.4482421875,0.137727451781669,0.26961833238601685,0.1333762144363453,0.13374334504517355,0.1337451629126373,0.13374334504517355,0.13857625715857064,0.0,-0.3647061884403229,-0.02876722260599159,-0.029288047984086532,-0.029290306227895052,-0.029288047984086532,-0.0032166222679734153,0.03739210956386194,0.05605778843164444,0.04073579892822776,0.040750107237479516,0.04075021468242193,0.040750107237479516,0.03764929487728225
0.4501953125,0.137727451781669,0.2556789517402649,0.1333762144363453,0.13300908382751703,0.13300858194556986,0.13300908382751703,0.13843691047333723,0.0,-0.3755996525287628,-0.02876722260599159,-0.028243522071814808,-0.02824291025520825,-0.028243522071814808,-0.002777842757822943,0.03739210956386194,0.055670350790023804,0.04073579892822776,0.04072147606728271,0.040721444157378175,0.04072147606728271,0.03761104703575566
0.4521484375,0.137727451781669,0.24291609227657318,0.1333762144363453,0.1322748226098605,0.13227201966263924,0.1322748226098605,0.13829484098911238,0.0,-0.3866174519062042,-0.02876722260599159,-0.027187399774787676,-0.027183873086168354,-0.027187399774787676,-0.0023943663752558223,0.03739210956386194,0.056019656360149384,0.04073579892822776,0.04069278620565156,0.040692615691660196,0.04069278620565156,0.03757752893072516
0.4541015625,0.137727451781669,0.23210972547531128,0.13005560002249192,0.13141455749377584,0.13141837535116957,0.13141455749377584,0.1381452392305944,0.0,-0.3972916305065155,-0.023539450928551184,-0.025357982851396857,-0.025362613879382993,-0.025357982851396857,-0.0020598344644183106,0.03739210956386194,0.057050108909606934,0.04045616355822132,0.040572273971004026,0.0405724984472437,0.040572273971004026,0.03754819439010811
0.4560546875,0.137727451781669,0.22390276193618774,0.13005560002249192,0.13050858584625324,0.13051316733732812,0.13050858584625324,0.13798278776027964,0.0,-0.407302588224411,-0.023539450928551184,-0.024149836230993028,-0.02415556008700065,-0.024149836230993028,-0.001768398776568329,0.03739210956386194,0.05865399166941643,0.04045616355822132,0.04049488627746713,0.04049517631022587,0.04049488627746713,0.03752254177838116
0.4580078125,0.137727451781669,0.218746155500412,0.13005560002249192,0.1296026141987306,0.12959958330084667,0.1296026141987306,0.1378016531157491,0.0,-0.4162767231464386,-0.023539450928551184,-0.02292479880030883,-0.022920968045325063,-0.02292479880030883,-0.0015151693502216536,0.03739210956386194,0.06252244114875793,0.04045616355822132,0.040417421321551114,0.04041723184917942,0.040417421321551114,0.037500150979391716
0.4599609375,0.137727451781669,0.2168639600276947,0.13005560002249192,0.128696642551208,0.1286912741006233,0.128696642551208,0.13759533644944852,0.0,-0.4237574636936188,-0.023539450928551184,-0.021682513846187287,-0.02167566996573948,-0.021682513846187287,-0.0012961183336606444,0.03739210956386194,0.0676918625831604,0.04045616355822132,0.04033987747156947,0.04033955103164684,0.04033987747156947,0.037480674934023565
0.4619140625,0.137727451781669,0.22146818041801453,0.1261284412561643,0.12758014513101995,0.12758048526119112,0.12758014513101995,0.13735637114631707,0.0,-0.42933085560798645,-0.018962307500279326,-0.020625306557223045,-0.020625739389097234,-0.020625306557223045,-0.0011074669706434863,0.03739210956386194,0.0731012150645256,0.04011628036409346,0.040219563392767,0.04021958361945155,0.040219563392767,0.03746378802276504
0.4638671875,0.137727451781669,0.23082582652568817,0.1261284412561643,0.12661234254778284,0.12661273860495678,0.12661234254778284,0.1370759898661425,0.0,-0.4327464997768402,-0.018962307500279326,-0.019520877743822947,-0.01952138116085636,-0.019520877743822947,-0.0009451637952896681,0.03739210956386194,0.07702925056219101,0.04011628036409346,0.04015072366177592,0.04015074789281924,0.04015072366177592,0.037449142726664275
0.4658203125,0.137727451781669,0.24011515080928802,0.1261284412561643,0.12564453996454575,0.12564415201918924,0.12564453996454575,0.1367439927456937,0.0,-0.43396124243736267,-0.018962307500279326,-0.01839943475600807,-0.01839893432038337,-0.01839943475600807,-0.0008049884527010756,0.03739210956386194,0.07814871519804001,0.04011628036409346,0.04008182120429815,0.040081797446760825,0.04008182120429815,0.03743637948531564
0.4677734375,0.137727451781669,0.2490326464176178,0.1261284412561643,0.12467673738130863,0.12467638913932,0.12467673738130863,0.1363491250196075,0.0,-0.4331114590167999,-0.018962307500279326,-0.01726058137643358,-0.017260118731190467,-0.01726058137643358,-0.000683190550119678,0.03739210956386194,0.07893434911966324,0.04011628036409346,0.04001285455959149,0.04001283375499802,0.04001285455959149,0.03742518153467397
0.4697265625,0.137727451781669,0.2572939395904541,0.12231317935659505,0.12373213061005493,0.12373315024797264,0.12373213061005493,0.135879425702294,0.0,-0.4304586946964264,-0.014577930771060826,-0.01624944414178962,-0.01625072892455226,-0.01624944414178962,-0.0005770611655147006,0.03739210956386194,0.0792580246925354,0.03990501908514516,0.03996054900682808,0.03996060183415577,0.03996054900682808,0.037415323357855884
0.4716796875,0.137727451781669,0.26461470127105713,0.12231317935659505,0.12278616310774834,0.12278692459773939,0.12278616310774834,0.13531953639215977,0.0,-0.4263307750225067,-0.014577930771060826,-0.01513939444489509,-0.015140360831692004,-0.01513939444489509,-0.00048493707513670015,0.03739210956386194,0.07900088280439377,0.03990501908514516,0.03992354436439808,0.039923582892156737,0.03992354436439808,0.037406670671508255
0.4736328125,0.137727451781669,0.2707180082798004,0.12231317935659505,0.12184019560544176,0.1218392293126696,0.12184019560544176,0.1346461545161258,0.0,-0.4210751950740814,-0.014577930771060826,-0.014012107892232402,-0.014010864733313701,-0.014012107892232402,-0.0004056894285855641,0.03739210956386194,0.07808946818113327,0.03990501908514516,0.03988647826287198,0.03988642951696436,0.03988647826287198,0.037399136908405704
0.4755859375,0.137727451781669,0.27831214666366577,0.12231317935659505,0.12089422810313517,0.12089341326799857,0.12089422810313517,0.13383953608743243,0.0,-0.415038138628006,-0.014577930771060826,-0.012867179861372816,-0.012866102573775648,-0.012867179861372816,-0.0003381649908717068,0.03739210956386194,0.0771239623427391,0.03990501908514516,0.03984934925954296,0.039849306393815925,0.03984934925954296,0.03739263545107274
0.4775390625,0.137727451781669,0.2848978638648987,0.11856070123771163,0.11978941756189243,0.11979185626187099,0.11978941756189243,0.1328891407406589,0.0,-0.40856412053108215,-0.009938577973097244,-0.011639691999429965,-0.011643577565108743,-0.011639691999429965,-0.0002809720570425707,0.03739210956386194,0.0760173499584198,0.03981972656956698,0.039849233995709867,0.03984934287165973,0.039849233995709867,0.03738705962131981
0.4794921875,0.137727451781669,0.28893622756004333,0.11856070123771163,0.1189702733457719,0.11896985141136901,0.1189702733457719,0.13172973121055245,0.0,-0.4019867479801178,-0.009938577973097244,-0.010509520200064352,-0.010508884658721372,-0.010509520200064352,-0.00023259196972191795,0.03739210956386194,0.07408495247364044,0.03981972656956698,0.03982957773169971,0.039829563039635724,0.03982957773169971,0.03738229449336895
0.4814453125,0.137727451781669,0.29015371203422546,0.11856070123771163,0.11815112912965137,0.11814996172682696,0.11815112912965137,0.13039088214105465,0.0,-0.3955969512462616,-0.009938577973097244,-0.009363677391890068,-0.009361782157036421,-0.009363677391890068,-0.00019163845690950562,0.03739210956386194,0.07150358706712723,0.03981972656956698,0.03980985984112468,0.039809808719263984,0.03980985984112468,0.03737823363223497
0.4833984375,0.137727451781669,0.2884722948074341,0.11856070123771163,0.11733198491353083,0.11733113555077958,0.11733198491353083,0.12876531494965363,0.0,-0.38958433270454407,-0.009938577973097244,-0.008201835357083912,-0.008200369584068595,-0.008201835357083912,-0.00015691917032747158,0.03739210956386194,0.06851636618375778,0.03981972656956698,0.03979007903326144,0.039790035499515604,0.03979007903326144,0.03737478900404843
0.4853515625,0.137727451781669,0.2839949429035187,0.1157600256276308,0.11617834074714493,0.11618170391961263,0.11617834074714493,0.12690619061769876,0.0,-0.3839639127254486,-0.005452154864437116,-0.006968077104776683,-0.006975110758887449,-0.006968077104776683,-0.0001274651774674241,0.03739210956386194,0.06540019065141678,0.03974733691121078,0.0397763948231703,0.039776481075894175,0.0397763948231703,0.037371888821165766
0.4873046875,0.137727451781669,0.27700161933898926,0.1157600256276308,0.11589946400080217,0.1158978329969307,0.11589946400080217,0.12466734150401082,0.0,-0.3785025179386139,-0.005452154864437116,-0.005958678146210379,-0.0059544678619689664,-0.005958678146210379,-0.00010240276893311411,0.03739210956386194,0.06281959265470505,0.03974733691121078,0.03975703473337396,0.03975697042684117,0.03975703473337396,0.037369473306728365
0.4892578125,0.137727451781669,0.2679690420627594,0.1157600256276308,0.11562058725445942,0.1156194661969702,0.11562058725445942,0.12216749028106401,0.0,-0.3726736605167389,-0.005452154864437116,-0.00494440984899062,-0.004942034274794592,-0.00494440984899062,-8.097598133808042e-05,0.03739210956386194,0.061451271176338196,0.03974733691121078,0.03973762718036594,0.0397375982075322,0.03973762718036594,0.03736749248908702
0.4912109375,0.137727451781669,0.25759732723236084,0.1157600256276308,0.11534171050811666,0.11534109939700968,0.11534171050811666,0.11926561489052892,0.0,-0.3501429259777069,-0.005452154864437116,-0.003925236893405709,-0.003924713827701112,-0.003925236893405709,-6.248104772276157e-05,0.03739210956386194,0.060627952218055725,0.03974733691121078,0.039718171819872174,0.03971817835441882,0.039718171819872174,0.037365905216893966
0.4931640625,0.137727451781669,0.25028368830680847,0.11520227213494529,0.11520227213494529,0.11520227213494529,0.11520227213494529,0.11615946773875979,0.0,-0.3203165829181671,-0.0019693058664151278,-0.0019693058664151278,-0.0019693058664151278,-0.0019693058664151278,-4.6288010138675315e-05,0.03739210956386194,0.06038203835487366,0.039664657349153004,0.039664657349153004,0.039664657349153004,0.039664657349153004,0.037364681523725594
0.4951171875,0.137727451781669,0.2464369237422943,0.11520227213494529,0.11520227213494529,0.11520227213494529,0.11520227213494529,0.11292770180371622,0.0,-0.28271111845970154,-0.0019693058664151278,-0.0019693058664151278,-0.0019693058664151278,-0.0019693058664151278,-3.1905878006224854e-05,0.03739210956386194,0.0607215017080307,0.039664657349153004,0.039664657349153004,0.039664657349153004,0.039664657349153004,0.03736378973107375
0.4970703125,0.137727451781669,0.2452159970998764,0.11520227213494529,0.11520227213494529,0.11520227213494529,0.11520227213494529,0.11071063610023554,0.0,-0.2364804446697235,-0.0019693058664151278,-0.0019693058664151278,-0.0019693058664151278,-0.0019693058664151278,-1.8543449353176645e-05,0.03739210956386194,0.061645280569791794,0.039664657349153004,0.039664657349153004,0.039664657349153004,0.039664657349153004,0.03736323373078823
0.4990234375,0.137727451781669,0.2475455105304718,0.11520227213494529,0.11520227213494529,0.11520227213494529,0.11520227213494529,0.1103865419655971,0.0,-0.1835830807685852,-0.0019693058664151278,-0.0019693058664151278,-0.0019693058664151278,-0.0019693058664151278,-7.116784375559001e-06,0.03739210956386194,0.06544309854507446,0.039664657349153004,0.039664657349153004,0.039664657349153004,0.039664657349153004,0.037362908281292184
0.5009765625,0.137727451781669,0.4037044048309326,0.11520227213494512,0.11520227213494512,0.11520227213494512,0.11520227213494512,0.11038654196559752,0.0,0.27369779348373413,0.0019693058664158034,0.0019693058664158034,0.0019693058664158034,0.0019693058664158034,7.116784378418141e-06,0.03739210956386194,0.0904025211930275,0.03966465734915301,0.03966465734915301,0.03966465734915301,0.03966465734915301,0.03736290828129216
0.5029296875,0.137727451781669,0.4109134376049042,0.11520227213494512,0.11520227213494512,0.11520227213494512,0.11520227213494512,0.1107106361002354,0.0,0.3039255142211914,0.0019693058664158034,0.0019693058664158034,0.0019693058664158034,0.0019693058664158034,1.8543449355899826e-05,0.03739210956386194,0.09460363537073135,0.03966465734915301,0.03966465734915301,0.03966465734915301,0.03966465734915301,0.03736323373078819
0.5048828125,0.137727451781669,0.4232720732688904,0.11520227213494512,0.11520227213494512,0.11520227213494512,0.11520227213494512,0.11292770180371556,0.0,0.332853764295578,0.0019693058664158034,0.0019693058664158034,0.0019693058664158034,0.0019693058664158034,3.190587800870201e-05,0.03739210956386194,0.09983669221401215,0.03966465734915301,0.03966465734915301,0.03966465734915301,0.03966465734915301,0.03736378973107367
0.5068359375,0.137727451781669,0.4403337836265564,0.11520227213494512,0.11520227213494512,0.11520227213494512,0.11520227213494512,0.11615946773875992,0.0,0.35986703634262085,0.0019693058664158034,0.0019693058664158034,0.0019693058664158034,0.0019693058664158034,4.628801014088678e-05,0.03739210956386194,0.11433440446853638,0.03966465734915301,0.03966465734915301,0.03966465734915301,0.03966465734915301,0.037364681523725435
0.5087890625,0.137727451781669,0.4617282450199127,0.11576002562763119,0.11534171050811663,0.11534048586852712,0.11534171050811663,0.11926561489052842,0.0,0.38481375575065613,0.005452154864437045,0.003925236893405987,0.003924188687327254,0.003925236893405987,6.248104772423392e-05,0.03739210956386194,0.12000800669193268,0.03974733691121076,0.039718171819872146,0.039718184914801474,0.039718171819872146,0.03736590521689378
0.5107421875,0.137727451781669,0.4871355891227722,0.11576002562763119,0.11562058725445967,0.11561834070490798,0.11562058725445967,0.12216749028106343,0.0,0.4078126847743988,0.005452154864437045,0.004944409848990666,0.004939649257185036,0.004944409848990666,8.09759813387001e-05,0.03739210956386194,0.12688037753105164,0.03974733691121076,0.039737627180365914,0.03973756911982789,0.039737627180365914,0.037367492489086856
0.5126953125,0.137727451781669,0.5161762237548828,0.11576002562763119,0.1158994640008027,0.11589619554128883,0.1158994640008027,0.12466734150401082,0.0,0.42902323603630066,0.005452154864437045,0.005958678146210189,0.005950240803876506,0.005958678146210189,0.00010240276893298334,0.03739210956386194,0.13476665318012238,0.03974733691121076,0.03975703473337394,0.039756905865103956,0.03975703473337394,0.03736947330672825
0.5146484375,0.137727451781669,0.5482252240180969,0.11576002562763119,0.11617834074714574,0.11618508039580083,0.11617834074714574,0.12690619061769748,0.0,0.4484332501888275,0.005452154864437045,0.006968077104776254,0.006982171826440543,0.006968077104776254,0.00012746517746695964,0.03739210956386194,0.14337486028671265,0.03974733691121076,0.03977639482317029,0.03977656766749575,0.03977639482317029,0.0373718888211657
0.5166015625,0.137727451781669,0.5821611881256104,0.11856070123771142,0.11733198491353071,0.11732202903094337,0.11733198491353071,0.12876531494965346,0.0,0.4657438397407532,0.009938577973096203,0.008201835357083126,0.008184652832030941,0.008201835357083126,0.00015691917032721164,0.03739210956386194,0.1522994339466095,0.03981972656956702,0.039790079033261455,0.039789568742171315,0.039790079033261455,0.03737478900404842
0.5185546875,0.137727451781669,0.6160996556282043,0.11856070123771142,0.11815112912965119,0.11813744531147717,0.11815112912965119,0.13039088214105427,0.0,0.48042744398117065,0.009938577973096203,0.00936367739188911,0.009341459870866943,0.00936367739188911,0.00019163845690964895,0.03739210956386194,0.1610158085823059,0.03981972656956702,0.039809859841124715,0.03980926060092602,0.039809859841124715,0.03737823363223497
0.5205078125,0.137727451781669,0.6472247242927551,0.11856070123771142,0.11897027334577166,0.11896532760336832,0.11897027334577166,0.1317297312105522,0.0,0.4919587969779968,0.009938577973096203,0.01050952020006323,0.010502070361243173,0.01050952020006323,0.00023259196972243132,0.03739210956386194,0.16891169548034668,0.03981972656956702,0.03982957773169976,0.03982940551613016,0.03982957773169976,0.03738229449336893
0.5224609375,0.137727451781669,0.6718944907188416,0.11856070123771142,0.11978941756189214,0.11981800300505682,0.11978941756189214,0.1328891407406587,0.0,0.5001084208488464,0.009938577973096203,0.011639691999428676,0.011685227071379214,0.011639691999428676,0.0002809720570432453,0.03739210956386194,0.17537733912467957,0.03981972656956702,0.03984923399570993,0.039850510149591956,0.03984923399570993,0.037387059621319774
0.5244140625,0.137727451781669,0.6862281560897827,0.12231317935659497,0.12089422810313498,0.12087914948616782,0.12089422810313498,0.13383953608743276,0.0,0.5051339864730835,0.014577930771059377,0.012867179861371427,0.012847242179366761,0.012867179861371427,0.00033816499087210497,0.03739210956386194,0.17993400990962982,0.039905019085145245,0.039849349259543025,0.039848556015293246,0.039849349259543025,0.0373926354510727
0.5263671875,0.137727451781669,0.6872547268867493,0.12231317935659497,0.12184019560544164,0.12182231424768573,0.12184019560544164,0.13464615451612685,0.0,0.5077600479125977,0.014577930771059377,0.014012107892230974,0.013989099900690664,0.014012107892230974,0.00040568942858559983,0.03739210956386194,0.18235105276107788,0.039905019085145245,0.03988647826287205,0.0398855762021014,0.03988647826287205,0.037399136908405683
0.5283203125,0.137727451781669,0.6741273403167725,0.12231317935659497,0.1227861631077483,0.12280025456672405,0.1227861631077483,0.13531953639216054,0.0,0.5089789032936096,0.014577930771059377,0.015139394444893619,0.015157275601377817,0.015139394444893619,0.0004849370751364561,0.03739210956386194,0.1827075183391571,0.039905019085145245,0.03992354436439816,0.039924257317529965,0.03992354436439816,0.03740667067150827
0.5302734375,0.137727451781669,0.6484554409980774,0.12231317935659497,0.12373213061005496,0.12375099912580227,0.12373213061005496,0.1358794257022947,0.0,0.5114280581474304,0.014577930771059377,0.01624944414178811,0.01627321576394838,0.01624944414178811,0.0005770611655138686,0.03739210956386194,0.18138515949249268,0.039905019085145245,0.03996054900682817,0.039961526569310984,0.03996054900682817,0.03741532335785591
0.5322265625,0.137727451781669,0.613471508026123,0.12612844125616474,0.124676737381309,0.12465243489060175,0.124676737381309,0.13634912501960925,0.0,0.5210360288619995,0.018962307500277924,0.017260581376432074,0.017228288911077243,0.017260581376432074,0.0006831905501179809,0.03739210956386194,0.17899304628372192,0.04011628036409357,0.0400128545595916,0.040011402660108476,0.0400128545595916,0.03742518153467406
0.5341796875,0.137727451781669,0.5728172659873962,0.12612844125616474,0.12564453996454616,0.12561746672602514,0.12564453996454616,0.13674399274569438,0.0,0.5208132266998291,0.018962307500277924,0.01839943475600664,0.01836450382840345,0.01839943475600664,0.0008049884526990146,0.03739210956386194,0.1765502393245697,0.04011628036409357,0.040081821204298256,0.040080163225446525,0.040081821204298256,0.03743637948531581
0.5361328125,0.137727451781669,0.5297021865844727,0.12612844125616474,0.1266123425477833,0.12663998187935085,0.1266123425477833,0.13707598986614367,0.0,0.5198853015899658,0.018962307500277924,0.01952087774382158,0.019556001756115732,0.01952087774382158,0.0009451637952880487,0.03739210956386194,0.17566648125648499,0.04011628036409357,0.04015072366177604,0.040152414623804415,0.04015072366177604,0.03744914272666447
0.5380859375,0.137727451781669,0.4865743815898895,0.12612844125616474,0.12758014513102048,0.1276038815286812,0.12758014513102048,0.13735637114631885,0.0,0.5219789743423462,0.018962307500277924,0.02062530655722174,0.0206555067177334,0.02062530655722174,0.001107466970642495,0.03739210956386194,0.17214153707027435,0.04011628036409357,0.04021956339276711,0.040220974913605705,0.04021956339276711,0.0374637880227652
0.5400390625,0.137727451781669,0.44518911838531494,0.13005560002249225,0.12869664255120838,0.12866901308528134,0.12869664255120838,0.13759533644944896,0.0,0.5286210179328918,0.02353945092855029,0.02168251384618621,0.021647284784545275,0.02168251384618621,0.0012961183336600663,0.03739210956386194,0.17168906331062317,0.0404561635582214,0.04033987747156956,0.040338197378081614,0.04033987747156956,0.03748067493402369
0.5419921875,0.137727451781669,0.417534202337265,0.13005560002249225,0.12960261419873095,0.12958701526781205,0.12960261419873095,0.137801653115749,0.0,0.5367980599403381,0.02353945092855029,0.022924798800307872,0.022905081383202668,0.022924798800307872,0.0015151693502210041,0.03739210956386194,0.1727120578289032,0.0404561635582214,0.0404174213215512,0.040416446167931205,0.0404174213215512,0.03750015097939177
0.5439453125,0.137727451781669,0.40801048278808594,0.13005560002249225,0.13050858584625355,0.13053216511732096,0.13050858584625355,0.13798278776027853,0.0,0.5463985204696655,0.02353945092855029,0.0241498362309922,0.024179290552151848,0.0241498362309922,0.0017683987765674447,0.03739210956386194,0.17548923194408417,0.0404561635582214,0.04049488627746722,0.0404963789525209,0.04049488627746722,0.037522541778381144
0.5458984375,0.137727451781669,0.3999675214290619,0.13005560002249225,0.13141455749377612,0.13143420661955468,0.13141455749377612,0.13814523923059413,0.0,0.5572134256362915,0.02353945092855029,0.025357982851396146,0.025381814200124333,0.025357982851396146,0.0020598344644168344,0.03739210956386194,0.17828784883022308,0.0404561635582214,0.0405722739710041,0.04057342925667646,0.0405722739710041,0.037548194390108036
0.5478515625,0.137727451781669,0.3940260112285614,0.1333762144363454,0.13227482260986073,0.1322521060593161,0.13227482260986073,0.1382948409891122,0.0,0.5689495801925659,0.028767222605991186,0.02718739977478716,0.02715881334165428,0.02718739977478716,0.0023943663752543287,0.03739210956386194,0.17855383455753326,0.040735798928227804,0.040692786205651595,0.04069140425211889,0.040692786205651595,0.03757752893072509
0.5498046875,0.137727451781669,0.39081645011901855,0.1333762144363454,0.13300908382751717,0.1330050163136753,0.13300908382751717,0.1384369104733369,0.0,0.5812223553657532,0.028767222605991186,0.02824352207181437,0.028238563457056207,0.02824352207181437,0.0027778427578219983,0.03739210956386194,0.1787196844816208,0.040735798928227804,0.04072147606728275,0.040721217452150495,0.04072147606728275,0.03761104703575558
0.5517578125,0.137727451781669,0.39095979928970337,0.1333762144363454,0.13374334504517363,0.13375807799405337,0.13374334504517363,0.13857625715857064,0.0,0.5934953689575195,0.028767222605991186,0.029288047984086168,0.029306348206073276,0.029288047984086168,0.0032166222679726464,0.03739210956386194,0.1789187788963318,0.040735798928227804,0.040750107237479544,0.04075097801964541,0.040750107237479544,0.0376492948772822
0.5537109375,0.137727451781669,0.394972026348114,0.1333762144363454,0.13447760626283006,0.1344896573783368,0.13447760626283006,0.13871719329655163,0.0,0.6050266027450562,0.028767222605991186,0.03032116746387405,0.030335502512338436,0.03032116746387405,0.0037171980435650592,0.03739210956386194,0.17930881679058075,0.040735798928227804,0.04077868067762536,0.040779446196773345,0.04077868067762536,0.03769283306780361
0.5556640625,0.137727451781669,0.40317052602767944,0.13592968976374384,0.13509080042990568,0.13505839830008698,0.13509080042990568,0.13886369346286212,0.0,0.6149224042892456,0.03196453638253744,0.030957987617763288,0.03092415278202571,0.030957987617763288,0.004286536972857942,0.03739210956386194,0.18003034591674805,0.04079080883109177,0.04078896326996186,0.0407869455594593,0.04078896326996186,0.03774226809651385
0.5576171875,0.137727451781669,0.4156533479690552,0.13592968976374384,0.1356500599857978,0.1356372858945876,0.1356500599857978,0.1390196995537783,0.0,0.6223302483558655,0.03196453638253744,0.03163040339771037,0.031617139271639845,0.03163040339771037,0.004933114391409395,0.03739210956386194,0.1812049150466919,0.04079080883109177,0.04079019973951895,0.04078942155645674,0.04079019973951895,0.037798343429694126
0.5595703125,0.137727451781669,0.43236488103866577,0.13592968976374384,0.13620931954168988,0.1362336896480865,0.13620931954168988,0.13918939830391,0.0,0.6266833543777466,0.03196453638253744,0.03229729745635774,0.032322597271738314,0.03229729745635774,0.005667871633486992,0.03739210956386194,0.18295392394065857,0.04079080883109177,0.040791411877248676,0.040792812154963914,0.040791411877248676,0.037862024064300316
0.5615234375,0.137727451781669,0.45318666100502014,0.13592968976374384,0.136768579097582,0.1367893852122143,0.136768579097582,0.1393772690081986,0.0,0.6278495788574219,0.03196453638253744,0.03295873753021521,0.03297961944386298,0.03295873753021521,0.006504194671530603,0.03739210956386194,0.18540188670158386,0.04079080883109177,0.04079259998163642,0.04079399185960674,0.04079259998163642,0.03793449707408511
0.5634765625,0.137727451781669,0.4779601991176605,0.1378502908834823,0.1370715853248665,0.13705975295748354,0.1370715853248665,0.13958785744712293,0.0,0.6261085271835327,0.034131792912536346,0.03371149276434204,0.033693353072542356,0.03371149276434204,0.00745671528264928,0.03739210956386194,0.18864278495311737,0.04079143790804864,0.040788672880806155,0.040787730225335384,0.040788672880806155,0.0380170707106933
0.5654296875,0.137727451781669,0.5063940286636353,0.1378502908834823,0.1375907223639437,0.13757717204798367,0.1375907223639437,0.13982547311391386,0.0,0.6220016479492188,0.034131792912536346,0.03399222146800032,0.0339732485582088,0.03399222146800032,0.0085398036377028,0.03739210956386194,0.19267982244491577,0.04079143790804864,0.040790517310509124,0.040789568836639166,0.040790517310509124,0.03811104637177313
0.5673828125,0.137727451781669,0.5378880500793457,0.1378502908834823,0.1381098594030209,0.138122869270059,0.1381098594030209,0.14009414207844345,0.0,0.6161688566207886,0.034131792912536346,0.03427083972612445,0.03428898533995676,0.03427083972612445,0.009767214569045172,0.03739210956386194,0.19737441837787628,0.04079143790804864,0.040792357435485864,0.04079326992248302,0.040792357435485864,0.03821768969704841
0.5693359375,0.137727451781669,0.5713658332824707,0.1378502908834823,0.1386289964420981,0.138641369258403,0.1386289964420981,0.1403980218240804,0.0,0.609250545501709,0.034131792912536346,0.03454737124826594,0.034565953879699254,0.03454737124826594,0.011153782752673964,0.03739210956386194,0.20243456959724426,0.04079143790804864,0.040794193304097344,0.040795170777465126,0.040794193304097344,0.03833837983172131
0.5712890625,0.137727451781669,0.6158570647239685,0.14008278607636154,0.13925820598879593,0.1392526283010787,0.13925820598879593,0.14074208544210348,0.0,0.6018580198287964,0.034389169544816786,0.033988236618381525,0.0339722220855833,0.033988236618381525,0.012718293720296755,0.03739210956386194,0.2074504792690277,0.04099640047154312,0.04089524628800487,0.04089417230233254,0.04089524628800487,0.038474864222237136
0.5732421875,0.137727451781669,0.6873874068260193,0.14008278607636154,0.13980792604717301,0.13980117182700624,0.13980792604717301,0.1411324057462089,0.0,0.6032203435897827,0.034389169544816786,0.034256050720927946,0.03423953874996751,0.034256050720927946,0.014484568854974029,0.03739210956386194,0.21196721494197845,0.04099640047154312,0.040962683407224934,0.04096146533259474,0.040962683407224934,0.03862936350078483
0.5751953125,0.137727451781669,0.7503290176391602,0.14008278607636154,0.14035764610555007,0.14035583127261617,0.14035764610555007,0.1415751759044982,0.0,0.6073459386825562,0.034389169544816786,0.034521766999976035,0.03451869114857834,0.034521766999976035,0.01647699752971184,0.03739210956386194,0.21557451784610748,0.04099640047154312,0.04103011654680863,0.04102982889501028,0.04103011654680863,0.03880419428466575
0.5771484375,0.137727451781669,0.796722948551178,0.14008278607636154,0.14090736616392716,0.14092151290474506,0.14090736616392716,0.14207402682952247,0.0,0.6117060780525208,0.034389169544816786,0.03478541000815962,0.03482061877074467,0.03478541000815962,0.01870868800318072,0.03739210956386194,0.2179909199476242,0.04099640047154312,0.041097545753333097,0.04110012417116165,0.041097545753333097,0.03900073604691491
0.5791015625,0.137727451781669,0.8215067386627197,0.14224805135049887,0.14098954081845896,0.14097119375499803,0.14097208313667503,0.1426262773946831,0.0,0.6157656908035278,0.04066677335803799,0.03654176676023868,0.03648299922129049,0.03648584835543448,0.021165182874877588,0.03739210956386194,0.21912066638469696,0.04132110826969739,0.0410765367293267,0.041070597004736475,0.04107088493989523,0.03921797803756165
0.5810546875,0.137727451781669,0.8243898749351501,0.14224805135049887,0.1418285478398189,0.1418029479847837,0.1418041889486061,0.1432200621972035,0.0,0.6193139553070068,0.04066677335803799,0.03929990518056858,0.03921813325964496,0.03922209786908493,0.023792351667076897,0.03739210956386194,0.21906942129135132,0.04132110826969739,0.041239691361962295,0.04123235212215874,0.04123270790366731,0.03945138784788552
0.5830078125,0.137727451781669,0.8089736700057983,0.14224805135049887,0.14266755486117882,0.1426347022145694,0.14263629476053716,0.14383506012787264,0.0,0.6225564479827881,0.04066677335803799,0.04202560318369514,0.041921368198129486,0.041926422140607864,0.026500206238719657,0.03739210956386194,0.21811605989933014,0.04132110826969739,0.041402419496163245,0.041393687859637186,0.04139411114371782,0.03969315539160804
0.5849609375,0.137727451781669,0.7797174453735352,0.14224805135049887,0.14350656188253877,0.14358336144764433,0.14357963855617714,0.14444897152849634,0.0,0.62582927942276,0.04066677335803799,0.04471942975554035,0.0449588048535397,0.044947206950119334,0.029191480834561752,0.03739210956386194,0.21665586531162262,0.04132110826969739,0.041564728612462375,0.04158666915811012,0.041585605656721106,0.03993466326319237
0.5869140625,0.137727451781669,0.7398116588592529,0.14679484224724104,0.14462974829022768,0.14458598744386314,0.1445771987540326,0.1450494473549962,0.0,0.62929767370224,0.05580620600513624,0.04783888088926227,0.04766360949208601,0.047628396145773765,0.03181300600585291,0.03739210956386194,0.21513234078884125,0.04268655484229466,0.041968845683515874,0.04195409823320485,0.04195113622135956,0.040171101110608794
0.5888671875,0.137727451781669,0.6912761926651001,0.14679484224724104,0.14607314426156992,0.14601252122582462,0.14600034602579967,0.14564730929051428,0.0,0.6328791379928589,0.05580620600513624,0.05317667353841568,0.05294294713169639,0.05289598338903854,0.0344115272245255,0.03739210956386194,0.21397331357002258,0.04268655484229466,0.04244772850961705,0.04242744938438766,0.04242337625050121,0.04040663340721098
0.5908203125,0.137727451781669,0.6361028552055359,0.14679484224724104,0.14751654023291216,0.147449624167299,0.14743618510946055,0.1462838096142931,0.0,0.636325478553772,0.05580620600513624,0.058410009448094546,0.05815987633551474,0.05810961358563818,0.03716300951943195,0.03739210956386194,0.2135355919599533,0.04268655484229466,0.042924979145842146,0.04290272351419921,0.04289825336924249,0.04065730148789698
0.5927734375,0.13809541468659128,0.5770899653434753,0.14679484224724104,0.1489599362042544,0.1491312361519774,0.14916563909967137,0.14702568783720205,0.0016453702851377632,0.6393242478370667,0.05580620600513624,0.06354192512141733,0.06417688159807042,0.06430422694080012,0.04034925392451676,0.03753204361351418,0.21405918896198273,0.04268655484229466,0.04340064503910244,0.04345753832444143,0.04346896156565839,0.040949209760446026
0.5947265625,0.14054175629126275,0.5465314984321594,0.1537952191212368,0.15079011146531895,0.1507742715071879,0.15043203674103112,0.14794809009010562,0.01249606472958224,0.6415693759918213,0.08176351752519873,0.07026551506843647,0.07020255394493947,0.06883899130981896,0.04428266860712292,0.03846615501054483,0.21563075482845306,0.0451248933761258,0.04403190020920033,0.04402604885462304,0.0438995672095222,0.041311992858155705
0.5966796875,0.14302264500121611,0.5270233750343323,0.1537952191212368,0.15279351656926418,0.1527736007725933,0.1523433043058924,0.14911310193730642,0.02334675917402662,0.6427574157714844,0.08176351752519873,0.07798110338657757,0.07790427297584358,0.0762393858064221,0.049213063935482707,0.039420123268154014,0.2117309868335724,0.0451248933761258,0.04476145413194053,0.044754151232821886,0.044596277995917394,0.04177054051223549
0.5986328125,0.1455384454357115,0.5133618116378784,0.1537952191212368,0.15479692167320944,0.15479751443636122,0.1548103215509353,0.15055427930234877,0.034197453618471096,0.6424607038497925,0.08176351752519873,0.08549697908964309,0.08549930721738054,0.08554960389618041,0.05526191827424096,0.040394298903204076,0.2005644589662552,0.0451248933761258,0.04548746389277124,0.045487686289201114,0.04549249125720855,0.04233897035243098
0.6005859375,0.1480895247705568,0.5059788227081299,0.1537952191212368,0.15680032677715466,0.15683548976880482,0.1575952138870884,0.1522730283427769,0.04504814806291557,0.6400759220123291,0.08176351752519873,0.0928207972370437,0.09294973304045732,0.09572144162190749,0.06240963576512991,0.041389037365093743,0.19279064238071442,0.0451248933761258,0.04621006534074717,0.046222844595261874,0.04649869704516947,0.04301910045232909
0.6025390625,0.15067625274703741,0.5050025582313538,0.16282208307880291,0.1591597149747463,0.15913288281074506,0.1577762635794516,0.1542454063855237,0.05589884250735996,0.6352331042289734,0.11515244220440514,0.1013965137932953,0.10129164819172765,0.09594321213628895,0.07052872156244952,0.042404699087634036,0.18896369636058807,0.04847806573590217,0.04707650964808939,0.04706608170142531,0.046537930179549776,0.0438029070273871
0.6044921875,0.15329900168084845,0.5103915929794312,0.16282208307880291,0.16160129371078405,0.16156880065368823,0.15992596982805393,0.15643359240293975,0.06674953695180444,0.6284263134002686,0.11515244220440514,0.11063641060826461,0.1105135569024836,0.10423707369999435,0.07943639188507097,0.043441649541287666,0.18903759121894836,0.04847806573590217,0.0480122290222585,0.04799969895636122,0.04736490112433956,0.04467681423651456
0.6064453125,0.15595814647102654,0.5220013856887817,0.16282208307880291,0.16404287244682178,0.1640576344441174,0.16480399278564414,0.1587965357851564,0.07760023139624891,0.6236579418182373,0.11515244220440514,0.1196012581601954,0.11965549282560424,0.12238490340600316,0.08894183266687365,0.04450025928577186,0.19239911437034607,0.04847806573590217,0.04894259394658584,0.048948258989231594,0.04923442995594838,0.04562574384483664
0.6083984375,0.1586540646088807,0.5395978093147278,0.16282208307880291,0.16648445118285954,0.16652901440666099,0.168782106122062,0.16129700418284523,0.08845092584069329,0.6197926998138428,0.11515244220440514,0.12830315765903053,0.12846211931434234,0.13638972285666245,0.09887617535281841,0.04558090402302595,0.1981349140405655,0.04847806573590217,0.04986783999822203,0.04988484798087624,0.05074259806248743,0.04663585192171346
0.6103515625,0.16138713618692357,0.5628440380096436,0.1733278490095388,0.1691858288053407,0.1691285923731771,0.16771679166046674,0.16390481600748202,0.09930162028513777,0.6143128871917725,0.1528941428262155,0.13788650847557807,0.13767149408639745,0.132321469170247,0.10910504716984169,0.04668396465054527,0.2053259015083313,0.052552646206549335,0.05090490890204662,0.050881823208546416,0.05031139002919556,0.047695837271649784
0.6123046875,0.1641577439078036,0.5912703275680542,0.1733278490095388,0.17194717560813944,0.17187904004918006,0.17019840016539392,0.1665973426923833,0.11015231472958224,0.6078369617462158,0.1528941428262155,0.14797193527993482,0.1477245363300389,0.14155946270267886,0.11952918047232457,0.04780982731508299,0.21319089829921722,0.052552646206549335,0.05200510761811309,0.05197783798720277,0.05130385629160498,0.04879720488688481
0.6142578125,0.16696627309323597,0.6242154240608215,0.1733278490095388,0.17470852241093815,0.1747519384050586,0.17582284253246963,0.16935856427856563,0.12100300917402662,0.6011749505996704,0.1528941428262155,0.15773855266759282,0.15789124181552994,0.16163362116393187,0.1300790813860434,0.04895888346672013,0.22116509079933167,0.052552646206549335,0.05309853158074176,0.053115806088679676,0.053541388589287454,0.049933958328866004
0.6162109375,0.1698131116929337,0.6607475876808167,0.1733278490095388,0.1774698692137369,0.17755182521073942,0.17957336167982488,0.17217763140492162,0.1318537036184711,0.5952409505844116,0.1528941428262155,0.16720124220747523,0.16748075390550435,0.17429446236878154,0.14070799634838027,0.05013152991330586,0.22899189591407776,0.052552646206549335,0.05418549702576175,0.05421793219416678,0.055016246158284196,0.05110208245634116
0.6181640625,0.17269865029354,0.6996174454689026,0.1849128575011927,0.18040976568576686,0.18029127163312536,0.17893225043527727,0.17504746627592915,0.14270439806291557,0.5908697843551636,0.19289445838682007,0.17725911127513724,0.17683358974239527,0.17191293790170137,0.15138541380766177,0.0513281688752694,0.2367941290140152,0.057212564963396016,0.055357871872215844,0.05530845935995716,0.05474080045223182,0.05229902448503522
0.6201171875,0.17562328212755876,0.7393482327461243,0.1849128575011927,0.18341182689605076,0.18327190597159418,0.18166713764677137,0.17796361930573493,0.15355509250735996,0.5897575616836548,0.19289445838682007,0.1877679818002747,0.18728234069190938,0.18165897816391466,0.16209191949337837,0.052549208040803826,0.2450709342956543,0.057212564963396016,0.05659631013963249,0.05653840460931787,0.055873031606823505,0.05352326229122648
0.6220703125,0.17858740308228638,0.7784859538078308,0.1849128575011927,0.18641388810633466,0.18651472990563248,0.18767129548694048,0.180923418386377,0.16440578695180444,0.59116530418396,0.19289445838682007,0.19793837676559325,0.19827686507919545,0.20213301375272769,0.17281546018447383,0.05379506062142423,0.25459128618240356,0.057212564963396016,0.05782690723129441,0.05786837782117112,0.05834340141200895,0.054773979017880454
0.6240234375,0.18159141170874338,0.8158518075942993,0.1849128575011927,0.18941594931661856,0.18957352249441883,0.1913807464357817,0.18392536956564579,0.17525648139624891,0.5950357913970947,0.19289445838682007,0.20778638971050847,0.20829892926979598,0.21411695141097312,0.18354876580837357,0.05506614540790093,0.2661879062652588,0.057212564963396016,0.059050035972557625,0.05911448457019026,0.05985224279494147,0.05605083136175565
0.6259765625,0.18463570923060565,0.8505189418792725,0.19734433869181003,0.1925453804109104,0.19234983598644023,0.1910853824530876,0.1869687476219515,0.1861071758406933,0.601094126701355,0.23399487392645263,0.21806086023563212,0.21739041862237557,0.21302200214274056,0.1942876216032734,0.05636288682656875,0.280398964881897,0.062386091971009056,0.06034281776191643,0.06025860625145728,0.05971322614334289,0.05735378969581759
0.6279296875,0.18772069955313533,0.881368100643158,0.19734433869181003,0.19574468593151018,0.1955146703119474,0.19402731487509223,0.19005332057136592,0.19695787028513778,0.6083319187164307,0.23399487392645263,0.2287703460114774,0.22800783023677612,0.22303351417145828,0.2050297265339782,0.05768571499601382,0.2885810136795044,0.062386091971009056,0.06170719102960098,0.061608869055353795,0.060971979965276264,0.05868302939279769
0.6298828125,0.19084678927211354,0.9064769744873047,0.19734433869181003,0.1989439914521099,0.19911871512223733,0.200248534919716,0.19317916544660352,0.20780856472958226,0.6152389645576477,0.23399487392645263,0.2391353839181978,0.23969509434329814,0.2432907849260108,0.2157739438430028,0.05903506578414005,0.2994617521762848,0.062386091971009056,0.06306287290234115,0.06313707312078946,0.0636162773428039,0.06003885733565348
0.6318359375,0.19401438768277063,0.9229567646980286,0.19734433869181003,0.20214329697270966,0.20239413334661518,0.20401612251934434,0.19634654558987708,0.21865925917402662,0.6203948259353638,0.23399487392645263,0.24917232860102384,0.24995086291091248,0.2549389043069971,0.22651981181671674,0.06041138086561466,0.3131220042705536,0.062386091971009056,0.06441027605413965,0.06451621172549359,0.06520005240018385,0.06142166233291493
0.6337890625,0.19722390678871762,0.9277045726776123,0.21050730166599066,0.20544283895096357,0.20517967293567685,0.20400371670945047,0.19955582958741502,0.2295099536184711,0.6230508089065552,0.2756218477294783,0.25954807087761983,0.25868652295468203,0.2548095415416622,0.2372672284663485,0.06181510777969559,0.329072505235672,0.06804740144271536,0.06582018795142293,0.0657032097553464,0.0651797436227327,0.06283188186511678
0.6357421875,0.2004757613108787,0.9188190698623657,0.21050730166599066,0.2088191474276483,0.20851016050886362,0.20712945376915998,0.20280743874716484,0.24036064806291557,0.6233482956886292,0.2756218477294783,0.27035055214541437,0.2693719525258839,0.2649634118503883,0.24801625388738963,0.06324669998844197,0.34644484519958496,0.06804740144271536,0.06730737510635908,0.06717102712725002,0.06656077291812312,0.0642699801572192
0.6376953125,0.20377036869642132,0.8967254757881165,0.21050730166599066,0.21219545590433303,0.21243588906072844,0.21351026360314945,0.20610181442049802,0.25121134250736,0.6220982074737549,0.2756218477294783,0.28080927007559875,0.2815449107876981,0.2848118753980414,0.25876699264828773,0.06470661693530771,0.36427292227745056,0.06804740144271536,0.06878512529765388,0.06889051903600348,0.06936091212220875,0.06573643424794758
0.6396484375,0.20710814912768838,0.8642268776893616,0.21050730166599066,0.21557176438101774,0.21590348415869373,0.21738577258220274,0.20943939926105468,0.26206203695180447,0.6203312277793884,0.2756218477294783,0.2909403768447916,0.29192394631485574,0.29628234696038175,0.2695195298750922,0.0661953241041208,0.3817295730113983,0.06804740144271536,0.07025388193356757,0.07039848540321464,0.07104363314121796,0.06723172579044963
0.6416015625,0.21048952553112976,0.825529158115387,0.22435480650528777,0.2190356980114672,0.2187269151295948,0.21759468009347022,0.2128206282142415,0.27291273139624894,0.6188961267471313,0.31750689456547243,0.3013669635498075,0.3004013518224924,0.29683723005696755,0.28027390212430586,0.06771329307844899,0.3982490599155426,0.07419761794175533,0.07178332821274244,0.07164174128400526,0.07112187234273251,0.06875633695797223
0.6435546875,0.21391492358623349,0.7849385142326355,0.22435480650528777,0.2225817703406809,0.22221955744369673,0.22089140696458062,0.2162459259587433,0.2837634258406933,0.618276834487915,0.31750689456547243,0.31221262892628415,0.31111618987328526,0.30706503692242026,0.2910300898389504,0.06926100160135315,0.4117935001850128,0.07419761794175533,0.0733954108203913,0.0732305080333086,0.07262492657294913,0.07031074915806035
0.6455078125,0.2173847717344567,0.7687568068504333,0.22435480650528777,0.22612784266989464,0.22641307808178887,0.22745897002026597,0.21971570801798793,0.2946141202851378,0.6186189651489258,0.31750689456547243,0.3227181370410159,0.3235523983012719,0.32659353835975546,0.3017880228506604,0.07083893363552911,0.41049620509147644,0.07419761794175533,0.07499734911022006,0.07512634348740983,0.07559879972768024,0.07189544341326266
0.6474609375,0.220899501188158,0.7612206935882568,0.22435480650528777,0.22967391499910836,0.23005967536607072,0.2314741689428343,0.22323038327758396,0.30546481472958226,0.6198628544807434,0.31750689456547243,0.33289924356551803,0.33399305646598026,0.3379726210251985,0.31254759353229283,0.07244757942384071,0.4070771336555481,0.07419761794175533,0.076589612954718,0.07676310320181695,0.0773983169166562,0.07351090144175709
0.6494140625,0.22445954593952838,0.7483371496200562,0.23887588029970044,0.23330271024804325,0.23296926946522792,0.2318528117384399,0.22679035651044505,0.3163155091740266,0.6218850612640381,0.35952622316322724,0.34335408513643983,0.34235770045988895,0.33900064880611913,0.3233086733490018,0.07408743555024355,0.40272876620292664,0.08085225922681553,0.07824363891343777,0.07808603826077626,0.07755766727030794,0.07515760681970192
0.6513671875,0.2280653427695223,0.7328251004219055,0.23887588029970044,0.23701815694914805,0.23662721766350617,0.23531823805256996,0.2303960305773921,0.3271662036184712,0.6245847940444946,0.35952622316322724,0.35422001416399507,0.35308855042443543,0.349272709722248,0.334071128482571,0.07575900500110144,0.39849215745925903,0.08085225922681553,0.07998545226833546,0.07980196809707166,0.0791867206990106,0.0768360460701575
0.6533203125,0.23171733125679006,0.7172589898109436,0.23887588029970044,0.24073360365025284,0.24104353349115304,0.24208126967541238,0.23404780867292962,0.33801689806291557,0.6279096603393555,0.35952622316322724,0.36475053692048803,0.3656176257556375,0.3685047314917031,0.3448348307202908,0.07746279722689774,0.39517876505851746,0.08085225922681553,0.08171641740525501,0.0818609192817273,0.08234422925592154,0.07854670984225338
0.6552734375,0.23541595378660815,0.7038668394088745,0.23887588029970044,0.24444905035135764,0.24486350057891465,0.24625120173237955,0.23774609691706128,0.34886759250736,0.6318386793136597,0.35952622316322724,0.37496094719562506,0.37608554525910604,0.37982347293464047,0.3555996619899114,0.07919932820434075,0.3933497369289398,0.08085225922681553,0.08343702897912322,0.08362919835697069,0.08427174274446379,0.08029009431665667
0.6572265625,0.239161655559811,0.6944206357002258,0.2540783801141262,0.2482461752461709,0.2479004173857179,0.24678720088884587,0.2414913069914129,0.3597182869518045,0.6363444328308105,0.40162129514976974,0.3854331521127556,0.38444560204615535,0.3812472473297659,0.36636551390751143,0.08096912049886647,0.39332571625709534,0.08803435435879674,0.08522193203631372,0.08505363059263692,0.08451109941390177,0.0820667026902824
0.6591796875,0.2429548846017235,0.6902273297309875,0.2540783801141262,0.2521343118248078,0.25172906271989415,0.2504243057193116,0.24528385805441633,0.37056898139624894,0.6381403803825378,0.40162129514976974,0.39630845935180153,0.39518676927782465,0.39155066842403785,0.37713228553559813,0.08277270332753943,0.3952244520187378,0.08803435435879674,0.08709979385094484,0.08690389144004572,0.08627228936994806,0.08387704636186948
0.6611328125,0.24679609177109088,0.6921939253807068,0.2540783801141262,0.2560224484034446,0.25634514449068635,0.2573841103360988,0.24912417729977449,0.3814196758406933,0.6466856002807617,0.40162129514976974,0.40685344649474875,0.4077173324616535,0.41048402121794364,0.38789988218069454,0.08461061262235141,0.3990309238433838,0.08803435435879674,0.08896608976294411,0.08912106518899085,0.08961951349740004,0.08572164548398131
0.6630859375,0.2506857307690105,0.7009159922599792,0.2540783801141262,0.25991058498208147,0.26033889586020637,0.2617179035122485,0.2530126991253774,0.3922703702851379,0.6520601511001587,0.40162129514976974,0.4170829378279768,0.41819557259791634,0.42175312030695816,0.39866821618302534,0.08648339109392124,0.40469181537628174,0.08803435435879674,0.09082133883323118,0.091025910786028,0.09168368956103273,0.08760102882608552
0.6650390625,0.25462425814786405,0.716723620891571,0.26998097292879536,0.2638813689187699,0.26352914921594023,0.26241490847982973,0.25694986348380555,0.40312106472958226,0.657059907913208,0.4437623159174757,0.42756655055253306,0.42660483233744206,0.42354545214218997,0.40943720882142187,0.08839158829559655,0.41220226883888245,0.09577122098466935,0.09274415412800467,0.0925677691021483,0.09200913257541062,0.08951573319108588
0.6669921875,0.25861213332024835,0.7396371960639954,0.26998097292879536,0.2679477715921202,0.2675350469186756,0.266229399789184,0.2609361142063593,0.4139717591740266,0.6612046957015991,0.4437623159174757,0.4384456569907578,0.4373529995290322,0.4338740866096427,0.4202067917729725,0.09033576068795766,0.4216451644897461,0.09577122098466935,0.0947652983456431,0.09456001258789536,0.09390974793395118,0.09146630275492779
0.6689453125,0.2626498185679064,0.7692359685897827,0.26998097292879536,0.27201417426547053,0.2723439257666609,0.2733870887483683,0.264971897880248,0.4248224536184712,0.6640516519546509,0.4437623159174757,0.4489994948827862,0.44984434174436605,0.4525035779530592,0.4309769070777917,0.09231647170372552,0.43314826488494873,0.09577122098466935,0.09677413665182971,0.09693709351258675,0.0974520951354551,0.0934532886186287
0.6708984375,0.26673777905066015,0.804499626159668,0.26998097292879536,0.2760805769388208,0.27651576981390474,0.2778924946977995,0.2690576634376616,0.43567314806291557,0.665313720703125,0.4437623159174757,0.45924243691177274,0.4603248831229711,0.4637268552156006,0.44174750557041287,0.09433429181307605,0.446757435798645,0.09577122098466935,0.09877121280945915,0.09898510965884491,0.0996609206216399,0.09547724867169591
0.6728515625,0.27087648281534027,0.8437383770942688,0.28660960150092857,0.28023191282236076,0.2798755917786442,0.2787594963709526,0.27319386226781,0.44652384250736,0.6649391651153564,0.48593211145594506,0.46973352680979247,0.4688034020121356,0.4658746068906449,0.45251854448535445,0.0963897985893596,0.4622676968574524,0.10409318636652982,0.10083962059001506,0.10065624281607473,0.1000812231380985,0.09753874769886002
0.6748046875,0.2750664008047184,0.884697437286377,0.28660960150092857,0.2844837052747393,0.28406625525511886,0.2827586870997848,0.27738094853245127,0.4573745369518045,0.663119912147522,0.48593211145594506,0.48061328267215186,0.47955621726064296,0.4762249985196666,0.4632899851023352,0.09848357677522955,0.4790818989276886,0.10409318636652982,0.10301195691652439,0.1027985517475174,0.1021292814331691,0.09963835759202791
0.6767578125,0.27930800686643903,0.9248297810554504,0.28660960150092857,0.2887354977271178,0.28906996970317284,0.2901176278279438,0.2816193794049131,0.46822523139624894,0.6602329015731812,0.48593211145594506,0.491172617497102,0.49199273176892716,0.49454931703375377,0.47406179105693785,0.10061621834917966,0.49616679549217224,0.10409318636652982,0.10517122030813945,0.10534111724054959,0.10587278020516448,0.10177665753891355
0.6787109375,0.28360177776195034,0.9616504311561584,0.28660960150092857,0.2929872901794964,0.2934265892667784,0.2948025947050331,0.28590961507119317,0.4790759258406933,0.6567361354827881,0.48593211145594506,0.5014254810066353,0.5024716512496081,0.5057283657785102,0.48483392757255495,0.10278832259249167,0.5121481418609619,0.10409318636652982,0.10731797990291958,0.10753992408220481,0.10823428800110303,0.10395423410821245
0.6806640625,0.2879481931754351,0.9980925917625427,0.3039953125478236,0.29732723531043614,0.296967509851456,0.2958544255798907,0.2902521185463451,0.4899266202851379,0.6530649662017822,0.5281198655597683,0.5119214490287165,0.5110237770019592,0.5082323184419534,0.49560636133352937,0.10500049615659432,0.5240040421485901,0.113032948908611,0.109540196801671,0.10935015489092918,0.10876150637183657,0.10617168125080019
0.6826171875,0.2923477357227433,1.0426946878433228,0.3039953125478236,0.3017726201353611,0.3013512527713838,0.3000474323892409,0.2946473555957688,0.5007773147295823,0.6495599150657654,0.5281198655597683,0.5227999325128004,0.5217794724711601,0.518603748163966,0.5063790602084461,0.10725335313083628,0.5303013324737549,0.113032948908611,0.11187219109182438,0.11165104675262094,0.11096596888143517,0.10842960035368276
0.6845703125,0.2968008909603231,1.0758588314056396,0.3039953125478236,0.30621800496028606,0.3065564902435899,0.3076038518789601,0.29909579492879,0.5116280091740266,0.6464444398880005,0.5281198655597683,0.5333625688251638,0.5341567654820517,0.536603145261475,0.517151992438661,0.1095475151106725,0.5379746556282043,0.113032948908611,0.11419031525272094,0.11436684510766419,0.11491258674442803,0.11072860042337947
0.6865234375,0.30130814739415107,1.091861605644226,0.3039953125478236,0.310663389785211,0.31110599732486466,0.3124755403432026,0.30359790828955213,0.5224787036184713,0.6438392400741577,0.5281198655597683,0.543622916649613,0.5446319786002521,0.5477361718476628,0.5279251262428241,0.1118836112662656,0.5392360687255859,0.113032948908611,0.11649516470111217,0.11672476763307398,0.11743442095293244,0.11306929819576414
0.6884765625,0.30586999648866636,1.0883147716522217,0.3221726801003282,0.315200851603766,0.3148379645056838,0.3137387768879954,0.30815416989776,0.5333293980629156,0.6417977809906006,0.570318188385593,0.5541220131506011,0.5532563929334575,0.5506222042853683,0.5386984310884979,0.11426227841150585,0.5339664220809937,0.12262526473043497,0.11887990322799104,0.11868331794075672,0.11808728121714386,0.11545231787239678
0.6904296875,0.31048693267569905,1.0668953657150269,0.3221726801003282,0.3198487372681408,0.31942373323107814,0.31813639296057594,0.31276505536725563,0.54418009250736,0.6403379440307617,0.570318188385593,0.5649979149438447,0.5640136476348726,0.5610162480120982,0.5494718801789943,0.11668416107344645,0.5245828628540039,0.12262526473043497,0.12138051236316462,0.12115176950567187,0.12045814638384533,0.11787829053286478
0.6923828125,0.3151594533634031,1.032144546508789,0.3221726801003282,0.3244966229325156,0.3248388857872448,0.32587560242418584,0.31743104102446396,0.5550307869518045,0.6394557952880859,0.570318188385593,0.5755622575746222,0.5763305979069213,0.5786480580046062,0.5602454519159776,0.11914991156216027,0.512080729007721,0.12262526473043497,0.1238664216657977,0.12404949095465068,0.12460354305943859,0.120347853706281
0.6943359375,0.3198880589451883,1.0139914751052856,0.3221726801003282,0.3291445085968904,0.329590136877306,0.33093994812855554,0.3221526044545383,0.5658814813962489,0.6391161680221558,0.570318188385593,0.5858282397261291,0.5868006491034105,0.5897301042793536,0.5710191285132942,0.12166019004101637,0.497579425573349,0.12262526473043497,0.12633825386972738,0.12657535453138005,0.12729277758167892,0.1228616515663478
0.6962890625,0.3246732528086507,0.9946354031562805,0.341178397862822,0.33388885620134123,0.33352329846684226,0.3324331738321149,0.3269302261309589,0.5767321758406934,0.6392244100570679,0.6125214217379861,0.5963293077409407,0.5954958470502879,0.5929995120445641,0.5817928922687824,0.12421566459737804,0.4822255074977875,0.1329067451957721,0.12889465422289867,0.12869179404326928,0.1280862948677171,0.12542033571893962
0.6982421875,0.329515541344504,0.9719532132148743,0.341178397862822,0.3387485506423284,0.3383204843160902,0.33704395367950246,0.33176439108699557,0.5875828702851379,0.6396017074584961,0.6125214217379861,0.607201481217991,0.606253572731615,0.6034125317832575,0.592566721921064,0.12681701131372367,0.4671321213245392,0.1329067451957721,0.13157330013505564,0.13133727276604526,0.13063269320632157,0.1280245660648079
0.7001953125,0.3344154339555118,0.9469180703163147,0.341178397862822,0.3436082450833156,0.3439538456759282,0.3449844563954626,0.33665558956209474,0.5984335647295823,0.6377965807914734,0.6125214217379861,0.6177661216729796,0.6185083047149478,0.6207127293324067,0.603340591342454,0.12946491433919305,0.4533170163631439,0.1329067451957721,0.13423638250199424,0.1344257757788392,0.13499011466059876,0.13067501117765234
0.7021484375,0.33937344306541845,0.9209349751472473,0.341178397862822,0.34846793952430277,0.3489159629924274,0.3502520075442081,0.3416043163231999,0.6092842591740266,0.6334998607635498,0.6125214217379861,0.6280360955680534,0.6289716754518785,0.6317474439732539,0.61411447097115,0.1321600659615581,0.4416285455226898,0.1329067451957721,0.1368845524660343,0.13712879451483737,0.1378564236825759,0.13337234802337827
0.7041015625,0.34439008412788064,0.8957535028457642,0.3610502356282255,0.35342884817734105,0.35306155122818245,0.3519758659960897,0.3466110692049399,0.6201349536184713,0.6308293342590332,0.6547239297238208,0.6385378971323844,0.6377375037249522,0.6353618714250583,0.6248883305869962,0.13490316667962082,0.432698518037796,0.14391586207547644,0.13962224860346414,0.13941364250275667,0.13879649703454075,0.1361172612925499
0.7060546875,0.34946587563539855,0.8731523156166077,0.3610502356282255,0.35850977314459737,0.3580797365978919,0.356808600725166,0.3516763476946688,0.6309856480629156,0.6298925876617432,0.6547239297238208,0.649405050217715,0.6484945750981094,0.6457904898636261,0.6356621416194658,0.13769492527603924,0.4269507825374603,0.14391586207547644,0.14248880203506611,0.1422461081856286,0.14152803710803227,0.1389104427764064
0.7080078125,0.3546013391282472,0.8546425104141235,0.3610502356282255,0.3635906981118537,0.36393880171525356,0.36496775374525336,0.35680065210570905,0.64183634250736,0.6305440664291382,0.6547239297238208,0.6599684816197299,0.6606835528908603,0.6627892417958688,0.646435877972639,0.1405360588905827,0.42465123534202576,0.14391586207547644,0.14533889349719686,0.14553416467581726,0.14611092903962347,0.14175259107008942
0.7099609375,0.3597969992034091,0.841367244720459,0.3610502356282255,0.36867162307911,0.3691208529715742,0.37044872204639295,0.3619844836333333,0.6526870369518045,0.6325199604034424,0.6547239297238208,0.6702407487498535,0.6711383951046556,0.6737790004072024,0.6572095149907665,0.1434272930938185,0.4259616434574127,0.14391586207547644,0.148173203612067,0.148423903506919,0.14916424975876913,0.14464441175583045
0.7119140625,0.3650533835235036,0.8341849446296692,0.38182579760087254,0.3738587149219861,0.3734916102910593,0.3724068335058413,0.36722834482390704,0.6635377313962489,0.6332308650016785,0.6969194560678008,0.6807418805535497,0.6799772530969296,0.6777090064601806,0.6679830277768817,0.1463693619612286,0.43097418546676636,0.15569281609308555,0.15110227556990652,0.15088905276717926,0.15025847711081095,0.14758661779569313
0.7138671875,0.37037102282572004,0.8337913155555725,0.38182579760087254,0.37917010337457707,0.3787403611516024,0.3774704932506334,0.3725327396187584,0.6743884258406934,0.6300908327102661,0.6969194560678008,0.6916024690141597,0.6907325361564928,0.6881503512847303,0.6787563906692959,0.14936300814776152,0.43971455097198486,0.15569281609308555,0.1541670150003417,0.1539189718335715,0.15318534307707637,0.1505799296471469
0.7158203125,0.3757504509307493,0.8407642841339111,0.38182579760087254,0.384481491827168,0.38483032736549233,0.3858611198479462,0.37789817320014585,0.6852391202851379,0.6261624097824097,0.6969194560678008,0.7021629920340957,0.7028484286421733,0.7048666194943843,0.6895295773572517,0.15240898296281777,0.44289329648017883,0.15569281609308555,0.15721435909311832,0.157414508330316,0.15800551875471047,0.15362507521080007
0.7177734375,0.381192204751713,0.8555063605308533,0.38182579760087254,0.389792880279759,0.3902408915953361,0.39156474379906925,0.3833251526316898,0.6960898147295823,0.6213724613189697,0.6969194560678008,0.7124357158516391,0.7132923135308836,0.7158120651552764,0.7003025596324346,0.1555080464456696,0.4288596212863922,0.15569281609308555,0.1602450189443101,0.16050076270582025,0.1612558071476965,0.15672279017747637
0.7197265625,0.3866968243030974,0.8781344294548035,0.40354134324895335,0.39521541276072253,0.3948512362577728,0.3937645479267211,0.3888141881291409,0.7069405091740266,0.6157858371734619,0.7391009476253454,0.7229345680840386,0.7222094550759055,0.720037774038699,0.7110753051642147,0.15866096744132038,0.41589802503585815,0.16827934270041942,0.16337594527570004,0.16315976435752955,0.16251419359064265,0.159873818713703
0.7216796875,0.39226485270968386,0.908367931842804,0.40354134324895335,0.4007660330862097,0.4003397918852591,0.3990679049416074,0.3943657933334405,0.7177912036184713,0.6096440553665161,0.7391009476253454,0.7337867893752377,0.7329616976621993,0.7304891799445591,0.7218477774100057,0.16186852367680013,0.40429621934890747,0.16827934270041942,0.1666494993613743,0.16639804031233899,0.16564704566922084,0.1630789135808303
0.7236328125,0.3978968362154798,0.9454575777053833,0.40354134324895335,0.406316653411697,0.40666368021267957,0.4076991945090042,0.39998048366709005,0.7286418980629156,0.6033456325531006,0.7391009476253454,0.744342510094433,0.7449948392501596,0.7469347629170577,0.7326199391101595,0.16513150183790068,0.3944210112094879,0.16827934270041942,0.16990468986374685,0.170108219240881,0.17071513283498005,0.1663388351578294
0.7255859375,0.4035933241926504,0.9881439805030823,0.40354134324895335,0.4118672737371842,0.41231066464010196,0.4136337256184807,0.4056587740354478,0.73949259250736,0.5973822474479675,0.7391009476253454,0.754613717808055,0.7554250005452864,0.7578354979081089,0.7433917566074484,0.16845069764635218,0.3867063820362091,0.16827934270041942,0.17314225922548224,0.1734009977026982,0.17417242065717353,0.16965435008933785
0.7275390625,0.4093548691504512,1.03464937210083,0.42623076020477024,0.4175338023012006,0.41717585340878904,0.4160854064207017,0.4114011780825689,0.7503432869518045,0.5922614336013794,0.7812606553639928,0.7651086093914133,0.7644271209218915,0.7623438238516048,0.7541632007806475,0.171826915937442,0.38160982728004456,0.18171844760036213,0.17648580794398636,0.17626874955925922,0.17560702874161185,0.17302623086241414
0.7294921875,0.41518202674415744,1.0752440690994263,0.42623076020477024,0.4233317742369137,0.4229128995614489,0.4216368497176586,0.41720820979266826,0.7611939813962489,0.5884325504302979,0.7812606553639928,0.7759503797674809,0.7751748348511429,0.7728027359261819,0.7649342434385705,0.17526097073807476,0.37953981757164,0.18171844760036213,0.17997910885972365,0.17972665798472218,0.17895696801422983,0.1764552568170372
0.7314453125,0.42107535578399713,1.0990185737609863,0.42623076020477024,0.4291297461726268,0.42947186445847385,0.4305140854634285,0.4230803864907891,0.7720446758406934,0.5868745446205139,0.7812606553639928,0.7864991838277222,0.7871145649548293,0.7889832192429765,0.7757048513202751,0.1787536853452795,0.3807656466960907,0.18171844760036213,0.1834530435809943,0.1836580465476653,0.18428216303472764,0.17994221606282035
0.7333984375,0.42703541824408214,1.1226184368133545,0.42623076020477024,0.4349277181083399,0.4353624233903692,0.4366866992172922,0.429018229406232,0.7828953702851379,0.594905436038971,0.7812606553639928,0.7967667380740281,0.7975280827973693,0.7998380828965814,0.7864749848710482,0.18230589240516087,0.385335236787796,0.18171844760036213,0.18690838661340456,0.1871675753872902,0.1879565422588405,0.18348790600556258
0.7353515625,0.4330627792713385,1.1444159746170044,0.4499251187346583,0.4408460884791907,0.4404975876924442,0.43940317031113524,0.43502226285377266,0.7937460647295823,0.601568341255188,0.8233897749846162,0.8072555983486374,0.8066209387377214,0.8046213352490325,0.797244599742094,0.18591843399229718,0.39303410053253174,0.1960543055277614,0.19047565350073564,0.19025985315626218,0.1895816998170375,0.18709313302833713
0.7373046875,0.4391580071944396,1.1628222465515137,0.4499251187346583,0.44689877531616906,0.4464910383075367,0.44521059795784323,0.44109301338010853,0.8045967591740266,0.6066479682922363,0.8233897749846162,0.8180845552095329,0.8173622267235993,0.8150852550297688,0.8080136483575222,0.18959216168958845,0.4033776521682739,0.1960543055277614,0.19419988971866434,0.19394893402237973,0.19316023509031713,0.19075871207201428
0.7392578125,0.4453216735327366,1.176469087600708,0.4499251187346583,0.4529514621531475,0.4532856124549034,0.4543349641697884,0.4472310074402752,0.8154474536184713,0.6100219488143921,0.8233897749846162,0.828624102320701,0.8291994499379685,0.8310007457682802,0.8187820841097734,0.19332793666855244,0.41561785340309143,0.1960543055277614,0.19790372370237658,0.19810822169914175,0.19875002970086028,0.1944854652279751
0.7412109375,0.45155435300518953,1.18435800075531,0.4499251187346583,0.45900414899012587,0.45942623648374886,0.4607517424998663,0.4534367706852652,0.8262981480629156,0.6116812229156494,0.8233897749846162,0.8388856886412847,0.8395935429371374,0.8418080277992945,0.829549862710621,0.1971266297700713,0.4287686347961426,0.1960543055277614,0.2015879625578742,0.20184501039409763,0.20265163638311084,0.19827422119410007
0.7431640625,0.45785662353929885,1.1859803199768066,0.4746522549005975,0.4651812397505758,0.4648441946377567,0.46374823027236206,0.45971082867774926,0.83714884250736,0.6117458343505859,0.8654787203870005,0.8493664078774471,0.8487790214796539,0.8468631242426615,0.8403169411512617,0.20098912158559137,0.441689670085907,0.2113319834303246,0.20539021100158075,0.20517714431670142,0.2044838738519152,0.20212581554209338
0.7451171875,0.46422906628003885,1.1814044713974,0.4746522549005975,0.47149524985059027,0.4711009997006792,0.4698190226034885,0.4660537081591254,0.8479995369518045,0.6154357194900513,0.8654787203870005,0.8601798720169707,0.8595112841446683,0.857329490770223,0.8510832758111626,0.20491630253877682,0.4532614052295685,0.2113319834303246,0.20935679585322178,0.2091090534993357,0.2083028891744378,0.20604109133193052
0.7470703125,0.47067226559878556,1.1713110208511353,0.4746522549005975,0.4778092599506047,0.47813351036266616,0.47918787039806787,0.4724659376099883,0.8588502313962489,0.6230947375297546,0.8654787203870005,0.870707547129299,0.8712422211435203,0.8729758104626432,0.8618488217188631,0.2089090729676147,0.46261775493621826,0.2113319834303246,0.21330191057697204,0.21350452863153566,0.21416300176065683,0.2100208993570309
0.7490234375,0.4771868091022509,1.156935453414917,0.4746522549005975,0.48412327005061917,0.48453031490128784,0.4858538963284714,0.47894804719036355,0.8697009258406934,0.6305955648422241,0.8654787203870005,0.8809606151276913,0.8816145537488227,0.8837333815113028,0.8726135325969334,0.21296834320698002,0.4693407416343689,0.2113319834303246,0.21722639522295561,0.21747951743933122,0.21830202014437508,0.21406609810783842
0.7509765625,0.4837732876414136,1.1398974657058716,0.500437199534774,0.49056541471147735,0.4902393786677476,0.4891480360080941,0.48550056913557954,0.8805516202851379,0.6376034021377563,0.9075164338909802,0.8914303909624095,0.890886346379857,0.8890599853998434,0.8833773598169119,0.21709503367165492,0.47351837158203125,0.2275974785648897,0.22127525466086873,0.22106488191539272,0.22036027627264146,0.2181775541476573
0.7529296875,0.490432295320449,1.121963381767273,0.500437199534774,0.4971466045936751,0.49676531813239483,0.49548903537548483,0.4921240384395757,0.8914023147295823,0.6438262462615967,0.9075164338909802,0.9022254015292281,0.9016060937207607,0.8995261456027316,0.8941402506430296,0.22129007493980699,0.47421473264694214,0.2275974785648897,0.22549574967657357,0.22525117598837166,0.22443195645764383,0.22235614280259955
0.7548828125,0.49716442950566286,1.0943005084991455,0.500437199534774,0.5037277944758728,0.5040425551853578,0.5050961558422484,0.49881899213304415,0.9022530091740266,0.6490216255187988,0.9075164338909802,0.9127383390593803,0.9132356651684611,0.9148958583604349,0.9049021486082296,0.22555440783692837,0.4639824628829956,0.2275974785648897,0.22969367676755717,0.22989446849459044,0.23056621816315906,0.22660274805397193
0.7568359375,0.5039702908344216,1.082983374595642,0.500437199534774,0.5103089843580706,0.5107015461535956,0.5120155709132685,0.5055859664977305,0.9131037036184713,0.6529925465583801,0.9075164338909802,0.922980116801144,0.9235846050147615,0.9256012683405936,0.9156629970449556,0.22988898352023432,0.45675718784332275,0.2275974785648897,0.2338699090742248,0.23411913252883804,0.23495281858733147,0.23091826110668173
0.7587890625,0.5108504832240831,1.073191523551941,0.5273017739581793,0.5170215719884406,0.5167019988194661,0.5156258849845098,0.5124254941919463,0.9239543980629156,0.6555709838867188,0.9494912687248775,0.9334362289720104,0.9329253387329988,0.9312003372875065,0.9264227426391602,0.23429476356352386,0.45260384678840637,0.24489705820588806,0.23817701060647448,0.23796657215584047,0.23725755507048718,0.23530357877183658
0.7607421875,0.5178056138809288,1.0655630826950073,0.5273017739581793,0.5238750399682663,0.523501400931292,0.5222432285438596,0.5193381039813811,0.93480509250736,0.6565999984741211,0.9494912687248775,0.9442096008600454,0.943627985515069,0.9416633651066217,0.9371813350363526,0.23877272004250505,0.45152705907821655,0.24489705820588806,0.24266300418113318,0.24241839286334232,0.24159417912006423,0.23975960333137877
0.7626953125,0.5248362933090963,1.0607292652130127,0.5273017739581793,0.5307285079480923,0.531038158118727,0.5320808577724117,0.5263243234379589,0.9456557869518045,0.6559250354766846,0.9494912687248775,0.9547047327132462,0.9551737983661848,0.9567492907936498,0.947938722356001,0.24332383562058466,0.4534892737865448,0.24489705820588806,0.24712530436328717,0.2473269263142136,0.24800551465198958,0.24428724414285335
0.7646484375,0.5319431353195079,1.0598814487457275,0.5273017739581793,0.5375819759279181,0.5379655379632322,0.5392571245319362,0.5333846822854589,0.9565064813962489,0.6534073352813721,0.9494912687248775,0.9649322661225979,0.9654986993716942,0.9674001517428121,0.9586948464031371,0.24794910363512207,0.45840391516685486,0.24489705820588806,0.2515648173323516,0.25181338339393977,0.2526498855403557,0.24888741954770735
0.7666015625,0.5391267570388049,1.064896583557129,0.5552649433733811,0.5445696949432366,0.5442456761253259,0.5431994086991281,0.5405197136942166,0.9673571758406934,0.6489617228507996,0.991390500619578,0.9753717426892784,0.9748751707214508,0.973267678605934,0.9694496414532573,0.25264952818415326,0.4661131501197815,0.2632769622229334,0.2561418082014926,0.2559240896201724,0.2552207017071448,0.2535610573904446
0.7685546875,0.546387778918278,1.074625849723816,0.5552649433733811,0.5516998605633329,0.55132111910979,0.5500981504922634,0.5477299530418676,0.9782078702851379,0.6426073312759399,0.991390500619578,0.9861199234192832,0.9855545610832063,0.9837236720073909,0.9802030367793846,0.2574261242135808,0.476357102394104,0.2632769622229334,0.2609048282110325,0.2606517969607743,0.25983426804078125,0.25830909388900053
0.7705078125,0.5537268247427971,1.0816302299499512,0.5552649433733811,0.5588300261834293,0.5591451767642551,0.5601628083610605,0.5550159356158388,0.9890585647295823,0.6345151662826538,0.991390500619578,0.9965938300225269,0.9970517975154626,0.9985270711662149,0.990954960192468,0.2622799176048339,0.48874327540397644,0.2632769622229334,0.2656430050785048,0.26585242722313845,0.2665283386964962,0.26313247189881334
0.7724609375,0.5611445216397462,1.0900304317474365,0.5552649433733811,0.5659601918035255,0.5663478014941533,0.5675994059410723,0.5623781947204443,0.9999092591740266,0.6281017661094666,0.991390500619578,1.0068038287048529,1.0073531065053494,1.0091216203788016,1.0017053401836868,0.2672119452630019,0.49874699115753174,0.2632769622229334,0.27035727775184265,0.27061364464143767,0.27144099644144326,0.2680321396184941
0.7744140625,0.5686415000879518,1.0997439622879028,0.58434309891895,0.5732270812780028,0.5728788036865835,0.5718821227287034,0.5698172610572727,1.0107599536184713,0.6342302560806274,1.0331996501474703,1.0172233569383837,1.0167113634376743,1.0152427237644333,1.0124541054632807,0.2722232552054366,0.5044767260551453,0.28278301381460386,0.27521570398971384,0.27497694708589276,0.2742933534863417,0.27300905036339107
0.7763671875,0.576218393926615,1.1107767820358276,0.58434309891895,0.580637759705301,0.5802307695522253,0.5790660683322525,0.5773336633663094,1.0216106480629157,0.6399735808372498,1.0331996501474703,1.0279421875425958,1.0273592182617668,1.0256863819113378,1.0232011822342484,0.27731490665082953,0.5102250576019287,0.28278301381460386,0.2802671214410743,0.2799896882137991,0.27919530858679975,0.2780641633794748
0.7783203125,0.5838758403642434,1.1230427026748657,0.58434309891895,0.588048438132599,0.5883885275242995,0.5893617759589849,0.5849279287038058,1.03246134250736,0.6450555324554443,1.0331996501474703,1.038390857385981,1.0388652205249094,1.040219700840932,1.0339464919197539,0.2824879701087645,0.5151364207267761,0.28278301381460386,0.28529252689630713,0.2855231301486199,0.286182765405325,0.2831984444973455
0.7802734375,0.5916144799875833,1.1362245082855225,0.58434309891895,0.5954591165598971,0.5958742949126917,0.5970624286558591,0.5926005806852633,1.0433120369518045,0.6491990089416504,1.0331996501474703,1.0485794531787755,1.049144341371538,1.050756565184003,1.0446899519499024,0.28774352746974663,0.5179899334907532,0.28278301381460386,0.29029289153815113,0.29057310691927707,0.29137459218671563,0.28841286530503024
0.7822265625,0.5994349567705489,1.1497209072113037,0.6145503707917657,0.6030090248231519,0.6026035929086428,0.6016853085559968,0.6003521371378202,1.054162731396249,0.6521313190460205,1.074901269918602,1.0589747040224902,1.0584026224507226,1.0571040337647526,1.0554314776722065,0.29308267209570593,0.5174592733383179,0.3034602597291211,0.29544435867619384,0.2951608427462977,0.29451840007876096,0.2937084016262314
0.7841796875,0.6073379180831558,1.1626698970794678,0.6145503707917657,0.6107032554688944,0.6102296071347949,0.6091568157774911,0.6081831106192177,1.0650134258406934,0.6536008715629578,1.074901269918602,1.0696593007168156,1.0690078593136614,1.0675286292104837,1.0661709807455961,0.29850650891098324,0.512500524520874,0.3034602597291211,0.30079513360498134,0.3004657519577837,0.29971933392662475,0.29908603359940034
0.7861328125,0.6153240147004523,1.1740245819091797,0.6145503707917657,0.618397486114637,0.6187950546711395,0.6196955288851206,0.6160940120438195,1.075864120285138,0.6533979773521423,1.074901269918602,1.0800780174450386,1.080610574095303,1.0818142634422774,1.0769083638663048,0.304016154493793,0.5026547312736511,0.3034602597291211,0.3061187151914089,0.3063937378484201,0.3070163923025235,0.3045467476390009
0.7880859375,0.6233939008114483,1.1826667785644531,0.6145503707917657,0.6260917167603794,0.6265732284524853,0.627663829948454,0.6240853531682085,1.0867148147295822,0.6513752937316895,1.074901269918602,1.090240656645342,1.0908700158463052,1.0922919146644763,1.087643517399957,0.3096127371681677,0.48818036913871765,0.3034602597291211,0.3114161059971263,0.3117476716347044,0.3124982861805878,0.3100915375576101
0.7900390625,0.6315482340280507,1.1875437498092651,0.64589694408489,0.6339275172831128,0.6334177974452876,0.632617526773194,0.632157644211167,1.0975655091740266,0.6474666595458984,1.1164753151660545,1.1006070841256639,1.0999163044706797,1.0988295203425031,1.0983763221753413,0.3152973970963866,0.4700619578361511,0.3253512960833046,0.3168716061109609,0.31650808528790514,0.31593710566663047,0.31572140244560437
0.7919921875,0.639787675393991,1.1878252029418945,0.64589694408489,0.6419071351509642,0.6413118298326539,0.6403771881886919,0.640311387653782,1.1084162036184713,0.6417078375816345,1.1164753151660545,1.1112516580583205,1.1104649878221755,1.1092269485130908,1.1091066561509053,0.32107128637188515,0.4499013125896454,0.3253512960833046,0.3225318712292558,0.3221096277954414,0.32144637584134494,0.32143734214486364
0.7939453125,0.6481128893937598,1.1830332279205322,0.64589694408489,0.6498867530188157,0.6503888757876133,0.6511772189044389,0.6485470726954812,1.1192668980629157,0.6342556476593018,1.1164753151660545,1.1216348337336524,1.1222811081292277,1.123293761473549,1.1198343986671269,0.326935569112652,0.42962217330932617,0.3253512960833046,0.3281637577663317,0.3285180401005722,0.3290740518969897,0.3272403534930208
0.7958984375,0.6565245439615361,1.1763110160827637,0.64589694408489,0.6578663708866671,0.6584692732740052,0.6594158424732349,0.6568651740673286,1.13011759250736,0.6253990530967712,1.1164753151660545,1.131766123075192,1.1325235096374802,1.1337098280479703,1.1305594278793527,0.33289142155510953,0.41097259521484375,0.3253512960833046,0.333768298379779,0.3341917594615943,0.3348562980021417,0.3331314299021341
0.7978515625,0.6650233104901185,1.1951215267181396,0.6783873137345773,0.665989614170711,0.6653221727279648,0.6646839969163433,0.665266154981513,1.1409682869518045,0.6155533790588379,1.1578975216453502,1.142098534670398,1.1412292901724155,1.1403965273003862,1.1412816126123853,0.3389400321484831,0.39504292607307434,0.34849465056847956,0.33953792583901077,0.33905259217339206,0.3385883507497587,0.3391115639543027
0.7998046875,0.6736098638398612,1.2139439582824707,0.6783873137345773,0.6742547472132885,0.6734754956229855,0.6727304122579898,0.6737504710378687,1.151818981396249,0.6052342653274536,1.1578975216453502,1.1526957482388724,1.151705764476526,1.15075704417756,1.15200080358375,0.34508260164966226,0.38213109970092773,0.34849465056847956,0.3455165092233511,0.34495290505485415,0.34441376604479096,0.3451817504960773
0.8017578125,0.6822848823475982,1.2324963808059692,0.6783873137345773,0.6825198802558661,0.6831807417087395,0.6838126260465199,0.6823185705344744,1.1626696758406934,0.5950101017951965,1.1578975216453502,1.1630363029683652,1.1638539704291953,1.164634307206659,1.1627168300013793,0.3513203432185433,0.37200769782066345,0.34849465056847956,0.35146553838587075,0.3519409996200042,0.35239544253270677,0.35134298672780695
0.8037109375,0.6910490478355789,1.2499916553497314,0.6783873137345773,0.6907850132984436,0.6915708448786193,0.6923222197174561,0.6909708901782108,1.173520370285138,0.5854277610778809,1.1578975216453502,1.1731294115056914,1.1740786688003073,1.1749842882680985,1.173429502256203,0.35765448251387083,0.3643074333667755,0.34849465056847956,0.35738607416128926,0.35794890973494126,0.3584868337878279,0.35759626845325415
0.8056640625,0.6999030456204012,1.228907823562622,0.7120180084255103,0.6991956244437361,0.6983199545666571,0.6978858304325034,0.6997078500913756,1.1843710647295824,0.5806820392608643,1.1991361556156148,1.1834211317254375,1.182324574152097,1.181779921930212,1.1841386150608564,0.3640862577895714,0.3587743937969208,0.37292264666524166,0.3634786888537308,0.3628296526061509,0.3625077601206385,0.3639425854250196
0.8076171875,0.7088475645219386,1.208019495010376,0.7120180084255103,0.7077438804315855,0.7067219026956693,0.7062152446372592,0.7085298495096715,1.1952217591740266,0.5775312185287476,1.1991361556156148,1.1939610839332147,1.1927121469032707,1.1920916307424492,1.1948439486727556,0.3706169199915743,0.36434420943260193,0.37292264666524166,0.3697823815072243,0.36902887654468636,0.368655153326996,0.37038291709670806
0.8095703125,0.7178832968722741,1.190047264099121,0.7120180084255103,0.7162921364194351,0.7171643814082431,0.7175968076118251,0.7174372618553796,1.2060724536184713,0.5738916993141174,1.1991361556156148,1.2042494678073725,1.2052874072382864,1.2058010429556516,1.2055452692455821,0.3772477328551341,0.37296926975250244,0.37292264666524166,0.37605537532421535,0.37669507248055817,0.37701209585310036,0.3769182281102531
0.8115234375,0.7270109385246322,1.1757495403289795,0.7120180084255103,0.7248403924072846,0.7258657950314717,0.7263741510204538,0.7264304318690059,1.216923148062916,0.5699941515922546,1.1991361556156148,1.2142951838060123,1.2154868253679274,1.216076348930292,1.2162423246592835,0.3839799730026476,0.3846738934516907,0.37292264666524166,0.3822987564259346,0.3830474404839176,0.3834184572889503,0.38354946572296006
0.8134765625,0.7362311888623083,1.1654770374298096,0.7467733616373732,0.7335364776734373,0.7324184978736062,0.7322180098653368,0.7355096768449358,1.22777384250736,0.5660321712493896,1.240147579531293,1.2245370265169924,1.2231902276825308,1.2229482705185122,1.2269348333544168,0.3908149300419656,0.3993220329284668,0.39865777052391316,0.3887217994358678,0.38787746851394256,0.387725997833511,0.39027756091242416
0.8154296875,0.745544750807601,1.159056544303894,0.7467733616373732,0.7423610669827279,0.7410568871232689,0.740823007743259,0.7446752855859594,1.2386245369518045,0.5621517896652222,1.240147579531293,1.2350059170789116,1.233471957994769,1.2331963010451428,1.2376224738695314,0.3977539066652061,0.4166475534439087,0.39865777052391316,0.39535377204952377,0.3943738679903916,0.394198067280587,0.39710342843377605
0.8173828125,0.7549523308307459,1.155752420425415,0.7467733616373732,0.7511856562920185,0.7523076804968607,0.7525088937907797,0.7539275080375083,1.2494752313962492,0.5584615468978882,1.240147579531293,1.2452288400588916,1.2465135894903778,1.2467435792654078,1.2483048833690693,0.40479821874806915,0.4363037645816803,0.39865777052391316,0.4019539648801877,0.4027924976919636,0.40294281986821695,0.4040279600216216
0.8193359375,0.7644546389588426,1.1542866230010986,0.7467733616373732,0.760010245601309,0.7613103810557569,0.7615435351501172,0.7632665394726458,1.2603259258406934,0.5550596117973328,1.240147579531293,1.2552143633528516,1.256668693141583,1.2569289738954197,1.2589816608525781,0.4119491954496469,0.4579162299633026,0.39865777052391316,0.4085234849268834,0.4094908642468872,0.4096642770057091,0.41105201261198265
0.8212890625,0.7740523887847882,1.152970790863037,0.7826147228998348,0.7689854257830802,0.767733202497818,0.7676598562285281,0.7726925092294177,1.271176620285138,0.5520592927932739,1.2808708716899324,1.2653955100746086,1.2639439543794762,1.2638587858328998,1.2696523640004096,0.4192081793127414,0.48112061619758606,0.4257037587559598,0.4152809114822576,0.41431774130387106,0.41426130560049207,0.418176398295227
0.8232421875,0.7837462974762117,1.1499853134155273,0.7826147228998348,0.7780716238609166,0.776611718344099,0.7765262075374926,0.7822054768353036,1.2820273147295824,0.5495967864990234,1.2808708716899324,1.2757726574313464,1.27411956864217,1.274022549843365,1.2803164963451081,0.4265765263646874,0.5055625438690186,0.4257037587559598,0.4222377090948914,0.4211204045600567,0.42105493449483183,0.42540187816802116
0.8251953125,0.7935370857843999,1.1437948942184448,0.7826147228998348,0.787157821938753,0.7884278106319091,0.7885021974715244,0.7918054287158646,1.2928780091740266,0.5478143692016602,1.2808708716899324,1.2859102370324489,1.2873104150043064,1.2873922875702304,1.290973490833307,0.43405560621867306,0.530849277973175,0.4257037587559598,0.4291617657158464,0.43012855617571644,0.4301851646996396,0.4327291557852249
0.8271484375,0.8034254780532317,1.1335474252700806,0.7826147228998348,0.7962440200165894,0.7976861601255132,0.7977706303617942,0.8014922679179615,1.3037287036184713,0.5468273162841797,1.2808708716899324,1.295816450233378,1.297370321119097,1.2974611615786755,1.3016226951072414,0.44164680217557384,0.5564683675765991,0.4257037587559598,0.43605420219926366,0.43714728913929096,0.43721129050311136,0.44015886568017565
0.8291015625,0.813412202228111,1.1192679405212402,0.8194629462600644,0.8054863997462924,0.8046609536700033,0.8041605650389382,0.811265793413489,1.314579398062916,0.5466914176940918,1.3212111261457622,1.305922961753402,1.3050026812120843,1.3044438837749996,1.3122633584772727,0.4493515113262923,0.5817242860794067,0.4540308294308823,0.4431461147343561,0.4424999812671065,0.4421081597104998,0.447691555396256
0.8310546875,0.8234979898648956,1.1017457246780396,0.8194629462600644,0.8148040974221404,0.8138426073569625,0.8132597483291989,0.8211256740376761,1.32543009250736,0.5473833084106445,1.3212111261457622,1.3161733473168422,1.3151257206523033,1.314489439298247,1.3228946120709355,0.457171144654605,0.5967387557029724,0.4540308294308823,0.4504110063610443,0.44966202477448414,0.4492078149436525,0.4553276652917443
0.8330078125,0.8336835761388285,1.082184910774231,0.8194629462600644,0.8241217950979884,0.8249732805965116,0.8254894544269008,0.8310714077217962,1.3362807869518045,0.5488003492355347,1.3212111261457622,1.3261919467673338,1.3270968613974754,1.3276445153247467,1.3335154500963766,0.4651071271405192,0.5944406390190125,0.4540308294308823,0.4576424276256415,0.4583024224789244,0.45870238259709023,0.46306749805488223
0.8349609375,0.8439696998534729,1.0618106126785278,0.8194629462600644,0.8334394927738364,0.8343749434167803,0.8349420172452198,0.8411022838569882,1.3471314813962492,0.5507745742797852,1.3212111261457622,1.3359865340810728,1.3369585917375835,1.3375467964651226,1.344124691586399,0.4731608978641463,0.5907531976699829,0.4540308294308823,0.46484150110531536,0.46556348461320335,0.4660010005775253,0.47091119011944566
0.8369140625,0.854357103449639,1.0551360845565796,0.8571563043066186,0.8429310720118006,0.8422959508372944,0.8419001905500993,0.8512173408683771,1.3579821758406934,0.5530880093574524,1.3610007981966494,1.346003100821336,1.3453219798740026,1.3448970362546768,1.3547209295166358,0.4813339101100789,0.5863489508628845,0.48353805717373377,0.47226265745425894,0.47175720363026963,0.47144216325246147,0.4788586765568337
0.8388671875,0.8648465330143167,1.0672223567962646,0.8571563043066186,0.8524145602083459,0.8516759242685333,0.8512156612771443,0.8614152908185555,1.368832870285138,0.5554825663566589,1.3610007981966494,1.3560571844057294,1.3552824465154334,1.3547990075287353,1.3653024908105196,0.4896276314722893,0.5819482207298279,0.48353805717373377,0.4797880641990618,0.4792029249022485,0.4788382060538051,0.48690962451208336
0.8408203125,0.8754387382896112,1.076093316078186,0.8571563043066186,0.8618980484048913,0.8625751637633994,0.862997091703301,0.8716944300951214,1.3796835647295824,0.5576651692390442,1.3610007981966494,1.365890017267543,1.3665835333454324,1.3670151306457712,1.3758673729384299,0.4980435439595426,0.5782648921012878,0.48353805717373377,0.48727976302039894,0.48781362504870546,0.4881462043522325,0.4950633501670486
0.8427734375,0.886134472681668,1.0816199779510498,0.8571563043066186,0.8713815366014366,0.8720781783572473,0.8725122736959298,0.882052544953608,1.3905342591740266,0.5593125820159912,1.3610007981966494,1.3755088232066675,1.3762068419715803,1.3766412316796954,1.3864131260198131,0.5065831441013193,0.575977087020874,0.48353805717373377,0.49473885447645577,0.4952857878875321,0.49562651027945204,0.5033187311332317
0.8447265625,0.896934493269608,1.0838630199432373,0.895330851832427,0.8810962033979091,0.8800051058457433,0.8803205545448203,0.8924867649055328,1.4013849536184713,0.5600854158401489,1.3998891845915027,1.3854180464011578,1.3842933413107585,1.3846187928332914,1.3969366993964087,0.5152479430542641,0.5757157802581787,0.5139527279969377,0.5024795558420477,0.5015984894431261,0.5018532615469805,0.5116740801828207
0.8466796875,0.9078395608144594,1.082904577255249,0.895330851832427,0.890585969020921,0.8893213003061399,0.8896869304003961,0.9029933205228775,1.412235648062916,0.5596483945846558,1.3998891845915027,1.395116871619338,1.3938400936289328,1.3942095976633928,1.4074342496054193,0.5240394667091497,0.578072190284729,0.5139527279969377,0.5101365815806874,0.5091195205775638,0.5094136241211061,0.5201269401596254
0.8486328125,0.9188504397680869,1.0787421464920044,0.895330851832427,0.900075734643933,0.9013265141939917,0.9009648996150615,0.9135671751753129,1.42308634250736,0.557702898979187,1.3998891845915027,1.4046111816515254,1.4058439402293381,1.4054878874549184,1.4179008396836108,0.5329592557983592,0.5835909247398376,0.5139527279969377,0.5177608039553889,0.5187618911340593,0.5184725217045077,0.5286737669119159
0.8505859375,0.9299678982821235,1.0712803602218628,0.895330851832427,0.9095655002669449,0.9106704869838331,0.9103510227694301,0.9242014212139705,1.4339370369518045,0.5540262460708618,1.3998891845915027,1.4139073777998175,1.4149734858969036,1.4146655278931048,1.428329898621415,0.5420088660038929,0.5927342176437378,0.5139527279969377,0.5253532497077186,0.5262338595880199,0.5259793077758392,0.5373094099266741
0.8525390625,0.9411927082169057,1.0604296922683716,0.9330744292907143,0.919448937166188,0.918426287458883,0.9187081890114902,0.9348860983649403,1.4447877313962492,0.5485159158706665,1.4370449064863546,1.423686721336489,1.4226788134272994,1.4229568753043884,1.4387121441632256,0.5511898680658989,0.6058074235916138,0.5445331198915252,0.533385826988017,0.5325518486575261,0.5327817787284701,0.5460261123523236
0.8544921875,0.9525256451503992,1.04628324508667,0.9330744292907143,0.9285325985825389,0.927758294683108,0.9279717377319645,0.9456054605749621,1.4556384258406934,0.5412267446517944,1.4370449064863546,1.4326357383152486,1.4318869206424103,1.432093462967131,1.4490330872711945,0.5605038478917217,0.621733546257019,0.5445331198915252,0.5408246831463664,0.5401953528409678,0.5403688535488226,0.5548112149421143
0.8564453125,0.9639674883871316,1.0292869806289673,0.9330744292907143,0.9376162599988896,0.9385912496030843,0.9383224859382292,0.956330857844677,1.466489120285138,0.5323905348777771,1.4370449064863546,1.4414113584712098,1.4423344230236528,1.44208016442488,1.4592664995705797,0.5699524066654806,0.6046257019042969,0.5445331198915252,0.5482343710599474,0.5490235496290092,0.5488060381710531,0.5636411717874443
0.8583984375,0.9755190209671311,1.0102766752243042,0.9330744292907143,0.9466999214152405,0.9475218854177817,0.9472953044811732,0.967001136496958,1.4773398147295824,0.5224024057388306,1.4370449064863546,1.450018573073495,1.4507805973741885,1.4505706713179853,1.4693564372036694,0.5795371609581796,0.5878428816795349,0.5445331198915252,0.5556157303436807,0.5562778762504784,0.5560953724055855,0.5724650378988503
0.8603515625,0.9871810296748462,0.9903420805931091,0.9680001431632334,0.956594542002521,0.95568221463826,0.955890004407221,0.9774684015701226,1.4881905091740266,0.5117716789245605,1.4703488663723066,1.4595707043960078,1.458717855404665,1.4589122416706766,1.4791677905356608,0.5892597428383307,0.572475016117096,0.5732624286812064,0.5638243619655768,0.563078699923667,0.5632485548180499,0.5811586704546398
0.8623046875,0.9989543050480849,0.9706583023071289,0.9680001431632334,0.9641982761096626,0.9643506609001379,0.9643159540595383,0.9873513697202098,1.4990412036184713,0.501053512096405,1.4703488663723066,1.4667844781564487,1.4669261132702671,1.4668938586900897,1.4883535929658702,0.5991217999831197,0.5593201518058777,0.5732624286812064,0.5701213648689731,0.5702463799200794,0.5702179074343987,0.5894006382035553
0.8642578125,1.0,0.9637644290924072,0.9680001431632334,0.9718020102168041,0.9722393380107787,0.9721397331487193,0.99565128258883,1.5,0.4907926917076111,1.4703488663723066,1.4738853655120323,1.4742812457316168,1.4741911122056748,1.4960095972547465,0.6,0.5488442778587341,0.5732624286812064,0.5763986116602091,0.5767539888955657,0.5766730542790837,0.5963472037218676
0.8662109375,1.0,0.9791350364685059,0.9680001431632334,0.9794057443239457,0.9797283591037569,0.9796548810374548,0.9998299974725195,1.5,0.48149940371513367,1.4703488663723066,1.4808759956842377,1.481161119108029,1.4810961965091323,1.4998440345792088,0.6,0.541337251663208,0.5732624286812064,0.582656562476133,0.5829166155914497,0.582857389239804,0.5998561020025432
0.8681640625,1.0,1.0010833740234375,0.9939043021478464,0.9893325287587312,0.9893253868639497,0.9891994665867061,1.0,1.5,0.4917808473110199,1.4944088871957055,1.4901703379907358,1.4901640100064422,1.490052424951562,1.5,0.6,0.537091851234436,0.5948428542838317,0.5909667511843373,0.5909609495443605,0.590858656983722,0.5999999999999999
0.8701171875,1.0,1.0274956226348877,0.9939043021478464,0.992380377684808,0.9923842982648519,0.9924534228516977,1.0,1.5,0.504149317741394,1.4944088871957055,1.4930003766764484,1.493003898214791,1.493065982642115,1.5,0.6,0.5364214181900024,0.5948428542838317,0.5935516110706099,0.5935548478060872,0.593611914574371,0.5999999999999999
0.8720703125,1.0,1.0539573431015015,0.9939043021478464,0.9954282266108848,0.9954306072424787,0.9954725806682265,1.0,1.5,0.514110803604126,1.4944088871957055,1.4958130850712597,1.4958151679673646,1.495851890318644,1.5,0.6,0.5395311117172241,0.5948428542838317,0.5961333111885572,0.5961352403700643,0.5961692538988823,0.5999999999999999
0.8740234375,1.0,1.0741249322891235,0.9939043021478464,0.9984760755369616,0.9984769162201055,0.9984917384847554,1.0,1.5,0.5213418006896973,1.4944088871957055,1.498608621877346,1.4986092836002052,1.4986209503947103,1.5,0.6,0.5463896989822388,0.5948428542838317,0.5987118804737633,0.5987125052859907,0.5987235214555351,0.5999999999999999
0.8759765625,1.0,1.0811914205551147,1.0,1.0,1.0,1.0,1.0,1.5,0.5257714986801147,1.5,1.5,1.5,1.5,1.5,0.6,0.5566681623458862,0.5999999999999999,0.5999999999999999,0.5999999999999999,0.5999999999999999,0.5999999999999999
0.8779296875,1.0,1.0705618858337402,1.0,1.0,1.0,1.0,1.0,1.5,0.5275266766548157,1.5,1.5,1.5,1.5,1.5,0.6,0.5697271227836609,0.5999999999999999,0.5999999999999999,0.5999999999999999,0.5999999999999999,0.5999999999999999
0.8798828125,1.0,1.042494297027588,1.0,1.0,1.0,1.0,1.0,1.5,0.5268777012825012,1.5,1.5,1.5,1.5,1.5,0.6,0.5846438407897949,0.5999999999999999,0.5999999999999999,0.5999999999999999,0.5999999999999999,0.5999999999999999
0.8818359375,1.0,1.0024734735488892,1.0,1.0,1.0,1.0,1.0,1.5,0.5242087841033936,1.5,1.5,1.5,1.5,1.5,0.6,0.6003198623657227,0.5999999999999999,0.5999999999999999,0.5999999999999999,0.5999999999999999,0.5999999999999999
0.8837890625,1.0,0.9999096989631653,1.0,1.0,1.0,1.0,1.0,1.5,0.5199941396713257,1.5,1.5,1.5,1.5,1.5,0.6,0.6157134175300598,0.5999999999999999,0.5999999999999999,0.5999999999999999,0.5999999999999999,0.5999999999999999
0.8857421875,1.0,1.016158938407898,1.0,1.0,1.0,1.0,1.0,1.5,0.5147569179534912,1.5,1.5,1.5,1.5,1.5,0.6,0.6301370859146118,0.5999999999999999,0.5999999999999999,0.5999999999999999,0.5999999999999999,0.5999999999999999
0.8876953125,1.0,1.0301936864852905,1.0,1.0,1.0,1.0,1.0,1.5,0.5138463973999023,1.5,1.5,1.5,1.5,1.5,0.6,0.6434292793273926,0.5999999999999999,0.5999999999999999,0.5999999999999999,0.5999999999999999,0.5999999999999999
0.8896484375,1.0,1.0418729782104492,1.0,1.0,1.0,1.0,1.0,1.5,0.5256773829460144,1.5,1.5,1.5,1.5,1.5,0.6,0.6558531522750854,0.5999999999999999,0.5999999999999999,0.5999999999999999,0.5999999999999999,0.5999999999999999
0.8916015625,1.0,1.051281213760376,1.0,1.0,1.0,1.0,1.0,1.5,0.5373261570930481,1.5,1.5,1.5,1.5,1.5,0.6,0.6678405404090881,0.5999999999999999,0.5999999999999999,0.5999999999999999,0.5999999999999999,0.5999999999999999
0.8935546875,1.0,1.0585105419158936,1.0,1.0,1.0,1.0,1.0,1.5,0.5483596920967102,1.5,1.5,1.5,1.5,1.5,0.6,0.6798290014266968,0.5999999999999999,0.5999999999999999,0.5999999999999999,0.5999999999999999,0.5999999999999999
0.8955078125,1.0,1.0637500286102295,1.0,1.0,1.0,1.0,1.0,1.5,0.5583552122116089,1.5,1.5,1.5,1.5,1.5,0.6,0.6922500133514404,0.5999999999999999,0.5999999999999999,0.5999999999999999,0.5999999999999999,0.5999999999999999
0.8974609375,1.0,1.067439079284668,1.0,1.0,1.0,1.0,1.0,1.5,0.5668924450874329,1.5,1.5,1.5,1.5,1.5,0.6,0.7055392861366272,0.5999999999999999,0.5999999999999999,0.5999999999999999,0.5999999999999999,0.5999999999999999
0.8994140625,1.0,1.070265769958496,1.0,1.0,1.0,1.0,1.0,1.5,0.5735489130020142,1.5,1.5,1.5,1.5,1.5,0.6,0.7200915217399597,0.5999999999999999,0.5999999999999999,0.5999999999999999,0.5999999999999999,0.5999999999999999
0.9013671875,1.0,1.0730043649673462,1.0,1.0,1.0,1.0,1.0,1.5,0.5779101252555847,1.5,1.5,1.5,1.5,1.5,0.6,0.7361714839935303,0.5999999999999999,0.5999999999999999,0.5999999999999999,0.5999999999999999,0.5999999999999999
0.9033203125,1.0,1.0762993097305298,1.0,1.0,1.0,1.0,1.0,1.5,0.5796075463294983,1.5,1.5,1.5,1.5,1.5,0.6,0.7473720908164978,0.5999999999999999,0.5999999999999999,0.5999999999999999,0.5999999999999999,0.5999999999999999
0.9052734375,1.0,1.0805085897445679,1.0,1.0,1.0,1.0,1.0,1.5,0.5783818960189819,1.5,1.5,1.5,1.5,1.5,0.6,0.7509841918945312,0.5999999999999999,0.5999999999999999,0.5999999999999999,0.5999999999999999,0.5999999999999999
0.9072265625,1.0,1.0856868028640747,1.0,1.0,1.0,1.0,1.0,1.5,0.5741610527038574,1.5,1.5,1.5,1.5,1.5,0.6,0.756429135799408,0.5999999999999999,0.5999999999999999,0.5999999999999999,0.5999999999999999,0.5999999999999999
0.9091796875,1.0,1.0916956663131714,1.0,1.0,1.0,1.0,1.0,1.5,0.5671162605285645,1.5,1.5,1.5,1.5,1.5,0.6,0.7624594569206238,0.5999999999999999,0.5999999999999999,0.5999999999999999,0.5999999999999999,0.5999999999999999
0.9111328125,1.0,1.0983659029006958,1.0,1.0,1.0,1.0,1.0,1.5,0.5576716065406799,1.5,1.5,1.5,1.5,1.5,0.6,0.7678484916687012,0.5999999999999999,0.5999999999999999,0.5999999999999999,0.5999999999999999,0.5999999999999999
0.9130859375,1.0,1.1173663139343262,1.0,1.0,1.0,1.0,1.0,1.5,0.5464608669281006,1.5,1.5,1.5,1.5,1.5,0.6,0.7715338468551636,0.5999999999999999,0.5999999999999999,0.5999999999999999,0.5999999999999999,0.5999999999999999
0.9150390625,1.0,1.157997488975525,1.0,1.0,1.0,1.0,1.0,1.5,0.5342532396316528,1.5,1.5,1.5,1.5,1.5,0.6,0.7727113366127014,0.5999999999999999,0.5999999999999999,0.5999999999999999,0.5999999999999999,0.5999999999999999
0.9169921875,1.0,1.1854743957519531,1.0,1.0,1.0,1.0,1.0,1.5,0.5218571424484253,1.5,1.5,1.5,1.5,1.5,0.6,0.7709014415740967,0.5999999999999999,0.5999999999999999,0.5999999999999999,0.5999999999999999,0.5999999999999999
0.9189453125,1.0,1.197161078453064,1.0,1.0,1.0,1.0,1.0,1.5,0.5100234746932983,1.5,1.5,1.5,1.5,1.5,0.6,0.7659882307052612,0.5999999999999999,0.5999999999999999,0.5999999999999999,0.5999999999999999,0.5999999999999999
0.9208984375,1.0,1.1924506425857544,1.0,1.0,1.0,1.0,1.0,1.5,0.4993590712547302,1.5,1.5,1.5,1.5,1.5,0.6,0.758236289024353,0.5999999999999999,0.5999999999999999,0.5999999999999999,0.5999999999999999,0.5999999999999999
0.9228515625,1.0,1.172847867012024,1.0,1.0,1.0,1.0,1.0,1.5,0.4902780055999756,1.5,1.5,1.5,1.5,1.5,0.6,0.7482653260231018,0.5999999999999999,0.5999999999999999,0.5999999999999999,0.5999999999999999,0.5999999999999999
0.9248046875,1.0,1.164647102355957,1.0,1.0,1.0,1.0,1.0,1.5,0.4830021858215332,1.5,1.5,1.5,1.5,1.5,0.6,0.7369679808616638,0.5999999999999999,0.5999999999999999,0.5999999999999999,0.5999999999999999,0.5999999999999999
0.9267578125,1.0,1.1773942708969116,1.0,1.0,1.0,1.0,1.0,1.5,0.47760745882987976,1.5,1.5,1.5,1.5,1.5,0.6,0.7253794074058533,0.5999999999999999,0.5999999999999999,0.5999999999999999,0.5999999999999999,0.5999999999999999
0.9287109375,1.0,1.190953254699707,1.0,1.0,1.0,1.0,1.0,1.5,0.47408798336982727,1.5,1.5,1.5,1.5,1.5,0.6,0.714521586894989,0.5999999999999999,0.5999999999999999,0.5999999999999999,0.5999999999999999,0.5999999999999999
0.9306640625,1.0,1.2053121328353882,1.0,1.0,1.0,1.0,1.0,1.5,0.4724101722240448,1.5,1.5,1.5,1.5,1.5,0.6,0.7052683234214783,0.5999999999999999,0.5999999999999999,0.5999999999999999,0.5999999999999999,0.5999999999999999
0.9326171875,1.0,1.2204886674880981,1.0,1.0,1.0,1.0,1.0,1.5,0.472540020942688,1.5,1.5,1.5,1.5,1.5,0.6,0.6982680559158325,0.5999999999999999,0.5999999999999999,0.5999999999999999,0.5999999999999999,0.5999999999999999
0.9345703125,1.0,1.236617922782898,1.0,1.0,1.0,1.0,1.0,1.5,0.4744412899017334,1.5,1.5,1.5,1.5,1.5,0.6,0.693945586681366,0.5999999999999999,0.5999999999999999,0.5999999999999999,0.5999999999999999,0.5999999999999999
0.9365234375,1.0,1.254055142402649,1.0,1.0,1.0,1.0,1.0,1.5,0.478054016828537,1.5,1.5,1.5,1.5,1.5,0.6,0.6925622820854187,0.5999999999999999,0.5999999999999999,0.5999999999999999,0.5999999999999999,0.5999999999999999
0.9384765625,1.0,1.2733944654464722,1.0,1.0,1.0,1.0,1.0,1.5,0.4832687973976135,1.5,1.5,1.5,1.5,1.5,0.6,0.6942872405052185,0.5999999999999999,0.5999999999999999,0.5999999999999999,0.5999999999999999,0.5999999999999999
0.9404296875,1.0,1.2919987440109253,1.0,1.0,1.0,1.0,1.0,1.5,0.48991191387176514,1.5,1.5,1.5,1.5,1.5,0.6,0.699231743812561,0.5999999999999999,0.5999999999999999,0.5999999999999999,0.5999999999999999,0.5999999999999999
0.9423828125,1.0,1.2958353757858276,1.0,1.0,1.0,1.0,1.0,1.5,0.4977473020553589,1.5,1.5,1.5,1.5,1.5,0.6,0.7074270844459534,0.5999999999999999,0.5999999999999999,0.5999999999999999,0.5999999999999999,0.5999999999999999
0.9443359375,1.0,1.3065972328186035,1.0,1.0,1.0,1.0,1.0,1.5,0.5064922571182251,1.5,1.5,1.5,1.5,1.5,0.6,0.7187666893005371,0.5999999999999999,0.5999999999999999,0.5999999999999999,0.5999999999999999,0.5999999999999999
0.9462890625,1.0,1.3256230354309082,1.0,1.0,1.0,1.0,1.0,1.5,0.5158331394195557,1.5,1.5,1.5,1.5,1.5,0.6,0.7329608798027039,0.5999999999999999,0.5999999999999999,0.5999999999999999,0.5999999999999999,0.5999999999999999
0.9482421875,1.0,1.3537709712982178,1.0,1.0,1.0,1.0,1.0,1.5,0.525428295135498,1.5,1.5,1.5,1.5,1.5,0.6,0.7495484948158264,0.5999999999999999,0.5999999999999999,0.5999999999999999,0.5999999999999999,0.5999999999999999
0.9501953125,1.0,1.391283392906189,1.0,1.0,1.0,1.0,1.0,1.5,0.534892737865448,1.5,1.5,1.5,1.5,1.5,0.6,0.7679817080497742,0.5999999999999999,0.5999999999999999,0.5999999999999999,0.5999999999999999,0.5999999999999999
0.9521484375,1.0,1.4376989603042603,1.0,1.0,1.0,1.0,1.0,1.5,0.5437812209129333,1.5,1.5,1.5,1.5,1.5,0.6,0.7877426743507385,0.5999999999999999,0.5999999999999999,0.5999999999999999,0.5999999999999999,0.5999999999999999
0.9541015625,1.0,1.4918400049209595,1.0,1.0,1.0,1.0,1.0,1.5,0.5515934824943542,1.5,1.5,1.5,1.5,1.5,0.6,0.8084234595298767,0.5999999999999999,0.5999999999999999,0.5999999999999999,0.5999999999999999,0.5999999999999999
0.9560546875,1.0,1.5518790483474731,1.0,1.0,1.0,1.0,1.0,1.5,0.5578184127807617,1.5,1.5,1.5,1.5,1.5,0.6,0.8297297358512878,0.5999999999999999,0.5999999999999999,0.5999999999999999,0.5999999999999999,0.5999999999999999
0.9580078125,1.0,1.6154792308807373,1.0,1.0,1.0,1.0,1.0,1.5,0.5620083212852478,1.5,1.5,1.5,1.5,1.5,0.6,0.8514255285263062,0.5999999999999999,0.5999999999999999,0.5999999999999999,0.5999999999999999,0.5999999999999999
0.9599609375,1.0,1.6799845695495605,1.0,1.0,1.0,1.0,1.0,1.5,0.5638607740402222,1.5,1.5,1.5,1.5,1.5,0.6,0.8732608556747437,0.5999999999999999,0.5999999999999999,0.5999999999999999,0.5999999999999999,0.5999999999999999
0.9619140625,1.0,1.7379931211471558,1.0,1.0,1.0,1.0,1.0,1.5,0.5632858276367188,1.5,1.5,1.5,1.5,1.5,0.6,0.8949008584022522,0.5999999999999999,0.5999999999999999,0.5999999999999999,0.5999999999999999,0.5999999999999999
0.9638671875,1.0,1.7735168933868408,1.0,1.0,1.0,1.0,1.0,1.5,0.5604379177093506,1.5,1.5,1.5,1.5,1.5,0.6,0.9158629179000854,0.5999999999999999,0.5999999999999999,0.5999999999999999,0.5999999999999999,0.5999999999999999
0.9658203125,1.0,1.8001426458358765,1.0,1.0,1.0,1.0,1.0,1.5,0.5556994080543518,1.5,1.5,1.5,1.5,1.5,0.6,0.9354692697525024,0.5999999999999999,0.5999999999999999,0.5999999999999999,0.5999999999999999,0.5999999999999999
0.9677734375,1.0,1.817030429840088,1.0,1.0,1.0,1.0,1.0,1.5,0.549616277217865,1.5,1.5,1.5,1.5,1.5,0.6,0.9528642892837524,0.5999999999999999,0.5999999999999999,0.5999999999999999,0.5999999999999999,0.5999999999999999
0.9697265625,1.0,1.823807954788208,1.0,1.0,1.0,1.0,1.0,1.5,0.5428056716918945,1.5,1.5,1.5,1.5,1.5,0.6,0.9671552777290344,0.5999999999999999,0.5999999999999999,0.5999999999999999,0.5999999999999999,0.5999999999999999
0.9716796875,1.0,1.820259928703308,1.0,1.0,1.0,1.0,1.0,1.5,0.5358649492263794,1.5,1.5,1.5,1.5,1.5,0.6,0.9776774048805237,0.5999999999999999,0.5999999999999999,0.5999999999999999,0.5999999999999999,0.5999999999999999
0.9736328125,1.0,1.8065661191940308,1.0,1.0,1.0,1.0,1.0,1.5,0.5293013453483582,1.5,1.5,1.5,1.5,1.5,0.6,0.9842944145202637,0.5999999999999999,0.5999999999999999,0.5999999999999999,0.5999999999999999,0.5999999999999999
0.9755859375,1.0,1.7837493419647217,1.0,1.0,1.0,1.0,1.0,1.5,0.5234890580177307,1.5,1.5,1.5,1.5,1.5,0.6,0.9875669479370117,0.5999999999999999,0.5999999999999999,0.5999999999999999,0.5999999999999999,0.5999999999999999
0.9775390625,1.0,1.7539050579071045,1.0,1.0,1.0,1.0,1.0,1.5,0.5186470150947571,1.5,1.5,1.5,1.5,1.5,0.6,0.9886958003044128,0.5999999999999999,0.5999999999999999,0.5999999999999999,0.5999999999999999,0.5999999999999999
0.9794921875,1.0,1.720097541809082,1.0,1.0,1.0,1.0,1.0,1.5,0.5148284435272217,1.5,1.5,1.5,1.5,1.5,0.6,0.9892809987068176,0.5999999999999999,0.5999999999999999,0.5999999999999999,0.5999999999999999,0.5999999999999999
0.9814453125,1.0,1.6860510110855103,1.0,1.0,1.0,1.0,1.0,1.5,0.5119222402572632,1.5,1.5,1.5,1.5,1.5,0.6,0.9910454750061035,0.5999999999999999,0.5999999999999999,0.5999999999999999,0.5999999999999999,0.5999999999999999
0.9833984375,1.0,1.6557711362838745,1.0,1.0,1.0,1.0,1.0,1.5,0.5096755027770996,1.5,1.5,1.5,1.5,1.5,0.6,0.9956487417221069,0.5999999999999999,0.5999999999999999,0.5999999999999999,0.5999999999999999,0.5999999999999999
0.9853515625,1.0,1.6331639289855957,1.0,1.0,1.0,1.0,1.0,1.5,0.5077626705169678,1.5,1.5,1.5,1.5,1.5,0.6,1.0045924186706543,0.5999999999999999,0.5999999999999999,0.5999999999999999,0.5999999999999999,0.5999999999999999
0.9873046875,1.0,1.6216983795166016,1.0,1.0,1.0,1.0,1.0,1.5,0.5059118866920471,1.5,1.5,1.5,1.5,1.5,0.6,1.0191558599472046,0.5999999999999999,0.5999999999999999,0.5999999999999999,0.5999999999999999,0.5999999999999999
0.9892578125,1.0,1.6240707635879517,1.0,1.0,1.0,1.0,1.0,1.5,0.5040630102157593,1.5,1.5,1.5,1.5,1.5,0.6,1.0121861696243286,0.5999999999999999,0.5999999999999999,0.5999999999999999,0.5999999999999999,0.5999999999999999
0.9912109375,1.0,1.641889214515686,1.0,1.0,1.0,1.0,1.0,1.5,0.5024740695953369,1.5,1.5,1.5,1.5,1.5,0.6,1.0064935684204102,0.5999999999999999,0.5999999999999999,0.5999999999999999,0.5999999999999999,0.5999999999999999
0.9931640625,1.0,1.6754343509674072,1.0,1.0,1.0,1.0,1.0,1.5,0.5017024278640747,1.5,1.5,1.5,1.5,1.5,0.6,1.0089592933654785,0.5999999999999999,0.5999999999999999,0.5999999999999999,0.5999999999999999,0.5999999999999999
0.9951171875,1.0,1.7237001657485962,1.0,1.0,1.0,1.0,1.0,1.5,0.5024400949478149,1.5,1.5,1.5,1.5,1.5,0.6,1.0201159715652466,0.5999999999999999,0.5999999999999999,0.5999999999999999,0.5999999999999999,0.5999999999999999
0.9970703125,1.0,1.7847669124603271,1.0,1.0,1.0,1.0,1.0,1.5,0.5052721500396729,1.5,1.5,1.5,1.5,1.5,0.6,1.039696455001831,0.5999999999999999,0.5999999999999999,0.5999999999999999,0.5999999999999999,0.5999999999999999
0.9990234375,1.0,1.8183437585830688,1.0,1.0,1.0,1.0,1.0,1.5,0.5104469656944275,1.5,1.5,1.5,1.5,1.5,0.6,1.0668259859085083,0.5999999999999999,0.5999999999999999,0.5999999999999999,0.5999999999999999,0.5999999999999999
