x,reference_density,fno_operator_density,hllc_piecewise_constant_density,hllc_fixed_mc_subcell_density,physics_gated_dkan_fv_sod_neighbourhood_density,sensor_gated_dkan_fv_engineering_tv_trust_0.02_density,hllc_muscl_fine_density,reference_velocity,fno_operator_velocity,hllc_piecewise_constant_velocity,hllc_fixed_mc_subcell_velocity,physics_gated_dkan_fv_sod_neighbourhood_velocity,sensor_gated_dkan_fv_engineering_tv_trust_0.02_velocity,hllc_muscl_fine_velocity,reference_pressure,fno_operator_pressure,hllc_piecewise_constant_pressure,hllc_fixed_mc_subcell_pressure,physics_gated_dkan_fv_sod_neighbourhood_pressure,sensor_gated_dkan_fv_engineering_tv_trust_0.02_pressure,hllc_muscl_fine_pressure
0.0009765625,3.857143,1.9461697340011597,3.857143,3.857143,3.857143,3.857143,3.857143,2.629369,0.4740245044231415,2.629369,2.629369,2.629369,2.629369,2.629369,10.33333,2.239722967147827,10.33333,10.33333,10.33333,10.33333,10.33333
0.0029296875,3.857143,1.9390453100204468,3.857143,3.857143,3.857143,3.857143,3.857143,2.629369,0.46115589141845703,2.629369,2.629369,2.629369,2.629369,2.629369,10.33333,2.2490484714508057,10.33333,10.33333,10.33333,10.33333,10.33333
0.0048828125,3.857143,1.9150415658950806,3.857143,3.857143,3.857143,3.857143,3.857143,2.629369,0.448883593082428,2.629369,2.629369,2.629369,2.629369,2.629369,10.33333,2.263930082321167,10.33333,10.33333,10.33333,10.33333,10.33333
0.0068359375,3.857143,1.8932018280029297,3.857143,3.857143,3.857143,3.857143,3.857143,2.629369,0.43758702278137207,2.629369,2.629369,2.629369,2.629369,2.629369,10.33333,2.282928705215454,10.33333,10.33333,10.33333,10.33333,10.33333
0.0087890625,3.857143,1.8752659559249878,3.857143,3.857143,3.857143,3.857143,3.857143,2.629369,0.4275563359260559,2.629369,2.629369,2.629369,2.629369,2.629369,10.33333,2.30458927154541,10.33333,10.33333,10.33333,10.33333,10.33333
0.0107421875,3.857143,1.8608347177505493,3.857143,3.857143,3.857143,3.857143,3.857143,2.629369,0.4189680218696594,2.629369,2.629369,2.629369,2.629369,2.629369,10.33333,2.2710494995117188,10.33333,10.33333,10.33333,10.33333,10.33333
0.0126953125,3.857143,1.8496979475021362,3.857143,3.857143,3.857143,3.857143,3.857143,2.629369,0.41188621520996094,2.629369,2.629369,2.629369,2.629369,2.629369,10.33333,2.233635187149048,10.33333,10.33333,10.33333,10.33333,10.33333
0.0146484375,3.857143,1.8417714834213257,3.857143,3.857143,3.857143,3.857143,3.857143,2.629369,0.4062793254852295,2.629369,2.629369,2.629369,2.629369,2.629369,10.33333,2.203773260116577,10.33333,10.33333,10.33333,10.33333,10.33333
0.0166015625,3.857143,1.836479663848877,3.857143,3.857143,3.857143,3.857143,3.857143,2.629369,0.4020501673221588,2.629369,2.629369,2.629369,2.629369,2.629369,10.33333,2.1804096698760986,10.33333,10.33333,10.33333,10.33333,10.33333
0.0185546875,3.857143,1.818618893623352,3.857143,3.857143,3.857143,3.857143,3.857143,2.629369,0.39906591176986694,2.629369,2.629369,2.629369,2.629369,2.629369,10.33333,2.1622426509857178,10.33333,10.33333,10.33333,10.33333,10.33333
0.0205078125,3.857143,1.8005787134170532,3.857143,3.857143,3.857143,3.857143,3.857143,2.629369,0.39717942476272583,2.629369,2.629369,2.629369,2.629369,2.629369,10.33333,2.1478705406188965,10.33333,10.33333,10.33333,10.33333,10.33333
0.0224609375,3.857143,1.782583236694336,3.857143,3.857143,3.857143,3.857143,3.857143,2.629369,0.3962383270263672,2.629369,2.629369,2.629369,2.629369,2.629369,10.33333,2.135944128036499,10.33333,10.33333,10.33333,10.33333,10.33333
0.0244140625,3.857143,1.7649751901626587,3.857143,3.857143,3.857143,3.857143,3.857143,2.629369,0.3960767388343811,2.629369,2.629369,2.629369,2.629369,2.629369,10.33333,2.125295639038086,10.33333,10.33333,10.33333,10.33333,10.33333
0.0263671875,3.857143,1.7482305765151978,3.857143,3.857143,3.857143,3.857143,3.857143,2.629369,0.3965021073818207,2.629369,2.629369,2.629369,2.629369,2.629369,10.33333,2.1150567531585693,10.33333,10.33333,10.33333,10.33333,10.33333
0.0283203125,3.857143,1.7329440116882324,3.857143,3.857143,3.857143,3.857143,3.857143,2.629369,0.397280752658844,2.629369,2.629369,2.629369,2.629369,2.629369,10.33333,2.1047301292419434,10.33333,10.33333,10.33333,10.33333,10.33333
0.0302734375,3.857143,1.7197846174240112,3.857143,3.857143,3.857143,3.857143,3.857143,2.629369,0.3981369137763977,2.629369,2.629369,2.629369,2.629369,2.629369,10.33333,2.094221353530884,10.33333,10.33333,10.33333,10.33333,10.33333
0.0322265625,3.857143,1.7094401121139526,3.857143,3.857143,3.857143,3.857143,3.857143,2.629369,0.3987671434879303,2.629369,2.629369,2.629369,2.629369,2.629369,10.33333,2.083817958831787,10.33333,10.33333,10.33333,10.33333,10.33333
0.0341796875,3.857143,1.7025563716888428,3.857143,3.857143,3.857143,3.857143,3.857143,2.629369,0.3988681733608246,2.629369,2.629369,2.629369,2.629369,2.629369,10.33333,2.0741164684295654,10.33333,10.33333,10.33333,10.33333,10.33333
0.0361328125,3.857143,1.6996948719024658,3.857143,3.857143,3.857143,3.857143,3.857143,2.629369,0.39817267656326294,2.629369,2.629369,2.629369,2.629369,2.629369,10.33333,2.065927267074585,10.33333,10.33333,10.33333,10.33333,10.33333
0.0380859375,3.857143,1.701291561126709,3.857143,3.857143,3.857143,3.857143,3.857143,2.629369,0.3964797556400299,2.629369,2.629369,2.629369,2.629369,2.629369,10.33333,2.060154914855957,10.33333,10.33333,10.33333,10.33333,10.33333
0.0400390625,3.857143,1.7076324224472046,3.857143,3.857143,3.857143,3.857143,3.857143,2.629369,0.3936774432659149,2.629369,2.629369,2.629369,2.629369,2.629369,10.33333,2.0576908588409424,10.33333,10.33333,10.33333,10.33333,10.33333
0.0419921875,3.857143,1.7188278436660767,3.857143,3.857143,3.857143,3.857143,3.857143,2.629369,0.38975393772125244,2.629369,2.629369,2.629369,2.629369,2.629369,10.33333,2.059314012527466,10.33333,10.33333,10.33333,10.33333,10.33333
0.0439453125,3.857143,1.7348049879074097,3.857143,3.857143,3.857143,3.857143,3.857143,2.629369,0.3963809609413147,2.629369,2.629369,2.629369,2.629369,2.629369,10.33333,2.0656185150146484,10.33333,10.33333,10.33333,10.33333,10.33333
0.0458984375,3.857143,1.7553023099899292,3.857143,3.857143,3.857143,3.857143,3.857143,2.629369,0.4021899998188019,2.629369,2.629369,2.629369,2.629369,2.629369,10.33333,2.0769567489624023,10.33333,10.33333,10.33333,10.33333,10.33333
0.0478515625,3.857143,1.7798951864242554,3.857143,3.857143,3.857143,3.857143,3.857143,2.629369,0.40679770708084106,2.629369,2.629369,2.629369,2.629369,2.629369,10.33333,2.0934078693389893,10.33333,10.33333,10.33333,10.33333,10.33333
0.0498046875,3.857143,1.8080435991287231,3.857143,3.857143,3.857143,3.857143,3.857143,2.629369,0.41050252318382263,2.629369,2.629369,2.629369,2.629369,2.629369,10.33333,2.114774465560913,10.33333,10.33333,10.33333,10.33333,10.33333
0.0517578125,3.857143,1.8391482830047607,3.857143,3.857143,3.857143,3.857143,3.857143,2.629369,0.4136572480201721,2.629369,2.629369,2.629369,2.629369,2.629369,10.33333,2.1405909061431885,10.33333,10.33333,10.33333,10.33333,10.33333
0.0537109375,3.857143,1.8726232051849365,3.857143,3.857143,3.857143,3.857143,3.857143,2.629369,0.41663551330566406,2.629369,2.629369,2.629369,2.629369,2.629369,10.33333,2.1701748371124268,10.33333,10.33333,10.33333,10.33333,10.33333
0.0556640625,3.857143,1.9079480171203613,3.857143,3.857143,3.857143,3.857143,3.857143,2.629369,0.41980499029159546,2.629369,2.629369,2.629369,2.629369,2.629369,10.33333,2.2026777267456055,10.33333,10.33333,10.33333,10.33333,10.33333
0.0576171875,3.857143,1.9447143077850342,3.857143,3.857143,3.857143,3.857143,3.857143,2.629369,0.423505961894989,2.629369,2.629369,2.629369,2.629369,2.629369,10.33333,2.2371573448181152,10.33333,10.33333,10.33333,10.33333,10.33333
0.0595703125,3.857143,1.9636995792388916,3.857143,3.857143,3.857143,3.857143,3.857143,2.629369,0.42803478240966797,2.629369,2.629369,2.629369,2.629369,2.629369,10.33333,2.272657871246338,10.33333,10.33333,10.33333,10.33333,10.33333
0.0615234375,3.857143,1.973191499710083,3.857143,3.857143,3.857143,3.857143,3.857143,2.629369,0.43363040685653687,2.629369,2.629369,2.629369,2.629369,2.629369,10.33333,2.3082704544067383,10.33333,10.33333,10.33333,10.33333,10.33333
0.0634765625,3.857143,1.9876421689987183,3.857143,3.857143,3.857143,3.857143,3.857143,2.629369,0.44046157598495483,2.629369,2.629369,2.629369,2.629369,2.629369,10.33333,2.3432095050811768,10.33333,10.33333,10.33333,10.33333,10.33333
0.0654296875,3.857143,2.0072896480560303,3.857143,3.857143,3.857143,3.857143,3.857143,2.629369,0.44861871004104614,2.629369,2.629369,2.629369,2.629369,2.629369,10.33333,2.3768768310546875,10.33333,10.33333,10.33333,10.33333,10.33333
0.0673828125,3.857143,2.0316720008850098,3.857143,3.857143,3.857143,3.857143,3.857143,2.629369,0.45810753107070923,2.629369,2.629369,2.629369,2.629369,2.629369,10.33333,2.408911943435669,10.33333,10.33333,10.33333,10.33333,10.33333
0.0693359375,3.857143,2.0598294734954834,3.857143,3.857143,3.857143,3.857143,3.857143,2.629369,0.46885401010513306,2.629369,2.629369,2.629369,2.629369,2.629369,10.33333,2.439218521118164,10.33333,10.33333,10.33333,10.33333,10.33333
0.0712890625,3.857143,2.0906646251678467,3.857143,3.857143,3.857143,3.857143,3.857143,2.629369,0.480714350938797,2.629369,2.629369,2.629369,2.629369,2.629369,10.33333,2.4679558277130127,10.33333,10.33333,10.33333,10.33333,10.33333
0.0732421875,3.857143,2.1233580112457275,3.857143,3.857143,3.857143,3.857143,3.857143,2.629369,0.49349597096443176,2.629369,2.629369,2.629369,2.629369,2.629369,10.33333,2.4955356121063232,10.33333,10.33333,10.33333,10.33333,10.33333
0.0751953125,3.857143,2.157665252685547,3.857143,3.857143,3.857143,3.857143,3.857143,2.629369,0.5069829225540161,2.629369,2.629369,2.629369,2.629369,2.629369,10.33333,2.5225830078125,10.33333,10.33333,10.33333,10.33333,10.33333
0.0771484375,3.857143,2.194007396697998,3.857143,3.857143,3.857143,3.857143,3.857143,2.629369,0.520963728427887,2.629369,2.629369,2.629369,2.629369,2.629369,10.33333,2.5499067306518555,10.33333,10.33333,10.33333,10.33333,10.33333
0.0791015625,3.857143,2.2333109378814697,3.857143,3.857143,3.857143,3.857143,3.857143,2.629369,0.5352532863616943,2.629369,2.629369,2.629369,2.629369,2.629369,10.33333,2.5784718990325928,10.33333,10.33333,10.33333,10.33333,10.33333
0.0810546875,3.857143,2.27670955657959,3.857143,3.857143,3.857143,3.857143,3.857143,2.629369,0.5497100949287415,2.629369,2.629369,2.629369,2.629369,2.629369,10.33333,2.609379768371582,10.33333,10.33333,10.33333,10.33333,10.33333
0.0830078125,3.857143,2.325230360031128,3.857143,3.857143,3.857143,3.857143,3.857143,2.629369,0.5642421245574951,2.629369,2.629369,2.629369,2.629369,2.629369,10.33333,2.643853187561035,10.33333,10.33333,10.33333,10.33333,10.33333
0.0849609375,3.857143,2.379547357559204,3.857143,3.857143,3.857143,3.857143,3.857143,2.629369,0.5788064002990723,2.629369,2.629369,2.629369,2.629369,2.629369,10.33333,2.683199882507324,10.33333,10.33333,10.33333,10.33333,10.33333
0.0869140625,3.857143,2.3772711753845215,3.857143,3.857143,3.857143,3.857143,3.857143,2.629369,0.5934022068977356,2.629369,2.629369,2.629369,2.629369,2.629369,10.33333,2.728771209716797,10.33333,10.33333,10.33333,10.33333,10.33333
0.0888671875,3.857143,2.354173183441162,3.857143,3.857143,3.857143,3.857143,3.857143,2.629369,0.6080666780471802,2.629369,2.629369,2.629369,2.629369,2.629369,10.33333,2.781837224960327,10.33333,10.33333,10.33333,10.33333,10.33333
0.0908203125,3.857143,2.3220486640930176,3.857143,3.857143,3.857143,3.857143,3.857143,2.629369,0.6228744387626648,2.629369,2.629369,2.629369,2.629369,2.629369,10.33333,2.843393325805664,10.33333,10.33333,10.33333,10.33333,10.33333
0.0927734375,3.857143,2.282351016998291,3.857143,3.857143,3.857143,3.857143,3.857143,2.629369,0.6379525065422058,2.629369,2.629369,2.629369,2.629369,2.629369,10.33333,2.913774013519287,10.33333,10.33333,10.33333,10.33333,10.33333
0.0947265625,3.857143,2.2367517948150635,3.857142999999989,3.857142999999989,3.857142999999989,3.857142999999989,3.857143,2.629369,0.6535024642944336,2.629369000000004,2.629369000000004,2.629369000000004,2.629369000000004,2.629369,10.33333,2.992126941680908,10.333329999999961,10.333329999999961,10.333329999999961,10.333329999999961,10.33333
0.0966796875,3.857143,2.186969041824341,3.857142999999989,3.857142999999989,3.857142999999989,3.857142999999989,3.857143,2.629369,0.6698113679885864,2.629369000000004,2.629369000000004,2.629369000000004,2.629369000000004,2.629369,10.33333,3.0759010314941406,10.333329999999961,10.333329999999961,10.333329999999961,10.333329999999961,10.33333
0.0986328125,3.857143,2.1346943378448486,3.857142999999989,3.857142999999989,3.857142999999989,3.857142999999989,3.857142999999989,2.629369,0.6872130632400513,2.629369000000004,2.629369000000004,2.629369000000004,2.629369000000004,2.629369000000004,10.33333,3.1607701778411865,10.333329999999961,10.333329999999961,10.333329999999961,10.333329999999961,10.333329999999961
0.1005859375,3.857142999999957,1.7498177289962769,3.857142999999989,3.857142999999989,3.857142999999989,3.857142999999989,3.857142999999968,2.629369000000016,0.21859227120876312,2.629369000000004,2.629369000000004,2.629369000000004,2.629369000000004,2.629369000000012,10.333329999999854,1.8152856826782227,10.333329999999961,10.333329999999961,10.333329999999961,10.333329999999961,10.33332999999989
0.1025390625,3.857142999999872,1.8093822002410889,3.857142999999968,3.8571429999999682,3.857142999999968,3.857142999999968,3.8571429999999465,2.6293690000000485,0.23069195449352264,2.629369000000012,2.6293690000000116,2.629369000000012,2.629369000000012,2.62936900000002,10.33332999999957,1.87880539894104,10.33332999999989,10.333329999999895,10.33332999999989,10.33332999999989,10.333329999999817
0.1044921875,3.8571429999997866,1.8656272888183594,3.857142999999968,3.857142999999968,3.857142999999968,3.857142999999968,3.857142999999925,2.6293690000000804,0.2501032054424286,2.629369000000012,2.629369000000012,2.629369000000012,2.629369000000012,2.629369000000028,10.333329999999307,1.930354356765747,10.33332999999989,10.33332999999989,10.33332999999989,10.33332999999989,10.333329999999746
0.1064453125,3.8571429999997013,1.9173212051391602,3.857142999999968,3.857142999999968,3.857142999999968,3.857142999999968,3.857142999999904,2.6293690000001133,0.2767520248889923,2.629369000000012,2.629369000000012,2.629369000000012,2.629369000000012,2.6293690000000356,10.333329999999027,1.9659839868545532,10.33332999999989,10.33332999999989,10.33332999999989,10.33332999999989,10.333329999999679
0.1083984375,3.857142999999616,1.9634517431259155,3.857142999999968,3.8571429999999673,3.857142999999968,3.857142999999968,3.8571429999998825,2.629369000000146,0.31023451685905457,2.629369000000012,2.629369000000012,2.629369000000012,2.629369000000012,2.6293690000000445,10.333329999998739,1.9828619956970215,10.33332999999989,10.333329999999888,10.33332999999989,10.33332999999989,10.333329999999606
0.1103515625,3.857142999999531,2.003173351287842,3.857142999999475,3.857142999999613,3.8571429999995264,3.8571429999995264,3.857142999999861,2.6293690000001773,0.3497331142425537,2.6293690000002576,2.629369000000189,2.6293690000002323,2.6293690000002323,2.6293690000000525,10.333329999998462,1.9799150228500366,10.33332999999805,10.333329999998565,10.333329999998242,10.333329999998242,10.333329999999536
0.1123046875,3.8571429999994455,2.0137829780578613,3.857142999999475,3.857142999999521,3.857142999999492,3.857142999999492,3.85714299999984,2.6293690000002092,0.3939051628112793,2.6293690000002576,2.6293690000002345,2.629369000000249,2.629369000000249,2.6293690000000605,10.333329999998178,1.9582816362380981,10.33332999999805,10.333329999998222,10.333329999998114,10.333329999998114,10.333329999999464
0.1142578125,3.8571429999993603,1.9811042547225952,3.857142999999475,3.8571429999994287,3.8571429999994575,3.8571429999994575,3.8571429999998186,2.6293690000002394,0.4407978653907776,2.6293690000002576,2.6293690000002807,2.629369000000266,2.629369000000266,2.6293690000000685,10.333329999997897,1.9213587045669556,10.33332999999805,10.33332999999788,10.333329999997986,10.333329999997986,10.33332999999939
0.1162109375,3.857142999999275,1.936550259590149,3.857142999999475,3.8571429999993367,3.8571429999994233,3.8571429999994233,3.8571429999997973,2.629369000000271,0.4878932237625122,2.6293690000002576,2.6293690000003265,2.629369000000283,2.629369000000283,2.6293690000000765,10.333329999997613,1.9230055809020996,10.33332999999805,10.333329999997535,10.333329999997858,10.333329999997858,10.333329999999316
0.1181640625,3.8571429999991897,1.886347770690918,3.8571429999880538,3.8571429999966194,3.857142999996619,3.8571429999966194,3.857142999999776,2.6293690000003016,0.5323940515518188,2.6293690000059913,2.629369000001691,2.6293690000016916,2.629369000001691,2.629369000000085,10.333329999997334,1.9238826036453247,10.333329999955218,10.333329999987342,10.333329999987336,10.333329999987342,10.333329999999249
0.1201171875,3.8571429999991045,1.8366245031356812,3.8571429999880538,3.8571429999909093,3.857142999990909,3.8571429999909093,3.8571429999997546,2.6293690000003327,0.5717478394508362,2.6293690000059913,2.6293690000045578,2.6293690000045578,2.6293690000045578,2.629369000000093,10.333329999997051,1.9218809604644775,10.333329999955218,10.333329999965926,10.333329999965926,10.333329999965926,10.33332999999918
0.1220703125,3.857142999999019,1.7923816442489624,3.8571429999880538,3.8571429999851983,3.8571429999851983,3.8571429999851983,3.8571429999997333,2.6293690000003647,0.6042040586471558,2.6293690000059913,2.629369000007425,2.629369000007425,2.629369000007425,2.629369000000101,10.333329999996767,1.9176849126815796,10.333329999955218,10.333329999944509,10.333329999944509,10.333329999944509,10.333329999999108
0.1240234375,3.857142999998934,1.7567723989486694,3.8571429999880538,3.857142999979488,3.857142999979489,3.857142999979488,3.857142999999712,2.6293690000003975,0.6291130185127258,2.6293690000059913,2.629369000010291,2.6293690000102905,2.629369000010291,2.629369000000109,10.33332999999648,1.911769986152649,10.333329999955218,10.333329999923095,10.333329999923098,10.333329999923095,10.333329999999041
0.1259765625,3.8571429999988487,1.7309393882751465,3.8571429998077322,3.8571429999429734,3.857142999943106,3.8571429999429734,3.8571429999996907,2.629369000000429,0.6468371152877808,2.629369000096528,2.6293690000286256,2.629369000028559,2.6293690000286256,2.629369000000117,10.3333299999962,1.9043927192687988,10.333329999278904,10.33332999978614,10.333329999786637,10.33332999978614,10.333329999998975
0.1279296875,3.8571429999987634,1.7144695520401,3.8571429998077322,3.8571429998528126,3.857142999852762,3.8571429998528126,3.8571429999996765,2.6293690000004615,0.6583948135375977,2.629369000096528,2.629369000073894,2.629369000073919,2.629369000073894,2.629369000000122,10.333329999995922,1.8956812620162964,10.333329999278904,10.333329999447983,10.333329999447793,10.333329999447983,10.333329999998927
0.1298828125,3.857142999998678,1.7062020301818848,3.8571429998077322,3.857142999762652,3.8571429997626074,3.857142999762652,3.8571429999996587,2.6293690000004935,0.6650584936141968,2.629369000096528,2.629369000119163,2.629369000119185,2.629369000119163,2.629369000000129,10.333329999995641,1.8857824802398682,10.333329999278904,10.333329999109825,10.333329999109658,10.333329999109825,10.333329999998865
0.1318359375,3.857142999998593,1.7049877643585205,3.8571429998077322,3.857142999672491,3.857142999672453,3.857142999672491,3.8571429999996374,2.629369000000526,0.6680558919906616,2.629369000096528,2.629369000164431,2.6293690001644503,2.629369000164431,2.629369000000137,10.333329999995362,1.8750219345092773,10.333329999278904,10.333329998771669,10.333329998771527,10.333329998771669,10.333329999998794
0.1337890625,3.8571429999985076,1.7101571559906006,3.8571429976722813,3.8571429992738695,3.8571429992738793,3.8571429992738695,3.857142999999616,2.6293690000005574,0.668408989906311,2.629369001168725,2.6293690003645778,2.629369000364573,2.6293690003645778,2.629369000000145,10.33332999999509,1.8639963865280151,10.33332999126966,10.333329997276591,10.333329997276628,10.333329997276591,10.333329999998723
0.1357421875,3.8571429999984224,1.7216459512710571,3.8571429976722813,3.857142998206144,3.857142998206168,3.857142998206144,3.8571429999995948,2.6293690000005894,0.6668828725814819,2.629369001168725,2.629369000900676,2.6293690009006636,2.629369000900676,2.6293690000001524,10.333329999994808,1.853563904762268,10.33332999126966,10.333329993271972,10.333329993272063,10.333329993271972,10.333329999998657
0.1376953125,3.857142999998337,1.739876627922058,3.8571429976722813,3.8571429971384186,3.857142997138457,3.8571429971384186,3.8571429999995734,2.6293690000006205,0.6640020608901978,2.629369001168725,2.6293690014367743,2.6293690014367552,2.6293690014367743,2.62936900000016,10.333329999994525,1.8447378873825073,10.33332999126966,10.333329989267348,10.333329989267492,10.333329989267348,10.333329999998595
0.1396484375,3.857142999998252,1.7655242681503296,3.8571429976722813,3.857142996070693,3.8571429960706207,3.857142996070693,3.857142999999552,2.6293690000006524,0.6601017117500305,2.629369001168725,2.629369001972873,2.6293690019729095,2.629369001972873,2.6293690000001684,10.333329999994241,1.83853018283844,10.33332999126966,10.333329985262727,10.333329985262456,10.333329985262727,10.333329999998528
0.1416015625,3.8571429999981666,1.799250602722168,3.8571429775266095,3.8571429926358634,3.857142992635935,3.8571429926358634,3.857142999999531,2.629369000000684,0.6553919315338135,2.6293690112837593,2.6293690036974837,2.6293690036974477,2.6293690036974837,2.6293690000001764,10.333329999993957,1.835784912109375,10.333329915710978,10.33332997237999,10.333329972380259,10.33332997237999,10.333329999998462
0.1435546875,3.8571429999980813,1.841457724571228,3.8571429775266095,3.8571429825630275,3.857142982563199,3.8571429825630275,3.8571429999995095,2.6293690000007164,0.6500226259231567,2.6293690112837593,2.629369008755001,2.6293690087549146,2.629369008755001,2.6293690000001844,10.333329999993671,1.837050199508667,10.333329915710978,10.333329934600648,10.333329934601291,10.333329934600648,10.33332999999839
0.1455078125,3.857142999997996,1.8920687437057495,3.8571429775266095,3.8571429724901916,3.8571429724904633,3.8571429724901916,3.857142999999488,2.6293690000007484,0.6441442966461182,2.6293690112837593,2.629369013812518,2.6293690138123815,2.629369013812518,2.629369000000192,10.333329999993387,1.8424967527389526,10.333329915710978,10.33332989682131,10.333329896822327,10.33332989682131,10.333329999998321
0.1474609375,3.8571429999979108,1.950316071510315,3.8571429775266095,3.8571429624173557,3.8571429624168414,3.8571429624173557,3.857142999999467,2.62936900000078,0.6379580497741699,2.6293690112837593,2.629369018870035,2.629369018870293,2.629369018870035,2.6293690000002004,10.333329999993104,1.8518643379211426,10.333329915710978,10.333329859041967,10.33332985904004,10.333329859041967,10.33332999999825
0.1494140625,3.8571429999978255,2.0145506858825684,3.857142819923804,3.857142938125908,3.857142938126093,3.857142938125908,3.8571429999994455,2.6293690000008123,0.6317509412765503,2.629369090415283,2.6293690310666396,2.6293690310665467,2.6293690310666396,2.629369000000209,10.333329999992817,1.8644378185272217,10.333329324603383,10.333329767934082,10.33332976793477,10.333329767934082,10.333329999998178
0.1513671875,3.8571429999977402,2.0686559677124023,3.857142819923804,3.8571428593245054,3.857142859324935,3.8571428593245054,3.8571429999994242,2.6293690000008447,0.6259072422981262,2.629369090415283,2.6293690706324013,2.6293690706321855,2.6293690706324013,2.629369000000217,10.33332999999253,1.879049301147461,10.333329324603383,10.333329472380285,10.333329472381898,10.333329472380285,10.333329999998105
0.1533203125,3.857142999997655,2.1101105213165283,3.857142819923804,3.8571427805231027,3.8571427805237763,3.8571427805231027,3.857142999999403,2.6293690000008763,0.6208873987197876,2.629369090415283,2.629369110198165,2.629369110197827,2.629369110198165,2.6293690000002248,10.333329999992248,1.8941407203674316,10.333329324603383,10.333329176826481,10.33332917682901,10.333329176826481,10.333329999998032
0.1552734375,3.8571429999975697,2.1521291732788086,3.857142819923804,3.8571427017217,3.857142701720412,3.8571427017217,3.8571429999993816,2.6293690000009082,0.6171759366989136,2.629369090415283,2.62936914976393,2.629369149764577,2.62936914976393,2.6293690000002328,10.333329999991962,1.9079214334487915,10.333329324603383,10.333328881272681,10.333328881267853,10.333328881272681,10.33332999999796
0.1572265625,3.8571429999974844,2.19225811958313,3.857141767180659,3.857142556738018,3.857142556739003,3.857142556738018,3.8571429999993603,2.6293690000009406,0.6152059435844421,2.6293696189920848,2.6293692225594563,2.629369222558962,2.6293692225594563,2.6293690000002408,10.333329999991676,1.909217357635498,10.333325376168798,10.333328337494777,10.33332833749847,10.333328337494777,10.33332999999789
0.1591796875,3.857142999997399,2.227734088897705,3.857141767180659,3.857142030366445,3.857142030368662,3.857142030366445,3.857142999999339,2.629369000000973,0.6174895763397217,2.6293696189920848,2.629369486847857,2.6293694868467443,2.629369486847857,2.629369000000249,10.333329999991392,1.899383306503296,10.333325376168798,10.333326363277486,10.3333263632858,10.333326363277486,10.333329999997819
0.1611328125,3.857142999997314,2.2558398246765137,3.857141767180659,3.857141503994873,3.8571415039983217,3.857141503994873,3.8571429999993176,2.6293690000010055,0.6306016445159912,2.6293696189920848,2.6293697511363305,2.629369751134599,2.6293697511363305,2.629369000000257,10.333329999991104,1.8874056339263916,10.333325376168798,10.333324389060081,10.333324389073018,10.333324389060081,10.333329999997751
0.1630859375,3.8571429999972286,2.2742576599121094,3.857141767180659,3.8571409776233,3.857140977616649,3.8571409776233,3.8571429999992963,2.629369000001038,0.6425544023513794,2.6293696189920848,2.6293700154248754,2.6293700154282145,2.6293700154248754,2.629369000000265,10.333329999990816,1.8724924325942993,10.333325376168798,10.333322414842577,10.333322414817633,10.333322414842577,10.333329999997678
0.1650390625,3.8571429999971434,2.281320333480835,3.857135622477502,3.8571402310048697,3.8571402310096534,3.8571402310048697,3.857142999999275,2.62936900000107,0.6536964178085327,2.629372704219495,2.629370390298016,2.6293703902956143,2.629370390298016,2.629369000000273,10.333329999990532,1.8541046380996704,10.333302329768836,10.333319614570183,10.333319614588124,10.333319614570183,10.333329999997607
0.1669921875,3.857142999997058,2.2761189937591553,3.857135622477502,3.857137158653291,3.857137158663752,3.857137158653291,3.8571429999992537,2.6293690000011023,0.6643351912498474,2.629372704219495,2.629371932911721,2.629371932906469,2.629371932911721,2.629369000000281,10.333329999990246,1.8319814205169678,10.333302329768836,10.333308091370206,10.333308091409435,10.333308091370206,10.333329999997538
0.1689453125,3.857142999996973,2.2584567070007324,3.857135622477502,3.8571340863017127,3.8571340863178505,3.8571340863017127,3.8571429999992324,2.629369000001134,0.6746905446052551,2.629372704219495,2.629373475527884,2.629373475519781,2.629373475527884,2.6293690000002896,10.333329999989969,1.8061773777008057,10.333302329768836,10.33329656816655,10.333296568227075,10.33329656816655,10.333329999997472
0.1708984375,3.8571429999968876,2.2115683555603027,3.857135622477502,3.8571310139501342,3.857131013918752,3.8571310139501342,3.857142999999211,2.629369000001166,0.6848689317703247,2.629372704219495,2.629375018146504,2.6293750181622606,2.629375018146504,2.6293690000002976,10.333329999989687,1.7771044969558716,10.333302329768836,10.33328504495923,10.33328504484153,10.33328504495923,10.333329999997407
0.1728515625,3.8571429999968023,2.151418447494507,3.857103651065279,3.857127629624446,3.8571276296462633,3.857127629624446,3.8571429999991897,2.6293690000011978,0.6948627233505249,2.6293887570344037,2.6293767173982734,2.629376717387321,2.6293767173982734,2.6293690000003056,10.333329999989395,1.7455477714538574,10.33318241786796,10.333272351830889,10.33327235191269,10.333272351830889,10.333329999997341
0.1748046875,3.857142999996717,2.085242509841919,3.857103651065279,3.857111643918335,3.8571116439648145,3.857111643918335,3.8571429999991684,2.6293690000012298,0.7045692205429077,2.6293887570344037,2.6293847438057276,2.629384743782392,2.6293847438057276,2.6293690000003136,10.333329999989108,1.7126238346099854,10.33318241786796,10.333212395880452,10.333212396054751,10.333212395880452,10.333329999997275
0.1767578125,3.857142999996632,2.0153627395629883,3.857103651065279,3.857095658212223,3.8570956582833653,3.857095658212223,3.857142999999147,2.629369000001261,0.7138205170631409,2.6293887570344037,2.629392770279712,2.629392770243993,2.629392770279712,2.6293690000003216,10.333329999988829,1.6796597242355347,10.33318241786796,10.333152439830618,10.333152440097416,10.333152439830618,10.33332999999721
0.1787109375,3.8571429999965465,1.943821668624878,3.857103651065279,3.857079672506112,3.8570796723666727,3.857079672506112,3.857142999999123,2.629369000001293,0.7224125862121582,2.6293887570344037,2.629400796820229,2.6294007968902373,2.629400796820229,2.629369000000331,10.33332999998855,1.6480026245117188,10.33318241786796,10.333092483681387,10.333092483158483,10.333092483681387,10.333329999997131
0.1806640625,3.8571429999964613,1.8724761009216309,3.8569525575576122,3.8570658776883624,3.857065877784187,3.8570658776883624,3.8571429999989677,2.629369000001325,0.7301337718963623,2.6294646234977637,2.6294077230930064,2.629407723044924,2.6294077230930064,2.6293690000004064,10.333329999988262,1.6188292503356934,10.332615737336546,10.333040748567598,10.333040748926534,10.333040748567598,10.333329999996563
0.1826171875,3.857142999996376,1.8031045198440552,3.8569525575576122,3.856990330934529,3.856990331134039,3.856990330934529,3.8571429999982367,2.6293690000013568,0.7368027567863464,2.6294646234977637,2.629445656324676,2.6294456562245285,2.629445656324676,2.629369000000772,10.333329999987978,1.5930345058441162,10.332615737336546,10.332757408301907,10.332757409049723,10.332757408301907,10.333329999993829
0.1845703125,3.8571429999962907,1.7374458312988281,3.8569525575576122,3.8569147841806957,3.8569147844838914,3.8569147841806957,3.8571429999951676,2.6293690000013887,0.7423154711723328,2.6294646234977637,2.629483591042368,2.6294835908901515,2.629483591042368,2.6293690000023133,10.333329999987692,1.5712405443191528,10.332615737336546,10.332474065816152,10.332474066952855,10.332474065816152,10.333329999982324
0.1865234375,3.8571429999962055,1.677167534828186,3.8569525575576122,3.856839237426862,3.8568392368283315,3.856839237426862,3.857142999982826,2.6293690000014207,0.7466797828674316,2.6294646234977637,2.629521527246171,2.6295215275466366,2.629521527246171,2.6293690000085106,10.33332999998741,1.5538814067840576,10.332615737336546,10.332190721110209,10.332190718866721,10.332190721110209,10.333329999936034
0.1884765625,3.85714299999612,1.6237701177597046,3.8562914725839024,3.8567872863141845,3.856787286685732,3.8567872863141845,3.857142999934404,2.629369000001452,0.7500177621841431,2.629796613804988,2.6295476104047206,2.6295476102193804,2.6295476104047206,2.6293690000328227,10.333329999987125,1.5412665605545044,10.330136515522907,10.331995947822483,10.331995949212487,10.331995947822483,10.33332999975442
0.1904296875,3.857142999996035,1.5784742832183838,3.8562914725839024,3.85645674382733,3.8564567445876516,3.85645674382733,3.857142999747599,2.6293690000014838,0.7525301575660706,2.629796613804988,2.629713605557418,2.6297136051767906,2.629713605557418,2.629369000126613,10.333329999986837,1.5335884094238281,10.330136515522907,10.330756336917032,10.330756339765102,10.330756336917032,10.333329999053792
0.1923828125,3.8571429999959497,1.5421316623687744,3.8562914725839024,3.8561262013404747,3.85612620248957,3.8561262013404747,3.8571429990367467,2.6293690000015153,0.744853675365448,2.629796613804988,2.6298796291679247,2.6298796285919432,2.6298796291679247,2.629369000483526,10.333329999986557,1.5388928651809692,10.330136515522907,10.329516683499362,10.329516687805599,10.329516683499362,10.33332999638766
0.1943359375,3.8571429999958644,1.512830138206482,3.8562914725839024,3.85579565885362,3.855795656572656,3.85579565885362,3.8571429963626533,2.6293690000015477,0.7362475991249084,2.629796613804988,2.630045681243558,2.6300456823858323,2.630045681243558,2.6293690018261726,10.333329999986269,1.5679136514663696,10.330136515522907,10.328276987558551,10.328276979013754,10.328276987558551,10.33332998635817
0.1962890625,3.857142999995779,1.4921711683273315,3.853555260890408,3.8556074196605286,3.855607420318519,3.8556074196605286,3.857142986401392,2.6293690000015797,0.7349362373352051,2.631171577146316,2.6301401716832156,2.6301401713571217,2.6301401716832156,2.629369006827668,10.333329999985985,1.5974241495132446,10.319878216657441,10.32757221405149,10.327572216495836,10.32757221405149,10.333329948997307
0.1982421875,3.857142999995694,1.479097604751587,3.853555260890408,3.854239313813782,3.854239315139667,3.854239313813782,3.8571429496030483,2.629369000001609,0.7316431999206543,2.631171577146316,2.6308276532889368,2.6308276526268695,2.6308276532889368,2.6293690253039186,10.333329999985711,1.6262402534484863,10.319878216657441,10.322443064715749,10.322443069664613,10.322443064715749,10.333329810980851
0.2001953125,3.8571429999956086,1.4717297554016113,3.853555260890408,3.852871207967034,3.8528712099608144,3.852871207967034,3.85714281461758,2.629369000001641,0.7262329459190369,2.631171577146316,2.6315156231267087,2.631515622128191,2.6315156231267087,2.6293690930793985,10.333329999985427,1.6532115936279297,10.319878216657441,10.317313186209407,10.317313193663505,10.317313186209407,10.333329304702197
0.2021484375,3.8571429999955233,1.4682625532150269,3.853555260890408,3.8515031021202875,3.8515030981426315,3.8515031021202875,3.8571423223604975,2.6293690000016734,0.7188528776168823,2.631171577146316,2.63220408171681,2.6322040837058447,2.63220408171681,2.6293693402390623,10.333329999985143,1.6772526502609253,10.319878216657441,10.312182577755435,10.312182562904617,10.312182577755435,10.333327458435082
0.2041015625,3.857142999995438,1.4672291278839111,3.843026892247974,3.8495227293168965,3.8495227367678755,3.8495227293168965,3.85714053597651,2.629369000001705,0.7097718715667725,2.63646386975592,2.6332040975012023,2.6332040937996863,2.6332040975012023,2.629370237173318,10.333329999984858,1.6973954439163208,10.280405000438941,10.304684007381534,10.304684035084215,10.304684007381534,10.333320758396756
0.2060546875,3.857142999995353,1.4676703214645386,3.843026892247974,3.845192171270948,3.845192183470861,3.845192171270948,3.857134079456949,2.629369000001737,0.6993687152862549,2.63646386975592,2.6353760552568435,2.6353760491624763,2.6353760552568435,2.629373478963392,10.333329999984572,1.7128511667251587,10.280405000438941,10.288499819750356,10.288499865217151,10.288499819750356,10.33329654249659
0.2080078125,3.8571429999952676,1.4690684080123901,3.843026892247974,3.8408616132249995,3.8408616301738467,3.8408616132249995,3.8571108217913705,2.6293690000017693,0.6881090402603149,2.63646386975592,2.637552910762043,2.6375529022640367,2.637552910762043,2.629385156595308,10.333329999984286,1.723096489906311,10.280405000438941,10.272308360032993,10.27230842327992,10.272308360032993,10.333209312249608
0.2099609375,3.8571429999951823,1.4710949659347534,3.843026892247974,3.836531055179051,3.8365310185793113,3.836531055179051,3.857027271349218,2.6293690000018017,0.6848592758178711,2.63646386975592,2.6397346806020865,2.6397346989680437,2.6397346806020865,2.6294271079012574,10.333329999983999,1.7279573678970337,10.280405000438941,10.256109603603925,10.256109467080831,10.256109603603925,10.33289595080503
0.2119140625,3.8571429999938163,1.4733667373657227,3.81891079652282,3.828578174024258,3.8285837126100355,3.828578174024258,3.8567277226561485,2.6293690000024803,0.6830587387084961,2.6486483781620254,2.643770193369968,2.6437674023711275,2.643770193369968,2.6295775188087966,10.3333299999789,1.7276791334152222,10.190254740666305,10.226326079279142,10.226346760847548,10.226326079279142,10.331772482339451
0.2138671875,3.857142999772816,1.4753398895263672,3.81891079652282,3.822133255689966,3.8221386850858177,3.822133255689966,3.855817113035176,2.6293690001134418,0.6820969581604004,2.6486483781620254,2.647019574683765,2.647016830070597,2.647019574683765,2.630034801768144,10.33332999915002,1.722953200340271,10.190254740666305,10.202282566011153,10.202302848753202,10.202282566011153,10.328357385059796
0.2158203125,3.8571429678938385,1.4763394594192505,3.81891079652282,3.815688337355674,3.8156821389070057,3.815688337355674,3.853866857262328,2.629369016119699,0.6816962957382202,2.6486483781620254,2.650279932783585,2.6502830767156107,2.650279932783585,2.631014485400582,10.333329879584237,1.7248972654342651,10.190254740666305,10.178222855847014,10.178199684832686,10.178222855847014,10.321044423209088
0.2177734375,3.8571384025550643,1.4756505489349365,3.81891079652282,3.809243419021382,3.8092386494884214,3.809243419021382,3.850455900669524,2.6293713083541252,0.6816039085388184,2.6486483781620254,2.653551323384814,2.6535537514235825,2.653551323384814,2.6327289160117497,10.333312756760344,1.736514687538147,10.190254740666305,10.15414686657539,10.154129019599461,10.15414686657539,10.308257922256207
0.2197265625,3.856915812885398,1.4726170301437378,3.7914675455736373,3.7942727881584974,3.794272336487029,3.7942727881584974,3.845259063568861,2.629483072422098,0.6816350221633911,2.6625698133192457,2.661146039070811,2.661146268142918,2.661146039070811,2.635343369459654,10.332477919267696,1.7436470985412598,10.087894493307116,10.098345573008396,10.098343890529902,10.098345573008396,10.288785808952746
0.2216796875,3.855179389923064,1.4667162895202637,3.7914675455736373,3.7924026264352575,3.7924024758781014,3.7924026264352575,3.8381169131831445,2.6303551308172826,0.681684136390686,2.6625698133192457,2.6620949878660567,2.662095064298747,2.6620949878660567,2.6389411725127117,10.325966045524147,1.745929479598999,10.087894493307116,10.091378528300854,10.0913779673647,10.091378528300854,10.262042379885955
0.2236328125,3.8495808923210815,1.4576104879379272,3.7914675455736373,3.790532464712017,3.790532615269173,3.790532464712017,3.8290543985273118,2.6331689624524133,0.6817022562026978,2.6625698133192457,2.6630448730404153,2.6630447965322923,2.6630448730404153,2.643514130463227,10.304978911926813,1.7432302236557007,10.087894493307116,10.084410116216166,10.084410677262476,10.084410116216166,10.228137274800629
0.2255859375,3.8391167078244623,1.4451760053634644,3.7914675455736373,3.788662302988777,3.7886627546602454,3.788662302988777,3.8182582269722434,2.6384371116448806,0.6816471815109253,2.6625698133192457,2.663995695980536,2.663995466229533,2.663995695980536,2.6489732360428877,10.265784550548897,1.735674262046814,10.087894493307116,10.077440334729426,10.077442018199301,10.077440334729426,10.187788286699016
0.2275390625,3.8250817543731084,1.4295108318328857,3.787727222127157,3.787727222127157,3.787727222127157,3.787727222127157,3.8060390906753234,2.645520946596828,0.6814424991607666,2.664471459546833,2.664471459546833,2.664471459546833,2.664471459546833,2.655166795690117,10.213282410913834,1.723665475845337,10.073954929826417,10.073954929826417,10.073954929826417,10.073954929826417,10.14217613053281
0.2294921875,3.80923992239783,1.4109348058700562,3.787727222127157,3.787727222127157,3.787727222127157,3.787727222127157,3.7927364496459646,2.6535417109356043,0.680976390838623,2.664471459546833,2.664471459546833,2.664471459546833,2.664471459546833,2.6619274749668658,10.154113253077439,1.7078704833984375,10.073954929826417,10.073954929826417,10.073954929826417,10.073954929826417,10.092585361740516
0.2314453125,3.792643500980596,1.389983892440796,3.787727222127157,3.787727222127157,3.787727222127157,3.787727222127157,3.778362704170692,2.6619731558328117,0.6801356077194214,2.664471459546833,2.664471459546833,2.664471459546833,2.664471459546833,2.6692539917231266,10.092231002589074,1.6904637813568115,10.073954929826417,10.073954929826417,10.073954929826417,10.073954929826417,10.039079423163045
0.2333984375,3.77574179229397,1.3674006462097168,3.787727222127157,3.787727222127157,3.787727222127157,3.787727222127157,3.761865424071901,2.6705900675010015,0.678864598274231,2.664471459546833,2.664471459546833,2.664471459546833,2.664471459546833,2.6776894364433814,10.029321589487381,1.7039233446121216,10.073954929826417,10.073954929826417,10.073954929826417,10.073954929826417,9.977761114364899
0.2353515625,3.7587113570975985,1.3440885543823242,3.800673256959836,3.7909637308353266,3.7909723697450546,3.7909637308353266,3.741325907277239,2.679303868016693,0.6772127151489258,2.657897608449773,2.6628237874881027,2.6628176571425284,2.6628237874881027,2.688237768241569,9.966046845681662,1.7199329137802124,10.122239947201406,10.086032338214121,10.086059286017413,10.086032338214121,9.901595435403372
0.2373046875,3.741628854700031,1.321005940437317,3.800673256959836,3.797436748251666,3.7973849246469933,3.797436748251666,3.719597855320462,2.688076093874104,0.6753625869750977,2.657897608449773,2.659536869114615,2.6595614068018008,2.659536869114615,2.699436674194085,9.902693735985473,1.7369319200515747,10.122239947201406,10.110174836411582,10.109976321927668,10.110174836411582,9.821189903364797
0.2392578125,3.724504980340441,1.2990273237228394,3.800673256959836,3.8039097656680054,3.8037974795489315,3.8039097656680054,3.713970871292077,2.6969017824683075,0.6736324429512024,2.657897608449773,2.6562611372735065,2.656316135428381,2.6562611372735065,2.702345355288286,9.839303220270192,1.7531278133392334,10.122239947201406,10.134300979712496,10.133877306419414,10.134300979712496,9.80037864671736
0.2412109375,3.706668206527874,1.278839111328125,3.800673256959836,3.810382783084345,3.810538253898364,3.810382783084345,3.719847856324302,2.706129784443505,0.6724541187286377,2.657897608449773,2.6529965349542666,2.6529234428395627,2.6529965349542666,2.699308032326313,9.773398332847698,1.7667332887649536,10.122239947201406,10.15841085146717,10.159005659499137,10.15841085146717,9.82211196685182
0.2431640625,3.7130058714328875,1.2609117031097412,3.8679374579068093,3.835272069872781,3.8352556134668454,3.8349121906871244,3.767034465196704,2.702880107463963,0.6723241806030273,2.62254805822347,2.63790879834464,2.637917735230977,2.6381042533793377,2.6749533113004884,9.79690946587371,1.7762471437454224,10.3741772696857,10.250870752505946,10.250808283967086,10.249504622676586,9.996542044410663
0.2451171875,4.082233916106647,1.2455461025238037,3.8679374579068093,3.8570489952288,3.8570246869031655,3.856517405252947,3.914073186386302,2.519145753191986,0.6737290024757385,2.62254805822347,2.627639395982136,2.6276519204811444,2.627913325745848,2.600987594109009,11.188376258583062,1.7807016372680664,10.3741772696857,10.333115430450711,10.333023477206766,10.331104483007318,10.549367896096882
0.2470703125,4.081017527768212,1.2329497337341309,3.8679374579068093,3.8788259205848186,3.8788302191168196,3.8789199236254603,4.051976135968256,2.5188056616178582,0.6770573854446411,2.62254805822347,2.6174853048056854,2.6174829855961486,2.617434588024592,2.5338356940401203,11.183696925576877,1.7798107862472534,10.3741772696857,10.415199228648012,10.415215479722495,10.415554615610175,11.072974232970058
0.2490234375,4.079975892878107,1.2232983112335205,3.8679374579068093,3.9006028459408375,3.900639312140407,3.9014003120617056,4.075375366140037,2.5194809907681934,0.6825176477432251,2.62254805822347,2.607444593480679,2.607425971494212,2.60703743543312,2.5219256182416956,11.180037963772158,1.7739784717559814,10.3741772696857,10.497124841655372,10.497262245097305,10.500129544362364,11.162774846386075
0.2509765625,4.077292280959523,1.2167543172836304,3.974888659807987,3.974888659807987,3.974888659807987,3.974888659807987,4.074603916164396,2.5215726869500705,0.6857494115829468,2.5773018759565813,2.5773018759565813,2.5773018759565813,2.5773018759565813,2.5222962072060455,11.170531624700155,1.7641836404800415,10.77823179991484,10.77823179991484,10.77823179991484,10.77823179991484,11.159818029991312
0.2529296875,4.073529924541883,1.2134402990341187,3.974888659807987,3.974888659807987,3.974888659807987,3.974888659807987,4.0715277703125725,2.5239521275145558,0.6792542934417725,2.5773018759565813,2.5773018759565813,2.5773018759565813,2.5773018759565813,2.5237732082605877,11.155170359412068,1.7517718076705933,10.77823179991484,10.77823179991484,10.77823179991484,10.77823179991484,11.148035098180385
0.2548828125,4.064859071069691,1.2133864164352417,3.974888659807987,3.974888659807987,3.974888659807987,3.974888659807987,4.0666670741774835,2.5250957598854686,0.6737146377563477,2.5773018759565813,2.5773018759565813,2.5773018759565813,2.5773018759565813,2.5261117351864573,11.121024428000943,1.7233264446258545,10.77823179991484,10.77823179991484,10.77823179991484,10.77823179991484,11.129427473730138
0.2568359375,4.060920680683964,1.216477394104004,3.974888659807987,3.974888659807987,3.974888659807987,3.974888659807987,4.060770952761588,2.529633313447645,0.6692236661911011,2.5773018759565813,2.5773018759565813,2.5773018759565813,2.5773018759565813,2.5289610233288293,11.106992294362374,1.6856410503387451,10.77823179991484,10.77823179991484,10.77823179991484,10.77823179991484,11.106842578887328
0.2587890625,4.05420588423587,1.2224211692810059,3.9998363242547503,3.9998363242547503,3.9998363242547503,3.9998363242547503,4.054009244196084,2.5336395040791824,0.6657928824424744,2.5584516617354915,2.5584516617354915,2.5584516617354915,2.5584516617354915,2.53224093749864,11.08283773076796,1.6540758609771729,10.873226651217761,10.873226651217761,10.873226651217761,10.873226651217761,11.080917777328635
0.2607421875,4.04247021536599,1.2307417392730713,3.9998363242547503,3.9998363242547503,3.9998363242547503,3.9998363242547503,4.046385395476359,2.5353530790555925,0.6633859276771545,2.5584516617354915,2.5584516617354915,2.5584516617354915,2.5584516617354915,2.535943551531184,11.035474030769887,1.6291457414627075,10.873226651217761,10.873226651217761,10.873226651217761,10.873226651217761,11.051678916881853
0.2626953125,4.0382665114222265,1.2407941818237305,3.9998363242547503,3.9998363242547503,3.9998363242547503,3.9998363242547503,4.0379768542645635,2.5413433382448773,0.6619465351104736,2.5584516617354915,2.5584516617354915,2.5584516617354915,2.5584516617354915,2.5400267794238873,11.017751105164189,1.6108859777450562,10.873226651217761,10.873226651217761,10.873226651217761,10.873226651217761,11.019444740102697
0.2646484375,4.02790993319651,1.2517908811569214,3.9998363242547503,3.9998363242547503,3.9998363242547503,3.9998363242547503,4.028948561169693,2.545928064787173,0.6614077091217041,2.5584516617354915,2.5584516617354915,2.5584516617354915,2.5584516617354915,2.544412052956288,10.983342144603935,1.5989598035812378,10.873226651217761,10.873226651217761,10.873226651217761,10.873226651217761,10.984861760417308
0.2666015625,4.01458484635079,1.2628390789031982,3.9940366695114555,3.9983864105689264,3.998385661578763,3.9983864105689264,4.019473122731825,2.5486416186568697,0.6616787910461426,2.560408549817248,2.55881781478505,2.558818088398802,2.55881781478505,2.5490194213621113,10.930570375913671,1.5927577018737793,10.851167044054945,10.868213811608465,10.868210876641221,10.868213811608465,10.948598620709465
0.2685546875,4.009868283999401,1.2730047702789307,3.9940366695114555,3.9954865831972795,3.9954863335338917,3.9954865831972795,4.009672588475529,2.5555807627251594,0.6626236438751221,2.560408549817248,2.5598779199675312,2.55987801130454,2.5598779199675312,2.553792284848887,10.909163544888628,1.5914713144302368,10.851167044054945,10.856849749417103,10.85684877094001,10.856849749417103,10.911130227409107
0.2705078125,3.997543705125635,1.281396508216858,3.9940366695114555,3.9925867558256316,3.9925870054890193,3.9925867558256316,3.9996111008855406,2.560240704439936,0.6640427112579346,2.560408549817248,2.560939565064967,2.560939473595245,2.560939565064967,2.5587010598406916,10.867248561373623,1.5941619873046875,10.851167044054945,10.845483888528845,10.845484867160952,10.845483888528845,10.872711326448727
0.2724609375,3.983941876087237,1.2872674465179443,3.9940366695114555,3.9896869284539846,3.989687677444148,3.9896869284539846,3.9893150859085744,2.5637595008091485,0.6656701564788818,2.560408549817248,2.5620027534351295,2.562002478626954,2.5620027534351295,2.5637341808676224,10.814137596750841,1.5998135805130005,10.851167044054945,10.834116225021653,10.834119161384042,10.834116225021653,10.833450545851301
0.2744140625,3.978115447942219,1.2901116609573364,3.969192975523529,3.981689709512857,3.981689735654371,3.981689709512857,3.978794347648689,2.571208512338149,0.6671885848045349,2.5717852475724565,2.565842732738793,2.5658427205573187,2.565842732738793,2.568887212963681,10.789570406559015,1.6073877811431885,10.756779076584417,10.804069871879735,10.804069970037277,10.804069871879735,10.793389525935467
0.2763671875,3.9648133122564198,1.2897311449050903,3.969192975523529,3.973358553519972,3.9733585906506765,3.973358553519972,3.968054490716706,2.5758860092467,0.6682546734809875,2.5717852475724565,2.569800255963711,2.5698002384995506,2.569800255963711,2.5741561819353365,10.741769159099867,1.6158900260925293,10.756779076584417,10.772548917679325,10.77254905750782,10.772548917679325,10.752552411643247
0.2783203125,3.9512302356948226,1.2862564325332642,3.969192975523529,3.9650273975270864,3.96502743550417,3.9650273975270864,3.957102723252691,2.580195431342292,0.6685360670089722,2.5717852475724565,2.5737744099656834,2.57377439197273,2.5737744099656834,2.579535857590488,10.689721937890454,1.6244250535964966,10.756779076584417,10.741002966592708,10.741003109907275,10.741002966592708,10.710970566535636
0.2802734375,3.9442447052957554,1.280117154121399,3.969192975523529,3.956696241534201,3.9566961402848992,3.956696241534201,3.945950310924259,2.5878611746796656,0.6677510738372803,2.5717852475724565,2.577765299797201,2.5777653478159905,2.577765299797201,2.5850206359630783,10.66214756195237,1.632246494293213,10.756779076584417,10.709431860720754,10.709431478852533,10.709431860720754,10.668692775257645
0.2822265625,3.930289175669961,1.2719871997833252,3.9273874215683717,3.9444364213629473,3.9444365797454135,3.9444364213629473,3.934612660365109,2.5925293250501786,0.6657124757766724,2.592347106517328,2.583965207350784,2.5839651303782984,2.583965207350784,2.59060544195373,10.610381467633715,1.6387708187103271,10.598570784970494,10.662856478753119,10.662857073438067,10.662856478753119,10.625784974670115
0.2841796875,3.9170252245588815,1.2627084255218506,3.9273874215683717,3.933070421499897,3.933070615371111,3.933070421499897,3.923107459602523,2.5975233539539637,0.6623662710189819,2.592347106517328,2.589545065973128,2.5895449710808296,2.589545065973128,2.5962855462100864,10.560158034995553,1.6435558795928955,10.598570784970494,10.620011648268116,10.620012377485386,10.620011648268116,10.582321872561726
0.2861328125,3.909016586905874,1.2532150745391846,3.9273874215683717,3.9217044216368464,3.9217043266647065,3.9217044216368464,3.91145220223147,2.6052237628149664,0.6578196287155151,2.592347106517328,2.5951572680183923,2.595157314750158,2.5951572680183923,2.602055684789435,10.529592359577665,1.6462467908859253,10.598570784970494,10.577117551680526,10.577117194132375,10.577117551680526,10.53837562041958
0.2880859375,3.894580668630163,1.2444509267807007,3.9273874215683717,3.910338421773796,3.910338164492256,3.910338421773796,3.8996626629458193,2.609925500584255,0.6523460149765015,2.592347106517328,2.6008020955199704,2.6008022228429772,2.6008020955199704,2.607909399594631,10.475458182354068,1.6465404033660889,10.598570784970494,10.534173759391846,10.534172789712978,10.534173759391846,10.49400789955409
0.2900390625,3.8817696655544625,1.2372796535491943,3.8782649766191253,3.897122541792169,3.897122801734865,3.897122541792169,3.8877529427858626,2.6154885554485263,0.6463623046875,2.6167693620958157,2.6072701407139904,2.6072700119420134,2.6072701407139904,2.613839134450594,10.42720736178013,1.6441831588745117,10.413499438567825,10.484303383440603,10.484304356417496,10.484303383440603,10.44926890819181
0.2919921875,3.872895865950169,1.2323904037475586,3.8782649766191253,3.8845508316768065,3.884551136594037,3.8845508316768065,3.8757365338834138,2.623108800431928,0.6403778791427612,2.6167693620958157,2.613592707412456,2.613592555108843,2.613592707412456,2.61983695998705,10.393775915615603,1.6390126943588257,10.413499438567825,10.437116357463978,10.437117500632318,10.437116357463978,10.404202201437831
0.2939453125,3.858158175691245,1.2302119731903076,3.8782649766191253,3.871979121561444,3.8719788705253735,3.871979121561444,3.863627372296835,2.6278934294652254,0.6349271535873413,2.6167693620958157,2.6199563308796807,2.6199564570710523,2.6199563308796807,2.625895409762842,10.338508150290238,1.631029486656189,10.413499438567825,10.38986681440602,10.389865872027523,10.38986681440602,10.358851469492208
0.2958984375,3.8457702964135443,1.2308555841445923,3.8782649766191253,3.8594074114460817,3.8594070976222254,3.8594074114460817,3.8514401402311473,2.6339116584956646,0.630506157875061,2.6167693620958157,2.62636141233306,2.62636157093493,2.62636141233306,2.632007931232668,10.292071194106997,1.6204464435577393,10.413499438567825,10.34255414333359,10.342552963937742,10.34255414333359,10.313265324215678
0.2978515625,3.8361701170120095,1.234110713005066,3.8268137406454734,3.846908457187242,3.8469090129542622,3.846908457187242,3.839189720871944,2.641388717836439,0.6366833448410034,2.643298577518961,2.633084417506563,2.63308413058396,2.633084417506563,2.6381687287134556,10.256107683734975,1.6076934337615967,10.22050447775163,10.295537163791018,10.295539234613294,10.295537163791018,10.267498079658306
0.2998046875,3.821361731320947,1.2395095825195312,3.8268137406454734,3.8335119794927297,3.833512626204624,3.8335119794927297,3.8268902792569555,2.6462797539204814,0.647901713848114,2.643298577518961,2.6398819594809013,2.6398816242623218,2.6398819594809013,2.644372096008481,10.200728760812797,1.5933696031570435,10.22050447775163,10.245533179458025,10.245535592990729,10.245533179458025,10.221606915626525
0.3017578125,3.809370588010496,1.2464462518692017,3.8268137406454734,3.820115501798217,3.8201148998188876,3.820115501798217,3.8145547125726984,2.652617252165464,0.6590207815170288,2.643298577518961,2.6467271770396,2.646727491271395,2.6467271770396,2.650611572105235,10.155946147047247,1.5781649351119995,10.22050447775163,10.195457844797716,10.195455594935508,10.195457844797716,10.175647699823612
0.3037109375,3.7992056067815385,1.2543305158615112,3.8268137406454734,3.806719024103705,3.80671842360412,3.806719024103705,3.802195078898926,2.6599032063915677,0.6697193384170532,2.643298577518961,2.6536205735176037,2.6536208899520415,2.6536205735176037,2.6568793311944523,10.11802331731796,1.5529251098632812,10.22050447775163,10.145310406529067,10.145308159151528,10.145310406529067,10.129672432065034
0.3056640625,3.7845359115110027,1.26272451877594,3.771093155063028,3.791706456638374,3.7917096162009805,3.791706456638374,3.7898241174022615,2.6649056878965407,0.679783821105957,2.671586134318251,2.660631020992057,2.6606293154622565,2.660631020992057,2.663166085871669,10.063369035434569,1.5190001726150513,10.012839401293569,10.089366481022246,10.08937824488107,10.089366481022246,10.083730450859685
0.3076171875,3.7729035559772086,1.27143132686615,3.771093155063028,3.777964255588143,3.7779654814529344,3.777964255588143,3.7774573368277142,2.671445162526463,0.6891394853591919,2.671586134318251,2.6679211469403983,2.667920480808599,2.6679211469403983,2.6694614775864194,10.02009148727238,1.4885821342468262,10.012839401293569,10.038368615965505,10.038373187013228,10.038368615965505,10.03787348807375
0.3095703125,3.7623395051700825,1.2805129289627075,3.771093155063028,3.7642220545379126,3.764219621176,3.7642220545379126,3.7651146566992537,2.6785108830780135,0.6978456974029541,2.671586134318251,2.675264501617019,2.6752658312925486,2.675264501617019,2.6757546603905085,9.980831170414827,1.4627408981323242,10.012839401293569,9.987289851122888,9.987280765784604,9.987289851122888,9.992162132655388
0.3115234375,3.7479889663621098,1.2902430295944214,3.771093155063028,3.7504798534876818,3.750477901422196,3.7504798534876818,3.752820794778888,2.683592802588783,0.7060623168945312,2.671586134318251,2.682661670130958,2.6826627494555644,2.682661670130958,2.6820346342227257,9.927571233791486,1.4520717859268188,10.012839401293569,9.936129297215283,9.936121990292325,9.936129297215283,9.946670563988015
0.3134765625,3.736734494608479,1.301012635231018,3.7168761322436286,3.7318769537792793,3.731877621826987,3.7318769537792793,3.740604212571035,2.6902009936057247,0.714002788066864,2.7020654524047,2.6933474316016044,2.693347063777553,2.6933474316016044,2.688290088824124,9.885858917763317,1.4445185661315918,9.811796500601796,9.867458129289986,9.867460623937596,9.867458129289986,9.901487154910303
0.3154296875,3.7260012174371733,1.3132176399230957,3.7168761322436286,3.7218764060888456,3.7218760422927244,3.7218764060888456,3.7284954534236805,2.6970013161380795,0.7218883037567139,2.7020654524047,2.699151637134494,2.699151842540051,2.699151637134494,2.6945087675506327,9.846122017149648,1.4381742477416992,9.811796500601796,9.83036296599083,9.830361609588596,9.83036296599083,9.856711580941024
0.3173828125,3.7121678168350973,1.3271493911743164,3.7168761322436286,3.7118758583984115,3.7118756357158422,3.7118758583984115,3.7165258925879483,2.7020965640214625,0.729917049407959,2.7020654524047,2.7049871180852327,2.704987242052228,2.7049871180852327,2.70067678945475,9.794977662522248,1.4331928491592407,9.811796500601796,9.793217378217614,9.793216544532001,9.793217378217614,9.8124502225984
0.3193359375,3.701374641158987,1.3429137468338013,3.7168761322436286,3.701875310707978,3.7018752291389605,3.701875310707978,3.7047275701261144,2.708634141834245,0.7382432818412781,2.7020654524047,2.710854127923709,2.710854169567943,2.710854127923709,2.706778405084486,9.755125103801635,1.4296103715896606,9.811796500601796,9.756020957307985,9.756020647764707,9.756020957307985,9.76881231458549
0.3212890625,3.6907398149834014,1.3603850603103638,3.6910887735395566,3.6910887735395566,3.6910887735395566,3.6910887735395566,3.6931306402684,2.7150976313050688,0.746963620185852,2.717935408583272,2.717935408583272,2.717935408583272,2.717935408583272,2.7127982766376815,9.715897667291788,1.4273697137832642,9.716189571802317,9.716189571802317,9.716189571802317,9.716189571802317,9.725895326065894
0.3232421875,3.6776527849289633,1.3792004585266113,3.6910887735395566,3.6910887735395566,3.6910887735395566,3.6910887735395566,3.68175595675504,2.7200878732411646,0.7561013698577881,2.717935408583272,2.717935408583272,2.717935408583272,2.717935408583272,2.7187266447700034,9.667689181519219,1.4263609647750854,9.716189571802317,9.716189571802317,9.716189571802317,9.716189571802317,9.68375546698807
0.3251953125,3.667516927318352,1.3987915515899658,3.6910887735395566,3.6910887735395566,3.6910887735395566,3.6910887735395566,3.6706095640107357,2.726377609656204,0.7655884027481079,2.717935408583272,2.717935408583272,2.717935408583272,2.717935408583272,2.724563263322759,9.630399571713319,1.4264562129974365,9.716189571802317,9.716189571802317,9.716189571802317,9.716189571802317,9.642390460283607
0.3271484375,3.657362044812487,1.418446660041809,3.6910887735395566,3.6910887735395566,3.6910887735395566,3.6910887735395566,3.6596963365115665,2.732370116950144,0.7752512693405151,2.717935408583272,2.717935408583272,2.717935408583272,2.717935408583272,2.730311071320302,9.59307993044927,1.4275375604629517,9.716189571802317,9.716189571802317,9.716189571802317,9.716189571802317,9.601784215155604
0.3291015625,3.6453857063802,1.4373894929885864,3.6940901393254113,3.69183911498602,3.6918907071180658,3.69183911498602,3.6490164373533096,2.737050277379708,0.7848091125488281,2.716235919731098,2.7175102773129773,2.717481052398813,2.7175102773129773,2.73596733305787,9.549119057581624,1.4295082092285156,9.727289320036038,9.718964908885736,9.719155726281176,9.718964908885736,9.561977834359443
0.3310546875,3.6363178110959016,1.454859733581543,3.6940901393254113,3.6933397978789477,3.693356995256296,3.6933397978789477,3.6385883432036903,2.7428179293088055,0.7938976287841797,2.716235919731098,2.716660532992151,2.716650799178258,2.716660532992151,2.741539248702188,9.51587004546781,1.4322935342788696,9.727289320036038,9.724514782840059,9.724578376556806,9.724514782840059,9.522934791040292
0.3330078125,3.627278831174187,1.47018301486969,3.6940901393254113,3.694840480771875,3.6948232833945265,3.694840480771875,3.628212275157645,2.7480544110581997,0.8021169900894165,2.716235919731098,2.7158114789294143,2.7158212049285684,2.7158114789294143,2.7470962041708566,9.482760164238915,1.435829758644104,9.727289320036038,9.73006359092773,9.730000009278164,9.73006359092773,9.484175025270606
0.3349609375,3.6171470582290004,1.4828166961669922,3.6940901393254113,3.6963411636648025,3.696289571532757,3.6963411636648025,3.6177575114723526,2.752011818587687,0.8090983629226685,2.716235919731098,2.71496311428405,2.7149922688655197,2.71496311428405,2.7526879160393283,9.445687517653939,1.440043330192566,9.727289320036038,9.735611334446958,9.735420625656218,9.735611334446958,9.44539371942676
0.3369140625,3.610106958697674,1.480873942375183,3.7312189723811144,3.703372347589337,3.703329187024683,3.703326894873347,3.609188030968104,2.7567048813637065,0.8145725727081299,2.6958736447461993,2.711107073667729,2.7111299721458995,2.711131188242629,2.7574198234233083,9.41994830417941,1.4448282718658447,9.864705389776201,9.76170120630217,9.761522181925315,9.761512674359665,9.412764966193055
0.3388671875,3.6034388182518313,1.4631154537200928,3.7312189723811144,3.7219367641171885,3.721816651935086,3.7218102730727876,3.607447635044564,2.760547279166424,0.818416953086853,2.6958736447461993,2.700926127096325,2.7009907858093016,2.7009942197910752,2.758390065586168,9.395586254386787,1.4500222206115723,9.864705389776201,9.830408952531915,9.829945786685329,9.829921188913389,9.406090747393565
0.3408203125,3.596695615708265,1.4440186023712158,3.7312189723811144,3.7405011806450403,3.740304116845489,3.7402936512722285,3.608867418786144,2.7629232112558033,0.8206719160079956,2.6958736447461993,2.690846238283586,2.6909518308152696,2.690957438885824,2.757631722889448,9.370968874035423,1.4553910493850708,9.864705389776201,9.898963916518731,9.898217858669899,9.898178236907695,9.411322074366247
0.3427734375,3.5961194953893263,1.4246201515197754,3.7312189723811144,3.7590655971728917,3.7594259337192,3.759445070306094,3.6215025492436537,2.7642199075797214,0.8215246200561523,2.6958736447461993,2.6808659099864256,2.680675797132177,2.6806657017256286,2.7509221210742067,9.368855075844396,1.4606292247772217,9.864705389776201,9.96736836184099,9.968752058931889,9.96882554215828,9.457839625303155
0.3447265625,3.6466356311436363,1.406103253364563,3.8676394790776323,3.8163655273239523,3.8163304692847655,3.8161376793613098,3.701674715443525,2.737684465127102,0.8212728500366211,2.623522693172288,2.6494427241146234,2.6494622718320544,2.6495697743634135,2.708756840162427,9.553404578935378,1.4653817415237427,10.37440325715208,10.180364063129668,10.180231735176221,10.179504031572005,9.750360154325456
0.3466796875,4.054192700033615,1.3896455764770508,3.8676394790776323,3.8505481618264055,3.8505198587228713,3.8503642153015476,3.910840315012852,2.52179046159912,0.8202831745147705,2.623522693172288,2.632086003156407,2.6321012977213623,2.632185409067663,2.603140510610882,11.083067581082092,1.4692952632904053,10.37440325715208,10.309837987962084,10.309731469933359,10.309145703335753,10.536184698145874
0.3486328125,4.077103757142201,1.3762929439544678,3.8676394790776323,3.884730796328859,3.884767338492898,3.884968289863007,4.05682414243692,2.525300812044518,0.818947434425354,2.623522693172288,2.6150347337106794,2.615015365803255,2.6149088650058454,2.5267974436528235,11.170742008882076,1.472092866897583,10.37440325715208,10.43885607854854,10.438993109408353,10.43974665422813,11.137457084349455
0.3505859375,4.082265231287685,1.3668875694274902,3.8676394790776323,3.9189134308313123,3.9189402498099946,3.9190877317846646,4.0815062502043045,2.5212576453853077,0.8176397085189819,2.623522693172288,2.5982809228955412,2.5982666040855165,2.5981878660962052,2.518914161606827,11.190662137876114,1.4736440181732178,10.37440325715208,10.567430262900993,10.567530281072141,10.56808029170208,11.187656241997754
0.3525390625,4.074214749909196,1.36207115650177,4.004680048400742,4.004680048400742,4.004680048400742,4.004680048400742,4.08060193849644,2.5150686442935926,0.816672682762146,2.5591935198051226,2.5591935198051226,2.5591935198051226,2.5591935198051226,2.5193837228713662,11.159566848474295,1.4740246534347534,10.897438004376395,10.897438004376395,10.897438004376395,10.897438004376395,11.183940524133432
0.3544921875,4.087971668785933,1.3848464488983154,4.004680048400742,4.004680048400742,4.004680048400742,4.004680048400742,4.07845281660472,2.5223976738231824,0.816256046295166,2.5591935198051226,2.5591935198051226,2.5591935198051226,2.5591935198051226,2.5205244117752996,11.21231274054276,1.4735177755355835,10.897438004376395,10.897438004376395,10.897438004376395,10.897438004376395,11.174466203946764
0.3564453125,4.075820212965819,1.4073430299758911,4.004680048400742,4.004680048400742,4.004680048400742,4.004680048400742,4.07571385948966,2.5193003116909933,0.81646728515625,2.5591935198051226,2.5591935198051226,2.5591935198051226,2.5591935198051226,2.5218644137763526,11.165694190243885,1.4725760221481323,10.897438004376395,10.897438004376395,10.897438004376395,10.897438004376395,11.16273588698389
0.3583984375,4.0703411605279305,1.4280321598052979,4.004680048400742,4.004680048400742,4.004680048400742,4.004680048400742,4.07227208600084,2.5209098140062864,0.8172396421432495,2.5591935198051226,2.5591935198051226,2.5591935198051226,2.5591935198051226,2.5234412795807186,11.14446843060702,1.4717453718185425,10.897438004376395,10.897438004376395,10.897438004376395,10.897438004376395,11.149026175988254
0.3603515625,4.073832482269918,1.4466452598571777,4.014171639939738,4.014171639939738,4.014171639939738,4.014171639939738,4.067758454918433,2.5282056493831027,0.818375825881958,2.545281322114306,2.545281322114306,2.545281322114306,2.545281322114306,2.5255548308925975,11.157849417324677,1.4693386554718018,10.93191021046107,10.93191021046107,10.93191021046107,10.93191021046107,11.131617933398985
0.3623046875,4.056441855977272,1.463024616241455,4.014171639939738,4.014171639939738,4.014171639939738,4.014171639939738,4.061849385565669,2.526566722368486,0.8195796012878418,2.545281322114306,2.545281322114306,2.545281322114306,2.545281322114306,2.528406274239015,11.091070888210242,1.4573378562927246,10.93191021046107,10.93191021046107,10.93191021046107,10.93191021046107,11.108974539353502
0.3642578125,4.053272185710376,1.4770554304122925,4.014171639939738,4.014171639939738,4.014171639939738,4.014171639939738,4.054442940159619,2.532704848386127,0.8232319355010986,2.545281322114306,2.545281322114306,2.545281322114306,2.545281322114306,2.5319965305158654,11.078774189485731,1.4536863565444946,10.93191021046107,10.93191021046107,10.93191021046107,10.93191021046107,11.080836881998174
0.3662109375,4.047778487570095,1.4990246295928955,4.014171639939738,4.014171639939738,4.014171639939738,4.014171639939738,4.045717048317513,2.5385805840511537,0.8306690454483032,2.545281322114306,2.545281322114306,2.545281322114306,2.545281322114306,2.536197769638809,11.057741298888647,1.4788376092910767,10.93191021046107,10.93191021046107,10.93191021046107,10.93191021046107,11.04807730753689
0.3681640625,4.0296346612283465,1.5242273807525635,4.005026609329016,4.0118853822870575,4.011885383371302,4.0118853822870575,4.035999043130332,2.5390544340282357,0.8368514776229858,2.5497434053073897,2.546394935803286,2.5463949355553117,2.546394935803286,2.540848562178834,10.988177364821986,1.4842209815979004,10.897040953638873,10.923195888240588,10.923195892425424,10.923195888240588,11.011919642260933
0.3701171875,4.027085268317413,1.5522570610046387,4.005026609329016,4.007312866981696,4.007312869236696,4.007312866981696,4.0256004908323515,2.5477715161859273,0.841707706451416,2.5497434053073897,2.548625975223735,2.548625974402983,2.548625975223735,2.5458153300726987,10.978356283475451,1.4907084703445435,10.897040953638873,10.905761263243468,10.905761271894212,10.905761263243468,10.973323064448707
0.3720703125,4.0144377258548,1.5847724676132202,4.005026609329016,4.002740351676335,4.00274035510209,4.002740351676335,4.014747210699671,2.5522194435253835,0.8452863693237305,2.5497434053073897,2.550862111883075,2.550862110486927,2.550862111883075,2.5510179365394587,10.930108154557285,1.49773108959198,10.897040953638873,10.888318641398607,10.888318654519363,10.888318641398607,10.932851746145227
0.3740234375,3.998383048548385,1.6204545497894287,4.005026609329016,3.998167836370974,3.998167829605974,3.998167836370974,4.003582508074466,2.5554693859687596,0.8477555513381958,2.5497434053073897,2.55310336326972,2.553103365745185,2.55310336326972,2.556426372960599,10.868718946298538,1.5045361518859863,10.897040953638873,10.87086799526914,10.870867969299212,10.87086799526914,10.890831607825735
0.3759765625,3.99404612599647,1.6575437784194946,3.972609198419317,3.9872122935982963,3.987212329576308,3.9872122935982963,3.992180973311553,2.5649001137714333,0.8493819236755371,2.5657731837972038,2.5582376910402966,2.558237671836827,2.5582376910402966,2.5620387140370866,10.8521970322841,1.510269045829773,10.773170916481405,10.828944381757927,10.828944518305061,10.828944381757927,10.847491690000453
0.3779296875,3.976830499202989,1.6940652132034302,3.972609198419317,3.97747689681231,3.977476944826467,3.97747689681231,3.9805538339801823,2.5684205375620417,0.8504873514175415,2.5657731837972038,2.5632552048423594,2.5632551793280243,2.5632552048423594,2.56785425300316,10.786628442720863,1.5140892267227173,10.773170916481405,10.791772121857557,10.791772304540478,10.791772121857557,10.802974890922512
0.3798828125,3.9639113828793398,1.7281115055084229,3.972609198419317,3.9677415000263236,3.967741513062458,3.9677415000263236,3.968655942963124,2.574369366781148,0.8513973951339722,2.5657731837972038,2.5682973409580185,2.5682973340976445,2.5682973409580185,2.5738539147360466,10.737442677945849,1.5153038501739502,10.773170916481405,10.754559611501781,10.75455966126186,10.754559611501781,10.757278992248798
0.3818359375,3.956001818587378,1.758090615272522,3.972609198419317,3.9580061032403373,3.958006006212034,3.9580061032403373,3.956401850432176,2.5831083921462934,0.8523919582366943,2.5657731837972038,2.5733642810757207,2.573364333214813,2.5733642810757207,2.5799942733019474,10.707474167894517,1.5134772062301636,10.773170916481405,10.717306553681857,10.717306183760206,10.717306553681857,10.71023134053826
0.3837890625,3.9373332667636673,1.7828689813613892,3.927143435041125,3.9449982102417307,3.9449983862988467,3.9449982102417307,3.943692490255875,2.5867742202054917,0.8536789417266846,2.5902295251832923,2.5803133168806145,2.5803132207202553,2.5803133168806145,2.5862164148617977,10.636532359814856,1.5085023641586304,10.599077016333498,10.667235812845604,10.667236480246432,10.667235812845604,10.661556653896998
0.3857421875,3.926632757947077,1.801796793937683,3.927143435041125,3.93309502677466,3.933095235833751,3.93309502677466,3.9304544841045916,2.5946148081292177,0.8553892374038696,2.5902295251832923,2.586914118890441,2.5869140037872604,2.586914118890441,2.5924672860439384,10.595933497277445,1.500605583190918,10.599077016333498,10.62181382980904,10.621814624242292,10.62181382980904,10.611037928961496
0.3876953125,3.914971619478396,1.8146443367004395,3.927143435041125,3.92119184330759,3.9211916829262474,3.92119184330759,3.9166890070585456,2.6022192943625875,0.8575928211212158,2.5902295251832923,2.5935549957349067,2.5935550845567534,2.5935549957349067,2.5987269774264616,10.551917851688433,1.4902936220169067,10.599077016333498,10.576322883706151,10.576322273393544,10.576322883706151,10.558719436081441
0.3896484375,3.896912744732891,1.8215028047561646,3.927143435041125,3.909288659840519,3.9092884351056543,3.909288659840519,3.90251260339837,2.6067890077641724,0.860322117805481,2.5902295251832923,2.600236313479157,2.600236438565323,2.600236313479157,2.6050305555798006,10.483564649740975,1.47826087474823,10.599077016333498,10.530762344591107,10.530761488544863,10.530762344591107,10.505062178402785
0.3916015625,3.8869636555827434,1.8226830959320068,3.877383730682752,3.896580806945997,3.89658096658826,3.896580806945997,3.8881623768233067,2.615567534202585,0.8635936975479126,2.6189812425854564,2.607815175444276,2.607815089368309,2.607815175444276,2.611471348632881,10.445913435488613,1.4652800559997559,10.409077714607113,10.48194910510156,10.48194970576138,10.48194910510156,10.450954860228157
0.3935546875,3.872326786396708,1.8186382055282593,3.877383730682752,3.883782756103834,3.8837829427638844,3.883782756103834,3.87394732223755,2.6221906735815157,0.8674213886260986,2.6189812425854564,2.6152469551957536,2.6152468527898374,2.6152469551957536,2.6181779145029447,10.390950728482844,1.4521087408065796,10.409077714607113,10.433389734964868,10.433390439227384,10.433389734964868,10.397528790291547
0.3955078125,3.8558203343615496,1.8099052906036377,3.877383730682752,3.8709847052616704,3.87098455965402,3.8709847052616704,3.8601537504171777,2.6279663381410856,0.8718138933181763,2.6189812425854564,2.6227278760843564,2.6227279564190358,2.6227278760843564,2.625268421352615,10.328881574315783,1.4394232034683228,10.409077714607113,10.38474399484939,10.38474344461572,10.38474399484939,10.345812716086972
0.3974609375,3.845382022888086,1.7970554828643799,3.877383730682752,3.8581866544195074,3.8581864537248447,3.8581866544195074,3.846938398716204,2.6368847385311884,0.8767622709274292,2.6189812425854564,2.6302584271305727,2.630258537917973,2.6302584271305727,2.6327978170838917,10.28958241615862,1.4277772903442383,10.409077714607113,10.336011025257527,10.336010266083548,10.336011025257527,10.296346997169543
0.3994140625,3.829068873636535,1.7806566953659058,3.8247590283038204,3.846107143880159,3.8461079662001842,3.846107143880159,3.8342518955106777,2.64294961086032,0.8822115659713745,2.650130514056866,2.638415126253568,2.638414640992104,2.638415126253568,2.640718340534511,10.228489546200404,1.4175881147384644,10.209818450135096,10.289682875803344,10.28968596420546,10.289682875803344,10.248908393738994
0.4013671875,3.8142444815557415,1.7612636089324951,3.8247590283038204,3.8318750668292667,3.8318760328513575,3.8318750668292667,3.8218248394961902,2.6498221339832124,0.8867244720458984,2.650130514056866,2.646210880636521,2.646210312893288,2.646210880636521,2.648870206169742,10.173080201095917,1.4091325998306274,10.209818450135096,10.236463343095494,10.236466975160017,10.236463343095494,10.202463678442683
0.4033203125,3.802642314402649,1.7394274473190308,3.8247590283038204,3.817642989778374,3.8176421216233374,3.817642989778374,3.809227017565715,2.6583708159696817,0.8874678611755371,2.650130514056866,2.6540647597720213,2.6540652739438064,2.6540647597720213,2.6570091714018105,10.129768630587673,1.4025554656982422,10.209818450135096,10.183149964835573,10.183146694460731,10.183149964835573,10.155394025504988
0.4052734375,3.7858564609533873,1.7157258987426758,3.8247590283038204,3.803410912727482,3.8034099925404026,3.803410912727482,3.795987001629907,2.6642995642667833,0.8871206045150757,2.650130514056866,2.6619774161554024,2.6619779700538686,2.6619774161554024,2.664865673269878,10.067183375160848,1.3978822231292725,10.209818450135096,10.129741687534636,10.129738212215749,10.129741687534636,10.105944726168865
0.4072265625,3.772432684208307,1.690788984298706,3.7635271142756146,3.7846935393258856,3.7846945073107774,3.7846935393258856,3.7817404330549382,2.6719247293368595,0.8855868577957153,2.681891956750659,2.6685159502489695,2.668515452878184,2.6685159502489695,2.672219787493379,10.017186503757273,1.3950371742248535,9.98256414588545,10.065018063465468,10.06502163381709,10.065018063465468,10.05278021223006
0.4091796875,3.759692936516796,1.6652888059616089,3.7635271142756146,3.7705825892923714,3.7705831597066712,3.7705825892923714,3.7663636573770827,2.6798709956279847,0.8828508853912354,2.681891956750659,2.677416601887047,2.677416300918474,2.677416601887047,2.6789696701210453,9.969830526245467,1.393870234489441,9.98256414588545,10.010078824235357,10.010080941687088,10.010078824235357,9.995478312127986
0.4111328125,3.7433373075314247,1.6398929357528687,3.7635271142756146,3.7564716392588577,3.7564707940242403,3.7564716392588577,3.750048190626388,2.685893259213425,0.8789647817611694,2.681891956750659,2.6863841230040344,2.6863845760923923,2.6863841230040344,2.6851705828092105,9.909152544253367,1.394186019897461,9.98256414588545,9.95501920269856,9.955016052990409,9.95501920269856,9.934795151201712
0.4130859375,3.7309029434668792,1.6151970624923706,3.7635271142756146,3.7423606892253436,3.74235999606077,3.7423606892253436,3.7332854196323497,2.693825265768562,0.8740381002426147,2.681891956750659,2.6954192700143635,2.6954196291151695,2.6954192700143635,2.691028421024049,9.863084996136747,1.3957719802856445,9.98256414588545,9.899837837114024,9.899835276577148,9.899837837114024,9.87258978272026
0.4150390625,3.717473855147617,1.5916692018508911,3.7118714280357077,3.727362367151143,3.7273625489900617,3.727362367151143,3.7167586404630497,2.701109097718798,0.8682335615158081,2.71700784524489,2.7073637538313253,2.7073636654446727,2.7073637538313253,2.6968458061152814,9.813402899591626,1.3984228372573853,9.788689721562381,9.852658805592538,9.852659465726186,9.852658805592538,9.811406423318438
0.4169921875,3.702195788512525,1.5696187019348145,3.7118714280357077,3.7170350744075193,3.7170350298974473,3.7170350744075193,3.7011717108394837,2.7072495275913817,0.8617621660232544,2.71700784524489,2.713784216494134,2.713784240453652,2.713784216494134,2.7029361177377615,9.756973019283945,1.4019455909729004,9.788689721562381,9.810028136007203,9.810027966134435,9.810028136007203,9.753832618054258
0.4189453125,3.690584129648829,1.5492000579833984,3.7118714280357077,3.706707781663896,3.7067077018838535,3.706707781663896,3.6870695208652844,2.715056836937211,0.8548767566680908,2.71700784524489,2.720240455377445,2.720240495049407,2.720240455377445,2.7095315857134072,9.714146673920053,1.4061527252197266,9.788689721562381,9.76733583494621,9.76733554309495,9.76733583494621,9.70184225138179
0.4208984375,3.677147330764616,1.530429720878601,3.7118714280357077,3.6963804889202723,3.6963804313714683,3.6963804889202723,3.6747005520896243,2.721622282535164,0.8478585481643677,2.71700784524489,2.72673277034609,2.7267327962541668,2.72673277034609,2.716716738752491,9.664659067850817,1.4108487367630005,9.788689721562381,9.724581385834242,9.72458118570385,9.724581385834242,9.656305432109662
0.4228515625,3.6633854106454633,1.5132081508636475,3.6809087723266263,3.6809087723266263,3.6809087723266263,3.6809087723266263,3.6639390945886574,2.7276457440251196,0.8410015106201172,2.724551269795585,2.724551269795585,2.724551269795585,2.724551269795585,2.724415909789388,9.614050249384608,1.4158129692077637,9.676462976937849,9.676462976937849,9.676462976937849,9.676462976937849,9.616721272041392
0.4248046875,3.6528687648248,1.4973399639129639,3.6809087723266263,3.6809087723266263,3.6809087723266263,3.6809087723266263,3.6543285194806367,2.7349107157197823,0.8345927000045776,2.724551269795585,2.724551269795585,2.724551269795585,2.724551269795585,2.732411189862877,9.575426028594855,1.4207987785339355,9.676462976937849,9.676462976937849,9.676462976937849,9.676462976937849,9.581389906931262
0.4267578125,3.640420544644294,1.4825446605682373,3.6809087723266263,3.6809087723266263,3.6809087723266263,3.6809087723266263,3.64513580671089,2.7405942248723942,0.8288977146148682,2.724551269795585,2.724551269795585,2.724551269795585,2.724551269795585,2.740410531121386,9.529767276250901,1.4255450963974,9.676462976937849,9.676462976937849,9.676462976937849,9.676462976937849,9.547617172613528
0.4287109375,3.628792054634948,1.4684643745422363,3.6809087723266263,3.6809087723266263,3.6809087723266263,3.6809087723266263,3.6357511761543657,2.7459890387066213,0.8241478204727173,2.724551269795585,2.724551269795585,2.724551269795585,2.724551269795585,2.748089446686683,9.487172792651885,1.4297959804534912,9.676462976937849,9.676462976937849,9.676462976937849,9.676462976937849,9.5131760241252
0.4306640625,3.6202805235312328,1.454676866531372,3.682572051754086,3.682572051754086,3.682572051754086,3.682572051754086,3.6257633512713,2.7521162813134366,0.8205274343490601,2.720860689468619,2.720860689468619,2.720860689468619,2.720860689468619,2.754774600691125,9.456029882872254,1.433328628540039,9.685105789825064,9.685105789825064,9.685105789825064,9.685105789825064,9.476576362525444
0.4326171875,3.6103533091910847,1.4407213926315308,3.682572051754086,3.682572051754086,3.682572051754086,3.682572051754086,3.6164324733633224,2.7563136316441588,0.8181667327880859,2.720860689468619,2.720860689468619,2.720860689468619,2.720860689468619,2.760154011019972,9.419745031447786,1.4359649419784546,9.685105789825064,9.685105789825064,9.685105789825064,9.685105789825064,9.44242738822224
0.4345703125,3.6022903201775796,1.4261425733566284,3.682572051754086,3.682572051754086,3.682572051754086,3.682572051754086,3.609971162133841,2.7600587341538163,0.8129962682723999,2.720860689468619,2.720860689468619,2.720860689468619,2.720860689468619,2.7626652405948118,9.390303693059604,1.437577724456787,9.685105789825064,9.685105789825064,9.685105789825064,9.685105789825064,9.41879899572144
0.4365234375,3.5978662706324425,1.4105421304702759,3.682572051754086,3.682572051754086,3.682572051754086,3.682572051754086,3.6043323220931436,2.764097951722989,0.7981561422348022,2.720860689468619,2.720860689468619,2.720860689468619,2.720860689468619,2.7621222811914095,9.374159462410425,1.4380742311477661,9.685105789825064,9.685105789825064,9.685105789825064,9.685105789825064,9.398195218535735
0.4384765625,3.595597541032257,1.3936386108398438,3.7241400233407536,3.692964044650753,3.6929369009609285,3.692935211031315,3.601681723119569,2.7641500278522346,0.7957919836044312,2.6945499857516615,2.7142274848415315,2.7142498219485294,2.71425121263762,2.759939046693942,9.365880961782594,1.4373834133148193,9.843194078773948,9.72472426679857,9.724578163017604,9.724569066768375,9.388511982143216
0.4404296875,3.5975744602528694,1.3753060102462769,3.7241400233407536,3.7137480304440866,3.71364039781894,3.71363369675649,3.60350282502646,2.7623710253526905,0.7970058917999268,2.6945499857516615,2.7010724437493345,2.701145221294593,2.7011497524661565,2.75695193248446,9.373089411690119,1.4354426860809326,9.843194078773948,9.803767871744038,9.803316584929336,9.803288488159167,9.395159113997352
0.4423828125,3.610808791207285,1.3555967807769775,3.7241400233407536,3.7345320162374205,3.7343438946769507,3.734332182481665,3.61614193261339,2.7571019918869997,0.7991992235183716,2.6945499857516615,2.6880638275296427,2.6881859265182717,2.688193528643838,2.748250559032291,9.421397858777327,1.4322054386138916,9.843194078773948,9.88255726487171,9.88180273719475,9.881755760580194,9.441360345132527
0.4443359375,3.65722430337616,1.3347314596176147,3.7241400233407536,3.7553160020307543,3.755638899906195,3.755659003093544,3.6693151712243273,2.732082383613517,0.80253005027771,2.6945499857516615,2.6751992049949314,2.674985538424758,2.674972237046447,2.7180459585159906,9.591397207463409,1.427657961845398,9.843194078773948,9.961096667025974,9.96244213330709,9.962525897960115,9.63589996058102
0.4462890625,3.901837937604639,1.313069224357605,3.871660096705239,3.8246009904572507,3.824585258892753,3.8242872742240226,3.786864785798893,2.606248556541259,0.8070573806762695,2.615894055325779,2.648080847252625,2.6480883744148875,2.6482309643620536,2.6575805650125552,10.50206253488404,1.4218454360961914,10.397086505256935,10.193479995553153,10.193422340992726,10.192330241561194,10.071695113475457
0.4482421875,4.003671337185834,1.3123153448104858,3.871660096705239,3.8559737279559094,3.855958804590031,3.8556761286846353,3.9287869492710827,2.557271249128913,0.8126966953277588,2.615894055325779,2.626535693899072,2.6265432258659756,2.626685906137683,2.5901626309455907,10.887163395048187,1.4149056673049927,10.397086505256935,10.329394484931127,10.329338338881819,10.328274813260713,10.605383874216717
0.4501953125,4.03583940964516,1.308935523033142,3.871660096705239,3.887346465454568,3.8873636308411283,3.8876887747280287,4.027289730532731,2.541423381547408,0.8192348480224609,2.615894055325779,2.6053382998443286,2.6053297568696405,2.605167951517271,2.538300605519665,11.009800350207126,1.40501868724823,10.397086505256935,10.464604563323203,10.4646689986132,10.465889499689009,10.978963814386201
0.4521484375,4.056149475228766,1.3012663125991821,3.871660096705239,3.918719202953227,3.918732692497043,3.9189882091842683,4.073800595015148,2.5308860759935006,0.8263833522796631,2.615894055325779,2.5844803127462432,2.584474353811986,2.5843614884217914,2.5250235167351014,11.087430389904444,1.3689104318618774,10.397086505256935,10.599127148987472,10.599175586777482,10.600093076798755,11.155433619409173
0.4541015625,4.069710700137767,1.2889314889907837,3.9751219233300246,3.946166727008422,3.94551459671301,3.945241992779207,4.088938182368836,2.5250916696384778,0.8338364362716675,2.5404594475515156,2.559100196191827,2.5593881957404276,2.559508613719054,2.526719611991327,11.139348978932945,1.3350011110305786,10.858243035052414,10.726855890944238,10.72452759547334,10.723554281067488,11.213978440322492
0.4560546875,4.076874671584273,1.2718932628631592,3.9751219233300246,3.9654701912228236,3.965770151026339,3.96589554042014,4.089715873823273,2.521386235527202,0.841296911239624,2.5404594475515156,2.546642783406933,2.5464949255301748,2.5464331245125345,2.5259841876239184,11.166802192337203,1.303936243057251,10.858243035052414,10.81450841108844,10.815657056073595,10.816137203126322,11.21697779887134
0.4580078125,4.080285458578839,1.250472068786621,3.9751219233300246,3.9847736554372255,3.984991032202363,3.985081900180297,4.087959064847771,2.5195420402580453,0.8484688997268677,2.5404594475515156,2.53430606566908,2.534212369312749,2.534173205329978,2.524834988250915,11.179875943496006,1.2762956619262695,10.858243035052414,10.901917160162135,10.902689500067657,10.903012349954372,11.210226143725459
0.4599609375,4.080670771461781,1.225306749343872,3.9751219233300246,4.004077119651627,4.004211913378387,4.004268259940454,4.083386223689008,2.519841544228784,0.8550313711166382,2.5404594475515156,2.5220882973831285,2.522047729708479,2.522030772391998,2.523316611193324,11.181347498511098,1.252657413482666,10.858243035052414,10.989085663791323,10.989483780483216,10.98965020070266,11.192552520269208
0.4619140625,4.07851595341339,1.1972626447677612,4.026087810420452,4.026087810420452,4.026087810420452,4.026087810420452,4.0762956726577855,2.520572171134706,0.855730414390564,2.54039752518214,2.54039752518214,2.54039752518214,2.54039752518214,2.521633506997085,11.173076822292135,1.233595609664917,10.999132130584783,10.999132130584783,10.999132130584783,10.999132130584783,11.165162119333734
0.4638671875,4.074507794824559,1.1673152446746826,4.026087810420452,4.026087810420452,4.026087810420452,4.026087810420452,4.068714556384012,2.522553452737867,0.8537025451660156,2.54039752518214,2.54039752518214,2.54039752518214,2.54039752518214,2.5211243259811664,11.157702952279482,1.2195624113082886,10.999132130584783,10.999132130584783,10.999132130584783,10.999132130584783,11.135958143533548
0.4658203125,4.068767440951037,1.1390554904937744,4.026087810420452,4.026087810420452,4.026087810420452,4.026087810420452,4.060593500587228,2.525357601107488,0.8514144420623779,2.54039752518214,2.54039752518214,2.54039752518214,2.54039752518214,2.521740641151337,11.135697998542906,1.2106777429580688,10.999132130584783,10.999132130584783,10.999132130584783,10.999132130584783,11.104817604208788
0.4677734375,4.0613994576711825,1.129880428314209,4.026087810420452,4.026087810420452,4.026087810420452,4.026087810420452,4.0522998834289865,2.5287801246413055,0.8491441011428833,2.54039752518214,2.54039752518214,2.54039752518214,2.54039752518214,2.524184048905492,11.107473705312685,1.206532597541809,10.999132130584783,10.999132130584783,10.999132130584783,10.999132130584783,11.073112861532245
0.4697265625,4.052969881666696,1.1217050552368164,4.020429829667549,4.024673315232226,4.024673043622911,4.024673315232226,4.044889405515956,2.532965893867229,0.8470360040664673,2.5465487707559373,2.5428801885690486,2.5428804231334308,2.5428801885690486,2.528663263938458,11.075209763508024,1.2061270475387573,10.960750766297037,10.98566863448445,10.985667040279425,10.98566863448445,11.04481413194525
0.4716796875,4.043230681665534,1.1141654253005981,4.020429829667549,4.021844324855775,4.021844234319336,4.021844324855775,4.038275536070975,2.5376408366184258,0.8451219797134399,2.5465487707559373,2.545325049859112,2.5453251281572706,2.545325049859112,2.5347665294265225,11.037966229729594,1.2079998254776,10.960750766297037,10.969059128892681,10.96905859718317,10.969059128892681,11.019538520949247
0.4736328125,4.032481694101223,1.1069823503494263,4.020429829667549,4.019015334479323,4.019015425015762,4.019015334479323,4.031799303617369,2.542828212216235,0.8433494567871094,2.5465487707559373,2.547773353031571,2.547773274623149,2.547773353031571,2.541917986594308,10.996904371890242,1.210502028465271,10.960750766297037,10.952439993780299,10.9524405257983,10.952439993780299,10.994758405314
0.4755859375,4.020838227142533,1.100019931793213,4.020429829667549,4.016186344102872,4.016186615712187,4.016186344102872,4.024493497515156,2.5484905512896407,0.8415881395339966,2.5465487707559373,2.55022510535978,2.5502248698030234,2.55022510535978,2.549484195578008,10.952474996422623,1.2121124267578125,10.960750766297037,10.935811208798283,10.935812805779722,10.935811208798283,10.966812519980286
0.4775390625,4.008340423733983,1.0932791233062744,3.994607358886337,3.994607358886337,3.994607358886337,3.994607358886337,4.0154016442030915,2.554573133859563,0.8396154642105103,2.5657029921448897,2.5657029921448897,2.5657029921448897,2.5657029921448897,2.556894745741835,10.904842722862288,1.2116857767105103,10.841411106887842,10.841411106887842,10.841411106887842,10.841411106887842,10.932105393627351
0.4794921875,3.995099930268261,1.0868207216262817,3.994607358886337,3.994607358886337,3.994607358886337,3.994607358886337,4.003882628380226,2.561044304655704,0.8371057510375977,2.5657029921448897,2.5657029921448897,2.5657029921448897,2.5657029921448897,2.5637647561434154,10.854445392542164,1.2085773944854736,10.841411106887842,10.841411106887842,10.841411106887842,10.841411106887842,10.888246438277319
0.4814453125,3.9811514412369293,1.0806697607040405,3.994607358886337,3.994607358886337,3.994607358886337,3.994607358886337,3.989813941283544,2.5678181090843557,0.8336526155471802,2.5657029921448897,2.5657029921448897,2.5657029921448897,2.5657029921448897,2.569978843327123,10.801425697012299,1.2026548385620117,10.841411106887842,10.841411106887842,10.841411106887842,10.841411106887842,10.834808862547565
0.4833984375,3.966713304240138,1.0747525691986084,3.994607358886337,3.994607358886337,3.994607358886337,3.994607358886337,3.9736102049809543,2.574909960920138,0.8288310766220093,2.5657029921448897,2.5657029921448897,2.5657029921448897,2.5657029921448897,2.5756905327632835,10.746623763524472,1.1942143440246582,10.841411106887842,10.841411106887842,10.841411106887842,10.841411106887842,10.773389124077514
0.4853515625,3.951842067472185,1.0689045190811157,3.949696873556684,3.968456024066177,3.9684563307285714,3.968456024066177,3.9560566865285303,2.582278999118115,0.8222823143005371,2.5932200069928473,2.582198269610759,2.582198098771185,2.582198269610759,2.581237156521743,10.690261611666536,1.1838514804840088,10.657026776552774,10.734483798516555,10.734485052709232,10.734483798516555,10.706962824053221
0.4873046875,3.9364380829856263,1.062934398651123,3.949696873556684,3.955949923726515,3.9559503115682375,3.955949923726515,3.9380562519918834,2.5898186593155144,0.8137868642807007,2.5932200069928473,2.5895344800479543,2.5895342603284135,2.5895344800479543,2.5870164227379444,10.63196816603094,1.1723084449768066,10.657026776552774,10.682867175911586,10.682868767427024,10.682867175911586,10.638918533334584
0.4892578125,3.9207290430116872,1.0567052364349365,3.949696873556684,3.943443823386853,3.943443814961726,3.943443823386853,3.920399863189954,2.5975895064249226,0.8032941818237305,2.5932200069928473,2.5969172220894783,2.596917226101993,2.5969172220894783,2.5933757718955834,10.572614732218229,1.1603330373764038,10.657026776552774,10.631164849472487,10.631164815831397,10.631164849472487,10.572197429337391
0.4912109375,3.904766515097024,1.0501891374588013,3.949696873556684,3.9309377230471916,3.9309370369682024,3.9309377230471916,3.9036146778617695,2.605572077541961,0.7909102439880371,2.5932200069928473,2.6043469398499055,2.6043473325858586,2.6043469398499055,2.600539226050416,10.5124015441375,1.1485716104507446,10.657026776552774,10.579376001210662,10.579373177987026,10.579376001210662,10.508743235197096
0.4931640625,3.8884275138867532,1.043473720550537,3.8945585561690432,3.9170064969245906,3.917006586564986,3.9170064969245906,3.887894560172256,2.613664920951864,0.7768640518188477,2.623905353734161,2.6121710980484876,2.6121710526629713,2.6121710980484876,2.608573079568393,10.450870237891614,1.1375218629837036,10.431658476866074,10.521582617354555,10.521582963681064,10.521582617354555,10.449268243375757
0.4951171875,3.871902807451942,1.0367205142974854,3.8945585561690432,3.902041203087559,3.902041310915263,3.902041203087559,3.8731044775928045,2.621923535940024,0.7614800930023193,2.623905353734161,2.619978933913941,2.6199788786497447,2.619978933913941,2.6173857736911432,10.388744943572489,1.1275317668914795,10.431658476866074,10.461657115213967,10.461657534982235,10.461657115213967,10.393287971463634
0.4970703125,3.8552841333992687,1.0300956964492798,3.8945585561690432,3.8870759092505276,3.887075860942368,3.8870759092505276,3.8588505873842225,2.6303535940768548,0.7451715469360352,2.623905353734161,2.627846890322797,2.627846915222874,2.627846890322797,2.6267582641252183,10.326373221086856,1.1188147068023682,10.431658476866074,10.40163572944445,10.401635541609208,10.40163572944445,10.339385323612497
0.4990234375,3.838417948782113,1.0236905813217163,3.8945585561690432,3.872110615413496,3.872110466253556,3.872110615413496,3.8445995213603177,2.6388370419014437,0.7284401059150696,2.623905353734161,2.6357756643534893,2.6357757418477354,2.6357756643534893,2.636397920245245,10.263182205707313,1.1114505529403687,10.431658476866074,10.341517348306056,10.341516767297605,10.341517348306056,10.285644319497614
0.5009765625,3.8213556369625055,1.0174589157104492,3.8299745228604323,3.8564761828370115,3.8564765082184134,3.8564802208564952,3.829817509086601,2.6473582058987195,0.7118678092956543,2.656265624508278,2.643789773550777,2.643789599456084,2.643787613018305,2.646002967827811,10.199369209320105,1.113593339920044,10.176797720377204,10.27670281375727,10.276704125900247,10.276719097594608,10.230151583730935
0.5029296875,3.804243188521921,1.011183500289917,3.8299745228604323,3.838808409519292,3.838808796894094,3.8388132168837847,3.8140966120282385,2.65594728774004,0.6960779428482056,2.656265624508278,2.6520878678586777,2.652087663008684,2.6520853256503307,2.655322470301967,10.135483175311249,1.126850962638855,10.176797720377204,10.21012603448623,10.210127582655844,10.210145247439266,10.171450701056104
0.5048828125,3.787205205793305,1.008846402168274,3.8299745228604323,3.8211406362015725,3.8211402734743536,3.8211361347163337,3.797244191163337,2.66461851641371,0.6816644668579102,2.656265624508278,2.6604626978134234,2.6604628914158432,2.660465100443648,2.664200178697103,10.071989338590928,1.1412361860275269,10.176797720377204,10.143442543821276,10.143441091272777,10.143424517528368,10.108862805302088
0.5068359375,3.7703320039428525,1.0187716484069824,3.8299745228604323,3.803472862883853,3.803472512854868,3.8034685189851154,3.7793231562126826,2.673364956586763,0.6691043376922607,2.656265624508278,2.6689153327651014,2.668915524594534,2.668917713392252,2.6725957585849387,10.009222139555087,1.156722068786621,10.176797720377204,10.076650854685118,10.076649437323562,10.07663326506621,10.042625607305546
0.5087890625,3.753479467051222,1.013524055480957,3.753216369627288,3.7767980876804508,3.776798611525354,3.7768718697716714,3.760639728928262,2.6820591984401676,0.6586806774139404,2.691055185105933,2.6771061523573003,2.677105943037049,2.6770766707564846,2.680580074574034,9.946644256161512,1.1731624603271484,9.898098199822284,9.997412625566184,9.99741445597176,9.997670432426276,9.97383808680337
0.5107421875,3.7366200242633383,0.9914326667785645,3.753216369627288,3.761076942311676,3.7610771189296877,3.7611018184652423,3.7416807549074855,2.69062674282325,0.6504417657852173,2.691055185105933,2.6863860720639248,2.686386000695095,2.6863760200295914,2.6883052828622853,9.884153369246244,1.190305471420288,9.898098199822284,9.931235601139736,9.931236219508955,9.931322696641432,9.904221910549
0.5126953125,3.720046581674819,0.9685571789741516,3.753216369627288,3.7453557969429,3.7453554110280844,3.745301441919178,3.7230137446794376,2.699144626814339,0.6442098617553711,2.691055185105933,2.6957438967678997,2.695744060994159,2.695767027911009,2.695954889263191,9.822831613809706,1.2078592777252197,9.898098199822284,9.864927932152407,9.864926553643443,9.864733772617768,9.835755707698652
0.5146484375,3.703865914793213,0.9479493498802185,3.753216369627288,3.729634651574125,3.729634337026026,3.72959034835306,3.705169346478719,2.707583998695445,0.63962721824646,2.691055185105933,2.705180611623994,2.7051807345000483,2.7051979185770496,2.70368802315596,9.763067771696761,1.2135511636734009,9.898098199822284,9.798487966526459,9.798486887598347,9.798336002294802,9.770259173421856
0.5166015625,3.688013750194976,0.9301056861877441,3.7042053599102296,3.721175639600021,3.721175684208718,3.721175639600021,3.688542842899885,2.7158192015945777,0.6362268924713135,2.722781818621114,2.713260810209524,2.7132607944172658,2.713260810209524,2.711590573292086,9.704619358364326,1.2027418613433838,9.679036145209103,9.749677333997955,9.749677474147617,9.749677333997955,9.709061922954175
0.5185546875,3.6726211833689586,0.91032475233078,3.7042053599102296,3.709862119806827,3.70986210086369,3.709862119806827,3.67331844201069,2.7238094950006815,0.6335093975067139,2.722781818621114,2.719598470792949,2.7195984784840936,2.719598470792949,2.7196575222123367,9.647962729469123,1.1906260251998901,9.679036145209103,9.702598177416089,9.70259811320721,9.702598177416089,9.65275623246602
0.5205078125,3.6578776183658457,0.89321368932724,3.7042053599102296,3.6985486000136323,3.698548584871725,3.6985486000136323,3.6594622097072182,2.731519192448415,0.6310131549835205,2.722781818621114,2.7259749040173245,2.7259749094702013,2.7259749040173245,2.7278020055371406,9.593783719604177,1.1773021221160889,9.679036145209103,9.655459052145462,9.655459004433974,9.655459052145462,9.601203867436741
0.5224609375,3.6439245865832683,0.883651852607727,3.7042053599102296,3.687235080220438,3.6872350696967855,3.687235080220438,3.64666932382902,2.738857067375371,0.6283731460571289,2.722781818621114,2.732390466780189,2.732390469649231,2.732390466780189,2.7359008803882845,9.542589129329954,1.1629860401153564,9.679036145209103,9.608259406181439,9.60825937769771,9.608259406181439,9.553352852420247
0.5244140625,3.6309327064580126,0.8786759376525879,3.6627082112817337,3.6627082112817337,3.6627082112817337,3.6627082112817337,3.634643423338791,2.7457067661044405,0.6253583431243896,2.723703425161883,2.723703425161883,2.723703425161883,2.723703425161883,2.7438389390359097,9.494990606269909,1.1479909420013428,9.594170703230317,9.594170703230317,9.594170703230317,9.594170703230317,9.50817434677169
0.5263671875,3.6191306333477167,0.8779378533363342,3.6627082112817337,3.6627082112817337,3.6627082112817337,3.6627082112817337,3.622947019056271,2.7519226151541583,0.62187659740448,2.723703425161883,2.723703425161883,2.723703425161883,2.723703425161883,2.7514138132807413,9.451810560322446,1.1327005624771118,9.594170703230317,9.594170703230317,9.594170703230317,9.594170703230317,9.464311894918561
0.5283203125,3.6088699170858343,0.8806856274604797,3.6627082112817337,3.6627082112817337,3.6627082112817337,3.6627082112817337,3.611527671543537,2.7573351363034995,0.6194692254066467,2.723703425161883,2.723703425161883,2.723703425161883,2.723703425161883,2.758166826157441,9.414318004086951,1.1175498962402344,9.594170703230317,9.594170703230317,9.594170703230317,9.594170703230317,9.422112465478522
0.5302734375,3.600581228637824,0.885879397392273,3.6627082112817337,3.6627082112817337,3.6627082112817337,3.6627082112817337,3.6061690560072748,2.7617416581496075,0.6383480429649353,2.723703425161883,2.723703425161883,2.723703425161883,2.723703425161883,2.7628831965262277,9.384064265805334,1.1030174493789673,9.594170703230317,9.594170703230317,9.594170703230317,9.594170703230317,9.401263362338236
0.5322265625,3.594384084975168,0.8923566341400146,3.6609740724145543,3.6609740724145543,3.6609740724145543,3.6609740724145543,3.6037235036737165,2.765050801366195,0.6604268550872803,2.719168655653182,2.719168655653182,2.719168655653182,2.719168655653182,2.7630491489809756,9.36146163399243,1.0896083116531372,9.625200944398944,9.625200944398944,9.625200944398944,9.625200944398944,9.390894123704705
0.5341796875,3.5933492118160997,0.8990270495414734,3.6609740724145543,3.6609740724145543,3.6609740724145543,3.6609740724145543,3.603364396659021,2.76556270312095,0.6850714683532715,2.719168655653182,2.719168655653182,2.719168655653182,2.719168655653182,2.7625837185774325,9.35768319796193,1.0778193473815918,9.625200944398944,9.625200944398944,9.625200944398944,9.625200944398944,9.391834895627085
0.5361328125,3.5962119723307175,0.9050471782684326,3.6609740724145543,3.6609740724145543,3.6609740724145543,3.6609740724145543,3.604800084937423,2.7640558765640018,0.7114534378051758,2.719168655653182,2.719168655653182,2.719168655653182,2.719168655653182,2.7609046211322177,9.368127807085928,1.0680828094482422,9.625200944398944,9.625200944398944,9.625200944398944,9.625200944398944,9.398211648633524
0.5380859375,3.606542404481662,0.9099350571632385,3.6609740724145543,3.6609740724145543,3.6609740724145543,3.6609740724145543,3.61114565391729,2.758601245159957,0.738610565662384,2.719168655653182,2.719168655653182,2.719168655653182,2.719168655653182,2.7559021312952874,9.405826103019738,1.0607067346572876,9.625200944398944,9.625200944398944,9.625200944398944,9.625200944398944,9.423221308781411
0.5400390625,3.629476762044151,0.9136053919792175,3.7000576904921503,3.7000576904921503,3.7000576904921503,3.7000576904921503,3.6284690937948425,2.746475975352573,0.7655358910560608,2.6882113243539862,2.6882113243539862,2.6882113243539862,2.6882113243539862,2.745539135609075,9.489665541211142,1.0558326244354248,9.842491671159685,9.842491671159685,9.842491671159685,9.842491671159685,9.488046839387769
0.5419921875,3.6722224651408957,0.9163336753845215,3.7000576904921503,3.7000576904921503,3.7000576904921503,3.7000576904921503,3.661661085769792,2.7240201919068627,0.7912900447845459,2.6882113243539862,2.6882113243539862,2.6882113243539862,2.6882113243539862,2.727498834073735,9.646527679547713,1.053431510925293,9.842491671159685,9.842491671159685,9.842491671159685,9.842491671159685,9.610455140847959
0.5439453125,3.7399586791813433,0.9186676144599915,3.7000576904921503,3.7000576904921503,3.7000576904921503,3.7000576904921503,3.7146573910031244,2.6889245758922007,0.8151216506958008,2.6882113243539862,2.6882113243539862,2.6882113243539862,2.6882113243539862,2.69991191317508,9.896609320242613,1.0533360242843628,9.842491671159685,9.842491671159685,9.842491671159685,9.842491671159685,9.805515805316919
0.5458984375,3.822494966001943,0.9213078022003174,3.7000576904921503,3.7000576904921503,3.7000576904921503,3.7000576904921503,3.7854941655906127,2.646842409570339,0.836555004119873,2.6882113243539862,2.6882113243539862,2.6882113243539862,2.6882113243539862,2.6640064484145993,10.203719651868333,1.0562139749526978,9.842491671159685,9.842491671159685,9.842491671159685,9.842491671159685,10.067078554717451
0.5478515625,3.8954159487822597,0.9249721765518188,3.8344213823837654,3.7921757442419994,3.792156668980461,3.79182932578851,3.8629701863669648,2.6102251395059897,0.8554102182388306,2.611224075520079,2.640313662828628,2.640324042261874,2.640502175977523,2.6255849725316733,10.477195035130869,1.067476749420166,10.415350993113194,10.203844681456305,10.203758709238805,10.202283347770415,10.354358618390233
0.5498046875,3.949940945485741,0.9302754402160645,3.8344213823837654,3.8203395030031766,3.8203210427337315,3.820004253183433,3.9323145419803316,2.5831929999596674,0.8717516660690308,2.611224075520079,2.6208491212622853,2.6208594693469855,2.621037064414365,2.591938185530427,10.683088017877422,1.0789151191711426,10.415350993113194,10.344992035135181,10.344907536349831,10.343457459846858,10.611430622761926
0.5517578125,3.9899735029920853,0.9376547336578369,3.8344213823837654,3.848503261764354,3.8485242398899455,3.848884237396585,3.9841595648311445,2.563562743716252,0.8839304447174072,2.611224075520079,2.6016694668927483,2.6016578645901247,2.6014587816661643,2.566984362730597,10.835041248135703,1.0903122425079346,10.415350993113194,10.485568900297736,10.485664694039494,10.487308541136594,10.805017967490802
0.5537109375,4.019502459063556,0.9473460912704468,3.8344213823837654,3.8766670205255314,3.8766835779309234,3.8769677131665343,4.017887729654223,2.549183192200717,0.8869767189025879,2.611224075520079,2.58276849065364,2.582760020130231,2.582614672025186,2.5501921664176055,10.947475623896288,1.101582646369934,10.415350993113194,10.625587710640898,10.625661233474316,10.626922913071253,10.93646559986106
0.5556640625,4.041185953440149,0.9593464732170105,3.925367760581568,3.8994825510043296,3.8990211719949825,3.8986040615312096,4.042300054531633,2.5386526437055084,0.8883258104324341,2.5426891186698253,2.5595677788165623,2.5597884809315525,2.5599880520072102,2.53900081390488,11.030196922039098,1.11295747756958,10.931815297292925,10.795662931742914,10.79374552075545,10.792012016752107,11.024562848221132
0.5576171875,4.056840514996853,0.9732932448387146,3.925367760581568,3.9167393573891554,3.9169630246163867,3.9171652313466265,4.056883677248618,2.5310891966353193,0.8875980377197266,2.5426891186698253,2.5482905500919735,2.548172303837692,2.5480654147363104,2.5311295985153373,11.09006441892087,1.1249942779541016,10.931815297292925,10.886480658449555,10.887485808653112,10.88839449752002,11.086777697781665
0.5595703125,4.067703139886383,0.9882978796958923,3.925367760581568,3.9339961637739806,3.9341499567770963,3.934288993598354,4.056408792816294,2.52587369844865,0.8839418888092041,2.5426891186698253,2.537112258399632,2.5370402257519507,2.5369751093635253,2.5253553083805396,11.13171513656783,1.1383000612258911,10.931815297292925,10.977100887252439,10.977737446551163,10.978312922020898,11.134707375495188
0.5615234375,4.074702251381226,1.0029243230819702,3.925367760581568,3.9512529701588064,3.9513368889378064,3.951412755850082,4.050310410765661,2.5225282504306223,0.8760229349136353,2.5426891186698253,2.526031607438929,2.5260049889511946,2.5259809254360235,2.5209219697817,11.158340604581522,1.1531274318695068,10.931815297292925,11.067526205824226,11.067795768003323,11.06803946517761,11.161709042206933
0.5634765625,4.078521119707291,1.0154961347579956,3.9724758334623695,3.9724758334623695,3.9724758334623695,3.9724758334623695,4.0369270452717805,2.5207749867427633,0.8624433279037476,2.5395124899410115,2.5395124899410115,2.5395124899410115,2.5395124899410115,2.520854460035897,11.172179725889357,1.1691488027572632,11.066996228482433,11.066996228482433,11.066996228482433,11.066996228482433,11.174698869925848
0.5654296875,4.07818782989277,1.0246633291244507,3.9724758334623695,3.9724758334623695,3.9724758334623695,3.9724758334623695,4.020942700699042,2.5204910711161093,0.8424215316772461,2.5395124899410115,2.5395124899410115,2.5395124899410115,2.5395124899410115,2.5210496571967993,11.174588342479893,1.1855286359786987,11.066996228482433,11.066996228482433,11.066996228482433,11.066996228482433,11.174461345707913
0.5673828125,4.067447947198606,1.0298867225646973,3.9724758334623695,3.9724758334623695,3.9724758334623695,3.9724758334623695,4.005326409860373,2.5212846497302595,0.8162596225738525,2.5395124899410115,2.5395124899410115,2.5395124899410115,2.5395124899410115,2.5217827107834854,11.168350003602317,1.2011528015136719,11.066996228482433,11.066996228482433,11.066996228482433,11.066996228482433,11.170592958024347
0.5693359375,4.030478615019609,1.0315217971801758,3.9724758334623695,3.9724758334623695,3.9724758334623695,3.9724758334623695,3.9941377315665054,2.523123532380561,0.7852668166160583,2.5395124899410115,2.5395124899410115,2.5395124899410115,2.5395124899410115,2.5233295732390517,11.153513200835956,1.2148442268371582,11.066996228482433,11.066996228482433,11.066996228482433,11.066996228482433,11.158821713036392
0.5712890625,3.948584050533079,1.0304938554763794,3.9711570675989676,3.972146141996519,3.972146138898975,3.972146141996519,3.991711134182161,2.525894914597311,0.751244843006134,2.543327466831666,2.541361711184645,2.541361717339388,2.541361711184645,2.5258241554104433,11.131739081555589,1.2255202531814575,11.03699167078361,11.055881120578722,11.0558810614311,11.055881120578722,11.138691581453779
0.5732421875,3.8220435328611524,1.0278348922729492,3.9711570675989676,3.971486759064818,3.9714867580323037,3.971486759064818,3.9930810066406885,2.5295095392433584,0.7159184813499451,2.543327466831666,2.5426721061583533,2.542672108210615,2.5426721061583533,2.5292530146948047,11.104158238648052,1.232357144355774,11.03699167078361,11.043288836176385,11.043288816456242,11.043288836176385,11.110308650119732
0.5751953125,3.759012971201157,1.0243865251541138,3.9711570675989676,3.970827376133117,3.9708273771656315,3.970827376133117,4.002804252920881,2.5338606488400495,0.680625319480896,2.543327466831666,2.5439829363320823,2.5439829342791387,2.5439829363320823,2.5334977627113147,11.071290103728915,1.2350183725357056,11.03699167078361,11.030693823036556,11.030693842760973,11.030693823036556,11.074217991880937
0.5771484375,3.7906598025362963,1.0207750797271729,3.9711570675989676,3.9701679932014162,3.9701679962989602,3.9701679932014162,4.02877019781614,2.5388853529312447,0.6463350057601929,2.543327466831666,2.5452942019226725,2.545294195761795,2.5452942019226725,2.538438605076947,11.032921863418434,1.2338926792144775,11.03699167078361,11.018096079799625,11.018096138985712,11.018096079799625,11.031335360553557
0.5791015625,3.9444366391314682,1.0175423622131348,3.9525098799412173,3.9635198225254835,3.9635198337574784,3.9635198225254835,4.070298074232393,2.5445653817684177,0.6138545274734497,2.559482503110077,2.551303167658084,2.551303160056042,2.551303167658084,2.5439937232356087,10.98847011125018,1.2301850318908691,10.910136941992361,10.97565859278561,10.975658656164418,10.97565859278561,10.982621626436744
0.5810546875,4.200522533187152,1.015226125717163,3.9525098799412173,3.9561798608026395,3.9561798782999142,3.9561798608026395,4.123476212763155,2.550888732401976,0.5839976072311401,2.559482503110077,2.5567509995435294,2.5567509872531016,2.5567509995435294,2.5501123592567603,10.93627162449636,1.2257018089294434,10.910136941992361,10.931989266459055,10.931989367199149,10.931989266459055,10.928764109321662
0.5830078125,4.480076467488136,1.0142924785614014,3.9525098799412173,3.948839899079795,3.9488399228423496,3.948839899079795,4.173436760255428,2.5578489733765486,0.5575803518295288,2.559482503110077,2.562219083897312,2.562219066883661,2.562219083897312,2.5567741278344425,10.875059777708298,1.2223747968673706,10.910136941992361,10.888272799552459,10.88827293773491,10.888272799552459,10.870267933570341
0.5849609375,4.634741905066922,1.0150022506713867,3.9525098799412173,3.941499937356951,3.9414998848651273,3.941499937356951,4.1879577531132695,2.5654183773724357,0.5352873206138611,2.559482503110077,2.56770753386342,2.567707571017944,2.56770753386342,2.5639761327895476,10.805254587486885,1.2217715978622437,10.910136941992361,10.844508928706654,10.844508625845826,10.844508928706654,10.807762314577872
0.5869140625,4.6135673658467695,1.0173509120941162,3.912437373816215,3.912437373816215,3.912437373816215,3.912437373816215,4.185724396492893,2.573556036726002,0.5175513029098511,2.5872776889521414,2.5872776889521414,2.5872776889521414,2.5872776889521414,2.571719752953726,10.730234211403047,1.2248153686523438,10.68686277776669,10.68686277776669,10.68686277776669,10.68686277776669,10.74195085779985
0.5888671875,4.53587726893967,1.0211355686187744,3.912437373816215,3.912437373816215,3.912437373816215,3.912437373816215,4.173290991287912,2.5821916914887915,0.5045361518859863,2.5872776889521414,2.5872776889521414,2.5872776889521414,2.5872776889521414,2.5800079670002725,10.651983626781805,1.2317931652069092,10.68686277776669,10.68686277776669,10.68686277776669,10.68686277776669,10.67346765038539
0.5908203125,4.406515481461607,1.026100754737854,3.912437373816215,3.912437373816215,3.912437373816215,3.912437373816215,4.137105357291107,2.5912502183759694,0.4961995482444763,2.5872776889521414,2.5872776889521414,2.5872776889521414,2.5872776889521414,2.5888331709548744,10.571837156996196,1.242553949356079,10.68686277776669,10.68686277776669,10.68686277776669,10.68686277776669,10.602964226753683
0.5927734375,4.213550413913087,1.0320857763290405,3.912437373816215,3.912437373816215,3.912437373816215,3.912437373816215,4.074547832969662,2.600691147508858,0.4923476576805115,2.5872776889521414,2.5872776889521414,2.5872776889521414,2.5872776889521414,2.5981623401554854,10.491525871479585,1.2567886114120483,10.68686277776669,10.68686277776669,10.68686277776669,10.68686277776669,10.531127379047744
0.5947265625,3.9589876649941305,1.0391086339950562,3.8596126073393133,3.881346904021569,3.881347079967626,3.881428424969772,3.9872241872902574,2.610472091181645,0.5027378797531128,2.620992529804923,2.607580731183973,2.6075806247670776,2.6075314261609046,2.6079426768188445,10.412974050879354,1.2742520570755005,10.410893159283214,10.519304561201276,10.519305416718314,10.519700945353797,10.458595270719945
0.5966796875,3.6765271203776617,1.0473426580429077,3.8596126073393133,3.866857372900065,3.866857581947951,3.866954230892562,3.8802836855271696,2.6205278426636163,0.5204074382781982,2.620992529804923,2.616505178446547,2.616505050760225,2.6164460191220833,2.618110599137482,10.33760846009279,1.2948001623153687,10.410893159283214,10.447061264564306,10.447062286742131,10.44753486671051,10.385927089764472
0.5986328125,3.4053482769936245,1.056972861289978,3.8596126073393133,3.8523678417785616,3.852367695050441,3.852299858353795,3.7628124213080407,2.6308178951664436,0.5378624200820923,2.620992529804923,2.6254967589952796,2.6254968492621797,2.6255385830237037,2.6286006775057884,10.266299114153105,1.3181596994400024,10.410893159283214,10.374693849715065,10.374693131472178,10.374361065458075,10.313603231547251
0.6005859375,3.1966483571105453,1.0680112838745117,3.8596126073393133,3.8378783106570578,3.8378780723912356,3.837767915141124,3.649860539267791,2.6413271747916465,0.5551103353500366,2.620992529804923,2.634556233195475,2.6345563807340144,2.6346245940730566,2.639344257488466,10.199198068916097,1.3435612916946411,10.410893159283214,10.302200910865345,10.302199744614805,10.301660549342106,10.241923260972936
0.6025390625,3.182316807087365,1.0801773071289062,3.796521124844185,3.821249117957663,3.8212494155696306,3.821262418677129,3.5708723025298585,2.652036840110056,0.5721045732498169,2.658188052123389,2.6437537538437756,2.643753568295768,2.6437454614568185,2.6502589727534125,10.133997988911993,1.3695335388183594,10.1124915329223,10.225548498983947,10.22554995708838,10.225613663778496,10.170728024619457
0.6044921875,3.1968125741321822,1.0929301977157593,3.796521124844185,3.8047637892153445,3.8047640779213956,3.8047766919162327,3.558816987497015,2.662932041692496,0.5885599851608276,2.658188052123389,2.6533557723267074,2.6533555925386194,2.653347737357494,2.6612795293278895,10.068991464100545,1.394071340560913,10.1124915329223,10.150212496210145,10.150213900198915,10.150275242498981,10.099499465641834
0.6064453125,3.269400389169788,1.1056514978408813,3.796521124844185,3.7882784604730255,3.7882781413844704,3.7882641999330593,3.560734130057079,2.673990950381532,0.603990912437439,2.658188052123389,2.6630413603956313,2.663041560689665,2.663050311865503,2.6723482581094142,10.003904132264312,1.4151345491409302,10.1124915329223,10.074734954403707,10.07473340045324,10.074665505997181,10.027973026406498
0.6083984375,3.41187752280348,1.1610004901885986,3.796521124844185,3.771793131730707,3.7717928645012435,3.771781188850319,3.57261574908875,2.6851959374203878,0.6178750395774841,2.658188052123389,2.6728116138201576,2.672811784946833,2.6728192617483346,2.683385526943102,9.938077184786966,1.4311782121658325,10.1124915329223,9.999114017696034,9.999112698887902,9.999055078164865,9.956323546393383
0.6103515625,3.607977724349223,1.203287959098816,3.727729977400763,3.7489353762711457,3.748938861147312,3.749036235559871,3.6114403716230745,2.696500390521721,0.6297922134399414,2.6985908240710565,2.6842875148028167,2.6842854983684683,2.684229156674123,2.694302592869377,9.871039491745123,1.456142783164978,9.80692438620788,9.91074581707538,9.91076110358998,9.911188236927556,9.884772703369684
0.6123046875,3.82496308326689,1.2024617195129395,3.727729977400763,3.7347984436908908,3.7347974042500587,3.734768360193515,3.6796939544971226,2.7078070032567783,0.6394917368888855,2.6985908240710565,2.693805007386711,2.693805645575394,2.6938234779877015,2.7050088784088175,9.802761965915106,1.489022135734558,9.80692438620788,9.841565553078418,9.841560811573803,9.841428324202155,9.813568380504726
0.6142578125,4.023115592022249,1.1978645324707031,3.727729977400763,3.7206615111106354,3.720660073023513,3.7206198899920238,3.7670859673015773,2.7189746200954175,0.6469107270240784,2.6985908240710565,2.7033948248249837,2.703395674658437,2.703419420971083,2.71539434651964,9.733988862589442,1.5210283994674683,9.80692438620788,9.772248937541534,9.77224258354759,9.772065039809249,9.743268392812602
0.6162109375,4.1842539137921175,1.1901423931121826,3.727729977400763,3.7065245785303804,3.7065235711821685,3.7064954238576426,3.8518885613233262,2.7298239671670483,0.6521593332290649,2.6985908240710565,2.7130577946731274,2.7130583559523838,2.713074039341158,2.725356543806117,9.666283577799755,1.5521024465560913,9.80692438620788,9.702794410303047,9.702790162391587,9.702671467057357,9.674833410347887
0.6181640625,4.251520249745203,1.1802068948745728,3.6834256642021437,3.6936702960875647,3.6936702645446022,3.6936702960875647,3.8997634928075557,2.7401143418121716,0.6554743051528931,2.72974548097498,2.723149677088435,2.723149697340422,2.723149677088435,2.734786088384039,9.601694702785078,1.582156777381897,9.577739775193962,9.605201167390135,9.605201082935883,9.605201167390135,9.609600760391679
0.6201171875,4.24557831788281,1.180516242980957,3.6834256642021437,3.686840541497284,3.686840530982963,3.686840541497284,3.9023666594080906,2.7495433650621646,0.657139241695404,2.72974548097498,2.727542806840643,2.7275428136163393,2.727542806840643,2.7436388632085826,9.542876451434507,1.611048936843872,9.577739775193962,9.586900707833458,9.586900679638184,9.586900707833458,9.548488858320335
0.6220703125,4.194398921863787,1.1895818710327148,3.6834256642021437,3.6800107869070033,3.6800107974213243,3.6800107869070033,3.8989017212136967,2.75777837690826,0.6574035882949829,2.72974548097498,2.7319522430657535,2.7319522362648834,2.7319522430657535,2.751916752238706,9.491681764952855,1.638604998588562,9.577739775193962,9.56857168082902,9.568571709068397,9.56857168082902,9.49162247315782
0.6240234375,4.089315680249388,1.1976161003112793,3.6834256642021437,3.6731810323167227,3.673181063859685,3.6731810323167227,3.8792051147281024,2.764452163678495,0.6564328670501709,2.72974548097498,2.736378076722428,2.7363780562438778,2.736378076722428,2.7590709419811796,9.450253271138672,1.6646716594696045,9.577739775193962,9.550213927025576,9.550214011876745,9.550213927025576,9.441344097212435
0.6259765625,3.9314136234464665,1.204092025756836,3.6697661550215823,3.6697661550215823,3.6697661550215823,3.6697661550215823,3.8321088875270006,2.769228064905948,0.6543132066726685,2.7327307259987736,2.7327307259987736,2.7327307259987736,2.7327307259987736,2.764426905352046,9.420462562548192,1.6891664266586304,9.564582104326504,9.564582104326504,9.564582104326504,9.564582104326504,9.410344602842413
0.6279296875,3.7255260363308986,1.208446979522705,3.6697661550215823,3.6697661550215823,3.6697661550215823,3.6697661550215823,3.7558944191061405,2.771650828608494,0.6510986685752869,2.7327307259987736,2.7327307259987736,2.7327307259987736,2.7327307259987736,2.765048301180827,9.405014333676982,1.6951018571853638,9.564582104326504,9.564582104326504,9.564582104326504,9.564582104326504,9.402140966073656
0.6298828125,3.4966611365135414,1.2101476192474365,3.6697661550215823,3.6697661550215823,3.6697661550215823,3.6697661550215823,3.650184365819631,2.7711212633781828,0.6468686461448669,2.7327307259987736,2.7327307259987736,2.7327307259987736,2.7327307259987736,2.7647217133896818,9.406783251982326,1.6841228008270264,9.564582104326504,9.564582104326504,9.564582104326504,9.564582104326504,9.404338273102008
0.6318359375,3.2791971709821155,1.2087562084197998,3.6697661550215823,3.6697661550215823,3.6697661550215823,3.6697661550215823,3.522963031587264,2.767862514234492,0.6417653560638428,2.7327307259987736,2.7327307259987736,2.7327307259987736,2.7327307259987736,2.7630334532021474,9.423794426780614,1.674147605895996,9.564582104326504,9.564582104326504,9.564582104326504,9.564582104326504,9.415426167035768
0.6337890625,3.0901320291164325,1.203995943069458,3.6869024903013203,3.6740502388415166,3.674108632330901,3.6740730805493893,3.400983053412161,2.761157784693222,0.6360021829605103,2.7231802385373847,2.7303347519567795,2.730312976568315,2.730326234023012,2.758412315109336,9.459955848975936,1.6648914813995361,9.63261157349276,9.581602067752803,9.581751393536514,9.581660479414973,9.44413209730935
0.6357421875,3.0295342375174275,1.1958245038986206,3.6869024903013203,3.682618406481386,3.682525089675419,3.6825819038636456,3.360317884269991,2.7508172780625477,0.6298550367355347,2.7231802385373847,2.725559527658685,2.7256222345883465,2.7255840562711424,2.75022502269893,9.51602278592703,1.655877709388733,9.63261157349276,9.615616773029123,9.615163966817239,9.615439650081875,9.494419639951369
0.6376953125,3.062398010735102,1.1844992637634277,3.6869024903013203,3.6911865741212546,3.6909415470199365,3.691090727177901,3.3654333822817373,2.736778080681979,0.6275197267532349,2.7231802385373847,2.720806472341476,2.7209528852147287,2.720863742166417,2.7383730417112555,9.594739964507866,1.6465784311294556,9.63261157349276,9.649598044689036,9.648544277181712,9.649185847545978,9.56808864830664
0.6396484375,3.138438078907312,1.1706290245056152,3.6869024903013203,3.699754741761124,3.7000346921790244,3.699864249614345,3.3894659500835775,2.7194895540059973,0.6363682150840759,2.7231802385373847,2.716075431983421,2.7158889190163293,2.716002470579455,2.723164918494229,9.69473756161888,1.6365618705749512,9.63261157349276,9.683546115016725,9.684901876178683,9.684076452537564,9.664158012051754
0.6416015625,3.285980244871879,1.1551769971847534,3.763598291815492,3.726862761892369,3.7261242675044226,3.7267347982043098,3.4488621565390156,2.6996614688963074,0.6450554728507996,2.6795858306732554,2.7008197810938923,2.7011713936577166,2.700880697290556,2.7051331221951096,9.814149954408766,1.6256029605865479,9.949657265005406,9.794488904770843,9.791934233905508,9.79404625366356,9.780295493542042
0.6435546875,3.5140106492905865,1.1394017934799194,3.763598291815492,3.7513531151744512,3.7503210631885007,3.7511742848670764,3.5464090263594796,2.6779589967084414,0.6382949352264404,2.6795858306732554,2.686617606202502,2.687133325411048,2.686706947871879,2.6848663770467125,9.952185571399092,1.6137309074401855,9.949657265005406,9.898009405166125,9.894222976770553,9.897353334863338,9.914383322259534
0.6455078125,3.7907729675409785,1.124719500541687,3.763598291815492,3.775843468456533,3.7749055218504584,3.7756809443955857,3.6806809775033527,2.655436536737671,0.6268072128295898,2.6795858306732554,2.6725996636731626,2.6730804843292417,2.672682961460326,2.6630606995703903,10.104721050669033,1.6012221574783325,9.949657265005406,10.001231169900159,9.997664768513069,10.000613221522698,10.063870183136476
0.6474609375,4.072776311913838,1.112502098083496,3.763598291815492,3.8003338217386156,3.8030423147185872,3.8008031397949975,3.8436322722676546,2.633254095860894,0.6155915260314941,2.6795858306732554,2.658762391780107,2.6574511964115652,2.658535058647157,2.6406740929873487,10.264485829550594,1.588571548461914,9.949657265005406,10.104159974367072,10.11401252168156,10.105867376120052,10.223700138264121
0.6494140625,4.325314380738291,1.1038436889648438,3.8828253165579776,3.832723911784131,3.8326494954633685,3.83163000851981,4.023399042793589,2.612335486890146,0.6049866676330566,2.6122816342785193,2.635468294775171,2.635505974170348,2.636022320824635,2.618936381957151,10.423238597190032,1.57647705078125,10.45626741067952,10.277466112845483,10.277180255120012,10.27326384902014,10.385546526419791
0.6513671875,4.516654119661977,1.09934401512146,3.8828253165579776,3.8661248483000286,3.8660591994957443,3.8651598255661757,4.205260717656406,2.5933065913743913,0.6011346578598022,2.6122816342785193,2.6199437482907806,2.6199760695937915,2.6204189747665305,2.59903178933648,10.5734306497972,1.5658249855041504,10.45626741067952,10.396758953831807,10.39651017058898,10.393101733120304,10.539857364137603
0.6533203125,4.616050592713613,1.0989863872528076,3.8828253165579776,3.8995257848159266,3.8996037565974944,3.9006719525585423,4.338488000879236,2.5765060123259445,0.6007547974586487,2.6122816342785193,2.6046851492165004,2.60464743775805,2.604130951023656,2.5816761156069274,10.70916925158993,1.5576716661453247,10.45626741067952,10.515685467379098,10.515979749352214,10.520011123234786,10.678801923548718
0.6552734375,4.613623260625788,1.1021649837493896,3.8828253165579776,3.932926721331824,3.932988814675303,3.9338394795873826,4.352933183735222,2.562035840122798,0.6003847122192383,2.6122816342785193,2.5896857217643285,2.589655697677186,2.5892444698395565,2.567048510797249,10.826677195468093,1.553206443786621,10.45626741067952,10.634254986750147,10.634492107075046,10.637740459706704,10.798491087803383
0.6572265625,4.550062823548052,1.1078805923461914,4.030805783942673,3.998215948453062,3.9977837834927543,3.997675110166556,4.343235754290206,2.549873446108895,0.5998758673667908,2.557538964148202,2.5757948674394533,2.5759763688405095,2.57602201583008,2.5549232830426725,10.92488853782898,1.553686499595642,10.902060102156813,10.763204638741797,10.761700320163428,10.761322032006646,10.899146115735665
0.6591796875,4.386739947351282,1.1150481700897217,4.030805783942673,4.019942505446136,4.020196582785378,4.020260473734674,4.299308005492299,2.539908623968951,0.599157452583313,2.557538964148202,2.563591376058207,2.5634701900966457,2.563439718769418,2.5449558086756263,11.004028975173181,1.5603123903274536,10.902060102156813,10.855834330723317,10.856803043034024,10.857046634238342,10.982457474463478
0.6611328125,4.1404322155762765,1.1228055953979492,4.030805783942673,4.041669062439211,4.04181311742598,4.041849341868046,4.201026564204921,2.531989019197114,0.5981719493865967,2.557538964148202,2.55151908782443,2.5514601116343125,2.5514452819894617,2.5368902443582333,11.064989310949185,1.574022650718689,10.902060102156813,10.94822712899578,10.948726225297477,10.948851728468288,11.049263878237394
0.6630859375,3.864620798467371,1.1306942701339722,4.030805783942673,4.063395619432285,4.063429652066582,4.063438210001417,4.053902965532706,2.52592324982355,0.5968123078346252,2.557538964148202,2.539575898149057,2.539577815020983,2.5395782970375365,2.5305510726485596,11.109751896908033,1.5952410697937012,10.902060102156813,11.040386833497832,11.040418689042427,11.040426699519676,11.100691018600589
0.6650390625,3.611755287793538,1.1386663913726807,4.074258897928822,4.074258897928822,4.074258897928822,4.074258897928822,3.884008896674948,2.5215060885966643,0.5949093103408813,2.533652069861864,2.533652069861864,2.533652069861864,2.533652069861864,2.525585173328352,11.140734749742933,1.6236706972122192,11.092983222600301,11.092983222600301,11.092983222600301,11.092983222600301,11.137675620977683
0.6669921875,3.4138595513386116,1.1469571590423584,4.074258897928822,4.074258897928822,4.074258897928822,4.074258897928822,3.73914944315145,2.5185410501392056,0.5922839641571045,2.533652069861864,2.533652069861864,2.533652069861864,2.533652069861864,2.521854070519102,11.160315637927857,1.658227562904358,11.092983222600301,11.092983222600301,11.092983222600301,11.092983222600301,11.165428727841435
0.6689453125,3.39250013699483,1.1559226512908936,4.074258897928822,4.074258897928822,4.074258897928822,4.074258897928822,3.6889969807189726,2.516848568818904,0.5888271927833557,2.533652069861864,2.533652069861864,2.533652069861864,2.533652069861864,2.520232453470359,11.170845868913865,1.697119116783142,11.092983222600301,11.092983222600301,11.092983222600301,11.092983222600301,11.17666105679499
0.6708984375,3.4341311131337404,1.1659263372421265,4.074258897928822,4.074258897928822,4.074258897928822,4.074258897928822,3.691295115634775,2.5164643434449374,0.5855922102928162,2.533652069861864,2.533652069861864,2.533652069861864,2.533652069861864,2.5195893643862664,11.172488537992649,1.7380270957946777,11.092983222600301,11.092983222600301,11.092983222600301,11.092983222600301,11.173774654019509
0.6728515625,3.571118521092913,1.177306890487671,4.065532602021488,4.072077323951989,4.072075056988014,4.072077323951989,3.7109245677514906,2.517179970884169,0.594088613986969,2.535301894585203,2.5340638631350965,2.5340642912760485,2.5340638631350965,2.5197864083750163,11.16637627675101,1.7783427238464355,11.073173350172134,11.088031169692872,11.088026023665632,11.088031169692872,11.167901036480282
0.6748046875,3.795026004744413,1.1903935670852661,4.065532602021488,4.067714175998321,4.067713420343663,4.067714175998321,3.785357829127172,2.5190427227203993,0.6037735342979431,2.535301894585203,2.534888774785713,2.534888917805632,2.534888774785713,2.5208342121646536,11.151475206590753,1.8128901720046997,11.073173350172134,11.07812623392414,11.078124518389902,11.07812623392414,11.154093713641743
0.6767578125,4.065359037003997,1.2055366039276123,4.065532602021488,4.0633510280446545,4.0633517836993125,4.0633510280446545,3.9264310763261925,2.5220323818468255,0.614328145980835,2.535301894585203,2.535715457984764,2.5357153146575895,2.535715457984764,2.5232484591455115,11.127145280539448,1.8031350374221802,11.073173350172134,11.068220188579634,11.068221904306315,11.068220188579634,11.130081884101726
0.6787109375,4.318925595335488,1.2231104373931885,4.065532602021488,4.058987880090987,4.058990147054962,4.058987880090987,4.1174348046775275,2.5261769166237693,0.6253740787506104,2.535301894585203,2.5365439184451515,2.5365434875388857,2.5365439184451515,2.5269033876935327,11.092361345628284,1.7966933250427246,11.073173350172134,11.058313030081171,11.05831817784041,11.058313030081171,11.095454262142644
0.6806640625,4.519971599426606,1.2434756755828857,4.019919946290399,4.043858756399148,4.0438587928568905,4.043858756399148,4.318509960636733,2.531485652075869,0.6364845633506775,2.547983898553562,2.5400585255184325,2.540058510681658,2.5400585255184325,2.5316806560460576,11.046350828194713,1.7940455675125122,10.953256014068543,11.022403085500768,11.022403214778967,11.022403085500768,11.050396554552956
0.6826171875,4.662943550353516,1.2669200897216797,4.019919946290399,4.027899549659982,4.027899607774252,4.027899549659982,4.441638593201734,2.537975298441517,0.6472099423408508,2.547983898553562,2.545331640327266,2.545331618200047,2.545331640327266,2.5375419046295327,10.989488884668923,1.7952760457992554,10.953256014068543,10.976316304447723,10.976316496422616,10.976316304447723,10.995873778794538
0.6845703125,4.674984472347466,1.2935950756072998,4.019919946290399,4.011940342920815,4.011940422691612,4.011940342920815,4.447096202286374,2.54564393315668,0.6571143865585327,2.547983898553562,2.5506467072700807,2.550646677736653,2.5506467072700807,2.544463528995416,10.922446777083039,1.8000215291976929,10.953256014068543,10.930184367485746,10.930184622282036,10.930184367485746,10.933436021754677
0.6865234375,4.618545981813623,1.3234878778457642,4.019919946290399,3.99598113618165,3.9959809618388396,3.99598113618165,4.434375151589398,2.554496340021156,0.6658153533935547,2.547983898553562,2.556004228993976,2.556004296371509,2.556004228993976,2.5524090319158517,10.846844012862135,1.807519793510437,10.953256014068543,10.884006733581883,10.884006156511777,10.884006733581883,10.86432949915692
0.6884765625,4.485579215309455,1.3564326763153076,3.9378589481081607,3.969477945769272,3.969478593284973,3.969493825436092,4.379528125657066,2.564402538585828,0.6730141639709473,2.578297166861326,2.564959968181832,2.564959662107372,2.5649524620444644,2.5613582211318113,10.76482475518035,1.8167246580123901,10.703525114180373,10.81324385938737,10.813246362629494,10.813305248822505,10.789470111943595
0.6904296875,4.261150811576783,1.3921605348587036,3.9378589481081607,3.948398613995198,3.948399428225595,3.948418582171117,4.264389781463977,2.5752405581099898,0.6785135269165039,2.578297166861326,2.5738276995158444,2.573827319844531,2.5738183885065435,2.5712743740223196,10.679337953250567,1.7998709678649902,10.703525114180373,10.740129327443638,10.74013241375602,10.740205016063584,10.710075500175913
0.6923828125,3.97371617255483,1.4303574562072754,3.9378589481081607,3.9273192822211236,3.9273189021928556,3.9273099624127075,4.09236608112589,2.5868779666167177,0.6822245121002197,2.578297166861326,2.5827906234417695,2.582790804223437,2.582795056939168,2.582094320146283,10.593470927942052,1.760803461074829,10.703525114180373,10.666889266745562,10.666887810860333,10.666853562619881,10.627711118597063
0.6943359375,3.6902946379944983,1.4707090854644775,3.9378589481081607,3.9062399504470493,3.906238868729219,3.9062134224127263,3.876950285712664,2.59917333346255,0.6841674447059631,2.578297166861326,2.5918502810294757,2.5918508014037624,2.591863042764998,2.5937387763499657,10.509055408567846,1.719961166381836,10.703525114180373,10.593521645112101,10.59351748999976,10.593419745067841,10.544064398797326
0.6962890625,3.4475797372772083,1.5129069089889526,3.851285292097805,3.851285292097805,3.851285292097805,3.851285292097805,3.6459828865024266,2.61202282649937,0.6844725012779236,2.6199712820396686,2.6199712820396686,2.6199712820396686,2.6199712820396686,2.606119212430029,10.426709309781334,1.6798043251037598,10.366737252101125,10.366737252101125,10.366737252101125,10.366737252101125,10.460589333009088
0.6982421875,3.2490687130571363,1.5566139221191406,3.851285292097805,3.851285292097805,3.851285292097805,3.851285292097805,3.4495320126959497,2.6253303429017807,0.6833752393722534,2.6199712820396686,2.6199712820396686,2.6199712820396686,2.6199712820396686,2.6191177892589557,10.346498944890794,1.642350435256958,10.366737252101125,10.366737252101125,10.366737252101125,10.366737252101125,10.377697590120356
0.7001953125,3.1868829676829575,1.601407527923584,3.851285292097805,3.851285292097805,3.851285292097805,3.851285292097805,3.376758395743167,2.638991734548507,0.6811944246292114,2.6199712820396686,2.6199712820396686,2.6199712820396686,2.6199712820396686,2.632639268915688,10.267283699911914,1.6091574430465698,10.366737252101125,10.366737252101125,10.366737252101125,10.366737252101125,10.294260806068271
0.7021484375,3.200866364512453,1.6467273235321045,3.851285292097805,3.851285292097805,3.851285292097805,3.851285292097805,3.378475062071597,2.6529163056452014,0.6782855987548828,2.6199712820396686,2.6199712820396686,2.6199712820396686,2.6199712820396686,2.6466230751777977,10.186562365643052,1.5813839435577393,10.366737252101125,10.366737252101125,10.366737252101125,10.366737252101125,10.208952277934078
0.7041015625,3.2924707924642425,1.6888173818588257,3.783651091305228,3.8006984759174762,3.8007041857736876,3.800839322020405,3.3933243558488537,2.6670098995250138,0.6749818921089172,2.6684101195104506,2.6552424317023173,2.6552372836314024,2.655115447778517,2.660974021755009,10.103475933383159,1.5598558187484741,10.007498133322771,10.066158664469663,10.066190756422799,10.066950270985755,10.121495408948064
0.7060546875,3.4679842752695826,1.637052297592163,3.783651091305228,3.789333552842644,3.789330848014795,3.7892668323425913,3.452816385865847,2.681144667694064,0.6715531945228577,2.6684101195104506,2.6640077261180664,2.6640100717457997,2.664065587138422,2.6754899443511326,10.016746839095033,1.5450925827026367,10.007498133322771,10.027080888473517,10.027067408061889,10.026748362176367,10.032102152158286
0.7080078125,3.675597143039931,1.5823967456817627,3.783651091305228,3.777968629767812,3.777966726482408,3.777921681066836,3.5724212856869597,2.6951951901852174,0.6682085990905762,2.6684101195104506,2.6728257562267355,2.6728274914363825,2.672868559481588,2.6899376724973263,9.925883591538703,1.5373104810714722,10.007498133322771,9.987885957454768,9.987875214138308,9.987620948707841,9.940881577916002
0.7099609375,3.876114156794869,1.5279910564422607,3.783651091305228,3.76660370669298,3.766602604950022,3.7665765297910805,3.737195302692653,2.7089440566380327,0.6651290655136108,2.6684101195104506,2.6816969993844335,2.6816981167552076,2.681724561971425,2.704063196217893,9.83229830086703,1.5364036560058594,10.007498133322771,9.948572810942558,9.948564821196706,9.948375725821675,9.84830725336789
0.7119140625,4.0494637506953355,1.4768496751785278,3.7603659074991476,3.7699675412285867,3.769967602848727,3.7699675412285867,3.914998222622563,2.7221163142663354,0.6528505682945251,2.7247342630268045,2.708357075667651,2.7083570639875774,2.708357075667651,2.717586267737021,9.738714286333167,1.5419360399246216,9.772669922321889,9.843179420664747,9.843179617802617,9.843179420664747,9.755816596082669
0.7138671875,4.183688604558858,1.4314311742782593,3.7603659074991476,3.7635664520756276,3.7635665194648973,3.7635664520756276,4.057945575702119,2.7343985747792714,0.6389087438583374,2.7247342630268045,2.719265915778095,2.7192658940509813,2.719265915778095,2.7302160611808635,9.648505113090671,1.5531526803970337,9.772669922321889,9.796217990287325,9.79621823002475,9.796217990287325,9.666299920270378
0.7158203125,4.24002091383316,1.393458366394043,3.7603659074991476,3.7571653629226676,3.7571654072929537,3.7571653629226676,4.1056863540609045,2.7453974247717623,0.6245580315589905,2.7247342630268045,2.7302119267082166,2.7302119058859846,2.7302119267082166,2.741601368994648,9.565777425886516,1.569008708000183,9.772669922321889,9.749076799506577,9.74907697509556,9.749076799506577,9.583763255889007
0.7177734375,4.238254582888646,1.3639298677444458,3.7603659074991476,3.7507642737697084,3.750764100390012,3.7507642737697084,4.105850458389759,2.7546954923810043,0.6102725267410278,2.7247342630268045,2.7411952987662147,2.741195354228552,2.7411952987662147,2.7513438183841536,9.495184633928567,1.5882223844528198,9.772669922321889,9.701754927980183,9.701754313855686,9.701754927980183,9.512130454336768
0.7197265625,4.19555021458029,1.3431960344314575,3.7324423780815517,3.7324423780815517,3.7324423780815517,3.7324423780815517,4.0993231148344265,2.761881522212579,0.5965322256088257,2.7578288439952323,2.7578288439952323,2.7578288439952323,2.7578288439952323,2.758941323854058,9.440023090648301,1.6093482971191406,9.623944844616538,9.623944844616538,9.623944844616538,9.623944844616538,9.452972364856798
0.7216796875,4.079400831360896,1.3310480117797852,3.7324423780815517,3.7324423780815517,3.7324423780815517,3.7324423780815517,4.062349204959098,2.7665928056847076,0.583785891532898,2.7578288439952323,2.7578288439952323,2.7578288439952323,2.7578288439952323,2.7653952547309633,9.40298536797193,1.6308751106262207,9.623944844616538,9.623944844616538,9.623944844616538,9.623944844616538,9.414972709804207
0.7236328125,3.8871468771366686,1.3268706798553467,3.7324423780815517,3.7324423780815517,3.7324423780815517,3.7324423780815517,3.961321705298273,2.7686343116923364,0.5724138617515564,2.7578288439952323,2.7578288439952323,2.7578288439952323,2.7578288439952323,2.7665163597632376,9.385377648061567,1.6469444036483765,9.623944844616538,9.623944844616538,9.623944844616538,9.623944844616538,9.389623404051699
0.7255859375,3.666538462080595,1.3298910856246948,3.7324423780815517,3.7324423780815517,3.7324423780815517,3.7324423780815517,3.794911479016591,2.767820092423589,0.562694787979126,2.7578288439952323,2.7578288439952323,2.7578288439952323,2.7578288439952323,2.7659637520357134,9.387271581348603,1.6432886123657227,9.623944844616538,9.623944844616538,9.623944844616538,9.623944844616538,9.388060495388576
0.7275390625,3.4569467497058928,1.3394217491149902,3.571339949289233,3.692166770883472,3.6921667775161127,3.692239191744751,3.5873651929900356,2.764341412868914,0.5547785758972168,2.7240719087081517,2.749665785618032,2.749665797231347,2.749792587259135,2.7632852289997643,9.406418105762455,1.643635869026184,9.334823618402872,9.551818814743093,9.551818907501536,9.552831619155274,9.398364671963632
0.7294921875,3.264995482347644,1.3549410104751587,3.571339949289233,3.6116155564873127,3.611615617203635,3.61227850937683,3.3742021114053755,2.758357832509109,0.548669695854187,2.7240719087081517,2.7327934776188667,2.732793501103246,2.7330498531592964,2.757682212340219,9.44048015094777,1.6478581428527832,9.334823618402872,9.407261642526834,9.407261832774731,9.40933888478254,9.429879520140421
0.7314453125,3.1114501281562674,1.3759721517562866,3.571339949289233,3.5310643420911534,3.531064456891157,3.5323178270089084,3.1962049030250808,2.750161524443647,0.544225811958313,2.7240719087081517,2.7151513819481496,2.71515141838708,2.715549112272475,2.7512683733347174,9.486940650360564,1.6558395624160767,9.334823618402872,9.26227445276707,9.262274741115503,9.265422776556408,9.484711018406575
0.7333984375,3.020914529422109,1.401896595954895,3.571339949289233,3.450513127694994,3.450512945546027,3.4485242690264424,3.0823983870770055,2.7399123596418162,0.5411726236343384,2.7240719087081517,2.6966855872053355,2.6966855115566797,2.6958591139566113,2.744262457792983,9.544902262127666,1.6674829721450806,9.334823618402872,9.116827129564456,9.116826555098207,9.110554143210067,9.55514137274461
0.7353515625,3.0216781538539483,1.4318517446517944,2.926752579744821,3.2850960453965246,3.2850964281741395,3.2869382478100166,3.016288744416496,2.7282342820034238,0.5391403436660767,2.423005236681139,2.6011674535801563,2.6011675713849365,2.6017340975924697,2.7240876473605375,9.61165670615084,1.682704210281372,7.893913069993472,8.928360675629072,8.928361656966764,8.933083370518421,9.558361548466301
0.7373046875,3.125174105446301,1.4647403955459595,2.926752579744821,3.046200401628722,3.0462010155308854,3.0491549423389177,2.9000935527995333,2.7156202755485683,0.5377141237258911,2.423005236681139,2.487050048469305,2.4870503089161704,2.4883022926280844,2.6427636479014467,9.6880510354986,1.6987624168395996,7.893913069993472,8.243181647485233,8.243183318653799,8.251223561827599,9.198991683089451
0.7392578125,3.099336612804939,1.4992971420288086,2.926752579744821,2.80730475786092,2.807305279615379,2.809815817247552,2.3482615939253213,2.569260413280047,0.5364908576011658,2.423005236681139,2.3535103480891353,2.353510630844241,2.3548699540483318,2.122248489823194,8.936391570684755,1.6961017847061157,7.893913069993472,7.539433951497675,7.539435445054083,7.546620985331802,6.5048941299630965
0.7412109375,0.9031015815909854,1.5341788530349731,2.926752579744821,2.5684091140931176,2.56840759565888,2.561101311582798,1.2393904448489144,0.0,0.5351293683052063,2.423005236681139,2.1951287698976545,2.195127838805802,2.1906348996577707,0.6472408052333062,1.0,1.6949771642684937,7.893913069993472,6.811936200673842,6.81193182312452,6.790857928785807,1.9475981872993997
0.7431640625,0.9206203094201612,1.568077802658081,1.6601747991468139,2.011949809740421,2.013001135086024,2.0766640615275866,0.9213644807954624,0.0,0.5333749055862427,1.190435106051806,1.6394397003293917,1.6406673684946225,1.712692051141356,0.001062476024872868,1.0,1.6968945264816284,3.266848171782405,4.58509642145671,4.588719083520534,4.805897823110353,1.0011553235799564
0.7451171875,0.9388954595336594,1.5998488664627075,1.6601747991468139,1.7774331360113496,1.7768662962613468,1.7425413582585685,0.9388909066079412,0.0,0.531060516834259,1.190435106051806,1.3598507068840229,1.3590398386717184,1.3089545804884173,0.0,1.0,1.7032667398452759,3.266848171782405,3.723102496695302,3.7209724805031903,3.5911011134534285,1.0
0.7470703125,0.9577528849841412,1.6286413669586182,1.6601747991468139,1.5429164622822782,1.5425660205004104,1.5213450450198895,0.9577497371333432,0.0,0.5280951261520386,1.190435106051806,0.9952690617210381,0.994588695308291,0.9528049834395979,0.0,1.0,1.7154669761657715,3.266848171782405,2.7886369243860427,2.787187683424017,2.6988891404814392,1.0
0.7490234375,0.9770128902256616,1.6539894342422485,1.6601747991468139,1.3083997885532068,1.308265744739474,1.3001487317812108,0.9770111774461779,0.0,0.5244571566581726,1.190435106051806,0.49999269240063066,0.49959679027653076,0.47547082357431913,0.0,1.0,1.734850525856018,3.266848171782405,1.7427304004875854,1.74209109663154,1.7032242630079557,1.0
0.7509765625,0.9964919434624371,1.675838589668274,1.0506191899122506,1.0506191899122506,1.0506191899122506,1.0506191899122506,0.9964916820756284,0.0,0.5201993584632874,0.038190177621963896,0.038190177621963896,0.038190177621963896,0.038190177621963896,0.0,1.0,1.762686014175415,1.0409018299319739,1.0409018299319739,1.0409018299319739,1.0409018299319739,1.0
0.7529296875,1.0160044255538767,1.6944717168807983,1.0506191899122506,1.0506191899122506,1.0506191899122506,1.0506191899122506,1.0160056180505415,0.0,0.5154599547386169,0.038190177621963896,0.038190177621963896,0.038190177621963896,0.038190177621963896,0.0,1.0,1.7998690605163574,1.0409018299319739,1.0409018299319739,1.0409018299319739,1.0409018299319739,1.0
0.7548828125,1.035364398810269,1.7103302478790283,1.0506191899122506,1.0506191899122506,1.0506191899122506,1.0506191899122506,1.035367033826908,0.0,0.5104595422744751,0.038190177621963896,0.038190177621963896,0.038190177621963896,0.038190177621963896,0.0,1.0,1.8462398052215576,1.0409018299319739,1.0409018299319739,1.0409018299319739,1.0409018299319739,1.0
0.7568359375,1.0543873788239773,1.7278237342834473,1.0506191899122506,1.0506191899122506,1.0506191899122506,1.0506191899122506,1.0543914312510787,0.0,0.5054759383201599,0.038190177621963896,0.038190177621963896,0.038190177621963896,0.038190177621963896,0.0,1.0,1.8992737531661987,1.0409018299319739,1.0409018299319739,1.0409018299319739,1.0409018299319739,1.0
0.7587890625,1.0728920924520668,1.803818941116333,1.0993008452606432,1.0993008452606432,1.0993008452606432,1.0993008452606432,1.072897523673378,0.0,0.5008041858673096,0.0,0.0,0.0,0.0,0.0,1.0,1.9525471925735474,1.0,1.0,1.0,1.0,1.0
0.7607421875,1.0907022051982571,1.8325659036636353,1.0993008452606432,1.0993008452606432,1.0993008452606432,1.0993008452606432,1.090708963458766,0.0,0.4967153072357178,0.0,0.0,0.0,0.0,0.0,1.0,1.995680809020996,1.0,1.0,1.0,1.0,1.0
0.7626953125,1.1076480015336883,1.8064780235290527,1.0993008452606432,1.0993008452606432,1.0993008452606432,1.0993008452606432,1.1076560224328058,0.0,0.4934282898902893,0.0,0.0,0.0,0.0,0.0,1.0,2.0176432132720947,1.0,1.0,1.0,1.0,1.0
0.7646484375,1.1235680021444439,1.7803775072097778,1.0993008452606432,1.0993008452606432,1.0993008452606432,1.0993008452606432,1.123577209249687,0.0,0.49108797311782837,0.0,0.0,0.0,0.0,0.0,1.0,2.012040615081787,1.0,1.0,1.0,1.0,1.0
0.7666015625,1.138310502694812,1.7549798488616943,1.157924298830174,1.157924298830174,1.157924298830174,1.157924298830174,1.1383208082701426,0.0,0.48975491523742676,0.0,0.0,0.0,0.0,0.0,1.0,1.9798630475997925,1.0,1.0,1.0,1.0,1.0
0.7685546875,1.1517350194431524,1.7309167385101318,1.157924298830174,1.157924298830174,1.157924298830174,1.157924298830174,1.1517463252850277,0.0,0.4894024133682251,0.0,0.0,0.0,0.0,0.0,1.0,1.9276762008666992,1.0,1.0,1.0,1.0,1.0
0.7705078125,1.163713627934853,1.7086522579193115,1.157924298830174,1.157924298830174,1.157924298830174,1.157924298830174,1.163725826308024,0.0,0.47400087118148804,0.0,0.0,0.0,0.0,0.0,1.0,1.8638533353805542,1.0,1.0,1.0,1.0,1.0
0.7724609375,1.174132182015751,1.6883913278579712,1.157924298830174,1.157924298830174,1.157924298830174,1.157924298830174,1.1741451566798893,0.0,0.45926061272621155,0.0,0.0,0.0,0.0,0.0,1.0,1.795898675918579,1.0,1.0,1.0,1.0,1.0
0.7744140625,1.1828914015498364,1.6700243949890137,1.192755275970545,1.192755275970545,1.192755275970545,1.192755275970545,1.1829050288672076,0.0,0.4477021098136902,0.0,0.0,0.0,0.0,0.0,1.0,1.7295392751693726,1.0,1.0,1.0,1.0,1.0
0.7763671875,1.1899078184761926,1.6531238555908203,1.192755275970545,1.192755275970545,1.192755275970545,1.192755275970545,1.1899219685898215,0.0,0.43900200724601746,0.0,0.0,0.0,0.0,0.0,1.0,1.6688175201416016,1.0,1.0,1.0,1.0,1.0
0.7783203125,1.1951145721900427,1.6370022296905518,1.192755275970545,1.192755275970545,1.192755275970545,1.192755275970545,1.1951291102611408,0.0,0.4326779544353485,0.0,0.0,0.0,0.0,0.0,1.0,1.616462230682373,1.0,1.0,1.0,1.0,1.0
0.7802734375,1.1984620466685802,1.6208224296569824,1.192755275970545,1.192755275970545,1.192755275970545,1.192755275970545,1.1984768341614487,0.0,0.4281773567199707,0.0,0.0,0.0,0.0,0.0,1.0,1.5741941928863525,1.0,1.0,1.0,1.0,1.0
0.7822265625,1.199918343270311,1.6037341356277466,1.198546229542047,1.198546229542047,1.198546229542047,1.198546229542047,1.1999332392724686,0.0,0.4249234199523926,0.0,0.0,0.0,0.0,0.0,1.0,1.5429134368896484,1.0,1.0,1.0,1.0,1.0
0.7841796875,1.1994695847025154,1.585006833076477,1.198546229542047,1.198546229542047,1.198546229542047,1.198546229542047,1.1994844472674782,0.0,0.42233163118362427,0.0,0.0,0.0,0.0,0.0,1.0,1.5228098630905151,1.0,1.0,1.0,1.0,1.0
0.7861328125,1.1971200472602828,1.5641530752182007,1.198546229542047,1.198546229542047,1.198546229542047,1.198546229542047,1.197134734760195,0.0,0.4198295474052429,0.0,0.0,0.0,0.0,0.0,1.0,1.5134648084640503,1.0,1.0,1.0,1.0,1.0
0.7880859375,1.1928921200769809,1.5410054922103882,1.198546229542047,1.198546229542047,1.198546229542047,1.198546229542047,1.1929064925522117,0.0,0.4169049859046936,0.0,0.0,0.0,0.0,0.0,1.0,1.5139628648757935,1.0,1.0,1.0,1.0,1.0
0.7900390625,1.1868260917744804,1.515742540359497,1.1744247090897917,1.1744247090897917,1.1744247090897917,1.1744247090897917,1.1868400122673208,0.0,0.4131733775138855,0.0,0.0,0.0,0.0,0.0,1.0,1.5230321884155273,1.0,1.0,1.0,1.0,1.0
0.7919921875,1.178979766546169,1.4892221689224243,1.1744247090897917,1.1744247090897917,1.1744247090897917,1.1744247090897917,1.1789931024059257,0.0,0.4305310547351837,0.0,0.0,0.0,0.0,0.0,1.0,1.5392199754714966,1.0,1.0,1.0,1.0,1.0
0.7939453125,1.1694279133311722,1.4807534217834473,1.1744247090897917,1.1744247090897917,1.1744247090897917,1.1744247090897917,1.1694405374782175,0.0,0.4526325762271881,0.0,0.0,0.0,0.0,0.0,1.0,1.5610798597335815,1.0,1.0,1.0,1.0,1.0
0.7958984375,1.1582615533286855,1.4778409004211426,1.1744247090897917,1.1744247090897917,1.1744247090897917,1.1744247090897917,1.1582733454654215,0.0,0.4694909453392029,0.0,0.0,0.0,0.0,0.0,1.0,1.5873479843139648,1.0,1.0,1.0,1.0,1.0
0.7978515625,1.145587092641819,1.481296420097351,1.1240248020281096,1.1240248020281096,1.1240248020281096,1.1240248020281096,1.1455979403990115,0.0,0.4760926067829132,0.0,0.0,0.0,0.0,0.0,1.0,1.6170334815979004,1.0,1.0,1.0,1.0,1.0
0.7998046875,1.131525308316128,1.4914101362228394,1.1240248020281096,1.1240248020281096,1.1240248020281096,1.1240248020281096,1.131535108323693,0.0,0.46526145935058594,0.0,0.0,0.0,0.0,0.0,1.0,1.64938223361969,1.0,1.0,1.0,1.0,1.0
0.8017578125,1.1162101974350422,1.5078359842300415,1.1240248020281096,1.1240248020281096,1.1240248020281096,1.1240248020281096,1.116218856307077,0.0,0.4534226059913635,0.0,0.0,0.0,0.0,0.0,1.0,1.6837133169174194,1.0,1.0,1.0,1.0,1.0
0.8037109375,1.0997877002393557,1.5295586585998535,1.1240248020281096,1.1240248020281096,1.1240248020281096,1.1240248020281096,1.0997951354640265,0.0,0.44183439016342163,0.0,0.0,0.0,0.0,0.0,1.0,1.7192213535308838,1.0,1.0,1.0,1.0,1.0
0.8056640625,1.0824143094383778,1.5549862384796143,1.0549396311992716,1.0549396311992716,1.0549396311992716,1.0549396311992716,1.0824204501641916,0.0,0.4319959282875061,0.0,0.0,0.0,0.0,0.0,1.0,1.7548532485961914,1.0,1.0,1.0,1.0,1.0
0.8076171875,1.0642555789648607,1.5821725130081177,1.0549396311992716,1.0549396311992716,1.0549396311992716,1.0549396311992716,1.0642603666758195,0.0,0.4251851439476013,0.0,0.0,0.0,0.0,0.0,1.0,1.7893168926239014,1.0,1.0,1.0,1.0,1.0
0.8095703125,1.045484546384016,1.6091228723526,1.0549396311992716,1.0549396311992716,1.0549396311992716,1.0549396311992716,1.0454879354572242,0.0,0.4221112132072449,0.0,0.0,0.0,0.0,0.0,1.0,1.821174144744873,1.0,1.0,1.0,1.0,1.0
0.8115234375,1.0262800839897532,1.6295181512832642,1.0549396311992716,1.0549396311992716,1.0549396311992716,1.0549396311992716,1.026282042130169,0.0,0.4228519797325134,0.0,0.0,0.0,0.0,0.0,1.0,1.8489773273468018,1.0,1.0,1.0,1.0,1.0
0.8134765625,1.00682519430082,1.6058458089828491,0.9775773941430189,0.9775773941430189,0.9775773941430189,0.9775773941430189,1.006825702848997,0.0,0.4269772469997406,0.0,0.0,0.0,0.0,0.0,1.0,1.8713939189910889,1.0,1.0,1.0,1.0,1.0
0.8154296875,0.9873052661993371,1.5826191902160645,0.9775773941430189,0.9775773941430189,0.9775773941430189,0.9775773941430189,0.9873043203092352,0.0,0.4336897134780884,0.0,0.0,0.0,0.0,0.0,1.0,1.8873354196548462,1.0,1.0,1.0,1.0,1.0
0.8173828125,0.9679063083292853,1.5592232942581177,0.9775773941430189,0.9775773941430189,0.9775773941430189,0.9775773941430189,0.9679039170144488,0.0,0.4306808412075043,0.0,0.0,0.0,0.0,0.0,1.0,1.896072506904602,1.0,1.0,1.0,1.0,1.0
0.8193359375,0.9488131765891741,1.5353596210479736,0.9775773941430189,0.9775773941430189,0.9775773941430189,0.9775773941430189,0.9488093626368399,0.0,0.4295269846916199,0.0,0.0,0.0,0.0,0.0,1.0,1.8973429203033447,1.0,1.0,1.0,1.0,1.0
0.8212890625,0.9302078126094157,1.5110507011413574,0.9035932903144226,0.9035932903144226,0.9035932903144226,0.9035932903144226,0.9302026123633704,0.0,0.43144068121910095,0.0,0.0,0.0,0.0,0.0,1.0,1.8914215564727783,1.0,1.0,1.0,1.0,1.0
0.8232421875,0.9122675100002449,1.4866342544555664,0.9035932903144226,0.9035932903144226,0.9035932903144226,0.9035932903144226,0.9122609730144988,0.0,0.4362993836402893,0.0,0.0,0.0,0.0,0.0,1.0,1.8791210651397705,1.0,1.0,1.0,1.0,1.0
0.8251953125,0.8951632248913963,1.4627243280410767,0.9035932903144226,0.9035932903144226,0.9035932903144226,0.9035932903144226,0.8951554134579749,0.0,0.44371187686920166,0.0,0.0,0.0,0.0,0.0,1.0,1.8617008924484253,1.0,1.0,1.0,1.0,1.0
0.8271484375,0.8790579468626889,1.4401161670684814,0.9035932903144226,0.9035932903144226,0.9035932903144226,0.9035932903144226,0.8790489354180412,0.0,0.45302629470825195,0.0,0.0,0.0,0.0,0.0,1.0,1.8406970500946045,1.0,1.0,1.0,1.0,1.0
0.8291015625,0.8641051457891892,1.419648289680481,0.8441335781392827,0.8441335781392827,0.8441335781392827,0.8441335781392827,0.8640950202048712,0.0,0.46336662769317627,0.0,0.0,0.0,0.0,0.0,1.0,1.8176981210708618,1.0,1.0,1.0,1.0,1.0
0.8310546875,0.8504473094012275,1.4020206928253174,0.8441335781392827,0.8441335781392827,0.8441335781392827,0.8441335781392827,0.8504361661656175,0.0,0.46296852827072144,0.0,0.0,0.0,0.0,0.0,1.0,1.7941174507141113,1.0,1.0,1.0,1.0,1.0
0.8330078125,0.8382145854950978,1.3876140117645264,0.8441335781392827,0.8441335781392827,0.8441335781392827,0.8441335781392827,0.8382025307939429,0.0,0.45530760288238525,0.0,0.0,0.0,0.0,0.0,1.0,1.7709918022155762,1.0,1.0,1.0,1.0,1.0
0.8349609375,0.8275235417330447,1.3763221502304077,0.8441335781392827,0.8441335781392827,0.8441335781392827,0.8441335781392827,0.8275106904375983,0.0,0.4449152946472168,0.0,0.0,0.0,0.0,0.0,1.0,1.7488150596618652,1.0,1.0,1.0,1.0,1.0
0.8369140625,0.8184760548506058,1.3674542903900146,0.8081563078409718,0.8081563078409718,0.8081563078409718,0.8081563078409718,0.8184625294230019,0.0,0.43188393115997314,0.0,0.0,0.0,0.0,0.0,1.0,1.7274351119995117,1.0,1.0,1.0,1.0,1.0
0.8388671875,0.8111583398562425,1.359748363494873,0.8081563078409718,0.8081563078409718,0.8081563078409718,0.8081563078409718,0.8111442691825317,0.0,0.41626691818237305,0.0,0.0,0.0,0.0,0.0,1.0,1.7060468196868896,1.0,1.0,1.0,1.0,1.0
0.8408203125,0.8056401284741731,1.3515297174453735,0.8081563078409718,0.8081563078409718,0.8081563078409718,0.8081563078409718,0.8056256466361476,0.0,0.3981102705001831,0.0,0.0,0.0,0.0,0.0,1.0,1.6833386421203613,1.0,1.0,1.0,1.0,1.0
0.8427734375,0.8019740046591666,1.341033935546875,0.8081563078409718,0.8081563078409718,0.8081563078409718,0.8081563078409718,0.8019592496566709,0.0,0.3775380551815033,0.0,0.0,0.0,0.0,0.0,1.0,1.6578593254089355,1.0,1.0,1.0,1.0,1.0
0.8447265625,0.8001949035152838,1.3268558979034424,0.8010817241943529,0.8010817241943529,0.8010817241943529,0.8010817241943529,0.800180015951193,0.0,0.3548930883407593,0.0,0.0,0.0,0.0,0.0,1.0,1.6285829544067383,1.0,1.0,1.0,1.0,1.0
0.8466796875,0.8003197783934572,1.3084392547607422,0.8010817241943529,0.8010817241943529,0.8010817241943529,0.8010817241943529,0.8003049001338478,0.0,0.33088329434394836,0.0,0.0,0.0,0.0,0.0,1.0,1.5955569744110107,1.0,1.0,1.0,1.0,1.0
0.8486328125,0.8023474393401874,1.2864336967468262,0.8010817241943529,0.8010817241943529,0.8010817241943529,0.8010817241943529,0.8023327121624714,0.0,0.32052817940711975,0.0,0.0,0.0,0.0,0.0,1.0,1.560347318649292,1.0,1.0,1.0,1.0,1.0
0.8505859375,0.8062585644368074,1.2627273797988892,0.8010817241943529,0.8010817241943529,0.8010817241943529,0.8010817241943529,0.8062441286787126,0.0,0.32027149200439453,0.0,0.0,0.0,0.0,0.0,1.0,1.5259859561920166,1.0,1.0,1.0,1.0,1.0
0.8525390625,0.8120158839212636,1.2400705814361572,0.8239756661229172,0.8239756661229172,0.8239756661229172,0.8239756661229172,0.8120018771435318,0.0,0.3220338225364685,0.0,0.0,0.0,0.0,0.0,1.0,1.496337652206421,1.0,1.0,1.0,1.0,1.0
0.8544921875,0.8195645353378791,1.2214243412017822,0.8239756661229172,0.8239756661229172,0.8239756661229172,0.8239756661229172,0.8195510910134269,0.0,0.3261629343032837,0.0,0.0,0.0,0.0,0.0,1.0,1.4751397371292114,1.0,1.0,1.0,1.0,1.0
0.8564453125,0.8288325863308292,1.2093032598495483,0.8239756661229172,0.8239756661229172,0.8239756661229172,0.8239756661229172,0.8288198325728616,0.0,0.332955926656723,0.0,0.0,0.0,0.0,0.0,1.0,1.4651196002960205,1.0,1.0,1.0,1.0,1.0
0.8583984375,0.8397317200995301,1.2053439617156982,0.8239756661229172,0.8239756661229172,0.8239756661229172,0.8239756661229172,0.8397197784407303,0.0,0.34263288974761963,0.0,0.0,0.0,0.0,0.0,1.0,1.4674845933914185,1.0,1.0,1.0,1.0,1.0
0.8603515625,0.8521580769841341,1.210155963897705,0.8733889900956131,0.8733889900956131,0.8733889900956131,0.8733889900956131,0.8521470612185559,0.0,0.3552934527397156,0.0,0.0,0.0,0.0,0.0,1.0,1.4818233251571655,1.0,1.0,1.0,1.0,1.0
0.8623046875,0.8659932441615147,1.22337007522583,0.8733889900956131,0.8733889900956131,0.8733889900956131,0.8733889900956131,0.8659832592602221,0.0,0.3708629608154297,0.0,0.0,0.0,0.0,0.0,1.0,1.503980040550232,1.0,1.0,1.0,1.0,1.0
0.8642578125,0.8811053840207683,1.243787407875061,0.8733889900956131,0.8733889900956131,0.8733889900956131,0.8733889900956131,0.8810965251315479,0.0,0.38904523849487305,0.0,0.0,0.0,0.0,0.0,1.0,1.4857385158538818,1.0,1.0,1.0,1.0,1.0
0.8662109375,0.8973504904657534,1.26958429813385,0.8733889900956131,0.8733889900956131,0.8733889900956131,0.8733889900956131,0.8973428420064352,0.0,0.40930548310279846,0.0,0.0,0.0,0.0,0.0,1.0,1.5182746648788452,1.0,1.0,1.0,1.0,1.0
0.8681640625,0.9145737611731501,1.2985705137252808,0.9418772093892732,0.9418772093892732,0.9418772093892732,0.9418772093892732,0.9145673960271758,0.0,0.43090128898620605,0.0,0.0,0.0,0.0,0.0,1.0,1.5577155351638794,1.0,1.0,1.0,1.0,1.0
0.8701171875,0.932611072729566,1.3285174369812012,0.9418772093892732,0.9418772093892732,0.9418772093892732,0.9418772093892732,0.9326060515514711,0.0,0.4513242244720459,0.0,0.0,0.0,0.0,0.0,1.0,1.6030902862548828,1.0,1.0,1.0,1.0,1.0
0.8720703125,0.9512905445908608,1.3574984073638916,0.9418772093892732,0.9418772093892732,0.9418772093892732,0.9418772093892732,0.951286915228287,0.0,0.47019219398498535,0.0,0.0,0.0,0.0,0.0,1.0,1.6527849435806274,1.0,1.0,1.0,1.0,1.0
0.8740234375,0.9704341769604612,1.3841367959976196,0.9418772093892732,0.9418772093892732,0.9418772093892732,0.9418772093892732,0.970431973998209,0.0,0.48701557517051697,0.0,0.0,0.0,0.0,0.0,1.0,1.6936864852905273,1.0,1.0,1.0,1.0,1.0
0.8759765625,0.9898595469790509,1.4076472520828247,1.0191220616763763,1.0191220616763763,1.0191220616763763,1.0191220616763763,0.9898587914095138,0.0,0.5013527274131775,0.0,0.0,0.0,0.0,0.0,1.0,1.7105282545089722,1.0,1.0,1.0,1.0,1.0
0.8779296875,1.0093815470623604,1.4276710748672485,1.0191220616763763,1.0191220616763763,1.0191220616763763,1.0191220616763763,1.0093822460854864,0.0,0.5130302906036377,0.0,0.0,0.0,0.0,0.0,1.0,1.7228338718414307,1.0,1.0,1.0,1.0,1.0
0.8798828125,1.0288141488221494,1.4524285793304443,1.0191220616763763,1.0191220616763763,1.0191220616763763,1.0191220616763763,1.0288162957768312,0.0,0.5219970345497131,0.0,0.0,0.0,0.0,0.0,1.0,1.7319382429122925,1.0,1.0,1.0,1.0,1.0
0.8818359375,1.0479721757616838,1.4564929008483887,1.0191220616763763,1.0191220616763763,1.0191220616763763,1.0191220616763763,1.0479757501892324,0.0,0.5282117128372192,0.0,0.0,0.0,0.0,0.0,1.0,1.7388436794281006,1.0,1.0,1.0,1.0,1.0
0.8837890625,1.066673067853393,1.4648621082305908,1.0934860323950177,1.0934860323950177,1.0934860323950177,1.0934860323950177,1.0666780356924939,0.0,0.5315983891487122,0.0,0.0,0.0,0.0,0.0,1.0,1.7438832521438599,1.0,1.0,1.0,1.0,1.0
0.8857421875,1.0847386211837642,1.469011664390564,1.0934860323950177,1.0934860323950177,1.0934860323950177,1.0934860323950177,1.0847449350950509,0.0,0.5320699214935303,0.0,0.0,0.0,0.0,0.0,1.0,1.7466963529586792,1.0,1.0,1.0,1.0,1.0
0.8876953125,1.101996686088091,1.4691112041473389,1.0934860323950177,1.0934860323950177,1.0934860323950177,1.0934860323950177,1.1020042859052523,0.0,0.5295853018760681,0.0,0.0,0.0,0.0,0.0,1.0,1.7464511394500732,1.0,1.0,1.0,1.0,1.0
0.8896484375,1.1182828075932876,1.4656991958618164,1.0934860323950177,1.0934860323950177,1.0934860323950177,1.0934860323950177,1.1182916208964007,0.0,0.5242055654525757,0.0,0.0,0.0,0.0,0.0,1.0,1.7421760559082031,1.0,1.0,1.0,1.0,1.0
0.8916015625,1.1334417925366982,1.4596232175827026,1.1537656333321222,1.1537656333321222,1.1537656333321222,1.1537656333321222,1.1334517353423308,0.0,0.5161228179931641,0.0,0.0,0.0,0.0,0.0,1.0,1.7330762147903442,1.0,1.0,1.0,1.0,1.0
0.8935546875,1.1473291884275765,1.4518615007400513,1.1537656333321222,1.1537656333321222,1.1537656333321222,1.1537656333321222,1.147340165989079,0.0,0.505659282207489,0.0,0.0,0.0,0.0,0.0,1.0,1.718765377998352,1.0,1.0,1.0,1.0,1.0
0.8955078125,1.1598126599589151,1.443320870399475,1.1537656333321222,1.1537656333321222,1.1537656333321222,1.1537656333321222,1.1598245676692764,0.0,0.49325326085090637,0.0,0.0,0.0,0.0,0.0,1.0,1.6993842124938965,1.0,1.0,1.0,1.0,1.0
0.8974609375,1.170773250052612,1.4347156286239624,1.1537656333321222,1.1537656333321222,1.1537656333321222,1.1537656333321222,1.1707859744412783,0.0,0.47943830490112305,0.0,0.0,0.0,0.0,0.0,1.0,1.6755987405776978,1.0,1.0,1.0,1.0,1.0
0.8994140625,1.180106513421269,1.4265776872634888,1.1908792918919646,1.1908792918919646,1.1908792918919646,1.1908792918919646,1.1801199332354222,0.0,0.4648263156414032,0.0,0.0,0.0,0.0,0.0,1.0,1.6485143899917603,1.0,1.0,1.0,1.0,1.0
0.9013671875,1.1877235118447196,1.4193872213363647,1.1908792918919646,1.1908792918919646,1.1908792918919646,1.1908792918919646,1.1877374992047174,0.0,0.45008575916290283,0.0,0.0,0.0,0.0,0.0,1.0,1.6195443868637085,1.0,1.0,1.0,1.0,1.0
0.9033203125,1.1935516616771342,1.4089570045471191,1.1908792918919646,1.1908792918919646,1.1908792918919646,1.1908792918919646,1.193566083295095,0.0,0.43590638041496277,0.0,0.0,0.0,0.0,0.0,1.0,1.59026300907135,1.0,1.0,1.0,1.0,1.0
0.9052734375,1.1975354255086614,1.389877200126648,1.1908792918919646,1.1908792918919646,1.1908792918919646,1.1908792918919646,1.1975501439585867,0.0,0.42294570803642273,0.0,0.0,0.0,0.0,0.0,1.0,1.5622742176055908,1.0,1.0,1.0,1.0,1.0
0.9072265625,1.1996368413906509,1.3834322690963745,1.1992355579112328,1.1992355579112328,1.1992355579112328,1.1992355579112328,1.1996517164179816,0.0,0.41176268458366394,0.0,0.0,0.0,0.0,0.0,1.0,1.5370893478393555,1.0,1.0,1.0,1.0,1.0
0.9091796875,1.1998358845813815,1.4020661115646362,1.1992355579112328,1.1992355579112328,1.1992355579112328,1.1992355579112328,1.1998507744395066,0.0,0.4027560353279114,0.0,0.0,0.0,0.0,0.0,1.0,1.5160220861434937,1.0,1.0,1.0,1.0,1.0
0.9111328125,1.1981306583651583,1.4237664937973022,1.1992355579112328,1.1992355579112328,1.1992355579112328,1.1992355579112328,1.1981454211661409,0.0,0.3961257338523865,0.0,0.0,0.0,0.0,0.0,1.0,1.5001037120819092,1.0,1.0,1.0,1.0,1.0
0.9130859375,1.1945374121264312,1.4432768821716309,1.1992355579112328,1.1992355579112328,1.1992355579112328,1.1992355579112328,1.1945519071930837,0.0,0.3918704688549042,0.0,0.0,0.0,0.0,0.0,1.0,1.4900213479995728,1.0,1.0,1.0,1.0,1.0
0.9150390625,1.1890903865067064,1.4678065776824951,1.177575497433772,1.177575497433772,1.177575497433772,1.177575497433772,1.189104475713126,0.0,0.3898219168186188,0.0,0.0,0.0,0.0,0.0,1.0,1.4861018657684326,1.0,1.0,1.0,1.0,1.0
0.9169921875,1.1818414871197747,1.4996007680892944,1.177575497433772,1.177575497433772,1.177575497433772,1.177575497433772,1.181855036207568,0.0,0.38970160484313965,0.0,0.0,0.0,0.0,0.0,1.0,1.4883379936218262,1.0,1.0,1.0,1.0,1.0
0.9189453125,1.1728597899344761,1.5303922891616821,1.177575497433772,1.177575497433772,1.177575497433772,1.177575497433772,1.1728726697921306,0.0,0.39118584990501404,0.0,0.0,0.0,0.0,0.0,1.0,1.4964619874954224,1.0,1.0,1.0,1.0,1.0
0.9208984375,1.1622308830382981,1.5572422742843628,1.177575497433772,1.177575497433772,1.177575497433772,1.177575497433772,1.1622429709315059,0.0,0.39395925402641296,0.0,0.0,0.0,0.0,0.0,1.0,1.5100443363189697,1.0,1.0,1.0,1.0,1.0
0.9228515625,1.1500560510542406,1.5816116333007812,1.129162360524212,1.129162360524212,1.129162360524212,1.129162360524212,1.1500672317954557,0.0,0.3977470099925995,0.0,0.0,0.0,0.0,0.0,1.0,1.5285717248916626,1.0,1.0,1.0,1.0,1.0
0.9248046875,1.1364513099827858,1.607625126838684,1.129162360524212,1.129162360524212,1.129162360524212,1.129162360524212,1.136461477028864,0.0,0.40232324600219727,0.0,0.0,0.0,0.0,0.0,1.0,1.5514661073684692,1.0,1.0,1.0,1.0,1.0
0.9267578125,1.1215463016661196,1.6593132019042969,1.129162360524212,1.129162360524212,1.129162360524212,1.129162360524212,1.1215553581335866,0.0,0.4133181571960449,0.0,0.0,0.0,0.0,0.0,1.0,1.5780181884765625,1.0,1.0,1.0,1.0,1.0
0.9287109375,1.1054830584094375,1.709790587425232,1.129162360524212,1.129162360524212,1.129162360524212,1.129162360524212,1.1054909179977073,0.0,0.42987319827079773,0.0,0.0,0.0,0.0,0.0,1.0,1.6072447299957275,1.0,1.0,1.0,1.0,1.0
0.9306640625,1.0884146495314666,1.7565408945083618,1.0612899482461944,1.0612899482461944,1.0612899482461944,1.0612899482461944,1.088421237345214,0.0,0.4456266164779663,0.0,0.0,0.0,0.0,0.0,1.0,1.63774573802948,1.0,1.0,1.0,1.0,1.0
0.9326171875,1.0705037227414498,1.7972139120101929,1.0612899482461944,1.0612899482461944,1.0612899482461944,1.0612899482461944,1.0705089760043014,0.0,0.46024221181869507,0.0,0.0,0.0,0.0,0.0,1.0,1.6676506996154785,1.0,1.0,1.0,1.0,1.0
0.9345703125,1.0519209542420516,1.8299058675765991,1.0612899482461944,1.0612899482461944,1.0612899482461944,1.0612899482461944,1.0519248228947913,0.0,0.4734452962875366,0.0,0.0,0.0,0.0,0.0,1.0,1.6947349309921265,1.0,1.0,1.0,1.0,1.0
0.9365234375,1.0328434223274132,1.853373408317566,1.0612899482461944,1.0612899482461944,1.0612899482461944,1.0612899482461944,1.0328458695050051,0.0,0.48506760597229004,0.0,0.0,0.0,0.0,0.0,1.0,1.7167109251022339,1.0,1.0,1.0,1.0,1.0
0.9384765625,1.0134529199746138,1.8451601266860962,0.9841837469959038,0.9841837469959038,0.9841837469959038,0.9841837469959038,1.013453922357495,0.0,0.49508512020111084,0.0,0.0,0.0,0.0,0.0,1.0,1.7316017150878906,1.0,1.0,1.0,1.0,1.0
0.9404296875,0.9939342225081311,1.8233658075332642,0.9841837469959038,0.9841837469959038,0.9841837469959038,0.9841837469959038,0.9939337705444287,0.0,0.5036248564720154,0.0,0.0,0.0,0.0,0.0,1.0,1.7380588054656982,1.0,1.0,1.0,1.0,1.0
0.9423828125,0.9744733268450202,1.7908248901367188,0.9841837469959038,0.9841837469959038,0.9841837469959038,0.9841837469959038,0.9744714248415713,0.0,0.508648157119751,0.0,0.0,0.0,0.0,0.0,1.0,1.735532522201538,1.0,1.0,1.0,1.0,1.0
0.9443359375,0.9552556790993298,1.7490314245224,0.9841837469959038,0.9841837469959038,0.9841837469959038,0.9841837469959038,0.9552523451806421,0.0,0.5127505660057068,0.0,0.0,0.0,0.0,0.0,1.0,1.7242693901062012,1.0,1.0,1.0,1.0,1.0
0.9462890625,0.9364644074352156,1.6997051239013672,0.9094603825198468,0.9094603825198468,0.9094603825198468,0.9094603825198468,0.9364596733707549,0.0,0.5180314779281616,0.0,0.0,0.0,0.0,0.0,1.0,1.7051926851272583,1.0,1.0,1.0,1.0,1.0
0.9482421875,0.9182785770081807,1.6447216272354126,0.9094603825198468,0.9094603825198468,0.9094603825198468,0.9094603825198468,0.9182724879096352,0.0,0.5244445204734802,0.0,0.0,0.0,0.0,0.0,1.0,1.702110767364502,1.0,1.0,1.0,1.0,1.0
0.9501953125,0.9008714836234047,1.5860525369644165,0.9094603825198468,0.9094603825198468,0.9094603825198468,0.9094603825198468,0.9008640975148082,0.0,0.5318046808242798,0.0,0.0,0.0,0.0,0.0,1.0,1.7140041589736938,1.0,1.0,1.0,1.0,1.0
0.9521484375,0.8844090023711699,1.583940863609314,0.9094603825198468,0.9094603825198468,0.9094603825198468,0.9094603825198468,0.8844003896359807,0.0,0.5397909879684448,0.0,0.0,0.0,0.0,0.0,1.0,1.7249531745910645,1.0,1.0,1.0,1.0,1.0
0.9541015625,0.8690480069755168,1.5922305583953857,0.8483774883878638,0.8483774883878638,0.8483774883878638,0.8483774883878638,0.8690382496859218,0.0,0.5460090637207031,0.0,0.0,0.0,0.0,0.0,1.0,1.735153079032898,1.0,1.0,1.0,1.0,1.0
0.9560546875,0.8549348749184156,1.603450894355774,0.8483774883878638,0.8483774883878638,0.8483774883878638,0.8483774883878638,0.8549240660532517,0.0,0.5517833232879639,0.0,0.0,0.0,0.0,0.0,1.0,1.7447574138641357,1.0,1.0,1.0,1.0,1.0
0.9580078125,0.8422040925843757,1.6168699264526367,0.8483774883878638,0.8483774883878638,0.8483774883878638,0.8483774883878638,0.842192335143118,0.0,0.5572803020477295,0.0,0.0,0.0,0.0,0.0,1.0,1.7538057565689087,1.0,1.0,1.0,1.0,1.0
0.9599609375,0.8309769737173032,1.6241449117660522,0.8483774883878638,0.8483774883878638,0.8483774883878638,0.8483774883878638,0.8309643797385666,0.0,0.5622080564498901,0.0,0.0,0.0,0.0,0.0,1.0,1.762118935585022,1.0,1.0,1.0,1.0,1.0
0.9619140625,0.8213605034016414,1.590411901473999,0.8101376593217646,0.8101376593217646,0.8101376593217646,0.8101376593217646,0.8213471928955458,0.0,0.5662628412246704,0.0,0.0,0.0,0.0,0.0,1.0,1.7692173719406128,1.0,1.0,1.0,1.0,1.0
0.9638671875,0.813446318583695,1.556663990020752,0.8101376593217646,0.8101376593217646,0.8101376593217646,0.8101376593217646,0.8134324183882679,0.0,0.569164514541626,0.0,0.0,0.0,0.0,0.0,1.0,1.7742908000946045,1.0,1.0,1.0,1.0,1.0
0.9658203125,0.8073098348479133,1.5228790044784546,0.8101376593217646,0.8101376593217646,0.8101376593217646,0.8101376593217646,0.8072954774204312,0.0,0.5706865787506104,0.0,0.0,0.0,0.0,0.0,1.0,1.7762490510940552,1.0,1.0,1.0,1.0,1.0
0.9677734375,0.8030095277692353,1.48895263671875,0.8101376593217646,0.8101376593217646,0.8101376593217646,0.8101376593217646,0.8029948499240145,0.0,0.570682942867279,0.0,0.0,0.0,0.0,0.0,1.0,1.773827075958252,1.0,1.0,1.0,1.0,1.0
0.9697265625,0.8005863756896023,1.4546847343444824,0.80050201149208,0.80050201149208,0.80050201149208,0.80050201149208,0.8005715172942727,0.0,0.5691075921058655,0.0,0.0,0.0,0.0,0.0,1.0,1.765731692314148,1.0,1.0,1.0,1.0,1.0
0.9716796875,0.8000634692285156,1.4197282791137695,0.80050201149208,0.80050201149208,0.80050201149208,0.80050201149208,0.8000485718711996,0.0,0.5660077333450317,0.0,0.0,0.0,0.0,0.0,1.0,1.7484421730041504,1.0,1.0,1.0,1.0,1.0
0.9736328125,0.8014457912486812,1.383443832397461,0.80050201149208,0.80050201149208,0.80050201149208,0.80050201149208,0.8014309968887761,0.0,0.5614581108093262,0.0,0.0,0.0,0.0,0.0,1.0,1.707923173904419,1.0,1.0,1.0,1.0,1.0
0.9755859375,0.8047201693734805,1.3446921110153198,0.80050201149208,0.80050201149208,0.80050201149208,0.80050201149208,0.8047056189889045,0.0,0.5554201602935791,0.0,0.0,0.0,0.0,0.0,1.0,1.6679344177246094,1.0,1.0,1.0,1.0,1.0
0.9775390625,0.8098554015087405,1.3017451763153076,0.8209222272907262,0.8209222272907262,0.8209222272907262,0.8209222272907262,0.8098412337525305,0.0,0.5475672483444214,0.0,0.0,0.0,0.0,0.0,1.0,1.625646710395813,1.0,1.0,1.0,1.0,1.0
0.9794921875,0.8168025531726826,1.252707839012146,0.8209222272907262,0.8209222272907262,0.8209222272907262,0.8209222272907262,0.8167889030517453,0.0,0.53724604845047,0.0,0.0,0.0,0.0,0.0,1.0,1.57725191116333,1.0,1.0,1.0,1.0,1.0
0.9814453125,0.8254954238007444,1.1966552734375,0.8209222272907262,0.8209222272907262,0.8209222272907262,0.8209222272907262,0.8254824213893546,0.0,0.5237956047058105,0.0,0.0,0.0,0.0,0.0,1.0,1.5194149017333984,1.0,1.0,1.0,1.0,1.0
0.9833984375,0.8358511775817785,1.1349376440048218,0.8209222272907262,0.8209222272907262,0.8209222272907262,0.8209222272907262,0.8358389467820786,0.0,0.5072142481803894,0.0,0.0,0.0,0.0,0.0,1.0,1.5095155239105225,1.0,1.0,1.0,1.0,1.0
0.9853515625,0.8477711328142856,1.113965630531311,0.868321848524337,0.868321848524337,0.868321848524337,0.868321848524337,0.8477597901756014,0.0,0.48871910572052,0.0,0.0,0.0,0.0,0.0,1.0,1.456968903541565,1.0,1.0,1.0,1.0,1.0
0.9873046875,0.8611417022607725,1.1321913003921509,0.868321848524337,0.868321848524337,0.868321848524337,0.868321848524337,0.8611313558689964,0.0,0.4706200361251831,0.0,0.0,0.0,0.0,0.0,1.0,1.4078186750411987,1.0,1.0,1.0,1.0,1.0
0.9892578125,0.8758354755394462,1.1551532745361328,0.868321848524337,0.868321848524337,0.868321848524337,0.868321848524337,0.8758262239870676,0.0,0.4554518461227417,0.0,0.0,0.0,0.0,0.0,1.0,1.3645728826522827,1.0,1.0,1.0,1.0,1.0
0.9912109375,0.891712433238949,1.1806151866912842,0.868321848524337,0.868321848524337,0.868321848524337,0.868321848524337,0.89170436468555,0.0,0.44494110345840454,0.0,0.0,0.0,0.0,0.0,1.0,1.3290092945098877,1.0,1.0,1.0,1.0,1.0
0.9931640625,0.9086212811866344,1.2060571908950806,0.9355597678439764,0.9355597678439764,0.9355597678439764,0.9355597678439764,0.9086144725188036,0.0,0.439474493265152,0.0,0.0,0.0,0.0,0.0,1.0,1.3020247220993042,1.0,1.0,1.0,1.0,1.0
0.9951171875,0.9264008921559237,1.2292932271957397,0.9355597678439764,0.9355597678439764,0.9355597678439764,0.9355597678439764,0.9263954082545903,0.0,0.43827107548713684,0.0,0.0,0.0,0.0,0.0,1.0,1.2836562395095825,1.0,1.0,1.0,1.0,1.0
0.9970703125,0.944881841274466,1.2338634729385376,0.9355597678439764,0.9355597678439764,0.9355597678439764,0.9355597678439764,0.9448777343966385,0.0,0.43997058272361755,0.0,0.0,0.0,0.0,0.0,1.0,1.273239016532898,1.0,1.0,1.0,1.0,1.0
0.9990234375,0.9638880205019473,1.21933913230896,0.9355597678439764,0.9355597678439764,0.9355597678439764,0.9355597678439764,0.9638853297827481,0.0,0.44321539998054504,0.0,0.0,0.0,0.0,0.0,1.0,1.269647479057312,1.0,1.0,1.0,1.0,1.0
