x,reference_density,fno_operator_density,hllc_piecewise_constant_density,hllc_fixed_mc_subcell_density,physics_gated_dkan_fv_sod_neighbourhood_density,sensor_gated_dkan_fv_engineering_tv_trust_0.02_density,hllc_muscl_fine_density,reference_velocity,fno_operator_velocity,hllc_piecewise_constant_velocity,hllc_fixed_mc_subcell_velocity,physics_gated_dkan_fv_sod_neighbourhood_velocity,sensor_gated_dkan_fv_engineering_tv_trust_0.02_velocity,hllc_muscl_fine_velocity,reference_pressure,fno_operator_pressure,hllc_piecewise_constant_pressure,hllc_fixed_mc_subcell_pressure,physics_gated_dkan_fv_sod_neighbourhood_pressure,sensor_gated_dkan_fv_engineering_tv_trust_0.02_pressure,hllc_muscl_fine_pressure
0.0009765625,1.0,0.9989569187164307,1.0,1.0,1.0,1.0,1.0,0.0,-0.14759555459022522,0.0,0.0,0.0,0.0,0.0,1.0,0.952860414981842,1.0,1.0,1.0,1.0,1.0
0.0029296875,1.0,1.0519745349884033,1.0,1.0,1.0,1.0,1.0,0.0,-0.1300961971282959,0.0,0.0,0.0,0.0,0.0,1.0,0.9956039786338806,1.0,1.0,1.0,1.0,1.0
0.0048828125,1.0,1.0963349342346191,1.0,1.0,1.0,1.0,1.0,0.0,-0.11341047286987305,0.0,0.0,0.0,0.0,0.0,1.0,1.0286704301834106,1.0,1.0,1.0,1.0,1.0
0.0068359375,1.0,1.1314648389816284,1.0,1.0,1.0,1.0,1.0,0.0,-0.09756171703338623,0.0,0.0,0.0,0.0,0.0,1.0,1.0523850917816162,1.0,1.0,1.0,1.0,1.0
0.0087890625,1.0,1.1573899984359741,1.0,1.0,1.0,1.0,1.0,0.0,-0.08257061243057251,0.0,0.0,0.0,0.0,0.0,1.0,1.0676532983779907,1.0,1.0,1.0,1.0,1.0
0.0107421875,1.0,1.173064112663269,1.0,1.0,1.0,1.0,1.0,0.0,-0.07874497771263123,0.0,0.0,0.0,0.0,0.0,1.0,1.0758190155029297,1.0,1.0,1.0,1.0,1.0
0.0126953125,1.0,1.1755858659744263,1.0,1.0,1.0,1.0,1.0,0.0,-0.07491740584373474,0.0,0.0,0.0,0.0,0.0,1.0,1.0784962177276611,1.0,1.0,1.0,1.0,1.0
0.0146484375,1.0,1.1718546152114868,1.0,1.0,1.0,1.0,1.0,0.0,-0.0702759325504303,0.0,0.0,0.0,0.0,0.0,1.0,1.077388048171997,1.0,1.0,1.0,1.0,1.0
0.0166015625,1.0,1.1639456748962402,1.0,1.0,1.0,1.0,1.0,0.0,-0.06460607051849365,0.0,0.0,0.0,0.0,0.0,1.0,1.0741043090820312,1.0,1.0,1.0,1.0,1.0
0.0185546875,1.0,1.1536400318145752,1.0,1.0,1.0,1.0,1.0,0.0,-0.05709370970726013,0.0,0.0,0.0,0.0,0.0,1.0,1.0700141191482544,1.0,1.0,1.0,1.0,1.0
0.0205078125,1.0,1.142298936843872,1.0,1.0,1.0,1.0,1.0,0.0,-0.05066734552383423,0.0,0.0,0.0,0.0,0.0,1.0,1.066152811050415,1.0,1.0,1.0,1.0,1.0
0.0224609375,1.0,1.1308629512786865,1.0,1.0,1.0,1.0,1.0,0.0,-0.0453433096408844,0.0,0.0,0.0,0.0,0.0,1.0,1.0631937980651855,1.0,1.0,1.0,1.0,1.0
0.0244140625,1.0,1.119925618171692,1.0,1.0,1.0,1.0,1.0,0.0,-0.04112434387207031,0.0,0.0,0.0,0.0,0.0,1.0,1.0614850521087646,1.0,1.0,1.0,1.0,1.0
0.0263671875,1.0,1.109835147857666,1.0,1.0,1.0,1.0,1.0,0.0,-0.037996888160705566,0.0,0.0,0.0,0.0,0.0,1.0,1.0611209869384766,1.0,1.0,1.0,1.0,1.0
0.0283203125,1.0,1.1007835865020752,1.0,1.0,1.0,1.0,1.0,0.0,-0.03592240810394287,0.0,0.0,0.0,0.0,0.0,1.0,1.0620312690734863,1.0,1.0,1.0,1.0,1.0
0.0302734375,1.0,1.0928665399551392,1.0,1.0,1.0,1.0,1.0,0.0,-0.0348266065120697,0.0,0.0,0.0,0.0,0.0,1.0,1.0640575885772705,1.0,1.0,1.0,1.0,1.0
0.0322265625,1.0,1.0861127376556396,1.0,1.0,1.0,1.0,1.0,0.0,-0.03458699584007263,0.0,0.0,0.0,0.0,0.0,1.0,1.0670056343078613,1.0,1.0,1.0,1.0,1.0
0.0341796875,1.0,1.0804953575134277,1.0,1.0,1.0,1.0,1.0,0.0,-0.035025328397750854,0.0,0.0,0.0,0.0,0.0,1.0,1.070668339729309,1.0,1.0,1.0,1.0,1.0
0.0361328125,1.0,1.0759354829788208,1.0,1.0,1.0,1.0,1.0,0.0,-0.035909831523895264,0.0,0.0,0.0,0.0,0.0,1.0,1.074824571609497,1.0,1.0,1.0,1.0,1.0
0.0380859375,1.0,1.0723016262054443,1.0,1.0,1.0,1.0,1.0,0.0,-0.03696885704994202,0.0,0.0,0.0,0.0,0.0,1.0,1.0792255401611328,1.0,1.0,1.0,1.0,1.0
0.0400390625,1.0,1.0694135427474976,1.0,1.0,1.0,1.0,1.0,0.0,-0.037917882204055786,0.0,0.0,0.0,0.0,0.0,1.0,1.083582878112793,1.0,1.0,1.0,1.0,1.0
0.0419921875,1.0,1.0670510530471802,1.0,1.0,1.0,1.0,1.0,0.0,-0.03849470615386963,0.0,0.0,0.0,0.0,0.0,1.0,1.0875684022903442,1.0,1.0,1.0,1.0,1.0
0.0439453125,1.0,1.0649662017822266,1.0,1.0,1.0,1.0,1.0,0.0,-0.038495004177093506,0.0,0.0,0.0,0.0,0.0,1.0,1.0908304452896118,1.0,1.0,1.0,1.0,1.0
0.0458984375,1.0,1.0633412599563599,1.0,1.0,1.0,1.0,1.0,0.0,-0.03780001401901245,0.0,0.0,0.0,0.0,0.0,1.0,1.0930293798446655,1.0,1.0,1.0,1.0,1.0
0.0478515625,1.0,1.066375732421875,1.0,1.0,1.0,1.0,1.0,0.0,-0.03639090061187744,0.0,0.0,0.0,0.0,0.0,1.0,1.0938771963119507,1.0,1.0,1.0,1.0,1.0
0.0498046875,1.0,1.067889928817749,1.0,1.0,1.0,1.0,1.0,0.0,-0.0343438982963562,0.0,0.0,0.0,0.0,0.0,1.0,1.0931798219680786,1.0,1.0,1.0,1.0,1.0
0.0517578125,1.0,1.0674149990081787,1.0,1.0,1.0,1.0,1.0,0.0,-0.031811416149139404,0.0,0.0,0.0,0.0,0.0,1.0,1.0908656120300293,1.0,1.0,1.0,1.0,1.0
0.0537109375,1.0,1.0646871328353882,1.0,1.0,1.0,1.0,1.0,0.0,-0.028992295265197754,0.0,0.0,0.0,0.0,0.0,1.0,1.0869948863983154,1.0,1.0,1.0,1.0,1.0
0.0556640625,1.0,1.0597094297409058,1.0,1.0,1.0,1.0,1.0,0.0,-0.026096880435943604,0.0,0.0,0.0,0.0,0.0,1.0,1.0817463397979736,1.0,1.0,1.0,1.0,1.0
0.0576171875,1.0,1.052770733833313,1.0,1.0,1.0,1.0,1.0,0.0,-0.023318082094192505,0.0,0.0,0.0,0.0,0.0,1.0,1.0753843784332275,1.0,1.0,1.0,1.0,1.0
0.0595703125,1.0,1.0444093942642212,1.0,1.0,1.0,1.0,1.0,0.0,-0.020809262990951538,0.0,0.0,0.0,0.0,0.0,1.0,1.0682117938995361,1.0,1.0,1.0,1.0,1.0
0.0615234375,1.0,1.035322666168213,1.0,1.0,1.0,1.0,1.0,0.0,-0.018673807382583618,0.0,0.0,0.0,0.0,0.0,1.0,1.0605220794677734,1.0,1.0,1.0,1.0,1.0
0.0634765625,1.0,1.0297495126724243,1.0,1.0,1.0,1.0,1.0,0.0,-0.01696506142616272,0.0,0.0,0.0,0.0,0.0,1.0,1.0525633096694946,1.0,1.0,1.0,1.0,1.0
0.0654296875,1.0,1.0264300107955933,1.0,1.0,1.0,1.0,1.0,0.0,-0.015695303678512573,0.0,0.0,0.0,0.0,0.0,1.0,1.0445233583450317,1.0,1.0,1.0,1.0,1.0
0.0673828125,1.0,1.023805856704712,1.0,1.0,1.0,1.0,1.0,0.0,-0.014846980571746826,0.0,0.0,0.0,0.0,0.0,1.0,1.03654146194458,1.0,1.0,1.0,1.0,1.0
0.0693359375,1.0,1.0219123363494873,1.0,1.0,1.0,1.0,1.0,0.0,-0.014386087656021118,0.0,0.0,0.0,0.0,0.0,1.0,1.0287365913391113,1.0,1.0,1.0,1.0,1.0
0.0712890625,1.0,1.02072012424469,1.0,1.0,1.0,1.0,1.0,0.0,-0.014271080493927002,0.0,0.0,0.0,0.0,0.0,1.0,1.0212419033050537,1.0,1.0,1.0,1.0,1.0
0.0732421875,1.0,1.0148018598556519,1.0,1.0,1.0,1.0,1.0,0.0,-0.01445820927619934,0.0,0.0,0.0,0.0,0.0,1.0,1.014227032661438,1.0,1.0,1.0,1.0,1.0
0.0751953125,1.0,1.0083962678909302,1.0,1.0,1.0,1.0,1.0,0.0,-0.014900684356689453,0.0,0.0,0.0,0.0,0.0,1.0,1.0078974962234497,1.0,1.0,1.0,1.0,1.0
0.0771484375,1.0,1.0030511617660522,1.0,1.0,1.0,1.0,1.0,0.0,-0.015545308589935303,0.0,0.0,0.0,0.0,0.0,1.0,1.00247061252594,1.0,1.0,1.0,1.0,1.0
0.0791015625,1.0,1.0002572536468506,1.0,1.0,1.0,1.0,1.0,0.0,-0.016326159238815308,0.0,0.0,0.0,0.0,0.0,1.0,0.9981369972229004,1.0,1.0,1.0,1.0,1.0
0.0810546875,1.0,1.002638578414917,1.0,1.0,1.0,1.0,1.0,0.0,-0.0171625018119812,0.0,0.0,0.0,0.0,0.0,1.0,0.998163640499115,1.0,1.0,1.0,1.0,1.0
0.0830078125,1.0,1.005629301071167,1.0,1.0,1.0,1.0,1.0,0.0,-0.01795893907546997,0.0,0.0,0.0,0.0,0.0,1.0,1.002502202987671,1.0,1.0,1.0,1.0,1.0
0.0849609375,1.0,1.0090276002883911,1.0,1.0,1.0,1.0,1.0,0.0,-0.018614262342453003,0.0,0.0,0.0,0.0,0.0,1.0,1.0069100856781006,1.0,1.0,1.0,1.0,1.0
0.0869140625,1.0,1.0125999450683594,1.0,1.0,1.0,1.0,1.0,0.0,-0.019033104181289673,0.0,0.0,0.0,0.0,0.0,1.0,1.011175274848938,1.0,1.0,1.0,1.0,1.0
0.0888671875,1.0,1.0160709619522095,1.0,1.0,1.0,1.0,1.0,0.0,-0.019142240285873413,0.0,0.0,0.0,0.0,0.0,1.0,1.0150970220565796,1.0,1.0,1.0,1.0,1.0
0.0908203125,1.0,1.0191407203674316,1.0,1.0,1.0,1.0,1.0,0.0,-0.018904417753219604,0.0,0.0,0.0,0.0,0.0,1.0,1.0184978246688843,1.0,1.0,1.0,1.0,1.0
0.0927734375,1.0,1.0215250253677368,1.0,1.0,1.0,1.0,1.0,0.0,-0.01832813024520874,0.0,0.0,0.0,0.0,0.0,1.0,1.0212377309799194,1.0,1.0,1.0,1.0,1.0
0.0947265625,1.0,1.0227607488632202,1.0,1.0,1.0,1.0,1.0,0.0,-0.01746883988380432,0.0,0.0,0.0,0.0,0.0,1.0,1.0232232809066772,1.0,1.0,1.0,1.0,1.0
0.0966796875,1.0,1.0215247869491577,1.0,1.0,1.0,1.0,1.0,0.0,-0.01642271876335144,0.0,0.0,0.0,0.0,0.0,1.0,1.0244157314300537,1.0,1.0,1.0,1.0,1.0
0.0986328125,1.0,1.0199722051620483,1.0,1.0,1.0,1.0,1.0,0.0,-0.015313446521759033,0.0,0.0,0.0,0.0,0.0,1.0,1.0248329639434814,1.0,1.0,1.0,1.0,1.0
0.1005859375,1.0,1.0182056427001953,1.0,1.0,1.0,1.0,1.0,0.0,-0.01427564024925232,0.0,0.0,0.0,0.0,0.0,1.0,1.0245462656021118,1.0,1.0,1.0,1.0,1.0
0.1025390625,1.0,1.016355276107788,1.0,1.0,1.0,1.0,1.0,0.0,-0.013436317443847656,0.0,0.0,0.0,0.0,0.0,1.0,1.0236707925796509,1.0,1.0,1.0,1.0,1.0
0.1044921875,1.0,1.014563798904419,1.0,1.0,1.0,1.0,1.0,0.0,-0.012839794158935547,0.0,0.0,0.0,0.0,0.0,1.0,1.022354006767273,1.0,1.0,1.0,1.0,1.0
0.1064453125,1.0,1.0129703283309937,1.0,1.0,1.0,1.0,1.0,0.0,-0.011480867862701416,0.0,0.0,0.0,0.0,0.0,1.0,1.0207618474960327,1.0,1.0,1.0,1.0,1.0
0.1083984375,1.0,1.011547565460205,1.0,1.0,1.0,1.0,1.0,0.0,-0.01048266887664795,0.0,0.0,0.0,0.0,0.0,1.0,1.019061803817749,1.0,1.0,1.0,1.0,1.0
0.1103515625,1.0,1.009670376777649,1.0,1.0,1.0,1.0,1.0,0.0,-0.009897947311401367,0.0,0.0,0.0,0.0,0.0,1.0,1.017411470413208,1.0,1.0,1.0,1.0,1.0
0.1123046875,1.0,1.0085744857788086,1.0,1.0,1.0,1.0,1.0,0.0,-0.009757250547409058,0.0,0.0,0.0,0.0,0.0,1.0,1.015944480895996,1.0,1.0,1.0,1.0,1.0
0.1142578125,1.0,1.0084550380706787,1.0,1.0,1.0,1.0,1.0,0.0,-0.010057687759399414,0.0,0.0,0.0,0.0,0.0,1.0,1.0147621631622314,1.0,1.0,1.0,1.0,1.0
0.1162109375,1.0,1.009442687034607,1.0,1.0,1.0,1.0,1.0,0.0,-0.010754615068435669,0.0,0.0,0.0,0.0,0.0,1.0,1.0139304399490356,1.0,1.0,1.0,1.0,1.0
0.1181640625,1.0,1.0111106634140015,1.0,1.0,1.0,1.0,1.0,0.0,-0.01176115870475769,0.0,0.0,0.0,0.0,0.0,1.0,1.0134795904159546,1.0,1.0,1.0,1.0,1.0
0.1201171875,1.0,1.0117255449295044,1.0,1.0,1.0,1.0,1.0,0.0,-0.01295521855354309,0.0,0.0,0.0,0.0,0.0,1.0,1.0134100914001465,1.0,1.0,1.0,1.0,1.0
0.1220703125,1.0,1.0123006105422974,1.0,1.0,1.0,1.0,1.0,0.0,-0.014195829629898071,0.0,0.0,0.0,0.0,0.0,1.0,1.0137014389038086,1.0,1.0,1.0,1.0,1.0
0.1240234375,1.0,1.012708306312561,1.0,1.0,1.0,1.0,1.0,0.0,-0.0153425931930542,0.0,0.0,0.0,0.0,0.0,1.0,1.014318823814392,1.0,1.0,1.0,1.0,1.0
0.1259765625,1.0,1.012839913368225,1.0,1.0,1.0,1.0,1.0,0.0,-0.016273856163024902,0.0,0.0,0.0,0.0,0.0,1.0,1.0152205228805542,1.0,1.0,1.0,1.0,1.0
0.1279296875,1.0,1.0126101970672607,1.0,1.0,1.0,1.0,1.0,0.0,-0.016901403665542603,0.0,0.0,0.0,0.0,0.0,1.0,1.016359567642212,1.0,1.0,1.0,1.0,1.0
0.1298828125,1.0,1.0119547843933105,1.0,1.0,1.0,1.0,1.0,0.0,-0.017177164554595947,0.0,0.0,0.0,0.0,0.0,1.0,1.0176836252212524,1.0,1.0,1.0,1.0,1.0
0.1318359375,1.0,1.0108249187469482,1.0,1.0,1.0,1.0,1.0,0.0,-0.01709398627281189,0.0,0.0,0.0,0.0,0.0,1.0,1.0191305875778198,1.0,1.0,1.0,1.0,1.0
0.1337890625,1.0,1.0091856718063354,1.0,1.0,1.0,1.0,1.0,0.0,-0.01668146252632141,0.0,0.0,0.0,0.0,0.0,1.0,1.0206280946731567,1.0,1.0,1.0,1.0,1.0
0.1357421875,1.0,1.0070170164108276,1.0,1.0,1.0,1.0,1.0,0.0,-0.01600000262260437,0.0,0.0,0.0,0.0,0.0,1.0,1.0220906734466553,1.0,1.0,1.0,1.0,1.0
0.1376953125,1.0,1.0050582885742188,1.0,1.0,1.0,1.0,1.0,0.0,-0.01513323187828064,0.0,0.0,0.0,0.0,0.0,1.0,1.023427128791809,1.0,1.0,1.0,1.0,1.0
0.1396484375,1.0,1.0046684741973877,1.0,1.0,1.0,1.0,1.0,0.0,-0.0141792893409729,0.0,0.0,0.0,0.0,0.0,1.0,1.024548053741455,1.0,1.0,1.0,1.0,1.0
0.1416015625,1.0,1.0038810968399048,1.0,1.0,1.0,1.0,1.0,0.0,-0.01324152946472168,0.0,0.0,0.0,0.0,0.0,1.0,1.0253772735595703,1.0,1.0,1.0,1.0,1.0
0.1435546875,1.0,1.0027834177017212,1.0,1.0,1.0,1.0,1.0,0.0,-0.012418240308761597,0.0,0.0,0.0,0.0,0.0,1.0,1.0258644819259644,1.0,1.0,1.0,1.0,1.0
0.1455078125,1.0,1.0014851093292236,1.0,1.0,1.0,1.0,1.0,0.0,-0.011793971061706543,0.0,0.0,0.0,0.0,0.0,1.0,1.0259937047958374,1.0,1.0,1.0,1.0,1.0
0.1474609375,1.0,1.000098466873169,1.0,1.0,1.0,1.0,1.0,0.0,-0.011432141065597534,0.0,0.0,0.0,0.0,0.0,1.0,1.0257892608642578,1.0,1.0,1.0,1.0,1.0
0.1494140625,1.0,0.9987280368804932,1.0,1.0,1.0,1.0,1.0,0.0,-0.011370748281478882,0.0,0.0,0.0,0.0,0.0,1.0,1.025313138961792,1.0,1.0,1.0,1.0,1.0
0.1513671875,1.0,0.9974700808525085,1.0,1.0,1.0,1.0,1.0,0.0,-0.011622905731201172,0.0,0.0,0.0,0.0,0.0,1.0,1.024659276008606,1.0,1.0,1.0,1.0,1.0
0.1533203125,1.0,0.9964179992675781,1.0,1.0,1.0,1.0,1.0,0.0,-0.012178748846054077,0.0,0.0,0.0,0.0,0.0,1.0,1.023940086364746,1.0,1.0,1.0,1.0,1.0
0.1552734375,1.0,0.9956691861152649,1.0,1.0,1.0,1.0,1.0,0.0,-0.013008862733840942,0.0,0.0,0.0,0.0,0.0,1.0,1.0232715606689453,1.0,1.0,1.0,1.0,1.0
0.1572265625,1.0,0.9953287243843079,1.0,1.0,1.0,1.0,1.0,0.0,-0.01406794786453247,0.0,0.0,0.0,0.0,0.0,1.0,1.02275550365448,1.0,1.0,1.0,1.0,1.0
0.1591796875,1.0,0.9955047369003296,1.0,1.0,1.0,1.0,1.0,0.0,-0.015297919511795044,0.0,0.0,0.0,0.0,0.0,1.0,1.0224658250808716,1.0,1.0,1.0,1.0,1.0
0.1611328125,1.0,0.9962959885597229,1.0,1.0,1.0,1.0,1.0,0.0,-0.016631126403808594,0.0,0.0,0.0,0.0,0.0,1.0,1.0224376916885376,1.0,1.0,1.0,1.0,1.0
0.1630859375,1.0,0.9977750182151794,1.0,1.0,1.0,1.0,1.0,0.0,-0.017994582653045654,0.0,0.0,0.0,0.0,0.0,1.0,1.0226629972457886,1.0,1.0,1.0,1.0,1.0
0.1650390625,1.0,0.999971330165863,1.0,1.0,1.0,1.0,1.0,0.0,-0.019317209720611572,0.0,0.0,0.0,0.0,0.0,1.0,1.0230923891067505,1.0,1.0,1.0,1.0,1.0
0.1669921875,1.0,1.0028587579727173,1.0,1.0,1.0,1.0,1.0,0.0,-0.020537644624710083,0.0,0.0,0.0,0.0,0.0,1.0,1.0234326124191284,1.0,1.0,1.0,1.0,1.0
0.1689453125,1.0,1.0063533782958984,1.0,1.0,1.0,1.0,1.0,0.0,-0.021611005067825317,0.0,0.0,0.0,0.0,0.0,1.0,1.0236296653747559,1.0,1.0,1.0,1.0,1.0
0.1708984375,1.0,1.0103216171264648,1.0,1.0,1.0,1.0,1.0,0.0,-0.022515326738357544,0.0,0.0,0.0,0.0,0.0,1.0,1.0236434936523438,1.0,1.0,1.0,1.0,1.0
0.1728515625,1.0,1.0145986080169678,1.0,1.0,1.0,1.0,1.0,0.0,-0.02325156331062317,0.0,0.0,0.0,0.0,0.0,1.0,1.0234025716781616,1.0,1.0,1.0,1.0,1.0
0.1748046875,1.0,1.0190092325210571,1.0,1.0,1.0,1.0,1.0,0.0,-0.023841023445129395,0.0,0.0,0.0,0.0,0.0,1.0,1.0228620767593384,1.0,1.0,1.0,1.0,1.0
0.1767578125,1.0,1.0233911275863647,1.0,1.0,1.0,1.0,1.0,0.0,-0.024318456649780273,0.0,0.0,0.0,0.0,0.0,1.0,1.0220074653625488,1.0,1.0,1.0,1.0,1.0
0.1787109375,1.0,1.0276083946228027,1.0,1.0,1.0,1.0,1.0,0.0,-0.0247250497341156,0.0,0.0,0.0,0.0,0.0,1.0,1.020856261253357,1.0,1.0,1.0,1.0,1.0
0.1806640625,1.0,1.031558871269226,1.0,1.0,1.0,1.0,1.0,0.0,-0.025101393461227417,0.0,0.0,0.0,0.0,0.0,1.0,1.0194600820541382,1.0,1.0,1.0,1.0,1.0
0.1826171875,1.0,1.0351731777191162,1.0,1.0,1.0,1.0,1.0,0.0,-0.02548190951347351,0.0,0.0,0.0,0.0,0.0,1.0,1.0179057121276855,1.0,1.0,1.0,1.0,1.0
0.1845703125,1.0,1.038407802581787,1.0,1.0,1.0,1.0,1.0,0.0,-0.025892913341522217,0.0,0.0,0.0,0.0,0.0,1.0,1.0163121223449707,1.0,1.0,1.0,1.0,1.0
0.1865234375,1.0,1.0412355661392212,1.0,1.0,1.0,1.0,1.0,0.0,-0.026350557804107666,0.0,0.0,0.0,0.0,0.0,1.0,1.0148221254348755,1.0,1.0,1.0,1.0,1.0
0.1884765625,1.0,1.0430328845977783,1.0,1.0,1.0,1.0,1.0,0.0,-0.026861339807510376,0.0,0.0,0.0,0.0,0.0,1.0,1.0135878324508667,1.0,1.0,1.0,1.0,1.0
0.1904296875,1.0,1.0415786504745483,1.0,1.0,1.0,1.0,1.0,0.0,-0.027423113584518433,0.0,0.0,0.0,0.0,0.0,1.0,1.0122615098953247,1.0,1.0,1.0,1.0,1.0
0.1923828125,1.0,1.039979338645935,1.0,1.0,1.0,1.0,1.0,0.0,-0.02802717685699463,0.0,0.0,0.0,0.0,0.0,1.0,1.0102633237838745,1.0,1.0,1.0,1.0,1.0
0.1943359375,1.0,1.0383127927780151,1.0,1.0,1.0,1.0,1.0,0.0,-0.028660506010055542,0.0,0.0,0.0,0.0,0.0,1.0,1.0086179971694946,1.0,1.0,1.0,1.0,1.0
0.1962890625,1.0,1.0366483926773071,1.0,1.0,1.0,1.0,1.0,0.0,-0.029306620359420776,0.0,0.0,0.0,0.0,0.0,1.0,1.0074628591537476,1.0,1.0,1.0,1.0,1.0
0.1982421875,1.0,1.0350450277328491,1.0,1.0,1.0,1.0,1.0,0.0,-0.02994757890701294,0.0,0.0,0.0,0.0,0.0,1.0,1.0069111585617065,1.0,1.0,1.0,1.0,1.0
0.2001953125,1.0,1.0335490703582764,1.0,1.0,1.0,1.0,1.0,0.0,-0.03056401014328003,0.0,0.0,0.0,0.0,0.0,1.0,1.0070394277572632,1.0,1.0,1.0,1.0,1.0
0.2021484375,1.0,1.0321897268295288,1.0,1.0,1.0,1.0,1.0,0.0,-0.031133800745010376,0.0,0.0,0.0,0.0,0.0,1.0,1.007879376411438,1.0,1.0,1.0,1.0,1.0
0.2041015625,1.0,1.030976414680481,1.0,1.0,1.0,1.0,1.0,0.0,-0.03163278102874756,0.0,0.0,0.0,0.0,0.0,1.0,1.0094128847122192,1.0,1.0,1.0,1.0,1.0
0.2060546875,1.0,1.0298941135406494,1.0,1.0,1.0,1.0,1.0,0.0,-0.032037049531936646,0.0,0.0,0.0,0.0,0.0,1.0,1.011569619178772,1.0,1.0,1.0,1.0,1.0
0.2080078125,1.0,1.0289027690887451,1.0,1.0,1.0,1.0,1.0,0.0,-0.032325565814971924,0.0,0.0,0.0,0.0,0.0,1.0,1.0142326354980469,1.0,1.0,1.0,1.0,1.0
0.2099609375,1.0,1.0279409885406494,1.0,1.0,1.0,1.0,1.0,0.0,-0.0324854850769043,0.0,0.0,0.0,0.0,0.0,1.0,1.017246127128601,1.0,1.0,1.0,1.0,1.0
0.2119140625,1.0,1.0269337892532349,1.0,1.0,1.0,1.0,1.0,0.0,-0.032515883445739746,0.0,0.0,0.0,0.0,0.0,1.0,1.0204278230667114,1.0,1.0,1.0,1.0,1.0
0.2138671875,1.0,1.0258047580718994,1.0,1.0,1.0,1.0,1.0,0.0,-0.03243076801300049,0.0,0.0,0.0,0.0,0.0,1.0,1.0235850811004639,1.0,1.0,1.0,1.0,1.0
0.2158203125,1.0,1.0244896411895752,1.0,1.0,1.0,1.0,1.0,0.0,-0.03225851058959961,0.0,0.0,0.0,0.0,0.0,1.0,1.023093342781067,1.0,1.0,1.0,1.0,1.0
0.2177734375,1.0,1.0229474306106567,1.0,1.0,1.0,1.0,1.0,0.0,-0.03203728795051575,0.0,0.0,0.0,0.0,0.0,1.0,1.0213905572891235,1.0,1.0,1.0,1.0,1.0
0.2197265625,1.0,1.021169900894165,1.0,1.0,1.0,1.0,1.0,0.0,-0.031809866428375244,0.0,0.0,0.0,0.0,0.0,1.0,1.0192208290100098,1.0,1.0,1.0,1.0,1.0
0.2216796875,1.0,1.019181489944458,1.0,1.0,1.0,1.0,1.0,0.0,-0.03161683678627014,0.0,0.0,0.0,0.0,0.0,1.0,1.016722321510315,1.0,1.0,1.0,1.0,1.0
0.2236328125,1.0,1.0170385837554932,1.0,1.0,1.0,1.0,1.0,0.0,-0.03149169683456421,0.0,0.0,0.0,0.0,0.0,1.0,1.014045000076294,1.0,1.0,1.0,1.0,1.0
0.2255859375,1.0,1.0148204565048218,1.0,1.0,1.0,1.0,1.0,0.0,-0.03145742416381836,0.0,0.0,0.0,0.0,0.0,1.0,1.0113449096679688,1.0,1.0,1.0,1.0,1.0
0.2275390625,1.0,1.0126184225082397,1.0,1.0,1.0,1.0,1.0,0.0,-0.03152519464492798,0.0,0.0,0.0,0.0,0.0,1.0,1.0087780952453613,1.0,1.0,1.0,1.0,1.0
0.2294921875,1.0,1.0105218887329102,1.0,1.0,1.0,1.0,1.0,0.0,-0.031693994998931885,0.0,0.0,0.0,0.0,0.0,1.0,1.0066161155700684,1.0,1.0,1.0,1.0,1.0
0.2314453125,1.0,1.0086040496826172,1.0,1.0,1.0,1.0,1.0,0.0,-0.0319497287273407,0.0,0.0,0.0,0.0,0.0,1.0,1.0060746669769287,1.0,1.0,1.0,1.0,1.0
0.2333984375,1.0,1.006911277770996,1.0,1.0,1.0,1.0,1.0,0.0,-0.03226378560066223,0.0,0.0,0.0,0.0,0.0,1.0,1.0052683353424072,1.0,1.0,1.0,1.0,1.0
0.2353515625,1.0,1.0054540634155273,1.0,1.0,1.0,1.0,1.0,0.0,-0.03259113430976868,0.0,0.0,0.0,0.0,0.0,1.0,1.0041900873184204,1.0,1.0,1.0,1.0,1.0
0.2373046875,1.0,1.004206657409668,1.0,1.0,1.0,1.0,1.0,0.0,-0.031650543212890625,0.0,0.0,0.0,0.0,0.0,1.0,1.0028162002563477,1.0,1.0,1.0,1.0,1.0
0.2392578125,1.0,1.0031107664108276,1.0,1.0,1.0,1.0,1.0,0.0,-0.030330806970596313,0.0,0.0,0.0,0.0,0.0,1.0,1.002769947052002,1.0,1.0,1.0,1.0,1.0
0.2412109375,1.0,1.0020854473114014,1.0,1.0,1.0,1.0,1.0,0.0,-0.02872881293296814,0.0,0.0,0.0,0.0,0.0,1.0,1.0035483837127686,1.0,1.0,1.0,1.0,1.0
0.2431640625,1.0,1.0010390281677246,1.0,1.0,1.0,1.0,1.0,0.0,-0.02680841088294983,0.0,0.0,0.0,0.0,0.0,1.0,1.0045157670974731,1.0,1.0,1.0,1.0,1.0
0.2451171875,1.0,0.999879777431488,1.0,1.0,1.0,1.0,1.0,0.0,-0.024535417556762695,0.0,0.0,0.0,0.0,0.0,1.0,1.0054070949554443,1.0,1.0,1.0,1.0,1.0
0.2470703125,1.0,0.9985271096229553,1.0,1.0,1.0,1.0,1.0,0.0,-0.021881133317947388,0.0,0.0,0.0,0.0,0.0,1.0,1.0059208869934082,1.0,1.0,1.0,1.0,1.0
0.2490234375,1.0,0.9969139099121094,1.0,1.0,1.0,1.0,1.0,0.0,-0.018826186656951904,0.0,0.0,0.0,0.0,0.0,1.0,1.0057473182678223,1.0,1.0,1.0,1.0,1.0
0.2509765625,1.0,0.9949888586997986,0.9982494995118344,0.9995623748779586,0.9995623749244071,0.9995623748779586,1.0,0.0,-0.015362650156021118,0.002071608901234525,0.000517221986545391,0.0005172219358432229,0.000517221986545391,0.0,1.0,1.0046030282974243,0.9975525589577705,0.9993883004616932,0.9993883005233695,0.9993883004616932,1.0
0.2529296875,1.0,0.9927123188972473,0.9982494995118344,0.9986871246338758,0.9986871247686535,0.9986871246338758,1.0,0.0,-0.011496692895889282,0.002071608901234525,0.0015530258410008234,0.0015530256855822901,0.0015530258410008234,0.0,1.0,1.002263069152832,0.9975525589577705,0.9981645800814357,0.9981645802666509,0.9981645800814357,1.0
0.2548828125,1.0,0.9900550246238708,0.9982494995118344,0.997811874389793,0.9978118746129,0.997811874389793,1.0,0.0,-0.007247358560562134,0.002071608901234525,0.0025906468467644397,0.0025906465862620414,0.0025906468467644397,0.0,1.0,0.9985905885696411,0.9975525589577705,0.9969404303568599,0.9969404306657011,0.9969404303568599,1.0
0.2568359375,1.0,0.9869962930679321,0.9982494995118344,0.9969366241457102,0.9969366237413768,0.9969366241457102,1.0,0.0,-0.0026459991931915283,0.002071608901234525,0.00363008978988408,0.003630090257800776,0.00363008978988408,0.0,1.0,0.9935532808303833,0.9975525589577705,0.9957158501571504,0.9957158496011175,0.9957158501571504,1.0
0.2587890625,1.0,0.9855690598487854,0.9849740603851993,0.9912976459627643,0.9912976540842604,0.9913006727206495,1.0,0.0,0.0022668838500976562,0.017868398446291827,0.010376485948036963,0.010376476600562136,0.010373002297198008,0.0,1.0,0.9872236847877502,0.9790427101092569,0.9878014847137959,0.9878014957858813,0.9878056111088793,1.0
0.2607421875,1.0,0.9842600226402283,0.9849740603851993,0.9870819222443876,0.9870819341884217,0.9870863736039013,0.999214879680198,0.0,0.007444232702255249,0.017868398446291827,0.015360428555136122,0.015360414588324184,0.015355223360539103,0.0009291355593570085,1.0,0.9797655940055847,0.9790427101092569,0.9819647692655987,0.9819647856530078,0.9819708765979565,0.9989013072743075
0.2626953125,1.0,0.9827131628990173,0.9849740603851993,0.982866198526011,0.982866211805924,0.982871147747268,0.9953571036855071,0.0,0.012836456298828125,0.017868398446291827,0.020387125557678503,0.02038710983159983,0.020381264717198314,0.0055024039009859685,1.0,0.971404492855072,0.9790427101092569,0.9761181621631051,0.976118180461913,0.9761249818432887,0.9935071111384914
0.2646484375,0.9954598278141407,0.978891909122467,0.9849740603851993,0.9786504748076343,0.978650441462191,0.9786380474689784,0.989930352877934,0.0053817867666026515,0.0183943510055542,0.017868398446291827,0.025457129473821213,0.025457169140232504,0.0254719127281606,0.011963011322674544,0.9936495358760004,0.9623961448669434,0.9790427101092569,0.970261535575748,0.9702614896738436,0.9702444285926495,0.9859325313684566
0.2666015625,0.9886257822158249,0.9738752245903015,0.9645237097648212,0.9726524827505263,0.9726524851269703,0.9726897266367079,0.983904330225092,0.013519807599935985,0.024071872234344482,0.042585272027402636,0.032777737473175646,0.032777734656195046,0.032733591140778014,0.01916942282046811,0.9841124022765859,0.9529944658279419,0.9507117149891302,0.9618964818021357,0.9618964850480705,0.9619473520586561,0.9775406221170065
0.2685546875,0.981829322012442,0.968839704990387,0.9645237097648212,0.9672333007600562,0.9672333036275468,0.967278240380982,0.9776475819106096,0.02165782843326932,0.030642926692962646,0.042585272027402636,0.039297777401809404,0.039297773958918154,0.039243822546688824,0.02668886468012124,0.9746538378441753,0.9434303641319275,0.9507117149891302,0.9544441170445166,0.9544441209736453,0.9545056942078144,0.9688490006564535
0.2705078125,0.9750702919582944,0.9637102484703064,0.9645237097648212,0.9618141187695861,0.9618141169461643,0.9617855419070966,0.9712990571741659,0.029795849266602652,0.03758269548416138,0.042585272027402636,0.04589128949573764,0.045891291709125676,0.045925978981451336,0.03435785910717372,0.9652733024436126,0.9339000582695007,0.9507117149891302,0.9469751197577123,0.9469751172541351,0.946935883194374,0.9600525622862202
0.2724609375,0.9683485372357674,0.9584330916404724,0.9645237097648212,0.956394936779116,0.9563949333586031,0.9563413301344982,0.9649140978236589,0.037933870099935985,0.04417461156845093,0.042585272027402636,0.05255952269204581,0.052559526889091934,0.05262530293670872,0.042111297177993036,0.9559702589144271,0.9245617389678955,0.9507117149891302,0.9394892072090382,0.9394892025036145,0.939415462474717,0.9512287813071646
0.2744140625,0.9616639034547346,0.9529750347137451,0.9416206044614386,0.950340643914088,0.9503406880578072,0.95035418367725,0.9585172893616708,0.04607189093326932,0.05038963258266449,0.07076106702400409,0.06003522578625789,0.06003517214243169,0.06001877238359726,0.04992033841095957,0.9467441730585231,0.915539026260376,0.919261668988072,0.9311531646042365,0.9311532245889719,0.9311715630731345,0.9424120062107534
0.2763671875,0.9550162366519735,0.9473208785057068,0.9416206044614386,0.9445272842789884,0.9445273356565953,0.9445430428204471,0.952121451788879,0.054209911766602656,0.05625186860561371,0.07076106702400409,0.06716378153948752,0.06716371830727846,0.06714438727655708,0.05776994160290948,0.93759451362792,0.9069235324859619,0.919261668988072,0.9232303450477902,0.9232304150491643,0.9232518158009464,0.9336200694409312
0.2783203125,0.9484053832905704,0.9414708018302917,0.9416206044614386,0.9387139246438888,0.9387138760452836,0.9386990184779135,0.945734446640053,0.062347932599935985,0.061835527420043945,0.07076106702400409,0.07438063013078941,0.07438069068626656,0.07439920400291343,0.06565090223977879,0.9285207523125103,0.8987759351730347,0.919261668988072,0.9152880887415696,0.9152880223633346,0.915267729142389,0.9248638135064702
0.2802734375,0.9418311902593286,0.9354372024536133,0.9416206044614386,0.9329005650087892,0.9329005180860682,0.9328861728701437,0.9393615842913707,0.07048595343326933,0.06725811958312988,0.07076106702400409,0.08168742214771867,0.08168748132561747,0.08170557347409145,0.0735569851832926,0.9195223637278571,0.8912121057510376,0.919261668988072,0.9073260323258958,0.907325968089873,0.9073063297893382,0.9161504881000226
0.2822265625,0.9352935048721804,0.9292436242103577,0.9180168326840243,0.9268800000961631,0.9268800863085351,0.9268917271387922,0.9330066899034124,0.07862397426660266,0.07266806066036224,0.10037656572491882,0.08925218131059753,0.08925207423039798,0.08923761590351412,0.08148363624157162,0.9105988254030294,0.8843019008636475,0.887165893552564,0.8991333272181462,0.8991334433673855,0.8991491263857663,0.9074852428450102
0.2841796875,0.9287921748675949,0.9246472716331482,0.9180168326840243,0.9209712218214039,0.9209713158822311,0.92098401645059,0.9266726120987401,0.08676199509993598,0.07823050022125244,0.10037656572491882,0.09664464693357162,0.09664452858746377,0.09662854911976068,0.08942740986778303,0.9017496177684666,0.8772134184837341,0.887165893552564,0.8911601196735599,0.8911602467231612,0.8911774015551399,0.8988718413038859
0.2861328125,0.9223270484079837,0.9206646680831909,0.9180168326840243,0.9150624435466448,0.9150623468050849,0.9150492842706649,0.920361529067999,0.09490001593326933,0.08411222696304321,0.10037656572491882,0.10413258241344558,0.10413270571021062,0.10414935410208183,0.09738563919718486,0.8929742241438731,0.8708125352859497,0.887165893552564,0.883166520239981,0.8831663892325519,0.8831486998961505,0.8903131008352622
0.2880859375,0.9158979740791153,0.9166412353515625,0.9180168326840243,0.9091536652718856,0.9091535817402461,0.9091423028760502,0.9140751440670144,0.10303803676660266,0.09050348401069641,0.10037656572491882,0.11171784918543519,0.11171795702250027,0.11173251791010282,0.10535622833343633,0.8842721307261586,0.8646256327629089,0.887165893552564,0.8751521313240588,0.8751520179140521,0.8751367046828308,0.8818111595303165
0.2900390625,0.9095048008895231,0.912482738494873,0.894350378263365,0.9031901986001232,0.903190292695522,0.9032020404314994,0.9078148022281061,0.11117605759993598,0.09744088351726532,0.13068378514884854,0.1193566617414791,0.11935654235075775,0.1193416367092401,0.11333750313572175,0.875642826577404,0.8585082292556763,0.8553138838447154,0.8671267375593406,0.8671268630856345,0.8671425349034857,0.8733676474547293
0.2919921875,0.9031473782699081,0.9081037044525146,0.894350378263365,0.8972969850422844,0.8972970812870371,0.8973090973681479,0.9015815649204899,0.11931407843326933,0.10506835579872131,0.13068378514884854,0.1268832794781469,0.1268831557508346,0.1268677087024589,0.12132810168612944,0.8670858036128526,0.8523126840591431,0.8553138838447154,0.8592566351772772,0.8592567639003951,0.8592728348364949,0.8649838027738529
0.2939453125,0.8968255560725563,0.9034373760223389,0.894350378263365,0.8914037714844457,0.8914036692724514,0.8913909081859652,0.8953762818635806,0.12745209926660267,0.11344689130783081,0.13068378514884854,0.13450941657317803,0.13450954971484222,0.13452617258597815,0.12932689757210825,0.8586005565889554,0.8459051847457886,0.8553138838447154,0.8513659312086365,0.8513657941438506,0.8513486816642911,0.8566605565717885
0.2958984375,0.890539184570744,0.8984395861625671,0.894350378263365,0.8855105579266069,0.8855104697984496,0.8854994670678478,0.8891996374011377,0.13559012009993598,0.12254297733306885,0.13068378514884854,0.14223705997803252,0.14223717630701505,0.14225170007020094,0.1373329484017652,0.8501865830914337,0.8391821384429932,0.8553138838447154,0.8434542143329157,0.8434540958332336,0.8434393012041781,0.8483986007747084
0.2978515625,0.8842881144581433,0.8930869698524475,0.8708711242213145,0.8796196281491744,0.8796197238634268,0.8796305761835078,0.8830521749835637,0.14372814093326933,0.1322818398475647,0.16138910784536276,0.14993941251276496,0.1499392884506246,0.1499252221515449,0.14534546141378335,0.841843383523375,0.8320808410644531,0.8240448292545623,0.8356122615694597,0.8356123879345121,0.8356267154834514,0.840198442482212
0.2998046875,0.8780721968482386,0.8873714208602905,0.8708711242213145,0.8737872921972678,0.8737873873348021,0.8737981742651494,0.8769343400502447,0.15186616176660267,0.14253246784210205,0.16138910784536276,0.15754706801071947,0.1575469430496513,0.15753277482927747,0.15336376732164764,0.8335704610933777,0.8245845437049866,0.8240448292545623,0.8279057479971756,0.8279058739248167,0.8279201518786987,0.8320604447411755
0.3017578125,0.8718912832737307,0.8812967538833618,0.8708711242213145,0.8679549562453612,0.8679548537247838,0.8679432296866296,0.870846498154066,0.16000418259993598,0.15312017500400543,0.16138910784536276,0.1652569647652073,0.16525710123910475,0.16527257519821834,0.16138729812889577,0.8253673218037113,0.8167203664779663,0.8240448292545623,0.8201787338936208,0.8201785978296938,0.8201631705211756,0.823984855387174
0.3037109375,0.8657452256859436,0.874879002571106,0.8708711242213145,0.8621226202934547,0.8621225319622454,0.8621125167499712,0.8647889473195353,0.16814220343326933,0.1602173000574112,0.16138910784536276,0.17307117778972037,0.17307129697646348,0.17308481082431953,0.1694155681272953,0.8172334744385152,0.8085511922836304,0.8240448292545623,0.8124308031950618,0.8124306856352026,0.8124173563741364,0.8159718276495015
0.3056640625,0.8596338764542395,0.8681511878967285,0.8476916906481126,0.8563167922594851,0.8563168879331291,0.8563267329821593,0.858761926271765,0.17628022426660267,0.16665016114711761,0.19235873118758756,0.1808252185498179,0.1808250918418704,0.18081205343942203,0.17744815782247148,0.8091684305520407,0.800162136554718,0.7935039442111493,0.8047859262904913,0.8047860512608123,0.8047989109792534,0.8080214352324046
0.3076171875,0.8535570883654244,0.8611704707145691,0.8476916906481126,0.8505667245185701,0.8505668181913054,0.8505764573419989,0.852765623752497,0.18441824509993598,0.17298299074172974,0.19235873118758756,0.18848823705672862,0.18848811132338686,0.18847517320691107,0.1854847001454401,0.8011717044569133,0.7916455864906311,0.7935039442111493,0.7972696504096219,0.7972697730842006,0.7972823965658538,0.8001336833911609
0.3095703125,0.847514714623156,0.8540228009223938,0.8476916906481126,0.844816656777655,0.8448165550462176,0.844806086635608,0.84680018736638,0.19255626593326933,0.1800590455532074,0.19235873118758756,0.19625556902659277,0.19625570744126122,0.1962699508231365,0.19352486949526687,0.7932428132124324,0.7830884456634521,0.7935039442111493,0.7897331238249659,0.7897329902349505,0.7897192434651196,0.7923085180177036
0.3115234375,0.8415066088473553,0.8468198180198669,0.8476916906481126,0.83906658903674,0.8390665014217982,0.839057485632684,0.8408657289220167,0.20069428676660267,0.18866649270057678,0.19235873118758756,0.20412935901916088,0.2041294798742861,0.20414191629347456,0.2015683750973221,0.7853812766129086,0.7745602130889893,0.7935039442111493,0.7821759302063287,0.7821758148254954,0.7821639418328705,0.7845458352361251
0.3134765625,0.8355326250736149,0.8396903872489929,0.8248705822939946,0.8333550318671212,0.8333551287557673,0.8333640200553131,0.8349623303522318,0.20883230759993598,0.1971607208251953,0.22351909270055728,0.2119240871890123,0.21192395604993708,0.21191192177894166,0.209614958653145,0.777586617176029,0.7661095261573792,0.7637596242896654,0.7747371579411763,0.774737283132319,0.7747487716774744,0.7768454921672112
0.3154296875,0.8295926177526048,0.8327636122703552,0.8248705822939946,0.8276987321517034,0.8276988261467126,0.8277074519023179,0.82909005134506,0.21697032843326933,0.2055310308933258,0.22351909270055728,0.21962767834401015,0.21962754938620485,0.2196157152813679,0.21766439349755737,0.7698583601312526,0.757763147354126,0.7637596242896654,0.767423764701709,0.7674238864718483,0.7674350610785412,0.7692073166534195
0.3173828125,0.8236864417494867,0.8261538743972778,0.8248705822939946,0.8220424324362857,0.8220423298661186,0.8220329171834495,0.8232489351201062,0.22510834926660267,0.21378053724765778,0.22351909270055728,0.2274372830543632,0.22743742571930675,0.22745051798017477,0.22571648169805053,0.7621960334082516,0.7495306134223938,0.7637596242896654,0.760090453057206,0.7600903198133501,0.7600780922320679,0.7616311130320492
0.3193359375,0.8178139523433197,0.8199456334114075,0.8248705822939946,0.8163861327208679,0.8163860444073797,0.8163779400348978,0.8174390088426726,0.23324637009993598,0.22192534804344177,0.22351909270055728,0.23535510485251385,0.23535522940558523,0.2353666595351668,0.23377104794988152,0.7545991676253708,0.7414106726646423,0.7637596242896654,0.7527368089959727,0.7527366939402083,0.7527261354548129,0.7541166634314795
0.3212890625,0.8119750052264687,0.814184308052063,0.8024412929247703,0.8107750707355561,0.8107751745022699,0.8107831996697656,0.8116602817015826,0.24138439093326933,0.22999295592308044,0.2548239624230025,0.2431818556183194,0.24318171205175002,0.24317060893233372,0.24182793250351883,0.7470672960781267,0.734208345413208,0.7348449276976537,0.7455092216505469,0.7455093542634004,0.7455196103293581,0.7466637271783121
0.3232421875,0.8061694565040158,0.808872401714325,0.8024412929247703,0.8052192188616989,0.8052193189131612,0.8052270567484835,0.8059127451520185,0.24952241176660267,0.2380194514989853,0.2548239624230025,0.25091648408378225,0.25091634375237915,0.25090549083036146,0.24988698659207662,0.7395999547277422,0.7281227111816406,0.7348449276976537,0.7384045595595075,0.7384046877614372,0.7384146026939702,0.7392720417792238
0.3251953125,0.8003971626931686,0.8039692640304565,0.8024412929247703,0.7996633669878417,0.7996632574578683,0.7996547865682083,0.8001963769495737,0.257660432599936,0.24604734778404236,0.2548239624230025,0.25875858889948805,0.25875874466634485,0.25877079157892247,0.2579480719490153,0.7321966821897088,0.7219639420509338,0.7348449276976537,0.7312803609926948,0.7312802202565581,0.7312693359038763,0.7319413269465503
0.3271484375,0.7946579807226657,0.7993959784507751,0.8024412929247703,0.7941075151139845,0.7941074208257819,0.7941001287126237,0.7945111463306069,0.26579845343326935,0.25412166118621826,0.2548239624230025,0.2667104258910166,0.26671056187697656,0.266721078932176,0.2660110628896764,0.7248570197223805,0.715697169303894,0.7348449276976537,0.7241362158982073,0.7241360943912846,0.724126697203911,0.7246712902033783
0.3291015625,0.7889517679321915,0.795041561126709,0.7804237673031369,0.7886008517182153,0.7886009755583189,0.7886088766868965,0.7888570163201823,0.27393647426660267,0.2622872591018677,0.28624222696991003,0.2745629219468139,0.27456274677061226,0.27455157045883627,0.2740758477767919,0.7175805112156102,0.7093045115470886,0.7067737738050093,0.7171216820731504,0.7171218385914749,0.7171318246048359,0.7174616312277559
0.3310546875,0.7832783820717815,0.7907724976539612,0.7804237673031369,0.783149462108163,0.7831495809948609,0.78315716609095,0.7832339431962355,0.282074495099936,0.27058568596839905,0.28624222696991003,0.2823220259804773,0.2823218554773436,0.28231097730549,0.28214232768324615,0.710366703179408,0.702786922454834,0.7067737738050093,0.7102278408112302,0.7102279914680493,0.7102376035123853,0.7103120431663854
0.3330078125,0.7776376813012309,0.786444365978241,0.7804237673031369,0.7776980724981107,0.7776979420507082,0.7776896193695227,0.7776418759231696,0.29021251593326935,0.27905213832855225,0.28624222696991003,0.2901899071877206,0.29019009690120995,0.290202200952495,0.2902104126272626,0.7032151447326346,0.6961639523506165,0.7067737738050093,0.7033148757571825,0.70331470998829,0.7033041337358362,0.7032222114881111
0.3349609375,0.7720295241895062,0.781915009021759,0.7804237673031369,0.7722466828880585,0.7722465706086596,0.7722394070651784,0.7720807563542922,0.29835053676660267,0.28771278262138367,0.28624222696991003,0.2981688691851224,0.29816903480618534,0.2981796017033723,0.2982800176916466,0.696125387591733,0.6885566711425781,0.7067737738050093,0.696382381919012,0.6963822388146983,0.6963731085917834,0.6961918125675146
0.3369140625,0.7664537697141527,0.7770574688911438,0.7588301760443525,0.7668469357012313,0.7668471104895203,0.7668549980532698,0.76655051950197,0.306488557599936,0.2965816259384155,0.317751701250242,0.30604238409045875,0.3060421312626267,0.3060307221763036,0.30635106121690286,0.6890969860594873,0.6804410219192505,0.6795490809388444,0.6895808052798377,0.6895810237275428,0.6895908814625386,0.6892205139350682
0.3388671875,0.7609102772607012,0.7717724442481995,0.7588301760443525,0.7615024292633121,0.7615025965207051,0.7615101442423376,0.7610510942562367,0.31462657843326935,0.3056581914424896,0.317751701250242,0.3138212020869759,0.3138209567685586,0.31380988654718417,0.314423465453999,0.6821294970138106,0.6723398566246033,0.6795490809388444,0.6828976455846741,0.6828978551792683,0.6829073134066971,0.6823079764580251
0.3408203125,0.7553989066220814,0.7659964561462402,0.7588301760443525,0.756157922825393,0.7561577389927764,0.7561494432912106,0.7555824050697063,0.32276459926660267,0.3145558834075928,0.317751701250242,0.32170998108927457,0.32171025454129576,0.3217225945810642,0.3224971582291106,0.6752224798965777,0.6642506122589111,0.6795490809388444,0.6761957939363293,0.6761955629217645,0.6761851380458642,0.6754538571322123
0.3427734375,0.7499195179980289,0.7597067952156067,0.7588301760443525,0.7508134163874738,0.7508132581744085,0.7508061185905921,0.7501443737229104,0.330902620099936,0.3216792941093445,0.317751701250242,0.329711069299813,0.32971130803013105,0.32972208117126683,0.330572073749455,0.6683754967024775,0.6561700105667114,0.6795490809388444,0.6694748511706626,0.6694746517560616,0.6694656528780392,0.668657810889599
0.3447265625,0.7444719719944922,0.7529210448265076,0.7376677157997837,0.7455220850173521,0.745522387547297,0.7455301617797537,0.7447369199456997,0.33904064093326935,0.32898929715156555,0.3493358568993125,0.33760200501860915,0.3376015574511375,0.33759005625620675,0.3386481517709081,0.6615881119679027,0.6481001377105713,0.653166888535294,0.6628847653424846,0.6628851391891976,0.6628947460565487,0.6619194908473255
0.3466796875,0.739056129623045,0.7456945180892944,0.7376677157997837,0.7402858388723065,0.7402861276641791,0.7402935488639206,0.7393599608639387,0.34717866176660267,0.3364730477333069,0.3493358568993125,0.345396907347649,0.34539647408350604,0.3453853404382628,0.3467253358304771,0.6548598927598738,0.6400527358055115,0.653166888535294,0.6564107267112224,0.6564110845418651,0.6564202798393037,0.6552385476918264
0.3486328125,0.7336718523002939,0.7381158471107483,0.7376677157997837,0.735049592727261,0.7350492749094371,0.735041107818266,0.7340134103006959,0.355316682599936,0.3441111445426941,0.3493358568993125,0.3533028662031471,0.3533033498269974,0.35331577784510787,0.35480357185827105,0.6481904086649931,0.632051408290863,0.653166888535294,0.6499184396854769,0.6499180447715878,0.6499078964885424,0.6486146293423651
0.3505859375,0.7283190018472844,0.732356071472168,0.7376677157997837,0.7298133465822154,0.7298130730782219,0.7298060447371946,0.7286971789079478,0.36345470343326935,0.35188376903533936,0.3493358568993125,0.36132227200168593,0.3613226942332852,0.36133354459537653,0.36288280788210775,0.6415792317784274,0.6241312623023987,0.653166888535294,0.6434075114809052,0.6434071706039667,0.6433984109356928,0.642047381464311
0.3525390625,0.7229974404889157,0.7269343137741089,0.7169402068839882,0.7246311696955438,0.7246317814573083,0.7246392541905725,0.7234111751705208,0.37159272426660267,0.35982489585876465,0.3809816853251933,0.36922772708231183,0.3692268012616905,0.36921549239315965,0.3709629944483928,0.635025936692932,0.6163356304168701,0.6276187140368451,0.637026475582905,0.6370272229926608,0.637036352660122,0.6355364484808971
0.3544921875,0.7177070308533455,0.7213055491447449,0.7169402068839882,0.7195038611545067,0.7195044440459972,0.7195115641258757,0.7181553063849966,0.379730745099936,0.3708297908306122,0.3809816853251933,0.37703577900004626,0.3770348843488994,0.37702395620955165,0.3790440848277566,0.6285301004878985,0.608711838722229,0.6276187140368451,0.6307590681121753,0.6307597821793476,0.6307685045651628,0.6290814743136739
0.3564453125,0.7124476359713993,0.7154970765113831,0.7169402068839882,0.7143765526134697,0.71437591050464,0.7143680670788358,0.7129294787467838,0.38786876593326935,0.3813077211380005,0.3809816853251933,0.3849559126795356,0.3849569124096424,0.3849691243614124,0.38712603445730603,0.622091302718436,0.6013067364692688,0.6276187140368451,0.6244738627593878,0.6244730738977049,0.62446343784756,0.6226821024429011
0.3583984375,0.707219119275981,0.7095736861228943,0.7169402068839882,0.7092492440724326,0.7092486915280072,0.7092419421406687,0.7077335967061926,0.39600678676660267,0.39118239283561707,0.3809816853251933,0.3929905589070478,0.3929914317735111,0.3930020940374626,0.39520879991815816,0.6157091254044892,0.5941634774208069,0.6276187140368451,0.6181704735309017,0.6181697926351095,0.6181614754050959,0.6163379755738
0.3603515625,0.7020213446014816,0.7036288976669312,0.6966492474714874,0.7041764704385944,0.7041778010350029,0.7041845714906857,0.702567562582707,0.404144807599936,0.4004206657409668,0.41267828371784204,0.40090802758258154,0.4009059673365426,0.4008954843351277,0.4032923382323549,0.6093831530199832,0.587319016456604,0.6028931419512586,0.6119954081265888,0.6119970152039913,0.612005192455652,0.6100487355480418
0.3623046875,0.696854176183185,0.6977701783180237,0.6966492474714874,0.6991583217938564,0.6991595877414966,0.699166029245727,0.697431277082589,0.41228282843326935,0.40902969241142273,0.41267828371784204,0.4087267050061609,0.4087247168409879,0.40871460059858816,0.41137660697558887,0.6031129724819997,0.5808017253875732,0.6028931419512586,0.605931550932147,0.6059330840957449,0.6059408852541902,0.6038140238674713
0.3642578125,0.6917174786566815,0.6921036839485168,0.6966492474714874,0.6941401731491184,0.6941387775123348,0.6941316761125929,0.6923246403371668,0.42042084926660267,0.4170531630516052,0.41267828371784204,0.4166584295837143,0.4166606532150485,0.4166719678267506,0.4194615649566906,0.5968981731399918,0.5746296048164368,0.6028931419512586,0.5998503502497279,0.59984865515049,0.5998400299787323,0.597633482600616
0.3662109375,0.6866111170572764,0.6867187023162842,0.6966492474714874,0.6891220245043803,0.6891208235971151,0.6891147130369439,0.6872475525781344,0.428558870099936,0.4245680868625641,0.41267828371784204,0.4247056709246969,0.42470761249728217,0.4247174918795879,0.42754717270601933,0.5907383467650259,0.5688077211380005,0.6028931419512586,0.5937514271963572,0.5937499641287076,0.5937425196053074,0.5915067550774543
0.3681640625,0.6815349568193934,0.6816788911819458,0.676795017726084,0.6841585971704122,0.6841601853889818,0.6841667366394227,0.6821999140165813,0.43669689093326935,0.43167948722839355,0.44441595890190233,0.4326328779970078,0.4326303615750964,0.4326199816977024,0.43563339218117836,0.5846330875390492,0.5633270740509033,0.5789769487236692,0.5877788712463763,0.587780767424428,0.5877885889601051,0.5854334859483526
0.3701171875,0.6764888637759905,0.6770153045654297,0.676795017726084,0.6792495442075267,0.6792510534762569,0.6792572790661242,0.6771816242602121,0.44483491176660267,0.4385148584842682,0.44441595890190233,0.4404598791513479,0.4404574534075116,0.4404474475589977,0.44372018576920397,0.5785819920442039,0.5581635236740112,0.5789769487236692,0.5819151293871915,0.5819169362488988,0.581924389364575,0.5794133207113704
0.3720703125,0.671472704157966,0.6727250814437866,0.676795017726084,0.6743404912446412,0.6743388263203731,0.6743319586662263,0.6721925819218705,0.452972932599936,0.44521522521972656,0.44441595890190233,0.4484008380576134,0.44840355305996915,0.448414752327993,0.451807515253564,0.5725846592521605,0.5532799363136292,0.5789769487236692,0.5760345003261956,0.5760325013320345,0.576024255650358,0.5734459052354837
0.3740234375,0.6664863445935648,0.6687718629837036,0.676795017726084,0.6694314382817558,0.669430005718724,0.6694240965325625,0.6672326847911924,0.46111095343326935,0.45192596316337585,0.44441595890190233,0.45645826172970155,0.4564606324988594,0.4564704118032479,0.459895341439856,0.5666406905134838,0.5486284494400024,0.5789769487236692,0.5701366125533431,0.5701348872174996,0.570127770355446,0.5675308857859335
0.3759765625,0.6615296521077938,0.6650888919830322,0.6573768237684039,0.6645770984891676,0.6645804046304481,0.6645853077936533,0.6623018304409363,0.46924897426660267,0.4592193365097046,0.47618558872458494,0.4643930510859149,0.4643876898510489,0.46437973898549645,0.46798362460241216,0.5607496895470409,0.5441551208496094,0.5558558781409857,0.5643628867137453,0.5643667882376618,0.5643725743672845,0.5616679096371731
0.3779296875,0.6566024941218257,0.6615833640098572,0.6573768237684039,0.6597769153419918,0.6597800540089072,0.6597847087997426,0.6573999168473729,0.477386995099936,0.4672888517379761,0.47618558872458494,0.47222614411763053,0.472220980741434,0.4722133233018425,0.4760723252738802,0.5549112624294277,0.5398038029670715,0.5558558781409857,0.558695640221589,0.5586993543293993,0.5587048625132246,0.5558566258954407
0.3798828125,0.6517047384524076,0.6581436395645142,0.6573768237684039,0.654976732194816,0.6549732680011516,0.6549681304388185,0.6525268426701034,0.48552501593326935,0.4752589464187622,0.47618558872458494,0.48017405124674195,0.48017983397038694,0.480188410134491,0.4841614046513668,0.5491250175844318,0.5355193614959717,0.5558558781409857,0.5530119635171075,0.5530078522185614,0.5530017549530856,0.5500966860048174
0.3818359375,0.6468362533112743,0.6546461582183838,0.6573768237684039,0.6501765490476402,0.6501735684331086,0.650169148041401,0.647682507123358,0.49366303676660267,0.48313403129577637,0.47618558872458494,0.4882393154534421,0.4882443653270622,0.4882518546126905,0.49225082419701177,0.5433905657725319,0.5312493443489075,0.5558558781409857,0.5473114926928585,0.5473079442655063,0.5473026817684362,0.5443877436628147
0.3837890625,0.6419969073045542,0.6509641408920288,0.6383935525486778,0.6454309451976784,0.6454377055271415,0.6454392616415691,0.6428668096337777,0.501801057599936,0.49091920256614685,0.5079780075669743,0.4961795077128144,0.4961682862343403,0.49616570327153475,0.5003405446014583,0.5377075200804218,0.5269452929496765,0.5335152232227852,0.5417328320372486,0.5417407168589115,0.5417425318079756,0.538729454302875
0.3857421875,0.6371865694321779,0.6469762325286865,0.6383935525486778,0.6407393500983447,0.6407457622200765,0.640747238182926,0.6380796495625362,0.5099390784332694,0.49861907958984375,0.5079780075669743,0.5040163774534623,0.5040055788480322,0.5040030932208257,0.5084305247052269,0.5320754959105668,0.5225632190704346,0.5335152232227852,0.5362584047395599,0.5362659041786003,0.5362676304194213,0.5331214745845076
0.3876953125,0.6324051090872893,0.6425753831863403,0.6383935525486778,0.6360477549990109,0.636040674471919,0.6360390446533692,0.6333209261789805,0.5180770992666027,0.507805347442627,0.5079780075669743,0.5119688593297727,0.5119809602584954,0.5119837457274212,0.516520720951345,0.5264941109707956,0.5180650353431702,0.5335152232227852,0.5307680044340614,0.5307596988671522,0.5307577870597134,0.5275634622853859
0.3896484375,0.6276523960556536,0.6376779675483704,0.6383935525486778,0.6313561598996772,0.631350067975574,0.6313486657168469,0.6285905389131803,0.526215120099936,0.5173618793487549,0.5079780075669743,0.5200395306762051,0.5200500987316726,0.520052531349621,0.5246110875389524,0.5209629852639194,0.5134208798408508,0.5335152232227852,0.5252612750354402,0.5252541066462054,0.525252456599271,0.5220550766873587
0.3916015625,0.6229283005150641,0.6340314149856567,0.619844062973734,0.6267189425693958,0.6267318091427986,0.6267274064114688,0.6238883877827459,0.5343531409332694,0.5271451473236084,0.539783357859566,0.5279827702111052,0.5279609051648553,0.5279683869256226,0.532701576984379,0.5154817410773808,0.5086123943328857,0.5119402797311796,0.5198739295665449,0.519888760446923,0.5198836855753087,0.5165959792298748
0.3935546875,0.6182326930347554,0.6314458250999451,0.619844062973734,0.6221356895056213,0.6221478824875818,0.6221437102482451,0.6192143738288962,0.5424911617666027,0.537047803401947,0.539783357859566,0.5358208504636752,0.5357998263299877,0.5358070203525007,0.5407921405894572,0.5100500029729412,0.5036353468894958,0.5119402797311796,0.5145886941904633,0.5146027878310598,0.5145979652297523,0.5111858340825762
0.3955078125,0.6135654445748094,0.6285714507102966,0.619844062973734,0.6175524364418467,0.6175389660732274,0.6175435754134213,0.6145683994148419,0.550629182599936,0.5451697707176208,0.539783357859566,0.5437752735665423,0.5437988469897059,0.5437907804334682,0.5488827284580664,0.5046673977763922,0.4985024929046631,0.5119402797311796,0.5092879433956533,0.5092723270655034,0.5092776707341425,0.505824308407662
0.3974609375,0.6089264264855645,0.625382125377655,0.619844062973734,0.6129691833780722,0.612957594191328,0.6129615598218006,0.6099503683224281,0.5587672034332694,0.5529360175132751,0.539783357859566,0.5518486492531455,0.5518692377577986,0.5518621926200598,0.5569732890332442,0.4993335545672989,0.4932440519332886,0.5119402797311796,0.5039713291494944,0.5039578511410384,0.5039624631071569,0.5005110723173353
0.3994140625,0.6043155105070259,0.6218881011009216,0.6017275280384815,0.6084400753769235,0.6084621554593092,0.608448747254241,0.6053601856916557,0.5669052242666027,0.5605754852294922,0.5715903550126883,0.5597922327830387,0.5597538127634751,0.5597771431184068,0.5650637683940544,0.49404810466877835,0.48790645599365234,0.49111673837910014,0.498771644224678,0.49879679525988835,0.4987815222511213,0.4952457987058893
0.4013671875,0.5997325687682743,0.6175099611282349,0.6017275280384815,0.6039650438179622,0.6039859470481025,0.60397325349056,0.6007977579232741,0.575043245099936,0.5680604577064514,0.5715903550126883,0.567628508516112,0.5675916000616469,0.5676140125414026,0.5731541095953259,0.48881068163730595,0.48254817724227905,0.49111673837910014,0.49367212381539294,0.4936960010235427,0.49368150154699186,0.49002816315242315
0.4033203125,0.5951774737868718,0.6100874543190002,0.6017275280384815,0.5994900122590008,0.5994669068095355,0.5994809376722474,0.5962629926640817,0.5831812659332694,0.5753687620162964,0.5715903550126883,0.5755817756268335,0.5756231863262716,0.575598039157646,0.5812442521820869,0.4836209212525499,0.4772338569164276,0.49111673837910014,0.48855754680058705,0.48853107515400757,0.4885471502003924,0.4848578439800432
0.4052734375,0.590650098468276,0.6027059555053711,0.6017275280384815,0.5950149807000396,0.5949951028369789,0.5950071737368776,0.5917557989267181,0.5913192867666027,0.5824841260910034,0.5715903550126883,0.5836546737467623,0.5836908426615651,0.5836688786769496,0.5893341318203776,0.478478461507245,0.4720258414745331,0.49111673837910014,0.48342757346384757,0.4834047269987873,0.4834186006294672,0.4797345224312427
0.4072265625,0.586150316105246,0.5955002903938293,0.5840438105020432,0.5905938493736969,0.590627691882517,0.5906027758474606,0.587276087316146,0.599457307599936,0.5893973112106323,0.6033853847795956,0.5915953426822836,0.5915350380059524,0.5915794357404013,0.5974236799045952,0.47338294259708896,0.46697598695755005,0.47103110946260635,0.4784120774344887,0.47845017024480896,0.47842212507300386,0.4746578828714065
0.4091796875,0.5816780003772508,0.5885952115058899,0.5840438105020432,0.5862271567925944,0.5862591544313729,0.5862355966539704,0.5828237703001551,0.6075953284332694,0.5961060523986816,0.6033853847795956,0.5994260968335905,0.5993682347742184,0.5994108342266343,0.6055128230618841,0.46833400691067195,0.46222901344299316,0.47103110946260635,0.4734950672219367,0.4735311847818985,0.47350459385109384,0.46962761297706057
0.4111328125,0.5772330253498799,0.5820947289466858,0.5840438105020432,0.5818604642114921,0.5818250712748205,0.5818511287889234,0.5783987624841728,0.6157333492666027,0.6026160717010498,0.6033853847795956,0.6073743860234851,0.6074393587015905,0.6073915227829366,0.6136014825918032,0.46333129901944003,0.4579930901527405,0.47103110946260635,0.46856346204048477,0.4685233916131857,0.4685528929543839,0.4646434039421587
0.4130859375,0.5728152654742524,0.5760722160339355,0.5840438105020432,0.5774937716303896,0.5774633244194626,0.5774857407178186,0.5740009808970773,0.623871370099936,0.6089404821395874,0.6033853847795956,0.6154428764593258,0.6154996264402632,0.6154578445444281,0.6216895739365924,0.4583744656676857,0.45297667384147644,0.47103110946260635,0.4636169308125754,0.46358234907209095,0.46360780942750635,0.4597049507691108
0.4150390625,0.5684245955864231,0.570564329624176,0.5667939873896622,0.5731807372473263,0.5732272896640495,0.5731899566742263,0.569630345317851,0.6320093909332694,0.6150984764099121,0.6351512989974325,0.6233765531255888,0.6232915913719833,0.6233597258639858,0.6297770062196679,0.45346315576256774,0.4486340582370758,0.4516712800862711,0.4587824547796487,0.45883423051597505,0.45879270878509987,0.4548119526722374
0.4169921875,0.5640608909067955,0.5655699968338013,0.5667939873896622,0.5689229040088836,0.5689668376032088,0.568931604793716,0.565286778654155,0.6401474117666027,0.6211144924163818,0.6351512989974325,0.6311970095426479,0.6311156341146631,0.6311808926292171,0.6378636817644773,0.44859702036416854,0.4443686306476593,0.4516712800862711,0.45404519036474295,0.4540941913517983,0.4540548948359868,0.44996411354452964
0.4189453125,0.5597240270395285,0.5610535144805908,0.5667939873896622,0.5646650707704409,0.5646164273778198,0.5646554372383064,0.5609702073454033,0.648285432599936,0.6278265714645386,0.6351512989974325,0.6391354056056883,0.6392268821809702,0.6391535207411345,0.6459494954176073,0.4437757126755748,0.4401131570339203,0.4516712800862711,0.4492937980283564,0.44923937921070217,0.4492830208580164,0.4451611423901065
0.4208984375,0.555413879971945,0.5569528937339783,0.5667939873896622,0.5604072375319982,0.560365394913571,0.5603989508524002,0.5566805617456101,0.6564234534332694,0.6349490880966187,0.6351512989974325,0.6471944295420088,0.6472743287016444,0.6472102521438283,0.6540343335284289,0.4389988880329909,0.43580466508865356,0.4516712800862711,0.4445279557493072,0.4444809939335232,0.4445186553570118,0.4404027536490659
0.4228515625,0.5511303260739424,0.5531893968582153,0.5499811445945018,0.5562028411383982,0.5562608565189235,0.5562123826872145,0.5524177764690642,0.6645614742666027,0.6419384479522705,0.6668656368908116,0.6551158460963985,0.6550073837005308,0.6550980061817611,0.6621180725751588,0.4342662038958852,0.43139541149139404,0.4330273125799016,0.4398718029349929,0.43993555811177076,0.4398822886641187,0.43568866742799706
0.4248046875,0.5468732420974013,0.5496785044670105,0.5499811445945018,0.5520550434424673,0.5521096385113712,0.5520640224668286,0.548181790740423,0.672699495099936,0.6488317251205444,0.6668656368908116,0.6629196130898259,0.6628160209950337,0.6629025743202346,0.670200577584134,0.4295773198371643,0.4268604516983032,0.4330273125799016,0.4353122093450044,0.43537237550563174,0.43532210478652883,0.43101860974106615
0.4267578125,0.5426425051755918,0.5463383197784424,0.5499811445945018,0.5479072457465363,0.5478467050673367,0.5478972888723295,0.5439725488373705,0.6808375159332694,0.6556839942932129,0.6668656368908116,0.6708415330991377,0.670958175150328,0.6708607149620215,0.6782817005551456,0.4249318975333753,0.4222017526626587,0.4330273125799016,0.4307389643572928,0.43067204183093083,0.4307279580920292,0.42639231290059937
0.4287109375,0.5384379928225866,0.5430961847305298,0.5499811445945018,0.5437594480506053,0.5437073782803756,0.5437508843516345,0.5397900007098695,0.6889755367666027,0.6625648736953735,0.6668656368908116,0.6788843099383577,0.6789861831757938,0.6789010632662899,0.6863612790256753,0.42032960075494596,0.4174468517303467,0.4330273125799016,0.4261517555732253,0.4260940098261556,0.42614225852498666,0.421809516147768
0.4306640625,0.534259582932668,0.53989177942276,0.5336116058222143,0.5396648827692132,0.5397311282507811,0.5396747632631606,0.535634102801865,0.697113557599936,0.6695524454116821,0.6984977476580241,0.6867864291935046,0.6866595441155688,0.6867675023451654,0.6944391347169954,0.4157700953564477,0.4126444160938263,0.4150926551617271,0.42167193978433354,0.42174386986848156,0.42168266835561585,0.4172699665133931
0.4326171875,0.5301071537797356,0.536677896976471,0.5336116058222143,0.5356293648045473,0.5356914128222421,0.5356386192480016,0.5315048190270535,0.7052515784332694,0.6767233610153198,0.6984977476580241,0.6945645631828886,0.6944439395176678,0.6945465704257356,0.702515072009512,0.41125304926689066,0.4078565537929535,0.4150926551617271,0.4172890273201763,0.41735659035650163,0.4172991045248488,0.4127734198113777
0.4345703125,0.5259805840167178,0.5334206223487854,0.5336116058222143,0.5315938468398814,0.5315248678970578,0.5315835586509977,0.5274021218157988,0.7133895992666027,0.6841417551040649,0.6984977476580241,0.702460790335436,0.7025969627153092,0.7024810981631644,0.7105888758991035,0.40677813248005207,0.40315020084381104,0.4150926551617271,0.4128929559609702,0.412817615108972,0.4128817191453768,0.4083196416524495
0.4365234375,0.5218797526749797,0.5300982594490051,0.5336116058222143,0.5275583288752155,0.5274990143187765,0.5275494821266975,0.5233259931914189,0.721527620099936,0.6918497085571289,0.6984977476580241,0.7104778206855941,0.710596732204728,0.7104955546067687,0.7186603091331284,0.4023450170448316,0.3985891342163086,0.4150926551617271,0.4084834237327657,0.408418426820092,0.4084737296518128,0.4039084084416068
0.4384765625,0.5178045391637299,0.5267013311386108,0.5176970008771744,0.5235758307947299,0.5236549551289496,0.5235860530545283,0.5192764259417617,0.7296656409332694,0.6998598575592041,0.7300038238375024,0.7183508970539393,0.7181956063583328,0.7183308320417084,0.7267291083695392,0.3979533770556354,0.39422810077667236,0.3978661269169921,0.4041790171663016,0.40426390718598454,0.40418998459276556,0.3995395084554492
0.4404296875,0.513754823269434,0.5232324600219727,0.5176970008771744,0.519656610849693,0.5197301244143223,0.5196661082409033,0.5152534250751648,0.7378036617666027,0.7081537246704102,0.7300038238375024,0.7260902196775565,0.7259437819445194,0.7260712987100946,0.7347949793430533,0.39360288864279636,0.39010855555534363,0.3978661269169921,0.3999735716057059,0.4000526645306352,0.39998379005842766,0.39521274322057254
0.4423828125,0.50973048515522,0.5197059512138367,0.5176970008771744,0.5157373909046559,0.5156553085043657,0.5157267864853087,0.5112570098248379,0.745941682599936,0.7166823744773865,0.7300038238375024,0.7339471684734176,0.7341132162454673,0.733968617604459,0.742857591061676,0.3892932299630181,0.38625749945640564,0.3978661269169921,0.39575548644535286,0.3956669017392224,0.3957440422976487,0.3909279294709111
0.4443359375,0.5057314053602878,0.5161469578742981,0.5176970008771744,0.5118181709596189,0.5117476154610601,0.5118090557279574,0.5072872164520185,0.7540797034332694,0.7253713607788086,0.7300038238375024,0.7419244455896669,0.7420693957638461,0.7419431697973279,0.75091656896153,0.3850240811898504,0.38268768787384033,0.3978661269169921,0.3915244713240894,0.3914480762843728,0.3915146019102305,0.3866849019241462
0.4462890625,0.5017574647993199,0.5125883221626282,0.5022578462619185,0.5079513984771455,0.5081129956421967,0.5079619651556166,0.503344101999419,0.7622177242666027,0.7341279983520508,0.7613177726333282,0.7497544806908548,0.7494294989344699,0.7497332241376242,0.7589714867677606,0.3807951245041975,0.37865328788757324,0.38135550760262427,0.38739612331867473,0.38756743715977765,0.3874073260168589,0.38248351700273436
0.4482421875,0.497808544761889,0.509067177772522,0.5022578462619185,0.5041556970003275,0.5043036197228703,0.5041653695205551,0.49942774900626136,0.770355745099936,0.7428487539291382,0.7613177726333282,0.7574343226408451,0.7571324009526919,0.7574145748672069,0.7670218566485342,0.37660604408485326,0.37474703788757324,0.38135550760262427,0.38337205339099334,0.3835293102931605,0.38338233682584877,0.3783236574829693
0.4501953125,0.4938845269118657,0.5056202411651611,0.5022578462619185,0.5003599955235095,0.5001934942508884,0.5003491081703046,0.495538271077023,0.7784937659332694,0.7514281272888184,0.7613177726333282,0.7652306822488897,0.7655759075713706,0.7652532491698526,0.7750671172018478,0.37245652609906443,0.37103113532066345,0.38135550760262427,0.3793359089727703,0.3791583443664052,0.3793242989277854,0.37420523794431554
0.4521484375,0.4899852932868303,0.5022786855697632,0.5022578462619185,0.49656429404669145,0.4964212754317186,0.4965549422011976,0.4916758191562984,0.7866317867666027,0.7597676515579224,0.7613177726333282,0.773146231472591,0.7734473757646283,0.7731659176986688,0.7831066188959057,0.36834625869313015,0.3674910068511963,0.38135550760262427,0.37528741317441383,0.37513438805655036,0.37527740756387995,0.3701282108612951
0.4541015625,0.48611072629748164,0.49906426668167114,0.48733138906263024,0.4928196981075329,0.49302050487191196,0.49283070202884627,0.4878405884453454,0.794769807599936,0.767784059047699,0.7923329667407155,0.7809125368625172,0.7804985619605467,0.7808898428977381,0.7911396066880251,0.3642749319830261,0.36410918831825256,0.3655848338689384,0.37133821509641385,0.3715486306807437,0.37134974644245294,0.36609257326921857
0.4560546875,0.48226070872704174,0.4959861934185028,0.48733138906263024,0.48916082541093114,0.48933919446088203,0.48917059977782795,0.48403282613145704,0.8029078284332694,0.7754164338111877,0.7923329667407155,0.7884976822340956,0.7881245269636721,0.7884772268153993,0.7991651994620496,0.36024223804505556,0.3608633577823639,0.3655848338689384,0.367505473665584,0.36769289239721387,0.367515744647832,0.362098374172127
0.4580078125,0.4784351237306703,0.4917789399623871,0.48733138906263024,0.48550195271432933,0.485297841962974,0.4854907677392909,0.4802528405068488,0.8110458492666027,0.7826308012008667,0.7923329667407155,0.7961971549781784,0.7966309489468771,0.7962209168162357,0.807182365402187,0.3562478709065392,0.3577232360839844,0.3655848338689384,0.3636613051208868,0.3634461622476171,0.3636495165475041,0.35814572326748556
0.4599609375,0.4746338548348713,0.4874446988105774,0.48733138906263024,0.4818430800177276,0.48166801495475303,0.48183348670455584,0.47650101263348793,0.819183870099936,0.7894220352172852,0.7923329667407155,0.8040135595275308,0.8043913909670222,0.804034257035536,0.8151898912763079,0.3522915265365266,0.3546507954597473,0.3655848338689384,0.35980544914714935,0.3596203066102797,0.359795304315252,0.35423480214390624
0.4619140625,0.4708567859368997,0.48330065608024597,0.4729868646891044,0.47822925526873766,0.4784477586126129,0.47824139434119184,0.4727778124761628,0.8273218909332694,0.795811653137207,0.8228613205773979,0.8116837847761198,0.8112219133861115,0.8116581141868663,0.8231863417311707,0.34837290283653755,0.3516027629375458,0.35061071171953545,0.35604228768032614,0.35626865660418483,0.35605486480039134,0.3503658798760416
0.4638671875,0.4671038013041755,0.47934600710868835,0.4729868646891044,0.4747343282156488,0.4749157505965006,0.47474440723497596,0.4690838225151287,0.8354599117666027,0.8018416166305542,0.8228613205773979,0.8191080461638423,0.8187189839634207,0.8190864238000146,0.8311700018423308,0.34449169963134035,0.34853774309158325,0.35061071171953545,0.3524238827617738,0.3526123418312369,0.3524343534625361,0.3465393360287334
0.4658203125,0.4633747855736889,0.47558125853538513,0.4729868646891044,0.47123940116255997,0.47102379050760346,0.4712274227950165,0.4654197738259799,0.843597932599936,0.8075666427612305,0.8228613205773979,0.8266424309916216,0.8271120649344192,0.8266685104868335,0.839138791165578,0.34064761865974996,0.345425546169281,0.35061071171953545,0.34879485571155244,0.34857018574973925,0.3487823751394763,0.3427556960563588
0.4677734375,0.45966962375140885,0.4720088243484497,0.4729868646891044,0.4677444741094711,0.4675601590397006,0.4677342343852332,0.46178660399349303,0.8517359534332694,0.813045859336853,0.8228613205773979,0.8342894077443536,0.8346970327483059,0.8343120451457569,0.8470901271023914,0.33684036356545977,0.3422577381134033,0.35061071171953545,0.3451549684280228,0.34496226754633974,0.3451442636407018,0.3390156884668744
0.4697265625,0.4559882012116952,0.46863269805908203,0.45937197263791957,0.4642841820863245,0.46449549731820705,0.4643005549673865,0.458185556194186,0.8598739742666027,0.818333625793457,0.8525355433166489,0.8418105255892215,0.8413511330651081,0.8417749165272557,0.85502069219708,0.33306963988790544,0.33962708711624146,0.3365626326135755,0.3415931984595324,0.34181022484060336,0.3416100152465229,0.3353203430960177
0.4716796875,0.4523304036967057,0.46615684032440186,0.45937197263791957,0.4610093757873879,0.4611562375100501,0.4610207547566003,0.45461836056249366,0.868011995099936,0.8234738111495972,0.8525355433166489,0.8489351421498721,0.848611485567893,0.8489100575973892,0.8629260095308104,0.32933515505315364,0.33732226490974426,0.3365626326135755,0.3382418530099129,0.3383930429683032,0.33825356802502,0.33167117159765785
0.4736328125,0.44869611731580417,0.4647875726222992,0.45937197263791957,0.45773456948845126,0.4575406573893143,0.4577195450166829,0.451087585331322,0.8761500159332694,0.8284949064254761,0.8525355433166489,0.8561617031156236,0.8565954312911901,0.8561952956038759,0.8707996220582821,0.3256366183648208,0.33529970049858093,0.3365626326135755,0.33488101326104064,0.33468080508126613,0.33486550219416616,0.32807051744023774
0.4755859375,0.4450852285449715,0.4635876417160034,0.45937197263791957,0.45445976318951464,0.4542954983341068,0.4544470358110086,0.4475973446499401,0.8842880367666027,0.8334068059921265,0.8525355433166489,0.8634924122999289,0.8638654995131437,0.8635213097703166,0.8786314384727678,0.3219737409950237,0.33360031247138977,0.3365626326135755,0.33151047396708216,0.3313402448292623,0.33149728537498746,0.3245222612986787
0.4775390625,0.4414976242262139,0.46258246898651123,0.4467884142976115,0.45116676825736374,0.45142217433152354,0.4512008654021329,0.4441547585850962,0.892426057599936,0.8381979465484619,0.8805612958551075,0.870745675135676,0.870181059050893,0.8706702609575524,0.8864043173617946,0.3183462359753568,0.33226311206817627,0.3237371754018679,0.32818438627759106,0.32844212048318505,0.3282187975610706,0.32103327568619394
0.4794921875,0.43793319156696986,0.46180009841918945,0.4467884142976115,0.44824786561752894,0.448351832980841,0.44826174543714475,0.44077296479247396,0.9005640784332694,0.842832088470459,0.8805612958551075,0.8772681164796556,0.8770351679491643,0.8772370112051183,0.8940869709718895,0.31475381818789727,0.3313281238079071,0.3237371754018679,0.3252215046613286,0.32532671226854565,0.32523555061848497,0.31761641105993527
0.4814453125,0.4343918181395226,0.461261510848999,0.4467884142976115,0.4453289629776941,0.4451324516396593,0.44530272838024454,0.43747717520770524,0.9087020992666027,0.8472483158111572,0.8805612958551075,0.8838760603300512,0.8843225675882841,0.8839356470138015,0.9016198019632186,0.3111962043562445,0.33083733916282654,0.3237371754018679,0.32225089526510087,0.32205143234096606,0.32222426867921183,0.3142965335074074
0.4833984375,0.43087339188040696,0.4609708786010742,0.4467884142976115,0.4424100603378593,0.4422471982384222,0.44238831797092387,0.43431599180472535,0.916840120099936,0.8513627052307129,0.8805612958551075,0.8905711990545148,0.8909458746350535,0.890621202924911,0.9088871374543736,0.307673113036583,0.330834299325943,0.3237371754018679,0.31927240513146377,0.319106795691449,0.31925029742631517,0.3111214943887595
0.4853515625,0.427377801089818,0.460907906293869,0.436020751519241,0.43955342462991315,0.4398972612975875,0.43958141231719466,0.4313807779867747,0.9249781409332694,0.8550751209259033,0.905203069790364,0.8974647055170466,0.8966494172993659,0.8973982948369515,0.9156752586885867,0.30418426460877607,0.3313591182231903,0.3128170186623363,0.31627981328814375,0.3166359329114823,0.3163088051583399,0.3081824242890385
0.4873046875,0.4263194281784952,0.46102413535118103,0.436020751519241,0.4371983092227984,0.4371228487242184,0.43719216687372714,0.42882840656420107,0.9274526200489499,0.8582785129547119,0.905203069790364,0.9026097199339285,0.9027848737992143,0.9026239748834946,0.9215991364160482,0.30313017805064685,0.33244001865386963,0.3128170186623363,0.3139724502294841,0.31389576826304905,0.31396620865567226,0.30562820874819074
0.4892578125,0.4263194281784952,0.4612458050251007,0.436020751519241,0.43484319381568365,0.43468852472403835,0.4348306040293809,0.4268695706280363,0.9274526200489499,0.8584538698196411,0.905203069790364,0.9078104652574698,0.9081840558238944,0.9078408649224513,0.9261796944758995,0.30313017805064685,0.3340819180011749,0.3128170186623363,0.3116604077656784,0.3114998533018891,0.31164733982796,0.30370095750577714
0.4912109375,0.4263194281784952,0.4614824056625366,0.436020751519241,0.4324880784085689,0.43237437133111983,0.43247882285666145,0.42582402508719763,0.9274526200489499,0.8562363386154175,0.905203069790364,0.9130678519362365,0.9133533599967861,0.9130910861667992,0.9286619829002695,0.30313017805064685,0.3362560570240021,0.3128170186623363,0.3093436094515732,0.3092230550896691,0.3093337970700895,0.3025319310153142
0.4931640625,0.4263194281784952,0.46164146065711975,0.42794749104069346,0.4294080345965913,0.43074280610372495,0.4294080345965913,0.42531029953048893,0.9274526200489499,0.8535237312316895,0.9229142554485206,0.9193009219371358,0.9161690362678674,0.9193009219371358,0.929615230756247,0.30313017805064685,0.3388940989971161,0.3051059927740686,0.3069216047669204,0.30821557664670396,0.3069216047669204,0.3022262469861186
0.4951171875,0.4263194281784952,0.46164676547050476,0.42794749104069346,0.4284343388926594,0.4278139395996654,0.4284343388926594,0.42531784420626284,0.9274526200489499,0.8503514528274536,0.9229142554485206,0.9217070736234315,0.9231959275568054,0.9217070736234315,0.9297864244190182,0.30313017805064685,0.34189242124557495,0.3051059927740686,0.30571144566312464,0.30506103752455216,0.30571144566312464,0.3021718120330643
0.4970703125,0.4263194281784952,0.4614558219909668,0.42794749104069346,0.4274606431887275,0.4270157193530163,0.4274606431887275,0.42538458867486495,0.9274526200489499,0.8467645645141602,0.9229142554485206,0.9241241870653756,0.9251822864256638,0.9241241870653756,0.9296652512423638,0.30313017805064685,0.34512630105018616,0.3051059927740686,0.30450028985969385,0.3040677189772254,0.30450028985969385,0.30222300927181284
0.4990234375,0.4263194281784952,0.4610719382762909,0.42794749104069346,0.4264869474847956,0.4262174991063672,0.4264869474847956,0.4255756943919737,0.9274526200489499,0.8428270816802979,0.9229142554485206,0.9265523373420375,0.927176085401367,0.9265523373420375,0.9292609861239848,0.30313017805064685,0.3484724462032318,0.3051059927740686,0.30328813053004977,0.30307372396862914,0.30328813053004977,0.302392841302061
0.5009765625,0.4263194281784952,0.4370418190956116,0.42600009963282964,0.42600009963282964,0.42600009963282964,0.42600009963282964,0.4257245548281175,0.9274526200489499,0.8766063451766968,0.9296824278743614,0.9296824278743614,0.9296824278743614,0.9296824278743614,0.9289135538621776,0.30313017805064685,0.3083818852901459,0.30237911204410994,0.30237911204410994,0.30237911204410994,0.30237911204410994,0.3025307706337915
0.5029296875,0.4263194281784952,0.43886128067970276,0.42600009963282964,0.42600009963282964,0.42600009963282964,0.42600009963282964,0.42579603815026723,0.9274526200489499,0.8781020641326904,0.9296824278743614,0.9296824278743614,0.9296824278743614,0.9296824278743614,0.9287136309120406,0.30313017805064685,0.31026628613471985,0.30237911204410994,0.30237911204410994,0.30237911204410994,0.30237911204410994,0.3025991397075427
0.5048828125,0.4263194281784952,0.44012901186943054,0.42600009963282964,0.42600009963282964,0.42600009963282964,0.42600009963282964,0.42582120055108863,0.9274526200489499,0.8796169757843018,0.9296824278743614,0.9296824278743614,0.9296824278743614,0.9296824278743614,0.9286177784171601,0.30313017805064685,0.31190750002861023,0.30237911204410994,0.30237911204410994,0.30237911204410994,0.30237911204410994,0.302623790795775
0.5068359375,0.4263194281784952,0.44086477160453796,0.42600009963282964,0.42600009963282964,0.42600009963282964,0.42600009963282964,0.42583667097945077,0.9274526200489499,0.8805387020111084,0.9296824278743614,0.9296824278743614,0.9296824278743614,0.9296824278743614,0.928569302764384,0.30313017805064685,0.3133547902107239,0.30237911204410994,0.30237911204410994,0.30237911204410994,0.30237911204410994,0.30263507825565794
0.5087890625,0.4263194281784952,0.44109073281288147,0.42523023017915285,0.42523023017915285,0.42523023017915285,0.42523023017915285,0.42586082778856066,0.9274526200489499,0.8794052600860596,0.9302379687203585,0.9302379687203585,0.9302379687203585,0.9302379687203585,0.9285242629799177,0.30313017805064685,0.3150395154953003,0.30198139521399914,0.30198139521399914,0.30198139521399914,0.30198139521399914,0.3026518150150015
0.5107421875,0.4263194281784952,0.44083771109580994,0.42523023017915285,0.42523023017915285,0.42523023017915285,0.42523023017915285,0.42589477135343085,0.9274526200489499,0.8789902925491333,0.9302379687203585,0.9302379687203585,0.9302379687203585,0.9302379687203585,0.9284501745484125,0.30313017805064685,0.31610867381095886,0.30198139521399914,0.30198139521399914,0.30198139521399914,0.30198139521399914,0.3026834440435938
0.5126953125,0.4263194281784952,0.4401542842388153,0.42523023017915285,0.42523023017915285,0.42523023017915285,0.42523023017915285,0.4259330869296847,0.9274526200489499,0.8793423175811768,0.9302379687203585,0.9302379687203585,0.9302379687203585,0.9302379687203585,0.9283376415971023,0.30313017805064685,0.3165696859359741,0.30198139521399914,0.30198139521399914,0.30198139521399914,0.30198139521399914,0.30273053744611644
0.5146484375,0.4263194281784952,0.43911322951316833,0.42523023017915285,0.42523023017915285,0.42523023017915285,0.42523023017915285,0.42597192201675216,0.9274526200489499,0.8804616928100586,0.9302379687203585,0.9302379687203585,0.9302379687203585,0.9302379687203585,0.9282092202103973,0.30313017805064685,0.31645673513412476,0.30198139521399914,0.30198139521399914,0.30198139521399914,0.30198139521399914,0.3027853765172608
0.5166015625,0.4263194281784952,0.43781378865242004,0.4254402670421106,0.4254402670421106,0.4254402670421106,0.4254402670421106,0.42601617866904856,0.9274526200489499,0.8822934627532959,0.9297113674312832,0.9297113674312832,0.9297113674312832,0.9297113674312832,0.9280903198926957,0.30313017805064685,0.31583356857299805,0.30220474858589375,0.30220474858589375,0.30220474858589375,0.30220474858589375,0.3028436625696851
0.5185546875,0.4263194281784952,0.43637698888778687,0.4254402670421106,0.4254402670421106,0.4254402670421106,0.4254402670421106,0.42607085907599807,0.9274526200489499,0.8847274780273438,0.9297113674312832,0.9297113674312832,0.9297113674312832,0.9297113674312832,0.927996555876549,0.30313017805064685,0.3147960305213928,0.30220474858589375,0.30220474858589375,0.30220474858589375,0.30220474858589375,0.3029040118407322
0.5205078125,0.4263194281784952,0.43493446707725525,0.4254402670421106,0.4254402670421106,0.4254402670421106,0.4254402670421106,0.42613539770567743,0.9274526200489499,0.8876088857650757,0.9297113674312832,0.9297113674312832,0.9297113674312832,0.9297113674312832,0.9279253256181282,0.30313017805064685,0.31346866488456726,0.30220474858589375,0.30220474858589375,0.30220474858589375,0.30220474858589375,0.30296476526530053
0.5224609375,0.4263194281784952,0.4336135685443878,0.4254402670421106,0.4254402670421106,0.4254402670421106,0.4254402670421106,0.42619946708442513,0.9274526200489499,0.8907556533813477,0.9297113674312832,0.9297113674312832,0.9297113674312832,0.9297113674312832,0.9278620176003617,0.30313017805064685,0.3119966685771942,0.30220474858589375,0.30220474858589375,0.30220474858589375,0.30220474858589375,0.30301923683642507
0.5244140625,0.4263194281784952,0.4325231611728668,0.4253364593386484,0.4253364593386484,0.4253354882365349,0.4253364593386484,0.4262542503455281,0.9274526200489499,0.893983006477356,0.9299501876519785,0.9299501876519785,0.9299525809720994,0.9299501876519785,0.9277896477579359,0.30313017805064685,0.31053197383880615,0.3021034420936175,0.3021034420936175,0.3021024270709806,0.3021034420936175,0.3030587804980476
0.5263671875,0.4263194281784952,0.4317420721054077,0.4253364593386484,0.4253364593386484,0.4253354882365349,0.4253364593386484,0.42627611979630176,0.9274526200489499,0.8971267938613892,0.9299501876519785,0.9299501876519785,0.9299525809720994,0.9299501876519785,0.9277010044967616,0.30313017805064685,0.3081950843334198,0.3021034420936175,0.3021034420936175,0.3021024270709806,0.3021034420936175,0.3030798238880733
0.5283203125,0.4263194281784952,0.43131309747695923,0.4253364593386484,0.4253364593386484,0.4253354882365349,0.4253364593386484,0.4262736853923465,0.9274526200489499,0.9000635147094727,0.9299501876519785,0.9299501876519785,0.9299525809720994,0.9299501876519785,0.927589041563125,0.30313017805064685,0.30599719285964966,0.3021034420936175,0.3021034420936175,0.3021024270709806,0.3021034420936175,0.30308035458842864
0.5302734375,0.4263194281784952,0.43124279379844666,0.4253364593386484,0.4253364593386484,0.4253393726449889,0.4253364593386484,0.42625801920968687,0.9274526200489499,0.9027230739593506,0.9299501876519785,0.9299501876519785,0.9299430077571865,0.9299501876519785,0.9274861053568636,0.30313017805064685,0.3042554557323456,0.3021034420936175,0.3021034420936175,0.30210648715568117,0.3021034420936175,0.30307475335554335
0.5322265625,0.4263194281784952,0.43150606751441956,0.42562013533331466,0.42554236908067333,0.42554131426423925,0.42554236908067333,0.4262475700546937,0.9274526200489499,0.9050869941711426,0.9292837525616512,0.9294703410408148,0.9294725549822672,0.9294703410408148,0.9274118283818972,0.30313017805064685,0.3029852509498596,0.30238625339697167,0.3023070518920795,0.3023061125237927,0.3023070518920795,0.3030730264604355
0.5341796875,0.4263194281784952,0.43205350637435913,0.42562013533331466,0.4255942132491009,0.4255926601528982,0.4255942132491009,0.42626278402874634,0.9274526200489499,0.9071791172027588,0.9292837525616512,0.9293459411448873,0.9293493499901485,0.9293459411448873,0.9273903445203276,0.30313017805064685,0.3021581470966339,0.30238625339697167,0.3023598535538419,0.3023584067621805,0.3023598535538419,0.30308853289344895
0.5361328125,0.4263194281784952,0.4328209161758423,0.42562013533331466,0.4256460574175284,0.4256470123679377,0.4256460574175284,0.4263108516913386,0.9274526200489499,0.9090480804443359,0.9292837525616512,0.9292215715530544,0.9292194930014479,0.9292215715530544,0.9274093742437463,0.30313017805064685,0.3017074465751648,0.30238625339697167,0.302412652581761,0.302413534939072,0.302412652581761,0.303117721587558
0.5380859375,0.4263194281784952,0.43373823165893555,0.42562013533331466,0.425697901585956,0.4256995545481835,0.425697901585956,0.42637052767569944,0.9274526200489499,0.9107475280761719,0.9292837525616512,0.9290972322542438,0.9290936909944788,0.9290972322542438,0.9274472598296644,0.30313017805064685,0.3015367090702057,0.30238625339697167,0.30246544897679906,0.30246695253570804,0.30246544897679906,0.3031534982215871
0.5400390625,0.4263194281784952,0.4347361922264099,0.4257512126860687,0.4257512126860687,0.4257512126860687,0.4257512126860687,0.42640822660319394,0.9274526200489499,0.9123201370239258,0.9289548880214761,0.9289548880214761,0.9289548880214761,0.9289548880214761,0.9274736441076601,0.30313017805064685,0.30153146386146545,0.30252586288891387,0.30252586288891387,0.30252586288891387,0.30252586288891387,0.3031829890032259
0.5419921875,0.4263194281784952,0.4357503652572632,0.4257512126860687,0.4257512126860687,0.4257512126860687,0.4257512126860687,0.42641063567250514,0.9274526200489499,0.9122430086135864,0.9289548880214761,0.9289548880214761,0.9289548880214761,0.9289548880214761,0.9274674466580382,0.30313017805064685,0.301572322845459,0.30252586288891387,0.30252586288891387,0.30252586288891387,0.30252586288891387,0.3031965108361697
0.5439453125,0.4263194281784952,0.4367218613624573,0.4257512126860687,0.4257512126860687,0.4257512126860687,0.4257512126860687,0.4263893791174963,0.9274526200489499,0.9115519523620605,0.9289548880214761,0.9289548880214761,0.9289548880214761,0.9289548880214761,0.9274308135677494,0.30313017805064685,0.30154865980148315,0.30252586288891387,0.30252586288891387,0.30252586288891387,0.30252586288891387,0.30319338618456293
0.5458984375,0.4263194281784952,0.43759584426879883,0.4257512126860687,0.4257512126860687,0.4257512126860687,0.4257512126860687,0.4263415162796922,0.9274526200489499,0.9104610681533813,0.9289548880214761,0.9289548880214761,0.9289548880214761,0.9289548880214761,0.9273723457308684,0.30313017805064685,0.3013690412044525,0.30252586288891387,0.30252586288891387,0.30252586288891387,0.30252586288891387,0.3031775765956176
0.5478515625,0.4263194281784952,0.4383202791213989,0.4258775339099639,0.4258775339099639,0.4258775339099639,0.4258775339099639,0.4262980406326231,0.9274526200489499,0.9090362787246704,0.9287395462947604,0.9287395462947604,0.9287395462947604,0.9287395462947604,0.9273096504706814,0.30313017805064685,0.3009696304798126,0.3026173180049394,0.3026173180049394,0.3026173180049394,0.3026173180049394,0.303157204139905
0.5498046875,0.4263194281784952,0.43884536623954773,0.4258775339099639,0.4258775339099639,0.4258775339099639,0.4258775339099639,0.4262873878048264,0.9274526200489499,0.9073644876480103,0.9287395462947604,0.9287395462947604,0.9287395462947604,0.9287395462947604,0.9272827326441455,0.30313017805064685,0.30031681060791016,0.3026173180049394,0.3026173180049394,0.3026173180049394,0.3026173180049394,0.3031492124557999
0.5517578125,0.4263194281784952,0.4393068552017212,0.4258775339099639,0.4258775339099639,0.4258775339099639,0.4258775339099639,0.4262970231360933,0.9274526200489499,0.9055449962615967,0.9287395462947604,0.9287395462947604,0.9287395462947604,0.9287395462947604,0.9272875995792959,0.30313017805064685,0.2994070053100586,0.3026173180049394,0.3026173180049394,0.3026173180049394,0.3026173180049394,0.3031509290208793
0.5537109375,0.4263194281784952,0.441679984331131,0.4258775339099639,0.4258775339099639,0.4258775339099639,0.4258775339099639,0.42633886007179606,0.9274526200489499,0.9036757946014404,0.9287395462947604,0.9287395462947604,0.9287395462947604,0.9287395462947604,0.927316060639192,0.30313017805064685,0.29826268553733826,0.3026173180049394,0.3026173180049394,0.3026173180049394,0.3026173180049394,0.30315894517050507
0.5556640625,0.4263194281784952,0.4437788426876068,0.42591526245092975,0.42591526245092975,0.42591526245092975,0.42591526245092975,0.4263931431463763,0.9274526200489499,0.9018425941467285,0.9286466679014411,0.9286466679014411,0.9286466679014411,0.9286466679014411,0.9273641544888229,0.30313017805064685,0.2969278395175934,0.3026567737828833,0.3026567737828833,0.3026567737828833,0.3026567737828833,0.3031729140896642
0.5576171875,0.4263194281784952,0.44546714425086975,0.42591526245092975,0.42591526245092975,0.42591526245092975,0.42591526245092975,0.4264215695061471,0.9274526200489499,0.9001078605651855,0.9286466679014411,0.9286466679014411,0.9286466679014411,0.9286466679014411,0.9274073809728064,0.30313017805064685,0.29546260833740234,0.3026567737828833,0.3026567737828833,0.3026567737828833,0.3026567737828833,0.3031834302706945
0.5595703125,0.4263194281784952,0.4466419816017151,0.42591526245092975,0.42591526245092975,0.42591526245092975,0.42591526245092975,0.4264219550446221,0.9274526200489499,0.898507833480835,0.9286466679014411,0.9286466679014411,0.9286466679014411,0.9286466679014411,0.9274298915711258,0.30313017805064685,0.2943180799484253,0.3026567737828833,0.3026567737828833,0.3026567737828833,0.3026567737828833,0.30318421414743235
0.5615234375,0.4263194281784952,0.44724535942077637,0.42591526245092975,0.42591526245092975,0.42591526245092975,0.42591526245092975,0.4264057773459199,0.9274526200489499,0.8970558643341064,0.9286466679014411,0.9286466679014411,0.9286466679014411,0.9286466679014411,0.9274370199368606,0.30313017805064685,0.2938340902328491,0.3026567737828833,0.3026567737828833,0.3026567737828833,0.3026567737828833,0.3031771326046606
0.5634765625,0.4263194281784952,0.44727054238319397,0.4259044045672328,0.4259044045672328,0.4259044045672328,0.4259044045672328,0.4263649501798656,0.9274526200489499,0.8957502841949463,0.9286153377255045,0.9286153377255045,0.9286153377255045,0.9286153377255045,0.927431788574354,0.30313017805064685,0.29315924644470215,0.3026700865749629,0.3026700865749629,0.3026700865749629,0.3026700865749629,0.3031630376265724
0.5654296875,0.4263194281784952,0.4467625021934509,0.4259044045672328,0.4259044045672328,0.4259044045672328,0.4259044045672328,0.4263157019362138,0.9274526200489499,0.8945878744125366,0.9286153377255045,0.9286153377255045,0.9286153377255045,0.9286153377255045,0.9274223300417295,0.30313017805064685,0.2923133969306946,0.3026700865749629,0.3026700865749629,0.3026700865749629,0.3026700865749629,0.3031452531468909
0.5673828125,0.4263194281784952,0.44581449031829834,0.4259044045672328,0.4259044045672328,0.4259044045672328,0.4259044045672328,0.42627803176594214,0.9274526200489499,0.8935731649398804,0.9286153377255045,0.9286153377255045,0.9286153377255045,0.9286153377255045,0.9274160000336883,0.30313017805064685,0.2913314402103424,0.3026700865749629,0.3026700865749629,0.3026700865749629,0.3026700865749629,0.30312876037431186
0.5693359375,0.4263194281784952,0.4445587992668152,0.4259044045672328,0.4259044045672328,0.4259044045672328,0.4259044045672328,0.4262678575338532,0.9274526200489499,0.892727255821228,0.9286153377255045,0.9286153377255045,0.9286153377255045,0.9286153377255045,0.9274132432676551,0.30313017805064685,0.2902604937553406,0.3026700865749629,0.3026700865749629,0.3026700865749629,0.3026700865749629,0.30311677103721335
0.5712890625,0.4263194281784952,0.443155437707901,0.42587525580282104,0.4258962392503757,0.42589716093921787,0.4258962392503757,0.42626994880396696,0.9274526200489499,0.8920871019363403,0.9285971584782707,0.9286043526557104,0.9286051276789666,0.9286043526557104,0.9274194034204705,0.30313017805064685,0.28915467858314514,0.30267781766912105,0.30267318965968637,0.30267292006841934,0.30267318965968637,0.30311273715273646
0.5732421875,0.4263194281784952,0.44177883863449097,0.42587525580282104,0.42588225028533927,0.4258837063886092,0.42588225028533927,0.4262871615063042,0.9274526200489499,0.8917014598846436,0.9285971584782707,0.9285995566161862,0.9286005149007381,0.9285995566161862,0.9274339549900202,0.30313017805064685,0.2880714535713196,0.30267781766912105,0.30267627500028915,0.30267588754176017,0.30267627500028915,0.3031146273987731
0.5751953125,0.4263194281784952,0.4406034052371979,0.42587525580282104,0.4258682613203028,0.4258702518380005,0.4258682613203028,0.4263155147331741,0.9274526200489499,0.8916229009628296,0.9285971584782707,0.9285947602615809,0.9285959018310463,0.9285947602615809,0.9274572368289944,0.30313017805064685,0.28854507207870483,0.30267781766912105,0.3026793603369732,0.30267885501147607,0.3026793603369732,0.303119481737576
0.5771484375,0.4263194281784952,0.4397921860218048,0.42587525580282104,0.4258542723552664,0.42584990404545664,0.4258542723552664,0.4263404691490481,0.9274526200489499,0.8918973207473755,0.9285971584782707,0.9285899635918625,0.928587088411608,0.9285899635918625,0.9274870780877833,0.30313017805064685,0.28937721252441406,0.30267781766912105,0.3026824456697381,0.30268360803968813,0.3026824456697381,0.3031259877910153
0.5791015625,0.4263194281784952,0.439485639333725,0.4257924928469414,0.4258389876625075,0.4258399478872526,0.4258389876625075,0.42635115232502974,0.9274526200489499,0.8925546407699585,0.9285769642084611,0.9286005816800288,0.9286010392868659,0.9286005816800288,0.9275168928874233,0.30313017805064685,0.29050031304359436,0.30268640431354,0.30267484128006705,0.3026746700188947,0.30267484128006705,0.3031333385516164
0.5810546875,0.4263194281784952,0.43979305028915405,0.4257924928469414,0.42580799111879675,0.4258094279112906,0.42580799111879675,0.4263499960102842,0.9274526200489499,0.8936046361923218,0.9285769642084611,0.9285848372720589,0.9285855370321885,0.9285848372720589,0.9275381447607288,0.30313017805064685,0.29183706641197205,0.30268640431354,0.30268254997960536,0.30268226019972794,0.30268254997960536,0.3031393946279598
0.5830078125,0.4263194281784952,0.440784215927124,0.4257924928469414,0.425776994575086,0.4257789079353286,0.425776994575086,0.42633169608902355,0.9274526200489499,0.8950344324111938,0.9285769642084611,0.9285690905717048,0.9285700325550974,0.9285690905717048,0.9275408663526145,0.30313017805064685,0.2932952642440796,0.30268640431354,0.30269025863691673,0.30268985033962315,0.30269025863691673,0.30313950291861924
0.5849609375,0.4263194281784952,0.44248220324516296,0.4257924928469414,0.42574599803137525,0.4257416876538937,0.42574599803137525,0.42629591378652915,0.9274526200489499,0.896813154220581,0.9285769642084611,0.9285533415784658,0.9285512416451833,0.9285533415784658,0.9275359502594779,0.30313017805064685,0.2947758436203003,0.30268640431354,0.30269796725199194,0.3026988365798613,0.30269796725199194,0.30313700648791886
0.5869140625,0.4263194281784952,0.4448566138744354,0.42562728345313516,0.42571881640312165,0.42572447044399203,0.42571881640312165,0.4262596498293765,0.9274526200489499,0.8988970518112183,0.9284711477435817,0.9285191201957061,0.9285215200314183,0.9285191201957061,0.9275168397763388,0.30313017805064685,0.2957088053226471,0.30273136831459846,0.3027081926426034,0.30270727196488684,0.3027081926426034,0.30312777380476175
0.5888671875,0.4263194281784952,0.4478186070919037,0.42562728345313516,0.425657794436464,0.42566562549099207,0.425657794436464,0.42623662231642023,0.9274526200489499,0.901237964630127,0.9284711477435817,0.9284871408533876,0.9284906824800584,0.9284871408533876,0.9274867335624907,0.30313017805064685,0.2964986562728882,0.30273136831459846,0.3027236431341406,0.30272217126181244,0.3027236431341406,0.303113000778799
0.5908203125,0.4263194281784952,0.45121848583221436,0.42562728345313516,0.4255967724698063,0.42560326544842414,0.4255967724698063,0.4262338855803829,0.9274526200489499,0.9037892818450928,0.9284711477435817,0.9284551523406875,0.9284582153930705,0.9284551523406875,0.9274582003645807,0.30313017805064685,0.2973059117794037,0.30273136831459846,0.3027390934515034,0.3027377590473782,0.3027390934515034,0.3030988423162323
0.5927734375,0.4263194281784952,0.45484861731529236,0.42562728345313516,0.4255357505031487,0.42551577242913247,0.4255357505031487,0.4262467213845428,0.9274526200489499,0.9065113067626953,0.9284711477435817,0.928423154653661,0.9284141441438338,0.928423154653661,0.9274516973444864,0.30313017805064685,0.2980652153491974,0.30273136831459846,0.30275454359461695,0.302758270445014,0.30275454359461695,0.3030947235512903
0.5947265625,0.4263194281784952,0.45845213532447815,0.4253043171136802,0.425426860542679,0.4254478226960218,0.425426860542679,0.42628929104158375,0.9274526200489499,0.909371018409729,0.9283209832364205,0.928375355583596,0.9283890624188101,0.928375355583596,0.9274554401677473,0.30313017805064685,0.2987024784088135,0.30279512243357243,0.3027720471677786,0.30276622989426816,0.3027720471677786,0.30309570204334463
0.5966796875,0.4263194281784952,0.46173980832099915,0.4253043171136802,0.42534516492334645,0.42535821576935495,0.42534516492334645,0.4263421735362375,0.9274526200489499,0.9123425483703613,0.9283209832364205,0.9283391108332264,0.9283473223381409,0.9283391108332264,0.9274717577339744,0.30313017805064685,0.29914334416389465,0.30279512243357243,0.3027874307342008,0.3027839468833735,0.3027874307342008,0.303102386857019
0.5986328125,0.4263194281784952,0.46441367268562317,0.4253043171136802,0.425263469304014,0.4252440724370064,0.425263469304014,0.4263831155748813,0.9274526200489499,0.9154027700424194,0.9283209832364205,0.9283028521571965,0.9282908250975099,0.9283028521571965,0.9275017550130478,0.30313017805064685,0.29917678236961365,0.30279512243357243,0.3028028140770297,0.30280791461071643,0.3028028140770297,0.3031156059487633
0.6005859375,0.4263194281784952,0.466195672750473,0.4253043171136802,0.42518177368468146,0.4251671575523377,0.42518177368468146,0.4263960418558689,0.9274526200489499,0.9185290336608887,0.9283209832364205,0.928266579547479,0.9282566717698879,0.928266579547479,0.9275264092272174,0.30313017805064685,0.29846450686454773,0.30279512243357243,0.30281819719613656,0.302822397463494,0.30281819719613656,0.3031282132205922
0.6025390625,0.4263194281784952,0.46685680747032166,0.4249737184984752,0.4249737184984752,0.4249737184984752,0.4249737184984752,0.4263924528078676,0.9274526200489499,0.9216978549957275,0.9281810836223816,0.9281810836223816,0.9281810836223816,0.9281810836223816,0.927529674143899,0.30313017805064685,0.29740965366363525,0.30285443531329026,0.30285443531329026,0.30285443531329026,0.30285443531329026,0.30313311775129903
0.6044921875,0.4263194281784952,0.46624433994293213,0.4249737184984752,0.4249737184984752,0.4249737184984752,0.4249737184984752,0.42636889158579216,0.9274526200489499,0.9248828887939453,0.9281810836223816,0.9281810836223816,0.9281810836223816,0.9281810836223816,0.927520998560425,0.30313017805064685,0.29604601860046387,0.30285443531329026,0.30285443531329026,0.30285443531329026,0.30285443531329026,0.30313306651639893
0.6064453125,0.4263194281784952,0.4642993211746216,0.4249737184984752,0.4249737184984752,0.4249737184984752,0.4249737184984752,0.4263208752038631,0.9274526200489499,0.928057074546814,0.9281810836223816,0.9281810836223816,0.9281810836223816,0.9281810836223816,0.9275023666367697,0.30313017805064685,0.2944229543209076,0.30285443531329026,0.30285443531329026,0.30285443531329026,0.30285443531329026,0.30312758055223726
0.6083984375,0.4263194281784952,0.46112900972366333,0.4249737184984752,0.4249737184984752,0.4249737184984752,0.4249737184984752,0.42626841318431113,0.9274526200489499,0.9311940670013428,0.9281810836223816,0.9281810836223816,0.9281810836223816,0.9281810836223816,0.9274758217543093,0.30313017805064685,0.29260578751564026,0.30285443531329026,0.30285443531329026,0.30285443531329026,0.30285443531329026,0.303117229616539
0.6103515625,0.4263194281784952,0.4595423936843872,0.42493942619329383,0.42493942619329383,0.42493942619329383,0.42493942619329383,0.4262365950965852,0.9274526200489499,0.9342688322067261,0.9280646853508192,0.9280646853508192,0.9280646853508192,0.9280646853508192,0.9274588366892575,0.30313017805064685,0.29213255643844604,0.3029037384282056,0.3029037384282056,0.3029037384282056,0.3029037384282056,0.30310980155718203
0.6123046875,0.4263194281784952,0.45756426453590393,0.42493942619329383,0.42493942619329383,0.42493942619329383,0.42493942619329383,0.42623384349334364,0.9274526200489499,0.9372589588165283,0.9280646853508192,0.9280646853508192,0.9280646853508192,0.9280646853508192,0.9274596511843984,0.30313017805064685,0.2915218770503998,0.3029037384282056,0.3029037384282056,0.3029037384282056,0.3029037384282056,0.3031091682103101
0.6142578125,0.4263194281784952,0.4554321765899658,0.42493942619329383,0.42493942619329383,0.42493942619329383,0.42493942619329383,0.4262377932803338,0.9274526200489499,0.9401435852050781,0.9280646853508192,0.9280646853508192,0.9280646853508192,0.9280646853508192,0.9274679666915575,0.30313017805064685,0.29071512818336487,0.3029037384282056,0.3029037384282056,0.3029037384282056,0.3029037384282056,0.3031111606350392
0.6162109375,0.4263194281784952,0.4533863067626953,0.42493942619329383,0.42493942619329383,0.42493942619329383,0.42493942619329383,0.4262530100220304,0.9274526200489499,0.9429044723510742,0.9280646853508192,0.9280646853508192,0.9280646853508192,0.9280646853508192,0.927489114067335,0.30313017805064685,0.289790540933609,0.3029037384282056,0.3029037384282056,0.3029037384282056,0.3029037384282056,0.303118384547537
0.6181640625,0.4263194281784952,0.4516409635543823,0.4250992089331064,0.42497937187824697,0.4249779033558041,0.42497937187824697,0.42626885350239907,0.9274526200489499,0.9434860944747925,0.9279618982243603,0.9280389813231431,0.9280284243509783,0.9280389813231431,0.927511793616955,0.30313017805064685,0.28883349895477295,0.3029473696055762,0.3029149503496896,0.30291937071739916,0.3029149503496896,0.3031275389410259
0.6201171875,0.4263194281784952,0.4503645598888397,0.4250992089331064,0.42505926324815324,0.4250415209710735,0.42505926324815324,0.4262714233731565,0.9274526200489499,0.9429378509521484,0.9279618982243603,0.9279875877612755,0.9279874994539348,0.9279875877612755,0.9275179490769037,0.30313017805064685,0.28792744874954224,0.3029473696055762,0.30293656329918656,0.30293658110381827,0.30293656329918656,0.30313248236166235
0.6220703125,0.4263194281784952,0.449670672416687,0.4250992089331064,0.4251391546180595,0.42510513858634286,0.4251391546180595,0.42626565683102563,0.9274526200489499,0.9420595169067383,0.9279618982243603,0.9279362135149757,0.9279465868058346,0.9279362135149757,0.9275116987857321,0.30313017805064685,0.2871464788913727,0.3029473696055762,0.30295817579976897,0.3029537912055707,0.30295817579976897,0.3031346866154654
0.6240234375,0.4263194281784952,0.4496169984340668,0.4250992089331064,0.4252190459879658,0.4252722728192051,0.4252190459879658,0.4262425219502596,0.9274526200489499,0.940942645072937,0.9279618982243603,0.9278848585733563,0.9278851362091579,0.9278848585733563,0.9274966016130752,0.30313017805064685,0.2865486145019531,0.3029473696055762,0.3029797878516899,0.3029797344425257,0.3029797878516899,0.3031329390333719
0.6259765625,0.4263194281784952,0.4502096176147461,0.425899297458537,0.4255414029288371,0.4253818325498316,0.4255414029288371,0.4262138975293135,0.9274526200489499,0.939692497253418,0.9278673412759565,0.927901942367583,0.927935127723987,0.927901942367583,0.9274755895718606,0.30313017805064685,0.2861718535423279,0.3029877099161188,0.30297295420929704,0.30295886331045474,0.30297295420929704,0.3031263756714206
0.6279296875,0.4263194281784952,0.45067480206489563,0.425899297458537,0.42577999928197036,0.4255571886952361,0.42577999928197036,0.4261977705332906,0.9274526200489499,0.9384208917617798,0.9278673412759565,0.9278788685099729,0.9279181470627043,0.9278788685099729,0.9274559635681439,0.30313017805064685,0.286032497882843,0.3029877099161188,0.3029827913698278,0.3029660932261762,0.3029827913698278,0.30311839633404375
0.6298828125,0.4263194281784952,0.4502120614051819,0.425899297458537,0.42601859563510364,0.42616596571477683,0.42601859563510364,0.42619904454922797,0.9274526200489499,0.9372377395629883,0.9278673412759565,0.9278558204978931,0.9278291411104834,0.9278558204978931,0.9274504302317267,0.30313017805064685,0.2861267626285553,0.3029877099161188,0.3029926284397855,0.30300398866031275,0.3029926284397855,0.30311637630543065
0.6318359375,0.4263194281784952,0.4507107734680176,0.425899297458537,0.4262571919882369,0.4264922028743035,0.4262571919882369,0.4262174905104217,0.9274526200489499,0.936241626739502,0.9278673412759565,0.9278327982879429,0.9277872078511872,0.9278327982879429,0.9274505314462035,0.30313017805064685,0.2864346504211426,0.3029877099161188,0.3030024654193224,0.30302189318480416,0.3030024654193224,0.3031179049754994
0.6337890625,0.4263194281784952,0.45204171538352966,0.4270079797581725,0.42690602868738486,0.42693341976429205,0.42690602868738486,0.4262741947363359,0.9274526200489499,0.9355049133300781,0.9277775701969356,0.9278370781992575,0.927821087460582,0.9278370781992575,0.9274587945073891,0.30313017805064685,0.28692543506622314,0.30302606623711287,0.30300083100371006,0.3030076109842569,0.30300083100371006,0.303122638395595
0.6357421875,0.4263194281784952,0.45402994751930237,0.4270079797581725,0.42697399606791,0.426983126426879,0.42697399606791,0.42636373935216454,0.9274526200489499,0.9350637197494507,0.9277775701969356,0.9277974030401377,0.9277920742628165,0.9277974030401377,0.9274780728356022,0.30313017805064685,0.2882973253726959,0.30302606623711287,0.30301765455984,0.3030199145220966,0.30301765455984,0.3031307809161604
0.6376953125,0.4263194281784952,0.4564644694328308,0.4270079797581725,0.42704196344843504,0.427032833089466,0.42704196344843504,0.4264599391623458,0.9274526200489499,0.9349099397659302,0.9277775701969356,0.9277577405103001,0.9277630678193294,0.9277577405103001,0.9274993526532535,0.30313017805064685,0.28973931074142456,0.30302606623711287,0.3030344778472124,0.3030322179162018,0.3030344778472124,0.30313883979877826
0.6396484375,0.4263194281784952,0.4591117799282074,0.4270079797581725,0.42710993082896015,0.42708253975205296,0.42710993082896015,0.4265214257912511,0.9274526200489499,0.9349923133850098,0.9277775701969356,0.9277180906037146,0.9277340681277615,0.9277180906037146,0.9275086764284852,0.30313017805064685,0.29100242257118225,0.30302606623711287,0.3030513008659558,0.30304452116662284,0.3030513008659558,0.30314179756186305
0.6416015625,0.4263194281784952,0.46173176169395447,0.4271439145192227,0.4271439145192227,0.4271439145192227,0.4271439145192227,0.42652833785494704,0.9274526200489499,0.9352258443832397,0.9276982703822587,0.9276982703822587,0.9276982703822587,0.9276982703822587,0.9275081580824831,0.30313017805064685,0.29200366139411926,0.3030597122746315,0.3030597122746315,0.3030597122746315,0.3030597122746315,0.3031411341233765
0.6435546875,0.4263194281784952,0.4640965461730957,0.4271439145192227,0.4271439145192227,0.4271439145192227,0.4271439145192227,0.42652503040303,0.9274526200489499,0.9355068206787109,0.9276982703822587,0.9276982703822587,0.9276982703822587,0.9276982703822587,0.927500788940041,0.30313017805064685,0.2926843464374542,0.3030597122746315,0.3030597122746315,0.3030597122746315,0.3030597122746315,0.303138502512168
0.6455078125,0.4263194281784952,0.4660082459449768,0.4271439145192227,0.4271439145192227,0.4271439145192227,0.4271439145192227,0.4265031192957781,0.9274526200489499,0.9357326030731201,0.9276982703822587,0.9276982703822587,0.9276982703822587,0.9276982703822587,0.9274814174719949,0.30313017805064685,0.2930128574371338,0.3030597122746315,0.3030597122746315,0.3030597122746315,0.3030597122746315,0.3031314689537264
0.6474609375,0.4263194281784952,0.4673141837120056,0.4271439145192227,0.4271439145192227,0.4271439145192227,0.4271439145192227,0.42646000828167463,0.9274526200489499,0.9358174800872803,0.9276982703822587,0.9276982703822587,0.9276982703822587,0.9276982703822587,0.9274546188974871,0.30313017805064685,0.29298320412635803,0.3030597122746315,0.3030597122746315,0.3030597122746315,0.3030597122746315,0.3031211621792137
0.6494140625,0.4263194281784952,0.4679175615310669,0.4265835310144839,0.427003818643038,0.4270047269756933,0.427003818643038,0.42640705519693534,0.9274526200489499,0.9357073307037354,0.9276291799209295,0.9276810147678669,0.9276777404057083,0.9276810147678669,0.9274303672762978,0.30313017805064685,0.29298168420791626,0.3030887180039966,0.30306696378335884,0.3030683347172287,0.30306696378335884,0.30311153303857097
0.6513671875,0.4263194281784952,0.46778056025505066,0.4265835310144839,0.42672362689066856,0.4267447156709287,0.42672362689066856,0.42635306688570423,0.9274526200489499,0.9353845119476318,0.9276291799209295,0.9276464695483654,0.9276456828499993,0.9276464695483654,0.9274219382564057,0.30313017805064685,0.2933729290962219,0.3030887180039966,0.30308146664809155,0.30308179302082006,0.30308146664809155,0.3031090731320656
0.6533203125,0.4263194281784952,0.46662575006484985,0.4265835310144839,0.4264434351382992,0.42648470436616415,0.4264434351382992,0.4262981802022263,0.9274526200489499,0.9348679780960083,0.9276291799209295,0.9276118789334619,0.9276135862057752,0.9276118789334619,0.9274199351789147,0.30313017805064685,0.2935253083705902,0.3030887180039966,0.3030959693088605,0.30309525114877345,0.3030959693088605,0.3031108126073311
0.6552734375,0.4263194281784952,0.46539807319641113,0.4265835310144839,0.42616324338592976,0.4260999770451494,0.42616324338592976,0.42623723479141873,0.9274526200489499,0.9342074394226074,0.9276291799209295,0.9275772428336172,0.9275795962211899,0.9275772428336172,0.9274244396832642,0.30313017805064685,0.2934100031852722,0.3030887180039966,0.3031104717652635,0.3031094926742759,0.3031104717652635,0.303115973143781
0.6572265625,0.4263194281784952,0.46325939893722534,0.42331010164457783,0.4257651736720074,0.4258905716031393,0.4257651736720074,0.4261690003615931,0.9274526200489499,0.9334757328033447,0.9275777795958194,0.9276164039365415,0.9276144490337759,0.9276164039365415,0.927440755854744,0.30313017805064685,0.2930218577384949,0.3031101806680581,0.30309408371203195,0.3030948704921794,0.30309408371203195,0.3031256303757235
0.6591796875,0.4263194281784952,0.4595271348953247,0.42331010164457783,0.4241284589870543,0.4244020576531038,0.4241284589870543,0.42609176504652924,0.9274526200489499,0.9327586889266968,0.9275777795958194,0.9275907040599272,0.9275910844328851,0.9275907040599272,0.9274661741908287,0.30313017805064685,0.2923841178417206,0.3031101806680581,0.3031048150442248,0.3031046301238886,0.3031048150442248,0.30313798411286624
0.6611328125,0.4263194281784952,0.4546445608139038,0.42331010164457783,0.42249174430210135,0.42291354370306833,0.42249174430210135,0.4260067699576112,0.9274526200489499,0.9321478605270386,0.9275777795958194,0.9275648050628985,0.9275675553608632,0.9275648050628985,0.9274905765709787,0.30313017805064685,0.2915484607219696,0.3031101806680581,0.3031155462634976,0.3031143896622722,0.3031155462634976,0.3031486661359595
0.6630859375,0.4263194281784952,0.44882652163505554,0.42331010164457783,0.42085502961714827,0.42003423361899983,0.42085502961714827,0.42591837627476253,0.9274526200489499,0.9317338466644287,0.9275777795958194,0.9275387046223055,0.9275374500242604,0.9275387046223055,0.9274984798247667,0.30313017805064685,0.29058942198753357,0.3031101806680581,0.3031262773685328,0.3031268321188555,0.3031262773685328,0.3031510688904575
0.6650390625,0.4263194281784952,0.44232359528541565,0.41154868643773035,0.41816864478288784,0.4184338776172045,0.41816864478288784,0.4258393086637585,0.9274526200489499,0.9316016435623169,0.9275469740581086,0.9275577642728935,0.9275582657659857,0.9275577642728935,0.9274991556450058,0.30313017805064685,0.2895939350128174,0.30312319806558424,0.3031185030702804,0.3031182802735713,0.3031185030702804,0.30314940491598485
0.6669921875,0.4263194281784952,0.4354111850261688,0.41154868643773035,0.4137553392194495,0.4141596188807216,0.4137553392194495,0.4257770061721695,0.9274526200489499,0.9318259954452515,0.9275469740581086,0.9275506091608419,0.9275513480248136,0.9275506091608419,0.9274929428602848,0.30313017805064685,0.28864938020706177,0.30312319806558424,0.30312163306930195,0.30312131165869116,0.30312163306930195,0.303144905538976
0.6689453125,0.4263194281784952,0.42880311608314514,0.41154868643773035,0.4093420336560112,0.40988536014423865,0.4093420336560112,0.42570550205622737,0.9274526200489499,0.9324688911437988,0.9275469740581086,0.9275432997636536,0.927544286008103,0.9275432997636536,0.9274766420964643,0.30313017805064685,0.2878316640853882,0.30312319806558424,0.30312476305966785,0.3031243430357178,0.30312476305966785,0.3031369718362151
0.6708984375,0.4263194281784952,0.4246639609336853,0.41154868643773035,0.40492872809257285,0.4037158891087566,0.40492872809257285,0.4255275566785366,0.9274526200489499,0.9335770606994629,0.9275469740581086,0.9275358310366817,0.9275335127074473,0.9275358310366817,0.9274567940807142,0.30313017805064685,0.28719601035118103,0.30312319806558424,0.303127893041095,0.30312885726687816,0.303127893041095,0.3031284334058808
0.6728515625,0.4263194281784952,0.42102208733558655,0.38800365713707125,0.3987988200666249,0.3995879575394152,0.3987988200666249,0.42495862813969554,0.9274526200489499,0.9351785182952881,0.9275185609358879,0.9275284108986566,0.9275291033679512,0.9275284108986566,0.927447247144454,0.30313017805064685,0.28677237033843994,0.30313522060877457,0.30313103340466696,0.30313073574795363,0.30313103340466696,0.30312428353301
0.6748046875,0.4263194281784952,0.4179123044013977,0.38800365713707125,0.3916020447802558,0.39262286367275345,0.3916020447802558,0.4232587969704674,0.9274526200489499,0.9372810125350952,0.9275185609358879,0.9275219045969525,0.9275228351758087,0.9275219045969525,0.927448802654224,0.30313017805064685,0.2865658700466156,0.30313522060877457,0.30313382487577595,0.3031334373557329,0.30313382487577595,0.30312379013008517
0.6767578125,0.4263194281784952,0.41532936692237854,0.38800365713707125,0.3844052694938867,0.38461359905995907,0.3844052694938867,0.41940994517624663,0.9274526200489499,0.9398699998855591,0.9275185609358879,0.9275151546753242,0.9275153530535785,0.9275151546753242,0.927454816611174,0.30313017805064685,0.28656095266342163,0.30313522060877457,0.3031366163400056,0.3031365362200071,0.3031366163400056,0.3031249619007157
0.6787109375,0.4263194281784952,0.4132249653339386,0.38800365713707125,0.37720849420751756,0.3751902082761573,0.37720849420751756,0.41221073743693626,0.9274526200489499,0.9429076910018921,0.9275185609358879,0.9275081471896701,0.9275061485702389,0.9275081471896701,0.9274653531684726,0.30313017805064685,0.28672727942466736,0.30313522060877457,0.30313940779696247,0.30314017308873553,0.30313940779696247,0.30312932185572034
0.6806640625,0.4263194281784952,0.4115045368671417,0.35397448414677746,0.36775414887469127,0.3807008096547675,0.36775414887469127,0.40049753316231784,0.9274526200489499,0.9463330507278442,0.9274924099859008,0.9275006631159095,0.9275093728056624,0.9275006631159095,0.9274746254535351,0.30313017805064685,0.2870270013809204,0.30314552979758763,0.3031424635522306,0.3031391435146912,0.3031424635522306,0.303134904089446
0.6826171875,0.4263194281784952,0.41002780199050903,0.35397448414677746,0.3585677057227487,0.37423003424179596,0.3585677057227487,0.38348234625367983,0.9274526200489499,0.95006263256073,0.9274924099859008,0.9274952315104957,0.9275058575963571,0.9274952315104957,0.9274783099256316,0.30313017805064685,0.2874204218387604,0.30314552979758763,0.303144507716901,0.30314058339500916,0.303144507716901,0.30313845651608573
0.6845703125,0.4263194281784952,0.4086127281188965,0.35397448414677746,0.3493812625708062,0.3389878360942462,0.3493812625708062,0.3611338000091354,0.9274526200489499,0.953993558883667,0.9274924099859008,0.9274895142736543,0.9274815092847538,0.9274895142736543,0.9274767254105096,0.30313017805064685,0.2878701090812683,0.30314552979758763,0.3031465518771175,0.30314916780285506,0.3031465518771175,0.3031388171485252
0.6865234375,0.2655737117053071,0.40704676508903503,0.35397448414677746,0.34019481941886365,0.32197925659630017,0.34019481941886365,0.33450271314266733,0.9274526200489499,0.958006739616394,0.9274924099859008,0.9274834882662605,0.9274682001845381,0.9274834882662605,0.9274740714764795,0.30313017805064685,0.2883423864841461,0.30314552979758763,0.3031485960325191,0.3031532243965523,0.3031485960325191,0.30313734868963643
0.6884765625,0.2655737117053071,0.40395137667655945,0.31451211192153095,0.32864948945494427,0.3329368076583639,0.32864948945494427,0.3059903816791054,0.9274526200489499,0.9619700908660889,0.9274732035479015,0.9274804732196648,0.9274835818210999,0.9274804732196648,0.9274682380238536,0.30313017805064685,0.28880733251571655,0.30315157392049136,0.3031495698303873,0.3031486866089279,0.3031495698303873,0.30313420373691896
0.6904296875,0.2655737117053071,0.3986855447292328,0.31451211192153095,0.3192245710993354,0.32137593337324005,0.3192245710993354,0.27980778588666044,0.9274526200489499,0.9657447338104248,0.9274732035479015,0.9274756983160886,0.9274773118345321,0.9274756983160886,0.9274605798099557,0.30313017805064685,0.2892366647720337,0.30315157392049136,0.3031509058912172,0.3031504716215081,0.3031509058912172,0.30313073205329766
0.6923828125,0.2655737117053071,0.3932393789291382,0.31451211192153095,0.3097996527437265,0.30623991362633435,0.3097996527437265,0.26367819351997773,0.9274526200489499,0.9691905975341797,0.9274732035479015,0.92747063288232,0.9274678190705719,0.92747063288232,0.9274545834013659,0.30313017805064685,0.2896018326282501,0.30315157392049136,0.30315224194895873,0.30315294894525446,0.30315224194895873,0.3031282986494513
0.6943359375,0.2655737117053071,0.3877866566181183,0.31451211192153095,0.3003747343881176,0.29749579302818546,0.3003747343881176,0.2620340767731874,0.9274526200489499,0.9721752405166626,0.9274732035479015,0.9274652495702864,0.9274626935783522,0.9274652495702864,0.9274542680523935,0.30313017805064685,0.28987249732017517,0.30315157392049136,0.303153578003321,0.30315418848967024,0.303153578003321,0.30312798169501404
0.6962890625,0.2655737117053071,0.3825562000274658,0.2785751373019064,0.28869871701889926,0.2892468066957052,0.28869871701889926,0.26207869427282865,0.9274526200489499,0.9745866060256958,0.9274518675738938,0.927460506037303,0.9274610452047966,0.927460506037303,0.9274554653057561,0.30313017805064685,0.29001736640930176,0.30315621826036854,0.30315465568915095,0.30315455670271696,0.30315465568915095,0.30312841698057397
0.6982421875,0.2655737117053071,0.3778098523616791,0.2785751373019064,0.28194966387423737,0.2816862883472823,0.28194966387423737,0.262325205155452,0.9274526200489499,0.9762893915176392,0.9274518675738938,0.927454815988242,0.9274545580386747,0.927454815988242,0.9274606074514884,0.30313017805064685,0.29000771045684814,0.30315621826036854,0.30315569740424203,0.30315574285235247,0.30315569740424203,0.30313020887351216
0.7001953125,0.2655737117053071,0.3738129436969757,0.2785751373019064,0.27520061072957547,0.27501791417064014,0.27520061072957547,0.2629108477568132,0.9274526200489499,0.9764683246612549,0.9274518675738938,0.9274488468522745,0.9274486500859956,0.9274488468522745,0.9274703202925412,0.30313017805064685,0.28982287645339966,0.30315621826036854,0.3031567391155026,0.3031567721107255,0.3031567391155026,0.30313325499618776
0.7021484375,0.2655737117053071,0.3708020746707916,0.2785751373019064,0.26845155758491357,0.268349539993998,0.26845155758491357,0.26375338771316004,0.9274526200489499,0.9763329029083252,0.9274518675738938,0.9274425775801022,0.9274424485129955,0.9274425775801022,0.9274817941463247,0.30313017805064685,0.28945639729499817,0.30315621826036854,0.3031577808226437,0.3031578013650679,0.3031577808226437,0.3031364844440466
0.7041015625,0.2655737117053071,0.3689573109149933,0.2605196867642357,0.26096890879339063,0.26124080439870945,0.26096890879339063,0.26469214331887414,0.9274526200489499,0.975836992263794,0.9274265702584101,0.9274433868380422,0.9274350282322994,0.9274433868380422,0.9274888248163717,0.30313017805064685,0.2893964946269989,0.30315990760596256,0.30315828617047247,0.30315904035907526,0.30315828617047247,0.30313839504479834
0.7060546875,0.2655737117053071,0.36690470576286316,0.2605196867642357,0.2606694274406207,0.26041382109148825,0.2606694274406207,0.26548944654500634,0.9274526200489499,0.974948525428772,0.9274265702584101,0.9274321822251058,0.9274287879642042,0.9274321822251058,0.9274881916317355,0.30313017805064685,0.29025256633758545,0.30315990760596256,0.30315936713074404,0.30315971119803015,0.30315936713074404,0.30313890097019924
0.7080078125,0.2655737117053071,0.36488181352615356,0.2605196867642357,0.2603699460878507,0.2602793142194111,0.2603699460878507,0.2658020015513592,0.9274526200489499,0.9736515283584595,0.9274265702584101,0.9274209518367477,0.9274237405189961,0.9274209518367477,0.9274820928065279,0.30313017805064685,0.29105594754219055,0.30315990760596256,0.30316044807789533,0.30316019668659555,0.30316044807789533,0.303139416122183
0.7099609375,0.2655737117053071,0.3657292425632477,0.2605196867642357,0.2600704647350808,0.260144807347334,0.2600704647350808,0.2658036878900637,0.9274526200489499,0.971949577331543,0.9274265702584101,0.9274096955839227,0.9274186878542635,0.9274096955839227,0.9274692042546927,0.30313017805064685,0.29176682233810425,0.30315990760596256,0.30316152901188115,0.3031606821725059,0.30316152901188115,0.3031385185532095
0.7119140625,0.2655737117053071,0.3668349087238312,0.25992072405869576,0.25992072405869576,0.25992072405869576,0.25992072405869576,0.265800059062109,0.9274526200489499,0.9698646068572998,0.927404057730397,0.927404057730397,0.927404057730397,0.927404057730397,0.9274510181320834,0.30313017805064685,0.29234108328819275,0.3031620694739227,0.3031620694739227,0.3031620694739227,0.3031620694739227,0.3031350641962849
0.7138671875,0.2655737117053071,0.3680107295513153,0.25992072405869576,0.25992072405869576,0.25992072405869576,0.25992072405869576,0.2657881738052153,0.9274526200489499,0.9674346446990967,0.927404057730397,0.927404057730397,0.927404057730397,0.927404057730397,0.9274329787566705,0.30313017805064685,0.29273897409439087,0.3031620694739227,0.3031620694739227,0.3031620694739227,0.3031620694739227,0.30312896573739107
0.7158203125,0.2655737117053071,0.3695386052131653,0.25992072405869576,0.25992072405869576,0.25992072405869576,0.25992072405869576,0.26577110785747454,0.9274526200489499,0.9647068977355957,0.927404057730397,0.927404057730397,0.927404057730397,0.927404057730397,0.9274218970799614,0.30313017805064685,0.29293495416641235,0.3031620694739227,0.3031620694739227,0.3031620694739227,0.3031620694739227,0.30312258970633943
0.7177734375,0.2655737117053071,0.3738240897655487,0.25992072405869576,0.25992072405869576,0.25992072405869576,0.25992072405869576,0.26575090238887106,0.9274526200489499,0.9617321491241455,0.927404057730397,0.927404057730397,0.927404057730397,0.927404057730397,0.92741968227829,0.30313017805064685,0.2929256856441498,0.3031620694739227,0.3031620694739227,0.3031620694739227,0.3031620694739227,0.30311858789037094
0.7197265625,0.2655737117053071,0.37887072563171387,0.260208774074642,0.2599927365626823,0.2600714317835523,0.2599927365626823,0.265726756169519,0.9274526200489499,0.9585603475570679,0.9273870991094308,0.9273998145522703,0.9273951802968183,0.9273998145522703,0.9274232750954788,0.30313017805064685,0.29273298382759094,0.30316610869034016,0.30316307928083264,0.303164182795074,0.30316307928083264,0.3031173221937608
0.7216796875,0.2655737117053071,0.38436755537986755,0.260208774074642,0.26013676157065546,0.26016299331094545,0.26013676157065546,0.26569955970186276,0.9274526200489499,0.9552392959594727,0.9273870991094308,0.9273913352437375,0.9273897918905314,0.9273913352437375,0.9274285173922817,0.30313017805064685,0.292402446269989,0.30316610869034016,0.30316509888903975,0.3031654667260064,0.30316509888903975,0.3031188423626555
0.7236328125,0.2655737117053071,0.38998085260391235,0.260208774074642,0.2602807865786285,0.26025455483833854,0.2602807865786285,0.2656691706961595,0.9274526200489499,0.9518184661865234,0.9273870991094308,0.9273828653191669,0.9273844072756918,0.9273828653191669,0.9274399152768008,0.30313017805064685,0.2919970452785492,0.30316610869034016,0.30316711848977385,0.30316675065391946,0.30316711848977385,0.30312338389657356
0.7255859375,0.2655737117053071,0.3953639268875122,0.260208774074642,0.2604248115866017,0.2603461163657317,0.2604248115866017,0.26563703662604343,0.9274526200489499,0.9483543634414673,0.9273870991094308,0.9273744047629887,0.9273790264482992,0.9273744047629887,0.927460048010598,0.30313017805064685,0.2915881872177124,0.30316610869034016,0.3031691380830472,0.30316803457881625,0.3031691380830472,0.3031308010811111
0.7275390625,0.2655737117053071,0.4001674950122833,0.2612613469599604,0.26077567710767097,0.2607543058952436,0.26077567710767097,0.2656051328203387,0.9274526200489499,0.944916844367981,0.9273787212228781,0.9273782286441389,0.9273780218523077,0.9273782286441389,0.927487683719175,0.30313017805064685,0.2912454605102539,0.303176091525422,0.3031721140299059,0.3031718968935854,0.3031721140299059,0.30314032407601
0.7294921875,0.2655737117053071,0.4040520489215851,0.2612613469599604,0.26109945700919723,0.26106994431149066,0.26109945700919723,0.2655764407137546,0.9274526200489499,0.9415923357009888,0.9273787212228781,0.9273785572335748,0.9273783424655485,0.9273785572335748,0.927518944532429,0.30313017805064685,0.29102829098701477,0.303176091525422,0.30317476569358615,0.30317448188086465,0.30317476569358615,0.3031509489725549
0.7314453125,0.2655737117053071,0.40339070558547974,0.2612613469599604,0.26142323691072356,0.26141093606909516,0.26142323691072356,0.2655540457274544,0.9274526200489499,0.9384850263595581,0.9273787212228781,0.9273788850090763,0.9273788273300766,0.9273788850090763,0.9275488500361978,0.30313017805064685,0.2909790575504303,0.303176091525422,0.3031774173572551,0.30317730629671535,0.3031774173572551,0.30316128748482174
0.7333984375,0.2655737117053071,0.4001617133617401,0.2612613469599604,0.2617470168122498,0.26181020156401213,0.2617470168122498,0.26553908347439636,0.9274526200489499,0.935713529586792,0.9273787212228781,0.9273792119736642,0.9273796895138732,0.9273792119736642,0.9275697945430555,0.30313017805064685,0.29112014174461365,0.303176091525422,0.3031800690209129,0.30318068103044005,0.3031800690209129,0.3031687911205687
0.7353515625,0.2655737117053071,0.39531072974205017,0.2627990132868522,0.26223774419988927,0.2621029323440001,0.26223774419988927,0.2655284349491845,0.9274526200489499,0.933404803276062,0.9273896233942484,0.9273796654974024,0.92737611544319,0.9273796654974024,0.9275733504264826,0.30313017805064685,0.2914537787437439,0.3031873219970976,0.3031822768668213,0.3031803591334442,0.3031822768668213,0.3031704940965702
0.7373046875,0.2655737117053071,0.3889985680580139,0.2627990132868522,0.2626119235911979,0.2624677654065807,0.2626119235911979,0.2655276522118116,0.9274526200489499,0.9316843748092651,0.9273896233942484,0.9273863088247623,0.9273827062751783,0.9273863088247623,0.9275716858053336,0.30313017805064685,0.2919660210609436,0.3031873219970976,0.30318564028816203,0.3031837029528376,0.30318564028816203,0.30317059761549675
0.7392578125,0.2655737117053071,0.38148170709609985,0.2627990132868522,0.26298610298250646,0.26313812718151947,0.26298610298250646,0.2655290443078968,0.9274526200489499,0.9306666851043701,0.9273896233942484,0.9273929332477301,0.9273967143125383,0.9273929332477301,0.9275673808178837,0.30313017805064685,0.29263219237327576,0.3031873219970976,0.3031890037048799,0.30319104394594687,0.3031890037048799,0.3031697453576988
0.7412109375,0.2655737117053071,0.3730911314487457,0.2627990132868522,0.2633602823738151,0.26348722821530846,0.2633602823738151,0.26553199206941897,0.9274526200489499,0.9304434061050415,0.9273896233942484,0.9273995388468835,0.9274028692104971,0.9273995388468835,0.9275578500820635,0.30313017805064685,0.2934246361255646,0.3031873219970976,0.30319236711699465,0.30319418193219305,0.30319236711699465,0.3031670282881256
0.7431640625,0.2655737117053071,0.36420291662216187,0.26425478209042913,0.26379768872472376,0.26377181789201704,0.26379768872472376,0.26553472892091556,0.9274526200489499,0.9310741424560547,0.9274315481285271,0.9274092026671557,0.927407641690212,0.9274092026671557,0.9275427213951917,0.30313017805064685,0.29432010650634766,0.30320299877247403,0.3031946423270282,0.3031940309651507,0.3031946423270282,0.303162069564714
0.7451171875,0.2655737117053071,0.35520315170288086,0.26425478209042913,0.264102417635194,0.2641035346321535,0.264102417635194,0.26553631596204363,0.9274526200489499,0.9325805902481079,0.9274315481285271,0.9274241082356806,0.9274241583459129,0.9274241082356806,0.9275218951476236,0.30313017805064685,0.2953049838542938,0.30320299877247403,0.3032002132965163,0.3032002316128927,0.3032002132965163,0.30315464921328905
0.7470703125,0.2655737117053071,0.3464527428150177,0.26425478209042913,0.2644071465456643,0.26442110598781327,0.2644071465456643,0.2655365262546088,0.9274526200489499,0.9349448680877686,0.9274315481285271,0.9274389794469065,0.9274398087049878,0.9274389794469065,0.9274948568216889,0.30313017805064685,0.29637759923934937,0.30320299877247403,0.3032057842425876,0.303206109693915,0.3032057842425876,0.30314490450395226
0.7490234375,0.2655737117053071,0.3382575511932373,0.26425478209042913,0.2647118754561345,0.26472266984973275,0.2647118754561345,0.26553574866692276,0.9274526200489499,0.9381122589111328,0.9274315481285271,0.9274538164194874,0.9274544900308657,0.9274538164194874,0.9274606128925373,0.30313017805064685,0.29754602909088135,0.30320299877247403,0.303211355165323,0.30321162275342806,0.303211355165323,0.30313340029172475
0.7509765625,0.2655737117053071,0.3308487832546234,0.26523684457061425,0.26496480891351676,0.2649000908213985,0.26496480891351676,0.2655338945248078,0.9274526200489499,0.9419968128204346,0.9275085378854986,0.9274698622449792,0.9274602582421261,0.9274698622449792,0.9274207125367535,0.30313017805064685,0.29690372943878174,0.3032318893435903,0.303217933901839,0.3032146047933049,0.303217933901839,0.3031211047224313
0.7529296875,0.2655737117053071,0.32437238097190857,0.26523684457061425,0.2651461660182484,0.2651738919550065,0.2651461660182484,0.2655318971303756,0.9274526200489499,0.9464889764785767,0.9275085378854986,0.9274956548232318,0.9274997251764352,0.9274956548232318,0.9273814277361779,0.30313017805064685,0.2960652709007263,0.3032318893435903,0.30322723754729414,0.3032286628997508,0.30322723754729414,0.30310936696321605
0.7548828125,0.2655737117053071,0.3188900947570801,0.26523684457061425,0.2653275231229801,0.2653490958203528,0.2653275231229801,0.26553118095484884,0.9274526200489499,0.951460599899292,0.9275085378854986,0.9275214121419135,0.9275246038681554,0.9275214121419135,0.9273543125115209,0.30313017805064685,0.2952713370323181,0.3032318893435903,0.3032365411222896,0.3032376508054897,0.3032365411222896,0.3031008917103195
0.7568359375,0.2655737117053071,0.3143860399723053,0.26523684457061425,0.26550888022771174,0.2655242996856992,0.26550888022771174,0.26553375899072534,0.9274526200489499,0.9567699432373047,0.9275085378854986,0.9275471342732768,0.927549449727905,0.9275471342732768,0.9273513873706885,0.30313017805064685,0.2945716679096222,0.3032318893435903,0.3032458446269697,0.3032466386456204,0.3032458446269697,0.303099270611195
0.7587890625,0.2655737117053071,0.3107792139053345,0.26570563892828236,0.2655872293476705,0.2653953946176713,0.2655872293476705,0.2655373287408106,0.9274526200489499,0.9622645378112793,0.9276376634913857,0.927575118160116,0.9274970328321288,0.927575118160116,0.927355677982029,0.30313017805064685,0.2940094769001007,0.303277426799615,0.3032561901581397,0.30323042477680384,0.3032561901581397,0.30309894314368113
0.7607421875,0.2655737117053071,0.3079372048377991,0.26570563892828236,0.2656661690680784,0.2657437967008879,0.2656661690680784,0.26554180737752014,0.9274526200489499,0.9677836894989014,0.9276376634913857,0.9276168212425103,0.927650029715766,0.9276168212425103,0.927366869540015,0.30313017805064685,0.29361146688461304,0.303277426799615,0.3032703479653059,0.3032813901188808,0.3032703479653059,0.30310099128304924
0.7626953125,0.2655737117053071,0.3038453161716461,0.26570563892828236,0.26574510878848634,0.26580905369848606,0.26574510878848634,0.2655482974799367,0.9274526200489499,0.973160982131958,0.9276376634913857,0.9276584995490604,0.9276844674267539,0.9276584995490604,0.9273913779128287,0.30313017805064685,0.29338082671165466,0.303277426799615,0.3032845055877689,0.3032930936741807,0.3032845055877689,0.3031077256237908
0.7646484375,0.2655737117053071,0.2981850504875183,0.26570563892828236,0.26582404850889424,0.2658743106960842,0.26582404850889424,0.2655573199867062,0.9274526200489499,0.9782274961471558,0.9276376634913857,0.9277001531018394,0.9277188882327496,0.9277001531018394,0.9274290100492109,0.30313017805064685,0.2932945489883423,0.303277426799615,0.30329866302569325,0.30330479710344743,0.30329866302569325,0.3031193968356043
0.7666015625,0.2655737117053071,0.2933587431907654,0.2658683623338776,0.26582312055344043,0.26579767949812766,0.26582312055344043,0.26556826986405324,0.9274526200489499,0.9828171730041504,0.9278420669709139,0.9277479282825378,0.9277190537987225,0.9277479282825378,0.9274759520652353,0.30313017805064685,0.2933058440685272,0.3033451489860829,0.30331511199810685,0.3033056861319754,0.30331511199810685,0.30313481538485876
0.7685546875,0.2655737117053071,0.28939250111579895,0.2658683623338776,0.2658532817403986,0.26584184197369964,0.2658532817403986,0.26557992453170237,0.9274526200489499,0.9867737293243408,0.9278420669709139,0.9278106909681488,0.9277974387413565,0.9278106909681488,0.9275245974094986,0.30313017805064685,0.2933512032032013,0.3033451489860829,0.30333513676146345,0.3033308136475672,0.30333513676146345,0.30315116771438566
0.7705078125,0.2655737117053071,0.28629055619239807,0.2658683623338776,0.26588344292735666,0.26590280106729636,0.26588344292735666,0.2655886225569032,0.9274526200489499,0.9899609088897705,0.9278420669709139,0.9278734394144595,0.9278963971105599,0.9278734394144595,0.9275583863813855,0.30313017805064685,0.29336196184158325,0.3033451489860829,0.3033551611060202,0.3033626445883412,0.3033551611060202,0.30316254559032496
0.7724609375,0.2655737117053071,0.2846790850162506,0.2658683623338776,0.2659136041143148,0.26593112679638686,0.2659136041143148,0.26559052557159546,0.9274526200489499,0.9922738075256348,0.9278420669709139,0.9279361736263151,0.9279553073069141,0.9279361736263151,0.9275620265194148,0.30313017805064685,0.29327845573425293,0.3033451489860829,0.30337518503191957,0.3033814498271272,0.30337518503191957,0.303163803624953
0.7744140625,0.2655737117053071,0.28482457995414734,0.2659469284239474,0.2659159969220308,0.2659131431520948,0.2659159969220308,0.2655909358389615,0.9274526200489499,0.9936529397964478,0.9281396882150819,0.9280189372334745,0.9280117620650029,0.9280189372334745,0.9275590555118685,0.30313017805064685,0.29306352138519287,0.30343761906486855,0.30339924943235375,0.30339685256110294,0.30339924943235375,0.3031632555684691
0.7763671875,0.2655737117053071,0.285188227891922,0.2659469284239474,0.2659366179233085,0.2659334069990086,0.2659366179233085,0.2655896460360591,0.9274526200489499,0.9940946102142334,0.9281396882150819,0.9280994410089315,0.9280908730223704,0.9280994410089315,0.9275460198762464,0.30313017805064685,0.29442593455314636,0.30343761906486855,0.3034248293596933,0.30342198951204963,0.3034248293596933,0.30315939619630616
0.7783203125,0.2655737117053071,0.28570452332496643,0.2659469284239474,0.2659572389245863,0.2659601607011651,0.2659572389245863,0.26558417879563834,0.9274526200489499,0.9936586618423462,0.9281396882150819,0.9281799323006641,0.9281877082439468,0.9281799323006641,0.9275170623873313,0.30313017805064685,0.29599282145500183,0.30343761906486855,0.3034504085977408,0.3034529872164956,0.3034504085977408,0.3031497057635943
0.7802734375,0.2655737117053071,0.28629592061042786,0.2659469284239474,0.26597785992586404,0.2659810028435211,0.26597785992586404,0.2655753271907484,0.9274526200489499,0.9924672842025757,0.9281396882150819,0.9282604111115756,0.9282683719188435,0.9282604111115756,0.9274754350845351,0.30313017805064685,0.29724404215812683,0.30343761906486855,0.3034759871466565,0.3034786449691881,0.3034759871466565,0.30313508290966207
0.7822265625,0.2655737117053071,0.2837561070919037,0.2660333303440997,0.2660020546091038,0.26600079014798805,0.2660020546091038,0.265565254846952,0.9274526200489499,0.990697979927063,0.9284859727248079,0.9283709453989446,0.9283660246963651,0.9283709453989446,0.927427522144388,0.30313017805064685,0.29813966155052185,0.30354978122027965,0.30351070937452246,0.3035091620232644,0.30351070937452246,0.30311865023364454
0.7841796875,0.2655737117053071,0.2832472622394562,0.2660333303440997,0.2660229050991011,0.26602281820172724,0.2660229050991011,0.2655576780868629,0.9274526200489499,0.9885669946670532,0.9284859727248079,0.9284476332880784,0.9284472817664411,0.9284476332880784,0.927388132640324,0.30313017805064685,0.2986716330051422,0.30354978122027965,0.30353675742812447,0.30353665270078384,0.30353675742812447,0.30310632687780553
0.7861328125,0.2655737117053071,0.2841636836528778,0.2660333303440997,0.2660437555890983,0.26604452883003576,0.2660437555890983,0.2655562453327899,0.9274526200489499,0.9863098859786987,0.9284859727248079,0.9285243091567834,0.9285273032185841,0.9285243091567834,0.9273764991752919,0.30313017805064685,0.2988600432872772,0.30354978122027965,0.3035628048560288,0.3035637527298872,0.3035628048560288,0.3031037879571876
0.7880859375,0.2655737117053071,0.28512826561927795,0.2660333303440997,0.2660646060790956,0.26606518419664776,0.2660646060790956,0.26555702671204334,0.9274526200489499,0.9841610193252563,0.9284859727248079,0.9286009730078849,0.9286032492353646,0.9286009730078849,0.9273773575705281,0.30313017805064685,0.2987465262413025,0.30354978122027965,0.3035888516583827,0.3035895557593453,0.3035888516583827,0.3031046386784362
0.7900390625,0.2655737117053071,0.2861056923866272,0.2661137323439254,0.2661031755788483,0.2660968248353672,0.2661031755788483,0.2655592003805427,0.9274526200489499,0.9823352098464966,0.9287531268888165,0.9286869533355775,0.9286703170646752,0.9286869533355775,0.9273875918338912,0.30313017805064685,0.29838860034942627,0.3036460010675722,0.3036325848330767,0.3036244642321109,0.3036325848330767,0.30310738196864917
0.7919921875,0.2655737117053071,0.2870825231075287,0.2661137323439254,0.266110213422233,0.26611555156003575,0.266110213422233,0.26556452925174806,0.9274526200489499,0.9810138940811157,0.9287531268888165,0.9287310696211031,0.9287568054033896,0.9287310696211031,0.9274133398136591,0.30313017805064685,0.29785168170928955,0.3036460010675722,0.3036415290411966,0.3036483295616728,0.3036415290411966,0.30311512756335257
0.7939453125,0.2655737117053071,0.2880539000034332,0.2661137323439254,0.26611725126561775,0.26611936818011145,0.26611725126561775,0.26557290140365325,0.9274526200489499,0.9802484512329102,0.9287531268888165,0.9287751835731946,0.9287807278252183,0.9287751835731946,0.9274533613660484,0.30313017805064685,0.2972044050693512,0.3036460010675722,0.30365047304216103,0.3036531798505294,0.30365047304216103,0.3031278910612735
0.7958984375,0.2655737117053071,0.2886628210544586,0.2661137323439254,0.26612428910900243,0.26612318480018704,0.26612428910900243,0.2655829843761707,0.9274526200489499,0.9791338443756104,0.9287531268888165,0.9288192951920374,0.9288046495608778,0.9288192951920374,0.9275025929679128,0.30313017805064685,0.29651325941085815,0.3036460010675722,0.3036594168359864,0.30365803007846953,0.3036594168359864,0.30314381231818244
0.7978515625,0.2655737117053071,0.2889523506164551,0.2661278080306948,0.2661278080306948,0.2661278080306948,0.2661278080306948,0.26559286274085037,0.9274526200489499,0.9788538217544556,0.9288413501265483,0.9288413501265483,0.9288413501265483,0.9288413501265483,0.9275516717852269,0.30313017805064685,0.29789412021636963,0.3036638886552271,0.3036638886552271,0.3036638886552271,0.3036638886552271,0.30315997145881046
0.7998046875,0.2655737117053071,0.289406418800354,0.2661278080306948,0.2661278080306948,0.2661278080306948,0.2661278080306948,0.2655991999491212,0.9274526200489499,0.9794121980667114,0.9288413501265483,0.9288413501265483,0.9288413501265483,0.9288413501265483,0.9275846356756434,0.30313017805064685,0.29986828565597534,0.3036638886552271,0.3036638886552271,0.3036638886552271,0.3036638886552271,0.303171102858162
0.8017578125,0.2655737117053071,0.290053129196167,0.2661278080306948,0.2661278080306948,0.2661278080306948,0.2661278080306948,0.2655994526739812,0.9274526200489499,0.9807353019714355,0.9288413501265483,0.9288413501265483,0.9288413501265483,0.9288413501265483,0.9275885148418016,0.30313017805064685,0.3019081950187683,0.3036638886552271,0.3036638886552271,0.3036638886552271,0.3036638886552271,0.3031725170963824
0.8037109375,0.2655737117053071,0.2909008264541626,0.2661278080306948,0.2661278080306948,0.2661278080306948,0.2661278080306948,0.26559814286490685,0.9274526200489499,0.9826827049255371,0.9288413501265483,0.9288413501265483,0.9288413501265483,0.9288413501265483,0.9275876428101337,0.30313017805064685,0.3039490878582001,0.3036638886552271,0.3036638886552271,0.3036638886552271,0.3036638886552271,0.30317206308673583
0.8056640625,0.2655737117053071,0.2918887734413147,0.2661145086164741,0.2661244115323292,0.2661178071162253,0.2661244115323292,0.26559591464504567,0.9274526200489499,0.9850606918334961,0.9288432088584042,0.9288420648506881,0.9288428277986363,0.9288420648506881,0.9275815586528037,0.30313017805064685,0.30593425035476685,0.3036513511983254,0.30366074086368067,0.30365447874272183,0.30366074086368067,0.3031701978529675
0.8076171875,0.2655737117053071,0.29153257608413696,0.2661145086164741,0.2661178095884258,0.2661156081163912,0.2661178095884258,0.26559285711332564,0.9274526200489499,0.9876396656036377,0.9288432088584042,0.9288428275130385,0.9288430818374319,0.9288428275130385,0.9275669209522039,0.30313017805064685,0.3078138530254364,0.3036513511983254,0.30365448108679266,0.30365239371312597,0.30365448108679266,0.3031663824084994
0.8095703125,0.2655737117053071,0.29068824648857117,0.2661145086164741,0.26611120764452245,0.26611340911655706,0.26611120764452245,0.2655893354366614,0.9274526200489499,0.9901708364486694,0.9288432088584042,0.9288435902132306,0.9288433358804261,0.9288435902132306,0.9275444631386776,0.30313017805064685,0.30954545736312866,0.3036513511983254,0.30364822130984265,0.3036503086835231,0.30364822130984265,0.30316125712562614
0.8115234375,0.2655737117053071,0.28932303190231323,0.2661145086164741,0.26610460570061906,0.26611121011672295,0.26610460570061906,0.2655857870903723,0.9274526200489499,0.9924052953720093,0.9288432088584042,0.9288443529512673,0.9288435899276186,0.9288443529512673,0.9275178264871198,0.30313017805064685,0.31109389662742615,0.3036513511983254,0.3036419615328308,0.30364822365391353,0.3036419615328308,0.303155599918815
0.8134765625,0.2655737117053071,0.2874404489994049,0.26607499247946775,0.26610462958222253,0.2661048088033223,0.26610462958222253,0.265582832938557,0.9274526200489499,0.9941115379333496,0.9287250147334141,0.9288136636180909,0.928816074964309,0.9288136636180909,0.9274940779983143,0.30313017805064685,0.31243324279785156,0.30362591347655093,0.3036449919072755,0.30364649873640737,0.3036449919072755,0.303150526106415
0.8154296875,0.2655737117053071,0.2850818634033203,0.26607499247946775,0.26608487151371935,0.26608622691319417,0.26608487151371935,0.26558051487151246,0.9274526200489499,0.9950952529907227,0.9287250147334141,0.9287545665558403,0.9287604963435243,0.9287545665558403,0.9274790930791266,0.30313017805064685,0.3135477900505066,0.30362591347655093,0.3036322730463986,0.3036345370414739,0.3036322730463986,0.3031463043983194
0.8173828125,0.2655737117053071,0.28232333064079285,0.26607499247946775,0.26606511344521616,0.266067645023066,0.26606511344521616,0.2655795012629004,0.9274526200489499,0.9952194690704346,0.9287250147334141,0.9286954607164614,0.9287049099596323,0.9286954607164614,0.927479678638216,0.30313017805064685,0.3144320845603943,0.30362591347655093,0.30361955381374994,0.3036225750177202,0.30361955381374994,0.3031439507812507
0.8193359375,0.2655737117053071,0.2792688310146332,0.26607499247946775,0.266045355376713,0.2660412891782885,0.266045355376713,0.2655769455319995,0.9274526200489499,0.9944217205047607,0.9287250147334141,0.9286363460979989,0.928618551923207,0.9286363460979989,0.9274902352972767,0.30313017805064685,0.31509000062942505,0.30362591347655093,0.3036068342092466,0.30360004197770923,0.3036068342092466,0.30313914078881904
0.8212890625,0.2655737117053071,0.27924203872680664,0.26590931262543693,0.26603357251596005,0.2660362129311744,0.26603357251596005,0.26557689668763695,0.9274526200489499,0.9927231073379517,0.9282810026578615,0.9286140635622039,0.9286562824148497,0.9286140635622039,0.9275017001249508,0.30313017805064685,0.3155354857444763,0.3034370764794485,0.3035787061934495,0.3035888889708904,0.3035787061934495,0.3031382574537038
0.8232421875,0.2655737117053071,0.2790346145629883,0.26590931262543693,0.26595073258894464,0.26596376901402075,0.26595073258894464,0.26557873157150524,0.9274526200489499,0.9902220964431763,0.9282810026578615,0.9283920575405773,0.9284621580902093,0.9283920575405773,0.9274959726895855,0.30313017805064685,0.31579694151878357,0.3034370764794485,0.3034842876955107,0.3035063206973919,0.3034842876955107,0.3031411043480098
0.8251953125,0.2655737117053071,0.27846068143844604,0.26590931262543693,0.26586789266192923,0.265891325096867,0.26586789266192923,0.26558107094895966,0.9274526200489499,0.9870743751525879,0.9282810026578615,0.9281699131723273,0.928267927984559,0.9281699131723273,0.9274962415713756,0.30313017805064685,0.31592556834220886,0.3034370764794485,0.30338986395117384,0.30342374841265035,0.30338986395117384,0.30314432674142733
0.8271484375,0.2655737117053071,0.27752217650413513,0.26590931262543693,0.2657850527349138,0.26574594345968555,0.2657850527349138,0.26558061505703956,0.9274526200489499,0.9865157604217529,0.9282810026578615,0.927947630328094,0.9277370908945731,0.927947630328094,0.9275052368713382,0.30313017805064685,0.315996378660202,0.3034370764794485,0.30329543495553324,0.3032293228650358,0.30329543495553324,0.30314323479806393
0.8291015625,0.2655737117053071,0.2762247920036316,0.2651925570002149,0.2657301237191314,0.2657612781986318,0.2657301237191314,0.2655828697628475,0.9274526200489499,0.9883702993392944,0.925129111369442,0.9274946238889963,0.9276371321872087,0.9274946238889963,0.9275013179246031,0.30313017805064685,0.31609004735946655,0.30239152552278653,0.3031757876019242,0.3032256935483608,0.3031757876019242,0.30314639268224636
0.8310546875,0.2655737117053071,0.27458471059799194,0.2651925570002149,0.2653717459065204,0.2654417047659065,0.2653717459065204,0.26558242563602485,0.9274526200489499,0.9896185398101807,0.925129111369442,0.9259186803975148,0.9262323704193453,0.9259186803975148,0.9275096376387247,0.30313017805064685,0.31624850630760193,0.30239152552278653,0.3026530122571034,0.30275955723246145,0.3026530122571034,0.3031451067541334
0.8330078125,0.2655737117053071,0.27263471484184265,0.2651925570002149,0.26501336809390935,0.2651221313331812,0.26501336809390935,0.2655850147371985,0.9274526200489499,0.9902282953262329,0.925129111369442,0.9243384746064724,0.9248242221025126,0.9243384746064724,0.927502787836019,0.30313017805064685,0.3164215087890625,0.30239152552278653,0.3021299725685834,0.3022932108870957,0.3021299725685834,0.30314850880505984
0.8349609375,0.2655737117053071,0.2704273760318756,0.2651925570002149,0.26465499028129835,0.26444511370314,0.26465499028129835,0.26558443368414575,0.9274526200489499,0.9902517795562744,0.925129111369442,0.9227539892007188,0.9218068609534237,0.9227539892007188,0.9275102097207661,0.30313017805064685,0.31643983721733093,0.30239152552278653,0.30160666746249554,0.3012866527849367,0.30160666746249554,0.30314689877572887
0.8369140625,0.2655737117053071,0.268030047416687,0.2605514689490536,0.2640322849874246,0.2640859637420809,0.2641017386887405,0.26558570487146227,0.9274526200489499,0.9898058176040649,0.9026826573558842,0.9195914774336824,0.9197070982621093,0.9197410676184923,0.9275080997207714,0.30313017805064685,0.3160361051559448,0.2950873817728683,0.30057043411029727,0.3006307986699581,0.3006485381519411,0.3031483358611501
0.8388671875,0.2655737117053071,0.26551347970962524,0.2605514689490536,0.2617117409618439,0.2618123773100025,0.2618419520092365,0.2655869389466943,0.9274526200489499,0.9890248775482178,0.9026826573558842,0.9083689063884707,0.9087168531744961,0.9088190558519963,0.9275022534496793,0.30313017805064685,0.3149019777774811,0.2950873817728683,0.29691840607742137,0.29705293897258467,0.2970924726750952,0.30314978892092603
0.8408203125,0.2655737117053071,0.2629384696483612,0.2605514689490536,0.25939119693626334,0.2595387908779242,0.2595821653297326,0.2655831521221425,0.9274526200489499,0.9880025386810303,0.9026826573558842,0.896945538473525,0.8975340567381469,0.8977068814318218,0.9274906158668372,0.30313017805064685,0.3127429187297821,0.2950873817728683,0.29325295751273944,0.2934622084034749,0.2935236955779768,0.30314393656682026
0.8427734375,0.2655737117053071,0.26034316420555115,0.2605514689490536,0.25707065291068265,0.2567687438662069,0.2566800197685049,0.26555835460189303,0.9274526200489499,0.986735463142395,0.9026826573558842,0.8853159359855788,0.8842244860617016,0.883903245986301,0.9273781685111901,0.30313017805064685,0.309298574924469,0.2950873817728683,0.28957372497996015,0.28916749394976393,0.2890480887321149,0.30310603778201745
0.8447265625,0.2655737117053071,0.257735013961792,0.23130420955211228,0.24987299738185353,0.2624967554112588,0.25747803793557467,0.2653733020449856,0.9274526200489499,0.9765836000442505,0.7509350978748448,0.8339654728686727,0.8735774310402419,0.8582943986358302,0.9265099937873772,0.30313017805064685,0.3043281137943268,0.24973529432020722,0.2760911575931687,0.2919238282537908,0.28564851843043954,0.3028147515009121
0.8466796875,0.2655737117053071,0.2550828158855438,0.23130420955211228,0.23749380549535937,0.2572900975903705,0.24941985824804838,0.2639818510321763,0.9274526200489499,0.9659208059310913,0.7509350978748448,0.7800545221761416,0.8534488602403091,0.8256652995665114,0.9198840234161374,0.30313017805064685,0.2975831925868988,0.24973529432020722,0.25859514828573105,0.2846859565412933,0.27437647571522017,0.30059965225868707
0.8486328125,0.2655737117053071,0.2519294023513794,0.23130420955211228,0.2251146136088652,0.2392007362081744,0.23360063919355245,0.2541535765127363,0.9274526200489499,0.9658563137054443,0.7509350978748448,0.7202143784142906,0.7828291450381208,0.7588402350514447,0.8694206957394641,0.30313017805064685,0.2942087948322296,0.24973529432020722,0.2407926732629998,0.2601996134758335,0.2525274558744229,0.2850344885899136
0.8505859375,0.125,0.24928942322731018,0.23130420955211228,0.21273542172237103,0.16622924899864544,0.18471830283127363,0.20416046576751842,0.0,0.9643211364746094,0.7509350978748448,0.6534099725079802,0.3527015113295369,0.4903842873350492,0.5991483516068946,0.1,0.29178550839424133,0.24973529432020722,0.22263023229639733,0.1554802294026497,0.1830057019884105,0.20905561736949058
0.8525390625,0.125,0.2458333969116211,0.16151793385710023,0.18126215759011172,0.18179204342170535,0.19293023125072384,0.13955113954109521,0.0,0.9602257013320923,0.3106565787781276,0.4553310321126781,0.45914265666431986,0.5344173866051009,0.1315027163650639,0.1,0.28811562061309814,0.14762336616416752,0.1759780509390137,0.17677233280706015,0.19323840855555338,0.11807556956123619
0.8544921875,0.125,0.24169927835464478,0.16151793385710023,0.16809934176810407,0.1678202663549653,0.16195410767574173,0.125,0.0,0.9521281719207764,0.3106565787781276,0.3626575826364433,0.3604046711595034,0.3112516289266417,0.0,0.1,0.28265580534935,0.14762336616416752,0.1572369456803792,0.15681468702437584,0.14785697611731394,0.09999999999999998
0.8564453125,0.125,0.23660443723201752,0.16151793385710023,0.1549365259460964,0.15475989733556517,0.1510471680592257,0.125,0.0,0.9351314306259155,0.3106565787781276,0.2542377681297935,0.25251578997486435,0.21538782938990192,0.0,0.1,0.27473315596580505,0.14762336616416752,0.13782023987451902,0.1375352039225582,0.13150018019538132,0.09999999999999998
0.8583984375,0.125,0.23026950657367706,0.16151793385710023,0.14177371012408874,0.14169952831616509,0.14014022844270968,0.125,0.0,0.9100697040557861,0.3106565787781276,0.12568572955200688,0.1247387889339949,0.10460210936572042,0.0,0.1,0.26366621255874634,0.14762336616416752,0.11753975747177067,0.11740233031938674,0.1145017153577389,0.09999999999999998
0.8603515625,0.125,0.2224894016981125,0.12600168297605097,0.1267529452080892,0.12675487458950901,0.1267541567044041,0.125,0.0,0.8763258457183838,0.008890153304250614,0.015465557693515293,0.015494537302710885,0.01548375465977012,0.0,0.1,0.24903638660907745,0.10113605924846561,0.10198552572521173,0.10198924696044584,0.10198786236654331,0.09999999999999998
0.8623046875,0.125,0.2132234275341034,0.12600168297605097,0.1262521037200637,0.12625074866085567,0.12625125285189417,0.125,0.0,0.8327528238296509,0.008890153304250614,0.011090649633197579,0.01107468535953475,0.011080625393679232,0.0,0.1,0.23104584217071533,0.10113605924846561,0.10141945782573525,0.10141740991599849,0.10141817190467632,0.09999999999999998
0.8642578125,0.125,0.202671080827713,0.12600168297605097,0.12575126223203822,0.1257506191048983,0.12575085839993327,0.125,0.0,0.7790420651435852,0.008890153304250614,0.006680892849709817,0.006671110907946463,0.006674750588917911,0.0,0.1,0.2107309103012085,0.10113605924846561,0.10085241564985944,0.10085117091618297,0.10085163405781042,0.09999999999999998
0.8662109375,0.125,0.19024161994457245,0.12600168297605097,0.12525042074401274,0.12525048954894089,0.12525046394797232,0.125,0.0,0.7161288261413574,0.008890153304250614,0.0022358692920882352,0.00223236920482839,0.0022336715184182567,0.0,0.1,0.18977691233158112,0.10113605924846561,0.10028438751000593,0.10028394873115005,0.10028411199225544,0.09999999999999998
0.8681640625,0.125,0.17663653194904327,0.125,0.125,0.125,0.125,0.125,0.0,0.6463450193405151,0.0,0.0,0.0,0.0,0.0,0.1,0.16996096074581146,0.09999999999999998,0.09999999999999998,0.09999999999999998,0.09999999999999998,0.09999999999999998
0.8701171875,0.125,0.16428476572036743,0.125,0.125,0.125,0.125,0.125,0.0,0.5731440782546997,0.0,0.0,0.0,0.0,0.0,0.1,0.1525856852531433,0.09999999999999998,0.09999999999999998,0.09999999999999998,0.09999999999999998,0.09999999999999998
0.8720703125,0.125,0.15373876690864563,0.125,0.125,0.125,0.125,0.125,0.0,0.5004291534423828,0.0,0.0,0.0,0.0,0.0,0.1,0.13824717700481415,0.09999999999999998,0.09999999999999998,0.09999999999999998,0.09999999999999998,0.09999999999999998
0.8740234375,0.125,0.1451522707939148,0.125,0.125,0.125,0.125,0.125,0.0,0.43175143003463745,0.0,0.0,0.0,0.0,0.0,0.1,0.12607906758785248,0.09999999999999998,0.09999999999999998,0.09999999999999998,0.09999999999999998,0.09999999999999998
0.8759765625,0.125,0.13841046392917633,0.125,0.125,0.125,0.125,0.125,0.0,0.3697030544281006,0.0,0.0,0.0,0.0,0.0,0.1,0.11511578410863876,0.09999999999999998,0.09999999999999998,0.09999999999999998,0.09999999999999998,0.09999999999999998
0.8779296875,0.125,0.133269801735878,0.125,0.125,0.125,0.125,0.125,0.0,0.315684974193573,0.0,0.0,0.0,0.0,0.0,0.1,0.10681981593370438,0.09999999999999998,0.09999999999999998,0.09999999999999998,0.09999999999999998,0.09999999999999998
0.8798828125,0.125,0.12945738434791565,0.125,0.125,0.125,0.125,0.125,0.0,0.27001330256462097,0.0,0.0,0.0,0.0,0.0,0.1,0.10076883435249329,0.09999999999999998,0.09999999999999998,0.09999999999999998,0.09999999999999998,0.09999999999999998
0.8818359375,0.125,0.12672346830368042,0.125,0.125,0.125,0.125,0.125,0.0,0.23221389949321747,0.0,0.0,0.0,0.0,0.0,0.1,0.09651152789592743,0.09999999999999998,0.09999999999999998,0.09999999999999998,0.09999999999999998,0.09999999999999998
0.8837890625,0.125,0.12485846132040024,0.125,0.125,0.125,0.125,0.125,0.0,0.20133954286575317,0.0,0.0,0.0,0.0,0.0,0.1,0.09363275021314621,0.09999999999999998,0.09999999999999998,0.09999999999999998,0.09999999999999998,0.09999999999999998
0.8857421875,0.125,0.12294085323810577,0.125,0.125,0.125,0.125,0.125,0.0,0.17621994018554688,0.0,0.0,0.0,0.0,0.0,0.1,0.09177572280168533,0.09999999999999998,0.09999999999999998,0.09999999999999998,0.09999999999999998,0.09999999999999998
0.8876953125,0.125,0.12093563377857208,0.125,0.125,0.125,0.125,0.125,0.0,0.15561720728874207,0.0,0.0,0.0,0.0,0.0,0.1,0.09063953161239624,0.09999999999999998,0.09999999999999998,0.09999999999999998,0.09999999999999998,0.09999999999999998
0.8896484375,0.125,0.11923568695783615,0.125,0.125,0.125,0.125,0.125,0.0,0.13832132518291473,0.0,0.0,0.0,0.0,0.0,0.1,0.0899694487452507,0.09999999999999998,0.09999999999999998,0.09999999999999998,0.09999999999999998,0.09999999999999998
0.8916015625,0.125,0.11777286976575851,0.125,0.125,0.125,0.125,0.125,0.0,0.12321549654006958,0.0,0.0,0.0,0.0,0.0,0.1,0.08955036103725433,0.09999999999999998,0.09999999999999998,0.09999999999999998,0.09999999999999998,0.09999999999999998
0.8935546875,0.125,0.11651075631380081,0.125,0.125,0.125,0.125,0.125,0.0,0.1093435287475586,0.0,0.0,0.0,0.0,0.0,0.1,0.08920738846063614,0.09999999999999998,0.09999999999999998,0.09999999999999998,0.09999999999999998,0.09999999999999998
0.8955078125,0.125,0.11544216424226761,0.125,0.125,0.125,0.125,0.125,0.0,0.09598508477210999,0.0,0.0,0.0,0.0,0.0,0.1,0.0888136625289917,0.09999999999999998,0.09999999999999998,0.09999999999999998,0.09999999999999998,0.09999999999999998
0.8974609375,0.125,0.11485255509614944,0.125,0.125,0.125,0.125,0.125,0.0,0.08272756636142731,0.0,0.0,0.0,0.0,0.0,0.1,0.08830028027296066,0.09999999999999998,0.09999999999999998,0.09999999999999998,0.09999999999999998,0.09999999999999998
0.8994140625,0.125,0.11568184196949005,0.125,0.125,0.125,0.125,0.125,0.0,0.06950943171977997,0.0,0.0,0.0,0.0,0.0,0.1,0.087660051882267,0.09999999999999998,0.09999999999999998,0.09999999999999998,0.09999999999999998,0.09999999999999998
0.9013671875,0.125,0.11661255359649658,0.125,0.125,0.125,0.125,0.125,0.0,0.05988156795501709,0.0,0.0,0.0,0.0,0.0,0.1,0.08693861216306686,0.09999999999999998,0.09999999999999998,0.09999999999999998,0.09999999999999998,0.09999999999999998
0.9033203125,0.125,0.11760322749614716,0.125,0.125,0.125,0.125,0.125,0.0,0.05661424994468689,0.0,0.0,0.0,0.0,0.0,0.1,0.08621037751436234,0.09999999999999998,0.09999999999999998,0.09999999999999998,0.09999999999999998,0.09999999999999998
0.9052734375,0.125,0.11861968040466309,0.125,0.125,0.125,0.125,0.125,0.0,0.05358797311782837,0.0,0.0,0.0,0.0,0.0,0.1,0.08554635941982269,0.09999999999999998,0.09999999999999998,0.09999999999999998,0.09999999999999998,0.09999999999999998
0.9072265625,0.125,0.11963240057229996,0.125,0.125,0.125,0.125,0.125,0.0,0.05081440508365631,0.0,0.0,0.0,0.0,0.0,0.1,0.08498858660459518,0.09999999999999998,0.09999999999999998,0.09999999999999998,0.09999999999999998,0.09999999999999998
0.9091796875,0.125,0.12061450630426407,0.125,0.125,0.125,0.125,0.125,0.0,0.04829494655132294,0.0,0.0,0.0,0.0,0.0,0.1,0.08454455435276031,0.09999999999999998,0.09999999999999998,0.09999999999999998,0.09999999999999998,0.09999999999999998
0.9111328125,0.125,0.12154059112071991,0.125,0.125,0.125,0.125,0.125,0.0,0.04599674046039581,0.0,0.0,0.0,0.0,0.0,0.1,0.08420255780220032,0.09999999999999998,0.09999999999999998,0.09999999999999998,0.09999999999999998,0.09999999999999998
0.9130859375,0.125,0.12238670885562897,0.125,0.125,0.125,0.125,0.125,0.0,0.043851375579833984,0.0,0.0,0.0,0.0,0.0,0.1,0.08395476639270782,0.09999999999999998,0.09999999999999998,0.09999999999999998,0.09999999999999998,0.09999999999999998
0.9150390625,0.125,0.12313184142112732,0.125,0.125,0.125,0.125,0.125,0.0,0.04176633059978485,0.0,0.0,0.0,0.0,0.0,0.1,0.08381207287311554,0.09999999999999998,0.09999999999999998,0.09999999999999998,0.09999999999999998,0.09999999999999998
0.9169921875,0.125,0.12375915050506592,0.125,0.125,0.125,0.125,0.125,0.0,0.03964482247829437,0.0,0.0,0.0,0.0,0.0,0.1,0.08380424231290817,0.09999999999999998,0.09999999999999998,0.09999999999999998,0.09999999999999998,0.09999999999999998
0.9189453125,0.125,0.12403906881809235,0.125,0.125,0.125,0.125,0.125,0.0,0.0374053418636322,0.0,0.0,0.0,0.0,0.0,0.1,0.08397030830383301,0.09999999999999998,0.09999999999999998,0.09999999999999998,0.09999999999999998,0.09999999999999998
0.9208984375,0.125,0.12426894903182983,0.125,0.125,0.125,0.125,0.125,0.0,0.034995704889297485,0.0,0.0,0.0,0.0,0.0,0.1,0.08434686064720154,0.09999999999999998,0.09999999999999998,0.09999999999999998,0.09999999999999998,0.09999999999999998
0.9228515625,0.125,0.12455328553915024,0.125,0.125,0.125,0.125,0.125,0.0,0.03240126371383667,0.0,0.0,0.0,0.0,0.0,0.1,0.08391933143138885,0.09999999999999998,0.09999999999999998,0.09999999999999998,0.09999999999999998,0.09999999999999998
0.9248046875,0.125,0.12488149851560593,0.125,0.125,0.125,0.125,0.125,0.0,0.02964562177658081,0.0,0.0,0.0,0.0,0.0,0.1,0.08338788896799088,0.09999999999999998,0.09999999999999998,0.09999999999999998,0.09999999999999998,0.09999999999999998
0.9267578125,0.125,0.12524119019508362,0.125,0.125,0.125,0.125,0.125,0.0,0.02678734064102173,0.0,0.0,0.0,0.0,0.0,0.1,0.08304888755083084,0.09999999999999998,0.09999999999999998,0.09999999999999998,0.09999999999999998,0.09999999999999998
0.9287109375,0.125,0.12561875581741333,0.125,0.125,0.125,0.125,0.125,0.0,0.02391129732131958,0.0,0.0,0.0,0.0,0.0,0.1,0.08289213478565216,0.09999999999999998,0.09999999999999998,0.09999999999999998,0.09999999999999998,0.09999999999999998
0.9306640625,0.125,0.12600035965442657,0.125,0.125,0.125,0.125,0.125,0.0,0.021118521690368652,0.0,0.0,0.0,0.0,0.0,0.1,0.08290015906095505,0.09999999999999998,0.09999999999999998,0.09999999999999998,0.09999999999999998,0.09999999999999998
0.9326171875,0.125,0.1263730227947235,0.125,0.125,0.125,0.125,0.125,0.0,0.01851513981819153,0.0,0.0,0.0,0.0,0.0,0.1,0.08304779976606369,0.09999999999999998,0.09999999999999998,0.09999999999999998,0.09999999999999998,0.09999999999999998
0.9345703125,0.125,0.12649312615394592,0.125,0.125,0.125,0.125,0.125,0.0,0.01620301604270935,0.0,0.0,0.0,0.0,0.0,0.1,0.08330287784337997,0.09999999999999998,0.09999999999999998,0.09999999999999998,0.09999999999999998,0.09999999999999998
0.9365234375,0.125,0.12642215192317963,0.125,0.125,0.125,0.125,0.125,0.0,0.01427873969078064,0.0,0.0,0.0,0.0,0.0,0.1,0.08362823724746704,0.09999999999999998,0.09999999999999998,0.09999999999999998,0.09999999999999998,0.09999999999999998
0.9384765625,0.125,0.12622803449630737,0.125,0.125,0.125,0.125,0.125,0.0,0.012835144996643066,0.0,0.0,0.0,0.0,0.0,0.1,0.08398538082838058,0.09999999999999998,0.09999999999999998,0.09999999999999998,0.09999999999999998,0.09999999999999998
0.9404296875,0.125,0.12593522667884827,0.125,0.125,0.125,0.125,0.125,0.0,0.011968433856964111,0.0,0.0,0.0,0.0,0.0,0.1,0.08433900028467178,0.09999999999999998,0.09999999999999998,0.09999999999999998,0.09999999999999998,0.09999999999999998
0.9423828125,0.125,0.1255766600370407,0.125,0.125,0.125,0.125,0.125,0.0,0.010971993207931519,0.0,0.0,0.0,0.0,0.0,0.1,0.08474147319793701,0.09999999999999998,0.09999999999999998,0.09999999999999998,0.09999999999999998,0.09999999999999998
0.9443359375,0.125,0.12519246339797974,0.125,0.125,0.125,0.125,0.125,0.0,0.010462760925292969,0.0,0.0,0.0,0.0,0.0,0.1,0.08575824648141861,0.09999999999999998,0.09999999999999998,0.09999999999999998,0.09999999999999998,0.09999999999999998
0.9462890625,0.125,0.12482821941375732,0.125,0.125,0.125,0.125,0.125,0.0,0.011448293924331665,0.0,0.0,0.0,0.0,0.0,0.1,0.08684532344341278,0.09999999999999998,0.09999999999999998,0.09999999999999998,0.09999999999999998,0.09999999999999998
0.9482421875,0.125,0.12453220784664154,0.125,0.125,0.125,0.125,0.125,0.0,0.012499332427978516,0.0,0.0,0.0,0.0,0.0,0.1,0.08797906339168549,0.09999999999999998,0.09999999999999998,0.09999999999999998,0.09999999999999998,0.09999999999999998
0.9501953125,0.125,0.125239297747612,0.125,0.125,0.125,0.125,0.125,0.0,0.013775676488876343,0.0,0.0,0.0,0.0,0.0,0.1,0.08912953734397888,0.09999999999999998,0.09999999999999998,0.09999999999999998,0.09999999999999998,0.09999999999999998
0.9521484375,0.125,0.1263342797756195,0.125,0.125,0.125,0.125,0.125,0.0,0.015439003705978394,0.0,0.0,0.0,0.0,0.0,0.1,0.09026145190000534,0.09999999999999998,0.09999999999999998,0.09999999999999998,0.09999999999999998,0.09999999999999998
0.9541015625,0.125,0.1275893896818161,0.125,0.125,0.125,0.125,0.125,0.0,0.017623931169509888,0.0,0.0,0.0,0.0,0.0,0.1,0.09133698791265488,0.09999999999999998,0.09999999999999998,0.09999999999999998,0.09999999999999998,0.09999999999999998
0.9560546875,0.125,0.1289406567811966,0.125,0.125,0.125,0.125,0.125,0.0,0.020415574312210083,0.0,0.0,0.0,0.0,0.0,0.1,0.09231991320848465,0.09999999999999998,0.09999999999999998,0.09999999999999998,0.09999999999999998,0.09999999999999998
0.9580078125,0.125,0.12950371205806732,0.125,0.125,0.125,0.125,0.125,0.0,0.0238419771194458,0.0,0.0,0.0,0.0,0.0,0.1,0.09317958354949951,0.09999999999999998,0.09999999999999998,0.09999999999999998,0.09999999999999998,0.09999999999999998
0.9599609375,0.125,0.12977184355258942,0.125,0.125,0.125,0.125,0.125,0.0,0.027880728244781494,0.0,0.0,0.0,0.0,0.0,0.1,0.09389367699623108,0.09999999999999998,0.09999999999999998,0.09999999999999998,0.09999999999999998,0.09999999999999998
0.9619140625,0.125,0.13004226982593536,0.125,0.125,0.125,0.125,0.125,0.0,0.032476186752319336,0.0,0.0,0.0,0.0,0.0,0.1,0.09444878250360489,0.09999999999999998,0.09999999999999998,0.09999999999999998,0.09999999999999998,0.09999999999999998
0.9638671875,0.125,0.1303025633096695,0.125,0.125,0.125,0.125,0.125,0.0,0.03755998611450195,0.0,0.0,0.0,0.0,0.0,0.1,0.09483985602855682,0.09999999999999998,0.09999999999999998,0.09999999999999998,0.09999999999999998,0.09999999999999998
0.9658203125,0.125,0.1305394023656845,0.125,0.125,0.125,0.125,0.125,0.0,0.04306712746620178,0.0,0.0,0.0,0.0,0.0,0.1,0.09506852924823761,0.09999999999999998,0.09999999999999998,0.09999999999999998,0.09999999999999998,0.09999999999999998
0.9677734375,0.125,0.13074015080928802,0.125,0.125,0.125,0.125,0.125,0.0,0.04894489049911499,0.0,0.0,0.0,0.0,0.0,0.1,0.09514211118221283,0.09999999999999998,0.09999999999999998,0.09999999999999998,0.09999999999999998,0.09999999999999998
0.9697265625,0.125,0.1308947503566742,0.125,0.125,0.125,0.125,0.125,0.0,0.055151522159576416,0.0,0.0,0.0,0.0,0.0,0.1,0.09507181495428085,0.09999999999999998,0.09999999999999998,0.09999999999999998,0.09999999999999998,0.09999999999999998
0.9716796875,0.125,0.1311768889427185,0.125,0.125,0.125,0.125,0.125,0.0,0.06164848804473877,0.0,0.0,0.0,0.0,0.0,0.1,0.09487176686525345,0.09999999999999998,0.09999999999999998,0.09999999999999998,0.09999999999999998,0.09999999999999998
0.9736328125,0.125,0.13157117366790771,0.125,0.125,0.125,0.125,0.125,0.0,0.06359219551086426,0.0,0.0,0.0,0.0,0.0,0.1,0.09455792605876923,0.09999999999999998,0.09999999999999998,0.09999999999999998,0.09999999999999998,0.09999999999999998
0.9755859375,0.125,0.1313289850950241,0.125,0.125,0.125,0.125,0.125,0.0,0.0606684684753418,0.0,0.0,0.0,0.0,0.0,0.1,0.09414823353290558,0.09999999999999998,0.09999999999999998,0.09999999999999998,0.09999999999999998,0.09999999999999998
0.9775390625,0.125,0.1310819834470749,0.125,0.125,0.125,0.125,0.125,0.0,0.05587618052959442,0.0,0.0,0.0,0.0,0.0,0.1,0.09366429597139359,0.09999999999999998,0.09999999999999998,0.09999999999999998,0.09999999999999998,0.09999999999999998
0.9794921875,0.125,0.13104547560214996,0.125,0.125,0.125,0.125,0.125,0.0,0.04919558763504028,0.0,0.0,0.0,0.0,0.0,0.1,0.09313502907752991,0.09999999999999998,0.09999999999999998,0.09999999999999998,0.09999999999999998,0.09999999999999998
0.9814453125,0.125,0.13034823536872864,0.125,0.125,0.125,0.125,0.125,0.0,0.040735870599746704,0.0,0.0,0.0,0.0,0.0,0.1,0.09260190278291702,0.09999999999999998,0.09999999999999998,0.09999999999999998,0.09999999999999998,0.09999999999999998
0.9833984375,0.125,0.12952953577041626,0.125,0.125,0.125,0.125,0.125,0.0,0.030772298574447632,0.0,0.0,0.0,0.0,0.0,0.1,0.09245394915342331,0.09999999999999998,0.09999999999999998,0.09999999999999998,0.09999999999999998,0.09999999999999998
0.9853515625,0.125,0.1287502497434616,0.125,0.125,0.125,0.125,0.125,0.0,0.01975986361503601,0.0,0.0,0.0,0.0,0.0,0.1,0.0921587347984314,0.09999999999999998,0.09999999999999998,0.09999999999999998,0.09999999999999998,0.09999999999999998
0.9873046875,0.125,0.12821070849895477,0.125,0.125,0.125,0.125,0.125,0.0,0.008305728435516357,0.0,0.0,0.0,0.0,0.0,0.1,0.09177863597869873,0.09999999999999998,0.09999999999999998,0.09999999999999998,0.09999999999999998,0.09999999999999998
0.9892578125,0.125,0.12813256680965424,0.125,0.125,0.125,0.125,0.125,0.0,-0.0029027462005615234,0.0,0.0,0.0,0.0,0.0,0.1,0.09188254177570343,0.09999999999999998,0.09999999999999998,0.09999999999999998,0.09999999999999998,0.09999999999999998
0.9912109375,0.125,0.12873972952365875,0.125,0.125,0.125,0.125,0.125,0.0,-0.013198822736740112,0.0,0.0,0.0,0.0,0.0,0.1,0.09255341440439224,0.09999999999999998,0.09999999999999998,0.09999999999999998,0.09999999999999998,0.09999999999999998
0.9931640625,0.125,0.13024286925792694,0.125,0.125,0.125,0.125,0.125,0.0,-0.022034108638763428,0.0,0.0,0.0,0.0,0.0,0.1,0.0937909334897995,0.09999999999999998,0.09999999999999998,0.09999999999999998,0.09999999999999998,0.09999999999999998
0.9951171875,0.125,0.1328333020210266,0.125,0.125,0.125,0.125,0.125,0.0,-0.029041767120361328,0.0,0.0,0.0,0.0,0.0,0.1,0.09571819752454758,0.09999999999999998,0.09999999999999998,0.09999999999999998,0.09999999999999998,0.09999999999999998
0.9970703125,0.125,0.13668203353881836,0.125,0.125,0.125,0.125,0.125,0.0,-0.03404209017753601,0.0,0.0,0.0,0.0,0.0,0.1,0.09847548604011536,0.09999999999999998,0.09999999999999998,0.09999999999999998,0.09999999999999998,0.09999999999999998
0.9990234375,0.125,0.14386026561260223,0.125,0.125,0.125,0.125,0.125,0.0,-0.03700852394104004,0.0,0.0,0.0,0.0,0.0,0.1,0.10223332792520523,0.09999999999999998,0.09999999999999998,0.09999999999999998,0.09999999999999998,0.09999999999999998
