x,reference_density,fno_operator_density,hllc_piecewise_constant_density,hllc_fixed_mc_subcell_density,physics_gated_dkan_fv_sod_neighbourhood_density,sensor_gated_dkan_fv_engineering_tv_trust_0.02_density,hllc_muscl_fine_density,reference_velocity,fno_operator_velocity,hllc_piecewise_constant_velocity,hllc_fixed_mc_subcell_velocity,physics_gated_dkan_fv_sod_neighbourhood_velocity,sensor_gated_dkan_fv_engineering_tv_trust_0.02_velocity,hllc_muscl_fine_velocity,reference_pressure,fno_operator_pressure,hllc_piecewise_constant_pressure,hllc_fixed_mc_subcell_pressure,physics_gated_dkan_fv_sod_neighbourhood_pressure,sensor_gated_dkan_fv_engineering_tv_trust_0.02_pressure,hllc_muscl_fine_pressure
0.0009765625,0.445,0.6993745565414429,0.44499999999999995,0.44499999999999995,0.44499999999999995,0.44499999999999995,0.44499999999999995,0.698,0.39662986993789673,0.6980000000000001,0.6980000000000001,0.6980000000000001,0.6980000000000001,0.6980000000000001,3.528,2.4890782833099365,3.527999999999999,3.527999999999999,3.527999999999999,3.527999999999999,3.527999999999999
0.0029296875,0.445,0.6960083246231079,0.44499999999999995,0.44499999999999995,0.44499999999999995,0.44499999999999995,0.44499999999999995,0.698,0.37697380781173706,0.6980000000000001,0.6980000000000001,0.6980000000000001,0.6980000000000001,0.6980000000000001,3.528,2.4894165992736816,3.527999999999999,3.527999999999999,3.527999999999999,3.527999999999999,3.527999999999999
0.0048828125,0.445,0.6925682425498962,0.44499999999999995,0.44499999999999995,0.44499999999999995,0.44499999999999995,0.44499999999999995,0.698,0.3596096634864807,0.6980000000000001,0.6980000000000001,0.6980000000000001,0.6980000000000001,0.6980000000000001,3.528,2.43534779548645,3.527999999999999,3.527999999999999,3.527999999999999,3.527999999999999,3.527999999999999
0.0068359375,0.445,0.6890560984611511,0.44499999999999995,0.44499999999999995,0.44499999999999995,0.44499999999999995,0.44499999999999995,0.698,0.3551023602485657,0.6980000000000001,0.6980000000000001,0.6980000000000001,0.6980000000000001,0.6980000000000001,3.528,2.382904052734375,3.527999999999999,3.527999999999999,3.527999999999999,3.527999999999999,3.527999999999999
0.0087890625,0.445,0.6845098733901978,0.44499999999999995,0.44499999999999995,0.44499999999999995,0.44499999999999995,0.44499999999999995,0.698,0.35325294733047485,0.6980000000000001,0.6980000000000001,0.6980000000000001,0.6980000000000001,0.6980000000000001,3.528,2.334775447845459,3.527999999999999,3.527999999999999,3.527999999999999,3.527999999999999,3.527999999999999
0.0107421875,0.445,0.6743882298469543,0.44499999999999995,0.44499999999999995,0.44499999999999995,0.44499999999999995,0.44499999999999995,0.698,0.3530411124229431,0.6980000000000001,0.6980000000000001,0.6980000000000001,0.6980000000000001,0.6980000000000001,3.528,2.29276704788208,3.527999999999999,3.527999999999999,3.527999999999999,3.527999999999999,3.527999999999999
0.0126953125,0.445,0.6653767824172974,0.44499999999999995,0.44499999999999995,0.44499999999999995,0.44499999999999995,0.44499999999999995,0.698,0.35473787784576416,0.6980000000000001,0.6980000000000001,0.6980000000000001,0.6980000000000001,0.6980000000000001,3.528,2.257843017578125,3.527999999999999,3.527999999999999,3.527999999999999,3.527999999999999,3.527999999999999
0.0146484375,0.445,0.6576015949249268,0.44499999999999995,0.44499999999999995,0.44499999999999995,0.44499999999999995,0.44499999999999995,0.698,0.3584319055080414,0.6980000000000001,0.6980000000000001,0.6980000000000001,0.6980000000000001,0.6980000000000001,3.528,2.2302627563476562,3.527999999999999,3.527999999999999,3.527999999999999,3.527999999999999,3.527999999999999
0.0166015625,0.445,0.6511130332946777,0.44499999999999995,0.44499999999999995,0.44499999999999995,0.44499999999999995,0.44499999999999995,0.698,0.3640190362930298,0.6980000000000001,0.6980000000000001,0.6980000000000001,0.6980000000000001,0.6980000000000001,3.528,2.209749698638916,3.527999999999999,3.527999999999999,3.527999999999999,3.527999999999999,3.527999999999999
0.0185546875,0.445,0.645881175994873,0.44499999999999995,0.44499999999999995,0.44499999999999995,0.44499999999999995,0.44499999999999995,0.698,0.3712293207645416,0.6980000000000001,0.6980000000000001,0.6980000000000001,0.6980000000000001,0.6980000000000001,3.528,2.1956734657287598,3.527999999999999,3.527999999999999,3.527999999999999,3.527999999999999,3.527999999999999
0.0205078125,0.445,0.6417968273162842,0.44499999999999995,0.44499999999999995,0.44499999999999995,0.44499999999999995,0.44499999999999995,0.698,0.37966951727867126,0.6980000000000001,0.6980000000000001,0.6980000000000001,0.6980000000000001,0.6980000000000001,3.528,2.1872401237487793,3.527999999999999,3.527999999999999,3.527999999999999,3.527999999999999,3.527999999999999
0.0224609375,0.445,0.6386823654174805,0.44499999999999995,0.44499999999999995,0.44499999999999995,0.44499999999999995,0.44499999999999995,0.698,0.3888692855834961,0.6980000000000001,0.6980000000000001,0.6980000000000001,0.6980000000000001,0.6980000000000001,3.528,2.183666944503784,3.527999999999999,3.527999999999999,3.527999999999999,3.527999999999999,3.527999999999999
0.0244140625,0.445,0.6363094449043274,0.44499999999999995,0.44499999999999995,0.44499999999999995,0.44499999999999995,0.44499999999999995,0.698,0.39832496643066406,0.6980000000000001,0.6980000000000001,0.6980000000000001,0.6980000000000001,0.6980000000000001,3.528,2.184292793273926,3.527999999999999,3.527999999999999,3.527999999999999,3.527999999999999,3.527999999999999
0.0263671875,0.445,0.6344268321990967,0.44499999999999995,0.44499999999999995,0.44499999999999995,0.44499999999999995,0.44499999999999995,0.698,0.4075377583503723,0.6980000000000001,0.6980000000000001,0.6980000000000001,0.6980000000000001,0.6980000000000001,3.528,2.1886091232299805,3.527999999999999,3.527999999999999,3.527999999999999,3.527999999999999,3.527999999999999
0.0283203125,0.445,0.6327898502349854,0.44499999999999995,0.44499999999999995,0.44499999999999995,0.44499999999999995,0.44499999999999995,0.698,0.416049599647522,0.6980000000000001,0.6980000000000001,0.6980000000000001,0.6980000000000001,0.6980000000000001,3.528,2.1962218284606934,3.527999999999999,3.527999999999999,3.527999999999999,3.527999999999999,3.527999999999999
0.0302734375,0.445,0.6311854720115662,0.44499999999999995,0.44499999999999995,0.44499999999999995,0.44499999999999995,0.44499999999999995,0.698,0.42347776889801025,0.6980000000000001,0.6980000000000001,0.6980000000000001,0.6980000000000001,0.6980000000000001,3.528,2.206737518310547,3.527999999999999,3.527999999999999,3.527999999999999,3.527999999999999,3.527999999999999
0.0322265625,0.445,0.6268509030342102,0.44499999999999995,0.44499999999999995,0.44499999999999995,0.44499999999999995,0.44499999999999995,0.698,0.4295477271080017,0.6980000000000001,0.6980000000000001,0.6980000000000001,0.6980000000000001,0.6980000000000001,3.528,2.219675064086914,3.527999999999999,3.527999999999999,3.527999999999999,3.527999999999999,3.527999999999999
0.0341796875,0.445,0.6212866902351379,0.44499999999999995,0.44499999999999995,0.44499999999999995,0.44499999999999995,0.44499999999999995,0.698,0.4408300518989563,0.6980000000000001,0.6980000000000001,0.6980000000000001,0.6980000000000001,0.6980000000000001,3.528,2.2343990802764893,3.527999999999999,3.527999999999999,3.527999999999999,3.527999999999999,3.527999999999999
0.0361328125,0.445,0.6157926321029663,0.44499999999999995,0.44499999999999995,0.44499999999999995,0.44499999999999995,0.44499999999999995,0.698,0.4571645259857178,0.6980000000000001,0.6980000000000001,0.6980000000000001,0.6980000000000001,0.6980000000000001,3.528,2.2501020431518555,3.527999999999999,3.527999999999999,3.527999999999999,3.527999999999999,3.527999999999999
0.0380859375,0.445,0.6103360652923584,0.44499999999999995,0.44499999999999995,0.44499999999999995,0.44499999999999995,0.44499999999999995,0.698,0.4719618558883667,0.6980000000000001,0.6980000000000001,0.6980000000000001,0.6980000000000001,0.6980000000000001,3.528,2.2658631801605225,3.527999999999999,3.527999999999999,3.527999999999999,3.527999999999999,3.527999999999999
0.0400390625,0.445,0.6123132705688477,0.44499999999999995,0.44499999999999995,0.44499999999999995,0.44499999999999995,0.44499999999999995,0.698,0.4850447177886963,0.6980000000000001,0.6980000000000001,0.6980000000000001,0.6980000000000001,0.6980000000000001,3.528,2.2807366847991943,3.527999999999999,3.527999999999999,3.527999999999999,3.527999999999999,3.527999999999999
0.0419921875,0.445,0.6140539646148682,0.44499999999999995,0.44499999999999995,0.44499999999999995,0.44499999999999995,0.44499999999999995,0.698,0.4963718056678772,0.6980000000000001,0.6980000000000001,0.6980000000000001,0.6980000000000001,0.6980000000000001,3.528,2.2938830852508545,3.527999999999999,3.527999999999999,3.527999999999999,3.527999999999999,3.527999999999999
0.0439453125,0.445,0.6140123009681702,0.44499999999999995,0.44499999999999995,0.44499999999999995,0.44499999999999995,0.44499999999999995,0.698,0.5060123801231384,0.6980000000000001,0.6980000000000001,0.6980000000000001,0.6980000000000001,0.6980000000000001,3.528,2.304689884185791,3.527999999999999,3.527999999999999,3.527999999999999,3.527999999999999,3.527999999999999
0.0458984375,0.445,0.6113026142120361,0.44499999999999995,0.44499999999999995,0.44499999999999995,0.44499999999999995,0.44499999999999995,0.698,0.5141174793243408,0.6980000000000001,0.6980000000000001,0.6980000000000001,0.6980000000000001,0.6980000000000001,3.528,2.312875270843506,3.527999999999999,3.527999999999999,3.527999999999999,3.527999999999999,3.527999999999999
0.0478515625,0.445,0.6090080142021179,0.44499999999999995,0.44499999999999995,0.44499999999999995,0.44499999999999995,0.44499999999999995,0.698,0.5208917856216431,0.6980000000000001,0.6980000000000001,0.6980000000000001,0.6980000000000001,0.6980000000000001,3.528,2.3185417652130127,3.527999999999999,3.527999999999999,3.527999999999999,3.527999999999999,3.527999999999999
0.0498046875,0.445,0.6073489785194397,0.44499999999999995,0.44499999999999995,0.44499999999999995,0.44499999999999995,0.44499999999999995,0.698,0.5265693664550781,0.6980000000000001,0.6980000000000001,0.6980000000000001,0.6980000000000001,0.6980000000000001,3.528,2.3221590518951416,3.527999999999999,3.527999999999999,3.527999999999999,3.527999999999999,3.527999999999999
0.0517578125,0.445,0.6054286360740662,0.44499999999999995,0.44499999999999995,0.44499999999999995,0.44499999999999995,0.44499999999999995,0.698,0.5313972234725952,0.6980000000000001,0.6980000000000001,0.6980000000000001,0.6980000000000001,0.6980000000000001,3.528,2.3244950771331787,3.527999999999999,3.527999999999999,3.527999999999999,3.527999999999999,3.527999999999999
0.0537109375,0.445,0.6006060242652893,0.44499999999999995,0.44499999999999995,0.44499999999999995,0.44499999999999995,0.44499999999999995,0.698,0.5356244444847107,0.6980000000000001,0.6980000000000001,0.6980000000000001,0.6980000000000001,0.6980000000000001,3.528,2.3264966011047363,3.527999999999999,3.527999999999999,3.527999999999999,3.527999999999999,3.527999999999999
0.0556640625,0.445,0.5951740145683289,0.44499999999999995,0.44499999999999995,0.44499999999999995,0.44499999999999995,0.44499999999999995,0.698,0.5394953489303589,0.6980000000000001,0.6980000000000001,0.6980000000000001,0.6980000000000001,0.6980000000000001,3.528,2.3291585445404053,3.527999999999999,3.527999999999999,3.527999999999999,3.527999999999999,3.527999999999999
0.0576171875,0.445,0.5893816351890564,0.44499999999999995,0.44499999999999995,0.44499999999999995,0.44499999999999995,0.44499999999999995,0.698,0.5432426333427429,0.6980000000000001,0.6980000000000001,0.6980000000000001,0.6980000000000001,0.6980000000000001,3.528,2.3334128856658936,3.527999999999999,3.527999999999999,3.527999999999999,3.527999999999999,3.527999999999999
0.0595703125,0.445,0.5834720134735107,0.44499999999999995,0.44499999999999995,0.44499999999999995,0.44499999999999995,0.44499999999999995,0.698,0.5470781326293945,0.6980000000000001,0.6980000000000001,0.6980000000000001,0.6980000000000001,0.6980000000000001,3.528,2.3400461673736572,3.527999999999999,3.527999999999999,3.527999999999999,3.527999999999999,3.527999999999999
0.0615234375,0.445,0.5776623487472534,0.44499999999999995,0.44499999999999995,0.44499999999999995,0.44499999999999995,0.44499999999999995,0.698,0.5511819124221802,0.6980000000000001,0.6980000000000001,0.6980000000000001,0.6980000000000001,0.6980000000000001,3.528,2.3496687412261963,3.527999999999999,3.527999999999999,3.527999999999999,3.527999999999999,3.527999999999999
0.0634765625,0.445,0.5721325874328613,0.44499999999999995,0.44499999999999995,0.44499999999999995,0.44499999999999995,0.44499999999999995,0.698,0.5556885004043579,0.6980000000000001,0.6980000000000001,0.6980000000000001,0.6980000000000001,0.6980000000000001,3.528,2.3627030849456787,3.527999999999999,3.527999999999999,3.527999999999999,3.527999999999999,3.527999999999999
0.0654296875,0.445,0.567017138004303,0.44499999999999995,0.44499999999999995,0.44499999999999995,0.44499999999999995,0.44499999999999995,0.698,0.5606803894042969,0.6980000000000001,0.6980000000000001,0.6980000000000001,0.6980000000000001,0.6980000000000001,3.528,2.3793997764587402,3.527999999999999,3.527999999999999,3.527999999999999,3.527999999999999,3.527999999999999
0.0673828125,0.445,0.5624046921730042,0.44499999999999995,0.44499999999999995,0.44499999999999995,0.44499999999999995,0.44499999999999995,0.698,0.5661853551864624,0.6980000000000001,0.6980000000000001,0.6980000000000001,0.6980000000000001,0.6980000000000001,3.528,2.3998522758483887,3.527999999999999,3.527999999999999,3.527999999999999,3.527999999999999,3.527999999999999
0.0693359375,0.445,0.5583373308181763,0.44499999999999995,0.44499999999999995,0.44499999999999995,0.44499999999999995,0.44499999999999995,0.698,0.5721808671951294,0.6980000000000001,0.6980000000000001,0.6980000000000001,0.6980000000000001,0.6980000000000001,3.528,2.424004554748535,3.527999999999999,3.527999999999999,3.527999999999999,3.527999999999999,3.527999999999999
0.0712890625,0.445,0.5548113584518433,0.44499999999999995,0.44499999999999995,0.44499999999999995,0.44499999999999995,0.44499999999999995,0.698,0.5786030292510986,0.6980000000000001,0.6980000000000001,0.6980000000000001,0.6980000000000001,0.6980000000000001,3.528,2.4516494274139404,3.527999999999999,3.527999999999999,3.527999999999999,3.527999999999999,3.527999999999999
0.0732421875,0.445,0.551777720451355,0.44499999999999995,0.44499999999999995,0.44499999999999995,0.44499999999999995,0.44499999999999995,0.698,0.5853583216667175,0.6980000000000001,0.6980000000000001,0.6980000000000001,0.6980000000000001,0.6980000000000001,3.528,2.482409954071045,3.527999999999999,3.527999999999999,3.527999999999999,3.527999999999999,3.527999999999999
0.0751953125,0.445,0.5491453409194946,0.44499999999999995,0.44499999999999995,0.44499999999999995,0.44499999999999995,0.44499999999999995,0.698,0.5923342704772949,0.6980000000000001,0.6980000000000001,0.6980000000000001,0.6980000000000001,0.6980000000000001,3.528,2.5157432556152344,3.527999999999999,3.527999999999999,3.527999999999999,3.527999999999999,3.527999999999999
0.0771484375,0.445,0.5485974550247192,0.44499999999999995,0.44499999999999995,0.44499999999999995,0.44499999999999995,0.44499999999999995,0.698,0.5994070768356323,0.6980000000000001,0.6980000000000001,0.6980000000000001,0.6980000000000001,0.6980000000000001,3.528,2.5509395599365234,3.527999999999999,3.527999999999999,3.527999999999999,3.527999999999999,3.527999999999999
0.0791015625,0.445,0.5495438575744629,0.44499999999999995,0.44499999999999995,0.44499999999999995,0.44499999999999995,0.44499999999999995,0.698,0.6064475178718567,0.6980000000000001,0.6980000000000001,0.6980000000000001,0.6980000000000001,0.6980000000000001,3.528,2.5871639251708984,3.527999999999999,3.527999999999999,3.527999999999999,3.527999999999999,3.527999999999999
0.0810546875,0.445,0.5505126714706421,0.44499999999999995,0.44499999999999995,0.44499999999999995,0.44499999999999995,0.44499999999999995,0.698,0.6133254766464233,0.6980000000000001,0.6980000000000001,0.6980000000000001,0.6980000000000001,0.6980000000000001,3.528,2.6234960556030273,3.527999999999999,3.527999999999999,3.527999999999999,3.527999999999999,3.527999999999999
0.0830078125,0.445,0.5514298677444458,0.44499999999999995,0.44499999999999995,0.44499999999999995,0.44499999999999995,0.44499999999999995,0.698,0.6199115514755249,0.6980000000000001,0.6980000000000001,0.6980000000000001,0.6980000000000001,0.6980000000000001,3.528,2.637784242630005,3.527999999999999,3.527999999999999,3.527999999999999,3.527999999999999,3.527999999999999
0.0849609375,0.445,0.5522684454917908,0.44499999999999995,0.44499999999999995,0.44499999999999995,0.44499999999999995,0.44499999999999995,0.698,0.6260857582092285,0.6980000000000001,0.6980000000000001,0.6980000000000001,0.6980000000000001,0.6980000000000001,3.528,2.6371378898620605,3.527999999999999,3.527999999999999,3.527999999999999,3.527999999999999,3.527999999999999
0.0869140625,0.445,0.55305016040802,0.44499999999999995,0.44499999999999995,0.44499999999999995,0.44499999999999995,0.44499999999999995,0.698,0.6317430734634399,0.6980000000000001,0.6980000000000001,0.6980000000000001,0.6980000000000001,0.6980000000000001,3.528,2.635962963104248,3.527999999999999,3.527999999999999,3.527999999999999,3.527999999999999,3.527999999999999
0.0888671875,0.445,0.5538395643234253,0.44499999999999995,0.44499999999999995,0.44499999999999995,0.44499999999999995,0.44499999999999995,0.698,0.6368051767349243,0.6980000000000001,0.6980000000000001,0.6980000000000001,0.6980000000000001,0.6980000000000001,3.528,2.634577989578247,3.527999999999999,3.527999999999999,3.527999999999999,3.527999999999999,3.527999999999999
0.0908203125,0.445,0.5547360777854919,0.44499999999999995,0.44499999999999995,0.44499999999999995,0.44499999999999995,0.44499999999999995,0.698,0.6412312388420105,0.6980000000000001,0.6980000000000001,0.6980000000000001,0.6980000000000001,0.6980000000000001,3.528,2.633382797241211,3.527999999999999,3.527999999999999,3.527999999999999,3.527999999999999,3.527999999999999
0.0927734375,0.445,0.5558634400367737,0.44499999999999995,0.44499999999999995,0.44499999999999995,0.44499999999999995,0.44499999999999995,0.698,0.6450263857841492,0.6980000000000001,0.6980000000000001,0.6980000000000001,0.6980000000000001,0.6980000000000001,3.528,2.6328351497650146,3.527999999999999,3.527999999999999,3.527999999999999,3.527999999999999,3.527999999999999
0.0947265625,0.445,0.5573529601097107,0.44499999999999995,0.44499999999999995,0.44499999999999995,0.44499999999999995,0.44499999999999995,0.698,0.648246705532074,0.6980000000000001,0.6980000000000001,0.6980000000000001,0.6980000000000001,0.6980000000000001,3.528,2.6334211826324463,3.527999999999999,3.527999999999999,3.527999999999999,3.527999999999999,3.527999999999999
0.0966796875,0.445,0.5593181252479553,0.44499999999999995,0.44499999999999995,0.44499999999999995,0.44499999999999995,0.44499999999999995,0.698,0.6509956121444702,0.6980000000000001,0.6980000000000001,0.6980000000000001,0.6980000000000001,0.6980000000000001,3.528,2.6356210708618164,3.527999999999999,3.527999999999999,3.527999999999999,3.527999999999999,3.527999999999999
0.0986328125,0.445,0.5618261098861694,0.44499999999999995,0.44499999999999995,0.44499999999999995,0.44499999999999995,0.44499999999999995,0.698,0.6534172296524048,0.6980000000000001,0.6980000000000001,0.6980000000000001,0.6980000000000001,0.6980000000000001,3.528,2.6398673057556152,3.527999999999999,3.527999999999999,3.527999999999999,3.527999999999999,3.527999999999999
0.1005859375,0.445,0.5585408210754395,0.44499999999999995,0.44499999999999995,0.44499999999999995,0.44499999999999995,0.44499999999999995,0.698,0.6556813716888428,0.6980000000000001,0.6980000000000001,0.6980000000000001,0.6980000000000001,0.6980000000000001,3.528,2.646510601043701,3.527999999999999,3.527999999999999,3.527999999999999,3.527999999999999,3.527999999999999
0.1025390625,0.445,0.5538513660430908,0.44499999999999995,0.44499999999999995,0.44499999999999995,0.44499999999999995,0.44499999999999995,0.698,0.657965898513794,0.6980000000000001,0.6980000000000001,0.6980000000000001,0.6980000000000001,0.6980000000000001,3.528,2.6557822227478027,3.527999999999999,3.527999999999999,3.527999999999999,3.527999999999999,3.527999999999999
0.1044921875,0.445,0.5509266257286072,0.44499999999999995,0.44499999999999995,0.44499999999999995,0.44499999999999995,0.44499999999999995,0.698,0.6604379415512085,0.6980000000000001,0.6980000000000001,0.6980000000000001,0.6980000000000001,0.6980000000000001,3.528,2.6677615642547607,3.527999999999999,3.527999999999999,3.527999999999999,3.527999999999999,3.527999999999999
0.1064453125,0.445,0.5498445630073547,0.44499999999999995,0.44499999999999995,0.44499999999999995,0.44499999999999995,0.44499999999999995,0.698,0.6632347106933594,0.6980000000000001,0.6980000000000001,0.6980000000000001,0.6980000000000001,0.6980000000000001,3.528,2.6823530197143555,3.527999999999999,3.527999999999999,3.527999999999999,3.527999999999999,3.527999999999999
0.1083984375,0.445,0.550620973110199,0.44499999999999995,0.44499999999999995,0.44499999999999995,0.44499999999999995,0.44499999999999995,0.698,0.6664458513259888,0.6980000000000001,0.6980000000000001,0.6980000000000001,0.6980000000000001,0.6980000000000001,3.528,2.6992690563201904,3.527999999999999,3.527999999999999,3.527999999999999,3.527999999999999,3.527999999999999
0.1103515625,0.445,0.5532122254371643,0.44499999999999995,0.44499999999999995,0.44499999999999995,0.44499999999999995,0.44499999999999995,0.698,0.670097827911377,0.6980000000000001,0.6980000000000001,0.6980000000000001,0.6980000000000001,0.6980000000000001,3.528,2.718036651611328,3.527999999999999,3.527999999999999,3.527999999999999,3.527999999999999,3.527999999999999
0.1123046875,0.445,0.557513952255249,0.44499999999999995,0.44499999999999995,0.44499999999999995,0.44499999999999995,0.44499999999999995,0.698,0.6741459369659424,0.6980000000000001,0.6980000000000001,0.6980000000000001,0.6980000000000001,0.6980000000000001,3.528,2.7380025386810303,3.527999999999999,3.527999999999999,3.527999999999999,3.527999999999999,3.527999999999999
0.1142578125,0.445,0.5633599162101746,0.44499999999999995,0.44499999999999995,0.44499999999999995,0.44499999999999995,0.44499999999999995,0.698,0.6784722805023193,0.6980000000000001,0.6980000000000001,0.6980000000000001,0.6980000000000001,0.6980000000000001,3.528,2.7583725452423096,3.527999999999999,3.527999999999999,3.527999999999999,3.527999999999999,3.527999999999999
0.1162109375,0.445,0.5705214738845825,0.44499999999999995,0.44499999999999995,0.44499999999999995,0.44499999999999995,0.44499999999999995,0.698,0.6828969717025757,0.6980000000000001,0.6980000000000001,0.6980000000000001,0.6980000000000001,0.6980000000000001,3.528,2.7782599925994873,3.527999999999999,3.527999999999999,3.527999999999999,3.527999999999999,3.527999999999999
0.1181640625,0.445,0.5787103176116943,0.44437866862581077,0.44484466715645266,0.4448446680162267,0.44484466715645266,0.44499999999999995,0.698,0.6871970891952515,0.7026534670029149,0.6991621480619674,0.6991621418897999,0.6991621480619674,0.6980000000000001,3.528,2.7967569828033447,3.5211089903782073,3.5262776085797296,3.5262776178591984,3.5262776085797296,3.527999999999999
0.1201171875,0.445,0.5875853300094604,0.44437866862581077,0.44453400146935806,0.44453400400497584,0.44453400146935806,0.44499999999999995,0.698,0.6911333203315735,0.7026534670029149,0.7014888807117357,0.7014888619707408,0.7014888807117357,0.6980000000000001,3.528,2.813002347946167,3.5211089903782073,3.5228321040211115,3.5228321318920393,3.5228321040211115,3.527999999999999
0.1220703125,0.445,0.5967646241188049,0.44437866862581077,0.4442233357822635,0.444223339993725,0.4442233357822635,0.44499999999999995,0.698,0.6944777369499207,0.7026534670029149,0.7038188677425286,0.7038188363975403,0.7038188677425286,0.6980000000000001,3.528,2.8262782096862793,3.5211089903782073,3.5193856354892823,3.519385681962086,3.5193856354892823,3.527999999999999
0.1240234375,0.445,0.6058434844017029,0.44437866862581077,0.4439126700951689,0.4439126624883155,0.4439126700951689,0.44499999999999995,0.698,0.6970386505126953,0.7026534670029149,0.7061521159869366,0.7061521723685249,0.7061521159869366,0.6980000000000001,3.528,2.8360602855682373,3.5211089903782073,3.5159382009603797,3.515938117300943,3.5159382009603797,3.527999999999999
0.1259765625,0.445,0.6104655265808105,0.4411243254409144,0.44260259954786363,0.4426026465080779,0.44260259954786363,0.44499999999999995,0.698,0.6986790895462036,0.7271048671218512,0.716016459621877,0.7160161120499555,0.716016459621877,0.6980000000000001,3.528,2.8420846462249756,3.4850692482836636,3.501385406059451,3.501385920638811,3.501385406059451,3.527999999999999
0.1279296875,0.445,0.612546980381012,0.4411243254409144,0.44161708347656414,0.44161714948268466,0.44161708347656414,0.4448992186087726,0.698,0.6993281841278076,0.7271048671218512,0.7234004829634464,0.7233999908099612,0.7234004829634464,0.6987545439343685,3.528,2.844369649887085,3.4850692482836636,3.4905103834755598,3.4905111087717975,3.4905103834755598,3.5268815776452116
0.1298828125,0.445,0.6140565276145935,0.4411243254409144,0.44063156740526466,0.4406316139360245,0.44063156740526466,0.44413676020465565,0.698,0.6989800930023193,0.7271048671218512,0.7308175365017254,0.7308171872458962,0.7308175365017254,0.7044669544295481,3.528,2.843212366104126,3.4850692482836636,3.4796256863515187,3.4796261988321056,3.4796256863515187,3.518423058614565
0.1318359375,0.4445747650015549,0.6149721145629883,0.4411243254409144,0.43964605133396517,0.43964589183687053,0.43964605133396517,0.4429528591842437,0.701184808740503,0.6976853609085083,0.7271048671218512,0.7382678423594169,0.7382690420653071,0.7382678423594169,0.7133549472113261,3.5232810804024917,2.8391573429107666,3.4850692482836636,3.468731249627617,3.468729494142802,3.468731249627617,3.505300327627512
0.1337890625,0.44302525641231466,0.6153879761695862,0.43649454005541477,0.4383252622266541,0.43832694869971855,0.4383252622266541,0.44160784830151123,0.712810552788122,0.6955371499061584,0.7621775363400077,0.7483207312446245,0.7483080714536005,0.7483207312446245,0.723474645819305,3.5061011478240722,2.832953691482544,3.433977185593774,3.454112187354378,3.4541306750764265,3.454112187354378,3.490408526199488
0.1357421875,0.44148007132943384,0.615490198135376,0.43649454005541477,0.4371047807791612,0.43710680333277263,0.4371047807791612,0.44019906432527195,0.724436296835741,0.6926510334014893,0.7621775363400077,0.7575457043444614,0.7575304262863447,0.7575457043444614,0.7341004413019172,3.488993069353161,2.8254919052124023,3.433977185593774,3.440692588215868,3.4407147938081186,3.440692588215868,3.4748298889081495
0.1376953125,0.43993920069886827,0.6155051589012146,0.43649454005541477,0.43588429933166833,0.43588294364873464,0.43588429933166833,0.4387634406564117,0.7360620408833604,0.6891469955444336,0.7621775363400077,0.766822337522623,0.7668326344298639,0.766822337522623,0.7449566236660247,3.4719565943768287,2.817728042602539,3.433977185593774,3.4272580266849637,3.4272431271523787,3.4272580266849637,3.4589748485779275
0.1396484375,0.43840263547922204,0.6156476736068726,0.43649454005541477,0.43466381788417546,0.43466146454043325,0.43466381788417546,0.4373153955796749,0.7476877849309793,0.687731146812439,0.7621775363400077,0.7761510659441578,0.7761690361204145,0.7761510659441578,0.7559353814149335,3.4549914729819,2.810628652572632,3.433977185593774,3.4138083767241025,3.4137824877674574,3.4138083767241025,3.4430035867292568
0.1416015625,0.4368703666417393,0.6160821914672852,0.4313604738609713,0.4333194682173794,0.43332076630331734,0.4333194682173794,0.435860999472259,0.7593135289785984,0.68815678358078,0.8014072015955426,0.7864403470719777,0.7864304872419539,0.7864403470719777,0.7669915535326314,3.4380974559534874,2.805103063583374,3.377568552884598,3.3990187791720543,3.399032967460601,3.3990187791720543,3.426983543124776
0.1435546875,0.4353423851702972,0.6168999075889587,0.4313604738609713,0.432013471979774,0.4320149847805244,0.432013471979774,0.4344032110311686,0.7709392730262173,0.6884039640426636,0.8014072015955426,0.7964031682619542,0.796391605792132,0.7964031682619542,0.7781031774611339,3.421274294773548,2.80195689201355,3.377568552884598,3.384722935858676,3.3847394929459385,3.384722935858676,3.4109475726077996
0.1455078125,0.43381868206139407,0.6181104779243469,0.4313604738609713,0.4307074757421686,0.43070608509952035,0.4307074757421686,0.43294373323055746,0.7825650170738363,0.68843674659729,0.8014072015955426,0.8064264082174405,0.8064371016164213,0.8064264082174405,0.7892575666605249,3.4045217416193907,2.8018438816070557,3.377568552884598,3.370409836242819,3.370394597742698,3.370409836242819,3.3949145643606626
0.1474609375,0.4322992483241424,0.6128689050674438,0.4313604738609713,0.42940147950456325,0.42940005926052316,0.42940147950456325,0.43148368814140414,0.7941907611214554,0.6882342100143433,0.8014072015955426,0.8165106182174899,0.8165216041175655,0.8165106182174899,0.8004463938742615,3.3878395493622326,2.805227279663086,3.377568552884598,3.356079322872772,3.356063742640388,3.356079322872772,3.3788969404406552
0.1494140625,0.4307840749802594,0.605754017829895,0.42604657015457187,0.4280506255711313,0.4280521286096025,0.4280506255711313,0.4300238823804911,0.8058165051690743,0.6877943277359009,0.8424013641138721,0.8269386384019279,0.8269271016503976,0.8269386384019279,0.8116637041128025,3.3712274715657378,2.8123385906219482,3.3194635951841844,3.3413010965238144,3.3413174543308437,3.3413010965238144,3.3629036016220146
0.1513671875,0.42927315306405894,0.5987052917480469,0.42604657015457187,0.4267145886267584,0.42671632673204213,0.4267145886267584,0.4285649227236066,0.8174422492166937,0.6871336698532104,0.8424013641138721,0.8372309843561884,0.8372175587044507,0.8372309843561884,0.8229050044099288,3.354685262484566,2.823145866394043,3.3194635951841844,3.3267473038495368,3.3267662442538404,3.3267473038495368,3.3469412140568955
0.1533203125,0.427766473622442,0.5920203924179077,0.42604657015457187,0.42537855168238536,0.42537683427188044,0.42537855168238536,0.4271072781732419,0.8290679932643127,0.6862828731536865,0.8424013641138721,0.8475879830974064,0.8476013324805054,0.8475879830974064,0.8341667973365121,3.3382126770629137,2.837329626083374,3.3194635951841844,3.312175316438305,3.312156578033529,3.312175316438305,3.331014904485857
0.1552734375,0.4262640277148875,0.5859414339065552,0.42604657015457187,0.4240425147380124,0.42404099100476234,0.4240425147380124,0.42565131827883995,0.8406937373119316,0.6852788925170898,0.8424013641138721,0.8580102457330226,0.8580221636293822,0.8580102457330226,0.8454463123280762,3.3218094709330557,2.854268789291382,3.3194635951841844,3.2975849623108457,3.297568316726455,3.2975849623108457,3.315128689437222
0.1572265625,0.4247658064134446,0.5806482434272766,0.4206721783059876,0.4226902867452099,0.42269180135325507,0.4226902867452099,0.4241973385631432,0.8523194813595507,0.684161901473999,0.8842799647929313,0.8685507565777968,0.8685390107022884,0.8685507565777968,0.8567413280514712,3.3054754004139113,2.8730814456939697,3.260990136598037,3.2828702457574366,3.2828866499251808,3.2828702457574366,3.2992857573510115
0.1591796875,0.42327180080272236,0.5762587785720825,0.4206721783059876,0.4213448811190617,0.42134658632956606,0.4213448811190617,0.4227455782256887,0.8639452254071697,0.6829729080200195,0.8842799647929313,0.8790201536274144,0.8790068446376842,0.8790201536274144,0.8680500433831178,3.2892102225095767,2.892672300338745,3.260990136598037,3.2682881467618907,3.268306638929167,3.2682881467618907,3.28348866478236
0.1611328125,0.4217820019798825,0.5728316903114319,0.4206721783059876,0.41999947549291344,0.41999774943615553,0.41999947549291344,0.4212962324629327,0.8755709694547886,0.6817541718482971,0.8842799647929313,0.8895566249783814,0.8895701832392874,0.8895566249783814,0.8793709825406956,3.273013694907897,2.911829710006714,3.260990136598037,3.2536874562601907,3.2536687140325484,3.2536874562601907,3.2677394763266925
0.1630859375,0.42029640105462995,0.5703739523887634,0.4206721783059876,0.41865406986676523,0.4186525761049737,0.41865406986676523,0.4198494614965279,0.8871967135024077,0.6805516481399536,0.8842799647929313,0.9001608172897102,0.9001726260461324,0.9001608172897102,0.8907029257823272,3.2568855759790165,2.929344892501831,3.260990136598037,3.239067995012827,3.2390517543931248,3.239067995012827,3.2520398674370163
0.1650390625,0.41881498914920245,0.5688473582267761,0.41528332514538613,0.4173030363482797,0.41730449573018924,0.4173030363482797,0.418405397846104,0.898822457550027,0.6794171333312988,0.926701311654237,0.910797587238623,0.9107861521700964,0.910797587238623,0.9020448576519707,3.2408256247739193,2.9441254138946533,3.2026581061375294,3.2244432075902076,3.2244589337587946,3.2244432075902076,3.236391203108383
0.1669921875,0.4173377573983647,0.5697935223579407,0.41528332514538613,0.4159565622130173,0.4159581709540421,0.4159565622130173,0.416964151929474,0.9104482015976461,0.6784079670906067,0.926701311654237,0.9213829097738638,0.9213702225369644,0.9213829097738638,0.9133959273599942,3.224833601023023,2.955294609069824,3.2026581061375294,3.2099244900430124,3.2099418479843727,3.2099244900430124,3.220794598350126
0.1689453125,0.41586469694939654,0.5706625580787659,0.41528332514538613,0.41461008807775496,0.4146084429608548,0.41461008807775496,0.41552581593532106,0.922073945645265,0.6775877475738525,0.926701311654237,0.9320369854022726,0.9320500440268232,0.9320369854022726,0.9247554181037925,3.2089092651347073,2.9622459411621094,3.2026581061375294,3.19538700839134,3.1953692348990215,3.19538700839134,3.205250964513341
0.1708984375,0.41439579896208734,0.5701540112495422,0.41528332514538613,0.41326361394249256,0.41326219093645844,0.41326361394249256,0.4140904667381889,0.933699689692884,0.6770227551460266,0.926701311654237,0.9427604861471683,0.9427718553096986,0.9427604861471683,0.9361227232652515,3.1930523781939133,2.9646737575531006,3.2026581061375294,3.180830579226488,3.1808151852396387,3.180830579226488,3.189761045551887
0.1728515625,0.4129310546087231,0.5699970126152039,0.4099003852238885,0.4119159553041511,0.4119173692153334,0.4119159553041511,0.4126581685979973,0.945325433740503,0.676781177520752,0.969516851341109,0.9534800772778461,0.9534688828050932,0.9534800772778461,0.9474973278832238,3.177262701960665,2.9625396728515625,3.144691466928367,3.1663187480843034,3.1663339055000836,3.1663187480843034,3.1743254470909115
0.1748046875,0.41147045507408125,0.57129967212677,0.4099003852238885,0.41057224191730934,0.4105737846888762,0.41057224191730934,0.4112289755836141,0.956951177788122,0.6769282817840576,0.969516851341109,0.9641537650322558,0.9641414702221635,0.9641537650322558,0.9588787940330935,3.16153999886868,2.9560253620147705,3.144691466928367,3.1519052611989955,3.1519218214278486,3.1519052611989955,3.1589446598268927
0.1767578125,0.4100139915554202,0.5725848078727722,0.4099003852238885,0.40922852853046765,0.4092269429748368,0.40922852853046765,0.40980293334909024,0.968576921835741,0.6775261163711548,0.969516851341109,0.9748975474947447,0.9749102664777511,0.9748975474947447,0.9702667490036717,3.145884032023919,2.9454727172851562,3.144691466928367,3.1374729412369655,3.1374558994043054,3.1374729412369655,3.143619078244705
0.1787109375,0.4085616552624702,0.5660677552223206,0.4099003852238885,0.4078848151436259,0.40788344401650756,0.4078848151436259,0.40838008028237305,0.98020266588336,0.6786272525787354,0.969516851341109,0.9857121174138107,0.9857231888602332,0.9857121174138107,0.9816608754852514,3.1302945652031577,2.931307315826416,3.144691466928367,3.1230216020702466,3.1230068453465996,3.1230216020702466,3.128349015517396
0.1806640625,0.4071134374174251,0.5574140548706055,0.40453361805065224,0.40654207156827277,0.4065434321054681,0.40654207156827277,0.4069604483898925,0.9918284099309793,0.6802719831466675,1.0126538600915342,0.996504971997695,0.9964940866061034,0.996504971997695,0.9930609032975548,3.1147713628525637,2.913987398147583,3.0872013141509256,3.108638862863984,3.1086533715934936,3.108638862863984,3.113134715396133
0.1826171875,0.40566932925493365,0.5491183996200562,0.40453361805065224,0.40520310255652575,0.40520457886567784,0.40520310255652575,0.4055440641685671,1.0034541539785984,0.68248450756073,1.0126538600915342,1.0072531097206938,1.007241219891483,1.0072531097206938,1.0044666024323117,3.0993141900862784,2.8939766883850098,3.0872013141509256,3.094351867968597,3.094367631808823,3.094351867968597,3.097976361867385
0.1845703125,0.40422932202209044,0.5414208769798279,0.40453361805065224,0.40386413354477874,0.4038626121461332,0.40386413354477874,0.4041309494270391,1.0150798980262175,0.6852672100067139,1.0126538600915342,1.018072516081582,1.0180848505227147,1.018072516081582,1.0158777773128451,3.0839228126849916,2.871708393096924,3.0872013141509256,3.080046024893733,3.080029758048902,3.080046024893733,3.082874087275832
0.1865234375,0.40279340697842636,0.5345267653465271,0.40453361805065224,0.4025251645330317,0.40252384908532973,0.4025251645330317,0.4027211219420675,1.0267056420738363,0.6885987520217896,1.0126538600915342,1.0289639022892934,1.0289746381037645,1.0289639022892934,1.0272942621516568,3.0685969970945135,2.8475778102874756,3.0872013141509256,3.0657211455483324,3.065707061796112,3.0657211455483324,3.0678279794002483
0.1884765625,0.4013615753959012,0.5285946726799011,0.3991886331299124,0.4011882910563406,0.401189595027458,0.4011882910563406,0.401314595982296,1.0383313861214554,0.6924319267272949,1.0560732737713812,1.0398237533251804,1.0398132095669677,1.0398237533251804,1.0387159171894198,3.0533365104243737,2.8219480514526367,3.030246819963629,3.051477166220332,3.051490997971368,3.051477166220332,3.0528380877020243
0.1904296875,0.39993381855889354,0.5237316489219666,0.3991886331299124,0.39985518577205514,0.39985659593761963,0.39985518577205514,0.39991138281675365,1.0499571301690744,0.6966956257820129,1.0560732737713812,1.0506387084835265,1.050627229943908,1.0506387084835265,1.050142625561282,3.0381411204463906,2.795147180557251,3.030246819963629,3.037328302313309,3.0373432801591083,3.037328302313309,3.0379044288117414
0.1923828125,0.39851012776419203,0.5199938416481018,0.3991886331299124,0.3985220804877696,0.3985206248311451,0.3985220804877696,0.39851149121848484,1.0615828742166933,0.7018635869026184,1.0560732737713812,1.0615260183473045,1.061537946665436,1.0615260183473045,1.0615742905938912,3.0230105955932625,2.767486572265625,3.030246819963629,3.0231606059039158,3.0231451241950484,3.0231606059039158,3.023026991317577
0.1943359375,0.3970904943209877,0.5173928737640381,0.3991886331299124,0.3971889752034842,0.39718771672342673,0.3971889752034842,0.39711492785496044,1.0732086182643128,0.7124038934707642,1.0560732737713812,1.072486411459698,1.0724967934034733,1.072486411459698,1.0730108333822799,3.0079447049571626,2.7392666339874268,3.030246819963629,3.0089738873667344,3.0089604845262263,3.0089738873667344,3.008205739923701
0.1962890625,0.3956749095508641,0.5159015655517578,0.39386877577636836,0.3958585679372609,0.3958598150579221,0.3958585679372609,0.3957216975082505,1.0848343623119316,0.7226388454437256,1.0997528298895045,1.0834096330883334,1.0833994408628709,1.0834096330883334,1.0844521904546376,2.992943218288324,2.7107865810394287,2.9738620423851687,2.9948744817237825,2.9948876396121533,2.9948744817237825,2.9934406189522527
0.1982421875,0.3942633647877883,0.5154610872268677,0.39386877577636836,0.3945320398299992,0.3945333851235064,0.3945320398299992,0.3943318032100321,1.0964601063595507,0.7324695587158203,1.0997528298895045,1.0942867808084917,1.0942757122703481,1.0942867808084917,1.0958983113133474,2.9780059059936272,2.68234920501709,2.9738620423851687,2.9808708802136974,2.9808850926680472,2.9808708802136974,2.978731555104568
0.2001953125,0.39285585137810203,0.5142659544944763,0.39386877577636836,0.39320551172273754,0.3932041212921361,0.39320551172273754,0.3929452464216739,1.1080858504071698,0.7418537139892578,1.0997528298895045,1.1052373193726108,1.105248836676216,1.1052373193726108,1.1073491558156758,2.9631325391351986,2.6542484760284424,2.9738620423851687,2.966848481520383,2.966833772391042,2.966848481520383,2.964078459593411
0.2021484375,0.3914523606805148,0.5031777620315552,0.39386877577636836,0.39187898361547585,0.39187778163190884,0.39187898361547585,0.3915620273092302,1.1197115944547886,0.7507929801940918,1.0997528298895045,1.116261994074682,1.1162720180009518,1.116261994074682,1.1188046916884624,2.9483228894290203,2.6267805099487305,2.9738620423851687,2.952807094755889,2.9527943617065815,2.952807094755889,2.9494812301511644
0.2041015625,0.39005288406609223,0.49218934774398804,0.3885764082718189,0.39055540123591,0.3905565933057983,0.39055540123591,0.3901821450784149,1.1313373385024077,0.7593165040016174,1.1436775799104337,1.1272468008921834,1.1272369531437738,1.1272468008921834,1.1302648926464671,2.9335767292435055,2.6002395153045654,2.9180700741377614,2.938855575784934,2.9388680849849225,2.938855575784934,2.9349397536076616
0.2060546875,0.38865741291824785,0.48160573840141296,0.3885764082718189,0.3892360725931826,0.3892373548462029,0.3892360725931826,0.38880559832075584,1.1429630825500268,0.7674680948257446,1.1436775799104337,1.1381820893466235,1.1381714247552077,1.1381820893466235,1.1417297373233117,2.918893831598103,2.574939727783203,2.9180700741377614,2.9250032528976218,2.9250167263772964,2.9250032528976218,2.920453909367621
0.2080078125,0.3872659386327368,0.47170165181159973,0.3885764082718189,0.38791674395045517,0.38791541678061026,0.38791674395045517,0.3874323853388722,1.154588826597646,0.7752916812896729,1.1436775799104337,1.1491917609747695,1.1492028744243625,1.1491917609747695,1.1531992086379395,2.9042739701619262,2.5512351989746094,2.9180700741377614,2.9111321853453336,2.911118220926045,2.9111321853453336,2.906023573360644
0.2099609375,0.3858784526176433,0.46271681785583496,0.3885764082718189,0.3865974153077278,0.3865962681546641,0.3865974153077278,0.38606250441592493,1.1662145706452651,0.7828249335289001,1.1436775799104337,1.1602765773118604,1.160286249094526,1.1602765773118604,1.1646732927921686,2.889716919252321,2.5295448303222656,2.9180700741377614,2.8972421812201126,2.8972300941882576,2.8972421812201126,2.8916486215072257
0.2119140625,0.38449494629337494,0.45485398173332214,0.3833141466345492,0.38528097281960516,0.38528211351359354,0.38528097281960516,0.38469595399448187,1.177840314692884,0.7901008129119873,1.1878296240132975,1.1713212562345439,1.1713117298818034,1.1713212562345439,1.1761519772455606,2.8752224538335014,2.5103514194488525,2.862896103981545,2.883441376900356,2.8834532820191066,2.883441376900356,2.877328931956255
0.2138671875,0.38311541109265057,0.4482785761356354,0.3833141466345492,0.3839697553629012,0.38397097636340766,0.3839697553629012,0.3833327327765181,1.189466058740503,0.797150731086731,1.1878296240132975,1.182308043291008,1.182297776642199,1.182308043291008,1.1876352476750913,2.860790349515128,2.4941887855529785,2.862896103981545,2.869749186949208,2.8697619472733966,2.869749186949208,2.8630643861872542
0.2158203125,0.38173983846049575,0.44311293959617615,0.3833141466345492,0.38265853790619725,0.38265727100559593,0.38265853790619725,0.3819728398252984,1.201091802788122,0.804011344909668,1.1878296240132975,1.1933701249799156,1.1933808507682844,1.1933701249799156,1.199123084579771,2.8464203825509595,2.4815938472747803,2.862896103981545,2.8560383304257573,2.8560250722697282,2.8560383304257573,2.8488548698644327
0.2177734375,0.3803682198542298,0.4394318163394928,0.3833141466345492,0.38134732044949327,0.38134622565559967,0.38134732044949327,0.3806162747649198,1.212717546835741,0.8107321262359619,1.1878296240132975,1.2045082779762126,1.204517610648573,1.2045082779762126,1.2106154603286685,2.8321123298374244,2.4730520248413086,2.862896103981545,2.8423086147816297,2.8422971416805822,2.8423086147816297,2.8347002744575565
0.2197265625,0.3790005467434589,0.4372539818286896,0.3780866686181873,0.3800386148610981,0.3800397099559353,0.3800386148610981,0.37926303810295964,1.22434329088336,0.8173785209655762,1.232172571444869,1.2156084004695455,1.2155991537206485,1.2156084004695455,1.2221123370174005,2.8178659689122565,2.468935966491699,2.8083860983988784,2.8286643019924784,2.8286756690896047,2.8286643019924784,2.82060050006463
0.2216796875,0.37763681061006776,0.4365346431732178,0.3780866686181873,0.3787373173658242,0.37873847799751487,0.3787373173658242,0.37791313160835704,1.235969034930979,0.8240300416946411,1.232172571444869,1.2266322102629932,1.226622342891448,1.2266322102629932,1.2336136648877467,2.8036810779531143,2.4694409370422363,2.8083860983988784,2.8151501259403298,2.815162189477188,2.8151501259403298,2.8065554590946213
0.2236328125,0.3762770029482091,0.43715938925743103,0.3780866686181873,0.37743601987055037,0.37743480953458003,0.37743601987055037,0.37656655864981,1.2475947789785982,0.8307751417160034,1.232172571444869,1.2377320342962979,1.2377423953718116,1.2377320342962979,1.2451193807423206,2.7895574357761825,2.474539279937744,2.8083860983988784,2.8016174126130755,2.801604815109577,2.8016174126130755,2.7925650800660553
0.2255859375,0.37492111526429633,0.43894222378730774,0.3780866686181873,0.3761347223752765,0.376133676984719,0.3761347223752765,0.37522332445755735,1.2592205230262175,0.8377022743225098,1.232172571444869,1.248908661519275,1.2489176728068019,1.248908661519275,1.2566294059103666,2.7754948218348123,2.4839422702789307,2.8083860983988784,2.788065969612821,2.7880550735006815,2.788065969612821,2.7786293109241385
0.2275390625,0.37356913907699424,0.44162940979003906,0.37290376667235836,0.3748352045198289,0.3748362655418349,0.3748352045198289,0.37388343634642296,1.2708462670738363,0.8448894023895264,1.2766242153478224,1.2600518781384298,1.2600428183976518,1.2600518781384298,1.2681436436931541,2.7614930162181315,2.4970884323120117,2.7546378356462036,2.7745928262674355,2.774603780210466,2.7745928262674355,2.764748121715708
0.2294921875,0.3722210659172095,0.44491052627563477,0.37290376667235836,0.3735475792881819,0.3735486812470874,0.3735475792881819,0.3725469039573575,1.2824720111214554,0.8523941040039062,1.2766242153478224,1.2710810612297747,1.2710715873340026,1.2710810612297747,1.279661976519936,2.7475517996496697,2.513148546218872,2.7546378356462036,2.761294066662067,2.761305458424116,2.761294066662067,2.75092150681075
0.2314453125,0.37087688732808266,0.44843626022338867,0.37290376667235836,0.37225995405653484,0.372258792940127,0.37225995405653484,0.37121373953383485,1.2940977551690744,0.8602489233016968,1.2766242153478224,1.2821865429091257,1.2821965946206804,1.2821865429091257,1.291184263098122,2.733670953485987,2.531062126159668,2.7546378356462036,2.747977005557631,2.747964985643027,2.747977005557631,2.737149486952044
0.2333984375,0.3695365948649784,0.4518436789512634,0.37290376667235836,0.37097232882488784,0.37097132696038415,0.37097232882488784,0.3698839582068889,1.3057234992166935,0.8684569597244263,1.2766242153478224,1.293369117661511,1.2933778514072256,1.293369117661511,1.3027103356587861,2.719850259715299,2.5495996475219727,2.7546378356462036,2.7346414523835363,2.7346310661806856,2.7346414523835363,2.723432111369511
0.2353515625,0.36820018009547884,0.45478376746177673,0.3677856667650112,0.36968539545931,0.3696864536015323,0.36968539545931,0.36855757827758007,1.3173492432643126,0.8769946098327637,1.321007497122774,1.304524896603165,1.3045157577951056,1.304524896603165,1.3142399970520156,2.706089500956123,2.5674400329589844,2.701854190643741,2.7213741950075843,2.7213850614289004,2.7213741950075843,2.7097694602885336
0.2373046875,0.3668676345993716,0.4569503366947174,0.3677856667650112,0.3684189096631108,0.36841996530170074,0.3684189096631108,0.3672346215757135,1.3289749873119314,0.8858156204223633,1.321007497122774,1.3154944099535502,1.315485230636743,1.3154944099535502,1.325773016879326,2.692388460455886,2.5832748413085938,2.701854190643741,2.70836531485682,2.708376169775943,2.70836531485682,2.6961616486854902
0.2392578125,0.3655389499686429,0.45810431241989136,0.3677856667650112,0.36715242386691155,0.36715128812707826,0.36715242386691155,0.36591511413316014,1.3406007313595507,0.8948585987091064,1.321007497122774,1.3265396015887367,1.3265495456948881,1.3265396015887367,1.3373091247634563,2.67874692208957,2.595897674560547,2.701854190643741,2.695338579596445,2.6953268849188445,2.695338579596445,2.6826088334232026
0.2412109375,0.3642141178074686,0.45809146761894226,0.3677856667650112,0.36588593807071235,0.3658849600297334,0.36588593807071235,0.36459908766620447,1.3522264754071698,0.9040552377700806,1.321007497122774,1.3376612573722644,1.3376698807865546,1.3376612573722644,1.3488479966516531,2.6651646703583554,2.604304552078247,2.701854190643741,2.6822938038142285,2.6822837182939976,2.6822938038142285,2.669111228460824
0.2431640625,0.3628931297322052,0.4568501114845276,0.36277188030276464,0.36461896607649186,0.3646201175122089,0.36461896607649186,0.3632865828175451,1.3638522194547886,0.9133385419845581,1.3649671228130038,1.3487615393013457,1.3487514777296743,1.3487615393013457,1.3603892257458703,2.6516414903882533,2.6077535152435303,2.6504307225703654,2.6693075832713933,2.669319347999511,2.6693075832713933,2.6556691376553423
0.2451171875,0.36157597737138064,0.4544084370136261,0.36277188030276464,0.3633875755606737,0.36338863861381293,0.3633875755606737,0.3619776559571764,1.3754779635024077,0.9226524829864502,1.3649671228130038,1.359546956667101,1.3595376055038297,1.359546956667101,1.3719322617056988,2.638177167928742,2.605807304382324,2.6504307225703654,2.656727258107691,2.6567381334510616,2.656727258107691,2.6422830234445214
0.2470703125,0.3602626523656847,0.4508740305900574,0.36277188030276464,0.3621561850448556,0.3621549931599228,0.3621561850448556,0.36067239286178626,1.3871037075500268,0.9319533109664917,1.3649671228130038,1.3704057184141025,1.3704162742220782,1.3704057184141025,1.383476287801025,2.624771489351404,2.5983493328094482,2.6504307225703654,2.6441299095039295,2.6441176996491627,2.6441299095039295,2.6289536450620505
0.2490234375,0.35895314636796344,0.4464160203933716,0.36277188030276464,0.3609247945290374,0.36092377192511393,0.3609247945290374,0.3593709351576901,1.3987294515976458,0.9412169456481934,1.3649671228130038,1.381338575243689,1.3813476950771018,1.381338575243689,1.3950199822511065,2.6114242416485993,2.585575580596924,2.6504307225703654,2.631515363220189,2.631504871950996,2.631515363220189,2.615682325632439
0.2509765625,0.3576474510432056,0.4412461817264557,0.357934542638466,0.35969268683776595,0.3596942773730648,0.35969268683776595,0.3580735294901371,1.410355195645265,0.9504344463348389,1.4078414880530465,1.392244540984819,1.3922304733676336,1.392244540984819,1.406561072563092,2.5981352124320707,2.5679569244384766,2.6010860134215177,2.6189607035818265,2.6189768795311683,2.6189607035818265,2.6024714482529254
0.2529296875,0.3563455580685386,0.43559837341308594,0.357934542638466,0.35852059070489933,0.35852185724519403,0.35852059070489933,0.3567806154613984,1.421980939692884,0.9596136808395386,1.4078414880530465,1.4026255088848703,1.402614235749815,1.4026255088848703,1.4180955354398714,2.584904189931632,2.5462000370025635,2.6010860134215177,2.6070481260315512,2.6070610219404657,2.6070481260315512,2.5893253417825344
0.2548828125,0.3550474591332151,0.42971235513687134,0.357934542638466,0.3573484945720327,0.35734695200496286,0.3573484945720327,0.3554929767226176,1.433606683740503,0.9687744379043579,1.4078414880530465,1.4130745755317518,1.4130883954105726,1.4130745755317518,1.4296162168742907,2.5717309629937777,2.5212061405181885,2.6010860134215177,2.5951199927854662,2.595104266012249,2.5951199927854662,2.576251799820877
0.2568359375,0.353753145938608,0.42382049560546875,0.357934542638466,0.3561763984391661,0.35617508393064234,0.3561763984391661,0.3542119896974085,1.445232427788122,0.9779446125030518,1.4078414880530465,1.423592413218279,1.4236042708865664,1.423592413218279,1.4411105513807925,2.5586153210803713,2.494006633758545,2.6010860134215177,2.583176150272719,2.5831627281826415,2.583176150272719,2.5632645757193218
0.2587890625,0.3524626101981989,0.4181387722492218,0.3533951112398317,0.35500676746635246,0.3550099755658414,0.35500676746635246,0.3529400140016704,1.456858171835741,0.987159013748169,1.448495589843938,1.4340418408981042,1.4340131239434066,1.4340418408981042,1.452556965856732,2.545557054267275,2.4657163619995117,2.555022262879475,2.5713288777240724,2.5713613746193653,2.5713288777240724,2.550387289475833
0.2607421875,0.35117584363757126,0.4128604829311371,0.3533951112398317,0.3539323299820053,0.3539342396342974,0.3539323299820053,0.35168097218046074,1.4684839158833602,0.996456503868103,1.448495589843938,1.4436630477105385,1.4436458532408454,1.4436630477105385,1.4639195126982525,2.532555953243022,2.437455892562866,2.555022262879475,2.560461092369766,2.5604804568638793,2.560461092369766,2.5376592136404956
0.2626953125,0.3498928379944,0.4081508219242096,0.3533951112398317,0.3528578924976581,0.35285511355334814,0.3528578924976581,0.3504411531984366,1.480109659930979,1.0058767795562744,1.448495589843938,1.4533428468654643,1.453368019179248,1.4533428468654643,1.4751403882371894,2.5196118093074618,2.410294532775879,2.555022262879475,2.5495801221372405,2.549551910064551,2.5495801221372405,2.525143268310945
0.2646484375,0.3486135850184431,0.4041416645050049,0.3533951112398317,0.35178345501331093,0.35178111620583985,0.35178345501331093,0.3492302272630794,1.4917354039785982,1.015459656715393,1.448495589843938,1.4630817752312995,1.4631030996260284,1.4630817752312995,1.4861304164621039,2.5067244143704217,2.3851828575134277,2.555022262879475,2.53868584621643,2.5386620650189906,2.53868584621643,2.512936082730013
0.2666015625,0.3473380764715342,0.4009278416633606,0.3493390427636887,0.35072416958658026,0.3507295753824548,0.35072416958658026,0.34806235898296367,1.5033611480262175,1.0252405405044556,1.4851785180385157,1.472636202527195,1.4725871145658926,1.472636202527195,1.496758510251976,2.493893560950386,2.3628952503204346,2.5140625907988112,2.5280186365815265,2.5280732232614227,2.5280186365815265,2.5011789774863025
0.2685546875,0.3460663041275711,0.3985615372657776,0.3493390427636887,0.3498007517046525,0.34980233217310613,0.3498007517046525,0.34695713779000337,1.5149868920738363,1.0352485179901123,1.4851785180385157,1.4809867096342897,1.4809722800450817,1.4809867096342897,1.5068426960061312,2.481119042173134,2.343994140625,2.5140625907988112,2.51871705492564,2.518733032131569,2.51871705492564,2.4900670571439103
0.2705078125,0.34479825977250905,0.3970494270324707,0.3493390427636887,0.3488773338227249,0.34887349689280545,0.3488773338227249,0.34593982450561483,1.5266126361214554,1.0426186323165894,1.4851785180385157,1.489381421433625,1.489416612487432,1.489381421433625,1.5161474302885989,2.468400651770422,2.3288044929504395,2.5140625907988112,2.509405664842609,2.5093668478655218,2.509405664842609,2.4798514409099752
0.2724609375,0.34456847418960945,0.39635035395622253,0.3493390427636887,0.34795391594079716,0.3479507666063885,0.34795391594079716,0.3450401958769556,1.5287230266328842,1.047027349472046,1.4851785180385157,1.497820689863216,1.497849766519002,1.497820689863216,1.5243937702546009,2.4660979192073564,2.3174173831939697,2.5140625907988112,2.500084388242117,2.50005247430388,2.500084388242117,2.470827544224011
0.2744140625,0.34456847418960945,0.3963760435581207,0.34600776818441026,0.3470697698631733,0.34707181310129753,0.3470697698631733,0.34428936292531476,1.5287230266328842,1.0514113903045654,1.5155165542564886,1.5057738867025312,1.5057554569628107,1.5057738867025312,1.531289894038338,2.4660979192073564,2.3096868991851807,2.480562583704278,2.491227675928963,2.491248264106353,2.491227675928963,2.4633033104893296
0.2763671875,0.34456847418960945,0.39699435234069824,0.34600776818441026,0.34636176874399793,0.3463615903782122,0.34636176874399793,0.3437138004821362,1.5287230266328842,1.055969476699829,1.5155165542564886,1.5122623600478657,1.5122639910993514,1.5122623600478657,1.5365798726980482,2.4660979192073564,2.3052613735198975,2.480562583704278,2.4841190771144364,2.484117283328745,2.4841190771144364,2.4575398721672648
0.2783203125,0.34456847418960945,0.39803677797317505,0.34600776818441026,0.3456537676248226,0.3456527209185659,0.3456537676248226,0.3433308477851731,1.5287230266328842,1.0608973503112793,1.5155165542564886,1.5187774140170527,1.5187869399480984,1.5187774140170527,1.54013162501728,2.4660979192073564,2.303591012954712,2.480562583704278,2.4770046216335677,2.4769940597519393,2.4770046216335677,2.453707232498404
0.2802734375,0.34456847418960945,0.3993088901042938,0.34600776818441026,0.34494576650564723,0.3449449483395654,0.34494576650564723,0.3431271494312788,1.5287230266328842,1.0663714408874512,1.5155165542564886,1.5253192122802681,1.5253266615997547,1.5253192122802681,1.5418334668439753,2.4660979192073564,2.3039731979370117,2.480562583704278,2.4698842734239395,2.4698760022971893,2.4698842734239395,2.4516691098088916
0.2822265625,0.34456847418960945,0.3966257572174072,0.3436750338102858,0.34435023742045257,0.34435051940401257,0.34435023742045257,0.3430860013167708,1.5287230266328842,1.0725356340408325,1.5371526759636887,1.5311801215547713,1.5311774287047764,1.5311801215547713,1.542581133119204,2.4660979192073564,2.3055758476257324,2.4571790887024183,2.4639474629283282,2.4639502980263255,2.4639474629283282,2.451257801082003
0.2841796875,0.34456847418960945,0.39207690954208374,0.3436750338102858,0.3439001016803414,0.343899973013068,0.3439001016803414,0.34306332692691377,1.5287230266328842,1.0794926881790161,1.5371526759636887,1.5351592186402119,1.53516042542093,1.5351592186402119,1.5426278755294385,2.4660979192073564,2.3074886798858643,2.4571790887024183,2.45943575901853,2.4594344658848417,2.45943575901853,2.4510301685679963
0.2861328125,0.34456847418960945,0.3870297074317932,0.3436750338102858,0.3434499659402302,0.3434498719457102,0.3434499659402302,0.34308230559785,1.5287230266328842,1.0872968435287476,1.5371526759636887,1.5391487459716222,1.5391496481229903,1.5391487459716222,1.5424082042690734,2.4660979192073564,2.30877947807312,2.4571790887024183,2.4549218713820737,2.4549209253627677,2.4549218713820737,2.4512205922212793
0.2880859375,0.34456847418960945,0.3815516233444214,0.3436750338102858,0.34299983020011904,0.34299977087835243,0.34299983020011904,0.34326289832852497,1.5287230266328842,1.0959511995315552,1.5371526759636887,1.5431487446133942,1.543149340531147,1.5431487446133942,1.540646717011192,2.4660979192073564,2.308549642562866,2.4571790887024183,2.4504057914215203,2.4504051928524246,2.4504057914215203,2.453027697171203
0.2900390625,0.34456847418960945,0.37573155760765076,0.34240668226352083,0.342563536340436,0.3425636562340843,0.342563536340436,0.3435235703032069,1.5287230266328842,1.1054083108901978,1.547323437272226,1.5450697965681701,1.5450687976179789,1.5450697965681701,1.5382190195210406,2.4660979192073564,2.3060028553009033,2.444476796221914,2.4457493126221244,2.445750567216572,2.4457493126221244,2.4556356727915922
0.2919921875,0.34456847418960945,0.3696810007095337,0.34240668226352083,0.3424589669558259,0.3424589095771481,0.3424589669558259,0.34377192327218037,1.5287230266328842,1.1155741214752197,1.547323437272226,1.5465719943221556,1.5465725778228387,1.5465719943221556,1.5359752877206936,2.4660979192073564,2.300513505935669,2.444476796221914,2.444901045669944,2.4449004861140153,2.444901045669944,2.4581212567258963
0.2939453125,0.34456847418960945,0.36353665590286255,0.34240668226352083,0.3423543975712158,0.3423543576066663,0.3423543975712158,0.3439716095173959,1.5287230266328842,1.1263123750686646,1.547323437272226,1.5480751097444743,1.5480754432822645,1.5480751097444743,1.5342136122038301,2.4660979192073564,2.291661024093628,2.444476796221914,2.444052469412028,2.4440520510766524,2.444052469412028,2.4601206934273927
0.2958984375,0.34456847418960945,0.35746195912361145,0.34240668226352083,0.34224982818660565,0.3422498056361846,0.34224982818660565,0.34411753064945355,1.5287230266328842,1.1374547481536865,1.547323437272226,1.5495791436762663,1.5495792269455437,1.5495791436762663,1.5329404619165088,2.4660979192073564,2.2792794704437256,2.444476796221914,2.443203583564866,2.4432033065530687,2.443203583564866,2.461582101731059
0.2978515625,0.34456847418960945,0.35164156556129456,0.3421975434943006,0.3421975434943006,0.3421975434943006,0.3421975434943006,0.34421926278593973,1.5287230266328842,1.1488100290298462,1.5520391678022922,1.5520391678022922,1.5520391678022922,1.5520391678022922,1.5320300221089835,2.4660979192073564,2.263450860977173,2.442416445495835,2.442416445495835,2.442416445495835,2.442416445495835,2.4626008521649094
0.2998046875,0.34456847418960945,0.3462687134742737,0.3421975434943006,0.3421975434943006,0.3421975434943006,0.3421975434943006,0.34429084417402267,1.5287230266328842,1.1601790189743042,1.5520391678022922,1.5520391678022922,1.5520391678022922,1.5520391678022922,1.5313399586464254,2.4660979192073564,2.2444965839385986,2.442416445495835,2.442416445495835,2.442416445495835,2.442416445495835,2.4633176985419043
0.3017578125,0.34456847418960945,0.34152835607528687,0.3421975434943006,0.3421975434943006,0.3421975434943006,0.3421975434943006,0.34434523997775995,1.5287230266328842,1.1713650226593018,1.5520391678022922,1.5520391678022922,1.5520391678022922,1.5520391678022922,1.5307722523633556,2.4660979192073564,2.222940444946289,2.442416445495835,2.442416445495835,2.442416445495835,2.442416445495835,2.463862647426863
0.3037109375,0.34456847418960945,0.33758097887039185,0.3421975434943006,0.3421975434943006,0.3421975434943006,0.3421975434943006,0.34439171078103087,1.5287230266328842,1.1821895837783813,1.5520391678022922,1.5520391678022922,1.5520391678022922,1.5520391678022922,1.530282228200667,2.4660979192073564,2.1994593143463135,2.442416445495835,2.442416445495835,2.442416445495835,2.442416445495835,2.4643282704496654
0.3056640625,0.34456847418960945,0.3345493972301483,0.34207508023308814,0.34207508023308814,0.34207508023308814,0.34207508023308814,0.34443511961140466,1.5287230266328842,1.1925026178359985,1.552238438585626,1.552238438585626,1.552238438585626,1.552238438585626,1.5298599789052918,2.4660979192073564,2.1748268604278564,2.4411228765956547,2.4411228765956547,2.4411228765956547,2.4411228765956547,2.464763125921654
0.3076171875,0.34456847418960945,0.3325135409832001,0.34207508023308814,0.34207508023308814,0.34207508023308814,0.34207508023308814,0.34447649554951154,1.5287230266328842,1.202193260192871,1.552238438585626,1.552238438585626,1.552238438585626,1.552238438585626,1.5295066906442725,2.4660979192073564,2.149841785430908,2.4411228765956547,2.4411228765956547,2.4411228765956547,2.4411228765956547,2.4651776084763277
0.3095703125,0.34456847418960945,0.3315053880214691,0.34207508023308814,0.34207508023308814,0.34207508023308814,0.34207508023308814,0.3445142783350779,1.5287230266328842,1.2111961841583252,1.552238438585626,1.552238438585626,1.552238438585626,1.552238438585626,1.5292191086142168,2.4660979192073564,2.1252658367156982,2.4411228765956547,2.4411228765956547,2.4411228765956547,2.4411228765956547,2.465556183976467
0.3115234375,0.34456847418960945,0.33151036500930786,0.34207508023308814,0.34207508023308814,0.34207508023308814,0.34207508023308814,0.34454586298391854,1.5287230266328842,1.219495415687561,1.552238438585626,1.552238438585626,1.552238438585626,1.552238438585626,1.5289863809549198,2.4660979192073564,2.1017608642578125,2.4411228765956547,2.4411228765956547,2.4411228765956547,2.4411228765956547,2.4658726992840108
0.3134765625,0.34456847418960945,0.33246827125549316,0.3422278454054798,0.34211327152618604,0.34212861219241725,0.34211327152618604,0.34456911622922093,1.5287230266328842,1.2271223068237305,1.550531219379615,1.5518114908470146,1.5516400214513335,1.5518114908470146,1.5287961515718214,2.4660979192073564,2.079838275909424,2.4426860043034497,2.4415136959230423,2.441670673082598,2.4415136959230423,2.466105701727736
0.3154296875,0.34456847418960945,0.33427608013153076,0.3422278454054798,0.3421896541123819,0.3421947676677923,0.3421896541123819,0.3445833952507978,1.5287230266328842,1.2341516017913818,1.550531219379615,1.5509578812759153,1.5509007486164086,1.5509578812759153,1.5286421837783337,2.4660979192073564,2.0598325729370117,2.4426860043034497,2.4422952597685916,2.4423475792595193,2.4422952597685916,2.4662487647932325
0.3173828125,0.34456847418960945,0.33679285645484924,0.3422278454054798,0.3422660366985777,0.3422609231431673,0.3422660366985777,0.34459009508624405,1.5287230266328842,1.240692138671875,1.550531219379615,1.5501046527002968,1.5501617615689782,1.5501046527002968,1.5285292523219522,2.4660979192073564,2.04189133644104,2.4426860043034497,2.443076723924155,2.443024410658254,2.443076723924155,2.466315906030143
0.3193359375,0.34456847418960945,0.339847207069397,0.3422278454054798,0.34234241928477355,0.34232707861854234,0.34234241928477355,0.3445918732676392,1.5287230266328842,1.246872901916504,1.550531219379615,1.5492518048651391,1.5494230601433547,1.5492518048651391,1.528455371077332,2.4660979192073564,2.0259878635406494,2.4426860043034497,2.44385808845646,2.4437011673221547,2.44385808845646,2.4663337597217367
0.3212890625,0.34456847418960945,0.34324783086776733,0.3428166484346562,0.3425980662233934,0.34255113559795175,0.3425980662233934,0.34459280391582137,1.5287230266328842,1.2528316974639893,1.5444019166639087,1.5466233210241982,1.5470891890686993,1.5466233210241982,1.5284209082101712,2.4660979192073564,2.0119495391845703,2.448629565628585,2.446438840584637,2.445968476484789,2.446438840584637,2.4663430837229328
0.3232421875,0.34456847418960945,0.34679681062698364,0.3428166484346562,0.3427437876975686,0.34268374907060123,0.3427437876975686,0.34459449441909107,1.5287230266328842,1.2587004899978638,1.5444019166639087,1.5451420699654441,1.5457407636936422,1.5451420699654441,1.5284321179278328,2.4660979192073564,1.999497413635254,2.448629565628585,2.447899399100896,2.4472977525643493,2.447899399100896,2.4663600342138885
0.3251953125,0.34456847418960945,0.3503032326698303,0.3428166484346562,0.3428895091717438,0.34293118319680005,0.3428895091717438,0.3445965016733249,1.5287230266328842,1.264595866203308,1.5444019166639087,1.5436620779133505,1.5432473364259574,1.5436620779133505,1.528468971195818,2.4660979192073564,1.988276481628418,2.448629565628585,2.4493596570665255,2.449777156618804,2.4493596570665255,2.466380179503965
0.3271484375,0.34456847418960945,0.35359764099121094,0.3428166484346562,0.343035230645919,0.3431005258732718,0.343035230645919,0.3445971692453377,1.5287230266328842,1.270609974861145,1.5444019166639087,1.5421833432634378,1.541535736951989,1.5421833432634378,1.5285048568780866,2.4660979192073564,1.9779047966003418,2.448629565628585,2.45081961486455,2.4514736041090064,2.45081961486455,2.466386879594867
0.3291015625,0.34456847418960945,0.35654526948928833,0.3433936171988815,0.34321676541842355,0.34319127675915684,0.34321676541842355,0.34459639951784315,1.5287230266328842,1.2768094539642334,1.538690368818358,1.5403733616164699,1.5406158708619953,1.5403733616164699,1.528532267885178,2.4660979192073564,1.9679999351501465,2.4543683988659124,2.452611060521672,2.4523557145116572,2.452611060521672,2.4663791706620515
0.3310546875,0.34456847418960945,0.35905563831329346,0.3433936171988815,0.3433346666053955,0.34333665454102696,0.3433346666053955,0.34459324050673346,1.5287230266328842,1.283231496810913,1.538690368818358,1.539251173771051,1.5392322619952836,1.539251173771051,1.5285372386037561,2.4660979192073564,1.958216905593872,2.4543683988659124,2.4537826626318906,2.4538024456374212,2.4537826626318906,2.4663475279562577
0.3330078125,0.34456847418960945,0.3610888421535492,0.3433936171988815,0.3434525677923675,0.34346586185261757,0.3434525677923675,0.3445895674166446,1.5287230266328842,1.2898892164230347,1.538690368818358,1.5381297563800782,1.5380034537469063,1.5381297563800782,1.5285282372902622,2.4660979192073564,1.948273777961731,2.4543683988659124,2.454954091915545,2.45508717098821,2.454954091915545,2.466310741405696
0.3349609375,0.34456847418960945,0.36265814304351807,0.3433936171988815,0.34357046897933946,0.3435806756427247,0.34357046897933946,0.3445864486138341,1.5287230266328842,1.2967761754989624,1.538690368818358,1.5370091086503743,1.5369122262698458,1.5370091086503743,1.528510163169313,2.4660979192073564,1.9379762411117554,2.4543683988659124,2.4561253485505596,2.456227740002916,2.4561253485505596,2.466279509363061
0.3369140625,0.34456847418960945,0.3638269603252411,0.34375985793043184,0.34365653399346063,0.3436039728451006,0.34365653399346063,0.34458622842328124,1.5287230266328842,1.303873062133789,1.5354244644734218,1.5362011727843339,1.5366596341707162,1.5362011727843339,1.5285064574547138,2.4660979192073564,1.9272265434265137,2.4580025031787396,2.456985860875079,2.456459762060924,2.456985860875079,2.4662773142285594
0.3388671875,0.34456847418960945,0.36470064520835876,0.34375985793043184,0.34372541661810807,0.34374610735504846,0.34372541661810807,0.3445880324933909,1.5287230266328842,1.3111543655395508,1.5354244644734218,1.5356833153595726,1.5355081196245361,1.5356833153595726,1.5285048830796502,2.4660979192073564,1.9160282611846924,2.4580025031787396,2.4576636316259837,2.4578699819711587,2.4576636316259837,2.466295412618276
0.3408203125,0.34456847418960945,0.3654156029224396,0.34375985793043184,0.3437942992427556,0.3438124592171417,0.3437942992427556,0.34459151610677685,1.5287230266328842,1.3185977935791016,1.5354244644734218,1.5351656654506338,1.5350075034942536,1.5351656654506338,1.5285117189606625,2.4660979192073564,1.9044822454452515,2.4580025031787396,2.458341365520057,2.45852309220407,2.458341365520057,2.4663303417341993
0.3427734375,0.34456847418960945,0.36612409353256226,0.34375985793043184,0.34386318186740306,0.34387055884139167,0.34386318186740306,0.3445948751709262,1.5287230266328842,1.3261873722076416,1.5354244644734218,1.5346482229328116,1.5345235345913288,1.5346482229328116,1.528514874866584,2.4660979192073564,1.8927606344223022,2.4580025031787396,2.4590190625794492,2.4591032420057983,2.4590190625794492,2.4663640151744928
0.3447265625,0.34456847418960945,0.36697784066200256,0.34394467819606145,0.34394467819606145,0.34394467819606145,0.34394467819606145,0.3445972818932822,1.5287230266328842,1.3339194059371948,1.5341796598140274,1.5341796598140274,1.5341796598140274,1.5341796598140274,1.5285099823801735,2.4660979192073564,1.8810926675796509,2.4598683161023795,2.4598683161023795,2.4598683161023795,2.4598683161023795,2.4663881422708664
0.3466796875,0.34456847418960945,0.36797603964805603,0.34394467819606145,0.34394467819606145,0.34394467819606145,0.34394467819606145,0.3445975924388703,1.5287230266328842,1.3418046236038208,1.5341796598140274,1.5341796598140274,1.5341796598140274,1.5341796598140274,1.5284882098883763,2.4660979192073564,1.8697292804718018,2.4598683161023795,2.4598683161023795,2.4598683161023795,2.4598683161023795,2.4663912641931383
0.3486328125,0.34456847418960945,0.3665006160736084,0.34394467819606145,0.34394467819606145,0.34394467819606145,0.34394467819606145,0.34459669031870704,1.5287230266328842,1.349867820739746,1.5341796598140274,1.5341796598140274,1.5341796598140274,1.5341796598140274,1.5284633616195713,2.4660979192073564,1.8589239120483398,2.4598683161023795,2.4598683161023795,2.4598683161023795,2.4598683161023795,2.4663822435571507
0.3505859375,0.34456847418960945,0.36520451307296753,0.34394467819606145,0.34394467819606145,0.34394467819606145,0.34394467819606145,0.34459503719044005,1.5287230266328842,1.3581477403640747,1.5341796598140274,1.5341796598140274,1.5341796598140274,1.5341796598140274,1.528442697859408,2.4660979192073564,1.8488917350769043,2.4598683161023795,2.4598683161023795,2.4598683161023795,2.4598683161023795,2.466365698697921
0.3525390625,0.34456847418960945,0.36409473419189453,0.3440492368457261,0.3440141985293275,0.3440093452265214,0.3440141985293275,0.34459450558857674,1.5287230266328842,1.3666926622390747,1.5338019668807044,1.5339402381938496,1.5339699355398821,1.5339402381938496,1.528441534046763,2.4660979192073564,1.839791178703308,2.4609472517694138,2.4605916898654154,2.4605429643620784,2.4605916898654154,2.4663603986381855
0.3544921875,0.34456847418960945,0.3631524443626404,0.3440492368457261,0.34403755740692654,0.3440380546455639,0.34403755740692654,0.34459432598953676,1.5287230266328842,1.3755574226379395,1.5338019668807044,1.5338480541890491,1.5338455578479027,1.5338480541890491,1.5284546653703814,2.4660979192073564,1.8316981792449951,2.4609472517694138,2.4608287314270774,2.460833750685607,2.4608287314270774,2.466358619514502
0.3564453125,0.34456847418960945,0.36232998967170715,0.3440492368457261,0.3440609162845256,0.3440633124692449,0.3440609162845256,0.34459471337509284,1.5287230266328842,1.38479745388031,1.5338019668807044,1.5337558827013047,1.5337414249287535,1.5337558827013047,1.5284799653618313,2.4660979192073564,1.8245985507965088,2.4609472517694138,2.46106577181946,2.4610898382922306,2.46106577181946,2.466362524147831
0.3583984375,0.34456847418960945,0.3615531921386719,0.3440492368457261,0.34408427516212464,0.34408623504157415,0.34408427516212464,0.34459447982361713,1.5287230266328842,1.3944615125656128,1.5338019668807044,1.5336637237280673,1.5336509888112693,1.5336637237280673,1.528508971877741,2.4660979192073564,1.818375825881958,2.4609472517694138,2.4613028110428026,2.4613224498449853,2.4613028110428026,2.4663601955804424
0.3603515625,0.34456847418960945,0.3607257008552551,0.3441315492168537,0.3441315492168537,0.3441315492168537,0.3441315492168537,0.3445930645226526,1.5287230266328842,1.4045841693878174,1.5334590220035105,1.5334590220035105,1.5334590220035105,1.5334590220035105,1.5285347093483403,2.4660979192073564,1.8128207921981812,2.461761101795171,2.461761101795171,2.461761101795171,2.461761101795171,2.466346036936247
0.3623046875,0.34456847418960945,0.3597378432750702,0.3441315492168537,0.3441315492168537,0.3441315492168537,0.3441315492168537,0.3445901227360593,1.5287230266328842,1.4151785373687744,1.5334590220035105,1.5334590220035105,1.5334590220035105,1.5334590220035105,1.5285511220422827,2.4660979192073564,1.80764639377594,2.461761101795171,2.461761101795171,2.461761101795171,2.461761101795171,2.466316574159075
0.3642578125,0.34456847418960945,0.3584780991077423,0.3441315492168537,0.3441315492168537,0.3441315492168537,0.3441315492168537,0.34458627954988985,1.5287230266328842,1.4262281656265259,1.5334590220035105,1.5334590220035105,1.5334590220035105,1.5334590220035105,1.5285606861972034,2.4660979192073564,1.802505373954773,2.461761101795171,2.461761101795171,2.461761101795171,2.461761101795171,2.466278077749747
0.3662109375,0.34456847418960945,0.3568454682826996,0.3441315492168537,0.3441315492168537,0.3441315492168537,0.3441315492168537,0.34458247552360227,1.5287230266328842,1.437683343887329,1.5334590220035105,1.5334590220035105,1.5334590220035105,1.5334590220035105,1.5285700447834007,2.4660979192073564,1.797021746635437,2.461761101795171,2.461761101795171,2.461761101795171,2.461761101795171,2.4662399792205756
0.3681640625,0.34456847418960945,0.35476312041282654,0.34419469818491866,0.34417539063102887,0.3441615288822663,0.34417539063102887,0.3445795685264253,1.5287230266328842,1.4494554996490479,1.5328754151784472,1.5331358978214935,1.5333010765668234,1.5331358978214935,1.5285856581825195,2.4660979192073564,1.790822148323059,2.4623738091907104,2.4621827088515644,2.462044093345933,2.4621827088515644,2.4662108746582216
0.3701171875,0.34456847418960945,0.3521881103515625,0.34419469818491866,0.34418826233362204,0.34419416637457984,0.34418826233362204,0.34457794025119715,1.5287230266328842,1.4614182710647583,1.5328754151784472,1.5329622394790157,1.5328898726431042,1.5329622394790157,1.5286096429539417,2.4660979192073564,1.7835639715194702,2.4623738091907104,2.4623101101155793,2.4623690161580067,2.4623101101155793,2.466194583613477
0.3720703125,0.34456847418960945,0.3491196632385254,0.34419469818491866,0.3442011340362153,0.3442057546191361,0.3442011340362153,0.3445773288631181,1.5287230266328842,1.4734097719192505,1.5328754151784472,1.5327885941247492,1.5327335462795462,1.5327885941247492,1.528638197144749,2.4660979192073564,1.774971842765808,2.4623738091907104,2.462437507228001,2.4624837089295646,2.462437507228001,2.466188479624853
0.3740234375,0.34456847418960945,0.34560245275497437,0.34419469818491866,0.34421400573880845,0.34421511506968794,0.34421400573880845,0.3445770311757204,1.5287230266328842,1.4852371215820312,1.5328754151784472,1.532614961757237,1.532607334796252,1.532614961757237,1.5286641879282032,2.4660979192073564,1.7648569345474243,2.4623738091907104,2.462564900189294,2.462576635977165,2.462564900189294,2.4661855199326266
0.3759765625,0.34456847418960945,0.34172531962394714,0.3442345228375992,0.3442214958764669,0.34421720259455246,0.3442214958764669,0.34457645895654443,1.5287230266328842,1.4966859817504883,1.532069845303794,1.5323840376062543,1.5324560297675502,1.5323840376062543,1.5286819641393792,2.4660979192073564,1.7531399726867676,2.4627802574587108,2.462645273270473,2.4626023136877637,2.462645273270473,2.4661798053739505
0.3779296875,0.34456847418960945,0.33761510252952576,0.3442345228375992,0.34423018051722176,0.3442300043901385,0.34423018051722176,0.34457481577106597,1.5287230266328842,1.507532000541687,1.532069845303794,1.5321745734290106,1.5321764440710481,1.5321745734290106,1.528687817009056,2.4660979192073564,1.7398625612258911,2.4627802574587108,2.4627352642395595,2.4627335544064515,2.4627352642395595,2.4661633630518467
0.3798828125,0.34456847418960945,0.3334282636642456,0.3442345228375992,0.34423886515797664,0.3442412901201352,0.34423886515797664,0.34457271477130613,1.5287230266328842,1.517555594444275,1.532069845303794,1.531965119820714,1.5319236052042282,1.531965119820714,1.528685494611461,2.4660979192073564,1.7251839637756348,2.4627802574587108,2.462825249167678,2.46284955274244,2.462825249167678,2.466142338829671
0.3818359375,0.34456847418960945,0.3293391168117523,0.3442345228375992,0.3442475497987315,0.3442495942455706,0.3442475497987315,0.34457074260294673,1.5287230266328842,1.526556134223938,1.532069845303794,1.5317556767805642,1.5317233410482434,1.5317556767805642,1.5286818612848723,2.4660979192073564,1.7093775272369385,2.4627802574587108,2.4629152280552855,2.4629355882097883,2.4629152280552855,2.466122602131995
0.3837890625,0.34456847418960945,0.3255290687084198,0.34426417531095754,0.3442514761965258,0.3442438670057909,0.3442514761965258,0.344569463395862,1.5287230266328842,1.5343656539916992,1.5311997680643206,1.53150358655329,1.5316293374437615,1.53150358655329,1.528682261255457,2.4660979192073564,1.6928068399429321,2.463093681164075,2.462963200732492,2.462886392987132,2.462963200732492,2.4661098081672024
0.3857421875,0.34456847418960945,0.322174996137619,0.34426417531095754,0.34425994227281365,0.34425101845056644,0.34425994227281365,0.34456930475479,1.5287230266328842,1.5408624410629272,1.5311997680643206,1.531301038403465,1.5314582343821046,1.531301038403465,1.5286920535609245,2.4660979192073564,1.6759103536605835,2.463093681164075,2.4630501890991807,2.462959876936294,2.4630501890991807,2.466108238513342
0.3876953125,0.34456847418960945,0.31943970918655396,0.34426417531095754,0.34426840834910144,0.3442712886434078,0.34426840834910144,0.3445698481144295,1.5287230266328842,1.545975685119629,1.5311997680643206,1.5310985002155655,1.5310503834222289,1.5310985002155655,1.5287062448139916,2.4660979192073564,1.659166932106018,2.463093681164075,2.4631371718167383,2.4631662553037508,2.4631371718167383,2.46611370794926
0.3896484375,0.34456847418960945,0.3174642324447632,0.34426417531095754,0.3442768744253893,0.3442905271440651,0.3442768744253893,0.34457047990074646,1.5287230266328842,1.5496879816055298,1.5311997680643206,1.5308959719888564,1.530661196539393,1.5308959719888564,1.5287206934356066,2.4660979192073564,1.6430751085281372,2.463093681164075,2.4632241488855806,2.463362160615473,2.4632241488855806,2.466120061895262
0.3916015625,0.34456847418960945,0.3163607716560364,0.3443022514479017,0.34428484294235756,0.3442830150275184,0.34428484294235756,0.3445705313823768,1.5287230266328842,1.5520344972610474,1.5304495478340516,1.5306846500768854,1.530706514395714,1.5306846500768854,1.5287288272246697,2.4660979192073564,1.6281205415725708,2.4634761325617505,2.4633027663454476,2.4632842149445944,2.4633027663454476,2.4661205948239804
0.3935546875,0.34456847418960945,0.31620755791664124,0.3443022514479017,0.34429644861272035,0.34429350105459533,0.34429644861272035,0.34456973775371713,1.5287230266328842,1.553095817565918,1.5304495478340516,1.5305279126066922,1.5305643362092696,1.5305279126066922,1.5287297800474593,2.4660979192073564,1.6147465705871582,2.4634761325617505,2.4634183446687605,2.4633885746694113,2.4634183446687605,2.4661126705746907
0.3955078125,0.34456847418960945,0.3170435130596161,0.3443022514479017,0.3443080542830831,0.3443052851501567,0.3443080542830831,0.344568429538448,1.5287230266328842,1.5529935359954834,1.5304495478340516,1.5303711857028706,1.530406148735743,1.5303711857028706,1.5287251815801157,2.4660979192073564,1.6033254861831665,2.4634761325617505,2.46353391960902,2.463506044321801,2.46353391960902,2.4660995923890554
0.3974609375,0.34456847418960945,0.31886419653892517,0.3443022514479017,0.3443196599534459,0.3443275670982067,0.3443196599534459,0.3445670485861553,1.5287230266328842,1.5518842935562134,1.5304495478340516,1.530214469364352,1.530116898148555,1.530214469364352,1.528719899587858,2.4660979192073564,1.5941287279129028,2.4634761325617505,2.463649491166567,2.4637293623459713,2.463649491166567,2.466085785575312
0.3994140625,0.34456847418960945,0.32161906361579895,0.34435702067385965,0.34435702067385965,0.34435702067385965,0.34435702067385965,0.34456626894848197,1.5287230266328842,1.5499565601348877,1.5299459499766623,1.5299459499766623,1.5299459499766623,1.5299459499766623,1.5287194662724177,2.4660979192073564,1.5872989892959595,2.464018301971972,2.464018301971972,2.464018301971972,2.464018301971972,2.4660780045411745
0.4013671875,0.34456847418960945,0.32520851492881775,0.34435702067385965,0.34435702067385965,0.34435702067385965,0.34435702067385965,0.344566167941879,1.5287230266328842,1.5474241971969604,1.5299459499766623,1.5299459499766623,1.5299459499766623,1.5299459499766623,1.5287258463586917,2.4660979192073564,1.5886226892471313,2.464018301971972,2.464018301971972,2.464018301971972,2.464018301971972,2.466077018255488
0.4033203125,0.34456847418960945,0.3294851779937744,0.34435702067385965,0.34435702067385965,0.34435702067385965,0.34435702067385965,0.3445665951087741,1.5287230266328842,1.5445213317871094,1.5299459499766623,1.5299459499766623,1.5299459499766623,1.5299459499766623,1.528736463239949,2.4660979192073564,1.5911871194839478,2.464018301971972,2.464018301971972,2.464018301971972,2.464018301971972,2.4660813307701175
0.4052734375,0.34456847418960945,0.3342576026916504,0.34435702067385965,0.34435702067385965,0.34435702067385965,0.34435702067385965,0.34456708041859696,1.5287230266328842,1.5414928197860718,1.5299459499766623,1.5299459499766623,1.5299459499766623,1.5299459499766623,1.5287477705958554,2.4660979192073564,1.5940438508987427,2.464018301971972,2.464018301971972,2.464018301971972,2.464018301971972,2.466086226139974
0.4072265625,0.34456847418960945,0.33929774165153503,0.34442412615938467,0.3443990702190519,0.34439293184692377,0.3443990702190519,0.34456710642031224,1.5287230266328842,1.5385812520980835,1.5297021595244262,1.5297727252979585,1.5297975307062763,1.5297727252979585,1.5287544824532253,2.4660979192073564,1.5966559648513794,2.464692292719077,2.464437675374166,2.4643762259928557,2.464437675374166,2.4660865098898874
0.4091796875,0.34456847418960945,0.3443549871444702,0.34442412615938467,0.34441577417927377,0.3444084932816045,0.34441577417927377,0.3445664506722956,1.5287230266328842,1.536010503768921,1.5297021595244262,1.5297256803081376,1.5297537014750926,1.5297256803081376,1.5287558109368982,2.4660979192073564,1.598530888557434,2.464692292719077,2.464607420346995,2.464534360826507,2.464607420346995,2.4660799745425623
0.4111328125,0.34456847418960945,0.34917545318603516,0.34442412615938467,0.34443247813949557,0.3444388776747154,0.34443247813949557,0.3445653698669025,1.5287230266328842,1.5339694023132324,1.5297021595244262,1.5296786398814035,1.5296539475767295,1.5296786398814035,1.5287527984942335,2.4660979192073564,1.5992622375488281,2.464692292719077,2.464777165014945,2.46484137215424,2.464777165014945,2.4660691762314606
0.4130859375,0.34456847418960945,0.3535236418247223,0.34442412615938467,0.3444491820997174,0.34445620183429504,0.3444491820997174,0.3445642231853967,1.5287230266328842,1.5325932502746582,1.5297021595244262,1.5296316040170923,1.5296034805714422,1.5296316040170923,1.5287492783661727,2.4660979192073564,1.5985686779022217,2.464692292719077,2.46494690937806,2.465017210262267,2.46494690937806,2.466057717271653
0.4150390625,0.34456847418960945,0.35720646381378174,0.3444906523556344,0.34446803771504153,0.3444664636189888,0.34446803771504153,0.34456349808317344,1.5287230266328842,1.5319504737854004,1.529613830044637,1.529645289546492,1.5296500732249099,1.529645289546492,1.5287490186096295,2.4660979192073564,1.5963160991668701,2.4653669407262235,2.4651383168253664,2.465122453959484,2.4651383168253664,2.46605048406183
0.4169921875,0.34456847418960945,0.36009228229522705,0.3444906523556344,0.3444831141421035,0.34448273507588073,0.3444831141421035,0.3445633370050261,1.5287230266328842,1.5300507545471191,1.529613830044637,1.5296243160863097,1.5296255083227155,1.5296243160863097,1.528754295270105,2.4660979192073564,1.592527985572815,2.4653669407262235,2.4652907327744233,2.465286913545279,2.4652907327744233,2.4660488972192365
0.4189453125,0.34456847418960945,0.36212530732154846,0.3444906523556344,0.34449819056916536,0.3444992731564724,0.34449819056916536,0.3445636466743515,1.5287230266328842,1.5267689228057861,1.529613830044637,1.5296033444618697,1.5296002094183605,1.5296033444618697,1.5287625620277256,2.4660979192073564,1.5892298221588135,2.4653669407262235,2.4654431486628723,2.4654540613677476,2.4654431486628723,2.466052035010141
0.4208984375,0.34456847418960945,0.3633285164833069,0.3444906523556344,0.3445132669962273,0.34451413757119576,0.3445132669962273,0.34456411902915773,1.5287230266328842,1.5230849981307983,1.529613830044637,1.5295823746729296,1.5295795347047023,1.5295823746729296,1.5287713150400992,2.4660979192073564,1.5870956182479858,2.4653669407262235,2.465595564490721,2.465604333838666,2.465595564490721,2.466056805174342
0.4228515625,0.34456847418960945,0.36379849910736084,0.34454473757587994,0.34454473757587994,0.34454473757587994,0.34454473757587994,0.3445642614481198,1.5287230266328842,1.5189634561538696,1.5295343819446612,1.5295343819446612,1.5295343819446612,1.5295343819446612,1.5287755251328938,2.4660979192073564,1.5836948156356812,2.465911619929157,2.465911619929157,2.465911619929157,2.465911619929157,2.4660582649549903
0.4248046875,0.34456847418960945,0.36368945240974426,0.34454473757587994,0.34454473757587994,0.34454473757587994,0.34454473757587994,0.3445640732576118,1.5287230266328842,1.5144058465957642,1.5295343819446612,1.5295343819446612,1.5295343819446612,1.5295343819446612,1.528774409272935,2.4660979192073564,1.5792598724365234,2.465911619929157,2.465911619929157,2.465911619929157,2.465911619929157,2.466056416913296
0.4267578125,0.34456847418960945,0.36319151520729065,0.34454473757587994,0.34454473757587994,0.34454473757587994,0.34454473757587994,0.3445636047657948,1.5287230266328842,1.5094598531723022,1.5295343819446612,1.5295343819446612,1.5295343819446612,1.5295343819446612,1.5287686983042377,2.4660979192073564,1.5741097927093506,2.465911619929157,2.465911619929157,2.465911619929157,2.465911619929157,2.466051762625225
0.4287109375,0.34456847418960945,0.3625045418739319,0.34454473757587994,0.34454473757587994,0.34454473757587994,0.34454473757587994,0.34456315525361325,1.5287230266328842,1.5042271614074707,1.5295343819446612,1.5295343819446612,1.5295343819446612,1.5295343819446612,1.5287617282493817,2.4660979192073564,1.5685920715332031,2.465911619929157,2.465911619929157,2.465911619929157,2.465911619929157,2.4660472897916756
0.4306640625,0.34456847418960945,0.36181432008743286,0.3445760931595841,0.3445760931595841,0.3445760931595841,0.3445760931595841,0.3445630843595242,1.5287230266328842,1.498865008354187,1.5293408628876248,1.5293408628876248,1.5293408628876248,1.5293408628876248,1.5287581635733563,2.4660979192073564,1.5630091428756714,2.466227174835945,2.466227174835945,2.466227174835945,2.466227174835945,2.4660466098930303
0.4326171875,0.34456847418960945,0.3612700402736664,0.3445760931595841,0.3445760931595841,0.3445760931595841,0.3445760931595841,0.3445634274048701,1.5287230266328842,1.4935790300369263,1.5293408628876248,1.5293408628876248,1.5293408628876248,1.5293408628876248,1.5287576045314386,2.4660979192073564,1.5575658082962036,2.466227174835945,2.466227174835945,2.466227174835945,2.466227174835945,2.466050091607882
0.4345703125,0.34456847418960945,0.3609718680381775,0.3445760931595841,0.3445760931595841,0.3445760931595841,0.3445760931595841,0.34456406096102454,1.5287230266328842,1.4886090755462646,1.5293408628876248,1.5293408628876248,1.5293408628876248,1.5293408628876248,1.5287598663516087,2.4660979192073564,1.552341341972351,2.466227174835945,2.466227174835945,2.466227174835945,2.466227174835945,2.4660564812089047
0.4365234375,0.34456847418960945,0.360965371131897,0.3445760931595841,0.3445760931595841,0.3445760931595841,0.3445760931595841,0.3445647715635676,1.5287230266328842,1.4842079877853394,1.5293408628876248,1.5293408628876248,1.5293408628876248,1.5293408628876248,1.5287626427724068,2.4660979192073564,1.5481065511703491,2.466227174835945,2.466227174835945,2.466227174835945,2.466227174835945,2.4660636424340687
0.4384765625,0.34456847418960945,0.3612431585788727,0.34457824569702217,0.34457824569702217,0.34457824569702217,0.34457824569702217,0.34456517898523226,1.5287230266328842,1.4806163311004639,1.5289381049397026,1.5289381049397026,1.5289381049397026,1.5289381049397026,1.5287630554201626,2.4660979192073564,1.5520786046981812,2.4662511946321963,2.4662511946321963,2.4662511946321963,2.4662511946321963,2.466067768764417
0.4404296875,0.34456847418960945,0.3617517948150635,0.34457824569702217,0.34457824569702217,0.34457824569702217,0.34457824569702217,0.34456524077765205,1.5287230266328842,1.4780396223068237,1.5289381049397026,1.5289381049397026,1.5289381049397026,1.5289381049397026,1.5287600378441504,2.4660979192073564,1.5585472583770752,2.4662511946321963,2.4662511946321963,2.4662511946321963,2.4662511946321963,2.4660684281323846
0.4423828125,0.34456847418960945,0.3624036908149719,0.34457824569702217,0.34457824569702217,0.34457824569702217,0.34457824569702217,0.34456499923055434,1.5287230266328842,1.476624846458435,1.5289381049397026,1.5289381049397026,1.5289381049397026,1.5289381049397026,1.5287549205752289,2.4660979192073564,1.5674853324890137,2.4662511946321963,2.4662511946321963,2.4662511946321963,2.4662511946321963,2.4660660594166566
0.4443359375,0.34456847418960945,0.3630877733230591,0.34457824569702217,0.34457824569702217,0.34457824569702217,0.34457824569702217,0.34456467404494695,1.5287230266328842,1.4764471054077148,1.5289381049397026,1.5289381049397026,1.5289381049397026,1.5289381049397026,1.5287492519465065,2.4660979192073564,1.5787934064865112,2.4662511946321963,2.4662511946321963,2.4662511946321963,2.4662511946321963,2.4660628471332937
0.4462890625,0.34456847418960945,0.36211442947387695,0.3445685775609305,0.3445724403016117,0.3445724518600693,0.3445724403016117,0.3445645849354848,1.5287230266328842,1.4774988889694214,1.5285109311701022,1.528656854487196,1.528659096494283,1.528656854487196,1.528746358960359,2.4660979192073564,1.592314600944519,2.466159439358458,2.466196401705405,2.4661964924223785,2.466196401705405,2.466061992948168
0.4482421875,0.34456847418960945,0.3615528345108032,0.3445685775609305,0.34456986514115756,0.3445698648053455,0.34456986514115756,0.34456480170507164,1.5287230266328842,1.4796888828277588,1.5285109311701022,1.528559572639322,1.5285598471457305,1.528559572639322,1.5287462339599556,2.4660979192073564,1.6078541278839111,2.466159439358458,2.4661717604668696,2.4661717540947947,2.4661717604668696,2.4660642101317336
0.4501953125,0.34456847418960945,0.3615351617336273,0.3445685775609305,0.34456728998070346,0.3445672802098557,0.34456728998070346,0.344565245513717,1.5287230266328842,1.4828473329544067,1.5285109311701022,1.5284622893373552,1.5284608739216141,1.5284622893373552,1.528748455617045,2.4660979192073564,1.625196933746338,2.466159439358458,2.4661471179239447,2.4661470359143864,2.4661471179239447,2.466068701902371
0.4521484375,0.34456847418960945,0.3621085584163666,0.3445685775609305,0.3445647148202493,0.34456471336845157,0.3445647148202493,0.3445657755691096,1.5287230266328842,1.4867361783981323,1.5285109311701022,1.5283650045812633,1.5283639034327545,1.5283650045812633,1.528751147655369,2.4660979192073564,1.6441259384155273,2.466159439358458,2.4661224740766006,2.466122471662118,2.4661224740766006,2.4660740583563783
0.4541015625,0.34456847418960945,0.3632155954837799,0.344557644413389,0.344557644413389,0.344557644413389,0.344557644413389,0.3445660700341783,1.5287230266328842,1.4910703897476196,1.5281598393697795,1.5281598393697795,1.5281598393697795,1.5281598393697795,1.5287516922917574,2.4660979192073564,1.6644386053085327,2.466054058369946,2.466054058369946,2.466054058369946,2.466054058369946,2.4660770557524883
0.4560546875,0.34456847418960945,0.36211150884628296,0.344557644413389,0.344557644413389,0.344557644413389,0.344557644413389,0.344566162197271,1.5287230266328842,1.4955388307571411,1.5281598393697795,1.5281598393697795,1.5281598393697795,1.5281598393697795,1.528749466202132,2.4660979192073564,1.6859573125839233,2.466054058369946,2.466054058369946,2.466054058369946,2.466054058369946,2.466078025210261
0.4580078125,0.34456847418960945,0.36061230301856995,0.344557644413389,0.344557644413389,0.344557644413389,0.344557644413389,0.3445660586869897,1.5287230266328842,1.4998284578323364,1.5281598393697795,1.5281598393697795,1.5281598393697795,1.5281598393697795,1.5287449620911233,2.4660979192073564,1.7085343599319458,2.466054058369946,2.466054058369946,2.466054058369946,2.466054058369946,2.4660770418902014
0.4599609375,0.34456847418960945,0.3587702512741089,0.344557644413389,0.344557644413389,0.344557644413389,0.344557644413389,0.3445659662676815,1.5287230266328842,1.5036497116088867,1.5281598393697795,1.5281598393697795,1.5281598393697795,1.5281598393697795,1.5287400126874635,2.4660979192073564,1.7320494651794434,2.466054058369946,2.466054058369946,2.466054058369946,2.466054058369946,2.4660761687249746
0.4619140625,0.34456847418960945,0.3566644489765167,0.3445643403560139,0.3445643403560139,0.3445643403560139,0.3445643403560139,0.3445660515690778,1.5287230266328842,1.5067600011825562,1.5280141464505355,1.5280141464505355,1.5280141464505355,1.5280141464505355,1.5287355813180528,2.4660979192073564,1.7563978433609009,2.4661244416579544,2.4661244416579544,2.4661244416579544,2.4661244416579544,2.466077072688642
0.4638671875,0.34456847418960945,0.3544013500213623,0.3445643403560139,0.3445643403560139,0.3445643403560139,0.3445643403560139,0.3445664077845162,1.5287230266328842,1.5089843273162842,1.5280141464505355,1.5280141464505355,1.5280141464505355,1.5280141464505355,1.5287331081180946,2.4660979192073564,1.7814795970916748,2.4661244416579544,2.4661244416579544,2.4661244416579544,2.4661244416579544,2.4660807141979095
0.4658203125,0.34456847418960945,0.35211196541786194,0.3445643403560139,0.3445643403560139,0.3445643403560139,0.3445643403560139,0.3445669974142894,1.5287230266328842,1.5102357864379883,1.5280141464505355,1.5280141464505355,1.5280141464505355,1.5280141464505355,1.5287324672302114,2.4660979192073564,1.8071709871292114,2.4661244416579544,2.4661244416579544,2.4661244416579544,2.4661244416579544,2.4660866788920908
0.4677734375,0.34456847418960945,0.3499492108821869,0.3445643403560139,0.3445643403560139,0.3445643403560139,0.3445643403560139,0.344567592301245,1.5287230266328842,1.5105292797088623,1.5280141464505355,1.5280141464505355,1.5280141464505355,1.5280141464505355,1.5287324291299398,2.4660979192073564,1.8333162069320679,2.4661244416579544,2.4661244416579544,2.4661244416579544,2.4661244416579544,2.466092696669815
0.4697265625,0.34456847418960945,0.34808075428009033,0.3445836611200859,0.3445749590791254,0.3445749034756572,0.3445749590791254,0.3445680380877715,1.5287230266328842,1.5079467296600342,1.5281240179887108,1.5280488094196993,1.528048460285202,1.5280488094196993,1.528731937227377,2.4660979192073564,1.859715223312378,2.4663234364807547,2.4662338003074336,2.466233224172893,2.4662338003074336,2.466097231413622
0.4716796875,0.34456847418960945,0.3466801941394806,0.3445836611200859,0.34458076043976577,0.34458068054039864,0.34458076043976577,0.3445681895885804,1.5287230266328842,1.500024676322937,1.5281240179887108,1.5280989488877774,1.528098389788342,1.5280989488877774,1.528729172421848,2.4660979192073564,1.8861230611801147,2.4663234364807547,2.466293557842939,2.466292731449019,2.466293557842939,2.466098815839894
0.4736328125,0.34456847418960945,0.34591686725616455,0.3445836611200859,0.3445865618004061,0.34458653118010907,0.3445865618004061,0.34456810088004697,1.5287230266328842,1.4911689758300781,1.5281240179887108,1.5281490866675882,1.5281488484151848,1.5281490866675882,1.5287252935911972,2.4660979192073564,1.9122710227966309,2.4663234364807547,2.466353315031949,2.4663529989476887,2.466353315031949,2.4660979834616263
0.4755859375,0.34456847418960945,0.34594568610191345,0.3445836611200859,0.34459236316104647,0.3445925292841788,0.34459236316104647,0.3445679297079318,1.5287230266328842,1.4815700054168701,1.5281240179887108,1.5281992227592165,1.5282003691523467,1.5281992227592165,1.5287213747842447,2.4660979192073564,1.9378931522369385,2.4663234364807547,2.4664130718744834,2.4664147904704685,2.4664130718744834,2.466096340657896
0.4775390625,0.34456847418960945,0.3468998372554779,0.3446107512411367,0.3446024391553637,0.3446023688008641,0.3446024391553637,0.3445678509479103,1.5287230266328842,1.4714404344558716,1.5284152319551174,1.5283133675459584,1.5283124795920822,1.5283133675459584,1.5287191525071109,2.4660979192073564,1.9627667665481567,2.46660249415695,2.4665166544134256,2.466515918165297,2.4665166544134256,2.4660956098306457
0.4794921875,0.34456847418960945,0.3488835394382477,0.3446107512411367,0.34460798054587904,0.3446080071452866,0.34460798054587904,0.3445679706089839,1.5287230266328842,1.4610081911087036,1.5284152319551174,1.528381277698067,1.5283816098547487,1.528381277698067,1.5287190608481218,2.4660979192073564,1.9867514371871948,2.46660249415695,2.4665738810680304,2.466574158088638,2.4665738810680304,2.466096874693508
0.4814453125,0.34456847418960945,0.3519686758518219,0.3446107512411367,0.3446135219363944,0.34461354944863415,0.3446135219363944,0.34456823231315015,1.5287230266328842,1.4505090713500977,1.5284152319551174,1.528449185666183,1.5284495325920573,1.528449185666183,1.5287206341649742,2.4660979192073564,2.00982403755188,2.46660249415695,2.4666311070869527,2.466631394883157,2.4666311070869527,2.466099567932577
0.4833984375,0.34456847418960945,0.35619035363197327,0.3446107512411367,0.3446190633269097,0.344619079569762,0.3446190633269097,0.3445685674841181,1.5287230266328842,1.440179467201233,1.5284152319551174,1.528517091450412,1.5285173002692274,1.528517091450412,1.5287226985518463,2.4660979192073564,2.0320818424224854,2.46660249415695,2.4666883324702216,2.4666885038859974,2.4666883324702216,2.466103000079213
0.4853515625,0.34456847418960945,0.36154478788375854,0.3446279922442087,0.3446279922442087,0.3446279922442087,0.3446279922442087,0.3445687428754305,1.5287230266328842,1.4302470684051514,1.5286672920155053,1.5286672920155053,1.5286672920155053,1.5286672920155053,1.528723363537161,2.4660979192073564,2.0537335872650146,2.466781246097505,2.466781246097505,2.466781246097505,2.466781246097505,2.466104839827697
0.4873046875,0.34456847418960945,0.367986798286438,0.3446279922442087,0.3446279922442087,0.3446279922442087,0.3446279922442087,0.3445687783174694,1.5287230266328842,1.420920491218567,1.5286672920155053,1.5286672920155053,1.5286672920155053,1.5286672920155053,1.5287222439020574,2.4660979192073564,2.0750515460968018,2.466781246097505,2.466781246097505,2.466781246097505,2.466781246097505,2.4661052662970007
0.4892578125,0.34456847418960945,0.37542641162872314,0.3446279922442087,0.3446279922442087,0.3446279922442087,0.3446279922442087,0.34456867783894846,1.5287230266328842,1.4123759269714355,1.5286672920155053,1.5286672920155053,1.5286672920155053,1.5286672920155053,1.528719824440484,2.4660979192073564,2.0963239669799805,2.466781246097505,2.466781246097505,2.466781246097505,2.466781246097505,2.4661043412803236
0.4912109375,0.34456847418960945,0.3837265968322754,0.3446279922442087,0.3446279922442087,0.3446279922442087,0.3446279922442087,0.3445685472616898,1.5287230266328842,1.404746174812317,1.5286672920155053,1.5286672920155053,1.5286672920155053,1.5286672920155053,1.528716841762151,2.4660979192073564,2.1177992820739746,2.466781246097505,2.466781246097505,2.466781246097505,2.466781246097505,2.466103121502526
0.4931640625,0.34456847418960945,0.39270201325416565,0.3446235462335161,0.3446235462335161,0.3446235462335161,0.3446235462335161,0.34456854267384973,1.5287230266328842,1.3981112241744995,1.5287572014482793,1.5287572014482793,1.5287572014482793,1.5287572014482793,1.5287146845000399,2.4660979192073564,2.139648675918579,2.466742435109095,2.466742435109095,2.466742435109095,2.466742435109095,2.4661031316211215
0.4951171875,0.34456847418960945,0.402118980884552,0.3446235462335161,0.3446235462335161,0.3446235462335161,0.3446235462335161,0.3445687163320992,1.5287230266328842,1.3924905061721802,1.5287572014482793,1.5287572014482793,1.5287572014482793,1.5287572014482793,1.5287133095800378,2.4660979192073564,2.1619455814361572,2.466742435109095,2.466742435109095,2.466742435109095,2.466742435109095,2.4661049701162723
0.4970703125,0.34456847418960945,0.41170087456703186,0.3446235462335161,0.3446235462335161,0.3446235462335161,0.3446235462335161,0.3445690679744289,1.5287230266328842,1.3878415822982788,1.5287572014482793,1.5287572014482793,1.5287572014482793,1.5287572014482793,1.5287128167806199,2.4660979192073564,2.184656858444214,2.466742435109095,2.466742435109095,2.466742435109095,2.466742435109095,2.4661085726778773
0.4990234375,0.34456847418960945,0.4211389422416687,0.3446235462335161,0.3446235462335161,0.3446235462335161,0.3446235462335161,0.3445694937154356,1.5287230266328842,1.3840620517730713,1.5287572014482793,1.5287572014482793,1.5287572014482793,1.5287572014482793,1.5287122473247685,2.4660979192073564,2.2076563835144043,2.466742435109095,2.466742435109095,2.466742435109095,2.466742435109095,2.466112924355351
0.5009765625,0.34456847418960945,0.4647250771522522,0.34460493500931755,0.3446143877560235,0.3446143878588732,0.3446143877560235,0.3445698447775796,1.5287230266328842,1.2816646099090576,1.5286907113355752,1.52874095013564,1.5287409505232787,1.52874095013564,1.5287111319534985,2.4660979192073564,1.6120132207870483,2.466566055240085,2.466657030972124,2.4666570319532575,2.466657030972124,2.466116491952712
0.5029296875,0.34456847418960945,0.4692397117614746,0.34460493500931755,0.3446080859248862,0.3446080860893838,0.3446080859248862,0.34456999960617146,1.5287230266328842,1.285541296005249,1.5286907113355752,1.5287074579085018,1.5287074586238028,1.5287074579085018,1.528709287889565,2.4660979192073564,1.6365430355072021,2.466566055240085,2.4665963805227547,2.4665963820972063,2.4665963805227547,2.46611821440027
0.5048828125,0.34456847418960945,0.47278568148612976,0.34460493500931755,0.3446017840937489,0.3446017843198944,0.3446017840937489,0.3445699742499657,1.5287230266328842,1.2900794744491577,1.5286907113355752,1.5286739644563991,1.5286739654993862,1.5286739644563991,1.528706609866463,2.4660979192073564,1.6602931022644043,2.466566055240085,2.466535729918758,2.4665357320865304,2.466535729918758,2.466118009176718
0.5068359375,0.34456847418960945,0.47525638341903687,0.34460493500931755,0.3445954822626116,0.34459548176911875,0.3445954822626116,0.3445698153416914,1.5287230266328842,1.2948646545410156,1.5286907113355752,1.5286404697792662,1.5286404676331893,1.5286404697792662,1.5287042595474272,2.4660979192073564,1.6831578016281128,2.466566055240085,2.4664750791601233,2.4664750744367487,2.4664750791601233,2.466116503271171
0.5087890625,0.34456847418960945,0.47663673758506775,0.3445731315844177,0.3445840567218413,0.34458438403039854,0.3445840567218413,0.34456972631152927,1.5287230266328842,1.2994747161865234,1.5284892388286426,1.5285622738448803,1.5285639959734214,1.5285622738448803,1.5287036267767342,2.4660979192073564,1.7050929069519043,2.466257227784506,2.466362955154471,2.4663660703727968,2.466362955154471,2.466115727524429
0.5107421875,0.34456847418960945,0.4770123362541199,0.3445731315844177,0.34457677329689224,0.34457682841799564,0.34457677329689224,0.34456964038103866,1.5287230266328842,1.3035087585449219,1.5284892388286426,1.5285135843486433,1.5285138577516426,1.5285135843486433,1.528704683710048,2.4660979192073564,1.7261335849761963,2.466257227784506,2.4662924703228515,2.4662929930836253,2.4662924703228515,2.4661149987200197
0.5126953125,0.34456847418960945,0.47655704617500305,0.3445731315844177,0.3445694898719432,0.344569268521169,0.3445694898719432,0.34456964602735124,1.5287230266328842,1.3066139221191406,1.5284892388286426,1.5284648927940325,1.5284636934664801,1.5284648927940325,1.5287070531213323,2.4660979192073564,1.7463871240615845,2.466257227784506,2.466221985164467,2.4662198745217365,2.466221985164467,2.4661151361946043
0.5146484375,0.34456847418960945,0.47549664974212646,0.3445731315844177,0.34456220644699415,0.3445620453681077,0.34456220644699415,0.3445696677746368,1.5287230266328842,1.3085144758224487,1.5284892388286426,1.5284161991809186,1.5284154027556354,1.5284161991809186,1.5287096912800824,2.4660979192073564,1.766019344329834,2.466257227784506,2.4661514996792975,2.46614997231228,2.4661514996792975,2.466115441970679
0.5166015625,0.34456847418960945,0.4740641117095947,0.3445466676097251,0.3445496599353727,0.3445496156713757,0.3445496599353727,0.34456967240177594,1.5287230266328842,1.309037208557129,1.5283011830511553,1.528296975855291,1.5282970380897312,1.528296975855291,1.5287116312927962,2.4660979192073564,1.7852250337600708,2.466002174333625,2.4660263365557267,2.466025979135914,2.4660263365557267,2.4661156132191056
0.5185546875,0.34456847418960945,0.4724559783935547,0.3445466676097251,0.3445476650516076,0.34454765029694195,0.3445476650516076,0.3445695598550804,1.5287230266328842,1.3081281185150146,1.5283011830511553,1.5282997806444143,1.528299801389466,1.5282997806444143,1.5287120634827065,2.4660979192073564,1.8041905164718628,2.466002174333625,2.4660102284079297,2.4660101092679843,2.4660102284079297,2.466114644069524
0.5205078125,0.34456847418960945,0.47080203890800476,0.3445466676097251,0.34454567016784254,0.3445456849225082,0.34454567016784254,0.34456944159606995,1.5287230266328842,1.3058569431304932,1.5283011830511553,1.528302585466016,1.5283025647207258,1.528302585466016,1.5287109860198584,2.4660979192073564,1.8230608701705933,2.466002174333625,2.465994120259049,2.465994239399002,2.465994120259049,2.4661135816761615
0.5224609375,0.34456847418960945,0.46915382146835327,0.3445466676097251,0.3445436752840775,0.34454371954807445,0.3445436752840775,0.34456934519928784,1.5287230266328842,1.302411437034607,1.5283011830511553,1.5283053903200976,1.5283053280835113,1.5283053903200976,1.5287092115901082,2.4660979192073564,1.841910481452942,2.466002174333625,2.4659780121090837,2.4659783695289685,2.4659780121090837,2.46611272860868
0.5244140625,0.34456847418960945,0.46749424934387207,0.34454267784219494,0.34454267784219494,0.34454267784219494,0.34454267784219494,0.3445693697543632,1.5287230266328842,1.298078179359436,1.5283067927593181,1.5283067927593181,1.5283067927593181,1.5283067927593181,1.5287074644522372,2.4660979192073564,1.8607298135757446,2.4659699580336945,2.4659699580336945,2.4659699580336945,2.4659699580336945,2.4661130556687376
0.5263671875,0.34456847418960945,0.46576547622680664,0.34454267784219494,0.34454267784219494,0.34454267784219494,0.34454267784219494,0.34456948952711663,1.5287230266328842,1.2932111024856567,1.5283067927593181,1.5283067927593181,1.5283067927593181,1.5283067927593181,1.5287062809417056,2.4660979192073564,1.8794207572937012,2.4659699580336945,2.4659699580336945,2.4659699580336945,2.4659699580336945,2.466114433939952
0.5283203125,0.34456847418960945,0.463911771774292,0.34454267784219494,0.34454267784219494,0.34454267784219494,0.34454267784219494,0.3445696896759831,1.5287230266328842,1.2882003784179688,1.5283067927593181,1.5283067927593181,1.5283067927593181,1.5283067927593181,1.5287058950788597,2.4660979192073564,1.8978071212768555,2.4659699580336945,2.4659699580336945,2.4659699580336945,2.4659699580336945,2.4661165659149513
0.5302734375,0.34456847418960945,0.4619230329990387,0.34454267784219494,0.34454267784219494,0.34454267784219494,0.34454267784219494,0.34456988554666124,1.5287230266328842,1.2834314107894897,1.5283067927593181,1.5283067927593181,1.5283067927593181,1.5283067927593181,1.5287061083251734,2.4660979192073564,1.9156509637832642,2.4659699580336945,2.4659699580336945,2.4659699580336945,2.4659699580336945,2.466118678391313
0.5322265625,0.34456847418960945,0.4598667323589325,0.3445515941657751,0.3445452479953198,0.3445452436731126,0.3445452479953198,0.3445700025097608,1.5287230266328842,1.279253602027893,1.5283968065540685,1.5283383379834383,1.5283382444144946,1.5283383379834383,1.528706326132718,2.4660979192073564,1.932680368423462,2.466068760877021,2.4660013448129576,2.466001274014761,2.4660013448129576,2.466120008443839
0.5341796875,0.34456847418960945,0.4578966796398163,0.3445515941657751,0.3445494787756233,0.34454941661390576,0.3445494787756233,0.3445699521114816,1.5287230266328842,1.2759501934051514,1.5283968065540685,1.52837731726984,1.5283766908184169,1.52837731726984,1.5287062546046297,2.4660979192073564,1.9486088752746582,2.466068760877021,2.466046288908016,2.466045603675555,2.466046288908016,2.4661195893025916
0.5361328125,0.34456847418960945,0.4562368094921112,0.3445515941657751,0.34455370955592685,0.34455358955469895,0.34455370955592685,0.34456977177885717,1.5287230266328842,1.2737181186676025,1.5283968065540685,1.5284162955989875,1.528415136291079,1.5284162955989875,1.5287063139397423,2.4660979192073564,1.9631640911102295,2.466068760877021,2.4660912327936777,2.46608993313264,2.4660912327936777,2.4661179647923186
0.5380859375,0.34456847418960945,0.4551471173763275,0.3445515941657751,0.34455794033623033,0.344558126821383,0.34455794033623033,0.3445694476314193,1.5287230266328842,1.2726566791534424,1.5283968065540685,1.5284552729709155,1.5284571522354846,1.5284552729709155,1.5287071085762698,2.4660979192073564,1.9761104583740234,2.466068760877021,2.466136176469951,2.4661382321468164,2.466136176469951,2.466114915353721
0.5400390625,0.34456847418960945,0.4548856019973755,0.34457652408462286,0.34456805414107283,0.34456694380287606,0.34456805414107283,0.3445691236849534,1.5287230266328842,1.2727659940719604,1.528618605673664,1.5285444565095003,1.5285354089277707,1.5285444565095003,1.5287088213814848,2.4660979192073564,1.9872628450393677,2.466329506287039,2.4662396371327326,2.466227366427116,2.4662396371327326,2.466111820775516
0.5419921875,0.34456847418960945,0.45567646622657776,0.34457652408462286,0.3445737007701062,0.3445732360086377,0.3445737007701062,0.3445688666461106,1.5287230266328842,1.2739521265029907,1.528618605673664,1.528593889690644,1.5285900882476933,1.528593889690644,1.5287113263029426,2.4660979192073564,1.9964979887008667,2.466329506287039,2.4662995499864695,2.4662944243133804,2.4662995499864695,2.466109382069946
0.5439453125,0.34456847418960945,0.45768558979034424,0.34457652408462286,0.34457934739913954,0.34458025983212903,0.34457934739913954,0.34456869355095515,1.5287230266328842,1.2760413885116577,1.528618605673664,1.5286433212516624,1.5286508385856274,1.5286433212516624,1.5287142694006484,2.4660979192073564,2.0037593841552734,2.466329506287039,2.4663594625034113,2.466369485656962,2.4663594625034113,2.4661078349059253
0.5458984375,0.34456847418960945,0.46100708842277527,0.34457652408462286,0.3445849940281729,0.34458565669484864,0.3445849940281729,0.3445685803314157,1.5287230266328842,1.2787991762161255,1.528618605673664,1.5286927511926354,1.5286980818924338,1.5286927511926354,1.528717027387149,2.4660979192073564,2.009051561355591,2.466329506287039,2.466419374683576,2.4664267477107407,2.466419374683576,2.46610691470962
0.5478515625,0.34456847418960945,0.4656520485877991,0.344596767198042,0.3445945666963648,0.34459457733048715,0.3445945666963648,0.3445684836171771,1.5287230266328842,1.2819541692733765,1.5287922648871346,1.5288013424368085,1.528801298568454,1.5288013424368085,1.5287190047556953,2.4660979192073564,2.0124261379241943,2.4665480623241485,2.466513760441624,2.466513926208585,2.466513760441624,2.4661061417247465
0.5498046875,0.34456847418960945,0.4715457558631897,0.344596767198042,0.34459603369748293,0.3445960372421904,0.34459603369748293,0.34456836938120117,1.5287230266328842,1.2852245569229126,1.5287922648871346,1.5287952907241444,1.5287952761014838,1.5287952907241444,1.5287199482862102,2.4660979192073564,2.013972759246826,2.4665480623241485,2.466536628364569,2.4665366836202107,2.466536628364569,2.466105192973832
0.5517578125,0.34456847418960945,0.47853097319602966,0.344596767198042,0.34459750069860107,0.3445974971538936,0.34459750069860107,0.34456819936622646,1.5287230266328842,1.288344144821167,1.5287922648871346,1.5287892390630062,1.5287892536855427,1.5287892390630062,1.5287199346803995,2.4660979192073564,2.013798713684082,2.4665480623241485,2.466559496282466,2.4665594410268366,2.466559496282466,2.466103664007155
0.5537109375,0.34456847418960945,0.4863758683204651,0.344596767198042,0.3445989676997192,0.34459895706559684,0.3445989676997192,0.3445680300163927,1.5287230266328842,1.2910840511322021,1.5287922648871346,1.5287831874533937,1.5287832313206304,1.5287831874533937,1.5287194591320241,2.4660979192073564,2.012024402618408,2.4665480623241485,2.466582364195315,2.4665821984284637,2.466582364195315,2.4661022505005117
0.5556640625,0.34456847418960945,0.49478572607040405,0.3445997012002783,0.3445997012002783,0.3445997012002783,0.3445997012002783,0.34456792904160694,1.5287230266328842,1.2932668924331665,1.528780161667909,1.528780161667909,1.528780161667909,1.528780161667909,1.5287190074809303,2.4660979192073564,2.008776903152466,2.4665937981498467,2.4665937981498467,2.4665937981498467,2.4665937981498467,2.466101499825272
0.5576171875,0.34456847418960945,0.5034170150756836,0.3445997012002783,0.3445997012002783,0.3445997012002783,0.3445997012002783,0.34456796645011456,1.5287230266328842,1.2947719097137451,1.528780161667909,1.528780161667909,1.528780161667909,1.528780161667909,1.5287186096123213,2.4660979192073564,2.004204511642456,2.4665937981498467,2.4665937981498467,2.4665937981498467,2.4665937981498467,2.466101998944571
0.5595703125,0.34456847418960945,0.5111082792282104,0.3445997012002783,0.3445997012002783,0.3445997012002783,0.3445997012002783,0.3445680702563035,1.5287230266328842,1.2955358028411865,1.528780161667909,1.528780161667909,1.528780161667909,1.528780161667909,1.5287183072786916,2.4660979192073564,1.9984848499298096,2.4665937981498467,2.4665937981498467,2.4665937981498467,2.4665937981498467,2.4661033109978914
0.5615234375,0.34456847418960945,0.5109045505523682,0.3445997012002783,0.3445997012002783,0.3445997012002783,0.3445997012002783,0.34456823304598033,1.5287230266328842,1.2955433130264282,1.528780161667909,1.528780161667909,1.528780161667909,1.528780161667909,1.528717832175297,2.4660979192073564,1.9918466806411743,2.4665937981498467,2.4665937981498467,2.4665937981498467,2.4665937981498467,2.466105256366747
0.5634765625,0.34456847418960945,0.5103026628494263,0.34459152922086866,0.34459713935611,0.3445971393122157,0.34459713935611,0.3445683907770934,1.5287230266328842,1.2948205471038818,1.5286768150278514,1.5287393240950138,1.5287393236462523,1.5287393240950138,1.5287172673786702,2.4660979192073564,1.9845768213272095,2.466529966525003,2.466578849418299,2.4665788489813236,2.466578849418299,2.466106924595014
0.5654296875,0.34456847418960945,0.5094096660614014,0.34459152922086866,0.3445933992659491,0.34459339933777433,0.3445933992659491,0.3445684017177111,1.5287230266328842,1.2934238910675049,1.5286768150278514,1.5286976516097224,1.528697652450324,1.5286976516097224,1.5287166424316974,2.4660979192073564,1.977016568183899,2.466529966525003,2.466546260882611,2.466546261453937,2.466546260882611,2.4661075667657144
0.5673828125,0.34456847418960945,0.5083460807800293,0.34459152922086866,0.3445896591757882,0.34458965936333297,0.3445896591757882,0.3445683217355153,1.5287230266328842,1.2914314270019531,1.5286768150278514,1.5286559782198252,1.5286559803498463,1.5286559782198252,1.5287162980712277,2.4660979192073564,1.96955144405365,2.466529966525003,2.466513672107551,2.466513673687191,2.466513672107551,2.4661068487449884
0.5693359375,0.34456847418960945,0.5072319507598877,0.34459152922086866,0.3445859190856273,0.3445859188701516,0.3445859190856273,0.34456814924417406,1.5287230266328842,1.288936972618103,1.5286768150278514,1.5286143039252933,1.5286143014033815,1.5286143039252933,1.5287165824773028,2.4660979192073564,1.962588906288147,2.466529966525003,2.466481083093109,2.4664810813791047,2.466481083093109,2.466105460041355
0.5712890625,0.34456847418960945,0.5061737298965454,0.3445697804789909,0.3445778219752502,0.3445780177738435,0.3445778219752502,0.3445678848921967,1.5287230266328842,1.2860400676727295,1.5284467624799416,1.5285284729327082,1.5285306294458965,1.5285284729327082,1.5287178436625648,2.4660979192073564,1.9565268754959106,2.4663330850382508,2.466404527113469,2.46640610862735,2.466404527113469,2.4661031894379164
0.5732421875,0.34456847418960945,0.5052517056465149,0.3445697804789909,0.344572460977744,0.3445725506457255,0.344572460977744,0.344567630117425,1.5287230266328842,1.2828415632247925,1.5284467624799416,1.5284739997212917,1.5284749819931704,1.5284739997212917,1.528720047112937,2.4660979192073564,1.951722502708435,2.4663330850382508,2.4663568991655724,2.4663576285088062,2.4663568991655724,2.4661009102095726
0.5751953125,0.34456847418960945,0.5045117735862732,0.3445697804789909,0.34456709998023777,0.34456693464089405,0.34456709998023777,0.3445674472129552,1.5287230266328842,1.2794370651245117,1.5284467624799416,1.528419524814817,1.5284177256300946,1.528419524814817,1.5287224362594856,2.4660979192073564,1.9484672546386719,2.4663330850382508,2.4663092708086785,2.4663079145214657,2.4663092708086785,2.4660993498088475
0.5771484375,0.34456847418960945,0.5039610266685486,0.3445697804789909,0.34456173898273157,0.3445616188555006,0.34456173898273157,0.34456734433364106,1.5287230266328842,1.2759144306182861,1.5284467624799416,1.5283650482132036,1.5283637084117363,1.5283650482132036,1.5287242191588928,2.4660979192073564,1.946961522102356,2.4663330850382508,2.4662616420427685,2.4662606874223147,2.4662616420427685,2.4660986620424863
0.5791015625,0.34456847418960945,0.5035650730133057,0.344548641240819,0.3445505040433583,0.34455040260850955,0.3445505040433583,0.34456731177206956,1.5287230266328842,1.2723500728607178,1.528241017674284,1.5282701520374393,1.5282685655973574,1.5282701520374393,1.5287252418809523,2.4660979192073564,1.947304606437683,2.466148940400291,2.466147999323108,2.4661480505704247,2.466147999323108,2.4660987907182275
0.5810546875,0.34456847418960945,0.5032532811164856,0.344548641240819,0.34454926217499876,0.34454922836338253,0.34454926217499876,0.3445672537850303,1.5287230266328842,1.2688074111938477,1.528241017674284,1.5282507291636724,1.5282502003466034,1.5282507291636724,1.5287252532095863,2.4660979192073564,1.9494904279708862,2.466148940400291,2.4661486267208943,2.4661486438019566,2.4661486267208943,2.4660985036184044
0.5830078125,0.34456847418960945,0.5029256939888,0.344548641240819,0.3445480203066393,0.3445480541182555,0.3445480203066393,0.3445672048243266,1.5287230266328842,1.2653346061706543,1.528241017674284,1.5282313061498922,1.5282318349706696,1.5282313061498922,1.5287245198492965,2.4660979192073564,1.9534144401550293,2.466148940400291,2.4661492540666887,2.466149236987004,2.4661492540666887,2.46609863537829
0.5849609375,0.34456847418960945,0.5024660229682922,0.344548641240819,0.34454677843827974,0.3445468798731285,0.34454677843827974,0.3445672217221536,1.5287230266328842,1.2619644403457642,1.528241017674284,1.5282118829960971,1.528213469469554,1.5282118829960971,1.5287229520087429,2.4660979192073564,1.9588916301727295,2.466148940400291,2.4661498813604896,2.466149830125566,2.4661498813604896,2.4660990374786795
0.5869140625,0.34456847418960945,0.5017567873001099,0.3445461575041,0.3445461575041,0.3445461575041,0.3445461575041,0.3445672556200513,1.5287230266328842,1.2587116956710815,1.5282021713666938,1.5282021713666938,1.5282021713666938,1.5282021713666938,1.528721353650947,2.4660979192073564,1.9656777381896973,2.4661501949878923,2.4661501949878923,2.4661501949878923,2.4661501949878923,2.4660998144378734
0.5888671875,0.34456847418960945,0.5006935000419617,0.3445461575041,0.3445461575041,0.3445461575041,0.3445461575041,0.34456730164112614,1.5287230266328842,1.2577556371688843,1.5282021713666938,1.5282021713666938,1.5282021713666938,1.5282021713666938,1.5287202539956237,2.4660979192073564,1.9734972715377808,2.4661501949878923,2.4661501949878923,2.4661501949878923,2.4661501949878923,2.4661008396333157
0.5908203125,0.34456847418960945,0.4991995692253113,0.3445461575041,0.3445461575041,0.3445461575041,0.3445461575041,0.34456736591125225,1.5287230266328842,1.2608064413070679,1.5282021713666938,1.5282021713666938,1.5282021713666938,1.5282021713666938,1.528719848995547,2.4660979192073564,1.982068419456482,2.4661501949878923,2.4661501949878923,2.4661501949878923,2.4661501949878923,2.4661017963564356
0.5927734375,0.34456847418960945,0.49723419547080994,0.3445461575041,0.3445461575041,0.3445461575041,0.3445461575041,0.3445673565980327,1.5287230266328842,1.2638640403747559,1.5282021713666938,1.5282021713666938,1.5282021713666938,1.5282021713666938,1.5287202018787092,2.4660979192073564,1.9911308288574219,2.4661501949878923,2.4661501949878923,2.4661501949878923,2.4661501949878923,2.4661025958191756
0.5947265625,0.34456847418960945,0.4947974979877472,0.344550266255761,0.3445471846920153,0.3445470831578898,0.3445471846920153,0.34456734412973095,1.5287230266328842,1.2667771577835083,1.528270115845359,1.5282191576382806,1.5282182266841204,1.5282191576382806,1.5287205170882774,2.4660979192073564,2.000460386276245,2.466230583048632,2.4661764390564738,2.4661753486755265,2.4661764390564738,2.466102816427261
0.5966796875,0.34456847418960945,0.4919312298297882,0.344550266255761,0.34454923906784574,0.3445490085315111,0.34454923906784574,0.34456721539311197,1.5287230266328842,1.2694083452224731,1.528270115845359,1.5282531298776125,1.5282500657015723,1.5282531298776125,1.528721386421804,2.4660979192073564,2.009891986846924,2.466230583048632,2.4662125350910102,2.4662091781091227,2.4662125350910102,2.4661020422394104
0.5986328125,0.34456847418960945,0.4887154996395111,0.344550266255761,0.3445512934436763,0.34455093390513253,0.3445512934436763,0.34456696343109944,1.5287230266328842,1.2716461420059204,1.528270115845359,1.5282871017118276,1.5282819043631872,1.5282871017118276,1.5287226030038439,2.4660979192073564,2.0193238258361816,2.466230583048632,2.46624863096649,2.4662430074030097,2.46624863096649,2.466100226086105
0.6005859375,0.34456847418960945,0.48526379466056824,0.344550266255761,0.34455334781950675,0.34455403942851065,0.34455334781950675,0.3445666749654549,1.5287230266328842,1.273410677909851,1.528270115845359,1.5283210731409334,1.528330265398452,1.5283210731409334,1.5287238681965112,2.4660979192073564,2.0287251472473145,2.466230583048632,2.466284726682914,2.4662947975347365,2.466284726682914,2.466098024015295
0.6025390625,0.34456847418960945,0.4817153215408325,0.34456755855268073,0.34456208734344695,0.344561964529668,0.34456208734344695,0.3445664117938958,1.5287230266328842,1.274658441543579,1.5284756929868168,1.5284002874117786,1.5283966363055543,1.5284002874117786,1.5287251561910444,2.4660979192073564,2.038134813308716,2.4664362696950017,2.4663636740694885,2.4663604022836694,2.4663636740694885,2.4660960181336744
0.6044921875,0.34456847418960945,0.47822678089141846,0.34456755855268073,0.34456573481626945,0.34456569426450306,0.34456573481626945,0.34456620524577136,1.5287230266328842,1.2753833532333374,1.5284756929868168,1.5284505580612116,1.5284493499999752,1.5284505580612116,1.528726462181864,2.4660979192073564,2.0476574897766113,2.4664362696950017,2.4664120712402386,2.4664109888237244,2.4664120712402386,2.466094630182847
0.6064453125,0.34456847418960945,0.4749623239040375,0.34456755855268073,0.344569382289092,0.3445694924237304,0.344569382289092,0.3445660599421796,1.5287230266328842,1.275614857673645,1.5284756929868168,1.528500827646354,1.5285036492828992,1.528500827646354,1.52872768382492,2.4660979192073564,2.0574495792388916,2.4664362696950017,2.466460468062691,2.466463022648109,2.466460468062691,2.466093953874565
0.6083984375,0.34456847418960945,0.4720821678638458,0.34456755855268073,0.3445730297619145,0.34457308299282147,0.3445730297619145,0.3445659584516502,1.5287230266328842,1.275414228439331,1.5284756929868168,1.5285510961672413,1.5285531335343265,1.5285510961672413,1.5287286982757347,2.4660979192073564,2.0677006244659424,2.4664362696950017,2.466508864536855,2.466510664078838,2.466508864536855,2.4660937696689293
0.6103515625,0.34456847418960945,0.469733864068985,0.3445794460383411,0.3445794460383411,0.3445794460383411,0.3445794460383411,0.3445658708331535,1.5287230266328842,1.2748692035675049,1.5286722760614226,1.5286722760614226,1.5286722760614226,1.5286722760614226,1.5287294078048297,2.4660979192073564,2.07861328125,2.4666177578772697,2.4666177578772697,2.4666177578772697,2.4666177578772697,2.466093754063113
0.6123046875,0.34456847418960945,0.4680424630641937,0.3445794460383411,0.3445794460383411,0.3445794460383411,0.3445794460383411,0.3445657467029343,1.5287230266328842,1.2740883827209473,1.5286722760614226,1.5286722760614226,1.5286722760614226,1.5286722760614226,1.5287297225953054,2.4660979192073564,2.0903778076171875,2.4666177578772697,2.4666177578772697,2.4666177578772697,2.4666177578772697,2.4660934506153613
0.6142578125,0.34456847418960945,0.4671047031879425,0.3445794460383411,0.3445794460383411,0.3445794460383411,0.3445794460383411,0.3445655974100563,1.5287230266328842,1.2731926441192627,1.5286722760614226,1.5286722760614226,1.5286722760614226,1.5286722760614226,1.528729549289069,2.4660979192073564,2.103142738342285,2.4666177578772697,2.4666177578772697,2.4666177578772697,2.4666177578772697,2.466092960784289
0.6162109375,0.34456847418960945,0.46698448061943054,0.3445794460383411,0.3445794460383411,0.3445794460383411,0.3445794460383411,0.3445654483776911,1.5287230266328842,1.2723044157028198,1.5286722760614226,1.5286722760614226,1.5286722760614226,1.5286722760614226,1.5287289814281937,2.4660979192073564,2.116990089416504,2.4666177578772697,2.4666177578772697,2.4666177578772697,2.4666177578772697,2.466092664384764
0.6181640625,0.34456847418960945,0.46771129965782166,0.3445683842125649,0.3445683842125649,0.3445683842125649,0.3445683842125649,0.3445653685736959,1.5287230266328842,1.271537184715271,1.5287176193537304,1.5287176193537304,1.5287176193537304,1.5287176193537304,1.5287278832904543,2.4660979192073564,2.1319172382354736,2.466620452550678,2.466620452550678,2.466620452550678,2.466620452550678,2.4660931133057513
0.6201171875,0.34456847418960945,0.4692811965942383,0.3445683842125649,0.3445683842125649,0.3445683842125649,0.3445683842125649,0.3445653963026839,1.5287230266328842,1.2709835767745972,1.5287176193537304,1.5287176193537304,1.5287176193537304,1.5287176193537304,1.5287264127521223,2.4660979192073564,2.14782452583313,2.466620452550678,2.466620452550678,2.466620452550678,2.466620452550678,2.4660944739729214
0.6220703125,0.34456847418960945,0.47165730595588684,0.3445683842125649,0.3445683842125649,0.3445683842125649,0.3445683842125649,0.34456544956014024,1.5287230266328842,1.2707058191299438,1.5287176193537304,1.5287176193537304,1.5287176193537304,1.5287176193537304,1.5287249403182264,2.4660979192073564,2.1645026206970215,2.466620452550678,2.466620452550678,2.466620452550678,2.466620452550678,2.4660964515632586
0.6240234375,0.34456847418960945,0.4693593680858612,0.3445683842125649,0.3445683842125649,0.3445683842125649,0.3445683842125649,0.34456547796516573,1.5287230266328842,1.2707297801971436,1.5287176193537304,1.5287176193537304,1.5287176193537304,1.5287176193537304,1.5287238429896255,2.4660979192073564,2.181638479232788,2.466620452550678,2.466620452550678,2.466620452550678,2.466620452550678,2.466098224813024
0.6259765625,0.34456847418960945,0.46662357449531555,0.3445302903356053,0.3445482048658044,0.3445482049257676,0.3445482048658044,0.34456542793393874,1.5287230266328842,1.2710434198379517,1.5286773036059487,1.5287132683528386,1.5287132684995561,1.5287132683528386,1.5287236704166658,2.4660979192073564,2.198817014694214,2.466533887590142,2.466590624845046,2.4665906251472123,2.466590624845046,2.4660994599834365
0.6279296875,0.34456847418960945,0.46386319398880005,0.3445302903356053,0.34453626184567165,0.34453626202694576,0.34453626184567165,0.3445653226483628,1.5287230266328842,1.2716004848480225,1.5286773036059487,1.5286892922704731,1.5286892926607447,1.5286892922704731,1.5287233619920948,2.4660979192073564,2.215533494949341,2.466533887590142,2.46655280002825,2.466552800714622,2.46655280002825,2.466099638925442
0.6298828125,0.34456847418960945,0.46114468574523926,0.3445302903356053,0.3445243188255389,0.344524319128124,0.3445243188255389,0.3445650855889238,1.5287230266328842,1.2723268270492554,1.5286773036059487,1.5286653145258344,1.5286653151596943,1.5286653145258344,1.528723703427389,2.4660979192073564,2.2312123775482178,2.466533887590142,2.4665149751322257,2.4665149762028045,2.4665149751322257,2.466099063197234
0.6318359375,0.34456847418960945,0.45853903889656067,0.3445302903356053,0.34451237580540617,0.3445123752615838,0.34451237580540617,0.34456466859085,1.5287230266328842,1.2731269598007202,1.5286773036059487,1.528641335118749,1.5286413339477767,1.528641335118749,1.5287250517178366,2.4660979192073564,2.245241641998291,2.466533887590142,2.4664771501569644,2.466477148097841,2.4664771501569644,2.466097003210132
0.6337890625,0.34456847418960945,0.45612019300460815,0.3444728400515031,0.34449042086450277,0.3444914378588035,0.34449042086450277,0.34456426652872707,1.5287230266328842,1.273891806602478,1.5285257765872224,1.528583452665514,1.528586363104705,1.528583452665514,1.5287265938384955,2.4660979192073564,2.257009744644165,2.466317851912645,2.4663994321564386,2.466404400720941,2.4663994321564386,2.4660949935547327
0.6357421875,0.34456847418960945,0.4539644718170166,0.3444728400515031,0.344478700322503,0.3444794882010685,0.344478700322503,0.344563927809201,1.5287230266328842,1.2745040655136108,1.5285257765872224,1.5285450026007765,1.5285473074375533,1.5285450026007765,1.528727596238503,2.4660979192073564,2.2659618854522705,2.466317851912645,2.4663450453781732,2.4663488653603505,2.4663450453781732,2.4660937670281067
0.6376953125,0.34456847418960945,0.45215246081352234,0.3444728400515031,0.34446697978050317,0.34446595473570363,0.34446697978050317,0.34456364931857664,1.5287230266328842,1.2748459577560425,1.5285257765872224,1.5285065499195003,1.5285035397034368,1.5285065499195003,1.528728488651965,2.4660979192073564,2.2716522216796875,2.466317851912645,2.4662906583961823,2.4662856951579686,2.4662906583961823,2.4660937000351004
0.6396484375,0.34456847418960945,0.4507685899734497,0.3444728400515031,0.3444552592385034,0.3444544794104367,0.3444552592385034,0.34456341148968,1.5287230266328842,1.2748087644577026,1.5285257765872224,1.5284680946214182,1.5284658887801117,1.5284680946214182,1.5287287196297372,2.4660979192073564,2.273796796798706,2.466317851912645,2.4662362712104446,2.466232445845327,2.4662362712104446,2.4660940363743777
0.6416015625,0.34456847418960945,0.4499015212059021,0.34443652599960695,0.34443652599960695,0.34443652599960695,0.34443652599960695,0.3445632327878946,1.5287230266328842,1.2743057012557983,1.528369690972689,1.528369690972689,1.528369690972689,1.528369690972689,1.5287279769652933,2.4660979192073564,2.2723050117492676,2.4660987916380512,2.4660987916380512,2.4660987916380512,2.4660987916380512,2.4660951768672343
0.6435546875,0.34456847418960945,0.4496401250362396,0.34443652599960695,0.34443652599960695,0.34443652599960695,0.34443652599960695,0.3445630605871242,1.5287230266328842,1.2739229202270508,1.528369690972689,1.528369690972689,1.528369690972689,1.528369690972689,1.5287264914480971,2.4660979192073564,2.267287254333496,2.4660987916380512,2.4660987916380512,2.4660987916380512,2.4660987916380512,2.466096695628565
0.6455078125,0.34456847418960945,0.45006561279296875,0.34443652599960695,0.34443652599960695,0.34443652599960695,0.34443652599960695,0.3445628739790365,1.5287230266328842,1.275359869003296,1.528369690972689,1.528369690972689,1.528369690972689,1.528369690972689,1.528724607950622,2.4660979192073564,2.2590296268463135,2.4660987916380512,2.4660987916380512,2.4660987916380512,2.4660987916380512,2.466098319917527
0.6474609375,0.34456847418960945,0.4512404799461365,0.34443652599960695,0.34443652599960695,0.34443652599960695,0.34443652599960695,0.3445626407000688,1.5287230266328842,1.2758756875991821,1.528369690972689,1.528369690972689,1.528369690972689,1.528369690972689,1.5287226576014095,2.4660979192073564,2.2479617595672607,2.4660987916380512,2.4660987916380512,2.4660987916380512,2.4660987916380512,2.466099782838442
0.6494140625,0.34456847418960945,0.4531969726085663,0.3444473404700459,0.3444473404700459,0.3444473404700459,0.3444473404700459,0.34456234641500494,1.5287230266328842,1.2755706310272217,1.528357757150035,1.528357757150035,1.528357757150035,1.528357757150035,1.528720984090784,2.4660979192073564,2.2346010208129883,2.4660369714097063,2.4660369714097063,2.4660369714097063,2.4660369714097063,2.466101002457578
0.6513671875,0.34456847418960945,0.45592647790908813,0.3444473404700459,0.3444473404700459,0.3444473404700459,0.3444473404700459,0.34456197930525423,1.5287230266328842,1.2746100425720215,1.528357757150035,1.528357757150035,1.528357757150035,1.528357757150035,1.5287199324554663,2.4660979192073564,2.219517230987549,2.4660369714097063,2.4660369714097063,2.4660369714097063,2.4660369714097063,2.4661019188356446
0.6533203125,0.34456847418960945,0.459374338388443,0.3444473404700459,0.3444473404700459,0.3444473404700459,0.3444473404700459,0.3445615261135505,1.5287230266328842,1.2732081413269043,1.528357757150035,1.528357757150035,1.528357757150035,1.528357757150035,1.528719615655808,2.4660979192073564,2.203300714492798,2.4660369714097063,2.4660369714097063,2.4660369714097063,2.4660369714097063,2.466102473000536
0.6552734375,0.34456847418960945,0.4634397029876709,0.3444473404700459,0.3444473404700459,0.3444473404700459,0.3444473404700459,0.3445609814453445,1.5287230266328842,1.271610140800476,1.528357757150035,1.528357757150035,1.528357757150035,1.528357757150035,1.5287199258328665,2.4660979192073564,2.186542510986328,2.4660369714097063,2.4660369714097063,2.4660369714097063,2.4660369714097063,2.4661027331827037
0.6572265625,0.34456847418960945,0.4679813086986542,0.3445624870238469,0.3444761271084961,0.34447391177934666,0.3444761271084961,0.3445603363483061,1.5287230266328842,1.2700695991516113,1.5284298957403373,1.5283757963188838,1.5283795941662701,1.5283757963188838,1.5287205557961208,2.4660979192073564,2.1698169708251953,2.466068920011173,2.4660449586273088,2.4660463480962385,2.4660449586273088,2.4661025106549412
0.6591796875,0.34456847418960945,0.472827285528183,0.3445624870238469,0.34453370038539666,0.34452556707052456,0.34453370038539666,0.3445595435003971,1.5287230266328842,1.2688297033309937,1.5284298957403373,1.5284118656132792,1.5284119560745384,1.5284118656132792,1.528721556541658,2.4660979192073564,2.1536660194396973,2.466068920011173,2.4660609329280305,2.4660606803819873,2.4660609329280305,2.4661016929302906
0.6611328125,0.34456847418960945,0.4777885377407074,0.3445624870238469,0.34459127366229714,0.34457722236170246,0.34459127366229714,0.34455864533193026,1.5287230266328842,1.268106460571289,1.5284298957403373,1.5284479228549757,1.5284443082801114,1.5284479228549757,1.5287224903903815,2.4660979192073564,2.1385791301727295,2.466068920011173,2.4660769070495183,2.466075012523452,2.4660769070495183,2.4661005543964842
0.6630859375,0.34456847418960945,0.4826706647872925,0.3445624870238469,0.3446488469391977,0.3446732468838139,0.3446488469391977,0.34455765986867193,1.5287230266328842,1.2680736780166626,1.5284298957403373,1.528483968050013,1.528483691678273,1.528483968050013,1.5287233143149268,2.4660979192073564,2.124965190887451,2.466068920011173,2.466092880991861,2.4660936386327066,2.466092880991861,2.466099346708781
0.6650390625,0.34456847418960945,0.4872855842113495,0.34510897488037395,0.3446991089879787,0.3446418565195223,0.3446991089879787,0.34455661129479714,1.5287230266328842,1.2688570022583008,1.5286153283051933,1.5284763090038895,1.5284904035272586,1.5284763090038895,1.528724028986001,2.4660979192073564,2.1131327152252197,2.466212702612947,2.466123068171926,2.4661320110059246,2.466123068171926,2.46609836405999
0.6669921875,0.34456847418960945,0.49146053194999695,0.34510897488037395,0.3449723529162422,0.34487636922070986,0.3449723529162422,0.3445555151068138,1.5287230266328842,1.273971676826477,1.5286153283051933,1.5285690252426567,1.5285699901747318,1.5285690252426567,1.528724642658119,2.4660979192073564,2.1032752990722656,2.466212702612947,2.4661828247621362,2.4661832972573645,2.4661828247621362,2.4660977610216945
0.6689453125,0.34456847418960945,0.49504321813583374,0.34510897488037395,0.34524559684450573,0.3451108819218975,0.34524559684450573,0.34455437414006185,1.5287230266328842,1.2804185152053833,1.5286153283051933,1.5286615947212647,1.5286494686594043,1.5286615947212647,1.5287251352719589,2.4660979192073564,2.0954689979553223,2.466212702612947,2.4662425801680303,2.4662345826362086,2.4662425801680303,2.4660975080260306
0.6708984375,0.34456847418960945,0.49790605902671814,0.34510897488037395,0.34551884077276923,0.3458067918593662,0.34551884077276923,0.3445531777828366,1.5287230266328842,1.2878202199935913,1.5286153283051933,1.528754017787898,1.5287509767382688,1.528754017787898,1.5287255323769158,2.4660979192073564,2.0896801948547363,2.466212702612947,2.466302334392416,2.4663009169817443,2.466302334392416,2.466097449351334
0.6728515625,0.34456847418960945,0.4999482035636902,0.34727773408911755,0.34565116468255985,0.3454775428436538,0.34565116468255985,0.3445518934763706,1.5287230266328842,1.2958859205245972,1.5288180519900747,1.5286662477213022,1.5286817319864012,1.5286662477213022,1.528725814716602,2.4660979192073564,2.085792303085327,2.4663737603723206,2.466252967587152,2.466265954487983,2.466252967587152,2.4660974220374463
0.6748046875,0.34456847418960945,0.5010961890220642,0.34727773408911755,0.34673554428693165,0.3464230142503865,0.34673554428693165,0.3445503974294374,1.5287230266328842,1.3042598962783813,1.5288180519900747,1.5287676088178745,1.5287701462740844,1.5287676088178745,1.5287258681385767,2.4660979192073564,2.083622694015503,2.4663737603723206,2.466333496465168,2.466336167568194,2.466333496465168,2.4660972344569867
0.6767578125,0.34456847418960945,0.5013054609298706,0.34727773408911755,0.34781992389130345,0.3473684856571192,0.34781992389130345,0.3445484572293863,1.5287230266328842,1.3125394582748413,1.5288180519900747,1.5288683378982904,1.5288580792677853,1.5288683378982904,1.5287256264075946,2.4660979192073564,2.082956314086914,2.4663737603723206,2.466414023927114,2.466406379571094,2.466414023927114,2.4660971188249494
0.6787109375,0.34456847418960945,0.5005608797073364,0.34727773408911755,0.34890430349567525,0.34984189360531076,0.34890430349567525,0.34454562003781675,1.5287230266328842,1.3202999830245972,1.5288180519900747,1.528968440855386,1.5289603646419023,1.528968440855386,1.5287250276974726,2.4660979192073564,2.0835561752319336,2.4663737603723206,2.4664945499861943,2.4664865368906232,2.4664945499861943,2.4660974027524962
0.6806640625,0.34456847418960945,0.49887850880622864,0.3555578430321573,0.3493477613248775,0.3493366666776005,0.3493477613248775,0.3445415643373273,1.5287230266328842,1.3271228075027466,1.5288878079893735,1.528835800989349,1.528835930109205,1.528835800989349,1.5287229451428008,2.4660979192073564,2.0851738452911377,2.4663993818651506,2.4663801658100226,2.46638023681765,2.4663801658100226,2.4660991265994077
0.6826171875,0.34456847418960945,0.4963061213493347,0.3555578430321573,0.3534878157963974,0.3534663445865583,0.3534878157963974,0.34453596976167966,1.5287230266328842,1.332624912261963,1.5288878079893735,1.5288706753582806,1.5288707176741767,1.5288706753582806,1.528720401374743,2.4660979192073564,2.087552309036255,2.4663993818651506,2.4663929765556825,2.466393015454255,2.4663929765556825,2.4661016662343376
0.6845703125,0.34456847418960945,0.49292320013046265,0.3555578430321573,0.35762787026791726,0.35759602249551614,0.35762787026791726,0.34453042110030385,1.5287230266328842,1.3364835977554321,1.5288878079893735,1.5289047422857394,1.5289047017546031,1.5289047422857394,1.5287183631919574,2.4660979192073564,2.0904221534729004,2.4663993818651506,2.4664057871333562,2.4664057939237103,2.4664057871333562,2.466104074104721
0.6865234375,0.34456847418960945,0.48883867263793945,0.3555578430321573,0.36176792473943714,0.36183233836895434,0.36176792473943714,0.3445284354606603,1.5287230266328842,1.338456630706787,1.5288878079893735,1.528938029492689,1.5289378934897555,1.528938029492689,1.5287173995524552,2.4660979192073564,2.093505620956421,2.4663993818651506,2.4664185975488104,2.4664184808543586,2.4664185975488104,2.46610524959151
0.6884765625,0.34456847418960945,0.48418641090393066,0.385630487465726,0.36604676261670943,0.36598597988913817,0.3659797002571779,0.3445287961198156,1.5287230266328842,1.3383971452713013,1.528846412647681,1.5288926878976896,1.528892759464284,1.528892766859382,1.528717665703529,2.4660979192073564,2.096519947052002,2.466336277724908,2.466389739228187,2.4663897961716366,2.4663898020546218,2.4661058318250615
0.6904296875,0.34456847418960945,0.48547840118408203,0.385630487465726,0.37910257918272044,0.378999616335629,0.37898897895867756,0.34453161339159116,1.5287230266328842,1.3364568948745728,1.528846412647681,1.5288613065105254,1.5288614685074247,1.5288614852487894,1.528718905202492,2.4660979192073564,2.0991923809051514,2.466336277724908,2.466354098261439,2.4663542703526,2.466354288131814,2.4661048688139515
0.6923828125,0.34456847418960945,0.4892776608467102,0.385630487465726,0.3921583957487315,0.3920132527821199,0.39199825766017726,0.3445446175122755,1.5287230266328842,1.3370330333709717,1.528846412647681,1.5288320146343284,1.528832255077964,1.52883227992901,1.5287215599233235,2.4660979192073564,2.101280689239502,2.466336277724908,2.466318457155299,2.4663187443949823,2.4663187740705093,2.4661020457448934
0.6943359375,0.34456847418960945,0.49290868639945984,0.385630487465726,0.40521421231474253,0.4055231008560168,0.4055550129868712,0.34459505317943984,1.5287230266328842,1.3351421356201172,1.528846412647681,1.5288046102998358,1.5288041992813814,1.5288041568536097,1.52872375135786,2.4660979192073564,2.1025969982147217,2.466336277724908,2.4662828159232415,2.4662822996457603,2.4662822463077023,2.466099628605617
0.6962890625,0.34456847418960945,0.49639198184013367,0.4600043755602457,0.42177779740324245,0.42083835028925715,0.4196075939128542,0.3447781455139822,1.5287230266328842,1.3328728675842285,1.5286820177099205,1.5287392941358748,1.5287397190689003,1.5287402786468833,1.5287242037452387,2.4660979192073564,2.1030285358428955,2.466114250647021,2.4661913082470233,2.466191870238009,2.466192606494404,2.4660982804623397
0.6982421875,0.34456847418960945,0.49976497888565063,0.4600043755602457,0.44726218284124464,0.4459604679563597,0.4442551096972508,0.3454274487849317,1.5287230266328842,1.3302322626113892,1.5286820177099205,1.5287000220078535,1.5287008682657637,1.5287019844406498,1.5287245727484464,2.4660979192073564,2.102565050125122,2.466114250647021,2.4661399365769374,2.4661412288351117,2.466142921804073,2.4660983131638172
0.7001953125,0.34456847418960945,0.5030738711357117,0.4600043755602457,0.47274656827924677,0.47112143423820924,0.46899236911709613,0.3477108091062413,1.5287230266328842,1.3272889852523804,1.5286820177099205,1.5286649839710542,1.5286661364295548,1.5286676583349692,1.5287242199036704,2.4660979192073564,2.101306438446045,2.466114250647021,2.466088564660675,2.4660905437701417,2.46609313657308,2.4660989014880936
0.7021484375,0.34456847418960945,0.5063726305961609,0.4600043755602457,0.49823095371724896,0.5020972497571567,0.5071624295137818,0.3546051432712842,1.5287230266328842,1.3241589069366455,1.5286820177099205,1.5286335303074379,1.5286318132209367,1.528629603305966,1.5287230065165553,2.4660979192073564,2.099466323852539,2.466114250647021,2.466037192536012,2.4660333591560257,2.466028337098246,2.4661006305136004
0.7041015625,0.34456847418960945,0.5097289085388184,0.5895055709697433,0.5313664392251553,0.5242762588093498,0.515399197674316,0.3699370466382548,1.5287230266328842,1.3209784030914307,1.5285709982917128,1.5285792386042583,1.5285786109309416,1.5285778007239732,1.5287218091823191,2.4660979192073564,2.0973596572875977,2.465925303013524,2.4659587122464064,2.46596091391068,2.4659636704424406,2.466102131130265
0.7060546875,0.34456847418960945,0.5132373571395874,0.5895055709697433,0.570125860388214,0.5611463218013322,0.5499037428646311,0.39857145156944307,1.5287230266328842,1.3178688287734985,1.5285709982917128,1.5285735583261657,1.5285731623178944,1.5285726482739512,1.5287206764103234,2.4660979192073564,2.095374345779419,2.465925303013524,2.4659364394261427,2.4659397267957837,2.465943842654507,2.4661032769929
0.7080078125,0.34456847418960945,0.5170302391052246,0.5895055709697433,0.6088852815512726,0.6087784975039937,0.6086448015385386,0.4459062539509545,1.5287230266328842,1.3149060010910034,1.5285709982917128,1.5285686012197368,1.5285687418066745,1.5285689178941448,1.5287193498671432,2.4660979192073564,2.09393572807312,2.465925303013524,2.4659141665994575,2.46591438606956,2.465914660850926,2.4661043810142624
0.7099609375,0.34456847418960945,0.5212806463241577,0.5895055709697433,0.6476447027143314,0.6638212057642977,0.6840745418014876,0.516829640995887,1.5287230266328842,1.3121020793914795,1.5285709982917128,1.5285642374465813,1.528565226011855,1.5285663978042214,1.5287179853989916,2.4660979192073564,2.093454599380493,2.465925303013524,2.465891893767504,2.4658861852664256,2.465879038097729,2.4661056621125166
0.7119140625,0.34456847418960945,0.5261911749839783,0.7700797448647154,0.6970091552922323,0.6968968378698577,0.6882983234418406,0.6143232568435699,1.5287230266328842,1.3094063997268677,1.5286069903416406,1.528579392277237,1.5285793645254049,1.528577213082984,1.528717186249682,2.4660979192073564,2.094287157058716,2.4659360689675833,2.465901965115843,2.465901972326481,2.465902524339683,2.4661064944383613
0.7138671875,0.34456847418960945,0.5319724082946777,0.7700797448647154,0.7457228816738877,0.7455874606555046,0.7352202392947855,0.73798503349225,1.5287230266328842,1.3067209720611572,1.5286069903416406,1.5285983919270327,1.528598360425787,1.528595914383037,1.5287175372393695,2.4660979192073564,2.0966920852661133,2.4659360689675833,2.4659247010413687,2.465924697469138,2.4659244239943865,2.466106520913891
0.7158203125,1.3040845320261998,0.5388149619102478,0.7700797448647154,0.7944366080555432,0.7945262933759742,0.8013921963267685,0.88273197311474,1.5287230266328842,1.303926706314087,1.5286069903416406,1.5286150615136564,1.5286150787640644,1.5286163879152561,1.52871965641775,2.4660979192073564,2.100792646408081,2.4659360689675833,2.465947436872421,2.4659474376551778,2.4659474975792346,2.4661041564879853
0.7177734375,1.3040845320261998,0.5468599200248718,0.7700797448647154,0.8431503344371986,0.8433083875575251,0.855408220395467,1.0376465700068218,1.5287230266328842,1.3009077310562134,1.5286069903416406,1.528629804901242,1.5286298292425957,1.528631666003485,1.52872148311232,2.4660979192073564,2.106560468673706,2.4659360689675833,2.4659701726253753,2.4659701682036865,2.4659698296986052,2.46610161543083
0.7197265625,1.3040845320261998,0.5561748743057251,0.9792153820229867,0.9030641900127326,0.9016578477319148,0.9003792433429028,1.1839174460079696,1.5287230266328842,1.2975742816925049,1.5286900926293077,1.5286642719221892,1.528664036050796,1.5286638209640855,1.5287226600684083,2.4660979192073564,2.1138010025024414,2.466107188456776,2.466065589895189,2.4660652785035593,2.4660649953955738,2.466099488844657
0.7216796875,1.3040845320261998,0.5667385458946228,0.9792153820229867,0.953831651352902,0.9528501190012337,0.9519577391091418,1.287793688237865,1.5287230266328842,1.293874979019165,1.5286900926293077,1.5286819438272534,1.528681787244237,1.5286816446034022,1.5287240004300713,2.4660979192073564,2.1221630573272705,2.466107188456776,2.466093322297052,2.466093072424304,2.4660928452474584,2.46609662125068
0.7236328125,1.3040845320261998,0.5784351229667664,0.9792153820229867,1.0045991126930716,1.0059068807002032,1.0070958643043624,1.3077894410344486,1.5287230266328842,1.2898046970367432,1.5286900926293077,1.5286978296312832,1.5286980120729527,1.5286981775322492,1.5287234056528474,2.4660979192073564,2.1311492919921875,2.466107188456776,2.466121054591806,2.4661213974034446,2.4661217090775347,2.4660979297461174
0.7255859375,1.3040845320261998,0.591061532497406,0.9792153820229867,1.055366574033241,1.0564466806585955,1.0574286813355405,1.3077823520203224,1.5287230266328842,1.2854032516479492,1.5286900926293077,1.528712187090638,1.5287122818066958,1.528712367751776,1.5287239497416374,2.4660979192073564,2.14015793800354,2.466107188456776,2.466148786794908,2.4661490052435675,2.4661492038505592,2.4660969875858276
0.7275390625,1.3040845320261998,0.6043472290039062,1.176219435586071,1.116770785957367,1.1167128659764187,1.116753363310639,1.3077390084453058,1.5287230266328842,1.2807482481002808,1.5287414146656606,1.528736861396402,1.5287368555299674,1.5287368596318105,1.5287216457358646,2.4660979192073564,2.148519277572632,2.4661579277645047,2.4661542782311248,2.466154270521034,2.466154275911887,2.466101062890498
0.7294921875,1.3040845320261998,0.6179857850074768,1.176219435586071,1.1564032190431695,1.1564293774418546,1.156411087632416,1.3075820727845384,1.5287230266328842,1.2759443521499634,1.5287414146656606,1.5287399489260283,1.528739951278274,1.5287399496336078,1.528721706274684,2.4660979192073564,2.1555540561676025,2.4661579277645047,2.4661567112544245,2.466156714245078,2.4661567121540298,2.4661030342226886
0.7314453125,1.3040845320261998,0.6316758394241333,1.176219435586071,1.1960356521289723,1.1960549587892884,1.1960414596778817,1.307272344407543,1.5287230266328842,1.2711079120635986,1.5287414146656606,1.5287428318358147,1.528742833565199,1.5287428323560288,1.5287223636779943,2.4660979192073564,2.1606297492980957,2.4661579277645047,2.4661591442736075,2.4661591468436326,2.466159145046685,2.466101922238873
0.7333984375,1.3040845320261998,0.6451640725135803,1.176219435586071,1.2356680852147748,1.235680540136722,1.2356718317233466,1.3067984651578113,1.5287230266328842,1.2720435857772827,1.5287414146656606,1.5287455298145016,1.5287455309948066,1.5287455301695465,1.528726060942666,2.4660979192073564,2.1632144451141357,2.4661579277645047,2.4661615772890695,2.4661615794384675,2.46616157793562,2.4660920436121736
0.7353515625,1.3040845320261998,0.6582857370376587,1.296274846709408,1.2875853730438416,1.2874630278520773,1.2875853730438416,1.3061703484955762,1.5287230266328842,1.2760628461837769,1.5287235669453096,1.5287373501680261,1.5287372905795096,1.5287373501680261,1.528727270173595,2.4660979192073564,2.162923574447632,2.4661266530433648,2.4662202585117354,2.4662198814224445,2.4662202585117354,2.466091841623873
0.7373046875,1.3040845320261998,0.6709923148155212,1.296274846709408,1.2933783554875526,1.2934467177688767,1.2933783554875526,1.3054148629447813,1.5287230266328842,1.2794530391693115,1.5287235669453096,1.5287281407747406,1.5287281171885725,1.5287281407747406,1.528724693367595,2.4660979192073564,2.1595492362976074,2.4661266530433648,2.466157854877051,2.466157683468029,2.466157854877051,2.4660968964791588
0.7392578125,1.3040845320261998,0.6833592653274536,1.296274846709408,1.2991713379312635,1.2992121196618516,1.2991713379312635,1.3045830001565994,1.5287230266328842,1.2821764945983887,1.5287235669453096,1.5287190135105049,1.5287190337692993,1.5287190135105049,1.5287240898969663,2.4660979192073564,2.153066873550415,2.4661266530433648,2.46609545119888,2.4660955768955,2.46609545119888,2.466098654857421
0.7412109375,1.3040845320261998,0.6955743432044983,1.296274846709408,1.3049643203749746,1.3049775215548267,1.3049643203749746,1.3037808877003492,1.5287230266328842,1.2842724323272705,1.5287235669453096,1.5287099672815594,1.5287100306112744,1.5287099672815594,1.5287233383166066,2.4660979192073564,2.143629550933838,2.4661266530433648,2.466033047477801,2.4660334702804714,2.466033047477801,2.4661005432513594
0.7431640625,1.3040845320261998,0.7079048752784729,1.30786081159683,1.30786081159683,1.30786081159683,1.30786081159683,1.30322161290067,1.5287230266328842,1.2858407497406006,1.52870547421882,1.52870547421882,1.52870547421882,1.52870547421882,1.5287210065600294,2.4660979192073564,2.13154673576355,2.4660018456013497,2.4660018456013497,2.4660018456013497,2.4660018456013497,2.466106006704449
0.7451171875,1.3040845320261998,0.7206567525863647,1.30786081159683,1.30786081159683,1.30786081159683,1.30786081159683,1.3031307531819556,1.5287230266328842,1.287028193473816,1.52870547421882,1.52870547421882,1.52870547421882,1.52870547421882,1.5287211375684662,2.4660979192073564,2.1172540187835693,2.4660018456013497,2.4660018456013497,2.4660018456013497,2.4660018456013497,2.466105921352259
0.7470703125,1.3040845320261998,0.7341310977935791,1.30786081159683,1.30786081159683,1.30786081159683,1.30786081159683,1.3031366255174879,1.5287230266328842,1.288009762763977,1.52870547421882,1.52870547421882,1.52870547421882,1.52870547421882,1.5287238811178017,2.4660979192073564,2.101285457611084,2.4660018456013497,2.4660018456013497,2.4660018456013497,2.4660018456013497,2.4661009101567153
0.7490234375,1.3040845320261998,0.748593807220459,1.30786081159683,1.30786081159683,1.30786081159683,1.30786081159683,1.3031787289490653,1.5287230266328842,1.288974404335022,1.52870547421882,1.52870547421882,1.52870547421882,1.52870547421882,1.5287236316453325,2.4660979192073564,2.084245443344116,2.4660018456013497,2.4660018456013497,2.4660018456013497,2.4660018456013497,2.4661020364953785
0.7509765625,1.3040845320261998,0.7642570734024048,1.3078630539786293,1.3078624225723665,1.3078624225800857,1.3078624225723665,1.3032969552041742,1.5287230266328842,1.2901092767715454,1.5286891567797225,1.5286940708484196,1.5286940707883432,1.5286940708484196,1.5287273558673615,2.4660979192073564,2.066781997680664,2.4659695417104133,2.465965906900854,2.465965906945291,2.465965906900854,2.466094635671775
0.7529296875,1.3040845320261998,0.7812792062759399,1.3078630539786293,1.3078628435098751,1.3078628435124482,1.3078628435098751,1.3034984417967097,1.5287230266328842,1.2915834188461304,1.5286891567797225,1.5286907948020942,1.528690794782069,1.5286907948020942,1.5287250234508198,2.4660979192073564,2.049570322036743,2.4659695417104133,2.465968330108631,2.4659683301234434,2.465968330108631,2.4660999284
0.7548828125,1.3040845320261998,0.7997711300849915,1.3078630539786293,1.3078632644473835,1.3078632644448105,1.3078632644473835,1.3037527354445753,1.5287230266328842,1.293534278869629,1.5286891567797225,1.528687518757878,1.5286875187779034,1.528687518757878,1.5287264309354538,2.4660979192073564,2.033289909362793,2.4659695417104133,2.465970753310793,2.4659707532959807,2.465970753310793,2.466097134051253
0.7568359375,1.3040845320261998,0.8198111653327942,1.3078630539786293,1.3078636853848922,1.307863685377173,1.3078636853848922,1.3040307717973838,1.5287230266328842,1.2960517406463623,1.5286891567797225,1.5286842427157703,1.5286842427758465,1.5286842427157703,1.5287226201304238,2.4660979192073564,2.018610954284668,2.4659695417104133,2.46597317650734,2.465973176462903,2.46597317650734,2.466105293193147
0.7587890625,1.3040845320261998,0.8414523005485535,1.307864179096898,1.307864179096898,1.307864179096898,1.307864179096898,1.304270762079688,1.5287230266328842,1.2991684675216675,1.5286792658456219,1.5286792658456219,1.5286792658456219,1.5286792658456219,1.5287244569461897,2.4660979192073564,2.0061686038970947,2.4659896244583566,2.4659896244583566,2.4659896244583566,2.4659896244583566,2.4661014051904817
0.7607421875,1.3040845320261998,0.8647225499153137,1.307864179096898,1.307864179096898,1.307864179096898,1.307864179096898,1.3043762213137973,1.5287230266328842,1.3028532266616821,1.5286792658456219,1.5286792658456219,1.5286792658456219,1.5286792658456219,1.5287278690363355,2.4660979192073564,1.9965488910675049,2.4659896244583566,2.4659896244583566,2.4659896244583566,2.4659896244583566,2.4660941634449913
0.7626953125,1.3040845320261998,0.8896065354347229,1.307864179096898,1.307864179096898,1.307864179096898,1.307864179096898,1.3043786251316705,1.5287230266328842,1.3070132732391357,1.5286792658456219,1.5286792658456219,1.5286792658456219,1.5286792658456219,1.5287292157025212,2.4660979192073564,1.9902602434158325,2.4659896244583566,2.4659896244583566,2.4659896244583566,2.4659896244583566,2.466091146488478
0.7646484375,1.3040845320261998,0.9160180687904358,1.307864179096898,1.307864179096898,1.307864179096898,1.307864179096898,1.304376257200229,1.5287230266328842,1.3115030527114868,1.5286792658456219,1.5286792658456219,1.5286792658456219,1.5286792658456219,1.5287268534093077,2.4660979192073564,1.987709641456604,2.4659896244583566,2.4659896244583566,2.4659896244583566,2.4659896244583566,2.4660959959129483
0.7666015625,1.3040845320261998,0.9437615871429443,1.307841699451284,1.3078582784011434,1.3078582910804482,1.3078582784011434,1.304359512303627,1.5287230266328842,1.3161386251449585,1.5287081320023699,1.5286887534688631,1.5286887796244184,1.5286887534688631,1.5287277922103943,2.4660979192073564,1.989188313484192,2.465939119099963,2.465948233002999,2.465948226942569,2.465948233002999,2.4660937947192365
0.7685546875,1.3040845320261998,0.9725045561790466,1.307841699451284,1.307847225767904,1.3078472558634608,1.307847225767904,1.3043237938328753,1.5287230266328842,1.320718765258789,1.5287081320023699,1.5287016724366114,1.5287016782349507,1.5287016724366114,1.5287255074711878,2.4660979192073564,1.9948540925979614,2.465939119099963,2.46594215708947,2.465942160603089,2.46594215708947,2.466098389662389
0.7705078125,1.3040845320261998,1.0017634630203247,1.307841699451284,1.3078361731346642,1.3078362206464733,1.3078361731346642,1.3042666974681247,1.5287230266328842,1.3250408172607422,1.5287081320023699,1.5287145916227187,1.5287145770631545,1.5287145916227187,1.528725646785147,2.4660979192073564,2.0047194957733154,2.465939119099963,2.4659360810886275,2.4659360941765707,2.4659360810886275,2.466097798220276
0.7724609375,1.3040845320261998,1.030923843383789,1.307841699451284,1.3078251205014246,1.3078250302147538,1.3078251205014246,1.3041943309877082,1.5287230266328842,1.3289191722869873,1.5287081320023699,1.5287275110271896,1.5287274936336597,1.5287275110271896,1.528723335810258,2.4660979192073564,2.018657684326172,2.465939119099963,2.4659300050004695,2.465929994459847,2.4659300050004695,2.4661025565429537
0.7744140625,1.3040845320261998,1.0592869520187378,1.3077757580309808,1.307825214096208,1.307825214469488,1.307825214096208,1.3041187016740643,1.5287230266328842,1.3321950435638428,1.528688399221335,1.5287031989936626,1.5287031988383606,1.5287031989936626,1.528719364709397,2.4660979192073564,2.0364036560058594,2.4659838990809178,2.465950314114298,2.4659503144608905,2.465950314114298,2.466110437737248
0.7763671875,1.3040845320261998,1.086144208908081,1.3077757580309808,1.3077922433860567,1.307792244115064,1.3077922433860567,1.3040365881160885,1.5287230266328842,1.3347417116165161,1.528688399221335,1.5286933326031495,1.5286933325542997,1.5286933326031495,1.5287252516528853,2.4660979192073564,2.0575737953186035,2.4659838990809178,2.4659727041047756,2.4659727042097974,2.4659727041047756,2.4660975445936892
0.7783203125,1.3040845320261998,1.1108607053756714,1.3077757580309808,1.3077592726759049,1.3077592737606394,1.3077592726759049,1.3040160023940786,1.5287230266328842,1.3364678621292114,1.528688399221335,1.528683465715142,1.528683465772755,1.528683465715142,1.5287193768408547,2.4660979192073564,2.0816872119903564,2.4659838990809178,2.465995094044328,2.4659950939077806,2.465995094044328,2.4661095842652907
0.7802734375,1.3040845320261998,1.132958173751831,1.3077757580309808,1.3077263019657535,1.3077262997787318,1.3077263019657535,1.3040016987541483,1.5287230266328842,1.3373111486434937,1.528688399221335,1.5286735983296011,1.5286735984761248,1.5286735983296011,1.5287289150370507,2.4660979192073564,2.1082067489624023,2.4659838990809178,2.4660174839329505,2.4660174836178865,2.4660174839329505,2.4660889000437756
0.7822265625,1.3040845320261998,1.1521825790405273,1.3074525206220098,1.307619651023848,1.3076196675833345,1.307619651023848,1.304009070462289,1.5287230266328842,1.337235689163208,1.5287355095029944,1.5287381037574665,1.528738103080964,1.5287381037574665,1.5287217508095106,2.4660979192073564,2.136573076248169,2.4658817217633135,2.465877454983342,2.4658774565204356,2.465877454983342,2.4661036371386804
0.7841796875,1.3040845320261998,1.168542742729187,1.3074525206220098,1.3075082307559558,1.3075082553682849,1.3075082307559558,1.304008503498286,1.5287230266328842,1.3362209796905518,1.5287355095029944,1.5287363743281757,1.5287363737766415,1.5287363743281757,1.5287286599825554,2.4660979192073564,2.166260004043579,2.4658817217633135,2.465880299503714,2.465880300835221,2.465880299503714,2.466088495650825
0.7861328125,1.3040845320261998,1.1823203563690186,1.3074525206220098,1.3073968104880638,1.3073968431532357,1.3073968104880638,1.3040189791697152,1.5287230266328842,1.3342562913894653,1.5287355095029944,1.5287346446041101,1.528734644177587,1.5287346446041101,1.528721049086313,2.4660979192073564,2.19681978225708,2.4658817217633135,2.465883144022522,2.4658831451484424,2.465883144022522,2.4661041474185548
0.7880859375,1.3040845320261998,1.1940358877182007,1.3074525206220098,1.3072853902201715,1.3072853163831841,1.3072853902201715,1.3040322645183748,1.5287230266328842,1.331331729888916,1.5287355095029944,1.5287329145851956,1.528732916239885,1.5287329145851956,1.5287220023691341,2.4660979192073564,2.227933406829834,2.4658817217633135,2.465885988539765,2.465885984545247,2.465885988539765,2.4661017968041388
0.7900390625,1.3040845320261998,1.20437753200531,1.306884395887843,1.3071786646092183,1.3071786653178659,1.3071786646092183,1.3040532554521187,1.5287230266328842,1.3274345397949219,1.5286745232816896,1.528673400611937,1.5286734006258664,1.528673400611937,1.528722828744516,2.4660979192073564,2.259437084197998,2.4660066548397257,2.4660116487781027,2.4660116487577586,2.4660116487781027,2.4660997284558945
0.7919921875,1.3040845320261998,1.2140918970108032,1.306884395887843,1.3069824854616348,1.30698248640449,1.3069824854616348,1.304068105411869,1.5287230266328842,1.3225488662719727,1.5286745232816896,1.5286741490022677,1.5286741490153057,1.5286741490022677,1.5287292158237782,2.4660979192073564,2.2913217544555664,2.4660066548397257,2.4660083194859244,2.466008319469554,2.4660083194859244,2.466085338996563
0.7939453125,1.3040845320261998,1.223858118057251,1.306884395887843,1.3067863063140515,1.3067863066541268,1.3067863063140515,1.304091155374037,1.5287230266328842,1.3166613578796387,1.5286745232816896,1.5286748976172997,1.5286748976195017,1.5286748976172997,1.5287233653855679,2.4660979192073564,2.3236873149871826,2.4660066548397257,2.4660049901934538,2.4660049901924155,2.4660049901934538,2.4660971719292135
0.7958984375,1.3040845320261998,1.23417067527771,1.306884395887843,1.306590127166468,1.30659012517489,1.306590127166468,1.3040943187705767,1.5287230266328842,1.309768795967102,1.5286745232816896,1.5286756464571354,1.5286756464279574,1.5286756464571354,1.5287273001120651,2.4660979192073564,2.356656789779663,2.4660066548397257,2.466001660900689,2.466001660938442,2.466001660900689,2.4660882934376187
0.7978515625,1.3040845320261998,1.2452641725540161,1.3058830874413423,1.3062503926894489,1.3062506963487508,1.3062503926894489,1.3041009986648309,1.5287230266328842,1.301889419555664,1.5287415763096373,1.528745304582574,1.5287453151052923,1.528745304582574,1.52872311756749,2.4660979192073564,2.3902807235717773,2.465855087221833,2.465852101961725,2.4658521305975647,2.465852101961725,2.4660964620013552
0.7998046875,1.3040845320261998,1.2571046352386475,1.3058830874413423,1.3060055225240446,1.3060058935288077,1.3060055225240446,1.304104938265312,1.5287230266328842,1.2930763959884644,1.5287415763096373,1.5287428193002943,1.528742830509206,1.5287428193002943,1.5287227491301303,2.4660979192073564,2.424501895904541,2.465855087221833,2.4658540921359378,2.465854120224443,2.4658540921359378,2.4660970585832973
0.8017578125,1.3040845320261998,1.2694507837295532,1.3058830874413423,1.30576065235864,1.305760503765173,1.30576065235864,1.3041017066428542,1.5287230266328842,1.2834306955337524,1.5287415763096373,1.5287403330858815,1.528740328224072,1.5287403330858815,1.5287268358459616,2.4660979192073564,2.459249258041382,2.465855087221833,2.4658560823069218,2.465856069505479,2.4658560823069218,2.4660883908339732
0.8037109375,1.3040845320261998,1.2819594144821167,1.3058830874413423,1.3055157821932357,1.3055152561226377,1.3055157821932357,1.3041134344417111,1.5287230266328842,1.273112177848816,1.5287415763096373,1.5287378459388108,1.5287378290568983,1.5287378459388108,1.528710460967461,2.4660979192073564,2.4946043491363525,2.465855087221833,2.4658580724746764,2.46585802855171,2.4658580724746764,2.4661231603049614
0.8056640625,1.3040845320261998,1.2942768335342407,1.304925434564608,1.305334578449919,1.3053345786268669,1.305334578449919,1.3040941659786993,1.5287230266328842,1.2623467445373535,1.528654518309607,1.5286757735112957,1.5286757735606311,1.5286757735112957,1.5287309258857646,2.4660979192073564,2.5027337074279785,2.4660225754047485,2.4660659301781545,2.466065930284549,2.4660659301781545,2.466079810110982
0.8076171875,1.3040845320261998,1.306065559387207,1.304925434564608,1.3050618158597116,1.305061816097967,1.3050618158597116,1.3041090526419798,1.5287230266328842,1.2514256238937378,1.528654518309607,1.528661604857641,1.5286616049101738,1.528661604857641,1.528707190421182,2.4660979192073564,2.510554552078247,2.4660225754047485,2.4660370270220913,2.4660370271349823,2.4660370270220913,2.4661303403239576
0.8095703125,1.3040845320261998,1.316961407661438,1.304925434564608,1.3047890532695043,1.3047890535690674,1.3047890532695043,1.3040817437804422,1.5287230266328842,1.2406944036483765,1.528654518309607,1.5286474302801494,1.5286474303358824,1.5286474302801494,1.528735064248016,2.4660979192073564,2.522022008895874,2.4660225754047485,2.466008123761187,2.466008123880575,2.466008123761187,2.4660714893065174
0.8115234375,1.3040845320261998,1.326511263847351,1.304925434564608,1.3045162906792969,1.3045162899645306,1.3045162906792969,1.3040949092872123,1.5287230266328842,1.2305325269699097,1.528654518309607,1.5286332497751052,1.5286332496174253,1.5286332497751052,1.5287121328310211,2.4660979192073564,2.535790205001831,2.4660225754047485,2.465979220395376,2.465979220056701,2.465979220395376,2.4661205955934116
0.8134765625,1.3040845320261998,1.334161400794983,1.3037009867196834,1.3042475421132143,1.3042475422311413,1.3042475421132143,1.304071989529467,1.5287230266328842,1.2213242053985596,1.528628218903216,1.5288085312101374,1.5288085316500761,1.5288085312101374,1.5287346630071188,2.4660979192073564,2.550076484680176,2.465623862933762,2.4659685791891706,2.465968580173824,2.4659685791891706,2.466073403165193
0.8154296875,1.3040845320261998,1.339314579963684,1.3037009867196834,1.3038831718508603,1.3038831724911695,1.3038831718508603,1.3040804837651936,1.5287230266328842,1.2134252786636353,1.528628218903216,1.5286883398016196,1.5286883404140534,1.5286883398016196,1.5287190505903654,2.4660979192073564,2.562816858291626,2.465623862933762,2.4657387702366074,2.465738771550761,2.4657387702366074,2.4661073120818866
0.8173828125,1.3040845320261998,1.3414283990859985,1.3037009867196834,1.3035188015885064,1.3035188027511975,1.3035188015885064,1.3040736696302222,1.5287230266328842,1.207133173942566,1.528628218903216,1.5285680811993259,1.5285680819844478,1.5285680811993259,1.5287240051700313,2.4660979192073564,2.5718841552734375,2.465623862933762,2.4655089537454873,2.4655089553891623,2.4655089537454873,2.4660977421367543
0.8193359375,1.3040845320261998,1.3401060104370117,1.3037009867196834,1.3031544313261525,1.3031544294052253,1.3031544313261525,1.3040786009698546,1.5287230266328842,1.2026488780975342,1.528628218903216,1.5284477553468931,1.5284477535082097,1.5284477553468931,1.528715977370306,2.4660979192073564,2.575272560119629,2.465623862933762,2.465279129709486,2.4652791257667945,2.465279129709486,2.466115870201879
0.8212890625,1.3040845320261998,1.335150122642517,1.3020104724657764,1.3032783581562066,1.3032783574550717,1.3032783581562066,1.304063024525375,1.5287230266328842,1.2000395059585571,1.5276912592513814,1.5283942068690002,1.5283942121249166,1.5283942068690002,1.5287352257660154,2.4660979192073564,2.5711801052093506,2.4639014080773785,2.465193292097055,2.4651933045230177,2.465193292097055,2.4660762553286126
0.8232421875,1.3040845320261998,1.3265669345855713,1.3020104724657764,1.3024331010292531,1.3024331067542703,1.3024331010292531,1.3040755334918508,1.5287230266328842,1.1992076635360718,1.5276912592513814,1.527925727190972,1.5279257360140224,1.527925727190972,1.5287210008633307,2.4660979192073564,2.55800461769104,2.4639014080773785,2.4643320646966904,2.4643320836719385,2.4643320646966904,2.4661077778914358
0.8251953125,1.3040845320261998,1.3145310878753662,1.3020104724657764,1.3015878439022996,1.3015878560534688,1.3015878439022996,1.3040701689313778,1.5287230266328842,1.1998823881149292,1.5276912592513814,1.527456639047233,1.5274566514466816,1.527456639047233,1.5287298437430175,2.4660979192073564,2.534268379211426,2.4639014080773785,2.463470722808151,2.4634707483344296,2.463470722808151,2.4660903280210245
0.8271484375,1.3040845320261998,1.2993084192276,1.3020104724657764,1.3007425867753462,1.3007425696002948,1.3007425867753462,1.3040718808537073,1.5287230266328842,1.201637864112854,1.5276912592513814,1.5269869412515906,1.5269869147356427,1.5269869412515906,1.5287291841165684,2.4660979192073564,2.4985084533691406,2.4639014080773785,2.4626092662082453,2.462609209269553,2.4626092662082453,2.4660925825258917
0.8291015625,1.3040845320261998,1.2811448574066162,1.295495563830921,1.3003817453070625,1.3003817562784012,1.3003823570249133,1.3040881255113241,1.5287230266328842,1.203927755355835,1.520640107307057,1.5259350949371835,1.525935106737837,1.5259357528940087,1.5287164147068184,2.4660979192073564,2.4491302967071533,2.4487978129283197,2.460127927705837,2.460127956481097,2.4601295320988683,2.4661231128403047
0.8310546875,1.3040845320261998,1.2601300477981567,1.295495563830921,1.2971242909896348,1.2971243169096147,1.2971257361837856,1.3040652777576154,1.5287230266328842,1.206129550933838,1.520640107307057,1.5224095355989777,1.522409563678706,1.522411101210328,1.5287503795261141,2.4660979192073564,2.384305715560913,2.4487978129283197,2.452576136204649,2.452576199672008,2.452579674889487,2.4660516828651753
0.8330078125,1.3040845320261998,1.236068606376648,1.295495563830921,1.293866836672207,1.2938668775408282,1.2938691153426578,1.3041177451701058,1.5287230266328842,1.2075891494750977,1.520640107307057,1.518866224281724,1.518866268804521,1.5188687066900732,1.5286883445605328,2.4660979192073564,2.3019912242889404,2.4487978129283197,2.445017863152744,2.4450179613720784,2.44502333946745,2.4661801154234304
0.8349609375,1.3040845320261998,1.208408236503601,1.295495563830921,1.2906093823547793,1.2906093045948395,1.2906050467723267,1.3040605333908792,1.5287230266328842,1.2076544761657715,1.520640107307057,1.5153050265692432,1.5153049414767668,1.5153002821383066,1.5287597361271295,2.4660979192073564,2.200230121612549,2.4487978129283197,2.437453059472479,2.4374528687590935,2.4374424260531202,2.4660202584746793
0.8369140625,1.3040845320261998,1.1763017177581787,1.2520932216222729,1.284644978278759,1.284644984770212,1.2847126152459258,1.3041260715541227,1.5287230266328842,1.2056549787521362,1.463479667641398,1.5067120960159113,1.5067120982207087,1.5067350674465232,1.5286759997020618,2.4660979192073564,2.077873706817627,2.3334694692892395,2.420120434693759,2.420120445197646,2.4202298786335263,2.4661867377665163
0.8388671875,1.3040845320261998,1.1388773918151855,1.2520932216222729,1.2629438071744348,1.2629438185496786,1.2630623302551116,1.3040223651017695,1.5287230266328842,1.2007043361663818,1.463479667641398,1.4781380981259578,1.4781381070565065,1.4782311402482953,1.5287001786220606,2.4660979192073564,1.93565034866333,2.3334694692892395,2.3624589212171414,2.3624589447782416,2.3627044112760824,2.4659089009126958
0.8408203125,1.3040845320261998,1.095707654953003,1.2520932216222729,1.241242636070111,1.2412426523291458,1.2414120452642976,1.3036825826332274,1.5287230266328842,1.1536996364593506,1.463479667641398,1.4485649576037336,1.448564973733154,1.4487329933636175,1.5281598129433895,2.4660979192073564,1.7771798372268677,2.3334694692892395,2.3043705211879257,2.3043705580067897,2.304754144211997,2.4650103278819193
0.8427734375,1.3040845320261998,1.0472912788391113,1.2520932216222729,1.2195414649657867,1.2195414308400552,1.2191858957237562,1.300529022257757,1.5287230266328842,1.084284782409668,1.463479667641398,1.4179393366189732,1.4179393071893287,1.4176326083104627,1.5243072426469269,2.4660979192073564,1.7723617553710938,2.3334694692892395,2.2458324458652967,2.2458323743425006,2.2450871991527643,2.456668893025828
0.8447265625,1.3040845320261998,1.0371533632278442,0.9973755714253925,1.119285856101374,1.1195441895360974,1.220041524532046,1.2757891833064905,1.5287230266328842,0.992154598236084,1.0988038286641009,1.2570312066719203,1.2573036282709336,1.3545295050441957,1.4929189195166679,2.4660979192073564,1.7366827726364136,1.6886389732169502,1.9675410868542034,1.968097100641643,2.1820855371064645,2.3914960051863354
0.8466796875,1.3040845320261998,1.0599533319473267,0.9973755714253925,1.038012332984053,1.0383596983764682,1.1734924048531417,1.107300813130312,1.5287230266328842,0.8710918426513672,1.0988038286641009,1.1556758781329257,1.1561144994313437,1.3070480795725006,1.2628969991836434,2.4660979192073564,1.6268742084503174,1.6886389732169502,1.7828030242672206,1.7835768028433676,2.0792313380100613,1.9596892305888485
0.8486328125,0.5,0.9196202158927917,0.9973755714253925,0.9567388098667319,0.9564791000889314,0.8554463376464858,0.6941893837911559,0.0,0.7180169820785522,1.0988038286641009,1.037100584119289,1.0367132582132395,0.8681933971170825,0.5175294140929326,0.571,1.312038540840149,1.6886389732169502,1.5930749300236022,1.5924802436971803,1.3562643831437988,0.9711336266204508
0.8505859375,0.5,0.8410548567771912,0.9973755714253925,0.8754652867494108,0.8751192977000726,0.7405220186698964,0.5037846796096421,0.0,0.5401028394699097,1.0988038286641009,0.8965094956589242,0.8958963073445319,0.6138835525281937,0.010167706021310495,0.571,1.003479242324829,1.6886389732169502,1.3969670604316005,1.3961510856112367,1.0669145697335154,0.5771016488503569
0.8525390625,0.5,0.7969414591789246,0.6019050366837041,0.6783229693020685,0.6783466638509632,0.6943330987770889,0.5,0.0,0.36712753772735596,0.28815423412511304,0.4474399466651148,0.44752435338481295,0.5031594513036103,0.0,0.571,0.8942877054214478,0.7702951220231136,0.9100809734018535,0.9101560298652064,0.9603652665901151,0.571
0.8544921875,0.5,0.7584567070007324,0.6019050366837041,0.6273776808898255,0.627360587377509,0.6158277946022296,0.5,0.0,0.3069304823875427,0.28815423412511304,0.3455609928653367,0.34550940576426686,0.3100514183983362,0.0,0.571,0.8047493696212769,0.7702951220231136,0.8176242545738195,0.8175814988726706,0.7885796500114949,0.571
0.8564453125,0.5,0.7262238264083862,0.6019050366837041,0.5764323924775827,0.5764244942946178,0.5710956826525759,0.5,0.0,0.25443169474601746,0.28815423412511304,0.22567384677033075,0.22563769767938027,0.20102041794717718,0.0,0.571,0.7340429425239563,0.7702951220231136,0.7221024251153373,0.7220756351124916,0.7039314139864976,0.571
0.8583984375,0.5,0.7005867958068848,0.6019050366837041,0.5254871040653397,0.5254884012117264,0.526363570702922,0.5,0.0,0.2104075402021408,0.28815423412511304,0.08254089621131523,0.08252743107659855,0.07345778958852127,0.0,0.571,0.6808249354362488,0.7702951220231136,0.6226240096093574,0.6226143759618424,0.6161059942708688,0.571
0.8603515625,0.5,0.6815889477729797,0.5000144598592183,0.500025304753632,0.5000253051280654,0.5000253376816273,0.5,0.0,0.1753840148448944,3.681307306054306e-05,6.442148060804804e-05,6.442363794119373e-05,6.461119836864196e-05,0.0,0.571,0.6434409022331238,0.5710231503607646,0.5710405129534715,0.5710405142843444,0.5710406299916019,0.571
0.8623046875,0.5,0.6689897775650024,0.5000144598592183,0.5000180748240229,0.5000180745174198,0.5000180478610674,0.5,0.0,0.14962375164031982,3.681307306054306e-05,4.6016008642796536e-05,4.6014826715872656e-05,4.59120689447558e-05,0.0,0.571,0.6201315522193909,0.5710231503607646,0.5710289379086059,0.5710289371739308,0.5710288733006276,0.571
0.8642578125,0.5,0.6378235816955566,0.5000144598592183,0.5000108448944137,0.5000108447696026,0.5000108339184153,0.5,0.0,0.1331263780593872,3.681307306054306e-05,2.761000440802294e-05,2.7609285266988857e-05,2.754676251204917e-05,0.0,0.571,0.60921311378479,0.5710231503607646,0.5710173627959836,0.571017362352354,0.5710173237828062,0.571
0.8662109375,0.5,0.601036787033081,0.5000144598592183,0.5000036149648046,0.5000036150217856,0.5000036199757634,0.5,0.0,0.12566302716732025,3.681307306054306e-05,9.203467880637754e-06,9.203211552260901e-06,9.180926138109701e-06,0.0,0.571,0.5757879018783569,0.5710231503607646,0.5710057876156016,0.571005787463021,0.5710057741975247,0.571
0.8681640625,0.5,0.5714991092681885,0.5,0.5,0.5,0.5,0.5,0.0,0.12681427597999573,0.0,0.0,0.0,0.0,0.0,0.571,0.5498901009559631,0.571,0.571,0.571,0.571,0.571
0.8701171875,0.5,0.5485879778862,0.5,0.5,0.5,0.5,0.5,0.0,0.13598774373531342,0.0,0.0,0.0,0.0,0.0,0.571,0.5314100384712219,0.571,0.571,0.571,0.571,0.571
0.8720703125,0.5,0.5317341685295105,0.5,0.5,0.5,0.5,0.5,0.0,0.15241630375385284,0.0,0.0,0.0,0.0,0.0,0.571,0.5192113518714905,0.571,0.571,0.571,0.571,0.571
0.8740234375,0.5,0.520405650138855,0.5,0.5,0.5,0.5,0.5,0.0,0.17514118552207947,0.0,0.0,0.0,0.0,0.0,0.571,0.5124262571334839,0.571,0.571,0.571,0.571,0.571
0.8759765625,0.5,0.5140695571899414,0.5,0.5,0.5,0.5,0.5,0.0,0.17897756397724152,0.0,0.0,0.0,0.0,0.0,0.571,0.5103365778923035,0.571,0.571,0.571,0.571,0.571
0.8779296875,0.5,0.5121403336524963,0.5,0.5,0.5,0.5,0.5,0.0,0.1780659556388855,0.0,0.0,0.0,0.0,0.0,0.571,0.5122604370117188,0.571,0.571,0.571,0.571,0.571
0.8798828125,0.5,0.5139143466949463,0.5,0.5,0.5,0.5,0.5,0.0,0.1810472011566162,0.0,0.0,0.0,0.0,0.0,0.571,0.5174245834350586,0.571,0.571,0.571,0.571,0.571
0.8818359375,0.5,0.5185133218765259,0.5,0.5,0.5,0.5,0.5,0.0,0.18675467371940613,0.0,0.0,0.0,0.0,0.0,0.571,0.5248358249664307,0.571,0.571,0.571,0.571,0.571
0.8837890625,0.5,0.5248705148696899,0.5,0.5,0.5,0.5,0.5,0.0,0.19365757703781128,0.0,0.0,0.0,0.0,0.0,0.571,0.5331916809082031,0.571,0.571,0.571,0.571,0.571
0.8857421875,0.5,0.5317913293838501,0.5,0.5,0.5,0.5,0.5,0.0,0.19990621507167816,0.0,0.0,0.0,0.0,0.0,0.571,0.540903627872467,0.571,0.571,0.571,0.571,0.571
0.8876953125,0.5,0.538093090057373,0.5,0.5,0.5,0.5,0.5,0.0,0.203549325466156,0.0,0.0,0.0,0.0,0.0,0.571,0.5462817549705505,0.571,0.571,0.571,0.571,0.571
0.8896484375,0.5,0.5427864193916321,0.5,0.5,0.5,0.5,0.5,0.0,0.20289234817028046,0.0,0.0,0.0,0.0,0.0,0.571,0.5478693842887878,0.571,0.571,0.571,0.571,0.571
0.8916015625,0.5,0.5452317595481873,0.5,0.5,0.5,0.5,0.5,0.0,0.19687619805335999,0.0,0.0,0.0,0.0,0.0,0.571,0.5448116064071655,0.571,0.571,0.571,0.571,0.571
0.8935546875,0.5,0.5452237129211426,0.5,0.5,0.5,0.5,0.5,0.0,0.18534553050994873,0.0,0.0,0.0,0.0,0.0,0.571,0.5371100306510925,0.571,0.571,0.571,0.571,0.571
0.8955078125,0.5,0.5429831743240356,0.5,0.5,0.5,0.5,0.5,0.0,0.16910019516944885,0.0,0.0,0.0,0.0,0.0,0.571,0.5256384611129761,0.571,0.571,0.571,0.571,0.571
0.8974609375,0.5,0.5390743017196655,0.5,0.5,0.5,0.5,0.5,0.0,0.14971314370632172,0.0,0.0,0.0,0.0,0.0,0.571,0.511914849281311,0.571,0.571,0.571,0.571,0.571
0.8994140625,0.5,0.5342786312103271,0.5,0.5,0.5,0.5,0.5,0.0,0.12917718291282654,0.0,0.0,0.0,0.0,0.0,0.571,0.4977322518825531,0.571,0.571,0.571,0.571,0.571
0.9013671875,0.5,0.5294522047042847,0.5,0.5,0.5,0.5,0.5,0.0,0.10949698090553284,0.0,0.0,0.0,0.0,0.0,0.571,0.484793484210968,0.571,0.571,0.571,0.571,0.571
0.9033203125,0.5,0.5254027843475342,0.5,0.5,0.5,0.5,0.5,0.0,0.09235794842243195,0.0,0.0,0.0,0.0,0.0,0.571,0.47447413206100464,0.571,0.571,0.571,0.571,0.571
0.9052734375,0.5,0.5228062272071838,0.5,0.5,0.5,0.5,0.5,0.0,0.07895135879516602,0.0,0.0,0.0,0.0,0.0,0.571,0.4677419662475586,0.571,0.571,0.571,0.571,0.571
0.9072265625,0.5,0.5221696496009827,0.5,0.5,0.5,0.5,0.5,0.0,0.06995758414268494,0.0,0.0,0.0,0.0,0.0,0.571,0.4651997983455658,0.571,0.571,0.571,0.571,0.571
0.9091796875,0.5,0.5238311290740967,0.5,0.5,0.5,0.5,0.5,0.0,0.06563504040241241,0.0,0.0,0.0,0.0,0.0,0.571,0.4671801030635834,0.571,0.571,0.571,0.571,0.571
0.9111328125,0.5,0.5279815196990967,0.5,0.5,0.5,0.5,0.5,0.0,0.06594310700893402,0.0,0.0,0.0,0.0,0.0,0.571,0.47384124994277954,0.571,0.571,0.571,0.571,0.571
0.9130859375,0.5,0.5346935987472534,0.5,0.5,0.5,0.5,0.5,0.0,0.07065330445766449,0.0,0.0,0.0,0.0,0.0,0.571,0.48523375391960144,0.571,0.571,0.571,0.571,0.571
0.9150390625,0.5,0.5439456105232239,0.5,0.5,0.5,0.5,0.5,0.0,0.07942615449428558,0.0,0.0,0.0,0.0,0.0,0.571,0.5013349056243896,0.571,0.571,0.571,0.571,0.571
0.9169921875,0.5,0.5556337237358093,0.5,0.5,0.5,0.5,0.5,0.0,0.09185624122619629,0.0,0.0,0.0,0.0,0.0,0.571,0.522056519985199,0.571,0.571,0.571,0.571,0.571
0.9189453125,0.5,0.569560170173645,0.5,0.5,0.5,0.5,0.5,0.0,0.10747943818569183,0.0,0.0,0.0,0.0,0.0,0.571,0.5472237467765808,0.571,0.571,0.571,0.571,0.571
0.9208984375,0.5,0.5853984951972961,0.5,0.5,0.5,0.5,0.5,0.0,0.12574933469295502,0.0,0.0,0.0,0.0,0.0,0.571,0.5935571789741516,0.571,0.571,0.571,0.571,0.571
0.9228515625,0.5,0.6026366353034973,0.5,0.5,0.5,0.5,0.5,0.0,0.1459800750017166,0.0,0.0,0.0,0.0,0.0,0.571,0.6673768758773804,0.571,0.571,0.571,0.571,0.571
0.9248046875,0.5,0.620520293712616,0.5,0.5,0.5,0.5,0.5,0.0,0.16727744042873383,0.0,0.0,0.0,0.0,0.0,0.571,0.768709123134613,0.571,0.571,0.571,0.571,0.571
0.9267578125,0.5,0.6380295157432556,0.5,0.5,0.5,0.5,0.5,0.0,0.215672105550766,0.0,0.0,0.0,0.0,0.0,0.571,0.8990244269371033,0.571,0.571,0.571,0.571,0.571
0.9287109375,0.5,0.6847784519195557,0.5,0.5,0.5,0.5,0.5,0.0,0.293854296207428,0.0,0.0,0.0,0.0,0.0,0.571,1.0503640174865723,0.571,0.571,0.571,0.571,0.571
0.9306640625,0.5,0.7517343163490295,0.5,0.5,0.5,0.5,0.5,0.0,0.3639332056045532,0.0,0.0,0.0,0.0,0.0,0.571,1.149402379989624,0.571,0.571,0.571,0.571,0.571
0.9326171875,0.5,0.8085616230964661,0.5,0.5,0.5,0.5,0.5,0.0,0.419869601726532,0.0,0.0,0.0,0.0,0.0,0.571,1.2177778482437134,0.571,0.571,0.571,0.571,0.571
0.9345703125,0.5,0.8485438823699951,0.5,0.5,0.5,0.5,0.5,0.0,0.4590648412704468,0.0,0.0,0.0,0.0,0.0,0.571,1.2700563669204712,0.571,0.571,0.571,0.571,0.571
0.9365234375,0.5,0.8680159449577332,0.5,0.5,0.5,0.5,0.5,0.0,0.48109206557273865,0.0,0.0,0.0,0.0,0.0,0.571,1.3012713193893433,0.571,0.571,0.571,0.571,0.571
0.9384765625,0.5,0.8658731579780579,0.5,0.5,0.5,0.5,0.5,0.0,0.4863260090351105,0.0,0.0,0.0,0.0,0.0,0.571,1.3082259893417358,0.571,0.571,0.571,0.571,0.571
0.9404296875,0.5,0.8429298400878906,0.5,0.5,0.5,0.5,0.5,0.0,0.4751843810081482,0.0,0.0,0.0,0.0,0.0,0.571,1.289323091506958,0.571,0.571,0.571,0.571,0.571
0.9423828125,0.5,0.8016241788864136,0.5,0.5,0.5,0.5,0.5,0.0,0.44797664880752563,0.0,0.0,0.0,0.0,0.0,0.571,1.2445183992385864,0.571,0.571,0.571,0.571,0.571
0.9443359375,0.5,0.7460184693336487,0.5,0.5,0.5,0.5,0.5,0.0,0.4052044153213501,0.0,0.0,0.0,0.0,0.0,0.571,1.175742745399475,0.571,0.571,0.571,0.571,0.571
0.9462890625,0.5,0.6817747354507446,0.5,0.5,0.5,0.5,0.5,0.0,0.3482000529766083,0.0,0.0,0.0,0.0,0.0,0.571,1.08759343624115,0.571,0.571,0.571,0.571,0.571
0.9482421875,0.5,0.6156615018844604,0.5,0.5,0.5,0.5,0.5,0.0,0.2798945903778076,0.0,0.0,0.0,0.0,0.0,0.571,0.9875249862670898,0.571,0.571,0.571,0.571,0.571
0.9501953125,0.5,0.554291307926178,0.5,0.5,0.5,0.5,0.5,0.0,0.20521080493927002,0.0,0.0,0.0,0.0,0.0,0.571,0.8847720623016357,0.571,0.571,0.571,0.571,0.571
0.9521484375,0.5,0.5207353830337524,0.5,0.5,0.5,0.5,0.5,0.0,0.13044212758541107,0.0,0.0,0.0,0.0,0.0,0.571,0.7881599068641663,0.571,0.571,0.571,0.571,0.571
0.9541015625,0.5,0.49905523657798767,0.5,0.5,0.5,0.5,0.5,0.0,0.10625208914279938,0.0,0.0,0.0,0.0,0.0,0.571,0.7040088772773743,0.571,0.571,0.571,0.571,0.571
0.9560546875,0.5,0.4801958203315735,0.5,0.5,0.5,0.5,0.5,0.0,0.09102113544940948,0.0,0.0,0.0,0.0,0.0,0.571,0.6353365778923035,0.571,0.571,0.571,0.571,0.571
0.9580078125,0.5,0.46445855498313904,0.5,0.5,0.5,0.5,0.5,0.0,0.07811367511749268,0.0,0.0,0.0,0.0,0.0,0.571,0.5824264287948608,0.571,0.571,0.571,0.571,0.571
0.9599609375,0.5,0.45186150074005127,0.5,0.5,0.5,0.5,0.5,0.0,0.06749530136585236,0.0,0.0,0.0,0.0,0.0,0.571,0.54398113489151,0.571,0.571,0.571,0.571,0.571
0.9619140625,0.5,0.44220441579818726,0.5,0.5,0.5,0.5,0.5,0.0,0.05892159044742584,0.0,0.0,0.0,0.0,0.0,0.571,0.5181259512901306,0.571,0.571,0.571,0.571,0.571
0.9638671875,0.5,0.4351358711719513,0.5,0.5,0.5,0.5,0.5,0.0,0.052005231380462646,0.0,0.0,0.0,0.0,0.0,0.571,0.5030050873756409,0.571,0.571,0.571,0.571,0.571
0.9658203125,0.5,0.4302106201648712,0.5,0.5,0.5,0.5,0.5,0.0,0.046289294958114624,0.0,0.0,0.0,0.0,0.0,0.571,0.49703213572502136,0.571,0.571,0.571,0.571,0.571
0.9677734375,0.5,0.42693376541137695,0.5,0.5,0.5,0.5,0.5,0.0,0.041320815682411194,0.0,0.0,0.0,0.0,0.0,0.571,0.49894165992736816,0.571,0.571,0.571,0.571,0.571
0.9697265625,0.5,0.4247909188270569,0.5,0.5,0.5,0.5,0.5,0.0,0.03671404719352722,0.0,0.0,0.0,0.0,0.0,0.571,0.5077546834945679,0.571,0.571,0.571,0.571,0.571
0.9716796875,0.5,0.423271507024765,0.5,0.5,0.5,0.5,0.5,0.0,0.03220781683921814,0.0,0.0,0.0,0.0,0.0,0.571,0.5227127075195312,0.571,0.571,0.571,0.571,0.571
0.9736328125,0.5,0.4218921661376953,0.5,0.5,0.5,0.5,0.5,0.0,0.027707546949386597,0.0,0.0,0.0,0.0,0.0,0.571,0.5408815741539001,0.571,0.571,0.571,0.571,0.571
0.9755859375,0.5,0.4202253520488739,0.5,0.5,0.5,0.5,0.5,0.0,0.02330726385116577,0.0,0.0,0.0,0.0,0.0,0.571,0.5423558354377747,0.571,0.571,0.571,0.571,0.571
0.9775390625,0.5,0.4179365932941437,0.5,0.5,0.5,0.5,0.5,0.0,0.019284933805465698,0.0,0.0,0.0,0.0,0.0,0.571,0.5468088984489441,0.571,0.571,0.571,0.571,0.571
0.9794921875,0.5,0.41482892632484436,0.5,0.5,0.5,0.5,0.5,0.0,0.01607385277748108,0.0,0.0,0.0,0.0,0.0,0.571,0.5541573166847229,0.571,0.571,0.571,0.571,0.571
0.9814453125,0.5,0.4108877182006836,0.5,0.5,0.5,0.5,0.5,0.0,0.014221757650375366,0.0,0.0,0.0,0.0,0.0,0.571,0.5645577311515808,0.571,0.571,0.571,0.571,0.571
0.9833984375,0.5,0.40631794929504395,0.5,0.5,0.5,0.5,0.5,0.0,0.014357268810272217,0.0,0.0,0.0,0.0,0.0,0.571,0.5784521102905273,0.571,0.571,0.571,0.571,0.571
0.9853515625,0.5,0.4015600383281708,0.5,0.5,0.5,0.5,0.5,0.0,0.017168819904327393,0.0,0.0,0.0,0.0,0.0,0.571,0.596586287021637,0.571,0.571,0.571,0.571,0.571
0.9873046875,0.5,0.3972715735435486,0.5,0.5,0.5,0.5,0.5,0.0,0.023382514715194702,0.0,0.0,0.0,0.0,0.0,0.571,0.6199738383293152,0.571,0.571,0.571,0.571,0.571
0.9892578125,0.5,0.3942652940750122,0.5,0.5,0.5,0.5,0.5,0.0,0.03371405601501465,0.0,0.0,0.0,0.0,0.0,0.571,0.6497911214828491,0.571,0.571,0.571,0.571,0.571
0.9912109375,0.5,0.39340686798095703,0.5,0.5,0.5,0.5,0.5,0.0,0.04876750707626343,0.0,0.0,0.0,0.0,0.0,0.571,0.6872038245201111,0.571,0.571,0.571,0.571,0.571
0.9931640625,0.5,0.39548206329345703,0.5,0.5,0.5,0.5,0.5,0.0,0.0688747763633728,0.0,0.0,0.0,0.0,0.0,0.571,0.7331408858299255,0.571,0.571,0.571,0.571,0.571
0.9951171875,0.5,0.40104877948760986,0.5,0.5,0.5,0.5,0.5,0.0,0.09390342235565186,0.0,0.0,0.0,0.0,0.0,0.571,0.7880498766899109,0.571,0.571,0.571,0.571,0.571
0.9970703125,0.5,0.4102916419506073,0.5,0.5,0.5,0.5,0.5,0.0,0.12308590114116669,0.0,0.0,0.0,0.0,0.0,0.571,0.8516752123832703,0.571,0.571,0.571,0.571,0.571
0.9990234375,0.5,0.4229092299938202,0.5,0.5,0.5,0.5,0.5,0.0,0.13298793137073517,0.0,0.0,0.0,0.0,0.0,0.571,0.9078132510185242,0.571,0.571,0.571,0.571,0.571
